"DT_GERACAO";"HH_GERACAO";"ANO_ELEICAO";"CD_TIPO_ELEICAO";"NM_TIPO_ELEICAO";"CD_ELEICAO";"DS_ELEICAO";"DT_ELEICAO";"SG_UF";"SG_UE";"NM_UE";"SQ_CANDIDATO";"NR_ORDEM_BEM_CANDIDATO";"CD_TIPO_BEM_CANDIDATO";"DS_TIPO_BEM_CANDIDATO";"DS_BEM_CANDIDATO";"VR_BEM_CANDIDATO";"DT_ULT_ATUAL_BEM_CANDIDATO";"HH_ULT_ATUAL_BEM_CANDIDATO"
"04/08/2026";"19:30:07";2026;2;"Eleição Ordinária";6259;"Eleições Gerais Estaduais 2026";"04/10/2026";"CE";"CE";"CEARÁ";60002531351;1;97;"VGBL - Vida Gerador de Benefício Livre";"VGBL NO BRASIL PREV SEGUROS E PREVIDÊNCIAS EM NOME DO DEPENDENTE";"53676,49";"04/08/2026";"17:11:51"
"04/08/2026";"19:30:07";2026;2;"Eleição Ordinária";6259;"Eleições Gerais Estaduais 2026";"04/10/2026";"CE";"CE";"CEARÁ";60002531351;2;39;"Outras participações societárias";"100% DE PARTICIAPAÇÃO NA EMPRESA NEWSLETTERS";"12000,00";"04/08/2026";"17:11:51"
"04/08/2026";"19:30:07";2026;2;"Eleição Ordinária";6259;"Eleições Gerais Estaduais 2026";"04/10/2026";"CE";"CE";"CEARÁ";60002531351;3;11;"Apartamento";"APARTAMENTO";"889375,65";"04/08/2026";"17:11:51"
"04/08/2026";"19:30:07";2026;2;"Eleição Ordinária";6259;"Eleições Gerais Estaduais 2026";"04/10/2026";"CE";"CE";"CEARÁ";60002531351;5;39;"Outras participações societárias";"100% DE PARTICIAPAÇÃO NA EMPRESA CIRO GOMES SOCIEDADE INDIVIDUAL DE ADAVOCACIA";"50000,00";"04/08/2026";"17:11:51"
"04/08/2026";"19:30:07";2026;2;"Eleição Ordinária";6259;"Eleições Gerais Estaduais 2026";"04/10/2026";"CE";"CE";"CEARÁ";60002531351;6;51;"Crédito decorrente de empréstimo";"CRÉDIDO DECORRENTE DE EMPRÉSTIMO A SOCIEDADE CIRO GOMES SOCIEDADE INDIVIDUAL DE ADVOCACIA";"0,00";"04/08/2026";"17:11:51"
"04/08/2026";"19:30:07";2026;2;"Eleição Ordinária";6259;"Eleições Gerais Estaduais 2026";"04/10/2026";"CE";"CE";"CEARÁ";60002531351;4;11;"Apartamento";"APARTAMENTO";"381202,90";"04/08/2026";"17:11:51"
"04/08/2026";"19:30:07";2026;2;"Eleição Ordinária";6259;"Eleições Gerais Estaduais 2026";"04/10/2026";"CE";"CE";"CEARÁ";60002531351;9;21;"Veículo automotor terrestre: caminhão, automóvel, moto, etc.";"VEÍCULO TOYOTA HILUX SW4";"105000,00";"04/08/2026";"17:11:51"
"04/08/2026";"19:30:07";2026;2;"Eleição Ordinária";6259;"Eleições Gerais Estaduais 2026";"04/10/2026";"CE";"CE";"CEARÁ";60002531351;7;99;"OUTROS BENS E DIREITOS";"1/5 DE 01(UM) IMÓVEL RESIDENCIAL";"160000,00";"04/08/2026";"17:11:51"
"04/08/2026";"19:30:07";2026;2;"Eleição Ordinária";6259;"Eleições Gerais Estaduais 2026";"04/10/2026";"CE";"CE";"CEARÁ";60002531351;8;99;"OUTROS BENS E DIREITOS";"VALORES NA POSSE DA SRA. MARIA LUIZA GURGEL SERPA PARA PAGAMENTO DE DESPESAS";"19771,22";"04/08/2026";"17:11:51"
"04/08/2026";"19:30:07";2026;2;"Eleição Ordinária";6259;"Eleições Gerais Estaduais 2026";"04/10/2026";"CE";"CE";"CEARÁ";60002531351;10;21;"Veículo automotor terrestre: caminhão, automóvel, moto, etc.";"VEÍCULO HYUNDAI ELANTRA";"85000,00";"04/08/2026";"17:11:51"
"04/08/2026";"19:30:07";2026;2;"Eleição Ordinária";6259;"Eleições Gerais Estaduais 2026";"04/10/2026";"CE";"CE";"CEARÁ";60002531352;1;21;"Veículo automotor terrestre: caminhão, automóvel, moto, etc.";"VEÍCULO TOYOTA HILUX";"374600,00";"04/08/2026";"17:11:51"
"04/08/2026";"19:30:07";2026;2;"Eleição Ordinária";6259;"Eleições Gerais Estaduais 2026";"04/10/2026";"CE";"CE";"CEARÁ";60002531351;11;61;"Depósito bancário em conta corrente no País";"CONTA CORRENTE BB";"622,68";"04/08/2026";"17:11:51"
"04/08/2026";"19:30:07";2026;2;"Eleição Ordinária";6259;"Eleições Gerais Estaduais 2026";"04/10/2026";"CE";"CE";"CEARÁ";60002531352;2;39;"Outras participações societárias";"PARCIPAÇÃO NA EMPRESA RCE CONSULTORIA EMPRESARIAL LTDA";"9900,00";"04/08/2026";"17:11:51"
"04/08/2026";"19:30:07";2026;2;"Eleição Ordinária";6259;"Eleições Gerais Estaduais 2026";"04/10/2026";"CE";"CE";"CEARÁ";60002531352;3;61;"Depósito bancário em conta corrente no País";"BRADESCO";"2,00";"04/08/2026";"17:11:51"
"04/08/2026";"19:30:07";2026;2;"Eleição Ordinária";6259;"Eleições Gerais Estaduais 2026";"04/10/2026";"CE";"CE";"CEARÁ";60002531352;4;11;"Apartamento";"APARTAMENTO";"480000,00";"04/08/2026";"17:11:51"
"04/08/2026";"19:30:07";2026;2;"Eleição Ordinária";6259;"Eleições Gerais Estaduais 2026";"04/10/2026";"CE";"CE";"CEARÁ";60002531352;7;97;"VGBL - Vida Gerador de Benefício Livre";"SALDO EM VGBL";"500000,00";"04/08/2026";"17:11:51"
"04/08/2026";"19:30:07";2026;2;"Eleição Ordinária";6259;"Eleições Gerais Estaduais 2026";"04/10/2026";"CE";"CE";"CEARÁ";60002531352;5;61;"Depósito bancário em conta corrente no País";"BANCO DO BRASIL";"0,00";"04/08/2026";"17:11:51"
"04/08/2026";"19:30:07";2026;2;"Eleição Ordinária";6259;"Eleições Gerais Estaduais 2026";"04/10/2026";"CE";"CE";"CEARÁ";60002531352;6;49;"Outras aplicações e Investimentos";"APLICAÇÃO FINANCEIRA BB RF SIMPLES AGIL";"657718,84";"04/08/2026";"17:11:51"
"04/08/2026";"19:30:07";2026;2;"Eleição Ordinária";6259;"Eleições Gerais Estaduais 2026";"04/10/2026";"CE";"CE";"CEARÁ";60002532448;1;21;"Veículo automotor terrestre: caminhão, automóvel, moto, etc.";"CARRO JEEP RENEGADE";"65000,00";"04/08/2026";"17:11:53"
"04/08/2026";"19:30:07";2026;2;"Eleição Ordinária";6259;"Eleições Gerais Estaduais 2026";"04/10/2026";"CE";"CE";"CEARÁ";60002531352;8;99;"OUTROS BENS E DIREITOS";"SALDO EM CARTÕES";"1317,66";"04/08/2026";"17:11:51"
"04/08/2026";"19:30:07";2026;2;"Eleição Ordinária";6259;"Eleições Gerais Estaduais 2026";"04/10/2026";"CE";"CE";"CEARÁ";60002531352;9;49;"Outras aplicações e Investimentos";"BRADESCO";"164994,90";"04/08/2026";"17:11:51"
"04/08/2026";"19:30:07";2026;2;"Eleição Ordinária";6259;"Eleições Gerais Estaduais 2026";"04/10/2026";"CE";"CE";"CEARÁ";60002532451;2;21;"Veículo automotor terrestre: caminhão, automóvel, moto, etc.";"VEICULO AUTOMOTOR TOYOTA COROLLA";"50000,00";"04/08/2026";"17:11:53"
"04/08/2026";"19:30:07";2026;2;"Eleição Ordinária";6259;"Eleições Gerais Estaduais 2026";"04/10/2026";"CE";"CE";"CEARÁ";60002532448;2;11;"Apartamento";"APARTAMENTO";"110000,00";"04/08/2026";"17:11:53"
"04/08/2026";"19:30:07";2026;2;"Eleição Ordinária";6259;"Eleições Gerais Estaduais 2026";"04/10/2026";"CE";"CE";"CEARÁ";60002532451;1;11;"Apartamento";"APARTAMENTO NA CAUCAIA";"250000,00";"04/08/2026";"17:11:53"
"04/08/2026";"19:30:07";2026;2;"Eleição Ordinária";6259;"Eleições Gerais Estaduais 2026";"04/10/2026";"CE";"CE";"CEARÁ";60002532451;3;21;"Veículo automotor terrestre: caminhão, automóvel, moto, etc.";"VEICULO AUTOMOTOR CHEVROLET ONIX";"65000,00";"04/08/2026";"17:11:53"
"04/08/2026";"19:30:07";2026;2;"Eleição Ordinária";6259;"Eleições Gerais Estaduais 2026";"04/10/2026";"CE";"CE";"CEARÁ";60002532455;1;11;"Apartamento";"APARTAMENTO";"400000,00";"04/08/2026";"17:11:53"
"04/08/2026";"19:30:07";2026;2;"Eleição Ordinária";6259;"Eleições Gerais Estaduais 2026";"04/10/2026";"CE";"CE";"CEARÁ";60002532456;1;11;"Apartamento";"IMÓVEL RURAL PROGRAMA MINHA CASA MINHA VIDA";"15000,00";"04/08/2026";"17:11:53"
"04/08/2026";"19:30:07";2026;2;"Eleição Ordinária";6259;"Eleições Gerais Estaduais 2026";"04/10/2026";"CE";"CE";"CEARÁ";60002532457;1;24;"Bem relacionado com o exercício da atividade autônoma";"BEM RELACIONADO COM O EXERCICIO DA ATIVIDADE AUTONOMA";"700000,00";"04/08/2026";"17:11:53"
"04/08/2026";"19:30:07";2026;2;"Eleição Ordinária";6259;"Eleições Gerais Estaduais 2026";"04/10/2026";"CE";"CE";"CEARÁ";60002532459;1;61;"Depósito bancário em conta corrente no País";"DEPOSITO BANCARIO EM CONTA CORRENTE NO PAIS";"2919,61";"04/08/2026";"17:11:53"
"04/08/2026";"19:30:07";2026;2;"Eleição Ordinária";6259;"Eleições Gerais Estaduais 2026";"04/10/2026";"CE";"CE";"CEARÁ";60002532457;2;12;"Casa";"CASA";"300000,00";"04/08/2026";"17:11:53"
"04/08/2026";"19:30:07";2026;2;"Eleição Ordinária";6259;"Eleições Gerais Estaduais 2026";"04/10/2026";"CE";"CE";"CEARÁ";60002532461;1;21;"Veículo automotor terrestre: caminhão, automóvel, moto, etc.";"MOTO CG TITAN VERDE ANO 2002";"5000,00";"04/08/2026";"17:11:53"
"04/08/2026";"19:30:07";2026;2;"Eleição Ordinária";6259;"Eleições Gerais Estaduais 2026";"04/10/2026";"CE";"CE";"CEARÁ";60002532459;2;61;"Depósito bancário em conta corrente no País";"DEPOSITO BANCARIO EM CONTA CORRENTE NO PAIS";"3685,75";"04/08/2026";"17:11:53"
"04/08/2026";"19:30:07";2026;2;"Eleição Ordinária";6259;"Eleições Gerais Estaduais 2026";"04/10/2026";"CE";"CE";"CEARÁ";60002532459;3;61;"Depósito bancário em conta corrente no País";"DEPOSITO BANCARIO EM CONTA CORRENTE NO PAIS";"1562,85";"04/08/2026";"17:11:53"
"04/08/2026";"19:30:07";2026;2;"Eleição Ordinária";6259;"Eleições Gerais Estaduais 2026";"04/10/2026";"CE";"CE";"CEARÁ";60002532461;2;21;"Veículo automotor terrestre: caminhão, automóvel, moto, etc.";"FIAT UNO DUAS PORTAS 2012 COR PRETO";"12000,00";"04/08/2026";"17:11:53"
"04/08/2026";"19:30:07";2026;2;"Eleição Ordinária";6259;"Eleições Gerais Estaduais 2026";"04/10/2026";"CE";"CE";"CEARÁ";60002532463;1;19;"Outros bens imóveis";"IMÓVEL DA VILLAGIO MARAPONGA";"105000,00";"04/08/2026";"17:11:49"
"04/08/2026";"19:30:07";2026;2;"Eleição Ordinária";6259;"Eleições Gerais Estaduais 2026";"04/10/2026";"CE";"CE";"CEARÁ";60002532463;2;13;"Terreno";"TERRENO NO PARACURU";"37475,84";"04/08/2026";"17:11:49"
"04/08/2026";"19:30:07";2026;2;"Eleição Ordinária";6259;"Eleições Gerais Estaduais 2026";"04/10/2026";"CE";"CE";"CEARÁ";60002532464;2;24;"Bem relacionado com o exercício da atividade autônoma";"CONTA REGISTRO DO FLUXO DE PAGAMENTO";"4512,28";"04/08/2026";"17:11:53"
"04/08/2026";"19:30:07";2026;2;"Eleição Ordinária";6259;"Eleições Gerais Estaduais 2026";"04/10/2026";"CE";"CE";"CEARÁ";60002532463;3;21;"Veículo automotor terrestre: caminhão, automóvel, moto, etc.";"VEICULO AUTOMOTOR TOYOTA HILUX SWSEXA4FD";"90551,81";"04/08/2026";"17:11:49"
"04/08/2026";"19:30:07";2026;2;"Eleição Ordinária";6259;"Eleições Gerais Estaduais 2026";"04/10/2026";"CE";"CE";"CEARÁ";60002532464;1;61;"Depósito bancário em conta corrente no País";"SALDO EM CONTA";"1,00";"04/08/2026";"17:11:53"
"04/08/2026";"19:30:07";2026;2;"Eleição Ordinária";6259;"Eleições Gerais Estaduais 2026";"04/10/2026";"CE";"CE";"CEARÁ";60002532464;3;21;"Veículo automotor terrestre: caminhão, automóvel, moto, etc.";"VEICULO AUTOMOTOR C3 XTR";"90456,32";"04/08/2026";"17:11:53"
"04/08/2026";"19:30:07";2026;2;"Eleição Ordinária";6259;"Eleições Gerais Estaduais 2026";"04/10/2026";"CE";"CE";"CEARÁ";60002532464;4;21;"Veículo automotor terrestre: caminhão, automóvel, moto, etc.";"MOTO HALEI";"40000,00";"04/08/2026";"17:11:53"
"04/08/2026";"19:30:07";2026;2;"Eleição Ordinária";6259;"Eleições Gerais Estaduais 2026";"04/10/2026";"CE";"CE";"CEARÁ";60002532464;5;41;"Caderneta de poupança";"SALDO NO FINAL DO ANO";"96,26";"04/08/2026";"17:11:53"
"04/08/2026";"19:30:07";2026;2;"Eleição Ordinária";6259;"Eleições Gerais Estaduais 2026";"04/10/2026";"CE";"CE";"CEARÁ";60002532464;7;61;"Depósito bancário em conta corrente no País";"SALDO EM CONTA";"1783,91";"04/08/2026";"17:11:53"
"04/08/2026";"19:30:07";2026;2;"Eleição Ordinária";6259;"Eleições Gerais Estaduais 2026";"04/10/2026";"CE";"CE";"CEARÁ";60002532464;8;11;"Apartamento";"APARTAMENTO RESIDENCIAL";"120000,00";"04/08/2026";"17:11:53"
"04/08/2026";"19:30:07";2026;2;"Eleição Ordinária";6259;"Eleições Gerais Estaduais 2026";"04/10/2026";"CE";"CE";"CEARÁ";60002532464;6;45;"Aplicação de renda fixa (CDB, RDB e outros)";"CDB BRADESCO";"27749,49";"04/08/2026";"17:11:53"
"04/08/2026";"19:30:07";2026;2;"Eleição Ordinária";6259;"Eleições Gerais Estaduais 2026";"04/10/2026";"CE";"CE";"CEARÁ";60002532465;1;13;"Terreno";"TERRENO PRÓPRIO PARA EDIFICAÇÃO";"40000,00";"04/08/2026";"17:11:49"
"04/08/2026";"19:30:07";2026;2;"Eleição Ordinária";6259;"Eleições Gerais Estaduais 2026";"04/10/2026";"CE";"CE";"CEARÁ";60002532464;9;15;"Sala ou conjunto";"SALA PARA CONSULTÓRIO MÉDICO";"53376,00";"04/08/2026";"17:11:53"
"04/08/2026";"19:30:07";2026;2;"Eleição Ordinária";6259;"Eleições Gerais Estaduais 2026";"04/10/2026";"CE";"CE";"CEARÁ";60002532464;10;63;"Dinheiro em espécie - moeda nacional";"DINHEIRO EM ESPÉCIE";"250000,00";"04/08/2026";"17:11:53"
"04/08/2026";"19:30:07";2026;2;"Eleição Ordinária";6259;"Eleições Gerais Estaduais 2026";"04/10/2026";"CE";"CE";"CEARÁ";60002532465;3;13;"Terreno";"TERRENO VAGO";"8094,22";"04/08/2026";"17:11:49"
"04/08/2026";"19:30:07";2026;2;"Eleição Ordinária";6259;"Eleições Gerais Estaduais 2026";"04/10/2026";"CE";"CE";"CEARÁ";60002532465;2;13;"Terreno";"TERRENO VAGO";"22500,00";"04/08/2026";"17:11:49"
"04/08/2026";"19:30:07";2026;2;"Eleição Ordinária";6259;"Eleições Gerais Estaduais 2026";"04/10/2026";"CE";"CE";"CEARÁ";60002532465;4;13;"Terreno";"TERRENO PARA EDIFICAÇÃO";"30566,00";"04/08/2026";"17:11:49"
"04/08/2026";"19:30:07";2026;2;"Eleição Ordinária";6259;"Eleições Gerais Estaduais 2026";"04/10/2026";"CE";"CE";"CEARÁ";60002532465;7;13;"Terreno";"TERRENO PRÓPRIO PARA EDIFICAÇÃO";"26367,46";"04/08/2026";"17:11:49"
"04/08/2026";"19:30:07";2026;2;"Eleição Ordinária";6259;"Eleições Gerais Estaduais 2026";"04/10/2026";"CE";"CE";"CEARÁ";60002532465;6;13;"Terreno";"TERRENO GLEBA";"21037,50";"04/08/2026";"17:11:49"
"04/08/2026";"19:30:07";2026;2;"Eleição Ordinária";6259;"Eleições Gerais Estaduais 2026";"04/10/2026";"CE";"CE";"CEARÁ";60002532465;5;45;"Aplicação de renda fixa (CDB, RDB e outros)";"APLICAÇÃO DE RENDA FIXA CDB";"140455,85";"04/08/2026";"17:11:49"
"04/08/2026";"19:30:07";2026;2;"Eleição Ordinária";6259;"Eleições Gerais Estaduais 2026";"04/10/2026";"CE";"CE";"CEARÁ";60002532466;2;59;"Outros créditos e poupança vinculados";"POUPANÇA NO BANCO DO BRASIL";"342,90";"04/08/2026";"17:11:53"
"04/08/2026";"19:30:07";2026;2;"Eleição Ordinária";6259;"Eleições Gerais Estaduais 2026";"04/10/2026";"CE";"CE";"CEARÁ";60002532465;8;61;"Depósito bancário em conta corrente no País";"DEPOSITO BANCARIO EM CONTA CORRENTE NO PAÍS";"23069,91";"04/08/2026";"17:11:49"
"04/08/2026";"19:30:07";2026;2;"Eleição Ordinária";6259;"Eleições Gerais Estaduais 2026";"04/10/2026";"CE";"CE";"CEARÁ";60002532466;1;61;"Depósito bancário em conta corrente no País";"SALDO EM CONTA CORRENTE NO BANCO ITAÚ";"1,00";"04/08/2026";"17:11:53"
"04/08/2026";"19:30:07";2026;2;"Eleição Ordinária";6259;"Eleições Gerais Estaduais 2026";"04/10/2026";"CE";"CE";"CEARÁ";60002532466;5;61;"Depósito bancário em conta corrente no País";"SALDO EM CONTA CEF";"7961,70";"04/08/2026";"17:11:53"
"04/08/2026";"19:30:07";2026;2;"Eleição Ordinária";6259;"Eleições Gerais Estaduais 2026";"04/10/2026";"CE";"CE";"CEARÁ";60002532466;3;12;"Casa";"CASA RESIDENCIAL FINANCIADA PELA CEF";"21224,68";"04/08/2026";"17:11:53"
"04/08/2026";"19:30:07";2026;2;"Eleição Ordinária";6259;"Eleições Gerais Estaduais 2026";"04/10/2026";"CE";"CE";"CEARÁ";60002532466;4;45;"Aplicação de renda fixa (CDB, RDB e outros)";"SALDO EM RDB/CDB NO BANCO ITAÚ";"33177,73";"04/08/2026";"17:11:53"
"04/08/2026";"19:30:07";2026;2;"Eleição Ordinária";6259;"Eleições Gerais Estaduais 2026";"04/10/2026";"CE";"CE";"CEARÁ";60002532467;3;61;"Depósito bancário em conta corrente no País";"DEPÓSITO NO BANCO DO BRASIL";"1752,61";"04/08/2026";"17:11:53"
"04/08/2026";"19:30:07";2026;2;"Eleição Ordinária";6259;"Eleições Gerais Estaduais 2026";"04/10/2026";"CE";"CE";"CEARÁ";60002532467;2;61;"Depósito bancário em conta corrente no País";"DEPÓSITO NO BANCO DO BRASIL";"361,42";"04/08/2026";"17:11:53"
"04/08/2026";"19:30:07";2026;2;"Eleição Ordinária";6259;"Eleições Gerais Estaduais 2026";"04/10/2026";"CE";"CE";"CEARÁ";60002532467;1;61;"Depósito bancário em conta corrente no País";"DEPÓSITO NO BANCO DO BRASIL";"6098,65";"04/08/2026";"17:11:53"
"04/08/2026";"19:30:07";2026;2;"Eleição Ordinária";6259;"Eleições Gerais Estaduais 2026";"04/10/2026";"CE";"CE";"CEARÁ";60002532470;1;19;"Outros bens imóveis";"IMÓVEL RESIDENCIAL DUPLEX";"800000,00";"04/08/2026";"17:11:53"
"04/08/2026";"19:30:07";2026;2;"Eleição Ordinária";6259;"Eleições Gerais Estaduais 2026";"04/10/2026";"CE";"CE";"CEARÁ";60002532468;1;11;"Apartamento";"APARTAMENTO";"320000,00";"04/08/2026";"17:11:53"
"04/08/2026";"19:30:07";2026;2;"Eleição Ordinária";6259;"Eleições Gerais Estaduais 2026";"04/10/2026";"CE";"CE";"CEARÁ";60002532471;1;12;"Casa";"CASA";"180000,00";"04/08/2026";"17:11:53"
"04/08/2026";"19:30:07";2026;2;"Eleição Ordinária";6259;"Eleições Gerais Estaduais 2026";"04/10/2026";"CE";"CE";"CEARÁ";60002532966;1;19;"Outros bens imóveis";"CASA COM PONTO COMERCIAL";"790000,00";"04/08/2026";"17:11:54"
"04/08/2026";"19:30:07";2026;2;"Eleição Ordinária";6259;"Eleições Gerais Estaduais 2026";"04/10/2026";"CE";"CE";"CEARÁ";60002532967;1;99;"OUTROS BENS E DIREITOS";"EMPRESA DE EVENTOS";"300000,00";"04/08/2026";"17:11:54"
"04/08/2026";"19:30:07";2026;2;"Eleição Ordinária";6259;"Eleições Gerais Estaduais 2026";"04/10/2026";"CE";"CE";"CEARÁ";60002532968;1;11;"Apartamento";"APARTAMENTO";"260000,00";"04/08/2026";"17:11:54"
"04/08/2026";"19:30:07";2026;2;"Eleição Ordinária";6259;"Eleições Gerais Estaduais 2026";"04/10/2026";"CE";"CE";"CEARÁ";60002532968;4;49;"Outras aplicações e Investimentos";"APLICAÇÕES FINANCEIRAS";"1882040,06";"04/08/2026";"17:11:54"
"04/08/2026";"19:30:07";2026;2;"Eleição Ordinária";6259;"Eleições Gerais Estaduais 2026";"04/10/2026";"CE";"CE";"CEARÁ";60002532968;3;11;"Apartamento";"APARTAMENTO";"220043,52";"04/08/2026";"17:11:54"
"04/08/2026";"19:30:07";2026;2;"Eleição Ordinária";6259;"Eleições Gerais Estaduais 2026";"04/10/2026";"CE";"CE";"CEARÁ";60002532968;2;11;"Apartamento";"APARTAMENTO NA PLANTA";"235554,70";"04/08/2026";"17:11:54"
"04/08/2026";"19:30:07";2026;2;"Eleição Ordinária";6259;"Eleições Gerais Estaduais 2026";"04/10/2026";"CE";"CE";"CEARÁ";60002532968;5;21;"Veículo automotor terrestre: caminhão, automóvel, moto, etc.";"VEICULO AUTOMOTOR TIGGO 7 2025";"141990,00";"04/08/2026";"17:11:54"
"04/08/2026";"19:30:07";2026;2;"Eleição Ordinária";6259;"Eleições Gerais Estaduais 2026";"04/10/2026";"CE";"CE";"CEARÁ";60002532970;1;19;"Outros bens imóveis";"NÃO RESIDENCIAL";"382737,04";"04/08/2026";"17:11:54"
"04/08/2026";"19:30:07";2026;2;"Eleição Ordinária";6259;"Eleições Gerais Estaduais 2026";"04/10/2026";"CE";"CE";"CEARÁ";60002532972;1;12;"Casa";"CASA RESIDENCIAL";"100000,00";"04/08/2026";"17:11:54"
"04/08/2026";"19:30:07";2026;2;"Eleição Ordinária";6259;"Eleições Gerais Estaduais 2026";"04/10/2026";"CE";"CE";"CEARÁ";60002532972;4;21;"Veículo automotor terrestre: caminhão, automóvel, moto, etc.";"AUTOMÓVEL ECOSPORT STORM";"77500,00";"04/08/2026";"17:11:54"
"04/08/2026";"19:30:07";2026;2;"Eleição Ordinária";6259;"Eleições Gerais Estaduais 2026";"04/10/2026";"CE";"CE";"CEARÁ";60002532972;2;21;"Veículo automotor terrestre: caminhão, automóvel, moto, etc.";"AUTOMÓVEL VW PALOMA";"73000,00";"04/08/2026";"17:11:54"
"04/08/2026";"19:30:07";2026;2;"Eleição Ordinária";6259;"Eleições Gerais Estaduais 2026";"04/10/2026";"CE";"CE";"CEARÁ";60002532972;3;21;"Veículo automotor terrestre: caminhão, automóvel, moto, etc.";"MOTO HONDA CB";"24500,00";"04/08/2026";"17:11:54"
"04/08/2026";"19:30:07";2026;2;"Eleição Ordinária";6259;"Eleições Gerais Estaduais 2026";"04/10/2026";"CE";"CE";"CEARÁ";60002532972;5;21;"Veículo automotor terrestre: caminhão, automóvel, moto, etc.";"AUTOMÓVEL CHEVROLET ONIX JOY";"52900,00";"04/08/2026";"17:11:54"
"04/08/2026";"19:30:07";2026;2;"Eleição Ordinária";6259;"Eleições Gerais Estaduais 2026";"04/10/2026";"CE";"CE";"CEARÁ";60002532973;1;19;"Outros bens imóveis";"EMPRESA VLV COMERCIO (50%)";"100000,00";"04/08/2026";"17:11:54"
"04/08/2026";"19:30:07";2026;2;"Eleição Ordinária";6259;"Eleições Gerais Estaduais 2026";"04/10/2026";"CE";"CE";"CEARÁ";60002532973;2;19;"Outros bens imóveis";"EMPRESA V ALVES DE SOUZA";"300000,00";"04/08/2026";"17:11:54"
"04/08/2026";"19:30:07";2026;2;"Eleição Ordinária";6259;"Eleições Gerais Estaduais 2026";"04/10/2026";"CE";"CE";"CEARÁ";60002532973;4;13;"Terreno";"TERRENO EM QUIXADÁ";"35000,00";"04/08/2026";"17:11:54"
"04/08/2026";"19:30:07";2026;2;"Eleição Ordinária";6259;"Eleições Gerais Estaduais 2026";"04/10/2026";"CE";"CE";"CEARÁ";60002532973;5;19;"Outros bens imóveis";"EMPRESA VL CAPITAL";"100000,00";"04/08/2026";"17:11:54"
"04/08/2026";"19:30:07";2026;2;"Eleição Ordinária";6259;"Eleições Gerais Estaduais 2026";"04/10/2026";"CE";"CE";"CEARÁ";60002532973;3;13;"Terreno";"TERRENO EM SOBRAL";"68000,00";"04/08/2026";"17:11:54"
"04/08/2026";"19:30:07";2026;2;"Eleição Ordinária";6259;"Eleições Gerais Estaduais 2026";"04/10/2026";"CE";"CE";"CEARÁ";60002532973;8;19;"Outros bens imóveis";"EMPRESA DIREITO MINERÁRIO (LADE SOUSA 20%)";"2030,00";"04/08/2026";"17:11:54"
"04/08/2026";"19:30:07";2026;2;"Eleição Ordinária";6259;"Eleições Gerais Estaduais 2026";"04/10/2026";"CE";"CE";"CEARÁ";60002532973;6;12;"Casa";"CASA";"314000,00";"04/08/2026";"17:11:54"
"04/08/2026";"19:30:07";2026;2;"Eleição Ordinária";6259;"Eleições Gerais Estaduais 2026";"04/10/2026";"CE";"CE";"CEARÁ";60002532973;7;12;"Casa";"CASA EM CAUCAIA";"145000,00";"04/08/2026";"17:11:54"
"04/08/2026";"19:30:07";2026;2;"Eleição Ordinária";6259;"Eleições Gerais Estaduais 2026";"04/10/2026";"CE";"CE";"CEARÁ";60002532975;1;21;"Veículo automotor terrestre: caminhão, automóvel, moto, etc.";"MOTO HONDA CG CARGO";"14000,00";"04/08/2026";"17:11:50"
"04/08/2026";"19:30:07";2026;2;"Eleição Ordinária";6259;"Eleições Gerais Estaduais 2026";"04/10/2026";"CE";"CE";"CEARÁ";60002532973;9;13;"Terreno";"TERRENO EM FORTALEZA";"35000,00";"04/08/2026";"17:11:54"
"04/08/2026";"19:30:07";2026;2;"Eleição Ordinária";6259;"Eleições Gerais Estaduais 2026";"04/10/2026";"CE";"CE";"CEARÁ";60002532973;10;13;"Terreno";"TERRENO PARQUE SOLEDADE";"60000,00";"04/08/2026";"17:11:54"
"04/08/2026";"19:30:07";2026;2;"Eleição Ordinária";6259;"Eleições Gerais Estaduais 2026";"04/10/2026";"CE";"CE";"CEARÁ";60002532975;4;21;"Veículo automotor terrestre: caminhão, automóvel, moto, etc.";"VEICULO AUTOMOTOR FIAT UNO WAY";"39000,00";"04/08/2026";"17:11:50"
"04/08/2026";"19:30:07";2026;2;"Eleição Ordinária";6259;"Eleições Gerais Estaduais 2026";"04/10/2026";"CE";"CE";"CEARÁ";60002532975;2;12;"Casa";"IMÓVEL RESIDENCIAL EM FORTALEZA";"172151,70";"04/08/2026";"17:11:50"
"04/08/2026";"19:30:07";2026;2;"Eleição Ordinária";6259;"Eleições Gerais Estaduais 2026";"04/10/2026";"CE";"CE";"CEARÁ";60002532975;3;12;"Casa";"IMÓVEL RESIDENCIAL EM FORTALEZA";"72216,39";"04/08/2026";"17:11:50"
"04/08/2026";"19:30:07";2026;2;"Eleição Ordinária";6259;"Eleições Gerais Estaduais 2026";"04/10/2026";"CE";"CE";"CEARÁ";60002532975;6;61;"Depósito bancário em conta corrente no País";"DINHEIRO EM DEPÓSITO BANCÁRIO";"150000,00";"04/08/2026";"17:11:50"
"04/08/2026";"19:30:07";2026;2;"Eleição Ordinária";6259;"Eleições Gerais Estaduais 2026";"04/10/2026";"CE";"CE";"CEARÁ";60002532975;7;12;"Casa";"IMÓVEL RESIDENCIAL EM FORTALEZA";"114518,31";"04/08/2026";"17:11:50"
"04/08/2026";"19:30:07";2026;2;"Eleição Ordinária";6259;"Eleições Gerais Estaduais 2026";"04/10/2026";"CE";"CE";"CEARÁ";60002532975;5;63;"Dinheiro em espécie - moeda nacional";"DINHEIRO EM ESPÉCIE";"150000,00";"04/08/2026";"17:11:50"
"04/08/2026";"19:30:07";2026;2;"Eleição Ordinária";6259;"Eleições Gerais Estaduais 2026";"04/10/2026";"CE";"CE";"CEARÁ";60002532977;1;49;"Outras aplicações e Investimentos";"APLICAÇÃO BB";"1313,05";"04/08/2026";"17:11:54"
"04/08/2026";"19:30:07";2026;2;"Eleição Ordinária";6259;"Eleições Gerais Estaduais 2026";"04/10/2026";"CE";"CE";"CEARÁ";60002532975;8;12;"Casa";"IMÓVEL RESIDENCIAL EM FORTALEZA";"64615,37";"04/08/2026";"17:11:50"
"04/08/2026";"19:30:07";2026;2;"Eleição Ordinária";6259;"Eleições Gerais Estaduais 2026";"04/10/2026";"CE";"CE";"CEARÁ";60002532975;9;12;"Casa";"IMÓVEL RESIDENCIAL EM FORTALEZA";"61273,83";"04/08/2026";"17:11:50"
"04/08/2026";"19:30:07";2026;2;"Eleição Ordinária";6259;"Eleições Gerais Estaduais 2026";"04/10/2026";"CE";"CE";"CEARÁ";60002532977;3;19;"Outros bens imóveis";"IMÓVEL EM CAUCAIA";"244989,79";"04/08/2026";"17:11:54"
"04/08/2026";"19:30:07";2026;2;"Eleição Ordinária";6259;"Eleições Gerais Estaduais 2026";"04/10/2026";"CE";"CE";"CEARÁ";60002532977;2;49;"Outras aplicações e Investimentos";"APLICAÇÃO BRADESCO";"7835,52";"04/08/2026";"17:11:54"
"04/08/2026";"19:30:07";2026;2;"Eleição Ordinária";6259;"Eleições Gerais Estaduais 2026";"04/10/2026";"CE";"CE";"CEARÁ";60002532977;4;49;"Outras aplicações e Investimentos";"APLICAÇÃO CEF";"2006,47";"04/08/2026";"17:11:54"
"04/08/2026";"19:30:07";2026;2;"Eleição Ordinária";6259;"Eleições Gerais Estaduais 2026";"04/10/2026";"CE";"CE";"CEARÁ";60002532977;7;19;"Outros bens imóveis";"IMÓVEL EM CAUCAIA";"300000,00";"04/08/2026";"17:11:54"
"04/08/2026";"19:30:07";2026;2;"Eleição Ordinária";6259;"Eleições Gerais Estaduais 2026";"04/10/2026";"CE";"CE";"CEARÁ";60002532977;6;49;"Outras aplicações e Investimentos";"APLICAÇÃO BB";"429,91";"04/08/2026";"17:11:54"
"04/08/2026";"19:30:07";2026;2;"Eleição Ordinária";6259;"Eleições Gerais Estaduais 2026";"04/10/2026";"CE";"CE";"CEARÁ";60002532977;5;79;"Outros fundos";"FUNDO BRADESCO";"249127,70";"04/08/2026";"17:11:54"
"04/08/2026";"19:30:07";2026;2;"Eleição Ordinária";6259;"Eleições Gerais Estaduais 2026";"04/10/2026";"CE";"CE";"CEARÁ";60002532977;9;21;"Veículo automotor terrestre: caminhão, automóvel, moto, etc.";"VEICULO AUTOMOR JEEP";"90000,00";"04/08/2026";"17:11:54"
"04/08/2026";"19:30:07";2026;2;"Eleição Ordinária";6259;"Eleições Gerais Estaduais 2026";"04/10/2026";"CE";"CE";"CEARÁ";60002532977;8;19;"Outros bens imóveis";"IMÓVEL EM FORTALEZA";"216923,56";"04/08/2026";"17:11:54"
"04/08/2026";"19:30:07";2026;2;"Eleição Ordinária";6259;"Eleições Gerais Estaduais 2026";"04/10/2026";"CE";"CE";"CEARÁ";60002532977;10;49;"Outras aplicações e Investimentos";"APLICAÇÃO BB";"16087,55";"04/08/2026";"17:11:54"
"04/08/2026";"19:30:07";2026;2;"Eleição Ordinária";6259;"Eleições Gerais Estaduais 2026";"04/10/2026";"CE";"CE";"CEARÁ";60002532978;1;21;"Veículo automotor terrestre: caminhão, automóvel, moto, etc.";"VEICULO AUTOMOTOR CRETA HYUNDAI";"133000,00";"04/08/2026";"17:11:54"
"04/08/2026";"19:30:07";2026;2;"Eleição Ordinária";6259;"Eleições Gerais Estaduais 2026";"04/10/2026";"CE";"CE";"CEARÁ";60002532977;11;49;"Outras aplicações e Investimentos";"APLICAÇÃO BB";"225,81";"04/08/2026";"17:11:54"
"04/08/2026";"19:30:07";2026;2;"Eleição Ordinária";6259;"Eleições Gerais Estaduais 2026";"04/10/2026";"CE";"CE";"CEARÁ";60002532977;12;11;"Apartamento";"APARTMENTO EM FORTALEZA";"149766,54";"04/08/2026";"17:11:54"
"04/08/2026";"19:30:07";2026;2;"Eleição Ordinária";6259;"Eleições Gerais Estaduais 2026";"04/10/2026";"CE";"CE";"CEARÁ";60002532980;1;21;"Veículo automotor terrestre: caminhão, automóvel, moto, etc.";"FIAT ARGO DRIVE 1.0 FLEX PGMOR";"78600,00";"04/08/2026";"17:11:54"
"04/08/2026";"19:30:07";2026;2;"Eleição Ordinária";6259;"Eleições Gerais Estaduais 2026";"04/10/2026";"CE";"CE";"CEARÁ";60002532979;1;61;"Depósito bancário em conta corrente no País";"BANCO BRADESCO S/A";"50,00";"04/08/2026";"17:11:54"
"04/08/2026";"19:30:07";2026;2;"Eleição Ordinária";6259;"Eleições Gerais Estaduais 2026";"04/10/2026";"CE";"CE";"CEARÁ";60002532978;2;11;"Apartamento";"APARTAMENTO RESIDENCIAL";"584000,00";"04/08/2026";"17:11:54"
"04/08/2026";"19:30:07";2026;2;"Eleição Ordinária";6259;"Eleições Gerais Estaduais 2026";"04/10/2026";"CE";"CE";"CEARÁ";60002532980;2;21;"Veículo automotor terrestre: caminhão, automóvel, moto, etc.";"AUTOMÓVEL VOLKSWAGEM POLO TRACK CINZA PLATINIUM";"81700,00";"04/08/2026";"17:11:54"
"04/08/2026";"19:30:07";2026;2;"Eleição Ordinária";6259;"Eleições Gerais Estaduais 2026";"04/10/2026";"CE";"CE";"CEARÁ";60002532980;3;21;"Veículo automotor terrestre: caminhão, automóvel, moto, etc.";"AUTOMÓVEL VOLKSWAGEN TERA";"96300,00";"04/08/2026";"17:11:54"
"04/08/2026";"19:30:07";2026;2;"Eleição Ordinária";6259;"Eleições Gerais Estaduais 2026";"04/10/2026";"CE";"CE";"CEARÁ";60002532981;1;11;"Apartamento";"APARTAMENTO DEPENDENTE";"50000,00";"04/08/2026";"17:11:54"
"04/08/2026";"19:30:07";2026;2;"Eleição Ordinária";6259;"Eleições Gerais Estaduais 2026";"04/10/2026";"CE";"CE";"CEARÁ";60002532981;2;21;"Veículo automotor terrestre: caminhão, automóvel, moto, etc.";"TOYOTA HILUX SWDMDA4MD";"280000,00";"04/08/2026";"17:11:54"
"04/08/2026";"19:30:07";2026;2;"Eleição Ordinária";6259;"Eleições Gerais Estaduais 2026";"04/10/2026";"CE";"CE";"CEARÁ";60002532981;3;32;"Quotas ou quinhões de capital";"QUOTAS NA EMPRESA BIOSEIVA INDUSTRIAL";"400000,00";"04/08/2026";"17:11:54"
"04/08/2026";"19:30:07";2026;2;"Eleição Ordinária";6259;"Eleições Gerais Estaduais 2026";"04/10/2026";"CE";"CE";"CEARÁ";60002532981;4;32;"Quotas ou quinhões de capital";"QUOTAS NA EMPRESA ML HOLDING PARTICIPAÇÕES";"100000,00";"04/08/2026";"17:11:54"
"04/08/2026";"19:30:07";2026;2;"Eleição Ordinária";6259;"Eleições Gerais Estaduais 2026";"04/10/2026";"CE";"CE";"CEARÁ";60002532981;5;59;"Outros créditos e poupança vinculados";"POUPANÇA EM CONTA BANCÁRIA";"1981,65";"04/08/2026";"17:11:54"
"04/08/2026";"19:30:07";2026;2;"Eleição Ordinária";6259;"Eleições Gerais Estaduais 2026";"04/10/2026";"CE";"CE";"CEARÁ";60002532981;7;59;"Outros créditos e poupança vinculados";"CRÉDITO BANCÁRIO";"140513,34";"04/08/2026";"17:11:54"
"04/08/2026";"19:30:07";2026;2;"Eleição Ordinária";6259;"Eleições Gerais Estaduais 2026";"04/10/2026";"CE";"CE";"CEARÁ";60002532981;6;61;"Depósito bancário em conta corrente no País";"DINHEIRO EM CONTA BANCÁRIA CORRENTE";"904,54";"04/08/2026";"17:11:54"
"04/08/2026";"19:30:07";2026;2;"Eleição Ordinária";6259;"Eleições Gerais Estaduais 2026";"04/10/2026";"CE";"CE";"CEARÁ";60002532981;10;59;"Outros créditos e poupança vinculados";"POUPANÇA EM CONTA BANCÁRIA";"4139,01";"04/08/2026";"17:11:54"
"04/08/2026";"19:30:07";2026;2;"Eleição Ordinária";6259;"Eleições Gerais Estaduais 2026";"04/10/2026";"CE";"CE";"CEARÁ";60002532981;8;63;"Dinheiro em espécie - moeda nacional";"DINHEIRO EM ESPÉCIE";"45000,00";"04/08/2026";"17:11:54"
"04/08/2026";"19:30:07";2026;2;"Eleição Ordinária";6259;"Eleições Gerais Estaduais 2026";"04/10/2026";"CE";"CE";"CEARÁ";60002532981;9;45;"Aplicação de renda fixa (CDB, RDB e outros)";"RENDA FIXA INFLAÇÃO FIC FIF";"227,97";"04/08/2026";"17:11:54"
"04/08/2026";"19:30:07";2026;2;"Eleição Ordinária";6259;"Eleições Gerais Estaduais 2026";"04/10/2026";"CE";"CE";"CEARÁ";60002532983;1;39;"Outras participações societárias";"SÓCIO-ADMINISTRADOR";"50000,00";"04/08/2026";"17:11:50"
"04/08/2026";"19:30:07";2026;2;"Eleição Ordinária";6259;"Eleições Gerais Estaduais 2026";"04/10/2026";"CE";"CE";"CEARÁ";60002532981;11;59;"Outros créditos e poupança vinculados";"RECURSOS EM CONTA BANCÁRIA";"52467,46";"04/08/2026";"17:11:54"
"04/08/2026";"19:30:07";2026;2;"Eleição Ordinária";6259;"Eleições Gerais Estaduais 2026";"04/10/2026";"CE";"CE";"CEARÁ";60002532983;2;13;"Terreno";"TERRENO";"210000,00";"04/08/2026";"17:11:50"
"04/08/2026";"19:30:07";2026;2;"Eleição Ordinária";6259;"Eleições Gerais Estaduais 2026";"04/10/2026";"CE";"CE";"CEARÁ";60002532983;5;21;"Veículo automotor terrestre: caminhão, automóvel, moto, etc.";"CARRO CHEVROLET ONIX MT JOY";"58000,00";"04/08/2026";"17:11:50"
"04/08/2026";"19:30:07";2026;2;"Eleição Ordinária";6259;"Eleições Gerais Estaduais 2026";"04/10/2026";"CE";"CE";"CEARÁ";60002532983;3;99;"OUTROS BENS E DIREITOS";"IPHONE 15 PRO MAX";"10999,00";"04/08/2026";"17:11:50"
"04/08/2026";"19:30:07";2026;2;"Eleição Ordinária";6259;"Eleições Gerais Estaduais 2026";"04/10/2026";"CE";"CE";"CEARÁ";60002532983;4;63;"Dinheiro em espécie - moeda nacional";"MOEDA EM ESPÉCIE";"311141,10";"04/08/2026";"17:11:50"
"04/08/2026";"19:30:07";2026;2;"Eleição Ordinária";6259;"Eleições Gerais Estaduais 2026";"04/10/2026";"CE";"CE";"CEARÁ";60002532983;7;21;"Veículo automotor terrestre: caminhão, automóvel, moto, etc.";"MOTO HONDA 125";"8507,00";"04/08/2026";"17:11:50"
"04/08/2026";"19:30:07";2026;2;"Eleição Ordinária";6259;"Eleições Gerais Estaduais 2026";"04/10/2026";"CE";"CE";"CEARÁ";60002532984;1;21;"Veículo automotor terrestre: caminhão, automóvel, moto, etc.";"AUTOMÓVEL PARTICULAR";"123990,00";"04/08/2026";"17:11:54"
"04/08/2026";"19:30:07";2026;2;"Eleição Ordinária";6259;"Eleições Gerais Estaduais 2026";"04/10/2026";"CE";"CE";"CEARÁ";60002532983;6;12;"Casa";"RESIDENCIAL";"210000,00";"04/08/2026";"17:11:50"
"04/08/2026";"19:30:07";2026;2;"Eleição Ordinária";6259;"Eleições Gerais Estaduais 2026";"04/10/2026";"CE";"CE";"CEARÁ";60002533729;2;99;"OUTROS BENS E DIREITOS";"PREVIDÊNCIA PRIVADA";"23717,54";"04/08/2026";"17:11:52"
"04/08/2026";"19:30:07";2026;2;"Eleição Ordinária";6259;"Eleições Gerais Estaduais 2026";"04/10/2026";"CE";"CE";"CEARÁ";60002533729;1;49;"Outras aplicações e Investimentos";"DEMAIS APLICAÇÕES";"1842,00";"04/08/2026";"17:11:52"
"04/08/2026";"19:30:07";2026;2;"Eleição Ordinária";6259;"Eleições Gerais Estaduais 2026";"04/10/2026";"CE";"CE";"CEARÁ";60002533729;3;31;"Ações (inclusive as provenientes de linha telefônica)";"FUNDOS E AÇÕES";"21035,15";"04/08/2026";"17:11:52"
"04/08/2026";"19:30:07";2026;2;"Eleição Ordinária";6259;"Eleições Gerais Estaduais 2026";"04/10/2026";"CE";"CE";"CEARÁ";60002533730;2;21;"Veículo automotor terrestre: caminhão, automóvel, moto, etc.";"CARRO PRÓPRIO";"117590,00";"04/08/2026";"17:11:52"
"04/08/2026";"19:30:07";2026;2;"Eleição Ordinária";6259;"Eleições Gerais Estaduais 2026";"04/10/2026";"CE";"CE";"CEARÁ";60002533729;4;21;"Veículo automotor terrestre: caminhão, automóvel, moto, etc.";"RENAULT SANDERO 2020";"41500,00";"04/08/2026";"17:11:52"
"04/08/2026";"19:30:07";2026;2;"Eleição Ordinária";6259;"Eleições Gerais Estaduais 2026";"04/10/2026";"CE";"CE";"CEARÁ";60002533730;1;12;"Casa";"CASA PRÓPRIA";"225000,00";"04/08/2026";"17:11:52"
"04/08/2026";"19:30:07";2026;2;"Eleição Ordinária";6259;"Eleições Gerais Estaduais 2026";"04/10/2026";"CE";"CE";"CEARÁ";60002533730;4;49;"Outras aplicações e Investimentos";"AGIBANK";"1047,06";"04/08/2026";"17:11:52"
"04/08/2026";"19:30:07";2026;2;"Eleição Ordinária";6259;"Eleições Gerais Estaduais 2026";"04/10/2026";"CE";"CE";"CEARÁ";60002533730;3;45;"Aplicação de renda fixa (CDB, RDB e outros)";"COE E LCA";"30222,86";"04/08/2026";"17:11:52"
"04/08/2026";"19:30:07";2026;2;"Eleição Ordinária";6259;"Eleições Gerais Estaduais 2026";"04/10/2026";"CE";"CE";"CEARÁ";60002533730;5;45;"Aplicação de renda fixa (CDB, RDB e outros)";"ECO SECURITIZADORA";"10521,23";"04/08/2026";"17:11:52"
"04/08/2026";"19:30:07";2026;2;"Eleição Ordinária";6259;"Eleições Gerais Estaduais 2026";"04/10/2026";"CE";"CE";"CEARÁ";60002533730;6;61;"Depósito bancário em conta corrente no País";"DEPÓSITO EM MOEDA ESTRANGEIRA (DÓLAR E EURO)";"6021,32";"04/08/2026";"17:11:52"
"04/08/2026";"19:30:07";2026;2;"Eleição Ordinária";6259;"Eleições Gerais Estaduais 2026";"04/10/2026";"CE";"CE";"CEARÁ";60002533730;8;99;"OUTROS BENS E DIREITOS";"PREVIDÊNCIA PRIVADA";"71074,93";"04/08/2026";"17:11:52"
"04/08/2026";"19:30:07";2026;2;"Eleição Ordinária";6259;"Eleições Gerais Estaduais 2026";"04/10/2026";"CE";"CE";"CEARÁ";60002533730;7;79;"Outros fundos";"FUNDO DE INVESTIMENTO";"986,54";"04/08/2026";"17:11:52"
"04/08/2026";"19:30:07";2026;2;"Eleição Ordinária";6259;"Eleições Gerais Estaduais 2026";"04/10/2026";"CE";"CE";"CEARÁ";60002533730;10;49;"Outras aplicações e Investimentos";"INVESTIMENTO";"159,57";"04/08/2026";"17:11:52"
"04/08/2026";"19:30:07";2026;2;"Eleição Ordinária";6259;"Eleições Gerais Estaduais 2026";"04/10/2026";"CE";"CE";"CEARÁ";60002533730;9;45;"Aplicação de renda fixa (CDB, RDB e outros)";"NUBANK";"1591,12";"04/08/2026";"17:11:52"
"04/08/2026";"19:30:07";2026;2;"Eleição Ordinária";6259;"Eleições Gerais Estaduais 2026";"04/10/2026";"CE";"CE";"CEARÁ";60002533730;11;45;"Aplicação de renda fixa (CDB, RDB e outros)";"TITULO BANCO";"59985,77";"04/08/2026";"17:11:52"
"04/08/2026";"19:30:07";2026;2;"Eleição Ordinária";6259;"Eleições Gerais Estaduais 2026";"04/10/2026";"CE";"CE";"CEARÁ";60002533959;1;49;"Outras aplicações e Investimentos";"APLICAÇÕES";"10435,33";"04/08/2026";"17:11:51"
"04/08/2026";"19:30:07";2026;2;"Eleição Ordinária";6259;"Eleições Gerais Estaduais 2026";"04/10/2026";"CE";"CE";"CEARÁ";60002533730;12;45;"Aplicação de renda fixa (CDB, RDB e outros)";"PICPAY";"30718,56";"04/08/2026";"17:11:52"
"04/08/2026";"19:30:07";2026;2;"Eleição Ordinária";6259;"Eleições Gerais Estaduais 2026";"04/10/2026";"CE";"CE";"CEARÁ";60002533962;1;45;"Aplicação de renda fixa (CDB, RDB e outros)";"INVESTIMENTO NO TESOURO DIRETO";"907,75";"04/08/2026";"17:11:51"
"04/08/2026";"19:30:07";2026;2;"Eleição Ordinária";6259;"Eleições Gerais Estaduais 2026";"04/10/2026";"CE";"CE";"CEARÁ";60002534878;1;59;"Outros créditos e poupança vinculados";"CONTA CAPITAL SICREDI";"6975,55";"04/08/2026";"17:11:51"
"04/08/2026";"19:30:07";2026;2;"Eleição Ordinária";6259;"Eleições Gerais Estaduais 2026";"04/10/2026";"CE";"CE";"CEARÁ";60002533962;2;41;"Caderneta de poupança";"DINHEIRO NA POUPANÇA";"40089,50";"04/08/2026";"17:11:51"
"04/08/2026";"19:30:07";2026;2;"Eleição Ordinária";6259;"Eleições Gerais Estaduais 2026";"04/10/2026";"CE";"CE";"CEARÁ";60002534878;2;12;"Casa";"UMA CASA NO MUNICÍPIO DO CRATO";"250000,00";"04/08/2026";"17:11:51"
"04/08/2026";"19:30:07";2026;2;"Eleição Ordinária";6259;"Eleições Gerais Estaduais 2026";"04/10/2026";"CE";"CE";"CEARÁ";60002534878;5;21;"Veículo automotor terrestre: caminhão, automóvel, moto, etc.";"UM AUTOMÓVEL TOYOTA/SW4";"149408,76";"04/08/2026";"17:11:51"
"04/08/2026";"19:30:07";2026;2;"Eleição Ordinária";6259;"Eleições Gerais Estaduais 2026";"04/10/2026";"CE";"CE";"CEARÁ";60002534878;4;61;"Depósito bancário em conta corrente no País";"CONTA CORRENTE SICREDI";"10907,78";"04/08/2026";"17:11:51"
"04/08/2026";"19:30:07";2026;2;"Eleição Ordinária";6259;"Eleições Gerais Estaduais 2026";"04/10/2026";"CE";"CE";"CEARÁ";60002534878;3;11;"Apartamento";"UM APARTAMENTO NO MUNICÍPIO DE JUAZEIRO";"1450000,00";"04/08/2026";"17:11:51"
"04/08/2026";"19:30:07";2026;2;"Eleição Ordinária";6259;"Eleições Gerais Estaduais 2026";"04/10/2026";"CE";"CE";"CEARÁ";60002534879;1;41;"Caderneta de poupança";"CADERNETA DE POUPANÇA BRADESCO";"57597,65";"04/08/2026";"17:11:48"
"04/08/2026";"19:30:07";2026;2;"Eleição Ordinária";6259;"Eleições Gerais Estaduais 2026";"04/10/2026";"CE";"CE";"CEARÁ";60002534879;3;95;"Consórcio não contemplado";"CONSÓRCIO BRADESCO NÃO CONTEMPLADO";"28944,93";"04/08/2026";"17:11:48"
"04/08/2026";"19:30:07";2026;2;"Eleição Ordinária";6259;"Eleições Gerais Estaduais 2026";"04/10/2026";"CE";"CE";"CEARÁ";60002534879;2;63;"Dinheiro em espécie - moeda nacional";"MOEDA NACIONAL";"120000,00";"04/08/2026";"17:11:48"
"04/08/2026";"19:30:07";2026;2;"Eleição Ordinária";6259;"Eleições Gerais Estaduais 2026";"04/10/2026";"CE";"CE";"CEARÁ";60002534879;6;21;"Veículo automotor terrestre: caminhão, automóvel, moto, etc.";"UM AUTOMÓVEL PAJERO 2025";"350369,77";"04/08/2026";"17:11:48"
"04/08/2026";"19:30:07";2026;2;"Eleição Ordinária";6259;"Eleições Gerais Estaduais 2026";"04/10/2026";"CE";"CE";"CEARÁ";60002534879;5;61;"Depósito bancário em conta corrente no País";"BANCO DO BRASIL";"2201,99";"04/08/2026";"17:11:48"
"04/08/2026";"19:30:07";2026;2;"Eleição Ordinária";6259;"Eleições Gerais Estaduais 2026";"04/10/2026";"CE";"CE";"CEARÁ";60002534879;4;11;"Apartamento";"UM APARTAMENTO EM FORTALEZA/CE";"76588,00";"04/08/2026";"17:11:48"
"04/08/2026";"19:30:07";2026;2;"Eleição Ordinária";6259;"Eleições Gerais Estaduais 2026";"04/10/2026";"CE";"CE";"CEARÁ";60002534879;8;92;"Título de clube e assemelhado";"TÍTULO IDEAL CLUBE";"4500,00";"04/08/2026";"17:11:48"
"04/08/2026";"19:30:07";2026;2;"Eleição Ordinária";6259;"Eleições Gerais Estaduais 2026";"04/10/2026";"CE";"CE";"CEARÁ";60002534879;7;61;"Depósito bancário em conta corrente no País";"BRADESCO";"1,00";"04/08/2026";"17:11:48"
"04/08/2026";"19:30:07";2026;2;"Eleição Ordinária";6259;"Eleições Gerais Estaduais 2026";"04/10/2026";"CE";"CE";"CEARÁ";60002534879;9;45;"Aplicação de renda fixa (CDB, RDB e outros)";"BANCO DO BRASIL";"33560,22";"04/08/2026";"17:11:48"
"04/08/2026";"19:30:07";2026;2;"Eleição Ordinária";6259;"Eleições Gerais Estaduais 2026";"04/10/2026";"CE";"CE";"CEARÁ";60002534879;12;19;"Outros bens imóveis";"1/6 COTA RESIDENCIAL EM BRASÍLIA/DF";"28026,00";"04/08/2026";"17:11:48"
"04/08/2026";"19:30:07";2026;2;"Eleição Ordinária";6259;"Eleições Gerais Estaduais 2026";"04/10/2026";"CE";"CE";"CEARÁ";60002534879;10;49;"Outras aplicações e Investimentos";"APLICAÇÃO FINANCEIRA EM RF SIMPLES";"20693,78";"04/08/2026";"17:11:48"
"04/08/2026";"19:30:07";2026;2;"Eleição Ordinária";6259;"Eleições Gerais Estaduais 2026";"04/10/2026";"CE";"CE";"CEARÁ";60002534879;11;11;"Apartamento";"UM APARTAMENTO EM FORTALEZA/CE";"115613,00";"04/08/2026";"17:11:48"
"04/08/2026";"19:30:07";2026;2;"Eleição Ordinária";6259;"Eleições Gerais Estaduais 2026";"04/10/2026";"CE";"CE";"CEARÁ";60002534879;13;61;"Depósito bancário em conta corrente no País";"BANCO DO BRASIL";"14660,36";"04/08/2026";"17:11:48"
"04/08/2026";"19:30:07";2026;2;"Eleição Ordinária";6259;"Eleições Gerais Estaduais 2026";"04/10/2026";"CE";"CE";"CEARÁ";60002534879;14;11;"Apartamento";"UM APARTAMENTO EM FORTALEZA/CE";"63340,00";"04/08/2026";"17:11:48"
"04/08/2026";"19:30:07";2026;2;"Eleição Ordinária";6259;"Eleições Gerais Estaduais 2026";"04/10/2026";"CE";"CE";"CEARÁ";60002534879;15;11;"Apartamento";"UM APARTAMENTO EM FORTALEZA/CE";"110438,00";"04/08/2026";"17:11:48"
"04/08/2026";"19:30:07";2026;2;"Eleição Ordinária";6259;"Eleições Gerais Estaduais 2026";"04/10/2026";"CE";"CE";"CEARÁ";60002534880;1;13;"Terreno";"UM TERRENO EM AQUIRAZ/CE";"60000,00";"04/08/2026";"17:11:51"
"04/08/2026";"19:30:07";2026;2;"Eleição Ordinária";6259;"Eleições Gerais Estaduais 2026";"04/10/2026";"CE";"CE";"CEARÁ";60002534879;16;99;"OUTROS BENS E DIREITOS";"PLANO DE PREVIDENCIA COM VGBL";"200000,00";"04/08/2026";"17:11:48"
"04/08/2026";"19:30:07";2026;2;"Eleição Ordinária";6259;"Eleições Gerais Estaduais 2026";"04/10/2026";"CE";"CE";"CEARÁ";60002534879;17;11;"Apartamento";"UM APARTAMENTO EM FORTALEZA/CE";"224412,00";"04/08/2026";"17:11:48"
"04/08/2026";"19:30:07";2026;2;"Eleição Ordinária";6259;"Eleições Gerais Estaduais 2026";"04/10/2026";"CE";"CE";"CEARÁ";60002534880;4;21;"Veículo automotor terrestre: caminhão, automóvel, moto, etc.";"UM AUTOMÓVEL AMAROK";"130000,00";"04/08/2026";"17:11:51"
"04/08/2026";"19:30:07";2026;2;"Eleição Ordinária";6259;"Eleições Gerais Estaduais 2026";"04/10/2026";"CE";"CE";"CEARÁ";60002534880;3;99;"OUTROS BENS E DIREITOS";"2 CAVALOS";"20000,00";"04/08/2026";"17:11:51"
"04/08/2026";"19:30:07";2026;2;"Eleição Ordinária";6259;"Eleições Gerais Estaduais 2026";"04/10/2026";"CE";"CE";"CEARÁ";60002534880;2;12;"Casa";"UMA CASA EM PECÉM/CE";"400000,00";"04/08/2026";"17:11:51"
"04/08/2026";"19:30:07";2026;2;"Eleição Ordinária";6259;"Eleições Gerais Estaduais 2026";"04/10/2026";"CE";"CE";"CEARÁ";60002534881;1;13;"Terreno";"UM TERRENO EM FORTALEZA/CE";"5000,00";"04/08/2026";"17:11:48"
"04/08/2026";"19:30:07";2026;2;"Eleição Ordinária";6259;"Eleições Gerais Estaduais 2026";"04/10/2026";"CE";"CE";"CEARÁ";60002534880;5;99;"OUTROS BENS E DIREITOS";"180 CABEÇAS DE GADO";"540000,00";"04/08/2026";"17:11:51"
"04/08/2026";"19:30:07";2026;2;"Eleição Ordinária";6259;"Eleições Gerais Estaduais 2026";"04/10/2026";"CE";"CE";"CEARÁ";60002534881;2;45;"Aplicação de renda fixa (CDB, RDB e outros)";"CDB/RDB CEF";"400000,00";"04/08/2026";"17:11:48"
"04/08/2026";"19:30:07";2026;2;"Eleição Ordinária";6259;"Eleições Gerais Estaduais 2026";"04/10/2026";"CE";"CE";"CEARÁ";60002534881;3;61;"Depósito bancário em conta corrente no País";"BRADESCO";"1,00";"04/08/2026";"17:11:48"
"04/08/2026";"19:30:07";2026;2;"Eleição Ordinária";6259;"Eleições Gerais Estaduais 2026";"04/10/2026";"CE";"CE";"CEARÁ";60002534881;4;49;"Outras aplicações e Investimentos";"FUNDO DE INVESTIMENTO - CEF";"236926,14";"04/08/2026";"17:11:48"
"04/08/2026";"19:30:07";2026;2;"Eleição Ordinária";6259;"Eleições Gerais Estaduais 2026";"04/10/2026";"CE";"CE";"CEARÁ";60002534881;5;45;"Aplicação de renda fixa (CDB, RDB e outros)";"CDB RENDE FACIL - BB";"36291,45";"04/08/2026";"17:11:48"
"04/08/2026";"19:30:07";2026;2;"Eleição Ordinária";6259;"Eleições Gerais Estaduais 2026";"04/10/2026";"CE";"CE";"CEARÁ";60002534881;7;13;"Terreno";"UM TERRENO EM FORTALEZA/CE";"5000,00";"04/08/2026";"17:11:48"
"04/08/2026";"19:30:07";2026;2;"Eleição Ordinária";6259;"Eleições Gerais Estaduais 2026";"04/10/2026";"CE";"CE";"CEARÁ";60002534881;8;13;"Terreno";"UM TERRENO EM FORTALEZA/CE";"5000,00";"04/08/2026";"17:11:48"
"04/08/2026";"19:30:07";2026;2;"Eleição Ordinária";6259;"Eleições Gerais Estaduais 2026";"04/10/2026";"CE";"CE";"CEARÁ";60002534881;6;12;"Casa";"UMA CASA EM TRAIRI/CE";"666652,44";"04/08/2026";"17:11:48"
"04/08/2026";"19:30:07";2026;2;"Eleição Ordinária";6259;"Eleições Gerais Estaduais 2026";"04/10/2026";"CE";"CE";"CEARÁ";60002534881;9;21;"Veículo automotor terrestre: caminhão, automóvel, moto, etc.";"UM VEÍCULO FINANCIADO";"380000,00";"04/08/2026";"17:11:48"
"04/08/2026";"19:30:07";2026;2;"Eleição Ordinária";6259;"Eleições Gerais Estaduais 2026";"04/10/2026";"CE";"CE";"CEARÁ";60002534881;11;61;"Depósito bancário em conta corrente no País";"BANCO DO BRASIL";"160269,76";"04/08/2026";"17:11:48"
"04/08/2026";"19:30:07";2026;2;"Eleição Ordinária";6259;"Eleições Gerais Estaduais 2026";"04/10/2026";"CE";"CE";"CEARÁ";60002534881;10;49;"Outras aplicações e Investimentos";"RF AUTOMATICO ESTILO - BANCO DO BRASIL";"26000,00";"04/08/2026";"17:11:48"
"04/08/2026";"19:30:07";2026;2;"Eleição Ordinária";6259;"Eleições Gerais Estaduais 2026";"04/10/2026";"CE";"CE";"CEARÁ";60002534881;12;61;"Depósito bancário em conta corrente no País";"ITAÚ";"1,00";"04/08/2026";"17:11:48"
"04/08/2026";"19:30:07";2026;2;"Eleição Ordinária";6259;"Eleições Gerais Estaduais 2026";"04/10/2026";"CE";"CE";"CEARÁ";60002534881;14;49;"Outras aplicações e Investimentos";"ITAÚ";"512,37";"04/08/2026";"17:11:48"
"04/08/2026";"19:30:07";2026;2;"Eleição Ordinária";6259;"Eleições Gerais Estaduais 2026";"04/10/2026";"CE";"CE";"CEARÁ";60002534881;13;32;"Quotas ou quinhões de capital";"PARTICIPAÇÃO SOCIETÁRIA NA EMPRESA NORFRUTI DISTRIBUIDORA E COMERCIO DE FRUTAS LTDA";"100000,00";"04/08/2026";"17:11:48"
"04/08/2026";"19:30:07";2026;2;"Eleição Ordinária";6259;"Eleições Gerais Estaduais 2026";"04/10/2026";"CE";"CE";"CEARÁ";60002534881;17;21;"Veículo automotor terrestre: caminhão, automóvel, moto, etc.";"UM REBOQUE";"2500,00";"04/08/2026";"17:11:48"
"04/08/2026";"19:30:07";2026;2;"Eleição Ordinária";6259;"Eleições Gerais Estaduais 2026";"04/10/2026";"CE";"CE";"CEARÁ";60002534881;15;49;"Outras aplicações e Investimentos";"FIRF SIMPLES ONIX - BRADESCO";"50076,03";"04/08/2026";"17:11:48"
"04/08/2026";"19:30:07";2026;2;"Eleição Ordinária";6259;"Eleições Gerais Estaduais 2026";"04/10/2026";"CE";"CE";"CEARÁ";60002534881;16;63;"Dinheiro em espécie - moeda nacional";"MOEDA NACIONAL";"80000,00";"04/08/2026";"17:11:48"
"04/08/2026";"19:30:07";2026;2;"Eleição Ordinária";6259;"Eleições Gerais Estaduais 2026";"04/10/2026";"CE";"CE";"CEARÁ";60002534881;18;45;"Aplicação de renda fixa (CDB, RDB e outros)";"RENDA FIXA EXCELLENCE - ITAÚ";"148796,19";"04/08/2026";"17:11:48"
"04/08/2026";"19:30:07";2026;2;"Eleição Ordinária";6259;"Eleições Gerais Estaduais 2026";"04/10/2026";"CE";"CE";"CEARÁ";60002534881;19;45;"Aplicação de renda fixa (CDB, RDB e outros)";"CDB BRADESCO";"1852,42";"04/08/2026";"17:11:48"
"04/08/2026";"19:30:07";2026;2;"Eleição Ordinária";6259;"Eleições Gerais Estaduais 2026";"04/10/2026";"CE";"CE";"CEARÁ";60002534881;20;45;"Aplicação de renda fixa (CDB, RDB e outros)";"RDB ITAÚ";"1206,87";"04/08/2026";"17:11:48"
"04/08/2026";"19:30:07";2026;2;"Eleição Ordinária";6259;"Eleições Gerais Estaduais 2026";"04/10/2026";"CE";"CE";"CEARÁ";60002534881;22;61;"Depósito bancário em conta corrente no País";"CEF";"4344,05";"04/08/2026";"17:11:48"
"04/08/2026";"19:30:07";2026;2;"Eleição Ordinária";6259;"Eleições Gerais Estaduais 2026";"04/10/2026";"CE";"CE";"CEARÁ";60002534881;21;49;"Outras aplicações e Investimentos";"FM DE ALOCAÇÃO DINAMICA - BRADESCO";"38085,63";"04/08/2026";"17:11:48"
"04/08/2026";"19:30:07";2026;2;"Eleição Ordinária";6259;"Eleições Gerais Estaduais 2026";"04/10/2026";"CE";"CE";"CEARÁ";60002534883;1;49;"Outras aplicações e Investimentos";"BRADESCO";"70000,00";"04/08/2026";"17:11:51"
"04/08/2026";"19:30:07";2026;2;"Eleição Ordinária";6259;"Eleições Gerais Estaduais 2026";"04/10/2026";"CE";"CE";"CEARÁ";60002534883;3;21;"Veículo automotor terrestre: caminhão, automóvel, moto, etc.";"UM AUTOMÓVEL FIAT MOBI";"35000,00";"04/08/2026";"17:11:51"
"04/08/2026";"19:30:07";2026;2;"Eleição Ordinária";6259;"Eleições Gerais Estaduais 2026";"04/10/2026";"CE";"CE";"CEARÁ";60002534883;4;49;"Outras aplicações e Investimentos";"SANTANDER";"50000,00";"04/08/2026";"17:11:51"
"04/08/2026";"19:30:07";2026;2;"Eleição Ordinária";6259;"Eleições Gerais Estaduais 2026";"04/10/2026";"CE";"CE";"CEARÁ";60002534883;2;11;"Apartamento";"UM APARTAMENTO EM FORTALEZA/CE";"1260000,00";"04/08/2026";"17:11:51"
"04/08/2026";"19:30:07";2026;2;"Eleição Ordinária";6259;"Eleições Gerais Estaduais 2026";"04/10/2026";"CE";"CE";"CEARÁ";60002534883;7;21;"Veículo automotor terrestre: caminhão, automóvel, moto, etc.";"UM AUTOMÓVEL TOYOTA BANDEIRANTE";"55000,00";"04/08/2026";"17:11:51"
"04/08/2026";"19:30:07";2026;2;"Eleição Ordinária";6259;"Eleições Gerais Estaduais 2026";"04/10/2026";"CE";"CE";"CEARÁ";60002534883;5;49;"Outras aplicações e Investimentos";"APLICAÇÕES XP";"800000,00";"04/08/2026";"17:11:51"
"04/08/2026";"19:30:07";2026;2;"Eleição Ordinária";6259;"Eleições Gerais Estaduais 2026";"04/10/2026";"CE";"CE";"CEARÁ";60002534883;6;49;"Outras aplicações e Investimentos";"UNIMED";"105000,00";"04/08/2026";"17:11:51"
"04/08/2026";"19:30:07";2026;2;"Eleição Ordinária";6259;"Eleições Gerais Estaduais 2026";"04/10/2026";"CE";"CE";"CEARÁ";60002534883;8;21;"Veículo automotor terrestre: caminhão, automóvel, moto, etc.";"UM AUTOMÓVEL SW4";"200000,00";"04/08/2026";"17:11:51"
"04/08/2026";"19:30:07";2026;2;"Eleição Ordinária";6259;"Eleições Gerais Estaduais 2026";"04/10/2026";"CE";"CE";"CEARÁ";60002534883;9;21;"Veículo automotor terrestre: caminhão, automóvel, moto, etc.";"UM AUTOMÓVEL FUSCA";"30000,00";"04/08/2026";"17:11:51"
"04/08/2026";"19:30:07";2026;2;"Eleição Ordinária";6259;"Eleições Gerais Estaduais 2026";"04/10/2026";"CE";"CE";"CEARÁ";60002534884;1;12;"Casa";"UMA CASA EM EUSÉBIO/CE";"508805,62";"04/08/2026";"17:11:51"
"04/08/2026";"19:30:07";2026;2;"Eleição Ordinária";6259;"Eleições Gerais Estaduais 2026";"04/10/2026";"CE";"CE";"CEARÁ";60002534884;4;21;"Veículo automotor terrestre: caminhão, automóvel, moto, etc.";"UM AUTOMÓVEL KICKS";"90000,00";"04/08/2026";"17:11:51"
"04/08/2026";"19:30:07";2026;2;"Eleição Ordinária";6259;"Eleições Gerais Estaduais 2026";"04/10/2026";"CE";"CE";"CEARÁ";60002534884;2;49;"Outras aplicações e Investimentos";"APLICAÇÃO BB";"133743,87";"04/08/2026";"17:11:51"
"04/08/2026";"19:30:07";2026;2;"Eleição Ordinária";6259;"Eleições Gerais Estaduais 2026";"04/10/2026";"CE";"CE";"CEARÁ";60002534884;3;63;"Dinheiro em espécie - moeda nacional";"DINHEIRO EM ESPÉCIE";"50000,00";"04/08/2026";"17:11:51"
"04/08/2026";"19:30:07";2026;2;"Eleição Ordinária";6259;"Eleições Gerais Estaduais 2026";"04/10/2026";"CE";"CE";"CEARÁ";60002534885;2;21;"Veículo automotor terrestre: caminhão, automóvel, moto, etc.";"UM AUTOMÓVEL T-CROSS";"130000,00";"04/08/2026";"17:11:51"
"04/08/2026";"19:30:07";2026;2;"Eleição Ordinária";6259;"Eleições Gerais Estaduais 2026";"04/10/2026";"CE";"CE";"CEARÁ";60002534885;1;11;"Apartamento";"UM APARTAMENTO E FORTALEZA/CE";"320000,00";"04/08/2026";"17:11:51"
"04/08/2026";"19:30:07";2026;2;"Eleição Ordinária";6259;"Eleições Gerais Estaduais 2026";"04/10/2026";"CE";"CE";"CEARÁ";60002534884;5;32;"Quotas ou quinhões de capital";"COTA EM EMPRESA EVOLUÇÃO TRANSPORTE E LOGÍSTICA";"20000,00";"04/08/2026";"17:11:51"
"04/08/2026";"19:30:07";2026;2;"Eleição Ordinária";6259;"Eleições Gerais Estaduais 2026";"04/10/2026";"CE";"CE";"CEARÁ";60002534886;3;21;"Veículo automotor terrestre: caminhão, automóvel, moto, etc.";"UM AUTOMÓVEL BMW 320I3B11";"92000,00";"04/08/2026";"17:11:51"
"04/08/2026";"19:30:07";2026;2;"Eleição Ordinária";6259;"Eleições Gerais Estaduais 2026";"04/10/2026";"CE";"CE";"CEARÁ";60002534886;1;21;"Veículo automotor terrestre: caminhão, automóvel, moto, etc.";"UM AUTOMÓVEL JETOUR T2 I-DM";"324000,00";"04/08/2026";"17:11:51"
"04/08/2026";"19:30:07";2026;2;"Eleição Ordinária";6259;"Eleições Gerais Estaduais 2026";"04/10/2026";"CE";"CE";"CEARÁ";60002534886;2;11;"Apartamento";"UM APARTAMENTO FINANCIADO";"1460000,00";"04/08/2026";"17:11:51"
"04/08/2026";"19:30:07";2026;2;"Eleição Ordinária";6259;"Eleições Gerais Estaduais 2026";"04/10/2026";"CE";"CE";"CEARÁ";60002534887;3;13;"Terreno";"UM TERRENO EM EUSEBIO/CE";"720000,00";"04/08/2026";"17:11:51"
"04/08/2026";"19:30:07";2026;2;"Eleição Ordinária";6259;"Eleições Gerais Estaduais 2026";"04/10/2026";"CE";"CE";"CEARÁ";60002534887;2;49;"Outras aplicações e Investimentos";"TÍTULO CAPITALIZAÇÃO ITAU";"5122,41";"04/08/2026";"17:11:51"
"04/08/2026";"19:30:07";2026;2;"Eleição Ordinária";6259;"Eleições Gerais Estaduais 2026";"04/10/2026";"CE";"CE";"CEARÁ";60002534887;1;45;"Aplicação de renda fixa (CDB, RDB e outros)";"BB CDB";"24315,89";"04/08/2026";"17:11:51"
"04/08/2026";"19:30:07";2026;2;"Eleição Ordinária";6259;"Eleições Gerais Estaduais 2026";"04/10/2026";"CE";"CE";"CEARÁ";60002534887;5;49;"Outras aplicações e Investimentos";"OUROCAP UNICO";"5018,23";"04/08/2026";"17:11:51"
"04/08/2026";"19:30:07";2026;2;"Eleição Ordinária";6259;"Eleições Gerais Estaduais 2026";"04/10/2026";"CE";"CE";"CEARÁ";60002534887;6;45;"Aplicação de renda fixa (CDB, RDB e outros)";"BB RESERVA COFRINHO";"52523,81";"04/08/2026";"17:11:51"
"04/08/2026";"19:30:07";2026;2;"Eleição Ordinária";6259;"Eleições Gerais Estaduais 2026";"04/10/2026";"CE";"CE";"CEARÁ";60002534887;4;45;"Aplicação de renda fixa (CDB, RDB e outros)";"RDB NUBANK";"132160,00";"04/08/2026";"17:11:51"
"04/08/2026";"19:30:07";2026;2;"Eleição Ordinária";6259;"Eleições Gerais Estaduais 2026";"04/10/2026";"CE";"CE";"CEARÁ";60002534887;7;49;"Outras aplicações e Investimentos";"TÍTULO DE CAPITALIZAÇÃO BRADESCO";"12268,20";"04/08/2026";"17:11:51"
"04/08/2026";"19:30:07";2026;2;"Eleição Ordinária";6259;"Eleições Gerais Estaduais 2026";"04/10/2026";"CE";"CE";"CEARÁ";60002534887;8;45;"Aplicação de renda fixa (CDB, RDB e outros)";"RDB/CDB SANTANDER";"82231,32";"04/08/2026";"17:11:51"
"04/08/2026";"19:30:07";2026;2;"Eleição Ordinária";6259;"Eleições Gerais Estaduais 2026";"04/10/2026";"CE";"CE";"CEARÁ";60002534888;1;32;"Quotas ou quinhões de capital";"QUOTAS DE CAPITAL DE EMPRESAS";"1733158,35";"04/08/2026";"17:11:48"
"04/08/2026";"19:30:07";2026;2;"Eleição Ordinária";6259;"Eleições Gerais Estaduais 2026";"04/10/2026";"CE";"CE";"CEARÁ";60002534888;2;21;"Veículo automotor terrestre: caminhão, automóvel, moto, etc.";"UM AUTOMÓVEL TOYOTA COROLLA";"180000,00";"04/08/2026";"17:11:48"
"04/08/2026";"19:30:07";2026;2;"Eleição Ordinária";6259;"Eleições Gerais Estaduais 2026";"04/10/2026";"CE";"CE";"CEARÁ";60002534888;3;49;"Outras aplicações e Investimentos";"APLICAÇÕES E INVESTIMENTOS";"1289810,11";"04/08/2026";"17:11:48"
"04/08/2026";"19:30:07";2026;2;"Eleição Ordinária";6259;"Eleições Gerais Estaduais 2026";"04/10/2026";"CE";"CE";"CEARÁ";60002534889;1;32;"Quotas ou quinhões de capital";"60% DA SOCIEDADE DE ESCRITÓRIO DE ADVOCACIA";"180000,00";"04/08/2026";"17:11:51"
"04/08/2026";"19:30:07";2026;2;"Eleição Ordinária";6259;"Eleições Gerais Estaduais 2026";"04/10/2026";"CE";"CE";"CEARÁ";60002534889;2;21;"Veículo automotor terrestre: caminhão, automóvel, moto, etc.";"UM AUTOMÓVEL NIVUS";"150000,00";"04/08/2026";"17:11:51"
"04/08/2026";"19:30:07";2026;2;"Eleição Ordinária";6259;"Eleições Gerais Estaduais 2026";"04/10/2026";"CE";"CE";"CEARÁ";60002534890;1;13;"Terreno";"UM TERRENO EM CASCAVE/CE";"60000,00";"04/08/2026";"17:11:51"
"04/08/2026";"19:30:07";2026;2;"Eleição Ordinária";6259;"Eleições Gerais Estaduais 2026";"04/10/2026";"CE";"CE";"CEARÁ";60002534889;3;15;"Sala ou conjunto";"SALA COMERCIAL";"200000,00";"04/08/2026";"17:11:51"
"04/08/2026";"19:30:07";2026;2;"Eleição Ordinária";6259;"Eleições Gerais Estaduais 2026";"04/10/2026";"CE";"CE";"CEARÁ";60002534891;1;21;"Veículo automotor terrestre: caminhão, automóvel, moto, etc.";"UM AUTOMÓVEL TIGGO 7 FINANCIADO";"170000,00";"04/08/2026";"17:11:49"
"04/08/2026";"19:30:07";2026;2;"Eleição Ordinária";6259;"Eleições Gerais Estaduais 2026";"04/10/2026";"CE";"CE";"CEARÁ";60002534890;2;12;"Casa";"UMA CASA EM FORTALEZA/CE";"350000,00";"04/08/2026";"17:11:51"
"04/08/2026";"19:30:07";2026;2;"Eleição Ordinária";6259;"Eleições Gerais Estaduais 2026";"04/10/2026";"CE";"CE";"CEARÁ";60002534890;3;32;"Quotas ou quinhões de capital";"CAPITAL SOCIAL DE UMA PANIFICADORA";"100000,00";"04/08/2026";"17:11:51"
"04/08/2026";"19:30:07";2026;2;"Eleição Ordinária";6259;"Eleições Gerais Estaduais 2026";"04/10/2026";"CE";"CE";"CEARÁ";60002534892;1;21;"Veículo automotor terrestre: caminhão, automóvel, moto, etc.";"UM AUTOMÓVEL";"100000,00";"04/08/2026";"17:11:51"
"04/08/2026";"19:30:07";2026;2;"Eleição Ordinária";6259;"Eleições Gerais Estaduais 2026";"04/10/2026";"CE";"CE";"CEARÁ";60002534893;1;21;"Veículo automotor terrestre: caminhão, automóvel, moto, etc.";"UM AUTOMÓVEL TOYOTA/HILUX 2024/2025 FINANCIADO";"400000,00";"04/08/2026";"17:11:48"
"04/08/2026";"19:30:07";2026;2;"Eleição Ordinária";6259;"Eleições Gerais Estaduais 2026";"04/10/2026";"CE";"CE";"CEARÁ";60002534893;2;41;"Caderneta de poupança";"CONTA POUPANÇA SANTANDER";"3056,54";"04/08/2026";"17:11:48"
"04/08/2026";"19:30:07";2026;2;"Eleição Ordinária";6259;"Eleições Gerais Estaduais 2026";"04/10/2026";"CE";"CE";"CEARÁ";60002534893;3;61;"Depósito bancário em conta corrente no País";"CONTA CORRENTE CEF";"463,91";"04/08/2026";"17:11:48"
"04/08/2026";"19:30:07";2026;2;"Eleição Ordinária";6259;"Eleições Gerais Estaduais 2026";"04/10/2026";"CE";"CE";"CEARÁ";60002534893;4;61;"Depósito bancário em conta corrente no País";"CONTA CORRENTE CEF";"1734,49";"04/08/2026";"17:11:48"
"04/08/2026";"19:30:07";2026;2;"Eleição Ordinária";6259;"Eleições Gerais Estaduais 2026";"04/10/2026";"CE";"CE";"CEARÁ";60002534893;5;45;"Aplicação de renda fixa (CDB, RDB e outros)";"SANTANDER INFLAÇÃO";"7331,58";"04/08/2026";"17:11:48"
"04/08/2026";"19:30:07";2026;2;"Eleição Ordinária";6259;"Eleições Gerais Estaduais 2026";"04/10/2026";"CE";"CE";"CEARÁ";60002534893;6;32;"Quotas ou quinhões de capital";"50% DO CAPITAL SOCIAL DE EMPRESA";"474517,92";"04/08/2026";"17:11:48"
"04/08/2026";"19:30:07";2026;2;"Eleição Ordinária";6259;"Eleições Gerais Estaduais 2026";"04/10/2026";"CE";"CE";"CEARÁ";60002534893;7;32;"Quotas ou quinhões de capital";"CAPITAL SOCIAL NA EMPRESA MR SERVIÇOS EDUCACIONAIS LTDA";"5000,00";"04/08/2026";"17:11:48"
"04/08/2026";"19:30:07";2026;2;"Eleição Ordinária";6259;"Eleições Gerais Estaduais 2026";"04/10/2026";"CE";"CE";"CEARÁ";60002534893;8;45;"Aplicação de renda fixa (CDB, RDB e outros)";"CDB SANTANDER";"1787,06";"04/08/2026";"17:11:48"
"04/08/2026";"19:30:07";2026;2;"Eleição Ordinária";6259;"Eleições Gerais Estaduais 2026";"04/10/2026";"CE";"CE";"CEARÁ";60002534893;11;21;"Veículo automotor terrestre: caminhão, automóvel, moto, etc.";"UMA MOTOCICLETA HONDA XRE/190 2023/2024";"20770,00";"04/08/2026";"17:11:48"
"04/08/2026";"19:30:07";2026;2;"Eleição Ordinária";6259;"Eleições Gerais Estaduais 2026";"04/10/2026";"CE";"CE";"CEARÁ";60002534893;10;12;"Casa";"UMA CASA FINANCIADA EM SOBRAL/CE";"990000,00";"04/08/2026";"17:11:48"
"04/08/2026";"19:30:07";2026;2;"Eleição Ordinária";6259;"Eleições Gerais Estaduais 2026";"04/10/2026";"CE";"CE";"CEARÁ";60002534893;9;45;"Aplicação de renda fixa (CDB, RDB e outros)";"APLICAÇÃO BRADESCO";"16039,58";"04/08/2026";"17:11:48"
"04/08/2026";"19:30:07";2026;2;"Eleição Ordinária";6259;"Eleições Gerais Estaduais 2026";"04/10/2026";"CE";"CE";"CEARÁ";60002534893;14;49;"Outras aplicações e Investimentos";"PREMIOS EM VGBL";"5626,56";"04/08/2026";"17:11:48"
"04/08/2026";"19:30:07";2026;2;"Eleição Ordinária";6259;"Eleições Gerais Estaduais 2026";"04/10/2026";"CE";"CE";"CEARÁ";60002534893;13;41;"Caderneta de poupança";"CONTA POUPANÇA CEF";"2,01";"04/08/2026";"17:11:48"
"04/08/2026";"19:30:07";2026;2;"Eleição Ordinária";6259;"Eleições Gerais Estaduais 2026";"04/10/2026";"CE";"CE";"CEARÁ";60002534893;12;45;"Aplicação de renda fixa (CDB, RDB e outros)";"LCI SANTANDER";"100000,00";"04/08/2026";"17:11:48"
"04/08/2026";"19:30:07";2026;2;"Eleição Ordinária";6259;"Eleições Gerais Estaduais 2026";"04/10/2026";"CE";"CE";"CEARÁ";60002534893;15;49;"Outras aplicações e Investimentos";"CAPITALIZAÇÃO SANTANDER";"5564,90";"04/08/2026";"17:11:48"
"04/08/2026";"19:30:07";2026;2;"Eleição Ordinária";6259;"Eleições Gerais Estaduais 2026";"04/10/2026";"CE";"CE";"CEARÁ";60002534893;17;45;"Aplicação de renda fixa (CDB, RDB e outros)";"SANTANDER ADVANCED";"101600,91";"04/08/2026";"17:11:48"
"04/08/2026";"19:30:07";2026;2;"Eleição Ordinária";6259;"Eleições Gerais Estaduais 2026";"04/10/2026";"CE";"CE";"CEARÁ";60002534893;16;45;"Aplicação de renda fixa (CDB, RDB e outros)";"SANTANDER EQUILIBRIO";"102507,90";"04/08/2026";"17:11:48"
"04/08/2026";"19:30:07";2026;2;"Eleição Ordinária";6259;"Eleições Gerais Estaduais 2026";"04/10/2026";"CE";"CE";"CEARÁ";60002534893;18;21;"Veículo automotor terrestre: caminhão, automóvel, moto, etc.";"UMA MOTOCICLETA HONDA XRE/190 2023";"21042,00";"04/08/2026";"17:11:48"
"04/08/2026";"19:30:07";2026;2;"Eleição Ordinária";6259;"Eleições Gerais Estaduais 2026";"04/10/2026";"CE";"CE";"CEARÁ";60002535135;1;21;"Veículo automotor terrestre: caminhão, automóvel, moto, etc.";"UM AUTOMÓVEL SW4";"225000,00";"04/08/2026";"17:11:51"
"04/08/2026";"19:30:07";2026;2;"Eleição Ordinária";6259;"Eleições Gerais Estaduais 2026";"04/10/2026";"CE";"CE";"CEARÁ";60002535135;2;21;"Veículo automotor terrestre: caminhão, automóvel, moto, etc.";"UM AUTOMÓVEL TRITON L200";"100000,00";"04/08/2026";"17:11:51"
"04/08/2026";"19:30:07";2026;2;"Eleição Ordinária";6259;"Eleições Gerais Estaduais 2026";"04/10/2026";"CE";"CE";"CEARÁ";60002535135;3;13;"Terreno";"UM TERRENO EM BEBERIBE/CE";"600000,00";"04/08/2026";"17:11:51"
"04/08/2026";"19:30:07";2026;2;"Eleição Ordinária";6259;"Eleições Gerais Estaduais 2026";"04/10/2026";"CE";"CE";"CEARÁ";60002535136;1;61;"Depósito bancário em conta corrente no País";"CONTA CORRENTE DO BRASIL";"416,47";"04/08/2026";"17:11:51"
"04/08/2026";"19:30:07";2026;2;"Eleição Ordinária";6259;"Eleições Gerais Estaduais 2026";"04/10/2026";"CE";"CE";"CEARÁ";60002535135;4;11;"Apartamento";"UM APARTAMENTO EM FORTALEZA/CE";"700000,00";"04/08/2026";"17:11:51"
"04/08/2026";"19:30:07";2026;2;"Eleição Ordinária";6259;"Eleições Gerais Estaduais 2026";"04/10/2026";"CE";"CE";"CEARÁ";60002535136;3;21;"Veículo automotor terrestre: caminhão, automóvel, moto, etc.";"UM VEICULO COROLLA CROSS";"175000,00";"04/08/2026";"17:11:51"
"04/08/2026";"19:30:07";2026;2;"Eleição Ordinária";6259;"Eleições Gerais Estaduais 2026";"04/10/2026";"CE";"CE";"CEARÁ";60002535136;4;21;"Veículo automotor terrestre: caminhão, automóvel, moto, etc.";"UM VEICULO HYUNDAY CRETA";"145000,00";"04/08/2026";"17:11:51"
"04/08/2026";"19:30:07";2026;2;"Eleição Ordinária";6259;"Eleições Gerais Estaduais 2026";"04/10/2026";"CE";"CE";"CEARÁ";60002535136;2;32;"Quotas ou quinhões de capital";"51% DAS COTAS DE CAPITAL DA SALLTO CONSULTORIA";"30600,00";"04/08/2026";"17:11:51"
"04/08/2026";"19:30:07";2026;2;"Eleição Ordinária";6259;"Eleições Gerais Estaduais 2026";"04/10/2026";"CE";"CE";"CEARÁ";60002535136;5;41;"Caderneta de poupança";"POUPANÇA BRADESCO";"1405,47";"04/08/2026";"17:11:51"
"04/08/2026";"19:30:07";2026;2;"Eleição Ordinária";6259;"Eleições Gerais Estaduais 2026";"04/10/2026";"CE";"CE";"CEARÁ";60002535136;7;45;"Aplicação de renda fixa (CDB, RDB e outros)";"CDB SANTANDER";"1265,35";"04/08/2026";"17:11:51"
"04/08/2026";"19:30:07";2026;2;"Eleição Ordinária";6259;"Eleições Gerais Estaduais 2026";"04/10/2026";"CE";"CE";"CEARÁ";60002535136;6;45;"Aplicação de renda fixa (CDB, RDB e outros)";"CDB ITAÚ";"20695,51";"04/08/2026";"17:11:51"
"04/08/2026";"19:30:07";2026;2;"Eleição Ordinária";6259;"Eleições Gerais Estaduais 2026";"04/10/2026";"CE";"CE";"CEARÁ";60002535139;3;12;"Casa";"UMA CASA EM CAUCAIA/CE";"267500,00";"04/08/2026";"17:11:51"
"04/08/2026";"19:30:07";2026;2;"Eleição Ordinária";6259;"Eleições Gerais Estaduais 2026";"04/10/2026";"CE";"CE";"CEARÁ";60002535139;2;32;"Quotas ou quinhões de capital";"99% EMPRESA JRC REPRESENTAÇÕES COMERCIAIS LTDA";"7920,00";"04/08/2026";"17:11:51"
"04/08/2026";"19:30:07";2026;2;"Eleição Ordinária";6259;"Eleições Gerais Estaduais 2026";"04/10/2026";"CE";"CE";"CEARÁ";60002535139;1;32;"Quotas ou quinhões de capital";"45% EMPRESA RCC COMÉRCIO DE PRODUTOS E SERVIÇOS";"27000,00";"04/08/2026";"17:11:51"
"04/08/2026";"19:30:07";2026;2;"Eleição Ordinária";6259;"Eleições Gerais Estaduais 2026";"04/10/2026";"CE";"CE";"CEARÁ";60002535615;2;21;"Veículo automotor terrestre: caminhão, automóvel, moto, etc.";"UM VEICULO CREV/TRAILBRAZER LTZ D4A  COR PRATA 2017/2018";"120000,00";"04/08/2026";"17:11:55"
"04/08/2026";"19:30:07";2026;2;"Eleição Ordinária";6259;"Eleições Gerais Estaduais 2026";"04/10/2026";"CE";"CE";"CEARÁ";60002535615;1;13;"Terreno";"UM TERRENO  NO SITIO CARITE  EM JUAZEIRO DO NORTE";"125000,00";"04/08/2026";"17:11:55"
"04/08/2026";"19:30:07";2026;2;"Eleição Ordinária";6259;"Eleições Gerais Estaduais 2026";"04/10/2026";"CE";"CE";"CEARÁ";60002535139;4;32;"Quotas ou quinhões de capital";"100% EMPRESA UP2";"200000,00";"04/08/2026";"17:11:51"
"04/08/2026";"19:30:07";2026;2;"Eleição Ordinária";6259;"Eleições Gerais Estaduais 2026";"04/10/2026";"CE";"CE";"CEARÁ";60002535618;1;21;"Veículo automotor terrestre: caminhão, automóvel, moto, etc.";"VEICULO";"20000,00";"04/08/2026";"17:11:55"
"04/08/2026";"19:30:07";2026;2;"Eleição Ordinária";6259;"Eleições Gerais Estaduais 2026";"04/10/2026";"CE";"CE";"CEARÁ";60002535615;4;13;"Terreno";"UM TERRENO NO PARQUE ECOLOGICO  EM JUAZEIRO DO NORTE";"67500,00";"04/08/2026";"17:11:55"
"04/08/2026";"19:30:07";2026;2;"Eleição Ordinária";6259;"Eleições Gerais Estaduais 2026";"04/10/2026";"CE";"CE";"CEARÁ";60002535615;3;12;"Casa";"CASA RESIDENCIA NA RUA JOSE XAVIES  DE OLIVEIRA  PIRAJA JUAZEIRO DO NORTE";"100000,00";"04/08/2026";"17:11:55"
"04/08/2026";"19:30:07";2026;2;"Eleição Ordinária";6259;"Eleições Gerais Estaduais 2026";"04/10/2026";"CE";"CE";"CEARÁ";60002535620;2;21;"Veículo automotor terrestre: caminhão, automóvel, moto, etc.";"UM FIAT UNO VIVACE 2015 PRATA";"20000,00";"04/08/2026";"17:11:55"
"04/08/2026";"19:30:07";2026;2;"Eleição Ordinária";6259;"Eleições Gerais Estaduais 2026";"04/10/2026";"CE";"CE";"CEARÁ";60002535622;1;21;"Veículo automotor terrestre: caminhão, automóvel, moto, etc.";"MOTO YAMARA XT 660R  ANO 2023/2013";"29000,00";"04/08/2026";"17:11:55"
"04/08/2026";"19:30:07";2026;2;"Eleição Ordinária";6259;"Eleições Gerais Estaduais 2026";"04/10/2026";"CE";"CE";"CEARÁ";60002535620;1;12;"Casa";"UMA CASA NA RUA: ERNANI MARTINS 851 CASA B";"120000,00";"04/08/2026";"17:11:55"
"04/08/2026";"19:30:07";2026;2;"Eleição Ordinária";6259;"Eleições Gerais Estaduais 2026";"04/10/2026";"CE";"CE";"CEARÁ";60002535622;2;39;"Outras participações societárias";"10.000 QUOTAS DE CAPITAL CORRESPONDENDO A 100% DA EMPRESA RESTAURANTE E PIZZARIA MANANCIAL GRILL LTDA";"10000,00";"04/08/2026";"17:11:55"
"04/08/2026";"19:30:07";2026;2;"Eleição Ordinária";6259;"Eleições Gerais Estaduais 2026";"04/10/2026";"CE";"CE";"CEARÁ";60002535623;1;21;"Veículo automotor terrestre: caminhão, automóvel, moto, etc.";"TOYOTA COROLLA 2001 XEI AUTOMATICO NA COR PRATA";"19500,00";"04/08/2026";"17:11:55"
"04/08/2026";"19:30:07";2026;2;"Eleição Ordinária";6259;"Eleições Gerais Estaduais 2026";"04/10/2026";"CE";"CE";"CEARÁ";60002535622;3;61;"Depósito bancário em conta corrente no País";"CONTA CORRENTE  AGENCIA 341 DO BANCO DO BRASIL FORTALEZA";"30000,00";"04/08/2026";"17:11:55"
"04/08/2026";"19:30:07";2026;2;"Eleição Ordinária";6259;"Eleições Gerais Estaduais 2026";"04/10/2026";"CE";"CE";"CEARÁ";60002535627;1;21;"Veículo automotor terrestre: caminhão, automóvel, moto, etc.";"JEEP COMPASS LIMITED D, ANO/MODELO 2019/2020,-JEEP RENEGATE 1.8, COR VERMELHO";"180000,00";"04/08/2026";"17:11:55"
"04/08/2026";"19:30:07";2026;2;"Eleição Ordinária";6259;"Eleições Gerais Estaduais 2026";"04/10/2026";"CE";"CE";"CEARÁ";60002535629;1;21;"Veículo automotor terrestre: caminhão, automóvel, moto, etc.";"AUTOMOVEL PALIO 2016 ¿ PLACA PNJ 9200";"29276,00";"04/08/2026";"17:11:55"
"04/08/2026";"19:30:07";2026;2;"Eleição Ordinária";6259;"Eleições Gerais Estaduais 2026";"04/10/2026";"CE";"CE";"CEARÁ";60002535628;1;63;"Dinheiro em espécie - moeda nacional";"DINHEIRO EM ESPECIE EM CAIXA";"245000,00";"04/08/2026";"17:20:55"
"04/08/2026";"19:30:07";2026;2;"Eleição Ordinária";6259;"Eleições Gerais Estaduais 2026";"04/10/2026";"CE";"CE";"CEARÁ";60002535631;2;13;"Terreno";"UM TERRENO QUINTAS DOS LAGOS  PRAIA DOS COQUEIROS LOTE 27";"600000,00";"04/08/2026";"17:11:55"
"04/08/2026";"19:30:07";2026;2;"Eleição Ordinária";6259;"Eleições Gerais Estaduais 2026";"04/10/2026";"CE";"CE";"CEARÁ";60002535631;3;13;"Terreno";"SITIO BARROCÃO EM PINDORETAMA";"500000,00";"04/08/2026";"17:11:55"
"04/08/2026";"19:30:07";2026;2;"Eleição Ordinária";6259;"Eleições Gerais Estaduais 2026";"04/10/2026";"CE";"CE";"CEARÁ";60002535631;1;12;"Casa";"UM CASA NA TRVESSA SARAIVA FORTALEZA";"700000,00";"04/08/2026";"17:11:55"
"04/08/2026";"19:30:07";2026;2;"Eleição Ordinária";6259;"Eleições Gerais Estaduais 2026";"04/10/2026";"CE";"CE";"CEARÁ";60002535631;6;21;"Veículo automotor terrestre: caminhão, automóvel, moto, etc.";"UM CARRO FIAT/SIENAFIRE FLEX 2010/2009";"15000,00";"04/08/2026";"17:11:55"
"04/08/2026";"19:30:07";2026;2;"Eleição Ordinária";6259;"Eleições Gerais Estaduais 2026";"04/10/2026";"CE";"CE";"CEARÁ";60002535631;5;21;"Veículo automotor terrestre: caminhão, automóvel, moto, etc.";"MOTO YAMARA 2013";"15000,00";"04/08/2026";"17:11:55"
"04/08/2026";"19:30:07";2026;2;"Eleição Ordinária";6259;"Eleições Gerais Estaduais 2026";"04/10/2026";"CE";"CE";"CEARÁ";60002535631;4;13;"Terreno";"UM TERRENO NO MUNCIPIO DO EUSEBIO";"500000,00";"04/08/2026";"17:11:55"
"04/08/2026";"19:30:07";2026;2;"Eleição Ordinária";6259;"Eleições Gerais Estaduais 2026";"04/10/2026";"CE";"CE";"CEARÁ";60002535631;9;21;"Veículo automotor terrestre: caminhão, automóvel, moto, etc.";"CAMINHA M. BENZ/L11131971/1971";"45000,00";"04/08/2026";"17:11:55"
"04/08/2026";"19:30:07";2026;2;"Eleição Ordinária";6259;"Eleições Gerais Estaduais 2026";"04/10/2026";"CE";"CE";"CEARÁ";60002535631;7;21;"Veículo automotor terrestre: caminhão, automóvel, moto, etc.";"UM CARRO I/TOYOTA HILLUXSW4 SRV 4X4";"65000,00";"04/08/2026";"17:11:55"
"04/08/2026";"19:30:07";2026;2;"Eleição Ordinária";6259;"Eleições Gerais Estaduais 2026";"04/10/2026";"CE";"CE";"CEARÁ";60002535631;8;21;"Veículo automotor terrestre: caminhão, automóvel, moto, etc.";"UM CARRO TOYOTA COROLLA GU FLEX ANO 2013";"50000,00";"04/08/2026";"17:11:55"
"04/08/2026";"19:30:07";2026;2;"Eleição Ordinária";6259;"Eleições Gerais Estaduais 2026";"04/10/2026";"CE";"CE";"CEARÁ";60002535631;10;21;"Veículo automotor terrestre: caminhão, automóvel, moto, etc.";"I/JEEPGCHEROKEEITO CRD JIPE2013/2013";"50000,00";"04/08/2026";"17:11:55"
"04/08/2026";"19:30:07";2026;2;"Eleição Ordinária";6259;"Eleições Gerais Estaduais 2026";"04/10/2026";"CE";"CE";"CEARÁ";60002535633;1;21;"Veículo automotor terrestre: caminhão, automóvel, moto, etc.";"FORD/ECOSPORT FSLAT 2.0 BRANCO 2015/2015";"60000,00";"04/08/2026";"17:11:55"
"04/08/2026";"19:30:07";2026;2;"Eleição Ordinária";6259;"Eleições Gerais Estaduais 2026";"04/10/2026";"CE";"CE";"CEARÁ";60002535633;2;21;"Veículo automotor terrestre: caminhão, automóvel, moto, etc.";"TOYOTA/COROLLA - COR PRATA ANO 2010/2010";"50000,00";"04/08/2026";"17:11:55"
"04/08/2026";"19:30:07";2026;2;"Eleição Ordinária";6259;"Eleições Gerais Estaduais 2026";"04/10/2026";"CE";"CE";"CEARÁ";60002535638;2;12;"Casa";"AVENIDA DOM LINO  RUSSAS 251,9M2";"65000,00";"04/08/2026";"17:11:55"
"04/08/2026";"19:30:07";2026;2;"Eleição Ordinária";6259;"Eleições Gerais Estaduais 2026";"04/10/2026";"CE";"CE";"CEARÁ";60002535638;1;12;"Casa";"AVENIDA DOM LINO RUSSAS 320,2 M";"65000,00";"04/08/2026";"17:11:55"
"04/08/2026";"19:30:07";2026;2;"Eleição Ordinária";6259;"Eleições Gerais Estaduais 2026";"04/10/2026";"CE";"CE";"CEARÁ";60002535638;3;2;"Prédio comercial";"AVENIDA DOM LINO120,9 M2";"20000,00";"04/08/2026";"17:11:55"
"04/08/2026";"19:30:07";2026;2;"Eleição Ordinária";6259;"Eleições Gerais Estaduais 2026";"04/10/2026";"CE";"CE";"CEARÁ";60002535638;6;1;"Prédio residencial";"PREDIO FINANCIADO NA BENJAMIM CONSTANT AREA 299,4M 2";"771023,34";"04/08/2026";"17:11:55"
"04/08/2026";"19:30:07";2026;2;"Eleição Ordinária";6259;"Eleições Gerais Estaduais 2026";"04/10/2026";"CE";"CE";"CEARÁ";60002535638;5;12;"Casa";"RUA IRMA MARIA DA GRAÇA RUSSAS 500,0M2";"100000,00";"04/08/2026";"17:11:55"
"04/08/2026";"19:30:07";2026;2;"Eleição Ordinária";6259;"Eleições Gerais Estaduais 2026";"04/10/2026";"CE";"CE";"CEARÁ";60002535638;4;32;"Quotas ou quinhões de capital";"100% QUOTA S NA EMPRESA MAFALDA MAGAZINE LTDA";"60000,00";"04/08/2026";"17:11:55"
"04/08/2026";"19:30:07";2026;2;"Eleição Ordinária";6259;"Eleições Gerais Estaduais 2026";"04/10/2026";"CE";"CE";"CEARÁ";60002535641;1;21;"Veículo automotor terrestre: caminhão, automóvel, moto, etc.";"UM CARRO CLASSIC";"20000,00";"04/08/2026";"17:11:55"
"04/08/2026";"19:30:07";2026;2;"Eleição Ordinária";6259;"Eleições Gerais Estaduais 2026";"04/10/2026";"CE";"CE";"CEARÁ";60002535642;1;21;"Veículo automotor terrestre: caminhão, automóvel, moto, etc.";"HONDA NXR 160 BROS ANO 2019-2019 COR AZUK";"14000,00";"04/08/2026";"17:11:55"
"04/08/2026";"19:30:07";2026;2;"Eleição Ordinária";6259;"Eleições Gerais Estaduais 2026";"04/10/2026";"CE";"CE";"CEARÁ";60002535638;7;13;"Terreno";"NA LOCALIDADE DE PEIXE GORDO 103,3 HA TABULEIRO DO NORTE ZONA RURAL";"220000,00";"04/08/2026";"17:11:55"
"04/08/2026";"19:30:07";2026;2;"Eleição Ordinária";6259;"Eleições Gerais Estaduais 2026";"04/10/2026";"CE";"CE";"CEARÁ";60002535645;1;21;"Veículo automotor terrestre: caminhão, automóvel, moto, etc.";"UM HONDA FIT 2017";"70000,00";"04/08/2026";"17:11:55"
"04/08/2026";"19:30:07";2026;2;"Eleição Ordinária";6259;"Eleições Gerais Estaduais 2026";"04/10/2026";"CE";"CE";"CEARÁ";60002535642;2;13;"Terreno";"TERRENO NO LOTEAMENTO BELA VISTA LT 02 675,0 M M MAURITI";"6250,00";"04/08/2026";"17:11:55"
"04/08/2026";"19:30:07";2026;2;"Eleição Ordinária";6259;"Eleições Gerais Estaduais 2026";"04/10/2026";"CE";"CE";"CEARÁ";60002535643;1;11;"Apartamento";"APARTAMENTO  NA : RUA JOSE RIBAMAR SOARES AGUIAR COMP.: APTO 403 BLOCO A MUNICÍPIO: FORTALEZA";"248468,24";"04/08/2026";"17:11:55"
"04/08/2026";"19:30:07";2026;2;"Eleição Ordinária";6259;"Eleições Gerais Estaduais 2026";"04/10/2026";"CE";"CE";"CEARÁ";60002535646;1;21;"Veículo automotor terrestre: caminhão, automóvel, moto, etc.";"JEEP COMPASS LIMITED D, ANO/MODELO 2019/2020, COR PRETA, DIESEL, PLACAS POD3G55, ADQUIRIDA EM OUT/2022, PELO VALOR TOTAL R$ 180.000,00, SENDO R$ 100.000,00 PELA ENTRADA DO JEEP RENEGATE 1.8, COR VERM";"180000,00";"04/08/2026";"17:11:55"
"04/08/2026";"19:30:07";2026;2;"Eleição Ordinária";6259;"Eleições Gerais Estaduais 2026";"04/10/2026";"CE";"CE";"CEARÁ";60002536048;1;21;"Veículo automotor terrestre: caminhão, automóvel, moto, etc.";"AUTOMÓVEL CHEVROLET TRACKER 2022/2023, COR VERMELHA, PLACA RPN0E59";"102000,00";"04/08/2026";"17:11:50"
"04/08/2026";"19:30:07";2026;2;"Eleição Ordinária";6259;"Eleições Gerais Estaduais 2026";"04/10/2026";"CE";"CE";"CEARÁ";60002536047;1;12;"Casa";"01 IMÓVEL EM FORTALEZA/CEARÁ";"155000,00";"04/08/2026";"17:11:53"
"04/08/2026";"19:30:07";2026;2;"Eleição Ordinária";6259;"Eleições Gerais Estaduais 2026";"04/10/2026";"CE";"CE";"CEARÁ";60002536050;2;21;"Veículo automotor terrestre: caminhão, automóvel, moto, etc.";"1 (UM) CAMINHÃO WOLKSVAGEM DELIVERY ANO 2006 PLACA HYV6681";"110000,00";"04/08/2026";"17:11:53"
"04/08/2026";"19:30:07";2026;2;"Eleição Ordinária";6259;"Eleições Gerais Estaduais 2026";"04/10/2026";"CE";"CE";"CEARÁ";60002536050;3;21;"Veículo automotor terrestre: caminhão, automóvel, moto, etc.";"1 (UM) MOTO HONDA XRE 190 ANO 2019 PLACA PNZ9532";"17000,00";"04/08/2026";"17:11:53"
"04/08/2026";"19:30:07";2026;2;"Eleição Ordinária";6259;"Eleições Gerais Estaduais 2026";"04/10/2026";"CE";"CE";"CEARÁ";60002536050;1;21;"Veículo automotor terrestre: caminhão, automóvel, moto, etc.";"1(UM) PICAPE TRITON HPE AT 4 ANO 2026 PLACA TII7I02";"250000,00";"04/08/2026";"17:11:53"
"04/08/2026";"19:30:07";2026;2;"Eleição Ordinária";6259;"Eleições Gerais Estaduais 2026";"04/10/2026";"CE";"CE";"CEARÁ";60002536168;2;21;"Veículo automotor terrestre: caminhão, automóvel, moto, etc.";"CAMINHÃO MERCEDES BENZ";"78000,00";"04/08/2026";"17:11:54"
"04/08/2026";"19:30:07";2026;2;"Eleição Ordinária";6259;"Eleições Gerais Estaduais 2026";"04/10/2026";"CE";"CE";"CEARÁ";60002536168;1;21;"Veículo automotor terrestre: caminhão, automóvel, moto, etc.";"CARRO RENAULT";"40244,00";"04/08/2026";"17:11:54"
"04/08/2026";"19:30:07";2026;2;"Eleição Ordinária";6259;"Eleições Gerais Estaduais 2026";"04/10/2026";"CE";"CE";"CEARÁ";60002536050;4;12;"Casa";"CASA SITUADA NO BAIRRO ¿ ITAPERY RUA G 535 LOTEAMENTO DOS EXPEDICIONARIOS 2";"250000,00";"04/08/2026";"17:11:53"
"04/08/2026";"19:30:07";2026;2;"Eleição Ordinária";6259;"Eleições Gerais Estaduais 2026";"04/10/2026";"CE";"CE";"CEARÁ";60002536168;4;21;"Veículo automotor terrestre: caminhão, automóvel, moto, etc.";"CARRO TOYOTA";"43965,00";"04/08/2026";"17:11:54"
"04/08/2026";"19:30:07";2026;2;"Eleição Ordinária";6259;"Eleições Gerais Estaduais 2026";"04/10/2026";"CE";"CE";"CEARÁ";60002536168;3;21;"Veículo automotor terrestre: caminhão, automóvel, moto, etc.";"CAMINHÃO MERCEDES BENZ";"70000,00";"04/08/2026";"17:11:54"
"04/08/2026";"19:30:07";2026;2;"Eleição Ordinária";6259;"Eleições Gerais Estaduais 2026";"04/10/2026";"CE";"CE";"CEARÁ";60002536168;5;45;"Aplicação de renda fixa (CDB, RDB e outros)";"RENDA FIXA CDB C6 BANK";"1195,81";"04/08/2026";"17:11:54"
"04/08/2026";"19:30:07";2026;2;"Eleição Ordinária";6259;"Eleições Gerais Estaduais 2026";"04/10/2026";"CE";"CE";"CEARÁ";60002536170;1;21;"Veículo automotor terrestre: caminhão, automóvel, moto, etc.";"UMA MOTOCICLETA";"7000,00";"04/08/2026";"17:11:54"
"04/08/2026";"19:30:07";2026;2;"Eleição Ordinária";6259;"Eleições Gerais Estaduais 2026";"04/10/2026";"CE";"CE";"CEARÁ";60002536168;6;61;"Depósito bancário em conta corrente no País";"CONTA C6 BANK";"513,00";"04/08/2026";"17:11:54"
"04/08/2026";"19:30:07";2026;2;"Eleição Ordinária";6259;"Eleições Gerais Estaduais 2026";"04/10/2026";"CE";"CE";"CEARÁ";60002536169;1;12;"Casa";"CASA EM FORTALEZA/CE";"200000,00";"04/08/2026";"17:11:54"
"04/08/2026";"19:30:07";2026;2;"Eleição Ordinária";6259;"Eleições Gerais Estaduais 2026";"04/10/2026";"CE";"CE";"CEARÁ";60002536171;2;21;"Veículo automotor terrestre: caminhão, automóvel, moto, etc.";"CARR0 COROLLA";"43000,00";"04/08/2026";"17:11:54"
"04/08/2026";"19:30:07";2026;2;"Eleição Ordinária";6259;"Eleições Gerais Estaduais 2026";"04/10/2026";"CE";"CE";"CEARÁ";60002536171;1;19;"Outros bens imóveis";"DUAS LOJAS MATRIZ E UMA FILIAL";"190000,00";"04/08/2026";"17:11:54"
"04/08/2026";"19:30:07";2026;2;"Eleição Ordinária";6259;"Eleições Gerais Estaduais 2026";"04/10/2026";"CE";"CE";"CEARÁ";60002536171;3;13;"Terreno";"TERRENO EM PARAZINHO";"30000,00";"04/08/2026";"17:11:54"
"04/08/2026";"19:30:07";2026;2;"Eleição Ordinária";6259;"Eleições Gerais Estaduais 2026";"04/10/2026";"CE";"CE";"CEARÁ";60002536171;4;13;"Terreno";"TERRENO";"25000,00";"04/08/2026";"17:11:54"
"04/08/2026";"19:30:07";2026;2;"Eleição Ordinária";6259;"Eleições Gerais Estaduais 2026";"04/10/2026";"CE";"CE";"CEARÁ";60002536173;2;12;"Casa";"CASA EM CANINDÉ/CE";"500000,00";"04/08/2026";"17:11:54"
"04/08/2026";"19:30:07";2026;2;"Eleição Ordinária";6259;"Eleições Gerais Estaduais 2026";"04/10/2026";"CE";"CE";"CEARÁ";60002536173;1;12;"Casa";"CASA EM CANINDÉ/CE";"800000,00";"04/08/2026";"17:11:54"
"04/08/2026";"19:30:07";2026;2;"Eleição Ordinária";6259;"Eleições Gerais Estaduais 2026";"04/10/2026";"CE";"CE";"CEARÁ";60002536174;1;21;"Veículo automotor terrestre: caminhão, automóvel, moto, etc.";"MOTO";"10000,00";"04/08/2026";"17:11:54"
"04/08/2026";"19:30:07";2026;2;"Eleição Ordinária";6259;"Eleições Gerais Estaduais 2026";"04/10/2026";"CE";"CE";"CEARÁ";60002536175;2;21;"Veículo automotor terrestre: caminhão, automóvel, moto, etc.";"CARRO FOX";"20000,00";"04/08/2026";"17:11:54"
"04/08/2026";"19:30:07";2026;2;"Eleição Ordinária";6259;"Eleições Gerais Estaduais 2026";"04/10/2026";"CE";"CE";"CEARÁ";60002536175;1;12;"Casa";"CASA EM FORTALEZA/CE";"200000,00";"04/08/2026";"17:11:54"
"04/08/2026";"19:30:07";2026;2;"Eleição Ordinária";6259;"Eleições Gerais Estaduais 2026";"04/10/2026";"CE";"CE";"CEARÁ";60002536176;1;21;"Veículo automotor terrestre: caminhão, automóvel, moto, etc.";"VEÍCULO TOYOTA SW4 2024";"400000,00";"04/08/2026";"17:11:54"
"04/08/2026";"19:30:07";2026;2;"Eleição Ordinária";6259;"Eleições Gerais Estaduais 2026";"04/10/2026";"CE";"CE";"CEARÁ";60002536176;2;21;"Veículo automotor terrestre: caminhão, automóvel, moto, etc.";"VEÍCULO JEEP COMANDER";"200000,00";"04/08/2026";"17:11:54"
"04/08/2026";"19:30:07";2026;2;"Eleição Ordinária";6259;"Eleições Gerais Estaduais 2026";"04/10/2026";"CE";"CE";"CEARÁ";60002536176;3;12;"Casa";"IMÓVEL RESIDENCIAL COREAÚ";"250000,00";"04/08/2026";"17:11:54"
"04/08/2026";"19:30:07";2026;2;"Eleição Ordinária";6259;"Eleições Gerais Estaduais 2026";"04/10/2026";"CE";"CE";"CEARÁ";60002536176;5;13;"Terreno";"LOTES COREAÚ";"150000,00";"04/08/2026";"17:11:54"
"04/08/2026";"19:30:07";2026;2;"Eleição Ordinária";6259;"Eleições Gerais Estaduais 2026";"04/10/2026";"CE";"CE";"CEARÁ";60002536176;4;12;"Casa";"IMÓVEL COMERCIAL COREAÚ";"150000,00";"04/08/2026";"17:11:54"
"04/08/2026";"19:30:07";2026;2;"Eleição Ordinária";6259;"Eleições Gerais Estaduais 2026";"04/10/2026";"CE";"CE";"CEARÁ";60002536176;6;12;"Casa";"IMÓVEL RESIDENCIAL SOBRAL";"2000000,00";"04/08/2026";"17:11:54"
"04/08/2026";"19:30:07";2026;2;"Eleição Ordinária";6259;"Eleições Gerais Estaduais 2026";"04/10/2026";"CE";"CE";"CEARÁ";60002536176;7;13;"Terreno";"LOTES EM SOBRAL/CE";"150000,00";"04/08/2026";"17:11:54"
"04/08/2026";"19:30:07";2026;2;"Eleição Ordinária";6259;"Eleições Gerais Estaduais 2026";"04/10/2026";"CE";"CE";"CEARÁ";60002536176;9;12;"Casa";"IMÓVEL RESIDENCIAL COREAÚ";"300000,00";"04/08/2026";"17:11:54"
"04/08/2026";"19:30:07";2026;2;"Eleição Ordinária";6259;"Eleições Gerais Estaduais 2026";"04/10/2026";"CE";"CE";"CEARÁ";60002536176;8;45;"Aplicação de renda fixa (CDB, RDB e outros)";"INVESTIMENTOS/APLICAÇÃO - TESOURO DIRETO";"800000,00";"04/08/2026";"17:11:54"
"04/08/2026";"19:30:07";2026;2;"Eleição Ordinária";6259;"Eleições Gerais Estaduais 2026";"04/10/2026";"CE";"CE";"CEARÁ";60002536176;12;19;"Outros bens imóveis";"IMÓVEL GARAGEM COREAÚ";"150000,00";"04/08/2026";"17:11:54"
"04/08/2026";"19:30:07";2026;2;"Eleição Ordinária";6259;"Eleições Gerais Estaduais 2026";"04/10/2026";"CE";"CE";"CEARÁ";60002536176;10;12;"Casa";"IMÓVEL COMERCIAL COREAÚ";"300000,00";"04/08/2026";"17:11:54"
"04/08/2026";"19:30:07";2026;2;"Eleição Ordinária";6259;"Eleições Gerais Estaduais 2026";"04/10/2026";"CE";"CE";"CEARÁ";60002536176;11;14;"Terra nua";"LOTES MARACANAU";"100000,00";"04/08/2026";"17:11:54"
"04/08/2026";"19:30:07";2026;2;"Eleição Ordinária";6259;"Eleições Gerais Estaduais 2026";"04/10/2026";"CE";"CE";"CEARÁ";60002536178;3;49;"Outras aplicações e Investimentos";"SALDO DE APLICAÇÃO FINANCEIRA BANCO INTER";"1096,63";"04/08/2026";"17:11:54"
"04/08/2026";"19:30:07";2026;2;"Eleição Ordinária";6259;"Eleições Gerais Estaduais 2026";"04/10/2026";"CE";"CE";"CEARÁ";60002536178;1;12;"Casa";"SÍTIO MATÕES";"250000,00";"04/08/2026";"17:11:54"
"04/08/2026";"19:30:07";2026;2;"Eleição Ordinária";6259;"Eleições Gerais Estaduais 2026";"04/10/2026";"CE";"CE";"CEARÁ";60002536178;2;12;"Casa";"CASA EM MARACANAÚ/CE";"700000,00";"04/08/2026";"17:11:54"
"04/08/2026";"19:30:07";2026;2;"Eleição Ordinária";6259;"Eleições Gerais Estaduais 2026";"04/10/2026";"CE";"CE";"CEARÁ";60002536178;4;99;"OUTROS BENS E DIREITOS";"CAPITAL DA EMPRESA AG3 SERVIÇOS";"50000,00";"04/08/2026";"17:11:54"
"04/08/2026";"19:30:07";2026;2;"Eleição Ordinária";6259;"Eleições Gerais Estaduais 2026";"04/10/2026";"CE";"CE";"CEARÁ";60002536179;1;12;"Casa";"CASA EM PINDORETAMA/CE";"175000,00";"04/08/2026";"17:11:54"
"04/08/2026";"19:30:07";2026;2;"Eleição Ordinária";6259;"Eleições Gerais Estaduais 2026";"04/10/2026";"CE";"CE";"CEARÁ";60002536180;1;12;"Casa";"CASA EM AQUIRAZ";"170000,00";"04/08/2026";"17:11:54"
"04/08/2026";"19:30:07";2026;2;"Eleição Ordinária";6259;"Eleições Gerais Estaduais 2026";"04/10/2026";"CE";"CE";"CEARÁ";60002536180;3;21;"Veículo automotor terrestre: caminhão, automóvel, moto, etc.";"CARRO ONIX";"66000,00";"04/08/2026";"17:11:54"
"04/08/2026";"19:30:07";2026;2;"Eleição Ordinária";6259;"Eleições Gerais Estaduais 2026";"04/10/2026";"CE";"CE";"CEARÁ";60002536180;2;13;"Terreno";"TERRENO EM AQUIRAZ";"80000,00";"04/08/2026";"17:11:54"
"04/08/2026";"19:30:07";2026;2;"Eleição Ordinária";6259;"Eleições Gerais Estaduais 2026";"04/10/2026";"CE";"CE";"CEARÁ";60002536180;4;19;"Outros bens imóveis";"SITIO EM AQUIRAZ";"120000,00";"04/08/2026";"17:11:54"
"04/08/2026";"19:30:07";2026;2;"Eleição Ordinária";6259;"Eleições Gerais Estaduais 2026";"04/10/2026";"CE";"CE";"CEARÁ";60002536181;2;21;"Veículo automotor terrestre: caminhão, automóvel, moto, etc.";"CARRO KIRKS";"75000,00";"04/08/2026";"17:11:54"
"04/08/2026";"19:30:07";2026;2;"Eleição Ordinária";6259;"Eleições Gerais Estaduais 2026";"04/10/2026";"CE";"CE";"CEARÁ";60002536180;5;13;"Terreno";"TERRENO EM PACAJUS";"60000,00";"04/08/2026";"17:11:54"
"04/08/2026";"19:30:07";2026;2;"Eleição Ordinária";6259;"Eleições Gerais Estaduais 2026";"04/10/2026";"CE";"CE";"CEARÁ";60002536181;1;12;"Casa";"CASA EM PACATUBA/CE";"280000,00";"04/08/2026";"17:11:54"
"04/08/2026";"19:30:07";2026;2;"Eleição Ordinária";6259;"Eleições Gerais Estaduais 2026";"04/10/2026";"CE";"CE";"CEARÁ";60002536186;1;21;"Veículo automotor terrestre: caminhão, automóvel, moto, etc.";"CARRO CHEVROLET/TRACKER";"126553,00";"04/08/2026";"17:11:54"
"04/08/2026";"19:30:07";2026;2;"Eleição Ordinária";6259;"Eleições Gerais Estaduais 2026";"04/10/2026";"CE";"CE";"CEARÁ";60002536183;1;41;"Caderneta de poupança";"CONTA CORRENTE";"7635,41";"04/08/2026";"17:11:54"
"04/08/2026";"19:30:07";2026;2;"Eleição Ordinária";6259;"Eleições Gerais Estaduais 2026";"04/10/2026";"CE";"CE";"CEARÁ";60002536185;1;12;"Casa";"CASA EM MARANGUAPE/CE";"90000,00";"04/08/2026";"17:11:54"
"04/08/2026";"19:30:07";2026;2;"Eleição Ordinária";6259;"Eleições Gerais Estaduais 2026";"04/10/2026";"CE";"CE";"CEARÁ";60002536188;2;21;"Veículo automotor terrestre: caminhão, automóvel, moto, etc.";"VEICULO FORD RANGER XLS 2026";"200000,00";"04/08/2026";"17:11:54"
"04/08/2026";"19:30:07";2026;2;"Eleição Ordinária";6259;"Eleições Gerais Estaduais 2026";"04/10/2026";"CE";"CE";"CEARÁ";60002536186;2;11;"Apartamento";"APARTAMENTO CONSTRUTORA LIRA COUTINHO";"580000,00";"04/08/2026";"17:11:54"
"04/08/2026";"19:30:07";2026;2;"Eleição Ordinária";6259;"Eleições Gerais Estaduais 2026";"04/10/2026";"CE";"CE";"CEARÁ";60002536188;1;45;"Aplicação de renda fixa (CDB, RDB e outros)";"APLICAÇAO CDB";"65371,47";"04/08/2026";"17:11:54"
"04/08/2026";"19:30:07";2026;2;"Eleição Ordinária";6259;"Eleições Gerais Estaduais 2026";"04/10/2026";"CE";"CE";"CEARÁ";60002536188;5;24;"Bem relacionado com o exercício da atividade autônoma";"50% DE APARTAMENTO NO BAIRRO DE FATIMA";"350000,00";"04/08/2026";"17:11:54"
"04/08/2026";"19:30:07";2026;2;"Eleição Ordinária";6259;"Eleições Gerais Estaduais 2026";"04/10/2026";"CE";"CE";"CEARÁ";60002536188;3;72;"Fundo de Longo Prazo e Fundo de Investimentos em Direitos Creditórios (FIDC)";"FUNDO DE ENVESTIMENTO";"423000,00";"04/08/2026";"17:11:54"
"04/08/2026";"19:30:07";2026;2;"Eleição Ordinária";6259;"Eleições Gerais Estaduais 2026";"04/10/2026";"CE";"CE";"CEARÁ";60002536188;4;63;"Dinheiro em espécie - moeda nacional";"VALORES EM ESPÉCIE";"45000,00";"04/08/2026";"17:11:54"
"04/08/2026";"19:30:07";2026;2;"Eleição Ordinária";6259;"Eleições Gerais Estaduais 2026";"04/10/2026";"CE";"CE";"CEARÁ";60002536190;2;21;"Veículo automotor terrestre: caminhão, automóvel, moto, etc.";"CARRO TRACKER";"105000,00";"04/08/2026";"17:11:54"
"04/08/2026";"19:30:07";2026;2;"Eleição Ordinária";6259;"Eleições Gerais Estaduais 2026";"04/10/2026";"CE";"CE";"CEARÁ";60002536188;6;61;"Depósito bancário em conta corrente no País";"SALDO EM CONTA CORRENTE";"14005,29";"04/08/2026";"17:11:54"
"04/08/2026";"19:30:07";2026;2;"Eleição Ordinária";6259;"Eleições Gerais Estaduais 2026";"04/10/2026";"CE";"CE";"CEARÁ";60002536190;1;11;"Apartamento";"APARTAMENTO EM FORTALEZA/CE";"57000,00";"04/08/2026";"17:11:54"
"04/08/2026";"19:30:07";2026;2;"Eleição Ordinária";6259;"Eleições Gerais Estaduais 2026";"04/10/2026";"CE";"CE";"CEARÁ";60002536192;2;21;"Veículo automotor terrestre: caminhão, automóvel, moto, etc.";"UM VEÍCULO CHEVETTE";"3000,00";"04/08/2026";"17:11:54"
"04/08/2026";"19:30:07";2026;2;"Eleição Ordinária";6259;"Eleições Gerais Estaduais 2026";"04/10/2026";"CE";"CE";"CEARÁ";60002536191;1;12;"Casa";"CASA";"150000,00";"04/08/2026";"17:11:54"
"04/08/2026";"19:30:07";2026;2;"Eleição Ordinária";6259;"Eleições Gerais Estaduais 2026";"04/10/2026";"CE";"CE";"CEARÁ";60002536192;1;12;"Casa";"CASA EM HORIZONTE/CE";"116000,00";"04/08/2026";"17:11:54"
"04/08/2026";"19:30:07";2026;2;"Eleição Ordinária";6259;"Eleições Gerais Estaduais 2026";"04/10/2026";"CE";"CE";"CEARÁ";60002536192;5;21;"Veículo automotor terrestre: caminhão, automóvel, moto, etc.";"CARRO CRETA";"87000,00";"04/08/2026";"17:11:54"
"04/08/2026";"19:30:07";2026;2;"Eleição Ordinária";6259;"Eleições Gerais Estaduais 2026";"04/10/2026";"CE";"CE";"CEARÁ";60002536192;4;13;"Terreno";"TERRENO EM HORIZONTE/CE";"48000,00";"04/08/2026";"17:11:54"
"04/08/2026";"19:30:07";2026;2;"Eleição Ordinária";6259;"Eleições Gerais Estaduais 2026";"04/10/2026";"CE";"CE";"CEARÁ";60002536192;3;63;"Dinheiro em espécie - moeda nacional";"RESERVA PESSOAL EM ESPÉCIE";"10000,00";"04/08/2026";"17:11:54"
"04/08/2026";"19:30:07";2026;2;"Eleição Ordinária";6259;"Eleições Gerais Estaduais 2026";"04/10/2026";"CE";"CE";"CEARÁ";60002536194;3;21;"Veículo automotor terrestre: caminhão, automóvel, moto, etc.";"CARRO ONIX";"60000,00";"04/08/2026";"17:11:54"
"04/08/2026";"19:30:07";2026;2;"Eleição Ordinária";6259;"Eleições Gerais Estaduais 2026";"04/10/2026";"CE";"CE";"CEARÁ";60002536194;1;21;"Veículo automotor terrestre: caminhão, automóvel, moto, etc.";"CARRO RENEGADE";"70000,00";"04/08/2026";"17:11:54"
"04/08/2026";"19:30:07";2026;2;"Eleição Ordinária";6259;"Eleições Gerais Estaduais 2026";"04/10/2026";"CE";"CE";"CEARÁ";60002536194;2;12;"Casa";"CASA EM FORTALEZA/CE";"400000,00";"04/08/2026";"17:11:54"
"04/08/2026";"19:30:07";2026;2;"Eleição Ordinária";6259;"Eleições Gerais Estaduais 2026";"04/10/2026";"CE";"CE";"CEARÁ";60002536195;3;79;"Outros fundos";"TREND INB FUNDO DE INVESTIMENTO";"309,90";"04/08/2026";"17:11:54"
"04/08/2026";"19:30:07";2026;2;"Eleição Ordinária";6259;"Eleições Gerais Estaduais 2026";"04/10/2026";"CE";"CE";"CEARÁ";60002536195;1;79;"Outros fundos";"XP INVESTIMENTOS CORRETORA DE CÂMBIO";"258,77";"04/08/2026";"17:11:54"
"04/08/2026";"19:30:07";2026;2;"Eleição Ordinária";6259;"Eleições Gerais Estaduais 2026";"04/10/2026";"CE";"CE";"CEARÁ";60002536195;2;63;"Dinheiro em espécie - moeda nacional";"DINHEIRO EM ESPÉCIE";"200000,00";"04/08/2026";"17:11:54"
"04/08/2026";"19:30:07";2026;2;"Eleição Ordinária";6259;"Eleições Gerais Estaduais 2026";"04/10/2026";"CE";"CE";"CEARÁ";60002536195;4;13;"Terreno";"50% DE TERRENO EM PARNAÍBA";"200000,00";"04/08/2026";"17:11:54"
"04/08/2026";"19:30:07";2026;2;"Eleição Ordinária";6259;"Eleições Gerais Estaduais 2026";"04/10/2026";"CE";"CE";"CEARÁ";60002536195;6;79;"Outros fundos";"BB RENDA FIXA LONGO PRAZO HIGH FUNDO DE INVESTIMENTO";"2350,30";"04/08/2026";"17:11:54"
"04/08/2026";"19:30:07";2026;2;"Eleição Ordinária";6259;"Eleições Gerais Estaduais 2026";"04/10/2026";"CE";"CE";"CEARÁ";60002536195;5;45;"Aplicação de renda fixa (CDB, RDB e outros)";"SICREDI - FIF EM CIC RENDA FIXA LONGO PRAZO CDI";"72016,79";"04/08/2026";"17:11:54"
"04/08/2026";"19:30:07";2026;2;"Eleição Ordinária";6259;"Eleições Gerais Estaduais 2026";"04/10/2026";"CE";"CE";"CEARÁ";60002536196;2;11;"Apartamento";"APARTAMENTO NO MUNICÍPIO DE FORTALEZA";"512108,65";"04/08/2026";"17:11:49"
"04/08/2026";"19:30:07";2026;2;"Eleição Ordinária";6259;"Eleições Gerais Estaduais 2026";"04/10/2026";"CE";"CE";"CEARÁ";60002536196;1;11;"Apartamento";"APARTAMENTO NO MUNICÍPIO DE AQUIRAZ";"350000,00";"04/08/2026";"17:11:49"
"04/08/2026";"19:30:07";2026;2;"Eleição Ordinária";6259;"Eleições Gerais Estaduais 2026";"04/10/2026";"CE";"CE";"CEARÁ";60002536196;3;11;"Apartamento";"APARTAMENTO NO MUNICÍPIO DE FORTALEZA";"700000,00";"04/08/2026";"17:11:49"
"04/08/2026";"19:30:07";2026;2;"Eleição Ordinária";6259;"Eleições Gerais Estaduais 2026";"04/10/2026";"CE";"CE";"CEARÁ";60002536196;5;19;"Outros bens imóveis";"SÍTIO NO MUNICÍPIO DE MASSAPÊ";"20000,00";"04/08/2026";"17:11:49"
"04/08/2026";"19:30:07";2026;2;"Eleição Ordinária";6259;"Eleições Gerais Estaduais 2026";"04/10/2026";"CE";"CE";"CEARÁ";60002536196;4;11;"Apartamento";"APARTAMENTO NO MUNICÍPIO DE FORTALEZA";"500000,00";"04/08/2026";"17:11:49"
"04/08/2026";"19:30:07";2026;2;"Eleição Ordinária";6259;"Eleições Gerais Estaduais 2026";"04/10/2026";"CE";"CE";"CEARÁ";60002536196;6;63;"Dinheiro em espécie - moeda nacional";"DINHEIRO EM ESPECIE";"50000,00";"04/08/2026";"17:11:49"
"04/08/2026";"19:30:07";2026;2;"Eleição Ordinária";6259;"Eleições Gerais Estaduais 2026";"04/10/2026";"CE";"CE";"CEARÁ";60002536196;9;97;"VGBL - Vida Gerador de Benefício Livre";"VGBL BRADESCO";"978549,87";"04/08/2026";"17:11:49"
"04/08/2026";"19:30:07";2026;2;"Eleição Ordinária";6259;"Eleições Gerais Estaduais 2026";"04/10/2026";"CE";"CE";"CEARÁ";60002536196;7;11;"Apartamento";"APARTAMENTO NO MUNICÍPIO DE FORTALEZA";"787592,29";"04/08/2026";"17:11:49"
"04/08/2026";"19:30:07";2026;2;"Eleição Ordinária";6259;"Eleições Gerais Estaduais 2026";"04/10/2026";"CE";"CE";"CEARÁ";60002536196;8;11;"Apartamento";"APARTAMENTO NO MUNICÍPIO DE FORTALEZA";"65000,00";"04/08/2026";"17:11:49"
"04/08/2026";"19:30:07";2026;2;"Eleição Ordinária";6259;"Eleições Gerais Estaduais 2026";"04/10/2026";"CE";"CE";"CEARÁ";60002536196;10;13;"Terreno";"TERRENO SITUADO NO MUNICÍPIO DE AQUIRAZ";"20000,00";"04/08/2026";"17:11:49"
"04/08/2026";"19:30:07";2026;2;"Eleição Ordinária";6259;"Eleições Gerais Estaduais 2026";"04/10/2026";"CE";"CE";"CEARÁ";60002536196;12;61;"Depósito bancário em conta corrente no País";"CONTA CORRENTE BRADESCO";"1,00";"04/08/2026";"17:11:49"
"04/08/2026";"19:30:07";2026;2;"Eleição Ordinária";6259;"Eleições Gerais Estaduais 2026";"04/10/2026";"CE";"CE";"CEARÁ";60002536196;11;45;"Aplicação de renda fixa (CDB, RDB e outros)";"APLICACAO CDB";"78774,18";"04/08/2026";"17:11:49"
"04/08/2026";"19:30:07";2026;2;"Eleição Ordinária";6259;"Eleições Gerais Estaduais 2026";"04/10/2026";"CE";"CE";"CEARÁ";60002536199;2;21;"Veículo automotor terrestre: caminhão, automóvel, moto, etc.";"CARRO TIGGO 8";"280000,00";"04/08/2026";"17:11:54"
"04/08/2026";"19:30:07";2026;2;"Eleição Ordinária";6259;"Eleições Gerais Estaduais 2026";"04/10/2026";"CE";"CE";"CEARÁ";60002536199;1;12;"Casa";"CASA EM CAUCAIA/CE";"500000,00";"04/08/2026";"17:11:54"
"04/08/2026";"19:30:07";2026;2;"Eleição Ordinária";6259;"Eleições Gerais Estaduais 2026";"04/10/2026";"CE";"CE";"CEARÁ";60002536196;13;31;"Ações (inclusive as provenientes de linha telefônica)";"PARTICIPACAO SOCIETARIA NA EMPRESA LITORANEA CONSTRUCOES E LOCACAO DE MAQUINAS LTDA";"620000,00";"04/08/2026";"17:11:49"
"04/08/2026";"19:30:07";2026;2;"Eleição Ordinária";6259;"Eleições Gerais Estaduais 2026";"04/10/2026";"CE";"CE";"CEARÁ";60002536201;1;21;"Veículo automotor terrestre: caminhão, automóvel, moto, etc.";"CAMINHÃO";"100000,00";"04/08/2026";"17:11:54"
"04/08/2026";"19:30:07";2026;2;"Eleição Ordinária";6259;"Eleições Gerais Estaduais 2026";"04/10/2026";"CE";"CE";"CEARÁ";60002536200;1;12;"Casa";"CARRO";"26000,00";"04/08/2026";"17:11:54"
"04/08/2026";"19:30:07";2026;2;"Eleição Ordinária";6259;"Eleições Gerais Estaduais 2026";"04/10/2026";"CE";"CE";"CEARÁ";60002536201;2;12;"Casa";"CASA EM RUSSAS/CE";"100000,00";"04/08/2026";"17:11:54"
"04/08/2026";"19:30:07";2026;2;"Eleição Ordinária";6259;"Eleições Gerais Estaduais 2026";"04/10/2026";"CE";"CE";"CEARÁ";60002536201;4;21;"Veículo automotor terrestre: caminhão, automóvel, moto, etc.";"CAMINHÃO";"250000,00";"04/08/2026";"17:11:54"
"04/08/2026";"19:30:07";2026;2;"Eleição Ordinária";6259;"Eleições Gerais Estaduais 2026";"04/10/2026";"CE";"CE";"CEARÁ";60002536201;5;21;"Veículo automotor terrestre: caminhão, automóvel, moto, etc.";"CAMINHÃO";"300000,00";"04/08/2026";"17:11:54"
"04/08/2026";"19:30:07";2026;2;"Eleição Ordinária";6259;"Eleições Gerais Estaduais 2026";"04/10/2026";"CE";"CE";"CEARÁ";60002536201;3;11;"Apartamento";"APARTAMENTO EM FORTALEZA/CE";"75000,00";"04/08/2026";"17:11:54"
"04/08/2026";"19:30:07";2026;2;"Eleição Ordinária";6259;"Eleições Gerais Estaduais 2026";"04/10/2026";"CE";"CE";"CEARÁ";60002536201;7;21;"Veículo automotor terrestre: caminhão, automóvel, moto, etc.";"CAMINHÃO";"600000,00";"04/08/2026";"17:11:54"
"04/08/2026";"19:30:07";2026;2;"Eleição Ordinária";6259;"Eleições Gerais Estaduais 2026";"04/10/2026";"CE";"CE";"CEARÁ";60002536201;8;21;"Veículo automotor terrestre: caminhão, automóvel, moto, etc.";"CARRO CHEVETTE";"5000,00";"04/08/2026";"17:11:54"
"04/08/2026";"19:30:07";2026;2;"Eleição Ordinária";6259;"Eleições Gerais Estaduais 2026";"04/10/2026";"CE";"CE";"CEARÁ";60002536201;6;21;"Veículo automotor terrestre: caminhão, automóvel, moto, etc.";"CARROCINHA";"2000,00";"04/08/2026";"17:11:54"
"04/08/2026";"19:30:07";2026;2;"Eleição Ordinária";6259;"Eleições Gerais Estaduais 2026";"04/10/2026";"CE";"CE";"CEARÁ";60002536201;9;21;"Veículo automotor terrestre: caminhão, automóvel, moto, etc.";"CARRO HILUX";"120000,00";"04/08/2026";"17:11:54"
"04/08/2026";"19:30:07";2026;2;"Eleição Ordinária";6259;"Eleições Gerais Estaduais 2026";"04/10/2026";"CE";"CE";"CEARÁ";60002536203;1;32;"Quotas ou quinhões de capital";"CAPITAL SOCIAL EM EMPRESA";"100000,00";"04/08/2026";"17:11:54"
"04/08/2026";"19:30:07";2026;2;"Eleição Ordinária";6259;"Eleições Gerais Estaduais 2026";"04/10/2026";"CE";"CE";"CEARÁ";60002536203;2;45;"Aplicação de renda fixa (CDB, RDB e outros)";"CDB TRIBUTADO";"40041,74";"04/08/2026";"17:11:54"
"04/08/2026";"19:30:07";2026;2;"Eleição Ordinária";6259;"Eleições Gerais Estaduais 2026";"04/10/2026";"CE";"CE";"CEARÁ";60002536203;4;99;"OUTROS BENS E DIREITOS";"COTAS EM EMPREENDIMENTO IMOBILIARIO";"10000,00";"04/08/2026";"17:11:54"
"04/08/2026";"19:30:07";2026;2;"Eleição Ordinária";6259;"Eleições Gerais Estaduais 2026";"04/10/2026";"CE";"CE";"CEARÁ";60002536203;3;49;"Outras aplicações e Investimentos";"APORTE EM EMPRESAS DE TECNOLOGIA";"45000,00";"04/08/2026";"17:11:54"
"04/08/2026";"19:30:07";2026;2;"Eleição Ordinária";6259;"Eleições Gerais Estaduais 2026";"04/10/2026";"CE";"CE";"CEARÁ";60002536203;5;12;"Casa";"CONSTRUÇÃO DE CASA";"350000,00";"04/08/2026";"17:11:54"
"04/08/2026";"19:30:07";2026;2;"Eleição Ordinária";6259;"Eleições Gerais Estaduais 2026";"04/10/2026";"CE";"CE";"CEARÁ";60002536203;6;13;"Terreno";"TERRENO EM CONDOMINIO";"150000,00";"04/08/2026";"17:11:54"
"04/08/2026";"19:30:07";2026;2;"Eleição Ordinária";6259;"Eleições Gerais Estaduais 2026";"04/10/2026";"CE";"CE";"CEARÁ";60002536203;8;61;"Depósito bancário em conta corrente no País";"CONTA CORRENTE - ITAU";"121,04";"04/08/2026";"17:11:54"
"04/08/2026";"19:30:07";2026;2;"Eleição Ordinária";6259;"Eleições Gerais Estaduais 2026";"04/10/2026";"CE";"CE";"CEARÁ";60002536203;7;32;"Quotas ou quinhões de capital";"CAPITAL SOCIAL EM EMPRESA";"50000,00";"04/08/2026";"17:11:54"
"04/08/2026";"19:30:07";2026;2;"Eleição Ordinária";6259;"Eleições Gerais Estaduais 2026";"04/10/2026";"CE";"CE";"CEARÁ";60002536203;9;63;"Dinheiro em espécie - moeda nacional";"RESERVA PESSOAL";"125000,00";"04/08/2026";"17:11:54"
"04/08/2026";"19:30:07";2026;2;"Eleição Ordinária";6259;"Eleições Gerais Estaduais 2026";"04/10/2026";"CE";"CE";"CEARÁ";60002536203;11;32;"Quotas ou quinhões de capital";"33,34% DO CAPITAL DE EMPRESA";"10000,00";"04/08/2026";"17:11:54"
"04/08/2026";"19:30:07";2026;2;"Eleição Ordinária";6259;"Eleições Gerais Estaduais 2026";"04/10/2026";"CE";"CE";"CEARÁ";60002536203;10;32;"Quotas ou quinhões de capital";"CAPITAL SOCIAL EM EMPRESA";"53000,00";"04/08/2026";"17:11:54"
"04/08/2026";"19:30:07";2026;2;"Eleição Ordinária";6259;"Eleições Gerais Estaduais 2026";"04/10/2026";"CE";"CE";"CEARÁ";60002536204;1;13;"Terreno";"TERRENO JOSÉ MARIA";"500000,00";"04/08/2026";"17:11:54"
"04/08/2026";"19:30:07";2026;2;"Eleição Ordinária";6259;"Eleições Gerais Estaduais 2026";"04/10/2026";"CE";"CE";"CEARÁ";60002536204;2;1;"Prédio residencial";"PRÉDIO TRAV, FREDERICO GOMES";"380000,00";"04/08/2026";"17:11:54"
"04/08/2026";"19:30:07";2026;2;"Eleição Ordinária";6259;"Eleições Gerais Estaduais 2026";"04/10/2026";"CE";"CE";"CEARÁ";60002536203;12;32;"Quotas ou quinhões de capital";"QUOTAS DE EMPRESA DE PARTICIPAÇÕES";"50000,00";"04/08/2026";"17:11:54"
"04/08/2026";"19:30:07";2026;2;"Eleição Ordinária";6259;"Eleições Gerais Estaduais 2026";"04/10/2026";"CE";"CE";"CEARÁ";60002536204;3;13;"Terreno";"TERRENO, AV MARGINAL";"17000,00";"04/08/2026";"17:11:54"
"04/08/2026";"19:30:07";2026;2;"Eleição Ordinária";6259;"Eleições Gerais Estaduais 2026";"04/10/2026";"CE";"CE";"CEARÁ";60002536204;4;13;"Terreno";"TERRENO JOSÉ MARIA";"16335,00";"04/08/2026";"17:11:54"
"04/08/2026";"19:30:07";2026;2;"Eleição Ordinária";6259;"Eleições Gerais Estaduais 2026";"04/10/2026";"CE";"CE";"CEARÁ";60002536204;5;1;"Prédio residencial";"PRÉDIO NA RUA FROTA GENTIL";"330000,00";"04/08/2026";"17:11:54"
"04/08/2026";"19:30:07";2026;2;"Eleição Ordinária";6259;"Eleições Gerais Estaduais 2026";"04/10/2026";"CE";"CE";"CEARÁ";60002536204;6;13;"Terreno";"TERRENO JOSÉ MARIA";"16335,00";"04/08/2026";"17:11:54"
"04/08/2026";"19:30:07";2026;2;"Eleição Ordinária";6259;"Eleições Gerais Estaduais 2026";"04/10/2026";"CE";"CE";"CEARÁ";60002536204;8;13;"Terreno";"TERRENO RUA ARLINDO VIEIRA DE ALMEIDA";"400000,00";"04/08/2026";"17:11:54"
"04/08/2026";"19:30:07";2026;2;"Eleição Ordinária";6259;"Eleições Gerais Estaduais 2026";"04/10/2026";"CE";"CE";"CEARÁ";60002536204;7;32;"Quotas ou quinhões de capital";"QUOTAS";"500000,00";"04/08/2026";"17:11:54"
"04/08/2026";"19:30:07";2026;2;"Eleição Ordinária";6259;"Eleições Gerais Estaduais 2026";"04/10/2026";"CE";"CE";"CEARÁ";60002536204;11;13;"Terreno";"TERRENO PANTANAL";"40000,00";"04/08/2026";"17:11:54"
"04/08/2026";"19:30:07";2026;2;"Eleição Ordinária";6259;"Eleições Gerais Estaduais 2026";"04/10/2026";"CE";"CE";"CEARÁ";60002536204;10;1;"Prédio residencial";"PRÉDIO NA RUA JOÃO CORDEIRO";"400000,00";"04/08/2026";"17:11:54"
"04/08/2026";"19:30:07";2026;2;"Eleição Ordinária";6259;"Eleições Gerais Estaduais 2026";"04/10/2026";"CE";"CE";"CEARÁ";60002536204;9;1;"Prédio residencial";"PRÉDIO RUA CEL, JOSÉ SILVESTRE";"350000,00";"04/08/2026";"17:11:54"
"04/08/2026";"19:30:07";2026;2;"Eleição Ordinária";6259;"Eleições Gerais Estaduais 2026";"04/10/2026";"CE";"CE";"CEARÁ";60002536204;12;13;"Terreno";"TERRENO AV, MARGARIDA MOURA";"13430,00";"04/08/2026";"17:11:54"
"04/08/2026";"19:30:07";2026;2;"Eleição Ordinária";6259;"Eleições Gerais Estaduais 2026";"04/10/2026";"CE";"CE";"CEARÁ";60002536204;13;13;"Terreno";"TERRENO RUA ERLÁDIO";"15246,00";"04/08/2026";"17:11:54"
"04/08/2026";"19:30:07";2026;2;"Eleição Ordinária";6259;"Eleições Gerais Estaduais 2026";"04/10/2026";"CE";"CE";"CEARÁ";60002536205;1;12;"Casa";"CASA FINANCIADA EM SOBRAL/CE";"524399,95";"04/08/2026";"17:11:50"
"04/08/2026";"19:30:07";2026;2;"Eleição Ordinária";6259;"Eleições Gerais Estaduais 2026";"04/10/2026";"CE";"CE";"CEARÁ";60002536205;4;21;"Veículo automotor terrestre: caminhão, automóvel, moto, etc.";"MOTO HONDA";"7000,00";"04/08/2026";"17:11:50"
"04/08/2026";"19:30:07";2026;2;"Eleição Ordinária";6259;"Eleições Gerais Estaduais 2026";"04/10/2026";"CE";"CE";"CEARÁ";60002536205;2;61;"Depósito bancário em conta corrente no País";"CONTA CORRENTE - SANTANDER";"1,00";"04/08/2026";"17:11:50"
"04/08/2026";"19:30:07";2026;2;"Eleição Ordinária";6259;"Eleições Gerais Estaduais 2026";"04/10/2026";"CE";"CE";"CEARÁ";60002536205;3;99;"OUTROS BENS E DIREITOS";"CONTA SICREDI";"149,51";"04/08/2026";"17:11:50"
"04/08/2026";"19:30:07";2026;2;"Eleição Ordinária";6259;"Eleições Gerais Estaduais 2026";"04/10/2026";"CE";"CE";"CEARÁ";60002536205;7;21;"Veículo automotor terrestre: caminhão, automóvel, moto, etc.";"CARRO COROLLA FINANCIADO";"135147,64";"04/08/2026";"17:11:50"
"04/08/2026";"19:30:07";2026;2;"Eleição Ordinária";6259;"Eleições Gerais Estaduais 2026";"04/10/2026";"CE";"CE";"CEARÁ";60002536205;6;12;"Casa";"CASA EM SOBRAL/CE";"155000,00";"04/08/2026";"17:11:50"
"04/08/2026";"19:30:07";2026;2;"Eleição Ordinária";6259;"Eleições Gerais Estaduais 2026";"04/10/2026";"CE";"CE";"CEARÁ";60002536205;5;2;"Prédio comercial";"PRÉDIO COMERCIAL FINANCIADO EM SOBRAL/CE";"750000,00";"04/08/2026";"17:11:50"
"04/08/2026";"19:30:07";2026;2;"Eleição Ordinária";6259;"Eleições Gerais Estaduais 2026";"04/10/2026";"CE";"CE";"CEARÁ";60002536205;8;21;"Veículo automotor terrestre: caminhão, automóvel, moto, etc.";"MOTO HONDA";"7000,00";"04/08/2026";"17:11:50"
"04/08/2026";"19:30:07";2026;2;"Eleição Ordinária";6259;"Eleições Gerais Estaduais 2026";"04/10/2026";"CE";"CE";"CEARÁ";60002536205;9;61;"Depósito bancário em conta corrente no País";"CONTA CORRENTE - CAIXA";"128,70";"04/08/2026";"17:11:50"
"04/08/2026";"19:30:07";2026;2;"Eleição Ordinária";6259;"Eleições Gerais Estaduais 2026";"04/10/2026";"CE";"CE";"CEARÁ";60002536205;10;32;"Quotas ou quinhões de capital";"CAPITAL SOCIAL";"5000,00";"04/08/2026";"17:11:50"
"04/08/2026";"19:30:07";2026;2;"Eleição Ordinária";6259;"Eleições Gerais Estaduais 2026";"04/10/2026";"CE";"CE";"CEARÁ";60002536205;12;99;"OUTROS BENS E DIREITOS";"CONTA CAPITAL - SICREDI";"304,43";"04/08/2026";"17:11:50"
"04/08/2026";"19:30:07";2026;2;"Eleição Ordinária";6259;"Eleições Gerais Estaduais 2026";"04/10/2026";"CE";"CE";"CEARÁ";60002536205;11;41;"Caderneta de poupança";"POUPANCA CAIXA";"130,49";"04/08/2026";"17:11:50"
"04/08/2026";"19:30:07";2026;2;"Eleição Ordinária";6259;"Eleições Gerais Estaduais 2026";"04/10/2026";"CE";"CE";"CEARÁ";60002536205;13;62;"Depósito bancário em conta corrente no exterior";"DINHEIRO EM CONTA CORRENTE NOS EUA";"10000,00";"04/08/2026";"17:11:50"
"04/08/2026";"19:30:07";2026;2;"Eleição Ordinária";6259;"Eleições Gerais Estaduais 2026";"04/10/2026";"CE";"CE";"CEARÁ";60002536205;15;97;"VGBL - Vida Gerador de Benefício Livre";"SALDO VGBL";"4358,31";"04/08/2026";"17:11:50"
"04/08/2026";"19:30:07";2026;2;"Eleição Ordinária";6259;"Eleições Gerais Estaduais 2026";"04/10/2026";"CE";"CE";"CEARÁ";60002536205;14;99;"OUTROS BENS E DIREITOS";"RESERVA PESSOAL";"110000,00";"04/08/2026";"17:11:50"
"04/08/2026";"19:30:07";2026;2;"Eleição Ordinária";6259;"Eleições Gerais Estaduais 2026";"04/10/2026";"CE";"CE";"CEARÁ";60002536205;16;45;"Aplicação de renda fixa (CDB, RDB e outros)";"RENDA FIXA - SANTANDER";"174435,16";"04/08/2026";"17:11:50"
"04/08/2026";"19:30:07";2026;2;"Eleição Ordinária";6259;"Eleições Gerais Estaduais 2026";"04/10/2026";"CE";"CE";"CEARÁ";60002536206;1;21;"Veículo automotor terrestre: caminhão, automóvel, moto, etc.";"CARRO SW4";"80000,00";"04/08/2026";"17:11:54"
"04/08/2026";"19:30:07";2026;2;"Eleição Ordinária";6259;"Eleições Gerais Estaduais 2026";"04/10/2026";"CE";"CE";"CEARÁ";60002536207;1;21;"Veículo automotor terrestre: caminhão, automóvel, moto, etc.";"UM CARRO VERSA 2017";"45000,00";"04/08/2026";"17:11:54"
"04/08/2026";"19:30:07";2026;2;"Eleição Ordinária";6259;"Eleições Gerais Estaduais 2026";"04/10/2026";"CE";"CE";"CEARÁ";60002536207;2;1;"Prédio residencial";"UM PEQUENO PRÉDIO DE TRÉS PISOS";"3000000,00";"04/08/2026";"17:11:54"
"04/08/2026";"19:30:07";2026;2;"Eleição Ordinária";6259;"Eleições Gerais Estaduais 2026";"04/10/2026";"CE";"CE";"CEARÁ";60002536207;3;13;"Terreno";"UM TERRENO NO JARDIM IBIZA";"1000000,00";"04/08/2026";"17:11:54"
"04/08/2026";"19:30:07";2026;2;"Eleição Ordinária";6259;"Eleições Gerais Estaduais 2026";"04/10/2026";"CE";"CE";"CEARÁ";60002536208;2;11;"Apartamento";"APARTAMENTO EM FORTALEZA/CE";"1059246,14";"04/08/2026";"17:11:54"
"04/08/2026";"19:30:07";2026;2;"Eleição Ordinária";6259;"Eleições Gerais Estaduais 2026";"04/10/2026";"CE";"CE";"CEARÁ";60002536208;1;15;"Sala ou conjunto";"IMOVEL TIPO PREDIAL";"300000,00";"04/08/2026";"17:11:54"
"04/08/2026";"19:30:07";2026;2;"Eleição Ordinária";6259;"Eleições Gerais Estaduais 2026";"04/10/2026";"CE";"CE";"CEARÁ";60002536208;3;11;"Apartamento";"APARTAMENTO FINANCIADO EM FORTALEZA/CE";"905521,03";"04/08/2026";"17:11:54"
"04/08/2026";"19:30:07";2026;2;"Eleição Ordinária";6259;"Eleições Gerais Estaduais 2026";"04/10/2026";"CE";"CE";"CEARÁ";60002536210;1;74;"Fundos: Ações, Mútuos de Privatização, Invest. Empresas Emergentes, Invest.Participação e Invest. Índice Mercado";"INVESTIMENTO RENDA FIXA";"521,84";"04/08/2026";"17:11:54"
"04/08/2026";"19:30:07";2026;2;"Eleição Ordinária";6259;"Eleições Gerais Estaduais 2026";"04/10/2026";"CE";"CE";"CEARÁ";60002536210;2;74;"Fundos: Ações, Mútuos de Privatização, Invest. Empresas Emergentes, Invest.Participação e Invest. Índice Mercado";"INVESTIMENTO";"500,00";"04/08/2026";"17:11:54"
"04/08/2026";"19:30:07";2026;2;"Eleição Ordinária";6259;"Eleições Gerais Estaduais 2026";"04/10/2026";"CE";"CE";"CEARÁ";60002536597;1;21;"Veículo automotor terrestre: caminhão, automóvel, moto, etc.";"MOTO ANO 2008";"7000,00";"04/08/2026";"17:11:53"
"04/08/2026";"19:30:07";2026;2;"Eleição Ordinária";6259;"Eleições Gerais Estaduais 2026";"04/10/2026";"CE";"CE";"CEARÁ";60002536597;2;21;"Veículo automotor terrestre: caminhão, automóvel, moto, etc.";"CARRO ANO 2001";"13000,00";"04/08/2026";"17:11:53"
"04/08/2026";"19:30:07";2026;2;"Eleição Ordinária";6259;"Eleições Gerais Estaduais 2026";"04/10/2026";"CE";"CE";"CEARÁ";60002536597;3;13;"Terreno";"EM AQUIRAZ";"90000,00";"04/08/2026";"17:11:53"
"04/08/2026";"19:30:07";2026;2;"Eleição Ordinária";6259;"Eleições Gerais Estaduais 2026";"04/10/2026";"CE";"CE";"CEARÁ";60002536597;4;12;"Casa";"CASA PRÓPRIA";"450000,00";"04/08/2026";"17:11:53"
"04/08/2026";"19:30:07";2026;2;"Eleição Ordinária";6259;"Eleições Gerais Estaduais 2026";"04/10/2026";"CE";"CE";"CEARÁ";60002536598;1;11;"Apartamento";"UM AP DA TORRE 1 DO EMPREENDIMENTO JARDIM DAS BROMÉLIAS, SITUADO NA RUA CORONEL DAVID DE SOUZA, N.. 105, PRESIDENTE KENNEDY, CEP 60.355-377, FORTALEZA - CE.";"406000,00";"04/08/2026";"17:11:50"
"04/08/2026";"19:30:07";2026;2;"Eleição Ordinária";6259;"Eleições Gerais Estaduais 2026";"04/10/2026";"CE";"CE";"CEARÁ";60002536598;2;12;"Casa";"UMA CASA SITUADA NA RUA JOAQUIM FRANKLIM, N.. 500, ANTÔNIO BEZERRA, FORTALEZA ¿ CE, CEP 60.361-130.";"221225,00";"04/08/2026";"17:11:50"
"04/08/2026";"19:30:07";2026;2;"Eleição Ordinária";6259;"Eleições Gerais Estaduais 2026";"04/10/2026";"CE";"CE";"CEARÁ";60002536598;4;21;"Veículo automotor terrestre: caminhão, automóvel, moto, etc.";"UM VEICULO VW KOMBI, ANO 2009/2010.";"24030,00";"04/08/2026";"17:11:50"
"04/08/2026";"19:30:07";2026;2;"Eleição Ordinária";6259;"Eleições Gerais Estaduais 2026";"04/10/2026";"CE";"CE";"CEARÁ";60002536598;5;12;"Casa";"UMA CASA SITUADA NA RUA PEDRO MELO, N.. 753, VILA DA PRATA, ANTÔNIO BEZERRA, NO MUNICÍPIO DE FORTALEZA ¿ CE, CEP 60.360-220.";"27000,00";"04/08/2026";"17:11:50"
"04/08/2026";"19:30:07";2026;2;"Eleição Ordinária";6259;"Eleições Gerais Estaduais 2026";"04/10/2026";"CE";"CE";"CEARÁ";60002536598;3;15;"Sala ou conjunto";"UMA SALA NO EDIFÍCIO OFFICE TREZE DE MAIO, SITUADO NA AVENIDA TREZE DE MAIO, N. 9898 ¿ CE, CEP 60.040-530.";"100000,00";"04/08/2026";"17:11:50"
"04/08/2026";"19:30:07";2026;2;"Eleição Ordinária";6259;"Eleições Gerais Estaduais 2026";"04/10/2026";"CE";"CE";"CEARÁ";60002536598;7;21;"Veículo automotor terrestre: caminhão, automóvel, moto, etc.";"UMA CAMINHONETE TOYOTA HILUX CDSR A4FD, DIESEL, COR CINZA, ANO 2025/2025.";"127886,78";"04/08/2026";"17:11:50"
"04/08/2026";"19:30:07";2026;2;"Eleição Ordinária";6259;"Eleições Gerais Estaduais 2026";"04/10/2026";"CE";"CE";"CEARÁ";60002536598;8;21;"Veículo automotor terrestre: caminhão, automóvel, moto, etc.";"UM VEICULO TOYOTA COROLA XEI 2.0 FLEX, ANO 2015/2016, COR BRANCA.";"40000,00";"04/08/2026";"17:11:50"
"04/08/2026";"19:30:07";2026;2;"Eleição Ordinária";6259;"Eleições Gerais Estaduais 2026";"04/10/2026";"CE";"CE";"CEARÁ";60002536598;6;12;"Casa";"UMA CASA SITUADA NA RUA DOUTOR VALE COSTA N.. 1125, ANTÔNIO BEZERRA, FORTALEZA ¿ CE, CEP 60.360-720.";"15000,00";"04/08/2026";"17:11:50"
"04/08/2026";"19:30:07";2026;2;"Eleição Ordinária";6259;"Eleições Gerais Estaduais 2026";"04/10/2026";"CE";"CE";"CEARÁ";60002536598;9;13;"Terreno";"UM TERRENO SITUADO NA RUA HIPÓLITO PAMPLONA, LOTE 10 DA QUADRA 177, ANTÔNIO BEZERRA, FORTALEZA ¿ CE, CEP 60.352-390.";"100000,00";"04/08/2026";"17:11:50"
"04/08/2026";"19:30:07";2026;2;"Eleição Ordinária";6259;"Eleições Gerais Estaduais 2026";"04/10/2026";"CE";"CE";"CEARÁ";60002536598;11;13;"Terreno";"UM TERRENO LOCALIZADO NO MUNICÍPIO DE PARACURU ¿ CE, CENTRO.";"50000,00";"04/08/2026";"17:11:50"
"04/08/2026";"19:30:07";2026;2;"Eleição Ordinária";6259;"Eleições Gerais Estaduais 2026";"04/10/2026";"CE";"CE";"CEARÁ";60002536598;10;13;"Terreno";"UM TERRENO DENOMINADO SITIO SANTA CRUZ NO MUNICÍPIO DE SABOEIRO ¿ CE.";"175000,00";"04/08/2026";"17:11:50"
"04/08/2026";"19:30:07";2026;2;"Eleição Ordinária";6259;"Eleições Gerais Estaduais 2026";"04/10/2026";"CE";"CE";"CEARÁ";60002536600;1;21;"Veículo automotor terrestre: caminhão, automóvel, moto, etc.";"CHEVROLET TRACKER 12T A PR BRANCA ANO 2022";"90000,00";"04/08/2026";"17:11:53"
"04/08/2026";"19:30:07";2026;2;"Eleição Ordinária";6259;"Eleições Gerais Estaduais 2026";"04/10/2026";"CE";"CE";"CEARÁ";60002536599;1;11;"Apartamento";"APARTAMENTO NO CONJUNTO CIDADE JARDIM 2 EM FORTALEZA/CEARÁ";"100000,00";"04/08/2026";"17:11:53"
"04/08/2026";"19:30:07";2026;2;"Eleição Ordinária";6259;"Eleições Gerais Estaduais 2026";"04/10/2026";"CE";"CE";"CEARÁ";60002536600;2;12;"Casa";"CASA FINANCIADA CAIXA ECONÔMICA FEDERAL";"550000,00";"04/08/2026";"17:11:53"
"04/08/2026";"19:30:07";2026;2;"Eleição Ordinária";6259;"Eleições Gerais Estaduais 2026";"04/10/2026";"CE";"CE";"CEARÁ";60002536600;3;21;"Veículo automotor terrestre: caminhão, automóvel, moto, etc.";"PEUGEOT207HBXRS 2009/2010";"12000,00";"04/08/2026";"17:11:53"
"04/08/2026";"19:30:07";2026;2;"Eleição Ordinária";6259;"Eleições Gerais Estaduais 2026";"04/10/2026";"CE";"CE";"CEARÁ";60002536600;4;11;"Apartamento";"APTO. FINANCIADO DIRETO COM PROPRIETÁRIO";"730000,00";"04/08/2026";"17:11:53"
"04/08/2026";"19:30:07";2026;2;"Eleição Ordinária";6259;"Eleições Gerais Estaduais 2026";"04/10/2026";"CE";"CE";"CEARÁ";60002536601;1;11;"Apartamento";"RUA SILVIA JATHAY - FORTALEZA/CE";"750000,00";"04/08/2026";"17:11:49"
"04/08/2026";"19:30:07";2026;2;"Eleição Ordinária";6259;"Eleições Gerais Estaduais 2026";"04/10/2026";"CE";"CE";"CEARÁ";60002536601;2;63;"Dinheiro em espécie - moeda nacional";"MOEDA BRASILEIRA (REAL) R$";"200000,00";"04/08/2026";"17:11:49"
"04/08/2026";"19:30:07";2026;2;"Eleição Ordinária";6259;"Eleições Gerais Estaduais 2026";"04/10/2026";"CE";"CE";"CEARÁ";60002536601;4;45;"Aplicação de renda fixa (CDB, RDB e outros)";"BANCO C6 - 14679413-3";"562000,00";"04/08/2026";"17:11:49"
"04/08/2026";"19:30:07";2026;2;"Eleição Ordinária";6259;"Eleições Gerais Estaduais 2026";"04/10/2026";"CE";"CE";"CEARÁ";60002536601;3;32;"Quotas ou quinhões de capital";"IRACEMA LOGISTICA E PARTICIPAÇÕES LTDA";"2210176,00";"04/08/2026";"17:11:49"
"04/08/2026";"19:30:07";2026;2;"Eleição Ordinária";6259;"Eleições Gerais Estaduais 2026";"04/10/2026";"CE";"CE";"CEARÁ";60002536601;7;21;"Veículo automotor terrestre: caminhão, automóvel, moto, etc.";"PEUGEOUT 307 5W FAB/MOD 2007/2008";"30432,00";"04/08/2026";"17:11:49"
"04/08/2026";"19:30:07";2026;2;"Eleição Ordinária";6259;"Eleições Gerais Estaduais 2026";"04/10/2026";"CE";"CE";"CEARÁ";60002536601;6;13;"Terreno";"PITOMBEIRAS - CAUCAIA/CE";"112500,00";"04/08/2026";"17:11:49"
"04/08/2026";"19:30:07";2026;2;"Eleição Ordinária";6259;"Eleições Gerais Estaduais 2026";"04/10/2026";"CE";"CE";"CEARÁ";60002536601;5;45;"Aplicação de renda fixa (CDB, RDB e outros)";"INTER CC 18721033-0";"87255,88";"04/08/2026";"17:11:49"
"04/08/2026";"19:30:07";2026;2;"Eleição Ordinária";6259;"Eleições Gerais Estaduais 2026";"04/10/2026";"CE";"CE";"CEARÁ";60002536602;2;13;"Terreno";"MUNICIPIO DE SÃO GONSALO 218 LOTE";"60000,00";"04/08/2026";"17:11:53"
"04/08/2026";"19:30:07";2026;2;"Eleição Ordinária";6259;"Eleições Gerais Estaduais 2026";"04/10/2026";"CE";"CE";"CEARÁ";60002536602;1;63;"Dinheiro em espécie - moeda nacional";"DINHEIRO EM REAL";"12000,00";"04/08/2026";"17:11:53"
"04/08/2026";"19:30:07";2026;2;"Eleição Ordinária";6259;"Eleições Gerais Estaduais 2026";"04/10/2026";"CE";"CE";"CEARÁ";60002536601;8;45;"Aplicação de renda fixa (CDB, RDB e outros)";"C.E.F. CC 000587869909";"13011,22";"04/08/2026";"17:11:49"
"04/08/2026";"19:30:07";2026;2;"Eleição Ordinária";6259;"Eleições Gerais Estaduais 2026";"04/10/2026";"CE";"CE";"CEARÁ";60002536604;1;21;"Veículo automotor terrestre: caminhão, automóvel, moto, etc.";"CARRO";"30000,00";"04/08/2026";"17:11:53"
"04/08/2026";"19:30:07";2026;2;"Eleição Ordinária";6259;"Eleições Gerais Estaduais 2026";"04/10/2026";"CE";"CE";"CEARÁ";60002536602;4;13;"Terreno";"MUNICIPIO DE SÃO GONÇALO";"60000,00";"04/08/2026";"17:11:53"
"04/08/2026";"19:30:07";2026;2;"Eleição Ordinária";6259;"Eleições Gerais Estaduais 2026";"04/10/2026";"CE";"CE";"CEARÁ";60002536602;3;12;"Casa";"FORTALEZA - RUA GOIAS";"220000,00";"04/08/2026";"17:11:53"
"04/08/2026";"19:30:07";2026;2;"Eleição Ordinária";6259;"Eleições Gerais Estaduais 2026";"04/10/2026";"CE";"CE";"CEARÁ";60002536604;4;21;"Veículo automotor terrestre: caminhão, automóvel, moto, etc.";"MICRO-ONIBUS";"110000,00";"04/08/2026";"17:11:53"
"04/08/2026";"19:30:07";2026;2;"Eleição Ordinária";6259;"Eleições Gerais Estaduais 2026";"04/10/2026";"CE";"CE";"CEARÁ";60002536604;2;61;"Depósito bancário em conta corrente no País";"VALOR";"1468,36";"04/08/2026";"17:11:53"
"04/08/2026";"19:30:07";2026;2;"Eleição Ordinária";6259;"Eleições Gerais Estaduais 2026";"04/10/2026";"CE";"CE";"CEARÁ";60002536604;3;45;"Aplicação de renda fixa (CDB, RDB e outros)";"REF DI PLUS AGIL";"4920,84";"04/08/2026";"17:11:53"
"04/08/2026";"19:30:07";2026;2;"Eleição Ordinária";6259;"Eleições Gerais Estaduais 2026";"04/10/2026";"CE";"CE";"CEARÁ";60002536609;1;21;"Veículo automotor terrestre: caminhão, automóvel, moto, etc.";"MOTO HONDA - PLACA HWR 7156";"28000,00";"04/08/2026";"17:11:53"
"04/08/2026";"19:30:07";2026;2;"Eleição Ordinária";6259;"Eleições Gerais Estaduais 2026";"04/10/2026";"CE";"CE";"CEARÁ";60002536609;2;21;"Veículo automotor terrestre: caminhão, automóvel, moto, etc.";"MOTO HONDA - PLACA SBS 2135";"50000,00";"04/08/2026";"17:11:53"
"04/08/2026";"19:30:07";2026;2;"Eleição Ordinária";6259;"Eleições Gerais Estaduais 2026";"04/10/2026";"CE";"CE";"CEARÁ";60002536607;1;12;"Casa";"CONJUNTO PLANALTO CAUCAIA - CAUCAIA";"200000,00";"04/08/2026";"17:11:53"
"04/08/2026";"19:30:07";2026;2;"Eleição Ordinária";6259;"Eleições Gerais Estaduais 2026";"04/10/2026";"CE";"CE";"CEARÁ";60002536609;3;21;"Veículo automotor terrestre: caminhão, automóvel, moto, etc.";"MOTO HONDA CG TITAN - PLACA HVX 3318";"30000,00";"04/08/2026";"17:11:53"
"04/08/2026";"19:30:07";2026;2;"Eleição Ordinária";6259;"Eleições Gerais Estaduais 2026";"04/10/2026";"CE";"CE";"CEARÁ";60002536615;2;21;"Veículo automotor terrestre: caminhão, automóvel, moto, etc.";"HONDA/ELITE 125 PASSAGEIRO MOTONETA - FINANCIADA";"17800,00";"04/08/2026";"17:11:53"
"04/08/2026";"19:30:07";2026;2;"Eleição Ordinária";6259;"Eleições Gerais Estaduais 2026";"04/10/2026";"CE";"CE";"CEARÁ";60002536615;1;21;"Veículo automotor terrestre: caminhão, automóvel, moto, etc.";"I/NISSAN VERSA SENSE CVT PASSAGEIRO AUTOMOVEL - 2021";"74350,00";"04/08/2026";"17:11:53"
"04/08/2026";"19:30:07";2026;2;"Eleição Ordinária";6259;"Eleições Gerais Estaduais 2026";"04/10/2026";"CE";"CE";"CEARÁ";60002536623;2;21;"Veículo automotor terrestre: caminhão, automóvel, moto, etc.";"FOX 1.6 XTREME 6V FLEX";"61251,00";"04/08/2026";"17:11:53"
"04/08/2026";"19:30:07";2026;2;"Eleição Ordinária";6259;"Eleições Gerais Estaduais 2026";"04/10/2026";"CE";"CE";"CEARÁ";60002536623;1;12;"Casa";"CASA AV EDILSON BRASIL SOARES - FORTALEZA";"550000,00";"04/08/2026";"17:11:53"
"04/08/2026";"19:30:07";2026;2;"Eleição Ordinária";6259;"Eleições Gerais Estaduais 2026";"04/10/2026";"CE";"CE";"CEARÁ";60002536621;1;63;"Dinheiro em espécie - moeda nacional";"MOEDA NACIONAL";"25000,00";"04/08/2026";"17:11:53"
"04/08/2026";"19:30:07";2026;2;"Eleição Ordinária";6259;"Eleições Gerais Estaduais 2026";"04/10/2026";"CE";"CE";"CEARÁ";60002536666;3;61;"Depósito bancário em conta corrente no País";"SALDO CONTA CORRENTE BB";"617,74";"04/08/2026";"17:11:53"
"04/08/2026";"19:30:07";2026;2;"Eleição Ordinária";6259;"Eleições Gerais Estaduais 2026";"04/10/2026";"CE";"CE";"CEARÁ";60002536666;1;41;"Caderneta de poupança";"SALDO POUPANCA CAIXA";"100261,20";"04/08/2026";"17:11:53"
"04/08/2026";"19:30:07";2026;2;"Eleição Ordinária";6259;"Eleições Gerais Estaduais 2026";"04/10/2026";"CE";"CE";"CEARÁ";60002536666;2;45;"Aplicação de renda fixa (CDB, RDB e outros)";"RENDA FIXA BRADESCO";"140,97";"04/08/2026";"17:11:53"
"04/08/2026";"19:30:07";2026;2;"Eleição Ordinária";6259;"Eleições Gerais Estaduais 2026";"04/10/2026";"CE";"CE";"CEARÁ";60002536667;1;61;"Depósito bancário em conta corrente no País";"SALDO EM CONTA CORRENTE NO BANCO BRADESCO S.A";"1,00";"04/08/2026";"17:11:49"
"04/08/2026";"19:30:07";2026;2;"Eleição Ordinária";6259;"Eleições Gerais Estaduais 2026";"04/10/2026";"CE";"CE";"CEARÁ";60002536666;4;32;"Quotas ou quinhões de capital";"QUOTAS EM EMPRESA";"1600000,00";"04/08/2026";"17:11:53"
"04/08/2026";"19:30:07";2026;2;"Eleição Ordinária";6259;"Eleições Gerais Estaduais 2026";"04/10/2026";"CE";"CE";"CEARÁ";60002536667;2;45;"Aplicação de renda fixa (CDB, RDB e outros)";"SALDO NO BRADESCO";"22930,73";"04/08/2026";"17:11:49"
"04/08/2026";"19:30:07";2026;2;"Eleição Ordinária";6259;"Eleições Gerais Estaduais 2026";"04/10/2026";"CE";"CE";"CEARÁ";60002536667;3;97;"VGBL - Vida Gerador de Benefício Livre";"SALDO EM VGBL";"150248,93";"04/08/2026";"17:11:49"
"04/08/2026";"19:30:07";2026;2;"Eleição Ordinária";6259;"Eleições Gerais Estaduais 2026";"04/10/2026";"CE";"CE";"CEARÁ";60002536667;4;41;"Caderneta de poupança";"SALDO EM CONTA POUPANÇA NO BANCO BRADESCO S.A.,";"843,39";"04/08/2026";"17:11:49"
"04/08/2026";"19:30:07";2026;2;"Eleição Ordinária";6259;"Eleições Gerais Estaduais 2026";"04/10/2026";"CE";"CE";"CEARÁ";60002536667;5;79;"Outros fundos";"RESERVA PESSOAL";"45000,00";"04/08/2026";"17:11:49"
"04/08/2026";"19:30:07";2026;2;"Eleição Ordinária";6259;"Eleições Gerais Estaduais 2026";"04/10/2026";"CE";"CE";"CEARÁ";60002536667;6;45;"Aplicação de renda fixa (CDB, RDB e outros)";"SALDO NO FUNDO ITAÚ";"110818,12";"04/08/2026";"17:11:49"
"04/08/2026";"19:30:07";2026;2;"Eleição Ordinária";6259;"Eleições Gerais Estaduais 2026";"04/10/2026";"CE";"CE";"CEARÁ";60002536667;7;45;"Aplicação de renda fixa (CDB, RDB e outros)";"SALDO NO FUNDO BRADESCO";"30000,00";"04/08/2026";"17:11:49"
"04/08/2026";"19:30:07";2026;2;"Eleição Ordinária";6259;"Eleições Gerais Estaduais 2026";"04/10/2026";"CE";"CE";"CEARÁ";60002536667;8;45;"Aplicação de renda fixa (CDB, RDB e outros)";"SALDO NO BRADESCO SOLARO FIC DE FUNDO DE INVESTIMENTO RENDA FIXA";"34655,17";"04/08/2026";"17:11:49"
"04/08/2026";"19:30:07";2026;2;"Eleição Ordinária";6259;"Eleições Gerais Estaduais 2026";"04/10/2026";"CE";"CE";"CEARÁ";60002536667;9;12;"Casa";"PARTICIPAÇÃO CORRESPONDENTE A 20% DE IMÓVEL";"160000,00";"04/08/2026";"17:11:49"
"04/08/2026";"19:30:07";2026;2;"Eleição Ordinária";6259;"Eleições Gerais Estaduais 2026";"04/10/2026";"CE";"CE";"CEARÁ";60002536667;10;12;"Casa";"1(UMA) CASA RESIDENCIAL SITUADA NA RUA OSVALDO CRUZ, BAIRRO SÃO JOÃO DO TAUAPE, FORTALEZA/CE,";"700000,00";"04/08/2026";"17:11:49"
"04/08/2026";"19:30:07";2026;2;"Eleição Ordinária";6259;"Eleições Gerais Estaduais 2026";"04/10/2026";"CE";"CE";"CEARÁ";60002536667;11;41;"Caderneta de poupança";"SALDO EM CONTA POUPANÇA NO ITAÚ UNIBANCO S.A.";"23,06";"04/08/2026";"17:11:49"
"04/08/2026";"19:30:07";2026;2;"Eleição Ordinária";6259;"Eleições Gerais Estaduais 2026";"04/10/2026";"CE";"CE";"CEARÁ";60002536667;14;61;"Depósito bancário em conta corrente no País";"SALDO EM CONTA CORRENTE NO ITAÚ UNIBANCO S.A.";"1,00";"04/08/2026";"17:11:49"
"04/08/2026";"19:30:07";2026;2;"Eleição Ordinária";6259;"Eleições Gerais Estaduais 2026";"04/10/2026";"CE";"CE";"CEARÁ";60002536667;12;45;"Aplicação de renda fixa (CDB, RDB e outros)";"SALDO EM APLICAÇÃO DE RENDA FIXA (RDB/CDB) NO ITAÚ UNIBANCO";"12326,55";"04/08/2026";"17:11:49"
"04/08/2026";"19:30:07";2026;2;"Eleição Ordinária";6259;"Eleições Gerais Estaduais 2026";"04/10/2026";"CE";"CE";"CEARÁ";60002536667;13;45;"Aplicação de renda fixa (CDB, RDB e outros)";"SALDO EM APLICAÇÃO EM LETRA DE CRÉDITO DO AGRONEGÓCIO";"38000,00";"04/08/2026";"17:11:49"
"04/08/2026";"19:30:07";2026;2;"Eleição Ordinária";6259;"Eleições Gerais Estaduais 2026";"04/10/2026";"CE";"CE";"CEARÁ";60002536667;17;12;"Casa";"1(UMA) CASA RESIDENCIAL SITUADA À AVENIDA DR. JOSÉ ARIMATEIA MONTE E SILVA, CENTRO, SOBRAL/CE";"250000,00";"04/08/2026";"17:11:49"
"04/08/2026";"19:30:07";2026;2;"Eleição Ordinária";6259;"Eleições Gerais Estaduais 2026";"04/10/2026";"CE";"CE";"CEARÁ";60002536667;15;12;"Casa";"1(UMA) CASA RESIDENCIAL SITUADA NA AVENIDA DR. JOSÉ ARIMATEIA MONTE E SILVA, CENTRO, SOBRAL/CE";"250000,00";"04/08/2026";"17:11:49"
"04/08/2026";"19:30:07";2026;2;"Eleição Ordinária";6259;"Eleições Gerais Estaduais 2026";"04/10/2026";"CE";"CE";"CEARÁ";60002536667;16;45;"Aplicação de renda fixa (CDB, RDB e outros)";"SALDO EM APLICAÇÃO DE RENDA FIXA";"40157,53";"04/08/2026";"17:11:49"
"04/08/2026";"19:30:07";2026;2;"Eleição Ordinária";6259;"Eleições Gerais Estaduais 2026";"04/10/2026";"CE";"CE";"CEARÁ";60002536668;3;61;"Depósito bancário em conta corrente no País";"SALDO EM CONTA CORRENTE ¿ CAIXA";"394980,47";"04/08/2026";"17:11:49"
"04/08/2026";"19:30:07";2026;2;"Eleição Ordinária";6259;"Eleições Gerais Estaduais 2026";"04/10/2026";"CE";"CE";"CEARÁ";60002536668;1;45;"Aplicação de renda fixa (CDB, RDB e outros)";"APLICAÇÃO DE RENDA FIXA ¿ BANCO ITAÚ S.A.";"190994,81";"04/08/2026";"17:11:49"
"04/08/2026";"19:30:07";2026;2;"Eleição Ordinária";6259;"Eleições Gerais Estaduais 2026";"04/10/2026";"CE";"CE";"CEARÁ";60002536668;2;45;"Aplicação de renda fixa (CDB, RDB e outros)";"FUNDO DE INVESTIMENTOS";"493,64";"04/08/2026";"17:11:49"
"04/08/2026";"19:30:07";2026;2;"Eleição Ordinária";6259;"Eleições Gerais Estaduais 2026";"04/10/2026";"CE";"CE";"CEARÁ";60002536668;6;61;"Depósito bancário em conta corrente no País";"SALDO EM CONTA CORRENTE ¿ BANCO DO BRASIL S.A";"1374,77";"04/08/2026";"17:11:49"
"04/08/2026";"19:30:07";2026;2;"Eleição Ordinária";6259;"Eleições Gerais Estaduais 2026";"04/10/2026";"CE";"CE";"CEARÁ";60002536668;5;63;"Dinheiro em espécie - moeda nacional";"DINHEIRO EM ESPÉCIE";"600000,00";"04/08/2026";"17:11:49"
"04/08/2026";"19:30:07";2026;2;"Eleição Ordinária";6259;"Eleições Gerais Estaduais 2026";"04/10/2026";"CE";"CE";"CEARÁ";60002536668;4;45;"Aplicação de renda fixa (CDB, RDB e outros)";"APLICAÇÃO DE RENDA FIXA ¿ BANCO BRADESCO S.A.";"235502,97";"04/08/2026";"17:11:49"
"04/08/2026";"19:30:07";2026;2;"Eleição Ordinária";6259;"Eleições Gerais Estaduais 2026";"04/10/2026";"CE";"CE";"CEARÁ";60002536669;1;41;"Caderneta de poupança";"SALDO EM CADERNETA DE POUPANCA.";"1000,26";"04/08/2026";"17:11:53"
"04/08/2026";"19:30:07";2026;2;"Eleição Ordinária";6259;"Eleições Gerais Estaduais 2026";"04/10/2026";"CE";"CE";"CEARÁ";60002536669;2;41;"Caderneta de poupança";"CONTA DE POUPANCA E LETRAS HIPOTECARIAS";"53698,84";"04/08/2026";"17:11:53"
"04/08/2026";"19:30:07";2026;2;"Eleição Ordinária";6259;"Eleições Gerais Estaduais 2026";"04/10/2026";"CE";"CE";"CEARÁ";60002536669;3;41;"Caderneta de poupança";"POUPANCA E LETRAS HIPOTECARIAS";"4301,34";"04/08/2026";"17:11:53"
"04/08/2026";"19:30:07";2026;2;"Eleição Ordinária";6259;"Eleições Gerais Estaduais 2026";"04/10/2026";"CE";"CE";"CEARÁ";60002536669;4;21;"Veículo automotor terrestre: caminhão, automóvel, moto, etc.";"TIGGO 5X PRO HA";"146238,00";"04/08/2026";"17:11:53"
"04/08/2026";"19:30:07";2026;2;"Eleição Ordinária";6259;"Eleições Gerais Estaduais 2026";"04/10/2026";"CE";"CE";"CEARÁ";60002536669;5;41;"Caderneta de poupança";"SALDO EM CADERNETA DE POUPANCA BANCO ITA";"18009,91";"04/08/2026";"17:11:53"
"04/08/2026";"19:30:07";2026;2;"Eleição Ordinária";6259;"Eleições Gerais Estaduais 2026";"04/10/2026";"CE";"CE";"CEARÁ";60002536669;6;45;"Aplicação de renda fixa (CDB, RDB e outros)";"RDB/CDB, BANCO ITAU.";"57950,00";"04/08/2026";"17:11:53"
"04/08/2026";"19:30:07";2026;2;"Eleição Ordinária";6259;"Eleições Gerais Estaduais 2026";"04/10/2026";"CE";"CE";"CEARÁ";60002536669;8;79;"Outros fundos";"PLANO ITAU DE CAPITALIZACAO";"3742,54";"04/08/2026";"17:11:53"
"04/08/2026";"19:30:07";2026;2;"Eleição Ordinária";6259;"Eleições Gerais Estaduais 2026";"04/10/2026";"CE";"CE";"CEARÁ";60002536669;7;45;"Aplicação de renda fixa (CDB, RDB e outros)";"APLICACOES DE RENDA FIXA BANCO SANTANDER.";"18550,27";"04/08/2026";"17:11:53"
"04/08/2026";"19:30:07";2026;2;"Eleição Ordinária";6259;"Eleições Gerais Estaduais 2026";"04/10/2026";"CE";"CE";"CEARÁ";60002536669;9;45;"Aplicação de renda fixa (CDB, RDB e outros)";"TITULO DE CAPITALIZACAO SANTANDER";"1149,68";"04/08/2026";"17:11:53"
"04/08/2026";"19:30:07";2026;2;"Eleição Ordinária";6259;"Eleições Gerais Estaduais 2026";"04/10/2026";"CE";"CE";"CEARÁ";60002536669;11;61;"Depósito bancário em conta corrente no País";"CONTA CORRENTE NO BANCO DO BRASIL S.";"1,45";"04/08/2026";"17:11:53"
"04/08/2026";"19:30:07";2026;2;"Eleição Ordinária";6259;"Eleições Gerais Estaduais 2026";"04/10/2026";"CE";"CE";"CEARÁ";60002536670;1;12;"Casa";"CASA EM ITAREMA";"295000,00";"04/08/2026";"17:11:53"
"04/08/2026";"19:30:07";2026;2;"Eleição Ordinária";6259;"Eleições Gerais Estaduais 2026";"04/10/2026";"CE";"CE";"CEARÁ";60002536669;10;79;"Outros fundos";"BRASILPREV";"14162,88";"04/08/2026";"17:11:53"
"04/08/2026";"19:30:07";2026;2;"Eleição Ordinária";6259;"Eleições Gerais Estaduais 2026";"04/10/2026";"CE";"CE";"CEARÁ";60002536670;4;12;"Casa";"IMOVEL EM FORTALEZA";"95125,00";"04/08/2026";"17:11:53"
"04/08/2026";"19:30:07";2026;2;"Eleição Ordinária";6259;"Eleições Gerais Estaduais 2026";"04/10/2026";"CE";"CE";"CEARÁ";60002536670;2;12;"Casa";"CASA EM FORTALEZA";"13000,00";"04/08/2026";"17:11:53"
"04/08/2026";"19:30:07";2026;2;"Eleição Ordinária";6259;"Eleições Gerais Estaduais 2026";"04/10/2026";"CE";"CE";"CEARÁ";60002536670;3;45;"Aplicação de renda fixa (CDB, RDB e outros)";"RENDA FIXA CDB";"62898,00";"04/08/2026";"17:11:53"
"04/08/2026";"19:30:07";2026;2;"Eleição Ordinária";6259;"Eleições Gerais Estaduais 2026";"04/10/2026";"CE";"CE";"CEARÁ";60002536671;2;21;"Veículo automotor terrestre: caminhão, automóvel, moto, etc.";"VEICULO VW KOMBI, BRANCA ANO DE FABRICACAO E MODELO 2001";"10500,00";"04/08/2026";"17:11:53"
"04/08/2026";"19:30:07";2026;2;"Eleição Ordinária";6259;"Eleições Gerais Estaduais 2026";"04/10/2026";"CE";"CE";"CEARÁ";60002536671;1;79;"Outros fundos";"INFORMADO POR CNPJ";"17,13";"04/08/2026";"17:11:53"
"04/08/2026";"19:30:07";2026;2;"Eleição Ordinária";6259;"Eleições Gerais Estaduais 2026";"04/10/2026";"CE";"CE";"CEARÁ";60002536671;3;32;"Quotas ou quinhões de capital";"100% NA PARTICIPACAO DE UMA EMPRESA INDIVIDUAL";"5000,00";"04/08/2026";"17:11:53"
"04/08/2026";"19:30:07";2026;2;"Eleição Ordinária";6259;"Eleições Gerais Estaduais 2026";"04/10/2026";"CE";"CE";"CEARÁ";60002536671;5;21;"Veículo automotor terrestre: caminhão, automóvel, moto, etc.";"VEICULO TRACKER T A 2025/2026 FINANCIADO";"13500,85";"04/08/2026";"17:11:53"
"04/08/2026";"19:30:07";2026;2;"Eleição Ordinária";6259;"Eleições Gerais Estaduais 2026";"04/10/2026";"CE";"CE";"CEARÁ";60002536671;4;79;"Outros fundos";"INFORMADO POR CNPJ";"171,18";"04/08/2026";"17:11:53"
"04/08/2026";"19:30:07";2026;2;"Eleição Ordinária";6259;"Eleições Gerais Estaduais 2026";"04/10/2026";"CE";"CE";"CEARÁ";60002536671;6;2;"Prédio comercial";"EMPREENDIMENTO EM CASCAVEL";"16848,72";"04/08/2026";"17:11:53"
"04/08/2026";"19:30:07";2026;2;"Eleição Ordinária";6259;"Eleições Gerais Estaduais 2026";"04/10/2026";"CE";"CE";"CEARÁ";60002536671;7;21;"Veículo automotor terrestre: caminhão, automóvel, moto, etc.";"CORSA CLASSIC 2003";"13000,00";"04/08/2026";"17:11:53"
"04/08/2026";"19:30:07";2026;2;"Eleição Ordinária";6259;"Eleições Gerais Estaduais 2026";"04/10/2026";"CE";"CE";"CEARÁ";60002536671;8;21;"Veículo automotor terrestre: caminhão, automóvel, moto, etc.";"TOYOTA HILUX SW4 2011";"92950,44";"04/08/2026";"17:11:53"
"04/08/2026";"19:30:07";2026;2;"Eleição Ordinária";6259;"Eleições Gerais Estaduais 2026";"04/10/2026";"CE";"CE";"CEARÁ";60002536671;9;13;"Terreno";"TERRENO LOCALIZADO EM BEBERIBE";"11182,08";"04/08/2026";"17:11:53"
"04/08/2026";"19:30:07";2026;2;"Eleição Ordinária";6259;"Eleições Gerais Estaduais 2026";"04/10/2026";"CE";"CE";"CEARÁ";60002536672;1;21;"Veículo automotor terrestre: caminhão, automóvel, moto, etc.";"CHEVROLET CLASSIC LS";"20000,00";"04/08/2026";"17:11:53"
"04/08/2026";"19:30:07";2026;2;"Eleição Ordinária";6259;"Eleições Gerais Estaduais 2026";"04/10/2026";"CE";"CE";"CEARÁ";60002536673;1;21;"Veículo automotor terrestre: caminhão, automóvel, moto, etc.";"CAOA CHERY TIGGO CINZA 2025";"139900,00";"04/08/2026";"17:11:49"
"04/08/2026";"19:30:07";2026;2;"Eleição Ordinária";6259;"Eleições Gerais Estaduais 2026";"04/10/2026";"CE";"CE";"CEARÁ";60002536673;2;11;"Apartamento";"APARTAMENTO NO COCÓ";"1177022,58";"04/08/2026";"17:11:49"
"04/08/2026";"19:30:07";2026;2;"Eleição Ordinária";6259;"Eleições Gerais Estaduais 2026";"04/10/2026";"CE";"CE";"CEARÁ";60002536673;3;13;"Terreno";"TERRENO EM QUIXELO";"60984,00";"04/08/2026";"17:11:49"
"04/08/2026";"19:30:07";2026;2;"Eleição Ordinária";6259;"Eleições Gerais Estaduais 2026";"04/10/2026";"CE";"CE";"CEARÁ";60002536673;5;41;"Caderneta de poupança";"POUPANÇA BB";"18,82";"04/08/2026";"17:11:49"
"04/08/2026";"19:30:07";2026;2;"Eleição Ordinária";6259;"Eleições Gerais Estaduais 2026";"04/10/2026";"CE";"CE";"CEARÁ";60002536673;4;32;"Quotas ou quinhões de capital";"SOCIEDADE";"10000,00";"04/08/2026";"17:11:49"
"04/08/2026";"19:30:07";2026;2;"Eleição Ordinária";6259;"Eleições Gerais Estaduais 2026";"04/10/2026";"CE";"CE";"CEARÁ";60002536673;6;45;"Aplicação de renda fixa (CDB, RDB e outros)";"RENDA FIXA CDB";"56625,53";"04/08/2026";"17:11:49"
"04/08/2026";"19:30:07";2026;2;"Eleição Ordinária";6259;"Eleições Gerais Estaduais 2026";"04/10/2026";"CE";"CE";"CEARÁ";60002536673;7;45;"Aplicação de renda fixa (CDB, RDB e outros)";"BRADESCO FIF FIC";"33000,00";"04/08/2026";"17:11:49"
"04/08/2026";"19:30:07";2026;2;"Eleição Ordinária";6259;"Eleições Gerais Estaduais 2026";"04/10/2026";"CE";"CE";"CEARÁ";60002536673;8;45;"Aplicação de renda fixa (CDB, RDB e outros)";"COTA RENDA FIXA SIMPLES";"550,00";"04/08/2026";"17:11:49"
"04/08/2026";"19:30:07";2026;2;"Eleição Ordinária";6259;"Eleições Gerais Estaduais 2026";"04/10/2026";"CE";"CE";"CEARÁ";60002536674;1;15;"Sala ou conjunto";"SALA COMERCIAL EM FORTALEZA";"261319,38";"04/08/2026";"17:11:49"
"04/08/2026";"19:30:07";2026;2;"Eleição Ordinária";6259;"Eleições Gerais Estaduais 2026";"04/10/2026";"CE";"CE";"CEARÁ";60002536673;9;45;"Aplicação de renda fixa (CDB, RDB e outros)";"FUNDO DE INVESTIMENTO BRADESCO";"65000,00";"04/08/2026";"17:11:49"
"04/08/2026";"19:30:07";2026;2;"Eleição Ordinária";6259;"Eleições Gerais Estaduais 2026";"04/10/2026";"CE";"CE";"CEARÁ";60002536674;2;32;"Quotas ou quinhões de capital";"COTA DE CAPITAL";"1240,00";"04/08/2026";"17:11:49"
"04/08/2026";"19:30:07";2026;2;"Eleição Ordinária";6259;"Eleições Gerais Estaduais 2026";"04/10/2026";"CE";"CE";"CEARÁ";60002536674;3;11;"Apartamento";"APARTAMENTO EM AQUIRAZ";"406684,75";"04/08/2026";"17:11:49"
"04/08/2026";"19:30:07";2026;2;"Eleição Ordinária";6259;"Eleições Gerais Estaduais 2026";"04/10/2026";"CE";"CE";"CEARÁ";60002536674;4;11;"Apartamento";"APARTAMENTO EM FORTALEZA";"873354,82";"04/08/2026";"17:11:49"
"04/08/2026";"19:30:07";2026;2;"Eleição Ordinária";6259;"Eleições Gerais Estaduais 2026";"04/10/2026";"CE";"CE";"CEARÁ";60002536674;5;11;"Apartamento";"APARTAMENTO FINANCIADO";"302554,41";"04/08/2026";"17:11:49"
"04/08/2026";"19:30:07";2026;2;"Eleição Ordinária";6259;"Eleições Gerais Estaduais 2026";"04/10/2026";"CE";"CE";"CEARÁ";60002536675;1;21;"Veículo automotor terrestre: caminhão, automóvel, moto, etc.";"FIAT TORO";"100000,00";"04/08/2026";"17:11:49"
"04/08/2026";"19:30:07";2026;2;"Eleição Ordinária";6259;"Eleições Gerais Estaduais 2026";"04/10/2026";"CE";"CE";"CEARÁ";60002536676;1;11;"Apartamento";"IMOVEL EM AQUIRAZ";"779740,79";"04/08/2026";"17:11:49"
"04/08/2026";"19:30:07";2026;2;"Eleição Ordinária";6259;"Eleições Gerais Estaduais 2026";"04/10/2026";"CE";"CE";"CEARÁ";60002536675;2;12;"Casa";"CASA DUPLEX";"500000,00";"04/08/2026";"17:11:49"
"04/08/2026";"19:30:07";2026;2;"Eleição Ordinária";6259;"Eleições Gerais Estaduais 2026";"04/10/2026";"CE";"CE";"CEARÁ";60002536676;4;12;"Casa";"IMOVEL EM CAMOCIM";"100000,00";"04/08/2026";"17:11:49"
"04/08/2026";"19:30:07";2026;2;"Eleição Ordinária";6259;"Eleições Gerais Estaduais 2026";"04/10/2026";"CE";"CE";"CEARÁ";60002536676;2;11;"Apartamento";"APARTAMENTO EM  FORTALEZA-CE";"530000,00";"04/08/2026";"17:11:49"
"04/08/2026";"19:30:07";2026;2;"Eleição Ordinária";6259;"Eleições Gerais Estaduais 2026";"04/10/2026";"CE";"CE";"CEARÁ";60002536676;3;12;"Casa";"IMOVEL FINANCIADO NO AQUIRAZ";"1378349,33";"04/08/2026";"17:11:49"
"04/08/2026";"19:30:07";2026;2;"Eleição Ordinária";6259;"Eleições Gerais Estaduais 2026";"04/10/2026";"CE";"CE";"CEARÁ";60002536676;7;21;"Veículo automotor terrestre: caminhão, automóvel, moto, etc.";"CAMINHAO MERCEDES BENZ 1983";"16000,00";"04/08/2026";"17:11:49"
"04/08/2026";"19:30:07";2026;2;"Eleição Ordinária";6259;"Eleições Gerais Estaduais 2026";"04/10/2026";"CE";"CE";"CEARÁ";60002536676;5;13;"Terreno";"1/4 DE TERRENO EM CAMOCIM";"518,62";"04/08/2026";"17:11:49"
"04/08/2026";"19:30:07";2026;2;"Eleição Ordinária";6259;"Eleições Gerais Estaduais 2026";"04/10/2026";"CE";"CE";"CEARÁ";60002536676;6;12;"Casa";"SITIO SAO VICENTE 1/4";"2519,11";"04/08/2026";"17:11:49"
"04/08/2026";"19:30:07";2026;2;"Eleição Ordinária";6259;"Eleições Gerais Estaduais 2026";"04/10/2026";"CE";"CE";"CEARÁ";60002536676;8;12;"Casa";"1/4 DE SITIO EM CAMOCIM";"518,62";"04/08/2026";"17:11:49"
"04/08/2026";"19:30:07";2026;2;"Eleição Ordinária";6259;"Eleições Gerais Estaduais 2026";"04/10/2026";"CE";"CE";"CEARÁ";60002536676;9;12;"Casa";"SITIO CAUIPE 1/4 EM TIANGUA";"839,71";"04/08/2026";"17:11:49"
"04/08/2026";"19:30:07";2026;2;"Eleição Ordinária";6259;"Eleições Gerais Estaduais 2026";"04/10/2026";"CE";"CE";"CEARÁ";60002536676;10;2;"Prédio comercial";"1/4 DO PREDIO DE ESCRITURÓRIO";"518,62";"04/08/2026";"17:11:49"
"04/08/2026";"19:30:07";2026;2;"Eleição Ordinária";6259;"Eleições Gerais Estaduais 2026";"04/10/2026";"CE";"CE";"CEARÁ";60002536676;12;13;"Terreno";"1/2 DE TERRENO EM CAMOCIM";"198000,00";"04/08/2026";"17:11:49"
"04/08/2026";"19:30:07";2026;2;"Eleição Ordinária";6259;"Eleições Gerais Estaduais 2026";"04/10/2026";"CE";"CE";"CEARÁ";60002536676;13;12;"Casa";"SITIO RURAL";"518,62";"04/08/2026";"17:11:49"
"04/08/2026";"19:30:07";2026;2;"Eleição Ordinária";6259;"Eleições Gerais Estaduais 2026";"04/10/2026";"CE";"CE";"CEARÁ";60002536676;11;32;"Quotas ou quinhões de capital";"QUOTAS DE PROJETO";"954,62";"04/08/2026";"17:11:49"
"04/08/2026";"19:30:07";2026;2;"Eleição Ordinária";6259;"Eleições Gerais Estaduais 2026";"04/10/2026";"CE";"CE";"CEARÁ";60002536676;14;21;"Veículo automotor terrestre: caminhão, automóvel, moto, etc.";"LAND ROVER EVOQUE 2015";"200000,00";"04/08/2026";"17:11:49"
"04/08/2026";"19:30:07";2026;2;"Eleição Ordinária";6259;"Eleições Gerais Estaduais 2026";"04/10/2026";"CE";"CE";"CEARÁ";60002536676;16;11;"Apartamento";"50% DE APARTAMENTO NO MEIRELES";"276987,70";"04/08/2026";"17:11:49"
"04/08/2026";"19:30:07";2026;2;"Eleição Ordinária";6259;"Eleições Gerais Estaduais 2026";"04/10/2026";"CE";"CE";"CEARÁ";60002536676;15;32;"Quotas ou quinhões de capital";"COTAS DE CAPITAL";"33952,80";"04/08/2026";"17:11:49"
"04/08/2026";"19:30:07";2026;2;"Eleição Ordinária";6259;"Eleições Gerais Estaduais 2026";"04/10/2026";"CE";"CE";"CEARÁ";60002536676;18;12;"Casa";"IMOVEL EM CAMOCIM";"700000,00";"04/08/2026";"17:11:49"
"04/08/2026";"19:30:07";2026;2;"Eleição Ordinária";6259;"Eleições Gerais Estaduais 2026";"04/10/2026";"CE";"CE";"CEARÁ";60002536676;19;12;"Casa";"1/4 DE SITIO EM CAMOCIM";"518,62";"04/08/2026";"17:11:49"
"04/08/2026";"19:30:07";2026;2;"Eleição Ordinária";6259;"Eleições Gerais Estaduais 2026";"04/10/2026";"CE";"CE";"CEARÁ";60002536676;17;32;"Quotas ou quinhões de capital";"10%DE COTA DE CAPITAL";"32113,00";"04/08/2026";"17:11:49"
"04/08/2026";"19:30:07";2026;2;"Eleição Ordinária";6259;"Eleições Gerais Estaduais 2026";"04/10/2026";"CE";"CE";"CEARÁ";60002536677;2;21;"Veículo automotor terrestre: caminhão, automóvel, moto, etc.";"HILUX 2015";"175000,00";"04/08/2026";"17:11:49"
"04/08/2026";"19:30:07";2026;2;"Eleição Ordinária";6259;"Eleições Gerais Estaduais 2026";"04/10/2026";"CE";"CE";"CEARÁ";60002536677;3;13;"Terreno";"TERRENO NO DISTRITO DE SUCESSO";"8000,00";"04/08/2026";"17:11:49"
"04/08/2026";"19:30:07";2026;2;"Eleição Ordinária";6259;"Eleições Gerais Estaduais 2026";"04/10/2026";"CE";"CE";"CEARÁ";60002536677;1;12;"Casa";"CASA NO DISTRITO DE SUCESSO";"7000,00";"04/08/2026";"17:11:49"
"04/08/2026";"19:30:07";2026;2;"Eleição Ordinária";6259;"Eleições Gerais Estaduais 2026";"04/10/2026";"CE";"CE";"CEARÁ";60002536677;4;99;"OUTROS BENS E DIREITOS";"AMBEV";"8585,08";"04/08/2026";"17:11:49"
"04/08/2026";"19:30:07";2026;2;"Eleição Ordinária";6259;"Eleições Gerais Estaduais 2026";"04/10/2026";"CE";"CE";"CEARÁ";60002536677;5;99;"OUTROS BENS E DIREITOS";"CEMAR";"179462,44";"04/08/2026";"17:11:49"
"04/08/2026";"19:30:07";2026;2;"Eleição Ordinária";6259;"Eleições Gerais Estaduais 2026";"04/10/2026";"CE";"CE";"CEARÁ";60002536677;6;21;"Veículo automotor terrestre: caminhão, automóvel, moto, etc.";"CHEV ONIX 2016";"50144,00";"04/08/2026";"17:11:49"
"04/08/2026";"19:30:07";2026;2;"Eleição Ordinária";6259;"Eleições Gerais Estaduais 2026";"04/10/2026";"CE";"CE";"CEARÁ";60002536677;7;21;"Veículo automotor terrestre: caminhão, automóvel, moto, etc.";"HONDA TITAN 150 ES 2008/2009";"8800,00";"04/08/2026";"17:11:49"
"04/08/2026";"19:30:07";2026;2;"Eleição Ordinária";6259;"Eleições Gerais Estaduais 2026";"04/10/2026";"CE";"CE";"CEARÁ";60002536677;9;13;"Terreno";"TERRENO NO DISTRITO DE SUCESSO";"5000,00";"04/08/2026";"17:11:49"
"04/08/2026";"19:30:07";2026;2;"Eleição Ordinária";6259;"Eleições Gerais Estaduais 2026";"04/10/2026";"CE";"CE";"CEARÁ";60002536677;8;12;"Casa";"CASA EM TAMBORIL";"30000,00";"04/08/2026";"17:11:49"
"04/08/2026";"19:30:07";2026;2;"Eleição Ordinária";6259;"Eleições Gerais Estaduais 2026";"04/10/2026";"CE";"CE";"CEARÁ";60002536677;11;99;"OUTROS BENS E DIREITOS";"ETERNIT";"8668,25";"04/08/2026";"17:11:49"
"04/08/2026";"19:30:07";2026;2;"Eleição Ordinária";6259;"Eleições Gerais Estaduais 2026";"04/10/2026";"CE";"CE";"CEARÁ";60002536677;12;99;"OUTROS BENS E DIREITOS";"ELETROPAULO";"3696,55";"04/08/2026";"17:11:49"
"04/08/2026";"19:30:07";2026;2;"Eleição Ordinária";6259;"Eleições Gerais Estaduais 2026";"04/10/2026";"CE";"CE";"CEARÁ";60002536677;10;13;"Terreno";"TERRENO EM NOVAS RUSSAS";"22941,66";"04/08/2026";"17:11:49"
"04/08/2026";"19:30:07";2026;2;"Eleição Ordinária";6259;"Eleições Gerais Estaduais 2026";"04/10/2026";"CE";"CE";"CEARÁ";60002536677;13;99;"OUTROS BENS E DIREITOS";"INFORMADO POR CNPJ";"339,82";"04/08/2026";"17:11:49"
"04/08/2026";"19:30:07";2026;2;"Eleição Ordinária";6259;"Eleições Gerais Estaduais 2026";"04/10/2026";"CE";"CE";"CEARÁ";60002536677;14;99;"OUTROS BENS E DIREITOS";"TENE7L";"5462,62";"04/08/2026";"17:11:49"
"04/08/2026";"19:30:07";2026;2;"Eleição Ordinária";6259;"Eleições Gerais Estaduais 2026";"04/10/2026";"CE";"CE";"CEARÁ";60002536677;15;99;"OUTROS BENS E DIREITOS";"ENERGISA";"55578,64";"04/08/2026";"17:11:49"
"04/08/2026";"19:30:07";2026;2;"Eleição Ordinária";6259;"Eleições Gerais Estaduais 2026";"04/10/2026";"CE";"CE";"CEARÁ";60002536677;16;99;"OUTROS BENS E DIREITOS";"TECEL BLUMENAL";"4547,76";"04/08/2026";"17:11:49"
"04/08/2026";"19:30:07";2026;2;"Eleição Ordinária";6259;"Eleições Gerais Estaduais 2026";"04/10/2026";"CE";"CE";"CEARÁ";60002536677;17;11;"Apartamento";"APT EM FORTALEZA";"200000,00";"04/08/2026";"17:11:49"
"04/08/2026";"19:30:07";2026;2;"Eleição Ordinária";6259;"Eleições Gerais Estaduais 2026";"04/10/2026";"CE";"CE";"CEARÁ";60002536677;18;45;"Aplicação de renda fixa (CDB, RDB e outros)";"RENDA FIXA";"88494,53";"04/08/2026";"17:11:49"
"04/08/2026";"19:30:07";2026;2;"Eleição Ordinária";6259;"Eleições Gerais Estaduais 2026";"04/10/2026";"CE";"CE";"CEARÁ";60002536677;19;99;"OUTROS BENS E DIREITOS";"INFORMADO POR CNPJ";"77979,59";"04/08/2026";"17:11:49"
"04/08/2026";"19:30:07";2026;2;"Eleição Ordinária";6259;"Eleições Gerais Estaduais 2026";"04/10/2026";"CE";"CE";"CEARÁ";60002536677;20;99;"OUTROS BENS E DIREITOS";"VALE DO RIO DOCE";"19501,74";"04/08/2026";"17:11:49"
"04/08/2026";"19:30:07";2026;2;"Eleição Ordinária";6259;"Eleições Gerais Estaduais 2026";"04/10/2026";"CE";"CE";"CEARÁ";60002536677;21;12;"Casa";"SITIO";"100000,00";"04/08/2026";"17:11:49"
"04/08/2026";"19:30:07";2026;2;"Eleição Ordinária";6259;"Eleições Gerais Estaduais 2026";"04/10/2026";"CE";"CE";"CEARÁ";60002536678;3;61;"Depósito bancário em conta corrente no País";"DEPOSITO EM CONTA CORRENTE CAIXA";"3686,89";"04/08/2026";"17:11:53"
"04/08/2026";"19:30:07";2026;2;"Eleição Ordinária";6259;"Eleições Gerais Estaduais 2026";"04/10/2026";"CE";"CE";"CEARÁ";60002536678;1;21;"Veículo automotor terrestre: caminhão, automóvel, moto, etc.";"VEICULO TIPO PASSEIO";"40000,00";"04/08/2026";"17:11:53"
"04/08/2026";"19:30:07";2026;2;"Eleição Ordinária";6259;"Eleições Gerais Estaduais 2026";"04/10/2026";"CE";"CE";"CEARÁ";60002536678;2;41;"Caderneta de poupança";"VALOR DE POUPANCA BB";"106,83";"04/08/2026";"17:11:53"
"04/08/2026";"19:30:07";2026;2;"Eleição Ordinária";6259;"Eleições Gerais Estaduais 2026";"04/10/2026";"CE";"CE";"CEARÁ";60002536678;4;61;"Depósito bancário em conta corrente no País";"DEPOSITO EM CONTA CORRENTE BB";"149,27";"04/08/2026";"17:11:53"
"04/08/2026";"19:30:07";2026;2;"Eleição Ordinária";6259;"Eleições Gerais Estaduais 2026";"04/10/2026";"CE";"CE";"CEARÁ";60002536678;5;12;"Casa";"CASA EM ITAPIPOCA";"320000,00";"04/08/2026";"17:11:53"
"04/08/2026";"19:30:07";2026;2;"Eleição Ordinária";6259;"Eleições Gerais Estaduais 2026";"04/10/2026";"CE";"CE";"CEARÁ";60002536678;6;12;"Casa";"IMOVEL RURAL EM IRAUCUBA";"170000,00";"04/08/2026";"17:11:53"
"04/08/2026";"19:30:07";2026;2;"Eleição Ordinária";6259;"Eleições Gerais Estaduais 2026";"04/10/2026";"CE";"CE";"CEARÁ";60002536679;2;13;"Terreno";"3 LOTES EM TERRENO PRÓPRIO";"37331,44";"04/08/2026";"17:11:49"
"04/08/2026";"19:30:07";2026;2;"Eleição Ordinária";6259;"Eleições Gerais Estaduais 2026";"04/10/2026";"CE";"CE";"CEARÁ";60002536679;3;11;"Apartamento";"APT EM FORTALEZA";"362975,53";"04/08/2026";"17:11:49"
"04/08/2026";"19:30:07";2026;2;"Eleição Ordinária";6259;"Eleições Gerais Estaduais 2026";"04/10/2026";"CE";"CE";"CEARÁ";60002536679;1;79;"Outros fundos";"INFORMADO POR CNPJ";"420,00";"04/08/2026";"17:11:49"
"04/08/2026";"19:30:07";2026;2;"Eleição Ordinária";6259;"Eleições Gerais Estaduais 2026";"04/10/2026";"CE";"CE";"CEARÁ";60002536679;5;21;"Veículo automotor terrestre: caminhão, automóvel, moto, etc.";"JEEP COMPASS";"198651,00";"04/08/2026";"17:11:49"
"04/08/2026";"19:30:07";2026;2;"Eleição Ordinária";6259;"Eleições Gerais Estaduais 2026";"04/10/2026";"CE";"CE";"CEARÁ";60002536679;6;12;"Casa";"IMOVEL EM QUIXADÁ";"87943,15";"04/08/2026";"17:11:49"
"04/08/2026";"19:30:07";2026;2;"Eleição Ordinária";6259;"Eleições Gerais Estaduais 2026";"04/10/2026";"CE";"CE";"CEARÁ";60002536679;4;79;"Outros fundos";"INFORMADO POR CNPJ";"6154,29";"04/08/2026";"17:11:49"
"04/08/2026";"19:30:07";2026;2;"Eleição Ordinária";6259;"Eleições Gerais Estaduais 2026";"04/10/2026";"CE";"CE";"CEARÁ";60002536679;8;13;"Terreno";"3 LOTES EM TERRENO PRÓPRIO";"90367,38";"04/08/2026";"17:11:49"
"04/08/2026";"19:30:07";2026;2;"Eleição Ordinária";6259;"Eleições Gerais Estaduais 2026";"04/10/2026";"CE";"CE";"CEARÁ";60002536680;1;12;"Casa";"1/3 DE IMOVEL NO COCÓ";"433289,00";"04/08/2026";"17:11:53"
"04/08/2026";"19:30:07";2026;2;"Eleição Ordinária";6259;"Eleições Gerais Estaduais 2026";"04/10/2026";"CE";"CE";"CEARÁ";60002536679;7;79;"Outros fundos";"ERANÇA";"62500,00";"04/08/2026";"17:11:49"
"04/08/2026";"19:30:07";2026;2;"Eleição Ordinária";6259;"Eleições Gerais Estaduais 2026";"04/10/2026";"CE";"CE";"CEARÁ";60002536680;2;97;"VGBL - Vida Gerador de Benefício Livre";"SALDO VGBL";"13931,20";"04/08/2026";"17:11:53"
"04/08/2026";"19:30:07";2026;2;"Eleição Ordinária";6259;"Eleições Gerais Estaduais 2026";"04/10/2026";"CE";"CE";"CEARÁ";60002536680;3;97;"VGBL - Vida Gerador de Benefício Livre";"SALDO VGBL";"80944,38";"04/08/2026";"17:11:53"
"04/08/2026";"19:30:07";2026;2;"Eleição Ordinária";6259;"Eleições Gerais Estaduais 2026";"04/10/2026";"CE";"CE";"CEARÁ";60002536680;4;12;"Casa";"IMOVEL ALTO DO IPIRANGA";"304700,38";"04/08/2026";"17:11:53"
"04/08/2026";"19:30:07";2026;2;"Eleição Ordinária";6259;"Eleições Gerais Estaduais 2026";"04/10/2026";"CE";"CE";"CEARÁ";60002536680;6;79;"Outros fundos";"INFORMADO POR CNPJ";"292260,26";"04/08/2026";"17:11:53"
"04/08/2026";"19:30:07";2026;2;"Eleição Ordinária";6259;"Eleições Gerais Estaduais 2026";"04/10/2026";"CE";"CE";"CEARÁ";60002536680;5;32;"Quotas ou quinhões de capital";"PARTICIPACAO EM EMPRESA";"50,00";"04/08/2026";"17:11:53"
"04/08/2026";"19:30:07";2026;2;"Eleição Ordinária";6259;"Eleições Gerais Estaduais 2026";"04/10/2026";"CE";"CE";"CEARÁ";60002536680;7;32;"Quotas ou quinhões de capital";"PARTICIPACAO NO CAPITAL SOCIAL";"49995,00";"04/08/2026";"17:11:53"
"04/08/2026";"19:30:07";2026;2;"Eleição Ordinária";6259;"Eleições Gerais Estaduais 2026";"04/10/2026";"CE";"CE";"CEARÁ";60002536680;8;21;"Veículo automotor terrestre: caminhão, automóvel, moto, etc.";"HILUX CDSR A4FD";"250000,00";"04/08/2026";"17:11:53"
"04/08/2026";"19:30:07";2026;2;"Eleição Ordinária";6259;"Eleições Gerais Estaduais 2026";"04/10/2026";"CE";"CE";"CEARÁ";60002536680;9;12;"Casa";"1/3 DO IMOVEL";"833333,33";"04/08/2026";"17:11:53"
"04/08/2026";"19:30:07";2026;2;"Eleição Ordinária";6259;"Eleições Gerais Estaduais 2026";"04/10/2026";"CE";"CE";"CEARÁ";60002536680;10;12;"Casa";"1/3 DO IMOVEL";"94796,70";"04/08/2026";"17:11:53"
"04/08/2026";"19:30:07";2026;2;"Eleição Ordinária";6259;"Eleições Gerais Estaduais 2026";"04/10/2026";"CE";"CE";"CEARÁ";60002536681;1;11;"Apartamento";"COMPRA DE UM APARTAMENTO";"510000,00";"04/08/2026";"17:11:53"
"04/08/2026";"19:30:07";2026;2;"Eleição Ordinária";6259;"Eleições Gerais Estaduais 2026";"04/10/2026";"CE";"CE";"CEARÁ";60002536681;2;15;"Sala ou conjunto";"AQUISICAO DE SALA COMERCIAL";"240000,00";"04/08/2026";"17:11:53"
"04/08/2026";"19:30:07";2026;2;"Eleição Ordinária";6259;"Eleições Gerais Estaduais 2026";"04/10/2026";"CE";"CE";"CEARÁ";60002536681;3;15;"Sala ou conjunto";"AQUISICAO DE SALA COMERCIAL";"247000,00";"04/08/2026";"17:11:53"
"04/08/2026";"19:30:07";2026;2;"Eleição Ordinária";6259;"Eleições Gerais Estaduais 2026";"04/10/2026";"CE";"CE";"CEARÁ";60002536681;5;11;"Apartamento";"APARTAMENTO ADIQUIRIDO POR FINANCIAMENTO BANCO CAIXA";"230000,00";"04/08/2026";"17:11:53"
"04/08/2026";"19:30:07";2026;2;"Eleição Ordinária";6259;"Eleições Gerais Estaduais 2026";"04/10/2026";"CE";"CE";"CEARÁ";60002536681;4;79;"Outros fundos";"INFORMADO POR CNPJ";"418,54";"04/08/2026";"17:11:53"
"04/08/2026";"19:30:07";2026;2;"Eleição Ordinária";6259;"Eleições Gerais Estaduais 2026";"04/10/2026";"CE";"CE";"CEARÁ";60002536682;1;45;"Aplicação de renda fixa (CDB, RDB e outros)";"FUNDO DE INVESTIMENTO";"774,82";"04/08/2026";"17:11:49"
"04/08/2026";"19:30:07";2026;2;"Eleição Ordinária";6259;"Eleições Gerais Estaduais 2026";"04/10/2026";"CE";"CE";"CEARÁ";60002536682;2;13;"Terreno";"LOTEAMENTO PORTO DAS DUNAS MUNICIPIO AQUIRAZ";"360383,87";"04/08/2026";"17:11:49"
"04/08/2026";"19:30:07";2026;2;"Eleição Ordinária";6259;"Eleições Gerais Estaduais 2026";"04/10/2026";"CE";"CE";"CEARÁ";60002536682;4;45;"Aplicação de renda fixa (CDB, RDB e outros)";"CDB BRADESCO";"147754,38";"04/08/2026";"17:11:49"
"04/08/2026";"19:30:07";2026;2;"Eleição Ordinária";6259;"Eleições Gerais Estaduais 2026";"04/10/2026";"CE";"CE";"CEARÁ";60002536682;3;45;"Aplicação de renda fixa (CDB, RDB e outros)";"CAPITALIZACAO BRADESCO";"20538,60";"04/08/2026";"17:11:49"
"04/08/2026";"19:30:07";2026;2;"Eleição Ordinária";6259;"Eleições Gerais Estaduais 2026";"04/10/2026";"CE";"CE";"CEARÁ";60002536682;5;99;"OUTROS BENS E DIREITOS";"INFORMADO POR CNPJ";"3062,90";"04/08/2026";"17:11:49"
"04/08/2026";"19:30:07";2026;2;"Eleição Ordinária";6259;"Eleições Gerais Estaduais 2026";"04/10/2026";"CE";"CE";"CEARÁ";60002536682;6;95;"Consórcio não contemplado";"CONSORCIO BRADESCO";"4012,02";"04/08/2026";"17:11:49"
"04/08/2026";"19:30:07";2026;2;"Eleição Ordinária";6259;"Eleições Gerais Estaduais 2026";"04/10/2026";"CE";"CE";"CEARÁ";60002536682;7;45;"Aplicação de renda fixa (CDB, RDB e outros)";"BRADESCO LCA";"330000,00";"04/08/2026";"17:11:49"
"04/08/2026";"19:30:07";2026;2;"Eleição Ordinária";6259;"Eleições Gerais Estaduais 2026";"04/10/2026";"CE";"CE";"CEARÁ";60002536682;10;21;"Veículo automotor terrestre: caminhão, automóvel, moto, etc.";"CHEV TRAIBLAZER 2023/2024";"312000,00";"04/08/2026";"17:11:49"
"04/08/2026";"19:30:07";2026;2;"Eleição Ordinária";6259;"Eleições Gerais Estaduais 2026";"04/10/2026";"CE";"CE";"CEARÁ";60002536682;9;11;"Apartamento";"APARTAMENTO EM FORTALEZA";"800000,00";"04/08/2026";"17:11:49"
"04/08/2026";"19:30:07";2026;2;"Eleição Ordinária";6259;"Eleições Gerais Estaduais 2026";"04/10/2026";"CE";"CE";"CEARÁ";60002536682;8;79;"Outros fundos";"BB";"4924,31";"04/08/2026";"17:11:49"
"04/08/2026";"19:30:07";2026;2;"Eleição Ordinária";6259;"Eleições Gerais Estaduais 2026";"04/10/2026";"CE";"CE";"CEARÁ";60002536682;13;61;"Depósito bancário em conta corrente no País";"BRADESCO";"1,00";"04/08/2026";"17:11:49"
"04/08/2026";"19:30:07";2026;2;"Eleição Ordinária";6259;"Eleições Gerais Estaduais 2026";"04/10/2026";"CE";"CE";"CEARÁ";60002536682;12;99;"OUTROS BENS E DIREITOS";"VALOR DE MUTUO COM SOBRINHO";"55000,00";"04/08/2026";"17:11:49"
"04/08/2026";"19:30:07";2026;2;"Eleição Ordinária";6259;"Eleições Gerais Estaduais 2026";"04/10/2026";"CE";"CE";"CEARÁ";60002536682;11;95;"Consórcio não contemplado";"BRADESCO CONSORCIO";"1451,56";"04/08/2026";"17:11:49"
"04/08/2026";"19:30:07";2026;2;"Eleição Ordinária";6259;"Eleições Gerais Estaduais 2026";"04/10/2026";"CE";"CE";"CEARÁ";60002536682;14;97;"VGBL - Vida Gerador de Benefício Livre";"VGBL";"140,39";"04/08/2026";"17:11:49"
"04/08/2026";"19:30:07";2026;2;"Eleição Ordinária";6259;"Eleições Gerais Estaduais 2026";"04/10/2026";"CE";"CE";"CEARÁ";60002536682;15;21;"Veículo automotor terrestre: caminhão, automóvel, moto, etc.";"CHEV TRACKER LT 2017/2018";"100000,00";"04/08/2026";"17:11:49"
"04/08/2026";"19:30:07";2026;2;"Eleição Ordinária";6259;"Eleições Gerais Estaduais 2026";"04/10/2026";"CE";"CE";"CEARÁ";60002536683;1;12;"Casa";"CADA DUPLEX FINANCIADA PELO BRADESCO";"640895,98";"04/08/2026";"17:11:49"
"04/08/2026";"19:30:07";2026;2;"Eleição Ordinária";6259;"Eleições Gerais Estaduais 2026";"04/10/2026";"CE";"CE";"CEARÁ";60002536684;1;21;"Veículo automotor terrestre: caminhão, automóvel, moto, etc.";"HILUX SW4 2015";"100000,00";"04/08/2026";"17:11:49"
"04/08/2026";"19:30:07";2026;2;"Eleição Ordinária";6259;"Eleições Gerais Estaduais 2026";"04/10/2026";"CE";"CE";"CEARÁ";60002536683;2;32;"Quotas ou quinhões de capital";"CAPITAL SOCIAL UNICRED";"1926,47";"04/08/2026";"17:11:49"
"04/08/2026";"19:30:07";2026;2;"Eleição Ordinária";6259;"Eleições Gerais Estaduais 2026";"04/10/2026";"CE";"CE";"CEARÁ";60002536684;2;32;"Quotas ou quinhões de capital";"PARTICIPACAO SOCIETARIA";"48000,00";"04/08/2026";"17:11:49"
"04/08/2026";"19:30:07";2026;2;"Eleição Ordinária";6259;"Eleições Gerais Estaduais 2026";"04/10/2026";"CE";"CE";"CEARÁ";60002536684;3;11;"Apartamento";"APARTAMENTO EM FORTALEZA";"170000,00";"04/08/2026";"17:11:49"
"04/08/2026";"19:30:07";2026;2;"Eleição Ordinária";6259;"Eleições Gerais Estaduais 2026";"04/10/2026";"CE";"CE";"CEARÁ";60002536684;5;45;"Aplicação de renda fixa (CDB, RDB e outros)";"FUNDO DE LONGO PRAZO";"581498,87";"04/08/2026";"17:11:49"
"04/08/2026";"19:30:07";2026;2;"Eleição Ordinária";6259;"Eleições Gerais Estaduais 2026";"04/10/2026";"CE";"CE";"CEARÁ";60002536684;4;45;"Aplicação de renda fixa (CDB, RDB e outros)";"FUNDO DE LONGO PRAZO";"526,89";"04/08/2026";"17:11:49"
"04/08/2026";"19:30:07";2026;2;"Eleição Ordinária";6259;"Eleições Gerais Estaduais 2026";"04/10/2026";"CE";"CE";"CEARÁ";60002536685;1;21;"Veículo automotor terrestre: caminhão, automóvel, moto, etc.";"MOTOCICLETA SUZUKI YES 125CC 2008";"3500,00";"04/08/2026";"17:11:53"
"04/08/2026";"19:30:07";2026;2;"Eleição Ordinária";6259;"Eleições Gerais Estaduais 2026";"04/10/2026";"CE";"CE";"CEARÁ";60002536685;2;13;"Terreno";"LOTE";"75000,00";"04/08/2026";"17:11:53"
"04/08/2026";"19:30:07";2026;2;"Eleição Ordinária";6259;"Eleições Gerais Estaduais 2026";"04/10/2026";"CE";"CE";"CEARÁ";60002536685;3;12;"Casa";"CASA PRÓPRIA EM FORTALEZA";"90000,00";"04/08/2026";"17:11:53"
"04/08/2026";"19:30:07";2026;2;"Eleição Ordinária";6259;"Eleições Gerais Estaduais 2026";"04/10/2026";"CE";"CE";"CEARÁ";60002536686;1;21;"Veículo automotor terrestre: caminhão, automóvel, moto, etc.";"HILUX 2020";"80000,00";"04/08/2026";"17:11:53"
"04/08/2026";"19:30:07";2026;2;"Eleição Ordinária";6259;"Eleições Gerais Estaduais 2026";"04/10/2026";"CE";"CE";"CEARÁ";60002536686;2;79;"Outros fundos";"LFT";"2244,38";"04/08/2026";"17:11:53"
"04/08/2026";"19:30:07";2026;2;"Eleição Ordinária";6259;"Eleições Gerais Estaduais 2026";"04/10/2026";"CE";"CE";"CEARÁ";60002536686;3;45;"Aplicação de renda fixa (CDB, RDB e outros)";"RENDA FIXA";"9020,65";"04/08/2026";"17:11:53"
"04/08/2026";"19:30:07";2026;2;"Eleição Ordinária";6259;"Eleições Gerais Estaduais 2026";"04/10/2026";"CE";"CE";"CEARÁ";60002536686;4;79;"Outros fundos";"CNPJ";"7022,48";"04/08/2026";"17:11:53"
"04/08/2026";"19:30:07";2026;2;"Eleição Ordinária";6259;"Eleições Gerais Estaduais 2026";"04/10/2026";"CE";"CE";"CEARÁ";60002536686;5;79;"Outros fundos";"CONTA UNIVERSITARIA";"13425,65";"04/08/2026";"17:11:53"
"04/08/2026";"19:30:07";2026;2;"Eleição Ordinária";6259;"Eleições Gerais Estaduais 2026";"04/10/2026";"CE";"CE";"CEARÁ";60002536686;6;45;"Aplicação de renda fixa (CDB, RDB e outros)";"FIRF SIMPLES";"1964,77";"04/08/2026";"17:11:53"
"04/08/2026";"19:30:07";2026;2;"Eleição Ordinária";6259;"Eleições Gerais Estaduais 2026";"04/10/2026";"CE";"CE";"CEARÁ";60002536686;8;21;"Veículo automotor terrestre: caminhão, automóvel, moto, etc.";"CHEV ONIX 2021";"70000,00";"04/08/2026";"17:11:53"
"04/08/2026";"19:30:07";2026;2;"Eleição Ordinária";6259;"Eleições Gerais Estaduais 2026";"04/10/2026";"CE";"CE";"CEARÁ";60002536686;9;21;"Veículo automotor terrestre: caminhão, automóvel, moto, etc.";"COROLLA 2023";"70000,00";"04/08/2026";"17:11:53"
"04/08/2026";"19:30:07";2026;2;"Eleição Ordinária";6259;"Eleições Gerais Estaduais 2026";"04/10/2026";"CE";"CE";"CEARÁ";60002536686;7;63;"Dinheiro em espécie - moeda nacional";"DINHEIRO EM ESPECIE";"30000,00";"04/08/2026";"17:11:53"
"04/08/2026";"19:30:07";2026;2;"Eleição Ordinária";6259;"Eleições Gerais Estaduais 2026";"04/10/2026";"CE";"CE";"CEARÁ";60002536686;10;21;"Veículo automotor terrestre: caminhão, automóvel, moto, etc.";"MOTO HONDA 2015";"7500,00";"04/08/2026";"17:11:53"
"04/08/2026";"19:30:07";2026;2;"Eleição Ordinária";6259;"Eleições Gerais Estaduais 2026";"04/10/2026";"CE";"CE";"CEARÁ";60002536687;1;12;"Casa";"CASA EM CONSTRUCAO";"168000,00";"04/08/2026";"17:11:49"
"04/08/2026";"19:30:07";2026;2;"Eleição Ordinária";6259;"Eleições Gerais Estaduais 2026";"04/10/2026";"CE";"CE";"CEARÁ";60002536687;2;11;"Apartamento";"APT EM FORTALEZA FINANCIADO PELA CAIXA";"2119288,90";"04/08/2026";"17:11:49"
"04/08/2026";"19:30:07";2026;2;"Eleição Ordinária";6259;"Eleições Gerais Estaduais 2026";"04/10/2026";"CE";"CE";"CEARÁ";60002536687;3;41;"Caderneta de poupança";"SALDO EM CARDENETA";"15,20";"04/08/2026";"17:11:49"
"04/08/2026";"19:30:07";2026;2;"Eleição Ordinária";6259;"Eleições Gerais Estaduais 2026";"04/10/2026";"CE";"CE";"CEARÁ";60002536687;5;32;"Quotas ou quinhões de capital";"COTA DE CAPITAL";"30000,00";"04/08/2026";"17:11:49"
"04/08/2026";"19:30:07";2026;2;"Eleição Ordinária";6259;"Eleições Gerais Estaduais 2026";"04/10/2026";"CE";"CE";"CEARÁ";60002536687;4;45;"Aplicação de renda fixa (CDB, RDB e outros)";"FUNDO DE INVESTIMENTO";"24906,43";"04/08/2026";"17:11:49"
"04/08/2026";"19:30:07";2026;2;"Eleição Ordinária";6259;"Eleições Gerais Estaduais 2026";"04/10/2026";"CE";"CE";"CEARÁ";60002536687;8;97;"VGBL - Vida Gerador de Benefício Livre";"SALDO VGBL";"125347,84";"04/08/2026";"17:11:49"
"04/08/2026";"19:30:07";2026;2;"Eleição Ordinária";6259;"Eleições Gerais Estaduais 2026";"04/10/2026";"CE";"CE";"CEARÁ";60002536687;7;41;"Caderneta de poupança";"SALDO EM CARDENETA DE POUPANÇA";"56,48";"04/08/2026";"17:11:49"
"04/08/2026";"19:30:07";2026;2;"Eleição Ordinária";6259;"Eleições Gerais Estaduais 2026";"04/10/2026";"CE";"CE";"CEARÁ";60002536687;6;32;"Quotas ou quinhões de capital";"COTAS DE CAPITAL";"40000,00";"04/08/2026";"17:11:49"
"04/08/2026";"19:30:07";2026;2;"Eleição Ordinária";6259;"Eleições Gerais Estaduais 2026";"04/10/2026";"CE";"CE";"CEARÁ";60002536687;9;32;"Quotas ou quinhões de capital";"COTAS DE CAPITAL";"5557,11";"04/08/2026";"17:11:49"
"04/08/2026";"19:30:07";2026;2;"Eleição Ordinária";6259;"Eleições Gerais Estaduais 2026";"04/10/2026";"CE";"CE";"CEARÁ";60002536687;10;45;"Aplicação de renda fixa (CDB, RDB e outros)";"APLICACAO SICREDI";"108,52";"04/08/2026";"17:11:49"
"04/08/2026";"19:30:07";2026;2;"Eleição Ordinária";6259;"Eleições Gerais Estaduais 2026";"04/10/2026";"CE";"CE";"CEARÁ";60002536687;11;45;"Aplicação de renda fixa (CDB, RDB e outros)";"APLICACAO CEF";"1,47";"04/08/2026";"17:11:49"
"04/08/2026";"19:30:07";2026;2;"Eleição Ordinária";6259;"Eleições Gerais Estaduais 2026";"04/10/2026";"CE";"CE";"CEARÁ";60002536687;13;97;"VGBL - Vida Gerador de Benefício Livre";"SALDO EM VGBL";"34091,08";"04/08/2026";"17:11:49"
"04/08/2026";"19:30:07";2026;2;"Eleição Ordinária";6259;"Eleições Gerais Estaduais 2026";"04/10/2026";"CE";"CE";"CEARÁ";60002536687;12;61;"Depósito bancário em conta corrente no País";"SALDO EM CONTA CORRENTE";"818,33";"04/08/2026";"17:11:49"
"04/08/2026";"19:30:07";2026;2;"Eleição Ordinária";6259;"Eleições Gerais Estaduais 2026";"04/10/2026";"CE";"CE";"CEARÁ";60002536687;14;45;"Aplicação de renda fixa (CDB, RDB e outros)";"SALDO EM CONTA CORRENTE";"11424,01";"04/08/2026";"17:11:49"
"04/08/2026";"19:30:07";2026;2;"Eleição Ordinária";6259;"Eleições Gerais Estaduais 2026";"04/10/2026";"CE";"CE";"CEARÁ";60002536687;15;97;"VGBL - Vida Gerador de Benefício Livre";"SALDO VGBL";"324686,23";"04/08/2026";"17:11:49"
"04/08/2026";"19:30:07";2026;2;"Eleição Ordinária";6259;"Eleições Gerais Estaduais 2026";"04/10/2026";"CE";"CE";"CEARÁ";60002536687;17;61;"Depósito bancário em conta corrente no País";"SALDO EM CONTA CORRENTE";"1450,37";"04/08/2026";"17:11:49"
"04/08/2026";"19:30:07";2026;2;"Eleição Ordinária";6259;"Eleições Gerais Estaduais 2026";"04/10/2026";"CE";"CE";"CEARÁ";60002536687;16;21;"Veículo automotor terrestre: caminhão, automóvel, moto, etc.";"HILUX 1018";"150000,00";"04/08/2026";"17:11:49"
"04/08/2026";"19:30:07";2026;2;"Eleição Ordinária";6259;"Eleições Gerais Estaduais 2026";"04/10/2026";"CE";"CE";"CEARÁ";60002536687;18;99;"OUTROS BENS E DIREITOS";"CAPITAL PROPRIO EM COOPERATIVA";"7198,77";"04/08/2026";"17:11:49"
"04/08/2026";"19:30:07";2026;2;"Eleição Ordinária";6259;"Eleições Gerais Estaduais 2026";"04/10/2026";"CE";"CE";"CEARÁ";60002536687;20;61;"Depósito bancário em conta corrente no País";"SALDO EM CONTA CORRENTE";"31285,46";"04/08/2026";"17:11:49"
"04/08/2026";"19:30:07";2026;2;"Eleição Ordinária";6259;"Eleições Gerais Estaduais 2026";"04/10/2026";"CE";"CE";"CEARÁ";60002536687;19;45;"Aplicação de renda fixa (CDB, RDB e outros)";"SALDO EM FUNDO DE INVESTIMENTO";"3995,96";"04/08/2026";"17:11:49"
"04/08/2026";"19:30:07";2026;2;"Eleição Ordinária";6259;"Eleições Gerais Estaduais 2026";"04/10/2026";"CE";"CE";"CEARÁ";60002536687;21;61;"Depósito bancário em conta corrente no País";"SALDO EM CONTA CORRENTE";"7800,39";"04/08/2026";"17:11:49"
"04/08/2026";"19:30:07";2026;2;"Eleição Ordinária";6259;"Eleições Gerais Estaduais 2026";"04/10/2026";"CE";"CE";"CEARÁ";60002536687;22;61;"Depósito bancário em conta corrente no País";"SALDO EM CONTA CORRENTE";"66,45";"04/08/2026";"17:11:49"
"04/08/2026";"19:30:07";2026;2;"Eleição Ordinária";6259;"Eleições Gerais Estaduais 2026";"04/10/2026";"CE";"CE";"CEARÁ";60002536687;23;45;"Aplicação de renda fixa (CDB, RDB e outros)";"APLICACAO BB";"14200,92";"04/08/2026";"17:11:49"
"04/08/2026";"19:30:07";2026;2;"Eleição Ordinária";6259;"Eleições Gerais Estaduais 2026";"04/10/2026";"CE";"CE";"CEARÁ";60002536688;1;21;"Veículo automotor terrestre: caminhão, automóvel, moto, etc.";"TOYOTA HILUX";"180000,00";"04/08/2026";"17:11:53"
"04/08/2026";"19:30:07";2026;2;"Eleição Ordinária";6259;"Eleições Gerais Estaduais 2026";"04/10/2026";"CE";"CE";"CEARÁ";60002536689;2;21;"Veículo automotor terrestre: caminhão, automóvel, moto, etc.";"ONIX 2022";"80000,00";"04/08/2026";"17:11:53"
"04/08/2026";"19:30:07";2026;2;"Eleição Ordinária";6259;"Eleições Gerais Estaduais 2026";"04/10/2026";"CE";"CE";"CEARÁ";60002536689;1;12;"Casa";"IMOVEL EM FORTALEZA";"200000,00";"04/08/2026";"17:11:53"
"04/08/2026";"19:30:07";2026;2;"Eleição Ordinária";6259;"Eleições Gerais Estaduais 2026";"04/10/2026";"CE";"CE";"CEARÁ";60002536690;1;13;"Terreno";"COMPRA LOTEAMENTO";"21000,00";"04/08/2026";"17:11:53"
"04/08/2026";"19:30:07";2026;2;"Eleição Ordinária";6259;"Eleições Gerais Estaduais 2026";"04/10/2026";"CE";"CE";"CEARÁ";60002536690;3;32;"Quotas ou quinhões de capital";"50% QUOTA PARTICIPAÇÃO";"1000,00";"04/08/2026";"17:11:53"
"04/08/2026";"19:30:07";2026;2;"Eleição Ordinária";6259;"Eleições Gerais Estaduais 2026";"04/10/2026";"CE";"CE";"CEARÁ";60002536690;2;32;"Quotas ou quinhões de capital";"PARTICIPACAO DE COTAS";"1000,00";"04/08/2026";"17:11:53"
"04/08/2026";"19:30:07";2026;2;"Eleição Ordinária";6259;"Eleições Gerais Estaduais 2026";"04/10/2026";"CE";"CE";"CEARÁ";60002536691;3;97;"VGBL - Vida Gerador de Benefício Livre";"PLANO DE PREVIDÊNCIA - BRADESCO VGBL";"340334,02";"04/08/2026";"17:11:49"
"04/08/2026";"19:30:07";2026;2;"Eleição Ordinária";6259;"Eleições Gerais Estaduais 2026";"04/10/2026";"CE";"CE";"CEARÁ";60002536691;2;12;"Casa";"BENS IMÓVEIS - CASA EM UM TERRENO LOCALIZADO NO MUNICÍPIO DO ARACATI/CE";"180000,00";"04/08/2026";"17:11:49"
"04/08/2026";"19:30:07";2026;2;"Eleição Ordinária";6259;"Eleições Gerais Estaduais 2026";"04/10/2026";"CE";"CE";"CEARÁ";60002536691;1;32;"Quotas ou quinhões de capital";"QUOTAS - EMPRESA BISMARCK CLP MAIA LTDA";"493500,00";"04/08/2026";"17:11:49"
"04/08/2026";"19:30:07";2026;2;"Eleição Ordinária";6259;"Eleições Gerais Estaduais 2026";"04/10/2026";"CE";"CE";"CEARÁ";60002536691;4;99;"OUTROS BENS E DIREITOS";"BENS E DIREITOS - CRÉDITOS E HAVERES EMPRESA RÁDIO SINAL";"13500,00";"04/08/2026";"17:11:49"
"04/08/2026";"19:30:07";2026;2;"Eleição Ordinária";6259;"Eleições Gerais Estaduais 2026";"04/10/2026";"CE";"CE";"CEARÁ";60002536691;5;12;"Casa";"BENS IMÓVEIS - APARTAMENTO NA CIDADE DE FORTALEZA";"500000,00";"04/08/2026";"17:11:49"
"04/08/2026";"19:30:07";2026;2;"Eleição Ordinária";6259;"Eleições Gerais Estaduais 2026";"04/10/2026";"CE";"CE";"CEARÁ";60002536691;6;32;"Quotas ou quinhões de capital";"SÓCIO DA EMPRESA TRIVENTO COMERCIO DE COMESTÍVEIS LTDA";"50000,00";"04/08/2026";"17:11:49"
"04/08/2026";"19:30:07";2026;2;"Eleição Ordinária";6259;"Eleições Gerais Estaduais 2026";"04/10/2026";"CE";"CE";"CEARÁ";60002536691;9;99;"OUTROS BENS E DIREITOS";"EMPRÉSTIMO A BISMARCK COSTA LIMA";"90000,00";"04/08/2026";"17:11:49"
"04/08/2026";"19:30:07";2026;2;"Eleição Ordinária";6259;"Eleições Gerais Estaduais 2026";"04/10/2026";"CE";"CE";"CEARÁ";60002536691;7;61;"Depósito bancário em conta corrente no País";"CONTA CORRENTE ¿ BRADESCO";"1,00";"04/08/2026";"17:11:49"
"04/08/2026";"19:30:07";2026;2;"Eleição Ordinária";6259;"Eleições Gerais Estaduais 2026";"04/10/2026";"CE";"CE";"CEARÁ";60002536691;8;99;"OUTROS BENS E DIREITOS";"BENS E DIREITOS - CRÉDITOS E HAVERES EMPRESA FUNDAÇÃO VALE JAGUARIBE";"9400,00";"04/08/2026";"17:11:49"
"04/08/2026";"19:30:07";2026;2;"Eleição Ordinária";6259;"Eleições Gerais Estaduais 2026";"04/10/2026";"CE";"CE";"CEARÁ";60002536691;10;21;"Veículo automotor terrestre: caminhão, automóvel, moto, etc.";"VEÍCULO ¿ AUTOMÓVEL JEEPP COMPASS";"110000,00";"04/08/2026";"17:11:49"
"04/08/2026";"19:30:07";2026;2;"Eleição Ordinária";6259;"Eleições Gerais Estaduais 2026";"04/10/2026";"CE";"CE";"CEARÁ";60002536691;11;79;"Outros fundos";"TÍTULOS - CDB BRADESCO";"247504,37";"04/08/2026";"17:11:49"
"04/08/2026";"19:30:07";2026;2;"Eleição Ordinária";6259;"Eleições Gerais Estaduais 2026";"04/10/2026";"CE";"CE";"CEARÁ";60002536691;12;32;"Quotas ou quinhões de capital";"QUOTAS - EMPRESA IMA CONSTRUÇÕES E REP LTDA";"788000,00";"04/08/2026";"17:11:49"
"04/08/2026";"19:30:07";2026;2;"Eleição Ordinária";6259;"Eleições Gerais Estaduais 2026";"04/10/2026";"CE";"CE";"CEARÁ";60002536692;3;61;"Depósito bancário em conta corrente no País";"SALDO CAIXA";"130000,00";"04/08/2026";"17:11:53"
"04/08/2026";"19:30:07";2026;2;"Eleição Ordinária";6259;"Eleições Gerais Estaduais 2026";"04/10/2026";"CE";"CE";"CEARÁ";60002536692;1;13;"Terreno";"TERRENO LOTEAMENTO CONVIVER TIANGUÁ";"28199,39";"04/08/2026";"17:11:53"
"04/08/2026";"19:30:07";2026;2;"Eleição Ordinária";6259;"Eleições Gerais Estaduais 2026";"04/10/2026";"CE";"CE";"CEARÁ";60002536692;2;63;"Dinheiro em espécie - moeda nacional";"DINHEIRO EM ESPECIE";"25000,00";"04/08/2026";"17:11:53"
"04/08/2026";"19:30:07";2026;2;"Eleição Ordinária";6259;"Eleições Gerais Estaduais 2026";"04/10/2026";"CE";"CE";"CEARÁ";60002536692;5;13;"Terreno";"TERRENO LOTEAMENTO CONVIVER TIANGUÁ";"30576,68";"04/08/2026";"17:11:53"
"04/08/2026";"19:30:07";2026;2;"Eleição Ordinária";6259;"Eleições Gerais Estaduais 2026";"04/10/2026";"CE";"CE";"CEARÁ";60002536692;4;13;"Terreno";"TERRENO LOTEAMENTO CONVIVER TIANGUÁ";"29308,76";"04/08/2026";"17:11:53"
"04/08/2026";"19:30:07";2026;2;"Eleição Ordinária";6259;"Eleições Gerais Estaduais 2026";"04/10/2026";"CE";"CE";"CEARÁ";60002536692;6;13;"Terreno";"TERRENO LOTEAMENTO CONVIVER TIANGUÁ";"31369,27";"04/08/2026";"17:11:53"
"04/08/2026";"19:30:07";2026;2;"Eleição Ordinária";6259;"Eleições Gerais Estaduais 2026";"04/10/2026";"CE";"CE";"CEARÁ";60002536692;7;13;"Terreno";"TERRENO LOTEAMENTO CONVIVER TIANGUÁ";"28200,00";"04/08/2026";"17:11:53"
"04/08/2026";"19:30:07";2026;2;"Eleição Ordinária";6259;"Eleições Gerais Estaduais 2026";"04/10/2026";"CE";"CE";"CEARÁ";60002536692;8;13;"Terreno";"TERRENO LOTEAMENTO CONVIVER TIANGUÁ";"29105,26";"04/08/2026";"17:11:53"
"04/08/2026";"19:30:07";2026;2;"Eleição Ordinária";6259;"Eleições Gerais Estaduais 2026";"04/10/2026";"CE";"CE";"CEARÁ";60002536692;9;13;"Terreno";"TERRENO LOTEAMENTO CONVIVER TIANGUÁ";"25565,73";"04/08/2026";"17:11:53"
"04/08/2026";"19:30:07";2026;2;"Eleição Ordinária";6259;"Eleições Gerais Estaduais 2026";"04/10/2026";"CE";"CE";"CEARÁ";60002536693;1;61;"Depósito bancário em conta corrente no País";"CONTA CORRENTE BB";"37628,08";"04/08/2026";"17:11:53"
"04/08/2026";"19:30:07";2026;2;"Eleição Ordinária";6259;"Eleições Gerais Estaduais 2026";"04/10/2026";"CE";"CE";"CEARÁ";60002536693;2;12;"Casa";"CASA EM FORTALEZA";"500000,00";"04/08/2026";"17:11:53"
"04/08/2026";"19:30:07";2026;2;"Eleição Ordinária";6259;"Eleições Gerais Estaduais 2026";"04/10/2026";"CE";"CE";"CEARÁ";60002536693;3;12;"Casa";"SITIO EM ITAITINGA";"60000,00";"04/08/2026";"17:11:53"
"04/08/2026";"19:30:07";2026;2;"Eleição Ordinária";6259;"Eleições Gerais Estaduais 2026";"04/10/2026";"CE";"CE";"CEARÁ";60002536694;3;61;"Depósito bancário em conta corrente no País";"CC BRADESCO";"9,00";"04/08/2026";"17:11:53"
"04/08/2026";"19:30:07";2026;2;"Eleição Ordinária";6259;"Eleições Gerais Estaduais 2026";"04/10/2026";"CE";"CE";"CEARÁ";60002536694;2;21;"Veículo automotor terrestre: caminhão, automóvel, moto, etc.";"TOYOTA HILUX 2024 FINANCIADA";"40000,00";"04/08/2026";"17:11:53"
"04/08/2026";"19:30:07";2026;2;"Eleição Ordinária";6259;"Eleições Gerais Estaduais 2026";"04/10/2026";"CE";"CE";"CEARÁ";60002536694;1;41;"Caderneta de poupança";"PUPANCA BRADESCO";"4186,71";"04/08/2026";"17:11:53"
"04/08/2026";"19:30:07";2026;2;"Eleição Ordinária";6259;"Eleições Gerais Estaduais 2026";"04/10/2026";"CE";"CE";"CEARÁ";60002536694;4;21;"Veículo automotor terrestre: caminhão, automóvel, moto, etc.";"FIAT STRADA 2019";"31150,00";"04/08/2026";"17:11:53"
"04/08/2026";"19:30:07";2026;2;"Eleição Ordinária";6259;"Eleições Gerais Estaduais 2026";"04/10/2026";"CE";"CE";"CEARÁ";60002536695;1;11;"Apartamento";"APT EM FORTALEZA";"101460,05";"04/08/2026";"17:11:49"
"04/08/2026";"19:30:07";2026;2;"Eleição Ordinária";6259;"Eleições Gerais Estaduais 2026";"04/10/2026";"CE";"CE";"CEARÁ";60002536695;2;45;"Aplicação de renda fixa (CDB, RDB e outros)";"SALDO CDB BRADESCO";"87961,94";"04/08/2026";"17:11:49"
"04/08/2026";"19:30:07";2026;2;"Eleição Ordinária";6259;"Eleições Gerais Estaduais 2026";"04/10/2026";"CE";"CE";"CEARÁ";60002536695;3;45;"Aplicação de renda fixa (CDB, RDB e outros)";"CDB BB";"72925,99";"04/08/2026";"17:11:49"
"04/08/2026";"19:30:07";2026;2;"Eleição Ordinária";6259;"Eleições Gerais Estaduais 2026";"04/10/2026";"CE";"CE";"CEARÁ";60002536695;4;45;"Aplicação de renda fixa (CDB, RDB e outros)";"SALDO CDB";"15000,00";"04/08/2026";"17:11:49"
"04/08/2026";"19:30:07";2026;2;"Eleição Ordinária";6259;"Eleições Gerais Estaduais 2026";"04/10/2026";"CE";"CE";"CEARÁ";60002536695;5;45;"Aplicação de renda fixa (CDB, RDB e outros)";"FUNDO FIC";"2823,59";"04/08/2026";"17:11:49"
"04/08/2026";"19:30:07";2026;2;"Eleição Ordinária";6259;"Eleições Gerais Estaduais 2026";"04/10/2026";"CE";"CE";"CEARÁ";60002536695;6;99;"OUTROS BENS E DIREITOS";"350  BOVINOS FEMEAS";"786258,00";"04/08/2026";"17:11:49"
"04/08/2026";"19:30:07";2026;2;"Eleição Ordinária";6259;"Eleições Gerais Estaduais 2026";"04/10/2026";"CE";"CE";"CEARÁ";60002536695;7;12;"Casa";"50% DE CASA EM FORTALEZA";"70000,00";"04/08/2026";"17:11:49"
"04/08/2026";"19:30:07";2026;2;"Eleição Ordinária";6259;"Eleições Gerais Estaduais 2026";"04/10/2026";"CE";"CE";"CEARÁ";60002536695;8;12;"Casa";"IMOVEL RURAL";"405714,28";"04/08/2026";"17:11:49"
"04/08/2026";"19:30:07";2026;2;"Eleição Ordinária";6259;"Eleições Gerais Estaduais 2026";"04/10/2026";"CE";"CE";"CEARÁ";60002536695;11;61;"Depósito bancário em conta corrente no País";"SALDO EM C.C BB";"1,00";"04/08/2026";"17:11:49"
"04/08/2026";"19:30:07";2026;2;"Eleição Ordinária";6259;"Eleições Gerais Estaduais 2026";"04/10/2026";"CE";"CE";"CEARÁ";60002536695;9;13;"Terreno";"TERRENO EM JAGUARIBARA";"1551,60";"04/08/2026";"17:11:49"
"04/08/2026";"19:30:07";2026;2;"Eleição Ordinária";6259;"Eleições Gerais Estaduais 2026";"04/10/2026";"CE";"CE";"CEARÁ";60002536695;10;45;"Aplicação de renda fixa (CDB, RDB e outros)";"SALDO EM CDB";"34263,30";"04/08/2026";"17:11:49"
"04/08/2026";"19:30:07";2026;2;"Eleição Ordinária";6259;"Eleições Gerais Estaduais 2026";"04/10/2026";"CE";"CE";"CEARÁ";60002536695;14;12;"Casa";"50% DE CASA EM FORTALEZA";"49800,00";"04/08/2026";"17:11:49"
"04/08/2026";"19:30:07";2026;2;"Eleição Ordinária";6259;"Eleições Gerais Estaduais 2026";"04/10/2026";"CE";"CE";"CEARÁ";60002536695;13;41;"Caderneta de poupança";"POUPANCA BB";"513,91";"04/08/2026";"17:11:49"
"04/08/2026";"19:30:07";2026;2;"Eleição Ordinária";6259;"Eleições Gerais Estaduais 2026";"04/10/2026";"CE";"CE";"CEARÁ";60002536695;12;32;"Quotas ou quinhões de capital";"SALDO DE COTAS";"19194,00";"04/08/2026";"17:11:49"
"04/08/2026";"19:30:07";2026;2;"Eleição Ordinária";6259;"Eleições Gerais Estaduais 2026";"04/10/2026";"CE";"CE";"CEARÁ";60002536695;16;61;"Depósito bancário em conta corrente no País";"SALDO EM C.C BB";"1,00";"04/08/2026";"17:11:49"
"04/08/2026";"19:30:07";2026;2;"Eleição Ordinária";6259;"Eleições Gerais Estaduais 2026";"04/10/2026";"CE";"CE";"CEARÁ";60002536695;17;99;"OUTROS BENS E DIREITOS";"400 CAPRINOS";"52340,00";"04/08/2026";"17:11:49"
"04/08/2026";"19:30:07";2026;2;"Eleição Ordinária";6259;"Eleições Gerais Estaduais 2026";"04/10/2026";"CE";"CE";"CEARÁ";60002536695;15;45;"Aplicação de renda fixa (CDB, RDB e outros)";"SALDO EM RENDA FIXA";"9122,90";"04/08/2026";"17:11:49"
"04/08/2026";"19:30:07";2026;2;"Eleição Ordinária";6259;"Eleições Gerais Estaduais 2026";"04/10/2026";"CE";"CE";"CEARÁ";60002536695;20;11;"Apartamento";"50% DE APT NO AQUIRAZ";"140627,14";"04/08/2026";"17:11:49"
"04/08/2026";"19:30:07";2026;2;"Eleição Ordinária";6259;"Eleições Gerais Estaduais 2026";"04/10/2026";"CE";"CE";"CEARÁ";60002536695;18;11;"Apartamento";"50% DE APT EM FORTALEZA";"25000,00";"04/08/2026";"17:11:49"
"04/08/2026";"19:30:07";2026;2;"Eleição Ordinária";6259;"Eleições Gerais Estaduais 2026";"04/10/2026";"CE";"CE";"CEARÁ";60002536695;19;45;"Aplicação de renda fixa (CDB, RDB e outros)";"SALDO EM RENDA FIXA BB";"1694,38";"04/08/2026";"17:11:49"
"04/08/2026";"19:30:07";2026;2;"Eleição Ordinária";6259;"Eleições Gerais Estaduais 2026";"04/10/2026";"CE";"CE";"CEARÁ";60002536695;21;99;"OUTROS BENS E DIREITOS";"565 OVINOS";"90540,00";"04/08/2026";"17:11:49"
"04/08/2026";"19:30:07";2026;2;"Eleição Ordinária";6259;"Eleições Gerais Estaduais 2026";"04/10/2026";"CE";"CE";"CEARÁ";60002536695;23;12;"Casa";"50% DE CASA EM FORTALEZA";"35000,00";"04/08/2026";"17:11:49"
"04/08/2026";"19:30:07";2026;2;"Eleição Ordinária";6259;"Eleições Gerais Estaduais 2026";"04/10/2026";"CE";"CE";"CEARÁ";60002536695;22;79;"Outros fundos";"400 BOVINOS MACHOS";"582450,00";"04/08/2026";"17:11:49"
"04/08/2026";"19:30:07";2026;2;"Eleição Ordinária";6259;"Eleições Gerais Estaduais 2026";"04/10/2026";"CE";"CE";"CEARÁ";60002536695;25;61;"Depósito bancário em conta corrente no País";"SALDO EM C.C BRADESCO";"1,00";"04/08/2026";"17:11:49"
"04/08/2026";"19:30:07";2026;2;"Eleição Ordinária";6259;"Eleições Gerais Estaduais 2026";"04/10/2026";"CE";"CE";"CEARÁ";60002536695;24;12;"Casa";"IMOVEL RURAL";"253571,42";"04/08/2026";"17:11:49"
"04/08/2026";"19:30:07";2026;2;"Eleição Ordinária";6259;"Eleições Gerais Estaduais 2026";"04/10/2026";"CE";"CE";"CEARÁ";60002536695;26;63;"Dinheiro em espécie - moeda nacional";"DINHEIRO EM ESPECIE EM PODER DO DECLARANTE";"250000,00";"04/08/2026";"17:11:49"
"04/08/2026";"19:30:07";2026;2;"Eleição Ordinária";6259;"Eleições Gerais Estaduais 2026";"04/10/2026";"CE";"CE";"CEARÁ";60002536696;1;39;"Outras participações societárias";"OUTROS";"23795,03";"04/08/2026";"17:11:53"
"04/08/2026";"19:30:07";2026;2;"Eleição Ordinária";6259;"Eleições Gerais Estaduais 2026";"04/10/2026";"CE";"CE";"CEARÁ";60002536696;2;39;"Outras participações societárias";"OUTROS";"2,39";"04/08/2026";"17:11:53"
"04/08/2026";"19:30:07";2026;2;"Eleição Ordinária";6259;"Eleições Gerais Estaduais 2026";"04/10/2026";"CE";"CE";"CEARÁ";60002536695;27;45;"Aplicação de renda fixa (CDB, RDB e outros)";"SALDO EM CDB";"80036,79";"04/08/2026";"17:11:49"
"04/08/2026";"19:30:07";2026;2;"Eleição Ordinária";6259;"Eleições Gerais Estaduais 2026";"04/10/2026";"CE";"CE";"CEARÁ";60002536696;3;39;"Outras participações societárias";"OUTROS";"75576,44";"04/08/2026";"17:11:53"
"04/08/2026";"19:30:07";2026;2;"Eleição Ordinária";6259;"Eleições Gerais Estaduais 2026";"04/10/2026";"CE";"CE";"CEARÁ";60002536697;1;32;"Quotas ou quinhões de capital";"COTA DE CAPITAL";"3639158,00";"04/08/2026";"17:11:53"
"04/08/2026";"19:30:07";2026;2;"Eleição Ordinária";6259;"Eleições Gerais Estaduais 2026";"04/10/2026";"CE";"CE";"CEARÁ";60002536697;2;32;"Quotas ou quinhões de capital";"COTAS DE CAPITAL";"1764000,00";"04/08/2026";"17:11:53"
"04/08/2026";"19:30:07";2026;2;"Eleição Ordinária";6259;"Eleições Gerais Estaduais 2026";"04/10/2026";"CE";"CE";"CEARÁ";60002536697;4;49;"Outras aplicações e Investimentos";"LETRA DE CRÉDITO";"800000,00";"04/08/2026";"17:11:53"
"04/08/2026";"19:30:07";2026;2;"Eleição Ordinária";6259;"Eleições Gerais Estaduais 2026";"04/10/2026";"CE";"CE";"CEARÁ";60002536697;5;45;"Aplicação de renda fixa (CDB, RDB e outros)";"CDB";"81284,91";"04/08/2026";"17:11:53"
"04/08/2026";"19:30:07";2026;2;"Eleição Ordinária";6259;"Eleições Gerais Estaduais 2026";"04/10/2026";"CE";"CE";"CEARÁ";60002536697;3;45;"Aplicação de renda fixa (CDB, RDB e outros)";"CIC RENDA FIXA";"10000000,00";"04/08/2026";"17:11:53"
"04/08/2026";"19:30:07";2026;2;"Eleição Ordinária";6259;"Eleições Gerais Estaduais 2026";"04/10/2026";"CE";"CE";"CEARÁ";60002536697;7;59;"Outros créditos e poupança vinculados";"POUPANÇA BB";"5454,06";"04/08/2026";"17:11:53"
"04/08/2026";"19:30:07";2026;2;"Eleição Ordinária";6259;"Eleições Gerais Estaduais 2026";"04/10/2026";"CE";"CE";"CEARÁ";60002536697;6;32;"Quotas ou quinhões de capital";"FUNDO DE INVESTIMENTO EM COTAS";"211381,78";"04/08/2026";"17:11:53"
"04/08/2026";"19:30:07";2026;2;"Eleição Ordinária";6259;"Eleições Gerais Estaduais 2026";"04/10/2026";"CE";"CE";"CEARÁ";60002536698;1;45;"Aplicação de renda fixa (CDB, RDB e outros)";"APLICAÇÃO DE RENDA FIXA ¿ BANCO BRADESCO S.A";"9507,34";"04/08/2026";"17:11:53"
"04/08/2026";"19:30:07";2026;2;"Eleição Ordinária";6259;"Eleições Gerais Estaduais 2026";"04/10/2026";"CE";"CE";"CEARÁ";60002536698;3;13;"Terreno";"TERRENO NO LOTEAMENTO PARQUE RECREIO PARACURU";"150000,00";"04/08/2026";"17:11:53"
"04/08/2026";"19:30:07";2026;2;"Eleição Ordinária";6259;"Eleições Gerais Estaduais 2026";"04/10/2026";"CE";"CE";"CEARÁ";60002536698;4;12;"Casa";"CASA RESIDENCIAL NO CONDOMÍNIO ALPHAVILLE EUSÉBIO";"57152,11";"04/08/2026";"17:11:53"
"04/08/2026";"19:30:07";2026;2;"Eleição Ordinária";6259;"Eleições Gerais Estaduais 2026";"04/10/2026";"CE";"CE";"CEARÁ";60002536698;2;45;"Aplicação de renda fixa (CDB, RDB e outros)";"APLICAÇÃO CDB ¿ BANCO BRADESCO S.A";"19613,54";"04/08/2026";"17:11:53"
"04/08/2026";"19:30:07";2026;2;"Eleição Ordinária";6259;"Eleições Gerais Estaduais 2026";"04/10/2026";"CE";"CE";"CEARÁ";60002536698;6;59;"Outros créditos e poupança vinculados";"SALDO EM CONTA CORRENTE ¿ BANCO CREFISA";"477,26";"04/08/2026";"17:11:53"
"04/08/2026";"19:30:07";2026;2;"Eleição Ordinária";6259;"Eleições Gerais Estaduais 2026";"04/10/2026";"CE";"CE";"CEARÁ";60002536698;7;59;"Outros créditos e poupança vinculados";"SALDO EM CONTA CORRENTE ¿ CAIXA";"22727,91";"04/08/2026";"17:11:53"
"04/08/2026";"19:30:07";2026;2;"Eleição Ordinária";6259;"Eleições Gerais Estaduais 2026";"04/10/2026";"CE";"CE";"CEARÁ";60002536698;5;63;"Dinheiro em espécie - moeda nacional";"DINHEIRO EM ESPÉCIE MOEDA NACIONAL";"400000,00";"04/08/2026";"17:11:53"
"04/08/2026";"19:30:07";2026;2;"Eleição Ordinária";6259;"Eleições Gerais Estaduais 2026";"04/10/2026";"CE";"CE";"CEARÁ";60002536698;9;21;"Veículo automotor terrestre: caminhão, automóvel, moto, etc.";"VEÍCULO FIAT PULSE DRIVE AT, CAMIONETA, ANO 2024, COR PRATA";"112990,00";"04/08/2026";"17:11:53"
"04/08/2026";"19:30:07";2026;2;"Eleição Ordinária";6259;"Eleições Gerais Estaduais 2026";"04/10/2026";"CE";"CE";"CEARÁ";60002536698;8;59;"Outros créditos e poupança vinculados";"SALDO EM CONTA CORRENTE ¿ BANCO BRADESCO S.A";"6023,52";"04/08/2026";"17:11:53"
"04/08/2026";"19:30:07";2026;2;"Eleição Ordinária";6259;"Eleições Gerais Estaduais 2026";"04/10/2026";"CE";"CE";"CEARÁ";60002536698;10;45;"Aplicação de renda fixa (CDB, RDB e outros)";"CDB ¿ BANCO BRADESCO S.A";"91,01";"04/08/2026";"17:11:53"
"04/08/2026";"19:30:07";2026;2;"Eleição Ordinária";6259;"Eleições Gerais Estaduais 2026";"04/10/2026";"CE";"CE";"CEARÁ";60002536698;13;21;"Veículo automotor terrestre: caminhão, automóvel, moto, etc.";"VEÍCULO FIAT ARGO DRIVE 1.0, ANO 2023, COR BRANCA";"78000,00";"04/08/2026";"17:11:53"
"04/08/2026";"19:30:07";2026;2;"Eleição Ordinária";6259;"Eleições Gerais Estaduais 2026";"04/10/2026";"CE";"CE";"CEARÁ";60002536698;11;13;"Terreno";"TERRENO NA CIDADE DE AURORA/CE 20.818,20";"20818,20";"04/08/2026";"17:11:53"
"04/08/2026";"19:30:07";2026;2;"Eleição Ordinária";6259;"Eleições Gerais Estaduais 2026";"04/10/2026";"CE";"CE";"CEARÁ";60002536698;12;13;"Terreno";"UM SEXTO (1/6) DE UMA FAZENDA EM AURORA/CE";"12246,00";"04/08/2026";"17:11:53"
"04/08/2026";"19:30:07";2026;2;"Eleição Ordinária";6259;"Eleições Gerais Estaduais 2026";"04/10/2026";"CE";"CE";"CEARÁ";60002536699;2;21;"Veículo automotor terrestre: caminhão, automóvel, moto, etc.";"TOYOTA HILUX";"300000,00";"04/08/2026";"17:11:49"
"04/08/2026";"19:30:07";2026;2;"Eleição Ordinária";6259;"Eleições Gerais Estaduais 2026";"04/10/2026";"CE";"CE";"CEARÁ";60002536699;1;41;"Caderneta de poupança";"BB";"74379,64";"04/08/2026";"17:11:49"
"04/08/2026";"19:30:07";2026;2;"Eleição Ordinária";6259;"Eleições Gerais Estaduais 2026";"04/10/2026";"CE";"CE";"CEARÁ";60002536698;14;45;"Aplicação de renda fixa (CDB, RDB e outros)";"APLICAÇÃO DE RENDA FIXA ¿ BANCO BRADESCO S.A";"26621,11";"04/08/2026";"17:11:53"
"04/08/2026";"19:30:07";2026;2;"Eleição Ordinária";6259;"Eleições Gerais Estaduais 2026";"04/10/2026";"CE";"CE";"CEARÁ";60002536699;3;13;"Terreno";"TERRENO NA CIDADE DE CRUZ - CE";"40000,00";"04/08/2026";"17:11:49"
"04/08/2026";"19:30:07";2026;2;"Eleição Ordinária";6259;"Eleições Gerais Estaduais 2026";"04/10/2026";"CE";"CE";"CEARÁ";60002536699;5;11;"Apartamento";"UM APARTAMENTO EM FORTALEZA - CE";"250000,00";"04/08/2026";"17:11:49"
"04/08/2026";"19:30:07";2026;2;"Eleição Ordinária";6259;"Eleições Gerais Estaduais 2026";"04/10/2026";"CE";"CE";"CEARÁ";60002536699;4;45;"Aplicação de renda fixa (CDB, RDB e outros)";"RENDA FIXA A LONGO PRAZO";"15557,40";"04/08/2026";"17:11:49"
"04/08/2026";"19:30:07";2026;2;"Eleição Ordinária";6259;"Eleições Gerais Estaduais 2026";"04/10/2026";"CE";"CE";"CEARÁ";60002536703;1;61;"Depósito bancário em conta corrente no País";"SALDO BB";"67560,30";"04/08/2026";"17:11:49"
"04/08/2026";"19:30:07";2026;2;"Eleição Ordinária";6259;"Eleições Gerais Estaduais 2026";"04/10/2026";"CE";"CE";"CEARÁ";60002536699;6;21;"Veículo automotor terrestre: caminhão, automóvel, moto, etc.";"TOYOTA HILUX SW4, ANO 2015";"350000,00";"04/08/2026";"17:11:49"
"04/08/2026";"19:30:07";2026;2;"Eleição Ordinária";6259;"Eleições Gerais Estaduais 2026";"04/10/2026";"CE";"CE";"CEARÁ";60002536699;7;12;"Casa";"CASA RESIDENCIAL EM CAUCAIA - CE";"290000,00";"04/08/2026";"17:11:49"
"04/08/2026";"19:30:07";2026;2;"Eleição Ordinária";6259;"Eleições Gerais Estaduais 2026";"04/10/2026";"CE";"CE";"CEARÁ";60002536703;3;21;"Veículo automotor terrestre: caminhão, automóvel, moto, etc.";"VEICULO REBOQUE ANO 2014";"5000,00";"04/08/2026";"17:11:49"
"04/08/2026";"19:30:07";2026;2;"Eleição Ordinária";6259;"Eleições Gerais Estaduais 2026";"04/10/2026";"CE";"CE";"CEARÁ";60002536703;4;13;"Terreno";"LOTE EM FORTALEZA";"90000,00";"04/08/2026";"17:11:49"
"04/08/2026";"19:30:07";2026;2;"Eleição Ordinária";6259;"Eleições Gerais Estaduais 2026";"04/10/2026";"CE";"CE";"CEARÁ";60002536703;2;13;"Terreno";"TERRENO EM GRANJA";"35000,00";"04/08/2026";"17:11:49"
"04/08/2026";"19:30:07";2026;2;"Eleição Ordinária";6259;"Eleições Gerais Estaduais 2026";"04/10/2026";"CE";"CE";"CEARÁ";60002536703;6;41;"Caderneta de poupança";"POUPANCA BRADESCO";"301538,57";"04/08/2026";"17:11:49"
"04/08/2026";"19:30:07";2026;2;"Eleição Ordinária";6259;"Eleições Gerais Estaduais 2026";"04/10/2026";"CE";"CE";"CEARÁ";60002536703;5;45;"Aplicação de renda fixa (CDB, RDB e outros)";"APLICACAO NO ITAU";"55336,01";"04/08/2026";"17:11:49"
"04/08/2026";"19:30:07";2026;2;"Eleição Ordinária";6259;"Eleições Gerais Estaduais 2026";"04/10/2026";"CE";"CE";"CEARÁ";60002536703;7;32;"Quotas ou quinhões de capital";"QUOTA DE CAPITAL";"20400,00";"04/08/2026";"17:11:49"
"04/08/2026";"19:30:07";2026;2;"Eleição Ordinária";6259;"Eleições Gerais Estaduais 2026";"04/10/2026";"CE";"CE";"CEARÁ";60002536703;10;21;"Veículo automotor terrestre: caminhão, automóvel, moto, etc.";"PASSAT 1987";"5000,00";"04/08/2026";"17:11:49"
"04/08/2026";"19:30:07";2026;2;"Eleição Ordinária";6259;"Eleições Gerais Estaduais 2026";"04/10/2026";"CE";"CE";"CEARÁ";60002536703;9;21;"Veículo automotor terrestre: caminhão, automóvel, moto, etc.";"AUTOMOVEL RURAL WILLYS COLEÇÃO";"62000,00";"04/08/2026";"17:11:49"
"04/08/2026";"19:30:07";2026;2;"Eleição Ordinária";6259;"Eleições Gerais Estaduais 2026";"04/10/2026";"CE";"CE";"CEARÁ";60002536703;8;12;"Casa";"CASA NO EUSEBIO";"2005641,67";"04/08/2026";"17:11:49"
"04/08/2026";"19:30:07";2026;2;"Eleição Ordinária";6259;"Eleições Gerais Estaduais 2026";"04/10/2026";"CE";"CE";"CEARÁ";60002536703;13;21;"Veículo automotor terrestre: caminhão, automóvel, moto, etc.";"H.D 2016";"57000,00";"04/08/2026";"17:11:49"
"04/08/2026";"19:30:07";2026;2;"Eleição Ordinária";6259;"Eleições Gerais Estaduais 2026";"04/10/2026";"CE";"CE";"CEARÁ";60002536703;11;12;"Casa";"1/4 DE CASA";"492500,00";"04/08/2026";"17:11:49"
"04/08/2026";"19:30:07";2026;2;"Eleição Ordinária";6259;"Eleições Gerais Estaduais 2026";"04/10/2026";"CE";"CE";"CEARÁ";60002536703;12;11;"Apartamento";"IMÓVEL ¿ APARTAMENTO EM AQUIRAZ";"1169746,45";"04/08/2026";"17:11:49"
"04/08/2026";"19:30:07";2026;2;"Eleição Ordinária";6259;"Eleições Gerais Estaduais 2026";"04/10/2026";"CE";"CE";"CEARÁ";60002536703;15;99;"OUTROS BENS E DIREITOS";"PREVIDENCIA BRADESCO";"50575,00";"04/08/2026";"17:11:49"
"04/08/2026";"19:30:07";2026;2;"Eleição Ordinária";6259;"Eleições Gerais Estaduais 2026";"04/10/2026";"CE";"CE";"CEARÁ";60002536703;14;21;"Veículo automotor terrestre: caminhão, automóvel, moto, etc.";"TROLLER T4";"90000,00";"04/08/2026";"17:11:49"
"04/08/2026";"19:30:07";2026;2;"Eleição Ordinária";6259;"Eleições Gerais Estaduais 2026";"04/10/2026";"CE";"CE";"CEARÁ";60002536703;16;12;"Casa";"CASA EM GRANJA";"50000,00";"04/08/2026";"17:11:49"
"04/08/2026";"19:30:07";2026;2;"Eleição Ordinária";6259;"Eleições Gerais Estaduais 2026";"04/10/2026";"CE";"CE";"CEARÁ";60002536703;18;21;"Veículo automotor terrestre: caminhão, automóvel, moto, etc.";"HAVAL H9 FINANCIADO";"80000,00";"04/08/2026";"17:11:49"
"04/08/2026";"19:30:07";2026;2;"Eleição Ordinária";6259;"Eleições Gerais Estaduais 2026";"04/10/2026";"CE";"CE";"CEARÁ";60002536705;1;21;"Veículo automotor terrestre: caminhão, automóvel, moto, etc.";"BMW X4 XDRIVE28I";"150699,00";"04/08/2026";"17:11:53"
"04/08/2026";"19:30:07";2026;2;"Eleição Ordinária";6259;"Eleições Gerais Estaduais 2026";"04/10/2026";"CE";"CE";"CEARÁ";60002536703;17;12;"Casa";"CASA EM GRANJA";"450000,00";"04/08/2026";"17:11:49"
"04/08/2026";"19:30:07";2026;2;"Eleição Ordinária";6259;"Eleições Gerais Estaduais 2026";"04/10/2026";"CE";"CE";"CEARÁ";60002536705;3;21;"Veículo automotor terrestre: caminhão, automóvel, moto, etc.";"PORSCHE CAYENNE V6 MARROM";"124828,00";"04/08/2026";"17:11:53"
"04/08/2026";"19:30:07";2026;2;"Eleição Ordinária";6259;"Eleições Gerais Estaduais 2026";"04/10/2026";"CE";"CE";"CEARÁ";60002536705;2;21;"Veículo automotor terrestre: caminhão, automóvel, moto, etc.";"BMW X6 XDRIVE50I";"135307,00";"04/08/2026";"17:11:53"
"04/08/2026";"19:30:07";2026;2;"Eleição Ordinária";6259;"Eleições Gerais Estaduais 2026";"04/10/2026";"CE";"CE";"CEARÁ";60002536706;1;12;"Casa";"IMOVEL RURAL NA LOCALIZADO VILA CORREGO GRANDE";"50000,00";"04/08/2026";"17:11:49"
"04/08/2026";"19:30:07";2026;2;"Eleição Ordinária";6259;"Eleições Gerais Estaduais 2026";"04/10/2026";"CE";"CE";"CEARÁ";60002536706;3;41;"Caderneta de poupança";"DEPOSITOS POUPANCA POUPEX BANCO DO BRASIL";"557,00";"04/08/2026";"17:11:49"
"04/08/2026";"19:30:07";2026;2;"Eleição Ordinária";6259;"Eleições Gerais Estaduais 2026";"04/10/2026";"CE";"CE";"CEARÁ";60002536706;2;32;"Quotas ou quinhões de capital";"QUOTAS DE CAPITAL SOCIAL DA MONTEIRO AGROINDUSTRIA LTDA";"1127500,00";"04/08/2026";"17:11:49"
"04/08/2026";"19:30:07";2026;2;"Eleição Ordinária";6259;"Eleições Gerais Estaduais 2026";"04/10/2026";"CE";"CE";"CEARÁ";60002536706;4;45;"Aplicação de renda fixa (CDB, RDB e outros)";"APLICACAO FINANCEIRA FIXA CDB BANCO DO BRASIL";"0,01";"04/08/2026";"17:11:49"
"04/08/2026";"19:30:07";2026;2;"Eleição Ordinária";6259;"Eleições Gerais Estaduais 2026";"04/10/2026";"CE";"CE";"CEARÁ";60002536706;6;61;"Depósito bancário em conta corrente no País";"CONTA CORRENTE BANCO DO BRASIL - VALOR R$ 1,00";"1,00";"04/08/2026";"17:11:49"
"04/08/2026";"19:30:07";2026;2;"Eleição Ordinária";6259;"Eleições Gerais Estaduais 2026";"04/10/2026";"CE";"CE";"CEARÁ";60002536706;5;21;"Veículo automotor terrestre: caminhão, automóvel, moto, etc.";"VEICULO JEEP/RENEGADE SPORT";"89500,00";"04/08/2026";"17:11:49"
"04/08/2026";"19:30:07";2026;2;"Eleição Ordinária";6259;"Eleições Gerais Estaduais 2026";"04/10/2026";"CE";"CE";"CEARÁ";60002536706;7;32;"Quotas ou quinhões de capital";"QUOTAS DE CAPITAL SOCIAL MONTEIRO AGRONEGOCIOS E CARCINICULTURA LTDA";"100000,00";"04/08/2026";"17:11:49"
"04/08/2026";"19:30:07";2026;2;"Eleição Ordinária";6259;"Eleições Gerais Estaduais 2026";"04/10/2026";"CE";"CE";"CEARÁ";60002536706;8;61;"Depósito bancário em conta corrente no País";"CONTA ESTILO BANCO DO BRASIL ¿";"377,05";"04/08/2026";"17:11:49"
"04/08/2026";"19:30:07";2026;2;"Eleição Ordinária";6259;"Eleições Gerais Estaduais 2026";"04/10/2026";"CE";"CE";"CEARÁ";60002536706;10;21;"Veículo automotor terrestre: caminhão, automóvel, moto, etc.";"VEICULO MARCA MODELO BMW";"192000,00";"04/08/2026";"17:11:49"
"04/08/2026";"19:30:07";2026;2;"Eleição Ordinária";6259;"Eleições Gerais Estaduais 2026";"04/10/2026";"CE";"CE";"CEARÁ";60002536706;9;45;"Aplicação de renda fixa (CDB, RDB e outros)";"BB CDB RENDE FACIL BANCO DO BRASIL - VALOR R$ 127,00";"127,00";"04/08/2026";"17:11:49"
"04/08/2026";"19:30:07";2026;2;"Eleição Ordinária";6259;"Eleições Gerais Estaduais 2026";"04/10/2026";"CE";"CE";"CEARÁ";60002536706;12;12;"Casa";"IMOVEL RURAL ITAREMA CEARA";"250000,00";"04/08/2026";"17:11:49"
"04/08/2026";"19:30:07";2026;2;"Eleição Ordinária";6259;"Eleições Gerais Estaduais 2026";"04/10/2026";"CE";"CE";"CEARÁ";60002536706;13;12;"Casa";"IMOVEL RURAL NO MUNICÍPIO DE AMONTADA/CE";"1100000,00";"04/08/2026";"17:11:49"
"04/08/2026";"19:30:07";2026;2;"Eleição Ordinária";6259;"Eleições Gerais Estaduais 2026";"04/10/2026";"CE";"CE";"CEARÁ";60002536706;11;63;"Dinheiro em espécie - moeda nacional";"DINHEIRO EM ESPECIE BANCO DO BRASIL";"52350,00";"04/08/2026";"17:11:49"
"04/08/2026";"19:30:07";2026;2;"Eleição Ordinária";6259;"Eleições Gerais Estaduais 2026";"04/10/2026";"CE";"CE";"CEARÁ";60002536706;14;12;"Casa";"IMOVEL URBANO RESIDENCIAL";"750000,00";"04/08/2026";"17:11:49"
"04/08/2026";"19:30:07";2026;2;"Eleição Ordinária";6259;"Eleições Gerais Estaduais 2026";"04/10/2026";"CE";"CE";"CEARÁ";60002536706;15;12;"Casa";"IMOVEL URBANO TERRENO EM ITAREMA-CE";"50000,00";"04/08/2026";"17:11:49"
"04/08/2026";"19:30:07";2026;2;"Eleição Ordinária";6259;"Eleições Gerais Estaduais 2026";"04/10/2026";"CE";"CE";"CEARÁ";60002536706;16;12;"Casa";"IMOVEL RURAL NA LOCALIDADE VILA CORREGO GRANDE";"250000,00";"04/08/2026";"17:11:49"
"04/08/2026";"19:30:07";2026;2;"Eleição Ordinária";6259;"Eleições Gerais Estaduais 2026";"04/10/2026";"CE";"CE";"CEARÁ";60002536706;17;21;"Veículo automotor terrestre: caminhão, automóvel, moto, etc.";"VEICULO CAMIONETE I/TOYOTA HILUX";"255000,00";"04/08/2026";"17:11:49"
"04/08/2026";"19:30:07";2026;2;"Eleição Ordinária";6259;"Eleições Gerais Estaduais 2026";"04/10/2026";"CE";"CE";"CEARÁ";60002536706;18;12;"Casa";"IMOVEL RURAL ZONA RURAL ITAREMA";"50000,00";"04/08/2026";"17:11:49"
"04/08/2026";"19:30:07";2026;2;"Eleição Ordinária";6259;"Eleições Gerais Estaduais 2026";"04/10/2026";"CE";"CE";"CEARÁ";60002536706;19;11;"Apartamento";"APARTAMENTO, FORTALEZA CE";"1250000,00";"04/08/2026";"17:11:49"
"04/08/2026";"19:30:07";2026;2;"Eleição Ordinária";6259;"Eleições Gerais Estaduais 2026";"04/10/2026";"CE";"CE";"CEARÁ";60002536707;1;61;"Depósito bancário em conta corrente no País";"SALDO EM CONTA CORRENTE";"80,29";"04/08/2026";"17:11:53"
"04/08/2026";"19:30:07";2026;2;"Eleição Ordinária";6259;"Eleições Gerais Estaduais 2026";"04/10/2026";"CE";"CE";"CEARÁ";60002536707;2;61;"Depósito bancário em conta corrente no País";"SALDO EM CONTA";"0,83";"04/08/2026";"17:11:53"
"04/08/2026";"19:30:07";2026;2;"Eleição Ordinária";6259;"Eleições Gerais Estaduais 2026";"04/10/2026";"CE";"CE";"CEARÁ";60002536707;3;45;"Aplicação de renda fixa (CDB, RDB e outros)";"CAIXA GIRO IMEDIATO";"227,86";"04/08/2026";"17:11:53"
"04/08/2026";"19:30:07";2026;2;"Eleição Ordinária";6259;"Eleições Gerais Estaduais 2026";"04/10/2026";"CE";"CE";"CEARÁ";60002536707;4;97;"VGBL - Vida Gerador de Benefício Livre";"PLANO DE PREVIDENCIA BRASILPREV";"39169,61";"04/08/2026";"17:11:53"
"04/08/2026";"19:30:07";2026;2;"Eleição Ordinária";6259;"Eleições Gerais Estaduais 2026";"04/10/2026";"CE";"CE";"CEARÁ";60002536707;5;32;"Quotas ou quinhões de capital";"157.000 QUOTAS";"157000,00";"04/08/2026";"17:11:53"
"04/08/2026";"19:30:07";2026;2;"Eleição Ordinária";6259;"Eleições Gerais Estaduais 2026";"04/10/2026";"CE";"CE";"CEARÁ";60002536707;6;45;"Aplicação de renda fixa (CDB, RDB e outros)";"APLICACAO CDB BANCO DO BRASIL";"5500,00";"04/08/2026";"17:11:53"
"04/08/2026";"19:30:07";2026;2;"Eleição Ordinária";6259;"Eleições Gerais Estaduais 2026";"04/10/2026";"CE";"CE";"CEARÁ";60002536707;8;61;"Depósito bancário em conta corrente no País";"DISPONIBILIDADE DE CAIXA";"50000,00";"04/08/2026";"17:11:53"
"04/08/2026";"19:30:07";2026;2;"Eleição Ordinária";6259;"Eleições Gerais Estaduais 2026";"04/10/2026";"CE";"CE";"CEARÁ";60002536707;9;99;"OUTROS BENS E DIREITOS";"143 CABECAS DE GADO";"140763,48";"04/08/2026";"17:11:53"
"04/08/2026";"19:30:07";2026;2;"Eleição Ordinária";6259;"Eleições Gerais Estaduais 2026";"04/10/2026";"CE";"CE";"CEARÁ";60002536707;7;45;"Aplicação de renda fixa (CDB, RDB e outros)";"RENDA FIXA";"6483,05";"04/08/2026";"17:11:53"
"04/08/2026";"19:30:07";2026;2;"Eleição Ordinária";6259;"Eleições Gerais Estaduais 2026";"04/10/2026";"CE";"CE";"CEARÁ";60002536707;12;61;"Depósito bancário em conta corrente no País";"CONTA CORRENTE NA CEF";"46925,23";"04/08/2026";"17:11:53"
"04/08/2026";"19:30:07";2026;2;"Eleição Ordinária";6259;"Eleições Gerais Estaduais 2026";"04/10/2026";"CE";"CE";"CEARÁ";60002536707;10;45;"Aplicação de renda fixa (CDB, RDB e outros)";"APLICACAO EM FUNDO DE INVESTIMENTO CAIXA ECONOMICA FEDERAL";"227,86";"04/08/2026";"17:11:53"
"04/08/2026";"19:30:07";2026;2;"Eleição Ordinária";6259;"Eleições Gerais Estaduais 2026";"04/10/2026";"CE";"CE";"CEARÁ";60002536707;11;45;"Aplicação de renda fixa (CDB, RDB e outros)";"RENDA FIXA";"115375,90";"04/08/2026";"17:11:53"
"04/08/2026";"19:30:07";2026;2;"Eleição Ordinária";6259;"Eleições Gerais Estaduais 2026";"04/10/2026";"CE";"CE";"CEARÁ";60002536707;13;97;"VGBL - Vida Gerador de Benefício Livre";"SALDO VGBL";"614729,50";"04/08/2026";"17:11:53"
"04/08/2026";"19:30:07";2026;2;"Eleição Ordinária";6259;"Eleições Gerais Estaduais 2026";"04/10/2026";"CE";"CE";"CEARÁ";60002536707;14;79;"Outros fundos";"10 CABECAS DE SUINOS";"4165,00";"04/08/2026";"17:11:53"
"04/08/2026";"19:30:07";2026;2;"Eleição Ordinária";6259;"Eleições Gerais Estaduais 2026";"04/10/2026";"CE";"CE";"CEARÁ";60002536707;15;79;"Outros fundos";"20 CAPRINOS E 40 OVINOS";"24990,00";"04/08/2026";"17:11:53"
"04/08/2026";"19:30:07";2026;2;"Eleição Ordinária";6259;"Eleições Gerais Estaduais 2026";"04/10/2026";"CE";"CE";"CEARÁ";60002536708;1;11;"Apartamento";"APARTAMENTO";"2018100,00";"04/08/2026";"17:11:53"
"04/08/2026";"19:30:07";2026;2;"Eleição Ordinária";6259;"Eleições Gerais Estaduais 2026";"04/10/2026";"CE";"CE";"CEARÁ";60002536707;16;32;"Quotas ou quinhões de capital";"QUOTAS DE CAPITAL";"24000,00";"04/08/2026";"17:11:53"
"04/08/2026";"19:30:07";2026;2;"Eleição Ordinária";6259;"Eleições Gerais Estaduais 2026";"04/10/2026";"CE";"CE";"CEARÁ";60002536707;17;45;"Aplicação de renda fixa (CDB, RDB e outros)";"APLICACAO CDB BANCO DO BRASIL";"12148,69";"04/08/2026";"17:11:53"
"04/08/2026";"19:30:07";2026;2;"Eleição Ordinária";6259;"Eleições Gerais Estaduais 2026";"04/10/2026";"CE";"CE";"CEARÁ";60002536708;4;21;"Veículo automotor terrestre: caminhão, automóvel, moto, etc.";"TOYOTA HILUX SW4";"385000,00";"04/08/2026";"17:11:53"
"04/08/2026";"19:30:07";2026;2;"Eleição Ordinária";6259;"Eleições Gerais Estaduais 2026";"04/10/2026";"CE";"CE";"CEARÁ";60002536708;2;12;"Casa";"CASA";"850000,00";"04/08/2026";"17:11:53"
"04/08/2026";"19:30:07";2026;2;"Eleição Ordinária";6259;"Eleições Gerais Estaduais 2026";"04/10/2026";"CE";"CE";"CEARÁ";60002536708;3;2;"Prédio comercial";"SALAS COMERCIAIS";"807993,83";"04/08/2026";"17:11:53"
"04/08/2026";"19:30:07";2026;2;"Eleição Ordinária";6259;"Eleições Gerais Estaduais 2026";"04/10/2026";"CE";"CE";"CEARÁ";60002536708;5;21;"Veículo automotor terrestre: caminhão, automóvel, moto, etc.";"CARRO IMPORTADO";"209000,00";"04/08/2026";"17:11:53"
"04/08/2026";"19:30:07";2026;2;"Eleição Ordinária";6259;"Eleições Gerais Estaduais 2026";"04/10/2026";"CE";"CE";"CEARÁ";60002536708;7;21;"Veículo automotor terrestre: caminhão, automóvel, moto, etc.";"CARRO IMPORTADO";"560000,00";"04/08/2026";"17:11:53"
"04/08/2026";"19:30:07";2026;2;"Eleição Ordinária";6259;"Eleições Gerais Estaduais 2026";"04/10/2026";"CE";"CE";"CEARÁ";60002536708;6;45;"Aplicação de renda fixa (CDB, RDB e outros)";"APLICACOES";"700000,00";"04/08/2026";"17:11:53"
"04/08/2026";"19:30:07";2026;2;"Eleição Ordinária";6259;"Eleições Gerais Estaduais 2026";"04/10/2026";"CE";"CE";"CEARÁ";60002536709;2;59;"Outros créditos e poupança vinculados";"TITULO DE CAPITALIZACAO";"11576,92";"04/08/2026";"17:11:53"
"04/08/2026";"19:30:07";2026;2;"Eleição Ordinária";6259;"Eleições Gerais Estaduais 2026";"04/10/2026";"CE";"CE";"CEARÁ";60002536709;1;11;"Apartamento";"APARTAMENTO LOCALIZADO NO PASSARÉ, FORTALEZA-CE.";"165000,00";"04/08/2026";"17:11:53"
