"DT_GERACAO";"HH_GERACAO";"ANO_ELEICAO";"CD_TIPO_ELEICAO";"NM_TIPO_ELEICAO";"CD_ELEICAO";"DS_ELEICAO";"DT_ELEICAO";"SG_UF";"SG_UE";"NM_UE";"SQ_CANDIDATO";"NR_ORDEM_BEM_CANDIDATO";"CD_TIPO_BEM_CANDIDATO";"DS_TIPO_BEM_CANDIDATO";"DS_BEM_CANDIDATO";"VR_BEM_CANDIDATO";"DT_ULT_ATUAL_BEM_CANDIDATO";"HH_ULT_ATUAL_BEM_CANDIDATO"
"07/08/2026";"19:30:06";2026;2;"Eleição Ordinária";6259;"Eleições Gerais Estaduais 2026";"04/10/2026";"MT";"MT";"MATO GROSSO";110002538407;1;21;"Veículo automotor terrestre: caminhão, automóvel, moto, etc.";"VOLVO XC60 T8 INSCRIPT, ANO 2021";"203000,00";"07/08/2026";"12:49:07"
"07/08/2026";"19:30:06";2026;2;"Eleição Ordinária";6259;"Eleições Gerais Estaduais 2026";"04/10/2026";"MT";"MT";"MATO GROSSO";110002538408;1;21;"Veículo automotor terrestre: caminhão, automóvel, moto, etc.";"VEÍCULO HAVAL H6";"160000,00";"07/08/2026";"12:48:09"
"07/08/2026";"19:30:06";2026;2;"Eleição Ordinária";6259;"Eleições Gerais Estaduais 2026";"04/10/2026";"MT";"MT";"MATO GROSSO";110002538408;2;11;"Apartamento";"APTO COND ECO VITA";"735000,00";"07/08/2026";"12:48:09"
"07/08/2026";"19:30:06";2026;2;"Eleição Ordinária";6259;"Eleições Gerais Estaduais 2026";"04/10/2026";"MT";"MT";"MATO GROSSO";110002538408;4;21;"Veículo automotor terrestre: caminhão, automóvel, moto, etc.";"VEÍCULO ONIX GM";"80000,00";"07/08/2026";"12:48:09"
"07/08/2026";"19:30:06";2026;2;"Eleição Ordinária";6259;"Eleições Gerais Estaduais 2026";"04/10/2026";"MT";"MT";"MATO GROSSO";110002538408;3;63;"Dinheiro em espécie - moeda nacional";"DINHEIRO EM ESPÉCIE";"100000,00";"07/08/2026";"12:48:09"
"07/08/2026";"19:30:06";2026;2;"Eleição Ordinária";6259;"Eleições Gerais Estaduais 2026";"04/10/2026";"MT";"MT";"MATO GROSSO";110002538409;1;99;"OUTROS BENS E DIREITOS";"FAZENDA SERRA DO PAIOL, BOA ESPERANÇA/MG, ÁREA 6,8 HA, MATRÍCULA 9695, CIB 2740316-5, ADQUIRIDA EM 06/04/2022";"264302,40";"06/08/2026";"10:39:10"
"07/08/2026";"19:30:06";2026;2;"Eleição Ordinária";6259;"Eleições Gerais Estaduais 2026";"04/10/2026";"MT";"MT";"MATO GROSSO";110002538409;3;12;"Casa";"CASA RESIDENCIAL NO CONDOMÍNIO ALPHAVILLE, LOTE 20, RUA DAS CANELAS, 532, JARDIM ITÁLIA, CUIABÁ/MT, ADQUIRIDA EM 01/2007, COM MANUTENÇÕES REALIZADAS EM 2012";"695764,48";"06/08/2026";"10:39:10"
"07/08/2026";"19:30:06";2026;2;"Eleição Ordinária";6259;"Eleições Gerais Estaduais 2026";"04/10/2026";"MT";"MT";"MATO GROSSO";110002538409;4;99;"OUTROS BENS E DIREITOS";"FAZENDA SERRA DO PAIOL, BOA ESPERANÇA/MG, ÁREA 4,0 HA, MATRÍCULA 9994, CIB 2449996-0, ADQUIRIDA EM 07/04/2022";"158581,50";"06/08/2026";"10:39:10"
"07/08/2026";"19:30:06";2026;2;"Eleição Ordinária";6259;"Eleições Gerais Estaduais 2026";"04/10/2026";"MT";"MT";"MATO GROSSO";110002538409;2;32;"Quotas ou quinhões de capital";"LUCROS A RECEBER ENTRE 2026 E 2028 ¿ MEDNEURO SERVIÇOS MÉDICOS LTDA (CNPJ 04.291.961/0001-53)";"2658186,19";"06/08/2026";"10:39:10"
"07/08/2026";"19:30:06";2026;2;"Eleição Ordinária";6259;"Eleições Gerais Estaduais 2026";"04/10/2026";"MT";"MT";"MATO GROSSO";110002538409;5;99;"OUTROS BENS E DIREITOS";"FAZENDA SERRA DO PAIOL, BOA ESPERANÇA/MG, ÁREA 21,1 HA, MATRÍCULA 34016, CIB 2449996-0, ADQUIRIDA EM 08/04/2022";"820837,00";"06/08/2026";"10:39:10"
"07/08/2026";"19:30:06";2026;2;"Eleição Ordinária";6259;"Eleições Gerais Estaduais 2026";"04/10/2026";"MT";"MT";"MATO GROSSO";110002538409;6;99;"OUTROS BENS E DIREITOS";"FAZENDA SERRA DO PAIOL, ZONA RURAL, BOA ESPERANÇA/MG, ÁREA 21,3 HA, MATRÍCULA 33925, CIB 2740311-4, ADQUIRIDA EM 08/04/2022";"830120,00";"06/08/2026";"10:39:10"
"07/08/2026";"19:30:06";2026;2;"Eleição Ordinária";6259;"Eleições Gerais Estaduais 2026";"04/10/2026";"MT";"MT";"MATO GROSSO";110002538409;7;99;"OUTROS BENS E DIREITOS";"CHÁCARA 27, LINHA 14, QUADRA 29, CINTURÃO VERDE PEDRA 90, CUIABÁ/MT, ÁREA 19.695 M², DIREITO DE POSSE ADQUIRIDO EM 06/12/2016";"85714,28";"06/08/2026";"10:39:10"
"07/08/2026";"19:30:06";2026;2;"Eleição Ordinária";6259;"Eleições Gerais Estaduais 2026";"04/10/2026";"MT";"MT";"MATO GROSSO";110002538409;10;32;"Quotas ou quinhões de capital";"QUOTAS DE CAPITAL ¿ UNICRED (CNPJ 36.900.256/0001-00)";"27566,47";"06/08/2026";"10:39:10"
"07/08/2026";"19:30:06";2026;2;"Eleição Ordinária";6259;"Eleições Gerais Estaduais 2026";"04/10/2026";"MT";"MT";"MATO GROSSO";110002538409;8;99;"OUTROS BENS E DIREITOS";"41 HA DE TERRAS NA FAZENDA SERRA DA SAUDADE, MUNICÍPIO DE AGUANIL/MG, RECEBIDOS POR DOAÇÃO/MEAÇÃO EM 21/02/2008, COM BENFEITORIAS REALIZADAS ENTRE 2012 E 2015";"175000,00";"06/08/2026";"10:39:10"
"07/08/2026";"19:30:06";2026;2;"Eleição Ordinária";6259;"Eleições Gerais Estaduais 2026";"04/10/2026";"MT";"MT";"MATO GROSSO";110002538409;9;99;"OUTROS BENS E DIREITOS";"CHÁCARA 26, LINHA 14, QUADRA 29, CINTURÃO VERDE PEDRA 90, CUIABÁ/MT, ÁREA 2,45 HA, DIREITO DE POSSE ADQUIRIDO EM 07/2020";"135000,00";"06/08/2026";"10:39:10"
"07/08/2026";"19:30:06";2026;2;"Eleição Ordinária";6259;"Eleições Gerais Estaduais 2026";"04/10/2026";"MT";"MT";"MATO GROSSO";110002538409;11;49;"Outras aplicações e Investimentos";"LCI ¿ BANCO UNICRED (CNPJ 36.900.256/0001-00)";"750000,00";"06/08/2026";"10:39:10"
"07/08/2026";"19:30:06";2026;2;"Eleição Ordinária";6259;"Eleições Gerais Estaduais 2026";"04/10/2026";"MT";"MT";"MATO GROSSO";110002538409;12;61;"Depósito bancário em conta corrente no País";"CONTA CORRENTE ¿ UNICRED MT (BANCO 136, AG. 2301, C/C 8157-4)";"1693,95";"06/08/2026";"10:39:10"
"07/08/2026";"19:30:06";2026;2;"Eleição Ordinária";6259;"Eleições Gerais Estaduais 2026";"04/10/2026";"MT";"MT";"MATO GROSSO";110002538409;13;61;"Depósito bancário em conta corrente no País";"CONTA CORRENTE ¿ BANCO BRADESCO (BANCO 237, AG. 3218, C/C 7073-4)";"1,00";"06/08/2026";"10:39:10"
"07/08/2026";"19:30:06";2026;2;"Eleição Ordinária";6259;"Eleições Gerais Estaduais 2026";"04/10/2026";"MT";"MT";"MATO GROSSO";110002538409;16;21;"Veículo automotor terrestre: caminhão, automóvel, moto, etc.";"CAMINHONETE L200, ANO 2015/2016, COR BRANCA, PLACA OBM 2841, RENAVAM 01077571825";"58000,00";"06/08/2026";"10:39:10"
"07/08/2026";"19:30:06";2026;2;"Eleição Ordinária";6259;"Eleições Gerais Estaduais 2026";"04/10/2026";"MT";"MT";"MATO GROSSO";110002538409;14;99;"OUTROS BENS E DIREITOS";"CHÁCARA 3, LINHA 14, QUADRA 26, CINTURÃO VERDE PEDRA 90, CUIABÁ/MT, ÁREA 27.305 M², DIREITO DE POSSE ADQUIRIDO EM 06/12/2016, COM REFORMAS EM 2020";"180160,18";"06/08/2026";"10:39:10"
"07/08/2026";"19:30:06";2026;2;"Eleição Ordinária";6259;"Eleições Gerais Estaduais 2026";"04/10/2026";"MT";"MT";"MATO GROSSO";110002538409;15;99;"OUTROS BENS E DIREITOS";"CHÁCARA 04, LINHA 15, QUADRA 29, CINTURÃO VERDE PEDRA 90, CUIABÁ/MT, ÁREA 2,45 HA, DIREITO DE POSSE ADQUIRIDO EM 04/2024";"280000,00";"06/08/2026";"10:39:10"
"07/08/2026";"19:30:06";2026;2;"Eleição Ordinária";6259;"Eleições Gerais Estaduais 2026";"04/10/2026";"MT";"MT";"MATO GROSSO";110002538409;17;99;"OUTROS BENS E DIREITOS";"MERCEDES-BENZ GLC 300, ANO 2023/2023, COR PRETA, PLACA SPH1J19, RENAVAM 01375048403, ADQUIRIDO EM 24/01/2024";"481700,00";"06/08/2026";"10:39:10"
"07/08/2026";"19:30:06";2026;2;"Eleição Ordinária";6259;"Eleições Gerais Estaduais 2026";"04/10/2026";"MT";"MT";"MATO GROSSO";110002538409;19;99;"OUTROS BENS E DIREITOS";"FAZENDA SANTA MARTA, MUNICÍPIO DE BOA ESPERANÇA/MG, ÁREA 15,2 HA, MATRÍCULA 45726, CIB 9779414-7, ADQUIRIDA EM 26/12/2024";"1297000,00";"06/08/2026";"10:39:10"
"07/08/2026";"19:30:06";2026;2;"Eleição Ordinária";6259;"Eleições Gerais Estaduais 2026";"04/10/2026";"MT";"MT";"MATO GROSSO";110002538409;18;99;"OUTROS BENS E DIREITOS";"CHÁCARA 25, LINHA 14, QUADRA 29, CINTURÃO VERDE PEDRA 90, CUIABÁ/MT, ÁREA 2,45 HA, DIREITO DE POSSE ADQUIRIDO EM 07/2020";"135000,00";"06/08/2026";"10:39:10"
"07/08/2026";"19:30:06";2026;2;"Eleição Ordinária";6259;"Eleições Gerais Estaduais 2026";"04/10/2026";"MT";"MT";"MATO GROSSO";110002538409;22;21;"Veículo automotor terrestre: caminhão, automóvel, moto, etc.";"JEEP COMPASS LIMITED, ANO 2018/2018, COR CINZA, RENAVAM 01160933992";"120368,49";"06/08/2026";"10:39:10"
"07/08/2026";"19:30:06";2026;2;"Eleição Ordinária";6259;"Eleições Gerais Estaduais 2026";"04/10/2026";"MT";"MT";"MATO GROSSO";110002538409;20;99;"OUTROS BENS E DIREITOS";"FAZENDA SERRA DO PAIOL, BOA ESPERANÇA/MG, ÁREA 12,2 HA, MATRÍCULA 34015, CIB 8602007-2, ADQUIRIDA EM 06/04/2022";"476844,00";"06/08/2026";"10:39:10"
"07/08/2026";"19:30:06";2026;2;"Eleição Ordinária";6259;"Eleições Gerais Estaduais 2026";"04/10/2026";"MT";"MT";"MATO GROSSO";110002538409;21;99;"OUTROS BENS E DIREITOS";"CHÁCARA 28, LINHA 14, QUADRA 29, CINTURÃO VERDE PEDRA 90, CUIABÁ/MT, ÁREA 19.695 M², DIREITO DE POSSE ADQUIRIDO EM 06/12/2016";"85714,28";"06/08/2026";"10:39:10"
"07/08/2026";"19:30:06";2026;2;"Eleição Ordinária";6259;"Eleições Gerais Estaduais 2026";"04/10/2026";"MT";"MT";"MATO GROSSO";110002538409;23;49;"Outras aplicações e Investimentos";"APLICAÇÃO EM CDB ¿ BANCO BRADESCO S.A. (CNPJ 60.746.948/0001-12)";"7248,73";"06/08/2026";"10:39:10"
"07/08/2026";"19:30:06";2026;2;"Eleição Ordinária";6259;"Eleições Gerais Estaduais 2026";"04/10/2026";"MT";"MT";"MATO GROSSO";110002538409;24;49;"Outras aplicações e Investimentos";"DIREITOS DE AQUISIÇÃO DE IMÓVEL JUNTO A CIDADE JARDIM INCORPORAÇÕES DE EMPREENDIMENTOS IMOBILIÁRIOS LTDA (CNPJ 37.377.797/0001-50) ¿ CIDADE JARDIM 1. FASE, QUADRA 35, LOTE 05, 1.500 M²";"414997,90";"06/08/2026";"10:39:10"
"07/08/2026";"19:30:06";2026;2;"Eleição Ordinária";6259;"Eleições Gerais Estaduais 2026";"04/10/2026";"MT";"MT";"MATO GROSSO";110002538409;25;49;"Outras aplicações e Investimentos";"DIREITOS DE AQUISIÇÃO ¿ GVIVART500 BOSQUE DA SAÚDE EMPREENDIMENTO IMOBILIÁRIO LTDA SCP (CNPJ 54.218.116/0001-20), MOOV BOSQUE, AV. BOSQUE DA SAÚDE S/N, QUADRA 33, LOTE ÁREA 01, CUIABÁ/MT, APARTAMENTO";"87779,13";"06/08/2026";"10:39:10"
"07/08/2026";"19:30:06";2026;2;"Eleição Ordinária";6259;"Eleições Gerais Estaduais 2026";"04/10/2026";"MT";"MT";"MATO GROSSO";110002538409;27;13;"Terreno";"TERRENO FLORAIS CUIABÁ ¿ LOTE COMERCIAL DESDOBRADO 25, QUADRA 02, COND. FLORAIS CUIABÁ, RIBEIRÃO DA PONTE, CUIABÁ/MT, ÁREA 385,6 M², MATRÍCULA 107091, ADQUIRIDO DE ELMO ENGENHARIA LTDA (CNPJ 02.500.30";"800000,00";"06/08/2026";"10:39:10"
"07/08/2026";"19:30:06";2026;2;"Eleição Ordinária";6259;"Eleições Gerais Estaduais 2026";"04/10/2026";"MT";"MT";"MATO GROSSO";110002538409;26;61;"Depósito bancário em conta corrente no País";"CONTA DE RENDA FIXA ¿ BANCO XP (CNPJ 33.264.668/0001-03), BANCO 348, AG. 0001, C/C 495020-9";"0,02";"06/08/2026";"10:39:10"
"07/08/2026";"19:30:06";2026;2;"Eleição Ordinária";6259;"Eleições Gerais Estaduais 2026";"04/10/2026";"MT";"MT";"MATO GROSSO";110002538409;28;99;"OUTROS BENS E DIREITOS";"FAZENDA SERRA DO PAIOL, BOA ESPERANÇA/MG, ÁREA 5,7 HA, MATRÍCULA 25564, CIB 8601987-2, ADQUIRIDA EM 14/04/2022";"224657,00";"06/08/2026";"10:39:10"
"07/08/2026";"19:30:06";2026;2;"Eleição Ordinária";6259;"Eleições Gerais Estaduais 2026";"04/10/2026";"MT";"MT";"MATO GROSSO";110002538409;29;99;"OUTROS BENS E DIREITOS";"CHÁCARA 29, LINHA 14, QUADRA 29, CINTURÃO VERDE PEDRA 90, CUIABÁ/MT, ÁREA 19.695 M², DIREITO DE POSSE ADQUIRIDO EM 06/12/2016";"85714,28";"06/08/2026";"10:39:10"
"07/08/2026";"19:30:06";2026;2;"Eleição Ordinária";6259;"Eleições Gerais Estaduais 2026";"04/10/2026";"MT";"MT";"MATO GROSSO";110002538409;30;99;"OUTROS BENS E DIREITOS";"CHÁCARA 26, LINHA 13, QUADRA 26, CINTURÃO VERDE PEDRA 90, CUIABÁ/MT, ÁREA 19.695 M², DIREITO DE POSSE ADQUIRIDO EM 06/12/2016";"85714,28";"06/08/2026";"10:39:10"
"07/08/2026";"19:30:06";2026;2;"Eleição Ordinária";6259;"Eleições Gerais Estaduais 2026";"04/10/2026";"MT";"MT";"MATO GROSSO";110002538409;31;99;"OUTROS BENS E DIREITOS";"CHÁCARA 27, LINHA 13, QUADRA 26, CINTURÃO VERDE PEDRA 90, CUIABÁ/MT, ÁREA 42.210 M², DIREITO DE POSSE ADQUIRIDO EM 06/12/2016";"85714,28";"06/08/2026";"10:39:10"
"07/08/2026";"19:30:06";2026;2;"Eleição Ordinária";6259;"Eleições Gerais Estaduais 2026";"04/10/2026";"MT";"MT";"MATO GROSSO";110002538409;33;32;"Quotas ou quinhões de capital";"QUOTAS DE CAPITAL ¿ UNIMED CUIABÁ (CNPJ 03.533.726/0001-88), ADQUIRIDAS EM 2006";"173682,06";"06/08/2026";"10:39:10"
"07/08/2026";"19:30:06";2026;2;"Eleição Ordinária";6259;"Eleições Gerais Estaduais 2026";"04/10/2026";"MT";"MT";"MATO GROSSO";110002538409;34;32;"Quotas ou quinhões de capital";"QUOTAS DE CAPITAL DA MEDNEURO SERVIÇOS MÉDICOS LTDA (CNPJ 04.291.961/0001-53)";"30000,00";"06/08/2026";"10:39:10"
"07/08/2026";"19:30:06";2026;2;"Eleição Ordinária";6259;"Eleições Gerais Estaduais 2026";"04/10/2026";"MT";"MT";"MATO GROSSO";110002538409;32;99;"OUTROS BENS E DIREITOS";"CHÁCARA 01, LINHA 14, QUADRA 26, CINTURÃO VERDE PEDRA 90, CUIABÁ/MT, ÁREA 5,1 HA, ADQUIRIDA EM 22/11/2018";"145000,00";"06/08/2026";"10:39:10"
"07/08/2026";"19:30:06";2026;2;"Eleição Ordinária";6259;"Eleições Gerais Estaduais 2026";"04/10/2026";"MT";"MT";"MATO GROSSO";110002538409;36;49;"Outras aplicações e Investimentos";"APLICAÇÃO FINANCEIRA ¿ UNICRED MT (CNPJ 36.900.256/0001-00)";"482117,33";"06/08/2026";"10:39:10"
"07/08/2026";"19:30:06";2026;2;"Eleição Ordinária";6259;"Eleições Gerais Estaduais 2026";"04/10/2026";"MT";"MT";"MATO GROSSO";110002538409;35;32;"Quotas ou quinhões de capital";"QUOTAS DE CAPITAL DA DGM ASSISTÊNCIA MÉDICA LTDA (CNPJ 33.982.532/0001-20), CONSTITUÍDA EM 19/06/2019";"1000,00";"06/08/2026";"10:39:10"
"07/08/2026";"19:30:06";2026;2;"Eleição Ordinária";6259;"Eleições Gerais Estaduais 2026";"04/10/2026";"MT";"MT";"MATO GROSSO";110002538409;37;73;"Fundo de Investimento Imobiliário";"FUNDO/CLUBE DE INVESTIMENTO ¿ XP INVESTIMENTOS (CNPJ DO FUNDO 02.332.886/0001-04)";"39773,97";"06/08/2026";"10:39:10"
"07/08/2026";"19:30:06";2026;2;"Eleição Ordinária";6259;"Eleições Gerais Estaduais 2026";"04/10/2026";"MT";"MT";"MATO GROSSO";110002538409;39;61;"Depósito bancário em conta corrente no País";"CONTA CORRENTE/APLICAÇÃO UNICRED";"400000,00";"06/08/2026";"10:39:10"
"07/08/2026";"19:30:06";2026;2;"Eleição Ordinária";6259;"Eleições Gerais Estaduais 2026";"04/10/2026";"MT";"MT";"MATO GROSSO";110002538409;38;99;"OUTROS BENS E DIREITOS";"CHÁCARA 2, LINHA 14, QUADRA 26, CINTURÃO VERDE PEDRA 90, CUIABÁ/MT, ÁREA 27.090 M², DIREITO DE POSSE ADQUIRIDO EM 06/12/2016";"85714,28";"06/08/2026";"10:39:10"
"07/08/2026";"19:30:06";2026;2;"Eleição Ordinária";6259;"Eleições Gerais Estaduais 2026";"04/10/2026";"MT";"MT";"MATO GROSSO";110002538410;1;21;"Veículo automotor terrestre: caminhão, automóvel, moto, etc.";"HONDA VT 600 C SHADOW PRETA 2003/2003 PLACA JZL6D63 ADQ COM RECURSOS PROPRIOS";"20000,00";"06/08/2026";"15:52:14"
"07/08/2026";"19:30:06";2026;2;"Eleição Ordinária";6259;"Eleições Gerais Estaduais 2026";"04/10/2026";"MT";"MT";"MATO GROSSO";110002538410;3;49;"Outras aplicações e Investimentos";"SALDO EM CONTA CORRENTE - BANCO DO BRASIL";"40000,00";"06/08/2026";"15:52:14"
"07/08/2026";"19:30:06";2026;2;"Eleição Ordinária";6259;"Eleições Gerais Estaduais 2026";"04/10/2026";"MT";"MT";"MATO GROSSO";110002538410;4;11;"Apartamento";"APARTAMENTO EM CUIABA";"268526,56";"06/08/2026";"15:52:14"
"07/08/2026";"19:30:06";2026;2;"Eleição Ordinária";6259;"Eleições Gerais Estaduais 2026";"04/10/2026";"MT";"MT";"MATO GROSSO";110002538410;2;21;"Veículo automotor terrestre: caminhão, automóvel, moto, etc.";"AQUISICAO 01 CHEVROLET S/10 LTZ DA4A 2018/2018 BRANCA";"126000,00";"06/08/2026";"15:52:14"
"07/08/2026";"19:30:06";2026;2;"Eleição Ordinária";6259;"Eleições Gerais Estaduais 2026";"04/10/2026";"MT";"MT";"MATO GROSSO";110002538411;3;61;"Depósito bancário em conta corrente no País";"DEPÓSITO EM CONTA CORRENTE MANTIDA NO BANCO DO BRASIL S.A. (CNPJ 00.000.000/0001-91), BANCO 001, AGÊNCIA 5977, CONTA 6353-3";"41,77";"07/08/2026";"14:47:20"
"07/08/2026";"19:30:06";2026;2;"Eleição Ordinária";6259;"Eleições Gerais Estaduais 2026";"04/10/2026";"MT";"MT";"MATO GROSSO";110002538411;2;21;"Veículo automotor terrestre: caminhão, automóvel, moto, etc.";"VEÍCULO AUTOMOTOR TOYOTA/YARIS SA XS15, RENAVAM 01375310795";"1015,33";"07/08/2026";"14:47:20"
"07/08/2026";"19:30:06";2026;2;"Eleição Ordinária";6259;"Eleições Gerais Estaduais 2026";"04/10/2026";"MT";"MT";"MATO GROSSO";110002538411;1;21;"Veículo automotor terrestre: caminhão, automóvel, moto, etc.";"VEÍCULO AUTOMOTOR TOYOTA SW4 DSL 4X4 SRX AT 7S, RENAVAM 01350340321";"380000,00";"07/08/2026";"14:47:20"
"07/08/2026";"19:30:06";2026;2;"Eleição Ordinária";6259;"Eleições Gerais Estaduais 2026";"04/10/2026";"MT";"MT";"MATO GROSSO";110002538411;4;59;"Outros créditos e poupança vinculados";"DEPÓSITO EM CONTA POUPANÇA MANTIDA NO BANCO COOPERATIVO SICREDI S.A. (CNPJ 01.181.521/0001-55), BANCO 748, AGÊNCIA 0810, CONTA 78928-2";"3353,80";"07/08/2026";"14:47:20"
"07/08/2026";"19:30:06";2026;2;"Eleição Ordinária";6259;"Eleições Gerais Estaduais 2026";"04/10/2026";"MT";"MT";"MATO GROSSO";110002538412;1;61;"Depósito bancário em conta corrente no País";"SALDO NA C/C 0001 / 2605637-9 DA NU FINANCEIRA";"0,14";"06/08/2026";"10:39:13"
"07/08/2026";"19:30:06";2026;2;"Eleição Ordinária";6259;"Eleições Gerais Estaduais 2026";"04/10/2026";"MT";"MT";"MATO GROSSO";110002538412;2;61;"Depósito bancário em conta corrente no País";"SALDO EM CONTA CDB OURIBANK - NUBANK -";"114,00";"06/08/2026";"10:39:13"
"07/08/2026";"19:30:06";2026;2;"Eleição Ordinária";6259;"Eleições Gerais Estaduais 2026";"04/10/2026";"MT";"MT";"MATO GROSSO";110002538412;5;13;"Terreno";"AREA DESMEMBRADA DO LOTE 03, SETOR DE SERVICOS, COM 1.100,00 M2, DENOMINADA JUINA 1A FASE, NA CIDADE DE JUINA - MT., ADQ DE AUGUSTO CHORMIAK - CPF 125.541.389-15, EM 11/10/2017.";"100000,00";"06/08/2026";"10:39:13"
"07/08/2026";"19:30:06";2026;2;"Eleição Ordinária";6259;"Eleições Gerais Estaduais 2026";"04/10/2026";"MT";"MT";"MATO GROSSO";110002538412;4;61;"Depósito bancário em conta corrente no País";"SALDO CONTA CORRENTE E EM VGBL - COOPERATIVA DE CREDITO SICREDI";"1216,99";"06/08/2026";"10:39:13"
"07/08/2026";"19:30:06";2026;2;"Eleição Ordinária";6259;"Eleições Gerais Estaduais 2026";"04/10/2026";"MT";"MT";"MATO GROSSO";110002538412;3;45;"Aplicação de renda fixa (CDB, RDB e outros)";"APLICACAO EM BB CDB RENDE FACIL - CONTA: 40804-2";"912,44";"06/08/2026";"10:39:13"
"07/08/2026";"19:30:06";2026;2;"Eleição Ordinária";6259;"Eleições Gerais Estaduais 2026";"04/10/2026";"MT";"MT";"MATO GROSSO";110002538412;7;13;"Terreno";"LOTE 07, DA QUADRA 66, COM AREA DE 675,00 M2, DO LOTEAMENTO URBANO DA CIDADE DE TABAPORA - MT., ADQ DEAGROPECUARIA HERMES S LTDA - CNPJ 03.268.083/0001- 92, EM 03/08/2023.";"28471,50";"06/08/2026";"10:39:13"
"07/08/2026";"19:30:06";2026;2;"Eleição Ordinária";6259;"Eleições Gerais Estaduais 2026";"04/10/2026";"MT";"MT";"MATO GROSSO";110002538412;6;2;"Prédio comercial";"PRÉDIO COMERCIAL S/ LOTE 07, DA QUADRA 66, COM ÁREA DE 675 M2, LOTEAMENTO URBANO DA CIDADE DE TABAPORÃ-MT. ADQ DE AGROPECUÁRIA HERMES S. LTDA EM 03/08/2023.";"150000,00";"06/08/2026";"10:39:13"
"07/08/2026";"19:30:06";2026;2;"Eleição Ordinária";6259;"Eleições Gerais Estaduais 2026";"04/10/2026";"MT";"MT";"MATO GROSSO";110002538412;8;61;"Depósito bancário em conta corrente no País";"SALDO NA C/C 0001 /13290772 DA XP INVESTIMENTO CCTVM S/A- NA CORRETORA CLEAR";"156,38";"06/08/2026";"10:39:13"
"07/08/2026";"19:30:06";2026;2;"Eleição Ordinária";6259;"Eleições Gerais Estaduais 2026";"04/10/2026";"MT";"MT";"MATO GROSSO";110002538412;10;49;"Outras aplicações e Investimentos";"APLICACAO EM TESOURO DIRETO NA NUINVEST S.A. CONTA N.C/C 0001 / 2605637-9";"1992,55";"06/08/2026";"10:39:13"
"07/08/2026";"19:30:06";2026;2;"Eleição Ordinária";6259;"Eleições Gerais Estaduais 2026";"04/10/2026";"MT";"MT";"MATO GROSSO";110002538412;9;61;"Depósito bancário em conta corrente no País";"CONTA CAPITAL NA C/C 0821 / 45.656-8 DO BANCO SICREDI S/A";"215,80";"06/08/2026";"10:39:13"
"07/08/2026";"19:30:06";2026;2;"Eleição Ordinária";6259;"Eleições Gerais Estaduais 2026";"04/10/2026";"MT";"MT";"MATO GROSSO";110002538412;11;61;"Depósito bancário em conta corrente no País";"DEPOSITO EM CONTA CORRENTE NO MERCADO PAGO AG 0001 - C/C 31069436099";"29484,07";"06/08/2026";"10:39:13"
"07/08/2026";"19:30:06";2026;2;"Eleição Ordinária";6259;"Eleições Gerais Estaduais 2026";"04/10/2026";"MT";"MT";"MATO GROSSO";110002538412;14;59;"Outros créditos e poupança vinculados";"COOP CRED POUP INVEST UNIVALVES: AG 0821 C/C 45656-8";"11635,49";"06/08/2026";"10:39:13"
"07/08/2026";"19:30:06";2026;2;"Eleição Ordinária";6259;"Eleições Gerais Estaduais 2026";"04/10/2026";"MT";"MT";"MATO GROSSO";110002538412;13;2;"Prédio comercial";"PRÉDIO COMERCIAL CONSTRUÍDO ATÉ 31/12/2024, SOBRE O LOTE 07, DA QUADRA 66, COM ÁREA DE 675M2, DO URBANO DA CIDADE DE TABAPORÃ-MT. ADQ DE AGROPECUÁRIA HERMES S. LTDA EM 03/08/2023.";"115000,00";"06/08/2026";"10:39:13"
"07/08/2026";"19:30:06";2026;2;"Eleição Ordinária";6259;"Eleições Gerais Estaduais 2026";"04/10/2026";"MT";"MT";"MATO GROSSO";110002538412;12;21;"Veículo automotor terrestre: caminhão, automóvel, moto, etc.";"VEÍCULO PULSE DRIVE 1.3 CVT FLEX 05 PASSAGEIROS 04 CILINDROS 0 KM FAB 2025 MOD-2026 LOTACAO OU TONELAGEM:PBT 1580.00 KG, CMT 1.980 KG. COR- BRANCO BANCHISA REV- FABRIC EIKOMI B V4 2T. ADQ EM 27/06/202";"93498,42";"06/08/2026";"10:39:13"
"07/08/2026";"19:30:06";2026;2;"Eleição Ordinária";6259;"Eleições Gerais Estaduais 2026";"04/10/2026";"MT";"MT";"MATO GROSSO";110002538413;2;61;"Depósito bancário em conta corrente no País";"CONTA CORRENTE JUNTO AO BANCO DO BRASIL S.A.";"3314,77";"07/08/2026";"12:36:36"
"07/08/2026";"19:30:06";2026;2;"Eleição Ordinária";6259;"Eleições Gerais Estaduais 2026";"04/10/2026";"MT";"MT";"MATO GROSSO";110002538413;1;12;"Casa";"CASA RESIDENCIAL DE 446,29M2, CONSTRUÍDA EM 2021, RUA RODOLFO ULRICH, QD 225 LT 10, NOSSA SENHORA APARECIDA, CAMPO NOVO DO PARECIS/MT (MATRÍCULA 9192)";"680566,07";"07/08/2026";"12:36:36"
"07/08/2026";"19:30:06";2026;2;"Eleição Ordinária";6259;"Eleições Gerais Estaduais 2026";"04/10/2026";"MT";"MT";"MATO GROSSO";110002538413;3;21;"Veículo automotor terrestre: caminhão, automóvel, moto, etc.";"VEÍCULO FORD/FORD F 4000, ANO 1990/1990, PLACAS CHX3162";"35000,00";"07/08/2026";"12:36:36"
"07/08/2026";"19:30:06";2026;2;"Eleição Ordinária";6259;"Eleições Gerais Estaduais 2026";"04/10/2026";"MT";"MT";"MATO GROSSO";110002538413;4;49;"Outras aplicações e Investimentos";"TÍTULO DE CAPITALIZAÇÃO JUNTO AO SANTANDER";"8661,93";"07/08/2026";"12:36:36"
"07/08/2026";"19:30:06";2026;2;"Eleição Ordinária";6259;"Eleições Gerais Estaduais 2026";"04/10/2026";"MT";"MT";"MATO GROSSO";110002538413;6;99;"OUTROS BENS E DIREITOS";"CARABINA PUMA ROSSI CAL. 38";"6480,00";"07/08/2026";"12:36:36"
"07/08/2026";"19:30:06";2026;2;"Eleição Ordinária";6259;"Eleições Gerais Estaduais 2026";"04/10/2026";"MT";"MT";"MATO GROSSO";110002538413;5;21;"Veículo automotor terrestre: caminhão, automóvel, moto, etc.";"TRATOR DE ESTEIRAS AD14 C14 (BEM DA ATIVIDADE RURAL)";"80000,00";"07/08/2026";"12:36:36"
"07/08/2026";"19:30:06";2026;2;"Eleição Ordinária";6259;"Eleições Gerais Estaduais 2026";"04/10/2026";"MT";"MT";"MATO GROSSO";110002538954;1;13;"Terreno";"LOTE 20 DA QUADRA 46, SITUADO NA RUA ÍRIS, N. 1083, LOTEAMENTO PARQUE DOS LÍRIOS, RONDONÓPOLIS/MT, ÁREA TOTAL 240,0 M², IPTU 1140671, ADQUIRIDO EM 07/06/2014 DE MASTER CONSTRUTORA, INCORPORADORA E NE";"97613,86";"07/08/2026";"12:11:23"
"07/08/2026";"19:30:06";2026;2;"Eleição Ordinária";6259;"Eleições Gerais Estaduais 2026";"04/10/2026";"MT";"MT";"MATO GROSSO";110002538413;8;99;"OUTROS BENS E DIREITOS";"RIFLE CBC 7022 MADEIRA CAL. 22 LR";"2400,00";"07/08/2026";"12:36:36"
"07/08/2026";"19:30:06";2026;2;"Eleição Ordinária";6259;"Eleições Gerais Estaduais 2026";"04/10/2026";"MT";"MT";"MATO GROSSO";110002538413;7;45;"Aplicação de renda fixa (CDB, RDB e outros)";"APLICAÇÃO DE RENDA FIXA JUNTO AO SANTANDER";"1356,79";"07/08/2026";"12:36:36"
"07/08/2026";"19:30:06";2026;2;"Eleição Ordinária";6259;"Eleições Gerais Estaduais 2026";"04/10/2026";"MT";"MT";"MATO GROSSO";110002538954;4;61;"Depósito bancário em conta corrente no País";"SALDO EM CONTA CORRENTE NA COOPERATIVA DE CRÉDITO, POUPANÇA E INVESTIMENTO DO SUL DE MT / SICREDI (CNPJ 26.549.311/0001-06), BANCO 748, AGÊNCIA 0809, CONTA 29017-2";"3208,64";"07/08/2026";"12:11:23"
"07/08/2026";"19:30:06";2026;2;"Eleição Ordinária";6259;"Eleições Gerais Estaduais 2026";"04/10/2026";"MT";"MT";"MATO GROSSO";110002538954;2;32;"Quotas ou quinhões de capital";"CAPITAL SOCIAL NA EMPRESA LUGLI   LUGLI LTDA (CNPJ 33.215.403/0001-07), REGISTRADA NA JUCEMAT SOB NIRE 51201637288 EM 02/04/2019";"641004,00";"07/08/2026";"12:11:23"
"07/08/2026";"19:30:06";2026;2;"Eleição Ordinária";6259;"Eleições Gerais Estaduais 2026";"04/10/2026";"MT";"MT";"MATO GROSSO";110002538954;3;32;"Quotas ou quinhões de capital";"PARTICIPAÇÃO DE 5,00% NO CAPITAL SOCIAL DA EMPRESA H. AVANTE ADMINISTRADORA DE BENS LTDA (CNPJ 34.645.177/0001-67), REGISTRADA NA JUCEMAT SOB NIRE 51201659826 EM 23/08/2019, CORRESPONDENTE A 91 QUOTAS";"91000,00";"07/08/2026";"12:11:23"
"07/08/2026";"19:30:06";2026;2;"Eleição Ordinária";6259;"Eleições Gerais Estaduais 2026";"04/10/2026";"MT";"MT";"MATO GROSSO";110002538954;6;13;"Terreno";"LOTE 22 DA QUADRA 46, SITUADO NA RUA ÍRIS, N. 1059, LOTEAMENTO PARQUE DOS LÍRIOS, RONDONÓPOLIS/MT, ÁREA TOTAL 240,0 M², IPTU 1140698, ADQUIRIDO EM 06/06/2014 DE MASTER CONSTRUTORA, INCORPORADORA E NEG";"89456,50";"07/08/2026";"12:11:23"
"07/08/2026";"19:30:06";2026;2;"Eleição Ordinária";6259;"Eleições Gerais Estaduais 2026";"04/10/2026";"MT";"MT";"MATO GROSSO";110002538954;7;45;"Aplicação de renda fixa (CDB, RDB e outros)";"APLICAÇÃO EM CDB ¿ BB CDB RENDE FÁCIL, BANCO DO BRASIL S.A. (CNPJ 00.000.000/0001-91)";"15425,06";"07/08/2026";"12:11:23"
"07/08/2026";"19:30:06";2026;2;"Eleição Ordinária";6259;"Eleições Gerais Estaduais 2026";"04/10/2026";"MT";"MT";"MATO GROSSO";110002538954;5;32;"Quotas ou quinhões de capital";"QUOTAS DE CAPITAL ¿ COOPERATIVA DE CRÉDITO, POUPANÇA E INVESTIMENTO INTEGRAÇÃO DO SUL DE MT, AP E PA / SICREDI (CNPJ 26.549.311/0001-06), COOP. 0809, CONTA 29017-2";"10038,50";"07/08/2026";"12:11:23"
"07/08/2026";"19:30:06";2026;2;"Eleição Ordinária";6259;"Eleições Gerais Estaduais 2026";"04/10/2026";"MT";"MT";"MATO GROSSO";110002538954;10;61;"Depósito bancário em conta corrente no País";"DEPÓSITO EM CONTA POUPANÇA NO BANCO COOPERATIVO SICREDI S.A. (CNPJ 01.181.521/0001-55), BANCO 748, AGÊNCIA 0809, CONTA 29017-2";"112,38";"07/08/2026";"12:11:23"
"07/08/2026";"19:30:06";2026;2;"Eleição Ordinária";6259;"Eleições Gerais Estaduais 2026";"04/10/2026";"MT";"MT";"MATO GROSSO";110002538954;9;32;"Quotas ou quinhões de capital";"CAPITAL SOCIAL NA EMPRESA SUPERVENDAS COMÉRCIOS GÊNEROS ALIMENTÍCIOS LTDA (CNPJ 10.634.057/0001-04), REGISTRADA NA JUCEMAT SOB NIRE 51201107751 EM 27/01/2009";"10000,00";"07/08/2026";"12:11:23"
"07/08/2026";"19:30:06";2026;2;"Eleição Ordinária";6259;"Eleições Gerais Estaduais 2026";"04/10/2026";"MT";"MT";"MATO GROSSO";110002538954;8;45;"Aplicação de renda fixa (CDB, RDB e outros)";"APLICAÇÃO DE RENDA FIXA SICREDINVEST ¿ SICREDI (CNPJ 26.549.311/0001-06)";"20,00";"07/08/2026";"12:11:23"
"07/08/2026";"19:30:06";2026;2;"Eleição Ordinária";6259;"Eleições Gerais Estaduais 2026";"04/10/2026";"MT";"MT";"MATO GROSSO";110002538954;13;13;"Terreno";"LOTE 21 DA QUADRA 46, SITUADO NA RUA ÍRIS, S/N, LOTEAMENTO PARQUE DOS LÍRIOS, RONDONÓPOLIS/MT, ÁREA TOTAL 240,0 M², IPTU 1140680, ADQUIRIDO EM 06/06/2014 DE MASTER CONSTRUTORA, INCORPORADORA E NEGÓCIO";"97613,86";"07/08/2026";"12:11:23"
"07/08/2026";"19:30:06";2026;2;"Eleição Ordinária";6259;"Eleições Gerais Estaduais 2026";"04/10/2026";"MT";"MT";"MATO GROSSO";110002538954;11;21;"Veículo automotor terrestre: caminhão, automóvel, moto, etc.";"MOTOCICLETA HONDA TITAN, COR VERMELHA, PLACA KAD-9219, RENAVAM 00863047980, ADQUIRIDA EM 02/2007";"4200,00";"07/08/2026";"12:11:23"
"07/08/2026";"19:30:06";2026;2;"Eleição Ordinária";6259;"Eleições Gerais Estaduais 2026";"04/10/2026";"MT";"MT";"MATO GROSSO";110002538954;12;12;"Casa";"CASA RESIDENCIAL EDIFICADA SOBRE O LOTE 08 DA QUADRA 099-A, SITUADA NA RUA MANOEL NASCIMENTO DE OLIVEIRA, N. 960, BAIRRO CIDADE SALMEN, RONDONÓPOLIS/MT, ÁREA TOTAL 348,3 M², IPTU 171344, ADQUIRIDA EM";"606454,95";"07/08/2026";"12:11:23"
"07/08/2026";"19:30:06";2026;2;"Eleição Ordinária";6259;"Eleições Gerais Estaduais 2026";"04/10/2026";"MT";"MT";"MATO GROSSO";110002539002;2;14;"Terra nua";"IMOVEIS RURAIS - FAZENDAS";"3098474,10";"06/08/2026";"14:25:14"
"07/08/2026";"19:30:06";2026;2;"Eleição Ordinária";6259;"Eleições Gerais Estaduais 2026";"04/10/2026";"MT";"MT";"MATO GROSSO";110002538954;14;21;"Veículo automotor terrestre: caminhão, automóvel, moto, etc.";"VEÍCULO CHEVROLET S10, CD, FLEX, COR BRANCA, ANO/MODELO 2015/2016, PLACA PXD-8233, RENAVAM 01073762332, ADQUIRIDO EM 05/08/2019";"44000,00";"07/08/2026";"12:11:23"
"07/08/2026";"19:30:06";2026;2;"Eleição Ordinária";6259;"Eleições Gerais Estaduais 2026";"04/10/2026";"MT";"MT";"MATO GROSSO";110002539002;1;12;"Casa";"IMOVEIS URBANOS - LOTES E RESIDENCIA";"639109,00";"06/08/2026";"14:25:14"
"07/08/2026";"19:30:06";2026;2;"Eleição Ordinária";6259;"Eleições Gerais Estaduais 2026";"04/10/2026";"MT";"MT";"MATO GROSSO";110002539003;2;11;"Apartamento";"APARTAMENTO";"450000,00";"06/08/2026";"14:25:48"
"07/08/2026";"19:30:06";2026;2;"Eleição Ordinária";6259;"Eleições Gerais Estaduais 2026";"04/10/2026";"MT";"MT";"MATO GROSSO";110002539004;1;11;"Apartamento";"APARTAMENTO RESIDENCIA DUETS - CUIABÁ";"500000,00";"06/08/2026";"14:25:34"
"07/08/2026";"19:30:06";2026;2;"Eleição Ordinária";6259;"Eleições Gerais Estaduais 2026";"04/10/2026";"MT";"MT";"MATO GROSSO";110002539003;1;21;"Veículo automotor terrestre: caminhão, automóvel, moto, etc.";"CARRO";"120000,00";"06/08/2026";"14:25:48"
"07/08/2026";"19:30:06";2026;2;"Eleição Ordinária";6259;"Eleições Gerais Estaduais 2026";"04/10/2026";"MT";"MT";"MATO GROSSO";110002539004;2;11;"Apartamento";"CASA RESIDENCIAL NOVA COLINA - RONDONÓPOLIS";"500000,00";"06/08/2026";"14:25:34"
"07/08/2026";"19:30:06";2026;2;"Eleição Ordinária";6259;"Eleições Gerais Estaduais 2026";"04/10/2026";"MT";"MT";"MATO GROSSO";110002539004;3;11;"Apartamento";"APARTAMENTO EM CONSTRUÇÃO ¿ ED INFINITY - RONDONÓPOLIS";"1600000,00";"06/08/2026";"14:25:34"
"07/08/2026";"19:30:06";2026;2;"Eleição Ordinária";6259;"Eleições Gerais Estaduais 2026";"04/10/2026";"MT";"MT";"MATO GROSSO";110002539004;4;12;"Casa";"50% CASA RESIDENCIAL ¿ COOPHALIS ¿ RONDONÓPOLIS";"150000,00";"06/08/2026";"14:25:34"
"07/08/2026";"19:30:06";2026;2;"Eleição Ordinária";6259;"Eleições Gerais Estaduais 2026";"04/10/2026";"MT";"MT";"MATO GROSSO";110002539005;2;19;"Outros bens imóveis";"IMÓVEL RURAL FAZENDA PRINCÍPIO, GLEBA RITINHA, VILA BELA DA SANTÍSSIMA TRINDADE/MT";"201824,27";"06/08/2026";"14:25:10"
"07/08/2026";"19:30:06";2026;2;"Eleição Ordinária";6259;"Eleições Gerais Estaduais 2026";"04/10/2026";"MT";"MT";"MATO GROSSO";110002539005;3;19;"Outros bens imóveis";"IMÓVEL RURAL P. A. RITINHA, LOTE 46, VILA BELA DA SANTÍSSIMA TRINDADE/MT";"150000,00";"06/08/2026";"14:25:10"
"07/08/2026";"19:30:06";2026;2;"Eleição Ordinária";6259;"Eleições Gerais Estaduais 2026";"04/10/2026";"MT";"MT";"MATO GROSSO";110002539005;1;19;"Outros bens imóveis";"MÓVEL RURAL NA GLEBA FAZENDA NACIONAL CASALVASCO, PONTES E LACERDA/MT";"204000,00";"06/08/2026";"14:25:10"
"07/08/2026";"19:30:06";2026;2;"Eleição Ordinária";6259;"Eleições Gerais Estaduais 2026";"04/10/2026";"MT";"MT";"MATO GROSSO";110002539005;4;13;"Terreno";"LOTE URBANO, RUA TEREZINHA COURA GARBIM - PONTES E LACERDA";"6000,00";"06/08/2026";"14:25:10"
"07/08/2026";"19:30:06";2026;2;"Eleição Ordinária";6259;"Eleições Gerais Estaduais 2026";"04/10/2026";"MT";"MT";"MATO GROSSO";110002539005;5;13;"Terreno";"LOTE URBANO, RUA TEREZINHA COURA GARBIM - PONTES E LACERDA";"6000,00";"06/08/2026";"14:25:10"
"07/08/2026";"19:30:06";2026;2;"Eleição Ordinária";6259;"Eleições Gerais Estaduais 2026";"04/10/2026";"MT";"MT";"MATO GROSSO";110002539005;6;49;"Outras aplicações e Investimentos";"SALDO CONTA SICREDI";"220000,00";"06/08/2026";"14:25:10"
"07/08/2026";"19:30:06";2026;2;"Eleição Ordinária";6259;"Eleições Gerais Estaduais 2026";"04/10/2026";"MT";"MT";"MATO GROSSO";110002539005;7;19;"Outros bens imóveis";"IMÓVEL RURAL FAZENDA BARCELOS, GLEBA SCATOLIN, VILA BELA DA SANTÍSSIMA TRINDADE/MT";"1000,00";"06/08/2026";"14:25:10"
"07/08/2026";"19:30:06";2026;2;"Eleição Ordinária";6259;"Eleições Gerais Estaduais 2026";"04/10/2026";"MT";"MT";"MATO GROSSO";110002539006;1;99;"OUTROS BENS E DIREITOS";"CONTA CAPITAL - SICOOB";"500,00";"06/08/2026";"14:26:25"
"07/08/2026";"19:30:06";2026;2;"Eleição Ordinária";6259;"Eleições Gerais Estaduais 2026";"04/10/2026";"MT";"MT";"MATO GROSSO";110002539006;2;41;"Caderneta de poupança";"BB - POUPANÇA";"859,64";"06/08/2026";"14:26:25"
"07/08/2026";"19:30:06";2026;2;"Eleição Ordinária";6259;"Eleições Gerais Estaduais 2026";"04/10/2026";"MT";"MT";"MATO GROSSO";110002539006;4;49;"Outras aplicações e Investimentos";"CONTA CORRENTE - SICOOB";"7,73";"06/08/2026";"14:26:25"
"07/08/2026";"19:30:06";2026;2;"Eleição Ordinária";6259;"Eleições Gerais Estaduais 2026";"04/10/2026";"MT";"MT";"MATO GROSSO";110002539006;3;21;"Veículo automotor terrestre: caminhão, automóvel, moto, etc.";"VEÍCULO FIAT 500 SPOR AIR, 2011/12, COR BRANCA";"49945,00";"06/08/2026";"14:26:25"
"07/08/2026";"19:30:06";2026;2;"Eleição Ordinária";6259;"Eleições Gerais Estaduais 2026";"04/10/2026";"MT";"MT";"MATO GROSSO";110002539007;1;21;"Veículo automotor terrestre: caminhão, automóvel, moto, etc.";"HONDA HRV";"140000,00";"06/08/2026";"14:26:09"
"07/08/2026";"19:30:06";2026;2;"Eleição Ordinária";6259;"Eleições Gerais Estaduais 2026";"04/10/2026";"MT";"MT";"MATO GROSSO";110002539007;2;11;"Apartamento";"APARTAMENTO";"250000,00";"06/08/2026";"14:26:09"
"07/08/2026";"19:30:06";2026;2;"Eleição Ordinária";6259;"Eleições Gerais Estaduais 2026";"04/10/2026";"MT";"MT";"MATO GROSSO";110002539008;2;21;"Veículo automotor terrestre: caminhão, automóvel, moto, etc.";"UM CARRO COROLLA GLI ANO 2019/19";"87000,00";"06/08/2026";"14:25:27"
"07/08/2026";"19:30:06";2026;2;"Eleição Ordinária";6259;"Eleições Gerais Estaduais 2026";"04/10/2026";"MT";"MT";"MATO GROSSO";110002539008;1;12;"Casa";"UMA RESIDÊNCIA NA A. RS, N.1196, J. UNIÃO, CANARANA-MT";"290000,00";"06/08/2026";"14:25:27"
"07/08/2026";"19:30:06";2026;2;"Eleição Ordinária";6259;"Eleições Gerais Estaduais 2026";"04/10/2026";"MT";"MT";"MATO GROSSO";110002539009;1;39;"Outras participações societárias";"SUPERMERCADO TOLEDO LTDA";"200000,00";"06/08/2026";"14:25:31"
"07/08/2026";"19:30:06";2026;2;"Eleição Ordinária";6259;"Eleições Gerais Estaduais 2026";"04/10/2026";"MT";"MT";"MATO GROSSO";110002539009;2;61;"Depósito bancário em conta corrente no País";"CONTA CORRENTE SICREDI";"3,56";"06/08/2026";"14:25:31"
"07/08/2026";"19:30:06";2026;2;"Eleição Ordinária";6259;"Eleições Gerais Estaduais 2026";"04/10/2026";"MT";"MT";"MATO GROSSO";110002539009;3;61;"Depósito bancário em conta corrente no País";"CONTA CORRENTE SICREDI";"9,81";"06/08/2026";"14:25:31"
"07/08/2026";"19:30:06";2026;2;"Eleição Ordinária";6259;"Eleições Gerais Estaduais 2026";"04/10/2026";"MT";"MT";"MATO GROSSO";110002539009;4;39;"Outras participações societárias";"JERONIMO G. PEREIRA LTDA";"200000,00";"06/08/2026";"14:25:31"
"07/08/2026";"19:30:06";2026;2;"Eleição Ordinária";6259;"Eleições Gerais Estaduais 2026";"04/10/2026";"MT";"MT";"MATO GROSSO";110002539009;5;61;"Depósito bancário em conta corrente no País";"CONTA CORRENTE CAIXA ECONÔMICA FEDERAL";"2662,70";"06/08/2026";"14:25:31"
"07/08/2026";"19:30:06";2026;2;"Eleição Ordinária";6259;"Eleições Gerais Estaduais 2026";"04/10/2026";"MT";"MT";"MATO GROSSO";110002539009;6;45;"Aplicação de renda fixa (CDB, RDB e outros)";"APLICAÇÃO DE RENDA FIXA ¿ BANCO BRADESCO";"542,06";"06/08/2026";"14:25:31"
"07/08/2026";"19:30:06";2026;2;"Eleição Ordinária";6259;"Eleições Gerais Estaduais 2026";"04/10/2026";"MT";"MT";"MATO GROSSO";110002539009;7;49;"Outras aplicações e Investimentos";"CONTA CAPITAL ¿ SICREDI";"46,24";"06/08/2026";"14:25:31"
"07/08/2026";"19:30:06";2026;2;"Eleição Ordinária";6259;"Eleições Gerais Estaduais 2026";"04/10/2026";"MT";"MT";"MATO GROSSO";110002539009;8;41;"Caderneta de poupança";"CONTA POUPANÇA SICREDI";"87,31";"06/08/2026";"14:25:31"
"07/08/2026";"19:30:06";2026;2;"Eleição Ordinária";6259;"Eleições Gerais Estaduais 2026";"04/10/2026";"MT";"MT";"MATO GROSSO";110002539010;1;21;"Veículo automotor terrestre: caminhão, automóvel, moto, etc.";"MOTO HONDA CG 160";"15000,00";"06/08/2026";"14:25:18"
"07/08/2026";"19:30:06";2026;2;"Eleição Ordinária";6259;"Eleições Gerais Estaduais 2026";"04/10/2026";"MT";"MT";"MATO GROSSO";110002539012;1;13;"Terreno";"LOTE 31 - QUADRA 201 SETOR J JUÍNA";"2531,45";"06/08/2026";"14:25:30"
"07/08/2026";"19:30:06";2026;2;"Eleição Ordinária";6259;"Eleições Gerais Estaduais 2026";"04/10/2026";"MT";"MT";"MATO GROSSO";110002539012;2;13;"Terreno";"LOTE NR 12 - QUADRA 137 SETOR H JUÍNA";"40000,00";"06/08/2026";"14:25:30"
"07/08/2026";"19:30:06";2026;2;"Eleição Ordinária";6259;"Eleições Gerais Estaduais 2026";"04/10/2026";"MT";"MT";"MATO GROSSO";110002539011;1;21;"Veículo automotor terrestre: caminhão, automóvel, moto, etc.";"MOTO HONDA XRE 190";"45000,00";"06/08/2026";"14:24:55"
"07/08/2026";"19:30:06";2026;2;"Eleição Ordinária";6259;"Eleições Gerais Estaduais 2026";"04/10/2026";"MT";"MT";"MATO GROSSO";110002539012;3;13;"Terreno";"UMA ÁREA URBANA REMANESCENTE - QUADRA 25 SETOR D  JUÍNA";"100000,00";"06/08/2026";"14:25:30"
"07/08/2026";"19:30:06";2026;2;"Eleição Ordinária";6259;"Eleições Gerais Estaduais 2026";"04/10/2026";"MT";"MT";"MATO GROSSO";110002539012;5;49;"Outras aplicações e Investimentos";"APLICAÇÃO EM RENDA FIXA CREDISIS JICRED RO";"2773,01";"06/08/2026";"14:25:30"
"07/08/2026";"19:30:06";2026;2;"Eleição Ordinária";6259;"Eleições Gerais Estaduais 2026";"04/10/2026";"MT";"MT";"MATO GROSSO";110002539012;4;32;"Quotas ou quinhões de capital";"QUOTAS DE CAPITAL NA COOPERATIVA SICREDI";"6225,98";"06/08/2026";"14:25:30"
"07/08/2026";"19:30:06";2026;2;"Eleição Ordinária";6259;"Eleições Gerais Estaduais 2026";"04/10/2026";"MT";"MT";"MATO GROSSO";110002539012;8;13;"Terreno";"LOTE NO L2 - QUADRA 04 JUÍNA";"4163,84";"06/08/2026";"14:25:30"
"07/08/2026";"19:30:06";2026;2;"Eleição Ordinária";6259;"Eleições Gerais Estaduais 2026";"04/10/2026";"MT";"MT";"MATO GROSSO";110002539012;6;61;"Depósito bancário em conta corrente no País";"SALDO CONTA CORRENTE BANCO DO BRASIL";"1,00";"06/08/2026";"14:25:30"
"07/08/2026";"19:30:06";2026;2;"Eleição Ordinária";6259;"Eleições Gerais Estaduais 2026";"04/10/2026";"MT";"MT";"MATO GROSSO";110002539012;7;45;"Aplicação de renda fixa (CDB, RDB e outros)";"APLICAÇÃO EM RENDA FIXA NO BRADESCO";"30810,72";"06/08/2026";"14:25:30"
"07/08/2026";"19:30:06";2026;2;"Eleição Ordinária";6259;"Eleições Gerais Estaduais 2026";"04/10/2026";"MT";"MT";"MATO GROSSO";110002539012;9;13;"Terreno";"LOTE NR. 11 - QUADRA 137 SETOR H JUÍNA";"40000,00";"06/08/2026";"14:25:30"
"07/08/2026";"19:30:06";2026;2;"Eleição Ordinária";6259;"Eleições Gerais Estaduais 2026";"04/10/2026";"MT";"MT";"MATO GROSSO";110002539012;10;13;"Terreno";"LOTE NR 10 - QUADRA 137 SETOR H JUÍNA";"20000,00";"06/08/2026";"14:25:30"
"07/08/2026";"19:30:06";2026;2;"Eleição Ordinária";6259;"Eleições Gerais Estaduais 2026";"04/10/2026";"MT";"MT";"MATO GROSSO";110002539012;11;13;"Terreno";"UMA ÁREA DE TERRAS - PARQUE CEREJEIRAS JUÍNA";"40000,00";"06/08/2026";"14:25:30"
"07/08/2026";"19:30:06";2026;2;"Eleição Ordinária";6259;"Eleições Gerais Estaduais 2026";"04/10/2026";"MT";"MT";"MATO GROSSO";110002539012;14;39;"Outras participações societárias";"INFORMADO POR CNPJ 01.181.521/0001-55";"1241,72";"06/08/2026";"14:25:30"
"07/08/2026";"19:30:06";2026;2;"Eleição Ordinária";6259;"Eleições Gerais Estaduais 2026";"04/10/2026";"MT";"MT";"MATO GROSSO";110002539012;12;39;"Outras participações societárias";"PARTICIPAÇÃO SOCIETÁRIA EMPRESA GEREMIAS DA SILVA  LIMA ME";"10000,00";"06/08/2026";"14:25:30"
"07/08/2026";"19:30:06";2026;2;"Eleição Ordinária";6259;"Eleições Gerais Estaduais 2026";"04/10/2026";"MT";"MT";"MATO GROSSO";110002539012;13;32;"Quotas ou quinhões de capital";"QUOTAS DE CAPITAL DA CREDISIS JICRED";"14224,00";"06/08/2026";"14:25:30"
"07/08/2026";"19:30:06";2026;2;"Eleição Ordinária";6259;"Eleições Gerais Estaduais 2026";"04/10/2026";"MT";"MT";"MATO GROSSO";110002539012;17;13;"Terreno";"LOTE NR 12 - QUADRA 137 SETOR H JUÍNA";"4000,00";"06/08/2026";"14:25:30"
"07/08/2026";"19:30:06";2026;2;"Eleição Ordinária";6259;"Eleições Gerais Estaduais 2026";"04/10/2026";"MT";"MT";"MATO GROSSO";110002539012;15;61;"Depósito bancário em conta corrente no País";"SALDO CONTA CORRENTE BRADESCO";"1,00";"06/08/2026";"14:25:30"
"07/08/2026";"19:30:06";2026;2;"Eleição Ordinária";6259;"Eleições Gerais Estaduais 2026";"04/10/2026";"MT";"MT";"MATO GROSSO";110002539012;16;61;"Depósito bancário em conta corrente no País";"SALDO EM MOEDA CORRENTE NACIONAL";"150000,00";"06/08/2026";"14:25:30"
"07/08/2026";"19:30:06";2026;2;"Eleição Ordinária";6259;"Eleições Gerais Estaduais 2026";"04/10/2026";"MT";"MT";"MATO GROSSO";110002539012;19;21;"Veículo automotor terrestre: caminhão, automóvel, moto, etc.";"VEÍCULO FORD RANGER XLS 2021-2022";"229890,00";"06/08/2026";"14:25:30"
"07/08/2026";"19:30:06";2026;2;"Eleição Ordinária";6259;"Eleições Gerais Estaduais 2026";"04/10/2026";"MT";"MT";"MATO GROSSO";110002539012;18;21;"Veículo automotor terrestre: caminhão, automóvel, moto, etc.";"VEÍCULO CHEVROLET ONIX PLUS 1.0TAT LT1 2023-2023";"100000,00";"06/08/2026";"14:25:30"
"07/08/2026";"19:30:06";2026;2;"Eleição Ordinária";6259;"Eleições Gerais Estaduais 2026";"04/10/2026";"MT";"MT";"MATO GROSSO";110002539012;20;32;"Quotas ou quinhões de capital";"QUOTAS DO CAPITAL SOCIAL - EMPRESA REI DO PANO  RONDOPOLIS";"35000,00";"06/08/2026";"14:25:30"
"07/08/2026";"19:30:06";2026;2;"Eleição Ordinária";6259;"Eleições Gerais Estaduais 2026";"04/10/2026";"MT";"MT";"MATO GROSSO";110002539012;21;39;"Outras participações societárias";"INFORMADO POR CNPJ 01.181.521/0001-55";"357,65";"06/08/2026";"14:25:30"
"07/08/2026";"19:30:06";2026;2;"Eleição Ordinária";6259;"Eleições Gerais Estaduais 2026";"04/10/2026";"MT";"MT";"MATO GROSSO";110002539012;22;54;"Poupança para construção ou aquisição de bem imóvel";"POUPANÇA OURO BANCO DO BRASIL";"201,20";"06/08/2026";"14:25:30"
"07/08/2026";"19:30:06";2026;2;"Eleição Ordinária";6259;"Eleições Gerais Estaduais 2026";"04/10/2026";"MT";"MT";"MATO GROSSO";110002539012;23;61;"Depósito bancário em conta corrente no País";"SALDO CONTA CORRENTE SICREDI";"1102,74";"06/08/2026";"14:25:30"
"07/08/2026";"19:30:06";2026;2;"Eleição Ordinária";6259;"Eleições Gerais Estaduais 2026";"04/10/2026";"MT";"MT";"MATO GROSSO";110002539012;25;54;"Poupança para construção ou aquisição de bem imóvel";"SICREDI POUPANÇA INTEGRADA";"1599,37";"06/08/2026";"14:25:30"
"07/08/2026";"19:30:06";2026;2;"Eleição Ordinária";6259;"Eleições Gerais Estaduais 2026";"04/10/2026";"MT";"MT";"MATO GROSSO";110002539012;26;61;"Depósito bancário em conta corrente no País";"CONTA CORRENTE CREDISIS JICRED ¿ JI-PARANÁ-RO";"4154,73";"06/08/2026";"14:25:30"
"07/08/2026";"19:30:06";2026;2;"Eleição Ordinária";6259;"Eleições Gerais Estaduais 2026";"04/10/2026";"MT";"MT";"MATO GROSSO";110002539012;24;45;"Aplicação de renda fixa (CDB, RDB e outros)";"RF SIMPLES AGIL NO BB";"188020,98";"06/08/2026";"14:25:30"
"07/08/2026";"19:30:06";2026;2;"Eleição Ordinária";6259;"Eleições Gerais Estaduais 2026";"04/10/2026";"MT";"MT";"MATO GROSSO";110002539013;2;49;"Outras aplicações e Investimentos";"FUNDO DE INVESTIMENTO BRASI ENERGIA";"30000,00";"06/08/2026";"14:26:00"
"07/08/2026";"19:30:06";2026;2;"Eleição Ordinária";6259;"Eleições Gerais Estaduais 2026";"04/10/2026";"MT";"MT";"MATO GROSSO";110002539012;27;21;"Veículo automotor terrestre: caminhão, automóvel, moto, etc.";"VEÍCULO FORD KA SE PLUS HA 1.0 2020-2021";"47000,00";"06/08/2026";"14:25:30"
"07/08/2026";"19:30:06";2026;2;"Eleição Ordinária";6259;"Eleições Gerais Estaduais 2026";"04/10/2026";"MT";"MT";"MATO GROSSO";110002539013;1;21;"Veículo automotor terrestre: caminhão, automóvel, moto, etc.";"PEUGEOT 208 STYLE 0024/2024";"69000,00";"06/08/2026";"14:26:00"
"07/08/2026";"19:30:06";2026;2;"Eleição Ordinária";6259;"Eleições Gerais Estaduais 2026";"04/10/2026";"MT";"MT";"MATO GROSSO";110002539013;3;39;"Outras participações societárias";"50% COTAS TABERNA PORTUGUESA LTDA";"50000,00";"06/08/2026";"14:26:00"
"07/08/2026";"19:30:06";2026;2;"Eleição Ordinária";6259;"Eleições Gerais Estaduais 2026";"04/10/2026";"MT";"MT";"MATO GROSSO";110002539013;4;49;"Outras aplicações e Investimentos";"FUNDO AZ QUEST INFRA";"20000,00";"06/08/2026";"14:26:00"
"07/08/2026";"19:30:06";2026;2;"Eleição Ordinária";6259;"Eleições Gerais Estaduais 2026";"04/10/2026";"MT";"MT";"MATO GROSSO";110002539234;1;21;"Veículo automotor terrestre: caminhão, automóvel, moto, etc.";"VEÍCULO VIRTUS 2024/2025";"120243,21";"06/08/2026";"14:25:29"
"07/08/2026";"19:30:06";2026;2;"Eleição Ordinária";6259;"Eleições Gerais Estaduais 2026";"04/10/2026";"MT";"MT";"MATO GROSSO";110002539235;1;13;"Terreno";"TERRENO ¿ LOTEAMENTO PANATANAL ¿ JUÍNA/MT";"5106,69";"06/08/2026";"14:26:22"
"07/08/2026";"19:30:06";2026;2;"Eleição Ordinária";6259;"Eleições Gerais Estaduais 2026";"04/10/2026";"MT";"MT";"MATO GROSSO";110002539234;2;99;"OUTROS BENS E DIREITOS";"SÍTIO ¿ ZONA RURAL DE NOVA MUTUM";"900000,00";"06/08/2026";"14:25:29"
"07/08/2026";"19:30:06";2026;2;"Eleição Ordinária";6259;"Eleições Gerais Estaduais 2026";"04/10/2026";"MT";"MT";"MATO GROSSO";110002539236;1;21;"Veículo automotor terrestre: caminhão, automóvel, moto, etc.";"HONDA BIZ";"10000,00";"06/08/2026";"14:25:53"
"07/08/2026";"19:30:06";2026;2;"Eleição Ordinária";6259;"Eleições Gerais Estaduais 2026";"04/10/2026";"MT";"MT";"MATO GROSSO";110002539237;1;11;"Apartamento";"UM APARTAMENTO (FLAT) DE NO 910, ADQ. DOO CNPJ NO 46.662,068/0001-37, PELO VALOR DE R$-344.345.57, FINANCIADO PELO CNPJ NO 46.662.068/0001-37, CUJO SALDO DEVEDOR EM 31.12.2025, NO VALOR DE R$-297.124,";"4722107,00";"06/08/2026";"14:25:20"
"07/08/2026";"19:30:06";2026;2;"Eleição Ordinária";6259;"Eleições Gerais Estaduais 2026";"04/10/2026";"MT";"MT";"MATO GROSSO";110002539236;3;21;"Veículo automotor terrestre: caminhão, automóvel, moto, etc.";"TOYOTA COROLLA X611";"120000,00";"06/08/2026";"14:25:53"
"07/08/2026";"19:30:06";2026;2;"Eleição Ordinária";6259;"Eleições Gerais Estaduais 2026";"04/10/2026";"MT";"MT";"MATO GROSSO";110002539236;2;21;"Veículo automotor terrestre: caminhão, automóvel, moto, etc.";"HONDA C6 TITAN";"10000,00";"06/08/2026";"14:25:53"
"07/08/2026";"19:30:06";2026;2;"Eleição Ordinária";6259;"Eleições Gerais Estaduais 2026";"04/10/2026";"MT";"MT";"MATO GROSSO";110002539238;1;59;"Outros créditos e poupança vinculados";"SALDO EM CONTA CORRENTE";"65000,00";"06/08/2026";"14:25:38"
"07/08/2026";"19:30:06";2026;2;"Eleição Ordinária";6259;"Eleições Gerais Estaduais 2026";"04/10/2026";"MT";"MT";"MATO GROSSO";110002539238;2;21;"Veículo automotor terrestre: caminhão, automóvel, moto, etc.";"VEÍCULO AUTOMOTOR TERRESTRE: HILLUX SW4 2013";"100000,00";"06/08/2026";"14:25:38"
"07/08/2026";"19:30:06";2026;2;"Eleição Ordinária";6259;"Eleições Gerais Estaduais 2026";"04/10/2026";"MT";"MT";"MATO GROSSO";110002539238;3;21;"Veículo automotor terrestre: caminhão, automóvel, moto, etc.";"VEÍCULO AUTOMOTOR TERRESTRE: TOYOTA HILUX SW4 2021";"246000,00";"06/08/2026";"14:25:38"
"07/08/2026";"19:30:06";2026;2;"Eleição Ordinária";6259;"Eleições Gerais Estaduais 2026";"04/10/2026";"MT";"MT";"MATO GROSSO";110002539240;1;61;"Depósito bancário em conta corrente no País";"CONTA CORRENTE SICOOB";"40000,00";"06/08/2026";"14:26:16"
"07/08/2026";"19:30:06";2026;2;"Eleição Ordinária";6259;"Eleições Gerais Estaduais 2026";"04/10/2026";"MT";"MT";"MATO GROSSO";110002539239;1;21;"Veículo automotor terrestre: caminhão, automóvel, moto, etc.";"CARRO";"60000,00";"06/08/2026";"14:25:11"
"07/08/2026";"19:30:06";2026;2;"Eleição Ordinária";6259;"Eleições Gerais Estaduais 2026";"04/10/2026";"MT";"MT";"MATO GROSSO";110002539239;2;12;"Casa";"CASA";"95000,00";"06/08/2026";"14:25:11"
"07/08/2026";"19:30:06";2026;2;"Eleição Ordinária";6259;"Eleições Gerais Estaduais 2026";"04/10/2026";"MT";"MT";"MATO GROSSO";110002540124;2;79;"Outros fundos";"TESOURO DIRETO NA XP INVESTIMENTOS CCTVM S/A";"24980,53";"07/08/2026";"09:15:17"
"07/08/2026";"19:30:06";2026;2;"Eleição Ordinária";6259;"Eleições Gerais Estaduais 2026";"04/10/2026";"MT";"MT";"MATO GROSSO";110002539241;1;21;"Veículo automotor terrestre: caminhão, automóvel, moto, etc.";"FORD F 4.000 NA COR BRANCA";"30000,00";"06/08/2026";"15:07:33"
"07/08/2026";"19:30:06";2026;2;"Eleição Ordinária";6259;"Eleições Gerais Estaduais 2026";"04/10/2026";"MT";"MT";"MATO GROSSO";110002540124;1;21;"Veículo automotor terrestre: caminhão, automóvel, moto, etc.";"VEÍCULO TOYOTA HILUX SWSRXA4FD, BLINDADO, ANO 2018/2019, PLACA BSZ1B18";"265000,00";"07/08/2026";"09:15:17"
"07/08/2026";"19:30:06";2026;2;"Eleição Ordinária";6259;"Eleições Gerais Estaduais 2026";"04/10/2026";"MT";"MT";"MATO GROSSO";110002540124;3;61;"Depósito bancário em conta corrente no País";"SALDO EM CONTA CORRENTE NO C.C.P.I. OURO VERDE DO MATO GROSSO ¿ SICREDI";"2909,87";"07/08/2026";"09:15:17"
"07/08/2026";"19:30:06";2026;2;"Eleição Ordinária";6259;"Eleições Gerais Estaduais 2026";"04/10/2026";"MT";"MT";"MATO GROSSO";110002540124;4;12;"Casa";"CASA SITUADA NO LOTE 25, QDA. 07, DO CONDOMÍNIO FLORAIS ITÁLIA, LOCALIZADO NA CONTINUAÇÃO DA AVENIDA ESTRUTURAL, 86, PROJETADA, BAIRRO JARDIM ITÁLIA II, NA CIDADE DE CUIABÁ, MATO GROSSO";"2316932,74";"07/08/2026";"09:15:17"
"07/08/2026";"19:30:06";2026;2;"Eleição Ordinária";6259;"Eleições Gerais Estaduais 2026";"04/10/2026";"MT";"MT";"MATO GROSSO";110002540124;5;21;"Veículo automotor terrestre: caminhão, automóvel, moto, etc.";"VEÍCULO COROLLA CROSS XRE, 2021/2022, PLACA RAV7F77";"155690,00";"07/08/2026";"09:15:17"
"07/08/2026";"19:30:06";2026;2;"Eleição Ordinária";6259;"Eleições Gerais Estaduais 2026";"04/10/2026";"MT";"MT";"MATO GROSSO";110002540124;6;63;"Dinheiro em espécie - moeda nacional";"DINHEIRO EM ESPÉCIE EM POSSE";"42000,00";"07/08/2026";"09:15:17"
"07/08/2026";"19:30:06";2026;2;"Eleição Ordinária";6259;"Eleições Gerais Estaduais 2026";"04/10/2026";"MT";"MT";"MATO GROSSO";110002540124;7;61;"Depósito bancário em conta corrente no País";"SALDO EM CONTA NA XP INVESTIMENTOS CCTVM S/A";"1051,05";"07/08/2026";"09:15:17"
"07/08/2026";"19:30:06";2026;2;"Eleição Ordinária";6259;"Eleições Gerais Estaduais 2026";"04/10/2026";"MT";"MT";"MATO GROSSO";110002540124;8;45;"Aplicação de renda fixa (CDB, RDB e outros)";"CDB RENDE FÁCIL NO BANCO DO BRASIL S/A";"105215,81";"07/08/2026";"09:15:17"
"07/08/2026";"19:30:06";2026;2;"Eleição Ordinária";6259;"Eleições Gerais Estaduais 2026";"04/10/2026";"MT";"MT";"MATO GROSSO";110002540124;10;61;"Depósito bancário em conta corrente no País";"CONTA CAPITAL NO C.C.P.I OURO VERDE DO MATO GROSSO ¿ SICRED";"1192,68";"07/08/2026";"09:15:17"
"07/08/2026";"19:30:06";2026;2;"Eleição Ordinária";6259;"Eleições Gerais Estaduais 2026";"04/10/2026";"MT";"MT";"MATO GROSSO";110002540124;11;12;"Casa";"50% DA UNIDADE AUTÔNOMA 17, QDA. AA, LOCALIZADA NO CONDOMÍNIO PORTO DO MANSO VILA NÁUTICA, LAGO DO MANSO, CHAPADA DOS GUIMARÃES -";"17500,00";"07/08/2026";"09:15:17"
"07/08/2026";"19:30:06";2026;2;"Eleição Ordinária";6259;"Eleições Gerais Estaduais 2026";"04/10/2026";"MT";"MT";"MATO GROSSO";110002540124;9;45;"Aplicação de renda fixa (CDB, RDB e outros)";"APLICAÇÕES DE RENDA FIXA NA XP INVESTIMENTOS CCTVM S/A";"19867,62";"07/08/2026";"09:15:17"
"07/08/2026";"19:30:06";2026;2;"Eleição Ordinária";6259;"Eleições Gerais Estaduais 2026";"04/10/2026";"MT";"MT";"MATO GROSSO";110002540124;12;61;"Depósito bancário em conta corrente no País";"SALDO EM CONTA POUPANÇA NO BANCO COOPERATIVO SICREDI S/A";"216,98";"07/08/2026";"09:15:17"
"07/08/2026";"19:30:06";2026;2;"Eleição Ordinária";6259;"Eleições Gerais Estaduais 2026";"04/10/2026";"MT";"MT";"MATO GROSSO";110002540125;1;21;"Veículo automotor terrestre: caminhão, automóvel, moto, etc.";"VEICULO CHEVROLET S10 LT DIESEL ¿ ANO 2020 - 4X4 TRAÇADO";"135525,00";"07/08/2026";"09:15:15"
"07/08/2026";"19:30:06";2026;2;"Eleição Ordinária";6259;"Eleições Gerais Estaduais 2026";"04/10/2026";"MT";"MT";"MATO GROSSO";110002540126;1;12;"Casa";"RESIDÊNCIA EM QUERÊNCIA";"1500000,00";"07/08/2026";"09:15:14"
"07/08/2026";"19:30:06";2026;2;"Eleição Ordinária";6259;"Eleições Gerais Estaduais 2026";"04/10/2026";"MT";"MT";"MATO GROSSO";110002540126;4;29;"Outros bens móveis";"LAS VEGAS MOTEL LTDA CNPJ N. 41.228.331/0001-60 SOCIO 50%";"75000,00";"07/08/2026";"09:15:14"
"07/08/2026";"19:30:06";2026;2;"Eleição Ordinária";6259;"Eleições Gerais Estaduais 2026";"04/10/2026";"MT";"MT";"MATO GROSSO";110002540126;2;11;"Apartamento";"APARTANENTO EM CUIABA";"505073,45";"07/08/2026";"09:15:14"
"07/08/2026";"19:30:06";2026;2;"Eleição Ordinária";6259;"Eleições Gerais Estaduais 2026";"04/10/2026";"MT";"MT";"MATO GROSSO";110002540126;3;14;"Terra nua";"FAZENDA TERRA BOA LTDA";"16112000,00";"07/08/2026";"09:15:14"
"07/08/2026";"19:30:06";2026;2;"Eleição Ordinária";6259;"Eleições Gerais Estaduais 2026";"04/10/2026";"MT";"MT";"MATO GROSSO";110002540127;1;13;"Terreno";"2- ¼ DE UM TERRENO NO MUNICÍPIO DE POLONI EM SÃO PAULO, RECEBIDO DE HERANÇA DO ESPÓLIO DE NAIR ALONSO PREVIDENTE MATRICULA 30780, SITUADO NA RUA RUI BARBOSA, 243 CEP 15260-023, REGISTRADO NO TABELIONA";"17500,00";"07/08/2026";"09:15:15"
"07/08/2026";"19:30:06";2026;2;"Eleição Ordinária";6259;"Eleições Gerais Estaduais 2026";"04/10/2026";"MT";"MT";"MATO GROSSO";110002540127;2;21;"Veículo automotor terrestre: caminhão, automóvel, moto, etc.";"CARRO TOYOTA HILUX SW4, ANO 2011/2011 PLACA EUC8J, RENAVAM 00322894425";"110000,00";"07/08/2026";"09:15:15"
"07/08/2026";"19:30:06";2026;2;"Eleição Ordinária";6259;"Eleições Gerais Estaduais 2026";"04/10/2026";"MT";"MT";"MATO GROSSO";110002540127;3;21;"Veículo automotor terrestre: caminhão, automóvel, moto, etc.";"REBOQUE/CARRO ABT COR CINZA ANO 2015/2015 PLACA QBE-1303 RENAVAM 0104681731";"2500,00";"07/08/2026";"09:15:15"
"07/08/2026";"19:30:06";2026;2;"Eleição Ordinária";6259;"Eleições Gerais Estaduais 2026";"04/10/2026";"MT";"MT";"MATO GROSSO";110002540128;3;13;"Terreno";"AGIO TERRENO CONDOMINIO CIDADE JARDIM";"195852,54";"07/08/2026";"16:09:00"
"07/08/2026";"19:30:06";2026;2;"Eleição Ordinária";6259;"Eleições Gerais Estaduais 2026";"04/10/2026";"MT";"MT";"MATO GROSSO";110002540128;1;61;"Depósito bancário em conta corrente no País";"CAIXA ECONÔMICA FEDERAL";"1066,42";"07/08/2026";"16:09:00"
"07/08/2026";"19:30:06";2026;2;"Eleição Ordinária";6259;"Eleições Gerais Estaduais 2026";"04/10/2026";"MT";"MT";"MATO GROSSO";110002540128;2;12;"Casa";"CASA CONDOMINIO CARPE DIEM";"700000,00";"07/08/2026";"16:09:00"
"07/08/2026";"19:30:06";2026;2;"Eleição Ordinária";6259;"Eleições Gerais Estaduais 2026";"04/10/2026";"MT";"MT";"MATO GROSSO";110002540128;5;11;"Apartamento";"AGIO EDIFICIO BAALBECK EM CONSTRUÇÃO";"540000,00";"07/08/2026";"16:09:00"
"07/08/2026";"19:30:06";2026;2;"Eleição Ordinária";6259;"Eleições Gerais Estaduais 2026";"04/10/2026";"MT";"MT";"MATO GROSSO";110002540128;6;45;"Aplicação de renda fixa (CDB, RDB e outros)";"CDB BANCO DO BRASIL";"623693,26";"07/08/2026";"16:09:00"
"07/08/2026";"19:30:06";2026;2;"Eleição Ordinária";6259;"Eleições Gerais Estaduais 2026";"04/10/2026";"MT";"MT";"MATO GROSSO";110002540128;4;21;"Veículo automotor terrestre: caminhão, automóvel, moto, etc.";"AUDI A3 2015";"70000,00";"07/08/2026";"16:09:00"
"07/08/2026";"19:30:06";2026;2;"Eleição Ordinária";6259;"Eleições Gerais Estaduais 2026";"04/10/2026";"MT";"MT";"MATO GROSSO";110002540128;8;11;"Apartamento";"APARTAMENTO EDIFICIO SOFISTICATO";"1876301,43";"07/08/2026";"16:09:00"
"07/08/2026";"19:30:06";2026;2;"Eleição Ordinária";6259;"Eleições Gerais Estaduais 2026";"04/10/2026";"MT";"MT";"MATO GROSSO";110002540128;9;41;"Caderneta de poupança";"POUPANÇA POUPEX";"81623,64";"07/08/2026";"16:09:00"
"07/08/2026";"19:30:06";2026;2;"Eleição Ordinária";6259;"Eleições Gerais Estaduais 2026";"04/10/2026";"MT";"MT";"MATO GROSSO";110002540128;7;45;"Aplicação de renda fixa (CDB, RDB e outros)";"LCA BANCO DO BRASIL";"520000,00";"07/08/2026";"16:09:00"
"07/08/2026";"19:30:06";2026;2;"Eleição Ordinária";6259;"Eleições Gerais Estaduais 2026";"04/10/2026";"MT";"MT";"MATO GROSSO";110002540129;3;59;"Outros créditos e poupança vinculados";"POUPANÇA BB";"0,21";"07/08/2026";"09:15:16"
"07/08/2026";"19:30:06";2026;2;"Eleição Ordinária";6259;"Eleições Gerais Estaduais 2026";"04/10/2026";"MT";"MT";"MATO GROSSO";110002540129;2;13;"Terreno";"TERRENO RUA 16, ALPHAVILLE CUIABA 2 N.: COMP.: LOTE 04, QUADRA O BAIRRO: JARDIM ITALIA UF: MT MUNICÍPIO: CUIABA";"525000,00";"07/08/2026";"09:15:16"
"07/08/2026";"19:30:06";2026;2;"Eleição Ordinária";6259;"Eleições Gerais Estaduais 2026";"04/10/2026";"MT";"MT";"MATO GROSSO";110002540129;1;12;"Casa";"UMA CASA E TERRENO COM 150M2, SITUADA NA RUA GRAÚNAS 441, CÁCERES MT";"150000,00";"07/08/2026";"09:15:16"
"07/08/2026";"19:30:06";2026;2;"Eleição Ordinária";6259;"Eleições Gerais Estaduais 2026";"04/10/2026";"MT";"MT";"MATO GROSSO";110002540129;5;61;"Depósito bancário em conta corrente no País";"BANCO DO BRASIL C/C";"4310,76";"07/08/2026";"09:15:16"
"07/08/2026";"19:30:06";2026;2;"Eleição Ordinária";6259;"Eleições Gerais Estaduais 2026";"04/10/2026";"MT";"MT";"MATO GROSSO";110002540129;4;61;"Depósito bancário em conta corrente no País";"CONTA CORRENTE CAIXA";"3500,76";"07/08/2026";"09:15:16"
"07/08/2026";"19:30:06";2026;2;"Eleição Ordinária";6259;"Eleições Gerais Estaduais 2026";"04/10/2026";"MT";"MT";"MATO GROSSO";110002540129;6;12;"Casa";"CONSTRUCAO CASA, RUA 16, ALPHAVILLE CUIABA 2, LOTE 04, QUADRA O BAIRRO: JARDIM ITALIA UF: MT MUNICÍPIO: CUIABA, ÁREA TOTAL  375,6 M²";"300000,00";"07/08/2026";"09:15:16"
"07/08/2026";"19:30:06";2026;2;"Eleição Ordinária";6259;"Eleições Gerais Estaduais 2026";"04/10/2026";"MT";"MT";"MATO GROSSO";110002540129;7;61;"Depósito bancário em conta corrente no País";"CONTA CORRENTE SICREDI";"8368,62";"07/08/2026";"09:15:16"
"07/08/2026";"19:30:06";2026;2;"Eleição Ordinária";6259;"Eleições Gerais Estaduais 2026";"04/10/2026";"MT";"MT";"MATO GROSSO";110002540129;9;95;"Consórcio não contemplado";"CONSORCIO, CNPJ:  40.011.095/0001-63";"16191,71";"07/08/2026";"09:15:16"
"07/08/2026";"19:30:06";2026;2;"Eleição Ordinária";6259;"Eleições Gerais Estaduais 2026";"04/10/2026";"MT";"MT";"MATO GROSSO";110002540129;8;12;"Casa";"UMA CASA E RESPECTIVO TERRENO, LOCALIZADO NA RUA MAL. RONDON - PLANALTO IPIRANGA, VARZEA GRANDE--MT., COM UMA AREA CONSTRUIDA DE 100,00 M2";"120000,00";"07/08/2026";"09:15:16"
"07/08/2026";"19:30:06";2026;2;"Eleição Ordinária";6259;"Eleições Gerais Estaduais 2026";"04/10/2026";"MT";"MT";"MATO GROSSO";110002540129;12;12;"Casa";"IMÓVEL RUA EDGARD,  QUADRA I LOTE 04 BAIRRO: JARDIM CELESTE UF: MT MUNICÍPIO: CACERES CEP: 78200-000, VALOR";"64000,00";"07/08/2026";"09:15:16"
"07/08/2026";"19:30:06";2026;2;"Eleição Ordinária";6259;"Eleições Gerais Estaduais 2026";"04/10/2026";"MT";"MT";"MATO GROSSO";110002540129;11;45;"Aplicação de renda fixa (CDB, RDB e outros)";"RESERVAS E CREDITOS FINANCEIROS";"200000,00";"07/08/2026";"09:15:16"
"07/08/2026";"19:30:06";2026;2;"Eleição Ordinária";6259;"Eleições Gerais Estaduais 2026";"04/10/2026";"MT";"MT";"MATO GROSSO";110002540129;10;32;"Quotas ou quinhões de capital";"QUOTAS SICREDI";"878,44";"07/08/2026";"09:15:16"
"07/08/2026";"19:30:06";2026;2;"Eleição Ordinária";6259;"Eleições Gerais Estaduais 2026";"04/10/2026";"MT";"MT";"MATO GROSSO";110002540130;3;12;"Casa";"70% DE IMÓVEL RESIDENCIAL SITUADO NA AVENIDA A, S/N, N. Q21C27, CONDOMÍNIO RESIDENCIAL SAN MARINO, BAIRRO PARQUE DAS NAÇÕES INDÍGENAS, CUIABÁ/MT, ÁREA TOTAL 154,0 M², MATRÍCULA 90.236 DO 2. SERVIÇO N";"15962,61";"07/08/2026";"09:15:10"
"07/08/2026";"19:30:06";2026;2;"Eleição Ordinária";6259;"Eleições Gerais Estaduais 2026";"04/10/2026";"MT";"MT";"MATO GROSSO";110002540130;1;32;"Quotas ou quinhões de capital";"COTAS DE CAPITAL ¿ COOPERATIVA DE CRÉDITO, POUPANÇA E INVESTIMENTO OURO VERDE (CNPJ 26.529.420/0001-53)";"2915,40";"07/08/2026";"09:15:10"
"07/08/2026";"19:30:06";2026;2;"Eleição Ordinária";6259;"Eleições Gerais Estaduais 2026";"04/10/2026";"MT";"MT";"MATO GROSSO";110002540130;2;32;"Quotas ou quinhões de capital";"COTAS DE CAPITAL ¿ SICOOB INTEGRAÇÃO (CNPJ 08.742.188/0001-55)";"18526,01";"07/08/2026";"09:15:10"
"07/08/2026";"19:30:06";2026;2;"Eleição Ordinária";6259;"Eleições Gerais Estaduais 2026";"04/10/2026";"MT";"MT";"MATO GROSSO";110002540130;4;61;"Depósito bancário em conta corrente no País";"SALDO EM CONTA CORRENTE ¿ BANCO MERCADO PAGO (CNPJ 10.573.521/0001-91), BANCO 323, AGÊNCIA 0001, CONTA 8980658964-9";"285,05";"07/08/2026";"09:15:10"
"07/08/2026";"19:30:06";2026;2;"Eleição Ordinária";6259;"Eleições Gerais Estaduais 2026";"04/10/2026";"MT";"MT";"MATO GROSSO";110002540130;6;95;"Consórcio não contemplado";"50% DE COTA DE CONSÓRCIO DE VEÍCULO RENAULT KWID ZEN 1.0 FLEX 12V, ADMINISTRADO POR CNPJ 16.551.061/0001-87, CONTRATO N. 66137527, GRUPO/COTA 001591/046900, ADESÃO EM 24/10/2025, CARTA DE CRÉDITO NO V";"1052,71";"07/08/2026";"09:15:10"
"07/08/2026";"19:30:06";2026;2;"Eleição Ordinária";6259;"Eleições Gerais Estaduais 2026";"04/10/2026";"MT";"MT";"MATO GROSSO";110002540130;5;41;"Caderneta de poupança";"DEPÓSITO EM CONTA POUPANÇA TRADICIONAL ¿ BANCO COOPERATIVO SICREDI S.A. (CNPJ 01.181.521/0001-55), BANCO 748, AGÊNCIA 0810, CONTA 17927-5";"79,47";"07/08/2026";"09:15:10"
"07/08/2026";"19:30:06";2026;2;"Eleição Ordinária";6259;"Eleições Gerais Estaduais 2026";"04/10/2026";"MT";"MT";"MATO GROSSO";110002540131;1;13;"Terreno";"LOTE DE TERRAS RURAIS COM 226,00 HA, SITUADO EM DIAMANTINO/MT";"15564,58";"07/08/2026";"09:15:10"
"07/08/2026";"19:30:06";2026;2;"Eleição Ordinária";6259;"Eleições Gerais Estaduais 2026";"04/10/2026";"MT";"MT";"MATO GROSSO";110002540130;7;61;"Depósito bancário em conta corrente no País";"DEPÓSITO EM CONTA POUPANÇA OURO ¿ BANCO DO BRASIL S.A. (CNPJ 00.000.000/0001-91), BANCO 001, AGÊNCIA 2128, CONTA 25592-0";"19,86";"07/08/2026";"09:15:10"
"07/08/2026";"19:30:06";2026;2;"Eleição Ordinária";6259;"Eleições Gerais Estaduais 2026";"04/10/2026";"MT";"MT";"MATO GROSSO";110002540130;8;61;"Depósito bancário em conta corrente no País";"SALDO EM CONTA CORRENTE ¿ NUBANK (CNPJ 30.680.829/0001-43), BANCO 260, AGÊNCIA 0001, CONTA 223521786-3";"713,62";"07/08/2026";"09:15:10"
"07/08/2026";"19:30:06";2026;2;"Eleição Ordinária";6259;"Eleições Gerais Estaduais 2026";"04/10/2026";"MT";"MT";"MATO GROSSO";110002540131;2;99;"OUTROS BENS E DIREITOS";"ÁREA RURAL DE 145,20 HA, DESMEMBRADA DA FAZENDA JARARACA, NOVA MUTUM/MT, MATRÍCULA 4.474";"420000,00";"07/08/2026";"09:15:10"
"07/08/2026";"19:30:06";2026;2;"Eleição Ordinária";6259;"Eleições Gerais Estaduais 2026";"04/10/2026";"MT";"MT";"MATO GROSSO";110002540131;3;99;"OUTROS BENS E DIREITOS";"CRÉDITO A RECEBER DE MARCELO PICCINI GELLER";"2292659,56";"07/08/2026";"09:15:10"
"07/08/2026";"19:30:06";2026;2;"Eleição Ordinária";6259;"Eleições Gerais Estaduais 2026";"04/10/2026";"MT";"MT";"MATO GROSSO";110002540131;4;99;"OUTROS BENS E DIREITOS";"EMPRÉSTIMO CONCEDIDO A ALINY ALVES ALEXANDRE SENA";"20000,00";"07/08/2026";"09:15:10"
"07/08/2026";"19:30:06";2026;2;"Eleição Ordinária";6259;"Eleições Gerais Estaduais 2026";"04/10/2026";"MT";"MT";"MATO GROSSO";110002540131;7;13;"Terreno";"TERRENO RESIDENCIAL NO EMPREENDIMENTO RESERVA DA MATA, QUADRA 1, LOTE 11-A, LUCAS DO RIO VERDE/MT";"2701000,00";"07/08/2026";"09:15:10"
"07/08/2026";"19:30:06";2026;2;"Eleição Ordinária";6259;"Eleições Gerais Estaduais 2026";"04/10/2026";"MT";"MT";"MATO GROSSO";110002540131;6;11;"Apartamento";"APARTAMENTO RESIDENCIAL N. 1301, EDIFÍCIO CASABLANCA, RUA ESTEVÃO DE MENDONÇA, BAIRRO GOIABEIRA, CUIABÁ/MT, MATRÍCULA 8.481";"780000,00";"07/08/2026";"09:15:10"
"07/08/2026";"19:30:06";2026;2;"Eleição Ordinária";6259;"Eleições Gerais Estaduais 2026";"04/10/2026";"MT";"MT";"MATO GROSSO";110002540131;5;61;"Depósito bancário em conta corrente no País";"SALDO EM CONTA-CORRENTE NA CAIXA ECONÔMICA FEDERAL";"70,46";"07/08/2026";"09:15:10"
"07/08/2026";"19:30:06";2026;2;"Eleição Ordinária";6259;"Eleições Gerais Estaduais 2026";"04/10/2026";"MT";"MT";"MATO GROSSO";110002540131;8;13;"Terreno";"TERRENO URBANO N. 11 DA QUADRA 29, RUA CONSTANTINA, BAIRRO CIDADE NOVA, LUCAS DO RIO VERDE/MT, MATRÍCULA 17.259";"140000,00";"07/08/2026";"09:15:10"
"07/08/2026";"19:30:06";2026;2;"Eleição Ordinária";6259;"Eleições Gerais Estaduais 2026";"04/10/2026";"MT";"MT";"MATO GROSSO";110002540131;9;99;"OUTROS BENS E DIREITOS";"60,50 HA DA FAZENDA GELLER, LOCALIZADA EM NOVA MUTUM/MT";"595,58";"07/08/2026";"09:15:10"
"07/08/2026";"19:30:06";2026;2;"Eleição Ordinária";6259;"Eleições Gerais Estaduais 2026";"04/10/2026";"MT";"MT";"MATO GROSSO";110002540131;10;45;"Aplicação de renda fixa (CDB, RDB e outros)";"APLICAÇÃO BB CDB";"12,73";"07/08/2026";"09:15:10"
"07/08/2026";"19:30:06";2026;2;"Eleição Ordinária";6259;"Eleições Gerais Estaduais 2026";"04/10/2026";"MT";"MT";"MATO GROSSO";110002540131;11;19;"Outros bens imóveis";"50% DE IMÓVEL RURAL COM 121,0847 HA, LOTE SÃO DOMINGOS III, LUGAR JARARACA, NOVA MUTUM/MT, MATRÍCULA 19.532";"213000,00";"07/08/2026";"09:15:10"
"07/08/2026";"19:30:06";2026;2;"Eleição Ordinária";6259;"Eleições Gerais Estaduais 2026";"04/10/2026";"MT";"MT";"MATO GROSSO";110002540131;12;11;"Apartamento";"APARTAMENTO N. 1001, CONDOMÍNIO IRACEMA, RUA PASSO FUNDO N. 129-E, BAIRRO PIONEIRO, LUCAS DO RIO VERDE/MT, MATRÍCULA 31.719";"715000,00";"07/08/2026";"09:15:10"
"07/08/2026";"19:30:06";2026;2;"Eleição Ordinária";6259;"Eleições Gerais Estaduais 2026";"04/10/2026";"MT";"MT";"MATO GROSSO";110002540131;13;41;"Caderneta de poupança";"SALDO EM CONTA/POUPANÇA NO SICREDI";"19,96";"07/08/2026";"09:15:10"
"07/08/2026";"19:30:06";2026;2;"Eleição Ordinária";6259;"Eleições Gerais Estaduais 2026";"04/10/2026";"MT";"MT";"MATO GROSSO";110002540131;15;49;"Outras aplicações e Investimentos";"APLICAÇÃO FINANCEIRA NA CAIXA ECONÔMICA FEDERAL";"0,01";"07/08/2026";"09:15:10"
"07/08/2026";"19:30:06";2026;2;"Eleição Ordinária";6259;"Eleições Gerais Estaduais 2026";"04/10/2026";"MT";"MT";"MATO GROSSO";110002540131;14;49;"Outras aplicações e Investimentos";"FUNDO DE INVESTIMENTO NA CAIXA ECONÔMICA FEDERAL";"94,75";"07/08/2026";"09:15:10"
"07/08/2026";"19:30:06";2026;2;"Eleição Ordinária";6259;"Eleições Gerais Estaduais 2026";"04/10/2026";"MT";"MT";"MATO GROSSO";110002540131;16;45;"Aplicação de renda fixa (CDB, RDB e outros)";"APLICAÇÃO SICREDINVEST";"233,00";"07/08/2026";"09:15:10"
"07/08/2026";"19:30:06";2026;2;"Eleição Ordinária";6259;"Eleições Gerais Estaduais 2026";"04/10/2026";"MT";"MT";"MATO GROSSO";110002540131;19;21;"Veículo automotor terrestre: caminhão, automóvel, moto, etc.";"TOYOTA HILUX CFGRSA4ND, ANO 2023/MODELO 2024, COR CINZA, RENAVAM 01365105455";"360000,00";"07/08/2026";"09:15:10"
"07/08/2026";"19:30:06";2026;2;"Eleição Ordinária";6259;"Eleições Gerais Estaduais 2026";"04/10/2026";"MT";"MT";"MATO GROSSO";110002540131;17;21;"Veículo automotor terrestre: caminhão, automóvel, moto, etc.";"MOTOCICLETA HONDA NXR 160 BROS ESDD, PLACA RRQ-8E64, RENAVAM 01337411121";"22900,00";"07/08/2026";"09:15:10"
"07/08/2026";"19:30:06";2026;2;"Eleição Ordinária";6259;"Eleições Gerais Estaduais 2026";"04/10/2026";"MT";"MT";"MATO GROSSO";110002540131;18;45;"Aplicação de renda fixa (CDB, RDB e outros)";"APLICAÇÃO BB DI PLUS";"474,44";"07/08/2026";"09:15:10"
"07/08/2026";"19:30:06";2026;2;"Eleição Ordinária";6259;"Eleições Gerais Estaduais 2026";"04/10/2026";"MT";"MT";"MATO GROSSO";110002540131;21;97;"VGBL - Vida Gerador de Benefício Livre";"PLANO BRASILPREV VGBL";"4183,21";"07/08/2026";"09:15:10"
"07/08/2026";"19:30:06";2026;2;"Eleição Ordinária";6259;"Eleições Gerais Estaduais 2026";"04/10/2026";"MT";"MT";"MATO GROSSO";110002540131;20;61;"Depósito bancário em conta corrente no País";"SALDO EM CONTA-CORRENTE NO BANCO BRADESCO S.A.";"9,12";"07/08/2026";"09:15:10"
"07/08/2026";"19:30:06";2026;2;"Eleição Ordinária";6259;"Eleições Gerais Estaduais 2026";"04/10/2026";"MT";"MT";"MATO GROSSO";110002540131;22;41;"Caderneta de poupança";"POUPANÇA NO BANCO BRADESCO S.A.";"25,10";"07/08/2026";"09:15:10"
"07/08/2026";"19:30:06";2026;2;"Eleição Ordinária";6259;"Eleições Gerais Estaduais 2026";"04/10/2026";"MT";"MT";"MATO GROSSO";110002540131;23;99;"OUTROS BENS E DIREITOS";"IMÓVEL RURAL - LOTE 65-A, SETOR 01, COM 100 HA, LUCAS DO RIO VERDE/MT, MATRÍCULA 25.990";"1187500,00";"07/08/2026";"09:15:10"
"07/08/2026";"19:30:06";2026;2;"Eleição Ordinária";6259;"Eleições Gerais Estaduais 2026";"04/10/2026";"MT";"MT";"MATO GROSSO";110002540131;25;21;"Veículo automotor terrestre: caminhão, automóvel, moto, etc.";"CARRO/CAMIONETE/CARROCERIA ABERTA, ANO 1991, PLACA IFU-1259";"23505,00";"07/08/2026";"09:15:10"
"07/08/2026";"19:30:06";2026;2;"Eleição Ordinária";6259;"Eleições Gerais Estaduais 2026";"04/10/2026";"MT";"MT";"MATO GROSSO";110002540131;24;32;"Quotas ou quinhões de capital";"QUOTA DE CAPITAL NA COOPERATIVA SICREDI OURO VERDE/MT";"174487,36";"07/08/2026";"09:15:10"
"07/08/2026";"19:30:06";2026;2;"Eleição Ordinária";6259;"Eleições Gerais Estaduais 2026";"04/10/2026";"MT";"MT";"MATO GROSSO";110002540131;27;49;"Outras aplicações e Investimentos";"APLICAÇÃO SICREDINVEST AUTOMÁTICO";"0,04";"07/08/2026";"09:15:10"
"07/08/2026";"19:30:06";2026;2;"Eleição Ordinária";6259;"Eleições Gerais Estaduais 2026";"04/10/2026";"MT";"MT";"MATO GROSSO";110002540131;26;99;"OUTROS BENS E DIREITOS";"EMPRÉSTIMO CONCEDIDO À HOSPEMED SERVIÇOS MÉDICOS";"103000,00";"07/08/2026";"09:15:10"
"07/08/2026";"19:30:06";2026;2;"Eleição Ordinária";6259;"Eleições Gerais Estaduais 2026";"04/10/2026";"MT";"MT";"MATO GROSSO";110002540132;1;32;"Quotas ou quinhões de capital";"COTAS DE CAPITAL EMPRESA KALYNKA BARBARA MEIRELLES DE ALMEIDA LISSONI NANI EIRELI";"298000,00";"07/08/2026";"09:15:13"
"07/08/2026";"19:30:06";2026;2;"Eleição Ordinária";6259;"Eleições Gerais Estaduais 2026";"04/10/2026";"MT";"MT";"MATO GROSSO";110002540132;2;63;"Dinheiro em espécie - moeda nacional";"VALOR EM ESPÉCIE";"80000,00";"07/08/2026";"09:15:13"
"07/08/2026";"19:30:06";2026;2;"Eleição Ordinária";6259;"Eleições Gerais Estaduais 2026";"04/10/2026";"MT";"MT";"MATO GROSSO";110002540132;3;12;"Casa";"CASA RESIDENCIAL ¿ CONDOMÍNIO ECOVILLE";"550000,00";"07/08/2026";"09:15:13"
"07/08/2026";"19:30:06";2026;2;"Eleição Ordinária";6259;"Eleições Gerais Estaduais 2026";"04/10/2026";"MT";"MT";"MATO GROSSO";110002540132;4;21;"Veículo automotor terrestre: caminhão, automóvel, moto, etc.";"VEÍCULO FIET STRADA ANO 2015/2015";"20800,00";"07/08/2026";"09:15:13"
"07/08/2026";"19:30:06";2026;2;"Eleição Ordinária";6259;"Eleições Gerais Estaduais 2026";"04/10/2026";"MT";"MT";"MATO GROSSO";110002540403;1;99;"OUTROS BENS E DIREITOS";"SISTEMA FOTOVOLTAICO DE 200 KWP.";"130500,00";"07/08/2026";"09:09:01"
"07/08/2026";"19:30:06";2026;2;"Eleição Ordinária";6259;"Eleições Gerais Estaduais 2026";"04/10/2026";"MT";"MT";"MATO GROSSO";110002540132;5;21;"Veículo automotor terrestre: caminhão, automóvel, moto, etc.";"VEÍCULO BYD KING GL 2024/2024";"136910,00";"07/08/2026";"09:15:13"
"07/08/2026";"19:30:06";2026;2;"Eleição Ordinária";6259;"Eleições Gerais Estaduais 2026";"04/10/2026";"MT";"MT";"MATO GROSSO";110002540403;2;21;"Veículo automotor terrestre: caminhão, automóvel, moto, etc.";"REBOQUE ESPECIAL R/ALFASTEEL REBASDY 2E";"106666,66";"07/08/2026";"09:09:01"
"07/08/2026";"19:30:06";2026;2;"Eleição Ordinária";6259;"Eleições Gerais Estaduais 2026";"04/10/2026";"MT";"MT";"MATO GROSSO";110002540403;3;39;"Outras participações societárias";"PARTICIPAÇÃO SOCIETÁRIA NA GALVAN AGROPECUÁRIA S.A";"580000,00";"07/08/2026";"09:09:01"
"07/08/2026";"19:30:06";2026;2;"Eleição Ordinária";6259;"Eleições Gerais Estaduais 2026";"04/10/2026";"MT";"MT";"MATO GROSSO";110002540403;5;12;"Casa";"CASA RESIDENCIAL, LOCALIZADA EM CHAPADA DOS GUIMARÃES/MT.";"540000,00";"07/08/2026";"09:09:01"
"07/08/2026";"19:30:06";2026;2;"Eleição Ordinária";6259;"Eleições Gerais Estaduais 2026";"04/10/2026";"MT";"MT";"MATO GROSSO";110002540403;4;12;"Casa";"LOTE URBANO COM BENFEITORIAS, LOCALIZADO EM SINOP/MT.";"10000,00";"07/08/2026";"09:09:01"
"07/08/2026";"19:30:06";2026;2;"Eleição Ordinária";6259;"Eleições Gerais Estaduais 2026";"04/10/2026";"MT";"MT";"MATO GROSSO";110002540403;7;99;"OUTROS BENS E DIREITOS";"CABO PÊNDULO PARA SISTEMA DE TERMOMETRIA";"100000,00";"07/08/2026";"09:09:01"
"07/08/2026";"19:30:06";2026;2;"Eleição Ordinária";6259;"Eleições Gerais Estaduais 2026";"04/10/2026";"MT";"MT";"MATO GROSSO";110002540403;8;21;"Veículo automotor terrestre: caminhão, automóvel, moto, etc.";"PLANTADEIRA CASE FAST RISER 6100, 55 LINHAS, ANO 2021";"1717650,00";"07/08/2026";"09:09:01"
"07/08/2026";"19:30:06";2026;2;"Eleição Ordinária";6259;"Eleições Gerais Estaduais 2026";"04/10/2026";"MT";"MT";"MATO GROSSO";110002540403;6;21;"Veículo automotor terrestre: caminhão, automóvel, moto, etc.";"SEMI-REBOQUE ESPECIAL SR/ALFASTEEL SRASBS 2E - UNIDADE 1";"106666,67";"07/08/2026";"09:09:01"
"07/08/2026";"19:30:06";2026;2;"Eleição Ordinária";6259;"Eleições Gerais Estaduais 2026";"04/10/2026";"MT";"MT";"MATO GROSSO";110002540403;11;13;"Terreno";"TERRENO URBANO, LOCALIZADO EM CHAPADA DOS GUIMARÃES/MT.";"500000,00";"07/08/2026";"09:09:01"
"07/08/2026";"19:30:06";2026;2;"Eleição Ordinária";6259;"Eleições Gerais Estaduais 2026";"04/10/2026";"MT";"MT";"MATO GROSSO";110002540403;10;99;"OUTROS BENS E DIREITOS";"AUTOTRANSFORMADOR TRIFÁSICO DE 90 KVA";"7265,00";"07/08/2026";"09:09:01"
"07/08/2026";"19:30:06";2026;2;"Eleição Ordinária";6259;"Eleições Gerais Estaduais 2026";"04/10/2026";"MT";"MT";"MATO GROSSO";110002540403;9;21;"Veículo automotor terrestre: caminhão, automóvel, moto, etc.";"CARRETA GRANELEIRA STARA REBOKE NINJA 33000, ANO 2021.";"225000,00";"07/08/2026";"09:09:01"
"07/08/2026";"19:30:06";2026;2;"Eleição Ordinária";6259;"Eleições Gerais Estaduais 2026";"04/10/2026";"MT";"MT";"MATO GROSSO";110002540403;13;61;"Depósito bancário em conta corrente no País";"SALDO EM CONTA CORRENTE NO BANCO SANTANDER (BRASIL) S.A.";"1043,50";"07/08/2026";"09:09:01"
"07/08/2026";"19:30:06";2026;2;"Eleição Ordinária";6259;"Eleições Gerais Estaduais 2026";"04/10/2026";"MT";"MT";"MATO GROSSO";110002540403;12;99;"OUTROS BENS E DIREITOS";"SISTEMA DE PESAGEM ELETRÔNICO CR108 CPA";"45000,00";"07/08/2026";"09:09:01"
"07/08/2026";"19:30:06";2026;2;"Eleição Ordinária";6259;"Eleições Gerais Estaduais 2026";"04/10/2026";"MT";"MT";"MATO GROSSO";110002540403;14;21;"Veículo automotor terrestre: caminhão, automóvel, moto, etc.";"REBOQUE ESPECIAL R/ALFASTEEL REBASDY 2E - UNIDADE 1.";"106666,67";"07/08/2026";"09:09:01"
"07/08/2026";"19:30:06";2026;2;"Eleição Ordinária";6259;"Eleições Gerais Estaduais 2026";"04/10/2026";"MT";"MT";"MATO GROSSO";110002540403;17;49;"Outras aplicações e Investimentos";"APLICAÇÃO SANTANDER INVESTIMENTO EM INFRAESTRUTURA CDI 3 RF CRÉDITO PRIVADO.";"823767,78";"07/08/2026";"09:09:01"
"07/08/2026";"19:30:06";2026;2;"Eleição Ordinária";6259;"Eleições Gerais Estaduais 2026";"04/10/2026";"MT";"MT";"MATO GROSSO";110002540403;16;99;"OUTROS BENS E DIREITOS";"MEDIDOR DE UMIDADE G2000 IP COM IMPRESSORA EMBUTIDA";"28830,00";"07/08/2026";"09:09:01"
"07/08/2026";"19:30:06";2026;2;"Eleição Ordinária";6259;"Eleições Gerais Estaduais 2026";"04/10/2026";"MT";"MT";"MATO GROSSO";110002540403;15;99;"OUTROS BENS E DIREITOS";"GERADOR A DIESEL SILENT TOYAMA, 60 KVA, TRIFÁSICO";"43674,03";"07/08/2026";"09:09:01"
"07/08/2026";"19:30:06";2026;2;"Eleição Ordinária";6259;"Eleições Gerais Estaduais 2026";"04/10/2026";"MT";"MT";"MATO GROSSO";110002540403;20;39;"Outras participações societárias";"AÇÕES DA EVERMAT S.A. - ETANOL VERDE DO MATO GROSSO";"29240990,29";"07/08/2026";"09:09:01"
"07/08/2026";"19:30:06";2026;2;"Eleição Ordinária";6259;"Eleições Gerais Estaduais 2026";"04/10/2026";"MT";"MT";"MATO GROSSO";110002540403;19;13;"Terreno";"DOIS LOTES URBANOS, LOCALIZADOS EM SANTA CARMEM/MT.";"380000,00";"07/08/2026";"09:09:01"
"07/08/2026";"19:30:06";2026;2;"Eleição Ordinária";6259;"Eleições Gerais Estaduais 2026";"04/10/2026";"MT";"MT";"MATO GROSSO";110002540403;18;21;"Veículo automotor terrestre: caminhão, automóvel, moto, etc.";"SEMI-REBOQUE DE CARGA SR/ALFASTEEL SRASBS 2E - UNIDADE 1.";"106666,66";"07/08/2026";"09:09:01"
"07/08/2026";"19:30:06";2026;2;"Eleição Ordinária";6259;"Eleições Gerais Estaduais 2026";"04/10/2026";"MT";"MT";"MATO GROSSO";110002540403;21;49;"Outras aplicações e Investimentos";"APLICAÇÃO FINANCEIRA NO BANCO SANTANDER (BRASIL) S.A.";"1149374,31";"07/08/2026";"09:09:01"
"07/08/2026";"19:30:06";2026;2;"Eleição Ordinária";6259;"Eleições Gerais Estaduais 2026";"04/10/2026";"MT";"MT";"MATO GROSSO";110002540403;22;63;"Dinheiro em espécie - moeda nacional";"DISPONIBILIDADE FINANCEIRA EM ESPÉCIE E OUTROS RECURSOS DISPONÍVEIS.";"46101,50";"07/08/2026";"09:09:01"
"07/08/2026";"19:30:06";2026;2;"Eleição Ordinária";6259;"Eleições Gerais Estaduais 2026";"04/10/2026";"MT";"MT";"MATO GROSSO";110002540403;23;99;"OUTROS BENS E DIREITOS";"CRÉDITO A RECEBER DE PESSOA FÍSICA.";"250000,00";"07/08/2026";"09:09:01"
"07/08/2026";"19:30:06";2026;2;"Eleição Ordinária";6259;"Eleições Gerais Estaduais 2026";"04/10/2026";"MT";"MT";"MATO GROSSO";110002540403;25;49;"Outras aplicações e Investimentos";"PLANO OU ATIVO MANTIDO JUNTO À ZURICH SANTANDER BRASIL SEGUROS E PREVIDÊNCIA S.A.";"5345,50";"07/08/2026";"09:09:01"
"07/08/2026";"19:30:06";2026;2;"Eleição Ordinária";6259;"Eleições Gerais Estaduais 2026";"04/10/2026";"MT";"MT";"MATO GROSSO";110002540403;24;99;"OUTROS BENS E DIREITOS";"ADIANTAMENTO PARA AQUISIÇÃO DE MÁQUINA AGRÍCOLA.";"1000000,00";"07/08/2026";"09:09:01"
"07/08/2026";"19:30:06";2026;2;"Eleição Ordinária";6259;"Eleições Gerais Estaduais 2026";"04/10/2026";"MT";"MT";"MATO GROSSO";110002540403;26;99;"OUTROS BENS E DIREITOS";"SISTEMA DE TERMOMETRIA SMART AIR";"157700,01";"07/08/2026";"09:09:01"
"07/08/2026";"19:30:06";2026;2;"Eleição Ordinária";6259;"Eleições Gerais Estaduais 2026";"04/10/2026";"MT";"MT";"MATO GROSSO";110002540403;27;39;"Outras participações societárias";"QUOTAS DE CAPITAL DA COOPERATIVA AGROINDUSTRIAL DO NORTE DE MATO GROSSO - COANORTE.";"1248424,00";"07/08/2026";"09:09:01"
"07/08/2026";"19:30:06";2026;2;"Eleição Ordinária";6259;"Eleições Gerais Estaduais 2026";"04/10/2026";"MT";"MT";"MATO GROSSO";110002540403;29;99;"OUTROS BENS E DIREITOS";"GERADOR FOTOVOLTAICO DE 48,60 KWP";"125500,00";"07/08/2026";"09:09:01"
"07/08/2026";"19:30:06";2026;2;"Eleição Ordinária";6259;"Eleições Gerais Estaduais 2026";"04/10/2026";"MT";"MT";"MATO GROSSO";110002540403;28;21;"Veículo automotor terrestre: caminhão, automóvel, moto, etc.";"PLATAFORMA DE MILHO GTS, MODELO AFX, 20 LINHAS, ANO 2021.";"250000,00";"07/08/2026";"09:09:01"
"07/08/2026";"19:30:06";2026;2;"Eleição Ordinária";6259;"Eleições Gerais Estaduais 2026";"04/10/2026";"MT";"MT";"MATO GROSSO";110002540403;31;13;"Terreno";"FRAÇÃO DE TERRENO EM CONDOMÍNIO, LOCALIZADA EM CHAPADA DOS GUIMARÃES/MT";"170000,00";"07/08/2026";"09:09:01"
"07/08/2026";"19:30:06";2026;2;"Eleição Ordinária";6259;"Eleições Gerais Estaduais 2026";"04/10/2026";"MT";"MT";"MATO GROSSO";110002540403;32;22;"Aeronave";"AERONAVE EMBRAER, MODELO EMB-202A, ANO DE FABRICAÇÃO 2013";"0,01";"07/08/2026";"09:09:01"
"07/08/2026";"19:30:06";2026;2;"Eleição Ordinária";6259;"Eleições Gerais Estaduais 2026";"04/10/2026";"MT";"MT";"MATO GROSSO";110002540403;30;12;"Casa";"CASA RESIDENCIAL COM TERRENO, LOCALIZADA EM SINOP/MT.";"695000,00";"07/08/2026";"09:09:01"
"07/08/2026";"19:30:06";2026;2;"Eleição Ordinária";6259;"Eleições Gerais Estaduais 2026";"04/10/2026";"MT";"MT";"MATO GROSSO";110002540403;33;99;"OUTROS BENS E DIREITOS";"COMPUTADOR, MONITOR E PERIFÉRICOS";"2690,96";"07/08/2026";"09:09:01"
"07/08/2026";"19:30:06";2026;2;"Eleição Ordinária";6259;"Eleições Gerais Estaduais 2026";"04/10/2026";"MT";"MT";"MATO GROSSO";110002540403;34;99;"OUTROS BENS E DIREITOS";"CONJUNTO SECADOR";"35000,00";"07/08/2026";"09:09:01"
"07/08/2026";"19:30:06";2026;2;"Eleição Ordinária";6259;"Eleições Gerais Estaduais 2026";"04/10/2026";"MT";"MT";"MATO GROSSO";110002540403;35;21;"Veículo automotor terrestre: caminhão, automóvel, moto, etc.";"SEMI-REBOQUE DE CARGA SR/ALFASTEEL SRASBS 2E";"106666,67";"07/08/2026";"09:09:01"
"07/08/2026";"19:30:06";2026;2;"Eleição Ordinária";6259;"Eleições Gerais Estaduais 2026";"04/10/2026";"MT";"MT";"MATO GROSSO";110002540403;37;61;"Depósito bancário em conta corrente no País";"SALDO EM CONTA CORRENTE NO BANCO DO BRASIL S.A.";"208391,97";"07/08/2026";"09:09:01"
"07/08/2026";"19:30:06";2026;2;"Eleição Ordinária";6259;"Eleições Gerais Estaduais 2026";"04/10/2026";"MT";"MT";"MATO GROSSO";110002540403;36;45;"Aplicação de renda fixa (CDB, RDB e outros)";"APLICAÇÃO FINANCEIRA BB CDB DI, NO BANCO DO BRASIL S.A.";"20500,00";"07/08/2026";"09:09:01"
"07/08/2026";"19:30:06";2026;2;"Eleição Ordinária";6259;"Eleições Gerais Estaduais 2026";"04/10/2026";"MT";"MT";"MATO GROSSO";110002540403;38;21;"Veículo automotor terrestre: caminhão, automóvel, moto, etc.";"SEMI-REBOQUE DE CARGA SR/ALFASTEEL SRASBS 2E";"106666,67";"07/08/2026";"09:09:01"
"07/08/2026";"19:30:06";2026;2;"Eleição Ordinária";6259;"Eleições Gerais Estaduais 2026";"04/10/2026";"MT";"MT";"MATO GROSSO";110002540403;41;13;"Terreno";"PARTICIPAÇÃO DE 12,50% EM IMÓVEL RURAL, LOCALIZADO EM SANANDUVA/RS.";"31250,00";"07/08/2026";"09:09:01"
"07/08/2026";"19:30:06";2026;2;"Eleição Ordinária";6259;"Eleições Gerais Estaduais 2026";"04/10/2026";"MT";"MT";"MATO GROSSO";110002540403;40;99;"OUTROS BENS E DIREITOS";"TRANSFORMADOR TRIFÁSICO DE 112,5 KVA";"23000,00";"07/08/2026";"09:09:01"
"07/08/2026";"19:30:06";2026;2;"Eleição Ordinária";6259;"Eleições Gerais Estaduais 2026";"04/10/2026";"MT";"MT";"MATO GROSSO";110002540403;39;21;"Veículo automotor terrestre: caminhão, automóvel, moto, etc.";"CAMINHONETA TOYOTA SW4 DSL 4X4 SRX PLATINUM AT 5S, ANO/MODELO 2025/2025.";"393100,00";"07/08/2026";"09:09:01"
"07/08/2026";"19:30:06";2026;2;"Eleição Ordinária";6259;"Eleições Gerais Estaduais 2026";"04/10/2026";"MT";"MT";"MATO GROSSO";110002540403;43;13;"Terreno";"LOTE URBANO COM BENFEITORIAS, LOCALIZADO EM SINOP/MT.";"605000,00";"07/08/2026";"09:09:01"
"07/08/2026";"19:30:06";2026;2;"Eleição Ordinária";6259;"Eleições Gerais Estaduais 2026";"04/10/2026";"MT";"MT";"MATO GROSSO";110002540403;44;99;"OUTROS BENS E DIREITOS";"COMPUTADOR E COMPONENTES.";"5470,06";"07/08/2026";"09:09:01"
"07/08/2026";"19:30:06";2026;2;"Eleição Ordinária";6259;"Eleições Gerais Estaduais 2026";"04/10/2026";"MT";"MT";"MATO GROSSO";110002540403;42;21;"Veículo automotor terrestre: caminhão, automóvel, moto, etc.";"CAMINHONETA TOYOTA SW4 DSL 4X4 SRX AT 5S, ANO/MODELO 2022/2022.";"386646,00";"07/08/2026";"09:09:01"
"07/08/2026";"19:30:06";2026;2;"Eleição Ordinária";6259;"Eleições Gerais Estaduais 2026";"04/10/2026";"MT";"MT";"MATO GROSSO";110002540403;47;13;"Terreno";"TERRENO COM BENFEITORIAS E MÓVEIS, LOCALIZADO EM SINOP/MT.";"1050000,00";"07/08/2026";"09:09:01"
"07/08/2026";"19:30:06";2026;2;"Eleição Ordinária";6259;"Eleições Gerais Estaduais 2026";"04/10/2026";"MT";"MT";"MATO GROSSO";110002540403;45;13;"Terreno";"IMÓVEL RURAL, LOCALIZADO EM SANANDUVA/RS";"250000,00";"07/08/2026";"09:09:01"
"07/08/2026";"19:30:06";2026;2;"Eleição Ordinária";6259;"Eleições Gerais Estaduais 2026";"04/10/2026";"MT";"MT";"MATO GROSSO";110002540403;46;12;"Casa";"CASA RESIDENCIAL EM CONSTRUÇÃO, LOCALIZADA EM SINOP/MT.";"2350610,00";"07/08/2026";"09:09:01"
"07/08/2026";"19:30:06";2026;2;"Eleição Ordinária";6259;"Eleições Gerais Estaduais 2026";"04/10/2026";"MT";"MT";"MATO GROSSO";110002540405;1;39;"Outras participações societárias";"PARTICIPAÇÃO DE 100% NA EMPRESA DIGITAL TELECOM RONDONOPOLIS LTDA.";"20000,00";"07/08/2026";"11:43:42"
"07/08/2026";"19:30:06";2026;2;"Eleição Ordinária";6259;"Eleições Gerais Estaduais 2026";"04/10/2026";"MT";"MT";"MATO GROSSO";110002540416;1;14;"Terra nua";"IMOVEL RURAL, LT 408, 71HA, ZONA RURAL DE NOVA UBIRATA";"258970,00";"07/08/2026";"09:06:08"
"07/08/2026";"19:30:06";2026;2;"Eleição Ordinária";6259;"Eleições Gerais Estaduais 2026";"04/10/2026";"MT";"MT";"MATO GROSSO";110002540404;1;12;"Casa";"CASA EM VARZEA GRANDE MT";"200000,00";"07/08/2026";"11:43:42"
"07/08/2026";"19:30:06";2026;2;"Eleição Ordinária";6259;"Eleições Gerais Estaduais 2026";"04/10/2026";"MT";"MT";"MATO GROSSO";110002541753;1;1;"Prédio residencial";"CONJUNTO 06 APARTAMENTOS RESIDENCIAIS ¿ JARDIM DUBAI";"338423,85";"07/08/2026";"16:23:32"
"07/08/2026";"19:30:06";2026;2;"Eleição Ordinária";6259;"Eleições Gerais Estaduais 2026";"04/10/2026";"MT";"MT";"MATO GROSSO";110002541753;2;12;"Casa";"IMÓVEL 360.0 M2 NO JARDIM MARINGÁ, SINOP/MT, IMÓVEL PORTAL DA MATA 400,7 M2, SINOP/MT, IMOVEL 310 M2 JARDIM PORTINARI, SINOP/MT, IMOVEL 360 M2 SONHALTO VIDEIRA, SINOP - MT.";"283677,53";"07/08/2026";"16:23:32"
"07/08/2026";"19:30:06";2026;2;"Eleição Ordinária";6259;"Eleições Gerais Estaduais 2026";"04/10/2026";"MT";"MT";"MATO GROSSO";110002541753;3;21;"Veículo automotor terrestre: caminhão, automóvel, moto, etc.";"MOTOCICLETA HONDA, CG 150 TITAN MIX KS, ANO FABRICAÇÃO/MODELO 2009 PLACA NTY 2858, COR VERMELHA";"4527,00";"07/08/2026";"16:23:32"
"07/08/2026";"19:30:06";2026;2;"Eleição Ordinária";6259;"Eleições Gerais Estaduais 2026";"04/10/2026";"MT";"MT";"MATO GROSSO";110002541753;6;61;"Depósito bancário em conta corrente no País";"SALDO EM CONTA CORRENTE, SALDO EM APLICAÇÕES FINANCEIRAS, CONTA CAPITAL JUNTO AO SICREDI, OUROCAP BANCO DO BRASIL";"135629,19";"07/08/2026";"16:23:32"
"07/08/2026";"19:30:06";2026;2;"Eleição Ordinária";6259;"Eleições Gerais Estaduais 2026";"04/10/2026";"MT";"MT";"MATO GROSSO";110002541753;4;21;"Veículo automotor terrestre: caminhão, automóvel, moto, etc.";"MOTOCICLETA HONDA, CG 125I FAN, COR PRETA, ANO FABRICAÇÃO 2017, MODELO 2018, PLACA QCU2991";"6888,00";"07/08/2026";"16:23:32"
"07/08/2026";"19:30:06";2026;2;"Eleição Ordinária";6259;"Eleições Gerais Estaduais 2026";"04/10/2026";"MT";"MT";"MATO GROSSO";110002541753;5;21;"Veículo automotor terrestre: caminhão, automóvel, moto, etc.";"MOTOCICLETA HONDA, CG 125I FAN, COR PRETA, ANO FABRICAÇÃO 2017, MODELO 2018, PLACA QCU2961";"6888,00";"07/08/2026";"16:23:32"
"07/08/2026";"19:30:06";2026;2;"Eleição Ordinária";6259;"Eleições Gerais Estaduais 2026";"04/10/2026";"MT";"MT";"MATO GROSSO";110002541753;8;51;"Crédito decorrente de empréstimo";"EMPRESTIMO P/ PESSOA FÍSICA";"110000,00";"07/08/2026";"16:23:32"
"07/08/2026";"19:30:06";2026;2;"Eleição Ordinária";6259;"Eleições Gerais Estaduais 2026";"04/10/2026";"MT";"MT";"MATO GROSSO";110002541753;9;21;"Veículo automotor terrestre: caminhão, automóvel, moto, etc.";"MOTOCICLETA HONDA, CG 125I FAN, ANO FABRICAÇÃO/MODELO 2016, PLACA QBG4582, COR PRETA";"6062,00";"07/08/2026";"16:23:32"
"07/08/2026";"19:30:06";2026;2;"Eleição Ordinária";6259;"Eleições Gerais Estaduais 2026";"04/10/2026";"MT";"MT";"MATO GROSSO";110002541753;7;32;"Quotas ou quinhões de capital";"QUOTAS DA EMPRESA TOPSAPP SOLUÇÕES EM TELEC. E REDES AVANÇADAS LTDA ME, REG. NA JUCEMAT SOB N. 51201034940 EM 05/10/2007, COM CNPJ N. 09.122.830/0001-66";"150000,00";"07/08/2026";"16:23:32"
"07/08/2026";"19:30:06";2026;2;"Eleição Ordinária";6259;"Eleições Gerais Estaduais 2026";"04/10/2026";"MT";"MT";"MATO GROSSO";110002541754;3;32;"Quotas ou quinhões de capital";"50% DAS COTAS DE CAPITAL DE EMPRESA DE EMPREENDIMENTOS IMOBILIÁRIOS";"40000,00";"07/08/2026";"16:23:32"
"07/08/2026";"19:30:06";2026;2;"Eleição Ordinária";6259;"Eleições Gerais Estaduais 2026";"04/10/2026";"MT";"MT";"MATO GROSSO";110002541754;1;12;"Casa";"APARTAMENTO COM 193M² LOCALIZADO EM CUIABÁ";"613442,93";"07/08/2026";"16:23:32"
"07/08/2026";"19:30:06";2026;2;"Eleição Ordinária";6259;"Eleições Gerais Estaduais 2026";"04/10/2026";"MT";"MT";"MATO GROSSO";110002541754;2;32;"Quotas ou quinhões de capital";"SALDO EM CONTA CAPITAL - BANCO SICOOB";"100990,36";"07/08/2026";"16:23:32"
"07/08/2026";"19:30:06";2026;2;"Eleição Ordinária";6259;"Eleições Gerais Estaduais 2026";"04/10/2026";"MT";"MT";"MATO GROSSO";110002541756;1;13;"Terreno";"POSSE DO IMOVEL RURAL, MUNICIPIO DE CACERES MT, DENOMINADO FAZENDA SANTA LUZIA DO PANTANAL, AREA 295,1 HA";"0,01";"07/08/2026";"16:23:32"
"07/08/2026";"19:30:06";2026;2;"Eleição Ordinária";6259;"Eleições Gerais Estaduais 2026";"04/10/2026";"MT";"MT";"MATO GROSSO";110002541756;2;13;"Terreno";"12,5% DO IMOVEL RURAL DENOMINADO CAPAO DO ACURI,COM AREA TOTAL DE 2.077,0043HA,CARTORIO DO 1O OFICIO DA COMARCA DE CACERES MT";"277500,00";"07/08/2026";"16:23:32"
"07/08/2026";"19:30:06";2026;2;"Eleição Ordinária";6259;"Eleições Gerais Estaduais 2026";"04/10/2026";"MT";"MT";"MATO GROSSO";110002541754;4;32;"Quotas ou quinhões de capital";"100% CAPITAL SOCIAL DE EMPRESA AGROPECUÁRIA";"50000,00";"07/08/2026";"16:23:32"
"07/08/2026";"19:30:06";2026;2;"Eleição Ordinária";6259;"Eleições Gerais Estaduais 2026";"04/10/2026";"MT";"MT";"MATO GROSSO";110002541756;3;13;"Terreno";"MOVEL RURAL, C/ AREA DE 99,9581 HAS DEN. SITIO OLHOS DO PANTANAL, CARTORIO DO 1O OFICIO DA COMARCA DE CACERES M";"20000,00";"07/08/2026";"16:23:32"
"07/08/2026";"19:30:06";2026;2;"Eleição Ordinária";6259;"Eleições Gerais Estaduais 2026";"04/10/2026";"MT";"MT";"MATO GROSSO";110002541756;5;13;"Terreno";"TERRENO URBANO, COM REG. CARTORIO DO 1° OFICIO DA COMARCA DE CACERES - MT DA MATRICULA 28482 CRI, AREA 6.418,3";"96557,40";"07/08/2026";"16:23:32"
"07/08/2026";"19:30:06";2026;2;"Eleição Ordinária";6259;"Eleições Gerais Estaduais 2026";"04/10/2026";"MT";"MT";"MATO GROSSO";110002541756;4;12;"Casa";"UM LOTE DE TERRAS, PERIMETRO URBANO, REG. 2.  OFICIO DA COMARCA DE MIRASSOL D OESTE -MT, COM AREA DE 962,50M";"508000,00";"07/08/2026";"16:23:32"
"07/08/2026";"19:30:06";2026;2;"Eleição Ordinária";6259;"Eleições Gerais Estaduais 2026";"04/10/2026";"MT";"MT";"MATO GROSSO";110002541756;6;13;"Terreno";"IMOVEL RURAL COM AREA DE 100,4831HA,SITIO OLHOS DO PANTANAL II, CARTORIO DO 1O OFICIO DA COMARCA DE CACERES MT";"15000,00";"07/08/2026";"16:23:32"
"07/08/2026";"19:30:06";2026;2;"Eleição Ordinária";6259;"Eleições Gerais Estaduais 2026";"04/10/2026";"MT";"MT";"MATO GROSSO";110002541756;8;13;"Terreno";"4 LOTES DE TERRENOS URBANOS UNIFICADOS,C/REGISTRO NO CRI CACERES SOB MATRICULA NO 22.004";"20374,00";"07/08/2026";"16:23:32"
"07/08/2026";"19:30:06";2026;2;"Eleição Ordinária";6259;"Eleições Gerais Estaduais 2026";"04/10/2026";"MT";"MT";"MATO GROSSO";110002541756;7;12;"Casa";"LOTE URBANO - PARTE 1.435 M2 COM AREA TOTAL DE 3.500M,CARTORIO DE NOTAS E REGISTRO CIVIL DE CARAMUJO - CACERES - MT";"2005748,20";"07/08/2026";"16:23:32"
"07/08/2026";"19:30:06";2026;2;"Eleição Ordinária";6259;"Eleições Gerais Estaduais 2026";"04/10/2026";"MT";"MT";"MATO GROSSO";110002541756;10;12;"Casa";"IMOVEL COMERCIAL REG. CART. 1 OFICIO COMARCA DE CACERES-MT, MATRICULA NOVA N. 50.580, AREA 832,7 M/2.";"431977,00";"07/08/2026";"16:23:32"
"07/08/2026";"19:30:06";2026;2;"Eleição Ordinária";6259;"Eleições Gerais Estaduais 2026";"04/10/2026";"MT";"MT";"MATO GROSSO";110002541756;9;12;"Casa";"CASA E RESPECTIVO TERRENO,MATRICULA NO CRI CACERES NO 27786,C/AREA TOTAL DE 430,16 M";"85570000,00";"07/08/2026";"16:23:32"
"07/08/2026";"19:30:06";2026;2;"Eleição Ordinária";6259;"Eleições Gerais Estaduais 2026";"04/10/2026";"MT";"MT";"MATO GROSSO";110002541759;1;12;"Casa";"CASA UNIPAVIMENTAR COM 116,93M², EDIFICDO EM UM LOTE COM 567,60M²";"480000,00";"07/08/2026";"16:23:32"
"07/08/2026";"19:30:06";2026;2;"Eleição Ordinária";6259;"Eleições Gerais Estaduais 2026";"04/10/2026";"MT";"MT";"MATO GROSSO";110002541760;2;61;"Depósito bancário em conta corrente no País";"APLICAÇÃO BANCO DO BRASIL - MOEDA NACIONAL";"300000,00";"07/08/2026";"16:23:32"
"07/08/2026";"19:30:06";2026;2;"Eleição Ordinária";6259;"Eleições Gerais Estaduais 2026";"04/10/2026";"MT";"MT";"MATO GROSSO";110002541760;1;12;"Casa";"25% DE CASA/ SITIO SITUADA NO BAIRRO JARDIM LEBLON - IMOVEL FAMILIAR";"5425,00";"07/08/2026";"16:23:32"
"07/08/2026";"19:30:06";2026;2;"Eleição Ordinária";6259;"Eleições Gerais Estaduais 2026";"04/10/2026";"MT";"MT";"MATO GROSSO";110002541760;3;32;"Quotas ou quinhões de capital";"DETENTOR DE 60% DAS QUOTAS DO CAPITAL SOCIAL DA SOLIDEZ EMPREENDIMENTOS IMOBILIARIOS";"637980,00";"07/08/2026";"16:23:32"
"07/08/2026";"19:30:06";2026;2;"Eleição Ordinária";6259;"Eleições Gerais Estaduais 2026";"04/10/2026";"MT";"MT";"MATO GROSSO";110002541761;2;61;"Depósito bancário em conta corrente no País";"SALDO CONTA CORRENTE MANTIDO JUNTO AO BANCO DO BRASIL";"14343,92";"07/08/2026";"16:23:32"
"07/08/2026";"19:30:06";2026;2;"Eleição Ordinária";6259;"Eleições Gerais Estaduais 2026";"04/10/2026";"MT";"MT";"MATO GROSSO";110002541760;4;12;"Casa";"CASA NO MANO";"54250,00";"07/08/2026";"16:23:32"
"07/08/2026";"19:30:06";2026;2;"Eleição Ordinária";6259;"Eleições Gerais Estaduais 2026";"04/10/2026";"MT";"MT";"MATO GROSSO";110002541761;1;21;"Veículo automotor terrestre: caminhão, automóvel, moto, etc.";"VEICULO AUTO MOTOR DA MARCA CHEVROLET TRACKER1.2T ANO 2024/2025";"120000,00";"07/08/2026";"16:23:32"
"07/08/2026";"19:30:06";2026;2;"Eleição Ordinária";6259;"Eleições Gerais Estaduais 2026";"04/10/2026";"MT";"MT";"MATO GROSSO";110002541763;2;13;"Terreno";"IMÓVEL RURAL COM ÁREA DE 205,00 HECTARES, ADQUIRIDO DE JOSÉ HENRIQUE VITÓRIO PETRONI, PELO VALOR DE R$ 1.200.000,00, TENDO SIDO PAGO, ATÉ O MOMENTO, O VALOR DE R$ 400.000,00.";"400000,00";"07/08/2026";"16:23:32"
"07/08/2026";"19:30:06";2026;2;"Eleição Ordinária";6259;"Eleições Gerais Estaduais 2026";"04/10/2026";"MT";"MT";"MATO GROSSO";110002541763;1;61;"Depósito bancário em conta corrente no País";"CONTA SICRED";"8137,86";"07/08/2026";"16:23:32"
"07/08/2026";"19:30:06";2026;2;"Eleição Ordinária";6259;"Eleições Gerais Estaduais 2026";"04/10/2026";"MT";"MT";"MATO GROSSO";110002541762;1;32;"Quotas ou quinhões de capital";"CNPJ 29499430000181 RECONHECIDO NA DATA DE 02/07/2026  COM LIQUOTA DE";"50000,00";"07/08/2026";"16:23:32"
"07/08/2026";"19:30:06";2026;2;"Eleição Ordinária";6259;"Eleições Gerais Estaduais 2026";"04/10/2026";"MT";"MT";"MATO GROSSO";110002541763;3;61;"Depósito bancário em conta corrente no País";"CONTA CAPITAL SICRED";"175116,40";"07/08/2026";"16:23:32"
"07/08/2026";"19:30:06";2026;2;"Eleição Ordinária";6259;"Eleições Gerais Estaduais 2026";"04/10/2026";"MT";"MT";"MATO GROSSO";110002541763;4;61;"Depósito bancário em conta corrente no País";"BANCO DO BRASIL";"6000,00";"07/08/2026";"16:23:32"
"07/08/2026";"19:30:06";2026;2;"Eleição Ordinária";6259;"Eleições Gerais Estaduais 2026";"04/10/2026";"MT";"MT";"MATO GROSSO";110002541763;5;61;"Depósito bancário em conta corrente no País";"FUNDO DE INVESTIMENTO CAIXA SEGURIDADE";"1500,00";"07/08/2026";"16:23:32"
"07/08/2026";"19:30:06";2026;2;"Eleição Ordinária";6259;"Eleições Gerais Estaduais 2026";"04/10/2026";"MT";"MT";"MATO GROSSO";110002541763;8;13;"Terreno";"PARTICIPAÇÃO CORRESPONDENTE A 90% DE ÁREA RURAL COM 197,24 HECTARES, EM CONDOMÍNIO COM SUA ESPOSA EDNA SILVA BRITO DE LIMA, ADQUIRIDA DE PEDRO BARTOLOMEU DESTO";"310000,00";"07/08/2026";"16:23:32"
"07/08/2026";"19:30:06";2026;2;"Eleição Ordinária";6259;"Eleições Gerais Estaduais 2026";"04/10/2026";"MT";"MT";"MATO GROSSO";110002541763;7;13;"Terreno";"ÁREA RURAL LOCALIZADA EM BARRA DO BUGRES/MT, DENOMINADA FAZENDA ARICA, COM 1.723,17 HECTARES";"900000,00";"07/08/2026";"16:23:32"
"07/08/2026";"19:30:06";2026;2;"Eleição Ordinária";6259;"Eleições Gerais Estaduais 2026";"04/10/2026";"MT";"MT";"MATO GROSSO";110002541763;6;95;"Consórcio não contemplado";"CONSORCIO BB AUTOMOVEIS";"92699,70";"07/08/2026";"16:23:32"
"07/08/2026";"19:30:06";2026;2;"Eleição Ordinária";6259;"Eleições Gerais Estaduais 2026";"04/10/2026";"MT";"MT";"MATO GROSSO";110002541763;10;13;"Terreno";"TERRENO URBANO LOCALIZADO NO MUNICÍPIO DE BARRA DO BUGRES/MT, OBJETO DA MATRÍCULA N. 4.632 DO REGISTRO DE IMÓVEIS";"250000,00";"07/08/2026";"16:23:32"
"07/08/2026";"19:30:06";2026;2;"Eleição Ordinária";6259;"Eleições Gerais Estaduais 2026";"04/10/2026";"MT";"MT";"MATO GROSSO";110002541763;11;13;"Terreno";"ÁREA RURAL DE 290,40 HECTARES, EM CONDOMÍNIO COM SUA ESPOSA EDNA SILVA BRITO DE LIMA, SENDO 85% PERTENCENTES AO DECLARANTE E 15% À ESPOSA, ADQUIRIDA EM 10/06/2002";"320000,00";"07/08/2026";"16:23:32"
"07/08/2026";"19:30:06";2026;2;"Eleição Ordinária";6259;"Eleições Gerais Estaduais 2026";"04/10/2026";"MT";"MT";"MATO GROSSO";110002541763;9;32;"Quotas ou quinhões de capital";"95% DO CAPITAL SOCIAL DA EMPRESA CIDADE IMOBILIÁRIA LTDA., INSCRITA NO CNPJ N. 09.607.377/0001-88";"142500,00";"07/08/2026";"16:23:32"
"07/08/2026";"19:30:06";2026;2;"Eleição Ordinária";6259;"Eleições Gerais Estaduais 2026";"04/10/2026";"MT";"MT";"MATO GROSSO";110002541763;14;13;"Terreno";"ÁREA DE TERRA RURAL ADQUIRIDA DO ESPÓLIO DE JOAQUIM PRUDENTE CORRÊA NETTO, REPRESENTADO PELA INVENTARIANTE MARIA LÚCIA TEIXEIRA PRUDENTE CORRÊA";"1800000,00";"07/08/2026";"16:23:32"
"07/08/2026";"19:30:06";2026;2;"Eleição Ordinária";6259;"Eleições Gerais Estaduais 2026";"04/10/2026";"MT";"MT";"MATO GROSSO";110002541763;12;13;"Terreno";"PARTICIPAÇÃO CORRESPONDENTE A 90% DE IMÓVEL RURAL";"350000,00";"07/08/2026";"16:23:32"
"07/08/2026";"19:30:06";2026;2;"Eleição Ordinária";6259;"Eleições Gerais Estaduais 2026";"04/10/2026";"MT";"MT";"MATO GROSSO";110002541763;13;13;"Terreno";"FAZENDA BOA ESPERANÇA, ADQUIRIDA EM 15/08/2024";"180000,00";"07/08/2026";"16:23:32"
"07/08/2026";"19:30:06";2026;2;"Eleição Ordinária";6259;"Eleições Gerais Estaduais 2026";"04/10/2026";"MT";"MT";"MATO GROSSO";110002541763;16;13;"Terreno";"PARTICIPAÇÃO CORRESPONDENTE A 90% DE ÁREA RURAL COM 496,86 HECTARES, EM CONDOMÍNIO COM SUA ESPOSA EDNA SILVA BRITO DE LIMA";"710000,00";"07/08/2026";"16:23:32"
"07/08/2026";"19:30:06";2026;2;"Eleição Ordinária";6259;"Eleições Gerais Estaduais 2026";"04/10/2026";"MT";"MT";"MATO GROSSO";110002541763;17;21;"Veículo automotor terrestre: caminhão, automóvel, moto, etc.";"TRATOR NEW HOLLAND";"250000,00";"07/08/2026";"16:23:32"
"07/08/2026";"19:30:06";2026;2;"Eleição Ordinária";6259;"Eleições Gerais Estaduais 2026";"04/10/2026";"MT";"MT";"MATO GROSSO";110002541763;15;32;"Quotas ou quinhões de capital";"50% DO CAPITAL SOCIAL DA EMPRESA E.S.B. DE LIMA   CIA. LTDA. ¿ ME, INSCRITA NO CNPJ N. 04.061.923/0001-04.";"40000,00";"07/08/2026";"16:23:32"
"07/08/2026";"19:30:06";2026;2;"Eleição Ordinária";6259;"Eleições Gerais Estaduais 2026";"04/10/2026";"MT";"MT";"MATO GROSSO";110002541763;19;63;"Dinheiro em espécie - moeda nacional";"DENHIRO";"320000,00";"07/08/2026";"16:23:32"
"07/08/2026";"19:30:06";2026;2;"Eleição Ordinária";6259;"Eleições Gerais Estaduais 2026";"04/10/2026";"MT";"MT";"MATO GROSSO";110002541763;20;21;"Veículo automotor terrestre: caminhão, automóvel, moto, etc.";"TRATOR NEW HOLLAND 4X4";"256352,00";"07/08/2026";"16:23:32"
"07/08/2026";"19:30:06";2026;2;"Eleição Ordinária";6259;"Eleições Gerais Estaduais 2026";"04/10/2026";"MT";"MT";"MATO GROSSO";110002541763;18;21;"Veículo automotor terrestre: caminhão, automóvel, moto, etc.";"TOYOTA HILUX SW4 SRV 2020/2024";"150000,00";"07/08/2026";"16:23:32"
"07/08/2026";"19:30:06";2026;2;"Eleição Ordinária";6259;"Eleições Gerais Estaduais 2026";"04/10/2026";"MT";"MT";"MATO GROSSO";110002541763;21;61;"Depósito bancário em conta corrente no País";"SALDO CONTA SICRED";"57224,50";"07/08/2026";"16:23:32"
"07/08/2026";"19:30:06";2026;2;"Eleição Ordinária";6259;"Eleições Gerais Estaduais 2026";"04/10/2026";"MT";"MT";"MATO GROSSO";110002541763;22;12;"Casa";"CASA CONSTRUIDA AREA TOTAL 250,00M²";"50000,00";"07/08/2026";"16:23:32"
"07/08/2026";"19:30:06";2026;2;"Eleição Ordinária";6259;"Eleições Gerais Estaduais 2026";"04/10/2026";"MT";"MT";"MATO GROSSO";110002541763;23;21;"Veículo automotor terrestre: caminhão, automóvel, moto, etc.";"TOYOTA COROLLA CROS XRE 2.0 2023/2024";"130000,00";"07/08/2026";"16:23:32"
"07/08/2026";"19:30:06";2026;2;"Eleição Ordinária";6259;"Eleições Gerais Estaduais 2026";"04/10/2026";"MT";"MT";"MATO GROSSO";110002541763;25;14;"Terra nua";"AREA DE TERRA MEDINDO 25.870 HECTARES, NO MUNICIPIO DE NOVA OLIMPIA/MT";"445000,00";"07/08/2026";"16:23:32"
"07/08/2026";"19:30:06";2026;2;"Eleição Ordinária";6259;"Eleições Gerais Estaduais 2026";"04/10/2026";"MT";"MT";"MATO GROSSO";110002541763;24;61;"Depósito bancário em conta corrente no País";"SALDO NA CAIXA ECONOMICA FEDERAL";"318,25";"07/08/2026";"16:23:32"
"07/08/2026";"19:30:06";2026;2;"Eleição Ordinária";6259;"Eleições Gerais Estaduais 2026";"04/10/2026";"MT";"MT";"MATO GROSSO";110002541764;1;21;"Veículo automotor terrestre: caminhão, automóvel, moto, etc.";"VEÍCULO TRICICLO CAN SPYDER 2008";"46000,00";"07/08/2026";"16:23:32"
"07/08/2026";"19:30:06";2026;2;"Eleição Ordinária";6259;"Eleições Gerais Estaduais 2026";"04/10/2026";"MT";"MT";"MATO GROSSO";110002541764;4;13;"Terreno";"UM TERRENO NO CONDOMÍNIO AQUARELA DOS POEMAS- SINOP-MT";"220000,00";"07/08/2026";"16:23:32"
"07/08/2026";"19:30:06";2026;2;"Eleição Ordinária";6259;"Eleições Gerais Estaduais 2026";"04/10/2026";"MT";"MT";"MATO GROSSO";110002541764;2;12;"Casa";"UM IMÓVEL LOCALIZADO NA AVENIDA DE CLOVIS DE MELLO, AQUARELA DAS ARTES, SINOP-MT";"350000,00";"07/08/2026";"16:23:32"
"07/08/2026";"19:30:06";2026;2;"Eleição Ordinária";6259;"Eleições Gerais Estaduais 2026";"04/10/2026";"MT";"MT";"MATO GROSSO";110002541764;3;21;"Veículo automotor terrestre: caminhão, automóvel, moto, etc.";"VEÍCULO JAGUAR F-TYPE 22/23";"422000,00";"07/08/2026";"16:23:32"
"07/08/2026";"19:30:06";2026;2;"Eleição Ordinária";6259;"Eleições Gerais Estaduais 2026";"04/10/2026";"MT";"MT";"MATO GROSSO";110002541764;6;12;"Casa";"UM IMÓVEL NA RUA DAS LIMEIRAS 392, JARDIM DAS ITAÚBAS, SINOP-MT";"300000,00";"07/08/2026";"16:23:32"
"07/08/2026";"19:30:06";2026;2;"Eleição Ordinária";6259;"Eleições Gerais Estaduais 2026";"04/10/2026";"MT";"MT";"MATO GROSSO";110002541764;5;21;"Veículo automotor terrestre: caminhão, automóvel, moto, etc.";"VEÍCULO FORD RANGER 25/26";"319000,00";"07/08/2026";"16:23:32"
"07/08/2026";"19:30:06";2026;2;"Eleição Ordinária";6259;"Eleições Gerais Estaduais 2026";"04/10/2026";"MT";"MT";"MATO GROSSO";110002541765;1;12;"Casa";"CASA NO BAIRRO PARQUE CUIABÁ";"275000,00";"07/08/2026";"16:23:32"
"07/08/2026";"19:30:06";2026;2;"Eleição Ordinária";6259;"Eleições Gerais Estaduais 2026";"04/10/2026";"MT";"MT";"MATO GROSSO";110002541765;2;12;"Casa";"CASA NO BAIRRO PARQUE CUIABÁ";"320000,00";"07/08/2026";"16:23:32"
"07/08/2026";"19:30:06";2026;2;"Eleição Ordinária";6259;"Eleições Gerais Estaduais 2026";"04/10/2026";"MT";"MT";"MATO GROSSO";110002541765;3;1;"Prédio residencial";"APARTAMENTO EDIF. MAISON ROYALE";"550000,00";"07/08/2026";"16:23:32"
"07/08/2026";"19:30:06";2026;2;"Eleição Ordinária";6259;"Eleições Gerais Estaduais 2026";"04/10/2026";"MT";"MT";"MATO GROSSO";110002541766;1;21;"Veículo automotor terrestre: caminhão, automóvel, moto, etc.";"CARRO DA MARCA KIA/CERATO, MODELO 2010 ANO 2009";"22000,00";"07/08/2026";"16:23:32"
"07/08/2026";"19:30:06";2026;2;"Eleição Ordinária";6259;"Eleições Gerais Estaduais 2026";"04/10/2026";"MT";"MT";"MATO GROSSO";110002541766;2;63;"Dinheiro em espécie - moeda nacional";"DINHEIRO ESPECIE MOEDA NACIONAL";"11,18";"07/08/2026";"16:23:32"
"07/08/2026";"19:30:06";2026;2;"Eleição Ordinária";6259;"Eleições Gerais Estaduais 2026";"04/10/2026";"MT";"MT";"MATO GROSSO";110002541767;1;12;"Casa";"CASA FINANCIADA";"212000,00";"07/08/2026";"16:23:32"
"07/08/2026";"19:30:06";2026;2;"Eleição Ordinária";6259;"Eleições Gerais Estaduais 2026";"04/10/2026";"MT";"MT";"MATO GROSSO";110002541768;1;12;"Casa";"50% DE UM IMOVEL URBANO/RESIDENCIAL SITUADO NO MUNICÍPIO DE DOM AQUINO";"295000,00";"07/08/2026";"16:23:32"
"07/08/2026";"19:30:06";2026;2;"Eleição Ordinária";6259;"Eleições Gerais Estaduais 2026";"04/10/2026";"MT";"MT";"MATO GROSSO";110002541768;4;13;"Terreno";"50% DE UM TERRENO NO CONDOMÍNIO RESERVA DOS IPÊS";"450000,00";"07/08/2026";"16:23:32"
"07/08/2026";"19:30:06";2026;2;"Eleição Ordinária";6259;"Eleições Gerais Estaduais 2026";"04/10/2026";"MT";"MT";"MATO GROSSO";110002541768;2;11;"Apartamento";"01 APARTAMENTO NO CONDOMÍNIO MORADA DO PARQUE VALOR";"289000,00";"07/08/2026";"16:23:32"
"07/08/2026";"19:30:06";2026;2;"Eleição Ordinária";6259;"Eleições Gerais Estaduais 2026";"04/10/2026";"MT";"MT";"MATO GROSSO";110002541768;3;21;"Veículo automotor terrestre: caminhão, automóvel, moto, etc.";"01 VEÍCULO  TOYOTA FIELDER 2008";"30000,00";"07/08/2026";"16:23:32"
"07/08/2026";"19:30:06";2026;2;"Eleição Ordinária";6259;"Eleições Gerais Estaduais 2026";"04/10/2026";"MT";"MT";"MATO GROSSO";110002541768;7;14;"Terra nua";"50%  DE UM IMÓVEL RURAL, SITUADO NO MUNICÍPIO DE DOM AQUINO/MT";"1300000,00";"07/08/2026";"16:23:32"
"07/08/2026";"19:30:06";2026;2;"Eleição Ordinária";6259;"Eleições Gerais Estaduais 2026";"04/10/2026";"MT";"MT";"MATO GROSSO";110002541768;6;21;"Veículo automotor terrestre: caminhão, automóvel, moto, etc.";"VEÍCULO BYD SONG PRO 2024/2025";"160000,00";"07/08/2026";"16:23:32"
"07/08/2026";"19:30:06";2026;2;"Eleição Ordinária";6259;"Eleições Gerais Estaduais 2026";"04/10/2026";"MT";"MT";"MATO GROSSO";110002541768;5;12;"Casa";"IMÓVEL URBANO SITUADO NO MUNICÍPIO DE VÁRZEA GRANDE";"365000,00";"07/08/2026";"16:23:32"
"07/08/2026";"19:30:06";2026;2;"Eleição Ordinária";6259;"Eleições Gerais Estaduais 2026";"04/10/2026";"MT";"MT";"MATO GROSSO";110002541768;8;49;"Outras aplicações e Investimentos";"APLICAÇÃO FINANCEIRA NO BANCO DO BRASIL";"48546,23";"07/08/2026";"16:23:32"
"07/08/2026";"19:30:06";2026;2;"Eleição Ordinária";6259;"Eleições Gerais Estaduais 2026";"04/10/2026";"MT";"MT";"MATO GROSSO";110002541769;1;59;"Outros créditos e poupança vinculados";"PREVIDENCIA VGBL";"59738,52";"07/08/2026";"16:23:32"
"07/08/2026";"19:30:06";2026;2;"Eleição Ordinária";6259;"Eleições Gerais Estaduais 2026";"04/10/2026";"MT";"MT";"MATO GROSSO";110002541769;2;45;"Aplicação de renda fixa (CDB, RDB e outros)";"APLICAÇÃ RENDA FIXA";"13940,44";"07/08/2026";"16:23:32"
"07/08/2026";"19:30:06";2026;2;"Eleição Ordinária";6259;"Eleições Gerais Estaduais 2026";"04/10/2026";"MT";"MT";"MATO GROSSO";110002541769;4;13;"Terreno";"1 TERRENO";"80000,00";"07/08/2026";"16:23:32"
"07/08/2026";"19:30:06";2026;2;"Eleição Ordinária";6259;"Eleições Gerais Estaduais 2026";"04/10/2026";"MT";"MT";"MATO GROSSO";110002541769;3;13;"Terreno";"TERRENO";"13694,60";"07/08/2026";"16:23:32"
"07/08/2026";"19:30:06";2026;2;"Eleição Ordinária";6259;"Eleições Gerais Estaduais 2026";"04/10/2026";"MT";"MT";"MATO GROSSO";110002541769;5;21;"Veículo automotor terrestre: caminhão, automóvel, moto, etc.";"MOTO BMW";"86000,00";"07/08/2026";"16:23:32"
"07/08/2026";"19:30:06";2026;2;"Eleição Ordinária";6259;"Eleições Gerais Estaduais 2026";"04/10/2026";"MT";"MT";"MATO GROSSO";110002541769;7;13;"Terreno";"TERRENO";"12600,00";"07/08/2026";"16:23:32"
"07/08/2026";"19:30:06";2026;2;"Eleição Ordinária";6259;"Eleições Gerais Estaduais 2026";"04/10/2026";"MT";"MT";"MATO GROSSO";110002541769;8;13;"Terreno";"TERRENO";"132902,00";"07/08/2026";"16:23:32"
"07/08/2026";"19:30:06";2026;2;"Eleição Ordinária";6259;"Eleições Gerais Estaduais 2026";"04/10/2026";"MT";"MT";"MATO GROSSO";110002541769;6;32;"Quotas ou quinhões de capital";"QUOTA CAPITAL";"1079,54";"07/08/2026";"16:23:32"
"07/08/2026";"19:30:06";2026;2;"Eleição Ordinária";6259;"Eleições Gerais Estaduais 2026";"04/10/2026";"MT";"MT";"MATO GROSSO";110002541769;10;13;"Terreno";"TERRENO";"70000,00";"07/08/2026";"16:23:32"
"07/08/2026";"19:30:06";2026;2;"Eleição Ordinária";6259;"Eleições Gerais Estaduais 2026";"04/10/2026";"MT";"MT";"MATO GROSSO";110002541769;9;21;"Veículo automotor terrestre: caminhão, automóvel, moto, etc.";"CHEVROLET S10";"182000,00";"07/08/2026";"16:23:32"
"07/08/2026";"19:30:06";2026;2;"Eleição Ordinária";6259;"Eleições Gerais Estaduais 2026";"04/10/2026";"MT";"MT";"MATO GROSSO";110002541770;1;21;"Veículo automotor terrestre: caminhão, automóvel, moto, etc.";"FORD FUSION 2014";"60000,00";"07/08/2026";"16:23:32"
"07/08/2026";"19:30:06";2026;2;"Eleição Ordinária";6259;"Eleições Gerais Estaduais 2026";"04/10/2026";"MT";"MT";"MATO GROSSO";110002541771;2;99;"OUTROS BENS E DIREITOS";"REBANHO BOVINO";"804000,00";"07/08/2026";"16:23:32"
"07/08/2026";"19:30:06";2026;2;"Eleição Ordinária";6259;"Eleições Gerais Estaduais 2026";"04/10/2026";"MT";"MT";"MATO GROSSO";110002541770;2;21;"Veículo automotor terrestre: caminhão, automóvel, moto, etc.";"FORD KA 2010";"22000,00";"07/08/2026";"16:23:32"
"07/08/2026";"19:30:06";2026;2;"Eleição Ordinária";6259;"Eleições Gerais Estaduais 2026";"04/10/2026";"MT";"MT";"MATO GROSSO";110002541771;1;21;"Veículo automotor terrestre: caminhão, automóvel, moto, etc.";"VEICULO FORD RANGER 2025";"250000,00";"07/08/2026";"16:23:32"
"07/08/2026";"19:30:06";2026;2;"Eleição Ordinária";6259;"Eleições Gerais Estaduais 2026";"04/10/2026";"MT";"MT";"MATO GROSSO";110002541771;3;13;"Terreno";"LOTES E LOTEAMENTOS CIDADE ALTA";"200000,00";"07/08/2026";"16:23:32"
"07/08/2026";"19:30:06";2026;2;"Eleição Ordinária";6259;"Eleições Gerais Estaduais 2026";"04/10/2026";"MT";"MT";"MATO GROSSO";110002541771;5;13;"Terreno";"LOTES NO LOTEAMENTO SANTOS DUMONT";"480000,00";"07/08/2026";"16:23:32"
"07/08/2026";"19:30:06";2026;2;"Eleição Ordinária";6259;"Eleições Gerais Estaduais 2026";"04/10/2026";"MT";"MT";"MATO GROSSO";110002541771;4;12;"Casa";"IMOVEL RESIDENCIAL LOCALIZADO NA AV JK";"800000,00";"07/08/2026";"16:23:32"
"07/08/2026";"19:30:06";2026;2;"Eleição Ordinária";6259;"Eleições Gerais Estaduais 2026";"04/10/2026";"MT";"MT";"MATO GROSSO";110002541772;2;23;"Embarcação";"EMBARCACAO TIPO LANCHA C/ INSCRICAO NR.3414/99";"168500,00";"07/08/2026";"16:23:32"
"07/08/2026";"19:30:06";2026;2;"Eleição Ordinária";6259;"Eleições Gerais Estaduais 2026";"04/10/2026";"MT";"MT";"MATO GROSSO";110002541772;1;14;"Terra nua";"1/6 DE AREA DE TERRA EM CHAPADA DOS GUIMARAES, ADQ. EM CONDOMINIO";"8000,00";"07/08/2026";"16:23:32"
"07/08/2026";"19:30:06";2026;2;"Eleição Ordinária";6259;"Eleições Gerais Estaduais 2026";"04/10/2026";"MT";"MT";"MATO GROSSO";110002541772;3;32;"Quotas ou quinhões de capital";"5% DAS QUOTAS DA EMPRESA MCA ENERGIA E BARRAGEM LTDA, CNPJ 04.491.907/0001-64";"5000,00";"07/08/2026";"16:23:32"
"07/08/2026";"19:30:06";2026;2;"Eleição Ordinária";6259;"Eleições Gerais Estaduais 2026";"04/10/2026";"MT";"MT";"MATO GROSSO";110002541772;4;99;"OUTROS BENS E DIREITOS";"100 BEZERROS EQUIVALENTES A 600 ARROBAS";"17000,00";"07/08/2026";"16:23:32"
"07/08/2026";"19:30:06";2026;2;"Eleição Ordinária";6259;"Eleições Gerais Estaduais 2026";"04/10/2026";"MT";"MT";"MATO GROSSO";110002541772;5;61;"Depósito bancário em conta corrente no País";"SALDO CAPITAL SOCIAL BANCO SICOOB";"23646,76";"07/08/2026";"16:23:32"
"07/08/2026";"19:30:06";2026;2;"Eleição Ordinária";6259;"Eleições Gerais Estaduais 2026";"04/10/2026";"MT";"MT";"MATO GROSSO";110002541772;6;32;"Quotas ou quinhões de capital";"QUOTAS DE CAPITAL SOCIAL DA EMPRESA FRATELLO ENGENHARIA LTDA";"4228990,00";"07/08/2026";"16:23:32"
"07/08/2026";"19:30:06";2026;2;"Eleição Ordinária";6259;"Eleições Gerais Estaduais 2026";"04/10/2026";"MT";"MT";"MATO GROSSO";110002541772;8;59;"Outros créditos e poupança vinculados";"SALDO CONTA MY CAPITAL";"2389118,83";"07/08/2026";"16:23:32"
"07/08/2026";"19:30:06";2026;2;"Eleição Ordinária";6259;"Eleições Gerais Estaduais 2026";"04/10/2026";"MT";"MT";"MATO GROSSO";110002541772;7;32;"Quotas ou quinhões de capital";"1/3 DAS QUOTAS DE CAPITAL SOCIAL DA EMPRESA VALOR ENGENHARIA LTDA";"706666,00";"07/08/2026";"16:23:32"
"07/08/2026";"19:30:06";2026;2;"Eleição Ordinária";6259;"Eleições Gerais Estaduais 2026";"04/10/2026";"MT";"MT";"MATO GROSSO";110002541772;9;12;"Casa";"COMPRA E VENDA DE CASA - ADQUIRIDO DE CPF 344.839.261-87 EM 26/06/2025 - VALOR: R$ 470.000,00 - PARTICIPACAO: 100.00% - INFORMADO POR CNPJ 15.037.609/0001-02";"470000,00";"07/08/2026";"16:23:32"
"07/08/2026";"19:30:06";2026;2;"Eleição Ordinária";6259;"Eleições Gerais Estaduais 2026";"04/10/2026";"MT";"MT";"MATO GROSSO";110002541772;11;11;"Apartamento";"APTO. 811 - EDIF. CUIABA FLAT SERVICE, CUIABA/MT";"44396,99";"07/08/2026";"16:23:32"
"07/08/2026";"19:30:06";2026;2;"Eleição Ordinária";6259;"Eleições Gerais Estaduais 2026";"04/10/2026";"MT";"MT";"MATO GROSSO";110002541772;12;99;"OUTROS BENS E DIREITOS";"LUCRO DISTRIBUIDO A RECEBER ¿ FRATELLO ENGENHARIA LTDA";"1600000,00";"07/08/2026";"16:23:32"
"07/08/2026";"19:30:06";2026;2;"Eleição Ordinária";6259;"Eleições Gerais Estaduais 2026";"04/10/2026";"MT";"MT";"MATO GROSSO";110002541772;10;61;"Depósito bancário em conta corrente no País";"SALDO CONTA CORRENTE BANCO DO BRASIL";"4,39";"07/08/2026";"16:23:32"
"07/08/2026";"19:30:06";2026;2;"Eleição Ordinária";6259;"Eleições Gerais Estaduais 2026";"04/10/2026";"MT";"MT";"MATO GROSSO";110002541772;14;99;"OUTROS BENS E DIREITOS";"CONTRATOS AQUISICAO ARROBAS DE BOIS, JUNTO A FAZENDAS REUNIDAS BOI GORDO";"78393,00";"07/08/2026";"16:23:32"
"07/08/2026";"19:30:06";2026;2;"Eleição Ordinária";6259;"Eleições Gerais Estaduais 2026";"04/10/2026";"MT";"MT";"MATO GROSSO";110002541772;13;99;"OUTROS BENS E DIREITOS";"LUCRO DISTRIBUIDO A RECEBER - MCA ENERGIA E BARRAGEM LTDA";"2100000,00";"07/08/2026";"16:23:32"
"07/08/2026";"19:30:06";2026;2;"Eleição Ordinária";6259;"Eleições Gerais Estaduais 2026";"04/10/2026";"MT";"MT";"MATO GROSSO";110002541772;15;95;"Consórcio não contemplado";"CONSORCIO BB DE AUTOMOVEIS";"93619,60";"07/08/2026";"16:23:32"
"07/08/2026";"19:30:06";2026;2;"Eleição Ordinária";6259;"Eleições Gerais Estaduais 2026";"04/10/2026";"MT";"MT";"MATO GROSSO";110002541772;17;59;"Outros créditos e poupança vinculados";"SALDO CONTA POUPANCA CEF";"1312,76";"07/08/2026";"16:23:32"
"07/08/2026";"19:30:06";2026;2;"Eleição Ordinária";6259;"Eleições Gerais Estaduais 2026";"04/10/2026";"MT";"MT";"MATO GROSSO";110002541772;18;49;"Outras aplicações e Investimentos";"SALDO APLICACAO XP INVESTIMENTOS";"87932,55";"07/08/2026";"16:23:32"
"07/08/2026";"19:30:06";2026;2;"Eleição Ordinária";6259;"Eleições Gerais Estaduais 2026";"04/10/2026";"MT";"MT";"MATO GROSSO";110002541772;16;51;"Crédito decorrente de empréstimo";"CREDITO DE EMPRESTIMO - MARINA CARLA AVALONE EM 2023";"1400000,00";"07/08/2026";"16:23:32"
"07/08/2026";"19:30:06";2026;2;"Eleição Ordinária";6259;"Eleições Gerais Estaduais 2026";"04/10/2026";"MT";"MT";"MATO GROSSO";110002541772;21;13;"Terreno";"LOTE 06, QUADRA 07, CONDOMINIO GINCO SEVILHA, EM CUIABA-MT";"233800,00";"07/08/2026";"16:23:32"
"07/08/2026";"19:30:06";2026;2;"Eleição Ordinária";6259;"Eleições Gerais Estaduais 2026";"04/10/2026";"MT";"MT";"MATO GROSSO";110002541772;19;99;"OUTROS BENS E DIREITOS";"LUCRO DISTRIBUIDO A RECEBER - VALOR ENGENHARIA LTDA";"2500000,00";"07/08/2026";"16:23:32"
"07/08/2026";"19:30:06";2026;2;"Eleição Ordinária";6259;"Eleições Gerais Estaduais 2026";"04/10/2026";"MT";"MT";"MATO GROSSO";110002541772;20;61;"Depósito bancário em conta corrente no País";"SALDO CAIXA/BANCOS";"1982440,00";"07/08/2026";"16:23:32"
"07/08/2026";"19:30:06";2026;2;"Eleição Ordinária";6259;"Eleições Gerais Estaduais 2026";"04/10/2026";"MT";"MT";"MATO GROSSO";110002541772;23;49;"Outras aplicações e Investimentos";"CREDITO - RODOLPHO TAVARES KUMMEL - RECEBIDO EM 2025 R$ 1.500.000,00";"2700000,00";"07/08/2026";"16:23:32"
"07/08/2026";"19:30:06";2026;2;"Eleição Ordinária";6259;"Eleições Gerais Estaduais 2026";"04/10/2026";"MT";"MT";"MATO GROSSO";110002541772;24;61;"Depósito bancário em conta corrente no País";"SALDO EM C/C CONTA QXR143520 CLEARING PERSHING";"1075038,37";"07/08/2026";"16:23:32"
"07/08/2026";"19:30:06";2026;2;"Eleição Ordinária";6259;"Eleições Gerais Estaduais 2026";"04/10/2026";"MT";"MT";"MATO GROSSO";110002541772;22;32;"Quotas ou quinhões de capital";"QUOTAS DE CAPITAL SOCIAL DA EMPRESA HORIZONTE PARTICIPACOES LTDA";"5000,00";"07/08/2026";"16:23:32"
"07/08/2026";"19:30:06";2026;2;"Eleição Ordinária";6259;"Eleições Gerais Estaduais 2026";"04/10/2026";"MT";"MT";"MATO GROSSO";110002541772;25;95;"Consórcio não contemplado";"CONSORCIO BB TRATORES";"47761,73";"07/08/2026";"16:23:32"
"07/08/2026";"19:30:06";2026;2;"Eleição Ordinária";6259;"Eleições Gerais Estaduais 2026";"04/10/2026";"MT";"MT";"MATO GROSSO";110002541772;26;95;"Consórcio não contemplado";"CONSORCIO SICOOB, GRUPO/COTA 001083/0878-00";"102338,52";"07/08/2026";"16:23:32"
"07/08/2026";"19:30:06";2026;2;"Eleição Ordinária";6259;"Eleições Gerais Estaduais 2026";"04/10/2026";"MT";"MT";"MATO GROSSO";110002541772;27;32;"Quotas ou quinhões de capital";"QUOTAS DE CAPITAL SOCIAL DA EMPRESA FRATELLO ENGENHARIA LTDA, CNPJ 22.451.088/0001-09";"5528000,00";"07/08/2026";"16:23:32"
"07/08/2026";"19:30:06";2026;2;"Eleição Ordinária";6259;"Eleições Gerais Estaduais 2026";"04/10/2026";"MT";"MT";"MATO GROSSO";110002541772;30;49;"Outras aplicações e Investimentos";"SALDO APLICACAO BANCO DO BRASIL";"9849,82";"07/08/2026";"16:23:32"
"07/08/2026";"19:30:06";2026;2;"Eleição Ordinária";6259;"Eleições Gerais Estaduais 2026";"04/10/2026";"MT";"MT";"MATO GROSSO";110002541772;28;11;"Apartamento";"APARTAMENTO 132, TORRE 2, EDIF RESERVA BONIFACIA, EM CUIABA-MT";"543465,97";"07/08/2026";"16:23:32"
"07/08/2026";"19:30:06";2026;2;"Eleição Ordinária";6259;"Eleições Gerais Estaduais 2026";"04/10/2026";"MT";"MT";"MATO GROSSO";110002541772;29;14;"Terra nua";"1/3 AREA DE TERRAS EM ZONA RURAL NO MUNICIPIO DE ARIPUANA/MT";"123503,38";"07/08/2026";"16:23:32"
"07/08/2026";"19:30:06";2026;2;"Eleição Ordinária";6259;"Eleições Gerais Estaduais 2026";"04/10/2026";"MT";"MT";"MATO GROSSO";110002541772;33;19;"Outros bens imóveis";"1/13 DE UM CONDOMINIO CHAPADA DA SERRA ACIMA, EM CHAPADA DOS GUIMNARAES/MT";"17314,96";"07/08/2026";"16:23:32"
"07/08/2026";"19:30:06";2026;2;"Eleição Ordinária";6259;"Eleições Gerais Estaduais 2026";"04/10/2026";"MT";"MT";"MATO GROSSO";110002541772;31;59;"Outros créditos e poupança vinculados";"SALDO POUPANCA BB";"496,48";"07/08/2026";"16:23:32"
"07/08/2026";"19:30:06";2026;2;"Eleição Ordinária";6259;"Eleições Gerais Estaduais 2026";"04/10/2026";"MT";"MT";"MATO GROSSO";110002541772;32;61;"Depósito bancário em conta corrente no País";"SALDO VGBL BANCO DO BRASIL";"326885,96";"07/08/2026";"16:23:32"
"07/08/2026";"19:30:06";2026;2;"Eleição Ordinária";6259;"Eleições Gerais Estaduais 2026";"04/10/2026";"MT";"MT";"MATO GROSSO";110002541772;36;47;"Mercado futuros, de opções e a termo";"CREDITO - ADIANTAMENTO PARA FUTURO AUMENTO DE CAPITAL - FRATELLO ENGENHARIA LTDA";"3778852,88";"07/08/2026";"16:23:32"
"07/08/2026";"19:30:06";2026;2;"Eleição Ordinária";6259;"Eleições Gerais Estaduais 2026";"04/10/2026";"MT";"MT";"MATO GROSSO";110002541772;34;61;"Depósito bancário em conta corrente no País";"SALDO CONTA CORRENTE BANCO SICOOB";"84284,05";"07/08/2026";"16:23:32"
"07/08/2026";"19:30:06";2026;2;"Eleição Ordinária";6259;"Eleições Gerais Estaduais 2026";"04/10/2026";"MT";"MT";"MATO GROSSO";110002541772;35;51;"Crédito decorrente de empréstimo";"EMPRESTIMO IDA FESTA AVALONE";"500000,00";"07/08/2026";"16:23:32"
"07/08/2026";"19:30:06";2026;2;"Eleição Ordinária";6259;"Eleições Gerais Estaduais 2026";"04/10/2026";"MT";"MT";"MATO GROSSO";110002541772;38;13;"Terreno";"LOTE 05, QUADRA 07, CONDOMINIO GINCO SEVILHA, EM CUIABA-MT";"233800,00";"07/08/2026";"16:23:32"
"07/08/2026";"19:30:06";2026;2;"Eleição Ordinária";6259;"Eleições Gerais Estaduais 2026";"04/10/2026";"MT";"MT";"MATO GROSSO";110002541773;1;13;"Terreno";"TERRENO DE 600 M2 EM PLANALTINA DO PARANÁ / PR";"120000,00";"07/08/2026";"16:23:32"
"07/08/2026";"19:30:06";2026;2;"Eleição Ordinária";6259;"Eleições Gerais Estaduais 2026";"04/10/2026";"MT";"MT";"MATO GROSSO";110002541772;37;99;"OUTROS BENS E DIREITOS";"765 ARROBAS BOI MAGRO, ADQ. JUNTO FAZENDAS REUNIDAS BOI GORDO S/A, CONFORME CONTRATO 14212/2000-0001";"28900,00";"07/08/2026";"16:23:32"
"07/08/2026";"19:30:06";2026;2;"Eleição Ordinária";6259;"Eleições Gerais Estaduais 2026";"04/10/2026";"MT";"MT";"MATO GROSSO";110002541773;3;14;"Terra nua";"25% DE IMOVEL RURAL DE 1,9 HECTARES EM PARANAVAI / PR - HERANÇA";"13200,00";"07/08/2026";"16:23:32"
"07/08/2026";"19:30:06";2026;2;"Eleição Ordinária";6259;"Eleições Gerais Estaduais 2026";"04/10/2026";"MT";"MT";"MATO GROSSO";110002541773;4;14;"Terra nua";"25% DE IMOVEL RURAL DE 1,6 HECTARES EM PARANAVAI / PR - HERANÇA";"11825,00";"07/08/2026";"16:23:32"
"07/08/2026";"19:30:06";2026;2;"Eleição Ordinária";6259;"Eleições Gerais Estaduais 2026";"04/10/2026";"MT";"MT";"MATO GROSSO";110002541773;2;12;"Casa";"CASA DE ALVENARIA NA CIDADE DE PLANALTINA DO PARANA / PR";"305000,00";"07/08/2026";"16:23:32"
"07/08/2026";"19:30:06";2026;2;"Eleição Ordinária";6259;"Eleições Gerais Estaduais 2026";"04/10/2026";"MT";"MT";"MATO GROSSO";110002541773;7;13;"Terreno";"TERRENO DE 525 M2 EM JUARA / MT";"70000,00";"07/08/2026";"16:23:32"
"07/08/2026";"19:30:06";2026;2;"Eleição Ordinária";6259;"Eleições Gerais Estaduais 2026";"04/10/2026";"MT";"MT";"MATO GROSSO";110002541773;5;13;"Terreno";"25% DE UM TERRENO DE 600 M2 EM PLANALTINA DO PARANÁ - HERANÇA";"14750,00";"07/08/2026";"16:23:32"
"07/08/2026";"19:30:06";2026;2;"Eleição Ordinária";6259;"Eleições Gerais Estaduais 2026";"04/10/2026";"MT";"MT";"MATO GROSSO";110002541773;6;13;"Terreno";"TERRENO DE 525 M2 EM JUARA / MT";"70000,00";"07/08/2026";"16:23:32"
"07/08/2026";"19:30:06";2026;2;"Eleição Ordinária";6259;"Eleições Gerais Estaduais 2026";"04/10/2026";"MT";"MT";"MATO GROSSO";110002541773;10;14;"Terra nua";"IMOVEL RURAL DE 11,5 ALQUEIRES PAULISTA EM PLANALTINA DO PARANÁ / PR";"300000,00";"07/08/2026";"16:23:32"
"07/08/2026";"19:30:06";2026;2;"Eleição Ordinária";6259;"Eleições Gerais Estaduais 2026";"04/10/2026";"MT";"MT";"MATO GROSSO";110002541773;8;21;"Veículo automotor terrestre: caminhão, automóvel, moto, etc.";"CHEVROLET S10 LTZ 2024 / 2025";"271746,00";"07/08/2026";"16:23:32"
"07/08/2026";"19:30:06";2026;2;"Eleição Ordinária";6259;"Eleições Gerais Estaduais 2026";"04/10/2026";"MT";"MT";"MATO GROSSO";110002541773;9;21;"Veículo automotor terrestre: caminhão, automóvel, moto, etc.";"FIAT TORO 2026 / 2026 (CONSORCIO CONTEMPLADO)";"140986,36";"07/08/2026";"16:23:32"
"07/08/2026";"19:30:06";2026;2;"Eleição Ordinária";6259;"Eleições Gerais Estaduais 2026";"04/10/2026";"MT";"MT";"MATO GROSSO";110002541773;11;14;"Terra nua";"IMOVEL RURAL DE 605 HECTARES EM JUARA / MT ADQUIRIDO EM 08/07/1997";"1200000,00";"07/08/2026";"16:23:32"
"07/08/2026";"19:30:06";2026;2;"Eleição Ordinária";6259;"Eleições Gerais Estaduais 2026";"04/10/2026";"MT";"MT";"MATO GROSSO";110002541773;12;14;"Terra nua";"25% DE IMOVEL RURAL DE 1,8 HECTARES EM PARANAVAI / PR - HERANÇA";"12500,00";"07/08/2026";"16:23:32"
"07/08/2026";"19:30:06";2026;2;"Eleição Ordinária";6259;"Eleições Gerais Estaduais 2026";"04/10/2026";"MT";"MT";"MATO GROSSO";110002541773;13;14;"Terra nua";"25% DE IMOVEL RURAL DE 12,1 HECTARES EM PARANAVAI / PR - HERANÇA";"84100,00";"07/08/2026";"16:23:32"
"07/08/2026";"19:30:06";2026;2;"Eleição Ordinária";6259;"Eleições Gerais Estaduais 2026";"04/10/2026";"MT";"MT";"MATO GROSSO";110002541773;14;13;"Terreno";"TERRENO DE 420 M2 EM JUARA / MT";"360000,00";"07/08/2026";"16:23:32"
"07/08/2026";"19:30:06";2026;2;"Eleição Ordinária";6259;"Eleições Gerais Estaduais 2026";"04/10/2026";"MT";"MT";"MATO GROSSO";110002541773;15;14;"Terra nua";"25% DE IMOVEL RURAL DE 2,9 HECTARES EM PARANAVAI / PR - HERANÇA";"20850,00";"07/08/2026";"16:23:32"
"07/08/2026";"19:30:06";2026;2;"Eleição Ordinária";6259;"Eleições Gerais Estaduais 2026";"04/10/2026";"MT";"MT";"MATO GROSSO";110002541773;16;14;"Terra nua";"25% DE IMOVEL RURAL DE 2,3 HECTARES EM PLANALTINA DO PARANÁ / PR - HERANÇA";"16000,00";"07/08/2026";"16:23:32"
"07/08/2026";"19:30:06";2026;2;"Eleição Ordinária";6259;"Eleições Gerais Estaduais 2026";"04/10/2026";"MT";"MT";"MATO GROSSO";110002541773;18;14;"Terra nua";"IMOVEL RURAL DE 18,5 ALQUEIRES PAULISTA EM PARANAVAI / PR";"530000,00";"07/08/2026";"16:23:32"
"07/08/2026";"19:30:06";2026;2;"Eleição Ordinária";6259;"Eleições Gerais Estaduais 2026";"04/10/2026";"MT";"MT";"MATO GROSSO";110002541773;19;14;"Terra nua";"50% DE IMOVEL RURAL DE 188,9 HECTARES EM JUARA / MT- HERANÇA";"1186000,00";"07/08/2026";"16:23:32"
"07/08/2026";"19:30:06";2026;2;"Eleição Ordinária";6259;"Eleições Gerais Estaduais 2026";"04/10/2026";"MT";"MT";"MATO GROSSO";110002541773;17;95;"Consórcio não contemplado";"BB ADMINISTRADORA DE CONSÓRCIOS";"78375,16";"07/08/2026";"16:23:32"
"07/08/2026";"19:30:06";2026;2;"Eleição Ordinária";6259;"Eleições Gerais Estaduais 2026";"04/10/2026";"MT";"MT";"MATO GROSSO";110002541773;21;69;"Outros depósitos à vista e numerário";"SALDO EM CONTA CORRENTE BRADESCO AG 667 CONTA 60024";"665,56";"07/08/2026";"16:23:32"
"07/08/2026";"19:30:06";2026;2;"Eleição Ordinária";6259;"Eleições Gerais Estaduais 2026";"04/10/2026";"MT";"MT";"MATO GROSSO";110002541773;22;69;"Outros depósitos à vista e numerário";"SALDO EM CONTA CORRENTE BANCO DO BRASIL AG 2836-3 CONTA 9610 - 38.101,07";"-38101,07";"07/08/2026";"16:23:32"
"07/08/2026";"19:30:06";2026;2;"Eleição Ordinária";6259;"Eleições Gerais Estaduais 2026";"04/10/2026";"MT";"MT";"MATO GROSSO";110002541773;20;45;"Aplicação de renda fixa (CDB, RDB e outros)";"DEPÓSITO EM CONTA POUPANÇA DO BANCO DO BRASIL";"200,80";"07/08/2026";"16:23:32"
"07/08/2026";"19:30:06";2026;2;"Eleição Ordinária";6259;"Eleições Gerais Estaduais 2026";"04/10/2026";"MT";"MT";"MATO GROSSO";110002541773;23;59;"Outros créditos e poupança vinculados";"SALDO EM CONTA CORRENTE CRESOL AG 1846 CONTA 31885";"275,12";"07/08/2026";"16:23:32"
"07/08/2026";"19:30:06";2026;2;"Eleição Ordinária";6259;"Eleições Gerais Estaduais 2026";"04/10/2026";"MT";"MT";"MATO GROSSO";110002541774;1;61;"Depósito bancário em conta corrente no País";"SALDO EM CONTA BANCÁRIA MANTIDA NA COOPERATIVA SICREDI AGENCIA 0802";"69595,45";"07/08/2026";"16:23:32"
"07/08/2026";"19:30:06";2026;2;"Eleição Ordinária";6259;"Eleições Gerais Estaduais 2026";"04/10/2026";"MT";"MT";"MATO GROSSO";110002541773;24;45;"Aplicação de renda fixa (CDB, RDB e outros)";"CDB RENDE FÁCIL BANCO DO BRASIL";"2664,75";"07/08/2026";"16:23:32"
"07/08/2026";"19:30:06";2026;2;"Eleição Ordinária";6259;"Eleições Gerais Estaduais 2026";"04/10/2026";"MT";"MT";"MATO GROSSO";110002541774;2;61;"Depósito bancário em conta corrente no País";"DEPÓSITO À VISTA EM CONTA BANCÁRIA MANTIDA NA AGENCIA DO BANCO SICOOB AGENCIA 4345";"59569,45";"07/08/2026";"16:23:32"
"07/08/2026";"19:30:06";2026;2;"Eleição Ordinária";6259;"Eleições Gerais Estaduais 2026";"04/10/2026";"MT";"MT";"MATO GROSSO";110002541774;3;32;"Quotas ou quinhões de capital";"VALORES REFERENTES A JUROS SOBRE CAPITAL PRÓPRIO (JCP) A RECEBER DA EMPRESA CAMPO VERDE ATACADO E SUPERMERCADO LTDA.";"1789294,74";"07/08/2026";"16:23:32"
"07/08/2026";"19:30:06";2026;2;"Eleição Ordinária";6259;"Eleições Gerais Estaduais 2026";"04/10/2026";"MT";"MT";"MATO GROSSO";110002541774;4;21;"Veículo automotor terrestre: caminhão, automóvel, moto, etc.";"TRATOR MASSEY FERGUSON 65X, DECLARADO NA FICHA DE BENS DA ATIVIDADE RURAL";"35000,00";"07/08/2026";"16:23:32"
"07/08/2026";"19:30:06";2026;2;"Eleição Ordinária";6259;"Eleições Gerais Estaduais 2026";"04/10/2026";"MT";"MT";"MATO GROSSO";110002541774;6;14;"Terra nua";"SEXTA PARTE DE UMA AREA DE TERRA DE 4,12 HC EM CAMPO VERDE";"850000,00";"07/08/2026";"16:23:32"
"07/08/2026";"19:30:06";2026;2;"Eleição Ordinária";6259;"Eleições Gerais Estaduais 2026";"04/10/2026";"MT";"MT";"MATO GROSSO";110002541774;7;21;"Veículo automotor terrestre: caminhão, automóvel, moto, etc.";"CARRETA AGRÍCOLA PARA TRANSPORTE, DECLARADA NA FICHA DE BENS DA ATIVIDADE RURAL";"2900,00";"07/08/2026";"16:23:32"
"07/08/2026";"19:30:06";2026;2;"Eleição Ordinária";6259;"Eleições Gerais Estaduais 2026";"04/10/2026";"MT";"MT";"MATO GROSSO";110002541774;5;21;"Veículo automotor terrestre: caminhão, automóvel, moto, etc.";"AUTOMÓVEL FIAT TORO VOLCANO 26/27";"178000,00";"07/08/2026";"16:23:32"
"07/08/2026";"19:30:06";2026;2;"Eleição Ordinária";6259;"Eleições Gerais Estaduais 2026";"04/10/2026";"MT";"MT";"MATO GROSSO";110002541774;8;39;"Outras participações societárias";"PARTICIPAÇÃO SOCIETÁRIA NA SCHROETER E CASTILHO HOLDING LTDA. ¿ CNPJ 45.487.926/0001-91.";"1244420,00";"07/08/2026";"16:23:32"
"07/08/2026";"19:30:06";2026;2;"Eleição Ordinária";6259;"Eleições Gerais Estaduais 2026";"04/10/2026";"MT";"MT";"MATO GROSSO";110002541774;9;39;"Outras participações societárias";"PARTICIPAÇÃO NO CAPITAL SOCIAL DA COOPERATIVA DE CRÉDITO SICOOB PRIMAVERA ¿ CNPJ 05.241.619/0001-01.";"140858,16";"07/08/2026";"16:23:32"
"07/08/2026";"19:30:06";2026;2;"Eleição Ordinária";6259;"Eleições Gerais Estaduais 2026";"04/10/2026";"MT";"MT";"MATO GROSSO";110002541774;10;39;"Outras participações societárias";"PARTICIPAÇÃO SOCIETÁRIA NA COOPERATIVA SICREDI AGENCIA 0802";"27341,66";"07/08/2026";"16:23:32"
"07/08/2026";"19:30:06";2026;2;"Eleição Ordinária";6259;"Eleições Gerais Estaduais 2026";"04/10/2026";"MT";"MT";"MATO GROSSO";110002541775;3;61;"Depósito bancário em conta corrente no País";"DINHEIRO NO BANCO DO BRASIL";"185000,00";"07/08/2026";"16:23:32"
"07/08/2026";"19:30:06";2026;2;"Eleição Ordinária";6259;"Eleições Gerais Estaduais 2026";"04/10/2026";"MT";"MT";"MATO GROSSO";110002541775;1;21;"Veículo automotor terrestre: caminhão, automóvel, moto, etc.";"HILLUX 2021";"200000,00";"07/08/2026";"16:23:32"
"07/08/2026";"19:30:06";2026;2;"Eleição Ordinária";6259;"Eleições Gerais Estaduais 2026";"04/10/2026";"MT";"MT";"MATO GROSSO";110002541775;2;12;"Casa";"CASA NO BAIRRO ARAGUAIA";"350000,00";"07/08/2026";"16:23:32"
"07/08/2026";"19:30:06";2026;2;"Eleição Ordinária";6259;"Eleições Gerais Estaduais 2026";"04/10/2026";"MT";"MT";"MATO GROSSO";110002541775;4;61;"Depósito bancário em conta corrente no País";"DINHEIRO NO BANCO SANTANDER";"20000,00";"07/08/2026";"16:23:32"
"07/08/2026";"19:30:06";2026;2;"Eleição Ordinária";6259;"Eleições Gerais Estaduais 2026";"04/10/2026";"MT";"MT";"MATO GROSSO";110002541776;1;61;"Depósito bancário em conta corrente no País";"SALDO EM CONTA BANCARIA";"1000,00";"07/08/2026";"16:23:32"
"07/08/2026";"19:30:06";2026;2;"Eleição Ordinária";6259;"Eleições Gerais Estaduais 2026";"04/10/2026";"MT";"MT";"MATO GROSSO";110002541777;1;1;"Prédio residencial";"APARTAMENTO RESIDENCIAL RUA PROF. NEUZA LULA RODRIGUES, 144 NA CIDADE DE CUIABÁ FINANCIADO CAIXA ECONOMICA";"141102,94";"07/08/2026";"16:23:32"
"07/08/2026";"19:30:06";2026;2;"Eleição Ordinária";6259;"Eleições Gerais Estaduais 2026";"04/10/2026";"MT";"MT";"MATO GROSSO";110002541777;4;13;"Terreno";"TERRENO SITUADO NA RUA MARINGÁ, 1444 NA CIDADE DE PRIMAVERA DO LESTE";"250000,00";"07/08/2026";"16:23:32"
"07/08/2026";"19:30:06";2026;2;"Eleição Ordinária";6259;"Eleições Gerais Estaduais 2026";"04/10/2026";"MT";"MT";"MATO GROSSO";110002541777;3;12;"Casa";"CASA RESIDENCIAL NA RUA MARINGÁ, 1431 CIDADE DE PRIMAVERA DO LESTE FINANCIADO CAIXA ECONOMICA";"350000,00";"07/08/2026";"16:23:32"
"07/08/2026";"19:30:06";2026;2;"Eleição Ordinária";6259;"Eleições Gerais Estaduais 2026";"04/10/2026";"MT";"MT";"MATO GROSSO";110002541777;2;12;"Casa";"CASA RESIDENCIAL NA RUA MONTEIRO LOBATO, 32 NA CIDADE DE POXORÉU";"220000,00";"07/08/2026";"16:23:32"
"07/08/2026";"19:30:06";2026;2;"Eleição Ordinária";6259;"Eleições Gerais Estaduais 2026";"04/10/2026";"MT";"MT";"MATO GROSSO";110002541777;6;21;"Veículo automotor terrestre: caminhão, automóvel, moto, etc.";"VEÍCULO FIAT PULSE DRIVE ANO 2022";"85000,00";"07/08/2026";"16:23:32"
"07/08/2026";"19:30:06";2026;2;"Eleição Ordinária";6259;"Eleições Gerais Estaduais 2026";"04/10/2026";"MT";"MT";"MATO GROSSO";110002541777;7;32;"Quotas ou quinhões de capital";"QUOTAS COOP CRÉDITO SICREDI";"69344,54";"07/08/2026";"16:23:32"
"07/08/2026";"19:30:06";2026;2;"Eleição Ordinária";6259;"Eleições Gerais Estaduais 2026";"04/10/2026";"MT";"MT";"MATO GROSSO";110002541777;5;32;"Quotas ou quinhões de capital";"QUOTAS DA FIRMA TUCANO AVIAÇÃO AGRICOLA CNPJ 01.512.709/0001-39";"272000,00";"07/08/2026";"16:23:32"
"07/08/2026";"19:30:06";2026;2;"Eleição Ordinária";6259;"Eleições Gerais Estaduais 2026";"04/10/2026";"MT";"MT";"MATO GROSSO";110002541777;8;61;"Depósito bancário em conta corrente no País";"SALDO CONTA CAIXA ECONÔMICA C/C XX AG XXX";"5623,51";"07/08/2026";"16:23:32"
"07/08/2026";"19:30:06";2026;2;"Eleição Ordinária";6259;"Eleições Gerais Estaduais 2026";"04/10/2026";"MT";"MT";"MATO GROSSO";110002541777;9;21;"Veículo automotor terrestre: caminhão, automóvel, moto, etc.";"VEICULO CHEVROLET TRACKER ANO 2023";"114000,00";"07/08/2026";"16:23:32"
"07/08/2026";"19:30:06";2026;2;"Eleição Ordinária";6259;"Eleições Gerais Estaduais 2026";"04/10/2026";"MT";"MT";"MATO GROSSO";110002541777;10;32;"Quotas ou quinhões de capital";"QUOTAS DA FIRMA ACESSÓRIOS VILA RICA CNPJ 37.437.985/0001- 27";"0,01";"07/08/2026";"16:23:32"
"07/08/2026";"19:30:06";2026;2;"Eleição Ordinária";6259;"Eleições Gerais Estaduais 2026";"04/10/2026";"MT";"MT";"MATO GROSSO";110002541777;11;61;"Depósito bancário em conta corrente no País";"SALDO DE INVESTIMOS NO BANCO DO BRASIL C/C 5218-3 AG 3290-5";"169371,46";"07/08/2026";"16:23:32"
"07/08/2026";"19:30:06";2026;2;"Eleição Ordinária";6259;"Eleições Gerais Estaduais 2026";"04/10/2026";"MT";"MT";"MATO GROSSO";110002541778;1;41;"Caderneta de poupança";"BANCO CAIXA";"1,60";"07/08/2026";"16:23:32"
"07/08/2026";"19:30:06";2026;2;"Eleição Ordinária";6259;"Eleições Gerais Estaduais 2026";"04/10/2026";"MT";"MT";"MATO GROSSO";110002541778;2;12;"Casa";"50% DO IMOVEL NA AV. DOS TRABALHADORES";"246857,39";"07/08/2026";"16:23:32"
"07/08/2026";"19:30:06";2026;2;"Eleição Ordinária";6259;"Eleições Gerais Estaduais 2026";"04/10/2026";"MT";"MT";"MATO GROSSO";110002541778;3;13;"Terreno";"NO JARDIM PASSAREDO";"600000,00";"07/08/2026";"16:23:32"
"07/08/2026";"19:30:06";2026;2;"Eleição Ordinária";6259;"Eleições Gerais Estaduais 2026";"04/10/2026";"MT";"MT";"MATO GROSSO";110002541778;4;21;"Veículo automotor terrestre: caminhão, automóvel, moto, etc.";"PALIO 2005";"10000,00";"07/08/2026";"16:23:32"
"07/08/2026";"19:30:06";2026;2;"Eleição Ordinária";6259;"Eleições Gerais Estaduais 2026";"04/10/2026";"MT";"MT";"MATO GROSSO";110002541778;5;21;"Veículo automotor terrestre: caminhão, automóvel, moto, etc.";"PALIO WIKEND";"6000,00";"07/08/2026";"16:23:32"
"07/08/2026";"19:30:06";2026;2;"Eleição Ordinária";6259;"Eleições Gerais Estaduais 2026";"04/10/2026";"MT";"MT";"MATO GROSSO";110002541778;6;61;"Depósito bancário em conta corrente no País";"NUBANK";"4,75";"07/08/2026";"16:23:32"
"07/08/2026";"19:30:06";2026;2;"Eleição Ordinária";6259;"Eleições Gerais Estaduais 2026";"04/10/2026";"MT";"MT";"MATO GROSSO";110002541778;7;12;"Casa";"NO SANTA TERESINHA";"108884,68";"07/08/2026";"16:23:32"
"07/08/2026";"19:30:06";2026;2;"Eleição Ordinária";6259;"Eleições Gerais Estaduais 2026";"04/10/2026";"MT";"MT";"MATO GROSSO";110002541779;1;32;"Quotas ou quinhões de capital";"CAPITAL SOCIAL DA EMPRESA BEZERRA MML LIMITADA 100%";"100000,00";"07/08/2026";"16:23:32"
"07/08/2026";"19:30:06";2026;2;"Eleição Ordinária";6259;"Eleições Gerais Estaduais 2026";"04/10/2026";"MT";"MT";"MATO GROSSO";110002541780;1;13;"Terreno";"TERRENO BAIRRO DOM AQUINO";"200000,00";"07/08/2026";"16:23:32"
"07/08/2026";"19:30:06";2026;2;"Eleição Ordinária";6259;"Eleições Gerais Estaduais 2026";"04/10/2026";"MT";"MT";"MATO GROSSO";110002541779;2;12;"Casa";"IMOVEL RESIDENCIAL NO BAIRRO RIBEIRÃO DO LIPA";"503812,83";"07/08/2026";"16:23:32"
"07/08/2026";"19:30:06";2026;2;"Eleição Ordinária";6259;"Eleições Gerais Estaduais 2026";"04/10/2026";"MT";"MT";"MATO GROSSO";110002541781;1;12;"Casa";"ASA DE ALVENARIA, CONTENDO DOIS QUARTOS, SALA COZINHA , 1WC";"110000,00";"07/08/2026";"16:23:32"
"07/08/2026";"19:30:06";2026;2;"Eleição Ordinária";6259;"Eleições Gerais Estaduais 2026";"04/10/2026";"MT";"MT";"MATO GROSSO";110002541782;1;12;"Casa";"CHAPADA DOS GUIMARAES";"180000,00";"07/08/2026";"16:23:32"
"07/08/2026";"19:30:06";2026;2;"Eleição Ordinária";6259;"Eleições Gerais Estaduais 2026";"04/10/2026";"MT";"MT";"MATO GROSSO";110002541782;2;21;"Veículo automotor terrestre: caminhão, automóvel, moto, etc.";"ECOSPORT 2020";"70000,00";"07/08/2026";"16:23:32"
"07/08/2026";"19:30:06";2026;2;"Eleição Ordinária";6259;"Eleições Gerais Estaduais 2026";"04/10/2026";"MT";"MT";"MATO GROSSO";110002541782;3;21;"Veículo automotor terrestre: caminhão, automóvel, moto, etc.";"LANCER 2016";"50000,00";"07/08/2026";"16:23:32"
"07/08/2026";"19:30:06";2026;2;"Eleição Ordinária";6259;"Eleições Gerais Estaduais 2026";"04/10/2026";"MT";"MT";"MATO GROSSO";110002541783;3;13;"Terreno";"LOTE 11 QUADRA 27- JARDIM MORADA DA SERRA";"300000,00";"07/08/2026";"16:23:32"
"07/08/2026";"19:30:06";2026;2;"Eleição Ordinária";6259;"Eleições Gerais Estaduais 2026";"04/10/2026";"MT";"MT";"MATO GROSSO";110002541783;1;32;"Quotas ou quinhões de capital";"CAPITAL SOCIAL BANCO SICRED";"1447,00";"07/08/2026";"16:23:32"
"07/08/2026";"19:30:06";2026;2;"Eleição Ordinária";6259;"Eleições Gerais Estaduais 2026";"04/10/2026";"MT";"MT";"MATO GROSSO";110002541783;2;21;"Veículo automotor terrestre: caminhão, automóvel, moto, etc.";"HONDA C/100 VERMELHA 1998";"1000,00";"07/08/2026";"16:23:32"
"07/08/2026";"19:30:06";2026;2;"Eleição Ordinária";6259;"Eleições Gerais Estaduais 2026";"04/10/2026";"MT";"MT";"MATO GROSSO";110002541783;4;21;"Veículo automotor terrestre: caminhão, automóvel, moto, etc.";"HONDA HR-V CVT 2019/2020";"106352,00";"07/08/2026";"16:23:32"
"07/08/2026";"19:30:06";2026;2;"Eleição Ordinária";6259;"Eleições Gerais Estaduais 2026";"04/10/2026";"MT";"MT";"MATO GROSSO";110002541783;5;21;"Veículo automotor terrestre: caminhão, automóvel, moto, etc.";"HONDA BIZ 110I 2020/2021";"11270,00";"07/08/2026";"16:23:32"
