"DT_GERACAO";"HH_GERACAO";"ANO_ELEICAO";"CD_TIPO_ELEICAO";"NM_TIPO_ELEICAO";"CD_ELEICAO";"DS_ELEICAO";"DT_ELEICAO";"SG_UF";"SG_UE";"NM_UE";"SQ_CANDIDATO";"NR_ORDEM_BEM_CANDIDATO";"CD_TIPO_BEM_CANDIDATO";"DS_TIPO_BEM_CANDIDATO";"DS_BEM_CANDIDATO";"VR_BEM_CANDIDATO";"DT_ULT_ATUAL_BEM_CANDIDATO";"HH_ULT_ATUAL_BEM_CANDIDATO"
"05/08/2026";"19:30:07";2026;2;"Eleição Ordinária";6259;"Eleições Gerais Estaduais 2026";"04/10/2026";"SC";"SC";"SANTA CATARINA";240002533275;2;13;"Terreno";"TERRENO SÍITIO";"40000,00";"04/08/2026";"17:11:52"
"05/08/2026";"19:30:07";2026;2;"Eleição Ordinária";6259;"Eleições Gerais Estaduais 2026";"04/10/2026";"SC";"SC";"SANTA CATARINA";240002533274;1;12;"Casa";"SÃO FRANCISCO DO SUL";"380000,00";"04/08/2026";"17:11:52"
"05/08/2026";"19:30:07";2026;2;"Eleição Ordinária";6259;"Eleições Gerais Estaduais 2026";"04/10/2026";"SC";"SC";"SANTA CATARINA";240002533275;1;32;"Quotas ou quinhões de capital";"QUOTAS DE CAPITAL UNICRED";"21035,00";"04/08/2026";"17:11:52"
"05/08/2026";"19:30:07";2026;2;"Eleição Ordinária";6259;"Eleições Gerais Estaduais 2026";"04/10/2026";"SC";"SC";"SANTA CATARINA";240002533275;5;13;"Terreno";"TERRENO SÍTIO PRAIA DO RINCÃO";"52000,00";"04/08/2026";"17:11:52"
"05/08/2026";"19:30:07";2026;2;"Eleição Ordinária";6259;"Eleições Gerais Estaduais 2026";"04/10/2026";"SC";"SC";"SANTA CATARINA";240002533275;4;61;"Depósito bancário em conta corrente no País";"SALDO EM CONTA CORRENTE";"34471,15";"04/08/2026";"17:11:52"
"05/08/2026";"19:30:07";2026;2;"Eleição Ordinária";6259;"Eleições Gerais Estaduais 2026";"04/10/2026";"SC";"SC";"SANTA CATARINA";240002533275;3;61;"Depósito bancário em conta corrente no País";"SALDO DE CONTA CORRENTE";"12705,01";"04/08/2026";"17:11:52"
"05/08/2026";"19:30:07";2026;2;"Eleição Ordinária";6259;"Eleições Gerais Estaduais 2026";"04/10/2026";"SC";"SC";"SANTA CATARINA";240002533275;6;21;"Veículo automotor terrestre: caminhão, automóvel, moto, etc.";"CAMIONETE TRITON 2014";"80000,00";"04/08/2026";"17:11:52"
"05/08/2026";"19:30:07";2026;2;"Eleição Ordinária";6259;"Eleições Gerais Estaduais 2026";"04/10/2026";"SC";"SC";"SANTA CATARINA";240002533275;8;95;"Consórcio não contemplado";"CONSÓRCIO BRADESCO - PALIO - COTA 366";"13157,83";"04/08/2026";"17:11:52"
"05/08/2026";"19:30:07";2026;2;"Eleição Ordinária";6259;"Eleições Gerais Estaduais 2026";"04/10/2026";"SC";"SC";"SANTA CATARINA";240002533275;7;11;"Apartamento";"50% DO APARTAMENTO";"475000,00";"04/08/2026";"17:11:52"
"05/08/2026";"19:30:07";2026;2;"Eleição Ordinária";6259;"Eleições Gerais Estaduais 2026";"04/10/2026";"SC";"SC";"SANTA CATARINA";240002533276;1;12;"Casa";"CASA NO BAIRRO JOSÉ MENDES";"250000,00";"04/08/2026";"17:11:52"
"05/08/2026";"19:30:07";2026;2;"Eleição Ordinária";6259;"Eleições Gerais Estaduais 2026";"04/10/2026";"SC";"SC";"SANTA CATARINA";240002533275;9;95;"Consórcio não contemplado";"CONSÓRCIO BRADESCO - IMÓVEL";"56545,00";"04/08/2026";"17:11:52"
"05/08/2026";"19:30:07";2026;2;"Eleição Ordinária";6259;"Eleições Gerais Estaduais 2026";"04/10/2026";"SC";"SC";"SANTA CATARINA";240002533277;1;11;"Apartamento";"APARTAMENTO EM CAMBORIÚ";"127010,50";"04/08/2026";"17:11:50"
"05/08/2026";"19:30:07";2026;2;"Eleição Ordinária";6259;"Eleições Gerais Estaduais 2026";"04/10/2026";"SC";"SC";"SANTA CATARINA";240002533277;2;13;"Terreno";"20% DO TERRENO EM BOMBINHAS";"237747,14";"04/08/2026";"17:11:50"
"05/08/2026";"19:30:07";2026;2;"Eleição Ordinária";6259;"Eleições Gerais Estaduais 2026";"04/10/2026";"SC";"SC";"SANTA CATARINA";240002533277;3;59;"Outros créditos e poupança vinculados";"DINHEIRO EM CONTA POUPANÇA";"79574,54";"04/08/2026";"17:11:50"
"05/08/2026";"19:30:07";2026;2;"Eleição Ordinária";6259;"Eleições Gerais Estaduais 2026";"04/10/2026";"SC";"SC";"SANTA CATARINA";240002533277;4;61;"Depósito bancário em conta corrente no País";"DINHEIRO EM CONTA CORRENTE";"305,14";"04/08/2026";"17:11:50"
"05/08/2026";"19:30:07";2026;2;"Eleição Ordinária";6259;"Eleições Gerais Estaduais 2026";"04/10/2026";"SC";"SC";"SANTA CATARINA";240002533277;7;13;"Terreno";"TERRENO EM BALNEÁRIO CAMBORIÚ";"122000,00";"04/08/2026";"17:11:50"
"05/08/2026";"19:30:07";2026;2;"Eleição Ordinária";6259;"Eleições Gerais Estaduais 2026";"04/10/2026";"SC";"SC";"SANTA CATARINA";240002533277;6;12;"Casa";"CASA EM BALNEÁRIO CAMBORIÚ";"540000,00";"04/08/2026";"17:11:50"
"05/08/2026";"19:30:07";2026;2;"Eleição Ordinária";6259;"Eleições Gerais Estaduais 2026";"04/10/2026";"SC";"SC";"SANTA CATARINA";240002533277;5;45;"Aplicação de renda fixa (CDB, RDB e outros)";"APLICAÇÃO EM RENDA FIXA";"1692,63";"04/08/2026";"17:11:50"
"05/08/2026";"19:30:07";2026;2;"Eleição Ordinária";6259;"Eleições Gerais Estaduais 2026";"04/10/2026";"SC";"SC";"SANTA CATARINA";240002533277;9;13;"Terreno";"20% TERRENO EM BALNEÁRIO CAMBORIÚ";"1352,43";"04/08/2026";"17:11:50"
"05/08/2026";"19:30:07";2026;2;"Eleição Ordinária";6259;"Eleições Gerais Estaduais 2026";"04/10/2026";"SC";"SC";"SANTA CATARINA";240002533277;8;13;"Terreno";"20% TERRENO EM BALNEÁRIO CAMBORIÚ";"57000,00";"04/08/2026";"17:11:50"
"05/08/2026";"19:30:07";2026;2;"Eleição Ordinária";6259;"Eleições Gerais Estaduais 2026";"04/10/2026";"SC";"SC";"SANTA CATARINA";240002533277;10;11;"Apartamento";"APARTAMENTO DUPLEX EM BOMBINHAS";"426627,14";"04/08/2026";"17:11:50"
"05/08/2026";"19:30:07";2026;2;"Eleição Ordinária";6259;"Eleições Gerais Estaduais 2026";"04/10/2026";"SC";"SC";"SANTA CATARINA";240002533277;12;13;"Terreno";"20% TERRENO EM BALNEÁRIO CAMBORIÚ";"1127,02";"04/08/2026";"17:11:50"
"05/08/2026";"19:30:07";2026;2;"Eleição Ordinária";6259;"Eleições Gerais Estaduais 2026";"04/10/2026";"SC";"SC";"SANTA CATARINA";240002533277;11;13;"Terreno";"20% TERRENO EM BALNEÁRIO CAMBORIÚ";"1480,92";"04/08/2026";"17:11:50"
"05/08/2026";"19:30:07";2026;2;"Eleição Ordinária";6259;"Eleições Gerais Estaduais 2026";"04/10/2026";"SC";"SC";"SANTA CATARINA";240002533277;13;13;"Terreno";"20% TERRENO EM BALNEÁRIO CAMBORIÚ";"1221,76";"04/08/2026";"17:11:50"
"05/08/2026";"19:30:07";2026;2;"Eleição Ordinária";6259;"Eleições Gerais Estaduais 2026";"04/10/2026";"SC";"SC";"SANTA CATARINA";240002533277;14;13;"Terreno";"20% TERRENO EM BALNEÁRIO CAMBORIÚ";"1185,83";"04/08/2026";"17:11:50"
"05/08/2026";"19:30:07";2026;2;"Eleição Ordinária";6259;"Eleições Gerais Estaduais 2026";"04/10/2026";"SC";"SC";"SANTA CATARINA";240002533277;15;13;"Terreno";"20% TERRENO EM BALNEÁRIO CAMBORIÚ";"1480,92";"04/08/2026";"17:11:50"
"05/08/2026";"19:30:07";2026;2;"Eleição Ordinária";6259;"Eleições Gerais Estaduais 2026";"04/10/2026";"SC";"SC";"SANTA CATARINA";240002533277;16;13;"Terreno";"20% TERRENO EM BALNEÁRIO CAMBORIÚ";"1480,92";"04/08/2026";"17:11:50"
"05/08/2026";"19:30:07";2026;2;"Eleição Ordinária";6259;"Eleições Gerais Estaduais 2026";"04/10/2026";"SC";"SC";"SANTA CATARINA";240002533277;17;13;"Terreno";"20% TERRENO EM BALNEÁRIO CAMBORIÚ";"1480,92";"04/08/2026";"17:11:50"
"05/08/2026";"19:30:07";2026;2;"Eleição Ordinária";6259;"Eleições Gerais Estaduais 2026";"04/10/2026";"SC";"SC";"SANTA CATARINA";240002533277;18;13;"Terreno";"20% TERRENO EM BALNEÁRIO CAMBORIÚ";"1480,92";"04/08/2026";"17:11:50"
"05/08/2026";"19:30:07";2026;2;"Eleição Ordinária";6259;"Eleições Gerais Estaduais 2026";"04/10/2026";"SC";"SC";"SANTA CATARINA";240002533277;19;13;"Terreno";"10% TERRENO EM BALNEÁRIO CAMBORIÚ";"40000,00";"04/08/2026";"17:11:50"
"05/08/2026";"19:30:07";2026;2;"Eleição Ordinária";6259;"Eleições Gerais Estaduais 2026";"04/10/2026";"SC";"SC";"SANTA CATARINA";240002533277;20;39;"Outras participações societárias";"1% DAS QUOTAS DE CAPITAL SOCIAL DA EMPRESA IMBOBILIÁRIA PAVAN LTDA.";"200,00";"04/08/2026";"17:11:50"
"05/08/2026";"19:30:07";2026;2;"Eleição Ordinária";6259;"Eleições Gerais Estaduais 2026";"04/10/2026";"SC";"SC";"SANTA CATARINA";240002533277;21;39;"Outras participações societárias";"QUOTAS DE CAPITAL CREDIFOZ";"4973,44";"04/08/2026";"17:11:50"
"05/08/2026";"19:30:07";2026;2;"Eleição Ordinária";6259;"Eleições Gerais Estaduais 2026";"04/10/2026";"SC";"SC";"SANTA CATARINA";240002533278;1;21;"Veículo automotor terrestre: caminhão, automóvel, moto, etc.";"MERCEDES B170 2009";"45000,00";"04/08/2026";"17:11:52"
"05/08/2026";"19:30:07";2026;2;"Eleição Ordinária";6259;"Eleições Gerais Estaduais 2026";"04/10/2026";"SC";"SC";"SANTA CATARINA";240002533278;2;21;"Veículo automotor terrestre: caminhão, automóvel, moto, etc.";"SENIC 2011";"30000,00";"04/08/2026";"17:11:52"
"05/08/2026";"19:30:07";2026;2;"Eleição Ordinária";6259;"Eleições Gerais Estaduais 2026";"04/10/2026";"SC";"SC";"SANTA CATARINA";240002533278;4;21;"Veículo automotor terrestre: caminhão, automóvel, moto, etc.";"ACTION YOUNG 2011";"40000,00";"04/08/2026";"17:11:52"
"05/08/2026";"19:30:07";2026;2;"Eleição Ordinária";6259;"Eleições Gerais Estaduais 2026";"04/10/2026";"SC";"SC";"SANTA CATARINA";240002533278;3;21;"Veículo automotor terrestre: caminhão, automóvel, moto, etc.";"BMW X1 2010";"50000,00";"04/08/2026";"17:11:52"
"05/08/2026";"19:30:07";2026;2;"Eleição Ordinária";6259;"Eleições Gerais Estaduais 2026";"04/10/2026";"SC";"SC";"SANTA CATARINA";240002533279;2;32;"Quotas ou quinhões de capital";"10.000 QUOTAS DE CAPITAL JUNTO À EMPRESA B2 ASSESSORIA LTDA EM NOME DA ESPOSA";"14000,00";"04/08/2026";"17:11:52"
"05/08/2026";"19:30:07";2026;2;"Eleição Ordinária";6259;"Eleições Gerais Estaduais 2026";"04/10/2026";"SC";"SC";"SANTA CATARINA";240002533279;1;32;"Quotas ou quinhões de capital";"5.000 QUOTAS DE CAPITAL JUNTO À EMPRESA SANTA TEREZINHA CONSTRUTORA E INCORPORADORA LTDA";"5000,00";"04/08/2026";"17:11:52"
"05/08/2026";"19:30:07";2026;2;"Eleição Ordinária";6259;"Eleições Gerais Estaduais 2026";"04/10/2026";"SC";"SC";"SANTA CATARINA";240002533279;3;45;"Aplicação de renda fixa (CDB, RDB e outros)";"APLICAÇÃO EM RDB/CDB JUNTO AO BANCO ITAÚ S/A";"196,50";"04/08/2026";"17:11:52"
"05/08/2026";"19:30:07";2026;2;"Eleição Ordinária";6259;"Eleições Gerais Estaduais 2026";"04/10/2026";"SC";"SC";"SANTA CATARINA";240002533279;4;45;"Aplicação de renda fixa (CDB, RDB e outros)";"APLICAÇÃO EM CDB JUNTO AO BANCO ITAÚ S/A";"361,64";"04/08/2026";"17:11:52"
"05/08/2026";"19:30:07";2026;2;"Eleição Ordinária";6259;"Eleições Gerais Estaduais 2026";"04/10/2026";"SC";"SC";"SANTA CATARINA";240002533279;5;45;"Aplicação de renda fixa (CDB, RDB e outros)";"SALDO APLICADO EM LCI JUNTO À CAIXA ECONÔMICA FEDERAL";"0,95";"04/08/2026";"17:11:52"
"05/08/2026";"19:30:07";2026;2;"Eleição Ordinária";6259;"Eleições Gerais Estaduais 2026";"04/10/2026";"SC";"SC";"SANTA CATARINA";240002533279;6;61;"Depósito bancário em conta corrente no País";"SALDO EM CONTA CORRENTE JUNTO À CAIXA ECONÔMICA FEDERAL";"473,66";"04/08/2026";"17:11:52"
"05/08/2026";"19:30:07";2026;2;"Eleição Ordinária";6259;"Eleições Gerais Estaduais 2026";"04/10/2026";"SC";"SC";"SANTA CATARINA";240002533279;8;71;"Fundo de Curto Prazo";"BB RENDA FIXA SIMPLES RESERVA";"3333,86";"04/08/2026";"17:11:52"
"05/08/2026";"19:30:07";2026;2;"Eleição Ordinária";6259;"Eleições Gerais Estaduais 2026";"04/10/2026";"SC";"SC";"SANTA CATARINA";240002533279;9;61;"Depósito bancário em conta corrente no País";"SALDO EM CONTA CORRENTE JUNTO AO BANCO ITAÚ S/A";"1,00";"04/08/2026";"17:11:52"
"05/08/2026";"19:30:07";2026;2;"Eleição Ordinária";6259;"Eleições Gerais Estaduais 2026";"04/10/2026";"SC";"SC";"SANTA CATARINA";240002533279;7;61;"Depósito bancário em conta corrente no País";"SALDO EM CONTA CORRENTE JUNTO AO BANCO DO BRASIL S/A";"23,70";"04/08/2026";"17:11:52"
"05/08/2026";"19:30:07";2026;2;"Eleição Ordinária";6259;"Eleições Gerais Estaduais 2026";"04/10/2026";"SC";"SC";"SANTA CATARINA";240002533280;1;13;"Terreno";"25% DE TERRENO LOCALIZADO EM PENHA";"62,50";"04/08/2026";"17:11:52"
"05/08/2026";"19:30:07";2026;2;"Eleição Ordinária";6259;"Eleições Gerais Estaduais 2026";"04/10/2026";"SC";"SC";"SANTA CATARINA";240002533279;11;45;"Aplicação de renda fixa (CDB, RDB e outros)";"SALDO APLICADO EM LCI JUNTO À CAIXA ECONÔMICA FEDERAL EM NOME DA ESPOSA";"57000,00";"04/08/2026";"17:11:52"
"05/08/2026";"19:30:07";2026;2;"Eleição Ordinária";6259;"Eleições Gerais Estaduais 2026";"04/10/2026";"SC";"SC";"SANTA CATARINA";240002533279;10;11;"Apartamento";"APARTAMENTO RESIDENCIAL EM CHAPECÓ";"779544,31";"04/08/2026";"17:11:52"
"05/08/2026";"19:30:07";2026;2;"Eleição Ordinária";6259;"Eleições Gerais Estaduais 2026";"04/10/2026";"SC";"SC";"SANTA CATARINA";240002533280;4;13;"Terreno";"25% DE TERRENO LOCALIZADO EM PENHA";"329,81";"04/08/2026";"17:11:52"
"05/08/2026";"19:30:07";2026;2;"Eleição Ordinária";6259;"Eleições Gerais Estaduais 2026";"04/10/2026";"SC";"SC";"SANTA CATARINA";240002533280;2;49;"Outras aplicações e Investimentos";"SALDO EM CAIXA";"10000,00";"04/08/2026";"17:11:52"
"05/08/2026";"19:30:07";2026;2;"Eleição Ordinária";6259;"Eleições Gerais Estaduais 2026";"04/10/2026";"SC";"SC";"SANTA CATARINA";240002533280;3;13;"Terreno";"25% DE TERRENO LOCALIZADO EM PENHA";"969,55";"04/08/2026";"17:11:52"
"05/08/2026";"19:30:07";2026;2;"Eleição Ordinária";6259;"Eleições Gerais Estaduais 2026";"04/10/2026";"SC";"SC";"SANTA CATARINA";240002533280;6;13;"Terreno";"50% DE TERRERO LOCALIZADO EM POMERODE";"37500,00";"04/08/2026";"17:11:52"
"05/08/2026";"19:30:07";2026;2;"Eleição Ordinária";6259;"Eleições Gerais Estaduais 2026";"04/10/2026";"SC";"SC";"SANTA CATARINA";240002533280;5;32;"Quotas ou quinhões de capital";"CAPITAL SOCIAL DA EMPRESA KRUEGER CONSTRUÇÃO ARQUITETURA E DECORAÇÃO LTDA";"6000,00";"04/08/2026";"17:11:52"
"05/08/2026";"19:30:07";2026;2;"Eleição Ordinária";6259;"Eleições Gerais Estaduais 2026";"04/10/2026";"SC";"SC";"SANTA CATARINA";240002533280;7;41;"Caderneta de poupança";"BANCO DO BRASIL";"3934,62";"04/08/2026";"17:11:52"
"05/08/2026";"19:30:07";2026;2;"Eleição Ordinária";6259;"Eleições Gerais Estaduais 2026";"04/10/2026";"SC";"SC";"SANTA CATARINA";240002533281;3;45;"Aplicação de renda fixa (CDB, RDB e outros)";"CDB BRADESCO";"42421,22";"04/08/2026";"17:11:50"
"05/08/2026";"19:30:07";2026;2;"Eleição Ordinária";6259;"Eleições Gerais Estaduais 2026";"04/10/2026";"SC";"SC";"SANTA CATARINA";240002533281;2;32;"Quotas ou quinhões de capital";"COTAS GENIAL INVESTIMENTOS";"970,00";"04/08/2026";"17:11:50"
"05/08/2026";"19:30:07";2026;2;"Eleição Ordinária";6259;"Eleições Gerais Estaduais 2026";"04/10/2026";"SC";"SC";"SANTA CATARINA";240002533281;1;21;"Veículo automotor terrestre: caminhão, automóvel, moto, etc.";"CARRO GOL 2011/2012";"34000,00";"04/08/2026";"17:11:50"
"05/08/2026";"19:30:07";2026;2;"Eleição Ordinária";6259;"Eleições Gerais Estaduais 2026";"04/10/2026";"SC";"SC";"SANTA CATARINA";240002533281;4;32;"Quotas ou quinhões de capital";"COTAS GENIAL INVESTIMENTOS";"1068,00";"04/08/2026";"17:11:50"
"05/08/2026";"19:30:07";2026;2;"Eleição Ordinária";6259;"Eleições Gerais Estaduais 2026";"04/10/2026";"SC";"SC";"SANTA CATARINA";240002533281;5;61;"Depósito bancário em conta corrente no País";"DINHEIRO EM CONTA CORRENTE";"797,37";"04/08/2026";"17:11:50"
"05/08/2026";"19:30:07";2026;2;"Eleição Ordinária";6259;"Eleições Gerais Estaduais 2026";"04/10/2026";"SC";"SC";"SANTA CATARINA";240002533281;6;61;"Depósito bancário em conta corrente no País";"DINHEIRO EM CONTA CORRENTE";"1,00";"04/08/2026";"17:11:50"
"05/08/2026";"19:30:07";2026;2;"Eleição Ordinária";6259;"Eleições Gerais Estaduais 2026";"04/10/2026";"SC";"SC";"SANTA CATARINA";240002533281;7;49;"Outras aplicações e Investimentos";"MM OURO";"9061,04";"04/08/2026";"17:11:50"
"05/08/2026";"19:30:07";2026;2;"Eleição Ordinária";6259;"Eleições Gerais Estaduais 2026";"04/10/2026";"SC";"SC";"SANTA CATARINA";240002533281;8;32;"Quotas ou quinhões de capital";"COTAS GENIAL INVESTIMENTOS";"5420,14";"04/08/2026";"17:11:50"
"05/08/2026";"19:30:07";2026;2;"Eleição Ordinária";6259;"Eleições Gerais Estaduais 2026";"04/10/2026";"SC";"SC";"SANTA CATARINA";240002533281;9;32;"Quotas ou quinhões de capital";"COTAS GENIAL INVESTIMENTOS";"2029,80";"04/08/2026";"17:11:50"
"05/08/2026";"19:30:07";2026;2;"Eleição Ordinária";6259;"Eleições Gerais Estaduais 2026";"04/10/2026";"SC";"SC";"SANTA CATARINA";240002533281;10;32;"Quotas ou quinhões de capital";"COTAS GENIAL INVESTIMENTOS";"308,66";"04/08/2026";"17:11:50"
"05/08/2026";"19:30:07";2026;2;"Eleição Ordinária";6259;"Eleições Gerais Estaduais 2026";"04/10/2026";"SC";"SC";"SANTA CATARINA";240002533281;11;32;"Quotas ou quinhões de capital";"COTAS DE CAPITAL VIACRED";"13221,03";"04/08/2026";"17:11:50"
"05/08/2026";"19:30:07";2026;2;"Eleição Ordinária";6259;"Eleições Gerais Estaduais 2026";"04/10/2026";"SC";"SC";"SANTA CATARINA";240002533281;12;61;"Depósito bancário em conta corrente no País";"DINHEIRO EM CONTA CORRENTE";"1795,12";"04/08/2026";"17:11:50"
"05/08/2026";"19:30:07";2026;2;"Eleição Ordinária";6259;"Eleições Gerais Estaduais 2026";"04/10/2026";"SC";"SC";"SANTA CATARINA";240002533281;14;13;"Terreno";"50% DO TERRENO EM BLUMENAU";"5100,00";"04/08/2026";"17:11:50"
"05/08/2026";"19:30:07";2026;2;"Eleição Ordinária";6259;"Eleições Gerais Estaduais 2026";"04/10/2026";"SC";"SC";"SANTA CATARINA";240002533281;15;59;"Outros créditos e poupança vinculados";"DINHEIRO EM POUPANÇA";"908,67";"04/08/2026";"17:11:50"
"05/08/2026";"19:30:07";2026;2;"Eleição Ordinária";6259;"Eleições Gerais Estaduais 2026";"04/10/2026";"SC";"SC";"SANTA CATARINA";240002533281;13;21;"Veículo automotor terrestre: caminhão, automóvel, moto, etc.";"CARRO HYUNDAI IX35 2011/2012";"72000,00";"04/08/2026";"17:11:50"
"05/08/2026";"19:30:07";2026;2;"Eleição Ordinária";6259;"Eleições Gerais Estaduais 2026";"04/10/2026";"SC";"SC";"SANTA CATARINA";240002533281;16;59;"Outros créditos e poupança vinculados";"DINHEIRO EM POUPANÇA";"25046,56";"04/08/2026";"17:11:50"
"05/08/2026";"19:30:07";2026;2;"Eleição Ordinária";6259;"Eleições Gerais Estaduais 2026";"04/10/2026";"SC";"SC";"SANTA CATARINA";240002533282;1;59;"Outros créditos e poupança vinculados";"DINHEIRO EM CONTA POUPANÇA";"1,00";"04/08/2026";"17:11:50"
"05/08/2026";"19:30:07";2026;2;"Eleição Ordinária";6259;"Eleições Gerais Estaduais 2026";"04/10/2026";"SC";"SC";"SANTA CATARINA";240002533282;2;61;"Depósito bancário em conta corrente no País";"DINHEIRO EM CONTA CORRENTE";"4,16";"04/08/2026";"17:11:50"
"05/08/2026";"19:30:07";2026;2;"Eleição Ordinária";6259;"Eleições Gerais Estaduais 2026";"04/10/2026";"SC";"SC";"SANTA CATARINA";240002533283;2;13;"Terreno";"SÃO JOAQUM";"150000,00";"04/08/2026";"17:11:49"
"05/08/2026";"19:30:07";2026;2;"Eleição Ordinária";6259;"Eleições Gerais Estaduais 2026";"04/10/2026";"SC";"SC";"SANTA CATARINA";240002533283;1;21;"Veículo automotor terrestre: caminhão, automóvel, moto, etc.";"LAND ROVER DISCOVERY 2006";"48000,00";"04/08/2026";"17:11:49"
"05/08/2026";"19:30:07";2026;2;"Eleição Ordinária";6259;"Eleições Gerais Estaduais 2026";"04/10/2026";"SC";"SC";"SANTA CATARINA";240002533282;3;99;"OUTROS BENS E DIREITOS";"BEM/DIREITO PERTENCENTE AO TITULAR SEM USUFRUTO";"7816,42";"04/08/2026";"17:11:50"
"05/08/2026";"19:30:07";2026;2;"Eleição Ordinária";6259;"Eleições Gerais Estaduais 2026";"04/10/2026";"SC";"SC";"SANTA CATARINA";240002533283;5;39;"Outras participações societárias";"ADIANTAMENTO PARA AUMENTO FUTURO DE CAPITAL NA RMX PARTICIPAÇÕES LTDA";"1007500,00";"04/08/2026";"17:11:49"
"05/08/2026";"19:30:07";2026;2;"Eleição Ordinária";6259;"Eleições Gerais Estaduais 2026";"04/10/2026";"SC";"SC";"SANTA CATARINA";240002533283;4;32;"Quotas ou quinhões de capital";"515.000 COTAS DA RMX PARTICIPAÇÕES LTDA";"515000,00";"04/08/2026";"17:11:49"
"05/08/2026";"19:30:07";2026;2;"Eleição Ordinária";6259;"Eleições Gerais Estaduais 2026";"04/10/2026";"SC";"SC";"SANTA CATARINA";240002533283;3;51;"Crédito decorrente de empréstimo";"PARA A CÔNJUGE";"584000,00";"04/08/2026";"17:11:49"
"05/08/2026";"19:30:07";2026;2;"Eleição Ordinária";6259;"Eleições Gerais Estaduais 2026";"04/10/2026";"SC";"SC";"SANTA CATARINA";240002533283;7;59;"Outros créditos e poupança vinculados";"CONTA SALÁRIO BANCO DO BRASIL";"85000,00";"04/08/2026";"17:11:49"
"05/08/2026";"19:30:07";2026;2;"Eleição Ordinária";6259;"Eleições Gerais Estaduais 2026";"04/10/2026";"SC";"SC";"SANTA CATARINA";240002533283;8;41;"Caderneta de poupança";"CEF";"1237,49";"04/08/2026";"17:11:49"
"05/08/2026";"19:30:07";2026;2;"Eleição Ordinária";6259;"Eleições Gerais Estaduais 2026";"04/10/2026";"SC";"SC";"SANTA CATARINA";240002533283;6;61;"Depósito bancário em conta corrente no País";"BANCO DO BRASIL";"57381,94";"04/08/2026";"17:11:49"
"05/08/2026";"19:30:07";2026;2;"Eleição Ordinária";6259;"Eleições Gerais Estaduais 2026";"04/10/2026";"SC";"SC";"SANTA CATARINA";240002533285;2;13;"Terreno";"25% DE TERRENO RURAL NO MUNICÍPIO SÃO PEDRO";"37500,00";"04/08/2026";"17:11:49"
"05/08/2026";"19:30:07";2026;2;"Eleição Ordinária";6259;"Eleições Gerais Estaduais 2026";"04/10/2026";"SC";"SC";"SANTA CATARINA";240002533284;1;21;"Veículo automotor terrestre: caminhão, automóvel, moto, etc.";"VW FUSCA 1969";"7000,00";"04/08/2026";"17:11:52"
"05/08/2026";"19:30:07";2026;2;"Eleição Ordinária";6259;"Eleições Gerais Estaduais 2026";"04/10/2026";"SC";"SC";"SANTA CATARINA";240002533285;1;11;"Apartamento";"APARTAMENTO LOCALIZADO NO BAIRRO AREIAS - SÃO JOSÉ";"150000,00";"04/08/2026";"17:11:49"
"05/08/2026";"19:30:07";2026;2;"Eleição Ordinária";6259;"Eleições Gerais Estaduais 2026";"04/10/2026";"SC";"SC";"SANTA CATARINA";240002533285;3;21;"Veículo automotor terrestre: caminhão, automóvel, moto, etc.";"VEICULO RENAULT CLIO 2016";"25000,00";"04/08/2026";"17:11:49"
"05/08/2026";"19:30:07";2026;2;"Eleição Ordinária";6259;"Eleições Gerais Estaduais 2026";"04/10/2026";"SC";"SC";"SANTA CATARINA";240002533286;1;12;"Casa";"CASA NO BAIRRO CACUPÉ";"1499000,00";"04/08/2026";"17:11:52"
"05/08/2026";"19:30:07";2026;2;"Eleição Ordinária";6259;"Eleições Gerais Estaduais 2026";"04/10/2026";"SC";"SC";"SANTA CATARINA";240002533286;2;15;"Sala ou conjunto";"SALA COMERCIAL NO BAIRRO ESTREITO";"205000,00";"04/08/2026";"17:11:52"
"05/08/2026";"19:30:07";2026;2;"Eleição Ordinária";6259;"Eleições Gerais Estaduais 2026";"04/10/2026";"SC";"SC";"SANTA CATARINA";240002533287;2;39;"Outras participações societárias";"PARTICIPAÇÃO SOCIETÁRIA NA EMPRESA GMC VEÍCULOS LTDA";"273000,00";"04/08/2026";"17:11:49"
"05/08/2026";"19:30:07";2026;2;"Eleição Ordinária";6259;"Eleições Gerais Estaduais 2026";"04/10/2026";"SC";"SC";"SANTA CATARINA";240002533286;3;21;"Veículo automotor terrestre: caminhão, automóvel, moto, etc.";"GWM HAVAL 2023/2024";"224000,00";"04/08/2026";"17:11:52"
"05/08/2026";"19:30:07";2026;2;"Eleição Ordinária";6259;"Eleições Gerais Estaduais 2026";"04/10/2026";"SC";"SC";"SANTA CATARINA";240002533287;1;12;"Casa";". CASA DE ALVENARIA LOCALIZADA NO BAIRRO ABRAÃO";"120000,00";"04/08/2026";"17:11:49"
"05/08/2026";"19:30:07";2026;2;"Eleição Ordinária";6259;"Eleições Gerais Estaduais 2026";"04/10/2026";"SC";"SC";"SANTA CATARINA";240002533287;4;21;"Veículo automotor terrestre: caminhão, automóvel, moto, etc.";"VEÍCULO COROLLA 2022";"141500,00";"04/08/2026";"17:11:49"
"05/08/2026";"19:30:07";2026;2;"Eleição Ordinária";6259;"Eleições Gerais Estaduais 2026";"04/10/2026";"SC";"SC";"SANTA CATARINA";240002533287;3;21;"Veículo automotor terrestre: caminhão, automóvel, moto, etc.";"JEEP COMPASS SPORT 2023/2024";"105000,00";"04/08/2026";"17:11:49"
"05/08/2026";"19:30:07";2026;2;"Eleição Ordinária";6259;"Eleições Gerais Estaduais 2026";"04/10/2026";"SC";"SC";"SANTA CATARINA";240002533287;5;51;"Crédito decorrente de empréstimo";"CRÉDITO DECORRENTE DE EMPRÉSTIMO JUNTO A EMPRESA GMC VEÍCULOS LTDA";"350000,00";"04/08/2026";"17:11:49"
"05/08/2026";"19:30:07";2026;2;"Eleição Ordinária";6259;"Eleições Gerais Estaduais 2026";"04/10/2026";"SC";"SC";"SANTA CATARINA";240002533287;6;39;"Outras participações societárias";"PARTICIPAÇÃO SOCIETÁRIA NA EMPRESA GRA DISTRIBUIDORA LTDA";"7920,00";"04/08/2026";"17:11:49"
"05/08/2026";"19:30:07";2026;2;"Eleição Ordinária";6259;"Eleições Gerais Estaduais 2026";"04/10/2026";"SC";"SC";"SANTA CATARINA";240002533290;2;12;"Casa";"PALHOÇA";"300000,00";"04/08/2026";"17:11:52"
"05/08/2026";"19:30:07";2026;2;"Eleição Ordinária";6259;"Eleições Gerais Estaduais 2026";"04/10/2026";"SC";"SC";"SANTA CATARINA";240002533290;1;11;"Apartamento";"SÃO JOSÉ";"370000,00";"04/08/2026";"17:11:52"
"05/08/2026";"19:30:07";2026;2;"Eleição Ordinária";6259;"Eleições Gerais Estaduais 2026";"04/10/2026";"SC";"SC";"SANTA CATARINA";240002533290;3;21;"Veículo automotor terrestre: caminhão, automóvel, moto, etc.";"VW T CROSS 2024";"110000,00";"04/08/2026";"17:11:52"
"05/08/2026";"19:30:07";2026;2;"Eleição Ordinária";6259;"Eleições Gerais Estaduais 2026";"04/10/2026";"SC";"SC";"SANTA CATARINA";240002533291;1;21;"Veículo automotor terrestre: caminhão, automóvel, moto, etc.";"NISSAN KICKS 2021";"92741,00";"04/08/2026";"17:11:52"
"05/08/2026";"19:30:07";2026;2;"Eleição Ordinária";6259;"Eleições Gerais Estaduais 2026";"04/10/2026";"SC";"SC";"SANTA CATARINA";240002533290;4;11;"Apartamento";"SÃO JOSÉ";"250000,00";"04/08/2026";"17:11:52"
"05/08/2026";"19:30:07";2026;2;"Eleição Ordinária";6259;"Eleições Gerais Estaduais 2026";"04/10/2026";"SC";"SC";"SANTA CATARINA";240002533292;3;12;"Casa";"CASA EM GUARAMIRIM";"50000,00";"04/08/2026";"17:11:52"
"05/08/2026";"19:30:07";2026;2;"Eleição Ordinária";6259;"Eleições Gerais Estaduais 2026";"04/10/2026";"SC";"SC";"SANTA CATARINA";240002533292;1;21;"Veículo automotor terrestre: caminhão, automóvel, moto, etc.";"CARRO HONDA CITY";"85000,00";"04/08/2026";"17:11:52"
"05/08/2026";"19:30:07";2026;2;"Eleição Ordinária";6259;"Eleições Gerais Estaduais 2026";"04/10/2026";"SC";"SC";"SANTA CATARINA";240002533292;2;21;"Veículo automotor terrestre: caminhão, automóvel, moto, etc.";"CARRO FORD KA";"45000,00";"04/08/2026";"17:11:52"
"05/08/2026";"19:30:07";2026;2;"Eleição Ordinária";6259;"Eleições Gerais Estaduais 2026";"04/10/2026";"SC";"SC";"SANTA CATARINA";240002533293;1;13;"Terreno";"EM GUAIUBA COM CASA EM CONSTRUÇÃO";"785000,00";"04/08/2026";"17:11:52"
"05/08/2026";"19:30:07";2026;2;"Eleição Ordinária";6259;"Eleições Gerais Estaduais 2026";"04/10/2026";"SC";"SC";"SANTA CATARINA";240002533293;2;13;"Terreno";"1/3 DE TERRENO EM IMBITUBA";"93333,00";"04/08/2026";"17:11:52"
"05/08/2026";"19:30:07";2026;2;"Eleição Ordinária";6259;"Eleições Gerais Estaduais 2026";"04/10/2026";"SC";"SC";"SANTA CATARINA";240002533293;3;13;"Terreno";"1/7 DE TERRENO EM IMBITUBA";"9000,00";"04/08/2026";"17:11:52"
"05/08/2026";"19:30:07";2026;2;"Eleição Ordinária";6259;"Eleições Gerais Estaduais 2026";"04/10/2026";"SC";"SC";"SANTA CATARINA";240002533293;4;21;"Veículo automotor terrestre: caminhão, automóvel, moto, etc.";"HYUNDAI CRETA 2023";"130000,00";"04/08/2026";"17:11:52"
"05/08/2026";"19:30:07";2026;2;"Eleição Ordinária";6259;"Eleições Gerais Estaduais 2026";"04/10/2026";"SC";"SC";"SANTA CATARINA";240002533293;5;21;"Veículo automotor terrestre: caminhão, automóvel, moto, etc.";"TOYOTA YARIAS 2019";"80000,00";"04/08/2026";"17:11:52"
"05/08/2026";"19:30:07";2026;2;"Eleição Ordinária";6259;"Eleições Gerais Estaduais 2026";"04/10/2026";"SC";"SC";"SANTA CATARINA";240002533293;6;61;"Depósito bancário em conta corrente no País";"SANTANDER";"471,74";"04/08/2026";"17:11:52"
"05/08/2026";"19:30:07";2026;2;"Eleição Ordinária";6259;"Eleições Gerais Estaduais 2026";"04/10/2026";"SC";"SC";"SANTA CATARINA";240002533293;8;49;"Outras aplicações e Investimentos";"CAPITALIZAÇÃO";"75,00";"04/08/2026";"17:11:52"
"05/08/2026";"19:30:07";2026;2;"Eleição Ordinária";6259;"Eleições Gerais Estaduais 2026";"04/10/2026";"SC";"SC";"SANTA CATARINA";240002533293;9;32;"Quotas ou quinhões de capital";"CAPITAL SOCIAL UNICRED";"24497,65";"04/08/2026";"17:11:52"
"05/08/2026";"19:30:07";2026;2;"Eleição Ordinária";6259;"Eleições Gerais Estaduais 2026";"04/10/2026";"SC";"SC";"SANTA CATARINA";240002533293;7;61;"Depósito bancário em conta corrente no País";"SALDO";"4026,71";"04/08/2026";"17:11:52"
"05/08/2026";"19:30:07";2026;2;"Eleição Ordinária";6259;"Eleições Gerais Estaduais 2026";"04/10/2026";"SC";"SC";"SANTA CATARINA";240002533293;11;45;"Aplicação de renda fixa (CDB, RDB e outros)";"RENDA FIXA";"851,94";"04/08/2026";"17:11:52"
"05/08/2026";"19:30:07";2026;2;"Eleição Ordinária";6259;"Eleições Gerais Estaduais 2026";"04/10/2026";"SC";"SC";"SANTA CATARINA";240002533293;10;61;"Depósito bancário em conta corrente no País";"BANCO DO BRASIL";"0,43";"04/08/2026";"17:11:52"
"05/08/2026";"19:30:07";2026;2;"Eleição Ordinária";6259;"Eleições Gerais Estaduais 2026";"04/10/2026";"SC";"SC";"SANTA CATARINA";240002533293;12;61;"Depósito bancário em conta corrente no País";"CAIXA";"5,10";"04/08/2026";"17:11:52"
"05/08/2026";"19:30:07";2026;2;"Eleição Ordinária";6259;"Eleições Gerais Estaduais 2026";"04/10/2026";"SC";"SC";"SANTA CATARINA";240002533294;2;23;"Embarcação";"ECOMARINER 44";"900000,00";"04/08/2026";"17:11:50"
"05/08/2026";"19:30:07";2026;2;"Eleição Ordinária";6259;"Eleições Gerais Estaduais 2026";"04/10/2026";"SC";"SC";"SANTA CATARINA";240002533294;1;21;"Veículo automotor terrestre: caminhão, automóvel, moto, etc.";"PORSCHE CAYENNE 2024";"737326,00";"04/08/2026";"17:11:50"
"05/08/2026";"19:30:07";2026;2;"Eleição Ordinária";6259;"Eleições Gerais Estaduais 2026";"04/10/2026";"SC";"SC";"SANTA CATARINA";240002533293;13;61;"Depósito bancário em conta corrente no País";"BANCO INTER";"15,04";"04/08/2026";"17:11:52"
"05/08/2026";"19:30:07";2026;2;"Eleição Ordinária";6259;"Eleições Gerais Estaduais 2026";"04/10/2026";"SC";"SC";"SANTA CATARINA";240002533294;3;12;"Casa";"CONDOMÍNIO FECHADO EM CAMBORIÚ";"7000000,00";"04/08/2026";"17:11:50"
"05/08/2026";"19:30:07";2026;2;"Eleição Ordinária";6259;"Eleições Gerais Estaduais 2026";"04/10/2026";"SC";"SC";"SANTA CATARINA";240002533294;4;32;"Quotas ou quinhões de capital";"1% JLPPICCOLI";"2000,00";"04/08/2026";"17:11:50"
"05/08/2026";"19:30:07";2026;2;"Eleição Ordinária";6259;"Eleições Gerais Estaduais 2026";"04/10/2026";"SC";"SC";"SANTA CATARINA";240002533294;5;22;"Aeronave";"25% DE ROBINSON R44";"700000,00";"04/08/2026";"17:11:50"
"05/08/2026";"19:30:07";2026;2;"Eleição Ordinária";6259;"Eleições Gerais Estaduais 2026";"04/10/2026";"SC";"SC";"SANTA CATARINA";240002533294;6;11;"Apartamento";"PORTO BELO";"500000,00";"04/08/2026";"17:11:50"
"05/08/2026";"19:30:07";2026;2;"Eleição Ordinária";6259;"Eleições Gerais Estaduais 2026";"04/10/2026";"SC";"SC";"SANTA CATARINA";240002533294;7;11;"Apartamento";"TIJUCAS";"300000,00";"04/08/2026";"17:11:50"
"05/08/2026";"19:30:07";2026;2;"Eleição Ordinária";6259;"Eleições Gerais Estaduais 2026";"04/10/2026";"SC";"SC";"SANTA CATARINA";240002533294;8;11;"Apartamento";"CAMBORIÚ";"300000,00";"04/08/2026";"17:11:50"
"05/08/2026";"19:30:07";2026;2;"Eleição Ordinária";6259;"Eleições Gerais Estaduais 2026";"04/10/2026";"SC";"SC";"SANTA CATARINA";240002533294;10;32;"Quotas ou quinhões de capital";"50% VH PICCOLI";"25000,00";"04/08/2026";"17:11:50"
"05/08/2026";"19:30:07";2026;2;"Eleição Ordinária";6259;"Eleições Gerais Estaduais 2026";"04/10/2026";"SC";"SC";"SANTA CATARINA";240002533294;11;32;"Quotas ou quinhões de capital";"50 COTAS VHX";"50000,00";"04/08/2026";"17:11:50"
"05/08/2026";"19:30:07";2026;2;"Eleição Ordinária";6259;"Eleições Gerais Estaduais 2026";"04/10/2026";"SC";"SC";"SANTA CATARINA";240002533294;9;32;"Quotas ou quinhões de capital";"425.000 COTAS PEDRA RUBI";"425000,00";"04/08/2026";"17:11:50"
"05/08/2026";"19:30:07";2026;2;"Eleição Ordinária";6259;"Eleições Gerais Estaduais 2026";"04/10/2026";"SC";"SC";"SANTA CATARINA";240002533294;12;32;"Quotas ou quinhões de capital";"60 COTAS JARDIM DE ALFREDO";"60000,00";"04/08/2026";"17:11:50"
"05/08/2026";"19:30:07";2026;2;"Eleição Ordinária";6259;"Eleições Gerais Estaduais 2026";"04/10/2026";"SC";"SC";"SANTA CATARINA";240002533294;13;11;"Apartamento";"GRAMADO";"500000,00";"04/08/2026";"17:11:50"
"05/08/2026";"19:30:07";2026;2;"Eleição Ordinária";6259;"Eleições Gerais Estaduais 2026";"04/10/2026";"SC";"SC";"SANTA CATARINA";240002533294;14;15;"Sala ou conjunto";"ITAJAÍ";"200000,00";"04/08/2026";"17:11:50"
"05/08/2026";"19:30:07";2026;2;"Eleição Ordinária";6259;"Eleições Gerais Estaduais 2026";"04/10/2026";"SC";"SC";"SANTA CATARINA";240002533294;15;32;"Quotas ou quinhões de capital";"75.000 COTAS FAMÍLIA PICCOLI";"75000,00";"04/08/2026";"17:11:50"
"05/08/2026";"19:30:07";2026;2;"Eleição Ordinária";6259;"Eleições Gerais Estaduais 2026";"04/10/2026";"SC";"SC";"SANTA CATARINA";240002533294;16;22;"Aeronave";"25% DE CIRRUS SR-20 2004";"700000,00";"04/08/2026";"17:11:50"
"05/08/2026";"19:30:07";2026;2;"Eleição Ordinária";6259;"Eleições Gerais Estaduais 2026";"04/10/2026";"SC";"SC";"SANTA CATARINA";240002533295;1;61;"Depósito bancário em conta corrente no País";"DEPÓSITO";"40000,00";"04/08/2026";"17:11:52"
"05/08/2026";"19:30:07";2026;2;"Eleição Ordinária";6259;"Eleições Gerais Estaduais 2026";"04/10/2026";"SC";"SC";"SANTA CATARINA";240002533296;1;41;"Caderneta de poupança";"CASA DE ALVENARIA EM CONSTRUÇÃO";"1100000,00";"04/08/2026";"17:11:52"
"05/08/2026";"19:30:07";2026;2;"Eleição Ordinária";6259;"Eleições Gerais Estaduais 2026";"04/10/2026";"SC";"SC";"SANTA CATARINA";240002533297;1;12;"Casa";"DE ALVENARIA";"920000,00";"04/08/2026";"17:11:52"
"05/08/2026";"19:30:07";2026;2;"Eleição Ordinária";6259;"Eleições Gerais Estaduais 2026";"04/10/2026";"SC";"SC";"SANTA CATARINA";240002533297;2;21;"Veículo automotor terrestre: caminhão, automóvel, moto, etc.";"CARRO GT PEUGEOT 2008";"163000,00";"04/08/2026";"17:11:52"
"05/08/2026";"19:30:07";2026;2;"Eleição Ordinária";6259;"Eleições Gerais Estaduais 2026";"04/10/2026";"SC";"SC";"SANTA CATARINA";240002533297;3;21;"Veículo automotor terrestre: caminhão, automóvel, moto, etc.";"MOTO CB 2023";"23500,00";"04/08/2026";"17:11:52"
"05/08/2026";"19:30:07";2026;2;"Eleição Ordinária";6259;"Eleições Gerais Estaduais 2026";"04/10/2026";"SC";"SC";"SANTA CATARINA";240002533298;2;21;"Veículo automotor terrestre: caminhão, automóvel, moto, etc.";"HONDA CIVIC";"38000,00";"04/08/2026";"17:11:52"
"05/08/2026";"19:30:07";2026;2;"Eleição Ordinária";6259;"Eleições Gerais Estaduais 2026";"04/10/2026";"SC";"SC";"SANTA CATARINA";240002533298;1;63;"Dinheiro em espécie - moeda nacional";"DINHEIRO";"8000,00";"04/08/2026";"17:11:52"
"05/08/2026";"19:30:07";2026;2;"Eleição Ordinária";6259;"Eleições Gerais Estaduais 2026";"04/10/2026";"SC";"SC";"SANTA CATARINA";240002533298;4;13;"Terreno";"RURAL EM RIO DO ENGANO";"41000,00";"04/08/2026";"17:11:52"
"05/08/2026";"19:30:07";2026;2;"Eleição Ordinária";6259;"Eleições Gerais Estaduais 2026";"04/10/2026";"SC";"SC";"SANTA CATARINA";240002533298;3;12;"Casa";"EM RIO DO ENGANO";"50000,00";"04/08/2026";"17:11:52"
"05/08/2026";"19:30:07";2026;2;"Eleição Ordinária";6259;"Eleições Gerais Estaduais 2026";"04/10/2026";"SC";"SC";"SANTA CATARINA";240002533298;5;61;"Depósito bancário em conta corrente no País";"SALDO";"3000,00";"04/08/2026";"17:11:52"
"05/08/2026";"19:30:07";2026;2;"Eleição Ordinária";6259;"Eleições Gerais Estaduais 2026";"04/10/2026";"SC";"SC";"SANTA CATARINA";240002533298;7;49;"Outras aplicações e Investimentos";"FUNDO RF DIPLUS ÁGIL BANCO DO BRASIL";"5039,06";"04/08/2026";"17:11:52"
"05/08/2026";"19:30:07";2026;2;"Eleição Ordinária";6259;"Eleições Gerais Estaduais 2026";"04/10/2026";"SC";"SC";"SANTA CATARINA";240002533298;6;49;"Outras aplicações e Investimentos";"FUNDO IMOBILIÁRIO";"65,78";"04/08/2026";"17:11:52"
"05/08/2026";"19:30:07";2026;2;"Eleição Ordinária";6259;"Eleições Gerais Estaduais 2026";"04/10/2026";"SC";"SC";"SANTA CATARINA";240002533299;1;21;"Veículo automotor terrestre: caminhão, automóvel, moto, etc.";"FIAT 13 CRONOS 2024";"70000,00";"04/08/2026";"17:11:52"
"05/08/2026";"19:30:07";2026;2;"Eleição Ordinária";6259;"Eleições Gerais Estaduais 2026";"04/10/2026";"SC";"SC";"SANTA CATARINA";240002533301;2;21;"Veículo automotor terrestre: caminhão, automóvel, moto, etc.";"VW/NIVUS CL TSI";"105000,00";"04/08/2026";"17:11:52"
"05/08/2026";"19:30:07";2026;2;"Eleição Ordinária";6259;"Eleições Gerais Estaduais 2026";"04/10/2026";"SC";"SC";"SANTA CATARINA";240002533301;1;21;"Veículo automotor terrestre: caminhão, automóvel, moto, etc.";"HYUNDAI/CRETA 16A ACTION";"95000,00";"04/08/2026";"17:11:52"
"05/08/2026";"19:30:07";2026;2;"Eleição Ordinária";6259;"Eleições Gerais Estaduais 2026";"04/10/2026";"SC";"SC";"SANTA CATARINA";240002533300;1;11;"Apartamento";"50% DO APARTAMENTO";"175000,00";"04/08/2026";"17:11:52"
"05/08/2026";"19:30:07";2026;2;"Eleição Ordinária";6259;"Eleições Gerais Estaduais 2026";"04/10/2026";"SC";"SC";"SANTA CATARINA";240002533302;2;21;"Veículo automotor terrestre: caminhão, automóvel, moto, etc.";"CITROEN C3";"38398,00";"04/08/2026";"17:11:52"
"05/08/2026";"19:30:07";2026;2;"Eleição Ordinária";6259;"Eleições Gerais Estaduais 2026";"04/10/2026";"SC";"SC";"SANTA CATARINA";240002533302;1;21;"Veículo automotor terrestre: caminhão, automóvel, moto, etc.";"FORD KA";"25500,00";"04/08/2026";"17:11:52"
"05/08/2026";"19:30:07";2026;2;"Eleição Ordinária";6259;"Eleições Gerais Estaduais 2026";"04/10/2026";"SC";"SC";"SANTA CATARINA";240002533303;1;12;"Casa";"50% DE CADA EM OTACÍLIO COSTA";"600000,00";"04/08/2026";"17:11:52"
"05/08/2026";"19:30:07";2026;2;"Eleição Ordinária";6259;"Eleições Gerais Estaduais 2026";"04/10/2026";"SC";"SC";"SANTA CATARINA";240002533306;2;29;"Outros bens móveis";"80 CABEÇAS DE GADO";"240000,00";"04/08/2026";"17:11:52"
"05/08/2026";"19:30:07";2026;2;"Eleição Ordinária";6259;"Eleições Gerais Estaduais 2026";"04/10/2026";"SC";"SC";"SANTA CATARINA";240002533303;2;21;"Veículo automotor terrestre: caminhão, automóvel, moto, etc.";"KWID 2020";"39100,00";"04/08/2026";"17:11:52"
"05/08/2026";"19:30:07";2026;2;"Eleição Ordinária";6259;"Eleições Gerais Estaduais 2026";"04/10/2026";"SC";"SC";"SANTA CATARINA";240002533306;1;12;"Casa";"EM ENTRE RIOS";"500000,00";"04/08/2026";"17:11:52"
"05/08/2026";"19:30:07";2026;2;"Eleição Ordinária";6259;"Eleições Gerais Estaduais 2026";"04/10/2026";"SC";"SC";"SANTA CATARINA";240002533306;4;21;"Veículo automotor terrestre: caminhão, automóvel, moto, etc.";"VOYAGE 2015";"50000,00";"04/08/2026";"17:11:52"
"05/08/2026";"19:30:07";2026;2;"Eleição Ordinária";6259;"Eleições Gerais Estaduais 2026";"04/10/2026";"SC";"SC";"SANTA CATARINA";240002533306;5;21;"Veículo automotor terrestre: caminhão, automóvel, moto, etc.";"FORD KA 2014";"45000,00";"04/08/2026";"17:11:52"
"05/08/2026";"19:30:07";2026;2;"Eleição Ordinária";6259;"Eleições Gerais Estaduais 2026";"04/10/2026";"SC";"SC";"SANTA CATARINA";240002533306;3;12;"Casa";"EM ENTRE RIOS";"300000,00";"04/08/2026";"17:11:52"
"05/08/2026";"19:30:07";2026;2;"Eleição Ordinária";6259;"Eleições Gerais Estaduais 2026";"04/10/2026";"SC";"SC";"SANTA CATARINA";240002533306;6;21;"Veículo automotor terrestre: caminhão, automóvel, moto, etc.";"FORD KA 2010";"22000,00";"04/08/2026";"17:11:52"
"05/08/2026";"19:30:07";2026;2;"Eleição Ordinária";6259;"Eleições Gerais Estaduais 2026";"04/10/2026";"SC";"SC";"SANTA CATARINA";240002533307;2;12;"Casa";"ITABAIANINHA/SERGIPE";"100000,00";"04/08/2026";"17:11:52"
"05/08/2026";"19:30:07";2026;2;"Eleição Ordinária";6259;"Eleições Gerais Estaduais 2026";"04/10/2026";"SC";"SC";"SANTA CATARINA";240002533307;1;11;"Apartamento";"ITAPEMA";"1500000,00";"04/08/2026";"17:11:52"
"05/08/2026";"19:30:07";2026;2;"Eleição Ordinária";6259;"Eleições Gerais Estaduais 2026";"04/10/2026";"SC";"SC";"SANTA CATARINA";240002533814;3;13;"Terreno";"FLORIANÓPOLIS";"110000,00";"04/08/2026";"17:11:53"
"05/08/2026";"19:30:07";2026;2;"Eleição Ordinária";6259;"Eleições Gerais Estaduais 2026";"04/10/2026";"SC";"SC";"SANTA CATARINA";240002533814;1;12;"Casa";"SÃO JOSÉ";"500000,00";"04/08/2026";"17:11:53"
"05/08/2026";"19:30:07";2026;2;"Eleição Ordinária";6259;"Eleições Gerais Estaduais 2026";"04/10/2026";"SC";"SC";"SANTA CATARINA";240002533814;2;11;"Apartamento";"SÃO JOSÉ";"1260000,00";"04/08/2026";"17:11:53"
"05/08/2026";"19:30:07";2026;2;"Eleição Ordinária";6259;"Eleições Gerais Estaduais 2026";"04/10/2026";"SC";"SC";"SANTA CATARINA";240002533814;4;19;"Outros bens imóveis";"JAZIGO NO JARDIM DA PAZ";"8000,00";"04/08/2026";"17:11:53"
"05/08/2026";"19:30:07";2026;2;"Eleição Ordinária";6259;"Eleições Gerais Estaduais 2026";"04/10/2026";"SC";"SC";"SANTA CATARINA";240002533815;1;13;"Terreno";"60% DE TERRENO EM RATONES";"276000,00";"04/08/2026";"17:11:53"
"05/08/2026";"19:30:07";2026;2;"Eleição Ordinária";6259;"Eleições Gerais Estaduais 2026";"04/10/2026";"SC";"SC";"SANTA CATARINA";240002533817;1;99;"OUTROS BENS E DIREITOS";"DEPÓSITO DE DEPENDENTE";"517,20";"04/08/2026";"17:11:53"
"05/08/2026";"19:30:07";2026;2;"Eleição Ordinária";6259;"Eleições Gerais Estaduais 2026";"04/10/2026";"SC";"SC";"SANTA CATARINA";240002533817;3;21;"Veículo automotor terrestre: caminhão, automóvel, moto, etc.";"GCHEROKEE 1997";"30000,00";"04/08/2026";"17:11:53"
"05/08/2026";"19:30:07";2026;2;"Eleição Ordinária";6259;"Eleições Gerais Estaduais 2026";"04/10/2026";"SC";"SC";"SANTA CATARINA";240002533817;4;21;"Veículo automotor terrestre: caminhão, automóvel, moto, etc.";"FREELANDER2";"78000,00";"04/08/2026";"17:11:53"
"05/08/2026";"19:30:07";2026;2;"Eleição Ordinária";6259;"Eleições Gerais Estaduais 2026";"04/10/2026";"SC";"SC";"SANTA CATARINA";240002533817;2;45;"Aplicação de renda fixa (CDB, RDB e outros)";"BB CDB RENDE FACIL";"76368,29";"04/08/2026";"17:11:53"
"05/08/2026";"19:30:07";2026;2;"Eleição Ordinária";6259;"Eleições Gerais Estaduais 2026";"04/10/2026";"SC";"SC";"SANTA CATARINA";240002533817;6;49;"Outras aplicações e Investimentos";"UNICLASS";"0,01";"04/08/2026";"17:11:53"
"05/08/2026";"19:30:07";2026;2;"Eleição Ordinária";6259;"Eleições Gerais Estaduais 2026";"04/10/2026";"SC";"SC";"SANTA CATARINA";240002533817;5;32;"Quotas ou quinhões de capital";"50% DA EMPRESA AMS CONSULTORIA E ASSESSORIA EDUCACIONAL";"5000,00";"04/08/2026";"17:11:53"
"05/08/2026";"19:30:07";2026;2;"Eleição Ordinária";6259;"Eleições Gerais Estaduais 2026";"04/10/2026";"SC";"SC";"SANTA CATARINA";240002533818;1;61;"Depósito bancário em conta corrente no País";"CONTA CORRENTE BB";"658,38";"04/08/2026";"17:11:53"
"05/08/2026";"19:30:07";2026;2;"Eleição Ordinária";6259;"Eleições Gerais Estaduais 2026";"04/10/2026";"SC";"SC";"SANTA CATARINA";240002533818;2;13;"Terreno";"EM TIMBÓ GRANDE";"25000,00";"04/08/2026";"17:11:53"
"05/08/2026";"19:30:07";2026;2;"Eleição Ordinária";6259;"Eleições Gerais Estaduais 2026";"04/10/2026";"SC";"SC";"SANTA CATARINA";240002533818;3;59;"Outros créditos e poupança vinculados";"DISPONIBILIDADE";"80000,00";"04/08/2026";"17:11:53"
"05/08/2026";"19:30:07";2026;2;"Eleição Ordinária";6259;"Eleições Gerais Estaduais 2026";"04/10/2026";"SC";"SC";"SANTA CATARINA";240002533818;4;41;"Caderneta de poupança";"POUPANÇA OURO BB";"3272,13";"04/08/2026";"17:11:53"
"05/08/2026";"19:30:07";2026;2;"Eleição Ordinária";6259;"Eleições Gerais Estaduais 2026";"04/10/2026";"SC";"SC";"SANTA CATARINA";240002533819;2;29;"Outros bens móveis";"CARRETA ASA DELTA 2024";"5000,00";"04/08/2026";"17:11:53"
"05/08/2026";"19:30:07";2026;2;"Eleição Ordinária";6259;"Eleições Gerais Estaduais 2026";"04/10/2026";"SC";"SC";"SANTA CATARINA";240002533818;5;13;"Terreno";"EM TIMBÓ GRANDE";"20000,00";"04/08/2026";"17:11:53"
"05/08/2026";"19:30:07";2026;2;"Eleição Ordinária";6259;"Eleições Gerais Estaduais 2026";"04/10/2026";"SC";"SC";"SANTA CATARINA";240002533819;1;21;"Veículo automotor terrestre: caminhão, automóvel, moto, etc.";"GOL GTS 1990";"15000,00";"04/08/2026";"17:11:53"
"05/08/2026";"19:30:07";2026;2;"Eleição Ordinária";6259;"Eleições Gerais Estaduais 2026";"04/10/2026";"SC";"SC";"SANTA CATARINA";240002533819;4;21;"Veículo automotor terrestre: caminhão, automóvel, moto, etc.";"HB20 2025";"68135,60";"04/08/2026";"17:11:53"
"05/08/2026";"19:30:07";2026;2;"Eleição Ordinária";6259;"Eleições Gerais Estaduais 2026";"04/10/2026";"SC";"SC";"SANTA CATARINA";240002533819;3;32;"Quotas ou quinhões de capital";"50% DA BEER RETRO";"50000,00";"04/08/2026";"17:11:53"
"05/08/2026";"19:30:07";2026;2;"Eleição Ordinária";6259;"Eleições Gerais Estaduais 2026";"04/10/2026";"SC";"SC";"SANTA CATARINA";240002533819;5;41;"Caderneta de poupança";"POUPANÇA";"7000,00";"04/08/2026";"17:11:53"
"05/08/2026";"19:30:07";2026;2;"Eleição Ordinária";6259;"Eleições Gerais Estaduais 2026";"04/10/2026";"SC";"SC";"SANTA CATARINA";240002533819;6;49;"Outras aplicações e Investimentos";"CONSÓRCIO";"45000,00";"04/08/2026";"17:11:53"
"05/08/2026";"19:30:07";2026;2;"Eleição Ordinária";6259;"Eleições Gerais Estaduais 2026";"04/10/2026";"SC";"SC";"SANTA CATARINA";240002533819;8;32;"Quotas ou quinhões de capital";"SICOOB";"1901,82";"04/08/2026";"17:11:53"
"05/08/2026";"19:30:07";2026;2;"Eleição Ordinária";6259;"Eleições Gerais Estaduais 2026";"04/10/2026";"SC";"SC";"SANTA CATARINA";240002533819;7;21;"Veículo automotor terrestre: caminhão, automóvel, moto, etc.";"FIAT 147 1979";"10000,00";"04/08/2026";"17:11:53"
"05/08/2026";"19:30:07";2026;2;"Eleição Ordinária";6259;"Eleições Gerais Estaduais 2026";"04/10/2026";"SC";"SC";"SANTA CATARINA";240002533819;11;13;"Terreno";"COM CASA EM CAÇADOR";"556762,49";"04/08/2026";"17:11:53"
"05/08/2026";"19:30:07";2026;2;"Eleição Ordinária";6259;"Eleições Gerais Estaduais 2026";"04/10/2026";"SC";"SC";"SANTA CATARINA";240002533819;10;21;"Veículo automotor terrestre: caminhão, automóvel, moto, etc.";"FORD MAVERICK 1975";"45000,00";"04/08/2026";"17:11:53"
"05/08/2026";"19:30:07";2026;2;"Eleição Ordinária";6259;"Eleições Gerais Estaduais 2026";"04/10/2026";"SC";"SC";"SANTA CATARINA";240002533819;9;61;"Depósito bancário em conta corrente no País";"DEPÓSITO";"50000,00";"04/08/2026";"17:11:53"
"05/08/2026";"19:30:07";2026;2;"Eleição Ordinária";6259;"Eleições Gerais Estaduais 2026";"04/10/2026";"SC";"SC";"SANTA CATARINA";240002533819;12;97;"VGBL - Vida Gerador de Benefício Livre";"ICATU SEGUROS E XP";"50000,00";"04/08/2026";"17:11:53"
"05/08/2026";"19:30:07";2026;2;"Eleição Ordinária";6259;"Eleições Gerais Estaduais 2026";"04/10/2026";"SC";"SC";"SANTA CATARINA";240002533820;2;32;"Quotas ou quinhões de capital";"SICOOB CREDIMOC";"28464,53";"04/08/2026";"17:11:53"
"05/08/2026";"19:30:07";2026;2;"Eleição Ordinária";6259;"Eleições Gerais Estaduais 2026";"04/10/2026";"SC";"SC";"SANTA CATARINA";240002533820;1;41;"Caderneta de poupança";"BRADESCO";"1,00";"04/08/2026";"17:11:53"
"05/08/2026";"19:30:07";2026;2;"Eleição Ordinária";6259;"Eleições Gerais Estaduais 2026";"04/10/2026";"SC";"SC";"SANTA CATARINA";240002533820;4;13;"Terreno";"COM CASA DE MADEIRA 9X13 EM OURO VERDE";"100000,00";"04/08/2026";"17:11:53"
"05/08/2026";"19:30:07";2026;2;"Eleição Ordinária";6259;"Eleições Gerais Estaduais 2026";"04/10/2026";"SC";"SC";"SANTA CATARINA";240002533820;5;21;"Veículo automotor terrestre: caminhão, automóvel, moto, etc.";"COROLLA CROSS 2025";"131027,33";"04/08/2026";"17:11:53"
"05/08/2026";"19:30:07";2026;2;"Eleição Ordinária";6259;"Eleições Gerais Estaduais 2026";"04/10/2026";"SC";"SC";"SANTA CATARINA";240002533820;3;61;"Depósito bancário em conta corrente no País";"CEF";"1,00";"04/08/2026";"17:11:53"
"05/08/2026";"19:30:07";2026;2;"Eleição Ordinária";6259;"Eleições Gerais Estaduais 2026";"04/10/2026";"SC";"SC";"SANTA CATARINA";240002533820;8;49;"Outras aplicações e Investimentos";"CONSÓRCIO SICOOB";"28532,92";"04/08/2026";"17:11:53"
"05/08/2026";"19:30:07";2026;2;"Eleição Ordinária";6259;"Eleições Gerais Estaduais 2026";"04/10/2026";"SC";"SC";"SANTA CATARINA";240002533820;6;61;"Depósito bancário em conta corrente no País";"SICOOB";"79,99";"04/08/2026";"17:11:53"
"05/08/2026";"19:30:07";2026;2;"Eleição Ordinária";6259;"Eleições Gerais Estaduais 2026";"04/10/2026";"SC";"SC";"SANTA CATARINA";240002533820;7;63;"Dinheiro em espécie - moeda nacional";"SALDO EM MOEDA CORRENTE";"373000,00";"04/08/2026";"17:11:53"
"05/08/2026";"19:30:07";2026;2;"Eleição Ordinária";6259;"Eleições Gerais Estaduais 2026";"04/10/2026";"SC";"SC";"SANTA CATARINA";240002533822;2;21;"Veículo automotor terrestre: caminhão, automóvel, moto, etc.";"CARRO";"20000,00";"04/08/2026";"17:11:53"
"05/08/2026";"19:30:07";2026;2;"Eleição Ordinária";6259;"Eleições Gerais Estaduais 2026";"04/10/2026";"SC";"SC";"SANTA CATARINA";240002533820;9;99;"OUTROS BENS E DIREITOS";" INFORMADO POR CNPJ  PELO IRPF 2026";"212,59";"04/08/2026";"17:11:53"
"05/08/2026";"19:30:07";2026;2;"Eleição Ordinária";6259;"Eleições Gerais Estaduais 2026";"04/10/2026";"SC";"SC";"SANTA CATARINA";240002533822;1;99;"OUTROS BENS E DIREITOS";"COTA HERANÇA";"500000,00";"04/08/2026";"17:11:53"
"05/08/2026";"19:30:07";2026;2;"Eleição Ordinária";6259;"Eleições Gerais Estaduais 2026";"04/10/2026";"SC";"SC";"SANTA CATARINA";240002533822;4;13;"Terreno";"TERRENO";"300000,00";"04/08/2026";"17:11:53"
"05/08/2026";"19:30:07";2026;2;"Eleição Ordinária";6259;"Eleições Gerais Estaduais 2026";"04/10/2026";"SC";"SC";"SANTA CATARINA";240002533822;3;12;"Casa";"CASA";"1000000,00";"04/08/2026";"17:11:53"
"05/08/2026";"19:30:07";2026;2;"Eleição Ordinária";6259;"Eleições Gerais Estaduais 2026";"04/10/2026";"SC";"SC";"SANTA CATARINA";240002533823;1;21;"Veículo automotor terrestre: caminhão, automóvel, moto, etc.";"CARRO";"100000,00";"04/08/2026";"17:11:50"
"05/08/2026";"19:30:07";2026;2;"Eleição Ordinária";6259;"Eleições Gerais Estaduais 2026";"04/10/2026";"SC";"SC";"SANTA CATARINA";240002533824;1;13;"Terreno";"50% DE TERRENO";"150000,00";"04/08/2026";"17:11:49"
"05/08/2026";"19:30:07";2026;2;"Eleição Ordinária";6259;"Eleições Gerais Estaduais 2026";"04/10/2026";"SC";"SC";"SANTA CATARINA";240002533823;2;12;"Casa";"CASA";"150000,00";"04/08/2026";"17:11:50"
"05/08/2026";"19:30:07";2026;2;"Eleição Ordinária";6259;"Eleições Gerais Estaduais 2026";"04/10/2026";"SC";"SC";"SANTA CATARINA";240002533824;2;61;"Depósito bancário em conta corrente no País";"SALDO EM CONTA";"1,00";"04/08/2026";"17:11:49"
"05/08/2026";"19:30:07";2026;2;"Eleição Ordinária";6259;"Eleições Gerais Estaduais 2026";"04/10/2026";"SC";"SC";"SANTA CATARINA";240002533824;4;49;"Outras aplicações e Investimentos";"APLICAÇÕES";"163428,56";"04/08/2026";"17:11:49"
"05/08/2026";"19:30:07";2026;2;"Eleição Ordinária";6259;"Eleições Gerais Estaduais 2026";"04/10/2026";"SC";"SC";"SANTA CATARINA";240002533824;5;59;"Outros créditos e poupança vinculados";"CRÉDITOS DE CONTRATOS IMOBILIÁRIOS";"1550000,00";"04/08/2026";"17:11:49"
"05/08/2026";"19:30:07";2026;2;"Eleição Ordinária";6259;"Eleições Gerais Estaduais 2026";"04/10/2026";"SC";"SC";"SANTA CATARINA";240002533824;3;61;"Depósito bancário em conta corrente no País";"SALDO EM CONTA";"87519,24";"04/08/2026";"17:11:49"
"05/08/2026";"19:30:07";2026;2;"Eleição Ordinária";6259;"Eleições Gerais Estaduais 2026";"04/10/2026";"SC";"SC";"SANTA CATARINA";240002533824;7;49;"Outras aplicações e Investimentos";"APLICAÇÃO";"100000,00";"04/08/2026";"17:11:49"
"05/08/2026";"19:30:07";2026;2;"Eleição Ordinária";6259;"Eleições Gerais Estaduais 2026";"04/10/2026";"SC";"SC";"SANTA CATARINA";240002533824;6;32;"Quotas ou quinhões de capital";"COTAS DO CAPITAL SOCIAL";"710500,00";"04/08/2026";"17:11:49"
"05/08/2026";"19:30:07";2026;2;"Eleição Ordinária";6259;"Eleições Gerais Estaduais 2026";"04/10/2026";"SC";"SC";"SANTA CATARINA";240002533824;8;11;"Apartamento";"50% DE APARTAMENTO";"350000,00";"04/08/2026";"17:11:49"
"05/08/2026";"19:30:07";2026;2;"Eleição Ordinária";6259;"Eleições Gerais Estaduais 2026";"04/10/2026";"SC";"SC";"SANTA CATARINA";240002533825;2;41;"Caderneta de poupança";"SALDO EM CONTA POUPANÇA";"647,82";"04/08/2026";"17:11:50"
"05/08/2026";"19:30:07";2026;2;"Eleição Ordinária";6259;"Eleições Gerais Estaduais 2026";"04/10/2026";"SC";"SC";"SANTA CATARINA";240002533825;1;21;"Veículo automotor terrestre: caminhão, automóvel, moto, etc.";"CARRO";"107808,08";"04/08/2026";"17:11:50"
"05/08/2026";"19:30:07";2026;2;"Eleição Ordinária";6259;"Eleições Gerais Estaduais 2026";"04/10/2026";"SC";"SC";"SANTA CATARINA";240002533824;9;61;"Depósito bancário em conta corrente no País";"SALDO EM CONTA POUPANÇA";"62069,38";"04/08/2026";"17:11:49"
"05/08/2026";"19:30:07";2026;2;"Eleição Ordinária";6259;"Eleições Gerais Estaduais 2026";"04/10/2026";"SC";"SC";"SANTA CATARINA";240002533825;3;49;"Outras aplicações e Investimentos";"APLICAÇÃO";"376,50";"04/08/2026";"17:11:50"
"05/08/2026";"19:30:07";2026;2;"Eleição Ordinária";6259;"Eleições Gerais Estaduais 2026";"04/10/2026";"SC";"SC";"SANTA CATARINA";240002533828;1;19;"Outros bens imóveis";"BOX";"20000,00";"04/08/2026";"17:11:53"
"05/08/2026";"19:30:07";2026;2;"Eleição Ordinária";6259;"Eleições Gerais Estaduais 2026";"04/10/2026";"SC";"SC";"SANTA CATARINA";240002533826;1;21;"Veículo automotor terrestre: caminhão, automóvel, moto, etc.";"CARRO";"23329,00";"04/08/2026";"17:11:53"
"05/08/2026";"19:30:07";2026;2;"Eleição Ordinária";6259;"Eleições Gerais Estaduais 2026";"04/10/2026";"SC";"SC";"SANTA CATARINA";240002533828;2;39;"Outras participações societárias";"PARTICIPAÇÃO EM ESCRITÓRIO DE ADVOCACIA";"4000,00";"04/08/2026";"17:11:53"
"05/08/2026";"19:30:07";2026;2;"Eleição Ordinária";6259;"Eleições Gerais Estaduais 2026";"04/10/2026";"SC";"SC";"SANTA CATARINA";240002533829;1;21;"Veículo automotor terrestre: caminhão, automóvel, moto, etc.";"CARRO";"141000,00";"04/08/2026";"17:11:50"
"05/08/2026";"19:30:07";2026;2;"Eleição Ordinária";6259;"Eleições Gerais Estaduais 2026";"04/10/2026";"SC";"SC";"SANTA CATARINA";240002533828;3;11;"Apartamento";"APARTAMENTO";"624000,00";"04/08/2026";"17:11:53"
"05/08/2026";"19:30:07";2026;2;"Eleição Ordinária";6259;"Eleições Gerais Estaduais 2026";"04/10/2026";"SC";"SC";"SANTA CATARINA";240002533831;1;21;"Veículo automotor terrestre: caminhão, automóvel, moto, etc.";"CARRO";"56433,00";"04/08/2026";"17:11:50"
"05/08/2026";"19:30:07";2026;2;"Eleição Ordinária";6259;"Eleições Gerais Estaduais 2026";"04/10/2026";"SC";"SC";"SANTA CATARINA";240002533832;1;12;"Casa";"CASA";"800000,00";"04/08/2026";"17:11:53"
"05/08/2026";"19:30:07";2026;2;"Eleição Ordinária";6259;"Eleições Gerais Estaduais 2026";"04/10/2026";"SC";"SC";"SANTA CATARINA";240002533829;2;61;"Depósito bancário em conta corrente no País";"SALDO EM CONTA";"8713,00";"04/08/2026";"17:11:50"
"05/08/2026";"19:30:07";2026;2;"Eleição Ordinária";6259;"Eleições Gerais Estaduais 2026";"04/10/2026";"SC";"SC";"SANTA CATARINA";240002533832;3;21;"Veículo automotor terrestre: caminhão, automóvel, moto, etc.";"CARRO";"51000,00";"04/08/2026";"17:11:53"
"05/08/2026";"19:30:07";2026;2;"Eleição Ordinária";6259;"Eleições Gerais Estaduais 2026";"04/10/2026";"SC";"SC";"SANTA CATARINA";240002533832;2;12;"Casa";"CASA";"250000,00";"04/08/2026";"17:11:53"
"05/08/2026";"19:30:07";2026;2;"Eleição Ordinária";6259;"Eleições Gerais Estaduais 2026";"04/10/2026";"SC";"SC";"SANTA CATARINA";240002533833;1;41;"Caderneta de poupança";"POUPANÇA";"58,68";"04/08/2026";"17:11:49"
"05/08/2026";"19:30:07";2026;2;"Eleição Ordinária";6259;"Eleições Gerais Estaduais 2026";"04/10/2026";"SC";"SC";"SANTA CATARINA";240002533833;2;61;"Depósito bancário em conta corrente no País";"SALDO EM CONTA";"399,31";"04/08/2026";"17:11:49"
"05/08/2026";"19:30:07";2026;2;"Eleição Ordinária";6259;"Eleições Gerais Estaduais 2026";"04/10/2026";"SC";"SC";"SANTA CATARINA";240002533833;4;61;"Depósito bancário em conta corrente no País";"SALDO EM CONTA";"3721,22";"04/08/2026";"17:11:49"
"05/08/2026";"19:30:07";2026;2;"Eleição Ordinária";6259;"Eleições Gerais Estaduais 2026";"04/10/2026";"SC";"SC";"SANTA CATARINA";240002533833;3;61;"Depósito bancário em conta corrente no País";"SALDO EM CONTA";"60,41";"04/08/2026";"17:11:49"
"05/08/2026";"19:30:07";2026;2;"Eleição Ordinária";6259;"Eleições Gerais Estaduais 2026";"04/10/2026";"SC";"SC";"SANTA CATARINA";240002533833;5;45;"Aplicação de renda fixa (CDB, RDB e outros)";"APLICAÇÃO";"7391,02";"04/08/2026";"17:11:49"
"05/08/2026";"19:30:07";2026;2;"Eleição Ordinária";6259;"Eleições Gerais Estaduais 2026";"04/10/2026";"SC";"SC";"SANTA CATARINA";240002533833;6;45;"Aplicação de renda fixa (CDB, RDB e outros)";"APLICAÇÃO";"78792,61";"04/08/2026";"17:11:49"
"05/08/2026";"19:30:07";2026;2;"Eleição Ordinária";6259;"Eleições Gerais Estaduais 2026";"04/10/2026";"SC";"SC";"SANTA CATARINA";240002533833;7;61;"Depósito bancário em conta corrente no País";"SALDO EM CONTA";"33829,00";"04/08/2026";"17:11:49"
"05/08/2026";"19:30:07";2026;2;"Eleição Ordinária";6259;"Eleições Gerais Estaduais 2026";"04/10/2026";"SC";"SC";"SANTA CATARINA";240002533833;10;12;"Casa";"CASA";"290000,00";"04/08/2026";"17:11:49"
"05/08/2026";"19:30:07";2026;2;"Eleição Ordinária";6259;"Eleições Gerais Estaduais 2026";"04/10/2026";"SC";"SC";"SANTA CATARINA";240002533833;8;21;"Veículo automotor terrestre: caminhão, automóvel, moto, etc.";"CARRO";"90000,00";"04/08/2026";"17:11:49"
"05/08/2026";"19:30:07";2026;2;"Eleição Ordinária";6259;"Eleições Gerais Estaduais 2026";"04/10/2026";"SC";"SC";"SANTA CATARINA";240002533833;9;61;"Depósito bancário em conta corrente no País";"SALDO EM CONTA";"309,56";"04/08/2026";"17:11:49"
"05/08/2026";"19:30:07";2026;2;"Eleição Ordinária";6259;"Eleições Gerais Estaduais 2026";"04/10/2026";"SC";"SC";"SANTA CATARINA";240002533833;13;13;"Terreno";"TERRENO";"190000,00";"04/08/2026";"17:11:49"
"05/08/2026";"19:30:07";2026;2;"Eleição Ordinária";6259;"Eleições Gerais Estaduais 2026";"04/10/2026";"SC";"SC";"SANTA CATARINA";240002533833;12;11;"Apartamento";"50% DE APARTAMENTO";"313211,51";"04/08/2026";"17:11:49"
"05/08/2026";"19:30:07";2026;2;"Eleição Ordinária";6259;"Eleições Gerais Estaduais 2026";"04/10/2026";"SC";"SC";"SANTA CATARINA";240002533833;11;61;"Depósito bancário em conta corrente no País";"SALDO EM CONTA";"487,52";"04/08/2026";"17:11:49"
"05/08/2026";"19:30:07";2026;2;"Eleição Ordinária";6259;"Eleições Gerais Estaduais 2026";"04/10/2026";"SC";"SC";"SANTA CATARINA";240002533833;15;19;"Outros bens imóveis";"IMÓVEL RURAL";"600000,00";"04/08/2026";"17:11:49"
"05/08/2026";"19:30:07";2026;2;"Eleição Ordinária";6259;"Eleições Gerais Estaduais 2026";"04/10/2026";"SC";"SC";"SANTA CATARINA";240002533835;1;21;"Veículo automotor terrestre: caminhão, automóvel, moto, etc.";"CARRO";"120000,00";"04/08/2026";"17:11:53"
"05/08/2026";"19:30:07";2026;2;"Eleição Ordinária";6259;"Eleições Gerais Estaduais 2026";"04/10/2026";"SC";"SC";"SANTA CATARINA";240002533833;14;61;"Depósito bancário em conta corrente no País";"SALDO EM CONTA";"4415,48";"04/08/2026";"17:11:49"
"05/08/2026";"19:30:07";2026;2;"Eleição Ordinária";6259;"Eleições Gerais Estaduais 2026";"04/10/2026";"SC";"SC";"SANTA CATARINA";240002533835;2;21;"Veículo automotor terrestre: caminhão, automóvel, moto, etc.";"CARRO";"110000,00";"04/08/2026";"17:11:53"
"05/08/2026";"19:30:07";2026;2;"Eleição Ordinária";6259;"Eleições Gerais Estaduais 2026";"04/10/2026";"SC";"SC";"SANTA CATARINA";240002533835;4;45;"Aplicação de renda fixa (CDB, RDB e outros)";"APLICAÇÃO";"103930,88";"04/08/2026";"17:11:53"
"05/08/2026";"19:30:07";2026;2;"Eleição Ordinária";6259;"Eleições Gerais Estaduais 2026";"04/10/2026";"SC";"SC";"SANTA CATARINA";240002533835;3;11;"Apartamento";"APARTAMENTO";"400000,00";"04/08/2026";"17:11:53"
"05/08/2026";"19:30:07";2026;2;"Eleição Ordinária";6259;"Eleições Gerais Estaduais 2026";"04/10/2026";"SC";"SC";"SANTA CATARINA";240002533836;1;21;"Veículo automotor terrestre: caminhão, automóvel, moto, etc.";"MOTO";"11950,00";"04/08/2026";"17:11:53"
"05/08/2026";"19:30:07";2026;2;"Eleição Ordinária";6259;"Eleições Gerais Estaduais 2026";"04/10/2026";"SC";"SC";"SANTA CATARINA";240002533835;5;11;"Apartamento";"APARTAMENTO";"900000,00";"04/08/2026";"17:11:53"
"05/08/2026";"19:30:07";2026;2;"Eleição Ordinária";6259;"Eleições Gerais Estaduais 2026";"04/10/2026";"SC";"SC";"SANTA CATARINA";240002533835;6;11;"Apartamento";"APARTAMENTO";"950000,00";"04/08/2026";"17:11:53"
"05/08/2026";"19:30:07";2026;2;"Eleição Ordinária";6259;"Eleições Gerais Estaduais 2026";"04/10/2026";"SC";"SC";"SANTA CATARINA";240002533837;1;13;"Terreno";"TERRENO";"150000,00";"04/08/2026";"17:11:53"
"05/08/2026";"19:30:07";2026;2;"Eleição Ordinária";6259;"Eleições Gerais Estaduais 2026";"04/10/2026";"SC";"SC";"SANTA CATARINA";240002533837;2;21;"Veículo automotor terrestre: caminhão, automóvel, moto, etc.";"CARRO";"70000,00";"04/08/2026";"17:11:53"
"05/08/2026";"19:30:07";2026;2;"Eleição Ordinária";6259;"Eleições Gerais Estaduais 2026";"04/10/2026";"SC";"SC";"SANTA CATARINA";240002533836;2;63;"Dinheiro em espécie - moeda nacional";"DINHEIRO EM ESPÉCIE";"5000,00";"04/08/2026";"17:11:53"
"05/08/2026";"19:30:07";2026;2;"Eleição Ordinária";6259;"Eleições Gerais Estaduais 2026";"04/10/2026";"SC";"SC";"SANTA CATARINA";240002533897;1;13;"Terreno";"TERRENO URBANO";"152280,00";"04/08/2026";"17:11:53"
"05/08/2026";"19:30:07";2026;2;"Eleição Ordinária";6259;"Eleições Gerais Estaduais 2026";"04/10/2026";"SC";"SC";"SANTA CATARINA";240002533897;3;41;"Caderneta de poupança";"POUPANÇA";"2269,73";"04/08/2026";"17:11:53"
"05/08/2026";"19:30:07";2026;2;"Eleição Ordinária";6259;"Eleições Gerais Estaduais 2026";"04/10/2026";"SC";"SC";"SANTA CATARINA";240002533897;2;45;"Aplicação de renda fixa (CDB, RDB e outros)";"APLICAÇÃO";"63354,85";"04/08/2026";"17:11:53"
"05/08/2026";"19:30:07";2026;2;"Eleição Ordinária";6259;"Eleições Gerais Estaduais 2026";"04/10/2026";"SC";"SC";"SANTA CATARINA";240002533897;4;97;"VGBL - Vida Gerador de Benefício Livre";"VGBL";"24258,03";"04/08/2026";"17:11:53"
"05/08/2026";"19:30:07";2026;2;"Eleição Ordinária";6259;"Eleições Gerais Estaduais 2026";"04/10/2026";"SC";"SC";"SANTA CATARINA";240002533897;6;21;"Veículo automotor terrestre: caminhão, automóvel, moto, etc.";"CARRO";"169193,52";"04/08/2026";"17:11:53"
"05/08/2026";"19:30:07";2026;2;"Eleição Ordinária";6259;"Eleições Gerais Estaduais 2026";"04/10/2026";"SC";"SC";"SANTA CATARINA";240002533897;5;99;"OUTROS BENS E DIREITOS";"FGTS";"157582,90";"04/08/2026";"17:11:53"
"05/08/2026";"19:30:07";2026;2;"Eleição Ordinária";6259;"Eleições Gerais Estaduais 2026";"04/10/2026";"SC";"SC";"SANTA CATARINA";240002533898;3;49;"Outras aplicações e Investimentos";"APLICAÇÕES";"98152,73";"04/08/2026";"17:11:53"
"05/08/2026";"19:30:07";2026;2;"Eleição Ordinária";6259;"Eleições Gerais Estaduais 2026";"04/10/2026";"SC";"SC";"SANTA CATARINA";240002533898;1;32;"Quotas ou quinhões de capital";"50% DE COTAS DE CAPITAL SOCIAL";"725000,00";"04/08/2026";"17:11:53"
"05/08/2026";"19:30:07";2026;2;"Eleição Ordinária";6259;"Eleições Gerais Estaduais 2026";"04/10/2026";"SC";"SC";"SANTA CATARINA";240002533898;2;32;"Quotas ou quinhões de capital";"98% DE COTAS DE CAPITAL SOCIAL";"14850,00";"04/08/2026";"17:11:53"
"05/08/2026";"19:30:07";2026;2;"Eleição Ordinária";6259;"Eleições Gerais Estaduais 2026";"04/10/2026";"SC";"SC";"SANTA CATARINA";240002533898;4;49;"Outras aplicações e Investimentos";"TÍTULO DE CAPITALIZAÇÃO";"3611,59";"04/08/2026";"17:11:53"
"05/08/2026";"19:30:07";2026;2;"Eleição Ordinária";6259;"Eleições Gerais Estaduais 2026";"04/10/2026";"SC";"SC";"SANTA CATARINA";240002533898;5;59;"Outros créditos e poupança vinculados";"CRÉDITOS DE CONTRATOS IMOBILIÁRIOS";"1550000,00";"04/08/2026";"17:11:53"
"05/08/2026";"19:30:07";2026;2;"Eleição Ordinária";6259;"Eleições Gerais Estaduais 2026";"04/10/2026";"SC";"SC";"SANTA CATARINA";240002533898;6;61;"Depósito bancário em conta corrente no País";"SALDO EM CONTA CORRENTE";"1,00";"04/08/2026";"17:11:53"
"05/08/2026";"19:30:07";2026;2;"Eleição Ordinária";6259;"Eleições Gerais Estaduais 2026";"04/10/2026";"SC";"SC";"SANTA CATARINA";240002533898;8;13;"Terreno";"50% DE TERRENO";"150000,00";"04/08/2026";"17:11:53"
"05/08/2026";"19:30:07";2026;2;"Eleição Ordinária";6259;"Eleições Gerais Estaduais 2026";"04/10/2026";"SC";"SC";"SANTA CATARINA";240002533898;7;31;"Ações (inclusive as provenientes de linha telefônica)";"AÇÕES";"443,01";"04/08/2026";"17:11:53"
"05/08/2026";"19:30:07";2026;2;"Eleição Ordinária";6259;"Eleições Gerais Estaduais 2026";"04/10/2026";"SC";"SC";"SANTA CATARINA";240002533898;9;79;"Outros fundos";"FUNDO DE INVESTIMENTO";"178437,52";"04/08/2026";"17:11:53"
"05/08/2026";"19:30:07";2026;2;"Eleição Ordinária";6259;"Eleições Gerais Estaduais 2026";"04/10/2026";"SC";"SC";"SANTA CATARINA";240002533898;11;59;"Outros créditos e poupança vinculados";"CRÉDITOS DE INVESTIMENTOS IMOBILIÁRIOS";"102954,63";"04/08/2026";"17:11:53"
"05/08/2026";"19:30:07";2026;2;"Eleição Ordinária";6259;"Eleições Gerais Estaduais 2026";"04/10/2026";"SC";"SC";"SANTA CATARINA";240002533898;12;11;"Apartamento";"50% DE APARTAMENTO";"350000,00";"04/08/2026";"17:11:53"
"05/08/2026";"19:30:07";2026;2;"Eleição Ordinária";6259;"Eleições Gerais Estaduais 2026";"04/10/2026";"SC";"SC";"SANTA CATARINA";240002533898;10;79;"Outros fundos";"FUNDO DE INVESTIMENTO";"67,70";"04/08/2026";"17:11:53"
"05/08/2026";"19:30:07";2026;2;"Eleição Ordinária";6259;"Eleições Gerais Estaduais 2026";"04/10/2026";"SC";"SC";"SANTA CATARINA";240002533899;3;32;"Quotas ou quinhões de capital";"COTAS CAPITAL";"1145,69";"04/08/2026";"17:11:53"
"05/08/2026";"19:30:07";2026;2;"Eleição Ordinária";6259;"Eleições Gerais Estaduais 2026";"04/10/2026";"SC";"SC";"SANTA CATARINA";240002533899;1;11;"Apartamento";"APARTAMENTO";"180000,00";"04/08/2026";"17:11:53"
"05/08/2026";"19:30:07";2026;2;"Eleição Ordinária";6259;"Eleições Gerais Estaduais 2026";"04/10/2026";"SC";"SC";"SANTA CATARINA";240002533899;2;61;"Depósito bancário em conta corrente no País";"CONTA CORRENTE";"78,95";"04/08/2026";"17:11:53"
"05/08/2026";"19:30:07";2026;2;"Eleição Ordinária";6259;"Eleições Gerais Estaduais 2026";"04/10/2026";"SC";"SC";"SANTA CATARINA";240002535421;1;54;"Poupança para construção ou aquisição de bem imóvel";"POUPANÇA PARA CONSTRUÇÃO OU AQUISIÇÃO DE BEM IMÓVEL";"50000,00";"04/08/2026";"17:11:50"
"05/08/2026";"19:30:07";2026;2;"Eleição Ordinária";6259;"Eleições Gerais Estaduais 2026";"04/10/2026";"SC";"SC";"SANTA CATARINA";240002533899;4;41;"Caderneta de poupança";"POUPANÇA";"3775,94";"04/08/2026";"17:11:53"
"05/08/2026";"19:30:07";2026;2;"Eleição Ordinária";6259;"Eleições Gerais Estaduais 2026";"04/10/2026";"SC";"SC";"SANTA CATARINA";240002535421;2;12;"Casa";"CASA";"400000,00";"04/08/2026";"17:11:50"
"05/08/2026";"19:30:07";2026;2;"Eleição Ordinária";6259;"Eleições Gerais Estaduais 2026";"04/10/2026";"SC";"SC";"SANTA CATARINA";240002535421;3;13;"Terreno";"TERRENO";"150000,00";"04/08/2026";"17:11:50"
"05/08/2026";"19:30:07";2026;2;"Eleição Ordinária";6259;"Eleições Gerais Estaduais 2026";"04/10/2026";"SC";"SC";"SANTA CATARINA";240002535421;4;21;"Veículo automotor terrestre: caminhão, automóvel, moto, etc.";"VEÍCULO AUTOMOTOR TERRESTRE: CAMINHÃO, AUTOMÓVEL, MOTO, ETC.";"80000,00";"04/08/2026";"17:11:50"
"05/08/2026";"19:30:07";2026;2;"Eleição Ordinária";6259;"Eleições Gerais Estaduais 2026";"04/10/2026";"SC";"SC";"SANTA CATARINA";240002535422;1;21;"Veículo automotor terrestre: caminhão, automóvel, moto, etc.";"VEÍCULO AUTOMOTOR TERRESTRE: CAMINHÃO, AUTOMÓVEL, MOTO, ETC.";"40000,00";"04/08/2026";"17:11:52"
"05/08/2026";"19:30:07";2026;2;"Eleição Ordinária";6259;"Eleições Gerais Estaduais 2026";"04/10/2026";"SC";"SC";"SANTA CATARINA";240002535423;3;62;"Depósito bancário em conta corrente no exterior";"DEPÓSITO BANCÁRIO EM CONTA CORRENTE NO EXTERIOR E APLIC";"31528,74";"04/08/2026";"17:11:52"
"05/08/2026";"19:30:07";2026;2;"Eleição Ordinária";6259;"Eleições Gerais Estaduais 2026";"04/10/2026";"SC";"SC";"SANTA CATARINA";240002535423;2;45;"Aplicação de renda fixa (CDB, RDB e outros)";"APLICAÇÃO DE RENDA FIXA (CDB, RDB E OUTROS)";"321732,61";"04/08/2026";"17:11:52"
"05/08/2026";"19:30:07";2026;2;"Eleição Ordinária";6259;"Eleições Gerais Estaduais 2026";"04/10/2026";"SC";"SC";"SANTA CATARINA";240002535423;1;11;"Apartamento";"APARTAMENTO 902 - ED. IOLANDA A=282,43 M2";"1114249,17";"04/08/2026";"17:11:52"
"05/08/2026";"19:30:07";2026;2;"Eleição Ordinária";6259;"Eleições Gerais Estaduais 2026";"04/10/2026";"SC";"SC";"SANTA CATARINA";240002535423;4;39;"Outras participações societárias";"10,00% DAS QUOTAS DE CAPITAL DA EMPRESA AGRO INTELECTO - INTELIGENCIA EM NEGOCIOS AGRICOLAS LTDA, CNPJ: 36.685.951/0001-99,";"60000,00";"04/08/2026";"17:11:52"
"05/08/2026";"19:30:07";2026;2;"Eleição Ordinária";6259;"Eleições Gerais Estaduais 2026";"04/10/2026";"SC";"SC";"SANTA CATARINA";240002535423;6;21;"Veículo automotor terrestre: caminhão, automóvel, moto, etc.";"VEÍCULO NIVUS CINZA CHASSI:9BWCH6CHOMP035411";"108980,00";"04/08/2026";"17:11:52"
"05/08/2026";"19:30:07";2026;2;"Eleição Ordinária";6259;"Eleições Gerais Estaduais 2026";"04/10/2026";"SC";"SC";"SANTA CATARINA";240002535423;5;11;"Apartamento";"APARTAMENTO GARDÊNIA 1/3 DO VALOR TOTAL DE R$ 180.000,00";"60000,00";"04/08/2026";"17:11:52"
"05/08/2026";"19:30:07";2026;2;"Eleição Ordinária";6259;"Eleições Gerais Estaduais 2026";"04/10/2026";"SC";"SC";"SANTA CATARINA";240002535423;7;97;"VGBL - Vida Gerador de Benefício Livre";"VGBL - VIDA GERADOR DE BENEFÍCIO LIVRE - CEF CAIXA VIDA PREVIDENCIA E BB";"70772,04";"04/08/2026";"17:11:52"
"05/08/2026";"19:30:07";2026;2;"Eleição Ordinária";6259;"Eleições Gerais Estaduais 2026";"04/10/2026";"SC";"SC";"SANTA CATARINA";240002535423;9;32;"Quotas ou quinhões de capital";"QUOTAS OU QUINHÕES DE CAPITAL DA EMPRESA CHAPECÓ INVESTIMENTOS";"60629,19";"04/08/2026";"17:11:52"
"05/08/2026";"19:30:07";2026;2;"Eleição Ordinária";6259;"Eleições Gerais Estaduais 2026";"04/10/2026";"SC";"SC";"SANTA CATARINA";240002535423;8;11;"Apartamento";"APARTAMENTO 303 ED. CONDÁ TOWER MATR. 97393 A= 181,36 M2";"300000,00";"04/08/2026";"17:11:52"
"05/08/2026";"19:30:07";2026;2;"Eleição Ordinária";6259;"Eleições Gerais Estaduais 2026";"04/10/2026";"SC";"SC";"SANTA CATARINA";240002535425;1;24;"Bem relacionado com o exercício da atividade autônoma";"BEM RELACIONADO COM O EXERCÍCIO DA ATIVIDADE AUTÔNOMA";"59900,00";"04/08/2026";"17:11:50"
"05/08/2026";"19:30:07";2026;2;"Eleição Ordinária";6259;"Eleições Gerais Estaduais 2026";"04/10/2026";"SC";"SC";"SANTA CATARINA";240002535424;1;21;"Veículo automotor terrestre: caminhão, automóvel, moto, etc.";"VEÍCULO CRETA MODELO 2024";"145000,00";"04/08/2026";"17:11:52"
"05/08/2026";"19:30:07";2026;2;"Eleição Ordinária";6259;"Eleições Gerais Estaduais 2026";"04/10/2026";"SC";"SC";"SANTA CATARINA";240002535426;1;61;"Depósito bancário em conta corrente no País";"DEPÓSITO BANCÁRIO EM CONTA CORRENTE NO PAÍS";"95974,32";"04/08/2026";"17:11:49"
"05/08/2026";"19:30:07";2026;2;"Eleição Ordinária";6259;"Eleições Gerais Estaduais 2026";"04/10/2026";"SC";"SC";"SANTA CATARINA";240002535426;3;39;"Outras participações societárias";"OUTRAS PARTICIPAÇÕES SOCIETÁRIAS";"3330,00";"04/08/2026";"17:11:49"
"05/08/2026";"19:30:07";2026;2;"Eleição Ordinária";6259;"Eleições Gerais Estaduais 2026";"04/10/2026";"SC";"SC";"SANTA CATARINA";240002535426;4;73;"Fundo de Investimento Imobiliário";"FUNDO DE INVESTIMENTO IMOBILIÁRIO";"141609,51";"04/08/2026";"17:11:49"
"05/08/2026";"19:30:07";2026;2;"Eleição Ordinária";6259;"Eleições Gerais Estaduais 2026";"04/10/2026";"SC";"SC";"SANTA CATARINA";240002535426;2;73;"Fundo de Investimento Imobiliário";"FUNDO DE INVESTIMENTO IMOBILIÁRIO";"64968,49";"04/08/2026";"17:11:49"
"05/08/2026";"19:30:07";2026;2;"Eleição Ordinária";6259;"Eleições Gerais Estaduais 2026";"04/10/2026";"SC";"SC";"SANTA CATARINA";240002535426;5;59;"Outros créditos e poupança vinculados";"10 UNIDADES DE BTC CUSTO MÉDIO";"822000,00";"04/08/2026";"17:11:49"
"05/08/2026";"19:30:07";2026;2;"Eleição Ordinária";6259;"Eleições Gerais Estaduais 2026";"04/10/2026";"SC";"SC";"SANTA CATARINA";240002535426;6;73;"Fundo de Investimento Imobiliário";"FUNDO DE INVESTIMENTO IMOBILIÁRIO";"48965,80";"04/08/2026";"17:11:49"
"05/08/2026";"19:30:07";2026;2;"Eleição Ordinária";6259;"Eleições Gerais Estaduais 2026";"04/10/2026";"SC";"SC";"SANTA CATARINA";240002535426;7;73;"Fundo de Investimento Imobiliário";"FUNDO DE INVESTIMENTO IMOBILIÁRIO";"48943,44";"04/08/2026";"17:11:49"
"05/08/2026";"19:30:07";2026;2;"Eleição Ordinária";6259;"Eleições Gerais Estaduais 2026";"04/10/2026";"SC";"SC";"SANTA CATARINA";240002535427;3;21;"Veículo automotor terrestre: caminhão, automóvel, moto, etc.";"VEÍCULO AUTOMOTOR TERRESTRE: CAMINHÃO, AUTOMÓVEL, MOTO, ETC.";"17000,00";"04/08/2026";"17:11:52"
"05/08/2026";"19:30:07";2026;2;"Eleição Ordinária";6259;"Eleições Gerais Estaduais 2026";"04/10/2026";"SC";"SC";"SANTA CATARINA";240002535427;1;32;"Quotas ou quinhões de capital";"QUOTAS OU QUINHÕES DE CAPITAL";"1800000,00";"04/08/2026";"17:11:52"
"05/08/2026";"19:30:07";2026;2;"Eleição Ordinária";6259;"Eleições Gerais Estaduais 2026";"04/10/2026";"SC";"SC";"SANTA CATARINA";240002535427;2;61;"Depósito bancário em conta corrente no País";"DEPÓSITO BANCÁRIO EM CONTA CORRENTE NO PAÍS";"400000,00";"04/08/2026";"17:11:52"
"05/08/2026";"19:30:07";2026;2;"Eleição Ordinária";6259;"Eleições Gerais Estaduais 2026";"04/10/2026";"SC";"SC";"SANTA CATARINA";240002535429;2;32;"Quotas ou quinhões de capital";"QUOTAS DE CAPITAL";"10000,00";"04/08/2026";"17:11:49"
"05/08/2026";"19:30:07";2026;2;"Eleição Ordinária";6259;"Eleições Gerais Estaduais 2026";"04/10/2026";"SC";"SC";"SANTA CATARINA";240002535428;1;11;"Apartamento";"APARTAMENTO";"1200000,00";"04/08/2026";"17:11:52"
"05/08/2026";"19:30:07";2026;2;"Eleição Ordinária";6259;"Eleições Gerais Estaduais 2026";"04/10/2026";"SC";"SC";"SANTA CATARINA";240002535429;1;61;"Depósito bancário em conta corrente no País";"DEPÓSITO BANCÁRIO EM CONTA CORRENTE NO PAÍS";"561,90";"04/08/2026";"17:11:49"
"05/08/2026";"19:30:07";2026;2;"Eleição Ordinária";6259;"Eleições Gerais Estaduais 2026";"04/10/2026";"SC";"SC";"SANTA CATARINA";240002535429;3;21;"Veículo automotor terrestre: caminhão, automóvel, moto, etc.";"AUTOMÓVEL";"155000,00";"04/08/2026";"17:11:49"
"05/08/2026";"19:30:07";2026;2;"Eleição Ordinária";6259;"Eleições Gerais Estaduais 2026";"04/10/2026";"SC";"SC";"SANTA CATARINA";240002535429;5;73;"Fundo de Investimento Imobiliário";"COTAS DE FII E FIAGRO";"110250,61";"04/08/2026";"17:11:49"
"05/08/2026";"19:30:07";2026;2;"Eleição Ordinária";6259;"Eleições Gerais Estaduais 2026";"04/10/2026";"SC";"SC";"SANTA CATARINA";240002535429;4;11;"Apartamento";"APARTAMENTO EM CONSTRUÇÃO (50%)";"70159,68";"04/08/2026";"17:11:49"
"05/08/2026";"19:30:07";2026;2;"Eleição Ordinária";6259;"Eleições Gerais Estaduais 2026";"04/10/2026";"SC";"SC";"SANTA CATARINA";240002535429;6;45;"Aplicação de renda fixa (CDB, RDB e outros)";"APLICAÇÃO DE RENDA FIXA";"2240,69";"04/08/2026";"17:11:49"
"05/08/2026";"19:30:07";2026;2;"Eleição Ordinária";6259;"Eleições Gerais Estaduais 2026";"04/10/2026";"SC";"SC";"SANTA CATARINA";240002535429;7;31;"Ações (inclusive as provenientes de linha telefônica)";"AÇÕES E VALORES MOBILIÁRIOS";"173747,56";"04/08/2026";"17:11:49"
"05/08/2026";"19:30:07";2026;2;"Eleição Ordinária";6259;"Eleições Gerais Estaduais 2026";"04/10/2026";"SC";"SC";"SANTA CATARINA";240002535429;8;74;"Fundos: Ações, Mútuos de Privatização, Invest. Empresas Emergentes, Invest.Participação e Invest. Índice Mercado";"FUNDOS DE INVESTIMENTO";"14459,61";"04/08/2026";"17:11:49"
"05/08/2026";"19:30:07";2026;2;"Eleição Ordinária";6259;"Eleições Gerais Estaduais 2026";"04/10/2026";"SC";"SC";"SANTA CATARINA";240002535429;10;32;"Quotas ou quinhões de capital";"QUOTAS DE CAPITAL";"10000,00";"04/08/2026";"17:11:49"
"05/08/2026";"19:30:07";2026;2;"Eleição Ordinária";6259;"Eleições Gerais Estaduais 2026";"04/10/2026";"SC";"SC";"SANTA CATARINA";240002535429;11;11;"Apartamento";"APARTAMENTO (50%)";"220000,00";"04/08/2026";"17:11:49"
"05/08/2026";"19:30:07";2026;2;"Eleição Ordinária";6259;"Eleições Gerais Estaduais 2026";"04/10/2026";"SC";"SC";"SANTA CATARINA";240002535429;9;51;"Crédito decorrente de empréstimo";"CRÉDITO DECORRENTE DE EMPRÉSTIMO";"71580,62";"04/08/2026";"17:11:49"
"05/08/2026";"19:30:07";2026;2;"Eleição Ordinária";6259;"Eleições Gerais Estaduais 2026";"04/10/2026";"SC";"SC";"SANTA CATARINA";240002535431;1;21;"Veículo automotor terrestre: caminhão, automóvel, moto, etc.";"VEÍCULO AUTOMOTOR TERRESTRE: SANDERO";"25000,00";"04/08/2026";"17:11:49"
"05/08/2026";"19:30:07";2026;2;"Eleição Ordinária";6259;"Eleições Gerais Estaduais 2026";"04/10/2026";"SC";"SC";"SANTA CATARINA";240002535430;2;11;"Apartamento";"APARTAMENTO BALNEÁRIO CAMBORIÚ";"400000,00";"04/08/2026";"17:11:52"
"05/08/2026";"19:30:07";2026;2;"Eleição Ordinária";6259;"Eleições Gerais Estaduais 2026";"04/10/2026";"SC";"SC";"SANTA CATARINA";240002535430;1;31;"Ações (inclusive as provenientes de linha telefônica)";"AÇÕES DIVERSIFICADAS NA BOLSA DE VALORES DO BRASIL B3";"160000,00";"04/08/2026";"17:11:52"
"05/08/2026";"19:30:07";2026;2;"Eleição Ordinária";6259;"Eleições Gerais Estaduais 2026";"04/10/2026";"SC";"SC";"SANTA CATARINA";240002535431;3;39;"Outras participações societárias";"OUTRAS PARTICIPAÇÕES SOCIETÁRIAS";"10000,00";"04/08/2026";"17:11:49"
"05/08/2026";"19:30:07";2026;2;"Eleição Ordinária";6259;"Eleições Gerais Estaduais 2026";"04/10/2026";"SC";"SC";"SANTA CATARINA";240002535431;2;21;"Veículo automotor terrestre: caminhão, automóvel, moto, etc.";"VEÍCULO AUTOMOTOR TERRESTRE: KOMBI";"45000,00";"04/08/2026";"17:11:49"
"05/08/2026";"19:30:07";2026;2;"Eleição Ordinária";6259;"Eleições Gerais Estaduais 2026";"04/10/2026";"SC";"SC";"SANTA CATARINA";240002535431;4;11;"Apartamento";"APARTAMENTO PIÇARRAS";"800000,00";"04/08/2026";"17:11:49"
"05/08/2026";"19:30:07";2026;2;"Eleição Ordinária";6259;"Eleições Gerais Estaduais 2026";"04/10/2026";"SC";"SC";"SANTA CATARINA";240002535431;6;99;"OUTROS BENS E DIREITOS";"OUTROS BENS E DIREITOS - BARCO";"35000,00";"04/08/2026";"17:11:49"
"05/08/2026";"19:30:07";2026;2;"Eleição Ordinária";6259;"Eleições Gerais Estaduais 2026";"04/10/2026";"SC";"SC";"SANTA CATARINA";240002535431;5;99;"OUTROS BENS E DIREITOS";"OUTROS BENS E DIREITOS - BARCO MENOR";"8000,00";"04/08/2026";"17:11:49"
"05/08/2026";"19:30:07";2026;2;"Eleição Ordinária";6259;"Eleições Gerais Estaduais 2026";"04/10/2026";"SC";"SC";"SANTA CATARINA";240002535431;7;95;"Consórcio não contemplado";"CONSÓRCIO NÃO CONTEMPLADO";"39000,00";"04/08/2026";"17:11:49"
"05/08/2026";"19:30:07";2026;2;"Eleição Ordinária";6259;"Eleições Gerais Estaduais 2026";"04/10/2026";"SC";"SC";"SANTA CATARINA";240002535431;8;21;"Veículo automotor terrestre: caminhão, automóvel, moto, etc.";"VEÍCULO AUTOMOTOR TERRESTRE: FUSCA ANTIGO";"10000,00";"04/08/2026";"17:11:49"
"05/08/2026";"19:30:07";2026;2;"Eleição Ordinária";6259;"Eleições Gerais Estaduais 2026";"04/10/2026";"SC";"SC";"SANTA CATARINA";240002535431;10;21;"Veículo automotor terrestre: caminhão, automóvel, moto, etc.";"VEÍCULO AUTOMOTOR TERRESTRE: CARRETA REBOQUE";"3000,00";"04/08/2026";"17:11:49"
"05/08/2026";"19:30:07";2026;2;"Eleição Ordinária";6259;"Eleições Gerais Estaduais 2026";"04/10/2026";"SC";"SC";"SANTA CATARINA";240002535431;9;11;"Apartamento";"APARTAMENTO JOINVILLE";"280000,00";"04/08/2026";"17:11:49"
"05/08/2026";"19:30:07";2026;2;"Eleição Ordinária";6259;"Eleições Gerais Estaduais 2026";"04/10/2026";"SC";"SC";"SANTA CATARINA";240002535431;12;21;"Veículo automotor terrestre: caminhão, automóvel, moto, etc.";"VEÍCULO AUTOMOTOR TERRESTRE: ECOESPORTE";"75000,00";"04/08/2026";"17:11:49"
"05/08/2026";"19:30:07";2026;2;"Eleição Ordinária";6259;"Eleições Gerais Estaduais 2026";"04/10/2026";"SC";"SC";"SANTA CATARINA";240002535431;11;21;"Veículo automotor terrestre: caminhão, automóvel, moto, etc.";"VEÍCULO AUTOMOTOR TERRESTRE: CARRETA REBOQUE 2";"3000,00";"04/08/2026";"17:11:49"
"05/08/2026";"19:30:07";2026;2;"Eleição Ordinária";6259;"Eleições Gerais Estaduais 2026";"04/10/2026";"SC";"SC";"SANTA CATARINA";240002535433;1;12;"Casa";"CASA EM USO E FRUTO.";"200000,00";"04/08/2026";"17:11:52"
"05/08/2026";"19:30:07";2026;2;"Eleição Ordinária";6259;"Eleições Gerais Estaduais 2026";"04/10/2026";"SC";"SC";"SANTA CATARINA";240002535434;1;46;"Ouro, ativo financeiro";"CRIPTOMOEDAS";"144500,00";"04/08/2026";"17:11:48"
"05/08/2026";"19:30:07";2026;2;"Eleição Ordinária";6259;"Eleições Gerais Estaduais 2026";"04/10/2026";"SC";"SC";"SANTA CATARINA";240002535434;2;73;"Fundo de Investimento Imobiliário";"FUNDOS DE INVESTIMENTO IMOBILIÁRIO (DIVERSOS)";"453533,87";"04/08/2026";"17:11:48"
"05/08/2026";"19:30:07";2026;2;"Eleição Ordinária";6259;"Eleições Gerais Estaduais 2026";"04/10/2026";"SC";"SC";"SANTA CATARINA";240002535434;3;45;"Aplicação de renda fixa (CDB, RDB e outros)";"APLICAÇÃO DE RENDA FIXA (CDB, RDB E OUTROS)";"71843,36";"04/08/2026";"17:11:48"
"05/08/2026";"19:30:07";2026;2;"Eleição Ordinária";6259;"Eleições Gerais Estaduais 2026";"04/10/2026";"SC";"SC";"SANTA CATARINA";240002535434;6;32;"Quotas ou quinhões de capital";"QUOTAS DA VASSELAI   VIEIRA ADVOGADOS";"1000,00";"04/08/2026";"17:11:48"
"05/08/2026";"19:30:07";2026;2;"Eleição Ordinária";6259;"Eleições Gerais Estaduais 2026";"04/10/2026";"SC";"SC";"SANTA CATARINA";240002535434;4;41;"Caderneta de poupança";"CADERNETA DE POUPANÇA";"14060,20";"04/08/2026";"17:11:48"
"05/08/2026";"19:30:07";2026;2;"Eleição Ordinária";6259;"Eleições Gerais Estaduais 2026";"04/10/2026";"SC";"SC";"SANTA CATARINA";240002535434;5;11;"Apartamento";"APARTAMENTO EM POMERODE";"300000,00";"04/08/2026";"17:11:48"
"05/08/2026";"19:30:07";2026;2;"Eleição Ordinária";6259;"Eleições Gerais Estaduais 2026";"04/10/2026";"SC";"SC";"SANTA CATARINA";240002535434;9;13;"Terreno";"TERRENO EM POMERODE";"260400,00";"04/08/2026";"17:11:48"
"05/08/2026";"19:30:07";2026;2;"Eleição Ordinária";6259;"Eleições Gerais Estaduais 2026";"04/10/2026";"SC";"SC";"SANTA CATARINA";240002535434;7;32;"Quotas ou quinhões de capital";"QUOTAS DA PORTOAÇO CONSTRUTORA";"34500,00";"04/08/2026";"17:11:48"
"05/08/2026";"19:30:07";2026;2;"Eleição Ordinária";6259;"Eleições Gerais Estaduais 2026";"04/10/2026";"SC";"SC";"SANTA CATARINA";240002535434;8;32;"Quotas ou quinhões de capital";"CAPITAL SOCIAL DA UNICRED";"4630,00";"04/08/2026";"17:11:48"
"05/08/2026";"19:30:07";2026;2;"Eleição Ordinária";6259;"Eleições Gerais Estaduais 2026";"04/10/2026";"SC";"SC";"SANTA CATARINA";240002535434;12;21;"Veículo automotor terrestre: caminhão, automóvel, moto, etc.";"VEÍCULO VW TCROSS HL TSI";"155070,02";"04/08/2026";"17:11:48"
"05/08/2026";"19:30:07";2026;2;"Eleição Ordinária";6259;"Eleições Gerais Estaduais 2026";"04/10/2026";"SC";"SC";"SANTA CATARINA";240002535434;11;62;"Depósito bancário em conta corrente no exterior";"DEPÓSITO BANCÁRIO EM CONTA CORRENTE NO EXTERIOR";"17762,20";"04/08/2026";"17:11:48"
"05/08/2026";"19:30:07";2026;2;"Eleição Ordinária";6259;"Eleições Gerais Estaduais 2026";"04/10/2026";"SC";"SC";"SANTA CATARINA";240002535434;10;61;"Depósito bancário em conta corrente no País";"DEPÓSITO BANCÁRIO EM CONTA CORRENTE NO PAÍS";"24770,95";"04/08/2026";"17:11:48"
"05/08/2026";"19:30:07";2026;2;"Eleição Ordinária";6259;"Eleições Gerais Estaduais 2026";"04/10/2026";"SC";"SC";"SANTA CATARINA";240002535434;14;32;"Quotas ou quinhões de capital";"QUOTAS DA LIBER CURSOS LTDA.";"2500,00";"04/08/2026";"17:11:48"
"05/08/2026";"19:30:07";2026;2;"Eleição Ordinária";6259;"Eleições Gerais Estaduais 2026";"04/10/2026";"SC";"SC";"SANTA CATARINA";240002535434;13;31;"Ações (inclusive as provenientes de linha telefônica)";"AÇÕES E ETFS CUSTODIADOS NA AVENUE";"1303724,79";"04/08/2026";"17:11:48"
"05/08/2026";"19:30:07";2026;2;"Eleição Ordinária";6259;"Eleições Gerais Estaduais 2026";"04/10/2026";"SC";"SC";"SANTA CATARINA";240002535434;15;31;"Ações (inclusive as provenientes de linha telefônica)";"AÇÕES NA B3";"493754,69";"04/08/2026";"17:11:48"
"05/08/2026";"19:30:07";2026;2;"Eleição Ordinária";6259;"Eleições Gerais Estaduais 2026";"04/10/2026";"SC";"SC";"SANTA CATARINA";240002535435;2;21;"Veículo automotor terrestre: caminhão, automóvel, moto, etc.";"VEÍCULO AUTOMOTOR TERRESTRE: CAMINHÃO, AUTOMÓVEL, MOTO, ETC.";"120000,00";"04/08/2026";"17:11:52"
"05/08/2026";"19:30:07";2026;2;"Eleição Ordinária";6259;"Eleições Gerais Estaduais 2026";"04/10/2026";"SC";"SC";"SANTA CATARINA";240002535435;1;12;"Casa";"CASA";"1000000,00";"04/08/2026";"17:11:52"
"05/08/2026";"19:30:07";2026;2;"Eleição Ordinária";6259;"Eleições Gerais Estaduais 2026";"04/10/2026";"SC";"SC";"SANTA CATARINA";240002535434;16;15;"Sala ou conjunto";"SALA COMERCIAL EM POMERODE";"625000,00";"04/08/2026";"17:11:48"
"05/08/2026";"19:30:07";2026;2;"Eleição Ordinária";6259;"Eleições Gerais Estaduais 2026";"04/10/2026";"SC";"SC";"SANTA CATARINA";240002535436;2;12;"Casa";"CASA";"700000,00";"04/08/2026";"17:11:52"
"05/08/2026";"19:30:07";2026;2;"Eleição Ordinária";6259;"Eleições Gerais Estaduais 2026";"04/10/2026";"SC";"SC";"SANTA CATARINA";240002535436;3;21;"Veículo automotor terrestre: caminhão, automóvel, moto, etc.";"VEÍCULO AUTOMOTOR TERRESTRE: CAMINHÃO, AUTOMÓVEL, MOTO, ETC.";"60000,00";"04/08/2026";"17:11:52"
"05/08/2026";"19:30:07";2026;2;"Eleição Ordinária";6259;"Eleições Gerais Estaduais 2026";"04/10/2026";"SC";"SC";"SANTA CATARINA";240002535436;1;61;"Depósito bancário em conta corrente no País";"DEPÓSITO BANCÁRIO EM CONTA CORRENTE NO PAÍS";"2200,00";"04/08/2026";"17:11:52"
"05/08/2026";"19:30:07";2026;2;"Eleição Ordinária";6259;"Eleições Gerais Estaduais 2026";"04/10/2026";"SC";"SC";"SANTA CATARINA";240002535438;1;21;"Veículo automotor terrestre: caminhão, automóvel, moto, etc.";"VEÍCULO AUTOMOTOR TERRESTRE: FORD KA 2011";"19000,00";"04/08/2026";"17:11:54"
"05/08/2026";"19:30:07";2026;2;"Eleição Ordinária";6259;"Eleições Gerais Estaduais 2026";"04/10/2026";"SC";"SC";"SANTA CATARINA";240002535437;1;21;"Veículo automotor terrestre: caminhão, automóvel, moto, etc.";"VEÍCULO AUTOMOTOR TERRESTRE: AUTOMÓVEL HB20 DIAMOND PLUS 2020 AZUL";"80000,00";"04/08/2026";"17:11:52"
"05/08/2026";"19:30:07";2026;2;"Eleição Ordinária";6259;"Eleições Gerais Estaduais 2026";"04/10/2026";"SC";"SC";"SANTA CATARINA";240002535437;2;61;"Depósito bancário em conta corrente no País";"DEPÓSITO BANCÁRIO EM CONTA CORRENTE NO PAÍS";"15000,00";"04/08/2026";"17:11:52"
"05/08/2026";"19:30:07";2026;2;"Eleição Ordinária";6259;"Eleições Gerais Estaduais 2026";"04/10/2026";"SC";"SC";"SANTA CATARINA";240002535438;4;25;"Jóia, quadro, objeto de arte, de coleção, antiguidade, etc.";"JÓIA, QUADRO, OBJETO DE ARTE, DE COLEÇÃO, ANTIGUIDADE, COMO VASOS, ESCULTURAS";"40000,00";"04/08/2026";"17:11:54"
"05/08/2026";"19:30:07";2026;2;"Eleição Ordinária";6259;"Eleições Gerais Estaduais 2026";"04/10/2026";"SC";"SC";"SANTA CATARINA";240002535438;2;29;"Outros bens móveis";"OUTROS BENS MÓVEIS DE ANTIQUARIO";"30000,00";"04/08/2026";"17:11:54"
"05/08/2026";"19:30:07";2026;2;"Eleição Ordinária";6259;"Eleições Gerais Estaduais 2026";"04/10/2026";"SC";"SC";"SANTA CATARINA";240002535438;3;21;"Veículo automotor terrestre: caminhão, automóvel, moto, etc.";"VEÍCULO AUTOMOTOR TERRESTRE: MÁQUINA PESADA RETRÔ ESCAVADEIRA 2000";"75000,00";"04/08/2026";"17:11:54"
"05/08/2026";"19:30:07";2026;2;"Eleição Ordinária";6259;"Eleições Gerais Estaduais 2026";"04/10/2026";"SC";"SC";"SANTA CATARINA";240002535438;5;39;"Outras participações societárias";"OUTRAS PARTICIPAÇÕES SOCIETÁRIAS TRÊS  EMPRESAS";"100000,00";"04/08/2026";"17:11:54"
"05/08/2026";"19:30:07";2026;2;"Eleição Ordinária";6259;"Eleições Gerais Estaduais 2026";"04/10/2026";"SC";"SC";"SANTA CATARINA";240002535438;7;21;"Veículo automotor terrestre: caminhão, automóvel, moto, etc.";"VEÍCULO AUTOMOTOR TERRESTRE: CAMINHÃO, MB 608 - 1978 .";"42000,00";"04/08/2026";"17:11:54"
"05/08/2026";"19:30:07";2026;2;"Eleição Ordinária";6259;"Eleições Gerais Estaduais 2026";"04/10/2026";"SC";"SC";"SANTA CATARINA";240002535438;6;95;"Consórcio não contemplado";"CONSÓRCIO NÃO CONTEMPLADO DE VEÍCULO";"180000,00";"04/08/2026";"17:11:54"
"05/08/2026";"19:30:07";2026;2;"Eleição Ordinária";6259;"Eleições Gerais Estaduais 2026";"04/10/2026";"SC";"SC";"SANTA CATARINA";240002535438;8;21;"Veículo automotor terrestre: caminhão, automóvel, moto, etc.";"VEÍCULO AUTOMOTOR TERRESTRE: TOYOTA COROLA CROSS 2024";"160000,00";"04/08/2026";"17:11:54"
"05/08/2026";"19:30:07";2026;2;"Eleição Ordinária";6259;"Eleições Gerais Estaduais 2026";"04/10/2026";"SC";"SC";"SANTA CATARINA";240002535438;9;21;"Veículo automotor terrestre: caminhão, automóvel, moto, etc.";"VEÍCULO AUTOMOTOR TERRESTRE: GM MONTANA 2013";"40000,00";"04/08/2026";"17:11:54"
"05/08/2026";"19:30:07";2026;2;"Eleição Ordinária";6259;"Eleições Gerais Estaduais 2026";"04/10/2026";"SC";"SC";"SANTA CATARINA";240002535438;10;95;"Consórcio não contemplado";"CONSÓRCIO NÃO CONTEMPLADO DE IMÓVEL";"250000,00";"04/08/2026";"17:11:54"
"05/08/2026";"19:30:07";2026;2;"Eleição Ordinária";6259;"Eleições Gerais Estaduais 2026";"04/10/2026";"SC";"SC";"SANTA CATARINA";240002535441;1;13;"Terreno";"TERRENO";"1000000,00";"04/08/2026";"17:11:54"
"05/08/2026";"19:30:07";2026;2;"Eleição Ordinária";6259;"Eleições Gerais Estaduais 2026";"04/10/2026";"SC";"SC";"SANTA CATARINA";240002535438;11;12;"Casa";"CASA DE ALVENARIA COM ÁREA DE 600 METROS";"1500000,00";"04/08/2026";"17:11:54"
"05/08/2026";"19:30:07";2026;2;"Eleição Ordinária";6259;"Eleições Gerais Estaduais 2026";"04/10/2026";"SC";"SC";"SANTA CATARINA";240002535441;2;21;"Veículo automotor terrestre: caminhão, automóvel, moto, etc.";"VEÍCULO AUTOMOTOR TERRESTRE: CAMINHÃO, AUTOMÓVEL, MOTO, ETC.";"30000,00";"04/08/2026";"17:11:54"
"05/08/2026";"19:30:07";2026;2;"Eleição Ordinária";6259;"Eleições Gerais Estaduais 2026";"04/10/2026";"SC";"SC";"SANTA CATARINA";240002535442;1;45;"Aplicação de renda fixa (CDB, RDB e outros)";"APLICAÇÃO DE RENDA FIXA (CDB, RDB E OUTROS)";"280000,00";"04/08/2026";"17:11:54"
"05/08/2026";"19:30:07";2026;2;"Eleição Ordinária";6259;"Eleições Gerais Estaduais 2026";"04/10/2026";"SC";"SC";"SANTA CATARINA";240002535442;2;21;"Veículo automotor terrestre: caminhão, automóvel, moto, etc.";"VEÍCULO AUTOMOTOR TERRESTRE: CAMINHÃO, AUTOMÓVEL, MOTO, ETC.";"65000,00";"04/08/2026";"17:11:54"
"05/08/2026";"19:30:07";2026;2;"Eleição Ordinária";6259;"Eleições Gerais Estaduais 2026";"04/10/2026";"SC";"SC";"SANTA CATARINA";240002535442;3;11;"Apartamento";"APARTAMENTO";"320000,00";"04/08/2026";"17:11:54"
"05/08/2026";"19:30:07";2026;2;"Eleição Ordinária";6259;"Eleições Gerais Estaduais 2026";"04/10/2026";"SC";"SC";"SANTA CATARINA";240002535443;2;13;"Terreno";"TERRENO";"70000,00";"04/08/2026";"17:11:54"
"05/08/2026";"19:30:07";2026;2;"Eleição Ordinária";6259;"Eleições Gerais Estaduais 2026";"04/10/2026";"SC";"SC";"SANTA CATARINA";240002535443;3;13;"Terreno";"TERRENO";"200000,00";"04/08/2026";"17:11:54"
"05/08/2026";"19:30:07";2026;2;"Eleição Ordinária";6259;"Eleições Gerais Estaduais 2026";"04/10/2026";"SC";"SC";"SANTA CATARINA";240002535443;1;32;"Quotas ou quinhões de capital";"QUOTAS OU QUINHÕES DE CAPITAL";"100000,00";"04/08/2026";"17:11:54"
"05/08/2026";"19:30:07";2026;2;"Eleição Ordinária";6259;"Eleições Gerais Estaduais 2026";"04/10/2026";"SC";"SC";"SANTA CATARINA";240002535443;6;12;"Casa";"CASA";"530000,00";"04/08/2026";"17:11:54"
"05/08/2026";"19:30:07";2026;2;"Eleição Ordinária";6259;"Eleições Gerais Estaduais 2026";"04/10/2026";"SC";"SC";"SANTA CATARINA";240002535443;4;21;"Veículo automotor terrestre: caminhão, automóvel, moto, etc.";"VEÍCULO AUTOMOTOR TERRESTRE: CAMINHÃO, AUTOMÓVEL, MOTO, ETC.";"180000,00";"04/08/2026";"17:11:54"
"05/08/2026";"19:30:07";2026;2;"Eleição Ordinária";6259;"Eleições Gerais Estaduais 2026";"04/10/2026";"SC";"SC";"SANTA CATARINA";240002535443;5;32;"Quotas ou quinhões de capital";"QUOTAS OU QUINHÕES DE CAPITAL";"10000,00";"04/08/2026";"17:11:54"
"05/08/2026";"19:30:07";2026;2;"Eleição Ordinária";6259;"Eleições Gerais Estaduais 2026";"04/10/2026";"SC";"SC";"SANTA CATARINA";240002535443;7;45;"Aplicação de renda fixa (CDB, RDB e outros)";"APLICAÇÃO DE RENDA FIXA (CDB, RDB E OUTROS)";"200000,00";"04/08/2026";"17:11:54"
"05/08/2026";"19:30:07";2026;2;"Eleição Ordinária";6259;"Eleições Gerais Estaduais 2026";"04/10/2026";"SC";"SC";"SANTA CATARINA";240002535444;2;21;"Veículo automotor terrestre: caminhão, automóvel, moto, etc.";"BMW 2012";"80000,00";"04/08/2026";"17:11:54"
"05/08/2026";"19:30:07";2026;2;"Eleição Ordinária";6259;"Eleições Gerais Estaduais 2026";"04/10/2026";"SC";"SC";"SANTA CATARINA";240002535444;1;12;"Casa";"CASA EM PORTO ALEGRE RS";"1500000,00";"04/08/2026";"17:11:54"
"05/08/2026";"19:30:07";2026;2;"Eleição Ordinária";6259;"Eleições Gerais Estaduais 2026";"04/10/2026";"SC";"SC";"SANTA CATARINA";240002535444;3;12;"Casa";"CASA NA PRAIA";"3000000,00";"04/08/2026";"17:11:54"
"05/08/2026";"19:30:07";2026;2;"Eleição Ordinária";6259;"Eleições Gerais Estaduais 2026";"04/10/2026";"SC";"SC";"SANTA CATARINA";240002535444;4;21;"Veículo automotor terrestre: caminhão, automóvel, moto, etc.";"AUDI Q3 2024";"380000,00";"04/08/2026";"17:11:54"
"05/08/2026";"19:30:07";2026;2;"Eleição Ordinária";6259;"Eleições Gerais Estaduais 2026";"04/10/2026";"SC";"SC";"SANTA CATARINA";240002535445;1;21;"Veículo automotor terrestre: caminhão, automóvel, moto, etc.";"VEÍCULO AUTOMOTOR TERRESTRE: CAMINHÃO, AUTOMÓVEL, MOTO, ETC.";"30000,00";"04/08/2026";"17:11:54"
"05/08/2026";"19:30:07";2026;2;"Eleição Ordinária";6259;"Eleições Gerais Estaduais 2026";"04/10/2026";"SC";"SC";"SANTA CATARINA";240002535446;2;13;"Terreno";"TERRENO";"300000,00";"04/08/2026";"17:11:54"
"05/08/2026";"19:30:07";2026;2;"Eleição Ordinária";6259;"Eleições Gerais Estaduais 2026";"04/10/2026";"SC";"SC";"SANTA CATARINA";240002535446;1;21;"Veículo automotor terrestre: caminhão, automóvel, moto, etc.";"VEÍCULO AUTOMOTOR TERRESTRE: CAMINHÃO, AUTOMÓVEL, MOTO, ETC.";"10000,00";"04/08/2026";"17:11:54"
"05/08/2026";"19:30:07";2026;2;"Eleição Ordinária";6259;"Eleições Gerais Estaduais 2026";"04/10/2026";"SC";"SC";"SANTA CATARINA";240002535446;3;21;"Veículo automotor terrestre: caminhão, automóvel, moto, etc.";"VEÍCULO AUTOMOTOR TERRESTRE: CAMINHÃO, AUTOMÓVEL, MOTO, ETC.";"6000,00";"04/08/2026";"17:11:54"
"05/08/2026";"19:30:07";2026;2;"Eleição Ordinária";6259;"Eleições Gerais Estaduais 2026";"04/10/2026";"SC";"SC";"SANTA CATARINA";240002535447;2;21;"Veículo automotor terrestre: caminhão, automóvel, moto, etc.";"VEÍCULO AUTOMOTOR TERRESTRE: CAMINHÃO, AUTOMÓVEL, MOTO, ETC.";"74000,00";"04/08/2026";"17:11:54"
"05/08/2026";"19:30:07";2026;2;"Eleição Ordinária";6259;"Eleições Gerais Estaduais 2026";"04/10/2026";"SC";"SC";"SANTA CATARINA";240002535447;1;12;"Casa";"CASA";"3000000,00";"04/08/2026";"17:11:54"
"05/08/2026";"19:30:07";2026;2;"Eleição Ordinária";6259;"Eleições Gerais Estaduais 2026";"04/10/2026";"SC";"SC";"SANTA CATARINA";240002535448;1;21;"Veículo automotor terrestre: caminhão, automóvel, moto, etc.";"BYD DOLPHIN MINI";"119900,00";"04/08/2026";"17:11:54"
"05/08/2026";"19:30:07";2026;2;"Eleição Ordinária";6259;"Eleições Gerais Estaduais 2026";"04/10/2026";"SC";"SC";"SANTA CATARINA";240002535448;2;19;"Outros bens imóveis";"DIREITO DE 50% SOBRE IMÓVEL MATRICULADO SOB O N. 3420 RI CRICIÚMA";"110000,00";"04/08/2026";"17:11:54"
"05/08/2026";"19:30:07";2026;2;"Eleição Ordinária";6259;"Eleições Gerais Estaduais 2026";"04/10/2026";"SC";"SC";"SANTA CATARINA";240002535448;4;24;"Bem relacionado com o exercício da atividade autônoma";"50% DE COTA SOCIAL DA VIANA E MARQUES ADVOCACIA";"500,00";"04/08/2026";"17:11:54"
"05/08/2026";"19:30:07";2026;2;"Eleição Ordinária";6259;"Eleições Gerais Estaduais 2026";"04/10/2026";"SC";"SC";"SANTA CATARINA";240002535448;3;16;"Construção";"DIREITOS DE 50% SOBRE CONSTRUÇÃO EM FRAÇÃO DO TERRENO DA MATRICULA N. 137 DO RI IÇARA/";"500000,00";"04/08/2026";"17:11:54"
"05/08/2026";"19:30:07";2026;2;"Eleição Ordinária";6259;"Eleições Gerais Estaduais 2026";"04/10/2026";"SC";"SC";"SANTA CATARINA";240002535448;6;24;"Bem relacionado com o exercício da atividade autônoma";"50% DE COTA SOCIAL DA VM SERVIÇOS DE COBRANÇA";"2500,00";"04/08/2026";"17:11:54"
"05/08/2026";"19:30:07";2026;2;"Eleição Ordinária";6259;"Eleições Gerais Estaduais 2026";"04/10/2026";"SC";"SC";"SANTA CATARINA";240002535448;5;59;"Outros créditos e poupança vinculados";"OUTROS CRÉDITOS E POUPANÇA VINCULADOS";"7575,00";"04/08/2026";"17:11:54"
"05/08/2026";"19:30:07";2026;2;"Eleição Ordinária";6259;"Eleições Gerais Estaduais 2026";"04/10/2026";"SC";"SC";"SANTA CATARINA";240002535449;1;12;"Casa";"CASA E ÁREA DE TERRA";"136000,00";"04/08/2026";"17:11:54"
"05/08/2026";"19:30:07";2026;2;"Eleição Ordinária";6259;"Eleições Gerais Estaduais 2026";"04/10/2026";"SC";"SC";"SANTA CATARINA";240002535449;2;21;"Veículo automotor terrestre: caminhão, automóvel, moto, etc.";"VEÍCULO AUTOMOTOR TERRESTRE TOYOTA ETIOS 2013";"31729,00";"04/08/2026";"17:11:54"
"05/08/2026";"19:30:07";2026;2;"Eleição Ordinária";6259;"Eleições Gerais Estaduais 2026";"04/10/2026";"SC";"SC";"SANTA CATARINA";240002535449;3;32;"Quotas ou quinhões de capital";"QUOTAS OU QUINHÕES DE CAPITAL CIDRAO SOCIEDADE INDIVIDUAL DE ADVOCACIA";"5000,00";"04/08/2026";"17:11:54"
"05/08/2026";"19:30:07";2026;2;"Eleição Ordinária";6259;"Eleições Gerais Estaduais 2026";"04/10/2026";"SC";"SC";"SANTA CATARINA";240002535449;4;32;"Quotas ou quinhões de capital";"QUOTAS OU QUINHÕES DE CAPITAL SICOOB MAXICREDITO";"1018,90";"04/08/2026";"17:11:54"
"05/08/2026";"19:30:07";2026;2;"Eleição Ordinária";6259;"Eleições Gerais Estaduais 2026";"04/10/2026";"SC";"SC";"SANTA CATARINA";240002535449;5;45;"Aplicação de renda fixa (CDB, RDB e outros)";"APLICAÇÃO DE RENDA FIXA SICOOB MAXICREDITO";"67000,00";"04/08/2026";"17:11:54"
"05/08/2026";"19:30:07";2026;2;"Eleição Ordinária";6259;"Eleições Gerais Estaduais 2026";"04/10/2026";"SC";"SC";"SANTA CATARINA";240002535449;6;95;"Consórcio não contemplado";"CONSÓRCIO NÃO CONTEMPLADO 1968";"7646,14";"04/08/2026";"17:11:54"
"05/08/2026";"19:30:07";2026;2;"Eleição Ordinária";6259;"Eleições Gerais Estaduais 2026";"04/10/2026";"SC";"SC";"SANTA CATARINA";240002535449;7;61;"Depósito bancário em conta corrente no País";"DEPÓSITO BANCÁRIO EM CONTA CORRENTE NO PAÍS SICOOB MAXICRÉDITO, NUBANK E MERCADO PAGO";"32000,00";"04/08/2026";"17:11:54"
"05/08/2026";"19:30:07";2026;2;"Eleição Ordinária";6259;"Eleições Gerais Estaduais 2026";"04/10/2026";"SC";"SC";"SANTA CATARINA";240002535449;8;21;"Veículo automotor terrestre: caminhão, automóvel, moto, etc.";"VEÍCULO AUTOMOTOR TERRESTRE FIAT STRADA 2023";"116000,00";"04/08/2026";"17:11:54"
"05/08/2026";"19:30:07";2026;2;"Eleição Ordinária";6259;"Eleições Gerais Estaduais 2026";"04/10/2026";"SC";"SC";"SANTA CATARINA";240002535449;9;95;"Consórcio não contemplado";"CONSÓRCIO NÃO CONTEMPLADO 1030";"2918,73";"04/08/2026";"17:11:54"
"05/08/2026";"19:30:07";2026;2;"Eleição Ordinária";6259;"Eleições Gerais Estaduais 2026";"04/10/2026";"SC";"SC";"SANTA CATARINA";240002535449;10;95;"Consórcio não contemplado";"CONSÓRCIO NÃO CONTEMPLADO 510";"7646,14";"04/08/2026";"17:11:54"
"05/08/2026";"19:30:07";2026;2;"Eleição Ordinária";6259;"Eleições Gerais Estaduais 2026";"04/10/2026";"SC";"SC";"SANTA CATARINA";240002535452;2;45;"Aplicação de renda fixa (CDB, RDB e outros)";"TESOURO DIRETO";"20357,92";"04/08/2026";"17:11:54"
"05/08/2026";"19:30:07";2026;2;"Eleição Ordinária";6259;"Eleições Gerais Estaduais 2026";"04/10/2026";"SC";"SC";"SANTA CATARINA";240002535452;3;45;"Aplicação de renda fixa (CDB, RDB e outros)";"APLICAÇÕES NO BTG";"3038511,83";"04/08/2026";"17:11:54"
"05/08/2026";"19:30:07";2026;2;"Eleição Ordinária";6259;"Eleições Gerais Estaduais 2026";"04/10/2026";"SC";"SC";"SANTA CATARINA";240002535452;1;61;"Depósito bancário em conta corrente no País";"DEPÓSITO BANCÁRIO EM CONTA CORRENTE NA COOMARCA";"5204,30";"04/08/2026";"17:11:54"
"05/08/2026";"19:30:07";2026;2;"Eleição Ordinária";6259;"Eleições Gerais Estaduais 2026";"04/10/2026";"SC";"SC";"SANTA CATARINA";240002535452;4;13;"Terreno";"TERRENO URBANO FLORIANÓPOLIS";"190000,00";"04/08/2026";"17:11:54"
"05/08/2026";"19:30:07";2026;2;"Eleição Ordinária";6259;"Eleições Gerais Estaduais 2026";"04/10/2026";"SC";"SC";"SANTA CATARINA";240002535452;5;21;"Veículo automotor terrestre: caminhão, automóvel, moto, etc.";"MOTO BMW 1300GS";"119000,00";"04/08/2026";"17:11:54"
"05/08/2026";"19:30:07";2026;2;"Eleição Ordinária";6259;"Eleições Gerais Estaduais 2026";"04/10/2026";"SC";"SC";"SANTA CATARINA";240002535452;6;45;"Aplicação de renda fixa (CDB, RDB e outros)";"APLICAÇÕES NO BANCO DO BRASIL";"286978,88";"04/08/2026";"17:11:54"
"05/08/2026";"19:30:07";2026;2;"Eleição Ordinária";6259;"Eleições Gerais Estaduais 2026";"04/10/2026";"SC";"SC";"SANTA CATARINA";240002535452;7;32;"Quotas ou quinhões de capital";"1050 COTAS NA EI ADM. DE BENS";"6255799,72";"04/08/2026";"17:11:54"
"05/08/2026";"19:30:07";2026;2;"Eleição Ordinária";6259;"Eleições Gerais Estaduais 2026";"04/10/2026";"SC";"SC";"SANTA CATARINA";240002535452;8;31;"Ações (inclusive as provenientes de linha telefônica)";"AÇÕES DIVERSAS";"170453,52";"04/08/2026";"17:11:54"
"05/08/2026";"19:30:07";2026;2;"Eleição Ordinária";6259;"Eleições Gerais Estaduais 2026";"04/10/2026";"SC";"SC";"SANTA CATARINA";240002535452;9;11;"Apartamento";"APARTAMENTO BLUMENAU";"2100000,00";"04/08/2026";"17:11:54"
"05/08/2026";"19:30:07";2026;2;"Eleição Ordinária";6259;"Eleições Gerais Estaduais 2026";"04/10/2026";"SC";"SC";"SANTA CATARINA";240002535452;10;73;"Fundo de Investimento Imobiliário";"FUNDOS DE INVESTIMENTO IMOBILIÁRIO DIVERSOS";"195239,51";"04/08/2026";"17:11:54"
"05/08/2026";"19:30:07";2026;2;"Eleição Ordinária";6259;"Eleições Gerais Estaduais 2026";"04/10/2026";"SC";"SC";"SANTA CATARINA";240002535452;12;21;"Veículo automotor terrestre: caminhão, automóvel, moto, etc.";"HAVAL GWM";"270000,00";"04/08/2026";"17:11:54"
"05/08/2026";"19:30:07";2026;2;"Eleição Ordinária";6259;"Eleições Gerais Estaduais 2026";"04/10/2026";"SC";"SC";"SANTA CATARINA";240002535452;11;32;"Quotas ou quinhões de capital";"30.000 COTAS NA OP ADM DE BENS";"1227967,30";"04/08/2026";"17:11:54"
"05/08/2026";"19:30:07";2026;2;"Eleição Ordinária";6259;"Eleições Gerais Estaduais 2026";"04/10/2026";"SC";"SC";"SANTA CATARINA";240002535452;13;13;"Terreno";"50% TERRENO RURAL EM ILHOTA";"671866,21";"04/08/2026";"17:11:54"
"05/08/2026";"19:30:07";2026;2;"Eleição Ordinária";6259;"Eleições Gerais Estaduais 2026";"04/10/2026";"SC";"SC";"SANTA CATARINA";240002535452;14;45;"Aplicação de renda fixa (CDB, RDB e outros)";"APLICAÇÕES NO SAFRA";"130193,46";"04/08/2026";"17:11:54"
"05/08/2026";"19:30:07";2026;2;"Eleição Ordinária";6259;"Eleições Gerais Estaduais 2026";"04/10/2026";"SC";"SC";"SANTA CATARINA";240002535453;1;32;"Quotas ou quinhões de capital";"COTA SICOOB";"537,86";"04/08/2026";"17:11:54"
"05/08/2026";"19:30:07";2026;2;"Eleição Ordinária";6259;"Eleições Gerais Estaduais 2026";"04/10/2026";"SC";"SC";"SANTA CATARINA";240002535453;3;21;"Veículo automotor terrestre: caminhão, automóvel, moto, etc.";"AUTOMÓVEL VW POLO";"81384,00";"04/08/2026";"17:11:54"
"05/08/2026";"19:30:07";2026;2;"Eleição Ordinária";6259;"Eleições Gerais Estaduais 2026";"04/10/2026";"SC";"SC";"SANTA CATARINA";240002535453;4;45;"Aplicação de renda fixa (CDB, RDB e outros)";"APLICAÇÕES FINANCEIRAS";"9130,73";"04/08/2026";"17:11:54"
"05/08/2026";"19:30:07";2026;2;"Eleição Ordinária";6259;"Eleições Gerais Estaduais 2026";"04/10/2026";"SC";"SC";"SANTA CATARINA";240002535453;2;61;"Depósito bancário em conta corrente no País";"DEPÓSITO BANCÁRIO EM CONTA CORRENTE NO PAÍS";"260,01";"04/08/2026";"17:11:54"
"05/08/2026";"19:30:07";2026;2;"Eleição Ordinária";6259;"Eleições Gerais Estaduais 2026";"04/10/2026";"SC";"SC";"SANTA CATARINA";240002535454;2;13;"Terreno";"TERRENO";"5000000,00";"04/08/2026";"17:11:54"
"05/08/2026";"19:30:07";2026;2;"Eleição Ordinária";6259;"Eleições Gerais Estaduais 2026";"04/10/2026";"SC";"SC";"SANTA CATARINA";240002535454;1;21;"Veículo automotor terrestre: caminhão, automóvel, moto, etc.";"VEÍCULO AUTOMOTOR TERRESTRE: CAMINHÃO, AUTOMÓVEL, MOTO, ETC.";"500000,00";"04/08/2026";"17:11:54"
"05/08/2026";"19:30:07";2026;2;"Eleição Ordinária";6259;"Eleições Gerais Estaduais 2026";"04/10/2026";"SC";"SC";"SANTA CATARINA";240002535454;3;12;"Casa";"CASA";"500000,00";"04/08/2026";"17:11:54"
"05/08/2026";"19:30:07";2026;2;"Eleição Ordinária";6259;"Eleições Gerais Estaduais 2026";"04/10/2026";"SC";"SC";"SANTA CATARINA";240002535455;3;12;"Casa";"CASA";"300000,00";"04/08/2026";"17:11:54"
"05/08/2026";"19:30:07";2026;2;"Eleição Ordinária";6259;"Eleições Gerais Estaduais 2026";"04/10/2026";"SC";"SC";"SANTA CATARINA";240002535455;2;12;"Casa";"CASA";"800000,00";"04/08/2026";"17:11:54"
"05/08/2026";"19:30:07";2026;2;"Eleição Ordinária";6259;"Eleições Gerais Estaduais 2026";"04/10/2026";"SC";"SC";"SANTA CATARINA";240002535455;1;21;"Veículo automotor terrestre: caminhão, automóvel, moto, etc.";"VEÍCULO AUTOMOTOR TERRESTRE: CAMINHÃO, AUTOMÓVEL, MOTO, ETC.";"50000,00";"04/08/2026";"17:11:54"
"05/08/2026";"19:30:07";2026;2;"Eleição Ordinária";6259;"Eleições Gerais Estaduais 2026";"04/10/2026";"SC";"SC";"SANTA CATARINA";240002535455;4;21;"Veículo automotor terrestre: caminhão, automóvel, moto, etc.";"VEÍCULO AUTOMOTOR TERRESTRE: CAMINHÃO, AUTOMÓVEL, MOTO, ETC.";"130000,00";"04/08/2026";"17:11:54"
"05/08/2026";"19:30:07";2026;2;"Eleição Ordinária";6259;"Eleições Gerais Estaduais 2026";"04/10/2026";"SC";"SC";"SANTA CATARINA";240002535455;5;21;"Veículo automotor terrestre: caminhão, automóvel, moto, etc.";"VEÍCULO AUTOMOTOR TERRESTRE: CAMINHÃO, AUTOMÓVEL, MOTO, ETC.";"7000,00";"04/08/2026";"17:11:54"
"05/08/2026";"19:30:07";2026;2;"Eleição Ordinária";6259;"Eleições Gerais Estaduais 2026";"04/10/2026";"SC";"SC";"SANTA CATARINA";240002535456;1;12;"Casa";"50% CASA TIJUCAS";"35000,00";"04/08/2026";"17:11:54"
"05/08/2026";"19:30:07";2026;2;"Eleição Ordinária";6259;"Eleições Gerais Estaduais 2026";"04/10/2026";"SC";"SC";"SANTA CATARINA";240002535456;2;13;"Terreno";"50% TERRENO PORTO BELO";"105000,00";"04/08/2026";"17:11:54"
"05/08/2026";"19:30:07";2026;2;"Eleição Ordinária";6259;"Eleições Gerais Estaduais 2026";"04/10/2026";"SC";"SC";"SANTA CATARINA";240002535456;4;21;"Veículo automotor terrestre: caminhão, automóvel, moto, etc.";"AUTOMÓVEL";"38000,00";"04/08/2026";"17:11:54"
"05/08/2026";"19:30:07";2026;2;"Eleição Ordinária";6259;"Eleições Gerais Estaduais 2026";"04/10/2026";"SC";"SC";"SANTA CATARINA";240002535456;3;21;"Veículo automotor terrestre: caminhão, automóvel, moto, etc.";"AUTOMÓVEL";"40000,00";"04/08/2026";"17:11:54"
"05/08/2026";"19:30:07";2026;2;"Eleição Ordinária";6259;"Eleições Gerais Estaduais 2026";"04/10/2026";"SC";"SC";"SANTA CATARINA";240002535457;3;12;"Casa";"CASA";"200000,00";"04/08/2026";"20:38:09"
"05/08/2026";"19:30:07";2026;2;"Eleição Ordinária";6259;"Eleições Gerais Estaduais 2026";"04/10/2026";"SC";"SC";"SANTA CATARINA";240002535457;1;12;"Casa";"CASA";"300000,00";"04/08/2026";"20:38:09"
"05/08/2026";"19:30:07";2026;2;"Eleição Ordinária";6259;"Eleições Gerais Estaduais 2026";"04/10/2026";"SC";"SC";"SANTA CATARINA";240002535457;2;11;"Apartamento";"APARTAMENTO";"650000,00";"04/08/2026";"20:38:09"
"05/08/2026";"19:30:07";2026;2;"Eleição Ordinária";6259;"Eleições Gerais Estaduais 2026";"04/10/2026";"SC";"SC";"SANTA CATARINA";240002535457;4;12;"Casa";"CASA";"150000,00";"04/08/2026";"20:38:09"
"05/08/2026";"19:30:07";2026;2;"Eleição Ordinária";6259;"Eleições Gerais Estaduais 2026";"04/10/2026";"SC";"SC";"SANTA CATARINA";240002535458;1;12;"Casa";"APARTAMENTO";"450000,00";"04/08/2026";"17:11:54"
"05/08/2026";"19:30:07";2026;2;"Eleição Ordinária";6259;"Eleições Gerais Estaduais 2026";"04/10/2026";"SC";"SC";"SANTA CATARINA";240002535459;1;21;"Veículo automotor terrestre: caminhão, automóvel, moto, etc.";"VEÍCULO AUTOMOTOR TERRESTRE: JEEP CHEROKEE 2012";"70000,00";"04/08/2026";"17:11:54"
"05/08/2026";"19:30:07";2026;2;"Eleição Ordinária";6259;"Eleições Gerais Estaduais 2026";"04/10/2026";"SC";"SC";"SANTA CATARINA";240002535459;4;13;"Terreno";"TERRENO RURAL SEM BENFEITORIAS";"50000,00";"04/08/2026";"17:11:54"
"05/08/2026";"19:30:07";2026;2;"Eleição Ordinária";6259;"Eleições Gerais Estaduais 2026";"04/10/2026";"SC";"SC";"SANTA CATARINA";240002535459;3;11;"Apartamento";"APARTAMENTO MORADIA PRINCIPAL";"300000,00";"04/08/2026";"17:11:54"
"05/08/2026";"19:30:07";2026;2;"Eleição Ordinária";6259;"Eleições Gerais Estaduais 2026";"04/10/2026";"SC";"SC";"SANTA CATARINA";240002535459;2;63;"Dinheiro em espécie - moeda nacional";"DINHEIRO EM ESPÉCIE - MOEDA NACIONAL";"95000,00";"04/08/2026";"17:11:54"
"05/08/2026";"19:30:07";2026;2;"Eleição Ordinária";6259;"Eleições Gerais Estaduais 2026";"04/10/2026";"SC";"SC";"SANTA CATARINA";240002535459;5;21;"Veículo automotor terrestre: caminhão, automóvel, moto, etc.";"VEÍCULO AUTOMOTOR TERRESTRE: COROLLA 2018";"80000,00";"04/08/2026";"17:11:54"
"05/08/2026";"19:30:07";2026;2;"Eleição Ordinária";6259;"Eleições Gerais Estaduais 2026";"04/10/2026";"SC";"SC";"SANTA CATARINA";240002535460;2;45;"Aplicação de renda fixa (CDB, RDB e outros)";"APLICAÇÃO DE RENDA FIXA (CDB, RDB E OUTROS)";"110091,08";"04/08/2026";"17:11:54"
"05/08/2026";"19:30:07";2026;2;"Eleição Ordinária";6259;"Eleições Gerais Estaduais 2026";"04/10/2026";"SC";"SC";"SANTA CATARINA";240002535460;1;31;"Ações (inclusive as provenientes de linha telefônica)";"AÇÕES (INCLUSIVE AS PROVENIENTES DE LINHA TELEFÔNICA)";"225985,21";"04/08/2026";"17:11:54"
"05/08/2026";"19:30:07";2026;2;"Eleição Ordinária";6259;"Eleições Gerais Estaduais 2026";"04/10/2026";"SC";"SC";"SANTA CATARINA";240002535460;3;73;"Fundo de Investimento Imobiliário";"FUNDO DE INVESTIMENTO IMOBILIÁRIO";"89285,90";"04/08/2026";"17:11:54"
"05/08/2026";"19:30:07";2026;2;"Eleição Ordinária";6259;"Eleições Gerais Estaduais 2026";"04/10/2026";"SC";"SC";"SANTA CATARINA";240002535460;5;21;"Veículo automotor terrestre: caminhão, automóvel, moto, etc.";"VEÍCULO AUTOMOTOR TERRESTRE: CAMINHÃO, AUTOMÓVEL, MOTO, ETC.";"86420,39";"04/08/2026";"17:11:54"
"05/08/2026";"19:30:07";2026;2;"Eleição Ordinária";6259;"Eleições Gerais Estaduais 2026";"04/10/2026";"SC";"SC";"SANTA CATARINA";240002535460;4;61;"Depósito bancário em conta corrente no País";"DEPÓSITO BANCÁRIO EM CONTA CORRENTE NO PAÍS";"21518,02";"04/08/2026";"17:11:54"
"05/08/2026";"19:30:07";2026;2;"Eleição Ordinária";6259;"Eleições Gerais Estaduais 2026";"04/10/2026";"SC";"SC";"SANTA CATARINA";240002535461;2;21;"Veículo automotor terrestre: caminhão, automóvel, moto, etc.";"VEÍCULO ECLIPSE CROSS 2025";"200000,00";"04/08/2026";"17:11:49"
"05/08/2026";"19:30:07";2026;2;"Eleição Ordinária";6259;"Eleições Gerais Estaduais 2026";"04/10/2026";"SC";"SC";"SANTA CATARINA";240002535461;3;21;"Veículo automotor terrestre: caminhão, automóvel, moto, etc.";"VEICULO JEEP RENEGADE 2016";"50000,00";"04/08/2026";"17:11:49"
"05/08/2026";"19:30:07";2026;2;"Eleição Ordinária";6259;"Eleições Gerais Estaduais 2026";"04/10/2026";"SC";"SC";"SANTA CATARINA";240002535461;1;11;"Apartamento";"APARTAMENTO JOINVILLE/SC";"650000,00";"04/08/2026";"17:11:49"
"05/08/2026";"19:30:07";2026;2;"Eleição Ordinária";6259;"Eleições Gerais Estaduais 2026";"04/10/2026";"SC";"SC";"SANTA CATARINA";240002535462;3;21;"Veículo automotor terrestre: caminhão, automóvel, moto, etc.";"VEÍCULO MARCA HONDA 2010";"50000,00";"04/08/2026";"17:11:54"
"05/08/2026";"19:30:07";2026;2;"Eleição Ordinária";6259;"Eleições Gerais Estaduais 2026";"04/10/2026";"SC";"SC";"SANTA CATARINA";240002535462;1;12;"Casa";"CASA QUINHÃO";"64000,00";"04/08/2026";"17:11:54"
"05/08/2026";"19:30:07";2026;2;"Eleição Ordinária";6259;"Eleições Gerais Estaduais 2026";"04/10/2026";"SC";"SC";"SANTA CATARINA";240002535462;2;12;"Casa";"CASA QUINHÃO";"61000,00";"04/08/2026";"17:11:54"
"05/08/2026";"19:30:07";2026;2;"Eleição Ordinária";6259;"Eleições Gerais Estaduais 2026";"04/10/2026";"SC";"SC";"SANTA CATARINA";240002535463;1;12;"Casa";"CASA";"380000,00";"04/08/2026";"17:11:54"
"05/08/2026";"19:30:07";2026;2;"Eleição Ordinária";6259;"Eleições Gerais Estaduais 2026";"04/10/2026";"SC";"SC";"SANTA CATARINA";240002535465;1;12;"Casa";"CASA";"300000,00";"04/08/2026";"17:11:54"
"05/08/2026";"19:30:07";2026;2;"Eleição Ordinária";6259;"Eleições Gerais Estaduais 2026";"04/10/2026";"SC";"SC";"SANTA CATARINA";240002535466;1;11;"Apartamento";"APARTAMENTO";"500000,00";"04/08/2026";"17:11:54"
"05/08/2026";"19:30:07";2026;2;"Eleição Ordinária";6259;"Eleições Gerais Estaduais 2026";"04/10/2026";"SC";"SC";"SANTA CATARINA";240002535467;2;97;"VGBL - Vida Gerador de Benefício Livre";"VGBL - VIDA GERADOR DE BENEFÍCIO LIVRE";"799000,00";"04/08/2026";"17:11:54"
"05/08/2026";"19:30:07";2026;2;"Eleição Ordinária";6259;"Eleições Gerais Estaduais 2026";"04/10/2026";"SC";"SC";"SANTA CATARINA";240002535467;1;45;"Aplicação de renda fixa (CDB, RDB e outros)";"LCI";"300000,00";"04/08/2026";"17:11:54"
"05/08/2026";"19:30:07";2026;2;"Eleição Ordinária";6259;"Eleições Gerais Estaduais 2026";"04/10/2026";"SC";"SC";"SANTA CATARINA";240002535467;3;32;"Quotas ou quinhões de capital";"QUOTAS OU QUINHÕES DE CAPITAL";"5000,00";"04/08/2026";"17:11:54"
"05/08/2026";"19:30:07";2026;2;"Eleição Ordinária";6259;"Eleições Gerais Estaduais 2026";"04/10/2026";"SC";"SC";"SANTA CATARINA";240002535467;5;13;"Terreno";"TERRENO + CONSTRUÇÃO";"600000,00";"04/08/2026";"17:11:54"
"05/08/2026";"19:30:07";2026;2;"Eleição Ordinária";6259;"Eleições Gerais Estaduais 2026";"04/10/2026";"SC";"SC";"SANTA CATARINA";240002535467;6;21;"Veículo automotor terrestre: caminhão, automóvel, moto, etc.";"AUTOMÓVEL";"70000,00";"04/08/2026";"17:11:54"
"05/08/2026";"19:30:07";2026;2;"Eleição Ordinária";6259;"Eleições Gerais Estaduais 2026";"04/10/2026";"SC";"SC";"SANTA CATARINA";240002535467;4;74;"Fundos: Ações, Mútuos de Privatização, Invest. Empresas Emergentes, Invest.Participação e Invest. Índice Mercado";"FUNDO CEF";"190000,00";"04/08/2026";"17:11:54"
"05/08/2026";"19:30:07";2026;2;"Eleição Ordinária";6259;"Eleições Gerais Estaduais 2026";"04/10/2026";"SC";"SC";"SANTA CATARINA";240002535468;2;97;"VGBL - Vida Gerador de Benefício Livre";"PLANO DE PREVIDÊNCIA PRIVADA MANTIDO JUNTO À ZURICH, DE TITULARIDADE DO DECLARANTE, COM SALDO DE R$ 29.790,60 NA DATA DA DECLARAÇÃO.";"29790,60";"04/08/2026";"17:11:54"
"05/08/2026";"19:30:07";2026;2;"Eleição Ordinária";6259;"Eleições Gerais Estaduais 2026";"04/10/2026";"SC";"SC";"SANTA CATARINA";240002535468;3;45;"Aplicação de renda fixa (CDB, RDB e outros)";"APLICAÇÃO FINANCEIRA DE RENDA FIXA MANTIDA AO BANCO, DE TITULARIDADE DO DECLARANTE, COM SALDO DE R$ 30.794,19 NA DATA DA DECLARAÇÃO.";"30794,19";"04/08/2026";"17:11:54"
"05/08/2026";"19:30:07";2026;2;"Eleição Ordinária";6259;"Eleições Gerais Estaduais 2026";"04/10/2026";"SC";"SC";"SANTA CATARINA";240002535468;1;16;"Construção";"APARTAMENTO EM CONSTRUÇÃO LOCALIZADO EM SÃO JOSÉ/SC, ADQUIRIDO MEDIANTE CONTRATO DE PROMESSA DE COMPRA E VENDA FIRMADO COM A CONSTRUTORA.";"209970,82";"04/08/2026";"17:11:54"
"05/08/2026";"19:30:07";2026;2;"Eleição Ordinária";6259;"Eleições Gerais Estaduais 2026";"04/10/2026";"SC";"SC";"SANTA CATARINA";240002535469;1;45;"Aplicação de renda fixa (CDB, RDB e outros)";"APLICAÇÃO DE RENDA FIXA (CDB, RDB E OUTROS)";"31803,35";"04/08/2026";"17:11:54"
"05/08/2026";"19:30:07";2026;2;"Eleição Ordinária";6259;"Eleições Gerais Estaduais 2026";"04/10/2026";"SC";"SC";"SANTA CATARINA";240002535469;2;32;"Quotas ou quinhões de capital";"QUOTAS OU QUINHÕES DE CAPITAL";"2500,00";"04/08/2026";"17:11:54"
"05/08/2026";"19:30:07";2026;2;"Eleição Ordinária";6259;"Eleições Gerais Estaduais 2026";"04/10/2026";"SC";"SC";"SANTA CATARINA";240002535469;3;71;"Fundo de Curto Prazo";"FUNDO DE CURTO PRAZO";"155718,90";"04/08/2026";"17:11:54"
"05/08/2026";"19:30:07";2026;2;"Eleição Ordinária";6259;"Eleições Gerais Estaduais 2026";"04/10/2026";"SC";"SC";"SANTA CATARINA";240002535469;4;49;"Outras aplicações e Investimentos";"OUTRAS APLICAÇÕES E INVESTIMENTOS";"21552,28";"04/08/2026";"17:11:54"
"05/08/2026";"19:30:07";2026;2;"Eleição Ordinária";6259;"Eleições Gerais Estaduais 2026";"04/10/2026";"SC";"SC";"SANTA CATARINA";240002535469;6;32;"Quotas ou quinhões de capital";"QUOTAS OU QUINHÕES DE CAPITAL";"845996,00";"04/08/2026";"17:11:54"
"05/08/2026";"19:30:07";2026;2;"Eleição Ordinária";6259;"Eleições Gerais Estaduais 2026";"04/10/2026";"SC";"SC";"SANTA CATARINA";240002535469;5;61;"Depósito bancário em conta corrente no País";"DEPÓSITO BANCÁRIO EM CONTA CORRENTE NO PAÍS";"0,00";"04/08/2026";"17:11:54"
"05/08/2026";"19:30:07";2026;2;"Eleição Ordinária";6259;"Eleições Gerais Estaduais 2026";"04/10/2026";"SC";"SC";"SANTA CATARINA";240002535470;1;29;"Outros bens móveis";"OUTROS BENS MÓVEIS";"65000,00";"04/08/2026";"17:11:54"
"05/08/2026";"19:30:07";2026;2;"Eleição Ordinária";6259;"Eleições Gerais Estaduais 2026";"04/10/2026";"SC";"SC";"SANTA CATARINA";240002535469;7;32;"Quotas ou quinhões de capital";"QUOTAS OU QUINHÕES DE CAPITAL";"10000,00";"04/08/2026";"17:11:54"
"05/08/2026";"19:30:07";2026;2;"Eleição Ordinária";6259;"Eleições Gerais Estaduais 2026";"04/10/2026";"SC";"SC";"SANTA CATARINA";240002535469;8;73;"Fundo de Investimento Imobiliário";"FUNDO DE INVESTIMENTO IMOBILIÁRIO";"19993,82";"04/08/2026";"17:11:54"
"05/08/2026";"19:30:07";2026;2;"Eleição Ordinária";6259;"Eleições Gerais Estaduais 2026";"04/10/2026";"SC";"SC";"SANTA CATARINA";240002535471;2;21;"Veículo automotor terrestre: caminhão, automóvel, moto, etc.";"VEÍCULO AUTOMOTOR TERRESTRE: CAMINHÃO, AUTOMÓVEL, MOTO, ETC.";"100000,00";"04/08/2026";"17:11:54"
"05/08/2026";"19:30:07";2026;2;"Eleição Ordinária";6259;"Eleições Gerais Estaduais 2026";"04/10/2026";"SC";"SC";"SANTA CATARINA";240002535471;3;12;"Casa";"CASA";"900000,00";"04/08/2026";"17:11:54"
"05/08/2026";"19:30:07";2026;2;"Eleição Ordinária";6259;"Eleições Gerais Estaduais 2026";"04/10/2026";"SC";"SC";"SANTA CATARINA";240002535471;1;11;"Apartamento";"APARTAMENTO";"300000,00";"04/08/2026";"17:11:54"
"05/08/2026";"19:30:07";2026;2;"Eleição Ordinária";6259;"Eleições Gerais Estaduais 2026";"04/10/2026";"SC";"SC";"SANTA CATARINA";240002535472;2;12;"Casa";"CASA";"633503,02";"04/08/2026";"17:11:54"
"05/08/2026";"19:30:07";2026;2;"Eleição Ordinária";6259;"Eleições Gerais Estaduais 2026";"04/10/2026";"SC";"SC";"SANTA CATARINA";240002535472;3;11;"Apartamento";"APARTAMENTO";"138000,00";"04/08/2026";"17:11:54"
"05/08/2026";"19:30:07";2026;2;"Eleição Ordinária";6259;"Eleições Gerais Estaduais 2026";"04/10/2026";"SC";"SC";"SANTA CATARINA";240002535472;1;11;"Apartamento";"APARTAMENTO";"268000,00";"04/08/2026";"17:11:54"
"05/08/2026";"19:30:07";2026;2;"Eleição Ordinária";6259;"Eleições Gerais Estaduais 2026";"04/10/2026";"SC";"SC";"SANTA CATARINA";240002535472;4;13;"Terreno";"TERRENO";"60000,00";"04/08/2026";"17:11:54"
"05/08/2026";"19:30:07";2026;2;"Eleição Ordinária";6259;"Eleições Gerais Estaduais 2026";"04/10/2026";"SC";"SC";"SANTA CATARINA";240002535472;5;21;"Veículo automotor terrestre: caminhão, automóvel, moto, etc.";"VEÍCULO AUTOMOTOR TERRESTRE: CAMINHÃO, AUTOMÓVEL, MOTO, ETC.";"61000,00";"04/08/2026";"17:11:54"
"05/08/2026";"19:30:07";2026;2;"Eleição Ordinária";6259;"Eleições Gerais Estaduais 2026";"04/10/2026";"SC";"SC";"SANTA CATARINA";240002535472;6;21;"Veículo automotor terrestre: caminhão, automóvel, moto, etc.";"VEÍCULO AUTOMOTOR TERRESTRE: CAMINHÃO, AUTOMÓVEL, MOTO, ETC.";"23000,00";"04/08/2026";"17:11:54"
"05/08/2026";"19:30:07";2026;2;"Eleição Ordinária";6259;"Eleições Gerais Estaduais 2026";"04/10/2026";"SC";"SC";"SANTA CATARINA";240002535472;8;21;"Veículo automotor terrestre: caminhão, automóvel, moto, etc.";"VEÍCULO AUTOMOTOR TERRESTRE: CAMINHÃO, AUTOMÓVEL, MOTO, ETC.";"155000,00";"04/08/2026";"17:11:54"
"05/08/2026";"19:30:07";2026;2;"Eleição Ordinária";6259;"Eleições Gerais Estaduais 2026";"04/10/2026";"SC";"SC";"SANTA CATARINA";240002535473;1;32;"Quotas ou quinhões de capital";"QUOTA CAPITAL EM COOPERATIVA AGRÍCOLA";"25900,70";"04/08/2026";"17:11:54"
"05/08/2026";"19:30:07";2026;2;"Eleição Ordinária";6259;"Eleições Gerais Estaduais 2026";"04/10/2026";"SC";"SC";"SANTA CATARINA";240002535472;7;11;"Apartamento";"APARTAMENTO";"315000,00";"04/08/2026";"17:11:54"
"05/08/2026";"19:30:07";2026;2;"Eleição Ordinária";6259;"Eleições Gerais Estaduais 2026";"04/10/2026";"SC";"SC";"SANTA CATARINA";240002535473;3;13;"Terreno";"TERRENO";"47628,18";"04/08/2026";"17:11:54"
"05/08/2026";"19:30:07";2026;2;"Eleição Ordinária";6259;"Eleições Gerais Estaduais 2026";"04/10/2026";"SC";"SC";"SANTA CATARINA";240002535473;2;12;"Casa";"CASA EM ALVENARIA";"414997,03";"04/08/2026";"17:11:54"
"05/08/2026";"19:30:07";2026;2;"Eleição Ordinária";6259;"Eleições Gerais Estaduais 2026";"04/10/2026";"SC";"SC";"SANTA CATARINA";240002535473;4;32;"Quotas ou quinhões de capital";"QUOTA CAPITAL NA COOPERATIVA SICREDI";"3356,91";"04/08/2026";"17:11:54"
"05/08/2026";"19:30:07";2026;2;"Eleição Ordinária";6259;"Eleições Gerais Estaduais 2026";"04/10/2026";"SC";"SC";"SANTA CATARINA";240002535473;5;32;"Quotas ou quinhões de capital";"QUOTA CAPITAL NA COOPERATIVA SICOOB";"6623,65";"04/08/2026";"17:11:54"
"05/08/2026";"19:30:07";2026;2;"Eleição Ordinária";6259;"Eleições Gerais Estaduais 2026";"04/10/2026";"SC";"SC";"SANTA CATARINA";240002535473;6;32;"Quotas ou quinhões de capital";"QUOTA CAPITAL NA COOPERATIVA CRESOL";"101613,00";"04/08/2026";"17:11:54"
"05/08/2026";"19:30:07";2026;2;"Eleição Ordinária";6259;"Eleições Gerais Estaduais 2026";"04/10/2026";"SC";"SC";"SANTA CATARINA";240002535473;7;21;"Veículo automotor terrestre: caminhão, automóvel, moto, etc.";"VEICULO VW/VOYAGE 1.0L - ANO 2021/2022";"55200,00";"04/08/2026";"17:11:54"
"05/08/2026";"19:30:07";2026;2;"Eleição Ordinária";6259;"Eleições Gerais Estaduais 2026";"04/10/2026";"SC";"SC";"SANTA CATARINA";240002535770;1;13;"Terreno";"TERRENO EM FLORIANÓPOLIS";"150000,00";"04/08/2026";"17:11:50"
"05/08/2026";"19:30:07";2026;2;"Eleição Ordinária";6259;"Eleições Gerais Estaduais 2026";"04/10/2026";"SC";"SC";"SANTA CATARINA";240002535473;9;13;"Terreno";"TERRENO";"75000,00";"04/08/2026";"17:11:54"
"05/08/2026";"19:30:07";2026;2;"Eleição Ordinária";6259;"Eleições Gerais Estaduais 2026";"04/10/2026";"SC";"SC";"SANTA CATARINA";240002535473;8;21;"Veículo automotor terrestre: caminhão, automóvel, moto, etc.";"CAMINHONETE HILUX CDSR - ANO 2023/2024";"216847,00";"04/08/2026";"17:11:54"
"05/08/2026";"19:30:07";2026;2;"Eleição Ordinária";6259;"Eleições Gerais Estaduais 2026";"04/10/2026";"SC";"SC";"SANTA CATARINA";240002535770;3;49;"Outras aplicações e Investimentos";"PREVIDÊNCIA PRIVADA ITAÚ";"238259,00";"04/08/2026";"17:11:50"
"05/08/2026";"19:30:07";2026;2;"Eleição Ordinária";6259;"Eleições Gerais Estaduais 2026";"04/10/2026";"SC";"SC";"SANTA CATARINA";240002535770;4;21;"Veículo automotor terrestre: caminhão, automóvel, moto, etc.";"FIAT PALIO WEEKEND 2012";"37000,00";"04/08/2026";"17:11:50"
"05/08/2026";"19:30:07";2026;2;"Eleição Ordinária";6259;"Eleições Gerais Estaduais 2026";"04/10/2026";"SC";"SC";"SANTA CATARINA";240002535770;2;45;"Aplicação de renda fixa (CDB, RDB e outros)";"CBD ITAÚ";"37780,00";"04/08/2026";"17:11:50"
"05/08/2026";"19:30:07";2026;2;"Eleição Ordinária";6259;"Eleições Gerais Estaduais 2026";"04/10/2026";"SC";"SC";"SANTA CATARINA";240002535770;5;11;"Apartamento";"APARTAMENTO EM FLORIANÓPOLIS";"700000,00";"04/08/2026";"17:11:50"
"05/08/2026";"19:30:07";2026;2;"Eleição Ordinária";6259;"Eleições Gerais Estaduais 2026";"04/10/2026";"SC";"SC";"SANTA CATARINA";240002535770;6;11;"Apartamento";"APARTAMENTO EM FLORIANÓPOLIS";"190000,00";"04/08/2026";"17:11:50"
"05/08/2026";"19:30:07";2026;2;"Eleição Ordinária";6259;"Eleições Gerais Estaduais 2026";"04/10/2026";"SC";"SC";"SANTA CATARINA";240002535770;7;74;"Fundos: Ações, Mútuos de Privatização, Invest. Empresas Emergentes, Invest.Participação e Invest. Índice Mercado";"FUNDOS DE INVESTIMENTO ITAÚ";"163000,00";"04/08/2026";"17:11:50"
"05/08/2026";"19:30:07";2026;2;"Eleição Ordinária";6259;"Eleições Gerais Estaduais 2026";"04/10/2026";"SC";"SC";"SANTA CATARINA";240002536965;1;19;"Outros bens imóveis";"IMÓVEIS DA EMPRESA EMUVI LTDA, EMUVI ESCOLA DE MÚSICA DE VIDEIRA LTDA, EMUVI ALIMENTOS LTDA E SARAU PORTAL CHOPERIA LTDA";"109481,48";"05/08/2026";"13:23:25"
"05/08/2026";"19:30:07";2026;2;"Eleição Ordinária";6259;"Eleições Gerais Estaduais 2026";"04/10/2026";"SC";"SC";"SANTA CATARINA";240002536965;2;32;"Quotas ou quinhões de capital";"QUOTAS DA EMUVI ESCOLA DE MÚSICA LTDA";"109481,48";"05/08/2026";"13:23:25"
"05/08/2026";"19:30:07";2026;2;"Eleição Ordinária";6259;"Eleições Gerais Estaduais 2026";"04/10/2026";"SC";"SC";"SANTA CATARINA";240002536965;3;32;"Quotas ou quinhões de capital";"SICOOB";"109481,48";"05/08/2026";"13:23:25"
"05/08/2026";"19:30:07";2026;2;"Eleição Ordinária";6259;"Eleições Gerais Estaduais 2026";"04/10/2026";"SC";"SC";"SANTA CATARINA";240002537014;1;39;"Outras participações societárias";"PARTICIPAÇÃO EM EMPRESA";"100000,00";"05/08/2026";"13:20:25"
"05/08/2026";"19:30:07";2026;2;"Eleição Ordinária";6259;"Eleições Gerais Estaduais 2026";"04/10/2026";"SC";"SC";"SANTA CATARINA";240002536965;5;49;"Outras aplicações e Investimentos";"APLICAÇÕES FINANCEIRAS";"109481,48";"05/08/2026";"13:23:25"
"05/08/2026";"19:30:07";2026;2;"Eleição Ordinária";6259;"Eleições Gerais Estaduais 2026";"04/10/2026";"SC";"SC";"SANTA CATARINA";240002536965;4;62;"Depósito bancário em conta corrente no exterior";"ATIVOS FINANCEIROS NO EXTERIOR";"109481,48";"05/08/2026";"13:23:25"
"05/08/2026";"19:30:07";2026;2;"Eleição Ordinária";6259;"Eleições Gerais Estaduais 2026";"04/10/2026";"SC";"SC";"SANTA CATARINA";240002537014;2;19;"Outros bens imóveis";"PROPRIEDADE DE UM IMÓVEL";"750000,00";"05/08/2026";"13:20:25"
"05/08/2026";"19:30:07";2026;2;"Eleição Ordinária";6259;"Eleições Gerais Estaduais 2026";"04/10/2026";"SC";"SC";"SANTA CATARINA";240002537073;2;49;"Outras aplicações e Investimentos";"CONTA REGISTRO DE FLUXO PAG BB";"42019,49";"05/08/2026";"18:39:38"
"05/08/2026";"19:30:07";2026;2;"Eleição Ordinária";6259;"Eleições Gerais Estaduais 2026";"04/10/2026";"SC";"SC";"SANTA CATARINA";240002537073;1;32;"Quotas ou quinhões de capital";"QUOTA PARTE NO CAPITAL SOCIAL DA FIRMA JSM.";"1688000,00";"05/08/2026";"18:39:38"
"05/08/2026";"19:30:07";2026;2;"Eleição Ordinária";6259;"Eleições Gerais Estaduais 2026";"04/10/2026";"SC";"SC";"SANTA CATARINA";240002537073;3;97;"VGBL - Vida Gerador de Benefício Livre";"BRASILPREV VGBL";"4055,28";"05/08/2026";"18:39:38"
"05/08/2026";"19:30:07";2026;2;"Eleição Ordinária";6259;"Eleições Gerais Estaduais 2026";"04/10/2026";"SC";"SC";"SANTA CATARINA";240002537073;5;11;"Apartamento";"AQUISIÇÃO DE 02 APARTAMENTOS, SITUADOS EM ITAPEMA/SC.";"380000,00";"05/08/2026";"18:39:38"
"05/08/2026";"19:30:07";2026;2;"Eleição Ordinária";6259;"Eleições Gerais Estaduais 2026";"04/10/2026";"SC";"SC";"SANTA CATARINA";240002537073;4;99;"OUTROS BENS E DIREITOS";"ADIANTAMENTO PARA FUTURO AUMENTO DE CAPITAL SOCIAL DA JSM PARTICIPAÇÕES SOCIETÁRIAS LTDA.";"164925,08";"05/08/2026";"18:39:38"
"05/08/2026";"19:30:07";2026;2;"Eleição Ordinária";6259;"Eleições Gerais Estaduais 2026";"04/10/2026";"SC";"SC";"SANTA CATARINA";240002537073;6;13;"Terreno";"TERRENO EM ARARANGUA, ADQUIRIDO NO ANO DE 1986.";"828,68";"05/08/2026";"18:39:38"
"05/08/2026";"19:30:07";2026;2;"Eleição Ordinária";6259;"Eleições Gerais Estaduais 2026";"04/10/2026";"SC";"SC";"SANTA CATARINA";240002537073;8;49;"Outras aplicações e Investimentos";"BB REF DI PLUS ÁGIL";"100,41";"05/08/2026";"18:39:38"
"05/08/2026";"19:30:07";2026;2;"Eleição Ordinária";6259;"Eleições Gerais Estaduais 2026";"04/10/2026";"SC";"SC";"SANTA CATARINA";240002537073;7;21;"Veículo automotor terrestre: caminhão, automóvel, moto, etc.";"CARRO MARCA VW, MODELO KARMANN GHIA, ANO 1988.";"145000,00";"05/08/2026";"18:39:38"
"05/08/2026";"19:30:07";2026;2;"Eleição Ordinária";6259;"Eleições Gerais Estaduais 2026";"04/10/2026";"SC";"SC";"SANTA CATARINA";240002537073;10;49;"Outras aplicações e Investimentos";"BB CDB RENDE FÁCIL";"43607,95";"05/08/2026";"18:39:38"
"05/08/2026";"19:30:07";2026;2;"Eleição Ordinária";6259;"Eleições Gerais Estaduais 2026";"04/10/2026";"SC";"SC";"SANTA CATARINA";240002537073;9;21;"Veículo automotor terrestre: caminhão, automóvel, moto, etc.";"CARRO MARCA DODGE, MODELO POLARA, ANO 1980.";"20000,00";"05/08/2026";"18:39:38"
"05/08/2026";"19:30:07";2026;2;"Eleição Ordinária";6259;"Eleições Gerais Estaduais 2026";"04/10/2026";"SC";"SC";"SANTA CATARINA";240002537073;11;45;"Aplicação de renda fixa (CDB, RDB e outros)";"BB CDB";"329500,00";"05/08/2026";"18:39:38"
"05/08/2026";"19:30:07";2026;2;"Eleição Ordinária";6259;"Eleições Gerais Estaduais 2026";"04/10/2026";"SC";"SC";"SANTA CATARINA";240002537074;2;12;"Casa";"CASA (35,14% BIANCA)";"614860,00";"04/08/2026";"17:11:55"
"05/08/2026";"19:30:07";2026;2;"Eleição Ordinária";6259;"Eleições Gerais Estaduais 2026";"04/10/2026";"SC";"SC";"SANTA CATARINA";240002537074;3;21;"Veículo automotor terrestre: caminhão, automóvel, moto, etc.";"VEICULO AUTOMOTOR";"380000,00";"04/08/2026";"17:11:55"
"05/08/2026";"19:30:07";2026;2;"Eleição Ordinária";6259;"Eleições Gerais Estaduais 2026";"04/10/2026";"SC";"SC";"SANTA CATARINA";240002537074;1;41;"Caderneta de poupança";"CARDENETA DE POUPANÇA ";"1623,65";"04/08/2026";"17:11:55"
"05/08/2026";"19:30:07";2026;2;"Eleição Ordinária";6259;"Eleições Gerais Estaduais 2026";"04/10/2026";"SC";"SC";"SANTA CATARINA";240002537074;6;13;"Terreno";"TERRENO (35,14% BIANCA)";"175700,00";"04/08/2026";"17:11:55"
"05/08/2026";"19:30:07";2026;2;"Eleição Ordinária";6259;"Eleições Gerais Estaduais 2026";"04/10/2026";"SC";"SC";"SANTA CATARINA";240002537074;5;49;"Outras aplicações e Investimentos";"OUTRAS APLICAÇÕES E INVESTIMENTOS (SALDO MUTUO)";"1211600,00";"04/08/2026";"17:11:55"
"05/08/2026";"19:30:07";2026;2;"Eleição Ordinária";6259;"Eleições Gerais Estaduais 2026";"04/10/2026";"SC";"SC";"SANTA CATARINA";240002537074;4;32;"Quotas ou quinhões de capital";"QUOTAS OU QUINHÕES DE CAPITAL (BIANCA)";"638378,47";"04/08/2026";"17:11:55"
"05/08/2026";"19:30:07";2026;2;"Eleição Ordinária";6259;"Eleições Gerais Estaduais 2026";"04/10/2026";"SC";"SC";"SANTA CATARINA";240002537074;7;23;"Embarcação";"EMBARCAÇÃO (79% ADRIANO)";"850000,00";"04/08/2026";"17:11:55"
"05/08/2026";"19:30:07";2026;2;"Eleição Ordinária";6259;"Eleições Gerais Estaduais 2026";"04/10/2026";"SC";"SC";"SANTA CATARINA";240002537074;8;23;"Embarcação";"EMBARCAÇÃO (21% BIANCA)";"225000,00";"04/08/2026";"17:11:55"
"05/08/2026";"19:30:07";2026;2;"Eleição Ordinária";6259;"Eleições Gerais Estaduais 2026";"04/10/2026";"SC";"SC";"SANTA CATARINA";240002537074;9;32;"Quotas ou quinhões de capital";"QUOTAS OU QUINHÕES DE CAPITAL";"13400,00";"04/08/2026";"17:11:55"
"05/08/2026";"19:30:07";2026;2;"Eleição Ordinária";6259;"Eleições Gerais Estaduais 2026";"04/10/2026";"SC";"SC";"SANTA CATARINA";240002537074;11;32;"Quotas ou quinhões de capital";"QUOTAS OU QUINHÕES DE CAPITAL (DEPENDENTE)";"4632873,00";"04/08/2026";"17:11:55"
"05/08/2026";"19:30:07";2026;2;"Eleição Ordinária";6259;"Eleições Gerais Estaduais 2026";"04/10/2026";"SC";"SC";"SANTA CATARINA";240002537074;12;32;"Quotas ou quinhões de capital";"QUOTAAS OU QUINHÕES DE CAPITAL (DEPENDENTE)";"4632873,00";"04/08/2026";"17:11:55"
"05/08/2026";"19:30:07";2026;2;"Eleição Ordinária";6259;"Eleições Gerais Estaduais 2026";"04/10/2026";"SC";"SC";"SANTA CATARINA";240002537074;10;63;"Dinheiro em espécie - moeda nacional";"DINHEIRO EM ESPECIE";"29000,00";"04/08/2026";"17:11:55"
"05/08/2026";"19:30:07";2026;2;"Eleição Ordinária";6259;"Eleições Gerais Estaduais 2026";"04/10/2026";"SC";"SC";"SANTA CATARINA";240002537074;13;12;"Casa";"CASA (64,86% ADRIANO)";"1135140,00";"04/08/2026";"17:11:55"
"05/08/2026";"19:30:07";2026;2;"Eleição Ordinária";6259;"Eleições Gerais Estaduais 2026";"04/10/2026";"SC";"SC";"SANTA CATARINA";240002537074;14;45;"Aplicação de renda fixa (CDB, RDB e outros)";"APLICAÇÃO DE RENDA FIXA (CDB, RDB E OUTROS)";"4727951,90";"04/08/2026";"17:11:55"
"05/08/2026";"19:30:07";2026;2;"Eleição Ordinária";6259;"Eleições Gerais Estaduais 2026";"04/10/2026";"SC";"SC";"SANTA CATARINA";240002537074;15;45;"Aplicação de renda fixa (CDB, RDB e outros)";"APLICAÇÃO DE RENDA FIXA (CDB, RDB E OUTROS) (BIANCA)";"10470,05";"04/08/2026";"17:11:55"
"05/08/2026";"19:30:07";2026;2;"Eleição Ordinária";6259;"Eleições Gerais Estaduais 2026";"04/10/2026";"SC";"SC";"SANTA CATARINA";240002537074;18;13;"Terreno";"TERRENO (64,86% ADRIANO)";"324300,00";"04/08/2026";"17:11:55"
"05/08/2026";"19:30:07";2026;2;"Eleição Ordinária";6259;"Eleições Gerais Estaduais 2026";"04/10/2026";"SC";"SC";"SANTA CATARINA";240002537074;16;49;"Outras aplicações e Investimentos";"OUTRAS APLICAÇÕES E INVESTIMENTOS";"1934372,59";"04/08/2026";"17:11:55"
"05/08/2026";"19:30:07";2026;2;"Eleição Ordinária";6259;"Eleições Gerais Estaduais 2026";"04/10/2026";"SC";"SC";"SANTA CATARINA";240002537074;17;45;"Aplicação de renda fixa (CDB, RDB e outros)";"APLICAÇÃO DE RENDA FIXA (CDB, RDB E OUTROS)(DEPENDENTE)";"102735,61";"04/08/2026";"17:11:55"
"05/08/2026";"19:30:07";2026;2;"Eleição Ordinária";6259;"Eleições Gerais Estaduais 2026";"04/10/2026";"SC";"SC";"SANTA CATARINA";240002537075;2;19;"Outros bens imóveis";"VAGA DE GARAGEM";"60000,00";"04/08/2026";"17:11:53"
"05/08/2026";"19:30:07";2026;2;"Eleição Ordinária";6259;"Eleições Gerais Estaduais 2026";"04/10/2026";"SC";"SC";"SANTA CATARINA";240002537074;19;45;"Aplicação de renda fixa (CDB, RDB e outros)";"APLICAÇÃO DE RENDA FIXA (CDB, RDB E OUTROS) (DEPENDENTE)";"87367,42";"04/08/2026";"17:11:55"
"05/08/2026";"19:30:07";2026;2;"Eleição Ordinária";6259;"Eleições Gerais Estaduais 2026";"04/10/2026";"SC";"SC";"SANTA CATARINA";240002537075;1;11;"Apartamento";"APARTAMENTO EM JURERÊ INTERNACIONAL (FLORIANÓPOLIS/SC)";"6640,00";"04/08/2026";"17:11:53"
"05/08/2026";"19:30:07";2026;2;"Eleição Ordinária";6259;"Eleições Gerais Estaduais 2026";"04/10/2026";"SC";"SC";"SANTA CATARINA";240002537075;5;39;"Outras participações societárias";"PARTICIPAÇÕES SOCIETÁRIAS";"37891,30";"04/08/2026";"17:11:53"
"05/08/2026";"19:30:07";2026;2;"Eleição Ordinária";6259;"Eleições Gerais Estaduais 2026";"04/10/2026";"SC";"SC";"SANTA CATARINA";240002537075;3;49;"Outras aplicações e Investimentos";"APLICAÇÕES FINANCEIRAS, FUNDOS DE INVESTIMENTO, PREVIDÊNCIA PRIVADA (VGBL), CONSÓRCIOS E SALDOS BANCÁRIOS";"1530000,00";"04/08/2026";"17:11:53"
"05/08/2026";"19:30:07";2026;2;"Eleição Ordinária";6259;"Eleições Gerais Estaduais 2026";"04/10/2026";"SC";"SC";"SANTA CATARINA";240002537075;4;21;"Veículo automotor terrestre: caminhão, automóvel, moto, etc.";"VEÍCULO MERCEDES-BENZ GLA 250";"156304,17";"04/08/2026";"17:11:53"
"05/08/2026";"19:30:07";2026;2;"Eleição Ordinária";6259;"Eleições Gerais Estaduais 2026";"04/10/2026";"SC";"SC";"SANTA CATARINA";240002537075;6;21;"Veículo automotor terrestre: caminhão, automóvel, moto, etc.";"VEÍCULO MERCEDES-BENZ C 200 AMG LINE";"364900,00";"04/08/2026";"17:11:53"
"05/08/2026";"19:30:07";2026;2;"Eleição Ordinária";6259;"Eleições Gerais Estaduais 2026";"04/10/2026";"SC";"SC";"SANTA CATARINA";240002537075;8;11;"Apartamento";"APARTAMENTO NA AGRONÔMICA (FLORIANÓPOLIS/SC)";"1000000,00";"04/08/2026";"17:11:53"
"05/08/2026";"19:30:07";2026;2;"Eleição Ordinária";6259;"Eleições Gerais Estaduais 2026";"04/10/2026";"SC";"SC";"SANTA CATARINA";240002537075;7;31;"Ações (inclusive as provenientes de linha telefônica)";"CARTEIRA DE AÇÕES";"105590,00";"04/08/2026";"17:11:53"
"05/08/2026";"19:30:07";2026;2;"Eleição Ordinária";6259;"Eleições Gerais Estaduais 2026";"04/10/2026";"SC";"SC";"SANTA CATARINA";240002537076;1;32;"Quotas ou quinhões de capital";"COTA CAPITAL SICREDI";"320,10";"04/08/2026";"17:11:53"
"05/08/2026";"19:30:07";2026;2;"Eleição Ordinária";6259;"Eleições Gerais Estaduais 2026";"04/10/2026";"SC";"SC";"SANTA CATARINA";240002537076;2;41;"Caderneta de poupança";"BRADESCO";"7589,91";"04/08/2026";"17:11:53"
"05/08/2026";"19:30:07";2026;2;"Eleição Ordinária";6259;"Eleições Gerais Estaduais 2026";"04/10/2026";"SC";"SC";"SANTA CATARINA";240002537075;9;11;"Apartamento";"APARTAMENTO NO CENTRO DE FLORIANÓPOLIS";"784164,08";"04/08/2026";"17:11:53"
"05/08/2026";"19:30:07";2026;2;"Eleição Ordinária";6259;"Eleições Gerais Estaduais 2026";"04/10/2026";"SC";"SC";"SANTA CATARINA";240002537076;4;13;"Terreno";"50% TERRENO RURAL EM PAPANDUVA/SC";"27500,00";"04/08/2026";"17:11:53"
"05/08/2026";"19:30:07";2026;2;"Eleição Ordinária";6259;"Eleições Gerais Estaduais 2026";"04/10/2026";"SC";"SC";"SANTA CATARINA";240002537076;5;21;"Veículo automotor terrestre: caminhão, automóvel, moto, etc.";"AUTOMOVEL COROLA CROSS ANO 2021";"191800,00";"04/08/2026";"17:11:53"
"05/08/2026";"19:30:07";2026;2;"Eleição Ordinária";6259;"Eleições Gerais Estaduais 2026";"04/10/2026";"SC";"SC";"SANTA CATARINA";240002537076;3;12;"Casa";"12,5% IMOVEL RURAL EM CORBELIS/PR";"22781,24";"04/08/2026";"17:11:53"
"05/08/2026";"19:30:07";2026;2;"Eleição Ordinária";6259;"Eleições Gerais Estaduais 2026";"04/10/2026";"SC";"SC";"SANTA CATARINA";240002537076;6;41;"Caderneta de poupança";"BANCO DO BRASIL";"274,01";"04/08/2026";"17:11:53"
"05/08/2026";"19:30:07";2026;2;"Eleição Ordinária";6259;"Eleições Gerais Estaduais 2026";"04/10/2026";"SC";"SC";"SANTA CATARINA";240002537076;7;12;"Casa";"9,09% IMOVEL RUA EXPEDIONARIO HOLZ";"250000,00";"04/08/2026";"17:11:53"
"05/08/2026";"19:30:07";2026;2;"Eleição Ordinária";6259;"Eleições Gerais Estaduais 2026";"04/10/2026";"SC";"SC";"SANTA CATARINA";240002537076;8;11;"Apartamento";"60% DO APARTAMENTO EDIFICIO SAMMER VILLE EM ITAPEMA/SC";"470351,65";"04/08/2026";"17:11:53"
"05/08/2026";"19:30:07";2026;2;"Eleição Ordinária";6259;"Eleições Gerais Estaduais 2026";"04/10/2026";"SC";"SC";"SANTA CATARINA";240002537077;1;32;"Quotas ou quinhões de capital";"COTAS DA EMPRESA LEGADO   IMPACTO ASSESSORIA E TREINAMENTOS (100%)";"20000,00";"04/08/2026";"17:11:53"
"05/08/2026";"19:30:07";2026;2;"Eleição Ordinária";6259;"Eleições Gerais Estaduais 2026";"04/10/2026";"SC";"SC";"SANTA CATARINA";240002537076;9;11;"Apartamento";"APARTAMENTO - EDIFICIO DUBAI - EM JOINVILLE/SC R$ (FINANCIADO PARCIAL BRADESCO)";"1605000,00";"04/08/2026";"17:11:53"
"05/08/2026";"19:30:07";2026;2;"Eleição Ordinária";6259;"Eleições Gerais Estaduais 2026";"04/10/2026";"SC";"SC";"SANTA CATARINA";240002537077;2;11;"Apartamento";"APARTAMENTO EDIFÍCIO VILLE DE FRANCE (BALNEÁRIO CAMBORIÚ/SC)";"554300,00";"04/08/2026";"17:11:53"
"05/08/2026";"19:30:07";2026;2;"Eleição Ordinária";6259;"Eleições Gerais Estaduais 2026";"04/10/2026";"SC";"SC";"SANTA CATARINA";240002537077;3;49;"Outras aplicações e Investimentos";"APLICAÇÕES E SALDOS BANCÁRIOS (BANCO DO BRASIL, CAIXA E SANTANDER)";"5477,32";"04/08/2026";"17:11:53"
"05/08/2026";"19:30:07";2026;2;"Eleição Ordinária";6259;"Eleições Gerais Estaduais 2026";"04/10/2026";"SC";"SC";"SANTA CATARINA";240002537077;4;32;"Quotas ou quinhões de capital";"QUOTAS DA EMPRESA RUAH PUBLICIDADE LTDA (50%)";"10000,00";"04/08/2026";"17:11:53"
"05/08/2026";"19:30:07";2026;2;"Eleição Ordinária";6259;"Eleições Gerais Estaduais 2026";"04/10/2026";"SC";"SC";"SANTA CATARINA";240002537078;1;11;"Apartamento";"APARTAMENTO CONSTRUÍNDO";"500000,00";"04/08/2026";"17:11:53"
"05/08/2026";"19:30:07";2026;2;"Eleição Ordinária";6259;"Eleições Gerais Estaduais 2026";"04/10/2026";"SC";"SC";"SANTA CATARINA";240002537078;2;21;"Veículo automotor terrestre: caminhão, automóvel, moto, etc.";"VEÍCULO JEEP COMPASS";"100000,00";"04/08/2026";"17:11:53"
"05/08/2026";"19:30:07";2026;2;"Eleição Ordinária";6259;"Eleições Gerais Estaduais 2026";"04/10/2026";"SC";"SC";"SANTA CATARINA";240002537079;2;45;"Aplicação de renda fixa (CDB, RDB e outros)";"BB CDB RENDE FÁCIL";"348,43";"04/08/2026";"17:11:49"
"05/08/2026";"19:30:07";2026;2;"Eleição Ordinária";6259;"Eleições Gerais Estaduais 2026";"04/10/2026";"SC";"SC";"SANTA CATARINA";240002537079;1;61;"Depósito bancário em conta corrente no País";"CONTA CORRENTE BANCO BRASIL";"0,08";"04/08/2026";"17:11:49"
"05/08/2026";"19:30:07";2026;2;"Eleição Ordinária";6259;"Eleições Gerais Estaduais 2026";"04/10/2026";"SC";"SC";"SANTA CATARINA";240002537080;1;12;"Casa";"50% CASA";"415000,00";"04/08/2026";"17:11:49"
"05/08/2026";"19:30:07";2026;2;"Eleição Ordinária";6259;"Eleições Gerais Estaduais 2026";"04/10/2026";"SC";"SC";"SANTA CATARINA";240002537080;2;21;"Veículo automotor terrestre: caminhão, automóvel, moto, etc.";"PEUGEOT 208 ACTIVE 1.6 AT (2022/2023)";"71903,00";"04/08/2026";"17:11:49"
"05/08/2026";"19:30:07";2026;2;"Eleição Ordinária";6259;"Eleições Gerais Estaduais 2026";"04/10/2026";"SC";"SC";"SANTA CATARINA";240002537081;1;45;"Aplicação de renda fixa (CDB, RDB e outros)";"APLICAÇÃO DEB ELET SUL 09/29-BANCO DO BRASIL";"58068,48";"04/08/2026";"17:11:49"
"05/08/2026";"19:30:07";2026;2;"Eleição Ordinária";6259;"Eleições Gerais Estaduais 2026";"04/10/2026";"SC";"SC";"SANTA CATARINA";240002537081;2;13;"Terreno";"TERRENO";"150000,00";"04/08/2026";"17:11:49"
"05/08/2026";"19:30:07";2026;2;"Eleição Ordinária";6259;"Eleições Gerais Estaduais 2026";"04/10/2026";"SC";"SC";"SANTA CATARINA";240002537081;3;31;"Ações (inclusive as provenientes de linha telefônica)";"AÇÕES OIBR3-PREÇOMÉDIO-2,02.160ACOES";"323,20";"04/08/2026";"17:11:49"
"05/08/2026";"19:30:07";2026;2;"Eleição Ordinária";6259;"Eleições Gerais Estaduais 2026";"04/10/2026";"SC";"SC";"SANTA CATARINA";240002537081;4;11;"Apartamento";"APARTAMENTO";"300000,00";"04/08/2026";"17:11:49"
"05/08/2026";"19:30:07";2026;2;"Eleição Ordinária";6259;"Eleições Gerais Estaduais 2026";"04/10/2026";"SC";"SC";"SANTA CATARINA";240002537085;1;13;"Terreno";"TERRENO URBANO EM BALNEÁRIO PIÇARRAS";"50400,00";"04/08/2026";"17:11:49"
"05/08/2026";"19:30:07";2026;2;"Eleição Ordinária";6259;"Eleições Gerais Estaduais 2026";"04/10/2026";"SC";"SC";"SANTA CATARINA";240002537083;1;21;"Veículo automotor terrestre: caminhão, automóvel, moto, etc.";"CARRO";"149900,00";"04/08/2026";"17:11:53"
"05/08/2026";"19:30:07";2026;2;"Eleição Ordinária";6259;"Eleições Gerais Estaduais 2026";"04/10/2026";"SC";"SC";"SANTA CATARINA";240002537084;1;21;"Veículo automotor terrestre: caminhão, automóvel, moto, etc.";"CARRO VW/GOL 1.0";"20000,00";"04/08/2026";"17:11:53"
"05/08/2026";"19:30:07";2026;2;"Eleição Ordinária";6259;"Eleições Gerais Estaduais 2026";"04/10/2026";"SC";"SC";"SANTA CATARINA";240002537085;4;39;"Outras participações societárias";"CAPITAL SOCIAL BEST FOOD RESTAURANTE";"25000,00";"04/08/2026";"17:11:49"
"05/08/2026";"19:30:07";2026;2;"Eleição Ordinária";6259;"Eleições Gerais Estaduais 2026";"04/10/2026";"SC";"SC";"SANTA CATARINA";240002537085;2;39;"Outras participações societárias";"CAPITAL SOCIAL LANCHONETE MINISTER";"180000,00";"04/08/2026";"17:11:49"
"05/08/2026";"19:30:07";2026;2;"Eleição Ordinária";6259;"Eleições Gerais Estaduais 2026";"04/10/2026";"SC";"SC";"SANTA CATARINA";240002537085;3;39;"Outras participações societárias";"CAPITAL SOCIAL GUDFUD RESTAURANTE";"150000,00";"04/08/2026";"17:11:49"
"05/08/2026";"19:30:07";2026;2;"Eleição Ordinária";6259;"Eleições Gerais Estaduais 2026";"04/10/2026";"SC";"SC";"SANTA CATARINA";240002537085;5;13;"Terreno";"TERRENO URBANO EM RIO DO SUL";"450000,00";"04/08/2026";"17:11:49"
"05/08/2026";"19:30:07";2026;2;"Eleição Ordinária";6259;"Eleições Gerais Estaduais 2026";"04/10/2026";"SC";"SC";"SANTA CATARINA";240002537085;6;13;"Terreno";"TERRENO URBANO EM NAVEGANTES";"110000,00";"04/08/2026";"17:11:49"
"05/08/2026";"19:30:07";2026;2;"Eleição Ordinária";6259;"Eleições Gerais Estaduais 2026";"04/10/2026";"SC";"SC";"SANTA CATARINA";240002537085;7;13;"Terreno";"TERRENO URBANO EM NAVEGANTES";"140000,00";"04/08/2026";"17:11:49"
"05/08/2026";"19:30:07";2026;2;"Eleição Ordinária";6259;"Eleições Gerais Estaduais 2026";"04/10/2026";"SC";"SC";"SANTA CATARINA";240002537087;2;32;"Quotas ou quinhões de capital";"SOCIEDADE UNIPESSOAL";"5000,00";"04/08/2026";"17:11:49"
"05/08/2026";"19:30:07";2026;2;"Eleição Ordinária";6259;"Eleições Gerais Estaduais 2026";"04/10/2026";"SC";"SC";"SANTA CATARINA";240002537087;1;79;"Outros fundos";"RENDA FIXA VIACRED";"0,00";"04/08/2026";"17:11:49"
"05/08/2026";"19:30:07";2026;2;"Eleição Ordinária";6259;"Eleições Gerais Estaduais 2026";"04/10/2026";"SC";"SC";"SANTA CATARINA";240002537087;3;11;"Apartamento";"50% APARTAMENTO";"75000,00";"04/08/2026";"17:11:49"
"05/08/2026";"19:30:07";2026;2;"Eleição Ordinária";6259;"Eleições Gerais Estaduais 2026";"04/10/2026";"SC";"SC";"SANTA CATARINA";240002537087;4;21;"Veículo automotor terrestre: caminhão, automóvel, moto, etc.";"NISSAN";"0,00";"04/08/2026";"17:11:49"
"05/08/2026";"19:30:07";2026;2;"Eleição Ordinária";6259;"Eleições Gerais Estaduais 2026";"04/10/2026";"SC";"SC";"SANTA CATARINA";240002537087;6;32;"Quotas ou quinhões de capital";"VIACREDI";"7825,02";"04/08/2026";"17:11:49"
"05/08/2026";"19:30:07";2026;2;"Eleição Ordinária";6259;"Eleições Gerais Estaduais 2026";"04/10/2026";"SC";"SC";"SANTA CATARINA";240002537087;5;21;"Veículo automotor terrestre: caminhão, automóvel, moto, etc.";"JEEP";"110000,00";"04/08/2026";"17:11:49"
"05/08/2026";"19:30:07";2026;2;"Eleição Ordinária";6259;"Eleições Gerais Estaduais 2026";"04/10/2026";"SC";"SC";"SANTA CATARINA";240002537087;7;73;"Fundo de Investimento Imobiliário";"VIACRED";"180066,46";"04/08/2026";"17:11:49"
"05/08/2026";"19:30:07";2026;2;"Eleição Ordinária";6259;"Eleições Gerais Estaduais 2026";"04/10/2026";"SC";"SC";"SANTA CATARINA";240002537087;8;21;"Veículo automotor terrestre: caminhão, automóvel, moto, etc.";"ETIOS";"41500,00";"04/08/2026";"17:11:49"
"05/08/2026";"19:30:07";2026;2;"Eleição Ordinária";6259;"Eleições Gerais Estaduais 2026";"04/10/2026";"SC";"SC";"SANTA CATARINA";240002537087;9;61;"Depósito bancário em conta corrente no País";"VIACREDI";"39905,76";"04/08/2026";"17:11:49"
"05/08/2026";"19:30:07";2026;2;"Eleição Ordinária";6259;"Eleições Gerais Estaduais 2026";"04/10/2026";"SC";"SC";"SANTA CATARINA";240002537088;3;39;"Outras participações societárias";"1% SELECT";"2276,02";"04/08/2026";"17:11:53"
"05/08/2026";"19:30:07";2026;2;"Eleição Ordinária";6259;"Eleições Gerais Estaduais 2026";"04/10/2026";"SC";"SC";"SANTA CATARINA";240002537088;2;21;"Veículo automotor terrestre: caminhão, automóvel, moto, etc.";"HB 20";"63395,00";"04/08/2026";"17:11:53"
"05/08/2026";"19:30:07";2026;2;"Eleição Ordinária";6259;"Eleições Gerais Estaduais 2026";"04/10/2026";"SC";"SC";"SANTA CATARINA";240002537088;1;61;"Depósito bancário em conta corrente no País";"CONTA SALARIO";"675,31";"04/08/2026";"17:11:53"
"05/08/2026";"19:30:07";2026;2;"Eleição Ordinária";6259;"Eleições Gerais Estaduais 2026";"04/10/2026";"SC";"SC";"SANTA CATARINA";240002537088;5;99;"OUTROS BENS E DIREITOS";"PROPRIETARIO - INOVAR";"20918,17";"04/08/2026";"17:11:53"
"05/08/2026";"19:30:07";2026;2;"Eleição Ordinária";6259;"Eleições Gerais Estaduais 2026";"04/10/2026";"SC";"SC";"SANTA CATARINA";240002537088;4;61;"Depósito bancário em conta corrente no País";"SALDO";"2337,09";"04/08/2026";"17:11:53"
"05/08/2026";"19:30:07";2026;2;"Eleição Ordinária";6259;"Eleições Gerais Estaduais 2026";"04/10/2026";"SC";"SC";"SANTA CATARINA";240002537089;1;11;"Apartamento";"APARTAMENTO EM SÃO JOSÉ";"350000,00";"04/08/2026";"17:11:53"
"05/08/2026";"19:30:07";2026;2;"Eleição Ordinária";6259;"Eleições Gerais Estaduais 2026";"04/10/2026";"SC";"SC";"SANTA CATARINA";240002537089;2;21;"Veículo automotor terrestre: caminhão, automóvel, moto, etc.";"VEÍCULO VW";"32000,00";"04/08/2026";"17:11:53"
"05/08/2026";"19:30:07";2026;2;"Eleição Ordinária";6259;"Eleições Gerais Estaduais 2026";"04/10/2026";"SC";"SC";"SANTA CATARINA";240002537089;3;11;"Apartamento";"APARTAMENTO EM BALNEÁRIO CAMBORIÚ";"550000,00";"04/08/2026";"17:11:53"
"05/08/2026";"19:30:07";2026;2;"Eleição Ordinária";6259;"Eleições Gerais Estaduais 2026";"04/10/2026";"SC";"SC";"SANTA CATARINA";240002537089;4;11;"Apartamento";"APARTAMENTO EM ITAPEMA";"260000,00";"04/08/2026";"17:11:53"
"05/08/2026";"19:30:07";2026;2;"Eleição Ordinária";6259;"Eleições Gerais Estaduais 2026";"04/10/2026";"SC";"SC";"SANTA CATARINA";240002537089;5;21;"Veículo automotor terrestre: caminhão, automóvel, moto, etc.";"VEÍCULO GM";"65000,00";"04/08/2026";"17:11:53"
"05/08/2026";"19:30:07";2026;2;"Eleição Ordinária";6259;"Eleições Gerais Estaduais 2026";"04/10/2026";"SC";"SC";"SANTA CATARINA";240002537089;6;21;"Veículo automotor terrestre: caminhão, automóvel, moto, etc.";"VEÍCULO PEUGEOT";"48000,00";"04/08/2026";"17:11:53"
"05/08/2026";"19:30:07";2026;2;"Eleição Ordinária";6259;"Eleições Gerais Estaduais 2026";"04/10/2026";"SC";"SC";"SANTA CATARINA";240002537089;7;11;"Apartamento";"APARTAMENTO EM BALNEARIO CAMBORIÚ";"470000,00";"04/08/2026";"17:11:53"
"05/08/2026";"19:30:07";2026;2;"Eleição Ordinária";6259;"Eleições Gerais Estaduais 2026";"04/10/2026";"SC";"SC";"SANTA CATARINA";240002537089;10;13;"Terreno";"TERRENO EM BOMBINHAS";"370000,00";"04/08/2026";"17:11:53"
"05/08/2026";"19:30:07";2026;2;"Eleição Ordinária";6259;"Eleições Gerais Estaduais 2026";"04/10/2026";"SC";"SC";"SANTA CATARINA";240002537089;8;21;"Veículo automotor terrestre: caminhão, automóvel, moto, etc.";"MOTOCICLETA SUZUKI";"30000,00";"04/08/2026";"17:11:53"
"05/08/2026";"19:30:07";2026;2;"Eleição Ordinária";6259;"Eleições Gerais Estaduais 2026";"04/10/2026";"SC";"SC";"SANTA CATARINA";240002537089;9;99;"OUTROS BENS E DIREITOS";"ARMAS DE FOGO DE COLEÇÃO - REGISTRO CAC";"45000,00";"04/08/2026";"17:11:53"
"05/08/2026";"19:30:07";2026;2;"Eleição Ordinária";6259;"Eleições Gerais Estaduais 2026";"04/10/2026";"SC";"SC";"SANTA CATARINA";240002537089;11;21;"Veículo automotor terrestre: caminhão, automóvel, moto, etc.";"MOTOCICLETA HONDA";"25000,00";"04/08/2026";"17:11:53"
"05/08/2026";"19:30:07";2026;2;"Eleição Ordinária";6259;"Eleições Gerais Estaduais 2026";"04/10/2026";"SC";"SC";"SANTA CATARINA";240002537089;12;21;"Veículo automotor terrestre: caminhão, automóvel, moto, etc.";"VEÍCULO VW";"95000,00";"04/08/2026";"17:11:53"
"05/08/2026";"19:30:07";2026;2;"Eleição Ordinária";6259;"Eleições Gerais Estaduais 2026";"04/10/2026";"SC";"SC";"SANTA CATARINA";240002537092;1;12;"Casa";"CASA EM FLORIANÓPOLIS";"36379,28";"04/08/2026";"17:11:49"
"05/08/2026";"19:30:07";2026;2;"Eleição Ordinária";6259;"Eleições Gerais Estaduais 2026";"04/10/2026";"SC";"SC";"SANTA CATARINA";240002537092;2;49;"Outras aplicações e Investimentos";"DEBENTURES VALE SA";"15000,00";"04/08/2026";"17:11:49"
"05/08/2026";"19:30:07";2026;2;"Eleição Ordinária";6259;"Eleições Gerais Estaduais 2026";"04/10/2026";"SC";"SC";"SANTA CATARINA";240002537093;1;13;"Terreno";"SAO FRANCISCO DO SUL";"320000,00";"04/08/2026";"17:11:53"
"05/08/2026";"19:30:07";2026;2;"Eleição Ordinária";6259;"Eleições Gerais Estaduais 2026";"04/10/2026";"SC";"SC";"SANTA CATARINA";240002537092;3;32;"Quotas ou quinhões de capital";"COTAS DE EMPRESA";"3070,00";"04/08/2026";"17:11:49"
"05/08/2026";"19:30:07";2026;2;"Eleição Ordinária";6259;"Eleições Gerais Estaduais 2026";"04/10/2026";"SC";"SC";"SANTA CATARINA";240002537093;2;19;"Outros bens imóveis";"SOBRADO GEMINADO";"450000,00";"04/08/2026";"17:11:53"
"05/08/2026";"19:30:07";2026;2;"Eleição Ordinária";6259;"Eleições Gerais Estaduais 2026";"04/10/2026";"SC";"SC";"SANTA CATARINA";240002537093;3;13;"Terreno";"BARRA VELHA";"410000,00";"04/08/2026";"17:11:53"
"05/08/2026";"19:30:07";2026;2;"Eleição Ordinária";6259;"Eleições Gerais Estaduais 2026";"04/10/2026";"SC";"SC";"SANTA CATARINA";240002537094;1;21;"Veículo automotor terrestre: caminhão, automóvel, moto, etc.";"VERSA";"65000,00";"04/08/2026";"17:11:49"
"05/08/2026";"19:30:07";2026;2;"Eleição Ordinária";6259;"Eleições Gerais Estaduais 2026";"04/10/2026";"SC";"SC";"SANTA CATARINA";240002537094;4;49;"Outras aplicações e Investimentos";"APLICAÇÃO";"300000,00";"04/08/2026";"17:11:49"
"05/08/2026";"19:30:07";2026;2;"Eleição Ordinária";6259;"Eleições Gerais Estaduais 2026";"04/10/2026";"SC";"SC";"SANTA CATARINA";240002537094;2;21;"Veículo automotor terrestre: caminhão, automóvel, moto, etc.";"JEEP";"300000,00";"04/08/2026";"17:11:49"
"05/08/2026";"19:30:07";2026;2;"Eleição Ordinária";6259;"Eleições Gerais Estaduais 2026";"04/10/2026";"SC";"SC";"SANTA CATARINA";240002537094;3;11;"Apartamento";"FLORIANOPOLIS";"800000,00";"04/08/2026";"17:11:49"
"05/08/2026";"19:30:07";2026;2;"Eleição Ordinária";6259;"Eleições Gerais Estaduais 2026";"04/10/2026";"SC";"SC";"SANTA CATARINA";240002537094;6;12;"Casa";"50% FLORIANOPOLIS";"460000,00";"04/08/2026";"17:11:49"
"05/08/2026";"19:30:07";2026;2;"Eleição Ordinária";6259;"Eleições Gerais Estaduais 2026";"04/10/2026";"SC";"SC";"SANTA CATARINA";240002537094;7;32;"Quotas ou quinhões de capital";"26% EXPLORAÇÃO ENERGÉTICA";"500000,00";"04/08/2026";"17:11:49"
"05/08/2026";"19:30:07";2026;2;"Eleição Ordinária";6259;"Eleições Gerais Estaduais 2026";"04/10/2026";"SC";"SC";"SANTA CATARINA";240002537094;5;11;"Apartamento";"FLORIANOPOLIS";"700000,00";"04/08/2026";"17:11:49"
"05/08/2026";"19:30:07";2026;2;"Eleição Ordinária";6259;"Eleições Gerais Estaduais 2026";"04/10/2026";"SC";"SC";"SANTA CATARINA";240002537094;8;13;"Terreno";"1/8 FLORIANOPOLIS";"83175,00";"04/08/2026";"17:11:49"
"05/08/2026";"19:30:07";2026;2;"Eleição Ordinária";6259;"Eleições Gerais Estaduais 2026";"04/10/2026";"SC";"SC";"SANTA CATARINA";240002537095;2;21;"Veículo automotor terrestre: caminhão, automóvel, moto, etc.";"HYUNDAI";"50000,00";"04/08/2026";"17:11:53"
"05/08/2026";"19:30:07";2026;2;"Eleição Ordinária";6259;"Eleições Gerais Estaduais 2026";"04/10/2026";"SC";"SC";"SANTA CATARINA";240002537095;1;41;"Caderneta de poupança";"SANTANDER";"19443,01";"04/08/2026";"17:11:53"
"05/08/2026";"19:30:07";2026;2;"Eleição Ordinária";6259;"Eleições Gerais Estaduais 2026";"04/10/2026";"SC";"SC";"SANTA CATARINA";240002537095;3;11;"Apartamento";"PEDRA BRANCA";"350000,00";"04/08/2026";"17:11:53"
"05/08/2026";"19:30:07";2026;2;"Eleição Ordinária";6259;"Eleições Gerais Estaduais 2026";"04/10/2026";"SC";"SC";"SANTA CATARINA";240002537095;4;61;"Depósito bancário em conta corrente no País";"SANTANDER";"1414,72";"04/08/2026";"17:11:53"
"05/08/2026";"19:30:07";2026;2;"Eleição Ordinária";6259;"Eleições Gerais Estaduais 2026";"04/10/2026";"SC";"SC";"SANTA CATARINA";240002537096;1;61;"Depósito bancário em conta corrente no País";"CONTA CORRENTE";"312,95";"04/08/2026";"17:11:53"
"05/08/2026";"19:30:07";2026;2;"Eleição Ordinária";6259;"Eleições Gerais Estaduais 2026";"04/10/2026";"SC";"SC";"SANTA CATARINA";240002537099;1;13;"Terreno";"TERRENO RURAL";"111273,36";"04/08/2026";"17:11:53"
"05/08/2026";"19:30:07";2026;2;"Eleição Ordinária";6259;"Eleições Gerais Estaduais 2026";"04/10/2026";"SC";"SC";"SANTA CATARINA";240002537096;2;41;"Caderneta de poupança";"CEF";"3295,55";"04/08/2026";"17:11:53"
"05/08/2026";"19:30:07";2026;2;"Eleição Ordinária";6259;"Eleições Gerais Estaduais 2026";"04/10/2026";"SC";"SC";"SANTA CATARINA";240002537097;1;21;"Veículo automotor terrestre: caminhão, automóvel, moto, etc.";"CLIO";"18107,00";"04/08/2026";"17:11:53"
"05/08/2026";"19:30:07";2026;2;"Eleição Ordinária";6259;"Eleições Gerais Estaduais 2026";"04/10/2026";"SC";"SC";"SANTA CATARINA";240002537099;3;13;"Terreno";"40% DE LOTE";"80000,00";"04/08/2026";"17:11:53"
"05/08/2026";"19:30:07";2026;2;"Eleição Ordinária";6259;"Eleições Gerais Estaduais 2026";"04/10/2026";"SC";"SC";"SANTA CATARINA";240002537099;2;12;"Casa";"33,15% DE UM LOTE + CASA";"20000,00";"04/08/2026";"17:11:53"
"05/08/2026";"19:30:07";2026;2;"Eleição Ordinária";6259;"Eleições Gerais Estaduais 2026";"04/10/2026";"SC";"SC";"SANTA CATARINA";240002537100;1;32;"Quotas ou quinhões de capital";"EUREKA";"34800,00";"04/08/2026";"17:11:53"
"05/08/2026";"19:30:07";2026;2;"Eleição Ordinária";6259;"Eleições Gerais Estaduais 2026";"04/10/2026";"SC";"SC";"SANTA CATARINA";240002537100;2;69;"Outros depósitos à vista e numerário";"BENS E DIREITOS EM PODER DO DECLARANTE";"34800,00";"04/08/2026";"17:11:53"
"05/08/2026";"19:30:07";2026;2;"Eleição Ordinária";6259;"Eleições Gerais Estaduais 2026";"04/10/2026";"SC";"SC";"SANTA CATARINA";240002537100;4;21;"Veículo automotor terrestre: caminhão, automóvel, moto, etc.";"FORD K";"13000,00";"04/08/2026";"17:11:53"
"05/08/2026";"19:30:07";2026;2;"Eleição Ordinária";6259;"Eleições Gerais Estaduais 2026";"04/10/2026";"SC";"SC";"SANTA CATARINA";240002537100;3;11;"Apartamento";"PARTAMENTO";"259562,50";"04/08/2026";"17:11:53"
"05/08/2026";"19:30:07";2026;2;"Eleição Ordinária";6259;"Eleições Gerais Estaduais 2026";"04/10/2026";"SC";"SC";"SANTA CATARINA";240002537100;7;72;"Fundo de Longo Prazo e Fundo de Investimentos em Direitos Creditórios (FIDC)";"AMERICA TRADE";"250000,00";"04/08/2026";"17:11:53"
"05/08/2026";"19:30:07";2026;2;"Eleição Ordinária";6259;"Eleições Gerais Estaduais 2026";"04/10/2026";"SC";"SC";"SANTA CATARINA";240002537100;6;11;"Apartamento";"APARTAMENTO";"232559,00";"04/08/2026";"17:11:53"
"05/08/2026";"19:30:07";2026;2;"Eleição Ordinária";6259;"Eleições Gerais Estaduais 2026";"04/10/2026";"SC";"SC";"SANTA CATARINA";240002537100;5;63;"Dinheiro em espécie - moeda nacional";"ESPECIE";"144000,00";"04/08/2026";"17:11:53"
"05/08/2026";"19:30:07";2026;2;"Eleição Ordinária";6259;"Eleições Gerais Estaduais 2026";"04/10/2026";"SC";"SC";"SANTA CATARINA";240002537101;1;61;"Depósito bancário em conta corrente no País";"POUPANÇA";"11962,06";"04/08/2026";"17:11:53"
"05/08/2026";"19:30:07";2026;2;"Eleição Ordinária";6259;"Eleições Gerais Estaduais 2026";"04/10/2026";"SC";"SC";"SANTA CATARINA";240002537102;1;61;"Depósito bancário em conta corrente no País";"CORRENTE";"1000,00";"04/08/2026";"17:11:53"
"05/08/2026";"19:30:07";2026;2;"Eleição Ordinária";6259;"Eleições Gerais Estaduais 2026";"04/10/2026";"SC";"SC";"SANTA CATARINA";240002537102;2;61;"Depósito bancário em conta corrente no País";"CORRENTE";"70,00";"04/08/2026";"17:11:53"
"05/08/2026";"19:30:07";2026;2;"Eleição Ordinária";6259;"Eleições Gerais Estaduais 2026";"04/10/2026";"SC";"SC";"SANTA CATARINA";240002537105;1;13;"Terreno";"2 LOTES NOVA BRASILIA";"1000,00";"04/08/2026";"17:11:53"
"05/08/2026";"19:30:07";2026;2;"Eleição Ordinária";6259;"Eleições Gerais Estaduais 2026";"04/10/2026";"SC";"SC";"SANTA CATARINA";240002537103;1;32;"Quotas ou quinhões de capital";"SÓCIO-ADMINISTRADOR EMPRESA";"250000,00";"04/08/2026";"17:11:53"
"05/08/2026";"19:30:07";2026;2;"Eleição Ordinária";6259;"Eleições Gerais Estaduais 2026";"04/10/2026";"SC";"SC";"SANTA CATARINA";240002537102;3;61;"Depósito bancário em conta corrente no País";"CORRENTE";"200,00";"04/08/2026";"17:11:53"
"05/08/2026";"19:30:07";2026;2;"Eleição Ordinária";6259;"Eleições Gerais Estaduais 2026";"04/10/2026";"SC";"SC";"SANTA CATARINA";240002537630;1;13;"Terreno";"LOTE URBANO NO BAIRRO SUL DO RIO EM SANTO AMARO DA IMPERATRIZ/SC";"270000,00";"05/08/2026";"13:53:48"
"05/08/2026";"19:30:07";2026;2;"Eleição Ordinária";6259;"Eleições Gerais Estaduais 2026";"04/10/2026";"SC";"SC";"SANTA CATARINA";240002537105;2;13;"Terreno";"AREA DE TERRA";"1000,00";"04/08/2026";"17:11:53"
"05/08/2026";"19:30:07";2026;2;"Eleição Ordinária";6259;"Eleições Gerais Estaduais 2026";"04/10/2026";"SC";"SC";"SANTA CATARINA";240002537629;1;12;"Casa";"PROPRIEDADE DE UMA CASA";"351000,00";"05/08/2026";"13:20:25"
"05/08/2026";"19:30:07";2026;2;"Eleição Ordinária";6259;"Eleições Gerais Estaduais 2026";"04/10/2026";"SC";"SC";"SANTA CATARINA";240002537630;4;21;"Veículo automotor terrestre: caminhão, automóvel, moto, etc.";"VEÍCULO CHEVROLET MONTANA 2019";"51756,00";"05/08/2026";"13:53:48"
"05/08/2026";"19:30:07";2026;2;"Eleição Ordinária";6259;"Eleições Gerais Estaduais 2026";"04/10/2026";"SC";"SC";"SANTA CATARINA";240002537630;2;45;"Aplicação de renda fixa (CDB, RDB e outros)";"RF LP TESOURO SELIC";"92252,59";"05/08/2026";"13:53:48"
"05/08/2026";"19:30:07";2026;2;"Eleição Ordinária";6259;"Eleições Gerais Estaduais 2026";"04/10/2026";"SC";"SC";"SANTA CATARINA";240002537630;3;45;"Aplicação de renda fixa (CDB, RDB e outros)";"RF REF DI PLUS";"5001,97";"05/08/2026";"13:53:48"
"05/08/2026";"19:30:07";2026;2;"Eleição Ordinária";6259;"Eleições Gerais Estaduais 2026";"04/10/2026";"SC";"SC";"SANTA CATARINA";240002537630;6;32;"Quotas ou quinhões de capital";"99 COTAS DA MDS - MANUTENÇÃO DE AR CONDICIONADO CLIMATIZAÇÃO E REFRIGERAÇÃO LTDA";"20000,00";"05/08/2026";"13:53:48"
"05/08/2026";"19:30:07";2026;2;"Eleição Ordinária";6259;"Eleições Gerais Estaduais 2026";"04/10/2026";"SC";"SC";"SANTA CATARINA";240002537630;5;45;"Aplicação de renda fixa (CDB, RDB e outros)";"RF LP HIGH";"82991,88";"05/08/2026";"13:53:48"
"05/08/2026";"19:30:07";2026;2;"Eleição Ordinária";6259;"Eleições Gerais Estaduais 2026";"04/10/2026";"SC";"SC";"SANTA CATARINA";240002537630;7;11;"Apartamento";"02 APARTAMENTOS NO BAIRRO PRAIA COMPRIDA EM SÃO JOSÉ/SC";"340000,00";"05/08/2026";"13:53:48"
"05/08/2026";"19:30:07";2026;2;"Eleição Ordinária";6259;"Eleições Gerais Estaduais 2026";"04/10/2026";"SC";"SC";"SANTA CATARINA";240002537630;8;45;"Aplicação de renda fixa (CDB, RDB e outros)";"RF LP TESOURO SELIC";"136383,84";"05/08/2026";"13:53:48"
"05/08/2026";"19:30:07";2026;2;"Eleição Ordinária";6259;"Eleições Gerais Estaduais 2026";"04/10/2026";"SC";"SC";"SANTA CATARINA";240002537632;1;12;"Casa";"IMÓVEL URBANO PRAIA DE JARDIM CAMPO BOM - JAGUARUNA/SC";"200000,00";"05/08/2026";"13:47:48"
"05/08/2026";"19:30:07";2026;2;"Eleição Ordinária";6259;"Eleições Gerais Estaduais 2026";"04/10/2026";"SC";"SC";"SANTA CATARINA";240002537633;1;12;"Casa";"CASA URBANA BAIRRO SÃO VICENTE-ITAJAÍ/SC";"250000,00";"05/08/2026";"14:00:06"
"05/08/2026";"19:30:07";2026;2;"Eleição Ordinária";6259;"Eleições Gerais Estaduais 2026";"04/10/2026";"SC";"SC";"SANTA CATARINA";240002537802;1;13;"Terreno";"50% DE UM LOTE EM SÃO JOSÉ/SC";"17000,00";"05/08/2026";"18:24:00"
"05/08/2026";"19:30:07";2026;2;"Eleição Ordinária";6259;"Eleições Gerais Estaduais 2026";"04/10/2026";"SC";"SC";"SANTA CATARINA";240002537802;2;12;"Casa";"50% DA PROPRIEDADE DE UMA CASA DE ALVENARIA EM SÃO JOSÉ/SC";"60000,00";"05/08/2026";"18:24:00"
"05/08/2026";"19:30:07";2026;2;"Eleição Ordinária";6259;"Eleições Gerais Estaduais 2026";"04/10/2026";"SC";"SC";"SANTA CATARINA";240002537802;3;11;"Apartamento";"50% DA PROPRIEDADE DE UM APTO EM SÃO JOSÉ/SC";"75000,00";"05/08/2026";"18:24:00"
"05/08/2026";"19:30:07";2026;2;"Eleição Ordinária";6259;"Eleições Gerais Estaduais 2026";"04/10/2026";"SC";"SC";"SANTA CATARINA";240002537802;6;49;"Outras aplicações e Investimentos";"50% DO SALDO DE FUNDO DE INVESTIMENTOS";"92000,00";"05/08/2026";"18:24:00"
"05/08/2026";"19:30:07";2026;2;"Eleição Ordinária";6259;"Eleições Gerais Estaduais 2026";"04/10/2026";"SC";"SC";"SANTA CATARINA";240002537802;5;21;"Veículo automotor terrestre: caminhão, automóvel, moto, etc.";"50% DA PROPRIEDADE DE UM VEÍCULO BMW IX3 ANO 2024";"247000,00";"05/08/2026";"18:24:00"
"05/08/2026";"19:30:07";2026;2;"Eleição Ordinária";6259;"Eleições Gerais Estaduais 2026";"04/10/2026";"SC";"SC";"SANTA CATARINA";240002537802;4;11;"Apartamento";"50% DA PROPRIEDADE DE UM APARTAMENTO EM CONSTRUÇÃO EM FLORIANÓPOLIS/SC";"392000,00";"05/08/2026";"18:24:00"
"05/08/2026";"19:30:07";2026;2;"Eleição Ordinária";6259;"Eleições Gerais Estaduais 2026";"04/10/2026";"SC";"SC";"SANTA CATARINA";240002537802;7;13;"Terreno";"50% DA PROPRIEDADE DE UM TERRENO RURAL EM URUBICI";"390000,00";"05/08/2026";"18:24:00"
"05/08/2026";"19:30:07";2026;2;"Eleição Ordinária";6259;"Eleições Gerais Estaduais 2026";"04/10/2026";"SC";"SC";"SANTA CATARINA";240002537802;8;12;"Casa";"50% DA PROPRIEDADE DE UMA CASA DE ALVENARIA EM PALHOÇA/SC";"350000,00";"05/08/2026";"18:24:00"
"05/08/2026";"19:30:07";2026;2;"Eleição Ordinária";6259;"Eleições Gerais Estaduais 2026";"04/10/2026";"SC";"SC";"SANTA CATARINA";240002537805;1;21;"Veículo automotor terrestre: caminhão, automóvel, moto, etc.";"AUTOMÓVEL KWID ANO 2020";"39000,00";"05/08/2026";"18:24:09"
"05/08/2026";"19:30:07";2026;2;"Eleição Ordinária";6259;"Eleições Gerais Estaduais 2026";"04/10/2026";"SC";"SC";"SANTA CATARINA";240002537807;1;12;"Casa";"CASA NO MUNICÍPIO DE PALHOÇA";"350000,00";"05/08/2026";"18:24:02"
"05/08/2026";"19:30:07";2026;2;"Eleição Ordinária";6259;"Eleições Gerais Estaduais 2026";"04/10/2026";"SC";"SC";"SANTA CATARINA";240002537807;2;21;"Veículo automotor terrestre: caminhão, automóvel, moto, etc.";"CARRO CHEVROLET CLASSIC ANO/MODELO 199/2000";"12000,00";"05/08/2026";"18:24:02"
"05/08/2026";"19:30:07";2026;2;"Eleição Ordinária";6259;"Eleições Gerais Estaduais 2026";"04/10/2026";"SC";"SC";"SANTA CATARINA";240002537808;1;21;"Veículo automotor terrestre: caminhão, automóvel, moto, etc.";"AUTOMÓVEL";"33000,00";"05/08/2026";"18:24:05"
"05/08/2026";"19:30:07";2026;2;"Eleição Ordinária";6259;"Eleições Gerais Estaduais 2026";"04/10/2026";"SC";"SC";"SANTA CATARINA";240002537808;3;13;"Terreno";"TERRENO URBANO";"80000,00";"05/08/2026";"18:24:05"
"05/08/2026";"19:30:07";2026;2;"Eleição Ordinária";6259;"Eleições Gerais Estaduais 2026";"04/10/2026";"SC";"SC";"SANTA CATARINA";240002537808;2;11;"Apartamento";"APARTAMENTO DE 80,92M²";"350000,00";"05/08/2026";"18:24:05"
"05/08/2026";"19:30:07";2026;2;"Eleição Ordinária";6259;"Eleições Gerais Estaduais 2026";"04/10/2026";"SC";"SC";"SANTA CATARINA";240002537808;4;61;"Depósito bancário em conta corrente no País";"SALDO EM CONTA CORRENTE";"2745,00";"05/08/2026";"18:24:05"
"05/08/2026";"19:30:07";2026;2;"Eleição Ordinária";6259;"Eleições Gerais Estaduais 2026";"04/10/2026";"SC";"SC";"SANTA CATARINA";240002537809;2;13;"Terreno";"TERRENO NA PRAIA DA SOLIDÃO, FLORIANÓPOLIS/SC";"80000,00";"05/08/2026";"18:24:01"
"05/08/2026";"19:30:07";2026;2;"Eleição Ordinária";6259;"Eleições Gerais Estaduais 2026";"04/10/2026";"SC";"SC";"SANTA CATARINA";240002537811;1;13;"Terreno";"DOIS TERRENOS URBANOS";"120000,00";"05/08/2026";"18:24:07"
"05/08/2026";"19:30:07";2026;2;"Eleição Ordinária";6259;"Eleições Gerais Estaduais 2026";"04/10/2026";"SC";"SC";"SANTA CATARINA";240002537809;1;21;"Veículo automotor terrestre: caminhão, automóvel, moto, etc.";"RENAULT CLIO ANO 2011";"35000,00";"05/08/2026";"18:24:01"
"05/08/2026";"19:30:07";2026;2;"Eleição Ordinária";6259;"Eleições Gerais Estaduais 2026";"04/10/2026";"SC";"SC";"SANTA CATARINA";240002537811;3;13;"Terreno";"TERRENO URBANO EM IMBITUBA";"200000,00";"05/08/2026";"18:24:07"
"05/08/2026";"19:30:07";2026;2;"Eleição Ordinária";6259;"Eleições Gerais Estaduais 2026";"04/10/2026";"SC";"SC";"SANTA CATARINA";240002537811;4;49;"Outras aplicações e Investimentos";"CONSÓRCIO IMOBILIÁRIO";"262000,00";"05/08/2026";"18:24:07"
"05/08/2026";"19:30:07";2026;2;"Eleição Ordinária";6259;"Eleições Gerais Estaduais 2026";"04/10/2026";"SC";"SC";"SANTA CATARINA";240002537811;2;12;"Casa";"CASA EM FLORIANÓPOLIS";"180000,00";"05/08/2026";"18:24:07"
"05/08/2026";"19:30:07";2026;2;"Eleição Ordinária";6259;"Eleições Gerais Estaduais 2026";"04/10/2026";"SC";"SC";"SANTA CATARINA";240002537811;7;45;"Aplicação de renda fixa (CDB, RDB e outros)";"APLICAÇÃO FINANCEIRA";"50000,00";"05/08/2026";"18:24:07"
"05/08/2026";"19:30:07";2026;2;"Eleição Ordinária";6259;"Eleições Gerais Estaduais 2026";"04/10/2026";"SC";"SC";"SANTA CATARINA";240002537811;6;21;"Veículo automotor terrestre: caminhão, automóvel, moto, etc.";"AUTOMÓVEL RENAULT DUSTER 2024/2025";"95000,00";"05/08/2026";"18:24:07"
"05/08/2026";"19:30:07";2026;2;"Eleição Ordinária";6259;"Eleições Gerais Estaduais 2026";"04/10/2026";"SC";"SC";"SANTA CATARINA";240002537811;5;61;"Depósito bancário em conta corrente no País";"SALDO EM CONTA CORRENTE";"60000,00";"05/08/2026";"18:24:07"
"05/08/2026";"19:30:07";2026;2;"Eleição Ordinária";6259;"Eleições Gerais Estaduais 2026";"04/10/2026";"SC";"SC";"SANTA CATARINA";240002537815;2;21;"Veículo automotor terrestre: caminhão, automóvel, moto, etc.";"VEÍCULO RENAULT SCENIC ANO 2006";"18000,00";"05/08/2026";"18:23:59"
"05/08/2026";"19:30:07";2026;2;"Eleição Ordinária";6259;"Eleições Gerais Estaduais 2026";"04/10/2026";"SC";"SC";"SANTA CATARINA";240002537815;1;41;"Caderneta de poupança";"SALDO EM POUPANÇA";"12000,00";"05/08/2026";"18:23:59"
"05/08/2026";"19:30:07";2026;2;"Eleição Ordinária";6259;"Eleições Gerais Estaduais 2026";"04/10/2026";"SC";"SC";"SANTA CATARINA";240002537815;3;12;"Casa";"CASA DE 53M² NO BAIRRO DOM BOSCO EM ITAJAÍ/SC";"354709,00";"05/08/2026";"18:23:59"
"05/08/2026";"19:30:07";2026;2;"Eleição Ordinária";6259;"Eleições Gerais Estaduais 2026";"04/10/2026";"SC";"SC";"SANTA CATARINA";240002537815;4;12;"Casa";"CASA 60M² BAIRRO ITAJUBA EM BARRA VELHA/SC";"400000,00";"05/08/2026";"18:23:59"
"05/08/2026";"19:30:07";2026;2;"Eleição Ordinária";6259;"Eleições Gerais Estaduais 2026";"04/10/2026";"SC";"SC";"SANTA CATARINA";240002537816;1;45;"Aplicação de renda fixa (CDB, RDB e outros)";"INVESTIMENTOS DE RENDA FIXA E VARIÁVEL";"74000,00";"05/08/2026";"18:23:53"
"05/08/2026";"19:30:07";2026;2;"Eleição Ordinária";6259;"Eleições Gerais Estaduais 2026";"04/10/2026";"SC";"SC";"SANTA CATARINA";240002537817;1;61;"Depósito bancário em conta corrente no País";"SALDO EM CC";"1230,00";"05/08/2026";"18:23:56"
"05/08/2026";"19:30:07";2026;2;"Eleição Ordinária";6259;"Eleições Gerais Estaduais 2026";"04/10/2026";"SC";"SC";"SANTA CATARINA";240002537817;3;45;"Aplicação de renda fixa (CDB, RDB e outros)";"APLICAÇÃO RDB";"6500,00";"05/08/2026";"18:23:56"
"05/08/2026";"19:30:07";2026;2;"Eleição Ordinária";6259;"Eleições Gerais Estaduais 2026";"04/10/2026";"SC";"SC";"SANTA CATARINA";240002537817;2;11;"Apartamento";"APARTAMENTO TÉRREO 2 QUARTOS";"260000,00";"05/08/2026";"18:23:56"
"05/08/2026";"19:30:07";2026;2;"Eleição Ordinária";6259;"Eleições Gerais Estaduais 2026";"04/10/2026";"SC";"SC";"SANTA CATARINA";240002537819;1;11;"Apartamento";"APARTAMENTO DE 45M² NO BAIRRO SÃO SEBASTIÃO, PALHOÇA/SC";"130000,00";"05/08/2026";"18:23:57"
"05/08/2026";"19:30:07";2026;2;"Eleição Ordinária";6259;"Eleições Gerais Estaduais 2026";"04/10/2026";"SC";"SC";"SANTA CATARINA";240002537819;2;21;"Veículo automotor terrestre: caminhão, automóvel, moto, etc.";"VEÍCULO GM CELTA ANO 2012";"10000,00";"05/08/2026";"18:23:57"
"05/08/2026";"19:30:07";2026;2;"Eleição Ordinária";6259;"Eleições Gerais Estaduais 2026";"04/10/2026";"SC";"SC";"SANTA CATARINA";240002537822;1;41;"Caderneta de poupança";"SALDO EM POUPANÇA";"6900,00";"05/08/2026";"18:23:58"
"05/08/2026";"19:30:07";2026;2;"Eleição Ordinária";6259;"Eleições Gerais Estaduais 2026";"04/10/2026";"SC";"SC";"SANTA CATARINA";240002537820;1;61;"Depósito bancário em conta corrente no País";"SALDO EM CONTA CORRENTE";"8560,00";"05/08/2026";"18:24:11"
"05/08/2026";"19:30:07";2026;2;"Eleição Ordinária";6259;"Eleições Gerais Estaduais 2026";"04/10/2026";"SC";"SC";"SANTA CATARINA";240002537824;2;11;"Apartamento";"APARTAMENTO DE 124M² NO BAIRRO CENTRO DE FLORIANÓPOLIS";"442279,21";"05/08/2026";"18:24:01"
"05/08/2026";"19:30:07";2026;2;"Eleição Ordinária";6259;"Eleições Gerais Estaduais 2026";"04/10/2026";"SC";"SC";"SANTA CATARINA";240002537824;1;61;"Depósito bancário em conta corrente no País";"SALDO EM CONTA CORRENTE";"14196,00";"05/08/2026";"18:24:01"
"05/08/2026";"19:30:07";2026;2;"Eleição Ordinária";6259;"Eleições Gerais Estaduais 2026";"04/10/2026";"SC";"SC";"SANTA CATARINA";240002537825;1;11;"Apartamento";"16,67% DA PROPRIEDADE DE UM APARTAMENTO POR HERANÇA";"125000,00";"05/08/2026";"18:24:13"
"05/08/2026";"19:30:07";2026;2;"Eleição Ordinária";6259;"Eleições Gerais Estaduais 2026";"04/10/2026";"SC";"SC";"SANTA CATARINA";240002537825;2;19;"Outros bens imóveis";"16,67% DA PROPRIEDADE DE UMA VAGA DE GARAGEM ADQUIRIDA POR HERANÇA";"8333,33";"05/08/2026";"18:24:13"
"05/08/2026";"19:30:07";2026;2;"Eleição Ordinária";6259;"Eleições Gerais Estaduais 2026";"04/10/2026";"SC";"SC";"SANTA CATARINA";240002537825;4;19;"Outros bens imóveis";"VAGA DE GARAGEM";"60000,00";"05/08/2026";"18:24:13"
"05/08/2026";"19:30:07";2026;2;"Eleição Ordinária";6259;"Eleições Gerais Estaduais 2026";"04/10/2026";"SC";"SC";"SANTA CATARINA";240002537825;3;15;"Sala ou conjunto";"SALA COMERCIAL";"380000,00";"05/08/2026";"18:24:13"
"05/08/2026";"19:30:07";2026;2;"Eleição Ordinária";6259;"Eleições Gerais Estaduais 2026";"04/10/2026";"SC";"SC";"SANTA CATARINA";240002537825;5;49;"Outras aplicações e Investimentos";"PLANO ITAÚ CAPITALIZAÇÃO";"5600,00";"05/08/2026";"18:24:13"
"05/08/2026";"19:30:07";2026;2;"Eleição Ordinária";6259;"Eleições Gerais Estaduais 2026";"04/10/2026";"SC";"SC";"SANTA CATARINA";240002537825;7;19;"Outros bens imóveis";"16,67% DA PROPRIEDADE DE UMA VAGA DE GARAGEM ADQUIRIDA POR HERANÇA";"8333,33";"05/08/2026";"18:24:13"
"05/08/2026";"19:30:07";2026;2;"Eleição Ordinária";6259;"Eleições Gerais Estaduais 2026";"04/10/2026";"SC";"SC";"SANTA CATARINA";240002537825;6;45;"Aplicação de renda fixa (CDB, RDB e outros)";"CDB NUINVESTIMENTOS";"5700,00";"05/08/2026";"18:24:13"
"05/08/2026";"19:30:07";2026;2;"Eleição Ordinária";6259;"Eleições Gerais Estaduais 2026";"04/10/2026";"SC";"SC";"SANTA CATARINA";240002537825;9;45;"Aplicação de renda fixa (CDB, RDB e outros)";"APLICAÇÃO RENDA FIXA NUBANK";"9100,00";"05/08/2026";"18:24:13"
"05/08/2026";"19:30:07";2026;2;"Eleição Ordinária";6259;"Eleições Gerais Estaduais 2026";"04/10/2026";"SC";"SC";"SANTA CATARINA";240002537825;10;12;"Casa";"16,67% DA PROPRIEDADE DE UMA CASA ADQUIRIDA ATRAVÉS DE HERANÇA";"233333,34";"05/08/2026";"18:24:13"
"05/08/2026";"19:30:07";2026;2;"Eleição Ordinária";6259;"Eleições Gerais Estaduais 2026";"04/10/2026";"SC";"SC";"SANTA CATARINA";240002537825;8;45;"Aplicação de renda fixa (CDB, RDB e outros)";"APLICAÇÃO CDB";"95000,00";"05/08/2026";"18:24:13"
"05/08/2026";"19:30:07";2026;2;"Eleição Ordinária";6259;"Eleições Gerais Estaduais 2026";"04/10/2026";"SC";"SC";"SANTA CATARINA";240002537826;2;21;"Veículo automotor terrestre: caminhão, automóvel, moto, etc.";"VEÍCULO MARCA FORD MODELO FIESTA ANO 2014";"30000,00";"05/08/2026";"18:20:56"
"05/08/2026";"19:30:07";2026;2;"Eleição Ordinária";6259;"Eleições Gerais Estaduais 2026";"04/10/2026";"SC";"SC";"SANTA CATARINA";240002537826;1;41;"Caderneta de poupança";"SALDO EM POUPANÇA";"6000,00";"05/08/2026";"18:20:56"
"05/08/2026";"19:30:07";2026;2;"Eleição Ordinária";6259;"Eleições Gerais Estaduais 2026";"04/10/2026";"SC";"SC";"SANTA CATARINA";240002537825;11;21;"Veículo automotor terrestre: caminhão, automóvel, moto, etc.";"VEÍCULO JEEP RENAGADE";"110000,00";"05/08/2026";"18:24:13"
"05/08/2026";"19:30:07";2026;2;"Eleição Ordinária";6259;"Eleições Gerais Estaduais 2026";"04/10/2026";"SC";"SC";"SANTA CATARINA";240002537827;1;49;"Outras aplicações e Investimentos";"INVESTIMENTOS NUBANK";"31000,00";"05/08/2026";"18:20:53"
"05/08/2026";"19:30:07";2026;2;"Eleição Ordinária";6259;"Eleições Gerais Estaduais 2026";"04/10/2026";"SC";"SC";"SANTA CATARINA";240002537827;2;21;"Veículo automotor terrestre: caminhão, automóvel, moto, etc.";"AUTOMÓVEL FORD KA ANO 2014";"26600,00";"05/08/2026";"18:20:53"
"05/08/2026";"19:30:07";2026;2;"Eleição Ordinária";6259;"Eleições Gerais Estaduais 2026";"04/10/2026";"SC";"SC";"SANTA CATARINA";240002537828;1;21;"Veículo automotor terrestre: caminhão, automóvel, moto, etc.";"AUTOMÓVEL VW FOX ANO 2009";"25000,00";"05/08/2026";"18:20:55"
"05/08/2026";"19:30:07";2026;2;"Eleição Ordinária";6259;"Eleições Gerais Estaduais 2026";"04/10/2026";"SC";"SC";"SANTA CATARINA";240002537833;1;13;"Terreno";"50% DA PROPRIEDADE DE UM TERRENO EM FLORIANÓPOLIS";"154500,00";"05/08/2026";"18:20:59"
"05/08/2026";"19:30:07";2026;2;"Eleição Ordinária";6259;"Eleições Gerais Estaduais 2026";"04/10/2026";"SC";"SC";"SANTA CATARINA";240002537828;2;41;"Caderneta de poupança";"SALDO EM POUPANÇA";"2935,00";"05/08/2026";"18:20:55"
"05/08/2026";"19:30:07";2026;2;"Eleição Ordinária";6259;"Eleições Gerais Estaduais 2026";"04/10/2026";"SC";"SC";"SANTA CATARINA";240002537833;2;45;"Aplicação de renda fixa (CDB, RDB e outros)";"APLICAÇÕES FINANCEIRAS NO BANCO DO BRASIL";"51000,00";"05/08/2026";"18:20:59"
"05/08/2026";"19:30:07";2026;2;"Eleição Ordinária";6259;"Eleições Gerais Estaduais 2026";"04/10/2026";"SC";"SC";"SANTA CATARINA";240002537833;4;19;"Outros bens imóveis";"50% DA PROPRIEDADE DE UMA VAGA DE GARAGEM EM FLORIANÓPOLIS";"20000,00";"05/08/2026";"18:20:59"
"05/08/2026";"19:30:07";2026;2;"Eleição Ordinária";6259;"Eleições Gerais Estaduais 2026";"04/10/2026";"SC";"SC";"SANTA CATARINA";240002537833;3;41;"Caderneta de poupança";"SALDO EM POUPANÇA";"754,00";"05/08/2026";"18:20:59"
"05/08/2026";"19:30:07";2026;2;"Eleição Ordinária";6259;"Eleições Gerais Estaduais 2026";"04/10/2026";"SC";"SC";"SANTA CATARINA";240002537833;5;21;"Veículo automotor terrestre: caminhão, automóvel, moto, etc.";"VEÍCULO FIAT ARGO 2025";"71000,00";"05/08/2026";"18:20:59"
"05/08/2026";"19:30:07";2026;2;"Eleição Ordinária";6259;"Eleições Gerais Estaduais 2026";"04/10/2026";"SC";"SC";"SANTA CATARINA";240002537834;1;13;"Terreno";"33% TERRENO EM RANCHO QUEIMADO";"75000,00";"05/08/2026";"18:20:57"
"05/08/2026";"19:30:07";2026;2;"Eleição Ordinária";6259;"Eleições Gerais Estaduais 2026";"04/10/2026";"SC";"SC";"SANTA CATARINA";240002537834;2;19;"Outros bens imóveis";"33% DE UM SOBRADO MULTIFAMILIAR E COMERCIAL  EM SÃO JOSÉ";"850000,00";"05/08/2026";"18:20:57"
"05/08/2026";"19:30:07";2026;2;"Eleição Ordinária";6259;"Eleições Gerais Estaduais 2026";"04/10/2026";"SC";"SC";"SANTA CATARINA";240002537835;1;21;"Veículo automotor terrestre: caminhão, automóvel, moto, etc.";"AUTOMÓVEL VW NIVUS";"105000,00";"05/08/2026";"18:21:01"
"05/08/2026";"19:30:07";2026;2;"Eleição Ordinária";6259;"Eleições Gerais Estaduais 2026";"04/10/2026";"SC";"SC";"SANTA CATARINA";240002537835;3;19;"Outros bens imóveis";"IMÓVEL NA LAGOA DA CONCEIÇÃO";"60000,00";"05/08/2026";"18:21:01"
"05/08/2026";"19:30:07";2026;2;"Eleição Ordinária";6259;"Eleições Gerais Estaduais 2026";"04/10/2026";"SC";"SC";"SANTA CATARINA";240002537835;2;21;"Veículo automotor terrestre: caminhão, automóvel, moto, etc.";"MOTOCICLETA YAMAHA XTZ250 LANDER";"23600,00";"05/08/2026";"18:21:01"
"05/08/2026";"19:30:07";2026;2;"Eleição Ordinária";6259;"Eleições Gerais Estaduais 2026";"04/10/2026";"SC";"SC";"SANTA CATARINA";240002537836;1;11;"Apartamento";"APARTAMENTO NA RUA LAURO LINHARES - FLORIANOPOLIS";"500000,00";"05/08/2026";"18:20:51"
"05/08/2026";"19:30:07";2026;2;"Eleição Ordinária";6259;"Eleições Gerais Estaduais 2026";"04/10/2026";"SC";"SC";"SANTA CATARINA";240002537836;2;23;"Embarcação";"BARCO DINGUE";"20000,00";"05/08/2026";"18:20:51"
"05/08/2026";"19:30:07";2026;2;"Eleição Ordinária";6259;"Eleições Gerais Estaduais 2026";"04/10/2026";"SC";"SC";"SANTA CATARINA";240002537836;4;46;"Ouro, ativo financeiro";"ATIVOS FINANCEIROS";"360000,00";"05/08/2026";"18:20:51"
"05/08/2026";"19:30:07";2026;2;"Eleição Ordinária";6259;"Eleições Gerais Estaduais 2026";"04/10/2026";"SC";"SC";"SANTA CATARINA";240002537836;3;21;"Veículo automotor terrestre: caminhão, automóvel, moto, etc.";"AUTOMÓVEL CHEVROLET TRACKER 2023";"100000,00";"05/08/2026";"18:20:51"
"05/08/2026";"19:30:07";2026;2;"Eleição Ordinária";6259;"Eleições Gerais Estaduais 2026";"04/10/2026";"SC";"SC";"SANTA CATARINA";240002537838;1;39;"Outras participações societárias";"CAPITAL SOCIAL MEI";"500,00";"05/08/2026";"18:20:57"
"05/08/2026";"19:30:07";2026;2;"Eleição Ordinária";6259;"Eleições Gerais Estaduais 2026";"04/10/2026";"SC";"SC";"SANTA CATARINA";240002537836;5;12;"Casa";"CASA NO BAIRRO JOAO PAULO - FLORIANÓPOLIS";"2000000,00";"05/08/2026";"18:20:51"
"05/08/2026";"19:30:07";2026;2;"Eleição Ordinária";6259;"Eleições Gerais Estaduais 2026";"04/10/2026";"SC";"SC";"SANTA CATARINA";240002537838;2;61;"Depósito bancário em conta corrente no País";"SALDO EM CONTA CORRENTE";"2500,00";"05/08/2026";"18:20:57"
"05/08/2026";"19:30:07";2026;2;"Eleição Ordinária";6259;"Eleições Gerais Estaduais 2026";"04/10/2026";"SC";"SC";"SANTA CATARINA";240002537908;1;49;"Outras aplicações e Investimentos";"VIACREDI - QUOTAS";"3626,24";"05/08/2026";"13:40:18"
"05/08/2026";"19:30:07";2026;2;"Eleição Ordinária";6259;"Eleições Gerais Estaduais 2026";"04/10/2026";"SC";"SC";"SANTA CATARINA";240002537840;1;12;"Casa";"50% DA PROPRIEDADE DE UMA CASA NA CIDADE DE NAVEGANTES";"375000,00";"05/08/2026";"18:20:52"
"05/08/2026";"19:30:07";2026;2;"Eleição Ordinária";6259;"Eleições Gerais Estaduais 2026";"04/10/2026";"SC";"SC";"SANTA CATARINA";240002537908;2;64;"Dinheiro em espécie - moeda estrangeira";"VALOR EM ESPÉCIE (DOLÁR)";"10590,00";"05/08/2026";"13:40:18"
"05/08/2026";"19:30:07";2026;2;"Eleição Ordinária";6259;"Eleições Gerais Estaduais 2026";"04/10/2026";"SC";"SC";"SANTA CATARINA";240002537908;5;39;"Outras participações societárias";"ECO ADM. DE BENS LTDA. - CNPJ 34.015.194/0001-10 - 50%";"451300,00";"05/08/2026";"13:40:18"
"05/08/2026";"19:30:07";2026;2;"Eleição Ordinária";6259;"Eleições Gerais Estaduais 2026";"04/10/2026";"SC";"SC";"SANTA CATARINA";240002537908;3;39;"Outras participações societárias";"AMBIENTHE ASSESSORIA TRIBUTÁRIA LTDA - CNPJ 33.571.560/0001-55 - 50%";"2500,00";"05/08/2026";"13:40:18"
"05/08/2026";"19:30:07";2026;2;"Eleição Ordinária";6259;"Eleições Gerais Estaduais 2026";"04/10/2026";"SC";"SC";"SANTA CATARINA";240002537908;4;99;"OUTROS BENS E DIREITOS";"CONTRATO MUTUO COM SARA SALETE KUHLMANN";"83551,70";"05/08/2026";"13:40:18"
"05/08/2026";"19:30:07";2026;2;"Eleição Ordinária";6259;"Eleições Gerais Estaduais 2026";"04/10/2026";"SC";"SC";"SANTA CATARINA";240002537908;6;61;"Depósito bancário em conta corrente no País";"CONTAS CORRENTES / POUPANÇAS -VIACREDI - CORRENTE";"3097,94";"05/08/2026";"13:40:18"
"05/08/2026";"19:30:07";2026;2;"Eleição Ordinária";6259;"Eleições Gerais Estaduais 2026";"04/10/2026";"SC";"SC";"SANTA CATARINA";240002537908;7;61;"Depósito bancário em conta corrente no País";"CONTAS CORRENTES / POUPANÇAS -VIACREDI - CORRENTE";"1719,73";"05/08/2026";"13:40:18"
"05/08/2026";"19:30:07";2026;2;"Eleição Ordinária";6259;"Eleições Gerais Estaduais 2026";"04/10/2026";"SC";"SC";"SANTA CATARINA";240002537908;8;63;"Dinheiro em espécie - moeda nacional";"VALOR EM ESPÉCIE (REAIS)";"161000,00";"05/08/2026";"13:40:18"
"05/08/2026";"19:30:07";2026;2;"Eleição Ordinária";6259;"Eleições Gerais Estaduais 2026";"04/10/2026";"SC";"SC";"SANTA CATARINA";240002537908;9;21;"Veículo automotor terrestre: caminhão, automóvel, moto, etc.";"KIA / SPORTAGE EX2 - PRATA - 2017";"115000,00";"05/08/2026";"13:40:18"
"05/08/2026";"19:30:07";2026;2;"Eleição Ordinária";6259;"Eleições Gerais Estaduais 2026";"04/10/2026";"SC";"SC";"SANTA CATARINA";240002537910;1;12;"Casa";"CASA";"300000,00";"05/08/2026";"13:40:15"
"05/08/2026";"19:30:07";2026;2;"Eleição Ordinária";6259;"Eleições Gerais Estaduais 2026";"04/10/2026";"SC";"SC";"SANTA CATARINA";240002537908;10;61;"Depósito bancário em conta corrente no País";"CONTAS CORRENTES / POUPANÇAS -VIACREDI - CORRENTE";"31,11";"05/08/2026";"13:40:18"
"05/08/2026";"19:30:07";2026;2;"Eleição Ordinária";6259;"Eleições Gerais Estaduais 2026";"04/10/2026";"SC";"SC";"SANTA CATARINA";240002537910;2;49;"Outras aplicações e Investimentos";"APLICAÇÃO";"31092,85";"05/08/2026";"13:40:15"
"05/08/2026";"19:30:07";2026;2;"Eleição Ordinária";6259;"Eleições Gerais Estaduais 2026";"04/10/2026";"SC";"SC";"SANTA CATARINA";240002537910;4;32;"Quotas ou quinhões de capital";"COTA EMPRESA";"5000,00";"05/08/2026";"13:40:15"
"05/08/2026";"19:30:07";2026;2;"Eleição Ordinária";6259;"Eleições Gerais Estaduais 2026";"04/10/2026";"SC";"SC";"SANTA CATARINA";240002537910;3;31;"Ações (inclusive as provenientes de linha telefônica)";"AÇÕES";"64157,86";"05/08/2026";"13:40:15"
"05/08/2026";"19:30:07";2026;2;"Eleição Ordinária";6259;"Eleições Gerais Estaduais 2026";"04/10/2026";"SC";"SC";"SANTA CATARINA";240002537910;7;13;"Terreno";"LOTE";"160000,00";"05/08/2026";"13:40:15"
"05/08/2026";"19:30:07";2026;2;"Eleição Ordinária";6259;"Eleições Gerais Estaduais 2026";"04/10/2026";"SC";"SC";"SANTA CATARINA";240002537910;5;62;"Depósito bancário em conta corrente no exterior";"CONTA EM DOLAR";"10280,65";"05/08/2026";"13:40:15"
"05/08/2026";"19:30:07";2026;2;"Eleição Ordinária";6259;"Eleições Gerais Estaduais 2026";"04/10/2026";"SC";"SC";"SANTA CATARINA";240002537910;6;11;"Apartamento";"APARTAMENTO";"265000,00";"05/08/2026";"13:40:15"
"05/08/2026";"19:30:07";2026;2;"Eleição Ordinária";6259;"Eleições Gerais Estaduais 2026";"04/10/2026";"SC";"SC";"SANTA CATARINA";240002537911;3;63;"Dinheiro em espécie - moeda nacional";"DINHEIRO EM ESPÉCIE";"10000,00";"05/08/2026";"13:40:16"
"05/08/2026";"19:30:07";2026;2;"Eleição Ordinária";6259;"Eleições Gerais Estaduais 2026";"04/10/2026";"SC";"SC";"SANTA CATARINA";240002537911;1;11;"Apartamento";"30% SOBRE DIREITOS AQUISITIVO";"1200000,00";"05/08/2026";"13:40:16"
"05/08/2026";"19:30:07";2026;2;"Eleição Ordinária";6259;"Eleições Gerais Estaduais 2026";"04/10/2026";"SC";"SC";"SANTA CATARINA";240002537911;2;11;"Apartamento";"APARTAMENTO";"850000,00";"05/08/2026";"13:40:16"
"05/08/2026";"19:30:07";2026;2;"Eleição Ordinária";6259;"Eleições Gerais Estaduais 2026";"04/10/2026";"SC";"SC";"SANTA CATARINA";240002537911;4;49;"Outras aplicações e Investimentos";"APLICAÇÕES EM FUNDOS PRIVADO";"2500000,00";"05/08/2026";"13:40:16"
"05/08/2026";"19:30:07";2026;2;"Eleição Ordinária";6259;"Eleições Gerais Estaduais 2026";"04/10/2026";"SC";"SC";"SANTA CATARINA";240002537911;5;21;"Veículo automotor terrestre: caminhão, automóvel, moto, etc.";"TAOS";"157000,00";"05/08/2026";"13:40:16"
"05/08/2026";"19:30:07";2026;2;"Eleição Ordinária";6259;"Eleições Gerais Estaduais 2026";"04/10/2026";"SC";"SC";"SANTA CATARINA";240002537912;1;11;"Apartamento";"APARTAMENTO NA PLANTA";"812000,00";"05/08/2026";"13:39:58"
"05/08/2026";"19:30:07";2026;2;"Eleição Ordinária";6259;"Eleições Gerais Estaduais 2026";"04/10/2026";"SC";"SC";"SANTA CATARINA";240002537913;1;21;"Veículo automotor terrestre: caminhão, automóvel, moto, etc.";"VEÍCULO TRACKER";"100000,00";"05/08/2026";"13:39:49"
"05/08/2026";"19:30:07";2026;2;"Eleição Ordinária";6259;"Eleições Gerais Estaduais 2026";"04/10/2026";"SC";"SC";"SANTA CATARINA";240002537912;2;11;"Apartamento";"APARTAMENTO";"120000,00";"05/08/2026";"13:39:58"
"05/08/2026";"19:30:07";2026;2;"Eleição Ordinária";6259;"Eleições Gerais Estaduais 2026";"04/10/2026";"SC";"SC";"SANTA CATARINA";240002537912;3;63;"Dinheiro em espécie - moeda nacional";"DINHEIRO EM MÃO";"40000,00";"05/08/2026";"13:39:58"
"05/08/2026";"19:30:07";2026;2;"Eleição Ordinária";6259;"Eleições Gerais Estaduais 2026";"04/10/2026";"SC";"SC";"SANTA CATARINA";240002537914;1;13;"Terreno";"TERRENO 10";"5000,00";"05/08/2026";"13:39:50"
"05/08/2026";"19:30:07";2026;2;"Eleição Ordinária";6259;"Eleições Gerais Estaduais 2026";"04/10/2026";"SC";"SC";"SANTA CATARINA";240002537913;3;21;"Veículo automotor terrestre: caminhão, automóvel, moto, etc.";"OPALA 1974";"10000,00";"05/08/2026";"13:39:49"
"05/08/2026";"19:30:07";2026;2;"Eleição Ordinária";6259;"Eleições Gerais Estaduais 2026";"04/10/2026";"SC";"SC";"SANTA CATARINA";240002537913;2;63;"Dinheiro em espécie - moeda nacional";"ESPÉCIE";"20000,00";"05/08/2026";"13:39:49"
"05/08/2026";"19:30:07";2026;2;"Eleição Ordinária";6259;"Eleições Gerais Estaduais 2026";"04/10/2026";"SC";"SC";"SANTA CATARINA";240002537914;3;13;"Terreno";"TERRENO 4";"17360,00";"05/08/2026";"13:39:50"
"05/08/2026";"19:30:07";2026;2;"Eleição Ordinária";6259;"Eleições Gerais Estaduais 2026";"04/10/2026";"SC";"SC";"SANTA CATARINA";240002537914;4;13;"Terreno";"TERRENO 12";"15000,00";"05/08/2026";"13:39:50"
"05/08/2026";"19:30:07";2026;2;"Eleição Ordinária";6259;"Eleições Gerais Estaduais 2026";"04/10/2026";"SC";"SC";"SANTA CATARINA";240002537914;2;63;"Dinheiro em espécie - moeda nacional";"NUMERÁRIO EM PODER";"500000,00";"05/08/2026";"13:39:50"
"05/08/2026";"19:30:07";2026;2;"Eleição Ordinária";6259;"Eleições Gerais Estaduais 2026";"04/10/2026";"SC";"SC";"SANTA CATARINA";240002537914;5;39;"Outras participações societárias";"PARTICIPAÇÃO CAPITAL SOCIAL EMPRESA IEV";"50000,00";"05/08/2026";"13:39:50"
"05/08/2026";"19:30:07";2026;2;"Eleição Ordinária";6259;"Eleições Gerais Estaduais 2026";"04/10/2026";"SC";"SC";"SANTA CATARINA";240002537914;6;13;"Terreno";"TERRENO 7 (50%)";"58028,45";"05/08/2026";"13:39:50"
"05/08/2026";"19:30:07";2026;2;"Eleição Ordinária";6259;"Eleições Gerais Estaduais 2026";"04/10/2026";"SC";"SC";"SANTA CATARINA";240002537914;7;13;"Terreno";"TERRENO 8";"350000,00";"05/08/2026";"13:39:50"
"05/08/2026";"19:30:07";2026;2;"Eleição Ordinária";6259;"Eleições Gerais Estaduais 2026";"04/10/2026";"SC";"SC";"SANTA CATARINA";240002537914;10;39;"Outras participações societárias";"PARTICIPAÇÃO CAPITAL SOCIAL BANCO SICOOB 2";"370,20";"05/08/2026";"13:39:50"
"05/08/2026";"19:30:07";2026;2;"Eleição Ordinária";6259;"Eleições Gerais Estaduais 2026";"04/10/2026";"SC";"SC";"SANTA CATARINA";240002537914;8;13;"Terreno";"TERRENO 9";"300000,00";"05/08/2026";"13:39:50"
"05/08/2026";"19:30:07";2026;2;"Eleição Ordinária";6259;"Eleições Gerais Estaduais 2026";"04/10/2026";"SC";"SC";"SANTA CATARINA";240002537914;9;13;"Terreno";"TERRENO 11";"7000,00";"05/08/2026";"13:39:50"
"05/08/2026";"19:30:07";2026;2;"Eleição Ordinária";6259;"Eleições Gerais Estaduais 2026";"04/10/2026";"SC";"SC";"SANTA CATARINA";240002537914;13;13;"Terreno";"TERRENO 2";"65000,00";"05/08/2026";"13:39:50"
"05/08/2026";"19:30:07";2026;2;"Eleição Ordinária";6259;"Eleições Gerais Estaduais 2026";"04/10/2026";"SC";"SC";"SANTA CATARINA";240002537914;11;97;"VGBL - Vida Gerador de Benefício Livre";"SALDO VGBL - CAIXA VIDA E PREVIDENCIA";"1950028,73";"05/08/2026";"13:39:50"
"05/08/2026";"19:30:07";2026;2;"Eleição Ordinária";6259;"Eleições Gerais Estaduais 2026";"04/10/2026";"SC";"SC";"SANTA CATARINA";240002537914;12;21;"Veículo automotor terrestre: caminhão, automóvel, moto, etc.";"VEICULO FORD/GALAXIE LANDAU";"12000,00";"05/08/2026";"13:39:50"
"05/08/2026";"19:30:07";2026;2;"Eleição Ordinária";6259;"Eleições Gerais Estaduais 2026";"04/10/2026";"SC";"SC";"SANTA CATARINA";240002537914;16;49;"Outras aplicações e Investimentos";"FUNDO DE INVESTIMENTO CEF";"67,59";"05/08/2026";"13:39:50"
"05/08/2026";"19:30:07";2026;2;"Eleição Ordinária";6259;"Eleições Gerais Estaduais 2026";"04/10/2026";"SC";"SC";"SANTA CATARINA";240002537914;14;32;"Quotas ou quinhões de capital";"TITULAR DA EMPRESA UNIVINTE";"1500000,00";"05/08/2026";"13:39:50"
"05/08/2026";"19:30:07";2026;2;"Eleição Ordinária";6259;"Eleições Gerais Estaduais 2026";"04/10/2026";"SC";"SC";"SANTA CATARINA";240002537914;15;61;"Depósito bancário em conta corrente no País";"SALDO EM CONTA CORRENTE";"18555,79";"05/08/2026";"13:39:50"
"05/08/2026";"19:30:07";2026;2;"Eleição Ordinária";6259;"Eleições Gerais Estaduais 2026";"04/10/2026";"SC";"SC";"SANTA CATARINA";240002537914;18;13;"Terreno";"TERRENO 1";"20000,00";"05/08/2026";"13:39:50"
"05/08/2026";"19:30:07";2026;2;"Eleição Ordinária";6259;"Eleições Gerais Estaduais 2026";"04/10/2026";"SC";"SC";"SANTA CATARINA";240002537914;19;13;"Terreno";"TERRENO 5 (50%)";"134193,20";"05/08/2026";"13:39:50"
"05/08/2026";"19:30:07";2026;2;"Eleição Ordinária";6259;"Eleições Gerais Estaduais 2026";"04/10/2026";"SC";"SC";"SANTA CATARINA";240002537914;17;13;"Terreno";"TERRENO 6 (50%)";"107775,24";"05/08/2026";"13:39:50"
"05/08/2026";"19:30:07";2026;2;"Eleição Ordinária";6259;"Eleições Gerais Estaduais 2026";"04/10/2026";"SC";"SC";"SANTA CATARINA";240002537914;21;39;"Outras participações societárias";"PARTICIPAÇÃO CAPITAL SOCIAL BANCO SICOOB 1";"156,41";"05/08/2026";"13:39:50"
"05/08/2026";"19:30:07";2026;2;"Eleição Ordinária";6259;"Eleições Gerais Estaduais 2026";"04/10/2026";"SC";"SC";"SANTA CATARINA";240002537914;22;13;"Terreno";"TERRENO 3";"12000,00";"05/08/2026";"13:39:50"
"05/08/2026";"19:30:07";2026;2;"Eleição Ordinária";6259;"Eleições Gerais Estaduais 2026";"04/10/2026";"SC";"SC";"SANTA CATARINA";240002537914;20;13;"Terreno";"TERRENO 13";"90000,00";"05/08/2026";"13:39:50"
"05/08/2026";"19:30:07";2026;2;"Eleição Ordinária";6259;"Eleições Gerais Estaduais 2026";"04/10/2026";"SC";"SC";"SANTA CATARINA";240002537914;24;23;"Embarcação";"EMBARCAÇÃO";"10000,00";"05/08/2026";"13:39:50"
"05/08/2026";"19:30:07";2026;2;"Eleição Ordinária";6259;"Eleições Gerais Estaduais 2026";"04/10/2026";"SC";"SC";"SANTA CATARINA";240002537914;23;21;"Veículo automotor terrestre: caminhão, automóvel, moto, etc.";"VEICULO MERCEDES BENZ/ONIBUS (EM NOME DA ESPOSA)";"70000,00";"05/08/2026";"13:39:50"
"05/08/2026";"19:30:07";2026;2;"Eleição Ordinária";6259;"Eleições Gerais Estaduais 2026";"04/10/2026";"SC";"SC";"SANTA CATARINA";240002537915;1;11;"Apartamento";"UM APARTAMENTO: N. 502, 5. ANDAR, CONDOMÍNIO RESIDENCIAL MARIAH, AV. PAPA JOÃO XXIII, 831, BAIRRO  IPIRANGA, LAGES/SC:";"514000,00";"05/08/2026";"13:39:57"
"05/08/2026";"19:30:07";2026;2;"Eleição Ordinária";6259;"Eleições Gerais Estaduais 2026";"04/10/2026";"SC";"SC";"SANTA CATARINA";240002537915;3;59;"Outros créditos e poupança vinculados";"POUPANÇA CAIXA ECONÔMICA FEDERAL";"2,50";"05/08/2026";"13:39:57"
"05/08/2026";"19:30:07";2026;2;"Eleição Ordinária";6259;"Eleições Gerais Estaduais 2026";"04/10/2026";"SC";"SC";"SANTA CATARINA";240002537915;2;49;"Outras aplicações e Investimentos";"APLICAÇÃO FINANCEIRA C6 BANK S.A";"11000,00";"05/08/2026";"13:39:57"
"05/08/2026";"19:30:07";2026;2;"Eleição Ordinária";6259;"Eleições Gerais Estaduais 2026";"04/10/2026";"SC";"SC";"SANTA CATARINA";240002537915;4;99;"OUTROS BENS E DIREITOS";"20,5886075 MUSD (MELI DÓLAR), CUSTODIADO POR MERCADO LIVRE (CRIPTOATIVOS)";"113,60";"05/08/2026";"13:39:57"
"05/08/2026";"19:30:07";2026;2;"Eleição Ordinária";6259;"Eleições Gerais Estaduais 2026";"04/10/2026";"SC";"SC";"SANTA CATARINA";240002537915;6;11;"Apartamento";"UM APARTAMENTO (A SER CONSTRUÍDO): N. 604, ANNABELLA RESIDENCE, RUA NILO PEÇANHA, 44, BAIRRO CORAL,  LAGES/SC:";"550000,00";"05/08/2026";"13:39:57"
"05/08/2026";"19:30:07";2026;2;"Eleição Ordinária";6259;"Eleições Gerais Estaduais 2026";"04/10/2026";"SC";"SC";"SANTA CATARINA";240002537915;5;61;"Depósito bancário em conta corrente no País";"CONTA CORRENTE C6 BANK S.A";"63,35";"05/08/2026";"13:39:57"
"05/08/2026";"19:30:07";2026;2;"Eleição Ordinária";6259;"Eleições Gerais Estaduais 2026";"04/10/2026";"SC";"SC";"SANTA CATARINA";240002537915;7;61;"Depósito bancário em conta corrente no País";"CONTA MERCADO PAGO";"0,21";"05/08/2026";"13:39:57"
"05/08/2026";"19:30:07";2026;2;"Eleição Ordinária";6259;"Eleições Gerais Estaduais 2026";"04/10/2026";"SC";"SC";"SANTA CATARINA";240002537915;10;21;"Veículo automotor terrestre: caminhão, automóvel, moto, etc.";"VEÍCULO  VW TAOS HL TSI (IMPORTADO), ANO 2022/2022";"217000,00";"05/08/2026";"13:39:57"
"05/08/2026";"19:30:07";2026;2;"Eleição Ordinária";6259;"Eleições Gerais Estaduais 2026";"04/10/2026";"SC";"SC";"SANTA CATARINA";240002537915;9;95;"Consórcio não contemplado";"CONSÓRCIO DE IMÓVEIS BB ADMINISTRADORA DE CONSÓRCIOS S/A";"3094,08";"05/08/2026";"13:39:57"
"05/08/2026";"19:30:07";2026;2;"Eleição Ordinária";6259;"Eleições Gerais Estaduais 2026";"04/10/2026";"SC";"SC";"SANTA CATARINA";240002537915;8;95;"Consórcio não contemplado";"CONSÓRCIO DE AUTOMÓVEIS BB ADMINISTRADORA DE CONSÓRCIOS S/A";"3458,70";"05/08/2026";"13:39:57"
"05/08/2026";"19:30:07";2026;2;"Eleição Ordinária";6259;"Eleições Gerais Estaduais 2026";"04/10/2026";"SC";"SC";"SANTA CATARINA";240002537915;11;49;"Outras aplicações e Investimentos";"APLICAÇÃO BB CDB PRÉ, BANCO DO BRASIL";"65900,00";"05/08/2026";"13:39:57"
"05/08/2026";"19:30:07";2026;2;"Eleição Ordinária";6259;"Eleições Gerais Estaduais 2026";"04/10/2026";"SC";"SC";"SANTA CATARINA";240002537916;2;21;"Veículo automotor terrestre: caminhão, automóvel, moto, etc.";"HONDA BIZ 125 ES";"7000,00";"05/08/2026";"13:40:20"
"05/08/2026";"19:30:07";2026;2;"Eleição Ordinária";6259;"Eleições Gerais Estaduais 2026";"04/10/2026";"SC";"SC";"SANTA CATARINA";240002537916;1;21;"Veículo automotor terrestre: caminhão, automóvel, moto, etc.";"FIAT UNO ATTRACTIVE 1.0";"37000,00";"05/08/2026";"13:40:20"
"05/08/2026";"19:30:07";2026;2;"Eleição Ordinária";6259;"Eleições Gerais Estaduais 2026";"04/10/2026";"SC";"SC";"SANTA CATARINA";240002537917;3;39;"Outras participações societárias";"COTAS DE CAPITAL SICREDI";"2345,71";"05/08/2026";"13:39:58"
"05/08/2026";"19:30:07";2026;2;"Eleição Ordinária";6259;"Eleições Gerais Estaduais 2026";"04/10/2026";"SC";"SC";"SANTA CATARINA";240002537917;1;61;"Depósito bancário em conta corrente no País";"CONTA CORRENTE SICREDI";"1262,50";"05/08/2026";"13:39:58"
"05/08/2026";"19:30:07";2026;2;"Eleição Ordinária";6259;"Eleições Gerais Estaduais 2026";"04/10/2026";"SC";"SC";"SANTA CATARINA";240002537917;2;99;"OUTROS BENS E DIREITOS";"SOL - QUANTIDADE 35,40468854 (CRIPTO)";"30536,90";"05/08/2026";"13:39:58"
"05/08/2026";"19:30:07";2026;2;"Eleição Ordinária";6259;"Eleições Gerais Estaduais 2026";"04/10/2026";"SC";"SC";"SANTA CATARINA";240002537917;4;39;"Outras participações societárias";"100% DA EMPRESA NA CAC - CENTRO DE AVALIACAO DE CONDUTORES CORAL LTDA";"10000,00";"05/08/2026";"13:39:58"
"05/08/2026";"19:30:07";2026;2;"Eleição Ordinária";6259;"Eleições Gerais Estaduais 2026";"04/10/2026";"SC";"SC";"SANTA CATARINA";240002537918;1;21;"Veículo automotor terrestre: caminhão, automóvel, moto, etc.";"TOYOTA COROLLA 2019";"88456,00";"05/08/2026";"13:39:45"
"05/08/2026";"19:30:07";2026;2;"Eleição Ordinária";6259;"Eleições Gerais Estaduais 2026";"04/10/2026";"SC";"SC";"SANTA CATARINA";240002537918;2;63;"Dinheiro em espécie - moeda nacional";"DINHEIRO EM ESPÉCIE";"9000,00";"05/08/2026";"13:39:45"
"05/08/2026";"19:30:07";2026;2;"Eleição Ordinária";6259;"Eleições Gerais Estaduais 2026";"04/10/2026";"SC";"SC";"SANTA CATARINA";240002537918;3;39;"Outras participações societárias";"EMPRESA";"15400,00";"05/08/2026";"13:39:45"
"05/08/2026";"19:30:07";2026;2;"Eleição Ordinária";6259;"Eleições Gerais Estaduais 2026";"04/10/2026";"SC";"SC";"SANTA CATARINA";240002537919;2;39;"Outras participações societárias";"CAPITAL SOCIAL COOPERATIVA DE CRÉDITO MÚTUO DOS ADVOGADOS DE SC OABCRED";"5152,92";"05/08/2026";"13:39:47"
"05/08/2026";"19:30:07";2026;2;"Eleição Ordinária";6259;"Eleições Gerais Estaduais 2026";"04/10/2026";"SC";"SC";"SANTA CATARINA";240002537919;1;11;"Apartamento";"APARTAMENTO";"300000,00";"05/08/2026";"13:39:47"
"05/08/2026";"19:30:07";2026;2;"Eleição Ordinária";6259;"Eleições Gerais Estaduais 2026";"04/10/2026";"SC";"SC";"SANTA CATARINA";240002537919;3;39;"Outras participações societárias";"2% DE COTAS DA EMPRESA AURORA ASSESSORIA, SERVIÇOS E CONSTRUÇÕES LTDA";"12750,00";"05/08/2026";"13:39:47"
"05/08/2026";"19:30:07";2026;2;"Eleição Ordinária";6259;"Eleições Gerais Estaduais 2026";"04/10/2026";"SC";"SC";"SANTA CATARINA";240002537919;4;39;"Outras participações societárias";"12,5% DE  PARTICIPAÇÃO NAS COTAS DA EMPRESA JOÃO JOSÉ MARTINS ADVOGADOS ASSOCIADOS";"12750,00";"05/08/2026";"13:39:47"
"05/08/2026";"19:30:07";2026;2;"Eleição Ordinária";6259;"Eleições Gerais Estaduais 2026";"04/10/2026";"SC";"SC";"SANTA CATARINA";240002537919;5;45;"Aplicação de renda fixa (CDB, RDB e outros)";"BRADESCO APLICAÇÃO RENDA FIXA";"8542,90";"05/08/2026";"13:39:47"
"05/08/2026";"19:30:07";2026;2;"Eleição Ordinária";6259;"Eleições Gerais Estaduais 2026";"04/10/2026";"SC";"SC";"SANTA CATARINA";240002537921;1;13;"Terreno";"TERRENO COM AREA DE 70.000,00M2";"65000,00";"05/08/2026";"13:40:15"
"05/08/2026";"19:30:07";2026;2;"Eleição Ordinária";6259;"Eleições Gerais Estaduais 2026";"04/10/2026";"SC";"SC";"SANTA CATARINA";240002537919;6;21;"Veículo automotor terrestre: caminhão, automóvel, moto, etc.";"VEICULO NIVUS 2021";"104950,00";"05/08/2026";"13:39:47"
"05/08/2026";"19:30:07";2026;2;"Eleição Ordinária";6259;"Eleições Gerais Estaduais 2026";"04/10/2026";"SC";"SC";"SANTA CATARINA";240002537919;7;41;"Caderneta de poupança";"DEPÓSITO DE CADERNETA DE POUPANÇA NA CAIXA ECONÔMICA FEDERAL";"138,31";"05/08/2026";"13:39:47"
"05/08/2026";"19:30:07";2026;2;"Eleição Ordinária";6259;"Eleições Gerais Estaduais 2026";"04/10/2026";"SC";"SC";"SANTA CATARINA";240002537921;2;21;"Veículo automotor terrestre: caminhão, automóvel, moto, etc.";"UTILITARIO VHEV/TRAIL BLAZER LTZ D 4A ANO 2014/201";"123792,00";"05/08/2026";"13:40:15"
"05/08/2026";"19:30:07";2026;2;"Eleição Ordinária";6259;"Eleições Gerais Estaduais 2026";"04/10/2026";"SC";"SC";"SANTA CATARINA";240002537921;3;21;"Veículo automotor terrestre: caminhão, automóvel, moto, etc.";"AUTOMOVEL HONDA/FIT LX CVT ANO 2019/2019";"29820,33";"05/08/2026";"13:40:15"
"05/08/2026";"19:30:07";2026;2;"Eleição Ordinária";6259;"Eleições Gerais Estaduais 2026";"04/10/2026";"SC";"SC";"SANTA CATARINA";240002537921;4;21;"Veículo automotor terrestre: caminhão, automóvel, moto, etc.";"UTILITARIO JEEP/COMPASS TAILHAWK D ANO 2019/2020";"70848,40";"05/08/2026";"13:40:15"
"05/08/2026";"19:30:07";2026;2;"Eleição Ordinária";6259;"Eleições Gerais Estaduais 2026";"04/10/2026";"SC";"SC";"SANTA CATARINA";240002537921;7;39;"Outras participações societárias";"100% COTAS DE CAPITAL DA EMPRESA LITORAL COM. DE PARAFUSOS E FERRAGENS LTDA";"150000,00";"05/08/2026";"13:40:15"
"05/08/2026";"19:30:07";2026;2;"Eleição Ordinária";6259;"Eleições Gerais Estaduais 2026";"04/10/2026";"SC";"SC";"SANTA CATARINA";240002537921;6;59;"Outros créditos e poupança vinculados";"POUPANCA ITAU UNIBANCO S.A.";"6057,07";"05/08/2026";"13:40:15"
"05/08/2026";"19:30:07";2026;2;"Eleição Ordinária";6259;"Eleições Gerais Estaduais 2026";"04/10/2026";"SC";"SC";"SANTA CATARINA";240002537921;5;12;"Casa";"CASA DE ALVENARIA COM AREA DE 120,00M2 SITO";"120000,00";"05/08/2026";"13:40:15"
"05/08/2026";"19:30:07";2026;2;"Eleição Ordinária";6259;"Eleições Gerais Estaduais 2026";"04/10/2026";"SC";"SC";"SANTA CATARINA";240002537923;1;39;"Outras participações societárias";"COTAS EMPRESA AQUAMARE";"300000,00";"05/08/2026";"13:39:56"
"05/08/2026";"19:30:07";2026;2;"Eleição Ordinária";6259;"Eleições Gerais Estaduais 2026";"04/10/2026";"SC";"SC";"SANTA CATARINA";240002537922;1;21;"Veículo automotor terrestre: caminhão, automóvel, moto, etc.";"CARRO";"50000,00";"05/08/2026";"13:40:02"
"05/08/2026";"19:30:07";2026;2;"Eleição Ordinária";6259;"Eleições Gerais Estaduais 2026";"04/10/2026";"SC";"SC";"SANTA CATARINA";240002537923;2;21;"Veículo automotor terrestre: caminhão, automóvel, moto, etc.";"HB20 2014";"30000,00";"05/08/2026";"13:39:56"
"05/08/2026";"19:30:07";2026;2;"Eleição Ordinária";6259;"Eleições Gerais Estaduais 2026";"04/10/2026";"SC";"SC";"SANTA CATARINA";240002537923;3;12;"Casa";"CASA";"300000,00";"05/08/2026";"13:39:56"
"05/08/2026";"19:30:07";2026;2;"Eleição Ordinária";6259;"Eleições Gerais Estaduais 2026";"04/10/2026";"SC";"SC";"SANTA CATARINA";240002537924;1;21;"Veículo automotor terrestre: caminhão, automóvel, moto, etc.";"VEÍCULO ABARTH";"150000,00";"05/08/2026";"13:39:55"
"05/08/2026";"19:30:07";2026;2;"Eleição Ordinária";6259;"Eleições Gerais Estaduais 2026";"04/10/2026";"SC";"SC";"SANTA CATARINA";240002537925;1;11;"Apartamento";"APTO COQUEIROS";"550000,00";"05/08/2026";"13:40:10"
"05/08/2026";"19:30:07";2026;2;"Eleição Ordinária";6259;"Eleições Gerais Estaduais 2026";"04/10/2026";"SC";"SC";"SANTA CATARINA";240002537925;3;21;"Veículo automotor terrestre: caminhão, automóvel, moto, etc.";"AMAROK";"130000,00";"05/08/2026";"13:40:10"
"05/08/2026";"19:30:07";2026;2;"Eleição Ordinária";6259;"Eleições Gerais Estaduais 2026";"04/10/2026";"SC";"SC";"SANTA CATARINA";240002537926;1;21;"Veículo automotor terrestre: caminhão, automóvel, moto, etc.";"MOTO: HONDA CG 150 FAN ESDI";"10000,00";"05/08/2026";"13:39:46"
"05/08/2026";"19:30:07";2026;2;"Eleição Ordinária";6259;"Eleições Gerais Estaduais 2026";"04/10/2026";"SC";"SC";"SANTA CATARINA";240002537925;2;11;"Apartamento";"APTO NO ABRAÃO";"550000,00";"05/08/2026";"13:40:10"
"05/08/2026";"19:30:07";2026;2;"Eleição Ordinária";6259;"Eleições Gerais Estaduais 2026";"04/10/2026";"SC";"SC";"SANTA CATARINA";240002537926;3;21;"Veículo automotor terrestre: caminhão, automóvel, moto, etc.";"CARRO: GM/ CORSA WIND";"6000,00";"05/08/2026";"13:39:46"
"05/08/2026";"19:30:07";2026;2;"Eleição Ordinária";6259;"Eleições Gerais Estaduais 2026";"04/10/2026";"SC";"SC";"SANTA CATARINA";240002537926;2;21;"Veículo automotor terrestre: caminhão, automóvel, moto, etc.";"CARRO: PEUGEOT/ 206 1.4";"8500,00";"05/08/2026";"13:39:46"
"05/08/2026";"19:30:07";2026;2;"Eleição Ordinária";6259;"Eleições Gerais Estaduais 2026";"04/10/2026";"SC";"SC";"SANTA CATARINA";240002537926;4;21;"Veículo automotor terrestre: caminhão, automóvel, moto, etc.";"CARRO: FIAT/ PUNTO ELX 1.4";"15000,00";"05/08/2026";"13:39:46"
"05/08/2026";"19:30:07";2026;2;"Eleição Ordinária";6259;"Eleições Gerais Estaduais 2026";"04/10/2026";"SC";"SC";"SANTA CATARINA";240002537926;6;21;"Veículo automotor terrestre: caminhão, automóvel, moto, etc.";"CARRO: GM/ CORSA GLS";"8500,00";"05/08/2026";"13:39:46"
"05/08/2026";"19:30:07";2026;2;"Eleição Ordinária";6259;"Eleições Gerais Estaduais 2026";"04/10/2026";"SC";"SC";"SANTA CATARINA";240002537926;5;21;"Veículo automotor terrestre: caminhão, automóvel, moto, etc.";"CARRO: FORD KA FLEX";"15000,00";"05/08/2026";"13:39:46"
"05/08/2026";"19:30:07";2026;2;"Eleição Ordinária";6259;"Eleições Gerais Estaduais 2026";"04/10/2026";"SC";"SC";"SANTA CATARINA";240002537927;1;99;"OUTROS BENS E DIREITOS";"ITAÚ UNIBANCO PERSONNALITÉ HOLDING S.A C/C";"9714,70";"05/08/2026";"13:40:23"
"05/08/2026";"19:30:07";2026;2;"Eleição Ordinária";6259;"Eleições Gerais Estaduais 2026";"04/10/2026";"SC";"SC";"SANTA CATARINA";240002537927;2;21;"Veículo automotor terrestre: caminhão, automóvel, moto, etc.";"VEÍCULO VW/KOMBI 2005/2005";"25000,00";"05/08/2026";"13:40:23"
"05/08/2026";"19:30:07";2026;2;"Eleição Ordinária";6259;"Eleições Gerais Estaduais 2026";"04/10/2026";"SC";"SC";"SANTA CATARINA";240002537927;3;11;"Apartamento";"APARTAMENTO - FINANCIADO";"690000,00";"05/08/2026";"13:40:23"
"05/08/2026";"19:30:07";2026;2;"Eleição Ordinária";6259;"Eleições Gerais Estaduais 2026";"04/10/2026";"SC";"SC";"SANTA CATARINA";240002537927;4;99;"OUTROS BENS E DIREITOS";"NU PAGAMENTOS S.A - INSTITUIÇÃO DE PAGAMENTO C/C";"42,17";"05/08/2026";"13:40:23"
"05/08/2026";"19:30:07";2026;2;"Eleição Ordinária";6259;"Eleições Gerais Estaduais 2026";"04/10/2026";"SC";"SC";"SANTA CATARINA";240002537927;5;21;"Veículo automotor terrestre: caminhão, automóvel, moto, etc.";"VEÍCULO HILUX CD DSL 4X4 SRX AT";"312060,72";"05/08/2026";"13:40:23"
"05/08/2026";"19:30:07";2026;2;"Eleição Ordinária";6259;"Eleições Gerais Estaduais 2026";"04/10/2026";"SC";"SC";"SANTA CATARINA";240002537927;6;99;"OUTROS BENS E DIREITOS";"NU PAGAMENTOS S.A - INSTITUIÇÃO DE PAGAMENTO C/P";"15788,26";"05/08/2026";"13:40:23"
"05/08/2026";"19:30:07";2026;2;"Eleição Ordinária";6259;"Eleições Gerais Estaduais 2026";"04/10/2026";"SC";"SC";"SANTA CATARINA";240002537927;7;99;"OUTROS BENS E DIREITOS";"CAIXA ECONÔMICA FEDERAL C/C";"28,73";"05/08/2026";"13:40:23"
"05/08/2026";"19:30:07";2026;2;"Eleição Ordinária";6259;"Eleições Gerais Estaduais 2026";"04/10/2026";"SC";"SC";"SANTA CATARINA";240002537927;8;13;"Terreno";"TERRENO COM DUAS CASAS EM ALVENARIA NO BAIRRO ARIRIBÁ, BALNEÁRIO CAMBORIÚ";"800000,00";"05/08/2026";"13:40:23"
"05/08/2026";"19:30:07";2026;2;"Eleição Ordinária";6259;"Eleições Gerais Estaduais 2026";"04/10/2026";"SC";"SC";"SANTA CATARINA";240002537927;10;99;"OUTROS BENS E DIREITOS";"ITAÚ UNIBANCO PERSONNALITÉ HOLDING S.A C/P";"20510,10";"05/08/2026";"13:40:23"
"05/08/2026";"19:30:07";2026;2;"Eleição Ordinária";6259;"Eleições Gerais Estaduais 2026";"04/10/2026";"SC";"SC";"SANTA CATARINA";240002537927;9;63;"Dinheiro em espécie - moeda nacional";"DINHEIRO EM ESPÉCIE";"10000,00";"05/08/2026";"13:40:23"
"05/08/2026";"19:30:07";2026;2;"Eleição Ordinária";6259;"Eleições Gerais Estaduais 2026";"04/10/2026";"SC";"SC";"SANTA CATARINA";240002537928;1;21;"Veículo automotor terrestre: caminhão, automóvel, moto, etc.";"CARRO HONDA CIVIC LXR 2014/2015";"74000,00";"05/08/2026";"13:40:07"
"05/08/2026";"19:30:07";2026;2;"Eleição Ordinária";6259;"Eleições Gerais Estaduais 2026";"04/10/2026";"SC";"SC";"SANTA CATARINA";240002537928;2;21;"Veículo automotor terrestre: caminhão, automóvel, moto, etc.";"CARRO NOVA SAVEIRO CS 2013/2014";"44000,00";"05/08/2026";"13:40:07"
"05/08/2026";"19:30:07";2026;2;"Eleição Ordinária";6259;"Eleições Gerais Estaduais 2026";"04/10/2026";"SC";"SC";"SANTA CATARINA";240002537929;1;99;"OUTROS BENS E DIREITOS";"IMOVEL NA PLANTA";"40000,00";"05/08/2026";"13:40:08"
"05/08/2026";"19:30:07";2026;2;"Eleição Ordinária";6259;"Eleições Gerais Estaduais 2026";"04/10/2026";"SC";"SC";"SANTA CATARINA";240002537929;3;13;"Terreno";"TERRENO SITUADO A RUA URSA MAIOR";"1830000,00";"05/08/2026";"13:40:08"
"05/08/2026";"19:30:07";2026;2;"Eleição Ordinária";6259;"Eleições Gerais Estaduais 2026";"04/10/2026";"SC";"SC";"SANTA CATARINA";240002537929;4;12;"Casa";"CONSTRUÇÃO GERMINADO";"178000,00";"05/08/2026";"13:40:08"
"05/08/2026";"19:30:07";2026;2;"Eleição Ordinária";6259;"Eleições Gerais Estaduais 2026";"04/10/2026";"SC";"SC";"SANTA CATARINA";240002537929;2;99;"OUTROS BENS E DIREITOS";"25% DO IMOVEL SITIO EM NOME DA ESPOSA IZABEL BRANDEL, RECEBIDO POR DOAÇÃO DA MAE ANGELITA MAFRA";"104475,00";"05/08/2026";"13:40:08"
"05/08/2026";"19:30:07";2026;2;"Eleição Ordinária";6259;"Eleições Gerais Estaduais 2026";"04/10/2026";"SC";"SC";"SANTA CATARINA";240002537929;5;39;"Outras participações societárias";"QUOTAS DE CAPITAL NA EMPRESA ACADEMIA GOLD E FITNESS LTDA";"9000,00";"05/08/2026";"13:40:08"
"05/08/2026";"19:30:07";2026;2;"Eleição Ordinária";6259;"Eleições Gerais Estaduais 2026";"04/10/2026";"SC";"SC";"SANTA CATARINA";240002537929;6;63;"Dinheiro em espécie - moeda nacional";"ESPECIE";"85000,00";"05/08/2026";"13:40:08"
"05/08/2026";"19:30:07";2026;2;"Eleição Ordinária";6259;"Eleições Gerais Estaduais 2026";"04/10/2026";"SC";"SC";"SANTA CATARINA";240002537929;7;61;"Depósito bancário em conta corrente no País";"SALDO CONTA CORRENTE";"7009,19";"05/08/2026";"13:40:08"
"05/08/2026";"19:30:07";2026;2;"Eleição Ordinária";6259;"Eleições Gerais Estaduais 2026";"04/10/2026";"SC";"SC";"SANTA CATARINA";240002537929;9;45;"Aplicação de renda fixa (CDB, RDB e outros)";"SICREDINVEST";"66370,24";"05/08/2026";"13:40:08"
"05/08/2026";"19:30:07";2026;2;"Eleição Ordinária";6259;"Eleições Gerais Estaduais 2026";"04/10/2026";"SC";"SC";"SANTA CATARINA";240002537929;8;99;"OUTROS BENS E DIREITOS";"25% DO IMOVEL SITIO RECEBIDO DE HERANÇA DA MARE ANGELITA MAFRA";"104475,00";"05/08/2026";"13:40:08"
"05/08/2026";"19:30:07";2026;2;"Eleição Ordinária";6259;"Eleições Gerais Estaduais 2026";"04/10/2026";"SC";"SC";"SANTA CATARINA";240002537929;10;99;"OUTROS BENS E DIREITOS";"CONTA CAPITAL";"1541,37";"05/08/2026";"13:40:08"
"05/08/2026";"19:30:07";2026;2;"Eleição Ordinária";6259;"Eleições Gerais Estaduais 2026";"04/10/2026";"SC";"SC";"SANTA CATARINA";240002537930;2;39;"Outras participações societárias";"COTAS";"15273,00";"05/08/2026";"13:40:05"
"05/08/2026";"19:30:07";2026;2;"Eleição Ordinária";6259;"Eleições Gerais Estaduais 2026";"04/10/2026";"SC";"SC";"SANTA CATARINA";240002537931;1;39;"Outras participações societárias";"10% PARTICIPAÇÃO SOCIETÁRIA";"1000,00";"05/08/2026";"13:40:04"
"05/08/2026";"19:30:07";2026;2;"Eleição Ordinária";6259;"Eleições Gerais Estaduais 2026";"04/10/2026";"SC";"SC";"SANTA CATARINA";240002537930;1;12;"Casa";"CASA";"750000,00";"05/08/2026";"13:40:05"
"05/08/2026";"19:30:07";2026;2;"Eleição Ordinária";6259;"Eleições Gerais Estaduais 2026";"04/10/2026";"SC";"SC";"SANTA CATARINA";240002537931;2;39;"Outras participações societárias";"50% PARTICIPAÇÃO SOCIETÁRIA";"688500,00";"05/08/2026";"13:40:04"
"05/08/2026";"19:30:07";2026;2;"Eleição Ordinária";6259;"Eleições Gerais Estaduais 2026";"04/10/2026";"SC";"SC";"SANTA CATARINA";240002537931;4;21;"Veículo automotor terrestre: caminhão, automóvel, moto, etc.";"VEICULO TOYOTA";"174200,00";"05/08/2026";"13:40:04"
"05/08/2026";"19:30:07";2026;2;"Eleição Ordinária";6259;"Eleições Gerais Estaduais 2026";"04/10/2026";"SC";"SC";"SANTA CATARINA";240002537931;3;11;"Apartamento";"APARTAMENTO";"580000,00";"05/08/2026";"13:40:04"
"05/08/2026";"19:30:07";2026;2;"Eleição Ordinária";6259;"Eleições Gerais Estaduais 2026";"04/10/2026";"SC";"SC";"SANTA CATARINA";240002537931;5;39;"Outras participações societárias";"01% PARTICIPAÇÃO SOCIETÁRIA";"100,00";"05/08/2026";"13:40:04"
"05/08/2026";"19:30:07";2026;2;"Eleição Ordinária";6259;"Eleições Gerais Estaduais 2026";"04/10/2026";"SC";"SC";"SANTA CATARINA";240002537931;6;31;"Ações (inclusive as provenientes de linha telefônica)";"50 AÇÕES DE SOCIEDADE INTERNACIONAL";"380251,42";"05/08/2026";"13:40:04"
"05/08/2026";"19:30:07";2026;2;"Eleição Ordinária";6259;"Eleições Gerais Estaduais 2026";"04/10/2026";"SC";"SC";"SANTA CATARINA";240002537931;7;64;"Dinheiro em espécie - moeda estrangeira";"MOEDA ESTRANGEIRA (DOLAR US$)";"27390,50";"05/08/2026";"13:40:04"
"05/08/2026";"19:30:07";2026;2;"Eleição Ordinária";6259;"Eleições Gerais Estaduais 2026";"04/10/2026";"SC";"SC";"SANTA CATARINA";240002537931;10;39;"Outras participações societárias";"25% PARTICIPAÇÃO SOCIETÁRIA";"5000,00";"05/08/2026";"13:40:04"
"05/08/2026";"19:30:07";2026;2;"Eleição Ordinária";6259;"Eleições Gerais Estaduais 2026";"04/10/2026";"SC";"SC";"SANTA CATARINA";240002537931;9;11;"Apartamento";"APARTAMENTO";"661897,27";"05/08/2026";"13:40:04"
"05/08/2026";"19:30:07";2026;2;"Eleição Ordinária";6259;"Eleições Gerais Estaduais 2026";"04/10/2026";"SC";"SC";"SANTA CATARINA";240002537931;8;31;"Ações (inclusive as provenientes de linha telefônica)";"19 AÇÕES DE SOCIEDADE INTERNACIONAL";"257000,00";"05/08/2026";"13:40:04"
"05/08/2026";"19:30:07";2026;2;"Eleição Ordinária";6259;"Eleições Gerais Estaduais 2026";"04/10/2026";"SC";"SC";"SANTA CATARINA";240002537931;13;49;"Outras aplicações e Investimentos";"APLICAÇÕES BANCÁRIAS";"1000,00";"05/08/2026";"13:40:04"
"05/08/2026";"19:30:07";2026;2;"Eleição Ordinária";6259;"Eleições Gerais Estaduais 2026";"04/10/2026";"SC";"SC";"SANTA CATARINA";240002537931;12;12;"Casa";"CASA";"1850000,00";"05/08/2026";"13:40:04"
"05/08/2026";"19:30:07";2026;2;"Eleição Ordinária";6259;"Eleições Gerais Estaduais 2026";"04/10/2026";"SC";"SC";"SANTA CATARINA";240002537931;11;11;"Apartamento";"APARTAMENTO";"350000,00";"05/08/2026";"13:40:04"
"05/08/2026";"19:30:07";2026;2;"Eleição Ordinária";6259;"Eleições Gerais Estaduais 2026";"04/10/2026";"SC";"SC";"SANTA CATARINA";240002537931;14;49;"Outras aplicações e Investimentos";"APLICAÇÕES BANCÁRIAS";"1021856,65";"05/08/2026";"13:40:04"
"05/08/2026";"19:30:07";2026;2;"Eleição Ordinária";6259;"Eleições Gerais Estaduais 2026";"04/10/2026";"SC";"SC";"SANTA CATARINA";240002537931;15;61;"Depósito bancário em conta corrente no País";"SALDO BANCARIO";"13000,00";"05/08/2026";"13:40:04"
"05/08/2026";"19:30:07";2026;2;"Eleição Ordinária";6259;"Eleições Gerais Estaduais 2026";"04/10/2026";"SC";"SC";"SANTA CATARINA";240002537931;16;99;"OUTROS BENS E DIREITOS";"ATIVO DIGITAL ¿ CRIPTOATIVO";"53,33";"05/08/2026";"13:40:04"
"05/08/2026";"19:30:07";2026;2;"Eleição Ordinária";6259;"Eleições Gerais Estaduais 2026";"04/10/2026";"SC";"SC";"SANTA CATARINA";240002537931;17;39;"Outras participações societárias";"49% PARTICIPAÇÃO SOCIETÁRIA";"503720,00";"05/08/2026";"13:40:04"
"05/08/2026";"19:30:07";2026;2;"Eleição Ordinária";6259;"Eleições Gerais Estaduais 2026";"04/10/2026";"SC";"SC";"SANTA CATARINA";240002537931;18;99;"OUTROS BENS E DIREITOS";"DISPONIBILIDADE FINANCEIRA";"50000,00";"05/08/2026";"13:40:04"
"05/08/2026";"19:30:07";2026;2;"Eleição Ordinária";6259;"Eleições Gerais Estaduais 2026";"04/10/2026";"SC";"SC";"SANTA CATARINA";240002537932;1;99;"OUTROS BENS E DIREITOS";"BENS IMÓVEIS";"1000000,00";"05/08/2026";"13:39:59"
"05/08/2026";"19:30:07";2026;2;"Eleição Ordinária";6259;"Eleições Gerais Estaduais 2026";"04/10/2026";"SC";"SC";"SANTA CATARINA";240002537933;1;13;"Terreno";"TERRENO";"35000,00";"05/08/2026";"13:40:06"
"05/08/2026";"19:30:07";2026;2;"Eleição Ordinária";6259;"Eleições Gerais Estaduais 2026";"04/10/2026";"SC";"SC";"SANTA CATARINA";240002537932;2;21;"Veículo automotor terrestre: caminhão, automóvel, moto, etc.";"BEM  MÓVEL (AUTOMÓVEL)";"250000,00";"05/08/2026";"13:39:59"
"05/08/2026";"19:30:07";2026;2;"Eleição Ordinária";6259;"Eleições Gerais Estaduais 2026";"04/10/2026";"SC";"SC";"SANTA CATARINA";240002537933;2;32;"Quotas ou quinhões de capital";"EMPRESA";"20000,00";"05/08/2026";"13:40:06"
"05/08/2026";"19:30:07";2026;2;"Eleição Ordinária";6259;"Eleições Gerais Estaduais 2026";"04/10/2026";"SC";"SC";"SANTA CATARINA";240002537933;3;12;"Casa";"CASA";"101020,00";"05/08/2026";"13:40:06"
"05/08/2026";"19:30:07";2026;2;"Eleição Ordinária";6259;"Eleições Gerais Estaduais 2026";"04/10/2026";"SC";"SC";"SANTA CATARINA";240002537934;1;21;"Veículo automotor terrestre: caminhão, automóvel, moto, etc.";"NIVUS 2023";"110000,00";"05/08/2026";"13:40:21"
"05/08/2026";"19:30:07";2026;2;"Eleição Ordinária";6259;"Eleições Gerais Estaduais 2026";"04/10/2026";"SC";"SC";"SANTA CATARINA";240002537935;1;12;"Casa";"CASA";"500000,00";"05/08/2026";"13:40:09"
"05/08/2026";"19:30:07";2026;2;"Eleição Ordinária";6259;"Eleições Gerais Estaduais 2026";"04/10/2026";"SC";"SC";"SANTA CATARINA";240002537936;1;13;"Terreno";"TERRENO RURAL COM AREA DE 50 HA EM ALEGRETE RS . AQUISICAO EM 2000 DE MAIS 100 HA.  MELHORIAS EFETUADAS";"130000,00";"05/08/2026";"13:40:11"
"05/08/2026";"19:30:07";2026;2;"Eleição Ordinária";6259;"Eleições Gerais Estaduais 2026";"04/10/2026";"SC";"SC";"SANTA CATARINA";240002537935;3;21;"Veículo automotor terrestre: caminhão, automóvel, moto, etc.";"T CROSS";"110000,00";"05/08/2026";"13:40:09"
"05/08/2026";"19:30:07";2026;2;"Eleição Ordinária";6259;"Eleições Gerais Estaduais 2026";"04/10/2026";"SC";"SC";"SANTA CATARINA";240002537935;2;21;"Veículo automotor terrestre: caminhão, automóvel, moto, etc.";"HBV20";"100000,00";"05/08/2026";"13:40:09"
"05/08/2026";"19:30:07";2026;2;"Eleição Ordinária";6259;"Eleições Gerais Estaduais 2026";"04/10/2026";"SC";"SC";"SANTA CATARINA";240002537936;2;21;"Veículo automotor terrestre: caminhão, automóvel, moto, etc.";"AUTOMOVEL VOLKSWAGEN FUSCA 1300 ANO 1977 ADQ. 10/89";"4163,83";"05/08/2026";"13:40:11"
"05/08/2026";"19:30:07";2026;2;"Eleição Ordinária";6259;"Eleições Gerais Estaduais 2026";"04/10/2026";"SC";"SC";"SANTA CATARINA";240002537936;3;21;"Veículo automotor terrestre: caminhão, automóvel, moto, etc.";"AUTOMOVEL VW/SAVEIRO CL 1.6 MI";"13000,00";"05/08/2026";"13:40:11"
"05/08/2026";"19:30:07";2026;2;"Eleição Ordinária";6259;"Eleições Gerais Estaduais 2026";"04/10/2026";"SC";"SC";"SANTA CATARINA";240002537936;4;99;"OUTROS BENS E DIREITOS";"DIVERSOS EQUIPAMENTOS PARA USO NA PROFISSAO";"16000,00";"05/08/2026";"13:40:11"
"05/08/2026";"19:30:07";2026;2;"Eleição Ordinária";6259;"Eleições Gerais Estaduais 2026";"04/10/2026";"SC";"SC";"SANTA CATARINA";240002537936;6;39;"Outras participações societárias";"QUOTAS CAPITAL SOCIAL NA COOPERATIVA DE CREDITO UNICRED DESBRAVADORA LTDA";"39627,89";"05/08/2026";"13:40:11"
"05/08/2026";"19:30:07";2026;2;"Eleição Ordinária";6259;"Eleições Gerais Estaduais 2026";"04/10/2026";"SC";"SC";"SANTA CATARINA";240002537936;7;19;"Outros bens imóveis";"-ADIANTAMENTO PARA FUTURA AQUISICAO DE IMOVEL RURAL NO RINCAO DE SAO MIGUEL 8  SUBDISTRITO DO ALEGRETE/RS, ADQ. DE RONALDO RUAS MERELLES CPF 398.615.627-53, SINAL DE  ENTRADA NO VALOR DE 90.000,00 EM";"590000,00";"05/08/2026";"13:40:11"
"05/08/2026";"19:30:07";2026;2;"Eleição Ordinária";6259;"Eleições Gerais Estaduais 2026";"04/10/2026";"SC";"SC";"SANTA CATARINA";240002537936;5;99;"OUTROS BENS E DIREITOS";"VALOR INTEGRALIZADO NA COOPERATIVA DE SERVICO MEDICO DE VIDEIRA (UNIMED)";"48642,59";"05/08/2026";"13:40:11"
"05/08/2026";"19:30:07";2026;2;"Eleição Ordinária";6259;"Eleições Gerais Estaduais 2026";"04/10/2026";"SC";"SC";"SANTA CATARINA";240002537936;10;39;"Outras participações societárias";"QUOTAS CAPITAL SOCIAL NO SICOOB";"1545,55";"05/08/2026";"13:40:11"
"05/08/2026";"19:30:07";2026;2;"Eleição Ordinária";6259;"Eleições Gerais Estaduais 2026";"04/10/2026";"SC";"SC";"SANTA CATARINA";240002537936;9;39;"Outras participações societárias";"QUOTAS CAPITAL SOCIAL BANCO SICREDI-";"3763,28";"05/08/2026";"13:40:11"
"05/08/2026";"19:30:07";2026;2;"Eleição Ordinária";6259;"Eleições Gerais Estaduais 2026";"04/10/2026";"SC";"SC";"SANTA CATARINA";240002537936;8;13;"Terreno";"TERRENO COM 1.618M2, COM UMA CASA EM ALVENARIA. LOCALIZADO NA RUA WILSON MACEDO  N.120 BAIRRO UNIVERSITARIO";"500000,00";"05/08/2026";"13:40:11"
"05/08/2026";"19:30:07";2026;2;"Eleição Ordinária";6259;"Eleições Gerais Estaduais 2026";"04/10/2026";"SC";"SC";"SANTA CATARINA";240002537938;1;41;"Caderneta de poupança";"POUPANÇA CAIXA ECONOMICA FEDERAL";"286435,79";"05/08/2026";"13:40:22"
"05/08/2026";"19:30:07";2026;2;"Eleição Ordinária";6259;"Eleições Gerais Estaduais 2026";"04/10/2026";"SC";"SC";"SANTA CATARINA";240002537938;3;45;"Aplicação de renda fixa (CDB, RDB e outros)";"RENDA FIXA BB";"504197,14";"05/08/2026";"13:40:22"
"05/08/2026";"19:30:07";2026;2;"Eleição Ordinária";6259;"Eleições Gerais Estaduais 2026";"04/10/2026";"SC";"SC";"SANTA CATARINA";240002537938;2;45;"Aplicação de renda fixa (CDB, RDB e outros)";"RENDA FIXA BB";"310696,76";"05/08/2026";"13:40:22"
"05/08/2026";"19:30:07";2026;2;"Eleição Ordinária";6259;"Eleições Gerais Estaduais 2026";"04/10/2026";"SC";"SC";"SANTA CATARINA";240002537938;6;13;"Terreno";"TERRENO LOTE 13, QUADRA 33";"50000,00";"05/08/2026";"13:40:22"
"05/08/2026";"19:30:07";2026;2;"Eleição Ordinária";6259;"Eleições Gerais Estaduais 2026";"04/10/2026";"SC";"SC";"SANTA CATARINA";240002537938;4;12;"Casa";"CASA";"171492,00";"05/08/2026";"13:40:22"
"05/08/2026";"19:30:07";2026;2;"Eleição Ordinária";6259;"Eleições Gerais Estaduais 2026";"04/10/2026";"SC";"SC";"SANTA CATARINA";240002537938;5;12;"Casa";"CASA";"150000,00";"05/08/2026";"13:40:22"
"05/08/2026";"19:30:07";2026;2;"Eleição Ordinária";6259;"Eleições Gerais Estaduais 2026";"04/10/2026";"SC";"SC";"SANTA CATARINA";240002537938;7;61;"Depósito bancário em conta corrente no País";"CONTA CORRENTE BANCO DO BRASIL";"146147,49";"05/08/2026";"13:40:22"
"05/08/2026";"19:30:07";2026;2;"Eleição Ordinária";6259;"Eleições Gerais Estaduais 2026";"04/10/2026";"SC";"SC";"SANTA CATARINA";240002537938;8;61;"Depósito bancário em conta corrente no País";"CONTA CORRENTE BANCO DO BRASIL";"29773,14";"05/08/2026";"13:40:22"
"05/08/2026";"19:30:07";2026;2;"Eleição Ordinária";6259;"Eleições Gerais Estaduais 2026";"04/10/2026";"SC";"SC";"SANTA CATARINA";240002537938;9;11;"Apartamento";"APARTAMENTO";"500000,00";"05/08/2026";"13:40:22"
"05/08/2026";"19:30:07";2026;2;"Eleição Ordinária";6259;"Eleições Gerais Estaduais 2026";"04/10/2026";"SC";"SC";"SANTA CATARINA";240002537938;11;21;"Veículo automotor terrestre: caminhão, automóvel, moto, etc.";"BYD SONG PRO GS 2024";"169000,00";"05/08/2026";"13:40:22"
"05/08/2026";"19:30:07";2026;2;"Eleição Ordinária";6259;"Eleições Gerais Estaduais 2026";"04/10/2026";"SC";"SC";"SANTA CATARINA";240002537938;10;45;"Aplicação de renda fixa (CDB, RDB e outros)";"RENDA FIXA BB";"9999,02";"05/08/2026";"13:40:22"
"05/08/2026";"19:30:07";2026;2;"Eleição Ordinária";6259;"Eleições Gerais Estaduais 2026";"04/10/2026";"SC";"SC";"SANTA CATARINA";240002537938;12;12;"Casa";"CASA";"40000,00";"05/08/2026";"13:40:22"
"05/08/2026";"19:30:07";2026;2;"Eleição Ordinária";6259;"Eleições Gerais Estaduais 2026";"04/10/2026";"SC";"SC";"SANTA CATARINA";240002537938;13;45;"Aplicação de renda fixa (CDB, RDB e outros)";"RENDA FIXA BB";"20155,54";"05/08/2026";"13:40:22"
"05/08/2026";"19:30:07";2026;2;"Eleição Ordinária";6259;"Eleições Gerais Estaduais 2026";"04/10/2026";"SC";"SC";"SANTA CATARINA";240002537938;15;12;"Casa";"CASA";"203000,00";"05/08/2026";"13:40:22"
"05/08/2026";"19:30:07";2026;2;"Eleição Ordinária";6259;"Eleições Gerais Estaduais 2026";"04/10/2026";"SC";"SC";"SANTA CATARINA";240002537938;14;11;"Apartamento";"APARTAMENTO";"225000,00";"05/08/2026";"13:40:22"
"05/08/2026";"19:30:07";2026;2;"Eleição Ordinária";6259;"Eleições Gerais Estaduais 2026";"04/10/2026";"SC";"SC";"SANTA CATARINA";240002537938;17;13;"Terreno";"LOTE 06";"20000,00";"05/08/2026";"13:40:22"
"05/08/2026";"19:30:07";2026;2;"Eleição Ordinária";6259;"Eleições Gerais Estaduais 2026";"04/10/2026";"SC";"SC";"SANTA CATARINA";240002537938;16;12;"Casa";"CASA EM CONSTRUÇÃO";"127658,44";"05/08/2026";"13:40:22"
"05/08/2026";"19:30:07";2026;2;"Eleição Ordinária";6259;"Eleições Gerais Estaduais 2026";"04/10/2026";"SC";"SC";"SANTA CATARINA";240002537938;18;11;"Apartamento";"APARTAMENTO N 101";"700000,00";"05/08/2026";"13:40:22"
"05/08/2026";"19:30:07";2026;2;"Eleição Ordinária";6259;"Eleições Gerais Estaduais 2026";"04/10/2026";"SC";"SC";"SANTA CATARINA";240002537938;21;13;"Terreno";"LOTE 13";"28000,00";"05/08/2026";"13:40:22"
"05/08/2026";"19:30:07";2026;2;"Eleição Ordinária";6259;"Eleições Gerais Estaduais 2026";"04/10/2026";"SC";"SC";"SANTA CATARINA";240002537938;20;12;"Casa";"CASA";"90000,00";"05/08/2026";"13:40:22"
"05/08/2026";"19:30:07";2026;2;"Eleição Ordinária";6259;"Eleições Gerais Estaduais 2026";"04/10/2026";"SC";"SC";"SANTA CATARINA";240002537938;19;11;"Apartamento";"APARTAMENTO";"315000,00";"05/08/2026";"13:40:22"
"05/08/2026";"19:30:07";2026;2;"Eleição Ordinária";6259;"Eleições Gerais Estaduais 2026";"04/10/2026";"SC";"SC";"SANTA CATARINA";240002537938;24;13;"Terreno";"LOTE 55";"27000,00";"05/08/2026";"13:40:22"
"05/08/2026";"19:30:07";2026;2;"Eleição Ordinária";6259;"Eleições Gerais Estaduais 2026";"04/10/2026";"SC";"SC";"SANTA CATARINA";240002537938;23;13;"Terreno";"LOTE 12";"50000,00";"05/08/2026";"13:40:22"
"05/08/2026";"19:30:07";2026;2;"Eleição Ordinária";6259;"Eleições Gerais Estaduais 2026";"04/10/2026";"SC";"SC";"SANTA CATARINA";240002537938;22;59;"Outros créditos e poupança vinculados";"POUPANÇA CAIXA ECONOMICA FEDERAL";"96,97";"05/08/2026";"13:40:22"
"05/08/2026";"19:30:07";2026;2;"Eleição Ordinária";6259;"Eleições Gerais Estaduais 2026";"04/10/2026";"SC";"SC";"SANTA CATARINA";240002538094;1;21;"Veículo automotor terrestre: caminhão, automóvel, moto, etc.";"MOTOCICLETA YAMAHA/YBR150 FACTOR 2025";"19800,00";"05/08/2026";"13:56:49"
"05/08/2026";"19:30:07";2026;2;"Eleição Ordinária";6259;"Eleições Gerais Estaduais 2026";"04/10/2026";"SC";"SC";"SANTA CATARINA";240002538095;1;21;"Veículo automotor terrestre: caminhão, automóvel, moto, etc.";"AUTOMÓVEL HONDA HR-V 2025";"164300,00";"05/08/2026";"13:44:48"
"05/08/2026";"19:30:07";2026;2;"Eleição Ordinária";6259;"Eleições Gerais Estaduais 2026";"04/10/2026";"SC";"SC";"SANTA CATARINA";240002537938;25;21;"Veículo automotor terrestre: caminhão, automóvel, moto, etc.";"TAOS HL TSI";"199000,00";"05/08/2026";"13:40:22"
"05/08/2026";"19:30:07";2026;2;"Eleição Ordinária";6259;"Eleições Gerais Estaduais 2026";"04/10/2026";"SC";"SC";"SANTA CATARINA";240002538095;2;13;"Terreno";"TERRENO NO BAIRRO POTECAS EM SÃO JOSÉ SC";"150000,00";"05/08/2026";"13:44:48"
"05/08/2026";"19:30:07";2026;2;"Eleição Ordinária";6259;"Eleições Gerais Estaduais 2026";"04/10/2026";"SC";"SC";"SANTA CATARINA";240002538096;1;32;"Quotas ou quinhões de capital";"COTAS EMPRESA";"50000,00";"05/08/2026";"13:44:43"
"05/08/2026";"19:30:07";2026;2;"Eleição Ordinária";6259;"Eleições Gerais Estaduais 2026";"04/10/2026";"SC";"SC";"SANTA CATARINA";240002538099;1;12;"Casa";"CASA RESIDENCIAL NO BAIRRO CIDADE NOVA - ITAJAÍ/SC";"500000,00";"05/08/2026";"14:00:12"
"05/08/2026";"19:30:07";2026;2;"Eleição Ordinária";6259;"Eleições Gerais Estaduais 2026";"04/10/2026";"SC";"SC";"SANTA CATARINA";240002538099;2;21;"Veículo automotor terrestre: caminhão, automóvel, moto, etc.";"VEICULO CHEVROLET ONIX 2019";"50000,00";"05/08/2026";"14:00:12"
"05/08/2026";"19:30:07";2026;2;"Eleição Ordinária";6259;"Eleições Gerais Estaduais 2026";"04/10/2026";"SC";"SC";"SANTA CATARINA";240002538100;2;12;"Casa";"CASA RESIDENCIAL NO BAIRRO MEIA PRAIA, ITAPEMA/SC";"166528,78";"05/08/2026";"14:00:14"
"05/08/2026";"19:30:07";2026;2;"Eleição Ordinária";6259;"Eleições Gerais Estaduais 2026";"04/10/2026";"SC";"SC";"SANTA CATARINA";240002538100;1;21;"Veículo automotor terrestre: caminhão, automóvel, moto, etc.";"AUTOMOVEL TOYOTA COROLLA 2008/2009";"49051,00";"05/08/2026";"14:00:14"
"05/08/2026";"19:30:07";2026;2;"Eleição Ordinária";6259;"Eleições Gerais Estaduais 2026";"04/10/2026";"SC";"SC";"SANTA CATARINA";240002538100;3;13;"Terreno";"FRAÇÃO DE TERRENO 50% NO BAIRRO SERTÃO DO TROMBUDO, ITAPEMA/SC";"178506,00";"05/08/2026";"14:00:14"
"05/08/2026";"19:30:07";2026;2;"Eleição Ordinária";6259;"Eleições Gerais Estaduais 2026";"04/10/2026";"SC";"SC";"SANTA CATARINA";240002538361;1;12;"Casa";"CASA LOCALIZADA EM JOINVILLE/SC";"360000,00";"05/08/2026";"18:44:55"
"05/08/2026";"19:30:07";2026;2;"Eleição Ordinária";6259;"Eleições Gerais Estaduais 2026";"04/10/2026";"SC";"SC";"SANTA CATARINA";240002538361;2;21;"Veículo automotor terrestre: caminhão, automóvel, moto, etc.";"AUTOMÓVEL CHEVROLET/TRACKER 2024/2025";"199067,60";"05/08/2026";"18:44:55"
"05/08/2026";"19:30:07";2026;2;"Eleição Ordinária";6259;"Eleições Gerais Estaduais 2026";"04/10/2026";"SC";"SC";"SANTA CATARINA";240002538362;1;21;"Veículo automotor terrestre: caminhão, automóvel, moto, etc.";"VEÍCULO BYD";"119000,00";"05/08/2026";"18:45:19"
"05/08/2026";"19:30:07";2026;2;"Eleição Ordinária";6259;"Eleições Gerais Estaduais 2026";"04/10/2026";"SC";"SC";"SANTA CATARINA";240002538363;1;32;"Quotas ou quinhões de capital";"CAPITAL SOCIAL EM EMPRESAS";"250000,00";"05/08/2026";"18:45:22"
"05/08/2026";"19:30:07";2026;2;"Eleição Ordinária";6259;"Eleições Gerais Estaduais 2026";"04/10/2026";"SC";"SC";"SANTA CATARINA";240002538361;3;61;"Depósito bancário em conta corrente no País";"SALDO CONTA CORRENTE";"9339,27";"05/08/2026";"18:44:55"
"05/08/2026";"19:30:07";2026;2;"Eleição Ordinária";6259;"Eleições Gerais Estaduais 2026";"04/10/2026";"SC";"SC";"SANTA CATARINA";240002538363;4;12;"Casa";"CASA EM JARAGUÁ DO SUL";"57500,00";"05/08/2026";"18:45:22"
"05/08/2026";"19:30:07";2026;2;"Eleição Ordinária";6259;"Eleições Gerais Estaduais 2026";"04/10/2026";"SC";"SC";"SANTA CATARINA";240002538363;3;32;"Quotas ou quinhões de capital";"CAPITAL SOCIAL NA EMPRESA";"30000,00";"05/08/2026";"18:45:22"
"05/08/2026";"19:30:07";2026;2;"Eleição Ordinária";6259;"Eleições Gerais Estaduais 2026";"04/10/2026";"SC";"SC";"SANTA CATARINA";240002538363;2;63;"Dinheiro em espécie - moeda nacional";"DINHEIRO EM ESPECIE";"16890,00";"05/08/2026";"18:45:22"
"05/08/2026";"19:30:07";2026;2;"Eleição Ordinária";6259;"Eleições Gerais Estaduais 2026";"04/10/2026";"SC";"SC";"SANTA CATARINA";240002538364;1;61;"Depósito bancário em conta corrente no País";"SALDO NA COOPERATIVA UNICRED";"9647,65";"05/08/2026";"18:45:10"
"05/08/2026";"19:30:07";2026;2;"Eleição Ordinária";6259;"Eleições Gerais Estaduais 2026";"04/10/2026";"SC";"SC";"SANTA CATARINA";240002538365;1;61;"Depósito bancário em conta corrente no País";"SALDO";"9111,81";"05/08/2026";"18:45:08"
"05/08/2026";"19:30:07";2026;2;"Eleição Ordinária";6259;"Eleições Gerais Estaduais 2026";"04/10/2026";"SC";"SC";"SANTA CATARINA";240002538365;2;63;"Dinheiro em espécie - moeda nacional";"DINHEIRO EM ESPECIE";"140000,00";"05/08/2026";"18:45:08"
"05/08/2026";"19:30:07";2026;2;"Eleição Ordinária";6259;"Eleições Gerais Estaduais 2026";"04/10/2026";"SC";"SC";"SANTA CATARINA";240002538365;3;21;"Veículo automotor terrestre: caminhão, automóvel, moto, etc.";"AUTOMOVÉL FIAT/PULSE DRIVE AT PRETO";"97919,00";"05/08/2026";"18:45:08"
"05/08/2026";"19:30:07";2026;2;"Eleição Ordinária";6259;"Eleições Gerais Estaduais 2026";"04/10/2026";"SC";"SC";"SANTA CATARINA";240002538366;2;32;"Quotas ou quinhões de capital";"CAPITAL SOCIAL EMPRESA";"50000,00";"05/08/2026";"18:45:01"
"05/08/2026";"19:30:07";2026;2;"Eleição Ordinária";6259;"Eleições Gerais Estaduais 2026";"04/10/2026";"SC";"SC";"SANTA CATARINA";240002538366;1;11;"Apartamento";"APARTAMENTO LOCALIZADO EM BALNEÁRIO CAMBORIU";"445317,42";"05/08/2026";"18:45:01"
"05/08/2026";"19:30:07";2026;2;"Eleição Ordinária";6259;"Eleições Gerais Estaduais 2026";"04/10/2026";"SC";"SC";"SANTA CATARINA";240002538366;3;21;"Veículo automotor terrestre: caminhão, automóvel, moto, etc.";"VEÍCULO FIAT SPAZIO 1984/1984";"5000,00";"05/08/2026";"18:45:01"
"05/08/2026";"19:30:07";2026;2;"Eleição Ordinária";6259;"Eleições Gerais Estaduais 2026";"04/10/2026";"SC";"SC";"SANTA CATARINA";240002538366;5;32;"Quotas ou quinhões de capital";"CAPITAL SOCIAL EMPRESA";"50000,00";"05/08/2026";"18:45:01"
"05/08/2026";"19:30:07";2026;2;"Eleição Ordinária";6259;"Eleições Gerais Estaduais 2026";"04/10/2026";"SC";"SC";"SANTA CATARINA";240002538366;4;32;"Quotas ou quinhões de capital";"CAPITAL SOCIAL EMPRESA";"100000,00";"05/08/2026";"18:45:01"
"05/08/2026";"19:30:07";2026;2;"Eleição Ordinária";6259;"Eleições Gerais Estaduais 2026";"04/10/2026";"SC";"SC";"SANTA CATARINA";240002538367;1;21;"Veículo automotor terrestre: caminhão, automóvel, moto, etc.";"VEÍCULO JEEP COMMANDER 2022/2022";"197761,00";"05/08/2026";"18:45:03"
"05/08/2026";"19:30:07";2026;2;"Eleição Ordinária";6259;"Eleições Gerais Estaduais 2026";"04/10/2026";"SC";"SC";"SANTA CATARINA";240002538367;2;45;"Aplicação de renda fixa (CDB, RDB e outros)";"APLICAÇÃO EM RENDA FIXA - BANCO DO BRASIL";"300000,00";"05/08/2026";"18:45:03"
"05/08/2026";"19:30:07";2026;2;"Eleição Ordinária";6259;"Eleições Gerais Estaduais 2026";"04/10/2026";"SC";"SC";"SANTA CATARINA";240002538366;6;63;"Dinheiro em espécie - moeda nacional";"DINHEIRO EM ESPECIE";"150000,00";"05/08/2026";"18:45:01"
"05/08/2026";"19:30:07";2026;2;"Eleição Ordinária";6259;"Eleições Gerais Estaduais 2026";"04/10/2026";"SC";"SC";"SANTA CATARINA";240002538367;5;12;"Casa";"CASA EM BRUSQUE/SC";"430000,00";"05/08/2026";"18:45:03"
"05/08/2026";"19:30:07";2026;2;"Eleição Ordinária";6259;"Eleições Gerais Estaduais 2026";"04/10/2026";"SC";"SC";"SANTA CATARINA";240002538367;4;11;"Apartamento";"APARTAMENTO LOCALIZADO EM BRUSQUE/SC";"180000,00";"05/08/2026";"18:45:03"
"05/08/2026";"19:30:07";2026;2;"Eleição Ordinária";6259;"Eleições Gerais Estaduais 2026";"04/10/2026";"SC";"SC";"SANTA CATARINA";240002538367;3;11;"Apartamento";"APARTAMENTO LOCALIZADO EM GOVERNADOR CELSO RAMOS/SC";"1089000,00";"05/08/2026";"18:45:03"
"05/08/2026";"19:30:07";2026;2;"Eleição Ordinária";6259;"Eleições Gerais Estaduais 2026";"04/10/2026";"SC";"SC";"SANTA CATARINA";240002538367;8;21;"Veículo automotor terrestre: caminhão, automóvel, moto, etc.";"VEÍCULO RENAULT/DUSTER 2018/2019";"70507,00";"05/08/2026";"18:45:03"
"05/08/2026";"19:30:07";2026;2;"Eleição Ordinária";6259;"Eleições Gerais Estaduais 2026";"04/10/2026";"SC";"SC";"SANTA CATARINA";240002538367;7;45;"Aplicação de renda fixa (CDB, RDB e outros)";"APLICAÇÃO EM CDB / BANCO DO BRASIL";"69377,04";"05/08/2026";"18:45:03"
"05/08/2026";"19:30:07";2026;2;"Eleição Ordinária";6259;"Eleições Gerais Estaduais 2026";"04/10/2026";"SC";"SC";"SANTA CATARINA";240002538367;6;61;"Depósito bancário em conta corrente no País";"SALDO BANCÁRIO";"36069,65";"05/08/2026";"18:45:03"
"05/08/2026";"19:30:07";2026;2;"Eleição Ordinária";6259;"Eleições Gerais Estaduais 2026";"04/10/2026";"SC";"SC";"SANTA CATARINA";240002538368;1;13;"Terreno";"TERRENO BOMBINHAS/SC";"235000,00";"05/08/2026";"18:45:02"
"05/08/2026";"19:30:07";2026;2;"Eleição Ordinária";6259;"Eleições Gerais Estaduais 2026";"04/10/2026";"SC";"SC";"SANTA CATARINA";240002538368;2;13;"Terreno";"TERRENO EM BOMBINHAS";"45000,00";"05/08/2026";"18:45:02"
"05/08/2026";"19:30:07";2026;2;"Eleição Ordinária";6259;"Eleições Gerais Estaduais 2026";"04/10/2026";"SC";"SC";"SANTA CATARINA";240002538367;9;21;"Veículo automotor terrestre: caminhão, automóvel, moto, etc.";"VEÍCULO VOLKSWAGEN VIRTUS 2018/2018";"80000,00";"05/08/2026";"18:45:03"
"05/08/2026";"19:30:07";2026;2;"Eleição Ordinária";6259;"Eleições Gerais Estaduais 2026";"04/10/2026";"SC";"SC";"SANTA CATARINA";240002538368;3;21;"Veículo automotor terrestre: caminhão, automóvel, moto, etc.";"VEÍCULO JEEP COMANDER 2024/2024";"284990,00";"05/08/2026";"18:45:02"
"05/08/2026";"19:30:07";2026;2;"Eleição Ordinária";6259;"Eleições Gerais Estaduais 2026";"04/10/2026";"SC";"SC";"SANTA CATARINA";240002538368;4;32;"Quotas ou quinhões de capital";"COTAS SICRED";"6099,96";"05/08/2026";"18:45:02"
"05/08/2026";"19:30:07";2026;2;"Eleição Ordinária";6259;"Eleições Gerais Estaduais 2026";"04/10/2026";"SC";"SC";"SANTA CATARINA";240002538368;5;61;"Depósito bancário em conta corrente no País";"SALDO EM CONTA CORRENTE/APLICAÇÕES";"9790,91";"05/08/2026";"18:45:02"
"05/08/2026";"19:30:07";2026;2;"Eleição Ordinária";6259;"Eleições Gerais Estaduais 2026";"04/10/2026";"SC";"SC";"SANTA CATARINA";240002538370;1;21;"Veículo automotor terrestre: caminhão, automóvel, moto, etc.";"VEÍCULO ONIX LT";"56861,07";"05/08/2026";"18:45:15"
"05/08/2026";"19:30:07";2026;2;"Eleição Ordinária";6259;"Eleições Gerais Estaduais 2026";"04/10/2026";"SC";"SC";"SANTA CATARINA";240002538371;1;12;"Casa";"CASA EM PALHOÇA";"30000,00";"05/08/2026";"18:45:11"
"05/08/2026";"19:30:07";2026;2;"Eleição Ordinária";6259;"Eleições Gerais Estaduais 2026";"04/10/2026";"SC";"SC";"SANTA CATARINA";240002538368;6;11;"Apartamento";"APARTAMENTO BOMBAS, BOMBINHAS/SC:";"450000,00";"05/08/2026";"18:45:02"
"05/08/2026";"19:30:07";2026;2;"Eleição Ordinária";6259;"Eleições Gerais Estaduais 2026";"04/10/2026";"SC";"SC";"SANTA CATARINA";240002538371;4;12;"Casa";"CASA EM FLORIANOPOLIS";"350000,00";"05/08/2026";"18:45:11"
"05/08/2026";"19:30:07";2026;2;"Eleição Ordinária";6259;"Eleições Gerais Estaduais 2026";"04/10/2026";"SC";"SC";"SANTA CATARINA";240002538371;2;21;"Veículo automotor terrestre: caminhão, automóvel, moto, etc.";"VEÍCULO HYUNDAI/CRETA PLATINUM 2025";"87133,66";"05/08/2026";"18:45:11"
"05/08/2026";"19:30:07";2026;2;"Eleição Ordinária";6259;"Eleições Gerais Estaduais 2026";"04/10/2026";"SC";"SC";"SANTA CATARINA";240002538371;3;21;"Veículo automotor terrestre: caminhão, automóvel, moto, etc.";"VEÍCULO VW/FOX 2013/2014";"41000,00";"05/08/2026";"18:45:11"
"05/08/2026";"19:30:07";2026;2;"Eleição Ordinária";6259;"Eleições Gerais Estaduais 2026";"04/10/2026";"SC";"SC";"SANTA CATARINA";240002538372;1;49;"Outras aplicações e Investimentos";"SALDO NA XP INVESTIMENTOS";"745,74";"05/08/2026";"18:45:18"
"05/08/2026";"19:30:07";2026;2;"Eleição Ordinária";6259;"Eleições Gerais Estaduais 2026";"04/10/2026";"SC";"SC";"SANTA CATARINA";240002538371;5;21;"Veículo automotor terrestre: caminhão, automóvel, moto, etc.";"VEÍCULO VW/KOMBI 2009/2010";"31000,00";"05/08/2026";"18:45:11"
"05/08/2026";"19:30:07";2026;2;"Eleição Ordinária";6259;"Eleições Gerais Estaduais 2026";"04/10/2026";"SC";"SC";"SANTA CATARINA";240002538372;2;32;"Quotas ou quinhões de capital";"CAPITAL SOCIAL";"10000,00";"05/08/2026";"18:45:18"
"05/08/2026";"19:30:07";2026;2;"Eleição Ordinária";6259;"Eleições Gerais Estaduais 2026";"04/10/2026";"SC";"SC";"SANTA CATARINA";240002538373;1;23;"Embarcação";"EMBARCAÇÃO PESQUEIRA";"100000,00";"05/08/2026";"18:45:09"
"05/08/2026";"19:30:07";2026;2;"Eleição Ordinária";6259;"Eleições Gerais Estaduais 2026";"04/10/2026";"SC";"SC";"SANTA CATARINA";240002538373;2;49;"Outras aplicações e Investimentos";"COTAS DE CONSÓRCIO BANCO BRADESCO";"11390,30";"05/08/2026";"18:45:09"
"05/08/2026";"19:30:07";2026;2;"Eleição Ordinária";6259;"Eleições Gerais Estaduais 2026";"04/10/2026";"SC";"SC";"SANTA CATARINA";240002538372;3;63;"Dinheiro em espécie - moeda nacional";"SALDO EM ESPÉCIE";"528432,00";"05/08/2026";"18:45:18"
"05/08/2026";"19:30:07";2026;2;"Eleição Ordinária";6259;"Eleições Gerais Estaduais 2026";"04/10/2026";"SC";"SC";"SANTA CATARINA";240002538373;5;39;"Outras participações societárias";"PARTICIPAÇÃO COOPERATIVA DE CREDITO SICOOB";"5847,94";"05/08/2026";"18:45:09"
"05/08/2026";"19:30:07";2026;2;"Eleição Ordinária";6259;"Eleições Gerais Estaduais 2026";"04/10/2026";"SC";"SC";"SANTA CATARINA";240002538373;3;49;"Outras aplicações e Investimentos";"COTAS DE CONSÓRCIO COOPERATIVA SICOOB";"13353,04";"05/08/2026";"18:45:09"
"05/08/2026";"19:30:07";2026;2;"Eleição Ordinária";6259;"Eleições Gerais Estaduais 2026";"04/10/2026";"SC";"SC";"SANTA CATARINA";240002538373;4;21;"Veículo automotor terrestre: caminhão, automóvel, moto, etc.";"MOTOCICLETA SHINERAY 2024/2025";"22000,00";"05/08/2026";"18:45:09"
"05/08/2026";"19:30:07";2026;2;"Eleição Ordinária";6259;"Eleições Gerais Estaduais 2026";"04/10/2026";"SC";"SC";"SANTA CATARINA";240002538373;8;23;"Embarcação";"EMBARCAÇÃO PESQUEIRA";"110000,00";"05/08/2026";"18:45:09"
"05/08/2026";"19:30:07";2026;2;"Eleição Ordinária";6259;"Eleições Gerais Estaduais 2026";"04/10/2026";"SC";"SC";"SANTA CATARINA";240002538373;7;23;"Embarcação";"EMBARCAÇÃO PESQUEIRA";"200000,00";"05/08/2026";"18:45:09"
"05/08/2026";"19:30:07";2026;2;"Eleição Ordinária";6259;"Eleições Gerais Estaduais 2026";"04/10/2026";"SC";"SC";"SANTA CATARINA";240002538373;6;21;"Veículo automotor terrestre: caminhão, automóvel, moto, etc.";"AUTOMÓVEL RANGER 2016/2017";"140000,00";"05/08/2026";"18:45:09"
"05/08/2026";"19:30:07";2026;2;"Eleição Ordinária";6259;"Eleições Gerais Estaduais 2026";"04/10/2026";"SC";"SC";"SANTA CATARINA";240002538374;2;59;"Outros créditos e poupança vinculados";"SALDO EM POUPANÇA";"30000,00";"05/08/2026";"18:45:10"
"05/08/2026";"19:30:07";2026;2;"Eleição Ordinária";6259;"Eleições Gerais Estaduais 2026";"04/10/2026";"SC";"SC";"SANTA CATARINA";240002538374;1;12;"Casa";"CASA NO MUNICIPIO DE FLORIANOPOLIS";"1000000,00";"05/08/2026";"18:45:10"
"05/08/2026";"19:30:07";2026;2;"Eleição Ordinária";6259;"Eleições Gerais Estaduais 2026";"04/10/2026";"SC";"SC";"SANTA CATARINA";240002538375;1;99;"OUTROS BENS E DIREITOS";"479 QUANTIDADES DE BDR";"6466,50";"05/08/2026";"18:45:05"
"05/08/2026";"19:30:07";2026;2;"Eleição Ordinária";6259;"Eleições Gerais Estaduais 2026";"04/10/2026";"SC";"SC";"SANTA CATARINA";240002538375;4;45;"Aplicação de renda fixa (CDB, RDB e outros)";"SALDO EM RDB";"116747,38";"05/08/2026";"18:45:05"
"05/08/2026";"19:30:07";2026;2;"Eleição Ordinária";6259;"Eleições Gerais Estaduais 2026";"04/10/2026";"SC";"SC";"SANTA CATARINA";240002538375;3;11;"Apartamento";"APARTAMENTO EM SÃO PAULO/SP";"667460,67";"05/08/2026";"18:45:05"
"05/08/2026";"19:30:07";2026;2;"Eleição Ordinária";6259;"Eleições Gerais Estaduais 2026";"04/10/2026";"SC";"SC";"SANTA CATARINA";240002538375;2;79;"Outros fundos";"FUNDOS DE INVESTIMENTO";"23165,99";"05/08/2026";"18:45:05"
