"DT_GERACAO";"HH_GERACAO";"ANO_ELEICAO";"CD_TIPO_ELEICAO";"NM_TIPO_ELEICAO";"CD_ELEICAO";"DS_ELEICAO";"DT_ELEICAO";"SG_UF";"SG_UE";"NM_UE";"SQ_CANDIDATO";"NR_ORDEM_BEM_CANDIDATO";"CD_TIPO_BEM_CANDIDATO";"DS_TIPO_BEM_CANDIDATO";"DS_BEM_CANDIDATO";"VR_BEM_CANDIDATO";"DT_ULT_ATUAL_BEM_CANDIDATO";"HH_ULT_ATUAL_BEM_CANDIDATO"
"05/08/2026";"19:30:07";2026;2;"Eleição Ordinária";6259;"Eleições Gerais Estaduais 2026";"04/10/2026";"RO";"RO";"RONDÔNIA";220002536002;2;29;"Outros bens móveis";"SUV MITSUBISHI";"270000,00";"05/08/2026";"19:18:44"
"05/08/2026";"19:30:07";2026;2;"Eleição Ordinária";6259;"Eleições Gerais Estaduais 2026";"04/10/2026";"RO";"RO";"RONDÔNIA";220002536002;3;19;"Outros bens imóveis";"IMÓVEL RURAL.";"1300000,00";"05/08/2026";"19:18:44"
"05/08/2026";"19:30:07";2026;2;"Eleição Ordinária";6259;"Eleições Gerais Estaduais 2026";"04/10/2026";"RO";"RO";"RONDÔNIA";220002536002;1;12;"Casa";"CASA";"2000000,00";"05/08/2026";"19:18:44"
"05/08/2026";"19:30:07";2026;2;"Eleição Ordinária";6259;"Eleições Gerais Estaduais 2026";"04/10/2026";"RO";"RO";"RONDÔNIA";220002536002;4;29;"Outros bens móveis";"FORD RANGER";"110000,00";"05/08/2026";"19:18:44"
"05/08/2026";"19:30:07";2026;2;"Eleição Ordinária";6259;"Eleições Gerais Estaduais 2026";"04/10/2026";"RO";"RO";"RONDÔNIA";220002536003;1;39;"Outras participações societárias";"OUTRAS PARTICIPAÇÕES SOCIETÁRIAS";"5000,00";"05/08/2026";"18:56:24"
"05/08/2026";"19:30:07";2026;2;"Eleição Ordinária";6259;"Eleições Gerais Estaduais 2026";"04/10/2026";"RO";"RO";"RONDÔNIA";220002536003;2;31;"Ações (inclusive as provenientes de linha telefônica)";"AÇÕES (INCLUSIVE AS PROVENIENTES DE LINHA TELEFÔNICA)";"2190,00";"05/08/2026";"18:56:24"
"05/08/2026";"19:30:07";2026;2;"Eleição Ordinária";6259;"Eleições Gerais Estaduais 2026";"04/10/2026";"RO";"RO";"RONDÔNIA";220002536003;4;31;"Ações (inclusive as provenientes de linha telefônica)";"AÇÕES (INCLUSIVE AS PROVENIENTES DE LINHA TELEFÔNICA)";"4824,00";"05/08/2026";"18:56:24"
"05/08/2026";"19:30:07";2026;2;"Eleição Ordinária";6259;"Eleições Gerais Estaduais 2026";"04/10/2026";"RO";"RO";"RONDÔNIA";220002536003;3;31;"Ações (inclusive as provenientes de linha telefônica)";"AÇÕES (INCLUSIVE AS PROVENIENTES DE LINHA TELEFÔNICA)";"4225,60";"05/08/2026";"18:56:24"
"05/08/2026";"19:30:07";2026;2;"Eleição Ordinária";6259;"Eleições Gerais Estaduais 2026";"04/10/2026";"RO";"RO";"RONDÔNIA";220002536003;5;14;"Terra nua";"TERRA NUA, PROPRIETÁRIO DE 16,67% DO BEM";"18461,72";"05/08/2026";"18:56:24"
"05/08/2026";"19:30:07";2026;2;"Eleição Ordinária";6259;"Eleições Gerais Estaduais 2026";"04/10/2026";"RO";"RO";"RONDÔNIA";220002536003;7;12;"Casa";"CASA, PROPRIETÁRIO DE 16,67% DO BEM";"5784,26";"05/08/2026";"18:56:24"
"05/08/2026";"19:30:07";2026;2;"Eleição Ordinária";6259;"Eleições Gerais Estaduais 2026";"04/10/2026";"RO";"RO";"RONDÔNIA";220002536003;6;21;"Veículo automotor terrestre: caminhão, automóvel, moto, etc.";"VEÍCULO AUTOMOTOR TERRESTRE: CAMINHÃO, AUTOMÓVEL, MOTO, ETC.";"97000,00";"05/08/2026";"18:56:24"
"05/08/2026";"19:30:07";2026;2;"Eleição Ordinária";6259;"Eleições Gerais Estaduais 2026";"04/10/2026";"RO";"RO";"RONDÔNIA";220002536003;8;14;"Terra nua";"TERRA NUA";"50000,00";"05/08/2026";"18:56:24"
"05/08/2026";"19:30:07";2026;2;"Eleição Ordinária";6259;"Eleições Gerais Estaduais 2026";"04/10/2026";"RO";"RO";"RONDÔNIA";220002536003;11;19;"Outros bens imóveis";"OUTROS BENS IMÓVEIS, ERAM 2 LOTES E FOI UNIFICADO EM 1, PROPRIETÁRIO DE 16,67% DO BEM";"57842,62";"05/08/2026";"18:56:24"
"05/08/2026";"19:30:07";2026;2;"Eleição Ordinária";6259;"Eleições Gerais Estaduais 2026";"04/10/2026";"RO";"RO";"RONDÔNIA";220002536003;9;14;"Terra nua";"TERRA NUA, PROPRIETÁRIO DE 16,67% DO BEM";"16243,86";"05/08/2026";"18:56:24"
"05/08/2026";"19:30:07";2026;2;"Eleição Ordinária";6259;"Eleições Gerais Estaduais 2026";"04/10/2026";"RO";"RO";"RONDÔNIA";220002536003;10;14;"Terra nua";"TERRA NUA, PROPRIETÁRIO DE 16,67% DO BEM";"8335,00";"05/08/2026";"18:56:24"
"05/08/2026";"19:30:07";2026;2;"Eleição Ordinária";6259;"Eleições Gerais Estaduais 2026";"04/10/2026";"RO";"RO";"RONDÔNIA";220002536003;13;39;"Outras participações societárias";"OUTRAS PARTICIPAÇÕES SOCIETÁRIAS";"4320,00";"05/08/2026";"18:56:24"
"05/08/2026";"19:30:07";2026;2;"Eleição Ordinária";6259;"Eleições Gerais Estaduais 2026";"04/10/2026";"RO";"RO";"RONDÔNIA";220002536003;14;12;"Casa";"CASA, PROPRIETÁRIO DE 50% DO BEM";"750000,00";"05/08/2026";"18:56:24"
"05/08/2026";"19:30:07";2026;2;"Eleição Ordinária";6259;"Eleições Gerais Estaduais 2026";"04/10/2026";"RO";"RO";"RONDÔNIA";220002536003;12;15;"Sala ou conjunto";"SALA OU CONJUNTO, PROPRIETÁRIO DE 16,67% DO BEM";"1156,85";"05/08/2026";"18:56:24"
"05/08/2026";"19:30:07";2026;2;"Eleição Ordinária";6259;"Eleições Gerais Estaduais 2026";"04/10/2026";"RO";"RO";"RONDÔNIA";220002536005;1;1;"Prédio residencial";"PRÉDIO RESIDENCIAL - 3 BLOCOS COM 10 APARTAMENTOS   CADA";"3000000,00";"04/08/2026";"17:11:50"
"05/08/2026";"19:30:07";2026;2;"Eleição Ordinária";6259;"Eleições Gerais Estaduais 2026";"04/10/2026";"RO";"RO";"RONDÔNIA";220002536005;2;12;"Casa";"CASA RESIDENCIAL";"500000,00";"04/08/2026";"17:11:50"
"05/08/2026";"19:30:07";2026;2;"Eleição Ordinária";6259;"Eleições Gerais Estaduais 2026";"04/10/2026";"RO";"RO";"RONDÔNIA";220002536005;3;95;"Consórcio não contemplado";"CONSÓRCIO NÃO CONTEMPLADO - CARTA DE CRÉDITO";"500000,00";"04/08/2026";"17:11:50"
"05/08/2026";"19:30:07";2026;2;"Eleição Ordinária";6259;"Eleições Gerais Estaduais 2026";"04/10/2026";"RO";"RO";"RONDÔNIA";220002536005;5;23;"Embarcação";"EMBARCAÇÃO FLUVIAL";"120000,00";"04/08/2026";"17:11:50"
"05/08/2026";"19:30:07";2026;2;"Eleição Ordinária";6259;"Eleições Gerais Estaduais 2026";"04/10/2026";"RO";"RO";"RONDÔNIA";220002536005;4;19;"Outros bens imóveis";"APARTAMENTO COMPARTILHADO EM GRAMADO";"500000,00";"04/08/2026";"17:11:50"
"05/08/2026";"19:30:07";2026;2;"Eleição Ordinária";6259;"Eleições Gerais Estaduais 2026";"04/10/2026";"RO";"RO";"RONDÔNIA";220002536005;6;21;"Veículo automotor terrestre: caminhão, automóvel, moto, etc.";"VEÍCULO AUTOMOTOR TERRESTRE DE USO PESSOAL";"300000,00";"04/08/2026";"17:11:50"
"05/08/2026";"19:30:07";2026;2;"Eleição Ordinária";6259;"Eleições Gerais Estaduais 2026";"04/10/2026";"RO";"RO";"RONDÔNIA";220002536013;2;13;"Terreno";"01 IMOVEL URBANO DENOMINADO LOTE NO 17, DA QUADRA 05, COM AREA DE 499,95M , LOCALIZADO NA RUA M , LOTEAMENTO RESIDENCIAL PARQUE BRIZON, PERIMETRO URBANO DESTA CIDADE E COMARCA DE CACOAL-";"200000,00";"04/08/2026";"17:11:50"
"05/08/2026";"19:30:07";2026;2;"Eleição Ordinária";6259;"Eleições Gerais Estaduais 2026";"04/10/2026";"RO";"RO";"RONDÔNIA";220002536013;3;12;"Casa";"01 IMOVEL URBANO DENOMINADO LOTE NO 331 DA QUADRA 22, COM AREA DE 445,90M , LOCALIZADO NA RUA ANA JOSEFA RODRIGUES, LOTEAMENTO PICHEK NA CIDADE DE CACOAL - RO";"800000,00";"04/08/2026";"17:11:50"
"05/08/2026";"19:30:07";2026;2;"Eleição Ordinária";6259;"Eleições Gerais Estaduais 2026";"04/10/2026";"RO";"RO";"RONDÔNIA";220002536013;1;18;"Loja";"50% DA EMPRESA DENOMINADA SODRE   SODRE LTDA,";"25000,00";"04/08/2026";"17:11:50"
"05/08/2026";"19:30:07";2026;2;"Eleição Ordinária";6259;"Eleições Gerais Estaduais 2026";"04/10/2026";"RO";"RO";"RONDÔNIA";220002536013;4;13;"Terreno";"01 IMOVEL URBANO DENOMINADO LOTE NO 452, DA QUADRA 16, COM AREA DE 441,07M , LOCALIZADO NA AVENIDA GERALDA SIMAO DE SOUZA, LOTEAMENTO PICHEK, PERIMETRO URBANO DESTA CIDADE E COMARCA DE CACOAL - RO.";"180000,00";"04/08/2026";"17:11:50"
"05/08/2026";"19:30:07";2026;2;"Eleição Ordinária";6259;"Eleições Gerais Estaduais 2026";"04/10/2026";"RO";"RO";"RONDÔNIA";220002536013;6;13;"Terreno";"01 IMOVEL URBANO DENOMINADO LOTE NO 1.420, DA QUADRA 126, SETOR 08, COM AREA DE 12.383,30M , LOCALIZADO NA RUA PIONEIRO SAMUEL FERREIRA DOS SANTOS, PERIMETRO URBANO DESTA CIDADE E COMARCA DE CACOAL -";"900000,00";"04/08/2026";"17:11:50"
"05/08/2026";"19:30:07";2026;2;"Eleição Ordinária";6259;"Eleições Gerais Estaduais 2026";"04/10/2026";"RO";"RO";"RONDÔNIA";220002536013;5;16;"Construção";"01 IMOVEL URBANO DENOMINADO LOTE NO 4, DA QUADRA 12, SETOR 5, COM AREA DE 2.763,91M , LOCALIZADO NA AVENIDA CASTELO BRANCO,";"2500000,00";"04/08/2026";"17:11:50"
"05/08/2026";"19:30:07";2026;2;"Eleição Ordinária";6259;"Eleições Gerais Estaduais 2026";"04/10/2026";"RO";"RO";"RONDÔNIA";220002536013;9;13;"Terreno";"01 IMOVEL URBANO DENOMINADO LOTE NO 344-REM DA QUADRA 01 SETOR 04, PARTE INTEGRANTE DO LOTEAMENTO DENOMINADO ROLIM DE MOURA,";"300000,00";"04/08/2026";"17:11:50"
"05/08/2026";"19:30:07";2026;2;"Eleição Ordinária";6259;"Eleições Gerais Estaduais 2026";"04/10/2026";"RO";"RO";"RONDÔNIA";220002536013;8;13;"Terreno";"01 IMOVEL URBANO DENOMINADO LOTE NO 288, DA QUADRA 159, DO SETOR 08, COM AREA DE 8.955,26M , LOCALIZADO NA RUA PIONEIRO ANTONIO ALVES FEITOSA,PERIMETRO URBANO DESTA CIDADE E COMARCA DE CACOAL - RO.";"400000,00";"04/08/2026";"17:11:50"
"05/08/2026";"19:30:07";2026;2;"Eleição Ordinária";6259;"Eleições Gerais Estaduais 2026";"04/10/2026";"RO";"RO";"RONDÔNIA";220002536013;7;12;"Casa";"01 IMOVEL URBANO DENOMINADO LOTE NO 347, DA QUADRA 52, SETOR 07, COM AREA DE 400,93M ,COM UMA CONSTRUCAO EM ALVENARIA, LOCALIZADO NA RUA MONTEIRO LOBATO, PERIMETRO URBANO DESTA CIDADE E COMARCA DE CAC";"400000,00";"04/08/2026";"17:11:50"
"05/08/2026";"19:30:07";2026;2;"Eleição Ordinária";6259;"Eleições Gerais Estaduais 2026";"04/10/2026";"RO";"RO";"RONDÔNIA";220002536013;11;13;"Terreno";"01 IMOVEL URBANO DENOMINADO LOTE NO 344-A, DA QUADRA 01 DO SETOR 04, PARTE INTEGRANTE DO LOTEAMENTO DENOMINADO ROLIM DE MOURA ,-";"300000,00";"04/08/2026";"17:11:50"
"05/08/2026";"19:30:07";2026;2;"Eleição Ordinária";6259;"Eleições Gerais Estaduais 2026";"04/10/2026";"RO";"RO";"RONDÔNIA";220002536013;10;12;"Casa";"01 IMOVEL URBANO DENOMINADO LOTE NO 40, DA QUADRA 18, SETOR 07, COM AREA DE 541,81M , COM UMA CONTRUCAO, LOCALIZADO NA RUA MONTEIRO LOBATO COM A RUA RIO BRANCO, NO PERIMETRO URBANO DESTA CIDADE E COMA";"300000,00";"04/08/2026";"17:11:50"
"05/08/2026";"19:30:07";2026;2;"Eleição Ordinária";6259;"Eleições Gerais Estaduais 2026";"04/10/2026";"RO";"RO";"RONDÔNIA";220002536013;12;16;"Construção";"01 IMOVEL URBANO DENOMINADO LOTE NO 07-A, COM AREA DE 596,34M , DA QUADRA 14, SETOR 01, LOCALIZADO NA AVENIDA SETE DE SETEMBRO , PERIMETRO URBANO DESTA CIDADE E COMARCA DE CACOAL";"2250000,00";"04/08/2026";"17:11:50"
"05/08/2026";"19:30:07";2026;2;"Eleição Ordinária";6259;"Eleições Gerais Estaduais 2026";"04/10/2026";"RO";"RO";"RONDÔNIA";220002536013;13;12;"Casa";"01 IMOVEL URBANO DENOMINADO LOTE NO 19, DA QUADRA 18, DO SETOR 01, COM AREA DE 298,24M , LOCALIZADO NA AVENIDA PORTO VELHO, PERIMETRO URBANO DESTA CIDADE E COMARCA DE CACOAL - RO.";"900000,00";"04/08/2026";"17:11:50"
"05/08/2026";"19:30:07";2026;2;"Eleição Ordinária";6259;"Eleições Gerais Estaduais 2026";"04/10/2026";"RO";"RO";"RONDÔNIA";220002536013;14;12;"Casa";"01 IMOVEL URBANO DENOMINADO LOTE NO 386, DA QUADRA 52, DO SETOR 7, COM AREA DE 396,89M , COM UMA CONTRUCAO, LOCALIZADO NA RUA MONTEIRO LOBATO, NO PERIMETRO URBANO DESTA CIDADE E COMARCA DE CACOAL - RO";"450000,00";"04/08/2026";"17:11:50"
"05/08/2026";"19:30:07";2026;2;"Eleição Ordinária";6259;"Eleições Gerais Estaduais 2026";"04/10/2026";"RO";"RO";"RONDÔNIA";220002536013;15;12;"Casa";"01 IMOVEL URBANO DENOMINADO LOTE NO 10, DA QUADRA 61, SETOR 01, COM AREA DE 303,04M , LOCALIZADO NA AVENIDA SETE DE SETEMBRO, PERIMETRO URBANO DESTA CIDADE E COMARCA DE CACOAL - RO.";"250000,00";"04/08/2026";"17:11:50"
"05/08/2026";"19:30:07";2026;2;"Eleição Ordinária";6259;"Eleições Gerais Estaduais 2026";"04/10/2026";"RO";"RO";"RONDÔNIA";220002536013;17;13;"Terreno";"01 TERRENO LOTE 03 DA QUADRA 11 LOCALIZADA NA RUA PROJETADA, SETOR 1";"44114,24";"04/08/2026";"17:11:50"
"05/08/2026";"19:30:07";2026;2;"Eleição Ordinária";6259;"Eleições Gerais Estaduais 2026";"04/10/2026";"RO";"RO";"RONDÔNIA";220002536013;16;21;"Veículo automotor terrestre: caminhão, automóvel, moto, etc.";"01 VEICULO I/TOYOTA HILUX CDSRXA4FD ANO 2022 DE COR PRATA PLACA RSW9F16";"250000,00";"04/08/2026";"17:11:50"
"05/08/2026";"19:30:07";2026;2;"Eleição Ordinária";6259;"Eleições Gerais Estaduais 2026";"04/10/2026";"RO";"RO";"RONDÔNIA";220002536013;18;16;"Construção";"01 IMOVEL URBANO DENOMINADO LOTE NO 20, DA QUADRA 50 DO SETOR 03, COM AREA DE 618,98M , COM UMA CONSTRUCAO EM ALVENARIA MNODELO RESIDENCIAL, LOCALIZADO NA AV. CUIABA PERIMETRO URBANO DESTA CIDADE E CO";"800000,00";"04/08/2026";"17:11:50"
"05/08/2026";"19:30:07";2026;2;"Eleição Ordinária";6259;"Eleições Gerais Estaduais 2026";"04/10/2026";"RO";"RO";"RONDÔNIA";220002536013;19;13;"Terreno";"01 IMOVEL URBANO DENOMINADO LOTE NO 436, DA QUADRA 16, COM AREA DE 441,07M , LOCALIZADO NA AVENIDA GERALDA SIMAO DE SOUZA, LOTEAMENTO PICHEK, PERIMETRO URBANO DESTA CIDADE E COMARCA DE CACOAL - RO.I";"180000,00";"04/08/2026";"17:11:50"
"05/08/2026";"19:30:07";2026;2;"Eleição Ordinária";6259;"Eleições Gerais Estaduais 2026";"04/10/2026";"RO";"RO";"RONDÔNIA";220002536017;1;45;"Aplicação de renda fixa (CDB, RDB e outros)";"APLICAÇÃO DE RENDA FIXA (CDB, RDB E OUTROS)";"3004,51";"05/08/2026";"18:41:07"
"05/08/2026";"19:30:07";2026;2;"Eleição Ordinária";6259;"Eleições Gerais Estaduais 2026";"04/10/2026";"RO";"RO";"RONDÔNIA";220002536013;20;63;"Dinheiro em espécie - moeda nacional";"DINHEIRO EM ESPÉCIE - MOEDA NACIONAL";"400000,00";"04/08/2026";"17:11:50"
"05/08/2026";"19:30:07";2026;2;"Eleição Ordinária";6259;"Eleições Gerais Estaduais 2026";"04/10/2026";"RO";"RO";"RONDÔNIA";220002536017;3;13;"Terreno";"TERRENO";"155000,00";"05/08/2026";"18:41:07"
"05/08/2026";"19:30:07";2026;2;"Eleição Ordinária";6259;"Eleições Gerais Estaduais 2026";"04/10/2026";"RO";"RO";"RONDÔNIA";220002536017;4;13;"Terreno";"TERRENO";"22500,00";"05/08/2026";"18:41:07"
"05/08/2026";"19:30:07";2026;2;"Eleição Ordinária";6259;"Eleições Gerais Estaduais 2026";"04/10/2026";"RO";"RO";"RONDÔNIA";220002536017;2;45;"Aplicação de renda fixa (CDB, RDB e outros)";"APLICAÇÃO DE RENDA FIXA (CDB, RDB E OUTROS)";"7,19";"05/08/2026";"18:41:07"
"05/08/2026";"19:30:07";2026;2;"Eleição Ordinária";6259;"Eleições Gerais Estaduais 2026";"04/10/2026";"RO";"RO";"RONDÔNIA";220002536017;5;13;"Terreno";"TERRENO";"12750,00";"05/08/2026";"18:41:07"
"05/08/2026";"19:30:07";2026;2;"Eleição Ordinária";6259;"Eleições Gerais Estaduais 2026";"04/10/2026";"RO";"RO";"RONDÔNIA";220002536017;7;21;"Veículo automotor terrestre: caminhão, automóvel, moto, etc.";"VEÍCULO AUTOMOTOR TERRESTRE: CAMINHÃO, AUTOMÓVEL, MOTO, ETC.";"150000,00";"05/08/2026";"18:41:07"
"05/08/2026";"19:30:07";2026;2;"Eleição Ordinária";6259;"Eleições Gerais Estaduais 2026";"04/10/2026";"RO";"RO";"RONDÔNIA";220002536017;6;15;"Sala ou conjunto";"SALA OU CONJUNTO";"66500,00";"05/08/2026";"18:41:07"
"05/08/2026";"19:30:07";2026;2;"Eleição Ordinária";6259;"Eleições Gerais Estaduais 2026";"04/10/2026";"RO";"RO";"RONDÔNIA";220002536017;8;32;"Quotas ou quinhões de capital";"QUOTAS OU QUINHÕES DE CAPITAL";"505,93";"05/08/2026";"18:41:07"
"05/08/2026";"19:30:07";2026;2;"Eleição Ordinária";6259;"Eleições Gerais Estaduais 2026";"04/10/2026";"RO";"RO";"RONDÔNIA";220002536017;9;45;"Aplicação de renda fixa (CDB, RDB e outros)";"APLICAÇÃO DE RENDA FIXA (CDB, RDB E OUTROS)";"121,05";"05/08/2026";"18:41:07"
"05/08/2026";"19:30:07";2026;2;"Eleição Ordinária";6259;"Eleições Gerais Estaduais 2026";"04/10/2026";"RO";"RO";"RONDÔNIA";220002536017;10;45;"Aplicação de renda fixa (CDB, RDB e outros)";"APLICAÇÃO DE RENDA FIXA (CDB, RDB E OUTROS)";"1148,25";"05/08/2026";"18:41:07"
"05/08/2026";"19:30:07";2026;2;"Eleição Ordinária";6259;"Eleições Gerais Estaduais 2026";"04/10/2026";"RO";"RO";"RONDÔNIA";220002536019;2;12;"Casa";"CASA";"250000,00";"05/08/2026";"18:42:16"
"05/08/2026";"19:30:07";2026;2;"Eleição Ordinária";6259;"Eleições Gerais Estaduais 2026";"04/10/2026";"RO";"RO";"RONDÔNIA";220002536019;1;21;"Veículo automotor terrestre: caminhão, automóvel, moto, etc.";"VEÍCULO AUTOMOTOR TERRESTRE: CAMINHÃO, AUTOMÓVEL, MOTO, ETC.";"35000,00";"05/08/2026";"18:42:16"
"05/08/2026";"19:30:07";2026;2;"Eleição Ordinária";6259;"Eleições Gerais Estaduais 2026";"04/10/2026";"RO";"RO";"RONDÔNIA";220002536021;1;12;"Casa";"DUAS CASA NO MESMO TERRENO AV CAPITAO SILVIO";"600,00";"04/08/2026";"17:11:50"
"05/08/2026";"19:30:07";2026;2;"Eleição Ordinária";6259;"Eleições Gerais Estaduais 2026";"04/10/2026";"RO";"RO";"RONDÔNIA";220002536021;2;12;"Casa";"CASA PREDIO SOBRADO TERREO COMERCIAL PRIMEIRO PISO CASA MORADIA";"2000000,00";"04/08/2026";"17:11:50"
"05/08/2026";"19:30:07";2026;2;"Eleição Ordinária";6259;"Eleições Gerais Estaduais 2026";"04/10/2026";"RO";"RO";"RONDÔNIA";220002536021;3;21;"Veículo automotor terrestre: caminhão, automóvel, moto, etc.";"CLASSIC 2014";"25,00";"04/08/2026";"17:11:50"
"05/08/2026";"19:30:07";2026;2;"Eleição Ordinária";6259;"Eleições Gerais Estaduais 2026";"04/10/2026";"RO";"RO";"RONDÔNIA";220002536021;4;21;"Veículo automotor terrestre: caminhão, automóvel, moto, etc.";"CARROÇA";"3000,00";"04/08/2026";"17:11:50"
"05/08/2026";"19:30:07";2026;2;"Eleição Ordinária";6259;"Eleições Gerais Estaduais 2026";"04/10/2026";"RO";"RO";"RONDÔNIA";220002536021;5;12;"Casa";"CASA NA RUA OTILIO PEDRO DA COSTA";"350,00";"04/08/2026";"17:11:50"
"05/08/2026";"19:30:07";2026;2;"Eleição Ordinária";6259;"Eleições Gerais Estaduais 2026";"04/10/2026";"RO";"RO";"RONDÔNIA";220002536021;6;21;"Veículo automotor terrestre: caminhão, automóvel, moto, etc.";"MOTO YAMAHA 2012 125 YBR";"5000,00";"04/08/2026";"17:11:50"
"05/08/2026";"19:30:07";2026;2;"Eleição Ordinária";6259;"Eleições Gerais Estaduais 2026";"04/10/2026";"RO";"RO";"RONDÔNIA";220002536021;7;21;"Veículo automotor terrestre: caminhão, automóvel, moto, etc.";"VERMELHA TITAN 125";"4000,00";"04/08/2026";"17:11:50"
"05/08/2026";"19:30:07";2026;2;"Eleição Ordinária";6259;"Eleições Gerais Estaduais 2026";"04/10/2026";"RO";"RO";"RONDÔNIA";220002536021;9;21;"Veículo automotor terrestre: caminhão, automóvel, moto, etc.";"VEICULO FIAT STRADA.";"40,00";"04/08/2026";"17:11:50"
"05/08/2026";"19:30:07";2026;2;"Eleição Ordinária";6259;"Eleições Gerais Estaduais 2026";"04/10/2026";"RO";"RO";"RONDÔNIA";220002536021;8;95;"Consórcio não contemplado";"CONSÓRCIO NÃO CONTEMPLADO";"125000,00";"04/08/2026";"17:11:50"
"05/08/2026";"19:30:07";2026;2;"Eleição Ordinária";6259;"Eleições Gerais Estaduais 2026";"04/10/2026";"RO";"RO";"RONDÔNIA";220002536023;1;14;"Terra nua";"IMOVEL RURAL LOTE 36, DA LINHA 08, - MACHADINHO D OESTE";"100000,00";"05/08/2026";"18:17:02"
"05/08/2026";"19:30:07";2026;2;"Eleição Ordinária";6259;"Eleições Gerais Estaduais 2026";"04/10/2026";"RO";"RO";"RONDÔNIA";220002536023;3;13;"Terreno";"OMPRA E VENDA DE TERRENO/FRACAO L10, Q10, S20, - VILHENA";"92000,00";"05/08/2026";"18:17:02"
"05/08/2026";"19:30:07";2026;2;"Eleição Ordinária";6259;"Eleições Gerais Estaduais 2026";"04/10/2026";"RO";"RO";"RONDÔNIA";220002536023;2;12;"Casa";"IMOVEL URBANO LOTE 08, QUADRA 17, SETOR 202, LOCALIZADA A RUA ANTONIO ANDRIANO, N. 494, BAIRRO URUPA, NO MUNICIPIO DE JI-PARANA- RO.";"105000,00";"05/08/2026";"18:17:02"
"05/08/2026";"19:30:07";2026;2;"Eleição Ordinária";6259;"Eleições Gerais Estaduais 2026";"04/10/2026";"RO";"RO";"RONDÔNIA";220002536023;4;21;"Veículo automotor terrestre: caminhão, automóvel, moto, etc.";"VEICULO CHEVROLET/S10 LTZ, CHASSI 9BG148MK0TC406178CA, PLACA THM4F79, ADQUIRIDO DE GENERAL MOTORS DO BRASIL LTDA";"204242,47";"05/08/2026";"18:17:02"
"05/08/2026";"19:30:07";2026;2;"Eleição Ordinária";6259;"Eleições Gerais Estaduais 2026";"04/10/2026";"RO";"RO";"RONDÔNIA";220002536023;7;32;"Quotas ou quinhões de capital";"CAPITAL SOCIAL CREDISIS JICRED - COOPERATIVA DE CREIDITO DE LIVRE ADMISSAO JICRED";"14240,00";"05/08/2026";"18:17:02"
"05/08/2026";"19:30:07";2026;2;"Eleição Ordinária";6259;"Eleições Gerais Estaduais 2026";"04/10/2026";"RO";"RO";"RONDÔNIA";220002536023;6;14;"Terra nua";"IMOVEL RURAL LOTE 34, DA LINHA 08, ADQUIRIDO DE DILERMANO ROCHA DE CARVALHO - MACHADINHO D OESTE";"35000,00";"05/08/2026";"18:17:02"
"05/08/2026";"19:30:07";2026;2;"Eleição Ordinária";6259;"Eleições Gerais Estaduais 2026";"04/10/2026";"RO";"RO";"RONDÔNIA";220002536023;5;61;"Depósito bancário em conta corrente no País";"CONTA CORRENTE CAPITAL COOP CRED POUP INVEST UNIVALES SICRED";"890,77";"05/08/2026";"18:17:02"
"05/08/2026";"19:30:07";2026;2;"Eleição Ordinária";6259;"Eleições Gerais Estaduais 2026";"04/10/2026";"RO";"RO";"RONDÔNIA";220002536023;10;13;"Terreno";"COMPRA E VENDA DE TERRENO/FRACAO L 06, Q10, S20, - VILHENA";"95000,00";"05/08/2026";"18:17:02"
"05/08/2026";"19:30:07";2026;2;"Eleição Ordinária";6259;"Eleições Gerais Estaduais 2026";"04/10/2026";"RO";"RO";"RONDÔNIA";220002536023;8;32;"Quotas ou quinhões de capital";"CAPITAL SOCIAL COOP CRED POUP INVEST UNIVALES SICRED";"1493,88";"05/08/2026";"18:17:02"
"05/08/2026";"19:30:07";2026;2;"Eleição Ordinária";6259;"Eleições Gerais Estaduais 2026";"04/10/2026";"RO";"RO";"RONDÔNIA";220002536023;9;61;"Depósito bancário em conta corrente no País";"SALDO CONTA CORRENTE CAIXA ECONOMICA FEDERAL. - CONTA 0005838116516 - RECUPERADO DA CONTA ANTIGA 00100002816-0ÁRIO EM CONTA CORRENTE NO PAÍS";"5975,94";"05/08/2026";"18:17:02"
"05/08/2026";"19:30:07";2026;2;"Eleição Ordinária";6259;"Eleições Gerais Estaduais 2026";"04/10/2026";"RO";"RO";"RONDÔNIA";220002536025;2;12;"Casa";"CASA MODELO SOBRADO NO ENDEREÇO JÁ CITADO, COM TRES DORMITÓRIOS, DOIS BANHEIROS, SALA DE JANTAR E SALA DE ESTAR, ÁREA DE SERVIÇOS";"350000,00";"04/08/2026";"17:11:50"
"05/08/2026";"19:30:07";2026;2;"Eleição Ordinária";6259;"Eleições Gerais Estaduais 2026";"04/10/2026";"RO";"RO";"RONDÔNIA";220002536025;1;21;"Veículo automotor terrestre: caminhão, automóvel, moto, etc.";"VEÍCULO AUTOMOTOR TERRESTRE: CAMINHÃO, HONDA HR-V, ANO 2025, EX HS, COR CINZA, ALCOOL/GASOLINA, PLACA THK-6C47, ALIENADO PELO BANCO HONDA";"165000,00";"04/08/2026";"17:11:50"
"05/08/2026";"19:30:07";2026;2;"Eleição Ordinária";6259;"Eleições Gerais Estaduais 2026";"04/10/2026";"RO";"RO";"RONDÔNIA";220002536023;11;14;"Terra nua";"IMOVEL RURAL LOTE 32, DA LINHA 08, ADQUIRIDO DE CLEUZA GONCALVES DE OLIVEIRA MEIRA, MACHADINHO D OESTE";"120000,00";"05/08/2026";"18:17:02"
"05/08/2026";"19:30:07";2026;2;"Eleição Ordinária";6259;"Eleições Gerais Estaduais 2026";"04/10/2026";"RO";"RO";"RONDÔNIA";220002536026;1;12;"Casa";"CASA";"62000,00";"05/08/2026";"16:43:07"
"05/08/2026";"19:30:07";2026;2;"Eleição Ordinária";6259;"Eleições Gerais Estaduais 2026";"04/10/2026";"RO";"RO";"RONDÔNIA";220002536027;2;21;"Veículo automotor terrestre: caminhão, automóvel, moto, etc.";"MOTO 150 CROSSER";"23000,00";"04/08/2026";"17:11:50"
"05/08/2026";"19:30:07";2026;2;"Eleição Ordinária";6259;"Eleições Gerais Estaduais 2026";"04/10/2026";"RO";"RO";"RONDÔNIA";220002536027;1;12;"Casa";"CASA";"235000,00";"04/08/2026";"17:11:50"
"05/08/2026";"19:30:07";2026;2;"Eleição Ordinária";6259;"Eleições Gerais Estaduais 2026";"04/10/2026";"RO";"RO";"RONDÔNIA";220002536027;3;21;"Veículo automotor terrestre: caminhão, automóvel, moto, etc.";"CARRO FIAT ARGO 1.3";"100000,00";"04/08/2026";"17:11:50"
"05/08/2026";"19:30:07";2026;2;"Eleição Ordinária";6259;"Eleições Gerais Estaduais 2026";"04/10/2026";"RO";"RO";"RONDÔNIA";220002536030;1;71;"Fundo de Curto Prazo";"FUNDO DE CURTO PRAZO";"330000,00";"04/08/2026";"17:11:50"
"05/08/2026";"19:30:07";2026;2;"Eleição Ordinária";6259;"Eleições Gerais Estaduais 2026";"04/10/2026";"RO";"RO";"RONDÔNIA";220002536030;2;21;"Veículo automotor terrestre: caminhão, automóvel, moto, etc.";"VEÍCULO AUTOMOTOR TERRESTRE: CAMINHÃO, AUTOMÓVEL, MOTO, ETC.";"238000,00";"04/08/2026";"17:11:50"
"05/08/2026";"19:30:07";2026;2;"Eleição Ordinária";6259;"Eleições Gerais Estaduais 2026";"04/10/2026";"RO";"RO";"RONDÔNIA";220002536030;3;13;"Terreno";"TERRENO";"150000,00";"04/08/2026";"17:11:50"
"05/08/2026";"19:30:07";2026;2;"Eleição Ordinária";6259;"Eleições Gerais Estaduais 2026";"04/10/2026";"RO";"RO";"RONDÔNIA";220002536030;5;21;"Veículo automotor terrestre: caminhão, automóvel, moto, etc.";"VEÍCULO AUTOMOTOR TERRESTRE: CAMINHÃO, AUTOMÓVEL, MOTO, ETC.";"9000,00";"04/08/2026";"17:11:50"
"05/08/2026";"19:30:07";2026;2;"Eleição Ordinária";6259;"Eleições Gerais Estaduais 2026";"04/10/2026";"RO";"RO";"RONDÔNIA";220002536030;4;61;"Depósito bancário em conta corrente no País";"DEPÓSITO BANCÁRIO EM CONTA CORRENTE NO PAÍS";"50000,00";"04/08/2026";"17:11:50"
"05/08/2026";"19:30:07";2026;2;"Eleição Ordinária";6259;"Eleições Gerais Estaduais 2026";"04/10/2026";"RO";"RO";"RONDÔNIA";220002536030;8;21;"Veículo automotor terrestre: caminhão, automóvel, moto, etc.";"VEÍCULO AUTOMOTOR TERRESTRE: CAMINHÃO, AUTOMÓVEL, MOTO, ETC.";"43000,00";"04/08/2026";"17:11:50"
"05/08/2026";"19:30:07";2026;2;"Eleição Ordinária";6259;"Eleições Gerais Estaduais 2026";"04/10/2026";"RO";"RO";"RONDÔNIA";220002536030;7;21;"Veículo automotor terrestre: caminhão, automóvel, moto, etc.";"VEÍCULO AUTOMOTOR TERRESTRE: CAMINHÃO, AUTOMÓVEL, MOTO, ETC.";"106000,00";"04/08/2026";"17:11:50"
"05/08/2026";"19:30:07";2026;2;"Eleição Ordinária";6259;"Eleições Gerais Estaduais 2026";"04/10/2026";"RO";"RO";"RONDÔNIA";220002536030;6;99;"OUTROS BENS E DIREITOS";"OUTROS BENS E DIREITOS";"27000,00";"04/08/2026";"17:11:50"
"05/08/2026";"19:30:07";2026;2;"Eleição Ordinária";6259;"Eleições Gerais Estaduais 2026";"04/10/2026";"RO";"RO";"RONDÔNIA";220002536032;2;21;"Veículo automotor terrestre: caminhão, automóvel, moto, etc.";"VEÍCULO AUTOMOTOR TERRESTRE: CAMINHÃO, AUTOMÓVEL, MOTO, ETC.";"68,00";"04/08/2026";"17:11:50"
"05/08/2026";"19:30:07";2026;2;"Eleição Ordinária";6259;"Eleições Gerais Estaduais 2026";"04/10/2026";"RO";"RO";"RONDÔNIA";220002536033;1;45;"Aplicação de renda fixa (CDB, RDB e outros)";"RBD/CBD BANCO ITAU";"5324,88";"04/08/2026";"17:11:49"
"05/08/2026";"19:30:07";2026;2;"Eleição Ordinária";6259;"Eleições Gerais Estaduais 2026";"04/10/2026";"RO";"RO";"RONDÔNIA";220002536032;1;14;"Terra nua";"TERRA NUA";"300,00";"04/08/2026";"17:11:50"
"05/08/2026";"19:30:07";2026;2;"Eleição Ordinária";6259;"Eleições Gerais Estaduais 2026";"04/10/2026";"RO";"RO";"RONDÔNIA";220002536033;4;12;"Casa";"IMOVEL FINANCIADO PELA CAIXA";"84000,00";"04/08/2026";"17:11:49"
"05/08/2026";"19:30:07";2026;2;"Eleição Ordinária";6259;"Eleições Gerais Estaduais 2026";"04/10/2026";"RO";"RO";"RONDÔNIA";220002536033;3;12;"Casa";"IMOVEL FINANCIADO ITAU";"883913,90";"04/08/2026";"17:11:49"
"05/08/2026";"19:30:07";2026;2;"Eleição Ordinária";6259;"Eleições Gerais Estaduais 2026";"04/10/2026";"RO";"RO";"RONDÔNIA";220002536033;2;11;"Apartamento";"APARTAMENTO";"514000,00";"04/08/2026";"17:11:49"
"05/08/2026";"19:30:07";2026;2;"Eleição Ordinária";6259;"Eleições Gerais Estaduais 2026";"04/10/2026";"RO";"RO";"RONDÔNIA";220002536033;5;13;"Terreno";"LOTE TERRENO CENTRO ECOPORANGA/ES";"80000,00";"04/08/2026";"17:11:49"
"05/08/2026";"19:30:07";2026;2;"Eleição Ordinária";6259;"Eleições Gerais Estaduais 2026";"04/10/2026";"RO";"RO";"RONDÔNIA";220002536033;6;45;"Aplicação de renda fixa (CDB, RDB e outros)";"APLICAÇÃO RENDA FIXA SANTANDER";"1477,59";"04/08/2026";"17:11:49"
"05/08/2026";"19:30:07";2026;2;"Eleição Ordinária";6259;"Eleições Gerais Estaduais 2026";"04/10/2026";"RO";"RO";"RONDÔNIA";220002536033;7;41;"Caderneta de poupança";"POUPANÇA OURO";"120,78";"04/08/2026";"17:11:49"
"05/08/2026";"19:30:07";2026;2;"Eleição Ordinária";6259;"Eleições Gerais Estaduais 2026";"04/10/2026";"RO";"RO";"RONDÔNIA";220002536033;10;49;"Outras aplicações e Investimentos";"TITULO DE CAPITALIZAÇÃO SANTANDER";"748,36";"04/08/2026";"17:11:49"
"05/08/2026";"19:30:07";2026;2;"Eleição Ordinária";6259;"Eleições Gerais Estaduais 2026";"04/10/2026";"RO";"RO";"RONDÔNIA";220002536033;9;45;"Aplicação de renda fixa (CDB, RDB e outros)";"BB CBD RENDE FACIL";"2157,04";"04/08/2026";"17:11:49"
"05/08/2026";"19:30:07";2026;2;"Eleição Ordinária";6259;"Eleições Gerais Estaduais 2026";"04/10/2026";"RO";"RO";"RONDÔNIA";220002536033;8;21;"Veículo automotor terrestre: caminhão, automóvel, moto, etc.";"NEGOCIACAO DE VEICULO GWM H6 HAVAL";"132335,52";"04/08/2026";"17:11:49"
"05/08/2026";"19:30:07";2026;2;"Eleição Ordinária";6259;"Eleições Gerais Estaduais 2026";"04/10/2026";"RO";"RO";"RONDÔNIA";220002536033;11;21;"Veículo automotor terrestre: caminhão, automóvel, moto, etc.";"TOYOTA BANDEIRANTE 1995/96";"35000,00";"04/08/2026";"17:11:49"
"05/08/2026";"19:30:07";2026;2;"Eleição Ordinária";6259;"Eleições Gerais Estaduais 2026";"04/10/2026";"RO";"RO";"RONDÔNIA";220002536033;12;41;"Caderneta de poupança";"POUPANÇA ITAU";"139,84";"04/08/2026";"17:11:49"
"05/08/2026";"19:30:07";2026;2;"Eleição Ordinária";6259;"Eleições Gerais Estaduais 2026";"04/10/2026";"RO";"RO";"RONDÔNIA";220002536033;13;21;"Veículo automotor terrestre: caminhão, automóvel, moto, etc.";"NEGOCIACAO DE VEICULO FIAT STRADA";"120600,00";"04/08/2026";"17:11:49"
"05/08/2026";"19:30:07";2026;2;"Eleição Ordinária";6259;"Eleições Gerais Estaduais 2026";"04/10/2026";"RO";"RO";"RONDÔNIA";220002536033;14;49;"Outras aplicações e Investimentos";"RD RED DI PLUS AGIL BB";"176,98";"04/08/2026";"17:11:49"
"05/08/2026";"19:30:07";2026;2;"Eleição Ordinária";6259;"Eleições Gerais Estaduais 2026";"04/10/2026";"RO";"RO";"RONDÔNIA";220002536033;15;61;"Depósito bancário em conta corrente no País";"SALDO ITAU";"1,00";"04/08/2026";"17:11:49"
"05/08/2026";"19:30:07";2026;2;"Eleição Ordinária";6259;"Eleições Gerais Estaduais 2026";"04/10/2026";"RO";"RO";"RONDÔNIA";220002536034;1;11;"Apartamento";"APARTAMENTO EM PORTO VELHO N. 506";"1000000,00";"04/08/2026";"17:11:50"
"05/08/2026";"19:30:07";2026;2;"Eleição Ordinária";6259;"Eleições Gerais Estaduais 2026";"04/10/2026";"RO";"RO";"RONDÔNIA";220002536034;4;49;"Outras aplicações e Investimentos";"DIREITO DE CREDITO DE JCP, REF AÇÕES ADQUIRIDAS JUNTO A B3, VIA BANCO BTG";"1040,72";"04/08/2026";"17:11:50"
"05/08/2026";"19:30:07";2026;2;"Eleição Ordinária";6259;"Eleições Gerais Estaduais 2026";"04/10/2026";"RO";"RO";"RONDÔNIA";220002536034;3;71;"Fundo de Curto Prazo";"APLICAÇÕES EM FUNDO DE INVESTIMENTO VIA BANCO BTG LIQUIDEZ IMEDIATA";"530918,09";"04/08/2026";"17:11:50"
"05/08/2026";"19:30:07";2026;2;"Eleição Ordinária";6259;"Eleições Gerais Estaduais 2026";"04/10/2026";"RO";"RO";"RONDÔNIA";220002536034;2;11;"Apartamento";"APARTAMENTO ED ALMIRANTE MARCILIO DIAS SAO PAULO";"250000,00";"04/08/2026";"17:11:50"
"05/08/2026";"19:30:07";2026;2;"Eleição Ordinária";6259;"Eleições Gerais Estaduais 2026";"04/10/2026";"RO";"RO";"RONDÔNIA";220002536034;5;69;"Outros depósitos à vista e numerário";"VALORES EM TRANSITO JUNTO AO BANCO BTG";"1364,05";"04/08/2026";"17:11:50"
"05/08/2026";"19:30:07";2026;2;"Eleição Ordinária";6259;"Eleições Gerais Estaduais 2026";"04/10/2026";"RO";"RO";"RONDÔNIA";220002536034;7;21;"Veículo automotor terrestre: caminhão, automóvel, moto, etc.";"VEICULO AUTOMOVEL HONDA";"135800,00";"04/08/2026";"17:11:50"
"05/08/2026";"19:30:07";2026;2;"Eleição Ordinária";6259;"Eleições Gerais Estaduais 2026";"04/10/2026";"RO";"RO";"RONDÔNIA";220002536034;6;73;"Fundo de Investimento Imobiliário";"APLICAÇÕES EM FUNDO DE INVESTIMENTO IMOBILIÁRIO";"85761,81";"04/08/2026";"17:11:50"
"05/08/2026";"19:30:07";2026;2;"Eleição Ordinária";6259;"Eleições Gerais Estaduais 2026";"04/10/2026";"RO";"RO";"RONDÔNIA";220002536034;8;49;"Outras aplicações e Investimentos";"AQUISIÇÃO DE CRIPTOMOEDAS JUNTO A MYNT TECNOLOGIA";"59806,55";"04/08/2026";"17:11:50"
"05/08/2026";"19:30:07";2026;2;"Eleição Ordinária";6259;"Eleições Gerais Estaduais 2026";"04/10/2026";"RO";"RO";"RONDÔNIA";220002536034;9;79;"Outros fundos";"APLICAÇÕES EM FUNDO DE INVESTIMENTO VIA BANCO BTG";"682569,79";"04/08/2026";"17:11:50"
"05/08/2026";"19:30:07";2026;2;"Eleição Ordinária";6259;"Eleições Gerais Estaduais 2026";"04/10/2026";"RO";"RO";"RONDÔNIA";220002536034;10;99;"OUTROS BENS E DIREITOS";"PREVIDÊNCIA PRIVADA";"551675,04";"04/08/2026";"17:11:50"
"05/08/2026";"19:30:07";2026;2;"Eleição Ordinária";6259;"Eleições Gerais Estaduais 2026";"04/10/2026";"RO";"RO";"RONDÔNIA";220002536034;12;11;"Apartamento";"APARTAMENTO 1304 EM PORTO VELHO";"2000000,00";"04/08/2026";"17:11:50"
"05/08/2026";"19:30:07";2026;2;"Eleição Ordinária";6259;"Eleições Gerais Estaduais 2026";"04/10/2026";"RO";"RO";"RONDÔNIA";220002536034;11;31;"Ações (inclusive as provenientes de linha telefônica)";"APLICAÇÕES EM AÇÕES, FUNDOS DE INVESTIMENTO E FII VIA BANCO BTG";"172444,50";"04/08/2026";"17:11:50"
"05/08/2026";"19:30:07";2026;2;"Eleição Ordinária";6259;"Eleições Gerais Estaduais 2026";"04/10/2026";"RO";"RO";"RONDÔNIA";220002536034;13;61;"Depósito bancário em conta corrente no País";"SALDO EM CONTA CORRENTE JUNTO AO BANCO BTG";"2325,06";"04/08/2026";"17:11:50"
"05/08/2026";"19:30:07";2026;2;"Eleição Ordinária";6259;"Eleições Gerais Estaduais 2026";"04/10/2026";"RO";"RO";"RONDÔNIA";220002536034;15;45;"Aplicação de renda fixa (CDB, RDB e outros)";"APLICAÇÕES EM CDB, RDB, LCI, LCA E OUTROS, JUNTO AO BANCO BTG";"795371,66";"04/08/2026";"17:11:50"
"05/08/2026";"19:30:07";2026;2;"Eleição Ordinária";6259;"Eleições Gerais Estaduais 2026";"04/10/2026";"RO";"RO";"RONDÔNIA";220002536034;16;11;"Apartamento";"APARTAMENTO TIPO FLAT SÃO PAULO";"615000,00";"04/08/2026";"17:11:50"
"05/08/2026";"19:30:07";2026;2;"Eleição Ordinária";6259;"Eleições Gerais Estaduais 2026";"04/10/2026";"RO";"RO";"RONDÔNIA";220002536034;14;61;"Depósito bancário em conta corrente no País";"SALDO EM CONTA CORRENTE JUNTO AO BANCO DO BRASIL";"39109,49";"04/08/2026";"17:11:50"
"05/08/2026";"19:30:07";2026;2;"Eleição Ordinária";6259;"Eleições Gerais Estaduais 2026";"04/10/2026";"RO";"RO";"RONDÔNIA";220002536036;2;13;"Terreno";"TERRNO LOTEAMENTO CIDADE JARDIM";"42725,28";"04/08/2026";"17:11:49"
"05/08/2026";"19:30:07";2026;2;"Eleição Ordinária";6259;"Eleições Gerais Estaduais 2026";"04/10/2026";"RO";"RO";"RONDÔNIA";220002536035;1;61;"Depósito bancário em conta corrente no País";"SALDO BANCO";"253,24";"04/08/2026";"17:11:48"
"05/08/2026";"19:30:07";2026;2;"Eleição Ordinária";6259;"Eleições Gerais Estaduais 2026";"04/10/2026";"RO";"RO";"RONDÔNIA";220002536036;1;14;"Terra nua";"CHACARA BOA VISTA";"200000,00";"04/08/2026";"17:11:49"
"05/08/2026";"19:30:07";2026;2;"Eleição Ordinária";6259;"Eleições Gerais Estaduais 2026";"04/10/2026";"RO";"RO";"RONDÔNIA";220002536036;5;12;"Casa";"IMÓVEL URBANO EM SÃO MIGUEL";"460000,00";"04/08/2026";"17:11:49"
"05/08/2026";"19:30:07";2026;2;"Eleição Ordinária";6259;"Eleições Gerais Estaduais 2026";"04/10/2026";"RO";"RO";"RONDÔNIA";220002536036;3;32;"Quotas ou quinhões de capital";"QUOTAS TOP CAR TRUCK CENTER";"127500,00";"04/08/2026";"17:11:49"
"05/08/2026";"19:30:07";2026;2;"Eleição Ordinária";6259;"Eleições Gerais Estaduais 2026";"04/10/2026";"RO";"RO";"RONDÔNIA";220002536036;4;63;"Dinheiro em espécie - moeda nacional";"RESERVA";"50000,00";"04/08/2026";"17:11:49"
"05/08/2026";"19:30:07";2026;2;"Eleição Ordinária";6259;"Eleições Gerais Estaduais 2026";"04/10/2026";"RO";"RO";"RONDÔNIA";220002536037;1;13;"Terreno";"TERRENO RUA TRES FIGUEIRAS";"15000,00";"04/08/2026";"17:11:50"
"05/08/2026";"19:30:07";2026;2;"Eleição Ordinária";6259;"Eleições Gerais Estaduais 2026";"04/10/2026";"RO";"RO";"RONDÔNIA";220002536037;2;13;"Terreno";"TERRENO RUA CARVALHO BRASILEIRO";"15000,00";"04/08/2026";"17:11:50"
"05/08/2026";"19:30:07";2026;2;"Eleição Ordinária";6259;"Eleições Gerais Estaduais 2026";"04/10/2026";"RO";"RO";"RONDÔNIA";220002536036;6;21;"Veículo automotor terrestre: caminhão, automóvel, moto, etc.";"GOL 2006";"20000,00";"04/08/2026";"17:11:49"
"05/08/2026";"19:30:07";2026;2;"Eleição Ordinária";6259;"Eleições Gerais Estaduais 2026";"04/10/2026";"RO";"RO";"RONDÔNIA";220002536037;3;23;"Embarcação";"LANCHA MOTOR 90";"38500,00";"04/08/2026";"17:11:50"
"05/08/2026";"19:30:07";2026;2;"Eleição Ordinária";6259;"Eleições Gerais Estaduais 2026";"04/10/2026";"RO";"RO";"RONDÔNIA";220002536037;5;32;"Quotas ou quinhões de capital";"SOCIEDADE EMPRESA NESTOR E SENA";"30000,00";"04/08/2026";"17:11:50"
"05/08/2026";"19:30:07";2026;2;"Eleição Ordinária";6259;"Eleições Gerais Estaduais 2026";"04/10/2026";"RO";"RO";"RONDÔNIA";220002536037;4;21;"Veículo automotor terrestre: caminhão, automóvel, moto, etc.";"VEICULO DOLPHIN MINI";"100000,00";"04/08/2026";"17:11:50"
"05/08/2026";"19:30:07";2026;2;"Eleição Ordinária";6259;"Eleições Gerais Estaduais 2026";"04/10/2026";"RO";"RO";"RONDÔNIA";220002536037;7;21;"Veículo automotor terrestre: caminhão, automóvel, moto, etc.";"FORD RANGER";"246000,00";"04/08/2026";"17:11:50"
"05/08/2026";"19:30:07";2026;2;"Eleição Ordinária";6259;"Eleições Gerais Estaduais 2026";"04/10/2026";"RO";"RO";"RONDÔNIA";220002536037;6;32;"Quotas ou quinhões de capital";"SOCIEDADE EMPRESA SENA E SENA";"40000,00";"04/08/2026";"17:11:50"
"05/08/2026";"19:30:07";2026;2;"Eleição Ordinária";6259;"Eleições Gerais Estaduais 2026";"04/10/2026";"RO";"RO";"RONDÔNIA";220002536037;8;99;"OUTROS BENS E DIREITOS";"DRAGA DE GARIMPO";"2000000,00";"04/08/2026";"17:11:50"
"05/08/2026";"19:30:07";2026;2;"Eleição Ordinária";6259;"Eleições Gerais Estaduais 2026";"04/10/2026";"RO";"RO";"RONDÔNIA";220002536039;1;21;"Veículo automotor terrestre: caminhão, automóvel, moto, etc.";"AUTOMOVEL ANO 24/25";"115000,00";"04/08/2026";"17:11:50"
"05/08/2026";"19:30:07";2026;2;"Eleição Ordinária";6259;"Eleições Gerais Estaduais 2026";"04/10/2026";"RO";"RO";"RONDÔNIA";220002536039;2;12;"Casa";"RESIDENCIAL/BEM COMUM DO CASAL";"500000,00";"04/08/2026";"17:11:50"
"05/08/2026";"19:30:07";2026;2;"Eleição Ordinária";6259;"Eleições Gerais Estaduais 2026";"04/10/2026";"RO";"RO";"RONDÔNIA";220002536039;3;61;"Depósito bancário em conta corrente no País";"SALDO";"30000,00";"04/08/2026";"17:11:50"
"05/08/2026";"19:30:07";2026;2;"Eleição Ordinária";6259;"Eleições Gerais Estaduais 2026";"04/10/2026";"RO";"RO";"RONDÔNIA";220002536040;1;12;"Casa";"CASA VILHENA";"105000,00";"04/08/2026";"17:11:50"
"05/08/2026";"19:30:07";2026;2;"Eleição Ordinária";6259;"Eleições Gerais Estaduais 2026";"04/10/2026";"RO";"RO";"RONDÔNIA";220002536039;4;63;"Dinheiro em espécie - moeda nacional";"DISPONIBILIDADE FINANCEIRA";"40000,00";"04/08/2026";"17:11:50"
"05/08/2026";"19:30:07";2026;2;"Eleição Ordinária";6259;"Eleições Gerais Estaduais 2026";"04/10/2026";"RO";"RO";"RONDÔNIA";220002536041;1;11;"Apartamento";"IMÓVEL ITAJAÍ";"2100000,00";"04/08/2026";"17:11:50"
"05/08/2026";"19:30:07";2026;2;"Eleição Ordinária";6259;"Eleições Gerais Estaduais 2026";"04/10/2026";"RO";"RO";"RONDÔNIA";220002536041;4;21;"Veículo automotor terrestre: caminhão, automóvel, moto, etc.";"VEÍCULO HRV";"141250,00";"04/08/2026";"17:11:50"
"05/08/2026";"19:30:07";2026;2;"Eleição Ordinária";6259;"Eleições Gerais Estaduais 2026";"04/10/2026";"RO";"RO";"RONDÔNIA";220002536041;2;32;"Quotas ou quinhões de capital";"QUOTA DE SOCIEDADE EMPRESARIA";"1437627,00";"04/08/2026";"17:11:50"
"05/08/2026";"19:30:07";2026;2;"Eleição Ordinária";6259;"Eleições Gerais Estaduais 2026";"04/10/2026";"RO";"RO";"RONDÔNIA";220002536041;3;14;"Terra nua";"FRAÇÃO DE IMOVEL RURAL";"60000,00";"04/08/2026";"17:11:50"
"05/08/2026";"19:30:07";2026;2;"Eleição Ordinária";6259;"Eleições Gerais Estaduais 2026";"04/10/2026";"RO";"RO";"RONDÔNIA";220002536041;5;14;"Terra nua";"FRAÇÃO DE IMOVEL RURAL";"6000,00";"04/08/2026";"17:11:50"
"05/08/2026";"19:30:07";2026;2;"Eleição Ordinária";6259;"Eleições Gerais Estaduais 2026";"04/10/2026";"RO";"RO";"RONDÔNIA";220002536041;6;14;"Terra nua";"FRAÇÃO DE IMOVEL RURAL";"15000,00";"04/08/2026";"17:11:50"
"05/08/2026";"19:30:07";2026;2;"Eleição Ordinária";6259;"Eleições Gerais Estaduais 2026";"04/10/2026";"RO";"RO";"RONDÔNIA";220002536041;7;14;"Terra nua";"DIREITOS SOBRE IMOVEL RURAL";"272584,64";"04/08/2026";"17:11:50"
"05/08/2026";"19:30:07";2026;2;"Eleição Ordinária";6259;"Eleições Gerais Estaduais 2026";"04/10/2026";"RO";"RO";"RONDÔNIA";220002536041;8;32;"Quotas ou quinhões de capital";"QUOTA DE SOCIEDADE EMPRESARIA";"300000,00";"04/08/2026";"17:11:50"
"05/08/2026";"19:30:07";2026;2;"Eleição Ordinária";6259;"Eleições Gerais Estaduais 2026";"04/10/2026";"RO";"RO";"RONDÔNIA";220002536041;9;32;"Quotas ou quinhões de capital";"QUOTA SOCIEDADE EMPRESARIA";"6607885,00";"04/08/2026";"17:11:50"
"05/08/2026";"19:30:07";2026;2;"Eleição Ordinária";6259;"Eleições Gerais Estaduais 2026";"04/10/2026";"RO";"RO";"RONDÔNIA";220002536041;10;32;"Quotas ou quinhões de capital";"QUOTAS DO CAPITAL SOCIAL";"1500000,00";"04/08/2026";"17:11:50"
"05/08/2026";"19:30:07";2026;2;"Eleição Ordinária";6259;"Eleições Gerais Estaduais 2026";"04/10/2026";"RO";"RO";"RONDÔNIA";220002536041;12;32;"Quotas ou quinhões de capital";"QUOTA DE SOCIEDADE EMPRESARIA";"1575242,00";"04/08/2026";"17:11:50"
"05/08/2026";"19:30:07";2026;2;"Eleição Ordinária";6259;"Eleições Gerais Estaduais 2026";"04/10/2026";"RO";"RO";"RONDÔNIA";220002536041;13;32;"Quotas ou quinhões de capital";"QUOTA EMPREENDIMENTO";"450231,74";"04/08/2026";"17:11:50"
"05/08/2026";"19:30:07";2026;2;"Eleição Ordinária";6259;"Eleições Gerais Estaduais 2026";"04/10/2026";"RO";"RO";"RONDÔNIA";220002536041;11;14;"Terra nua";"FRAÇÃO DE IMOVEL RURAL";"60000,00";"04/08/2026";"17:11:50"
"05/08/2026";"19:30:07";2026;2;"Eleição Ordinária";6259;"Eleições Gerais Estaduais 2026";"04/10/2026";"RO";"RO";"RONDÔNIA";220002536041;15;13;"Terreno";"1/3 DE IMÓVEL URBANO";"136666,67";"04/08/2026";"17:11:50"
"05/08/2026";"19:30:07";2026;2;"Eleição Ordinária";6259;"Eleições Gerais Estaduais 2026";"04/10/2026";"RO";"RO";"RONDÔNIA";220002536041;16;12;"Casa";"IMÓVEL URBANO FLAMBOYANT";"120000,00";"04/08/2026";"17:11:50"
"05/08/2026";"19:30:07";2026;2;"Eleição Ordinária";6259;"Eleições Gerais Estaduais 2026";"04/10/2026";"RO";"RO";"RONDÔNIA";220002536041;14;32;"Quotas ou quinhões de capital";"QUOTA EMPREENDIMENTO URBANO";"486719,55";"04/08/2026";"17:11:50"
"05/08/2026";"19:30:07";2026;2;"Eleição Ordinária";6259;"Eleições Gerais Estaduais 2026";"04/10/2026";"RO";"RO";"RONDÔNIA";220002536041;18;13;"Terreno";"1/3 DE IMÓVEL URBANO";"226666,67";"04/08/2026";"17:11:50"
"05/08/2026";"19:30:07";2026;2;"Eleição Ordinária";6259;"Eleições Gerais Estaduais 2026";"04/10/2026";"RO";"RO";"RONDÔNIA";220002536041;17;13;"Terreno";"1/2 FRAÇÃO DE TERRENO";"145000,00";"04/08/2026";"17:11:50"
"05/08/2026";"19:30:07";2026;2;"Eleição Ordinária";6259;"Eleições Gerais Estaduais 2026";"04/10/2026";"RO";"RO";"RONDÔNIA";220002536041;19;13;"Terreno";"FRAÇÃO DE LOTE URBANO";"15000,00";"04/08/2026";"17:11:50"
"05/08/2026";"19:30:07";2026;2;"Eleição Ordinária";6259;"Eleições Gerais Estaduais 2026";"04/10/2026";"RO";"RO";"RONDÔNIA";220002536041;21;21;"Veículo automotor terrestre: caminhão, automóvel, moto, etc.";"VEÍCULO ONIX";"54000,00";"04/08/2026";"17:11:50"
"05/08/2026";"19:30:07";2026;2;"Eleição Ordinária";6259;"Eleições Gerais Estaduais 2026";"04/10/2026";"RO";"RO";"RONDÔNIA";220002536041;20;14;"Terra nua";"DIREITOS SOBRE IMOVEL RURAL";"765967,50";"04/08/2026";"17:11:50"
"05/08/2026";"19:30:07";2026;2;"Eleição Ordinária";6259;"Eleições Gerais Estaduais 2026";"04/10/2026";"RO";"RO";"RONDÔNIA";220002536041;22;14;"Terra nua";"FRAÇÃO DE IMOVEL RURAL";"21000,00";"04/08/2026";"17:11:50"
"05/08/2026";"19:30:07";2026;2;"Eleição Ordinária";6259;"Eleições Gerais Estaduais 2026";"04/10/2026";"RO";"RO";"RONDÔNIA";220002536041;24;14;"Terra nua";"FRAÇÃO DE IMOVEL RURAL";"180000,00";"04/08/2026";"17:11:50"
"05/08/2026";"19:30:07";2026;2;"Eleição Ordinária";6259;"Eleições Gerais Estaduais 2026";"04/10/2026";"RO";"RO";"RONDÔNIA";220002536041;23;14;"Terra nua";"IMOVEL RURAL";"60000,00";"04/08/2026";"17:11:50"
"05/08/2026";"19:30:07";2026;2;"Eleição Ordinária";6259;"Eleições Gerais Estaduais 2026";"04/10/2026";"RO";"RO";"RONDÔNIA";220002536041;25;14;"Terra nua";"FRAÇÃO SOBRE IMOVEL RURAL";"355816,64";"04/08/2026";"17:11:50"
"05/08/2026";"19:30:07";2026;2;"Eleição Ordinária";6259;"Eleições Gerais Estaduais 2026";"04/10/2026";"RO";"RO";"RONDÔNIA";220002536041;28;13;"Terreno";"1/3 DE IMÓVEL URBANO";"16666,67";"04/08/2026";"17:11:50"
"05/08/2026";"19:30:07";2026;2;"Eleição Ordinária";6259;"Eleições Gerais Estaduais 2026";"04/10/2026";"RO";"RO";"RONDÔNIA";220002536041;27;14;"Terra nua";"DIREITOS SOBRE IMOVEL RURAL";"405631,23";"04/08/2026";"17:11:50"
"05/08/2026";"19:30:07";2026;2;"Eleição Ordinária";6259;"Eleições Gerais Estaduais 2026";"04/10/2026";"RO";"RO";"RONDÔNIA";220002536041;26;14;"Terra nua";"FRAÇÃO DE IMÓVEL RURAL";"50000,00";"04/08/2026";"17:11:50"
"05/08/2026";"19:30:07";2026;2;"Eleição Ordinária";6259;"Eleições Gerais Estaduais 2026";"04/10/2026";"RO";"RO";"RONDÔNIA";220002536806;1;13;"Terreno";"01 (UM) LOTE URBANO (PRÉDIO COMERCIAL)";"400000,00";"04/08/2026";"18:56:39"
"05/08/2026";"19:30:07";2026;2;"Eleição Ordinária";6259;"Eleições Gerais Estaduais 2026";"04/10/2026";"RO";"RO";"RONDÔNIA";220002536041;29;14;"Terra nua";"FRAÇÃO DE IMOVEL RURAL";"40000,00";"04/08/2026";"17:11:50"
"05/08/2026";"19:30:07";2026;2;"Eleição Ordinária";6259;"Eleições Gerais Estaduais 2026";"04/10/2026";"RO";"RO";"RONDÔNIA";220002536041;30;14;"Terra nua";"FRAÇÃO DE IMOVEL RURAL";"30000,00";"04/08/2026";"17:11:50"
"05/08/2026";"19:30:07";2026;2;"Eleição Ordinária";6259;"Eleições Gerais Estaduais 2026";"04/10/2026";"RO";"RO";"RONDÔNIA";220002536806;3;39;"Outras participações societárias";"PARTICIPAÇÃO NA EMPRESA AUTO POSTO DA SETE LTDA.";"500000,00";"04/08/2026";"18:56:39"
"05/08/2026";"19:30:07";2026;2;"Eleição Ordinária";6259;"Eleições Gerais Estaduais 2026";"04/10/2026";"RO";"RO";"RONDÔNIA";220002536806;4;13;"Terreno";"1 (UM) TERRENO";"175000,00";"04/08/2026";"18:56:39"
"05/08/2026";"19:30:07";2026;2;"Eleição Ordinária";6259;"Eleições Gerais Estaduais 2026";"04/10/2026";"RO";"RO";"RONDÔNIA";220002536806;2;13;"Terreno";"LOTE RURAL";"90000,00";"04/08/2026";"18:56:39"
"05/08/2026";"19:30:07";2026;2;"Eleição Ordinária";6259;"Eleições Gerais Estaduais 2026";"04/10/2026";"RO";"RO";"RONDÔNIA";220002536806;5;13;"Terreno";"03 LOTES URBANO COM 2 CASAS RESIDENCIAL";"350000,00";"04/08/2026";"18:56:39"
"05/08/2026";"19:30:07";2026;2;"Eleição Ordinária";6259;"Eleições Gerais Estaduais 2026";"04/10/2026";"RO";"RO";"RONDÔNIA";220002536806;7;13;"Terreno";"02 LOTES URBANO";"150000,00";"04/08/2026";"18:56:39"
"05/08/2026";"19:30:07";2026;2;"Eleição Ordinária";6259;"Eleições Gerais Estaduais 2026";"04/10/2026";"RO";"RO";"RONDÔNIA";220002536806;6;59;"Outros créditos e poupança vinculados";"105 - BRASIL BEM OU DIREITO PERTENCENTE AO TÍTULAR CNPJ: 00.000.000/0001-91";"86,74";"04/08/2026";"18:56:39"
"05/08/2026";"19:30:07";2026;2;"Eleição Ordinária";6259;"Eleições Gerais Estaduais 2026";"04/10/2026";"RO";"RO";"RONDÔNIA";220002536807;3;39;"Outras participações societárias";"PARTICIPAÇÃO SOCIETÁRIA COM 10.000 COTAS CNPJ: 45.560.337/0001-91";"10000,00";"04/08/2026";"18:59:47"
"05/08/2026";"19:30:07";2026;2;"Eleição Ordinária";6259;"Eleições Gerais Estaduais 2026";"04/10/2026";"RO";"RO";"RONDÔNIA";220002536807;2;39;"Outras participações societárias";"PARTICIPAÇÃO SOCIETÁRIA COM 50.000 COTAS CNPJ: 55.135.506/0001-08";"50000,00";"04/08/2026";"18:59:47"
"05/08/2026";"19:30:07";2026;2;"Eleição Ordinária";6259;"Eleições Gerais Estaduais 2026";"04/10/2026";"RO";"RO";"RONDÔNIA";220002536807;1;49;"Outras aplicações e Investimentos";"SALDO APLICAÇÃO CAIXA ECONOMICA FEDERAL";"610,10";"04/08/2026";"18:59:47"
"05/08/2026";"19:30:07";2026;2;"Eleição Ordinária";6259;"Eleições Gerais Estaduais 2026";"04/10/2026";"RO";"RO";"RONDÔNIA";220002536807;4;39;"Outras participações societárias";"PARTICIPAÇÃO SOCIETÁRIA COM 6.000 COTAS CNPJ: 22.853.477/0001-52";"6000,00";"04/08/2026";"18:59:47"
"05/08/2026";"19:30:07";2026;2;"Eleição Ordinária";6259;"Eleições Gerais Estaduais 2026";"04/10/2026";"RO";"RO";"RONDÔNIA";220002536807;5;49;"Outras aplicações e Investimentos";"SALDO DE APLICAÇÃO BANCO BRADESCO";"651,07";"04/08/2026";"18:59:47"
"05/08/2026";"19:30:07";2026;2;"Eleição Ordinária";6259;"Eleições Gerais Estaduais 2026";"04/10/2026";"RO";"RO";"RONDÔNIA";220002536807;6;49;"Outras aplicações e Investimentos";"SALDO DE APLICAÇÃO FINANCEIRA BANCO SANTANDER";"11604,47";"04/08/2026";"18:59:47"
"05/08/2026";"19:30:07";2026;2;"Eleição Ordinária";6259;"Eleições Gerais Estaduais 2026";"04/10/2026";"RO";"RO";"RONDÔNIA";220002536880;1;21;"Veículo automotor terrestre: caminhão, automóvel, moto, etc.";"01 AUTOMOVEL MODELO PUNTO, MARCA FIAT, COR PRETO, PLACA NCH9965, ANO 2010";"30000,00";"04/08/2026";"17:11:53"
"05/08/2026";"19:30:07";2026;2;"Eleição Ordinária";6259;"Eleições Gerais Estaduais 2026";"04/10/2026";"RO";"RO";"RONDÔNIA";220002536880;2;21;"Veículo automotor terrestre: caminhão, automóvel, moto, etc.";"TOYOTA / HILUX SWSRXA4RD, PRETA, 2023/2024, PLACA SSG0A01";"325000,00";"04/08/2026";"17:11:53"
"05/08/2026";"19:30:07";2026;2;"Eleição Ordinária";6259;"Eleições Gerais Estaduais 2026";"04/10/2026";"RO";"RO";"RONDÔNIA";220002536880;3;11;"Apartamento";"01 APARTAMENTO NO 12, LOCALIZADO NO 1O ANDAR, 3O PAVIMENTO DO EDIFICIO AGUIDA , SITUADO NA RUA FREI ROGERIO, S/N, CIDADE DE LAGES - SC";"300000,00";"04/08/2026";"17:11:53"
"05/08/2026";"19:30:07";2026;2;"Eleição Ordinária";6259;"Eleições Gerais Estaduais 2026";"04/10/2026";"RO";"RO";"RONDÔNIA";220002536882;1;13;"Terreno";"LOTE URBANO 03 - QUADRA 03 - JARDIM COOAJA - JARU/RO - ADQ. EM 01/2010";"10000,00";"04/08/2026";"17:11:49"
"05/08/2026";"19:30:07";2026;2;"Eleição Ordinária";6259;"Eleições Gerais Estaduais 2026";"04/10/2026";"RO";"RO";"RONDÔNIA";220002536881;2;21;"Veículo automotor terrestre: caminhão, automóvel, moto, etc.";"I/FORD RANGER 2018-2019";"130000,00";"04/08/2026";"17:11:53"
"05/08/2026";"19:30:07";2026;2;"Eleição Ordinária";6259;"Eleições Gerais Estaduais 2026";"04/10/2026";"RO";"RO";"RONDÔNIA";220002536881;1;21;"Veículo automotor terrestre: caminhão, automóvel, moto, etc.";"HONDA/BIZ 125 2020";"13000,00";"04/08/2026";"17:11:53"
"05/08/2026";"19:30:07";2026;2;"Eleição Ordinária";6259;"Eleições Gerais Estaduais 2026";"04/10/2026";"RO";"RO";"RONDÔNIA";220002536882;2;13;"Terreno";"LOTE URBANO 08 - QUADRA 03 - ADQ. EM 12/2012";"25000,00";"04/08/2026";"17:11:49"
"05/08/2026";"19:30:07";2026;2;"Eleição Ordinária";6259;"Eleições Gerais Estaduais 2026";"04/10/2026";"RO";"RO";"RONDÔNIA";220002536882;4;14;"Terra nua";"LOTE DE TERRA DENOMINADO FAZENDA MAJARU 26 - SITUADO NO MUNICIPIO DE ARIQUEMES/RO - COM AREA DE 54,6727 ALQUEIRES.";"1366817,50";"04/08/2026";"17:11:49"
"05/08/2026";"19:30:07";2026;2;"Eleição Ordinária";6259;"Eleições Gerais Estaduais 2026";"04/10/2026";"RO";"RO";"RONDÔNIA";220002536882;3;14;"Terra nua";"LOTE RURAL DENOMINADO FAZENDA MAJARU - LT 26-A/27-A - COM AREA TOTAL DE 254,8174 HECTARES - LINHA 05 - SC 04 - MUNICIPIO DE THEOBROMA";"1256040,00";"04/08/2026";"17:11:49"
"05/08/2026";"19:30:07";2026;2;"Eleição Ordinária";6259;"Eleições Gerais Estaduais 2026";"04/10/2026";"RO";"RO";"RONDÔNIA";220002536882;6;13;"Terreno";"LOTE URBANO 02, QUADRA 08, SETOR 03, JARU/RO - RUA RIO DE JANEIRO, 2688, ADQ. EM 10/2007";"56000,00";"04/08/2026";"17:11:49"
"05/08/2026";"19:30:07";2026;2;"Eleição Ordinária";6259;"Eleições Gerais Estaduais 2026";"04/10/2026";"RO";"RO";"RONDÔNIA";220002536882;5;13;"Terreno";"LOTE URBANO 07 - QUADRA 03 - ADQ. EM 12/2012";"25000,00";"04/08/2026";"17:11:49"
"05/08/2026";"19:30:07";2026;2;"Eleição Ordinária";6259;"Eleições Gerais Estaduais 2026";"04/10/2026";"RO";"RO";"RONDÔNIA";220002536882;7;12;"Casa";"RESIDENCIA LOCALIZADA NO LOTE URBANO 12, QUADRA 08, SETOR 03, JARU/RO - RUA RIO DE JANEIRO 2688, S/N, ADQ. EM 12/2007,";"250000,00";"04/08/2026";"17:11:49"
"05/08/2026";"19:30:07";2026;2;"Eleição Ordinária";6259;"Eleições Gerais Estaduais 2026";"04/10/2026";"RO";"RO";"RONDÔNIA";220002536882;8;13;"Terreno";"LOTE URBANO 01, QUADRA 08, SETOR 03, JARU/RO - RUA RIO DE JANEIRO, 2688, ADQ. EM 03/2007";"56000,00";"04/08/2026";"17:11:49"
"05/08/2026";"19:30:07";2026;2;"Eleição Ordinária";6259;"Eleições Gerais Estaduais 2026";"04/10/2026";"RO";"RO";"RONDÔNIA";220002536882;9;13;"Terreno";"LOTE URBANO 02 - QUADRA 03 -JARDIM DA COOAJA - JARU/RO - ADQ. EM 01/2010";"10000,00";"04/08/2026";"17:11:49"
"05/08/2026";"19:30:07";2026;2;"Eleição Ordinária";6259;"Eleições Gerais Estaduais 2026";"04/10/2026";"RO";"RO";"RONDÔNIA";220002536882;10;21;"Veículo automotor terrestre: caminhão, automóvel, moto, etc.";"HONDA HRV";"170000,00";"04/08/2026";"17:11:49"
"05/08/2026";"19:30:07";2026;2;"Eleição Ordinária";6259;"Eleições Gerais Estaduais 2026";"04/10/2026";"RO";"RO";"RONDÔNIA";220002536882;12;21;"Veículo automotor terrestre: caminhão, automóvel, moto, etc.";"CHEVROLET ONIX 10AT LTZ - ANO 2021/2022 - PRETA - PLACA REP8B86 - ADQ. EM 17/09/2021, ADQ. EM 08/2021";"82510,55";"04/08/2026";"17:11:49"
"05/08/2026";"19:30:07";2026;2;"Eleição Ordinária";6259;"Eleições Gerais Estaduais 2026";"04/10/2026";"RO";"RO";"RONDÔNIA";220002536882;11;14;"Terra nua";"LOTE RURAL 02 - GLEBA 15 - GLEBA MACHADINHO - SITIO UNIAO - COM AREA DE 49,6728 HECTARES - MUNICIPIO DE VALE DO ANARI/RO,";"1200000,00";"04/08/2026";"17:11:49"
"05/08/2026";"19:30:07";2026;2;"Eleição Ordinária";6259;"Eleições Gerais Estaduais 2026";"04/10/2026";"RO";"RO";"RONDÔNIA";220002536882;13;14;"Terra nua";"LOTE RURAL 03 - GLEBA 15 - GLEBA MACHADINHO - LINHA B- 146 - COM AREA DE 49,7000 HECTARES - MUNICIPIO DE VALE DO ANARI/RO,";"1400000,00";"04/08/2026";"17:11:49"
"05/08/2026";"19:30:07";2026;2;"Eleição Ordinária";6259;"Eleições Gerais Estaduais 2026";"04/10/2026";"RO";"RO";"RONDÔNIA";220002536882;14;13;"Terreno";"LOTE RURAL 01 - GLEBA 15 - GLEBA MACHADINHO - SITIO MAMORE - COM AREA DE 50,3134 HECTARES - MUNICIPIO DE VALE DO ANARI/RO,";"1200000,00";"04/08/2026";"17:11:49"
"05/08/2026";"19:30:07";2026;2;"Eleição Ordinária";6259;"Eleições Gerais Estaduais 2026";"04/10/2026";"RO";"RO";"RONDÔNIA";220002536884;1;19;"Outros bens imóveis";"IMOVEL";"40000,00";"04/08/2026";"17:11:53"
"05/08/2026";"19:30:07";2026;2;"Eleição Ordinária";6259;"Eleições Gerais Estaduais 2026";"04/10/2026";"RO";"RO";"RONDÔNIA";220002536883;1;61;"Depósito bancário em conta corrente no País";"DINHEIRO";"1000000,00";"05/08/2026";"17:28:34"
"05/08/2026";"19:30:07";2026;2;"Eleição Ordinária";6259;"Eleições Gerais Estaduais 2026";"04/10/2026";"RO";"RO";"RONDÔNIA";220002536884;2;21;"Veículo automotor terrestre: caminhão, automóvel, moto, etc.";"VEICULOS MAQUINAS";"8458,00";"04/08/2026";"17:11:53"
"05/08/2026";"19:30:07";2026;2;"Eleição Ordinária";6259;"Eleições Gerais Estaduais 2026";"04/10/2026";"RO";"RO";"RONDÔNIA";220002536884;4;21;"Veículo automotor terrestre: caminhão, automóvel, moto, etc.";"VEÍCULOS E MÁQUINAS";"450000,00";"04/08/2026";"17:11:53"
"05/08/2026";"19:30:07";2026;2;"Eleição Ordinária";6259;"Eleições Gerais Estaduais 2026";"04/10/2026";"RO";"RO";"RONDÔNIA";220002536884;3;32;"Quotas ou quinhões de capital";"PARTICIPAÇÕES E CAPITAL";"300000,00";"04/08/2026";"17:11:53"
"05/08/2026";"19:30:07";2026;2;"Eleição Ordinária";6259;"Eleições Gerais Estaduais 2026";"04/10/2026";"RO";"RO";"RONDÔNIA";220002536884;6;21;"Veículo automotor terrestre: caminhão, automóvel, moto, etc.";"VEÍCULOS E MÁQUINAS";"8369,00";"04/08/2026";"17:11:53"
"05/08/2026";"19:30:07";2026;2;"Eleição Ordinária";6259;"Eleições Gerais Estaduais 2026";"04/10/2026";"RO";"RO";"RONDÔNIA";220002536884;7;21;"Veículo automotor terrestre: caminhão, automóvel, moto, etc.";"VEÍCULOS E MÁQUINAS";"8369,00";"04/08/2026";"17:11:53"
"05/08/2026";"19:30:07";2026;2;"Eleição Ordinária";6259;"Eleições Gerais Estaduais 2026";"04/10/2026";"RO";"RO";"RONDÔNIA";220002536884;5;32;"Quotas ou quinhões de capital";"PARTICIPAÇÕES E CAPITAL";"40000,00";"04/08/2026";"17:11:53"
"05/08/2026";"19:30:07";2026;2;"Eleição Ordinária";6259;"Eleições Gerais Estaduais 2026";"04/10/2026";"RO";"RO";"RONDÔNIA";220002536884;9;21;"Veículo automotor terrestre: caminhão, automóvel, moto, etc.";"VEICULOS E MAQUINAS";"59000,00";"04/08/2026";"17:11:53"
"05/08/2026";"19:30:07";2026;2;"Eleição Ordinária";6259;"Eleições Gerais Estaduais 2026";"04/10/2026";"RO";"RO";"RONDÔNIA";220002536884;10;21;"Veículo automotor terrestre: caminhão, automóvel, moto, etc.";"VEÍCULOS E MÁQUINAS";"145000,00";"04/08/2026";"17:11:53"
"05/08/2026";"19:30:07";2026;2;"Eleição Ordinária";6259;"Eleições Gerais Estaduais 2026";"04/10/2026";"RO";"RO";"RONDÔNIA";220002536884;8;32;"Quotas ou quinhões de capital";"PARTICIPAÇÃO E CAPITAL";"262311,00";"04/08/2026";"17:11:53"
"05/08/2026";"19:30:07";2026;2;"Eleição Ordinária";6259;"Eleições Gerais Estaduais 2026";"04/10/2026";"RO";"RO";"RONDÔNIA";220002536884;13;19;"Outros bens imóveis";"IMOVEL";"45000,00";"04/08/2026";"17:11:53"
"05/08/2026";"19:30:07";2026;2;"Eleição Ordinária";6259;"Eleições Gerais Estaduais 2026";"04/10/2026";"RO";"RO";"RONDÔNIA";220002536884;11;19;"Outros bens imóveis";"IMOVEL";"1590550,07";"04/08/2026";"17:11:53"
"05/08/2026";"19:30:07";2026;2;"Eleição Ordinária";6259;"Eleições Gerais Estaduais 2026";"04/10/2026";"RO";"RO";"RONDÔNIA";220002536884;12;21;"Veículo automotor terrestre: caminhão, automóvel, moto, etc.";"VEÍCULOS E MÁQUINAS";"780000,00";"04/08/2026";"17:11:53"
"05/08/2026";"19:30:07";2026;2;"Eleição Ordinária";6259;"Eleições Gerais Estaduais 2026";"04/10/2026";"RO";"RO";"RONDÔNIA";220002536884;16;19;"Outros bens imóveis";"IMOVEL";"200000,00";"04/08/2026";"17:11:53"
"05/08/2026";"19:30:07";2026;2;"Eleição Ordinária";6259;"Eleições Gerais Estaduais 2026";"04/10/2026";"RO";"RO";"RONDÔNIA";220002536884;15;21;"Veículo automotor terrestre: caminhão, automóvel, moto, etc.";"VEÍCULOS E MÁQUINAS";"9142,00";"04/08/2026";"17:11:53"
"05/08/2026";"19:30:07";2026;2;"Eleição Ordinária";6259;"Eleições Gerais Estaduais 2026";"04/10/2026";"RO";"RO";"RONDÔNIA";220002536884;14;21;"Veículo automotor terrestre: caminhão, automóvel, moto, etc.";"VEÍCULOS E MÁQUINAS";"9666,00";"04/08/2026";"17:11:53"
"05/08/2026";"19:30:07";2026;2;"Eleição Ordinária";6259;"Eleições Gerais Estaduais 2026";"04/10/2026";"RO";"RO";"RONDÔNIA";220002536884;17;21;"Veículo automotor terrestre: caminhão, automóvel, moto, etc.";"VEÍCULOS E MÁQUINAS";"251543,34";"04/08/2026";"17:11:53"
"05/08/2026";"19:30:07";2026;2;"Eleição Ordinária";6259;"Eleições Gerais Estaduais 2026";"04/10/2026";"RO";"RO";"RONDÔNIA";220002536884;18;21;"Veículo automotor terrestre: caminhão, automóvel, moto, etc.";"VEÍCULOS E MÁQUINAS";"10572,00";"04/08/2026";"17:11:53"
"05/08/2026";"19:30:07";2026;2;"Eleição Ordinária";6259;"Eleições Gerais Estaduais 2026";"04/10/2026";"RO";"RO";"RONDÔNIA";220002536884;19;21;"Veículo automotor terrestre: caminhão, automóvel, moto, etc.";"VEÍCULOS E MÁQUINAS";"13260,00";"04/08/2026";"17:11:53"
"05/08/2026";"19:30:07";2026;2;"Eleição Ordinária";6259;"Eleições Gerais Estaduais 2026";"04/10/2026";"RO";"RO";"RONDÔNIA";220002536884;20;21;"Veículo automotor terrestre: caminhão, automóvel, moto, etc.";"VEÍCULOS E MÁQUINAS";"50000,00";"04/08/2026";"17:11:53"
"05/08/2026";"19:30:07";2026;2;"Eleição Ordinária";6259;"Eleições Gerais Estaduais 2026";"04/10/2026";"RO";"RO";"RONDÔNIA";220002536885;2;45;"Aplicação de renda fixa (CDB, RDB e outros)";"APLICACAO DE RENDA FIXA SICOOB";"247330,11";"04/08/2026";"17:11:53"
"05/08/2026";"19:30:07";2026;2;"Eleição Ordinária";6259;"Eleições Gerais Estaduais 2026";"04/10/2026";"RO";"RO";"RONDÔNIA";220002536885;1;21;"Veículo automotor terrestre: caminhão, automóvel, moto, etc.";"VW/KOMBI - 1999/2000 - PLACA CDZ5B57";"21,00";"04/08/2026";"17:11:53"
"05/08/2026";"19:30:07";2026;2;"Eleição Ordinária";6259;"Eleições Gerais Estaduais 2026";"04/10/2026";"RO";"RO";"RONDÔNIA";220002536885;4;21;"Veículo automotor terrestre: caminhão, automóvel, moto, etc.";"I/HONDA ZR-V TOURING - PLACA QTD7G29/RO - 2024/2024 - ADQUIRIDA EM 13/11/2024 CONF NFE 10743 - IVEL COMERCIO DE VEICULOS LTDA";"205000,00";"04/08/2026";"17:11:53"
"05/08/2026";"19:30:07";2026;2;"Eleição Ordinária";6259;"Eleições Gerais Estaduais 2026";"04/10/2026";"RO";"RO";"RONDÔNIA";220002536885;3;21;"Veículo automotor terrestre: caminhão, automóvel, moto, etc.";"CHEVROLET/S10 LTZ DD4A - 2020/2020 - PLACA QTE6C48 - RECEBIDA POR MEIO DE DOACAO DO SEU GENITOR SR. DIVINO CARDOSO CAMPOS.";"210000,00";"04/08/2026";"17:11:53"
"05/08/2026";"19:30:07";2026;2;"Eleição Ordinária";6259;"Eleições Gerais Estaduais 2026";"04/10/2026";"RO";"RO";"RONDÔNIA";220002536885;5;14;"Terra nua";"LOTE DE TERRAS URBANO NO 02-A COM AREA DE 589,62 M2, QUADRA 12, SETOR 03, LOCALIZADO NA RUA RIO BRANCO, ADQUIRIDO ATRAVES DE PERMUTA DE DIVINO CARDOSO CAMPOS E DIVINO CARDOSO CAMPOS JUNIOR, CONF ESCRI";"763759,32";"04/08/2026";"17:11:53"
"05/08/2026";"19:30:07";2026;2;"Eleição Ordinária";6259;"Eleições Gerais Estaduais 2026";"04/10/2026";"RO";"RO";"RONDÔNIA";220002536886;2;13;"Terreno";"DIREITOS AQUISITIVOS CORRESPONDENTES À O (50%) DE IMÓ VEL RURAL (CHÁ CARA), ADQUIRIDO MEDIANTE FINANCIAMENTO";"150000,00";"04/08/2026";"17:11:50"
"05/08/2026";"19:30:07";2026;2;"Eleição Ordinária";6259;"Eleições Gerais Estaduais 2026";"04/10/2026";"RO";"RO";"RONDÔNIA";220002536887;1;13;"Terreno";"LOTE SITUADO NA AV. BRASIL";"450000,00";"04/08/2026";"17:11:50"
"05/08/2026";"19:30:07";2026;2;"Eleição Ordinária";6259;"Eleições Gerais Estaduais 2026";"04/10/2026";"RO";"RO";"RONDÔNIA";220002536886;1;32;"Quotas ou quinhões de capital";"PARTICIPAÇÃ O RIA CORRESPONDENTE A 50% DA EMPRESA S A DE AGUIAR GOMES, CNPJ N. 42.022.911/0001-60.";"5000,00";"04/08/2026";"17:11:50"
"05/08/2026";"19:30:07";2026;2;"Eleição Ordinária";6259;"Eleições Gerais Estaduais 2026";"04/10/2026";"RO";"RO";"RONDÔNIA";220002536887;2;13;"Terreno";"LOTE SITUADO NA RUA CEDRO";"230000,00";"04/08/2026";"17:11:50"
"05/08/2026";"19:30:07";2026;2;"Eleição Ordinária";6259;"Eleições Gerais Estaduais 2026";"04/10/2026";"RO";"RO";"RONDÔNIA";220002536887;3;13;"Terreno";"LOTE SITUADO NA AV. COLINA PARK";"100000,00";"04/08/2026";"17:11:50"
"05/08/2026";"19:30:07";2026;2;"Eleição Ordinária";6259;"Eleições Gerais Estaduais 2026";"04/10/2026";"RO";"RO";"RONDÔNIA";220002536888;1;32;"Quotas ou quinhões de capital";"DETENTOR DE 49% DE COTA CAPITAL DA EMPRESA - CLUBE DE TIRO DESPORTIVO FORTE PRINCIPE EM SAO MIGUEL DO GUAPORE";"29400000,00";"04/08/2026";"17:11:53"
"05/08/2026";"19:30:07";2026;2;"Eleição Ordinária";6259;"Eleições Gerais Estaduais 2026";"04/10/2026";"RO";"RO";"RONDÔNIA";220002537549;3;13;"Terreno";"TERRENO LOCALIZADO NA CIDADE DE BURITIS/RO";"19000,00";"05/08/2026";"17:18:53"
"05/08/2026";"19:30:07";2026;2;"Eleição Ordinária";6259;"Eleições Gerais Estaduais 2026";"04/10/2026";"RO";"RO";"RONDÔNIA";220002537549;1;12;"Casa";"IMOVEL RESIDENCIAL NA CIDADE DE BURITIS";"123043,23";"05/08/2026";"17:18:53"
"05/08/2026";"19:30:07";2026;2;"Eleição Ordinária";6259;"Eleições Gerais Estaduais 2026";"04/10/2026";"RO";"RO";"RONDÔNIA";220002537549;2;11;"Apartamento";"APARTAMENTO LOCALIZADO NA CIDADE DE PORTO VELHO";"15129914,00";"05/08/2026";"17:18:53"
"05/08/2026";"19:30:07";2026;2;"Eleição Ordinária";6259;"Eleições Gerais Estaduais 2026";"04/10/2026";"RO";"RO";"RONDÔNIA";220002537551;1;32;"Quotas ou quinhões de capital";"50% DAS COTAS SOCIETÁRIAS DA EMPRESA ZAU TREINAMENTO PROFISSIONAL LTDA";"25000,00";"05/08/2026";"17:18:51"
"05/08/2026";"19:30:07";2026;2;"Eleição Ordinária";6259;"Eleições Gerais Estaduais 2026";"04/10/2026";"RO";"RO";"RONDÔNIA";220002537551;2;32;"Quotas ou quinhões de capital";"50% DAS COTAS DA EMPRESA PATRICK FAELBI ALVES DE ASSIS E CIA LTDA";"50000,00";"05/08/2026";"17:18:51"
"05/08/2026";"19:30:07";2026;2;"Eleição Ordinária";6259;"Eleições Gerais Estaduais 2026";"04/10/2026";"RO";"RO";"RONDÔNIA";220002537550;1;11;"Apartamento";"APARTAMENTO RESIDENTCIAL, UNIDADE 301, EDIFICIO PORTO PALAZZO RESIDENCE";"46726,00";"05/08/2026";"17:19:00"
"05/08/2026";"19:30:07";2026;2;"Eleição Ordinária";6259;"Eleições Gerais Estaduais 2026";"04/10/2026";"RO";"RO";"RONDÔNIA";220002537551;4;12;"Casa";"5. IMÓVEL RESIDENCIAL COM APROXIMADAMENTE 320 METROS QUADRADOS DE CONSTRUÇÃO";"800000,00";"05/08/2026";"17:18:51"
"05/08/2026";"19:30:07";2026;2;"Eleição Ordinária";6259;"Eleições Gerais Estaduais 2026";"04/10/2026";"RO";"RO";"RONDÔNIA";220002537551;5;21;"Veículo automotor terrestre: caminhão, automóvel, moto, etc.";"1. JEEP COMPASS 2024/2024";"232000,00";"05/08/2026";"17:18:51"
"05/08/2026";"19:30:07";2026;2;"Eleição Ordinária";6259;"Eleições Gerais Estaduais 2026";"04/10/2026";"RO";"RO";"RONDÔNIA";220002537551;3;32;"Quotas ou quinhões de capital";"50% DO CAPITAL SOCIAL DA EMPRESA F A DE ASSIS E CIA LTDA";"404012,00";"05/08/2026";"17:18:51"
"05/08/2026";"19:30:07";2026;2;"Eleição Ordinária";6259;"Eleições Gerais Estaduais 2026";"04/10/2026";"RO";"RO";"RONDÔNIA";220002537551;6;32;"Quotas ou quinhões de capital";"50% DAS COTAS DA EMPRESA PATRICK FAELBI ALVES DE ASSIS E CIA LTDA";"50000,00";"05/08/2026";"17:18:51"
"05/08/2026";"19:30:07";2026;2;"Eleição Ordinária";6259;"Eleições Gerais Estaduais 2026";"04/10/2026";"RO";"RO";"RONDÔNIA";220002537552;1;12;"Casa";"CASA NO 12 BLOCO 03 - RESIDENCIAL VILLA FLORA";"135800,00";"05/08/2026";"17:19:05"
"05/08/2026";"19:30:07";2026;2;"Eleição Ordinária";6259;"Eleições Gerais Estaduais 2026";"04/10/2026";"RO";"RO";"RONDÔNIA";220002537552;2;32;"Quotas ou quinhões de capital";"CAPITAL SOCIAL - SICOOB AG. 3271";"13130,09";"05/08/2026";"17:19:05"
"05/08/2026";"19:30:07";2026;2;"Eleição Ordinária";6259;"Eleições Gerais Estaduais 2026";"04/10/2026";"RO";"RO";"RONDÔNIA";220002537552;3;13;"Terreno";"LOTE DE TERRA URBANO SOB NO 153 DA QUADRA 19";"40000,00";"05/08/2026";"17:19:05"
"05/08/2026";"19:30:07";2026;2;"Eleição Ordinária";6259;"Eleições Gerais Estaduais 2026";"04/10/2026";"RO";"RO";"RONDÔNIA";220002537554;2;21;"Veículo automotor terrestre: caminhão, automóvel, moto, etc.";"VEÍCULO IVECO/AUTOMOTOR CAMARI CO.CM ANO 2012/2013, COR BRANCA.";"85000,00";"05/08/2026";"17:18:55"
"05/08/2026";"19:30:07";2026;2;"Eleição Ordinária";6259;"Eleições Gerais Estaduais 2026";"04/10/2026";"RO";"RO";"RONDÔNIA";220002537554;1;12;"Casa";"LOTE DE TERRAS URBANO - DENOMINADO LOTE N. 22, QUADRA 201 - SETOR 01, COM AREA DE 0,5279HA, CONTENDO UMA CASA RESIDENCIAL EM ALVENARIA";"240000,00";"05/08/2026";"17:18:55"
"05/08/2026";"19:30:07";2026;2;"Eleição Ordinária";6259;"Eleições Gerais Estaduais 2026";"04/10/2026";"RO";"RO";"RONDÔNIA";220002537554;4;13;"Terreno";"LOTE URBANO LOCALIZADO NO SETOR 03, QUADRA 08100, LOTE 00014    UNIDADE 001, PIMENTA BUENO-RO";"100000,00";"05/08/2026";"17:18:55"
"05/08/2026";"19:30:07";2026;2;"Eleição Ordinária";6259;"Eleições Gerais Estaduais 2026";"04/10/2026";"RO";"RO";"RONDÔNIA";220002537554;3;32;"Quotas ou quinhões de capital";"QUOTAS DE CAPITAL DA COOP. DE CREDITO DE LIVRE ADMISSAO DO CENTRO SUL RONDONIENSE";"3233,70";"05/08/2026";"17:18:55"
"05/08/2026";"19:30:07";2026;2;"Eleição Ordinária";6259;"Eleições Gerais Estaduais 2026";"04/10/2026";"RO";"RO";"RONDÔNIA";220002537554;5;99;"OUTROS BENS E DIREITOS";"HERANCA, LEGADO OU MEACAO (ADJUDICACAO) DE LOTE COM BENFEITORIA, LT. 16, QUADRA 74 BAIRRO: SETOR 002, PIMENTA BUENO";"38560,34";"05/08/2026";"17:18:55"
"05/08/2026";"19:30:07";2026;2;"Eleição Ordinária";6259;"Eleições Gerais Estaduais 2026";"04/10/2026";"RO";"RO";"RONDÔNIA";220002537554;7;13;"Terreno";"LOTE DE TERRAS URBANO DENOMINADO N. 08 - QUADRA 46 - SETOR 01 - E SUAS BENFEITORIAS, LOCALIZADA NA RUA COSTA MARQUES N. 1034 - PIMENTA BUENO - RO";"492000,00";"05/08/2026";"17:18:55"
"05/08/2026";"19:30:07";2026;2;"Eleição Ordinária";6259;"Eleições Gerais Estaduais 2026";"04/10/2026";"RO";"RO";"RONDÔNIA";220002537555;1;32;"Quotas ou quinhões de capital";"DESCRIÇÃO DO CAPITAL SOCIAL JUNTO AO SICOOB.";"8436,96";"05/08/2026";"17:18:57"
"05/08/2026";"19:30:07";2026;2;"Eleição Ordinária";6259;"Eleições Gerais Estaduais 2026";"04/10/2026";"RO";"RO";"RONDÔNIA";220002537554;6;99;"OUTROS BENS E DIREITOS";"DISPONIBILIDADE, SOB RECURSO PROPRIO.";"250000,00";"05/08/2026";"17:18:55"
"05/08/2026";"19:30:07";2026;2;"Eleição Ordinária";6259;"Eleições Gerais Estaduais 2026";"04/10/2026";"RO";"RO";"RONDÔNIA";220002537555;2;41;"Caderneta de poupança";"DESCRIÇÃO POUPANÇA.";"3169,93";"05/08/2026";"17:18:57"
"05/08/2026";"19:30:07";2026;2;"Eleição Ordinária";6259;"Eleições Gerais Estaduais 2026";"04/10/2026";"RO";"RO";"RONDÔNIA";220002537555;3;21;"Veículo automotor terrestre: caminhão, automóvel, moto, etc.";"VEICULO HONDA";"94950,00";"05/08/2026";"17:18:57"
"05/08/2026";"19:30:07";2026;2;"Eleição Ordinária";6259;"Eleições Gerais Estaduais 2026";"04/10/2026";"RO";"RO";"RONDÔNIA";220002537555;4;14;"Terra nua";"CHÁCARAS NO MUNICÍPIO DE VILHENA-RO";"728882,73";"05/08/2026";"17:18:57"
"05/08/2026";"19:30:07";2026;2;"Eleição Ordinária";6259;"Eleições Gerais Estaduais 2026";"04/10/2026";"RO";"RO";"RONDÔNIA";220002537555;5;13;"Terreno";"TERRENO URBANO NO MUNICÍPIO DE VILHENA-RO";"58000,00";"05/08/2026";"17:18:57"
"05/08/2026";"19:30:07";2026;2;"Eleição Ordinária";6259;"Eleições Gerais Estaduais 2026";"04/10/2026";"RO";"RO";"RONDÔNIA";220002537555;7;21;"Veículo automotor terrestre: caminhão, automóvel, moto, etc.";"VEICULO REBOQUE (CARRETINHA)";"5000,00";"05/08/2026";"17:18:57"
"05/08/2026";"19:30:07";2026;2;"Eleição Ordinária";6259;"Eleições Gerais Estaduais 2026";"04/10/2026";"RO";"RO";"RONDÔNIA";220002537555;6;21;"Veículo automotor terrestre: caminhão, automóvel, moto, etc.";"VEICULO MARCO/POLO";"35000,00";"05/08/2026";"17:18:57"
"05/08/2026";"19:30:07";2026;2;"Eleição Ordinária";6259;"Eleições Gerais Estaduais 2026";"04/10/2026";"RO";"RO";"RONDÔNIA";220002537555;8;21;"Veículo automotor terrestre: caminhão, automóvel, moto, etc.";"VEICULO TOYOTA BANDEIRANTE";"50000,00";"05/08/2026";"17:18:57"
"05/08/2026";"19:30:07";2026;2;"Eleição Ordinária";6259;"Eleições Gerais Estaduais 2026";"04/10/2026";"RO";"RO";"RONDÔNIA";220002537555;9;3;"Galpão";"CONSTRUÇÃO BARRACÕES ABERTO MUNICÍPIO DE VILHENA -RO";"851190,95";"05/08/2026";"17:18:57"
"05/08/2026";"19:30:07";2026;2;"Eleição Ordinária";6259;"Eleições Gerais Estaduais 2026";"04/10/2026";"RO";"RO";"RONDÔNIA";220002537555;10;12;"Casa";"CASA RESIDENCIAL DE ALVENARIA NO MUNICÍPIO DE VILHENA-RO";"550033,77";"05/08/2026";"17:18:57"
"05/08/2026";"19:30:07";2026;2;"Eleição Ordinária";6259;"Eleições Gerais Estaduais 2026";"04/10/2026";"RO";"RO";"RONDÔNIA";220002537557;2;32;"Quotas ou quinhões de capital";"QUOTAS CORRESPONDENTES A 50% (CINQUENTA POR CENTO) DO CAPITAL SOCIAL DA EMPRESA REIS   NEIVA HOTELARIA LTDA, CNPJ N. 67.780.062/0001-34, COM SEDE EM PORTO VELHO/RO, CONFORME CONTRATO SOCIAL.";"50000,00";"05/08/2026";"17:19:08"
"05/08/2026";"19:30:07";2026;2;"Eleição Ordinária";6259;"Eleições Gerais Estaduais 2026";"04/10/2026";"RO";"RO";"RONDÔNIA";220002537557;3;32;"Quotas ou quinhões de capital";"QUOTAS CORRESPONDENTES A 50% (CINQUENTA POR CENTO) DO CAPITAL SOCIAL DA EMPRESA LONGHI   REIS COMÉRCIO DE BEBIDAS LTDA, CNPJ N. 61.130.546/0001-51, COM SEDE EM PORTO VELHO/RO, CONFORME CONTRATO SOCIAL";"50000,00";"05/08/2026";"17:19:08"
"05/08/2026";"19:30:07";2026;2;"Eleição Ordinária";6259;"Eleições Gerais Estaduais 2026";"04/10/2026";"RO";"RO";"RONDÔNIA";220002537557;1;12;"Casa";"FRAÇÃO DE 50% (CINQUENTA POR CENTO) SOBRE LOTE URBANO E SOBRE A RESPECTIVA CONSTRUÇÃO RESIDENCIAL (CASA DE ALVENARIA) EM FASE DE EDIFICAÇÃO NO REFERIDO LOTE, SITUADO NO MUNICÍPIO DE PORTO VELHO/RO.";"1000000,00";"05/08/2026";"17:19:08"
"05/08/2026";"19:30:07";2026;2;"Eleição Ordinária";6259;"Eleições Gerais Estaduais 2026";"04/10/2026";"RO";"RO";"RONDÔNIA";220002537558;1;32;"Quotas ou quinhões de capital";"EMPRESARIO UNICO DA EMPRESA SPHERA ENGENHARIA EIRELI, INSCRITA NO CNPJ SOB N.O: 14.336.286/0001-95,";"300000,00";"05/08/2026";"17:18:45"
"05/08/2026";"19:30:07";2026;2;"Eleição Ordinária";6259;"Eleições Gerais Estaduais 2026";"04/10/2026";"RO";"RO";"RONDÔNIA";220002537559;1;12;"Casa";"UM IMOVEL RESIDENCIAL LOCALIZADO EM JI-PARANA/RO";"650000,00";"05/08/2026";"17:18:55"
"05/08/2026";"19:30:07";2026;2;"Eleição Ordinária";6259;"Eleições Gerais Estaduais 2026";"04/10/2026";"RO";"RO";"RONDÔNIA";220002537560;1;12;"Casa";"CASA RESIDENCIAL DE ALVENARIA NO MUNICÍPIO DE GUAJARÁ MIRIM-RO";"90000,00";"05/08/2026";"17:19:03"
"05/08/2026";"19:30:07";2026;2;"Eleição Ordinária";6259;"Eleições Gerais Estaduais 2026";"04/10/2026";"RO";"RO";"RONDÔNIA";220002537560;4;21;"Veículo automotor terrestre: caminhão, automóvel, moto, etc.";"VEICULO TOYOTA HILLUX";"260000,00";"05/08/2026";"17:19:03"
"05/08/2026";"19:30:07";2026;2;"Eleição Ordinária";6259;"Eleições Gerais Estaduais 2026";"04/10/2026";"RO";"RO";"RONDÔNIA";220002537560;2;45;"Aplicação de renda fixa (CDB, RDB e outros)";"APLICAÇÃO RENDA FIXA BANCO BRADESCO";"105000,00";"05/08/2026";"17:19:03"
"05/08/2026";"19:30:07";2026;2;"Eleição Ordinária";6259;"Eleições Gerais Estaduais 2026";"04/10/2026";"RO";"RO";"RONDÔNIA";220002537560;3;11;"Apartamento";"APARTAMENTO NO MUNICÍPIO DE PORTO VELHO-RO.";"140590,00";"05/08/2026";"17:19:03"
"05/08/2026";"19:30:07";2026;2;"Eleição Ordinária";6259;"Eleições Gerais Estaduais 2026";"04/10/2026";"RO";"RO";"RONDÔNIA";220002537560;5;21;"Veículo automotor terrestre: caminhão, automóvel, moto, etc.";"VEICULO AMAROK";"90000,00";"05/08/2026";"17:19:03"
"05/08/2026";"19:30:07";2026;2;"Eleição Ordinária";6259;"Eleições Gerais Estaduais 2026";"04/10/2026";"RO";"RO";"RONDÔNIA";220002537560;7;21;"Veículo automotor terrestre: caminhão, automóvel, moto, etc.";"VEICULO NISSAN/VERSA";"32000,00";"05/08/2026";"17:19:03"
"05/08/2026";"19:30:07";2026;2;"Eleição Ordinária";6259;"Eleições Gerais Estaduais 2026";"04/10/2026";"RO";"RO";"RONDÔNIA";220002537560;6;45;"Aplicação de renda fixa (CDB, RDB e outros)";"APLICAÇÃO EM RENDA FIXA BANCO DO BRASIL";"252,53";"05/08/2026";"17:19:03"
"05/08/2026";"19:30:07";2026;2;"Eleição Ordinária";6259;"Eleições Gerais Estaduais 2026";"04/10/2026";"RO";"RO";"RONDÔNIA";220002537560;8;41;"Caderneta de poupança";"APLICAÇÃO POUPANÇA BANCO DO BRASIL";"705963,67";"05/08/2026";"17:19:03"
"05/08/2026";"19:30:07";2026;2;"Eleição Ordinária";6259;"Eleições Gerais Estaduais 2026";"04/10/2026";"RO";"RO";"RONDÔNIA";220002537561;2;21;"Veículo automotor terrestre: caminhão, automóvel, moto, etc.";"LAND ROVER SPORT D352 2023/2023";"790000,00";"05/08/2026";"17:18:48"
"05/08/2026";"19:30:07";2026;2;"Eleição Ordinária";6259;"Eleições Gerais Estaduais 2026";"04/10/2026";"RO";"RO";"RONDÔNIA";220002537561;1;22;"Aeronave";"AERONAVE MATRICULA PRWHO FABRICANTE CESSNA AIRCRAFT ANO DE FABRICACAO 1976 MODELO 172N";"1050000,00";"05/08/2026";"17:18:48"
"05/08/2026";"19:30:07";2026;2;"Eleição Ordinária";6259;"Eleições Gerais Estaduais 2026";"04/10/2026";"RO";"RO";"RONDÔNIA";220002537561;5;32;"Quotas ou quinhões de capital";"CREDISIS ¿ QUOTA CAPITAL";"17985,00";"05/08/2026";"17:18:48"
"05/08/2026";"19:30:07";2026;2;"Eleição Ordinária";6259;"Eleições Gerais Estaduais 2026";"04/10/2026";"RO";"RO";"RONDÔNIA";220002537561;4;32;"Quotas ou quinhões de capital";"SICRED. QUOTA CAPITAL";"23374,87";"05/08/2026";"17:18:48"
"05/08/2026";"19:30:07";2026;2;"Eleição Ordinária";6259;"Eleições Gerais Estaduais 2026";"04/10/2026";"RO";"RO";"RONDÔNIA";220002537561;3;21;"Veículo automotor terrestre: caminhão, automóvel, moto, etc.";"TOYOTA HILUX SW4 PRETA 2024/2024";"370000,00";"05/08/2026";"17:18:48"
"05/08/2026";"19:30:07";2026;2;"Eleição Ordinária";6259;"Eleições Gerais Estaduais 2026";"04/10/2026";"RO";"RO";"RONDÔNIA";220002537561;6;39;"Outras participações societárias";"DOM BOSCO INDUSTRIA DE RACAO ANIMAL E PECUARIA LTDA,";"752250,00";"05/08/2026";"17:18:48"
"05/08/2026";"19:30:07";2026;2;"Eleição Ordinária";6259;"Eleições Gerais Estaduais 2026";"04/10/2026";"RO";"RO";"RONDÔNIA";220002537561;8;13;"Terreno";"LOTE 100 DA QUADRA 37, SETOR 11, LOCALIZADO NO LADO IMPAR DA RUA DOS SERINGUEIROS. RESIDENCIAL PARK AMAZONAS";"27800,00";"05/08/2026";"17:18:48"
"05/08/2026";"19:30:07";2026;2;"Eleição Ordinária";6259;"Eleições Gerais Estaduais 2026";"04/10/2026";"RO";"RO";"RONDÔNIA";220002537561;7;21;"Veículo automotor terrestre: caminhão, automóvel, moto, etc.";"I/FORD TRANSIT 350 T";"200000,00";"05/08/2026";"17:18:48"
"05/08/2026";"19:30:07";2026;2;"Eleição Ordinária";6259;"Eleições Gerais Estaduais 2026";"04/10/2026";"RO";"RO";"RONDÔNIA";220002537561;11;13;"Terreno";"LOTE 38, DA QUADRA 37, SETOR 11, RESIDENCIAL PARK AMANZONA.";"31800,00";"05/08/2026";"17:18:48"
"05/08/2026";"19:30:07";2026;2;"Eleição Ordinária";6259;"Eleições Gerais Estaduais 2026";"04/10/2026";"RO";"RO";"RONDÔNIA";220002537561;9;21;"Veículo automotor terrestre: caminhão, automóvel, moto, etc.";"HONDA/CG 160 TITAN 2026/2026";"22000,00";"05/08/2026";"17:18:48"
"05/08/2026";"19:30:07";2026;2;"Eleição Ordinária";6259;"Eleições Gerais Estaduais 2026";"04/10/2026";"RO";"RO";"RONDÔNIA";220002537561;10;21;"Veículo automotor terrestre: caminhão, automóvel, moto, etc.";"R/RANDON RE DL 02 2021/2021, SIMREBOQUE RHE1H06 E RHF1C16";"500000,00";"05/08/2026";"17:18:48"
"05/08/2026";"19:30:07";2026;2;"Eleição Ordinária";6259;"Eleições Gerais Estaduais 2026";"04/10/2026";"RO";"RO";"RONDÔNIA";220002537561;12;13;"Terreno";"LOTE 50, QUADRA 37, SETOR 11, LADO IMPRA DA RUA DOS SERINGUEIROS, RESIDENCIAL PARK AMAZONAS.";"27800,00";"05/08/2026";"17:18:48"
"05/08/2026";"19:30:07";2026;2;"Eleição Ordinária";6259;"Eleições Gerais Estaduais 2026";"04/10/2026";"RO";"RO";"RONDÔNIA";220002537561;13;13;"Terreno";"LOTE 62, DA QUADRA 37, SETOR 11, LADO IMPRA DA RUA DOS SERINGUEIROS. RESIDENCIAL PARK AMAZONAS";"27800,00";"05/08/2026";"17:18:48"
"05/08/2026";"19:30:07";2026;2;"Eleição Ordinária";6259;"Eleições Gerais Estaduais 2026";"04/10/2026";"RO";"RO";"RONDÔNIA";220002537562;1;21;"Veículo automotor terrestre: caminhão, automóvel, moto, etc.";"I/M BENS CLA250 , MODELO 2022";"180000,00";"05/08/2026";"17:18:44"
"05/08/2026";"19:30:07";2026;2;"Eleição Ordinária";6259;"Eleições Gerais Estaduais 2026";"04/10/2026";"RO";"RO";"RONDÔNIA";220002537562;2;1;"Prédio residencial";"PREDIO RESIDENCIAL LOCALIZA DO EM PORTO VELHO/RO";"165229,91";"05/08/2026";"17:18:44"
"05/08/2026";"19:30:07";2026;2;"Eleição Ordinária";6259;"Eleições Gerais Estaduais 2026";"04/10/2026";"RO";"RO";"RONDÔNIA";220002537562;3;12;"Casa";"IMOVEL RESIDENCIAL EM PORTO VELHO/RO";"555012,81";"05/08/2026";"17:18:44"
"05/08/2026";"19:30:07";2026;2;"Eleição Ordinária";6259;"Eleições Gerais Estaduais 2026";"04/10/2026";"RO";"RO";"RONDÔNIA";220002537562;4;21;"Veículo automotor terrestre: caminhão, automóvel, moto, etc.";"EVOQUE/LR HSE DTN 2017";"120000,00";"05/08/2026";"17:18:44"
"05/08/2026";"19:30:07";2026;2;"Eleição Ordinária";6259;"Eleições Gerais Estaduais 2026";"04/10/2026";"RO";"RO";"RONDÔNIA";220002537562;5;21;"Veículo automotor terrestre: caminhão, automóvel, moto, etc.";"SW4 SUV HIGN DIAMOND 23/24";"329562,84";"05/08/2026";"17:18:44"
"05/08/2026";"19:30:07";2026;2;"Eleição Ordinária";6259;"Eleições Gerais Estaduais 2026";"04/10/2026";"RO";"RO";"RONDÔNIA";220002537563;1;12;"Casa";"UM IMOVEL RESIDENCIAL";"500000,00";"05/08/2026";"17:18:59"
"05/08/2026";"19:30:07";2026;2;"Eleição Ordinária";6259;"Eleições Gerais Estaduais 2026";"04/10/2026";"RO";"RO";"RONDÔNIA";220002537562;6;11;"Apartamento";"APARTAMENTO EM JOAO PESSOA/PB";"549731,00";"05/08/2026";"17:18:44"
"05/08/2026";"19:30:07";2026;2;"Eleição Ordinária";6259;"Eleições Gerais Estaduais 2026";"04/10/2026";"RO";"RO";"RONDÔNIA";220002537565;3;21;"Veículo automotor terrestre: caminhão, automóvel, moto, etc.";"50% SOBRE, MINI JEEP SPORT CHASSI JPSP0820220071, BENS COMUNS QUE ESTÃO NA DECLARAÇÃO DO CÔNJUGE NEREU MEZZOMO";"14950,00";"05/08/2026";"17:18:52"
"05/08/2026";"19:30:07";2026;2;"Eleição Ordinária";6259;"Eleições Gerais Estaduais 2026";"04/10/2026";"RO";"RO";"RONDÔNIA";220002537565;1;21;"Veículo automotor terrestre: caminhão, automóvel, moto, etc.";"50% SOBRE, AUTOMOVEL FIAT STRADA WORKING, ANO 2014/2014, COR BRANCA, PLACA NCE4944, BENS COMUNS QUE ESTÃO NA DECLARAÇÃO DO CÔNJUGE NEREU MEZZOMO";"19000,00";"05/08/2026";"17:18:52"
"05/08/2026";"19:30:07";2026;2;"Eleição Ordinária";6259;"Eleições Gerais Estaduais 2026";"04/10/2026";"RO";"RO";"RONDÔNIA";220002537565;2;21;"Veículo automotor terrestre: caminhão, automóvel, moto, etc.";"50% SOBRE, REBOQUE DOLLY ANO 2007/2007, PLACA LAH8808, BENS COMUNS QUE ESTÃO NA DECLARAÇÃO DO CÔNJUGE NEREU MEZZOMO";"12500,00";"05/08/2026";"17:18:52"
"05/08/2026";"19:30:07";2026;2;"Eleição Ordinária";6259;"Eleições Gerais Estaduais 2026";"04/10/2026";"RO";"RO";"RONDÔNIA";220002537565;4;32;"Quotas ou quinhões de capital";"50% SOBRE, EMPRESA AGROPECUARIA MEZZOMO LTDA CNPJ 20.258.727/0001-80, BENS COMUNS QUE ESTÃO NA DECLARAÇÃO DO CÔNJUGE NEREU MEZZOMO";"900000,00";"05/08/2026";"17:18:52"
"05/08/2026";"19:30:07";2026;2;"Eleição Ordinária";6259;"Eleições Gerais Estaduais 2026";"04/10/2026";"RO";"RO";"RONDÔNIA";220002537565;5;32;"Quotas ou quinhões de capital";"50% SOBRE, EMPRESA M. F. MEZZOMO SERVICOS EIRELI ME CNPJ 28.462.403/0001-71, BENS COMUNS QUE ESTÃO NA DECLARAÇÃO DO CÔNJUGE NEREU MEZZOMO";"50000,00";"05/08/2026";"17:18:52"
"05/08/2026";"19:30:07";2026;2;"Eleição Ordinária";6259;"Eleições Gerais Estaduais 2026";"04/10/2026";"RO";"RO";"RONDÔNIA";220002537565;6;32;"Quotas ou quinhões de capital";"50% SOBRE, EMPRESA NEMAR PARTICIPACOES S/A CNPJ 29.285.428/0001-00, BENS COMUNS QUE ESTÃO NA DECLARAÇÃO DO CÔNJUGE NEREU MEZZOMO";"1789640,50";"05/08/2026";"17:18:52"
"05/08/2026";"19:30:07";2026;2;"Eleição Ordinária";6259;"Eleições Gerais Estaduais 2026";"04/10/2026";"RO";"RO";"RONDÔNIA";220002537565;7;45;"Aplicação de renda fixa (CDB, RDB e outros)";"50% SOBRE, APLICACAO COOPERATIVA DE CREDITO RURAL DE ARIQUEMES, CNPJ 03.222.753/0001-30 - RDC/DAP, BENS COMUNS QUE ESTÃO NA DECLARAÇÃO DO CÔNJUGE NEREU MEZZOMO";"3209,42";"05/08/2026";"17:18:52"
"05/08/2026";"19:30:07";2026;2;"Eleição Ordinária";6259;"Eleições Gerais Estaduais 2026";"04/10/2026";"RO";"RO";"RONDÔNIA";220002537565;8;45;"Aplicação de renda fixa (CDB, RDB e outros)";"50% SOBRE, APLICACAO RENDA FIXA BB, BANCO DO BRASIL CNPJ 00.000.000/0001-91, BENS COMUNS QUE ESTÃO NA DECLARAÇÃO DO CÔNJUGE NEREU MEZZOMO";"15933,00";"05/08/2026";"17:18:52"
"05/08/2026";"19:30:07";2026;2;"Eleição Ordinária";6259;"Eleições Gerais Estaduais 2026";"04/10/2026";"RO";"RO";"RONDÔNIA";220002537565;9;99;"OUTROS BENS E DIREITOS";"50% SOBRE, SALDO EM CONTA CORRENTE SICOOB AMAZONIA, CNPJ 05.203.605/0001-01, AGENCIA 3315, CONTA 65438-8, BENS COMUNS QUE ESTÃO NA DECLARAÇÃO DO CÔNJUGE NEREU MEZZOMO";"16965,51";"05/08/2026";"17:18:52"
"05/08/2026";"19:30:07";2026;2;"Eleição Ordinária";6259;"Eleições Gerais Estaduais 2026";"04/10/2026";"RO";"RO";"RONDÔNIA";220002537565;11;13;"Terreno";"50% SOBRE, DIREITOS SOBRE A AREA DE 1.098,97M2, ANEXO AO LOTE 01, DA QUADRA 10, SETOR INDUSTRIAL, ARIQUEMES-RO, BENS COMUNS QUE ESTÃO NA DECLARAÇÃO DO CÔNJUGE NEREU MEZZOMO";"30000,00";"05/08/2026";"17:18:52"
"05/08/2026";"19:30:07";2026;2;"Eleição Ordinária";6259;"Eleições Gerais Estaduais 2026";"04/10/2026";"RO";"RO";"RONDÔNIA";220002537565;12;21;"Veículo automotor terrestre: caminhão, automóvel, moto, etc.";"50% SOBRE, CARREGADEIRA DE RODAS, MARCA CATERPILLAR, MODELO 928HZ, SERIE CAT 09281HACXK0339, ST 96112, BENS COMUNS QUE ESTÃO NA DECLARAÇÃO DO CÔNJUGE NEREU MEZZOMO";"203509,43";"05/08/2026";"17:18:52"
"05/08/2026";"19:30:07";2026;2;"Eleição Ordinária";6259;"Eleições Gerais Estaduais 2026";"04/10/2026";"RO";"RO";"RONDÔNIA";220002537565;10;21;"Veículo automotor terrestre: caminhão, automóvel, moto, etc.";"50% SOBRE, FIAT UNO MILLE ECONOMY, ANO 2010/2011, PLACA NDN8H89, BENS COMUNS QUE ESTÃO NA DECLARAÇÃO DO CÔNJUGE NEREU MEZZOMO";"9250,00";"05/08/2026";"17:18:52"
"05/08/2026";"19:30:07";2026;2;"Eleição Ordinária";6259;"Eleições Gerais Estaduais 2026";"04/10/2026";"RO";"RO";"RONDÔNIA";220002537565;13;32;"Quotas ou quinhões de capital";"50% SOBRE, COTAS CAPITAL, COOPERATIVA DE CREDITO DA AMAZONIA - SICOOB AMAZONIA CNPJ 05.203.605/0001-01, BENS COMUNS QUE ESTÃO NA DECLARAÇÃO DO CÔNJUGE NEREU MEZZOMO";"35293,00";"05/08/2026";"17:18:52"
"05/08/2026";"19:30:07";2026;2;"Eleição Ordinária";6259;"Eleições Gerais Estaduais 2026";"04/10/2026";"RO";"RO";"RONDÔNIA";220002537565;14;12;"Casa";"50% SOBRE, CASA RESIDENCIAL NO CONDOMINIO RESIDENCIAL SAO PAULO, LOTE 32, QUADRA 33, ARIQUEMES-RO, COM AREA DE 250,00M2, BENS COMUNS QUE ESTÃO NA DECLARAÇÃO DO CÔNJUGE NEREU MEZZOMO";"372500,00";"05/08/2026";"17:18:52"
"05/08/2026";"19:30:07";2026;2;"Eleição Ordinária";6259;"Eleições Gerais Estaduais 2026";"04/10/2026";"RO";"RO";"RONDÔNIA";220002537565;15;32;"Quotas ou quinhões de capital";"50% SOBRE, COTAS CAPITAL, COOPERATIVA DE CREDITO DA AMAZONIA - SICOOB AMAZONIA CNPJ 05.203.605/0001-01, BENS COMUNS QUE ESTÃO NA DECLARAÇÃO DO CÔNJUGE NEREU MEZZOMO";"553,03";"05/08/2026";"17:18:52"
"05/08/2026";"19:30:07";2026;2;"Eleição Ordinária";6259;"Eleições Gerais Estaduais 2026";"04/10/2026";"RO";"RO";"RONDÔNIA";220002537565;16;45;"Aplicação de renda fixa (CDB, RDB e outros)";"50% SOBRE, APLICAÇÃO BB OUROCAP UNICO CNPJ 15.138.043/0001-05, BENS COMUNS QUE ESTÃO NA DECLARAÇÃO DO CÔNJUGE NEREU MEZZOMO";"8666,66";"05/08/2026";"17:18:52"
"05/08/2026";"19:30:07";2026;2;"Eleição Ordinária";6259;"Eleições Gerais Estaduais 2026";"04/10/2026";"RO";"RO";"RONDÔNIA";220002537565;17;99;"OUTROS BENS E DIREITOS";"50% SOBRE, BANCO BRADESCO S/A AGENCIA 1448-6 CONTA CORRENTE 89591, BENS COMUNS QUE ESTÃO NA DECLARAÇÃO DO CÔNJUGE NEREU MEZZOMO";"0,50";"05/08/2026";"17:18:52"
"05/08/2026";"19:30:07";2026;2;"Eleição Ordinária";6259;"Eleições Gerais Estaduais 2026";"04/10/2026";"RO";"RO";"RONDÔNIA";220002537565;18;99;"OUTROS BENS E DIREITOS";"50% SOBRE, SALDO BANCARIO BANCO BASA CNPJ 04.902.979/0001-44 AGENCIA ARIQUEMES CONTA 10.633-8, BENS COMUNS QUE ESTÃO NA DECLARAÇÃO DO CÔNJUGE NEREU MEZZOMO";"9193,01";"05/08/2026";"17:18:52"
"05/08/2026";"19:30:07";2026;2;"Eleição Ordinária";6259;"Eleições Gerais Estaduais 2026";"04/10/2026";"RO";"RO";"RONDÔNIA";220002537565;19;99;"OUTROS BENS E DIREITOS";"50% SOBRE, SALDO EM CONTA CORRENTE, CREDIARI COOPERATIVA DE CREDITO RURAL DE ARIQUEMES, CNPJ 03.222.753/0001-30, AGENCIA 0005 CONTA 0001359-5, BENS COMUNS QUE ESTÃO NA DECLARAÇÃO DO";"1346,05";"05/08/2026";"17:18:52"
"05/08/2026";"19:30:07";2026;2;"Eleição Ordinária";6259;"Eleições Gerais Estaduais 2026";"04/10/2026";"RO";"RO";"RONDÔNIA";220002537565;20;99;"OUTROS BENS E DIREITOS";"50% SOBRE, SALDO EM CONTA CORRENTE, CREDIARI COOPERATIVA DE CREDITO RURAL DE ARIQUEMES, CNPJ 03.222.753/0001-30, AGENCIA 0005 CONTA 0001359-5, BENS COMUNS QUE ESTÃO NA DECLARAÇÃO DO";"1159,56";"05/08/2026";"17:18:52"
"05/08/2026";"19:30:07";2026;2;"Eleição Ordinária";6259;"Eleições Gerais Estaduais 2026";"04/10/2026";"RO";"RO";"RONDÔNIA";220002537565;21;99;"OUTROS BENS E DIREITOS";"50% SOBRE, SALDO EM TITULOS E NUMERÁRIOS, BENS COMUNS QUE ESTÃO NA DECLARAÇÃO DO CÔNJUGE NEREU MEZZOMO";"97500,00";"05/08/2026";"17:18:52"
"05/08/2026";"19:30:07";2026;2;"Eleição Ordinária";6259;"Eleições Gerais Estaduais 2026";"04/10/2026";"RO";"RO";"RONDÔNIA";220002537565;24;21;"Veículo automotor terrestre: caminhão, automóvel, moto, etc.";"50% SOBRE, X6H ARGO DRIVE, ADQUIRIDO GIMA GILBERTO MIRANDA, PLACA QRA3C02, BENS COMUNS QUE ESTÃO NA DECLARAÇÃO DO CÔNJUGE NEREU MEZZOMO";"31500,00";"05/08/2026";"17:18:52"
"05/08/2026";"19:30:07";2026;2;"Eleição Ordinária";6259;"Eleições Gerais Estaduais 2026";"04/10/2026";"RO";"RO";"RONDÔNIA";220002537565;22;99;"OUTROS BENS E DIREITOS";"50% SOBRE, BENS DA ATIVIDADE RURAL, BENS COMUNS QUE ESTÃO NA DECLARAÇÃO DO CÔNJUGE NEREU MEZZOMO";"4742784,59";"05/08/2026";"17:18:52"
"05/08/2026";"19:30:07";2026;2;"Eleição Ordinária";6259;"Eleições Gerais Estaduais 2026";"04/10/2026";"RO";"RO";"RONDÔNIA";220002537565;23;14;"Terra nua";"50% SOBRE, SITIO LOTE 26/B - GLEBA 05, RECEBIDO EM DOAÇÃO DA EMPRESA M. M. F. MEZZOMO AGROPECUÁRIA CNPJ 20.258.727/0001-80 EM 19/03/2025. BENS COMUNS QUE ESTÃO NA DECLARAÇÃO DO CÔNJUGE";"102364,20";"05/08/2026";"17:18:52"
"05/08/2026";"19:30:07";2026;2;"Eleição Ordinária";6259;"Eleições Gerais Estaduais 2026";"04/10/2026";"RO";"RO";"RONDÔNIA";220002537565;27;13;"Terreno";"50% SOBRE, DACAO EM PAGAMENTO DE FAZENDA/SITIO/CHACARA,  LOTE 18B, GLEBA 06, PROJ ASSENTAMENTO BURAREIRO COM AREA DE 60,7418HA. BENS COMUNS QUE ESTÃO NA DECLARAÇÃO DO CÔNJUGE NEREU MEZZOMO";"750000,00";"05/08/2026";"17:18:52"
"05/08/2026";"19:30:07";2026;2;"Eleição Ordinária";6259;"Eleições Gerais Estaduais 2026";"04/10/2026";"RO";"RO";"RONDÔNIA";220002537565;26;14;"Terra nua";"50% SOBRE, SITIO LOTE 25/A - GLEBA 05, RECEBIDO EM DOAÇÃO DA EMPRESA M. M. F. MEZZOMO AGROPECUÁRIA CNPJ 20.258.727/0001-80 EM 19/03/2025. BENS COMUNS QUE ESTÃO NA DECLARAÇÃO DO CÔNJUGE";"61385,80";"05/08/2026";"17:18:52"
"05/08/2026";"19:30:07";2026;2;"Eleição Ordinária";6259;"Eleições Gerais Estaduais 2026";"04/10/2026";"RO";"RO";"RONDÔNIA";220002537565;25;22;"Aeronave";"50% SOBRE, AERONAVE MODELO EMBRAER 710-D SERIE, CONFORME NF. 000040 AGROPECUARIA BRASIL ORIENTAL LTDA, BENS COMUNS QUE ESTÃO NA DECLARAÇÃO DO CÔNJUGE NEREU MEZZOMO";"22100,00";"05/08/2026";"17:18:52"
"05/08/2026";"19:30:07";2026;2;"Eleição Ordinária";6259;"Eleições Gerais Estaduais 2026";"04/10/2026";"RO";"RO";"RONDÔNIA";220002537565;28;21;"Veículo automotor terrestre: caminhão, automóvel, moto, etc.";"50% SOBRE, TOYOTA SW4 ANO 2015/2015, PLACA NDM3671, BENS COMUNS QUE ESTÃO NA DECLARAÇÃO DO CÔNJUGE NEREU MEZZOMO";"89000,00";"05/08/2026";"17:18:52"
"05/08/2026";"19:30:07";2026;2;"Eleição Ordinária";6259;"Eleições Gerais Estaduais 2026";"04/10/2026";"RO";"RO";"RONDÔNIA";220002537565;29;21;"Veículo automotor terrestre: caminhão, automóvel, moto, etc.";"50% SOBRE, REBOQUE GUERRA ANO 2012/2012, PLACA NBL5776, BENS COMUNS QUE ESTÃO NA DECLARAÇÃO DO CÔNJUGE NEREU MEZZOMO";"16000,00";"05/08/2026";"17:18:52"
"05/08/2026";"19:30:07";2026;2;"Eleição Ordinária";6259;"Eleições Gerais Estaduais 2026";"04/10/2026";"RO";"RO";"RONDÔNIA";220002537565;30;21;"Veículo automotor terrestre: caminhão, automóvel, moto, etc.";"50% SOBRE, SW4 DSL 4X4 SRX PLATINUM, PLACA SQE0F07 , ANO 2025/2025,  BENS COMUNS QUE ESTÃO NA DECLARAÇÃO DO CÔNJUGE NEREU MEZZOMO";"200000,00";"05/08/2026";"17:18:52"
"05/08/2026";"19:30:07";2026;2;"Eleição Ordinária";6259;"Eleições Gerais Estaduais 2026";"04/10/2026";"RO";"RO";"RONDÔNIA";220002537565;32;32;"Quotas ou quinhões de capital";"50% SOBRE, COTAS CAPITAL CREDIARI COOPERATIVA DE CREDITO RURAL DE ARIQUEMES CNPJ 03.222.753/0001-30, BENS COMUNS QUE ESTÃO NA DECLARAÇÃO DO CÔNJUGE NEREU MEZZOMO";"32685,02";"05/08/2026";"17:18:52"
"05/08/2026";"19:30:07";2026;2;"Eleição Ordinária";6259;"Eleições Gerais Estaduais 2026";"04/10/2026";"RO";"RO";"RONDÔNIA";220002537565;33;32;"Quotas ou quinhões de capital";"50% SOBRE, COTAS CAPITAL CREDIARI COOPERATIVA DE CREDITO RURAL DE ARIQUEMES CNPJ 03.222.753/0001-30, BENS COMUNS QUE ESTÃO NA DECLARAÇÃO DO CÔNJUGE NEREU MEZZOMO CPF 103.153.222-68";"8578,00";"05/08/2026";"17:18:52"
"05/08/2026";"19:30:07";2026;2;"Eleição Ordinária";6259;"Eleições Gerais Estaduais 2026";"04/10/2026";"RO";"RO";"RONDÔNIA";220002537565;31;45;"Aplicação de renda fixa (CDB, RDB e outros)";"50% SOBRE, APLICACAO RENDA FIXA COOPERATIVA DE CREDITO DO NORTE DE RONDONIA LTDA - CREDISIS CREDIARE CNPJ 03.222.753/0001-30, BENS COMUNS QUE ESTÃO NA DECLARAÇÃO DO CÔNJUGE NEREU MEZZOMO";"843,18";"05/08/2026";"17:18:52"
"05/08/2026";"19:30:07";2026;2;"Eleição Ordinária";6259;"Eleições Gerais Estaduais 2026";"04/10/2026";"RO";"RO";"RONDÔNIA";220002537565;35;21;"Veículo automotor terrestre: caminhão, automóvel, moto, etc.";"50% SOBRE, REBOQUE TRANSP DE TORAS, ANO 2007/2007, PLACA LUX9564, BENS COMUNS QUE ESTÃO NA DECLARAÇÃO DO CÔNJUGE NEREU MEZZOMO";"12500,00";"05/08/2026";"17:18:52"
"05/08/2026";"19:30:07";2026;2;"Eleição Ordinária";6259;"Eleições Gerais Estaduais 2026";"04/10/2026";"RO";"RO";"RONDÔNIA";220002537565;34;21;"Veículo automotor terrestre: caminhão, automóvel, moto, etc.";"50% SOBRE, REBOQUE GUERRA ANO 2012/2012, PLACA NBL5806, BENS COMUNS QUE ESTÃO NA DECLARAÇÃO DO CÔNJUGE NEREU MEZZOMO";"19500,00";"05/08/2026";"17:18:52"
"05/08/2026";"19:30:07";2026;2;"Eleição Ordinária";6259;"Eleições Gerais Estaduais 2026";"04/10/2026";"RO";"RO";"RONDÔNIA";220002537565;36;21;"Veículo automotor terrestre: caminhão, automóvel, moto, etc.";"50% SOBRE, ROBOQUE GUERRA, ANO 2012/2012, PLACA NBL5796, BENS COMUNS QUE ESTÃO NA DECLARAÇÃO DO CÔNJUGE NEREU MEZZOMO";"19500,00";"05/08/2026";"17:18:52"
"05/08/2026";"19:30:07";2026;2;"Eleição Ordinária";6259;"Eleições Gerais Estaduais 2026";"04/10/2026";"RO";"RO";"RONDÔNIA";220002537565;37;13;"Terreno";"50% SOBRE, TERRENO URBANO CONDO. SAO PAULO, LINHA C-65, ARIQUEMES-RO, BENS COMUNS QUE ESTÃO NA DECLARAÇÃO DO CÔNJUGE NEREU MEZZOMO";"58500,00";"05/08/2026";"17:18:52"
"05/08/2026";"19:30:07";2026;2;"Eleição Ordinária";6259;"Eleições Gerais Estaduais 2026";"04/10/2026";"RO";"RO";"RONDÔNIA";220002537565;39;21;"Veículo automotor terrestre: caminhão, automóvel, moto, etc.";"50% SOBRE,ROBOQUE TRANSP TORAS, PLACA KVQ1467, 2007/2007, BENS COMUNS QUE ESTÃO NA DECLARAÇÃO DO CÔNJUGE NEREU MEZZOMO";"12500,00";"05/08/2026";"17:18:52"
"05/08/2026";"19:30:07";2026;2;"Eleição Ordinária";6259;"Eleições Gerais Estaduais 2026";"04/10/2026";"RO";"RO";"RONDÔNIA";220002537565;38;14;"Terra nua";"50% SOBRE, LOTE 15C PROJETO DE ASSENTAMENTO DIRIGIDO MARECHAL DUTRA, GLEBA 29, ARIQUEMES-RO, COM AREA 19,2 HÁ, BENS COMUNS QUE ESTÃO NA DECLARAÇÃO DO CÔNJUGE NEREU MEZZOMO";"43000,00";"05/08/2026";"17:18:52"
"05/08/2026";"19:30:07";2026;2;"Eleição Ordinária";6259;"Eleições Gerais Estaduais 2026";"04/10/2026";"RO";"RO";"RONDÔNIA";220002537565;40;32;"Quotas ou quinhões de capital";"50% SOBRE, EMPRESA N. MEZZOMO ARIQUEMES-RO, CNPJ 04.798.005/000162, BENS COMUNS QUE ESTÃO NA DECLARAÇÃO DO CÔNJUGE NEREU MEZZOMO";"250000,00";"05/08/2026";"17:18:52"
"05/08/2026";"19:30:07";2026;2;"Eleição Ordinária";6259;"Eleições Gerais Estaduais 2026";"04/10/2026";"RO";"RO";"RONDÔNIA";220002537565;41;45;"Aplicação de renda fixa (CDB, RDB e outros)";"50% SOBRE, APLICACAO DE RENDA FIXA BRADESCO S.A. CNPJ 60.746.948/0001-12, BENS COMUNS QUE ESTÃO NA DECLARAÇÃO DO CÔNJUGE NEREU MEZZOMO CPF 103.153.222-68";"1156,05";"05/08/2026";"17:18:52"
"05/08/2026";"19:30:07";2026;2;"Eleição Ordinária";6259;"Eleições Gerais Estaduais 2026";"04/10/2026";"RO";"RO";"RONDÔNIA";220002537565;42;12;"Casa";"50% SOBRE, LOTE 05, QUADRA 04, SETOR 01, ÁREA 487,1 M2, BENS COMUNS QUE ESTÃO NA DECLARAÇÃO DO CÔNJUGE NEREU MEZZOMO";"225000,00";"05/08/2026";"17:18:52"
"05/08/2026";"19:30:07";2026;2;"Eleição Ordinária";6259;"Eleições Gerais Estaduais 2026";"04/10/2026";"RO";"RO";"RONDÔNIA";220002537565;43;13;"Terreno";"50% SOBRE, LOTE 02, QUADRA 01, LOT. DENOMINADO  BAIRRO DO TREVO , ARIQUEMES-RO, DESINCORPORADO DO CAPITAL DA EMPRESA NEMAR PARTICIPAÇÕES S.A.QUE ESTÃO NA DECLARAÇÃO DO CÔNJUGE NEREU MEZZOMO";"66000,00";"05/08/2026";"17:18:52"
"05/08/2026";"19:30:07";2026;2;"Eleição Ordinária";6259;"Eleições Gerais Estaduais 2026";"04/10/2026";"RO";"RO";"RONDÔNIA";220002537565;44;21;"Veículo automotor terrestre: caminhão, automóvel, moto, etc.";"50% SOBRE, CAMINHAO IVECO ECTECTOR, DIESEL, ANO 2008/2008, PLACAS EJF4721, COR BRANCA, BENS COMUNS QUE ESTÃO NA DECLARAÇÃO DO CÔNJUGE NEREU MEZZOMO";"45000,00";"05/08/2026";"17:18:52"
"05/08/2026";"19:30:07";2026;2;"Eleição Ordinária";6259;"Eleições Gerais Estaduais 2026";"04/10/2026";"RO";"RO";"RONDÔNIA";220002537565;45;99;"OUTROS BENS E DIREITOS";"50% SOBRE, SALDO EM CONTA CORRENTE SICOOB AMAZONIA, CNPJ 05.203.605/0001-01, AGENCIA 3315, CONTA 70499-7, BENS COMUNS QUE ESTÃO NA DECLARAÇÃO DO CÔNJUGE NEREU MEZZOMO";"2725,33";"05/08/2026";"17:18:52"
"05/08/2026";"19:30:07";2026;2;"Eleição Ordinária";6259;"Eleições Gerais Estaduais 2026";"04/10/2026";"RO";"RO";"RONDÔNIA";220002537565;47;49;"Outras aplicações e Investimentos";"50% SOBRE, APLICAÇÃO BB RF REF DI PLUS AGIL CNPJ 05.943.661/0001-74, BENS COMUNS QUE ESTÃO NA DECLARAÇÃO DO CÔNJUGE NEREU MEZZOMO";"2782,54";"05/08/2026";"17:18:52"
"05/08/2026";"19:30:07";2026;2;"Eleição Ordinária";6259;"Eleições Gerais Estaduais 2026";"04/10/2026";"RO";"RO";"RONDÔNIA";220002537565;48;45;"Aplicação de renda fixa (CDB, RDB e outros)";"50% SOBRE, APLICACAO RENDA FIXA SICOOB AMAZONIA, CNPJ 05.203.605/0001-01, BENS COMUNS QUE ESTÃO NA DECLARAÇÃO DO CÔNJUGE NEREU MEZZOMO";"100,00";"05/08/2026";"17:18:52"
"05/08/2026";"19:30:07";2026;2;"Eleição Ordinária";6259;"Eleições Gerais Estaduais 2026";"04/10/2026";"RO";"RO";"RONDÔNIA";220002537565;46;45;"Aplicação de renda fixa (CDB, RDB e outros)";"50% SOBRE, FUNDO DE INVESTIMENTO - APLICACAO BB RF REF DI PLUS AGIL, CNPJ 05.943.661/0001-74, BENS COMUNS QUE ESTÃO NA DECLARAÇÃO DO CÔNJUGE NEREU MEZZOMO";"50866,94";"05/08/2026";"17:18:52"
"05/08/2026";"19:30:07";2026;2;"Eleição Ordinária";6259;"Eleições Gerais Estaduais 2026";"04/10/2026";"RO";"RO";"RONDÔNIA";220002537565;51;49;"Outras aplicações e Investimentos";"50% SOBRE, APLICAÇÃO BB OUROCAP UNICO CNPJ 15.138.043/0001-05, BENS COMUNS QUE ESTÃO NA DECLARAÇÃO DO CÔNJUGE NEREU MEZZOMO";"85667,12";"05/08/2026";"17:18:52"
"05/08/2026";"19:30:07";2026;2;"Eleição Ordinária";6259;"Eleições Gerais Estaduais 2026";"04/10/2026";"RO";"RO";"RONDÔNIA";220002537565;49;41;"Caderneta de poupança";"50% SOBRE, POUPANCA CAIXA ECONOMICA FEDERAL CNPJ 00.360.305/000104, AGENCIA 3880 CONTA 848209816-9, BENS COMUNS QUE ESTÃO NA DECLARAÇÃO DO CÔNJUGE NEREU MEZZOMO CPF 103.153.222-68";"2529,73";"05/08/2026";"17:18:52"
"05/08/2026";"19:30:07";2026;2;"Eleição Ordinária";6259;"Eleições Gerais Estaduais 2026";"04/10/2026";"RO";"RO";"RONDÔNIA";220002537565;50;45;"Aplicação de renda fixa (CDB, RDB e outros)";"50% SOBRE, APLICACAO RENDA FIXA SICOOB AMAZONIA, CNPJ 05.203.605/0001-01, BENS COMUNS QUE ESTÃO NA DECLARAÇÃO DO CÔNJUGE NEREU MEZZOMO";"100,00";"05/08/2026";"17:18:52"
"05/08/2026";"19:30:07";2026;2;"Eleição Ordinária";6259;"Eleições Gerais Estaduais 2026";"04/10/2026";"RO";"RO";"RONDÔNIA";220002537565;53;13;"Terreno";"50% SOBRE, LOTE 18/A,  GLEBA 06, ARIQUEMES, 29,5 HÁ. BENS COMUNS QUE ESTÃO NA DECLARAÇÃO DO CÔNJUGE NEREU MEZZOMO";"205000,00";"05/08/2026";"17:18:52"
"05/08/2026";"19:30:07";2026;2;"Eleição Ordinária";6259;"Eleições Gerais Estaduais 2026";"04/10/2026";"RO";"RO";"RONDÔNIA";220002537565;52;99;"OUTROS BENS E DIREITOS";"50% SOBRE, SALDO EM CONTA CORRENTE CAIXA ECONOMICA FEDERAL, CNPJ 00.360.305/0001-04, AGENCIA 1831, CONTA 000583801935-9, BENS COMUNS QUE ESTÃO NA DECLARAÇÃO DO CÔNJUGE NEREU MEZZOMO";"32911,67";"05/08/2026";"17:18:52"
"05/08/2026";"19:30:07";2026;2;"Eleição Ordinária";6259;"Eleições Gerais Estaduais 2026";"04/10/2026";"RO";"RO";"RONDÔNIA";220002537565;54;14;"Terra nua";"50% SOBRE, LOTE 15/C-1 PROJETO DE ASSENTAMENTO DIRIGIDO MARECHAL DUTRA, GLEBA 29, ARIQUEMES-RO,  COM 45,2340HA, BENS COMUNS QUE ESTÃO NA DECLARAÇÃO DO CÔNJUGE NEREU MEZZOMO";"105000,00";"05/08/2026";"17:18:52"
"05/08/2026";"19:30:07";2026;2;"Eleição Ordinária";6259;"Eleições Gerais Estaduais 2026";"04/10/2026";"RO";"RO";"RONDÔNIA";220002537566;2;32;"Quotas ou quinhões de capital";"100% DAS COTAS DA EMPRESA RED CHERRY FAST FOOD LTDA";"400000,00";"05/08/2026";"17:18:47"
"05/08/2026";"19:30:07";2026;2;"Eleição Ordinária";6259;"Eleições Gerais Estaduais 2026";"04/10/2026";"RO";"RO";"RONDÔNIA";220002537566;3;32;"Quotas ou quinhões de capital";"100% DO CAPITAL SOCIAL DA EMPRESA DK SPOLETO DELIVERY LTDA";"20000,00";"05/08/2026";"17:18:47"
"05/08/2026";"19:30:07";2026;2;"Eleição Ordinária";6259;"Eleições Gerais Estaduais 2026";"04/10/2026";"RO";"RO";"RONDÔNIA";220002537566;1;11;"Apartamento";"APARTAMENTO NO CONDOMINIO SOLAR PORTINARI EDIFICIO TOMASO APTO 1602, ADQ NBN EMPREENDIMENTOS IMOBILIARIOS LTDA";"260000,00";"05/08/2026";"17:18:47"
"05/08/2026";"19:30:07";2026;2;"Eleição Ordinária";6259;"Eleições Gerais Estaduais 2026";"04/10/2026";"RO";"RO";"RONDÔNIA";220002537568;1;21;"Veículo automotor terrestre: caminhão, automóvel, moto, etc.";"MOTO HONDA/NX-4 FALCON, NCP3350 / RO, COR CINZA, ANO 2002";"13470,00";"05/08/2026";"17:18:46"
"05/08/2026";"19:30:07";2026;2;"Eleição Ordinária";6259;"Eleições Gerais Estaduais 2026";"04/10/2026";"RO";"RO";"RONDÔNIA";220002537568;2;21;"Veículo automotor terrestre: caminhão, automóvel, moto, etc.";"- GM/VECTRA SD EXPRESSION, PLACA NEC9873 / RO, COR PRETA, ANO 2008,";"33034,00";"05/08/2026";"17:18:46"
"05/08/2026";"19:30:07";2026;2;"Eleição Ordinária";6259;"Eleições Gerais Estaduais 2026";"04/10/2026";"RO";"RO";"RONDÔNIA";220002537567;1;14;"Terra nua";"UMA CHACARA";"300000,00";"05/08/2026";"17:19:05"
"05/08/2026";"19:30:07";2026;2;"Eleição Ordinária";6259;"Eleições Gerais Estaduais 2026";"04/10/2026";"RO";"RO";"RONDÔNIA";220002537568;3;21;"Veículo automotor terrestre: caminhão, automóvel, moto, etc.";"FIAT/UNO 1.6 R, PLACA BME5929 / SP, COR AZUL, ANO 1992, AVALIADO EM R$ 9.736";"56240,00";"05/08/2026";"17:18:46"
"05/08/2026";"19:30:07";2026;2;"Eleição Ordinária";6259;"Eleições Gerais Estaduais 2026";"04/10/2026";"RO";"RO";"RONDÔNIA";220002537569;1;12;"Casa";"IMÓVEL RESIDENCIAL";"350000,00";"05/08/2026";"17:21:06"
"05/08/2026";"19:30:07";2026;2;"Eleição Ordinária";6259;"Eleições Gerais Estaduais 2026";"04/10/2026";"RO";"RO";"RONDÔNIA";220002537569;2;12;"Casa";"IMÓVEL RESIDENCIAL";"300000,00";"05/08/2026";"17:21:06"
"05/08/2026";"19:30:07";2026;2;"Eleição Ordinária";6259;"Eleições Gerais Estaduais 2026";"04/10/2026";"RO";"RO";"RONDÔNIA";220002537569;4;19;"Outros bens imóveis";"CHÁCARA RURAL";"600000,00";"05/08/2026";"17:21:06"
"05/08/2026";"19:30:07";2026;2;"Eleição Ordinária";6259;"Eleições Gerais Estaduais 2026";"04/10/2026";"RO";"RO";"RONDÔNIA";220002537569;3;21;"Veículo automotor terrestre: caminhão, automóvel, moto, etc.";"AUTOMÓVEL FIAT 2025";"190000,00";"05/08/2026";"17:21:06"
"05/08/2026";"19:30:07";2026;2;"Eleição Ordinária";6259;"Eleições Gerais Estaduais 2026";"04/10/2026";"RO";"RO";"RONDÔNIA";220002537570;1;12;"Casa";"IMÓVEL RESIDENCIAL";"297343,40";"05/08/2026";"17:20:59"
"05/08/2026";"19:30:07";2026;2;"Eleição Ordinária";6259;"Eleições Gerais Estaduais 2026";"04/10/2026";"RO";"RO";"RONDÔNIA";220002537570;3;13;"Terreno";"LOTE URBANO";"10700,00";"05/08/2026";"17:20:59"
"05/08/2026";"19:30:07";2026;2;"Eleição Ordinária";6259;"Eleições Gerais Estaduais 2026";"04/10/2026";"RO";"RO";"RONDÔNIA";220002537570;4;13;"Terreno";"LOTE URBANO";"11900,00";"05/08/2026";"17:20:59"
"05/08/2026";"19:30:07";2026;2;"Eleição Ordinária";6259;"Eleições Gerais Estaduais 2026";"04/10/2026";"RO";"RO";"RONDÔNIA";220002537570;2;61;"Depósito bancário em conta corrente no País";"CONTA CORRENTE";"22500,00";"05/08/2026";"17:20:59"
"05/08/2026";"19:30:07";2026;2;"Eleição Ordinária";6259;"Eleições Gerais Estaduais 2026";"04/10/2026";"RO";"RO";"RONDÔNIA";220002537571;3;13;"Terreno";"LOTE URBANO";"22642,93";"05/08/2026";"17:21:07"
"05/08/2026";"19:30:07";2026;2;"Eleição Ordinária";6259;"Eleições Gerais Estaduais 2026";"04/10/2026";"RO";"RO";"RONDÔNIA";220002537571;1;13;"Terreno";"LOTE URBANO";"16950,00";"05/08/2026";"17:21:07"
"05/08/2026";"19:30:07";2026;2;"Eleição Ordinária";6259;"Eleições Gerais Estaduais 2026";"04/10/2026";"RO";"RO";"RONDÔNIA";220002537571;2;32;"Quotas ou quinhões de capital";"CAPITAL SOCIAL";"400000,00";"05/08/2026";"17:21:07"
"05/08/2026";"19:30:07";2026;2;"Eleição Ordinária";6259;"Eleições Gerais Estaduais 2026";"04/10/2026";"RO";"RO";"RONDÔNIA";220002537572;3;13;"Terreno";"LOTE URBANO";"13333,33";"05/08/2026";"17:21:10"
"05/08/2026";"19:30:07";2026;2;"Eleição Ordinária";6259;"Eleições Gerais Estaduais 2026";"04/10/2026";"RO";"RO";"RONDÔNIA";220002537572;1;12;"Casa";"IMÓVEL RESIDENCIAL";"208880,25";"05/08/2026";"17:21:10"
"05/08/2026";"19:30:07";2026;2;"Eleição Ordinária";6259;"Eleições Gerais Estaduais 2026";"04/10/2026";"RO";"RO";"RONDÔNIA";220002537572;2;45;"Aplicação de renda fixa (CDB, RDB e outros)";"APLICAÇÃO FINANCEIRA";"51696,05";"05/08/2026";"17:21:10"
"05/08/2026";"19:30:07";2026;2;"Eleição Ordinária";6259;"Eleições Gerais Estaduais 2026";"04/10/2026";"RO";"RO";"RONDÔNIA";220002537572;6;13;"Terreno";"LOTE URBANO";"13333,33";"05/08/2026";"17:21:10"
"05/08/2026";"19:30:07";2026;2;"Eleição Ordinária";6259;"Eleições Gerais Estaduais 2026";"04/10/2026";"RO";"RO";"RONDÔNIA";220002537572;4;13;"Terreno";"LOTE URBANO";"13333,33";"05/08/2026";"17:21:10"
"05/08/2026";"19:30:07";2026;2;"Eleição Ordinária";6259;"Eleições Gerais Estaduais 2026";"04/10/2026";"RO";"RO";"RONDÔNIA";220002537572;5;12;"Casa";"IMÓVEL URBANO";"200000,00";"05/08/2026";"17:21:10"
"05/08/2026";"19:30:07";2026;2;"Eleição Ordinária";6259;"Eleições Gerais Estaduais 2026";"04/10/2026";"RO";"RO";"RONDÔNIA";220002537572;7;12;"Casa";"IMÓVEL RESIDENCIAL";"42825,52";"05/08/2026";"17:21:10"
"05/08/2026";"19:30:07";2026;2;"Eleição Ordinária";6259;"Eleições Gerais Estaduais 2026";"04/10/2026";"RO";"RO";"RONDÔNIA";220002537572;8;21;"Veículo automotor terrestre: caminhão, automóvel, moto, etc.";"AUTOMÓVEL FIAT STRADA 2019";"49000,00";"05/08/2026";"17:21:10"
"05/08/2026";"19:30:07";2026;2;"Eleição Ordinária";6259;"Eleições Gerais Estaduais 2026";"04/10/2026";"RO";"RO";"RONDÔNIA";220002537573;1;21;"Veículo automotor terrestre: caminhão, automóvel, moto, etc.";"AUTOMÓVEL FIAT BRANCO";"30000,00";"05/08/2026";"17:21:08"
"05/08/2026";"19:30:07";2026;2;"Eleição Ordinária";6259;"Eleições Gerais Estaduais 2026";"04/10/2026";"RO";"RO";"RONDÔNIA";220002537573;3;12;"Casa";"IMÓVEL RESIDENCIAL";"150000,00";"05/08/2026";"17:21:08"
"05/08/2026";"19:30:07";2026;2;"Eleição Ordinária";6259;"Eleições Gerais Estaduais 2026";"04/10/2026";"RO";"RO";"RONDÔNIA";220002537574;1;21;"Veículo automotor terrestre: caminhão, automóvel, moto, etc.";"AUTOMÓVEL TOYOTA COROLLA";"160000,00";"05/08/2026";"17:21:10"
"05/08/2026";"19:30:07";2026;2;"Eleição Ordinária";6259;"Eleições Gerais Estaduais 2026";"04/10/2026";"RO";"RO";"RONDÔNIA";220002537573;2;61;"Depósito bancário em conta corrente no País";"CONTA CORRENTE";"25000,00";"05/08/2026";"17:21:08"
"05/08/2026";"19:30:07";2026;2;"Eleição Ordinária";6259;"Eleições Gerais Estaduais 2026";"04/10/2026";"RO";"RO";"RONDÔNIA";220002537574;2;12;"Casa";"IMÓVEL URBANO";"130000,00";"05/08/2026";"17:21:10"
"05/08/2026";"19:30:07";2026;2;"Eleição Ordinária";6259;"Eleições Gerais Estaduais 2026";"04/10/2026";"RO";"RO";"RONDÔNIA";220002537574;3;61;"Depósito bancário em conta corrente no País";"CONTA CORRENTE";"20000,00";"05/08/2026";"17:21:10"
"05/08/2026";"19:30:07";2026;2;"Eleição Ordinária";6259;"Eleições Gerais Estaduais 2026";"04/10/2026";"RO";"RO";"RONDÔNIA";220002537575;1;61;"Depósito bancário em conta corrente no País";"CONTA CORRENTE";"25000,00";"05/08/2026";"17:21:09"
"05/08/2026";"19:30:07";2026;2;"Eleição Ordinária";6259;"Eleições Gerais Estaduais 2026";"04/10/2026";"RO";"RO";"RONDÔNIA";220002537577;1;21;"Veículo automotor terrestre: caminhão, automóvel, moto, etc.";"AUTOMÓVEL";"80000,00";"05/08/2026";"17:21:12"
"05/08/2026";"19:30:07";2026;2;"Eleição Ordinária";6259;"Eleições Gerais Estaduais 2026";"04/10/2026";"RO";"RO";"RONDÔNIA";220002537577;2;12;"Casa";"IMÓVEL RESIDENCIAL";"250000,00";"05/08/2026";"17:21:12"
"05/08/2026";"19:30:07";2026;2;"Eleição Ordinária";6259;"Eleições Gerais Estaduais 2026";"04/10/2026";"RO";"RO";"RONDÔNIA";220002537576;1;61;"Depósito bancário em conta corrente no País";"CONTA CORRENTE";"20000,00";"05/08/2026";"17:21:05"
"05/08/2026";"19:30:07";2026;2;"Eleição Ordinária";6259;"Eleições Gerais Estaduais 2026";"04/10/2026";"RO";"RO";"RONDÔNIA";220002537577;5;39;"Outras participações societárias";"QUOTA SOCIETÁRIA";"350000,00";"05/08/2026";"17:21:12"
"05/08/2026";"19:30:07";2026;2;"Eleição Ordinária";6259;"Eleições Gerais Estaduais 2026";"04/10/2026";"RO";"RO";"RONDÔNIA";220002537577;4;19;"Outros bens imóveis";"ZONA RURAL";"500000,00";"05/08/2026";"17:21:12"
"05/08/2026";"19:30:07";2026;2;"Eleição Ordinária";6259;"Eleições Gerais Estaduais 2026";"04/10/2026";"RO";"RO";"RONDÔNIA";220002537577;3;12;"Casa";"IMÓVEL RESIDENCIAL";"400000,00";"05/08/2026";"17:21:12"
"05/08/2026";"19:30:07";2026;2;"Eleição Ordinária";6259;"Eleições Gerais Estaduais 2026";"04/10/2026";"RO";"RO";"RONDÔNIA";220002537578;2;12;"Casa";"IMÓVEL RESIDENCIAL";"500000,00";"05/08/2026";"17:18:58"
"05/08/2026";"19:30:07";2026;2;"Eleição Ordinária";6259;"Eleições Gerais Estaduais 2026";"04/10/2026";"RO";"RO";"RONDÔNIA";220002537577;6;2;"Prédio comercial";"IMÓVEL COMERCIAL";"800000,00";"05/08/2026";"17:21:12"
"05/08/2026";"19:30:07";2026;2;"Eleição Ordinária";6259;"Eleições Gerais Estaduais 2026";"04/10/2026";"RO";"RO";"RONDÔNIA";220002537578;1;61;"Depósito bancário em conta corrente no País";"CONTA POUPANÇA";"100000,00";"05/08/2026";"17:18:58"
"05/08/2026";"19:30:07";2026;2;"Eleição Ordinária";6259;"Eleições Gerais Estaduais 2026";"04/10/2026";"RO";"RO";"RONDÔNIA";220002537578;3;49;"Outras aplicações e Investimentos";"PGBL";"300000,00";"05/08/2026";"17:18:58"
"05/08/2026";"19:30:07";2026;2;"Eleição Ordinária";6259;"Eleições Gerais Estaduais 2026";"04/10/2026";"RO";"RO";"RONDÔNIA";220002537578;4;13;"Terreno";"LOTE ZONA URBANA";"400000,00";"05/08/2026";"17:18:58"
"05/08/2026";"19:30:07";2026;2;"Eleição Ordinária";6259;"Eleições Gerais Estaduais 2026";"04/10/2026";"RO";"RO";"RONDÔNIA";220002537578;5;12;"Casa";"IMÓVEL RESIDENCIAL";"3000000,00";"05/08/2026";"17:18:58"
"05/08/2026";"19:30:07";2026;2;"Eleição Ordinária";6259;"Eleições Gerais Estaduais 2026";"04/10/2026";"RO";"RO";"RONDÔNIA";220002537578;6;13;"Terreno";"LOTE ZONA URBANA";"400000,00";"05/08/2026";"17:18:58"
"05/08/2026";"19:30:07";2026;2;"Eleição Ordinária";6259;"Eleições Gerais Estaduais 2026";"04/10/2026";"RO";"RO";"RONDÔNIA";220002537578;7;21;"Veículo automotor terrestre: caminhão, automóvel, moto, etc.";"AUTOMÓVEL";"350000,00";"05/08/2026";"17:18:58"
"05/08/2026";"19:30:07";2026;2;"Eleição Ordinária";6259;"Eleições Gerais Estaduais 2026";"04/10/2026";"RO";"RO";"RONDÔNIA";220002537578;8;2;"Prédio comercial";"IMÓVEL COMERCIAL";"800000,00";"05/08/2026";"17:18:58"
"05/08/2026";"19:30:07";2026;2;"Eleição Ordinária";6259;"Eleições Gerais Estaduais 2026";"04/10/2026";"RO";"RO";"RONDÔNIA";220002537578;9;13;"Terreno";"LOTE ZONA RURAL";"1000000,00";"05/08/2026";"17:18:58"
"05/08/2026";"19:30:07";2026;2;"Eleição Ordinária";6259;"Eleições Gerais Estaduais 2026";"04/10/2026";"RO";"RO";"RONDÔNIA";220002537578;10;12;"Casa";"IMÓVEL RESIDENCIAL";"1500000,00";"05/08/2026";"17:18:58"
"05/08/2026";"19:30:07";2026;2;"Eleição Ordinária";6259;"Eleições Gerais Estaduais 2026";"04/10/2026";"RO";"RO";"RONDÔNIA";220002537579;1;21;"Veículo automotor terrestre: caminhão, automóvel, moto, etc.";"MOTO YES 2004";"6000,00";"05/08/2026";"17:19:12"
"05/08/2026";"19:30:07";2026;2;"Eleição Ordinária";6259;"Eleições Gerais Estaduais 2026";"04/10/2026";"RO";"RO";"RONDÔNIA";220002537579;2;21;"Veículo automotor terrestre: caminhão, automóvel, moto, etc.";"AUTOMOVEL VOLKSWAGEN POLO TRACK 2024";"65000,00";"05/08/2026";"17:19:12"
"05/08/2026";"19:30:07";2026;2;"Eleição Ordinária";6259;"Eleições Gerais Estaduais 2026";"04/10/2026";"RO";"RO";"RONDÔNIA";220002537581;1;12;"Casa";"IMÓVEL RESIDENCIAL";"460000,00";"05/08/2026";"17:18:57"
"05/08/2026";"19:30:07";2026;2;"Eleição Ordinária";6259;"Eleições Gerais Estaduais 2026";"04/10/2026";"RO";"RO";"RONDÔNIA";220002537580;1;61;"Depósito bancário em conta corrente no País";"CONTA CORRENTE";"25000,00";"05/08/2026";"17:19:23"
"05/08/2026";"19:30:07";2026;2;"Eleição Ordinária";6259;"Eleições Gerais Estaduais 2026";"04/10/2026";"RO";"RO";"RONDÔNIA";220002537581;2;61;"Depósito bancário em conta corrente no País";"CONTA CORRENTE";"60000,00";"05/08/2026";"17:18:57"
"05/08/2026";"19:30:07";2026;2;"Eleição Ordinária";6259;"Eleições Gerais Estaduais 2026";"04/10/2026";"RO";"RO";"RONDÔNIA";220002537582;1;61;"Depósito bancário em conta corrente no País";"CONTA CORRENTE";"70000,00";"05/08/2026";"17:19:16"
"05/08/2026";"19:30:07";2026;2;"Eleição Ordinária";6259;"Eleições Gerais Estaduais 2026";"04/10/2026";"RO";"RO";"RONDÔNIA";220002537583;1;61;"Depósito bancário em conta corrente no País";"CONTA CORRENTE";"10000,00";"05/08/2026";"17:18:59"
"05/08/2026";"19:30:07";2026;2;"Eleição Ordinária";6259;"Eleições Gerais Estaduais 2026";"04/10/2026";"RO";"RO";"RONDÔNIA";220002537583;2;13;"Terreno";"LOTE RURAL";"330000,00";"05/08/2026";"17:18:59"
"05/08/2026";"19:30:07";2026;2;"Eleição Ordinária";6259;"Eleições Gerais Estaduais 2026";"04/10/2026";"RO";"RO";"RONDÔNIA";220002537583;3;13;"Terreno";"LOTE RURAL";"514000,00";"05/08/2026";"17:18:59"
"05/08/2026";"19:30:07";2026;2;"Eleição Ordinária";6259;"Eleições Gerais Estaduais 2026";"04/10/2026";"RO";"RO";"RONDÔNIA";220002537583;4;21;"Veículo automotor terrestre: caminhão, automóvel, moto, etc.";"QUADRICICLO CAN AM 2008";"35000,00";"05/08/2026";"17:18:59"
"05/08/2026";"19:30:07";2026;2;"Eleição Ordinária";6259;"Eleições Gerais Estaduais 2026";"04/10/2026";"RO";"RO";"RONDÔNIA";220002537583;6;21;"Veículo automotor terrestre: caminhão, automóvel, moto, etc.";"AUTOMÓVEL NISSAN FRONTIER 2011/2012";"65000,00";"05/08/2026";"17:18:59"
"05/08/2026";"19:30:07";2026;2;"Eleição Ordinária";6259;"Eleições Gerais Estaduais 2026";"04/10/2026";"RO";"RO";"RONDÔNIA";220002537583;5;12;"Casa";"IMÓVEL RESIDENCIAL";"120000,00";"05/08/2026";"17:18:59"
"05/08/2026";"19:30:07";2026;2;"Eleição Ordinária";6259;"Eleições Gerais Estaduais 2026";"04/10/2026";"RO";"RO";"RONDÔNIA";220002537583;7;61;"Depósito bancário em conta corrente no País";"CONTA CORRENTE";"15000,00";"05/08/2026";"17:18:59"
"05/08/2026";"19:30:07";2026;2;"Eleição Ordinária";6259;"Eleições Gerais Estaduais 2026";"04/10/2026";"RO";"RO";"RONDÔNIA";220002537583;9;13;"Terreno";"LOTE URBANO";"40000,00";"05/08/2026";"17:18:59"
"05/08/2026";"19:30:07";2026;2;"Eleição Ordinária";6259;"Eleições Gerais Estaduais 2026";"04/10/2026";"RO";"RO";"RONDÔNIA";220002537583;8;21;"Veículo automotor terrestre: caminhão, automóvel, moto, etc.";"AUTOMÓVEL HYUNDAI TUCSON 2010";"44000,00";"05/08/2026";"17:18:59"
"05/08/2026";"19:30:07";2026;2;"Eleição Ordinária";6259;"Eleições Gerais Estaduais 2026";"04/10/2026";"RO";"RO";"RONDÔNIA";220002537584;1;61;"Depósito bancário em conta corrente no País";"CONTA CORRENTE";"20000,00";"05/08/2026";"17:19:19"
"05/08/2026";"19:30:07";2026;2;"Eleição Ordinária";6259;"Eleições Gerais Estaduais 2026";"04/10/2026";"RO";"RO";"RONDÔNIA";220002537586;1;13;"Terreno";"TERRENO";"50000,00";"05/08/2026";"17:19:10"
"05/08/2026";"19:30:07";2026;2;"Eleição Ordinária";6259;"Eleições Gerais Estaduais 2026";"04/10/2026";"RO";"RO";"RONDÔNIA";220002537586;2;21;"Veículo automotor terrestre: caminhão, automóvel, moto, etc.";"AUTOMÓVEL HONDA H-RV 2025";"163100,00";"05/08/2026";"17:19:10"
"05/08/2026";"19:30:07";2026;2;"Eleição Ordinária";6259;"Eleições Gerais Estaduais 2026";"04/10/2026";"RO";"RO";"RONDÔNIA";220002537585;1;61;"Depósito bancário em conta corrente no País";"CONTA CORRENTE";"20000,00";"05/08/2026";"17:19:18"
"05/08/2026";"19:30:07";2026;2;"Eleição Ordinária";6259;"Eleições Gerais Estaduais 2026";"04/10/2026";"RO";"RO";"RONDÔNIA";220002537586;3;49;"Outras aplicações e Investimentos";"PREVIDÊNCIA";"185442,78";"05/08/2026";"17:19:10"
"05/08/2026";"19:30:07";2026;2;"Eleição Ordinária";6259;"Eleições Gerais Estaduais 2026";"04/10/2026";"RO";"RO";"RONDÔNIA";220002537587;1;19;"Outros bens imóveis";"IMÓVEL RURAL";"361915,80";"05/08/2026";"17:19:20"
"05/08/2026";"19:30:07";2026;2;"Eleição Ordinária";6259;"Eleições Gerais Estaduais 2026";"04/10/2026";"RO";"RO";"RONDÔNIA";220002537586;4;21;"Veículo automotor terrestre: caminhão, automóvel, moto, etc.";"AUTOMÓVEL FIAT STRADA 2006/2007";"31100,00";"05/08/2026";"17:19:10"
"05/08/2026";"19:30:07";2026;2;"Eleição Ordinária";6259;"Eleições Gerais Estaduais 2026";"04/10/2026";"RO";"RO";"RONDÔNIA";220002537587;3;29;"Outros bens móveis";"CURRAL";"30000,00";"05/08/2026";"17:19:20"
"05/08/2026";"19:30:07";2026;2;"Eleição Ordinária";6259;"Eleições Gerais Estaduais 2026";"04/10/2026";"RO";"RO";"RONDÔNIA";220002537587;2;19;"Outros bens imóveis";"IMÓVEL RESIDENCIAL DE MADEIRA";"100000,00";"05/08/2026";"17:19:20"
"05/08/2026";"19:30:07";2026;2;"Eleição Ordinária";6259;"Eleições Gerais Estaduais 2026";"04/10/2026";"RO";"RO";"RONDÔNIA";220002537587;4;19;"Outros bens imóveis";"BALANÇA";"20000,00";"05/08/2026";"17:19:20"
"05/08/2026";"19:30:07";2026;2;"Eleição Ordinária";6259;"Eleições Gerais Estaduais 2026";"04/10/2026";"RO";"RO";"RONDÔNIA";220002537587;5;29;"Outros bens móveis";"43 HA PASTAGEM";"795000,00";"05/08/2026";"17:19:20"
"05/08/2026";"19:30:07";2026;2;"Eleição Ordinária";6259;"Eleições Gerais Estaduais 2026";"04/10/2026";"RO";"RO";"RONDÔNIA";220002537587;6;19;"Outros bens imóveis";"IMÓVEL URBANO";"76956,00";"05/08/2026";"17:19:20"
"05/08/2026";"19:30:07";2026;2;"Eleição Ordinária";6259;"Eleições Gerais Estaduais 2026";"04/10/2026";"RO";"RO";"RONDÔNIA";220002537587;7;13;"Terreno";"COMPRA E VENDA DE TERRENO/FRAÇÃO";"65728,78";"05/08/2026";"17:19:20"
"05/08/2026";"19:30:07";2026;2;"Eleição Ordinária";6259;"Eleições Gerais Estaduais 2026";"04/10/2026";"RO";"RO";"RONDÔNIA";220002537587;8;19;"Outros bens imóveis";"IMÓVEL URBANO";"65728,28";"05/08/2026";"17:19:20"
"05/08/2026";"19:30:07";2026;2;"Eleição Ordinária";6259;"Eleições Gerais Estaduais 2026";"04/10/2026";"RO";"RO";"RONDÔNIA";220002537587;9;19;"Outros bens imóveis";"IMÓVEL URBANO";"232296,70";"05/08/2026";"17:19:20"
"05/08/2026";"19:30:07";2026;2;"Eleição Ordinária";6259;"Eleições Gerais Estaduais 2026";"04/10/2026";"RO";"RO";"RONDÔNIA";220002537587;10;19;"Outros bens imóveis";"IMÓVEL RESIDENCIAL";"40000,00";"05/08/2026";"17:19:20"
"05/08/2026";"19:30:07";2026;2;"Eleição Ordinária";6259;"Eleições Gerais Estaduais 2026";"04/10/2026";"RO";"RO";"RONDÔNIA";220002537587;11;19;"Outros bens imóveis";"IMÓVEL RURAL";"20000,00";"05/08/2026";"17:19:20"
"05/08/2026";"19:30:07";2026;2;"Eleição Ordinária";6259;"Eleições Gerais Estaduais 2026";"04/10/2026";"RO";"RO";"RONDÔNIA";220002537587;12;32;"Quotas ou quinhões de capital";"QUOTA CAPITAL SOCIAL";"11014,00";"05/08/2026";"17:19:20"
"05/08/2026";"19:30:07";2026;2;"Eleição Ordinária";6259;"Eleições Gerais Estaduais 2026";"04/10/2026";"RO";"RO";"RONDÔNIA";220002537587;13;99;"OUTROS BENS E DIREITOS";"DISPONIBILIDADE DE INVESTIMENTO";"500000,00";"05/08/2026";"17:19:20"
"05/08/2026";"19:30:07";2026;2;"Eleição Ordinária";6259;"Eleições Gerais Estaduais 2026";"04/10/2026";"RO";"RO";"RONDÔNIA";220002537587;15;19;"Outros bens imóveis";"IMÓVEL URBANO";"160000,00";"05/08/2026";"17:19:20"
"05/08/2026";"19:30:07";2026;2;"Eleição Ordinária";6259;"Eleições Gerais Estaduais 2026";"04/10/2026";"RO";"RO";"RONDÔNIA";220002537587;16;19;"Outros bens imóveis";"IMÓVEL URBANO";"400000,00";"05/08/2026";"17:19:20"
"05/08/2026";"19:30:07";2026;2;"Eleição Ordinária";6259;"Eleições Gerais Estaduais 2026";"04/10/2026";"RO";"RO";"RONDÔNIA";220002537587;14;12;"Casa";"IMÓVEL RESIDENCIAL";"203200,00";"05/08/2026";"17:19:20"
"05/08/2026";"19:30:07";2026;2;"Eleição Ordinária";6259;"Eleições Gerais Estaduais 2026";"04/10/2026";"RO";"RO";"RONDÔNIA";220002537587;17;19;"Outros bens imóveis";"IMÓVEL RURAL";"60000,00";"05/08/2026";"17:19:20"
"05/08/2026";"19:30:07";2026;2;"Eleição Ordinária";6259;"Eleições Gerais Estaduais 2026";"04/10/2026";"RO";"RO";"RONDÔNIA";220002537587;18;21;"Veículo automotor terrestre: caminhão, automóvel, moto, etc.";"AUTOMÓVEL MITSUBISHI L200 TRITON 2024/2025";"185990,00";"05/08/2026";"17:19:20"
"05/08/2026";"19:30:07";2026;2;"Eleição Ordinária";6259;"Eleições Gerais Estaduais 2026";"04/10/2026";"RO";"RO";"RONDÔNIA";220002537587;19;45;"Aplicação de renda fixa (CDB, RDB e outros)";"APLICAÇÃO";"1064,00";"05/08/2026";"17:19:20"
"05/08/2026";"19:30:07";2026;2;"Eleição Ordinária";6259;"Eleições Gerais Estaduais 2026";"04/10/2026";"RO";"RO";"RONDÔNIA";220002537587;20;29;"Outros bens móveis";"REPRESA";"5000,00";"05/08/2026";"17:19:20"
"05/08/2026";"19:30:07";2026;2;"Eleição Ordinária";6259;"Eleições Gerais Estaduais 2026";"04/10/2026";"RO";"RO";"RONDÔNIA";220002537587;22;29;"Outros bens móveis";"REBANHO BOVINO";"4500000,00";"05/08/2026";"17:19:20"
"05/08/2026";"19:30:07";2026;2;"Eleição Ordinária";6259;"Eleições Gerais Estaduais 2026";"04/10/2026";"RO";"RO";"RONDÔNIA";220002537587;21;45;"Aplicação de renda fixa (CDB, RDB e outros)";"APLICAÇÃO";"200,00";"05/08/2026";"17:19:20"
"05/08/2026";"19:30:07";2026;2;"Eleição Ordinária";6259;"Eleições Gerais Estaduais 2026";"04/10/2026";"RO";"RO";"RONDÔNIA";220002537587;24;39;"Outras participações societárias";"PARTICIPAÇÃO NO CAPITAL";"59153,98";"05/08/2026";"17:19:20"
"05/08/2026";"19:30:07";2026;2;"Eleição Ordinária";6259;"Eleições Gerais Estaduais 2026";"04/10/2026";"RO";"RO";"RONDÔNIA";220002537587;25;19;"Outros bens imóveis";"PORTO COMERCIAL";"13000,00";"05/08/2026";"17:19:20"
"05/08/2026";"19:30:07";2026;2;"Eleição Ordinária";6259;"Eleições Gerais Estaduais 2026";"04/10/2026";"RO";"RO";"RONDÔNIA";220002537587;23;19;"Outros bens imóveis";"IMÓVEL URBANO";"80000,00";"05/08/2026";"17:19:20"
"05/08/2026";"19:30:07";2026;2;"Eleição Ordinária";6259;"Eleições Gerais Estaduais 2026";"04/10/2026";"RO";"RO";"RONDÔNIA";220002537587;26;19;"Outros bens imóveis";"IMÓVEL URBANO";"240000,00";"05/08/2026";"17:19:20"
"05/08/2026";"19:30:07";2026;2;"Eleição Ordinária";6259;"Eleições Gerais Estaduais 2026";"04/10/2026";"RO";"RO";"RONDÔNIA";220002537587;28;19;"Outros bens imóveis";"CASA DE MADEIRA";"20000,00";"05/08/2026";"17:19:20"
"05/08/2026";"19:30:07";2026;2;"Eleição Ordinária";6259;"Eleições Gerais Estaduais 2026";"04/10/2026";"RO";"RO";"RONDÔNIA";220002537587;27;19;"Outros bens imóveis";"CASA DE MADEIRA";"60000,00";"05/08/2026";"17:19:20"
"05/08/2026";"19:30:07";2026;2;"Eleição Ordinária";6259;"Eleições Gerais Estaduais 2026";"04/10/2026";"RO";"RO";"RONDÔNIA";220002537588;1;41;"Caderneta de poupança";"POUPANÇA";"1890,74";"05/08/2026";"17:19:13"
"05/08/2026";"19:30:07";2026;2;"Eleição Ordinária";6259;"Eleições Gerais Estaduais 2026";"04/10/2026";"RO";"RO";"RONDÔNIA";220002537588;2;79;"Outros fundos";"REGISTRO DE FLUXO DE PAGAMENTO";"43212,22";"05/08/2026";"17:19:13"
"05/08/2026";"19:30:07";2026;2;"Eleição Ordinária";6259;"Eleições Gerais Estaduais 2026";"04/10/2026";"RO";"RO";"RONDÔNIA";220002537588;3;61;"Depósito bancário em conta corrente no País";"CONTA CORRENTE";"302,94";"05/08/2026";"17:19:13"
"05/08/2026";"19:30:07";2026;2;"Eleição Ordinária";6259;"Eleições Gerais Estaduais 2026";"04/10/2026";"RO";"RO";"RONDÔNIA";220002537588;4;19;"Outros bens imóveis";"IMÓVEL ZONA RURAL";"25000,00";"05/08/2026";"17:19:13"
"05/08/2026";"19:30:07";2026;2;"Eleição Ordinária";6259;"Eleições Gerais Estaduais 2026";"04/10/2026";"RO";"RO";"RONDÔNIA";220002537588;6;32;"Quotas ou quinhões de capital";"CAPITAL SOCIAL EMPRESARIAL";"64000,00";"05/08/2026";"17:19:13"
"05/08/2026";"19:30:07";2026;2;"Eleição Ordinária";6259;"Eleições Gerais Estaduais 2026";"04/10/2026";"RO";"RO";"RONDÔNIA";220002537588;5;61;"Depósito bancário em conta corrente no País";"CONTA CORRENTE";"41358,37";"05/08/2026";"17:19:13"
"05/08/2026";"19:30:07";2026;2;"Eleição Ordinária";6259;"Eleições Gerais Estaduais 2026";"04/10/2026";"RO";"RO";"RONDÔNIA";220002537588;7;32;"Quotas ou quinhões de capital";"CAPITAL SOCIAL EMPRESARIAL";"171000,00";"05/08/2026";"17:19:13"
"05/08/2026";"19:30:07";2026;2;"Eleição Ordinária";6259;"Eleições Gerais Estaduais 2026";"04/10/2026";"RO";"RO";"RONDÔNIA";220002537588;9;32;"Quotas ou quinhões de capital";"CAPITAL SOCIAL EMPRESARIAL";"3240,00";"05/08/2026";"17:19:13"
"05/08/2026";"19:30:07";2026;2;"Eleição Ordinária";6259;"Eleições Gerais Estaduais 2026";"04/10/2026";"RO";"RO";"RONDÔNIA";220002537588;8;32;"Quotas ou quinhões de capital";"CAPITAL SOCIAL EMPRESARIAL";"200000,00";"05/08/2026";"17:19:13"
"05/08/2026";"19:30:07";2026;2;"Eleição Ordinária";6259;"Eleições Gerais Estaduais 2026";"04/10/2026";"RO";"RO";"RONDÔNIA";220002537589;1;29;"Outros bens móveis";"PISTOLA GLOCK G19X";"12000,00";"05/08/2026";"17:19:06"
"05/08/2026";"19:30:07";2026;2;"Eleição Ordinária";6259;"Eleições Gerais Estaduais 2026";"04/10/2026";"RO";"RO";"RONDÔNIA";220002537588;10;32;"Quotas ou quinhões de capital";"CAPITAL SOCIAL EMPRESARIAL";"35743,96";"05/08/2026";"17:19:13"
"05/08/2026";"19:30:07";2026;2;"Eleição Ordinária";6259;"Eleições Gerais Estaduais 2026";"04/10/2026";"RO";"RO";"RONDÔNIA";220002537588;11;45;"Aplicação de renda fixa (CDB, RDB e outros)";"APLICAÇÃO";"26270,78";"05/08/2026";"17:19:13"
"05/08/2026";"19:30:07";2026;2;"Eleição Ordinária";6259;"Eleições Gerais Estaduais 2026";"04/10/2026";"RO";"RO";"RONDÔNIA";220002537589;3;29;"Outros bens móveis";"PISTOLA GX4 9X19 GRAPHENO";"5500,00";"05/08/2026";"17:19:06"
"05/08/2026";"19:30:07";2026;2;"Eleição Ordinária";6259;"Eleições Gerais Estaduais 2026";"04/10/2026";"RO";"RO";"RONDÔNIA";220002537589;2;13;"Terreno";"LOTE DE TERRAS RURAL";"80000,00";"05/08/2026";"17:19:06"
"05/08/2026";"19:30:07";2026;2;"Eleição Ordinária";6259;"Eleições Gerais Estaduais 2026";"04/10/2026";"RO";"RO";"RONDÔNIA";220002537589;4;21;"Veículo automotor terrestre: caminhão, automóvel, moto, etc.";"AUTOMOVEL FIAT STRADA FIRE FLEX ANO 2008";"28439,00";"05/08/2026";"17:19:06"
"05/08/2026";"19:30:07";2026;2;"Eleição Ordinária";6259;"Eleições Gerais Estaduais 2026";"04/10/2026";"RO";"RO";"RONDÔNIA";220002537589;5;63;"Dinheiro em espécie - moeda nacional";"DISPONIBILIDADE PARA INVESTIMENTO";"100000,00";"05/08/2026";"17:19:06"
"05/08/2026";"19:30:07";2026;2;"Eleição Ordinária";6259;"Eleições Gerais Estaduais 2026";"04/10/2026";"RO";"RO";"RONDÔNIA";220002537590;1;61;"Depósito bancário em conta corrente no País";"CONTA CORRENTE";"22000,00";"05/08/2026";"17:19:21"
"05/08/2026";"19:30:07";2026;2;"Eleição Ordinária";6259;"Eleições Gerais Estaduais 2026";"04/10/2026";"RO";"RO";"RONDÔNIA";220002537591;1;61;"Depósito bancário em conta corrente no País";"CONTA CORRENTE";"20000,00";"05/08/2026";"17:19:22"
"05/08/2026";"19:30:07";2026;2;"Eleição Ordinária";6259;"Eleições Gerais Estaduais 2026";"04/10/2026";"RO";"RO";"RONDÔNIA";220002537593;1;19;"Outros bens imóveis";"LOTE URBANO";"433173,79";"05/08/2026";"17:19:17"
"05/08/2026";"19:30:07";2026;2;"Eleição Ordinária";6259;"Eleições Gerais Estaduais 2026";"04/10/2026";"RO";"RO";"RONDÔNIA";220002537593;2;21;"Veículo automotor terrestre: caminhão, automóvel, moto, etc.";"AUTOMÓVEL TOYOTA SW4 2025";"418000,00";"05/08/2026";"17:19:17"
"05/08/2026";"19:30:07";2026;2;"Eleição Ordinária";6259;"Eleições Gerais Estaduais 2026";"04/10/2026";"RO";"RO";"RONDÔNIA";220002537592;1;61;"Depósito bancário em conta corrente no País";"CONTA CORRENTE";"22000,00";"05/08/2026";"17:19:09"
"05/08/2026";"19:30:07";2026;2;"Eleição Ordinária";6259;"Eleições Gerais Estaduais 2026";"04/10/2026";"RO";"RO";"RONDÔNIA";220002537593;3;39;"Outras participações societárias";"CAPITAL SOCIAL";"1023,77";"05/08/2026";"17:19:17"
"05/08/2026";"19:30:07";2026;2;"Eleição Ordinária";6259;"Eleições Gerais Estaduais 2026";"04/10/2026";"RO";"RO";"RONDÔNIA";220002537593;4;45;"Aplicação de renda fixa (CDB, RDB e outros)";"APLICAÇÃO BANCÁRIA";"1547,37";"05/08/2026";"17:19:17"
"05/08/2026";"19:30:07";2026;2;"Eleição Ordinária";6259;"Eleições Gerais Estaduais 2026";"04/10/2026";"RO";"RO";"RONDÔNIA";220002537593;5;99;"OUTROS BENS E DIREITOS";"DISPONIBILIDADE PARA INVESTIMENTO";"200000,00";"05/08/2026";"17:19:17"
"05/08/2026";"19:30:07";2026;2;"Eleição Ordinária";6259;"Eleições Gerais Estaduais 2026";"04/10/2026";"RO";"RO";"RONDÔNIA";220002537593;7;39;"Outras participações societárias";"CAPITAL SOCIAL";"7274,34";"05/08/2026";"17:19:17"
"05/08/2026";"19:30:07";2026;2;"Eleição Ordinária";6259;"Eleições Gerais Estaduais 2026";"04/10/2026";"RO";"RO";"RONDÔNIA";220002537593;8;19;"Outros bens imóveis";"TERRENO URBANO";"241101,12";"05/08/2026";"17:19:17"
"05/08/2026";"19:30:07";2026;2;"Eleição Ordinária";6259;"Eleições Gerais Estaduais 2026";"04/10/2026";"RO";"RO";"RONDÔNIA";220002537593;6;19;"Outros bens imóveis";"TERRENO URBANO";"486516,90";"05/08/2026";"17:19:17"
"05/08/2026";"19:30:07";2026;2;"Eleição Ordinária";6259;"Eleições Gerais Estaduais 2026";"04/10/2026";"RO";"RO";"RONDÔNIA";220002537593;9;19;"Outros bens imóveis";"FAZENDA";"454642,86";"05/08/2026";"17:19:17"
"05/08/2026";"19:30:07";2026;2;"Eleição Ordinária";6259;"Eleições Gerais Estaduais 2026";"04/10/2026";"RO";"RO";"RONDÔNIA";220002537593;10;21;"Veículo automotor terrestre: caminhão, automóvel, moto, etc.";"AUTOMÓVEL FIAT STRADA";"30000,00";"05/08/2026";"17:19:17"
"05/08/2026";"19:30:07";2026;2;"Eleição Ordinária";6259;"Eleições Gerais Estaduais 2026";"04/10/2026";"RO";"RO";"RONDÔNIA";220002537593;11;61;"Depósito bancário em conta corrente no País";"CONTA CORRENTE";"328,94";"05/08/2026";"17:19:17"
"05/08/2026";"19:30:07";2026;2;"Eleição Ordinária";6259;"Eleições Gerais Estaduais 2026";"04/10/2026";"RO";"RO";"RONDÔNIA";220002537595;1;19;"Outros bens imóveis";"IMOVEL ZONA RURAL";"65000,00";"05/08/2026";"17:19:21"
"05/08/2026";"19:30:07";2026;2;"Eleição Ordinária";6259;"Eleições Gerais Estaduais 2026";"04/10/2026";"RO";"RO";"RONDÔNIA";220002537595;2;21;"Veículo automotor terrestre: caminhão, automóvel, moto, etc.";"MOTOCICLETA HONDA BIS 125";"10557,00";"05/08/2026";"17:19:21"
"05/08/2026";"19:30:07";2026;2;"Eleição Ordinária";6259;"Eleições Gerais Estaduais 2026";"04/10/2026";"RO";"RO";"RONDÔNIA";220002537594;1;61;"Depósito bancário em conta corrente no País";"CONTA CORRENTE";"20000,00";"05/08/2026";"17:19:18"
"05/08/2026";"19:30:07";2026;2;"Eleição Ordinária";6259;"Eleições Gerais Estaduais 2026";"04/10/2026";"RO";"RO";"RONDÔNIA";220002537595;3;19;"Outros bens imóveis";"AUTOMÓVEL CHEVROLET S10 2022";"140000,00";"05/08/2026";"17:19:21"
"05/08/2026";"19:30:07";2026;2;"Eleição Ordinária";6259;"Eleições Gerais Estaduais 2026";"04/10/2026";"RO";"RO";"RONDÔNIA";220002537595;4;93;"Direito de autor, de inventor e patente";"DIREITO AUTORAL DO LIVRO  CRIMES AMBIENTAIS NA AMAZÔNIA ";"80000,00";"05/08/2026";"17:19:21"
"05/08/2026";"19:30:07";2026;2;"Eleição Ordinária";6259;"Eleições Gerais Estaduais 2026";"04/10/2026";"RO";"RO";"RONDÔNIA";220002537596;1;61;"Depósito bancário em conta corrente no País";"CONTA CORRENTE";"40000,00";"05/08/2026";"17:19:16"
"05/08/2026";"19:30:07";2026;2;"Eleição Ordinária";6259;"Eleições Gerais Estaduais 2026";"04/10/2026";"RO";"RO";"RONDÔNIA";220002537596;4;13;"Terreno";"EDIFICAÇÃO";"100000,00";"05/08/2026";"17:19:16"
"05/08/2026";"19:30:07";2026;2;"Eleição Ordinária";6259;"Eleições Gerais Estaduais 2026";"04/10/2026";"RO";"RO";"RONDÔNIA";220002537596;3;19;"Outros bens imóveis";"FRAÇÃO DE TERRENO";"80000,00";"05/08/2026";"17:19:16"
"05/08/2026";"19:30:07";2026;2;"Eleição Ordinária";6259;"Eleições Gerais Estaduais 2026";"04/10/2026";"RO";"RO";"RONDÔNIA";220002537596;2;21;"Veículo automotor terrestre: caminhão, automóvel, moto, etc.";"AUTOMÓVEL";"40000,00";"05/08/2026";"17:19:16"
"05/08/2026";"19:30:07";2026;2;"Eleição Ordinária";6259;"Eleições Gerais Estaduais 2026";"04/10/2026";"RO";"RO";"RONDÔNIA";220002537597;1;13;"Terreno";"TERRENO";"80000,00";"05/08/2026";"17:19:20"
"05/08/2026";"19:30:07";2026;2;"Eleição Ordinária";6259;"Eleições Gerais Estaduais 2026";"04/10/2026";"RO";"RO";"RONDÔNIA";220002537597;3;12;"Casa";"IMÓVEL RESIDENCIAL";"200000,00";"05/08/2026";"17:19:20"
"05/08/2026";"19:30:07";2026;2;"Eleição Ordinária";6259;"Eleições Gerais Estaduais 2026";"04/10/2026";"RO";"RO";"RONDÔNIA";220002537597;2;21;"Veículo automotor terrestre: caminhão, automóvel, moto, etc.";"AUTOMÓVEL HYUNDAI CRETA 2020";"85900,00";"05/08/2026";"17:19:20"
"05/08/2026";"19:30:07";2026;2;"Eleição Ordinária";6259;"Eleições Gerais Estaduais 2026";"04/10/2026";"RO";"RO";"RONDÔNIA";220002537598;1;12;"Casa";"IMOVEL RESIDENCIAL";"300000,00";"05/08/2026";"17:19:11"
