"DT_GERACAO";"HH_GERACAO";"ANO_ELEICAO";"CD_TIPO_ELEICAO";"NM_TIPO_ELEICAO";"CD_ELEICAO";"DS_ELEICAO";"DT_ELEICAO";"SG_UF";"SG_UE";"NM_UE";"SQ_CANDIDATO";"NR_ORDEM_BEM_CANDIDATO";"CD_TIPO_BEM_CANDIDATO";"DS_TIPO_BEM_CANDIDATO";"DS_BEM_CANDIDATO";"VR_BEM_CANDIDATO";"DT_ULT_ATUAL_BEM_CANDIDATO";"HH_ULT_ATUAL_BEM_CANDIDATO"
"11/08/2026";"19:30:45";2026;2;"Eleição Ordinária";6259;"Eleições Gerais Estaduais 2026";"04/10/2026";"PA";"PA";"PARÁ";140002531063;1;59;"Outros créditos e poupança vinculados";"RESUMOS DE SALDOS";"4193,12";"04/08/2026";"17:11:54"
"11/08/2026";"19:30:45";2026;2;"Eleição Ordinária";6259;"Eleições Gerais Estaduais 2026";"04/10/2026";"PA";"PA";"PARÁ";140002531062;1;21;"Veículo automotor terrestre: caminhão, automóvel, moto, etc.";"VEICULO MARCA FIAT UNO DRIVE 1.0, ANO 2017/2018, PLACA PZY6077, RENAVAM 01124385050";"37953,00";"04/08/2026";"17:11:54"
"11/08/2026";"19:30:45";2026;2;"Eleição Ordinária";6259;"Eleições Gerais Estaduais 2026";"04/10/2026";"PA";"PA";"PARÁ";140002531063;2;21;"Veículo automotor terrestre: caminhão, automóvel, moto, etc.";"RENAULT/ SANDERO ZEN 16CVT PASSAGEIRO AUTOMOVEL 2019/2020";"56000,00";"04/08/2026";"17:11:54"
"11/08/2026";"19:30:45";2026;2;"Eleição Ordinária";6259;"Eleições Gerais Estaduais 2026";"04/10/2026";"PA";"PA";"PARÁ";140002531064;2;41;"Caderneta de poupança";"SALDO EM CONTA BB";"60,98";"05/08/2026";"09:28:48"
"11/08/2026";"19:30:45";2026;2;"Eleição Ordinária";6259;"Eleições Gerais Estaduais 2026";"04/10/2026";"PA";"PA";"PARÁ";140002531064;3;45;"Aplicação de renda fixa (CDB, RDB e outros)";"SALDO RDB NUBANK AG 0001 CONTA 706787580-5";"7492,72";"05/08/2026";"09:28:48"
"11/08/2026";"19:30:45";2026;2;"Eleição Ordinária";6259;"Eleições Gerais Estaduais 2026";"04/10/2026";"PA";"PA";"PARÁ";140002531064;1;21;"Veículo automotor terrestre: caminhão, automóvel, moto, etc.";"VEICULO CAOACHERY/TIGGO5X PRO HA, COR AZUL. ANO 2024,  MOD. 2025, PLACA SZA1J44/PA";"147000,00";"05/08/2026";"09:28:48"
"11/08/2026";"19:30:45";2026;2;"Eleição Ordinária";6259;"Eleições Gerais Estaduais 2026";"04/10/2026";"PA";"PA";"PARÁ";140002531065;1;74;"Fundos: Ações, Mútuos de Privatização, Invest. Empresas Emergentes, Invest.Participação e Invest. Índice Mercado";"PARTICIPAÇÃO SOCIETÁRIO NA EMPRESA MIRANDA JUNIOR IMÓVEIS REAL ESTATES LTDA, INSCRITA NO CNPJ N. 58.453.384/0001-88";"66500,00";"04/08/2026";"17:11:54"
"11/08/2026";"19:30:45";2026;2;"Eleição Ordinária";6259;"Eleições Gerais Estaduais 2026";"04/10/2026";"PA";"PA";"PARÁ";140002531066;1;13;"Terreno";"TERRENO EDIFICADO COM UMA CASA, NO CONJUNTO RESIDENCIAL YPUAN, RUA ?, CASA ? BAIRRO MARAMBAIA-BELEM-PA";"40000,00";"04/08/2026";"18:25:02"
"11/08/2026";"19:30:45";2026;2;"Eleição Ordinária";6259;"Eleições Gerais Estaduais 2026";"04/10/2026";"PA";"PA";"PARÁ";140002531066;2;21;"Veículo automotor terrestre: caminhão, automóvel, moto, etc.";"?FORD ECOSPORT XLT FREESTYLE 1.6, PLACA ?, RENAVAM ?";"53650,00";"04/08/2026";"18:25:02"
"11/08/2026";"19:30:45";2026;2;"Eleição Ordinária";6259;"Eleições Gerais Estaduais 2026";"04/10/2026";"PA";"PA";"PARÁ";140002531069;1;11;"Apartamento";"PART SEPARACAO DIVORCIO UNIAO DE APTO-ADQUIRIDO DE CPF 349.185.538-18";"312328,00";"06/08/2026";"19:13:21"
"11/08/2026";"19:30:45";2026;2;"Eleição Ordinária";6259;"Eleições Gerais Estaduais 2026";"04/10/2026";"PA";"PA";"PARÁ";140002531069;2;11;"Apartamento";"APARTAMENTO SITO TRAVESSA SAO FRANCISCO, 246, EDIFICIO LUCIA MORGADO, APTO. 1504, BAIRRO DE BATISTA CAMPOS, BELEM/PA";"30000,00";"06/08/2026";"19:13:21"
"11/08/2026";"19:30:45";2026;2;"Eleição Ordinária";6259;"Eleições Gerais Estaduais 2026";"04/10/2026";"PA";"PA";"PARÁ";140002531067;1;12;"Casa";"TRAVESSA WE S QUADRA 152 C 02, BAIRRO PARQUE VERDE";"18000,00";"07/08/2026";"11:34:46"
"11/08/2026";"19:30:45";2026;2;"Eleição Ordinária";6259;"Eleições Gerais Estaduais 2026";"04/10/2026";"PA";"PA";"PARÁ";140002531069;4;15;"Sala ou conjunto";"SALA COMERCIAL CENTRO MEDICO DR. CARLOS COSTA SALA 408";"200000,00";"06/08/2026";"19:13:21"
"11/08/2026";"19:30:45";2026;2;"Eleição Ordinária";6259;"Eleições Gerais Estaduais 2026";"04/10/2026";"PA";"PA";"PARÁ";140002531069;3;15;"Sala ou conjunto";"SALA COMERCIAL NO 101,ED.URBE 14, LOCALIZADA NA TRAV. 14 DEMARCO 1155, BELEM-PA";"319999,92";"06/08/2026";"19:13:21"
"11/08/2026";"19:30:45";2026;2;"Eleição Ordinária";6259;"Eleições Gerais Estaduais 2026";"04/10/2026";"PA";"PA";"PARÁ";140002531069;5;32;"Quotas ou quinhões de capital";"QUOTAS E QUINHOES DE CAPITAL UNIMED BELEM";"48161,12";"06/08/2026";"19:13:21"
"11/08/2026";"19:30:45";2026;2;"Eleição Ordinária";6259;"Eleições Gerais Estaduais 2026";"04/10/2026";"PA";"PA";"PARÁ";140002531069;6;11;"Apartamento";"LOCALIZAO NA RUA DOS CARIPUNAS, BAIRRO DE SÃO BRAZ. BELEM-PA";"200000,00";"06/08/2026";"19:13:21"
"11/08/2026";"19:30:45";2026;2;"Eleição Ordinária";6259;"Eleições Gerais Estaduais 2026";"04/10/2026";"PA";"PA";"PARÁ";140002531069;8;11;"Apartamento";"LOCALIZADO NA AV BRAZ DE AGUIAR 321, BAIRRO DE NAZARE, BELEM-PA";"300000,00";"06/08/2026";"19:13:21"
"11/08/2026";"19:30:45";2026;2;"Eleição Ordinária";6259;"Eleições Gerais Estaduais 2026";"04/10/2026";"PA";"PA";"PARÁ";140002531069;7;12;"Casa";"CASA NA TRAVESSA ANTONIO BAENA , NUM 128 , BAIRRO DA PEDREIRA, BELEM/PA";"300000,00";"06/08/2026";"19:13:21"
"11/08/2026";"19:30:45";2026;2;"Eleição Ordinária";6259;"Eleições Gerais Estaduais 2026";"04/10/2026";"PA";"PA";"PARÁ";140002531069;9;54;"Poupança para construção ou aquisição de bem imóvel";"BRADESCO- CADERNETA DE POUPANCA.";"379,03";"06/08/2026";"19:13:21"
"11/08/2026";"19:30:45";2026;2;"Eleição Ordinária";6259;"Eleições Gerais Estaduais 2026";"04/10/2026";"PA";"PA";"PARÁ";140002531069;11;49;"Outras aplicações e Investimentos";"BRADESCO PIMCO INCOME-FIF- CIC MULTIMERCAO";"39173,05";"06/08/2026";"19:13:21"
"11/08/2026";"19:30:45";2026;2;"Eleição Ordinária";6259;"Eleições Gerais Estaduais 2026";"04/10/2026";"PA";"PA";"PARÁ";140002531069;10;61;"Depósito bancário em conta corrente no País";"BRADESCO DEPOSITO";"1,00";"06/08/2026";"19:13:21"
"11/08/2026";"19:30:45";2026;2;"Eleição Ordinária";6259;"Eleições Gerais Estaduais 2026";"04/10/2026";"PA";"PA";"PARÁ";140002531069;13;49;"Outras aplicações e Investimentos";"BRADESCO DEB INC II FIC DE INVESTIMENTO";"138900,00";"06/08/2026";"19:13:21"
"11/08/2026";"19:30:45";2026;2;"Eleição Ordinária";6259;"Eleições Gerais Estaduais 2026";"04/10/2026";"PA";"PA";"PARÁ";140002531069;14;49;"Outras aplicações e Investimentos";"BRADESCO DEBENTURES INCENTIVADAS CDI FIC DE FUNDOS";"115000,00";"06/08/2026";"19:13:21"
"11/08/2026";"19:30:45";2026;2;"Eleição Ordinária";6259;"Eleições Gerais Estaduais 2026";"04/10/2026";"PA";"PA";"PARÁ";140002531069;12;15;"Sala ou conjunto";"SALA COMERCIAL NO EMPREENDIMENTO ZIO BUSINESS";"116964,98";"06/08/2026";"19:13:21"
"11/08/2026";"19:30:45";2026;2;"Eleição Ordinária";6259;"Eleições Gerais Estaduais 2026";"04/10/2026";"PA";"PA";"PARÁ";140002531069;15;49;"Outras aplicações e Investimentos";"SANTADER FUNDO INCENTIVADO DE INVESTIMENTO EM INFRA INFLACAO";"30000,00";"06/08/2026";"19:13:21"
"11/08/2026";"19:30:45";2026;2;"Eleição Ordinária";6259;"Eleições Gerais Estaduais 2026";"04/10/2026";"PA";"PA";"PARÁ";140002531069;16;49;"Outras aplicações e Investimentos";"BRADESCO FIF-CIC RF INCENTIVADO DE INVESTIMENTO EM INFRAESTRUTURA";"128749,10";"06/08/2026";"19:13:21"
"11/08/2026";"19:30:45";2026;2;"Eleição Ordinária";6259;"Eleições Gerais Estaduais 2026";"04/10/2026";"PA";"PA";"PARÁ";140002531069;17;45;"Aplicação de renda fixa (CDB, RDB e outros)";"BRADESCO PRIME FIC DE FI FINANCEIRO RENDA FIXA";"0,00";"06/08/2026";"19:13:21"
"11/08/2026";"19:30:45";2026;2;"Eleição Ordinária";6259;"Eleições Gerais Estaduais 2026";"04/10/2026";"PA";"PA";"PARÁ";140002531070;3;13;"Terreno";"LOCALIZADO NA RUA 04 DE JULHO S/N BAIRRO ESPANHOL, MUNICIPIO DE CONCÓRDIA O PARÁ/PA";"25000,00";"04/08/2026";"17:11:54"
"11/08/2026";"19:30:45";2026;2;"Eleição Ordinária";6259;"Eleições Gerais Estaduais 2026";"04/10/2026";"PA";"PA";"PARÁ";140002531070;1;21;"Veículo automotor terrestre: caminhão, automóvel, moto, etc.";"TREILER MOVÉL DE LANCHE";"8000,00";"04/08/2026";"17:11:54"
"11/08/2026";"19:30:45";2026;2;"Eleição Ordinária";6259;"Eleições Gerais Estaduais 2026";"04/10/2026";"PA";"PA";"PARÁ";140002531070;2;21;"Veículo automotor terrestre: caminhão, automóvel, moto, etc.";"TREILER MOVÉL DE LANCHE";"15000,00";"04/08/2026";"17:11:54"
"11/08/2026";"19:30:45";2026;2;"Eleição Ordinária";6259;"Eleições Gerais Estaduais 2026";"04/10/2026";"PA";"PA";"PARÁ";140002531072;3;12;"Casa";"LOCALIZA NA TRAV. JOSE MALCHER, BAIRRO CENTRO CIDADE GARRAFÃO DO NORTE/PA";"100000,00";"04/08/2026";"17:11:54"
"11/08/2026";"19:30:45";2026;2;"Eleição Ordinária";6259;"Eleições Gerais Estaduais 2026";"04/10/2026";"PA";"PA";"PARÁ";140002531072;1;12;"Casa";"LOCALIZADA NA RUA CARLOS GOMES, BAIRRO PEDRINHA, CIDADE GARRAGÃO NORTE/PA";"120000,00";"04/08/2026";"17:11:54"
"11/08/2026";"19:30:45";2026;2;"Eleição Ordinária";6259;"Eleições Gerais Estaduais 2026";"04/10/2026";"PA";"PA";"PARÁ";140002531072;2;18;"Loja";"PONTO COMERCIAL , LOCALIZADO NA TRAV. JOSE MALCHER, BAIRRO CENTRO, CIDADE GARRAFÃO DO NORTE/PA";"80000,00";"04/08/2026";"17:11:54"
"11/08/2026";"19:30:45";2026;2;"Eleição Ordinária";6259;"Eleições Gerais Estaduais 2026";"04/10/2026";"PA";"PA";"PARÁ";140002531073;1;12;"Casa";"CASA, RUA GUARACI 02, BAIRRO PARQUE DOS CARAJAS PARAUAPEBAS -PA";"12000,00";"04/08/2026";"17:11:54"
"11/08/2026";"19:30:45";2026;2;"Eleição Ordinária";6259;"Eleições Gerais Estaduais 2026";"04/10/2026";"PA";"PA";"PARÁ";140002532014;1;12;"Casa";"LOCALIZADO NA AV. XXXXXX, XX, BAIRRO SERRA AZUL MUNICIPIO DE TUCURUÍ/PA";"50000,00";"04/08/2026";"17:11:54"
"11/08/2026";"19:30:45";2026;2;"Eleição Ordinária";6259;"Eleições Gerais Estaduais 2026";"04/10/2026";"PA";"PA";"PARÁ";140002531073;2;21;"Veículo automotor terrestre: caminhão, automóvel, moto, etc.";"ESP. CAMINHONETE /API/TOYOTA HILUX ANO 2019/2020 PLACA QVL6060";"143000,00";"04/08/2026";"17:11:54"
"11/08/2026";"19:30:45";2026;2;"Eleição Ordinária";6259;"Eleições Gerais Estaduais 2026";"04/10/2026";"PA";"PA";"PARÁ";140002532265;1;21;"Veículo automotor terrestre: caminhão, automóvel, moto, etc.";"JEEP COMPASS 2.0 SPORT";"91000,00";"11/08/2026";"15:23:48"
"11/08/2026";"19:30:45";2026;2;"Eleição Ordinária";6259;"Eleições Gerais Estaduais 2026";"04/10/2026";"PA";"PA";"PARÁ";140002532015;1;12;"Casa";"RUA LIBERDADE , NO BAIRRO PARQUE RESIDENCIA PERDIZES N. 1110 NO MUNICIPIO /UF BIRIGUI - SP";"160000,00";"06/08/2026";"18:28:31"
"11/08/2026";"19:30:45";2026;2;"Eleição Ordinária";6259;"Eleições Gerais Estaduais 2026";"04/10/2026";"PA";"PA";"PARÁ";140002536583;1;13;"Terreno";"LOTE URBANO";"18000,00";"08/08/2026";"14:30:28"
"11/08/2026";"19:30:45";2026;2;"Eleição Ordinária";6259;"Eleições Gerais Estaduais 2026";"04/10/2026";"PA";"PA";"PARÁ";140002536583;4;12;"Casa";"CASA RESIDENCIAL";"100000,00";"08/08/2026";"14:30:28"
"11/08/2026";"19:30:45";2026;2;"Eleição Ordinária";6259;"Eleições Gerais Estaduais 2026";"04/10/2026";"PA";"PA";"PARÁ";140002536583;3;99;"OUTROS BENS E DIREITOS";"CABEÇAS DE GADO";"127046,40";"08/08/2026";"14:30:28"
"11/08/2026";"19:30:45";2026;2;"Eleição Ordinária";6259;"Eleições Gerais Estaduais 2026";"04/10/2026";"PA";"PA";"PARÁ";140002536583;2;13;"Terreno";"LOTES URBANOS";"120000,00";"08/08/2026";"14:30:28"
"11/08/2026";"19:30:45";2026;2;"Eleição Ordinária";6259;"Eleições Gerais Estaduais 2026";"04/10/2026";"PA";"PA";"PARÁ";140002536583;5;99;"OUTROS BENS E DIREITOS";"CABEÇAS DE GADO";"159123,36";"08/08/2026";"14:30:28"
"11/08/2026";"19:30:45";2026;2;"Eleição Ordinária";6259;"Eleições Gerais Estaduais 2026";"04/10/2026";"PA";"PA";"PARÁ";140002536583;6;99;"OUTROS BENS E DIREITOS";"CABEÇAS DE GADO";"136266,40";"08/08/2026";"14:30:28"
"11/08/2026";"19:30:45";2026;2;"Eleição Ordinária";6259;"Eleições Gerais Estaduais 2026";"04/10/2026";"PA";"PA";"PARÁ";140002536583;7;99;"OUTROS BENS E DIREITOS";"CABEÇAS DE GADO";"119280,00";"08/08/2026";"14:30:28"
"11/08/2026";"19:30:45";2026;2;"Eleição Ordinária";6259;"Eleições Gerais Estaduais 2026";"04/10/2026";"PA";"PA";"PARÁ";140002536583;10;99;"OUTROS BENS E DIREITOS";"TITULO DE DOMINIO";"1500000,00";"08/08/2026";"14:30:28"
"11/08/2026";"19:30:45";2026;2;"Eleição Ordinária";6259;"Eleições Gerais Estaduais 2026";"04/10/2026";"PA";"PA";"PARÁ";140002536583;9;99;"OUTROS BENS E DIREITOS";"EQUIDEOS (EQUINO)";"15500,00";"08/08/2026";"14:30:28"
"11/08/2026";"19:30:45";2026;2;"Eleição Ordinária";6259;"Eleições Gerais Estaduais 2026";"04/10/2026";"PA";"PA";"PARÁ";140002536583;8;99;"OUTROS BENS E DIREITOS";"CABEÇAS DE GADO";"1723800,00";"08/08/2026";"14:30:28"
"11/08/2026";"19:30:45";2026;2;"Eleição Ordinária";6259;"Eleições Gerais Estaduais 2026";"04/10/2026";"PA";"PA";"PARÁ";140002536583;11;99;"OUTROS BENS E DIREITOS";"CABEÇAS DE GADO";"307068,00";"08/08/2026";"14:30:28"
"11/08/2026";"19:30:45";2026;2;"Eleição Ordinária";6259;"Eleições Gerais Estaduais 2026";"04/10/2026";"PA";"PA";"PARÁ";140002536583;12;99;"OUTROS BENS E DIREITOS";"EQUIDEOS";"45000,00";"08/08/2026";"14:30:28"
"11/08/2026";"19:30:45";2026;2;"Eleição Ordinária";6259;"Eleições Gerais Estaduais 2026";"04/10/2026";"PA";"PA";"PARÁ";140002536583;13;21;"Veículo automotor terrestre: caminhão, automóvel, moto, etc.";"CARRO";"244000,00";"08/08/2026";"14:30:28"
"11/08/2026";"19:30:45";2026;2;"Eleição Ordinária";6259;"Eleições Gerais Estaduais 2026";"04/10/2026";"PA";"PA";"PARÁ";140002536584;2;14;"Terra nua";"TERRENO URBANO";"100000,00";"05/08/2026";"14:54:19"
"11/08/2026";"19:30:45";2026;2;"Eleição Ordinária";6259;"Eleições Gerais Estaduais 2026";"04/10/2026";"PA";"PA";"PARÁ";140002536583;14;99;"OUTROS BENS E DIREITOS";"CABEÇAS DE GADO";"581308,80";"08/08/2026";"14:30:28"
"11/08/2026";"19:30:45";2026;2;"Eleição Ordinária";6259;"Eleições Gerais Estaduais 2026";"04/10/2026";"PA";"PA";"PARÁ";140002536584;1;13;"Terreno";"FAZENDA";"845000,00";"05/08/2026";"14:54:19"
"11/08/2026";"19:30:45";2026;2;"Eleição Ordinária";6259;"Eleições Gerais Estaduais 2026";"04/10/2026";"PA";"PA";"PARÁ";140002536584;3;13;"Terreno";"TERRENO URBANO";"10000,00";"05/08/2026";"14:54:19"
"11/08/2026";"19:30:45";2026;2;"Eleição Ordinária";6259;"Eleições Gerais Estaduais 2026";"04/10/2026";"PA";"PA";"PARÁ";140002536584;4;13;"Terreno";"FAZENDA";"524520,00";"05/08/2026";"14:54:19"
"11/08/2026";"19:30:45";2026;2;"Eleição Ordinária";6259;"Eleições Gerais Estaduais 2026";"04/10/2026";"PA";"PA";"PARÁ";140002536584;5;21;"Veículo automotor terrestre: caminhão, automóvel, moto, etc.";"VEICULO";"20000,00";"05/08/2026";"14:54:19"
"11/08/2026";"19:30:45";2026;2;"Eleição Ordinária";6259;"Eleições Gerais Estaduais 2026";"04/10/2026";"PA";"PA";"PARÁ";140002536584;8;14;"Terra nua";"TERRENO URBANO";"208000,00";"05/08/2026";"14:54:19"
"11/08/2026";"19:30:45";2026;2;"Eleição Ordinária";6259;"Eleições Gerais Estaduais 2026";"04/10/2026";"PA";"PA";"PARÁ";140002536584;6;99;"OUTROS BENS E DIREITOS";"CONTA";"1,00";"05/08/2026";"14:54:19"
"11/08/2026";"19:30:45";2026;2;"Eleição Ordinária";6259;"Eleições Gerais Estaduais 2026";"04/10/2026";"PA";"PA";"PARÁ";140002536584;7;99;"OUTROS BENS E DIREITOS";"REBANHO";"4346000,00";"05/08/2026";"14:54:19"
"11/08/2026";"19:30:45";2026;2;"Eleição Ordinária";6259;"Eleições Gerais Estaduais 2026";"04/10/2026";"PA";"PA";"PARÁ";140002536584;9;13;"Terreno";"TERRENO URBANO";"8000,00";"05/08/2026";"14:54:19"
"11/08/2026";"19:30:45";2026;2;"Eleição Ordinária";6259;"Eleições Gerais Estaduais 2026";"04/10/2026";"PA";"PA";"PARÁ";140002536584;10;13;"Terreno";"TERRENO URBANO";"20000,00";"05/08/2026";"14:54:19"
"11/08/2026";"19:30:45";2026;2;"Eleição Ordinária";6259;"Eleições Gerais Estaduais 2026";"04/10/2026";"PA";"PA";"PARÁ";140002536584;11;13;"Terreno";"FAZENDA";"294000,00";"05/08/2026";"14:54:19"
"11/08/2026";"19:30:45";2026;2;"Eleição Ordinária";6259;"Eleições Gerais Estaduais 2026";"04/10/2026";"PA";"PA";"PARÁ";140002536584;14;41;"Caderneta de poupança";"POUPANÇA NACIONAL";"27507,79";"05/08/2026";"14:54:19"
"11/08/2026";"19:30:45";2026;2;"Eleição Ordinária";6259;"Eleições Gerais Estaduais 2026";"04/10/2026";"PA";"PA";"PARÁ";140002536584;13;13;"Terreno";"TERRENO URBANO";"20000,00";"05/08/2026";"14:54:19"
"11/08/2026";"19:30:45";2026;2;"Eleição Ordinária";6259;"Eleições Gerais Estaduais 2026";"04/10/2026";"PA";"PA";"PARÁ";140002536584;12;13;"Terreno";"FAZENDA";"560000,00";"05/08/2026";"14:54:19"
"11/08/2026";"19:30:45";2026;2;"Eleição Ordinária";6259;"Eleições Gerais Estaduais 2026";"04/10/2026";"PA";"PA";"PARÁ";140002536584;17;12;"Casa";"IMOVEL RESIDENCIAL";"750000,00";"05/08/2026";"14:54:19"
"11/08/2026";"19:30:45";2026;2;"Eleição Ordinária";6259;"Eleições Gerais Estaduais 2026";"04/10/2026";"PA";"PA";"PARÁ";140002536584;16;39;"Outras participações societárias";"PARTICIPAÇÃO EM EMPRESA";"19800,00";"05/08/2026";"14:54:19"
"11/08/2026";"19:30:45";2026;2;"Eleição Ordinária";6259;"Eleições Gerais Estaduais 2026";"04/10/2026";"PA";"PA";"PARÁ";140002536584;15;19;"Outros bens imóveis";"FAZENDA";"819540,00";"05/08/2026";"14:54:19"
"11/08/2026";"19:30:45";2026;2;"Eleição Ordinária";6259;"Eleições Gerais Estaduais 2026";"04/10/2026";"PA";"PA";"PARÁ";140002536585;2;12;"Casa";"CASA";"150000,00";"06/08/2026";"16:19:27"
"11/08/2026";"19:30:45";2026;2;"Eleição Ordinária";6259;"Eleições Gerais Estaduais 2026";"04/10/2026";"PA";"PA";"PARÁ";140002536585;3;21;"Veículo automotor terrestre: caminhão, automóvel, moto, etc.";"CARRO";"90000,00";"06/08/2026";"16:19:27"
"11/08/2026";"19:30:45";2026;2;"Eleição Ordinária";6259;"Eleições Gerais Estaduais 2026";"04/10/2026";"PA";"PA";"PARÁ";140002536585;1;21;"Veículo automotor terrestre: caminhão, automóvel, moto, etc.";"MOTO";"20000,00";"06/08/2026";"16:19:27"
"11/08/2026";"19:30:45";2026;2;"Eleição Ordinária";6259;"Eleições Gerais Estaduais 2026";"04/10/2026";"PA";"PA";"PARÁ";140002536587;1;39;"Outras participações societárias";"SOCIA EM EMPRESA";"150000,00";"08/08/2026";"13:58:24"
"11/08/2026";"19:30:45";2026;2;"Eleição Ordinária";6259;"Eleições Gerais Estaduais 2026";"04/10/2026";"PA";"PA";"PARÁ";140002536587;2;39;"Outras participações societárias";"SOCIEDADE EM EMPRESA";"20000,00";"08/08/2026";"13:58:24"
"11/08/2026";"19:30:45";2026;2;"Eleição Ordinária";6259;"Eleições Gerais Estaduais 2026";"04/10/2026";"PA";"PA";"PARÁ";140002536585;4;13;"Terreno";"TERRENO";"60000,00";"06/08/2026";"16:19:27"
"11/08/2026";"19:30:45";2026;2;"Eleição Ordinária";6259;"Eleições Gerais Estaduais 2026";"04/10/2026";"PA";"PA";"PARÁ";140002536587;3;39;"Outras participações societárias";"SOCIEDADE EM EMPRESA";"29997,00";"08/08/2026";"13:58:24"
"11/08/2026";"19:30:45";2026;2;"Eleição Ordinária";6259;"Eleições Gerais Estaduais 2026";"04/10/2026";"PA";"PA";"PARÁ";140002536587;4;39;"Outras participações societárias";"SOCIEDADE EM EMPRESA";"200000,00";"08/08/2026";"13:58:24"
"11/08/2026";"19:30:45";2026;2;"Eleição Ordinária";6259;"Eleições Gerais Estaduais 2026";"04/10/2026";"PA";"PA";"PARÁ";140002536587;5;39;"Outras participações societárias";"SOCIEDADE EM EMPRESA";"200000,00";"08/08/2026";"13:58:24"
"11/08/2026";"19:30:45";2026;2;"Eleição Ordinária";6259;"Eleições Gerais Estaduais 2026";"04/10/2026";"PA";"PA";"PARÁ";140002536588;1;12;"Casa";"CASA RESIDENCIAL";"200000,00";"08/08/2026";"11:16:25"
"11/08/2026";"19:30:45";2026;2;"Eleição Ordinária";6259;"Eleições Gerais Estaduais 2026";"04/10/2026";"PA";"PA";"PARÁ";140002536589;1;13;"Terreno";"LOTE DE TERRA";"120000,00";"08/08/2026";"14:51:14"
"11/08/2026";"19:30:45";2026;2;"Eleição Ordinária";6259;"Eleições Gerais Estaduais 2026";"04/10/2026";"PA";"PA";"PARÁ";140002536588;2;21;"Veículo automotor terrestre: caminhão, automóvel, moto, etc.";"MOTOCICLETA";"25114,00";"08/08/2026";"11:16:25"
"11/08/2026";"19:30:45";2026;2;"Eleição Ordinária";6259;"Eleições Gerais Estaduais 2026";"04/10/2026";"PA";"PA";"PARÁ";140002536590;2;15;"Sala ou conjunto";"SALA COMERCIAL";"178412,09";"06/08/2026";"16:04:52"
"11/08/2026";"19:30:45";2026;2;"Eleição Ordinária";6259;"Eleições Gerais Estaduais 2026";"04/10/2026";"PA";"PA";"PARÁ";140002536590;1;99;"OUTROS BENS E DIREITOS";"DINHEIRO DEPOSITADO EM CONTA (BANCO ITAÚ)";"500000,00";"06/08/2026";"16:04:52"
"11/08/2026";"19:30:45";2026;2;"Eleição Ordinária";6259;"Eleições Gerais Estaduais 2026";"04/10/2026";"PA";"PA";"PARÁ";140002536589;2;21;"Veículo automotor terrestre: caminhão, automóvel, moto, etc.";"CARRO";"67862,00";"08/08/2026";"14:51:14"
"11/08/2026";"19:30:45";2026;2;"Eleição Ordinária";6259;"Eleições Gerais Estaduais 2026";"04/10/2026";"PA";"PA";"PARÁ";140002536590;5;15;"Sala ou conjunto";"SALA COMERCIAL";"178412,09";"06/08/2026";"16:04:52"
"11/08/2026";"19:30:45";2026;2;"Eleição Ordinária";6259;"Eleições Gerais Estaduais 2026";"04/10/2026";"PA";"PA";"PARÁ";140002536590;3;21;"Veículo automotor terrestre: caminhão, automóvel, moto, etc.";"CARRO";"160000,00";"06/08/2026";"16:04:52"
"11/08/2026";"19:30:45";2026;2;"Eleição Ordinária";6259;"Eleições Gerais Estaduais 2026";"04/10/2026";"PA";"PA";"PARÁ";140002536590;4;11;"Apartamento";"APARTAMENTO";"433900,00";"06/08/2026";"16:04:52"
"11/08/2026";"19:30:45";2026;2;"Eleição Ordinária";6259;"Eleições Gerais Estaduais 2026";"04/10/2026";"PA";"PA";"PARÁ";140002536590;6;15;"Sala ou conjunto";"SALA COMERCIAL";"178412,09";"06/08/2026";"16:04:52"
"11/08/2026";"19:30:45";2026;2;"Eleição Ordinária";6259;"Eleições Gerais Estaduais 2026";"04/10/2026";"PA";"PA";"PARÁ";140002536590;7;15;"Sala ou conjunto";"SALA COMERCIAL";"256662,04";"06/08/2026";"16:04:52"
"11/08/2026";"19:30:45";2026;2;"Eleição Ordinária";6259;"Eleições Gerais Estaduais 2026";"04/10/2026";"PA";"PA";"PARÁ";140002536590;8;32;"Quotas ou quinhões de capital";"QUOTAS NO CAPITAL SOCIAL - OFTALMO CARE";"19000,00";"06/08/2026";"16:04:52"
"11/08/2026";"19:30:45";2026;2;"Eleição Ordinária";6259;"Eleições Gerais Estaduais 2026";"04/10/2026";"PA";"PA";"PARÁ";140002536590;11;63;"Dinheiro em espécie - moeda nacional";"DINHEIRO EM EPÉCIE";"100000,00";"06/08/2026";"16:04:52"
"11/08/2026";"19:30:45";2026;2;"Eleição Ordinária";6259;"Eleições Gerais Estaduais 2026";"04/10/2026";"PA";"PA";"PARÁ";140002536590;9;45;"Aplicação de renda fixa (CDB, RDB e outros)";"APLICAÇÕES BANCO DO BRASIL";"43727,12";"06/08/2026";"16:04:52"
"11/08/2026";"19:30:45";2026;2;"Eleição Ordinária";6259;"Eleições Gerais Estaduais 2026";"04/10/2026";"PA";"PA";"PARÁ";140002536590;10;99;"OUTROS BENS E DIREITOS";"DINHEIRO EM CONTA CORRENTE";"23436,48";"06/08/2026";"16:04:52"
"11/08/2026";"19:30:45";2026;2;"Eleição Ordinária";6259;"Eleições Gerais Estaduais 2026";"04/10/2026";"PA";"PA";"PARÁ";140002536590;13;99;"OUTROS BENS E DIREITOS";"DINHEIRO EM CONTA POUPANÇA";"618,98";"06/08/2026";"16:04:52"
"11/08/2026";"19:30:45";2026;2;"Eleição Ordinária";6259;"Eleições Gerais Estaduais 2026";"04/10/2026";"PA";"PA";"PARÁ";140002536590;12;11;"Apartamento";"APARTAMENTO";"955000,00";"06/08/2026";"16:04:52"
"11/08/2026";"19:30:45";2026;2;"Eleição Ordinária";6259;"Eleições Gerais Estaduais 2026";"04/10/2026";"PA";"PA";"PARÁ";140002536590;14;11;"Apartamento";"APARTAMENTO";"1192475,68";"06/08/2026";"16:04:52"
"11/08/2026";"19:30:45";2026;2;"Eleição Ordinária";6259;"Eleições Gerais Estaduais 2026";"04/10/2026";"PA";"PA";"PARÁ";140002536590;16;45;"Aplicação de renda fixa (CDB, RDB e outros)";"APLICAÇÕES BANCO DO BRASIL";"70000,00";"06/08/2026";"16:04:52"
"11/08/2026";"19:30:45";2026;2;"Eleição Ordinária";6259;"Eleições Gerais Estaduais 2026";"04/10/2026";"PA";"PA";"PARÁ";140002536590;17;99;"OUTROS BENS E DIREITOS";"CONTA CORRENTE BB";"0,30";"06/08/2026";"16:04:52"
"11/08/2026";"19:30:45";2026;2;"Eleição Ordinária";6259;"Eleições Gerais Estaduais 2026";"04/10/2026";"PA";"PA";"PARÁ";140002536590;15;99;"OUTROS BENS E DIREITOS";"CONSÓRCIO";"69623,93";"06/08/2026";"16:04:52"
"11/08/2026";"19:30:45";2026;2;"Eleição Ordinária";6259;"Eleições Gerais Estaduais 2026";"04/10/2026";"PA";"PA";"PARÁ";140002536590;20;15;"Sala ou conjunto";"SALA COMERCIAL";"178412,09";"06/08/2026";"16:04:52"
"11/08/2026";"19:30:45";2026;2;"Eleição Ordinária";6259;"Eleições Gerais Estaduais 2026";"04/10/2026";"PA";"PA";"PARÁ";140002536590;18;99;"OUTROS BENS E DIREITOS";"SALDO EM CONTA XP INVESTIMENTOS";"11191,68";"06/08/2026";"16:04:52"
"11/08/2026";"19:30:45";2026;2;"Eleição Ordinária";6259;"Eleições Gerais Estaduais 2026";"04/10/2026";"PA";"PA";"PARÁ";140002536590;19;99;"OUTROS BENS E DIREITOS";"RENDA FIXA ITAU";"2235030,68";"06/08/2026";"16:04:52"
"11/08/2026";"19:30:45";2026;2;"Eleição Ordinária";6259;"Eleições Gerais Estaduais 2026";"04/10/2026";"PA";"PA";"PARÁ";140002536590;23;15;"Sala ou conjunto";"SALA COMERCIAL";"256662,04";"06/08/2026";"16:04:52"
"11/08/2026";"19:30:45";2026;2;"Eleição Ordinária";6259;"Eleições Gerais Estaduais 2026";"04/10/2026";"PA";"PA";"PARÁ";140002536590;22;13;"Terreno";"TERRENO";"95315,54";"06/08/2026";"16:04:52"
"11/08/2026";"19:30:45";2026;2;"Eleição Ordinária";6259;"Eleições Gerais Estaduais 2026";"04/10/2026";"PA";"PA";"PARÁ";140002536590;21;11;"Apartamento";"APARTAMENTO";"591000,00";"06/08/2026";"16:04:52"
"11/08/2026";"19:30:45";2026;2;"Eleição Ordinária";6259;"Eleições Gerais Estaduais 2026";"04/10/2026";"PA";"PA";"PARÁ";140002536591;2;2;"Prédio comercial";"IMOVEL COMERCIAL";"1500000,00";"05/08/2026";"17:52:40"
"11/08/2026";"19:30:45";2026;2;"Eleição Ordinária";6259;"Eleições Gerais Estaduais 2026";"04/10/2026";"PA";"PA";"PARÁ";140002536590;24;32;"Quotas ou quinhões de capital";"QUOTAS NO CAPITAL SOCIAL UNIMED";"132820,38";"06/08/2026";"16:04:52"
"11/08/2026";"19:30:45";2026;2;"Eleição Ordinária";6259;"Eleições Gerais Estaduais 2026";"04/10/2026";"PA";"PA";"PARÁ";140002536591;1;99;"OUTROS BENS E DIREITOS";"LETRAS CREDITO IMOBILIARIO";"4430,00";"05/08/2026";"17:52:40"
"11/08/2026";"19:30:45";2026;2;"Eleição Ordinária";6259;"Eleições Gerais Estaduais 2026";"04/10/2026";"PA";"PA";"PARÁ";140002536591;4;45;"Aplicação de renda fixa (CDB, RDB e outros)";"RDB/CDB";"45267,00";"05/08/2026";"17:52:40"
"11/08/2026";"19:30:45";2026;2;"Eleição Ordinária";6259;"Eleições Gerais Estaduais 2026";"04/10/2026";"PA";"PA";"PARÁ";140002536591;3;39;"Outras participações societárias";"COTA ARETE CONSULTORIA";"200000,00";"05/08/2026";"17:52:40"
"11/08/2026";"19:30:45";2026;2;"Eleição Ordinária";6259;"Eleições Gerais Estaduais 2026";"04/10/2026";"PA";"PA";"PARÁ";140002536591;5;13;"Terreno";"1/3 DE FAZENDA";"500000,00";"05/08/2026";"17:52:40"
"11/08/2026";"19:30:45";2026;2;"Eleição Ordinária";6259;"Eleições Gerais Estaduais 2026";"04/10/2026";"PA";"PA";"PARÁ";140002536591;7;11;"Apartamento";"APARTAMENTO RESIDENCIAL";"101167,71";"05/08/2026";"17:52:40"
"11/08/2026";"19:30:45";2026;2;"Eleição Ordinária";6259;"Eleições Gerais Estaduais 2026";"04/10/2026";"PA";"PA";"PARÁ";140002536591;6;41;"Caderneta de poupança";"CONTA UNIVERSAL";"2325,42";"05/08/2026";"17:52:40"
"11/08/2026";"19:30:45";2026;2;"Eleição Ordinária";6259;"Eleições Gerais Estaduais 2026";"04/10/2026";"PA";"PA";"PARÁ";140002536591;8;99;"OUTROS BENS E DIREITOS";"LETRAS CREDITO AGRONEGOCIO";"2500,00";"05/08/2026";"17:52:40"
"11/08/2026";"19:30:45";2026;2;"Eleição Ordinária";6259;"Eleições Gerais Estaduais 2026";"04/10/2026";"PA";"PA";"PARÁ";140002536591;9;99;"OUTROS BENS E DIREITOS";"CARTEIRA ITAU DE INVESTIMENTOS";"32535,76";"05/08/2026";"17:52:40"
"11/08/2026";"19:30:45";2026;2;"Eleição Ordinária";6259;"Eleições Gerais Estaduais 2026";"04/10/2026";"PA";"PA";"PARÁ";140002536591;10;99;"OUTROS BENS E DIREITOS";"CONTA CORRENTE";"10,00";"05/08/2026";"17:52:40"
"11/08/2026";"19:30:45";2026;2;"Eleição Ordinária";6259;"Eleições Gerais Estaduais 2026";"04/10/2026";"PA";"PA";"PARÁ";140002536591;11;99;"OUTROS BENS E DIREITOS";"ITAU PRIVILEGE";"96450,05";"05/08/2026";"17:52:40"
"11/08/2026";"19:30:45";2026;2;"Eleição Ordinária";6259;"Eleições Gerais Estaduais 2026";"04/10/2026";"PA";"PA";"PARÁ";140002536591;14;99;"OUTROS BENS E DIREITOS";"OPERAÇÕES TESOURO DIRETO";"49994,52";"05/08/2026";"17:52:40"
"11/08/2026";"19:30:45";2026;2;"Eleição Ordinária";6259;"Eleições Gerais Estaduais 2026";"04/10/2026";"PA";"PA";"PARÁ";140002536591;12;99;"OUTROS BENS E DIREITOS";"ITAU INDEX ACOES FIC";"30000,00";"05/08/2026";"17:52:40"
"11/08/2026";"19:30:45";2026;2;"Eleição Ordinária";6259;"Eleições Gerais Estaduais 2026";"04/10/2026";"PA";"PA";"PARÁ";140002536591;13;99;"OUTROS BENS E DIREITOS";"TITULO REMIDO DA ASSEMBLEIA PARAENSE";"80000,00";"05/08/2026";"17:52:40"
"11/08/2026";"19:30:45";2026;2;"Eleição Ordinária";6259;"Eleições Gerais Estaduais 2026";"04/10/2026";"PA";"PA";"PARÁ";140002536591;16;11;"Apartamento";"UNIDADE HABITACIONAL";"899500,00";"05/08/2026";"17:52:40"
"11/08/2026";"19:30:45";2026;2;"Eleição Ordinária";6259;"Eleições Gerais Estaduais 2026";"04/10/2026";"PA";"PA";"PARÁ";140002536591;15;99;"OUTROS BENS E DIREITOS";"1/35 AVOS DE IMOVEL";"35000,00";"05/08/2026";"17:52:40"
"11/08/2026";"19:30:45";2026;2;"Eleição Ordinária";6259;"Eleições Gerais Estaduais 2026";"04/10/2026";"PA";"PA";"PARÁ";140002536591;17;99;"OUTROS BENS E DIREITOS";"SEGURO DE VIDA";"222712,06";"05/08/2026";"17:52:40"
"11/08/2026";"19:30:45";2026;2;"Eleição Ordinária";6259;"Eleições Gerais Estaduais 2026";"04/10/2026";"PA";"PA";"PARÁ";140002536592;1;32;"Quotas ou quinhões de capital";"100% CAPITAL SOCIAL";"2000,00";"11/08/2026";"18:07:59"
"11/08/2026";"19:30:45";2026;2;"Eleição Ordinária";6259;"Eleições Gerais Estaduais 2026";"04/10/2026";"PA";"PA";"PARÁ";140002536592;2;32;"Quotas ou quinhões de capital";"COTA DE CAPITAL EM EMPRESA";"13334,00";"11/08/2026";"18:07:59"
"11/08/2026";"19:30:45";2026;2;"Eleição Ordinária";6259;"Eleições Gerais Estaduais 2026";"04/10/2026";"PA";"PA";"PARÁ";140002536591;18;13;"Terreno";"SITIO";"500000,00";"05/08/2026";"17:52:40"
"11/08/2026";"19:30:45";2026;2;"Eleição Ordinária";6259;"Eleições Gerais Estaduais 2026";"04/10/2026";"PA";"PA";"PARÁ";140002536592;3;32;"Quotas ou quinhões de capital";"COTA DE CAPITAL EM EMPRESA DE CONSTRUTORA";"13334,00";"11/08/2026";"18:07:59"
"11/08/2026";"19:30:45";2026;2;"Eleição Ordinária";6259;"Eleições Gerais Estaduais 2026";"04/10/2026";"PA";"PA";"PARÁ";140002536592;5;32;"Quotas ou quinhões de capital";"COTA DE CAPITAL EM EMPRESA";"10000,00";"11/08/2026";"18:07:59"
"11/08/2026";"19:30:45";2026;2;"Eleição Ordinária";6259;"Eleições Gerais Estaduais 2026";"04/10/2026";"PA";"PA";"PARÁ";140002536592;4;13;"Terreno";"IMOVEL";"550000,00";"11/08/2026";"18:07:59"
"11/08/2026";"19:30:45";2026;2;"Eleição Ordinária";6259;"Eleições Gerais Estaduais 2026";"04/10/2026";"PA";"PA";"PARÁ";140002536592;8;2;"Prédio comercial";"IMOVEL";"184000,00";"11/08/2026";"18:07:59"
"11/08/2026";"19:30:45";2026;2;"Eleição Ordinária";6259;"Eleições Gerais Estaduais 2026";"04/10/2026";"PA";"PA";"PARÁ";140002536592;6;32;"Quotas ou quinhões de capital";"64% DE PARTICIPAÇÃO EM EMPRESA";"180000,00";"11/08/2026";"18:07:59"
"11/08/2026";"19:30:45";2026;2;"Eleição Ordinária";6259;"Eleições Gerais Estaduais 2026";"04/10/2026";"PA";"PA";"PARÁ";140002536592;7;61;"Depósito bancário em conta corrente no País";"SALDO EM CONTA POUPANÇA";"1093,61";"11/08/2026";"18:07:59"
"11/08/2026";"19:30:45";2026;2;"Eleição Ordinária";6259;"Eleições Gerais Estaduais 2026";"04/10/2026";"PA";"PA";"PARÁ";140002536592;10;21;"Veículo automotor terrestre: caminhão, automóvel, moto, etc.";"RAM Rampage Laramie";"200000,00";"11/08/2026";"18:07:59"
"11/08/2026";"19:30:45";2026;2;"Eleição Ordinária";6259;"Eleições Gerais Estaduais 2026";"04/10/2026";"PA";"PA";"PARÁ";140002536592;11;63;"Dinheiro em espécie - moeda nacional";"Dinheiro em especie";"102000,00";"11/08/2026";"18:07:59"
"11/08/2026";"19:30:45";2026;2;"Eleição Ordinária";6259;"Eleições Gerais Estaduais 2026";"04/10/2026";"PA";"PA";"PARÁ";140002536592;9;61;"Depósito bancário em conta corrente no País";"SALDO EM CONTA CORRENTE";"3577,36";"11/08/2026";"18:07:59"
"11/08/2026";"19:30:45";2026;2;"Eleição Ordinária";6259;"Eleições Gerais Estaduais 2026";"04/10/2026";"PA";"PA";"PARÁ";140002536593;2;32;"Quotas ou quinhões de capital";"PARTICIPAÇÃO SOCIETÁRIA";"1869923,10";"07/08/2026";"11:40:40"
"11/08/2026";"19:30:45";2026;2;"Eleição Ordinária";6259;"Eleições Gerais Estaduais 2026";"04/10/2026";"PA";"PA";"PARÁ";140002536593;3;45;"Aplicação de renda fixa (CDB, RDB e outros)";"APLICAÇÃO RENDA FIXA";"199353,24";"07/08/2026";"11:40:40"
"11/08/2026";"19:30:45";2026;2;"Eleição Ordinária";6259;"Eleições Gerais Estaduais 2026";"04/10/2026";"PA";"PA";"PARÁ";140002536593;1;13;"Terreno";"RURAL";"170518,30";"07/08/2026";"11:40:40"
"11/08/2026";"19:30:45";2026;2;"Eleição Ordinária";6259;"Eleições Gerais Estaduais 2026";"04/10/2026";"PA";"PA";"PARÁ";140002536593;5;49;"Outras aplicações e Investimentos";"DINHEIRO EM CAIXA E APLICAÇÕES";"101418,20";"07/08/2026";"11:40:40"
"11/08/2026";"19:30:45";2026;2;"Eleição Ordinária";6259;"Eleições Gerais Estaduais 2026";"04/10/2026";"PA";"PA";"PARÁ";140002536593;4;12;"Casa";"EM MONTALCINO";"14024175,00";"07/08/2026";"11:40:40"
"11/08/2026";"19:30:45";2026;2;"Eleição Ordinária";6259;"Eleições Gerais Estaduais 2026";"04/10/2026";"PA";"PA";"PARÁ";140002536593;6;62;"Depósito bancário em conta corrente no exterior";"SALDO EM CONTA";"46736,17";"07/08/2026";"11:40:40"
"11/08/2026";"19:30:45";2026;2;"Eleição Ordinária";6259;"Eleições Gerais Estaduais 2026";"04/10/2026";"PA";"PA";"PARÁ";140002536593;7;21;"Veículo automotor terrestre: caminhão, automóvel, moto, etc.";"TRITON";"90000,00";"07/08/2026";"11:40:40"
"11/08/2026";"19:30:45";2026;2;"Eleição Ordinária";6259;"Eleições Gerais Estaduais 2026";"04/10/2026";"PA";"PA";"PARÁ";140002536768;1;21;"Veículo automotor terrestre: caminhão, automóvel, moto, etc.";"01 (UM) VEÍCULO AUTOMOTOR, TIPO CAMINHONETE, MARCA TOYOTA, MODELO HILUX CD SRV D4-D 4X4 3.0 TDI DIESEL AUT, ANO 2011, COR PRETA, PLACA NSV-6I81, DE MINHA PROPRIEDADE NO VALOR DE 112.298,00, COMO INDIC";"112298,00";"07/08/2026";"15:58:41"
"11/08/2026";"19:30:45";2026;2;"Eleição Ordinária";6259;"Eleições Gerais Estaduais 2026";"04/10/2026";"PA";"PA";"PARÁ";140002536593;8;2;"Prédio comercial";"PRÉDIO";"200000,00";"07/08/2026";"11:40:40"
"11/08/2026";"19:30:45";2026;2;"Eleição Ordinária";6259;"Eleições Gerais Estaduais 2026";"04/10/2026";"PA";"PA";"PARÁ";140002536769;2;21;"Veículo automotor terrestre: caminhão, automóvel, moto, etc.";"AUTOMÓVEL 4X4";"20000,00";"08/08/2026";"14:49:17"
"11/08/2026";"19:30:45";2026;2;"Eleição Ordinária";6259;"Eleições Gerais Estaduais 2026";"04/10/2026";"PA";"PA";"PARÁ";140002536769;1;13;"Terreno";"TERRENO RURAL";"10000,00";"08/08/2026";"14:49:17"
"11/08/2026";"19:30:45";2026;2;"Eleição Ordinária";6259;"Eleições Gerais Estaduais 2026";"04/10/2026";"PA";"PA";"PARÁ";140002536769;3;13;"Terreno";"METADE ORIENTAL DE IMÓVEL RURAL";"20000,00";"08/08/2026";"14:49:17"
"11/08/2026";"19:30:45";2026;2;"Eleição Ordinária";6259;"Eleições Gerais Estaduais 2026";"04/10/2026";"PA";"PA";"PARÁ";140002536769;5;79;"Outros fundos";"VENDA DE IMÓVEL";"265000,00";"08/08/2026";"14:49:17"
"11/08/2026";"19:30:45";2026;2;"Eleição Ordinária";6259;"Eleições Gerais Estaduais 2026";"04/10/2026";"PA";"PA";"PARÁ";140002536769;4;63;"Dinheiro em espécie - moeda nacional";"DINHEIRO EM ESPÉCIE DECORRENTE DE VENDA DE UM APARTAMENTO";"280000,00";"08/08/2026";"14:49:17"
"11/08/2026";"19:30:45";2026;2;"Eleição Ordinária";6259;"Eleições Gerais Estaduais 2026";"04/10/2026";"PA";"PA";"PARÁ";140002536769;6;45;"Aplicação de renda fixa (CDB, RDB e outros)";"APLICAÇÃO FINANCEIRA - BANCO BTG";"10000,00";"08/08/2026";"14:49:17"
"11/08/2026";"19:30:45";2026;2;"Eleição Ordinária";6259;"Eleições Gerais Estaduais 2026";"04/10/2026";"PA";"PA";"PARÁ";140002536769;8;21;"Veículo automotor terrestre: caminhão, automóvel, moto, etc.";"CARRETA REBOQUE";"5000,00";"08/08/2026";"14:49:17"
"11/08/2026";"19:30:45";2026;2;"Eleição Ordinária";6259;"Eleições Gerais Estaduais 2026";"04/10/2026";"PA";"PA";"PARÁ";140002536769;7;13;"Terreno";"TERRENO URBANO COM CASA ALVENARIA";"100000,00";"08/08/2026";"14:49:17"
"11/08/2026";"19:30:45";2026;2;"Eleição Ordinária";6259;"Eleições Gerais Estaduais 2026";"04/10/2026";"PA";"PA";"PARÁ";140002536769;9;13;"Terreno";"TERRENO UBANO UNIFICADO";"58000,00";"08/08/2026";"14:49:17"
"11/08/2026";"19:30:45";2026;2;"Eleição Ordinária";6259;"Eleições Gerais Estaduais 2026";"04/10/2026";"PA";"PA";"PARÁ";140002536769;10;95;"Consórcio não contemplado";"CONSÓRCIO NÃO CONTEMPLADO";"4800,00";"08/08/2026";"14:49:17"
"11/08/2026";"19:30:45";2026;2;"Eleição Ordinária";6259;"Eleições Gerais Estaduais 2026";"04/10/2026";"PA";"PA";"PARÁ";140002536769;11;13;"Terreno";"TERRENO URBANO";"30000,00";"08/08/2026";"14:49:17"
"11/08/2026";"19:30:45";2026;2;"Eleição Ordinária";6259;"Eleições Gerais Estaduais 2026";"04/10/2026";"PA";"PA";"PARÁ";140002536769;12;13;"Terreno";"TERRENO URBANO - LOTE";"30000,00";"08/08/2026";"14:49:17"
"11/08/2026";"19:30:45";2026;2;"Eleição Ordinária";6259;"Eleições Gerais Estaduais 2026";"04/10/2026";"PA";"PA";"PARÁ";140002536769;14;21;"Veículo automotor terrestre: caminhão, automóvel, moto, etc.";"CAMINHÃO TRIO ELETRICO";"20000,00";"08/08/2026";"14:49:17"
"11/08/2026";"19:30:45";2026;2;"Eleição Ordinária";6259;"Eleições Gerais Estaduais 2026";"04/10/2026";"PA";"PA";"PARÁ";140002536769;15;12;"Casa";"IMÓVEL URBANO";"700000,00";"08/08/2026";"14:49:17"
"11/08/2026";"19:30:45";2026;2;"Eleição Ordinária";6259;"Eleições Gerais Estaduais 2026";"04/10/2026";"PA";"PA";"PARÁ";140002536769;13;13;"Terreno";"TERRENO AGRICOLA";"5000,00";"08/08/2026";"14:49:17"
"11/08/2026";"19:30:45";2026;2;"Eleição Ordinária";6259;"Eleições Gerais Estaduais 2026";"04/10/2026";"PA";"PA";"PARÁ";140002536769;17;21;"Veículo automotor terrestre: caminhão, automóvel, moto, etc.";"CARRO TOYOTA";"300000,00";"08/08/2026";"14:49:17"
"11/08/2026";"19:30:45";2026;2;"Eleição Ordinária";6259;"Eleições Gerais Estaduais 2026";"04/10/2026";"PA";"PA";"PARÁ";140002536769;16;12;"Casa";"CASA";"150000,00";"08/08/2026";"14:49:17"
"11/08/2026";"19:30:45";2026;2;"Eleição Ordinária";6259;"Eleições Gerais Estaduais 2026";"04/10/2026";"PA";"PA";"PARÁ";140002536775;1;39;"Outras participações societárias";"PARTICIPAÇÃO NA EMPRESA AGROPECUARIA";"2000000,00";"06/08/2026";"11:00:18"
"11/08/2026";"19:30:45";2026;2;"Eleição Ordinária";6259;"Eleições Gerais Estaduais 2026";"04/10/2026";"PA";"PA";"PARÁ";140002536775;3;79;"Outros fundos";"CONTAS DO CAPITAL DO BANCO SICREDI";"370,48";"06/08/2026";"11:00:18"
"11/08/2026";"19:30:45";2026;2;"Eleição Ordinária";6259;"Eleições Gerais Estaduais 2026";"04/10/2026";"PA";"PA";"PARÁ";140002536775;4;22;"Aeronave";"AERONAVE NEIVA";"400000,00";"06/08/2026";"11:00:18"
"11/08/2026";"19:30:45";2026;2;"Eleição Ordinária";6259;"Eleições Gerais Estaduais 2026";"04/10/2026";"PA";"PA";"PARÁ";140002536775;2;45;"Aplicação de renda fixa (CDB, RDB e outros)";"APLICAÇÃO OUCAP BANCO DO BRASIL";"46224,45";"06/08/2026";"11:00:18"
"11/08/2026";"19:30:45";2026;2;"Eleição Ordinária";6259;"Eleições Gerais Estaduais 2026";"04/10/2026";"PA";"PA";"PARÁ";140002536775;6;45;"Aplicação de renda fixa (CDB, RDB e outros)";"SALDO EM CDB BANCO DO BRASIL";"1932,84";"06/08/2026";"11:00:18"
"11/08/2026";"19:30:45";2026;2;"Eleição Ordinária";6259;"Eleições Gerais Estaduais 2026";"04/10/2026";"PA";"PA";"PARÁ";140002536775;7;45;"Aplicação de renda fixa (CDB, RDB e outros)";"APLICAÇÃO BANCO DO BRASIL OUROCAP ÚNICO";"22850,05";"06/08/2026";"11:00:18"
"11/08/2026";"19:30:45";2026;2;"Eleição Ordinária";6259;"Eleições Gerais Estaduais 2026";"04/10/2026";"PA";"PA";"PARÁ";140002536775;5;29;"Outros bens móveis";"550 CABEÇAS DE GADO";"1975000,00";"06/08/2026";"11:00:18"
"11/08/2026";"19:30:45";2026;2;"Eleição Ordinária";6259;"Eleições Gerais Estaduais 2026";"04/10/2026";"PA";"PA";"PARÁ";140002536775;10;79;"Outros fundos";"SALDO EM POUPANÇA BANCO SICREDI";"512,89";"06/08/2026";"11:00:18"
"11/08/2026";"19:30:45";2026;2;"Eleição Ordinária";6259;"Eleições Gerais Estaduais 2026";"04/10/2026";"PA";"PA";"PARÁ";140002536775;9;79;"Outros fundos";"SALDO EM POUPANÇA BANCO DO BRASIL";"10233,13";"06/08/2026";"11:00:18"
"11/08/2026";"19:30:45";2026;2;"Eleição Ordinária";6259;"Eleições Gerais Estaduais 2026";"04/10/2026";"PA";"PA";"PARÁ";140002536775;8;79;"Outros fundos";"CONSÓRCIOS NO BANCO DO BRASIL";"535576,96";"06/08/2026";"11:00:18"
"11/08/2026";"19:30:45";2026;2;"Eleição Ordinária";6259;"Eleições Gerais Estaduais 2026";"04/10/2026";"PA";"PA";"PARÁ";140002536775;13;79;"Outros fundos";"SALDO EM CONTA CORRENTE BANCO SICREDI";"450,71";"06/08/2026";"11:00:18"
"11/08/2026";"19:30:45";2026;2;"Eleição Ordinária";6259;"Eleições Gerais Estaduais 2026";"04/10/2026";"PA";"PA";"PARÁ";140002536775;11;45;"Aplicação de renda fixa (CDB, RDB e outros)";"APLICAÇÃO BB CDB RENDA FACIL";"32171,05";"06/08/2026";"11:00:18"
"11/08/2026";"19:30:45";2026;2;"Eleição Ordinária";6259;"Eleições Gerais Estaduais 2026";"04/10/2026";"PA";"PA";"PARÁ";140002536775;12;45;"Aplicação de renda fixa (CDB, RDB e outros)";"APLICAÇÃO BANCO BRASIL RF SIMPLES AGIL";"22938,27";"06/08/2026";"11:00:18"
"11/08/2026";"19:30:45";2026;2;"Eleição Ordinária";6259;"Eleições Gerais Estaduais 2026";"04/10/2026";"PA";"PA";"PARÁ";140002536776;1;12;"Casa";"UMA CASA";"50000,00";"10/08/2026";"08:31:07"
"11/08/2026";"19:30:45";2026;2;"Eleição Ordinária";6259;"Eleições Gerais Estaduais 2026";"04/10/2026";"PA";"PA";"PARÁ";140002536776;2;13;"Terreno";"UM TERRENO";"30000,00";"10/08/2026";"08:31:07"
"11/08/2026";"19:30:45";2026;2;"Eleição Ordinária";6259;"Eleições Gerais Estaduais 2026";"04/10/2026";"PA";"PA";"PARÁ";140002536776;3;13;"Terreno";"UM TERRENO";"26000,00";"10/08/2026";"08:31:07"
"11/08/2026";"19:30:45";2026;2;"Eleição Ordinária";6259;"Eleições Gerais Estaduais 2026";"04/10/2026";"PA";"PA";"PARÁ";140002536777;3;21;"Veículo automotor terrestre: caminhão, automóvel, moto, etc.";"MICROONIBUS";"40000,00";"05/08/2026";"15:46:28"
"11/08/2026";"19:30:45";2026;2;"Eleição Ordinária";6259;"Eleições Gerais Estaduais 2026";"04/10/2026";"PA";"PA";"PARÁ";140002536777;1;39;"Outras participações societárias";"100% CAPITAL DA EMPRESA TURISMO";"100000,00";"05/08/2026";"15:46:28"
"11/08/2026";"19:30:45";2026;2;"Eleição Ordinária";6259;"Eleições Gerais Estaduais 2026";"04/10/2026";"PA";"PA";"PARÁ";140002536777;2;13;"Terreno";"TERRENO AÇAIZAL";"40000,00";"05/08/2026";"15:46:28"
"11/08/2026";"19:30:45";2026;2;"Eleição Ordinária";6259;"Eleições Gerais Estaduais 2026";"04/10/2026";"PA";"PA";"PARÁ";140002536778;2;11;"Apartamento";"UM APARTAMENTO";"105000,00";"10/08/2026";"19:16:47"
"11/08/2026";"19:30:45";2026;2;"Eleição Ordinária";6259;"Eleições Gerais Estaduais 2026";"04/10/2026";"PA";"PA";"PARÁ";140002536777;4;21;"Veículo automotor terrestre: caminhão, automóvel, moto, etc.";"MOTO";"6400,00";"05/08/2026";"15:46:28"
"11/08/2026";"19:30:45";2026;2;"Eleição Ordinária";6259;"Eleições Gerais Estaduais 2026";"04/10/2026";"PA";"PA";"PARÁ";140002536778;1;12;"Casa";"UMA CASA";"150000,00";"10/08/2026";"19:16:47"
"11/08/2026";"19:30:45";2026;2;"Eleição Ordinária";6259;"Eleições Gerais Estaduais 2026";"04/10/2026";"PA";"PA";"PARÁ";140002536778;4;49;"Outras aplicações e Investimentos";"APLICAÇÕES, INVESTIMENTOS E SALDOS EM CONTA";"17634,67";"10/08/2026";"19:16:47"
"11/08/2026";"19:30:45";2026;2;"Eleição Ordinária";6259;"Eleições Gerais Estaduais 2026";"04/10/2026";"PA";"PA";"PARÁ";140002536778;3;12;"Casa";"CASA";"120000,00";"10/08/2026";"19:16:47"
"11/08/2026";"19:30:45";2026;2;"Eleição Ordinária";6259;"Eleições Gerais Estaduais 2026";"04/10/2026";"PA";"PA";"PARÁ";140002536778;5;23;"Embarcação";"BARCO DE MADEIRA COM 16M X 3M, 35 HP";"80000,00";"10/08/2026";"19:16:47"
"11/08/2026";"19:30:45";2026;2;"Eleição Ordinária";6259;"Eleições Gerais Estaduais 2026";"04/10/2026";"PA";"PA";"PARÁ";140002536778;8;12;"Casa";"UMA CASA";"190000,00";"10/08/2026";"19:16:47"
"11/08/2026";"19:30:45";2026;2;"Eleição Ordinária";6259;"Eleições Gerais Estaduais 2026";"04/10/2026";"PA";"PA";"PARÁ";140002536778;6;23;"Embarcação";"LANCHA TIPO VOADORA, EM ALUMÍNIO 40 HP";"30000,00";"10/08/2026";"19:16:47"
"11/08/2026";"19:30:45";2026;2;"Eleição Ordinária";6259;"Eleições Gerais Estaduais 2026";"04/10/2026";"PA";"PA";"PARÁ";140002536778;7;23;"Embarcação";"LANCHA TIPO VOADORA, FOCKER 215, 115 HP";"80000,00";"10/08/2026";"19:16:47"
"11/08/2026";"19:30:45";2026;2;"Eleição Ordinária";6259;"Eleições Gerais Estaduais 2026";"04/10/2026";"PA";"PA";"PARÁ";140002536779;1;11;"Apartamento";"APARTAMENTO PADRE EUTIQUIO";"400000,00";"05/08/2026";"14:35:54"
"11/08/2026";"19:30:45";2026;2;"Eleição Ordinária";6259;"Eleições Gerais Estaduais 2026";"04/10/2026";"PA";"PA";"PARÁ";140002536779;2;11;"Apartamento";"LAKESIDE";"630000,00";"05/08/2026";"14:35:54"
"11/08/2026";"19:30:45";2026;2;"Eleição Ordinária";6259;"Eleições Gerais Estaduais 2026";"04/10/2026";"PA";"PA";"PARÁ";140002536778;9;21;"Veículo automotor terrestre: caminhão, automóvel, moto, etc.";"TOYOTA HILUX";"230000,00";"10/08/2026";"19:16:47"
"11/08/2026";"19:30:45";2026;2;"Eleição Ordinária";6259;"Eleições Gerais Estaduais 2026";"04/10/2026";"PA";"PA";"PARÁ";140002536781;1;21;"Veículo automotor terrestre: caminhão, automóvel, moto, etc.";"01 UM VEÍCULO GM/CHEVROLET ONIX 1.0 MT HB, COR BRANCA, ANO/MODELO 2023/2024, PLACA XXXXXXX";"66930,00";"10/08/2026";"07:41:44"
"11/08/2026";"19:30:45";2026;2;"Eleição Ordinária";6259;"Eleições Gerais Estaduais 2026";"04/10/2026";"PA";"PA";"PARÁ";140002536779;3;79;"Outros fundos";"OUTROS FUNDOS";"58000,00";"05/08/2026";"14:35:54"
"11/08/2026";"19:30:45";2026;2;"Eleição Ordinária";6259;"Eleições Gerais Estaduais 2026";"04/10/2026";"PA";"PA";"PARÁ";140002536779;4;79;"Outros fundos";"OUTROS FUNDOS";"7351,73";"05/08/2026";"14:35:54"
"11/08/2026";"19:30:45";2026;2;"Eleição Ordinária";6259;"Eleições Gerais Estaduais 2026";"04/10/2026";"PA";"PA";"PARÁ";140002536782;2;79;"Outros fundos";"INFORMADO POR CNPJ 00.000.000/0001-91";"138246,44";"10/08/2026";"14:00:16"
"11/08/2026";"19:30:45";2026;2;"Eleição Ordinária";6259;"Eleições Gerais Estaduais 2026";"04/10/2026";"PA";"PA";"PARÁ";140002536782;1;79;"Outros fundos";"INFORMADO POR CNPJ 00.000.000/0001-91";"3901,19";"10/08/2026";"14:00:16"
"11/08/2026";"19:30:45";2026;2;"Eleição Ordinária";6259;"Eleições Gerais Estaduais 2026";"04/10/2026";"PA";"PA";"PARÁ";140002536784;1;12;"Casa";"CASA  LOCALIZADA  NA PASSAGEM LAMEIRA BITTENCOURT";"500000,00";"10/08/2026";"17:58:07"
"11/08/2026";"19:30:45";2026;2;"Eleição Ordinária";6259;"Eleições Gerais Estaduais 2026";"04/10/2026";"PA";"PA";"PARÁ";140002536787;3;13;"Terreno";"UM TERRENO";"79000,00";"11/08/2026";"11:19:38"
"11/08/2026";"19:30:45";2026;2;"Eleição Ordinária";6259;"Eleições Gerais Estaduais 2026";"04/10/2026";"PA";"PA";"PARÁ";140002536787;2;13;"Terreno";"UM TERRENO";"150000,00";"11/08/2026";"11:19:38"
"11/08/2026";"19:30:45";2026;2;"Eleição Ordinária";6259;"Eleições Gerais Estaduais 2026";"04/10/2026";"PA";"PA";"PARÁ";140002536787;1;21;"Veículo automotor terrestre: caminhão, automóvel, moto, etc.";"I/PEUGEOT 3008";"105000,00";"11/08/2026";"11:19:38"
"11/08/2026";"19:30:45";2026;2;"Eleição Ordinária";6259;"Eleições Gerais Estaduais 2026";"04/10/2026";"PA";"PA";"PARÁ";140002536787;4;13;"Terreno";"UM TERRENO";"79000,00";"11/08/2026";"11:19:38"
"11/08/2026";"19:30:45";2026;2;"Eleição Ordinária";6259;"Eleições Gerais Estaduais 2026";"04/10/2026";"PA";"PA";"PARÁ";140002536787;5;13;"Terreno";"UM TERRENO";"150000,00";"11/08/2026";"11:19:38"
"11/08/2026";"19:30:45";2026;2;"Eleição Ordinária";6259;"Eleições Gerais Estaduais 2026";"04/10/2026";"PA";"PA";"PARÁ";140002536787;6;13;"Terreno";"UM TERRENO";"79000,00";"11/08/2026";"11:19:38"
"11/08/2026";"19:30:45";2026;2;"Eleição Ordinária";6259;"Eleições Gerais Estaduais 2026";"04/10/2026";"PA";"PA";"PARÁ";140002536788;1;12;"Casa";"UMA CASA";"50000,00";"11/08/2026";"15:24:36"
"11/08/2026";"19:30:45";2026;2;"Eleição Ordinária";6259;"Eleições Gerais Estaduais 2026";"04/10/2026";"PA";"PA";"PARÁ";140002536789;1;12;"Casa";"CASA";"80000,00";"06/08/2026";"11:44:57"
"11/08/2026";"19:30:45";2026;2;"Eleição Ordinária";6259;"Eleições Gerais Estaduais 2026";"04/10/2026";"PA";"PA";"PARÁ";140002536787;7;13;"Terreno";"UM TERRENO";"60000,00";"11/08/2026";"11:19:38"
"11/08/2026";"19:30:45";2026;2;"Eleição Ordinária";6259;"Eleições Gerais Estaduais 2026";"04/10/2026";"PA";"PA";"PARÁ";140002536789;4;21;"Veículo automotor terrestre: caminhão, automóvel, moto, etc.";"MOTO PCX 160 ABS 2025";"30000,00";"06/08/2026";"11:44:57"
"11/08/2026";"19:30:45";2026;2;"Eleição Ordinária";6259;"Eleições Gerais Estaduais 2026";"04/10/2026";"PA";"PA";"PARÁ";140002536789;2;21;"Veículo automotor terrestre: caminhão, automóvel, moto, etc.";"CARRO FIAT PALIO FLEX 2005";"40000,00";"06/08/2026";"11:44:57"
"11/08/2026";"19:30:45";2026;2;"Eleição Ordinária";6259;"Eleições Gerais Estaduais 2026";"04/10/2026";"PA";"PA";"PARÁ";140002536789;3;21;"Veículo automotor terrestre: caminhão, automóvel, moto, etc.";"MOTO SHINERAY 2025";"30000,00";"06/08/2026";"11:44:57"
"11/08/2026";"19:30:45";2026;2;"Eleição Ordinária";6259;"Eleições Gerais Estaduais 2026";"04/10/2026";"PA";"PA";"PARÁ";140002536791;1;32;"Quotas ou quinhões de capital";"5% CAPITAL SOCIAL DE EMPRESA";"1500,00";"11/08/2026";"08:57:18"
"11/08/2026";"19:30:45";2026;2;"Eleição Ordinária";6259;"Eleições Gerais Estaduais 2026";"04/10/2026";"PA";"PA";"PARÁ";140002536791;2;32;"Quotas ou quinhões de capital";"87% CAPITAL SOCIAL SUPERMERCADO";"87000,00";"11/08/2026";"08:57:18"
"11/08/2026";"19:30:45";2026;2;"Eleição Ordinária";6259;"Eleições Gerais Estaduais 2026";"04/10/2026";"PA";"PA";"PARÁ";140002536790;1;21;"Veículo automotor terrestre: caminhão, automóvel, moto, etc.";"MARCA/MODELO: HONDA NXR 160 BROS,- ANO: 2022,- PLACA: RWQ0D73,- CHASSI: 9C2KD0810NR189418,- COR: VERMELHA.";"19000,00";"11/08/2026";"08:51:29"
"11/08/2026";"19:30:45";2026;2;"Eleição Ordinária";6259;"Eleições Gerais Estaduais 2026";"04/10/2026";"PA";"PA";"PARÁ";140002536791;5;11;"Apartamento";"APARTAMENTO RESIDENCIAL";"106642,45";"11/08/2026";"08:57:18"
"11/08/2026";"19:30:45";2026;2;"Eleição Ordinária";6259;"Eleições Gerais Estaduais 2026";"04/10/2026";"PA";"PA";"PARÁ";140002536791;3;13;"Terreno";"02 TERRENOS ZONA RURAL";"230000,00";"11/08/2026";"08:57:18"
"11/08/2026";"19:30:45";2026;2;"Eleição Ordinária";6259;"Eleições Gerais Estaduais 2026";"04/10/2026";"PA";"PA";"PARÁ";140002536791;4;21;"Veículo automotor terrestre: caminhão, automóvel, moto, etc.";"UM GM/OPALA DIPLOMATA SE";"13000,00";"11/08/2026";"08:57:18"
"11/08/2026";"19:30:45";2026;2;"Eleição Ordinária";6259;"Eleições Gerais Estaduais 2026";"04/10/2026";"PA";"PA";"PARÁ";140002536791;8;49;"Outras aplicações e Investimentos";"CONTA CAPITAL COOP DE CRED. POUP. E INV";"4855,29";"11/08/2026";"08:57:18"
"11/08/2026";"19:30:45";2026;2;"Eleição Ordinária";6259;"Eleições Gerais Estaduais 2026";"04/10/2026";"PA";"PA";"PARÁ";140002536791;6;13;"Terreno";"UM LOTE URBANO COM 468,88 M2";"200146,00";"11/08/2026";"08:57:18"
"11/08/2026";"19:30:45";2026;2;"Eleição Ordinária";6259;"Eleições Gerais Estaduais 2026";"04/10/2026";"PA";"PA";"PARÁ";140002536791;7;21;"Veículo automotor terrestre: caminhão, automóvel, moto, etc.";"I/CHEV EQUINOX PREMIER ANO FAB. 2018";"135325,44";"11/08/2026";"08:57:18"
"11/08/2026";"19:30:45";2026;2;"Eleição Ordinária";6259;"Eleições Gerais Estaduais 2026";"04/10/2026";"PA";"PA";"PARÁ";140002536791;9;32;"Quotas ou quinhões de capital";"72,73% CAPITAL SOCIAL DE EMPRESA";"10182200,00";"11/08/2026";"08:57:18"
"11/08/2026";"19:30:45";2026;2;"Eleição Ordinária";6259;"Eleições Gerais Estaduais 2026";"04/10/2026";"PA";"PA";"PARÁ";140002536791;10;32;"Quotas ou quinhões de capital";"51% CAPITAL SOCIAL";"255000,00";"11/08/2026";"08:57:18"
"11/08/2026";"19:30:45";2026;2;"Eleição Ordinária";6259;"Eleições Gerais Estaduais 2026";"04/10/2026";"PA";"PA";"PARÁ";140002536791;11;32;"Quotas ou quinhões de capital";"15% CAPITAL SOCIAL DE EMPRESA";"149960,00";"11/08/2026";"08:57:18"
"11/08/2026";"19:30:45";2026;2;"Eleição Ordinária";6259;"Eleições Gerais Estaduais 2026";"04/10/2026";"PA";"PA";"PARÁ";140002536791;12;32;"Quotas ou quinhões de capital";"95% CAPITAL SOCIAL DE EMPRESA";"47500,00";"11/08/2026";"08:57:18"
"11/08/2026";"19:30:45";2026;2;"Eleição Ordinária";6259;"Eleições Gerais Estaduais 2026";"04/10/2026";"PA";"PA";"PARÁ";140002536791;13;21;"Veículo automotor terrestre: caminhão, automóvel, moto, etc.";"UMA CARRETINHA/REBOQUE";"7000,00";"11/08/2026";"08:57:18"
"11/08/2026";"19:30:45";2026;2;"Eleição Ordinária";6259;"Eleições Gerais Estaduais 2026";"04/10/2026";"PA";"PA";"PARÁ";140002536791;14;21;"Veículo automotor terrestre: caminhão, automóvel, moto, etc.";"VEICULO R1250 GSA PREMIUM ANO/MODELO 21/22";"130000,00";"11/08/2026";"08:57:18"
"11/08/2026";"19:30:45";2026;2;"Eleição Ordinária";6259;"Eleições Gerais Estaduais 2026";"04/10/2026";"PA";"PA";"PARÁ";140002536792;1;12;"Casa";"CASA";"150000,00";"05/08/2026";"14:54:27"
"11/08/2026";"19:30:45";2026;2;"Eleição Ordinária";6259;"Eleições Gerais Estaduais 2026";"04/10/2026";"PA";"PA";"PARÁ";140002536793;1;41;"Caderneta de poupança";"CONTA POUPANÇA";"1184,26";"05/08/2026";"16:28:36"
"11/08/2026";"19:30:45";2026;2;"Eleição Ordinária";6259;"Eleições Gerais Estaduais 2026";"04/10/2026";"PA";"PA";"PARÁ";140002536792;2;21;"Veículo automotor terrestre: caminhão, automóvel, moto, etc.";"CARRO";"40000,00";"05/08/2026";"14:54:27"
"11/08/2026";"19:30:45";2026;2;"Eleição Ordinária";6259;"Eleições Gerais Estaduais 2026";"04/10/2026";"PA";"PA";"PARÁ";140002536793;3;79;"Outros fundos";"OUTROS FUNDOS";"1167,69";"05/08/2026";"16:28:36"
"11/08/2026";"19:30:45";2026;2;"Eleição Ordinária";6259;"Eleições Gerais Estaduais 2026";"04/10/2026";"PA";"PA";"PARÁ";140002536793;2;12;"Casa";"CASA";"300000,00";"05/08/2026";"16:28:36"
"11/08/2026";"19:30:45";2026;2;"Eleição Ordinária";6259;"Eleições Gerais Estaduais 2026";"04/10/2026";"PA";"PA";"PARÁ";140002536793;4;32;"Quotas ou quinhões de capital";"CAPITAL SOCIAL EMPRESA";"100000,00";"05/08/2026";"16:28:36"
"11/08/2026";"19:30:45";2026;2;"Eleição Ordinária";6259;"Eleições Gerais Estaduais 2026";"04/10/2026";"PA";"PA";"PARÁ";140002536797;2;41;"Caderneta de poupança";"¿ R$ 1.851,00 ( UM MIL OITOCENTOS E CINQUENTA E UM REAIS), EM CONTA POUPANÇA NO BANCO BRADESCO AG.: 6064 CONTA POUPANÇA: 165601-5";"1851,00";"11/08/2026";"07:42:05"
"11/08/2026";"19:30:45";2026;2;"Eleição Ordinária";6259;"Eleições Gerais Estaduais 2026";"04/10/2026";"PA";"PA";"PARÁ";140002536797;3;41;"Caderneta de poupança";"¿ R$ 4.036,70 (QUATRO MIL E TRINTA E SEIS REAIS E SETENTA CENTAVOS) EM CONTA POUPANÇA NO BANCO CAIXA ECONÔMICA FEDERAL AG.: 1315 CONTA POUPANÇA: 794950913-0";"4036,70";"11/08/2026";"07:42:05"
"11/08/2026";"19:30:45";2026;2;"Eleição Ordinária";6259;"Eleições Gerais Estaduais 2026";"04/10/2026";"PA";"PA";"PARÁ";140002536797;1;61;"Depósito bancário em conta corrente no País";"¿ R$ 2.186,14 (DOIS MIL CENTO E OITENTA E SEIS REAIS E QUATORZE CENTAVOS) EM CONTA CORRENTE NO BANCO DIGITAL NUBANK AG.: 0001 CONTA CORRENTE: 72425901-1";"2186,14";"11/08/2026";"07:42:05"
"11/08/2026";"19:30:45";2026;2;"Eleição Ordinária";6259;"Eleições Gerais Estaduais 2026";"04/10/2026";"PA";"PA";"PARÁ";140002536799;1;12;"Casa";"CASA LOCALIZADA NA TV. CAPANEMA, N.. 14- BAIRRO: PAAR- ANANINDEUA/ PA              VALOR: R$ 100.000,00 (CEM MIL REAIS)";"100000,00";"06/08/2026";"19:10:53"
"11/08/2026";"19:30:45";2026;2;"Eleição Ordinária";6259;"Eleições Gerais Estaduais 2026";"04/10/2026";"PA";"PA";"PARÁ";140002536798;1;21;"Veículo automotor terrestre: caminhão, automóvel, moto, etc.";"VEÍCULO MARCA NISSAN FRONTIER, MODELO CAMINHONETE ANO 2012, PLACA OBT 6G63- VALOR R$ 70.000,00 ( SETENTA MIL REAIS)";"70000,00";"07/08/2026";"13:31:10"
"11/08/2026";"19:30:45";2026;2;"Eleição Ordinária";6259;"Eleições Gerais Estaduais 2026";"04/10/2026";"PA";"PA";"PARÁ";140002536799;2;21;"Veículo automotor terrestre: caminhão, automóvel, moto, etc.";"VEÍCULO MARCA YAMAHA,  MODELO: XTZ 150, CROSSER ED, ANO: 2015, PLACA: QDD9F11";"10000,00";"06/08/2026";"19:10:53"
"11/08/2026";"19:30:45";2026;2;"Eleição Ordinária";6259;"Eleições Gerais Estaduais 2026";"04/10/2026";"PA";"PA";"PARÁ";140002536802;2;79;"Outros fundos";"INFORMADO POR CNPJ 60.746.948/0001-12";"3137,50";"05/08/2026";"15:02:11"
"11/08/2026";"19:30:45";2026;2;"Eleição Ordinária";6259;"Eleições Gerais Estaduais 2026";"04/10/2026";"PA";"PA";"PARÁ";140002536802;3;79;"Outros fundos";"INFORMADO POR CNPJ 60.746.948/0001-12";"915,10";"05/08/2026";"15:02:11"
"11/08/2026";"19:30:45";2026;2;"Eleição Ordinária";6259;"Eleições Gerais Estaduais 2026";"04/10/2026";"PA";"PA";"PARÁ";140002536802;1;79;"Outros fundos";"INFORMADO POR CNPJ 00.360.305/000104";"654,21";"05/08/2026";"15:02:11"
"11/08/2026";"19:30:45";2026;2;"Eleição Ordinária";6259;"Eleições Gerais Estaduais 2026";"04/10/2026";"PA";"PA";"PARÁ";140002536804;2;79;"Outros fundos";"INFORMADO POR CNPJ 00.360.305/0001-04";"7565,29";"10/08/2026";"14:07:19"
"11/08/2026";"19:30:45";2026;2;"Eleição Ordinária";6259;"Eleições Gerais Estaduais 2026";"04/10/2026";"PA";"PA";"PARÁ";140002536803;1;12;"Casa";"01 (UM) IMÓVEL RESIDENCIAL, LOCALIZADO NA PA 150, KM 79, VICINAL DO JABOTIZINHO, COMUNIDADE ALTO BONITO, RUA TRAVESSA DO AMARELO, N. 03, JACUNDÁ - PA, CEP: 68590-000, AVALIADO EM R$ 200.000,00 (DUZENT";"200000,00";"10/08/2026";"08:53:35"
"11/08/2026";"19:30:45";2026;2;"Eleição Ordinária";6259;"Eleições Gerais Estaduais 2026";"04/10/2026";"PA";"PA";"PARÁ";140002536804;1;21;"Veículo automotor terrestre: caminhão, automóvel, moto, etc.";"VEICULO PAJERO";"355000,00";"10/08/2026";"14:07:19"
"11/08/2026";"19:30:45";2026;2;"Eleição Ordinária";6259;"Eleições Gerais Estaduais 2026";"04/10/2026";"PA";"PA";"PARÁ";140002536804;4;11;"Apartamento";"APARTAMENTO";"199526,66";"10/08/2026";"14:07:19"
"11/08/2026";"19:30:45";2026;2;"Eleição Ordinária";6259;"Eleições Gerais Estaduais 2026";"04/10/2026";"PA";"PA";"PARÁ";140002536804;3;79;"Outros fundos";"INFORMADO POR CNPJ 00.000.000/0001-91";"21640,16";"10/08/2026";"14:07:19"
"11/08/2026";"19:30:45";2026;2;"Eleição Ordinária";6259;"Eleições Gerais Estaduais 2026";"04/10/2026";"PA";"PA";"PARÁ";140002536804;5;13;"Terreno";"TERRENO URBANO";"130000,00";"10/08/2026";"14:07:19"
"11/08/2026";"19:30:45";2026;2;"Eleição Ordinária";6259;"Eleições Gerais Estaduais 2026";"04/10/2026";"PA";"PA";"PARÁ";140002536804;7;79;"Outros fundos";"INFORMADO POR CNPJ 00.360.305/0001-04";"367,20";"10/08/2026";"14:07:19"
"11/08/2026";"19:30:45";2026;2;"Eleição Ordinária";6259;"Eleições Gerais Estaduais 2026";"04/10/2026";"PA";"PA";"PARÁ";140002536804;8;79;"Outros fundos";"GMAC ADMINISTRADORA DE CONSÓRCIO";"11306,80";"10/08/2026";"14:07:19"
"11/08/2026";"19:30:45";2026;2;"Eleição Ordinária";6259;"Eleições Gerais Estaduais 2026";"04/10/2026";"PA";"PA";"PARÁ";140002536804;6;13;"Terreno";"TERRENO";"50000,00";"10/08/2026";"14:07:19"
"11/08/2026";"19:30:45";2026;2;"Eleição Ordinária";6259;"Eleições Gerais Estaduais 2026";"04/10/2026";"PA";"PA";"PARÁ";140002536804;9;79;"Outros fundos";"DINHEIRO EM CAIXA PARA FUTURO INVESTIMENTO";"200000,00";"10/08/2026";"14:07:19"
"11/08/2026";"19:30:45";2026;2;"Eleição Ordinária";6259;"Eleições Gerais Estaduais 2026";"04/10/2026";"PA";"PA";"PARÁ";140002536805;1;79;"Outros fundos";"SALDO EM CONTA CORRENTE";"1,00";"06/08/2026";"18:47:35"
"11/08/2026";"19:30:45";2026;2;"Eleição Ordinária";6259;"Eleições Gerais Estaduais 2026";"04/10/2026";"PA";"PA";"PARÁ";140002536805;2;63;"Dinheiro em espécie - moeda nacional";"DINHEIRO EM ESPECIE, PROVENIENTE DE MINHA ECONOMIAS PESSOAIS";"250000,00";"06/08/2026";"18:47:35"
"11/08/2026";"19:30:45";2026;2;"Eleição Ordinária";6259;"Eleições Gerais Estaduais 2026";"04/10/2026";"PA";"PA";"PARÁ";140002536862;2;12;"Casa";"CASA";"50000,00";"08/08/2026";"15:23:48"
"11/08/2026";"19:30:45";2026;2;"Eleição Ordinária";6259;"Eleições Gerais Estaduais 2026";"04/10/2026";"PA";"PA";"PARÁ";140002536862;3;21;"Veículo automotor terrestre: caminhão, automóvel, moto, etc.";"CARRO";"90000,00";"08/08/2026";"15:23:48"
"11/08/2026";"19:30:45";2026;2;"Eleição Ordinária";6259;"Eleições Gerais Estaduais 2026";"04/10/2026";"PA";"PA";"PARÁ";140002536862;1;21;"Veículo automotor terrestre: caminhão, automóvel, moto, etc.";"MOTO";"7000,00";"08/08/2026";"15:23:48"
"11/08/2026";"19:30:45";2026;2;"Eleição Ordinária";6259;"Eleições Gerais Estaduais 2026";"04/10/2026";"PA";"PA";"PARÁ";140002536862;5;12;"Casa";"CASA";"10000,00";"08/08/2026";"15:23:48"
"11/08/2026";"19:30:45";2026;2;"Eleição Ordinária";6259;"Eleições Gerais Estaduais 2026";"04/10/2026";"PA";"PA";"PARÁ";140002536863;1;32;"Quotas ou quinhões de capital";"QUOTAS DE CAPITAL DE EMPRESA";"300000,00";"04/08/2026";"18:09:59"
"11/08/2026";"19:30:45";2026;2;"Eleição Ordinária";6259;"Eleições Gerais Estaduais 2026";"04/10/2026";"PA";"PA";"PARÁ";140002536862;4;21;"Veículo automotor terrestre: caminhão, automóvel, moto, etc.";"CARRO";"10000,00";"08/08/2026";"15:23:48"
"11/08/2026";"19:30:45";2026;2;"Eleição Ordinária";6259;"Eleições Gerais Estaduais 2026";"04/10/2026";"PA";"PA";"PARÁ";140002536863;2;32;"Quotas ou quinhões de capital";"QUOTAS DE CAPITAL DE EMPRESA";"20000,00";"04/08/2026";"18:09:59"
"11/08/2026";"19:30:45";2026;2;"Eleição Ordinária";6259;"Eleições Gerais Estaduais 2026";"04/10/2026";"PA";"PA";"PARÁ";140002536865;1;11;"Apartamento";"APARTAMENTO RESIDENCIAL";"620000,00";"06/08/2026";"13:27:47"
"11/08/2026";"19:30:45";2026;2;"Eleição Ordinária";6259;"Eleições Gerais Estaduais 2026";"04/10/2026";"PA";"PA";"PARÁ";140002536865;2;11;"Apartamento";"APARTAMENTO RESIDENCIAL";"450000,00";"06/08/2026";"13:27:47"
"11/08/2026";"19:30:45";2026;2;"Eleição Ordinária";6259;"Eleições Gerais Estaduais 2026";"04/10/2026";"PA";"PA";"PARÁ";140002536865;3;41;"Caderneta de poupança";"POUPANÇA CEF";"28261,73";"06/08/2026";"13:27:47"
"11/08/2026";"19:30:45";2026;2;"Eleição Ordinária";6259;"Eleições Gerais Estaduais 2026";"04/10/2026";"PA";"PA";"PARÁ";140002536865;5;2;"Prédio comercial";"SALA COMERCIAL";"62500,00";"06/08/2026";"13:27:47"
"11/08/2026";"19:30:45";2026;2;"Eleição Ordinária";6259;"Eleições Gerais Estaduais 2026";"04/10/2026";"PA";"PA";"PARÁ";140002536865;4;32;"Quotas ou quinhões de capital";"EMPRESA COML MIL VOLTS LTDA";"3000,00";"06/08/2026";"13:27:47"
"11/08/2026";"19:30:45";2026;2;"Eleição Ordinária";6259;"Eleições Gerais Estaduais 2026";"04/10/2026";"PA";"PA";"PARÁ";140002536865;6;32;"Quotas ou quinhões de capital";"25% MACIEL E MAIA, BARROS E SOUZA ADVOGADOS";"14800,00";"06/08/2026";"13:27:47"
"11/08/2026";"19:30:45";2026;2;"Eleição Ordinária";6259;"Eleições Gerais Estaduais 2026";"04/10/2026";"PA";"PA";"PARÁ";140002536865;7;19;"Outros bens imóveis";"VAGA DE GARAGEM TORRE EKOARA SUL";"7725,10";"06/08/2026";"13:27:47"
"11/08/2026";"19:30:45";2026;2;"Eleição Ordinária";6259;"Eleições Gerais Estaduais 2026";"04/10/2026";"PA";"PA";"PARÁ";140002536865;8;19;"Outros bens imóveis";"VAGA DE GARAGEM ED. EKOARA SUL";"7918,30";"06/08/2026";"13:27:47"
"11/08/2026";"19:30:45";2026;2;"Eleição Ordinária";6259;"Eleições Gerais Estaduais 2026";"04/10/2026";"PA";"PA";"PARÁ";140002536865;9;41;"Caderneta de poupança";"POUPANÇA SANTANDER";"14,07";"06/08/2026";"13:27:47"
"11/08/2026";"19:30:45";2026;2;"Eleição Ordinária";6259;"Eleições Gerais Estaduais 2026";"04/10/2026";"PA";"PA";"PARÁ";140002536865;11;21;"Veículo automotor terrestre: caminhão, automóvel, moto, etc.";"CARRO";"174990,00";"06/08/2026";"13:27:47"
"11/08/2026";"19:30:45";2026;2;"Eleição Ordinária";6259;"Eleições Gerais Estaduais 2026";"04/10/2026";"PA";"PA";"PARÁ";140002536865;10;11;"Apartamento";"DESPESAS COM REFORMA";"34687,88";"06/08/2026";"13:27:47"
"11/08/2026";"19:30:45";2026;2;"Eleição Ordinária";6259;"Eleições Gerais Estaduais 2026";"04/10/2026";"PA";"PA";"PARÁ";140002536865;12;97;"VGBL - Vida Gerador de Benefício Livre";"BCO BRADESCO";"506317,87";"06/08/2026";"13:27:47"
"11/08/2026";"19:30:45";2026;2;"Eleição Ordinária";6259;"Eleições Gerais Estaduais 2026";"04/10/2026";"PA";"PA";"PARÁ";140002536865;14;99;"OUTROS BENS E DIREITOS";"EMPRÉSTIMO PESSOAL PARA PAYSANDU SPORT CLUB";"74000,00";"06/08/2026";"13:27:47"
"11/08/2026";"19:30:45";2026;2;"Eleição Ordinária";6259;"Eleições Gerais Estaduais 2026";"04/10/2026";"PA";"PA";"PARÁ";140002536865;13;11;"Apartamento";"APARTAMENTO RESIDENCIAL";"134132,25";"06/08/2026";"13:27:47"
"11/08/2026";"19:30:45";2026;2;"Eleição Ordinária";6259;"Eleições Gerais Estaduais 2026";"04/10/2026";"PA";"PA";"PARÁ";140002536866;2;12;"Casa";"CASA";"700000,00";"06/08/2026";"14:34:22"
"11/08/2026";"19:30:45";2026;2;"Eleição Ordinária";6259;"Eleições Gerais Estaduais 2026";"04/10/2026";"PA";"PA";"PARÁ";140002536866;3;21;"Veículo automotor terrestre: caminhão, automóvel, moto, etc.";"CARRO";"180000,00";"06/08/2026";"14:34:22"
"11/08/2026";"19:30:45";2026;2;"Eleição Ordinária";6259;"Eleições Gerais Estaduais 2026";"04/10/2026";"PA";"PA";"PARÁ";140002536866;1;11;"Apartamento";"APARTAMENTO";"684000,00";"06/08/2026";"14:34:22"
"11/08/2026";"19:30:45";2026;2;"Eleição Ordinária";6259;"Eleições Gerais Estaduais 2026";"04/10/2026";"PA";"PA";"PARÁ";140002536868;2;41;"Caderneta de poupança";"POUPANÇA";"25000,00";"06/08/2026";"15:27:22"
"11/08/2026";"19:30:45";2026;2;"Eleição Ordinária";6259;"Eleições Gerais Estaduais 2026";"04/10/2026";"PA";"PA";"PARÁ";140002536868;3;21;"Veículo automotor terrestre: caminhão, automóvel, moto, etc.";"CARRO";"159068,23";"06/08/2026";"15:27:22"
"11/08/2026";"19:30:45";2026;2;"Eleição Ordinária";6259;"Eleições Gerais Estaduais 2026";"04/10/2026";"PA";"PA";"PARÁ";140002536868;1;11;"Apartamento";"APARTAMENTO RESIDENCIAL";"220000,00";"06/08/2026";"15:27:22"
"11/08/2026";"19:30:45";2026;2;"Eleição Ordinária";6259;"Eleições Gerais Estaduais 2026";"04/10/2026";"PA";"PA";"PARÁ";140002536869;2;61;"Depósito bancário em conta corrente no País";"SALDO EM CONTA CORRENTE";"2290017,21";"07/08/2026";"10:47:33"
"11/08/2026";"19:30:45";2026;2;"Eleição Ordinária";6259;"Eleições Gerais Estaduais 2026";"04/10/2026";"PA";"PA";"PARÁ";140002536869;3;61;"Depósito bancário em conta corrente no País";"SALDO EM CONTA CORRENTE";"376283,97";"07/08/2026";"10:47:33"
"11/08/2026";"19:30:45";2026;2;"Eleição Ordinária";6259;"Eleições Gerais Estaduais 2026";"04/10/2026";"PA";"PA";"PARÁ";140002536869;1;61;"Depósito bancário em conta corrente no País";"SALDO EM CONTA CORRENTE";"138733,33";"07/08/2026";"10:47:33"
"11/08/2026";"19:30:45";2026;2;"Eleição Ordinária";6259;"Eleições Gerais Estaduais 2026";"04/10/2026";"PA";"PA";"PARÁ";140002536869;4;63;"Dinheiro em espécie - moeda nacional";"RECURSO FINANCEIRO EM MOEDA CORRENTE";"50000,00";"07/08/2026";"10:47:33"
"11/08/2026";"19:30:45";2026;2;"Eleição Ordinária";6259;"Eleições Gerais Estaduais 2026";"04/10/2026";"PA";"PA";"PARÁ";140002536869;6;32;"Quotas ou quinhões de capital";"QUOTAS DE CAPITAL";"1000000,00";"07/08/2026";"10:47:33"
"11/08/2026";"19:30:45";2026;2;"Eleição Ordinária";6259;"Eleições Gerais Estaduais 2026";"04/10/2026";"PA";"PA";"PARÁ";140002536869;5;19;"Outros bens imóveis";"LOTES DE TERRENO URBANO";"25000,00";"07/08/2026";"10:47:33"
"11/08/2026";"19:30:45";2026;2;"Eleição Ordinária";6259;"Eleições Gerais Estaduais 2026";"04/10/2026";"PA";"PA";"PARÁ";140002536869;7;31;"Ações (inclusive as provenientes de linha telefônica)";"AÇÕES DE EMPRESAS E CIAS";"13285522,68";"07/08/2026";"10:47:33"
"11/08/2026";"19:30:45";2026;2;"Eleição Ordinária";6259;"Eleições Gerais Estaduais 2026";"04/10/2026";"PA";"PA";"PARÁ";140002536869;9;92;"Título de clube e assemelhado";"TITULO PATRIMONIAL REMIDO DE CLUBE";"14980,15";"07/08/2026";"10:47:33"
"11/08/2026";"19:30:45";2026;2;"Eleição Ordinária";6259;"Eleições Gerais Estaduais 2026";"04/10/2026";"PA";"PA";"PARÁ";140002536869;8;61;"Depósito bancário em conta corrente no País";"SALDO EM CONTA CORRENTE";"1853662,55";"07/08/2026";"10:47:33"
"11/08/2026";"19:30:45";2026;2;"Eleição Ordinária";6259;"Eleições Gerais Estaduais 2026";"04/10/2026";"PA";"PA";"PARÁ";140002536870;1;39;"Outras participações societárias";"PARTICIPACAO NA SOCIEDADE GILMAR NASCIMENTO DE MORAES - SOCIEDADE INDIVIDUAL DE ADVOCACIA";"30000,00";"11/08/2026";"19:18:48"
"11/08/2026";"19:30:45";2026;2;"Eleição Ordinária";6259;"Eleições Gerais Estaduais 2026";"04/10/2026";"PA";"PA";"PARÁ";140002536872;1;21;"Veículo automotor terrestre: caminhão, automóvel, moto, etc.";"CARRO";"65000,00";"11/08/2026";"18:43:56"
"11/08/2026";"19:30:45";2026;2;"Eleição Ordinária";6259;"Eleições Gerais Estaduais 2026";"04/10/2026";"PA";"PA";"PARÁ";140002536872;2;21;"Veículo automotor terrestre: caminhão, automóvel, moto, etc.";"CARRO";"60000,00";"11/08/2026";"18:43:56"
"11/08/2026";"19:30:45";2026;2;"Eleição Ordinária";6259;"Eleições Gerais Estaduais 2026";"04/10/2026";"PA";"PA";"PARÁ";140002536872;4;31;"Ações (inclusive as provenientes de linha telefônica)";"PARTICIPAÇÃO EM AÇÕES";"85000,00";"11/08/2026";"18:43:56"
"11/08/2026";"19:30:45";2026;2;"Eleição Ordinária";6259;"Eleições Gerais Estaduais 2026";"04/10/2026";"PA";"PA";"PARÁ";140002536872;3;32;"Quotas ou quinhões de capital";"QUOTA DE PARTICIPAÇÃO EM CAPITAL SOCIAL";"3623,80";"11/08/2026";"18:43:56"
"11/08/2026";"19:30:45";2026;2;"Eleição Ordinária";6259;"Eleições Gerais Estaduais 2026";"04/10/2026";"PA";"PA";"PARÁ";140002536872;5;19;"Outros bens imóveis";"PARTICIPAÇÃO DE IMOVEIS";"13721,20";"11/08/2026";"18:43:56"
"11/08/2026";"19:30:45";2026;2;"Eleição Ordinária";6259;"Eleições Gerais Estaduais 2026";"04/10/2026";"PA";"PA";"PARÁ";140002536872;8;63;"Dinheiro em espécie - moeda nacional";"DINHEIRO EM ESPÉCIE";"72000,00";"11/08/2026";"18:43:56"
"11/08/2026";"19:30:45";2026;2;"Eleição Ordinária";6259;"Eleições Gerais Estaduais 2026";"04/10/2026";"PA";"PA";"PARÁ";140002536872;6;32;"Quotas ou quinhões de capital";"PARTICIPAÇÃO EM CAPITAL SOCIAL";"454500,00";"11/08/2026";"18:43:56"
"11/08/2026";"19:30:45";2026;2;"Eleição Ordinária";6259;"Eleições Gerais Estaduais 2026";"04/10/2026";"PA";"PA";"PARÁ";140002536872;7;19;"Outros bens imóveis";"UNIDADE IMOBILIÁRIA";"1103874,00";"11/08/2026";"18:43:56"
"11/08/2026";"19:30:45";2026;2;"Eleição Ordinária";6259;"Eleições Gerais Estaduais 2026";"04/10/2026";"PA";"PA";"PARÁ";140002536872;9;45;"Aplicação de renda fixa (CDB, RDB e outros)";"APLICAÇÃO FINANCEIRA";"1091,60";"11/08/2026";"18:43:56"
"11/08/2026";"19:30:45";2026;2;"Eleição Ordinária";6259;"Eleições Gerais Estaduais 2026";"04/10/2026";"PA";"PA";"PARÁ";140002536872;11;45;"Aplicação de renda fixa (CDB, RDB e outros)";"APLICAÇÃO FINANCEIRA";"21241,24";"11/08/2026";"18:43:56"
"11/08/2026";"19:30:45";2026;2;"Eleição Ordinária";6259;"Eleições Gerais Estaduais 2026";"04/10/2026";"PA";"PA";"PARÁ";140002536872;10;32;"Quotas ou quinhões de capital";"PARTICIPAÇÃO EM CAPITAL SOCIAL";"110000,00";"11/08/2026";"18:43:56"
"11/08/2026";"19:30:45";2026;2;"Eleição Ordinária";6259;"Eleições Gerais Estaduais 2026";"04/10/2026";"PA";"PA";"PARÁ";140002536872;12;32;"Quotas ou quinhões de capital";"PARTICIPAÇÃO EM CAPITAL SOCIAL";"3121000,00";"11/08/2026";"18:43:56"
"11/08/2026";"19:30:45";2026;2;"Eleição Ordinária";6259;"Eleições Gerais Estaduais 2026";"04/10/2026";"PA";"PA";"PARÁ";140002536872;13;39;"Outras participações societárias";"PARTICIPAÇÃO EM CAPITAL SOCIAL DE EMPRESA";"1818,00";"11/08/2026";"18:43:56"
"11/08/2026";"19:30:45";2026;2;"Eleição Ordinária";6259;"Eleições Gerais Estaduais 2026";"04/10/2026";"PA";"PA";"PARÁ";140002536872;14;61;"Depósito bancário em conta corrente no País";"SALDO EM CONTA CORRENTE";"1025,39";"11/08/2026";"18:43:56"
"11/08/2026";"19:30:45";2026;2;"Eleição Ordinária";6259;"Eleições Gerais Estaduais 2026";"04/10/2026";"PA";"PA";"PARÁ";140002536872;15;45;"Aplicação de renda fixa (CDB, RDB e outros)";"APLICAÇÃO FINANCEIRA";"5026,45";"11/08/2026";"18:43:56"
"11/08/2026";"19:30:45";2026;2;"Eleição Ordinária";6259;"Eleições Gerais Estaduais 2026";"04/10/2026";"PA";"PA";"PARÁ";140002536872;16;21;"Veículo automotor terrestre: caminhão, automóvel, moto, etc.";"CARRO";"150000,00";"11/08/2026";"18:43:56"
"11/08/2026";"19:30:45";2026;2;"Eleição Ordinária";6259;"Eleições Gerais Estaduais 2026";"04/10/2026";"PA";"PA";"PARÁ";140002536872;17;21;"Veículo automotor terrestre: caminhão, automóvel, moto, etc.";"CARRO";"25000,00";"11/08/2026";"18:43:56"
"11/08/2026";"19:30:45";2026;2;"Eleição Ordinária";6259;"Eleições Gerais Estaduais 2026";"04/10/2026";"PA";"PA";"PARÁ";140002536872;18;45;"Aplicação de renda fixa (CDB, RDB e outros)";"APLICAÇÃO FINANCEIRA";"128030,76";"11/08/2026";"18:43:56"
"11/08/2026";"19:30:45";2026;2;"Eleição Ordinária";6259;"Eleições Gerais Estaduais 2026";"04/10/2026";"PA";"PA";"PARÁ";140002536873;2;13;"Terreno";"IMÓVEL RURAL";"100000,00";"06/08/2026";"17:54:28"
"11/08/2026";"19:30:45";2026;2;"Eleição Ordinária";6259;"Eleições Gerais Estaduais 2026";"04/10/2026";"PA";"PA";"PARÁ";140002536873;1;13;"Terreno";"FAZENDA 1000MX1250M";"14500,00";"06/08/2026";"17:54:28"
"11/08/2026";"19:30:45";2026;2;"Eleição Ordinária";6259;"Eleições Gerais Estaduais 2026";"04/10/2026";"PA";"PA";"PARÁ";140002536873;3;63;"Dinheiro em espécie - moeda nacional";"VALOR EM ESPÉCIE EM RESIDÊNCIA";"30000,00";"06/08/2026";"17:54:28"
"11/08/2026";"19:30:45";2026;2;"Eleição Ordinária";6259;"Eleições Gerais Estaduais 2026";"04/10/2026";"PA";"PA";"PARÁ";140002536873;4;21;"Veículo automotor terrestre: caminhão, automóvel, moto, etc.";"CARRO";"28310,26";"06/08/2026";"17:54:28"
"11/08/2026";"19:30:45";2026;2;"Eleição Ordinária";6259;"Eleições Gerais Estaduais 2026";"04/10/2026";"PA";"PA";"PARÁ";140002536875;1;21;"Veículo automotor terrestre: caminhão, automóvel, moto, etc.";"CARRO";"14666,67";"05/08/2026";"10:24:04"
"11/08/2026";"19:30:45";2026;2;"Eleição Ordinária";6259;"Eleições Gerais Estaduais 2026";"04/10/2026";"PA";"PA";"PARÁ";140002536875;3;32;"Quotas ou quinhões de capital";"QUOTAS. PARTILHA DOS BENS DEIXADOS POR FALECIMENTO.";"13333,33";"05/08/2026";"10:24:04"
"11/08/2026";"19:30:45";2026;2;"Eleição Ordinária";6259;"Eleições Gerais Estaduais 2026";"04/10/2026";"PA";"PA";"PARÁ";140002536875;2;99;"OUTROS BENS E DIREITOS";"VALOR RECEBIDO EM DOACAO CONFORME ESCRITURA PUBLICA DE INVENTARIO E PARTILHA DOS BENS DEIXADOS POR FALECIMENTO";"48326,84";"05/08/2026";"10:24:04"
"11/08/2026";"19:30:45";2026;2;"Eleição Ordinária";6259;"Eleições Gerais Estaduais 2026";"04/10/2026";"PA";"PA";"PARÁ";140002536875;4;19;"Outros bens imóveis";"LOTE";"18333,33";"05/08/2026";"10:24:04"
"11/08/2026";"19:30:45";2026;2;"Eleição Ordinária";6259;"Eleições Gerais Estaduais 2026";"04/10/2026";"PA";"PA";"PARÁ";140002536876;1;12;"Casa";"IMOVEL URBANO";"300000,00";"06/08/2026";"15:26:42"
"11/08/2026";"19:30:45";2026;2;"Eleição Ordinária";6259;"Eleições Gerais Estaduais 2026";"04/10/2026";"PA";"PA";"PARÁ";140002536875;5;19;"Outros bens imóveis";"LOTE";"17833,33";"05/08/2026";"10:24:04"
"11/08/2026";"19:30:45";2026;2;"Eleição Ordinária";6259;"Eleições Gerais Estaduais 2026";"04/10/2026";"PA";"PA";"PARÁ";140002536876;2;21;"Veículo automotor terrestre: caminhão, automóvel, moto, etc.";"VEICULO";"140000,00";"06/08/2026";"15:26:42"
"11/08/2026";"19:30:45";2026;2;"Eleição Ordinária";6259;"Eleições Gerais Estaduais 2026";"04/10/2026";"PA";"PA";"PARÁ";140002536877;3;61;"Depósito bancário em conta corrente no País";"DINHEIRO EM CONTA - CAIXA ECONOMICA FEDERAL";"1307,94";"06/08/2026";"08:46:14"
"11/08/2026";"19:30:45";2026;2;"Eleição Ordinária";6259;"Eleições Gerais Estaduais 2026";"04/10/2026";"PA";"PA";"PARÁ";140002536877;2;21;"Veículo automotor terrestre: caminhão, automóvel, moto, etc.";"CARRO";"446466,94";"06/08/2026";"08:46:14"
"11/08/2026";"19:30:45";2026;2;"Eleição Ordinária";6259;"Eleições Gerais Estaduais 2026";"04/10/2026";"PA";"PA";"PARÁ";140002536877;1;11;"Apartamento";"APARTAMENTO";"198568,68";"06/08/2026";"08:46:14"
"11/08/2026";"19:30:45";2026;2;"Eleição Ordinária";6259;"Eleições Gerais Estaduais 2026";"04/10/2026";"PA";"PA";"PARÁ";140002536877;4;61;"Depósito bancário em conta corrente no País";"DINHEIRO EM CONTA - BANCO DO BRASIL";"27505,86";"06/08/2026";"08:46:14"
"11/08/2026";"19:30:45";2026;2;"Eleição Ordinária";6259;"Eleições Gerais Estaduais 2026";"04/10/2026";"PA";"PA";"PARÁ";140002536878;1;99;"OUTROS BENS E DIREITOS";"DINHEIRO EM CONTA - BANCO DO BRASIL";"145,63";"04/08/2026";"19:02:17"
"11/08/2026";"19:30:45";2026;2;"Eleição Ordinária";6259;"Eleições Gerais Estaduais 2026";"04/10/2026";"PA";"PA";"PARÁ";140002536879;1;99;"OUTROS BENS E DIREITOS";"SALDO EM CONTA BANCO DO BRASIL";"199,29";"07/08/2026";"16:05:30"
"11/08/2026";"19:30:45";2026;2;"Eleição Ordinária";6259;"Eleições Gerais Estaduais 2026";"04/10/2026";"PA";"PA";"PARÁ";140002536879;2;41;"Caderneta de poupança";"POUPANÇA BANCO DO BRASIL";"4320,00";"07/08/2026";"16:05:30"
"11/08/2026";"19:30:45";2026;2;"Eleição Ordinária";6259;"Eleições Gerais Estaduais 2026";"04/10/2026";"PA";"PA";"PARÁ";140002536879;4;13;"Terreno";"FAZENDA BELA VISTA";"203000,00";"07/08/2026";"16:05:30"
"11/08/2026";"19:30:45";2026;2;"Eleição Ordinária";6259;"Eleições Gerais Estaduais 2026";"04/10/2026";"PA";"PA";"PARÁ";140002536879;3;21;"Veículo automotor terrestre: caminhão, automóvel, moto, etc.";"CAMINHONETE";"225000,00";"07/08/2026";"16:05:30"
"11/08/2026";"19:30:45";2026;2;"Eleição Ordinária";6259;"Eleições Gerais Estaduais 2026";"04/10/2026";"PA";"PA";"PARÁ";140002536949;1;21;"Veículo automotor terrestre: caminhão, automóvel, moto, etc.";"MOTO MARCA HONDA/NXR160 BROS ESDD";"17000,00";"07/08/2026";"08:55:50"
"11/08/2026";"19:30:45";2026;2;"Eleição Ordinária";6259;"Eleições Gerais Estaduais 2026";"04/10/2026";"PA";"PA";"PARÁ";140002536949;2;12;"Casa";"IMÓVEL URBANO (CASA E TERRENO) MEDINDO 250 M2,";"100000,00";"07/08/2026";"08:55:50"
"11/08/2026";"19:30:45";2026;2;"Eleição Ordinária";6259;"Eleições Gerais Estaduais 2026";"04/10/2026";"PA";"PA";"PARÁ";140002536879;5;13;"Terreno";"TERRENO";"50000,00";"07/08/2026";"16:05:30"
"11/08/2026";"19:30:45";2026;2;"Eleição Ordinária";6259;"Eleições Gerais Estaduais 2026";"04/10/2026";"PA";"PA";"PARÁ";140002536952;1;21;"Veículo automotor terrestre: caminhão, automóvel, moto, etc.";"MOTOCICLETA MARCA/MODELO YAMAHA/FZ25 FAZER ABS,";"26140,00";"11/08/2026";"09:49:53"
"11/08/2026";"19:30:45";2026;2;"Eleição Ordinária";6259;"Eleições Gerais Estaduais 2026";"04/10/2026";"PA";"PA";"PARÁ";140002536949;3;12;"Casa";"IMÓVEL URBANO (CASA E TERRENO) MEDINDO 200 M2";"30000,00";"07/08/2026";"08:55:50"
"11/08/2026";"19:30:45";2026;2;"Eleição Ordinária";6259;"Eleições Gerais Estaduais 2026";"04/10/2026";"PA";"PA";"PARÁ";140002536949;4;19;"Outros bens imóveis";"IMÓVEL RURAL";"60000,00";"07/08/2026";"08:55:50"
"11/08/2026";"19:30:45";2026;2;"Eleição Ordinária";6259;"Eleições Gerais Estaduais 2026";"04/10/2026";"PA";"PA";"PARÁ";140002536954;2;11;"Apartamento";"01 APARATAMENTO";"450000,00";"07/08/2026";"18:53:52"
"11/08/2026";"19:30:45";2026;2;"Eleição Ordinária";6259;"Eleições Gerais Estaduais 2026";"04/10/2026";"PA";"PA";"PARÁ";140002536954;3;11;"Apartamento";"01 APARTAMENTO";"450000,00";"07/08/2026";"18:53:52"
"11/08/2026";"19:30:45";2026;2;"Eleição Ordinária";6259;"Eleições Gerais Estaduais 2026";"04/10/2026";"PA";"PA";"PARÁ";140002536954;1;21;"Veículo automotor terrestre: caminhão, automóvel, moto, etc.";"FIAT/IDEA ADVENTURE FLEX";"40000,00";"07/08/2026";"18:53:52"
"11/08/2026";"19:30:45";2026;2;"Eleição Ordinária";6259;"Eleições Gerais Estaduais 2026";"04/10/2026";"PA";"PA";"PARÁ";140002536956;1;11;"Apartamento";"APARTAMENTO SITO NA AV. ALCINDO CACELA N. 885, APTO 202, ";"141000,00";"11/08/2026";"11:30:20"
"11/08/2026";"19:30:45";2026;2;"Eleição Ordinária";6259;"Eleições Gerais Estaduais 2026";"04/10/2026";"PA";"PA";"PARÁ";140002536954;4;21;"Veículo automotor terrestre: caminhão, automóvel, moto, etc.";"NISSAN FRONTIER ATK 4X4";"150000,00";"07/08/2026";"18:53:52"
"11/08/2026";"19:30:45";2026;2;"Eleição Ordinária";6259;"Eleições Gerais Estaduais 2026";"04/10/2026";"PA";"PA";"PARÁ";140002536955;1;13;"Terreno";"IMÓVEL URBANO (TERRENO) MEDINDO 250 M2,";"100000,00";"07/08/2026";"16:19:40"
"11/08/2026";"19:30:45";2026;2;"Eleição Ordinária";6259;"Eleições Gerais Estaduais 2026";"04/10/2026";"PA";"PA";"PARÁ";140002536956;2;11;"Apartamento";"APARTAMENTO SITO A TV. HUMAITA EDIFÍCIO TORRE DE SOLLAZZO, ADQUIRIDO DA AURORA INCORPORADORA, (ENCONTRA-SE SUB JUDICI).";"372934,65";"11/08/2026";"11:30:20"
"11/08/2026";"19:30:45";2026;2;"Eleição Ordinária";6259;"Eleições Gerais Estaduais 2026";"04/10/2026";"PA";"PA";"PARÁ";140002536956;3;11;"Apartamento";"APARTAMENTO RUA BOAVENTURA DA SILVA N. 1289, N. 102, TORRE B, ADQUIRIDO EM 2019, FINANCIADO.";"491306,48";"11/08/2026";"11:30:20"
"11/08/2026";"19:30:45";2026;2;"Eleição Ordinária";6259;"Eleições Gerais Estaduais 2026";"04/10/2026";"PA";"PA";"PARÁ";140002536956;4;19;"Outros bens imóveis";"50 % DO IMÓVEL SITO A RUA GASPAR VIANA S/N";"12500,00";"11/08/2026";"11:30:20"
"11/08/2026";"19:30:45";2026;2;"Eleição Ordinária";6259;"Eleições Gerais Estaduais 2026";"04/10/2026";"PA";"PA";"PARÁ";140002536956;5;12;"Casa";"CASA NA RUA DAS TULIPAS N. 785, EM ALTAMIRA, ADQUIRIDA EM 2016.";"55000,00";"11/08/2026";"11:30:20"
"11/08/2026";"19:30:45";2026;2;"Eleição Ordinária";6259;"Eleições Gerais Estaduais 2026";"04/10/2026";"PA";"PA";"PARÁ";140002536956;6;12;"Casa";"UMA CASA NA VIGIA, ADQUIRIDA NO ANO DE 2022.";"52000,00";"11/08/2026";"11:30:20"
"11/08/2026";"19:30:45";2026;2;"Eleição Ordinária";6259;"Eleições Gerais Estaduais 2026";"04/10/2026";"PA";"PA";"PARÁ";140002536956;7;13;"Terreno";"50% DO TERRENO NA CIDADE NOVA, ANANINDEUA/PA, WE-01, ";"30000,00";"11/08/2026";"11:30:20"
"11/08/2026";"19:30:45";2026;2;"Eleição Ordinária";6259;"Eleições Gerais Estaduais 2026";"04/10/2026";"PA";"PA";"PARÁ";140002536956;8;15;"Sala ou conjunto";"SALA COMERCIAL N. 1108, TRAV. 14 DE MARÇO, 1155,";"120000,00";"11/08/2026";"11:30:20"
"11/08/2026";"19:30:45";2026;2;"Eleição Ordinária";6259;"Eleições Gerais Estaduais 2026";"04/10/2026";"PA";"PA";"PARÁ";140002536956;10;15;"Sala ou conjunto";"SALA COMERCIAL NO 1106, TRAV. 14 DE MARÇO, 1155.";"120000,00";"11/08/2026";"11:30:20"
"11/08/2026";"19:30:45";2026;2;"Eleição Ordinária";6259;"Eleições Gerais Estaduais 2026";"04/10/2026";"PA";"PA";"PARÁ";140002536956;9;19;"Outros bens imóveis";"DUAS VAGAS DE GARAGEM DA UNIDADE IMOBILIÁRIA N. 1108.";"40000,00";"11/08/2026";"11:30:20"
"11/08/2026";"19:30:45";2026;2;"Eleição Ordinária";6259;"Eleições Gerais Estaduais 2026";"04/10/2026";"PA";"PA";"PARÁ";140002536956;11;19;"Outros bens imóveis";"DUAS VAGAS DE GARAGEM DA UNIDADE IMOBILIÁRIA N. 1106. ";"40000,00";"11/08/2026";"11:30:20"
"11/08/2026";"19:30:45";2026;2;"Eleição Ordinária";6259;"Eleições Gerais Estaduais 2026";"04/10/2026";"PA";"PA";"PARÁ";140002536956;12;19;"Outros bens imóveis";"BOX NÁUTICO NO XINGU PRAIA CLUBE EM ALTAMIRA.";"18000,00";"11/08/2026";"11:30:20"
"11/08/2026";"19:30:45";2026;2;"Eleição Ordinária";6259;"Eleições Gerais Estaduais 2026";"04/10/2026";"PA";"PA";"PARÁ";140002536956;13;19;"Outros bens imóveis";"02 ÁREAs AGRÍCOLAS NA REGIÃO DO ASSURINI EM ALTAMIRA";"100000,00";"11/08/2026";"11:30:20"
"11/08/2026";"19:30:45";2026;2;"Eleição Ordinária";6259;"Eleições Gerais Estaduais 2026";"04/10/2026";"PA";"PA";"PARÁ";140002536956;14;19;"Outros bens imóveis";"02 ÁREA AGRÍCOLA EM VITÓRIA DO XINGU";"90000,00";"11/08/2026";"11:30:20"
"11/08/2026";"19:30:45";2026;2;"Eleição Ordinária";6259;"Eleições Gerais Estaduais 2026";"04/10/2026";"PA";"PA";"PARÁ";140002536956;15;19;"Outros bens imóveis";"01 LOTE EM MEDICILÂNDIA";"226000,00";"11/08/2026";"11:30:20"
"11/08/2026";"19:30:45";2026;2;"Eleição Ordinária";6259;"Eleições Gerais Estaduais 2026";"04/10/2026";"PA";"PA";"PARÁ";140002536956;16;19;"Outros bens imóveis";"01 ÁREA AGRÍCOLA NO SOL NASCENTE NA VIGIA DE NAZARÉ";"150000,00";"11/08/2026";"11:30:20"
"11/08/2026";"19:30:45";2026;2;"Eleição Ordinária";6259;"Eleições Gerais Estaduais 2026";"04/10/2026";"PA";"PA";"PARÁ";140002536956;18;21;"Veículo automotor terrestre: caminhão, automóvel, moto, etc.";"MOTOCICLETA HONDA POP 100, PLACA OFQ 7408, VERMELHA ADQUIRIDA EM 2016.";"7468,00";"11/08/2026";"11:30:20"
"11/08/2026";"19:30:45";2026;2;"Eleição Ordinária";6259;"Eleições Gerais Estaduais 2026";"04/10/2026";"PA";"PA";"PARÁ";140002536956;19;21;"Veículo automotor terrestre: caminhão, automóvel, moto, etc.";"VEÍCULO VW/GOL 1.6 L- AF5 ¿ PLACA REC2C41 ¿ ADQUIRIDO NO ANO DE 2023";"55444,00";"11/08/2026";"11:30:20"
"11/08/2026";"19:30:45";2026;2;"Eleição Ordinária";6259;"Eleições Gerais Estaduais 2026";"04/10/2026";"PA";"PA";"PARÁ";140002536956;17;19;"Outros bens imóveis";"01 ÁREA AGRÍCOLA NO CURUCAZINHO NA VIGIA DE NAZARÉ";"50000,00";"11/08/2026";"11:30:20"
"11/08/2026";"19:30:45";2026;2;"Eleição Ordinária";6259;"Eleições Gerais Estaduais 2026";"04/10/2026";"PA";"PA";"PARÁ";140002536956;20;21;"Veículo automotor terrestre: caminhão, automóvel, moto, etc.";"VEÍCULO TOYOTA HILUX CD 4X4 SRV PLACA QDV1819 ANO 2015, ADQUIRIDO EM 2022";"148506,00";"11/08/2026";"11:30:20"
"11/08/2026";"19:30:45";2026;2;"Eleição Ordinária";6259;"Eleições Gerais Estaduais 2026";"04/10/2026";"PA";"PA";"PARÁ";140002536956;21;21;"Veículo automotor terrestre: caminhão, automóvel, moto, etc.";"VEÍCULO MARCA JEEP COMANDER OVR TD 380 ADQUIRIDO EM 2022";"164102,00";"11/08/2026";"11:30:20"
"11/08/2026";"19:30:45";2026;2;"Eleição Ordinária";6259;"Eleições Gerais Estaduais 2026";"04/10/2026";"PA";"PA";"PARÁ";140002536956;22;21;"Veículo automotor terrestre: caminhão, automóvel, moto, etc.";"MARCA HB-20X STYLE ANO 2015";"58839,00";"11/08/2026";"11:30:20"
"11/08/2026";"19:30:45";2026;2;"Eleição Ordinária";6259;"Eleições Gerais Estaduais 2026";"04/10/2026";"PA";"PA";"PARÁ";140002536958;1;21;"Veículo automotor terrestre: caminhão, automóvel, moto, etc.";"UM CARRO TOYOTA/ CROSS XRE 20, COR PRETA";"146000,00";"10/08/2026";"15:23:46"
"11/08/2026";"19:30:45";2026;2;"Eleição Ordinária";6259;"Eleições Gerais Estaduais 2026";"04/10/2026";"PA";"PA";"PARÁ";140002536958;2;63;"Dinheiro em espécie - moeda nacional";"SALDO EM ESPÉCIE";"100000,00";"10/08/2026";"15:23:46"
"11/08/2026";"19:30:45";2026;2;"Eleição Ordinária";6259;"Eleições Gerais Estaduais 2026";"04/10/2026";"PA";"PA";"PARÁ";140002536959;1;32;"Quotas ou quinhões de capital";"PARTICIPACAO DE 99% DO CAPITAL SOCIAL DE EMPRESA";"99000,00";"10/08/2026";"09:03:39"
"11/08/2026";"19:30:45";2026;2;"Eleição Ordinária";6259;"Eleições Gerais Estaduais 2026";"04/10/2026";"PA";"PA";"PARÁ";140002536959;2;21;"Veículo automotor terrestre: caminhão, automóvel, moto, etc.";"CAMINHAO FORD/F4000";"70000,00";"10/08/2026";"09:03:39"
"11/08/2026";"19:30:45";2026;2;"Eleição Ordinária";6259;"Eleições Gerais Estaduais 2026";"04/10/2026";"PA";"PA";"PARÁ";140002536959;4;63;"Dinheiro em espécie - moeda nacional";"SALDO EM MAOS";"12000,00";"10/08/2026";"09:03:39"
"11/08/2026";"19:30:45";2026;2;"Eleição Ordinária";6259;"Eleições Gerais Estaduais 2026";"04/10/2026";"PA";"PA";"PARÁ";140002536959;3;32;"Quotas ou quinhões de capital";"CAPITAL SOCIAL";"56426,88";"10/08/2026";"09:03:39"
"11/08/2026";"19:30:45";2026;2;"Eleição Ordinária";6259;"Eleições Gerais Estaduais 2026";"04/10/2026";"PA";"PA";"PARÁ";140002536959;6;32;"Quotas ou quinhões de capital";"PARTICIPACAO DE 99% NO CAPITAL SOCIAL DA SOCIEDADE EMPRESARIAL LIMITADA";"495000,00";"10/08/2026";"09:03:39"
"11/08/2026";"19:30:45";2026;2;"Eleição Ordinária";6259;"Eleições Gerais Estaduais 2026";"04/10/2026";"PA";"PA";"PARÁ";140002536959;5;91;"Licença e concessões especiais";"ESTAÇÃO DE USO DE RADIOFREQUÊNCIA";"50000,00";"10/08/2026";"09:03:39"
"11/08/2026";"19:30:45";2026;2;"Eleição Ordinária";6259;"Eleições Gerais Estaduais 2026";"04/10/2026";"PA";"PA";"PARÁ";140002536959;7;61;"Depósito bancário em conta corrente no País";"DEPOSITO";"2,90";"10/08/2026";"09:03:39"
"11/08/2026";"19:30:45";2026;2;"Eleição Ordinária";6259;"Eleições Gerais Estaduais 2026";"04/10/2026";"PA";"PA";"PARÁ";140002536959;8;11;"Apartamento";"APARTAMENTO";"77500,00";"10/08/2026";"09:03:39"
"11/08/2026";"19:30:45";2026;2;"Eleição Ordinária";6259;"Eleições Gerais Estaduais 2026";"04/10/2026";"PA";"PA";"PARÁ";140002536959;9;13;"Terreno";"TERRENO";"100000,00";"10/08/2026";"09:03:39"
"11/08/2026";"19:30:45";2026;2;"Eleição Ordinária";6259;"Eleições Gerais Estaduais 2026";"04/10/2026";"PA";"PA";"PARÁ";140002536959;10;13;"Terreno";"AREA DE TERRA SUBURBANA";"200000,00";"10/08/2026";"09:03:39"
"11/08/2026";"19:30:45";2026;2;"Eleição Ordinária";6259;"Eleições Gerais Estaduais 2026";"04/10/2026";"PA";"PA";"PARÁ";140002536959;12;61;"Depósito bancário em conta corrente no País";"DEPOSITO";"9288,62";"10/08/2026";"09:03:39"
"11/08/2026";"19:30:45";2026;2;"Eleição Ordinária";6259;"Eleições Gerais Estaduais 2026";"04/10/2026";"PA";"PA";"PARÁ";140002536959;13;61;"Depósito bancário em conta corrente no País";"SALDO EM CONTA";"56889,56";"10/08/2026";"09:03:39"
"11/08/2026";"19:30:45";2026;2;"Eleição Ordinária";6259;"Eleições Gerais Estaduais 2026";"04/10/2026";"PA";"PA";"PARÁ";140002536959;11;13;"Terreno";"LOTE 02-B";"10000,00";"10/08/2026";"09:03:39"
"11/08/2026";"19:30:45";2026;2;"Eleição Ordinária";6259;"Eleições Gerais Estaduais 2026";"04/10/2026";"PA";"PA";"PARÁ";140002536959;14;32;"Quotas ou quinhões de capital";"PARTICIPACAO EM EMPRESA";"200000,00";"10/08/2026";"09:03:39"
"11/08/2026";"19:30:45";2026;2;"Eleição Ordinária";6259;"Eleições Gerais Estaduais 2026";"04/10/2026";"PA";"PA";"PARÁ";140002536959;15;32;"Quotas ou quinhões de capital";"CAPITAL";"867,20";"10/08/2026";"09:03:39"
"11/08/2026";"19:30:45";2026;2;"Eleição Ordinária";6259;"Eleições Gerais Estaduais 2026";"04/10/2026";"PA";"PA";"PARÁ";140002536959;16;13;"Terreno";"TERRENO SUBURBANO";"80000,00";"10/08/2026";"09:03:39"
"11/08/2026";"19:30:45";2026;2;"Eleição Ordinária";6259;"Eleições Gerais Estaduais 2026";"04/10/2026";"PA";"PA";"PARÁ";140002536959;17;61;"Depósito bancário em conta corrente no País";"DEPOSITO";"1,00";"10/08/2026";"09:03:39"
"11/08/2026";"19:30:45";2026;2;"Eleição Ordinária";6259;"Eleições Gerais Estaduais 2026";"04/10/2026";"PA";"PA";"PARÁ";140002536959;19;61;"Depósito bancário em conta corrente no País";"DEPOSITO";"10906,05";"10/08/2026";"09:03:39"
"11/08/2026";"19:30:45";2026;2;"Eleição Ordinária";6259;"Eleições Gerais Estaduais 2026";"04/10/2026";"PA";"PA";"PARÁ";140002536959;18;13;"Terreno";"AREA DE TERRA URBANA";"102279,00";"10/08/2026";"09:03:39"
"11/08/2026";"19:30:45";2026;2;"Eleição Ordinária";6259;"Eleições Gerais Estaduais 2026";"04/10/2026";"PA";"PA";"PARÁ";140002536959;20;11;"Apartamento";"APARTAMENTO";"150000,00";"10/08/2026";"09:03:39"
"11/08/2026";"19:30:45";2026;2;"Eleição Ordinária";6259;"Eleições Gerais Estaduais 2026";"04/10/2026";"PA";"PA";"PARÁ";140002536959;21;32;"Quotas ou quinhões de capital";"PARTICIPACAO EM EMPRESA";"56000,00";"10/08/2026";"09:03:39"
"11/08/2026";"19:30:45";2026;2;"Eleição Ordinária";6259;"Eleições Gerais Estaduais 2026";"04/10/2026";"PA";"PA";"PARÁ";140002536959;22;61;"Depósito bancário em conta corrente no País";"SALDO EM CONTA";"3265,47";"10/08/2026";"09:03:39"
"11/08/2026";"19:30:45";2026;2;"Eleição Ordinária";6259;"Eleições Gerais Estaduais 2026";"04/10/2026";"PA";"PA";"PARÁ";140002536959;23;45;"Aplicação de renda fixa (CDB, RDB e outros)";"APLICACAO EM RENDA FIXA";"1121,55";"10/08/2026";"09:03:39"
"11/08/2026";"19:30:45";2026;2;"Eleição Ordinária";6259;"Eleições Gerais Estaduais 2026";"04/10/2026";"PA";"PA";"PARÁ";140002536959;25;61;"Depósito bancário em conta corrente no País";"SALDO EM CONTA CORRENTE";"1172,84";"10/08/2026";"09:03:39"
"11/08/2026";"19:30:45";2026;2;"Eleição Ordinária";6259;"Eleições Gerais Estaduais 2026";"04/10/2026";"PA";"PA";"PARÁ";140002536959;24;13;"Terreno";"AREA DE TERRA URBANA";"100000,00";"10/08/2026";"09:03:39"
"11/08/2026";"19:30:45";2026;2;"Eleição Ordinária";6259;"Eleições Gerais Estaduais 2026";"04/10/2026";"PA";"PA";"PARÁ";140002536960;1;21;"Veículo automotor terrestre: caminhão, automóvel, moto, etc.";"CAMINHONETE MARCA CHEVROLET S10 LTZ DD4A";"170000,00";"10/08/2026";"12:41:38"
"11/08/2026";"19:30:45";2026;2;"Eleição Ordinária";6259;"Eleições Gerais Estaduais 2026";"04/10/2026";"PA";"PA";"PARÁ";140002536960;3;21;"Veículo automotor terrestre: caminhão, automóvel, moto, etc.";"MARCA HONDA POP 110I";"5000,00";"10/08/2026";"12:41:38"
"11/08/2026";"19:30:45";2026;2;"Eleição Ordinária";6259;"Eleições Gerais Estaduais 2026";"04/10/2026";"PA";"PA";"PARÁ";140002536960;2;12;"Casa";"CASA CONSTRUIDA DE ALVENARIA, MEDINDO 7MT POR 8MT";"150000,00";"10/08/2026";"12:41:38"
"11/08/2026";"19:30:45";2026;2;"Eleição Ordinária";6259;"Eleições Gerais Estaduais 2026";"04/10/2026";"PA";"PA";"PARÁ";140002536961;2;49;"Outras aplicações e Investimentos";"PREVID. PRIVADA BB";"20846,78";"07/08/2026";"11:55:27"
"11/08/2026";"19:30:45";2026;2;"Eleição Ordinária";6259;"Eleições Gerais Estaduais 2026";"04/10/2026";"PA";"PA";"PARÁ";140002536961;1;79;"Outros fundos";"CAIXA FUNDO MUTUO DE PRIVATIZACAO";"1459,00";"07/08/2026";"11:55:27"
"11/08/2026";"19:30:45";2026;2;"Eleição Ordinária";6259;"Eleições Gerais Estaduais 2026";"04/10/2026";"PA";"PA";"PARÁ";140002536961;3;41;"Caderneta de poupança";"SALDO EM POUPANCA BANCO DO BRASIL";"50,54";"07/08/2026";"11:55:27"
"11/08/2026";"19:30:45";2026;2;"Eleição Ordinária";6259;"Eleições Gerais Estaduais 2026";"04/10/2026";"PA";"PA";"PARÁ";140002536961;4;41;"Caderneta de poupança";"SALDO CONTA POUPANCA CAIXA ECONOMICA FEDERAL";"341,26";"07/08/2026";"11:55:27"
"11/08/2026";"19:30:45";2026;2;"Eleição Ordinária";6259;"Eleições Gerais Estaduais 2026";"04/10/2026";"PA";"PA";"PARÁ";140002536961;6;61;"Depósito bancário em conta corrente no País";"CONTA CORRENTE NU BANK";"8814,05";"07/08/2026";"11:55:27"
"11/08/2026";"19:30:45";2026;2;"Eleição Ordinária";6259;"Eleições Gerais Estaduais 2026";"04/10/2026";"PA";"PA";"PARÁ";140002536961;5;61;"Depósito bancário em conta corrente no País";"SALDO EM CONTA CORRENTE";"75,17";"07/08/2026";"11:55:27"
"11/08/2026";"19:30:45";2026;2;"Eleição Ordinária";6259;"Eleições Gerais Estaduais 2026";"04/10/2026";"PA";"PA";"PARÁ";140002536961;8;11;"Apartamento";"01 APARTAMENTO";"150000,00";"07/08/2026";"11:55:27"
"11/08/2026";"19:30:45";2026;2;"Eleição Ordinária";6259;"Eleições Gerais Estaduais 2026";"04/10/2026";"PA";"PA";"PARÁ";140002536961;9;61;"Depósito bancário em conta corrente no País";"SALDO EM CONTA CORRENTE";"53,53";"07/08/2026";"11:55:27"
"11/08/2026";"19:30:45";2026;2;"Eleição Ordinária";6259;"Eleições Gerais Estaduais 2026";"04/10/2026";"PA";"PA";"PARÁ";140002536961;7;19;"Outros bens imóveis";"LOTE EM CONDOMÍNIO FECHADO";"110000,00";"07/08/2026";"11:55:27"
"11/08/2026";"19:30:45";2026;2;"Eleição Ordinária";6259;"Eleições Gerais Estaduais 2026";"04/10/2026";"PA";"PA";"PARÁ";140002536961;10;21;"Veículo automotor terrestre: caminhão, automóvel, moto, etc.";"VEICULO AUTOMOTOR HONDA/ HR-V EXL HS,";"161900,00";"07/08/2026";"11:55:27"
"11/08/2026";"19:30:45";2026;2;"Eleição Ordinária";6259;"Eleições Gerais Estaduais 2026";"04/10/2026";"PA";"PA";"PARÁ";140002536962;1;12;"Casa";"UMA CASA";"30615,00";"07/08/2026";"14:14:55"
"11/08/2026";"19:30:45";2026;2;"Eleição Ordinária";6259;"Eleições Gerais Estaduais 2026";"04/10/2026";"PA";"PA";"PARÁ";140002536962;2;19;"Outros bens imóveis";"IMÓVEL RURAL";"240000,00";"07/08/2026";"14:14:55"
"11/08/2026";"19:30:45";2026;2;"Eleição Ordinária";6259;"Eleições Gerais Estaduais 2026";"04/10/2026";"PA";"PA";"PARÁ";140002536962;4;95;"Consórcio não contemplado";"CONSÓRCIO";"29553,76";"07/08/2026";"14:14:55"
"11/08/2026";"19:30:45";2026;2;"Eleição Ordinária";6259;"Eleições Gerais Estaduais 2026";"04/10/2026";"PA";"PA";"PARÁ";140002536962;5;19;"Outros bens imóveis";"1/3 DE IMÓVEL RURAL";"73476,00";"07/08/2026";"14:14:55"
"11/08/2026";"19:30:45";2026;2;"Eleição Ordinária";6259;"Eleições Gerais Estaduais 2026";"04/10/2026";"PA";"PA";"PARÁ";140002536962;3;19;"Outros bens imóveis";"IMÓVEL RURAL";"240000,00";"07/08/2026";"14:14:55"
"11/08/2026";"19:30:45";2026;2;"Eleição Ordinária";6259;"Eleições Gerais Estaduais 2026";"04/10/2026";"PA";"PA";"PARÁ";140002536962;6;12;"Casa";"UMA CASA";"8000,00";"07/08/2026";"14:14:55"
"11/08/2026";"19:30:45";2026;2;"Eleição Ordinária";6259;"Eleições Gerais Estaduais 2026";"04/10/2026";"PA";"PA";"PARÁ";140002536962;7;13;"Terreno";"UM TERRENO COM EDIFICAÇÕES";"36738,00";"07/08/2026";"14:14:55"
"11/08/2026";"19:30:45";2026;2;"Eleição Ordinária";6259;"Eleições Gerais Estaduais 2026";"04/10/2026";"PA";"PA";"PARÁ";140002536962;8;13;"Terreno";"UM TERRENO";"18000,00";"07/08/2026";"14:14:55"
"11/08/2026";"19:30:45";2026;2;"Eleição Ordinária";6259;"Eleições Gerais Estaduais 2026";"04/10/2026";"PA";"PA";"PARÁ";140002536962;9;12;"Casa";"UMA CASA";"10000,00";"07/08/2026";"14:14:55"
"11/08/2026";"19:30:45";2026;2;"Eleição Ordinária";6259;"Eleições Gerais Estaduais 2026";"04/10/2026";"PA";"PA";"PARÁ";140002536962;11;51;"Crédito decorrente de empréstimo";"EMPRESTIMO";"850000,00";"07/08/2026";"14:14:55"
"11/08/2026";"19:30:45";2026;2;"Eleição Ordinária";6259;"Eleições Gerais Estaduais 2026";"04/10/2026";"PA";"PA";"PARÁ";140002536962;10;19;"Outros bens imóveis";"FAZENDA";"110214,00";"07/08/2026";"14:14:55"
"11/08/2026";"19:30:45";2026;2;"Eleição Ordinária";6259;"Eleições Gerais Estaduais 2026";"04/10/2026";"PA";"PA";"PARÁ";140002536962;12;11;"Apartamento";"UM APARTAMENTO";"150000,00";"07/08/2026";"14:14:55"
"11/08/2026";"19:30:45";2026;2;"Eleição Ordinária";6259;"Eleições Gerais Estaduais 2026";"04/10/2026";"PA";"PA";"PARÁ";140002536962;13;12;"Casa";"CASA EM CONSTRUÇÃO";"8000,00";"07/08/2026";"14:14:55"
"11/08/2026";"19:30:45";2026;2;"Eleição Ordinária";6259;"Eleições Gerais Estaduais 2026";"04/10/2026";"PA";"PA";"PARÁ";140002536962;14;13;"Terreno";"UM TERRENO";"6000,00";"07/08/2026";"14:14:55"
"11/08/2026";"19:30:45";2026;2;"Eleição Ordinária";6259;"Eleições Gerais Estaduais 2026";"04/10/2026";"PA";"PA";"PARÁ";140002536962;15;19;"Outros bens imóveis";"LOTE DE TERRENO";"120000,00";"07/08/2026";"14:14:55"
"11/08/2026";"19:30:45";2026;2;"Eleição Ordinária";6259;"Eleições Gerais Estaduais 2026";"04/10/2026";"PA";"PA";"PARÁ";140002536962;16;19;"Outros bens imóveis";"FAZENDA";"80000,00";"07/08/2026";"14:14:55"
"11/08/2026";"19:30:45";2026;2;"Eleição Ordinária";6259;"Eleições Gerais Estaduais 2026";"04/10/2026";"PA";"PA";"PARÁ";140002536962;17;19;"Outros bens imóveis";"FAZENDA";"60000,00";"07/08/2026";"14:14:55"
"11/08/2026";"19:30:45";2026;2;"Eleição Ordinária";6259;"Eleições Gerais Estaduais 2026";"04/10/2026";"PA";"PA";"PARÁ";140002536962;19;15;"Sala ou conjunto";"SALA COMERCIAL";"215000,00";"07/08/2026";"14:14:55"
"11/08/2026";"19:30:45";2026;2;"Eleição Ordinária";6259;"Eleições Gerais Estaduais 2026";"04/10/2026";"PA";"PA";"PARÁ";140002536962;20;32;"Quotas ou quinhões de capital";"PARTICIPANTE COM 70% NO CAPITAL DE EMPRESA";"210000,00";"07/08/2026";"14:14:55"
"11/08/2026";"19:30:45";2026;2;"Eleição Ordinária";6259;"Eleições Gerais Estaduais 2026";"04/10/2026";"PA";"PA";"PARÁ";140002536962;18;19;"Outros bens imóveis";"FAZENDA";"60000,00";"07/08/2026";"14:14:55"
"11/08/2026";"19:30:45";2026;2;"Eleição Ordinária";6259;"Eleições Gerais Estaduais 2026";"04/10/2026";"PA";"PA";"PARÁ";140002536962;23;95;"Consórcio não contemplado";"CONSÓRIO";"13574,40";"07/08/2026";"14:14:55"
"11/08/2026";"19:30:45";2026;2;"Eleição Ordinária";6259;"Eleições Gerais Estaduais 2026";"04/10/2026";"PA";"PA";"PARÁ";140002536962;21;61;"Depósito bancário em conta corrente no País";"CONTA BANCÁRIA";"145,18";"07/08/2026";"14:14:55"
"11/08/2026";"19:30:45";2026;2;"Eleição Ordinária";6259;"Eleições Gerais Estaduais 2026";"04/10/2026";"PA";"PA";"PARÁ";140002536962;22;61;"Depósito bancário em conta corrente no País";"SALDO EM CONTA CORRENTE";"1,00";"07/08/2026";"14:14:55"
"11/08/2026";"19:30:45";2026;2;"Eleição Ordinária";6259;"Eleições Gerais Estaduais 2026";"04/10/2026";"PA";"PA";"PARÁ";140002536962;26;11;"Apartamento";"UM APARTAMENTO";"350000,00";"07/08/2026";"14:14:55"
"11/08/2026";"19:30:45";2026;2;"Eleição Ordinária";6259;"Eleições Gerais Estaduais 2026";"04/10/2026";"PA";"PA";"PARÁ";140002536962;24;95;"Consórcio não contemplado";"CONSÓRCIO";"37990,07";"07/08/2026";"14:14:55"
"11/08/2026";"19:30:45";2026;2;"Eleição Ordinária";6259;"Eleições Gerais Estaduais 2026";"04/10/2026";"PA";"PA";"PARÁ";140002536962;25;97;"VGBL - Vida Gerador de Benefício Livre";"SALDO EM VGBL/VGRP";"5840928,36";"07/08/2026";"14:14:55"
"11/08/2026";"19:30:45";2026;2;"Eleição Ordinária";6259;"Eleições Gerais Estaduais 2026";"04/10/2026";"PA";"PA";"PARÁ";140002536962;27;11;"Apartamento";"UM APARTAMENTO";"110000,00";"07/08/2026";"14:14:55"
"11/08/2026";"19:30:45";2026;2;"Eleição Ordinária";6259;"Eleições Gerais Estaduais 2026";"04/10/2026";"PA";"PA";"PARÁ";140002536962;28;12;"Casa";"UMA CASA";"7000,00";"07/08/2026";"14:14:55"
"11/08/2026";"19:30:45";2026;2;"Eleição Ordinária";6259;"Eleições Gerais Estaduais 2026";"04/10/2026";"PA";"PA";"PARÁ";140002536962;29;12;"Casa";"UMA CASA";"9800,00";"07/08/2026";"14:14:55"
"11/08/2026";"19:30:45";2026;2;"Eleição Ordinária";6259;"Eleições Gerais Estaduais 2026";"04/10/2026";"PA";"PA";"PARÁ";140002536962;32;29;"Outros bens móveis";"TITULO DE CAPITALIZAÇÃO";"175655,48";"07/08/2026";"14:14:55"
"11/08/2026";"19:30:45";2026;2;"Eleição Ordinária";6259;"Eleições Gerais Estaduais 2026";"04/10/2026";"PA";"PA";"PARÁ";140002536962;31;99;"OUTROS BENS E DIREITOS";"RESERVA";"100000,00";"07/08/2026";"14:14:55"
"11/08/2026";"19:30:45";2026;2;"Eleição Ordinária";6259;"Eleições Gerais Estaduais 2026";"04/10/2026";"PA";"PA";"PARÁ";140002536962;30;19;"Outros bens imóveis";"PARTE DE IMÓVEL RURAL";"100000,00";"07/08/2026";"14:14:55"
"11/08/2026";"19:30:45";2026;2;"Eleição Ordinária";6259;"Eleições Gerais Estaduais 2026";"04/10/2026";"PA";"PA";"PARÁ";140002536962;33;11;"Apartamento";"UM APARTAMENTO";"74000,00";"07/08/2026";"14:14:55"
"11/08/2026";"19:30:45";2026;2;"Eleição Ordinária";6259;"Eleições Gerais Estaduais 2026";"04/10/2026";"PA";"PA";"PARÁ";140002536962;34;11;"Apartamento";"UM APARTAMENTO";"240000,00";"07/08/2026";"14:14:55"
"11/08/2026";"19:30:45";2026;2;"Eleição Ordinária";6259;"Eleições Gerais Estaduais 2026";"04/10/2026";"PA";"PA";"PARÁ";140002536962;35;13;"Terreno";"UM TERRENO";"10000,00";"07/08/2026";"14:14:55"
"11/08/2026";"19:30:45";2026;2;"Eleição Ordinária";6259;"Eleições Gerais Estaduais 2026";"04/10/2026";"PA";"PA";"PARÁ";140002536962;37;95;"Consórcio não contemplado";"CONSÓRCIO";"43289,97";"07/08/2026";"14:14:55"
"11/08/2026";"19:30:45";2026;2;"Eleição Ordinária";6259;"Eleições Gerais Estaduais 2026";"04/10/2026";"PA";"PA";"PARÁ";140002536962;38;72;"Fundo de Longo Prazo e Fundo de Investimentos em Direitos Creditórios (FIDC)";"BB RENDA FIXA REFERENCIADO DI LONGO PRAZO PLUS";"4897,77";"07/08/2026";"14:14:55"
"11/08/2026";"19:30:45";2026;2;"Eleição Ordinária";6259;"Eleições Gerais Estaduais 2026";"04/10/2026";"PA";"PA";"PARÁ";140002536962;36;61;"Depósito bancário em conta corrente no País";"SALDO EM CONTA CORRENTE";"11409,44";"07/08/2026";"14:14:55"
"11/08/2026";"19:30:45";2026;2;"Eleição Ordinária";6259;"Eleições Gerais Estaduais 2026";"04/10/2026";"PA";"PA";"PARÁ";140002536962;39;95;"Consórcio não contemplado";"CONSÓRCIO";"70886,30";"07/08/2026";"14:14:55"
"11/08/2026";"19:30:45";2026;2;"Eleição Ordinária";6259;"Eleições Gerais Estaduais 2026";"04/10/2026";"PA";"PA";"PARÁ";140002536962;40;12;"Casa";"UMA CASA";"12000,00";"07/08/2026";"14:14:55"
"11/08/2026";"19:30:45";2026;2;"Eleição Ordinária";6259;"Eleições Gerais Estaduais 2026";"04/10/2026";"PA";"PA";"PARÁ";140002536962;41;12;"Casa";"UMA CASA";"120000,00";"07/08/2026";"14:14:55"
"11/08/2026";"19:30:45";2026;2;"Eleição Ordinária";6259;"Eleições Gerais Estaduais 2026";"04/10/2026";"PA";"PA";"PARÁ";140002536962;42;12;"Casa";"UMA CASA";"15000,00";"07/08/2026";"14:14:55"
"11/08/2026";"19:30:45";2026;2;"Eleição Ordinária";6259;"Eleições Gerais Estaduais 2026";"04/10/2026";"PA";"PA";"PARÁ";140002536962;43;29;"Outros bens móveis";"KIT DE VIDRO BLINDADOS";"16200,00";"07/08/2026";"14:14:55"
"11/08/2026";"19:30:45";2026;2;"Eleição Ordinária";6259;"Eleições Gerais Estaduais 2026";"04/10/2026";"PA";"PA";"PARÁ";140002536962;44;21;"Veículo automotor terrestre: caminhão, automóvel, moto, etc.";"I/TOYOTA HILUX CDSRVA4FD COR PRETA";"311000,00";"07/08/2026";"14:14:55"
"11/08/2026";"19:30:45";2026;2;"Eleição Ordinária";6259;"Eleições Gerais Estaduais 2026";"04/10/2026";"PA";"PA";"PARÁ";140002536962;46;95;"Consórcio não contemplado";"CONSÓRCIO";"43675,49";"07/08/2026";"14:14:55"
"11/08/2026";"19:30:45";2026;2;"Eleição Ordinária";6259;"Eleições Gerais Estaduais 2026";"04/10/2026";"PA";"PA";"PARÁ";140002536962;47;95;"Consórcio não contemplado";"CONSÓRCIO";"25494,28";"07/08/2026";"14:14:55"
"11/08/2026";"19:30:45";2026;2;"Eleição Ordinária";6259;"Eleições Gerais Estaduais 2026";"04/10/2026";"PA";"PA";"PARÁ";140002536962;45;45;"Aplicação de renda fixa (CDB, RDB e outros)";"APLICAÇÃO RENDA FIXA";"1099,43";"07/08/2026";"14:14:55"
"11/08/2026";"19:30:45";2026;2;"Eleição Ordinária";6259;"Eleições Gerais Estaduais 2026";"04/10/2026";"PA";"PA";"PARÁ";140002536962;48;12;"Casa";"UMA CASA";"7347,60";"07/08/2026";"14:14:55"
"11/08/2026";"19:30:45";2026;2;"Eleição Ordinária";6259;"Eleições Gerais Estaduais 2026";"04/10/2026";"PA";"PA";"PARÁ";140002536963;1;32;"Quotas ou quinhões de capital";"EMPRESA";"6000000,00";"07/08/2026";"10:24:08"
"11/08/2026";"19:30:45";2026;2;"Eleição Ordinária";6259;"Eleições Gerais Estaduais 2026";"04/10/2026";"PA";"PA";"PARÁ";140002536962;49;13;"Terreno";"UM TERRENO";"12000,00";"07/08/2026";"14:14:55"
"11/08/2026";"19:30:45";2026;2;"Eleição Ordinária";6259;"Eleições Gerais Estaduais 2026";"04/10/2026";"PA";"PA";"PARÁ";140002536963;2;12;"Casa";"CASA";"500000,00";"07/08/2026";"10:24:08"
"11/08/2026";"19:30:45";2026;2;"Eleição Ordinária";6259;"Eleições Gerais Estaduais 2026";"04/10/2026";"PA";"PA";"PARÁ";140002536963;4;13;"Terreno";"TERRENO";"1000000,00";"07/08/2026";"10:24:08"
"11/08/2026";"19:30:45";2026;2;"Eleição Ordinária";6259;"Eleições Gerais Estaduais 2026";"04/10/2026";"PA";"PA";"PARÁ";140002536963;3;21;"Veículo automotor terrestre: caminhão, automóvel, moto, etc.";"CAMINHÃO VOLVO";"150000,00";"07/08/2026";"10:24:08"
"11/08/2026";"19:30:45";2026;2;"Eleição Ordinária";6259;"Eleições Gerais Estaduais 2026";"04/10/2026";"PA";"PA";"PARÁ";140002536964;2;41;"Caderneta de poupança";"SALDO EM CONTA POUPANÇA";"0,09";"07/08/2026";"09:36:57"
"11/08/2026";"19:30:45";2026;2;"Eleição Ordinária";6259;"Eleições Gerais Estaduais 2026";"04/10/2026";"PA";"PA";"PARÁ";140002536964;3;61;"Depósito bancário em conta corrente no País";"SALDO EM CONTA CORRENTE";"1614,76";"07/08/2026";"09:36:57"
"11/08/2026";"19:30:45";2026;2;"Eleição Ordinária";6259;"Eleições Gerais Estaduais 2026";"04/10/2026";"PA";"PA";"PARÁ";140002536964;1;61;"Depósito bancário em conta corrente no País";"SALDO EM CONTA CORRENTE";"43,31";"07/08/2026";"09:36:57"
"11/08/2026";"19:30:45";2026;2;"Eleição Ordinária";6259;"Eleições Gerais Estaduais 2026";"04/10/2026";"PA";"PA";"PARÁ";140002537035;2;32;"Quotas ou quinhões de capital";"QUADRO SOCIETÁRIO";"250000,00";"11/08/2026";"15:11:35"
"11/08/2026";"19:30:45";2026;2;"Eleição Ordinária";6259;"Eleições Gerais Estaduais 2026";"04/10/2026";"PA";"PA";"PARÁ";140002537035;3;32;"Quotas ou quinhões de capital";"QUADRO SOCIETÁRIO";"100000,00";"11/08/2026";"15:11:35"
"11/08/2026";"19:30:45";2026;2;"Eleição Ordinária";6259;"Eleições Gerais Estaduais 2026";"04/10/2026";"PA";"PA";"PARÁ";140002537035;1;32;"Quotas ou quinhões de capital";"QUADRO SOCIETÁRIO";"360000,00";"11/08/2026";"15:11:35"
"11/08/2026";"19:30:45";2026;2;"Eleição Ordinária";6259;"Eleições Gerais Estaduais 2026";"04/10/2026";"PA";"PA";"PARÁ";140002537035;4;32;"Quotas ou quinhões de capital";"QUADRO SOCIETÁRIO";"600000,00";"11/08/2026";"15:11:35"
"11/08/2026";"19:30:45";2026;2;"Eleição Ordinária";6259;"Eleições Gerais Estaduais 2026";"04/10/2026";"PA";"PA";"PARÁ";140002537035;5;32;"Quotas ou quinhões de capital";"QUADRO SOCIETÁRIO";"300000,00";"11/08/2026";"15:11:35"
"11/08/2026";"19:30:45";2026;2;"Eleição Ordinária";6259;"Eleições Gerais Estaduais 2026";"04/10/2026";"PA";"PA";"PARÁ";140002537035;6;32;"Quotas ou quinhões de capital";"QUADRO SOCIETÁRIO";"100000,00";"11/08/2026";"15:11:35"
"11/08/2026";"19:30:45";2026;2;"Eleição Ordinária";6259;"Eleições Gerais Estaduais 2026";"04/10/2026";"PA";"PA";"PARÁ";140002537035;8;32;"Quotas ou quinhões de capital";"QUADRO SOCIETÁRIO";"356,36";"11/08/2026";"15:11:35"
"11/08/2026";"19:30:45";2026;2;"Eleição Ordinária";6259;"Eleições Gerais Estaduais 2026";"04/10/2026";"PA";"PA";"PARÁ";140002537035;9;32;"Quotas ou quinhões de capital";"QUADRO SOCIETÁRIO";"198000,00";"11/08/2026";"15:11:35"
"11/08/2026";"19:30:45";2026;2;"Eleição Ordinária";6259;"Eleições Gerais Estaduais 2026";"04/10/2026";"PA";"PA";"PARÁ";140002537035;7;32;"Quotas ou quinhões de capital";"QUADRO SOCIETÁRIO";"300000,00";"11/08/2026";"15:11:35"
"11/08/2026";"19:30:45";2026;2;"Eleição Ordinária";6259;"Eleições Gerais Estaduais 2026";"04/10/2026";"PA";"PA";"PARÁ";140002537035;12;32;"Quotas ou quinhões de capital";"QUADRO SOCIETÁRIO";"110000,00";"11/08/2026";"15:11:35"
"11/08/2026";"19:30:45";2026;2;"Eleição Ordinária";6259;"Eleições Gerais Estaduais 2026";"04/10/2026";"PA";"PA";"PARÁ";140002537035;10;32;"Quotas ou quinhões de capital";"QUADRO SOCIETÁRIO";"40000,00";"11/08/2026";"15:11:35"
"11/08/2026";"19:30:45";2026;2;"Eleição Ordinária";6259;"Eleições Gerais Estaduais 2026";"04/10/2026";"PA";"PA";"PARÁ";140002537035;11;61;"Depósito bancário em conta corrente no País";"DEPÓSITO BANCÁRIO";"4806,53";"11/08/2026";"15:11:35"
"11/08/2026";"19:30:45";2026;2;"Eleição Ordinária";6259;"Eleições Gerais Estaduais 2026";"04/10/2026";"PA";"PA";"PARÁ";140002537035;14;12;"Casa";"BEM IMÓVEL";"30000,00";"11/08/2026";"15:11:35"
"11/08/2026";"19:30:45";2026;2;"Eleição Ordinária";6259;"Eleições Gerais Estaduais 2026";"04/10/2026";"PA";"PA";"PARÁ";140002537035;15;32;"Quotas ou quinhões de capital";"QUADRO SOCIETÁRIO";"300000,00";"11/08/2026";"15:11:35"
"11/08/2026";"19:30:45";2026;2;"Eleição Ordinária";6259;"Eleições Gerais Estaduais 2026";"04/10/2026";"PA";"PA";"PARÁ";140002537035;13;99;"OUTROS BENS E DIREITOS";"EMPRÉSTIMO CONCEDIDO A PESSOA FÍSICA";"50000,00";"11/08/2026";"15:11:35"
"11/08/2026";"19:30:45";2026;2;"Eleição Ordinária";6259;"Eleições Gerais Estaduais 2026";"04/10/2026";"PA";"PA";"PARÁ";140002537035;17;49;"Outras aplicações e Investimentos";"APLICAÇÃO FINANCEIRA";"8420,05";"11/08/2026";"15:11:35"
"11/08/2026";"19:30:45";2026;2;"Eleição Ordinária";6259;"Eleições Gerais Estaduais 2026";"04/10/2026";"PA";"PA";"PARÁ";140002537035;18;32;"Quotas ou quinhões de capital";"QUADRO SOCIETÁRIO";"450000,00";"11/08/2026";"15:11:35"
"11/08/2026";"19:30:45";2026;2;"Eleição Ordinária";6259;"Eleições Gerais Estaduais 2026";"04/10/2026";"PA";"PA";"PARÁ";140002537035;16;32;"Quotas ou quinhões de capital";"QUADRO SOCIETÁRIO";"90000,00";"11/08/2026";"15:11:35"
"11/08/2026";"19:30:45";2026;2;"Eleição Ordinária";6259;"Eleições Gerais Estaduais 2026";"04/10/2026";"PA";"PA";"PARÁ";140002537035;20;32;"Quotas ou quinhões de capital";"QUADRO SOCIETÁRIO";"4950,00";"11/08/2026";"15:11:35"
"11/08/2026";"19:30:45";2026;2;"Eleição Ordinária";6259;"Eleições Gerais Estaduais 2026";"04/10/2026";"PA";"PA";"PARÁ";140002537035;21;32;"Quotas ou quinhões de capital";"QUADRO SOCIETÁRIO";"19800,00";"11/08/2026";"15:11:35"
"11/08/2026";"19:30:45";2026;2;"Eleição Ordinária";6259;"Eleições Gerais Estaduais 2026";"04/10/2026";"PA";"PA";"PARÁ";140002537035;19;32;"Quotas ou quinhões de capital";"QUADRO SOCIETÁRIO";"196000,00";"11/08/2026";"15:11:35"
"11/08/2026";"19:30:45";2026;2;"Eleição Ordinária";6259;"Eleições Gerais Estaduais 2026";"04/10/2026";"PA";"PA";"PARÁ";140002537035;22;32;"Quotas ou quinhões de capital";"QUADRO SOCIETÁRIO";"3000000,00";"11/08/2026";"15:11:35"
"11/08/2026";"19:30:45";2026;2;"Eleição Ordinária";6259;"Eleições Gerais Estaduais 2026";"04/10/2026";"PA";"PA";"PARÁ";140002537035;23;32;"Quotas ou quinhões de capital";"QUADRO SOCIETÁRIO";"240000,00";"11/08/2026";"15:11:35"
"11/08/2026";"19:30:45";2026;2;"Eleição Ordinária";6259;"Eleições Gerais Estaduais 2026";"04/10/2026";"PA";"PA";"PARÁ";140002537035;24;32;"Quotas ou quinhões de capital";"QUADRO SOCIETÁRIO";"45000,00";"11/08/2026";"15:11:35"
"11/08/2026";"19:30:45";2026;2;"Eleição Ordinária";6259;"Eleições Gerais Estaduais 2026";"04/10/2026";"PA";"PA";"PARÁ";140002537035;27;49;"Outras aplicações e Investimentos";"CONTA CORRENTE";"49691,48";"11/08/2026";"15:11:35"
"11/08/2026";"19:30:45";2026;2;"Eleição Ordinária";6259;"Eleições Gerais Estaduais 2026";"04/10/2026";"PA";"PA";"PARÁ";140002537035;26;32;"Quotas ou quinhões de capital";"QUADRO SOCIETÁRIO";"90000,00";"11/08/2026";"15:11:35"
"11/08/2026";"19:30:45";2026;2;"Eleição Ordinária";6259;"Eleições Gerais Estaduais 2026";"04/10/2026";"PA";"PA";"PARÁ";140002537035;25;13;"Terreno";"BEM IMÓVEL";"10000,00";"11/08/2026";"15:11:35"
"11/08/2026";"19:30:45";2026;2;"Eleição Ordinária";6259;"Eleições Gerais Estaduais 2026";"04/10/2026";"PA";"PA";"PARÁ";140002537037;1;49;"Outras aplicações e Investimentos";"APLICAÇÕES FINANCEIRAS EM RENDA VARIÁVEL (BOLSA DE VALORES), CUSTODIADAS NO BANCO BTG PACTUAL";"200000,00";"08/08/2026";"14:23:58"
"11/08/2026";"19:30:45";2026;2;"Eleição Ordinária";6259;"Eleições Gerais Estaduais 2026";"04/10/2026";"PA";"PA";"PARÁ";140002537038;1;21;"Veículo automotor terrestre: caminhão, automóvel, moto, etc.";"MOTO";"10000,00";"11/08/2026";"15:37:46"
"11/08/2026";"19:30:45";2026;2;"Eleição Ordinária";6259;"Eleições Gerais Estaduais 2026";"04/10/2026";"PA";"PA";"PARÁ";140002537038;2;21;"Veículo automotor terrestre: caminhão, automóvel, moto, etc.";"CAMINHONETE TOYOTA";"220000,00";"11/08/2026";"15:37:46"
"11/08/2026";"19:30:45";2026;2;"Eleição Ordinária";6259;"Eleições Gerais Estaduais 2026";"04/10/2026";"PA";"PA";"PARÁ";140002537038;5;21;"Veículo automotor terrestre: caminhão, automóvel, moto, etc.";"CAMINHÃO";"180000,00";"11/08/2026";"15:37:46"
"11/08/2026";"19:30:45";2026;2;"Eleição Ordinária";6259;"Eleições Gerais Estaduais 2026";"04/10/2026";"PA";"PA";"PARÁ";140002537038;4;12;"Casa";"10M DE FRENTE POR 23 DE FUNDO";"500000,00";"11/08/2026";"15:37:46"
"11/08/2026";"19:30:45";2026;2;"Eleição Ordinária";6259;"Eleições Gerais Estaduais 2026";"04/10/2026";"PA";"PA";"PARÁ";140002537038;3;3;"Galpão";"COM AREA CONSTRUIDA";"157248,74";"11/08/2026";"15:37:46"
"11/08/2026";"19:30:45";2026;2;"Eleição Ordinária";6259;"Eleições Gerais Estaduais 2026";"04/10/2026";"PA";"PA";"PARÁ";140002537039;2;12;"Casa";"CASA";"7138,38";"08/08/2026";"15:42:48"
"11/08/2026";"19:30:45";2026;2;"Eleição Ordinária";6259;"Eleições Gerais Estaduais 2026";"04/10/2026";"PA";"PA";"PARÁ";140002537038;6;32;"Quotas ou quinhões de capital";"PARTICIPAÇÃO SOCIETÁRIA";"150000,00";"11/08/2026";"15:37:46"
"11/08/2026";"19:30:45";2026;2;"Eleição Ordinária";6259;"Eleições Gerais Estaduais 2026";"04/10/2026";"PA";"PA";"PARÁ";140002537039;1;13;"Terreno";"COM ESTRUTURA METÁLICA";"218202,00";"08/08/2026";"15:42:48"
"11/08/2026";"19:30:45";2026;2;"Eleição Ordinária";6259;"Eleições Gerais Estaduais 2026";"04/10/2026";"PA";"PA";"PARÁ";140002537039;5;45;"Aplicação de renda fixa (CDB, RDB e outros)";"BANPARÁ";"3479,49";"08/08/2026";"15:42:48"
"11/08/2026";"19:30:45";2026;2;"Eleição Ordinária";6259;"Eleições Gerais Estaduais 2026";"04/10/2026";"PA";"PA";"PARÁ";140002537039;3;45;"Aplicação de renda fixa (CDB, RDB e outros)";"CDB SANTANDER";"475585,72";"08/08/2026";"15:42:48"
"11/08/2026";"19:30:45";2026;2;"Eleição Ordinária";6259;"Eleições Gerais Estaduais 2026";"04/10/2026";"PA";"PA";"PARÁ";140002537039;4;13;"Terreno";"TERRENO";"5510,70";"08/08/2026";"15:42:48"
"11/08/2026";"19:30:45";2026;2;"Eleição Ordinária";6259;"Eleições Gerais Estaduais 2026";"04/10/2026";"PA";"PA";"PARÁ";140002537039;8;15;"Sala ou conjunto";"SALA COMERCIAL";"170000,00";"08/08/2026";"15:42:48"
"11/08/2026";"19:30:45";2026;2;"Eleição Ordinária";6259;"Eleições Gerais Estaduais 2026";"04/10/2026";"PA";"PA";"PARÁ";140002537039;7;63;"Dinheiro em espécie - moeda nacional";"VALOR EM ESPÉCIE";"80000,00";"08/08/2026";"15:42:48"
"11/08/2026";"19:30:45";2026;2;"Eleição Ordinária";6259;"Eleições Gerais Estaduais 2026";"04/10/2026";"PA";"PA";"PARÁ";140002537039;6;45;"Aplicação de renda fixa (CDB, RDB e outros)";"BANCO DO BRASIL";"358375,60";"08/08/2026";"15:42:48"
"11/08/2026";"19:30:45";2026;2;"Eleição Ordinária";6259;"Eleições Gerais Estaduais 2026";"04/10/2026";"PA";"PA";"PARÁ";140002537039;10;15;"Sala ou conjunto";"SALA COMERCIAL";"170000,00";"08/08/2026";"15:42:48"
"11/08/2026";"19:30:45";2026;2;"Eleição Ordinária";6259;"Eleições Gerais Estaduais 2026";"04/10/2026";"PA";"PA";"PARÁ";140002537039;11;32;"Quotas ou quinhões de capital";"QUOTA DE CAPITAL";"405000,00";"08/08/2026";"15:42:48"
"11/08/2026";"19:30:45";2026;2;"Eleição Ordinária";6259;"Eleições Gerais Estaduais 2026";"04/10/2026";"PA";"PA";"PARÁ";140002537039;9;32;"Quotas ou quinhões de capital";"QUOTA DE CAPITAL";"858000,00";"08/08/2026";"15:42:48"
"11/08/2026";"19:30:45";2026;2;"Eleição Ordinária";6259;"Eleições Gerais Estaduais 2026";"04/10/2026";"PA";"PA";"PARÁ";140002537039;12;12;"Casa";"CASA RESIDENCIAL";"300000,00";"08/08/2026";"15:42:48"
"11/08/2026";"19:30:45";2026;2;"Eleição Ordinária";6259;"Eleições Gerais Estaduais 2026";"04/10/2026";"PA";"PA";"PARÁ";140002537039;13;45;"Aplicação de renda fixa (CDB, RDB e outros)";"SANTANDER";"6654,01";"08/08/2026";"15:42:48"
"11/08/2026";"19:30:45";2026;2;"Eleição Ordinária";6259;"Eleições Gerais Estaduais 2026";"04/10/2026";"PA";"PA";"PARÁ";140002537039;14;97;"VGBL - Vida Gerador de Benefício Livre";"CONTA CORRENTE E VGBL BANCO DO BRASIL";"16553,45";"08/08/2026";"15:42:48"
"11/08/2026";"19:30:45";2026;2;"Eleição Ordinária";6259;"Eleições Gerais Estaduais 2026";"04/10/2026";"PA";"PA";"PARÁ";140002537040;1;11;"Apartamento";"APARTAMENTO EM BELEM";"230000,00";"07/08/2026";"10:09:28"
"11/08/2026";"19:30:45";2026;2;"Eleição Ordinária";6259;"Eleições Gerais Estaduais 2026";"04/10/2026";"PA";"PA";"PARÁ";140002537040;2;12;"Casa";"CASA EM BELÉM";"250509,69";"07/08/2026";"10:09:28"
"11/08/2026";"19:30:45";2026;2;"Eleição Ordinária";6259;"Eleições Gerais Estaduais 2026";"04/10/2026";"PA";"PA";"PARÁ";140002537039;15;61;"Depósito bancário em conta corrente no País";"CONTA CORRENTE E VGBL";"114639,77";"08/08/2026";"15:42:48"
"11/08/2026";"19:30:45";2026;2;"Eleição Ordinária";6259;"Eleições Gerais Estaduais 2026";"04/10/2026";"PA";"PA";"PARÁ";140002537040;5;12;"Casa";"CASA EM PARAGOMINAS";"27758,91";"07/08/2026";"10:09:28"
"11/08/2026";"19:30:45";2026;2;"Eleição Ordinária";6259;"Eleições Gerais Estaduais 2026";"04/10/2026";"PA";"PA";"PARÁ";140002537040;3;41;"Caderneta de poupança";"SALDO EM CONTA POUPANÇA";"567827,25";"07/08/2026";"10:09:28"
"11/08/2026";"19:30:45";2026;2;"Eleição Ordinária";6259;"Eleições Gerais Estaduais 2026";"04/10/2026";"PA";"PA";"PARÁ";140002537040;4;45;"Aplicação de renda fixa (CDB, RDB e outros)";"APLICAÇÃO RENDA FIXA";"20,28";"07/08/2026";"10:09:28"
"11/08/2026";"19:30:45";2026;2;"Eleição Ordinária";6259;"Eleições Gerais Estaduais 2026";"04/10/2026";"PA";"PA";"PARÁ";140002538404;1;11;"Apartamento";"ED WAY BATISTA CAMPOS - Rua Timbiras, Bairro Batista Campos, Belém/PA";"230000,00";"08/08/2026";"12:19:17"
"11/08/2026";"19:30:45";2026;2;"Eleição Ordinária";6259;"Eleições Gerais Estaduais 2026";"04/10/2026";"PA";"PA";"PARÁ";140002538404;2;11;"Apartamento";"AP ED WAY BATISTA CAMPOS - Rua Timbiras, Bairro Batista Campos, Belém/PA";"230000,00";"08/08/2026";"12:19:17"
"11/08/2026";"19:30:45";2026;2;"Eleição Ordinária";6259;"Eleições Gerais Estaduais 2026";"04/10/2026";"PA";"PA";"PARÁ";140002538404;3;11;"Apartamento";"AP ED WAY BATISTA CAMPOS - Rua Timbiras, Bairro Batista Campos, Belém - Pará";"230000,00";"08/08/2026";"12:19:17"
"11/08/2026";"19:30:45";2026;2;"Eleição Ordinária";6259;"Eleições Gerais Estaduais 2026";"04/10/2026";"PA";"PA";"PARÁ";140002538404;5;11;"Apartamento";"ED PIAZA DEI LACQUA - Trav. Apinagés, Batista Campos, Belém/PA";"1140000,00";"08/08/2026";"12:19:17"
"11/08/2026";"19:30:45";2026;2;"Eleição Ordinária";6259;"Eleições Gerais Estaduais 2026";"04/10/2026";"PA";"PA";"PARÁ";140002538404;6;19;"Outros bens imóveis";"QUOTA TERRENO CIDADE NOVA - Estrada da Vila Nova, Ananindeua/PA";"30000,00";"08/08/2026";"12:19:17"
"11/08/2026";"19:30:45";2026;2;"Eleição Ordinária";6259;"Eleições Gerais Estaduais 2026";"04/10/2026";"PA";"PA";"PARÁ";140002538404;4;19;"Outros bens imóveis";"CHACARAS CONSTRUTORA STATUS - Rod. Augusto Montenegro, Parque Verde, Belém/PA ";"122000,00";"08/08/2026";"12:19:17"
"11/08/2026";"19:30:45";2026;2;"Eleição Ordinária";6259;"Eleições Gerais Estaduais 2026";"04/10/2026";"PA";"PA";"PARÁ";140002538404;7;19;"Outros bens imóveis";"QUOTA TERRENO ICUI - Av. Independência, Icuí-Guajará, Ananindeua/PA";"30000,00";"08/08/2026";"12:19:17"
"11/08/2026";"19:30:45";2026;2;"Eleição Ordinária";6259;"Eleições Gerais Estaduais 2026";"04/10/2026";"PA";"PA";"PARÁ";140002538404;8;19;"Outros bens imóveis";"CHACARA BENFICA - Cond. Marina Jaguari, Benevides/PA";"1000000,00";"08/08/2026";"12:19:17"
"11/08/2026";"19:30:45";2026;2;"Eleição Ordinária";6259;"Eleições Gerais Estaduais 2026";"04/10/2026";"PA";"PA";"PARÁ";140002538404;9;19;"Outros bens imóveis";"SALA COMERCIAL - Rod. BR-316, Living Next Office, Atalaia, Ananindeua/PA ";"135430,42";"08/08/2026";"12:19:17"
"11/08/2026";"19:30:45";2026;2;"Eleição Ordinária";6259;"Eleições Gerais Estaduais 2026";"04/10/2026";"PA";"PA";"PARÁ";140002538404;10;19;"Outros bens imóveis";"SALA COMERCIAL - Av. Gov. José Malcher, Centro Emp. Acrópoli, Nazaré, Belém/PA";"200000,00";"08/08/2026";"12:19:17"
"11/08/2026";"19:30:45";2026;2;"Eleição Ordinária";6259;"Eleições Gerais Estaduais 2026";"04/10/2026";"PA";"PA";"PARÁ";140002538404;11;19;"Outros bens imóveis";"SALA COMERCIAL - Rod. Augusto Montenegro, Parque Office, Parque Verde, Belém/PA";"235000,00";"08/08/2026";"12:19:17"
"11/08/2026";"19:30:45";2026;2;"Eleição Ordinária";6259;"Eleições Gerais Estaduais 2026";"04/10/2026";"PA";"PA";"PARÁ";140002538404;12;19;"Outros bens imóveis";"SALA COMERCIAL COND. ROGELIO FERNANDEZ - Trav. Quintino Bocaiúva, Cremação, Belém/PA";"167763,04";"08/08/2026";"12:19:17"
"11/08/2026";"19:30:45";2026;2;"Eleição Ordinária";6259;"Eleições Gerais Estaduais 2026";"04/10/2026";"PA";"PA";"PARÁ";140002538404;13;19;"Outros bens imóveis";"SALA COMERCIAL COND. ROGELIO FERNANDEZ (Erika) - Trav. Quintino Bocaiúva, Cremação, Belém/PA";"167000,00";"08/08/2026";"12:19:17"
"11/08/2026";"19:30:45";2026;2;"Eleição Ordinária";6259;"Eleições Gerais Estaduais 2026";"04/10/2026";"PA";"PA";"PARÁ";140002538404;14;21;"Veículo automotor terrestre: caminhão, automóvel, moto, etc.";" SW4 24/24 - RENAVAM XXXXXXXXXXX";"350000,00";"08/08/2026";"12:19:17"
"11/08/2026";"19:30:45";2026;2;"Eleição Ordinária";6259;"Eleições Gerais Estaduais 2026";"04/10/2026";"PA";"PA";"PARÁ";140002538404;15;21;"Veículo automotor terrestre: caminhão, automóvel, moto, etc.";"TOYOTA SW4 PRETA 2021/2021 - RENAVAM XXXXXXXXXXX";"300000,00";"08/08/2026";"12:19:17"
"11/08/2026";"19:30:45";2026;2;"Eleição Ordinária";6259;"Eleições Gerais Estaduais 2026";"04/10/2026";"PA";"PA";"PARÁ";140002538404;16;31;"Ações (inclusive as provenientes de linha telefônica)";"PETR4 - Petróleo Brasileiro S.A. (Petrobras)";"171,50";"08/08/2026";"12:19:17"
"11/08/2026";"19:30:45";2026;2;"Eleição Ordinária";6259;"Eleições Gerais Estaduais 2026";"04/10/2026";"PA";"PA";"PARÁ";140002538404;17;31;"Ações (inclusive as provenientes de linha telefônica)";"SAPR11 - Cia Saneamento do Paraná (Sanepar)";"18060,00";"08/08/2026";"12:19:17"
"11/08/2026";"19:30:45";2026;2;"Eleição Ordinária";6259;"Eleições Gerais Estaduais 2026";"04/10/2026";"PA";"PA";"PARÁ";140002538404;18;31;"Ações (inclusive as provenientes de linha telefônica)";"VALE3 - Vale S.A.";"106211,60";"08/08/2026";"12:19:17"
"11/08/2026";"19:30:45";2026;2;"Eleição Ordinária";6259;"Eleições Gerais Estaduais 2026";"04/10/2026";"PA";"PA";"PARÁ";140002538404;19;31;"Ações (inclusive as provenientes de linha telefônica)";"DISB34 - The Walt Disney Company (BDR)";"8202,60";"08/08/2026";"12:19:17"
"11/08/2026";"19:30:45";2026;2;"Eleição Ordinária";6259;"Eleições Gerais Estaduais 2026";"04/10/2026";"PA";"PA";"PARÁ";140002538404;20;32;"Quotas ou quinhões de capital";"MULTIPLO CAPITAL LTDA";"1100000,00";"08/08/2026";"12:19:17"
"11/08/2026";"19:30:45";2026;2;"Eleição Ordinária";6259;"Eleições Gerais Estaduais 2026";"04/10/2026";"PA";"PA";"PARÁ";140002538404;21;45;"Aplicação de renda fixa (CDB, RDB e outros)";" CDB - Banco do Brasil ";"1147261,07";"08/08/2026";"12:19:17"
"11/08/2026";"19:30:45";2026;2;"Eleição Ordinária";6259;"Eleições Gerais Estaduais 2026";"04/10/2026";"PA";"PA";"PARÁ";140002538404;23;61;"Depósito bancário em conta corrente no País";" Informado por CNPJ 33.264.668/0001-03";"3166,24";"08/08/2026";"12:19:17"
"11/08/2026";"19:30:45";2026;2;"Eleição Ordinária";6259;"Eleições Gerais Estaduais 2026";"04/10/2026";"PA";"PA";"PARÁ";140002538404;24;61;"Depósito bancário em conta corrente no País";"XP INVESTIMENTOS CCTVM S/A - Ag. XXX, Conta XXXXXX-X";"4185,09";"08/08/2026";"12:19:17"
"11/08/2026";"19:30:45";2026;2;"Eleição Ordinária";6259;"Eleições Gerais Estaduais 2026";"04/10/2026";"PA";"PA";"PARÁ";140002538404;22;61;"Depósito bancário em conta corrente no País";"CAIXA - Conta XXXXXXXXXXXX-X (recuperado da conta antiga)";"2543,45";"08/08/2026";"12:19:17"
"11/08/2026";"19:30:45";2026;2;"Eleição Ordinária";6259;"Eleições Gerais Estaduais 2026";"04/10/2026";"PA";"PA";"PARÁ";140002538404;25;63;"Dinheiro em espécie - moeda nacional";"ESPECIE - Dinheiro em caixa";"100000,00";"08/08/2026";"12:19:17"
"11/08/2026";"19:30:45";2026;2;"Eleição Ordinária";6259;"Eleições Gerais Estaduais 2026";"04/10/2026";"PA";"PA";"PARÁ";140002538404;26;64;"Dinheiro em espécie - moeda estrangeira";"MOEDA ESTRANGEIRA";"22000,00";"08/08/2026";"12:19:17"
"11/08/2026";"19:30:45";2026;2;"Eleição Ordinária";6259;"Eleições Gerais Estaduais 2026";"04/10/2026";"PA";"PA";"PARÁ";140002538404;27;73;"Fundo de Investimento Imobiliário";" BRCR11 - FDO INV IMOB FII BTG Pactual Corp. Office Fund";"28603,26";"08/08/2026";"12:19:17"
"11/08/2026";"19:30:45";2026;2;"Eleição Ordinária";6259;"Eleições Gerais Estaduais 2026";"04/10/2026";"PA";"PA";"PARÁ";140002538404;28;73;"Fundo de Investimento Imobiliário";"SNCI11 - Suno Recebíveis Imobiliários FDO INV IMOB ";"57008,34";"08/08/2026";"12:19:17"
"11/08/2026";"19:30:45";2026;2;"Eleição Ordinária";6259;"Eleições Gerais Estaduais 2026";"04/10/2026";"PA";"PA";"PARÁ";140002538404;29;73;"Fundo de Investimento Imobiliário";"XPIN11 - XP Industrial FDO INV IMOB - FII";"27313,40";"08/08/2026";"12:19:17"
"11/08/2026";"19:30:45";2026;2;"Eleição Ordinária";6259;"Eleições Gerais Estaduais 2026";"04/10/2026";"PA";"PA";"PARÁ";140002538404;30;73;"Fundo de Investimento Imobiliário";"XPLG11 - XP Log FDO INV IMOB - FII ";"60835,12";"08/08/2026";"12:19:17"
"11/08/2026";"19:30:45";2026;2;"Eleição Ordinária";6259;"Eleições Gerais Estaduais 2026";"04/10/2026";"PA";"PA";"PARÁ";140002538404;31;74;"Fundos: Ações, Mútuos de Privatização, Invest. Empresas Emergentes, Invest.Participação e Invest. Índice Mercado";"CAIXA FUNDO MUTUO DE PRIVATIZACAO - FGTS Vale do Rio Doce I";"641,00";"08/08/2026";"12:19:17"
"11/08/2026";"19:30:45";2026;2;"Eleição Ordinária";6259;"Eleições Gerais Estaduais 2026";"04/10/2026";"PA";"PA";"PARÁ";140002538404;32;74;"Fundos: Ações, Mútuos de Privatização, Invest. Empresas Emergentes, Invest.Participação e Invest. Índice Mercado";"TREND INB Fundo de Investimento em Cotas de FI Renda Fixa Simples ";"3410,76";"08/08/2026";"12:19:17"
"11/08/2026";"19:30:45";2026;2;"Eleição Ordinária";6259;"Eleições Gerais Estaduais 2026";"04/10/2026";"PA";"PA";"PARÁ";140002538404;33;19;"Outros bens imóveis";" Fazenda/Sítio, Zona Rural, Inhangapi/PA (área 28,2 ha) ";"100000,00";"08/08/2026";"12:19:17"
"11/08/2026";"19:30:45";2026;2;"Eleição Ordinária";6259;"Eleições Gerais Estaduais 2026";"04/10/2026";"PA";"PA";"PARÁ";140002538405;1;21;"Veículo automotor terrestre: caminhão, automóvel, moto, etc.";"CARRO FIAT ARGO";"60970,00";"11/08/2026";"18:58:23"
"11/08/2026";"19:30:45";2026;2;"Eleição Ordinária";6259;"Eleições Gerais Estaduais 2026";"04/10/2026";"PA";"PA";"PARÁ";140002538405;2;21;"Veículo automotor terrestre: caminhão, automóvel, moto, etc.";"MOTO HONDA BROS";"14400,00";"11/08/2026";"18:58:23"
"11/08/2026";"19:30:45";2026;2;"Eleição Ordinária";6259;"Eleições Gerais Estaduais 2026";"04/10/2026";"PA";"PA";"PARÁ";140002538405;3;21;"Veículo automotor terrestre: caminhão, automóvel, moto, etc.";"CAMIONETE TOYOTA HILUX";"340000,00";"11/08/2026";"18:58:23"
"11/08/2026";"19:30:45";2026;2;"Eleição Ordinária";6259;"Eleições Gerais Estaduais 2026";"04/10/2026";"PA";"PA";"PARÁ";140002538405;4;12;"Casa";"EDIFICADA EM MADEIRA 175.5 M";"125000,00";"11/08/2026";"18:58:23"
"11/08/2026";"19:30:45";2026;2;"Eleição Ordinária";6259;"Eleições Gerais Estaduais 2026";"04/10/2026";"PA";"PA";"PARÁ";140002538405;5;12;"Casa";"EDIFICAÇÃO EM MADEIRA MEDINDO 7X12";"60000,00";"11/08/2026";"18:58:23"
"11/08/2026";"19:30:45";2026;2;"Eleição Ordinária";6259;"Eleições Gerais Estaduais 2026";"04/10/2026";"PA";"PA";"PARÁ";140002538405;6;12;"Casa";"MEDINDO 16,0 X 20,0 M";"40000,00";"11/08/2026";"18:58:23"
"11/08/2026";"19:30:45";2026;2;"Eleição Ordinária";6259;"Eleições Gerais Estaduais 2026";"04/10/2026";"PA";"PA";"PARÁ";140002538405;7;21;"Veículo automotor terrestre: caminhão, automóvel, moto, etc.";"CARRO FIAT SIENA";"34500,00";"11/08/2026";"18:58:23"
"11/08/2026";"19:30:45";2026;2;"Eleição Ordinária";6259;"Eleições Gerais Estaduais 2026";"04/10/2026";"PA";"PA";"PARÁ";140002538405;8;21;"Veículo automotor terrestre: caminhão, automóvel, moto, etc.";"MOTO HONDA BROS";"23099,00";"11/08/2026";"18:58:23"
"11/08/2026";"19:30:45";2026;2;"Eleição Ordinária";6259;"Eleições Gerais Estaduais 2026";"04/10/2026";"PA";"PA";"PARÁ";140002538405;9;21;"Veículo automotor terrestre: caminhão, automóvel, moto, etc.";"QUADRICICLO HONDA TRX 420 FM";"60000,00";"11/08/2026";"18:58:23"
"11/08/2026";"19:30:45";2026;2;"Eleição Ordinária";6259;"Eleições Gerais Estaduais 2026";"04/10/2026";"PA";"PA";"PARÁ";140002538405;11;45;"Aplicação de renda fixa (CDB, RDB e outros)";"BANPARA";"224,15";"11/08/2026";"18:58:23"
"11/08/2026";"19:30:45";2026;2;"Eleição Ordinária";6259;"Eleições Gerais Estaduais 2026";"04/10/2026";"PA";"PA";"PARÁ";140002538405;12;45;"Aplicação de renda fixa (CDB, RDB e outros)";"BANCO AMAZONIA";"1661,24";"11/08/2026";"18:58:23"
"11/08/2026";"19:30:45";2026;2;"Eleição Ordinária";6259;"Eleições Gerais Estaduais 2026";"04/10/2026";"PA";"PA";"PARÁ";140002538405;10;61;"Depósito bancário em conta corrente no País";"CAPITAL SICREDI";"96571,00";"11/08/2026";"18:58:23"
"11/08/2026";"19:30:45";2026;2;"Eleição Ordinária";6259;"Eleições Gerais Estaduais 2026";"04/10/2026";"PA";"PA";"PARÁ";140002538405;13;19;"Outros bens imóveis";"IMOVEL RURAL - SITIO II";"58000,00";"11/08/2026";"18:58:23"
"11/08/2026";"19:30:45";2026;2;"Eleição Ordinária";6259;"Eleições Gerais Estaduais 2026";"04/10/2026";"PA";"PA";"PARÁ";140002538405;14;13;"Terreno";"IMOVEL RURAL";"15000,00";"11/08/2026";"18:58:23"
"11/08/2026";"19:30:45";2026;2;"Eleição Ordinária";6259;"Eleições Gerais Estaduais 2026";"04/10/2026";"PA";"PA";"PARÁ";140002538405;15;21;"Veículo automotor terrestre: caminhão, automóvel, moto, etc.";"CARRO FIAT UNO FINANCIADO";"22000,00";"11/08/2026";"18:58:23"
"11/08/2026";"19:30:45";2026;2;"Eleição Ordinária";6259;"Eleições Gerais Estaduais 2026";"04/10/2026";"PA";"PA";"PARÁ";140002538405;17;19;"Outros bens imóveis";"IMOVEL RURAL - SITIO";"68000,00";"11/08/2026";"18:58:23"
"11/08/2026";"19:30:45";2026;2;"Eleição Ordinária";6259;"Eleições Gerais Estaduais 2026";"04/10/2026";"PA";"PA";"PARÁ";140002538405;18;19;"Outros bens imóveis";"IMOVEL RURAL - SITIO";"58000,00";"11/08/2026";"18:58:23"
"11/08/2026";"19:30:45";2026;2;"Eleição Ordinária";6259;"Eleições Gerais Estaduais 2026";"04/10/2026";"PA";"PA";"PARÁ";140002538405;16;21;"Veículo automotor terrestre: caminhão, automóvel, moto, etc.";"CARRO F4000";"90000,00";"11/08/2026";"18:58:23"
"11/08/2026";"19:30:45";2026;2;"Eleição Ordinária";6259;"Eleições Gerais Estaduais 2026";"04/10/2026";"PA";"PA";"PARÁ";140002538405;21;61;"Depósito bancário em conta corrente no País";"BANCO SICREDI";"928,15";"11/08/2026";"18:58:23"
"11/08/2026";"19:30:45";2026;2;"Eleição Ordinária";6259;"Eleições Gerais Estaduais 2026";"04/10/2026";"PA";"PA";"PARÁ";140002538405;19;21;"Veículo automotor terrestre: caminhão, automóvel, moto, etc.";"MOTO HONDA BROS";"4000,00";"11/08/2026";"18:58:23"
"11/08/2026";"19:30:45";2026;2;"Eleição Ordinária";6259;"Eleições Gerais Estaduais 2026";"04/10/2026";"PA";"PA";"PARÁ";140002538405;20;21;"Veículo automotor terrestre: caminhão, automóvel, moto, etc.";"CAMIONETE TOYOTA HILUX ALIENADA";"310000,00";"11/08/2026";"18:58:23"
"11/08/2026";"19:30:45";2026;2;"Eleição Ordinária";6259;"Eleições Gerais Estaduais 2026";"04/10/2026";"PA";"PA";"PARÁ";140002538405;22;61;"Depósito bancário em conta corrente no País";"BANCO DO BRASIL";"8301,00";"11/08/2026";"18:58:23"
"11/08/2026";"19:30:45";2026;2;"Eleição Ordinária";6259;"Eleições Gerais Estaduais 2026";"04/10/2026";"PA";"PA";"PARÁ";140002538405;23;61;"Depósito bancário em conta corrente no País";"CAIXA ECONOMICA";"5000,00";"11/08/2026";"18:58:23"
"11/08/2026";"19:30:45";2026;2;"Eleição Ordinária";6259;"Eleições Gerais Estaduais 2026";"04/10/2026";"PA";"PA";"PARÁ";140002538405;24;19;"Outros bens imóveis";"EQUIPAMENTOS DE ENERGIA FOTOVOLTAICA";"27000,00";"11/08/2026";"18:58:23"
"11/08/2026";"19:30:45";2026;2;"Eleição Ordinária";6259;"Eleições Gerais Estaduais 2026";"04/10/2026";"PA";"PA";"PARÁ";140002538406;1;13;"Terreno";"LOTE PRAIA DO PARAISO MOSQUEIRO";"50000,00";"11/08/2026";"19:14:30"
"11/08/2026";"19:30:45";2026;2;"Eleição Ordinária";6259;"Eleições Gerais Estaduais 2026";"04/10/2026";"PA";"PA";"PARÁ";140002538406;2;13;"Terreno";"LOTE PRAIA DO PARAISO MOSQUEIRO";"20000,00";"11/08/2026";"19:14:30"
"11/08/2026";"19:30:45";2026;2;"Eleição Ordinária";6259;"Eleições Gerais Estaduais 2026";"04/10/2026";"PA";"PA";"PARÁ";140002538406;3;19;"Outros bens imóveis";"FAZENDA LOCALIZADA EM IGARAPE MIRI/PA";"400000,00";"11/08/2026";"19:14:30"
"11/08/2026";"19:30:45";2026;2;"Eleição Ordinária";6259;"Eleições Gerais Estaduais 2026";"04/10/2026";"PA";"PA";"PARÁ";140002538406;6;63;"Dinheiro em espécie - moeda nacional";"MOEDA NACIONAL";"250000,00";"11/08/2026";"19:14:30"
"11/08/2026";"19:30:45";2026;2;"Eleição Ordinária";6259;"Eleições Gerais Estaduais 2026";"04/10/2026";"PA";"PA";"PARÁ";140002538406;5;61;"Depósito bancário em conta corrente no País";"BANPARA";"24580,90";"11/08/2026";"19:14:30"
"11/08/2026";"19:30:45";2026;2;"Eleição Ordinária";6259;"Eleições Gerais Estaduais 2026";"04/10/2026";"PA";"PA";"PARÁ";140002538406;4;21;"Veículo automotor terrestre: caminhão, automóvel, moto, etc.";"CAMIONETE NISSAN FRONTIER";"220000,00";"11/08/2026";"19:14:30"
"11/08/2026";"19:30:45";2026;2;"Eleição Ordinária";6259;"Eleições Gerais Estaduais 2026";"04/10/2026";"PA";"PA";"PARÁ";140002538406;8;49;"Outras aplicações e Investimentos";"DEMAIS INVESTIMENTOS MENORES DECLARADOS NA DIRPF 2026";"79114,93";"11/08/2026";"19:14:30"
"11/08/2026";"19:30:45";2026;2;"Eleição Ordinária";6259;"Eleições Gerais Estaduais 2026";"04/10/2026";"PA";"PA";"PARÁ";140002538406;7;45;"Aplicação de renda fixa (CDB, RDB e outros)";"VIRTUS FUNDO INCENTIVADO";"25000,00";"11/08/2026";"19:14:30"
"11/08/2026";"19:30:45";2026;2;"Eleição Ordinária";6259;"Eleições Gerais Estaduais 2026";"04/10/2026";"PA";"PA";"PARÁ";140002538406;9;21;"Veículo automotor terrestre: caminhão, automóvel, moto, etc.";"CARRO FIAT MOBI";"45000,00";"11/08/2026";"19:14:30"
"11/08/2026";"19:30:45";2026;2;"Eleição Ordinária";6259;"Eleições Gerais Estaduais 2026";"04/10/2026";"PA";"PA";"PARÁ";140002538406;10;45;"Aplicação de renda fixa (CDB, RDB e outros)";"BRADESCO DEBENTURES";"77424,68";"11/08/2026";"19:14:30"
"11/08/2026";"19:30:45";2026;2;"Eleição Ordinária";6259;"Eleições Gerais Estaduais 2026";"04/10/2026";"PA";"PA";"PARÁ";140002538406;12;61;"Depósito bancário em conta corrente no País";"BTG PACTUAL";"26000,00";"11/08/2026";"19:14:30"
"11/08/2026";"19:30:45";2026;2;"Eleição Ordinária";6259;"Eleições Gerais Estaduais 2026";"04/10/2026";"PA";"PA";"PARÁ";140002538406;11;13;"Terreno";"LOTE PRAIA DO PARAISO MOSQUEIRO";"180000,00";"11/08/2026";"19:14:30"
"11/08/2026";"19:30:45";2026;2;"Eleição Ordinária";6259;"Eleições Gerais Estaduais 2026";"04/10/2026";"PA";"PA";"PARÁ";140002538406;14;45;"Aplicação de renda fixa (CDB, RDB e outros)";"BRADESCO RENDA FIXA";"105316,40";"11/08/2026";"19:14:30"
"11/08/2026";"19:30:45";2026;2;"Eleição Ordinária";6259;"Eleições Gerais Estaduais 2026";"04/10/2026";"PA";"PA";"PARÁ";140002538406;13;25;"Jóia, quadro, objeto de arte, de coleção, antiguidade, etc.";"CORDÃO DE OURO 18K";"220000,00";"11/08/2026";"19:14:30"
"11/08/2026";"19:30:45";2026;2;"Eleição Ordinária";6259;"Eleições Gerais Estaduais 2026";"04/10/2026";"PA";"PA";"PARÁ";140002538406;15;13;"Terreno";"LOTE PRAIA DO PARAISO MOSQUEIRO";"40000,00";"11/08/2026";"19:14:30"
"11/08/2026";"19:30:45";2026;2;"Eleição Ordinária";6259;"Eleições Gerais Estaduais 2026";"04/10/2026";"PA";"PA";"PARÁ";140002538475;1;21;"Veículo automotor terrestre: caminhão, automóvel, moto, etc.";"HONDA BROS 160";"13465,00";"07/08/2026";"17:20:04"
"11/08/2026";"19:30:45";2026;2;"Eleição Ordinária";6259;"Eleições Gerais Estaduais 2026";"04/10/2026";"PA";"PA";"PARÁ";140002538406;16;13;"Terreno";"LOTE PRAIA DO PARAISO MOSQUEIRO";"40000,00";"11/08/2026";"19:14:30"
"11/08/2026";"19:30:45";2026;2;"Eleição Ordinária";6259;"Eleições Gerais Estaduais 2026";"04/10/2026";"PA";"PA";"PARÁ";140002538406;17;21;"Veículo automotor terrestre: caminhão, automóvel, moto, etc.";"CAMIONETE NISSAN L200";"35000,00";"11/08/2026";"19:14:30"
"11/08/2026";"19:30:45";2026;2;"Eleição Ordinária";6259;"Eleições Gerais Estaduais 2026";"04/10/2026";"PA";"PA";"PARÁ";140002538477;1;95;"Consórcio não contemplado";"BRADESCO ADM DE CONSORCIO";"724,40";"11/08/2026";"18:57:32"
"11/08/2026";"19:30:45";2026;2;"Eleição Ordinária";6259;"Eleições Gerais Estaduais 2026";"04/10/2026";"PA";"PA";"PARÁ";140002538477;3;45;"Aplicação de renda fixa (CDB, RDB e outros)";"BRADESCO";"400000,00";"11/08/2026";"18:57:32"
"11/08/2026";"19:30:45";2026;2;"Eleição Ordinária";6259;"Eleições Gerais Estaduais 2026";"04/10/2026";"PA";"PA";"PARÁ";140002538477;2;49;"Outras aplicações e Investimentos";"BRADESCO - LETRA DE CREDITO IMOBILIARIO";"170000,00";"11/08/2026";"18:57:32"
"11/08/2026";"19:30:45";2026;2;"Eleição Ordinária";6259;"Eleições Gerais Estaduais 2026";"04/10/2026";"PA";"PA";"PARÁ";140002538477;5;32;"Quotas ou quinhões de capital";"CAPITAL SOCIAL 50.000 QUOTAS";"50000,00";"11/08/2026";"18:57:32"
"11/08/2026";"19:30:45";2026;2;"Eleição Ordinária";6259;"Eleições Gerais Estaduais 2026";"04/10/2026";"PA";"PA";"PARÁ";140002538477;6;61;"Depósito bancário em conta corrente no País";"BRADESCO";"1,00";"11/08/2026";"18:57:32"
"11/08/2026";"19:30:45";2026;2;"Eleição Ordinária";6259;"Eleições Gerais Estaduais 2026";"04/10/2026";"PA";"PA";"PARÁ";140002538477;4;61;"Depósito bancário em conta corrente no País";"BANCO DO BRASIL";"495,15";"11/08/2026";"18:57:32"
"11/08/2026";"19:30:45";2026;2;"Eleição Ordinária";6259;"Eleições Gerais Estaduais 2026";"04/10/2026";"PA";"PA";"PARÁ";140002538477;9;32;"Quotas ou quinhões de capital";"CAPITAL SOCIAL 10.000 QUOTAS";"10000,00";"11/08/2026";"18:57:32"
"11/08/2026";"19:30:45";2026;2;"Eleição Ordinária";6259;"Eleições Gerais Estaduais 2026";"04/10/2026";"PA";"PA";"PARÁ";140002538477;7;45;"Aplicação de renda fixa (CDB, RDB e outros)";"BANCO BRADESCO";"78497,63";"11/08/2026";"18:57:32"
"11/08/2026";"19:30:45";2026;2;"Eleição Ordinária";6259;"Eleições Gerais Estaduais 2026";"04/10/2026";"PA";"PA";"PARÁ";140002538477;8;45;"Aplicação de renda fixa (CDB, RDB e outros)";"BRADESCO CAPITALIZAÇÃO SA";"21467,50";"11/08/2026";"18:57:32"
"11/08/2026";"19:30:45";2026;2;"Eleição Ordinária";6259;"Eleições Gerais Estaduais 2026";"04/10/2026";"PA";"PA";"PARÁ";140002538477;11;12;"Casa";"LOCALIZADA NO MUNICIPIO DE SALINOPOLIS/PA";"100000,00";"11/08/2026";"18:57:32"
"11/08/2026";"19:30:45";2026;2;"Eleição Ordinária";6259;"Eleições Gerais Estaduais 2026";"04/10/2026";"PA";"PA";"PARÁ";140002538477;12;45;"Aplicação de renda fixa (CDB, RDB e outros)";"BANPARA";"1248,13";"11/08/2026";"18:57:32"
"11/08/2026";"19:30:45";2026;2;"Eleição Ordinária";6259;"Eleições Gerais Estaduais 2026";"04/10/2026";"PA";"PA";"PARÁ";140002538477;10;11;"Apartamento";"APARTAMENTO DE 04 (QUATRO) QUARTOS, COM 350 M2, LOCALIZADO EM BELEM/PA";"700000,00";"11/08/2026";"18:57:32"
"11/08/2026";"19:30:45";2026;2;"Eleição Ordinária";6259;"Eleições Gerais Estaduais 2026";"04/10/2026";"PA";"PA";"PARÁ";140002538480;1;63;"Dinheiro em espécie - moeda nacional";"MOEDA REAL";"50000,00";"10/08/2026";"11:52:21"
"11/08/2026";"19:30:45";2026;2;"Eleição Ordinária";6259;"Eleições Gerais Estaduais 2026";"04/10/2026";"PA";"PA";"PARÁ";140002538482;1;12;"Casa";"ALVENARIA";"750000,00";"07/08/2026";"17:08:17"
"11/08/2026";"19:30:45";2026;2;"Eleição Ordinária";6259;"Eleições Gerais Estaduais 2026";"04/10/2026";"PA";"PA";"PARÁ";140002538482;2;32;"Quotas ou quinhões de capital";"CAPITAL SOCIAL";"200000,00";"07/08/2026";"17:08:17"
"11/08/2026";"19:30:45";2026;2;"Eleição Ordinária";6259;"Eleições Gerais Estaduais 2026";"04/10/2026";"PA";"PA";"PARÁ";140002538483;2;61;"Depósito bancário em conta corrente no País";"BANCO DO BRASIL";"57692,41";"07/08/2026";"15:59:11"
"11/08/2026";"19:30:45";2026;2;"Eleição Ordinária";6259;"Eleições Gerais Estaduais 2026";"04/10/2026";"PA";"PA";"PARÁ";140002538483;3;21;"Veículo automotor terrestre: caminhão, automóvel, moto, etc.";"HONDA/HRV";"139000,00";"07/08/2026";"15:59:11"
"11/08/2026";"19:30:45";2026;2;"Eleição Ordinária";6259;"Eleições Gerais Estaduais 2026";"04/10/2026";"PA";"PA";"PARÁ";140002538483;1;11;"Apartamento";"LOCALIZADO EM BELEM/PA";"300000,00";"07/08/2026";"15:59:11"
"11/08/2026";"19:30:45";2026;2;"Eleição Ordinária";6259;"Eleições Gerais Estaduais 2026";"04/10/2026";"PA";"PA";"PARÁ";140002538958;1;32;"Quotas ou quinhões de capital";"INFORMADO POR CNPJ 23.351.302/0001-00";"6,22";"10/08/2026";"16:03:11"
"11/08/2026";"19:30:45";2026;2;"Eleição Ordinária";6259;"Eleições Gerais Estaduais 2026";"04/10/2026";"PA";"PA";"PARÁ";140002538958;2;21;"Veículo automotor terrestre: caminhão, automóvel, moto, etc.";"AUTOMOVEL VW/FOX";"35000,00";"10/08/2026";"16:03:11"
"11/08/2026";"19:30:45";2026;2;"Eleição Ordinária";6259;"Eleições Gerais Estaduais 2026";"04/10/2026";"PA";"PA";"PARÁ";140002538631;1;21;"Veículo automotor terrestre: caminhão, automóvel, moto, etc.";"FIAT ARGO DRIVE 1.3 2018";"52292,00";"08/08/2026";"11:23:41"
"11/08/2026";"19:30:45";2026;2;"Eleição Ordinária";6259;"Eleições Gerais Estaduais 2026";"04/10/2026";"PA";"PA";"PARÁ";140002540452;1;11;"Apartamento";"LOCALIZADO EM BRASILIA DF";"174401,11";"07/08/2026";"09:45:01"
"11/08/2026";"19:30:45";2026;2;"Eleição Ordinária";6259;"Eleições Gerais Estaduais 2026";"04/10/2026";"PA";"PA";"PARÁ";140002538959;1;21;"Veículo automotor terrestre: caminhão, automóvel, moto, etc.";"MOTO PRETA";"13000,00";"06/08/2026";"15:29:41"
"11/08/2026";"19:30:45";2026;2;"Eleição Ordinária";6259;"Eleições Gerais Estaduais 2026";"04/10/2026";"PA";"PA";"PARÁ";140002538958;3;61;"Depósito bancário em conta corrente no País";"SALDO EM CONTA";"1068,15";"10/08/2026";"16:03:11"
"11/08/2026";"19:30:45";2026;2;"Eleição Ordinária";6259;"Eleições Gerais Estaduais 2026";"04/10/2026";"PA";"PA";"PARÁ";140002540452;3;45;"Aplicação de renda fixa (CDB, RDB e outros)";"EM CONTA CORRENTE";"27645,37";"07/08/2026";"09:45:01"
"11/08/2026";"19:30:45";2026;2;"Eleição Ordinária";6259;"Eleições Gerais Estaduais 2026";"04/10/2026";"PA";"PA";"PARÁ";140002540452;4;32;"Quotas ou quinhões de capital";"AGROPECUARIA RIO DA PRATA";"170000,00";"07/08/2026";"09:45:01"
"11/08/2026";"19:30:45";2026;2;"Eleição Ordinária";6259;"Eleições Gerais Estaduais 2026";"04/10/2026";"PA";"PA";"PARÁ";140002540452;2;45;"Aplicação de renda fixa (CDB, RDB e outros)";"RENDA FIXA";"1069,60";"07/08/2026";"09:45:01"
"11/08/2026";"19:30:45";2026;2;"Eleição Ordinária";6259;"Eleições Gerais Estaduais 2026";"04/10/2026";"PA";"PA";"PARÁ";140002540452;5;11;"Apartamento";"LOCALIZADO EM BELEM";"150000,00";"07/08/2026";"09:45:01"
"11/08/2026";"19:30:45";2026;2;"Eleição Ordinária";6259;"Eleições Gerais Estaduais 2026";"04/10/2026";"PA";"PA";"PARÁ";140002540452;6;11;"Apartamento";"LOCALIZADO EM BELEM PA";"74377,02";"07/08/2026";"09:45:01"
"11/08/2026";"19:30:45";2026;2;"Eleição Ordinária";6259;"Eleições Gerais Estaduais 2026";"04/10/2026";"PA";"PA";"PARÁ";140002540452;7;45;"Aplicação de renda fixa (CDB, RDB e outros)";"SALDO EM CARTAO PRE PAGO";"11,23";"07/08/2026";"09:45:01"
"11/08/2026";"19:30:45";2026;2;"Eleição Ordinária";6259;"Eleições Gerais Estaduais 2026";"04/10/2026";"PA";"PA";"PARÁ";140002540452;9;12;"Casa";"LOCALIZADO SALINOPOLIS";"92000,00";"07/08/2026";"09:45:01"
"11/08/2026";"19:30:45";2026;2;"Eleição Ordinária";6259;"Eleições Gerais Estaduais 2026";"04/10/2026";"PA";"PA";"PARÁ";140002540452;8;32;"Quotas ou quinhões de capital";"AGROPECUARIA RIACHO DA PRATA COMÉRCIO DE BOVINOS";"594000,00";"07/08/2026";"09:45:01"
"11/08/2026";"19:30:45";2026;2;"Eleição Ordinária";6259;"Eleições Gerais Estaduais 2026";"04/10/2026";"PA";"PA";"PARÁ";140002540452;10;21;"Veículo automotor terrestre: caminhão, automóvel, moto, etc.";"HAVAL H9";"339000,00";"07/08/2026";"09:45:01"
"11/08/2026";"19:30:45";2026;2;"Eleição Ordinária";6259;"Eleições Gerais Estaduais 2026";"04/10/2026";"PA";"PA";"PARÁ";140002540453;2;54;"Poupança para construção ou aquisição de bem imóvel";"BRADESCO";"13444,92";"07/08/2026";"09:45:03"
"11/08/2026";"19:30:45";2026;2;"Eleição Ordinária";6259;"Eleições Gerais Estaduais 2026";"04/10/2026";"PA";"PA";"PARÁ";140002540453;3;97;"VGBL - Vida Gerador de Benefício Livre";"VGBL BANCO DO BRASIL";"266278,25";"07/08/2026";"09:45:03"
"11/08/2026";"19:30:45";2026;2;"Eleição Ordinária";6259;"Eleições Gerais Estaduais 2026";"04/10/2026";"PA";"PA";"PARÁ";140002540453;1;99;"OUTROS BENS E DIREITOS";"TITULO DE CAPTALIZAÇÃO BRADESCO";"3694,69";"07/08/2026";"09:45:03"
"11/08/2026";"19:30:45";2026;2;"Eleição Ordinária";6259;"Eleições Gerais Estaduais 2026";"04/10/2026";"PA";"PA";"PARÁ";140002540453;5;45;"Aplicação de renda fixa (CDB, RDB e outros)";"BRADESCO";"5810,34";"07/08/2026";"09:45:03"
"11/08/2026";"19:30:45";2026;2;"Eleição Ordinária";6259;"Eleições Gerais Estaduais 2026";"04/10/2026";"PA";"PA";"PARÁ";140002540453;6;45;"Aplicação de renda fixa (CDB, RDB e outros)";"RENDA FIXA BB";"3188,50";"07/08/2026";"09:45:03"
"11/08/2026";"19:30:45";2026;2;"Eleição Ordinária";6259;"Eleições Gerais Estaduais 2026";"04/10/2026";"PA";"PA";"PARÁ";140002540453;4;13;"Terreno";"PROPRIEDADE RURAL EM VISEU PA";"50000,00";"07/08/2026";"09:45:03"
"11/08/2026";"19:30:45";2026;2;"Eleição Ordinária";6259;"Eleições Gerais Estaduais 2026";"04/10/2026";"PA";"PA";"PARÁ";140002540453;8;13;"Terreno";"NO MUNICIPIO DE ANANINDEUA-PA";"500000,00";"07/08/2026";"09:45:03"
"11/08/2026";"19:30:45";2026;2;"Eleição Ordinária";6259;"Eleições Gerais Estaduais 2026";"04/10/2026";"PA";"PA";"PARÁ";140002540453;9;21;"Veículo automotor terrestre: caminhão, automóvel, moto, etc.";"KOMBI";"10000,00";"07/08/2026";"09:45:03"
"11/08/2026";"19:30:45";2026;2;"Eleição Ordinária";6259;"Eleições Gerais Estaduais 2026";"04/10/2026";"PA";"PA";"PARÁ";140002540453;7;21;"Veículo automotor terrestre: caminhão, automóvel, moto, etc.";"KIMBI A GASOLINA";"35000,00";"07/08/2026";"09:45:03"
"11/08/2026";"19:30:45";2026;2;"Eleição Ordinária";6259;"Eleições Gerais Estaduais 2026";"04/10/2026";"PA";"PA";"PARÁ";140002540453;10;22;"Aeronave";"NEIVA ND - ANO 1984";"300000,00";"07/08/2026";"09:45:03"
"11/08/2026";"19:30:45";2026;2;"Eleição Ordinária";6259;"Eleições Gerais Estaduais 2026";"04/10/2026";"PA";"PA";"PARÁ";140002540453;11;45;"Aplicação de renda fixa (CDB, RDB e outros)";"RENDA FIXA";"14228,44";"07/08/2026";"09:45:03"
"11/08/2026";"19:30:45";2026;2;"Eleição Ordinária";6259;"Eleições Gerais Estaduais 2026";"04/10/2026";"PA";"PA";"PARÁ";140002540453;12;61;"Depósito bancário em conta corrente no País";"BANCO DO BRASIL ESTILO";"32215,62";"07/08/2026";"09:45:03"
"11/08/2026";"19:30:45";2026;2;"Eleição Ordinária";6259;"Eleições Gerais Estaduais 2026";"04/10/2026";"PA";"PA";"PARÁ";140002540454;2;2;"Prédio comercial";"PREDIO COMERCIAL";"1200000,00";"10/08/2026";"10:47:23"
"11/08/2026";"19:30:45";2026;2;"Eleição Ordinária";6259;"Eleições Gerais Estaduais 2026";"04/10/2026";"PA";"PA";"PARÁ";140002540454;1;45;"Aplicação de renda fixa (CDB, RDB e outros)";"SALDO EM APLICAÇÃO FINANCEIRA";"3157,92";"10/08/2026";"10:47:23"
"11/08/2026";"19:30:45";2026;2;"Eleição Ordinária";6259;"Eleições Gerais Estaduais 2026";"04/10/2026";"PA";"PA";"PARÁ";140002540453;13;13;"Terreno";"EM ANANINDEUA PA";"550000,00";"07/08/2026";"09:45:03"
"11/08/2026";"19:30:45";2026;2;"Eleição Ordinária";6259;"Eleições Gerais Estaduais 2026";"04/10/2026";"PA";"PA";"PARÁ";140002540454;5;95;"Consórcio não contemplado";"CONSORCIO NÃO CONTEMPLADO";"5362,19";"10/08/2026";"10:47:23"
"11/08/2026";"19:30:45";2026;2;"Eleição Ordinária";6259;"Eleições Gerais Estaduais 2026";"04/10/2026";"PA";"PA";"PARÁ";140002540454;4;45;"Aplicação de renda fixa (CDB, RDB e outros)";"SALDO EM APLICAÇÃO FINANCEIRA";"100000,00";"10/08/2026";"10:47:23"
"11/08/2026";"19:30:45";2026;2;"Eleição Ordinária";6259;"Eleições Gerais Estaduais 2026";"04/10/2026";"PA";"PA";"PARÁ";140002540454;3;13;"Terreno";"TERRENO";"800000,00";"10/08/2026";"10:47:23"
"11/08/2026";"19:30:45";2026;2;"Eleição Ordinária";6259;"Eleições Gerais Estaduais 2026";"04/10/2026";"PA";"PA";"PARÁ";140002540454;6;12;"Casa";"CASA";"1528200,00";"10/08/2026";"10:47:23"
"11/08/2026";"19:30:45";2026;2;"Eleição Ordinária";6259;"Eleições Gerais Estaduais 2026";"04/10/2026";"PA";"PA";"PARÁ";140002540454;8;45;"Aplicação de renda fixa (CDB, RDB e outros)";"SALDO EM APLICAÇÃO";"40000,00";"10/08/2026";"10:47:23"
"11/08/2026";"19:30:45";2026;2;"Eleição Ordinária";6259;"Eleições Gerais Estaduais 2026";"04/10/2026";"PA";"PA";"PARÁ";140002540454;7;13;"Terreno";"TERRENO";"600000,00";"10/08/2026";"10:47:23"
"11/08/2026";"19:30:45";2026;2;"Eleição Ordinária";6259;"Eleições Gerais Estaduais 2026";"04/10/2026";"PA";"PA";"PARÁ";140002540454;11;63;"Dinheiro em espécie - moeda nacional";"DINHEIRO EM ESPECIE";"200000,00";"10/08/2026";"10:47:23"
"11/08/2026";"19:30:45";2026;2;"Eleição Ordinária";6259;"Eleições Gerais Estaduais 2026";"04/10/2026";"PA";"PA";"PARÁ";140002540454;10;97;"VGBL - Vida Gerador de Benefício Livre";"VGBL";"5187,56";"10/08/2026";"10:47:23"
"11/08/2026";"19:30:45";2026;2;"Eleição Ordinária";6259;"Eleições Gerais Estaduais 2026";"04/10/2026";"PA";"PA";"PARÁ";140002540454;9;61;"Depósito bancário em conta corrente no País";"SALDO EM CONTA CORRENTE";"18310,47";"10/08/2026";"10:47:23"
"11/08/2026";"19:30:45";2026;2;"Eleição Ordinária";6259;"Eleições Gerais Estaduais 2026";"04/10/2026";"PA";"PA";"PARÁ";140002540454;12;2;"Prédio comercial";"PREDIO COMERCIAL";"1520000,00";"10/08/2026";"10:47:23"
"11/08/2026";"19:30:45";2026;2;"Eleição Ordinária";6259;"Eleições Gerais Estaduais 2026";"04/10/2026";"PA";"PA";"PARÁ";140002540455;1;45;"Aplicação de renda fixa (CDB, RDB e outros)";"RENDA FIXA - CAIXA EACONOMICA";"1800000,00";"11/08/2026";"19:28:58"
"11/08/2026";"19:30:45";2026;2;"Eleição Ordinária";6259;"Eleições Gerais Estaduais 2026";"04/10/2026";"PA";"PA";"PARÁ";140002540455;2;13;"Terreno";"EM MOSQUEIRO, BELEM PA";"8333,33";"11/08/2026";"19:28:58"
"11/08/2026";"19:30:45";2026;2;"Eleição Ordinária";6259;"Eleições Gerais Estaduais 2026";"04/10/2026";"PA";"PA";"PARÁ";140002540455;4;12;"Casa";"AV. ARTHUR BERNARDES";"450000,00";"11/08/2026";"19:28:58"
"11/08/2026";"19:30:45";2026;2;"Eleição Ordinária";6259;"Eleições Gerais Estaduais 2026";"04/10/2026";"PA";"PA";"PARÁ";140002540455;5;45;"Aplicação de renda fixa (CDB, RDB e outros)";"BANCO BANPARA";"48246,95";"11/08/2026";"19:28:58"
"11/08/2026";"19:30:45";2026;2;"Eleição Ordinária";6259;"Eleições Gerais Estaduais 2026";"04/10/2026";"PA";"PA";"PARÁ";140002540455;3;45;"Aplicação de renda fixa (CDB, RDB e outros)";"LCI E LCA - CAIXA ECONOMICA";"36924000,00";"11/08/2026";"19:28:58"
"11/08/2026";"19:30:45";2026;2;"Eleição Ordinária";6259;"Eleições Gerais Estaduais 2026";"04/10/2026";"PA";"PA";"PARÁ";140002540455;8;11;"Apartamento";"ED. ARTE CRISTAL TORRE 1";"225000,00";"11/08/2026";"19:28:58"
"11/08/2026";"19:30:45";2026;2;"Eleição Ordinária";6259;"Eleições Gerais Estaduais 2026";"04/10/2026";"PA";"PA";"PARÁ";140002540455;7;61;"Depósito bancário em conta corrente no País";"CONTA CORRENTE";"871578,88";"11/08/2026";"19:28:58"
"11/08/2026";"19:30:45";2026;2;"Eleição Ordinária";6259;"Eleições Gerais Estaduais 2026";"04/10/2026";"PA";"PA";"PARÁ";140002540455;6;99;"OUTROS BENS E DIREITOS";"RELOGIO PATEK PHILIPPE";"549000,00";"11/08/2026";"19:28:58"
"11/08/2026";"19:30:45";2026;2;"Eleição Ordinária";6259;"Eleições Gerais Estaduais 2026";"04/10/2026";"PA";"PA";"PARÁ";140002540456;1;45;"Aplicação de renda fixa (CDB, RDB e outros)";"CDB ¿ BANCO BRADESCO S.A.";"1554344,85";"07/08/2026";"09:45:02"
"11/08/2026";"19:30:45";2026;2;"Eleição Ordinária";6259;"Eleições Gerais Estaduais 2026";"04/10/2026";"PA";"PA";"PARÁ";140002540455;10;45;"Aplicação de renda fixa (CDB, RDB e outros)";"LCI E LCA - BANCO DO ESTADO DO PARA";"30000000,00";"11/08/2026";"19:28:58"
"11/08/2026";"19:30:45";2026;2;"Eleição Ordinária";6259;"Eleições Gerais Estaduais 2026";"04/10/2026";"PA";"PA";"PARÁ";140002540455;9;21;"Veículo automotor terrestre: caminhão, automóvel, moto, etc.";"TOYOTA HILUX";"340000,00";"11/08/2026";"19:28:58"
"11/08/2026";"19:30:45";2026;2;"Eleição Ordinária";6259;"Eleições Gerais Estaduais 2026";"04/10/2026";"PA";"PA";"PARÁ";140002540456;3;49;"Outras aplicações e Investimentos";"PREVIDÊNCIA PRIVADA ¿ ITAÚ VIDA E PREVIDÊNCIA S.A. (VGBL)";"78764,08";"07/08/2026";"09:45:02"
"11/08/2026";"19:30:45";2026;2;"Eleição Ordinária";6259;"Eleições Gerais Estaduais 2026";"04/10/2026";"PA";"PA";"PARÁ";140002540456;4;41;"Caderneta de poupança";"POUPANÇA ¿ CAIXA ECONÔMICA FEDERAL";"28933,12";"07/08/2026";"09:45:02"
"11/08/2026";"19:30:45";2026;2;"Eleição Ordinária";6259;"Eleições Gerais Estaduais 2026";"04/10/2026";"PA";"PA";"PARÁ";140002540456;2;21;"Veículo automotor terrestre: caminhão, automóvel, moto, etc.";"5 TRATORES AGRÍCOLAS E DEMAIS IMPLEMENTOS RURAIS";"1388066,57";"07/08/2026";"09:45:02"
"11/08/2026";"19:30:45";2026;2;"Eleição Ordinária";6259;"Eleições Gerais Estaduais 2026";"04/10/2026";"PA";"PA";"PARÁ";140002540456;6;1;"Prédio residencial";"IMÓVEL RESIDENCIAL CRISTALVILLE";"1019425,55";"07/08/2026";"09:45:02"
"11/08/2026";"19:30:45";2026;2;"Eleição Ordinária";6259;"Eleições Gerais Estaduais 2026";"04/10/2026";"PA";"PA";"PARÁ";140002540456;7;32;"Quotas ou quinhões de capital";"QUOTAS DO CAPITAL SOCIAL DA JLB HOLDING PARTICIPAÇÕES LTDA";"1309000,00";"07/08/2026";"09:45:02"
"11/08/2026";"19:30:45";2026;2;"Eleição Ordinária";6259;"Eleições Gerais Estaduais 2026";"04/10/2026";"PA";"PA";"PARÁ";140002540456;5;32;"Quotas ou quinhões de capital";"QUOTAS DO CAPITAL SOCIAL DA REDE BRASIL AMAZÔNIA DE TELEVISÃO LTDA";"375000,00";"07/08/2026";"09:45:02"
"11/08/2026";"19:30:45";2026;2;"Eleição Ordinária";6259;"Eleições Gerais Estaduais 2026";"04/10/2026";"PA";"PA";"PARÁ";140002540456;9;32;"Quotas ou quinhões de capital";"QUOTAS DO CAPITAL SOCIAL DA ITELCOM INFORMAÇÕES E TELECOMUNICAÇÕES LTDA";"6000,00";"07/08/2026";"09:45:02"
"11/08/2026";"19:30:45";2026;2;"Eleição Ordinária";6259;"Eleições Gerais Estaduais 2026";"04/10/2026";"PA";"PA";"PARÁ";140002540456;10;32;"Quotas ou quinhões de capital";"QUOTAS DO CAPITAL SOCIAL DA DIÁRIOS DO PARÁ LTDA";"240000,00";"07/08/2026";"09:45:02"
"11/08/2026";"19:30:45";2026;2;"Eleição Ordinária";6259;"Eleições Gerais Estaduais 2026";"04/10/2026";"PA";"PA";"PARÁ";140002540456;8;19;"Outros bens imóveis";"IMÓVEL RURAL EM AURORA DO PARÁ/PA";"4000007,00";"07/08/2026";"09:45:02"
"11/08/2026";"19:30:45";2026;2;"Eleição Ordinária";6259;"Eleições Gerais Estaduais 2026";"04/10/2026";"PA";"PA";"PARÁ";140002540456;11;41;"Caderneta de poupança";"CONTA POUPANÇA ¿ ITAÚ UNIBANCO S.A.";"15082,12";"07/08/2026";"09:45:02"
"11/08/2026";"19:30:45";2026;2;"Eleição Ordinária";6259;"Eleições Gerais Estaduais 2026";"04/10/2026";"PA";"PA";"PARÁ";140002540456;12;61;"Depósito bancário em conta corrente no País";"CONTA CORRENTE ¿ ITAÚ UNIBANCO S.A.";"10,00";"07/08/2026";"09:45:02"
"11/08/2026";"19:30:45";2026;2;"Eleição Ordinária";6259;"Eleições Gerais Estaduais 2026";"04/10/2026";"PA";"PA";"PARÁ";140002540456;13;99;"OUTROS BENS E DIREITOS";"REBANHO ¿ 3.960 RESES (BOVINOS E BUFALINOS)";"7920000,00";"07/08/2026";"09:45:02"
"11/08/2026";"19:30:45";2026;2;"Eleição Ordinária";6259;"Eleições Gerais Estaduais 2026";"04/10/2026";"PA";"PA";"PARÁ";140002540456;16;32;"Quotas ou quinhões de capital";"QUOTAS DO CAPITAL SOCIAL DA SISTEMA CLUBE DO PARÁ DE COMUNICAÇÃO LTDA";"75000,00";"07/08/2026";"09:45:02"
"11/08/2026";"19:30:45";2026;2;"Eleição Ordinária";6259;"Eleições Gerais Estaduais 2026";"04/10/2026";"PA";"PA";"PARÁ";140002540456;14;45;"Aplicação de renda fixa (CDB, RDB e outros)";"APLICAÇÃO FINANCEIRA ¿ ITAÚ UNIBANCO S.A.";"12317,63";"07/08/2026";"09:45:02"
"11/08/2026";"19:30:45";2026;2;"Eleição Ordinária";6259;"Eleições Gerais Estaduais 2026";"04/10/2026";"PA";"PA";"PARÁ";140002540456;15;13;"Terreno";"FRAÇÃO DE TERRENO EM SALINÓPOLIS/PA";"350000,00";"07/08/2026";"09:45:02"
"11/08/2026";"19:30:45";2026;2;"Eleição Ordinária";6259;"Eleições Gerais Estaduais 2026";"04/10/2026";"PA";"PA";"PARÁ";140002540456;19;49;"Outras aplicações e Investimentos";"APLICAÇÃO FINANCEIRA ¿ TREND INB FIC FIRF SIMPLES XP";"499,94";"07/08/2026";"09:45:02"
"11/08/2026";"19:30:45";2026;2;"Eleição Ordinária";6259;"Eleições Gerais Estaduais 2026";"04/10/2026";"PA";"PA";"PARÁ";140002540456;17;61;"Depósito bancário em conta corrente no País";"CONTA CORRENTE DE LIVRE MOVIMENTAÇÃO ¿ CAIXA ECONÔMICA FEDERAL";"55,84";"07/08/2026";"09:45:02"
"11/08/2026";"19:30:45";2026;2;"Eleição Ordinária";6259;"Eleições Gerais Estaduais 2026";"04/10/2026";"PA";"PA";"PARÁ";140002540456;18;21;"Veículo automotor terrestre: caminhão, automóvel, moto, etc.";"VEÍCULO CHEVROLET MONTANA LT";"119192,00";"07/08/2026";"09:45:02"
"11/08/2026";"19:30:45";2026;2;"Eleição Ordinária";6259;"Eleições Gerais Estaduais 2026";"04/10/2026";"PA";"PA";"PARÁ";140002540456;21;49;"Outras aplicações e Investimentos";"APLICAÇÃO FINANCEIRA ¿ ITAÚ RF DIFERENCIADO CP FIFCIC RL";"124377,02";"07/08/2026";"09:45:02"
"11/08/2026";"19:30:45";2026;2;"Eleição Ordinária";6259;"Eleições Gerais Estaduais 2026";"04/10/2026";"PA";"PA";"PARÁ";140002540456;20;49;"Outras aplicações e Investimentos";"APLICAÇÃO FINANCEIRA ¿ TÍVIO INSTITUCIONAL RENDA FIXA CRÉDITO PRIVADO FIF";"128696,18";"07/08/2026";"09:45:02"
"11/08/2026";"19:30:45";2026;2;"Eleição Ordinária";6259;"Eleições Gerais Estaduais 2026";"04/10/2026";"PA";"PA";"PARÁ";140002540456;22;32;"Quotas ou quinhões de capital";"QUOTAS DO CAPITAL SOCIAL DA SNC ¿ SISTEMA NORTE DE COMUNICAÇÃO LTDA";"12500,00";"07/08/2026";"09:45:02"
"11/08/2026";"19:30:45";2026;2;"Eleição Ordinária";6259;"Eleições Gerais Estaduais 2026";"04/10/2026";"PA";"PA";"PARÁ";140002540456;24;49;"Outras aplicações e Investimentos";"APLICAÇÃO FINANCEIRA ¿ ITAÚ DEBÊNTURES INCENTIVADAS CDI FIFCIC RL";"10000,00";"07/08/2026";"09:45:02"
"11/08/2026";"19:30:45";2026;2;"Eleição Ordinária";6259;"Eleições Gerais Estaduais 2026";"04/10/2026";"PA";"PA";"PARÁ";140002540456;23;32;"Quotas ou quinhões de capital";"PARTICIPAÇÃO DE 50% DO CAPITAL SOCIAL DA DOL INTERMEDIAÇÃO DE NEGÓCIOS E PORTAL DE INTERNET LTDA";"300000,00";"07/08/2026";"09:45:02"
"11/08/2026";"19:30:45";2026;2;"Eleição Ordinária";6259;"Eleições Gerais Estaduais 2026";"04/10/2026";"PA";"PA";"PARÁ";140002540456;25;32;"Quotas ou quinhões de capital";"QUOTAS DO CAPITAL SOCIAL DA RÁDIO CLUBE DO PARÁ PRC-5 LTDA";"112200,00";"07/08/2026";"09:45:02"
"11/08/2026";"19:30:45";2026;2;"Eleição Ordinária";6259;"Eleições Gerais Estaduais 2026";"04/10/2026";"PA";"PA";"PARÁ";140002540456;28;32;"Quotas ou quinhões de capital";"QUOTAS DO CAPITAL SOCIAL DA TELECOMP TELECOMUNICAÇÕES E SERVIÇOS LTDA";"7500,00";"07/08/2026";"09:45:02"
"11/08/2026";"19:30:45";2026;2;"Eleição Ordinária";6259;"Eleições Gerais Estaduais 2026";"04/10/2026";"PA";"PA";"PARÁ";140002540456;26;32;"Quotas ou quinhões de capital";"QUOTAS DO CAPITAL SOCIAL DA BELÉM RADIODIFUSÃO LTDA";"50000,00";"07/08/2026";"09:45:02"
"11/08/2026";"19:30:45";2026;2;"Eleição Ordinária";6259;"Eleições Gerais Estaduais 2026";"04/10/2026";"PA";"PA";"PARÁ";140002540456;27;32;"Quotas ou quinhões de capital";"QUOTAS DO CAPITAL SOCIAL DA RÁDIO CABANO LTDA (95% DO CAPITAL SOCIAL)";"95000,00";"07/08/2026";"09:45:02"
"11/08/2026";"19:30:45";2026;2;"Eleição Ordinária";6259;"Eleições Gerais Estaduais 2026";"04/10/2026";"PA";"PA";"PARÁ";140002540456;31;49;"Outras aplicações e Investimentos";"CONTA CORRENTE ¿ BANCO XP S.A.";"212,75";"07/08/2026";"09:45:02"
"11/08/2026";"19:30:45";2026;2;"Eleição Ordinária";6259;"Eleições Gerais Estaduais 2026";"04/10/2026";"PA";"PA";"PARÁ";140002540456;29;49;"Outras aplicações e Investimentos";"PARTICIPAÇÃO SOCIETÁRIA ¿ SOCIEDADE DESPORTIVA PARAENSE";"17600,00";"07/08/2026";"09:45:02"
"11/08/2026";"19:30:45";2026;2;"Eleição Ordinária";6259;"Eleições Gerais Estaduais 2026";"04/10/2026";"PA";"PA";"PARÁ";140002540456;30;41;"Caderneta de poupança";"CONTA POUPANÇA ¿ CAIXA ECONÔMICA FEDERAL";"249,74";"07/08/2026";"09:45:02"
"11/08/2026";"19:30:45";2026;2;"Eleição Ordinária";6259;"Eleições Gerais Estaduais 2026";"04/10/2026";"PA";"PA";"PARÁ";140002540456;32;49;"Outras aplicações e Investimentos";"APLICAÇÃO FINANCEIRA ¿ ITAÚ PRIVILEGE RF REFERENCIADO DI FIFCIC RL";"151514,42";"07/08/2026";"09:45:02"
"11/08/2026";"19:30:45";2026;2;"Eleição Ordinária";6259;"Eleições Gerais Estaduais 2026";"04/10/2026";"PA";"PA";"PARÁ";140002540457;2;13;"Terreno";"TERRENO";"80000,00";"07/08/2026";"09:44:59"
"11/08/2026";"19:30:45";2026;2;"Eleição Ordinária";6259;"Eleições Gerais Estaduais 2026";"04/10/2026";"PA";"PA";"PARÁ";140002540457;1;21;"Veículo automotor terrestre: caminhão, automóvel, moto, etc.";"CARRO";"250000,00";"07/08/2026";"09:44:59"
"11/08/2026";"19:30:45";2026;2;"Eleição Ordinária";6259;"Eleições Gerais Estaduais 2026";"04/10/2026";"PA";"PA";"PARÁ";140002540457;5;13;"Terreno";"TERRENO";"150000,00";"07/08/2026";"09:44:59"
"11/08/2026";"19:30:45";2026;2;"Eleição Ordinária";6259;"Eleições Gerais Estaduais 2026";"04/10/2026";"PA";"PA";"PARÁ";140002540457;4;13;"Terreno";"TERRENO";"90000,00";"07/08/2026";"09:44:59"
"11/08/2026";"19:30:45";2026;2;"Eleição Ordinária";6259;"Eleições Gerais Estaduais 2026";"04/10/2026";"PA";"PA";"PARÁ";140002540457;3;21;"Veículo automotor terrestre: caminhão, automóvel, moto, etc.";"CARRO";"140000,00";"07/08/2026";"09:44:59"
"11/08/2026";"19:30:45";2026;2;"Eleição Ordinária";6259;"Eleições Gerais Estaduais 2026";"04/10/2026";"PA";"PA";"PARÁ";140002540457;7;15;"Sala ou conjunto";"SALA COMERCIAL";"250000,00";"07/08/2026";"09:44:59"
"11/08/2026";"19:30:45";2026;2;"Eleição Ordinária";6259;"Eleições Gerais Estaduais 2026";"04/10/2026";"PA";"PA";"PARÁ";140002540457;8;13;"Terreno";"TERRENO";"80000,00";"07/08/2026";"09:44:59"
"11/08/2026";"19:30:45";2026;2;"Eleição Ordinária";6259;"Eleições Gerais Estaduais 2026";"04/10/2026";"PA";"PA";"PARÁ";140002540457;6;13;"Terreno";"TERRENO";"90000,00";"07/08/2026";"09:44:59"
"11/08/2026";"19:30:45";2026;2;"Eleição Ordinária";6259;"Eleições Gerais Estaduais 2026";"04/10/2026";"PA";"PA";"PARÁ";140002540458;1;61;"Depósito bancário em conta corrente no País";"BANCO DO BRASIL";"4349,57";"07/08/2026";"09:45:00"
"11/08/2026";"19:30:45";2026;2;"Eleição Ordinária";6259;"Eleições Gerais Estaduais 2026";"04/10/2026";"PA";"PA";"PARÁ";140002540457;9;19;"Outros bens imóveis";"CHÁCARA";"600000,00";"07/08/2026";"09:44:59"
"11/08/2026";"19:30:45";2026;2;"Eleição Ordinária";6259;"Eleições Gerais Estaduais 2026";"04/10/2026";"PA";"PA";"PARÁ";140002540457;10;21;"Veículo automotor terrestre: caminhão, automóvel, moto, etc.";"CARRO";"130000,00";"07/08/2026";"09:44:59"
"11/08/2026";"19:30:45";2026;2;"Eleição Ordinária";6259;"Eleições Gerais Estaduais 2026";"04/10/2026";"PA";"PA";"PARÁ";140002540458;2;54;"Poupança para construção ou aquisição de bem imóvel";"BANCO DO BRASIL";"85,90";"07/08/2026";"09:45:00"
"11/08/2026";"19:30:45";2026;2;"Eleição Ordinária";6259;"Eleições Gerais Estaduais 2026";"04/10/2026";"PA";"PA";"PARÁ";140002540458;3;45;"Aplicação de renda fixa (CDB, RDB e outros)";"XP INVESTIMENTOS";"49745,80";"07/08/2026";"09:45:00"
"11/08/2026";"19:30:45";2026;2;"Eleição Ordinária";6259;"Eleições Gerais Estaduais 2026";"04/10/2026";"PA";"PA";"PARÁ";140002540458;4;45;"Aplicação de renda fixa (CDB, RDB e outros)";"XP INVESTIMENTOS";"2431,01";"07/08/2026";"09:45:00"
"11/08/2026";"19:30:45";2026;2;"Eleição Ordinária";6259;"Eleições Gerais Estaduais 2026";"04/10/2026";"PA";"PA";"PARÁ";140002540461;1;12;"Casa";"EM CONDOMINIO EM SALINOPOLIS";"400000,00";"07/08/2026";"09:44:58"
"11/08/2026";"19:30:45";2026;2;"Eleição Ordinária";6259;"Eleições Gerais Estaduais 2026";"04/10/2026";"PA";"PA";"PARÁ";140002540460;1;32;"Quotas ou quinhões de capital";"HOLDING PATRIMONIAL ELMEIDA E BARROS LTDA";"250000,00";"07/08/2026";"09:44:56"
"11/08/2026";"19:30:45";2026;2;"Eleição Ordinária";6259;"Eleições Gerais Estaduais 2026";"04/10/2026";"PA";"PA";"PARÁ";140002540461;2;32;"Quotas ou quinhões de capital";"TITULAR DE EMPRESA INDIVIDUAL DE RESPONSABILIDADE LIMITADA";"440200,00";"07/08/2026";"09:44:58"
"11/08/2026";"19:30:45";2026;2;"Eleição Ordinária";6259;"Eleições Gerais Estaduais 2026";"04/10/2026";"PA";"PA";"PARÁ";140002540461;5;32;"Quotas ou quinhões de capital";"QUOTA DE CAPITAL";"40800,00";"07/08/2026";"09:44:58"
"11/08/2026";"19:30:45";2026;2;"Eleição Ordinária";6259;"Eleições Gerais Estaduais 2026";"04/10/2026";"PA";"PA";"PARÁ";140002540461;4;61;"Depósito bancário em conta corrente no País";"CONTA CORRENTE E APLICAÇÃO";"13000,00";"07/08/2026";"09:44:58"
"11/08/2026";"19:30:45";2026;2;"Eleição Ordinária";6259;"Eleições Gerais Estaduais 2026";"04/10/2026";"PA";"PA";"PARÁ";140002540461;3;21;"Veículo automotor terrestre: caminhão, automóvel, moto, etc.";"VEICULO TERRESTRE";"500000,00";"07/08/2026";"09:44:58"
"11/08/2026";"19:30:45";2026;2;"Eleição Ordinária";6259;"Eleições Gerais Estaduais 2026";"04/10/2026";"PA";"PA";"PARÁ";140002540461;7;11;"Apartamento";"NA CIDADE DE BELEM";"1631740,26";"07/08/2026";"09:44:58"
"11/08/2026";"19:30:45";2026;2;"Eleição Ordinária";6259;"Eleições Gerais Estaduais 2026";"04/10/2026";"PA";"PA";"PARÁ";140002540461;6;99;"OUTROS BENS E DIREITOS";"VAGA DE GARAGEM EM EDIFICIL RESIDENCIAL";"17076,65";"07/08/2026";"09:44:58"
"11/08/2026";"19:30:45";2026;2;"Eleição Ordinária";6259;"Eleições Gerais Estaduais 2026";"04/10/2026";"PA";"PA";"PARÁ";140002540461;8;13;"Terreno";"EM CONDOMINIO EM MARITUBA";"225000,00";"07/08/2026";"09:44:58"
"11/08/2026";"19:30:45";2026;2;"Eleição Ordinária";6259;"Eleições Gerais Estaduais 2026";"04/10/2026";"PA";"PA";"PARÁ";140002540462;1;13;"Terreno";"UM TERRENO SEM EDIFICAÇÃO À MARGEM DIREITA DA PA-150";"1150000,00";"10/08/2026";"10:10:46"
"11/08/2026";"19:30:45";2026;2;"Eleição Ordinária";6259;"Eleições Gerais Estaduais 2026";"04/10/2026";"PA";"PA";"PARÁ";140002540462;2;13;"Terreno";"LOTE NA RODOVIA ALÇA VIÁRIA KM 04 MARGEM DIREITA";"150000,00";"10/08/2026";"10:10:46"
"11/08/2026";"19:30:45";2026;2;"Eleição Ordinária";6259;"Eleições Gerais Estaduais 2026";"04/10/2026";"PA";"PA";"PARÁ";140002540462;3;13;"Terreno";"TERRENO ÀS MARGENS DA ROD-316 KM11";"730000,00";"10/08/2026";"10:10:46"
"11/08/2026";"19:30:45";2026;2;"Eleição Ordinária";6259;"Eleições Gerais Estaduais 2026";"04/10/2026";"PA";"PA";"PARÁ";140002540463;1;11;"Apartamento";"APTO";"490000,00";"11/08/2026";"18:26:44"
"11/08/2026";"19:30:45";2026;2;"Eleição Ordinária";6259;"Eleições Gerais Estaduais 2026";"04/10/2026";"PA";"PA";"PARÁ";140002540463;2;32;"Quotas ou quinhões de capital";"100% COTAS DO CAPITAL SOCIAL LCI  EIRELI - EPP";"68000,00";"11/08/2026";"18:26:44"
"11/08/2026";"19:30:45";2026;2;"Eleição Ordinária";6259;"Eleições Gerais Estaduais 2026";"04/10/2026";"PA";"PA";"PARÁ";140002540462;4;13;"Terreno";"FAZENDA NA ROD. PA 124, KM 01, OURÉM";"200000,00";"10/08/2026";"10:10:46"
"11/08/2026";"19:30:45";2026;2;"Eleição Ordinária";6259;"Eleições Gerais Estaduais 2026";"04/10/2026";"PA";"PA";"PARÁ";140002540463;3;11;"Apartamento";"APTO";"100000,00";"11/08/2026";"18:26:44"
"11/08/2026";"19:30:45";2026;2;"Eleição Ordinária";6259;"Eleições Gerais Estaduais 2026";"04/10/2026";"PA";"PA";"PARÁ";140002540465;2;12;"Casa";"CASA ANANINDEUA /PARÁ";"789972,21";"07/08/2026";"10:30:24"
"11/08/2026";"19:30:45";2026;2;"Eleição Ordinária";6259;"Eleições Gerais Estaduais 2026";"04/10/2026";"PA";"PA";"PARÁ";140002540465;1;21;"Veículo automotor terrestre: caminhão, automóvel, moto, etc.";"SUV";"380000,00";"07/08/2026";"10:30:24"
"11/08/2026";"19:30:45";2026;2;"Eleição Ordinária";6259;"Eleições Gerais Estaduais 2026";"04/10/2026";"PA";"PA";"PARÁ";140002540465;3;12;"Casa";"CASA SALINOPOLIS/PA";"94347,13";"07/08/2026";"10:30:24"
"11/08/2026";"19:30:45";2026;2;"Eleição Ordinária";6259;"Eleições Gerais Estaduais 2026";"04/10/2026";"PA";"PA";"PARÁ";140002540465;4;12;"Casa";"SITIO ANANINDEUA/PA";"487732,06";"07/08/2026";"10:30:24"
"11/08/2026";"19:30:45";2026;2;"Eleição Ordinária";6259;"Eleições Gerais Estaduais 2026";"04/10/2026";"PA";"PA";"PARÁ";140002540466;1;13;"Terreno";"FAZENDA SITIO CHACARA";"100000,00";"07/08/2026";"11:43:41"
"11/08/2026";"19:30:45";2026;2;"Eleição Ordinária";6259;"Eleições Gerais Estaduais 2026";"04/10/2026";"PA";"PA";"PARÁ";140002540466;2;12;"Casa";"UM IMOVEL URBANO FINANCIADO EM ALTAMIRA PARÁ";"38370,00";"07/08/2026";"11:43:41"
"11/08/2026";"19:30:45";2026;2;"Eleição Ordinária";6259;"Eleições Gerais Estaduais 2026";"04/10/2026";"PA";"PA";"PARÁ";140002540466;4;12;"Casa";"UM IMOVEL URBANO FINANCIADO EM ALTAMIRA PARÁ";"33092,00";"07/08/2026";"11:43:41"
"11/08/2026";"19:30:45";2026;2;"Eleição Ordinária";6259;"Eleições Gerais Estaduais 2026";"04/10/2026";"PA";"PA";"PARÁ";140002540466;3;13;"Terreno";"UM TERRENO EM ALTAMIRA/PA";"55845,72";"07/08/2026";"11:43:41"
"11/08/2026";"19:30:45";2026;2;"Eleição Ordinária";6259;"Eleições Gerais Estaduais 2026";"04/10/2026";"PA";"PA";"PARÁ";140002540466;6;32;"Quotas ou quinhões de capital";"100% DAS QUOTAS DE CAPITAL SOCIAL EM EMPRESA";"4500000,00";"07/08/2026";"11:43:41"
"11/08/2026";"19:30:45";2026;2;"Eleição Ordinária";6259;"Eleições Gerais Estaduais 2026";"04/10/2026";"PA";"PA";"PARÁ";140002540466;5;32;"Quotas ou quinhões de capital";"100% QUOTAS DE CAPITAL SOCIAL EM EMPRESA";"250000,00";"07/08/2026";"11:43:41"
"11/08/2026";"19:30:45";2026;2;"Eleição Ordinária";6259;"Eleições Gerais Estaduais 2026";"04/10/2026";"PA";"PA";"PARÁ";140002540466;7;13;"Terreno";"UM TERRENO EM ALTAMIRA/PA";"33323,75";"07/08/2026";"11:43:41"
"11/08/2026";"19:30:45";2026;2;"Eleição Ordinária";6259;"Eleições Gerais Estaduais 2026";"04/10/2026";"PA";"PA";"PARÁ";140002540467;2;31;"Ações (inclusive as provenientes de linha telefônica)";"AÇÕES GOLDMAN SACHS";"45192,18";"11/08/2026";"16:29:29"
"11/08/2026";"19:30:45";2026;2;"Eleição Ordinária";6259;"Eleições Gerais Estaduais 2026";"04/10/2026";"PA";"PA";"PARÁ";140002540466;8;12;"Casa";"UM IMOVEL URBANO FINANCIADO EM ALTAMIRA PARÁ";"32680,00";"07/08/2026";"11:43:41"
"11/08/2026";"19:30:45";2026;2;"Eleição Ordinária";6259;"Eleições Gerais Estaduais 2026";"04/10/2026";"PA";"PA";"PARÁ";140002540467;1;41;"Caderneta de poupança";"POUPANÇA CAIXA ECONOMICA FEDERAL";"35000,00";"11/08/2026";"16:29:29"
"11/08/2026";"19:30:45";2026;2;"Eleição Ordinária";6259;"Eleições Gerais Estaduais 2026";"04/10/2026";"PA";"PA";"PARÁ";140002540467;5;49;"Outras aplicações e Investimentos";"DEB PRE ENAT23";"150000,00";"11/08/2026";"16:29:29"
"11/08/2026";"19:30:45";2026;2;"Eleição Ordinária";6259;"Eleições Gerais Estaduais 2026";"04/10/2026";"PA";"PA";"PARÁ";140002540467;3;45;"Aplicação de renda fixa (CDB, RDB e outros)";"CDB/RDB";"450000,00";"11/08/2026";"16:29:29"
"11/08/2026";"19:30:45";2026;2;"Eleição Ordinária";6259;"Eleições Gerais Estaduais 2026";"04/10/2026";"PA";"PA";"PARÁ";140002540467;4;13;"Terreno";"LOTE RESIDENCIAL NO MUNICIPIO DE PARAUAPEBAS";"58342,15";"11/08/2026";"16:29:29"
"11/08/2026";"19:30:45";2026;2;"Eleição Ordinária";6259;"Eleições Gerais Estaduais 2026";"04/10/2026";"PA";"PA";"PARÁ";140002540467;6;49;"Outras aplicações e Investimentos";"DEB FLU U ENAT13";"150000,00";"11/08/2026";"16:29:29"
"11/08/2026";"19:30:45";2026;2;"Eleição Ordinária";6259;"Eleições Gerais Estaduais 2026";"04/10/2026";"PA";"PA";"PARÁ";140002540467;7;31;"Ações (inclusive as provenientes de linha telefônica)";"MINERVA LUXEMBURGO";"49481,10";"11/08/2026";"16:29:29"
"11/08/2026";"19:30:45";2026;2;"Eleição Ordinária";6259;"Eleições Gerais Estaduais 2026";"04/10/2026";"PA";"PA";"PARÁ";140002540467;8;31;"Ações (inclusive as provenientes de linha telefônica)";"BROADCOM INC SR";"42887,22";"11/08/2026";"16:29:29"
"11/08/2026";"19:30:45";2026;2;"Eleição Ordinária";6259;"Eleições Gerais Estaduais 2026";"04/10/2026";"PA";"PA";"PARÁ";140002540467;11;49;"Outras aplicações e Investimentos";"APLICAÇÃO RENDA FIXA CDB";"77725,67";"11/08/2026";"16:29:29"
"11/08/2026";"19:30:45";2026;2;"Eleição Ordinária";6259;"Eleições Gerais Estaduais 2026";"04/10/2026";"PA";"PA";"PARÁ";140002540467;10;31;"Ações (inclusive as provenientes de linha telefônica)";"MOVIDA EUROPE S";"40127,12";"11/08/2026";"16:29:29"
"11/08/2026";"19:30:45";2026;2;"Eleição Ordinária";6259;"Eleições Gerais Estaduais 2026";"04/10/2026";"PA";"PA";"PARÁ";140002540467;9;45;"Aplicação de renda fixa (CDB, RDB e outros)";"BB CDB RENDE FACIL";"86942,66";"11/08/2026";"16:29:29"
"11/08/2026";"19:30:45";2026;2;"Eleição Ordinária";6259;"Eleições Gerais Estaduais 2026";"04/10/2026";"PA";"PA";"PARÁ";140002540467;13;32;"Quotas ou quinhões de capital";"80% DE COTAS MVS DOS SANTOS E CIA - CNPJ 16854146/0001-34";"162000,00";"11/08/2026";"16:29:29"
"11/08/2026";"19:30:45";2026;2;"Eleição Ordinária";6259;"Eleições Gerais Estaduais 2026";"04/10/2026";"PA";"PA";"PARÁ";140002540467;12;13;"Terreno";"LOTE RESIDENCIAL NO MUNICIPIO DE PARAUAPEBAS";"100000,00";"11/08/2026";"16:29:29"
"11/08/2026";"19:30:45";2026;2;"Eleição Ordinária";6259;"Eleições Gerais Estaduais 2026";"04/10/2026";"PA";"PA";"PARÁ";140002540467;14;21;"Veículo automotor terrestre: caminhão, automóvel, moto, etc.";"VEICULO TOYOTA HILUX";"415000,00";"11/08/2026";"16:29:29"
"11/08/2026";"19:30:45";2026;2;"Eleição Ordinária";6259;"Eleições Gerais Estaduais 2026";"04/10/2026";"PA";"PA";"PARÁ";140002540467;15;49;"Outras aplicações e Investimentos";"AGORA CORRETORA DE TIT E VALORES IMOBILIARIOS SA";"400000,00";"11/08/2026";"16:29:29"
"11/08/2026";"19:30:45";2026;2;"Eleição Ordinária";6259;"Eleições Gerais Estaduais 2026";"04/10/2026";"PA";"PA";"PARÁ";140002540467;17;31;"Ações (inclusive as provenientes de linha telefônica)";"ECOPETROL S A";"42566,29";"11/08/2026";"16:29:29"
"11/08/2026";"19:30:45";2026;2;"Eleição Ordinária";6259;"Eleições Gerais Estaduais 2026";"04/10/2026";"PA";"PA";"PARÁ";140002540467;16;13;"Terreno";"LOTE RESIDENCIAL NO MUNICIPIO DE PARAUAPEBAS";"135000,00";"11/08/2026";"16:29:29"
"11/08/2026";"19:30:45";2026;2;"Eleição Ordinária";6259;"Eleições Gerais Estaduais 2026";"04/10/2026";"PA";"PA";"PARÁ";140002540468;2;32;"Quotas ou quinhões de capital";"PARTICIPAÇÃO SOCIETÁRIA NA EMPRESA";"100000,00";"11/08/2026";"17:50:40"
"11/08/2026";"19:30:45";2026;2;"Eleição Ordinária";6259;"Eleições Gerais Estaduais 2026";"04/10/2026";"PA";"PA";"PARÁ";140002540468;3;32;"Quotas ou quinhões de capital";"PARTICIPAÇÃO SOCIETÁRIA NA EMPRESA";"5000,00";"11/08/2026";"17:50:40"
"11/08/2026";"19:30:45";2026;2;"Eleição Ordinária";6259;"Eleições Gerais Estaduais 2026";"04/10/2026";"PA";"PA";"PARÁ";140002540468;1;99;"OUTROS BENS E DIREITOS";"APARELHO VSCAN ECÓGRAFO COM DOPPLER COLORIDO (EQUIPAMENTO MÉDICO)";"18000,00";"11/08/2026";"17:50:40"
"11/08/2026";"19:30:45";2026;2;"Eleição Ordinária";6259;"Eleições Gerais Estaduais 2026";"04/10/2026";"PA";"PA";"PARÁ";140002540469;1;11;"Apartamento";"APARTAMENTO RESIDENCIAL";"231145,24";"07/08/2026";"10:30:33"
"11/08/2026";"19:30:45";2026;2;"Eleição Ordinária";6259;"Eleições Gerais Estaduais 2026";"04/10/2026";"PA";"PA";"PARÁ";140002540468;4;21;"Veículo automotor terrestre: caminhão, automóvel, moto, etc.";"VEÍCULO JEEP RENEGADE SPT T270 (2023/2024)";"112000,00";"11/08/2026";"17:50:40"
"11/08/2026";"19:30:45";2026;2;"Eleição Ordinária";6259;"Eleições Gerais Estaduais 2026";"04/10/2026";"PA";"PA";"PARÁ";140002540469;2;39;"Outras participações societárias";"PARTICIPAÇÃO SOCIETARIA NA EMPRESA VINDE A MIM SERVICES LTDA";"38000,00";"07/08/2026";"10:30:33"
"11/08/2026";"19:30:45";2026;2;"Eleição Ordinária";6259;"Eleições Gerais Estaduais 2026";"04/10/2026";"PA";"PA";"PARÁ";140002540469;4;21;"Veículo automotor terrestre: caminhão, automóvel, moto, etc.";"VEICULO HYUNDAI HB20";"43522,56";"07/08/2026";"10:30:33"
"11/08/2026";"19:30:45";2026;2;"Eleição Ordinária";6259;"Eleições Gerais Estaduais 2026";"04/10/2026";"PA";"PA";"PARÁ";140002540469;3;41;"Caderneta de poupança";"SALDO EM CONTA POUPANÇA";"38,87";"07/08/2026";"10:30:33"
"11/08/2026";"19:30:45";2026;2;"Eleição Ordinária";6259;"Eleições Gerais Estaduais 2026";"04/10/2026";"PA";"PA";"PARÁ";140002540470;1;12;"Casa";"CASA LOCALIZADA NO MUNICIPIO DE SANTAREM";"254000,00";"07/08/2026";"10:30:21"
"11/08/2026";"19:30:45";2026;2;"Eleição Ordinária";6259;"Eleições Gerais Estaduais 2026";"04/10/2026";"PA";"PA";"PARÁ";140002540470;2;21;"Veículo automotor terrestre: caminhão, automóvel, moto, etc.";"VEICULO JEEP WRANGLER";"140000,00";"07/08/2026";"10:30:21"
"11/08/2026";"19:30:45";2026;2;"Eleição Ordinária";6259;"Eleições Gerais Estaduais 2026";"04/10/2026";"PA";"PA";"PARÁ";140002540470;4;59;"Outros créditos e poupança vinculados";"CREDITO BANCO DO BRASIL";"45189,20";"07/08/2026";"10:30:21"
"11/08/2026";"19:30:45";2026;2;"Eleição Ordinária";6259;"Eleições Gerais Estaduais 2026";"04/10/2026";"PA";"PA";"PARÁ";140002540470;3;59;"Outros créditos e poupança vinculados";"CREDITO CAIXA ECONOMICA";"209,15";"07/08/2026";"10:30:21"
"11/08/2026";"19:30:45";2026;2;"Eleição Ordinária";6259;"Eleições Gerais Estaduais 2026";"04/10/2026";"PA";"PA";"PARÁ";140002540470;7;49;"Outras aplicações e Investimentos";"APLICAÇÃO BRASILPREV";"40194,32";"07/08/2026";"10:30:21"
"11/08/2026";"19:30:45";2026;2;"Eleição Ordinária";6259;"Eleições Gerais Estaduais 2026";"04/10/2026";"PA";"PA";"PARÁ";140002540470;5;21;"Veículo automotor terrestre: caminhão, automóvel, moto, etc.";"AUTOMOVEL AMAROK 4X4";"84817,67";"07/08/2026";"10:30:21"
"11/08/2026";"19:30:45";2026;2;"Eleição Ordinária";6259;"Eleições Gerais Estaduais 2026";"04/10/2026";"PA";"PA";"PARÁ";140002540470;6;21;"Veículo automotor terrestre: caminhão, automóvel, moto, etc.";"VEICULO TOYOTA/CROSS/XRX,";"213000,00";"07/08/2026";"10:30:21"
"11/08/2026";"19:30:45";2026;2;"Eleição Ordinária";6259;"Eleições Gerais Estaduais 2026";"04/10/2026";"PA";"PA";"PARÁ";140002540470;10;49;"Outras aplicações e Investimentos";"APLICAÇÃO BRASILPREV";"41872,85";"07/08/2026";"10:30:21"
"11/08/2026";"19:30:45";2026;2;"Eleição Ordinária";6259;"Eleições Gerais Estaduais 2026";"04/10/2026";"PA";"PA";"PARÁ";140002540470;8;49;"Outras aplicações e Investimentos";"APLICAÇÃO";"45189,20";"07/08/2026";"10:30:21"
"11/08/2026";"19:30:45";2026;2;"Eleição Ordinária";6259;"Eleições Gerais Estaduais 2026";"04/10/2026";"PA";"PA";"PARÁ";140002540470;9;12;"Casa";"CASA RESIDENCIAL LOCALIZADA NO MUNICIPIO DE SANTAREM";"358400,00";"07/08/2026";"10:30:21"
"11/08/2026";"19:30:45";2026;2;"Eleição Ordinária";6259;"Eleições Gerais Estaduais 2026";"04/10/2026";"PA";"PA";"PARÁ";140002540471;1;12;"Casa";"IMÓVEL EM BELEM";"980000,00";"11/08/2026";"11:22:04"
"11/08/2026";"19:30:45";2026;2;"Eleição Ordinária";6259;"Eleições Gerais Estaduais 2026";"04/10/2026";"PA";"PA";"PARÁ";140002540473;1;12;"Casa";"UMA CASA LOCALIZADA EM FLORESTA DO ARAGUAIA - PA";"100000,00";"07/08/2026";"10:30:19"
"11/08/2026";"19:30:45";2026;2;"Eleição Ordinária";6259;"Eleições Gerais Estaduais 2026";"04/10/2026";"PA";"PA";"PARÁ";140002540475;1;12;"Casa";"CASA FINANCIADA";"200000,00";"07/08/2026";"10:30:25"
"11/08/2026";"19:30:45";2026;2;"Eleição Ordinária";6259;"Eleições Gerais Estaduais 2026";"04/10/2026";"PA";"PA";"PARÁ";140002540475;3;21;"Veículo automotor terrestre: caminhão, automóvel, moto, etc.";"CARRO POPULAR";"90000,00";"07/08/2026";"10:30:25"
"11/08/2026";"19:30:45";2026;2;"Eleição Ordinária";6259;"Eleições Gerais Estaduais 2026";"04/10/2026";"PA";"PA";"PARÁ";140002540476;1;32;"Quotas ou quinhões de capital";"QUOTAS CAPITAL DE EMPRESA";"400000,00";"07/08/2026";"10:30:23"
"11/08/2026";"19:30:45";2026;2;"Eleição Ordinária";6259;"Eleições Gerais Estaduais 2026";"04/10/2026";"PA";"PA";"PARÁ";140002540475;2;13;"Terreno";"TERRENO COM CONSTRUÇÃO";"300000,00";"07/08/2026";"10:30:25"
"11/08/2026";"19:30:45";2026;2;"Eleição Ordinária";6259;"Eleições Gerais Estaduais 2026";"04/10/2026";"PA";"PA";"PARÁ";140002540476;2;32;"Quotas ou quinhões de capital";"QUOTAS CAPITAL DE EMPRESA";"50000,00";"07/08/2026";"10:30:23"
"11/08/2026";"19:30:45";2026;2;"Eleição Ordinária";6259;"Eleições Gerais Estaduais 2026";"04/10/2026";"PA";"PA";"PARÁ";140002540476;3;32;"Quotas ou quinhões de capital";"QUOTAS CAPITAL DE EMPRES";"1500000,00";"07/08/2026";"10:30:23"
"11/08/2026";"19:30:45";2026;2;"Eleição Ordinária";6259;"Eleições Gerais Estaduais 2026";"04/10/2026";"PA";"PA";"PARÁ";140002540476;4;99;"OUTROS BENS E DIREITOS";"BANCO DO BRASIL";"1460,05";"07/08/2026";"10:30:23"
"11/08/2026";"19:30:45";2026;2;"Eleição Ordinária";6259;"Eleições Gerais Estaduais 2026";"04/10/2026";"PA";"PA";"PARÁ";140002540614;2;12;"Casa";"IMÓVEL RESIDENCIAL, BELÉM/PA";"580000,00";"07/08/2026";"10:06:13"
"11/08/2026";"19:30:45";2026;2;"Eleição Ordinária";6259;"Eleições Gerais Estaduais 2026";"04/10/2026";"PA";"PA";"PARÁ";140002540476;5;63;"Dinheiro em espécie - moeda nacional";"VALOR EM ESPECIE";"200000,00";"07/08/2026";"10:30:23"
"11/08/2026";"19:30:45";2026;2;"Eleição Ordinária";6259;"Eleições Gerais Estaduais 2026";"04/10/2026";"PA";"PA";"PARÁ";140002540614;1;32;"Quotas ou quinhões de capital";"QUOTA IMOBILIÁRIA, SALINÓPOLIS/PA";"42000,00";"07/08/2026";"10:06:13"
"11/08/2026";"19:30:45";2026;2;"Eleição Ordinária";6259;"Eleições Gerais Estaduais 2026";"04/10/2026";"PA";"PA";"PARÁ";140002540615;1;12;"Casa";"IMOVÉL RESIDENCIAL, ANANINDEUA/PA";"1300000,00";"07/08/2026";"10:06:07"
"11/08/2026";"19:30:45";2026;2;"Eleição Ordinária";6259;"Eleições Gerais Estaduais 2026";"04/10/2026";"PA";"PA";"PARÁ";140002540615;3;61;"Depósito bancário em conta corrente no País";"REDIMENTO BANCO BRADESCO";"95386,98";"07/08/2026";"10:06:07"
"11/08/2026";"19:30:45";2026;2;"Eleição Ordinária";6259;"Eleições Gerais Estaduais 2026";"04/10/2026";"PA";"PA";"PARÁ";140002540615;2;13;"Terreno";"10 LOTES, ANANINDEUA/PA";"900000,00";"07/08/2026";"10:06:07"
"11/08/2026";"19:30:45";2026;2;"Eleição Ordinária";6259;"Eleições Gerais Estaduais 2026";"04/10/2026";"PA";"PA";"PARÁ";140002540615;5;12;"Casa";"IMÓVEL RESIDENCIAL, ANANINDEUA/PA";"1800000,00";"07/08/2026";"10:06:07"
"11/08/2026";"19:30:45";2026;2;"Eleição Ordinária";6259;"Eleições Gerais Estaduais 2026";"04/10/2026";"PA";"PA";"PARÁ";140002540615;6;32;"Quotas ou quinhões de capital";"EMPRESA PLENUS GESTÃO   ASSESSORIA LTDA";"50000,00";"07/08/2026";"10:06:07"
"11/08/2026";"19:30:45";2026;2;"Eleição Ordinária";6259;"Eleições Gerais Estaduais 2026";"04/10/2026";"PA";"PA";"PARÁ";140002540615;4;61;"Depósito bancário em conta corrente no País";"RENDIMENTO BANCO DO BRASIL";"12328,00";"07/08/2026";"10:06:07"
"11/08/2026";"19:30:45";2026;2;"Eleição Ordinária";6259;"Eleições Gerais Estaduais 2026";"04/10/2026";"PA";"PA";"PARÁ";140002540616;2;12;"Casa";"IMOVEL URBANO, MARABA/PA";"100000,00";"07/08/2026";"10:06:20"
"11/08/2026";"19:30:45";2026;2;"Eleição Ordinária";6259;"Eleições Gerais Estaduais 2026";"04/10/2026";"PA";"PA";"PARÁ";140002540616;1;41;"Caderneta de poupança";"SALDO DE POUPANÇA JUNTO A CAIXA ECONOMICA FEDERAL";"535870,92";"07/08/2026";"10:06:20"
"11/08/2026";"19:30:45";2026;2;"Eleição Ordinária";6259;"Eleições Gerais Estaduais 2026";"04/10/2026";"PA";"PA";"PARÁ";140002540616;3;45;"Aplicação de renda fixa (CDB, RDB e outros)";"APLICAÇÃO DE RENDA FIXA CFB JUNTO AO BANCO SANTANDER";"4033,05";"07/08/2026";"10:06:20"
"11/08/2026";"19:30:45";2026;2;"Eleição Ordinária";6259;"Eleições Gerais Estaduais 2026";"04/10/2026";"PA";"PA";"PARÁ";140002540616;5;45;"Aplicação de renda fixa (CDB, RDB e outros)";"RENDA FIXA OUROCAP MENSAL JUNTO AO BANCO DO BRASIL";"5177,71";"07/08/2026";"10:06:20"
"11/08/2026";"19:30:45";2026;2;"Eleição Ordinária";6259;"Eleições Gerais Estaduais 2026";"04/10/2026";"PA";"PA";"PARÁ";140002540616;4;97;"VGBL - Vida Gerador de Benefício Livre";"SALDO EM VGBL JUNTO A CAIXA VIDA E PREVIDENCIAA S/A";"1639713,72";"07/08/2026";"10:06:20"
"11/08/2026";"19:30:45";2026;2;"Eleição Ordinária";6259;"Eleições Gerais Estaduais 2026";"04/10/2026";"PA";"PA";"PARÁ";140002540616;6;21;"Veículo automotor terrestre: caminhão, automóvel, moto, etc.";"AUTOMOVEL TOYOTA HILUX";"430000,00";"07/08/2026";"10:06:20"
"11/08/2026";"19:30:45";2026;2;"Eleição Ordinária";6259;"Eleições Gerais Estaduais 2026";"04/10/2026";"PA";"PA";"PARÁ";140002540618;2;79;"Outros fundos";"CRÉDITO A RECEBER";"225792,68";"07/08/2026";"10:06:21"
"11/08/2026";"19:30:45";2026;2;"Eleição Ordinária";6259;"Eleições Gerais Estaduais 2026";"04/10/2026";"PA";"PA";"PARÁ";140002540616;7;45;"Aplicação de renda fixa (CDB, RDB e outros)";"APLICAÇÃO DE RENDA FIXA RENDE FACIL JUNTO AO BANCO DO BRASIL";"36212,76";"07/08/2026";"10:06:20"
"11/08/2026";"19:30:45";2026;2;"Eleição Ordinária";6259;"Eleições Gerais Estaduais 2026";"04/10/2026";"PA";"PA";"PARÁ";140002540618;1;21;"Veículo automotor terrestre: caminhão, automóvel, moto, etc.";"VEÍCULOJEEP COMPAS LIMITED";"229990,00";"07/08/2026";"10:06:21"
"11/08/2026";"19:30:45";2026;2;"Eleição Ordinária";6259;"Eleições Gerais Estaduais 2026";"04/10/2026";"PA";"PA";"PARÁ";140002540619;1;63;"Dinheiro em espécie - moeda nacional";"DINHEIRO EM ESPÉCIE";"185000,00";"07/08/2026";"10:06:15"
"11/08/2026";"19:30:45";2026;2;"Eleição Ordinária";6259;"Eleições Gerais Estaduais 2026";"04/10/2026";"PA";"PA";"PARÁ";140002540618;3;11;"Apartamento";"APARTAMENTO BELÉM-PA";"1175462,98";"07/08/2026";"10:06:21"
"11/08/2026";"19:30:45";2026;2;"Eleição Ordinária";6259;"Eleições Gerais Estaduais 2026";"04/10/2026";"PA";"PA";"PARÁ";140002540618;4;49;"Outras aplicações e Investimentos";"APLICAÇÃO FINANCEIRA BANCO DO BRASIL S/A";"657884,79";"07/08/2026";"10:06:21"
"11/08/2026";"19:30:45";2026;2;"Eleição Ordinária";6259;"Eleições Gerais Estaduais 2026";"04/10/2026";"PA";"PA";"PARÁ";140002540619;2;41;"Caderneta de poupança";"DINHEIRO EM CONTA";"215000,00";"07/08/2026";"10:06:15"
"11/08/2026";"19:30:45";2026;2;"Eleição Ordinária";6259;"Eleições Gerais Estaduais 2026";"04/10/2026";"PA";"PA";"PARÁ";140002540619;4;19;"Outros bens imóveis";"IMOVEL COMÉRCIAL EM PARAUAPEBAS/PA";"1000000,00";"07/08/2026";"10:06:15"
"11/08/2026";"19:30:45";2026;2;"Eleição Ordinária";6259;"Eleições Gerais Estaduais 2026";"04/10/2026";"PA";"PA";"PARÁ";140002540619;3;19;"Outros bens imóveis";"IMOVEL COMÉRCIAL EM TAILÂNDIA/PA";"1500000,00";"07/08/2026";"10:06:15"
"11/08/2026";"19:30:45";2026;2;"Eleição Ordinária";6259;"Eleições Gerais Estaduais 2026";"04/10/2026";"PA";"PA";"PARÁ";140002540619;5;21;"Veículo automotor terrestre: caminhão, automóvel, moto, etc.";"VEÍCULO COROLA BLINDADO 2020";"220000,00";"07/08/2026";"10:06:15"
"11/08/2026";"19:30:45";2026;2;"Eleição Ordinária";6259;"Eleições Gerais Estaduais 2026";"04/10/2026";"PA";"PA";"PARÁ";140002540619;6;21;"Veículo automotor terrestre: caminhão, automóvel, moto, etc.";"VEÍCULO COROLA 2023";"135000,00";"07/08/2026";"10:06:15"
"11/08/2026";"19:30:45";2026;2;"Eleição Ordinária";6259;"Eleições Gerais Estaduais 2026";"04/10/2026";"PA";"PA";"PARÁ";140002540619;7;19;"Outros bens imóveis";"IMOVEL RESIDENCIAL EM TUCURUI/PA";"900000,00";"07/08/2026";"10:06:15"
"11/08/2026";"19:30:45";2026;2;"Eleição Ordinária";6259;"Eleições Gerais Estaduais 2026";"04/10/2026";"PA";"PA";"PARÁ";140002540619;8;21;"Veículo automotor terrestre: caminhão, automóvel, moto, etc.";"SW4 BLINDADO 2022";"490000,00";"07/08/2026";"10:06:15"
"11/08/2026";"19:30:45";2026;2;"Eleição Ordinária";6259;"Eleições Gerais Estaduais 2026";"04/10/2026";"PA";"PA";"PARÁ";140002540619;10;19;"Outros bens imóveis";"IMÓVEL RESIDENCIAL EM SALINAS/PA";"900000,00";"07/08/2026";"10:06:15"
"11/08/2026";"19:30:45";2026;2;"Eleição Ordinária";6259;"Eleições Gerais Estaduais 2026";"04/10/2026";"PA";"PA";"PARÁ";140002540619;9;13;"Terreno";"TERRENO COMÉRCIAL EM ACARÁ/PA";"500000,00";"07/08/2026";"10:06:15"
"11/08/2026";"19:30:45";2026;2;"Eleição Ordinária";6259;"Eleições Gerais Estaduais 2026";"04/10/2026";"PA";"PA";"PARÁ";140002540619;12;99;"OUTROS BENS E DIREITOS";"1.130 BOVINOS";"3430680,00";"07/08/2026";"10:06:15"
"11/08/2026";"19:30:45";2026;2;"Eleição Ordinária";6259;"Eleições Gerais Estaduais 2026";"04/10/2026";"PA";"PA";"PARÁ";140002540619;13;19;"Outros bens imóveis";"IMOVEL COMÉRCIAL EM TUCURUI/PA";"1800000,00";"07/08/2026";"10:06:15"
"11/08/2026";"19:30:45";2026;2;"Eleição Ordinária";6259;"Eleições Gerais Estaduais 2026";"04/10/2026";"PA";"PA";"PARÁ";140002540619;11;19;"Outros bens imóveis";"IMOVEL RESIDENCIAL EM BELÉM";"2100000,00";"07/08/2026";"10:06:15"
"11/08/2026";"19:30:45";2026;2;"Eleição Ordinária";6259;"Eleições Gerais Estaduais 2026";"04/10/2026";"PA";"PA";"PARÁ";140002540620;1;12;"Casa";"RESIDENCIAL, MOSQUEIRO/BELÉM";"25000,00";"07/08/2026";"10:06:00"
"11/08/2026";"19:30:45";2026;2;"Eleição Ordinária";6259;"Eleições Gerais Estaduais 2026";"04/10/2026";"PA";"PA";"PARÁ";140002540620;2;19;"Outros bens imóveis";"FAZENDA SÃO LOURENÇO";"107780,83";"07/08/2026";"10:06:00"
"11/08/2026";"19:30:45";2026;2;"Eleição Ordinária";6259;"Eleições Gerais Estaduais 2026";"04/10/2026";"PA";"PA";"PARÁ";140002540620;3;11;"Apartamento";"APT RESIDENCIAL BELÉM/PA";"742000,00";"07/08/2026";"10:06:00"
"11/08/2026";"19:30:45";2026;2;"Eleição Ordinária";6259;"Eleições Gerais Estaduais 2026";"04/10/2026";"PA";"PA";"PARÁ";140002540620;6;12;"Casa";"IMOVEL MOCAJUBA";"10000,00";"07/08/2026";"10:06:00"
"11/08/2026";"19:30:45";2026;2;"Eleição Ordinária";6259;"Eleições Gerais Estaduais 2026";"04/10/2026";"PA";"PA";"PARÁ";140002540620;4;19;"Outros bens imóveis";"SALA COMERCIAL";"120000,00";"07/08/2026";"10:06:00"
"11/08/2026";"19:30:45";2026;2;"Eleição Ordinária";6259;"Eleições Gerais Estaduais 2026";"04/10/2026";"PA";"PA";"PARÁ";140002540620;5;11;"Apartamento";"APT RESIDENCIAL BELÉM/PA";"355412,25";"07/08/2026";"10:06:00"
"11/08/2026";"19:30:45";2026;2;"Eleição Ordinária";6259;"Eleições Gerais Estaduais 2026";"04/10/2026";"PA";"PA";"PARÁ";140002540621;3;63;"Dinheiro em espécie - moeda nacional";"DINHEIRO EM ESPECIE";"35000,00";"07/08/2026";"10:06:07"
"11/08/2026";"19:30:45";2026;2;"Eleição Ordinária";6259;"Eleições Gerais Estaduais 2026";"04/10/2026";"PA";"PA";"PARÁ";140002540621;1;12;"Casa";"RESIDENCIAL OASIS";"655000,00";"07/08/2026";"10:06:07"
"11/08/2026";"19:30:45";2026;2;"Eleição Ordinária";6259;"Eleições Gerais Estaduais 2026";"04/10/2026";"PA";"PA";"PARÁ";140002540621;2;21;"Veículo automotor terrestre: caminhão, automóvel, moto, etc.";"BYD SONG PLUS";"655000,00";"07/08/2026";"10:06:07"
"11/08/2026";"19:30:45";2026;2;"Eleição Ordinária";6259;"Eleições Gerais Estaduais 2026";"04/10/2026";"PA";"PA";"PARÁ";140002540621;6;61;"Depósito bancário em conta corrente no País";"SALDO EM CONTA CORRENTE";"249990,00";"07/08/2026";"10:06:07"
"11/08/2026";"19:30:45";2026;2;"Eleição Ordinária";6259;"Eleições Gerais Estaduais 2026";"04/10/2026";"PA";"PA";"PARÁ";140002540621;5;11;"Apartamento";"RESIDENCIAL DENISE MELO BL A1 AP 104";"120000,00";"07/08/2026";"10:06:07"
"11/08/2026";"19:30:45";2026;2;"Eleição Ordinária";6259;"Eleições Gerais Estaduais 2026";"04/10/2026";"PA";"PA";"PARÁ";140002540621;4;11;"Apartamento";"RESIDENCIAL DENISE MELO BL B2 AP 108";"120000,00";"07/08/2026";"10:06:07"
"11/08/2026";"19:30:45";2026;2;"Eleição Ordinária";6259;"Eleições Gerais Estaduais 2026";"04/10/2026";"PA";"PA";"PARÁ";140002540622;3;61;"Depósito bancário em conta corrente no País";"SALDO EM CONTA CORRENTE";"12000,00";"07/08/2026";"10:06:12"
"11/08/2026";"19:30:45";2026;2;"Eleição Ordinária";6259;"Eleições Gerais Estaduais 2026";"04/10/2026";"PA";"PA";"PARÁ";140002540622;2;61;"Depósito bancário em conta corrente no País";"SALDO EM CONTA CORRENTE - SINCRED";"43052,49";"07/08/2026";"10:06:12"
"11/08/2026";"19:30:45";2026;2;"Eleição Ordinária";6259;"Eleições Gerais Estaduais 2026";"04/10/2026";"PA";"PA";"PARÁ";140002540622;1;21;"Veículo automotor terrestre: caminhão, automóvel, moto, etc.";"GWM HAVAL H9 EXC";"329000,00";"07/08/2026";"10:06:12"
"11/08/2026";"19:30:45";2026;2;"Eleição Ordinária";6259;"Eleições Gerais Estaduais 2026";"04/10/2026";"PA";"PA";"PARÁ";140002540623;1;99;"OUTROS BENS E DIREITOS";"SOCIO ADM DA EMPRESA CIET";"400000,00";"07/08/2026";"10:06:22"
"11/08/2026";"19:30:45";2026;2;"Eleição Ordinária";6259;"Eleições Gerais Estaduais 2026";"04/10/2026";"PA";"PA";"PARÁ";140002540623;3;99;"OUTROS BENS E DIREITOS";"SOCIO ADM DA EMPRESA ROCHA COMERCIO   ASSESORIA AGRICOLA LTDA";"400000,00";"07/08/2026";"10:06:22"
"11/08/2026";"19:30:45";2026;2;"Eleição Ordinária";6259;"Eleições Gerais Estaduais 2026";"04/10/2026";"PA";"PA";"PARÁ";140002540623;2;21;"Veículo automotor terrestre: caminhão, automóvel, moto, etc.";"VEICULO FIAT STRADA";"75257,00";"07/08/2026";"10:06:22"
"11/08/2026";"19:30:45";2026;2;"Eleição Ordinária";6259;"Eleições Gerais Estaduais 2026";"04/10/2026";"PA";"PA";"PARÁ";140002540624;1;21;"Veículo automotor terrestre: caminhão, automóvel, moto, etc.";"RETRO 4X4 TURBO";"217000,00";"07/08/2026";"10:05:59"
"11/08/2026";"19:30:45";2026;2;"Eleição Ordinária";6259;"Eleições Gerais Estaduais 2026";"04/10/2026";"PA";"PA";"PARÁ";140002540624;3;21;"Veículo automotor terrestre: caminhão, automóvel, moto, etc.";"TOYOTA HILLUX";"24500,00";"07/08/2026";"10:05:59"
"11/08/2026";"19:30:45";2026;2;"Eleição Ordinária";6259;"Eleições Gerais Estaduais 2026";"04/10/2026";"PA";"PA";"PARÁ";140002540624;2;13;"Terreno";"AREA DE TERRA - FAZENDA";"402000,00";"07/08/2026";"10:05:59"
"11/08/2026";"19:30:45";2026;2;"Eleição Ordinária";6259;"Eleições Gerais Estaduais 2026";"04/10/2026";"PA";"PA";"PARÁ";140002540624;5;45;"Aplicação de renda fixa (CDB, RDB e outros)";"CONTA BANCO DO BRASIL";"17176,26";"07/08/2026";"10:05:59"
"11/08/2026";"19:30:45";2026;2;"Eleição Ordinária";6259;"Eleições Gerais Estaduais 2026";"04/10/2026";"PA";"PA";"PARÁ";140002540624;6;19;"Outros bens imóveis";"IMOVEL RURAL";"50000,00";"07/08/2026";"10:05:59"
"11/08/2026";"19:30:45";2026;2;"Eleição Ordinária";6259;"Eleições Gerais Estaduais 2026";"04/10/2026";"PA";"PA";"PARÁ";140002540624;4;13;"Terreno";"REPLANTIO - CAPIM E MANUNTENÇÃO";"105000,00";"07/08/2026";"10:05:59"
"11/08/2026";"19:30:45";2026;2;"Eleição Ordinária";6259;"Eleições Gerais Estaduais 2026";"04/10/2026";"PA";"PA";"PARÁ";140002540625;2;45;"Aplicação de renda fixa (CDB, RDB e outros)";"XP INVESTIMENTO­TESOURO DIRETO";"826425,70";"07/08/2026";"10:06:19"
"11/08/2026";"19:30:45";2026;2;"Eleição Ordinária";6259;"Eleições Gerais Estaduais 2026";"04/10/2026";"PA";"PA";"PARÁ";140002540624;7;21;"Veículo automotor terrestre: caminhão, automóvel, moto, etc.";"CHEV/TRACKER";"103600,00";"07/08/2026";"10:05:59"
"11/08/2026";"19:30:45";2026;2;"Eleição Ordinária";6259;"Eleições Gerais Estaduais 2026";"04/10/2026";"PA";"PA";"PARÁ";140002540625;1;21;"Veículo automotor terrestre: caminhão, automóvel, moto, etc.";"FIAT UNO VIVACE 1.0 A DQUIRIDO EM 2016..";"21000,00";"07/08/2026";"10:06:19"
"11/08/2026";"19:30:45";2026;2;"Eleição Ordinária";6259;"Eleições Gerais Estaduais 2026";"04/10/2026";"PA";"PA";"PARÁ";140002540627;1;12;"Casa";"IMOVEL";"200000,00";"07/08/2026";"10:06:18"
"11/08/2026";"19:30:45";2026;2;"Eleição Ordinária";6259;"Eleições Gerais Estaduais 2026";"04/10/2026";"PA";"PA";"PARÁ";140002540627;2;21;"Veículo automotor terrestre: caminhão, automóvel, moto, etc.";"BYD SONG PRO";"180000,00";"07/08/2026";"10:06:18"
"11/08/2026";"19:30:45";2026;2;"Eleição Ordinária";6259;"Eleições Gerais Estaduais 2026";"04/10/2026";"PA";"PA";"PARÁ";140002540626;1;11;"Apartamento";"APARTAMENTO 1303";"238931,79";"07/08/2026";"10:06:19"
"11/08/2026";"19:30:45";2026;2;"Eleição Ordinária";6259;"Eleições Gerais Estaduais 2026";"04/10/2026";"PA";"PA";"PARÁ";140002540628;2;41;"Caderneta de poupança";"CADERNETA DE POUPANÇA BANCO DO BRASIL S/A";"40243,53";"07/08/2026";"10:06:08"
"11/08/2026";"19:30:45";2026;2;"Eleição Ordinária";6259;"Eleições Gerais Estaduais 2026";"04/10/2026";"PA";"PA";"PARÁ";140002540627;3;19;"Outros bens imóveis";"ARENA POLIESPORTIVA";"300000,00";"07/08/2026";"10:06:18"
"11/08/2026";"19:30:45";2026;2;"Eleição Ordinária";6259;"Eleições Gerais Estaduais 2026";"04/10/2026";"PA";"PA";"PARÁ";140002540628;1;11;"Apartamento";"APARTAMENTO, BELÉM/PA";"311757,14";"07/08/2026";"10:06:08"
"11/08/2026";"19:30:45";2026;2;"Eleição Ordinária";6259;"Eleições Gerais Estaduais 2026";"04/10/2026";"PA";"PA";"PARÁ";140002540628;3;61;"Depósito bancário em conta corrente no País";"DEPOSITO BANCO DO BRASIL S.A";"17098,86";"07/08/2026";"10:06:08"
"11/08/2026";"19:30:45";2026;2;"Eleição Ordinária";6259;"Eleições Gerais Estaduais 2026";"04/10/2026";"PA";"PA";"PARÁ";140002540629;1;21;"Veículo automotor terrestre: caminhão, automóvel, moto, etc.";"MOTOCICLETA HOLD CB250";"18400,00";"07/08/2026";"10:06:10"
"11/08/2026";"19:30:45";2026;2;"Eleição Ordinária";6259;"Eleições Gerais Estaduais 2026";"04/10/2026";"PA";"PA";"PARÁ";140002540628;4;11;"Apartamento";"APARTAMENTO, BELÉM/PA";"592997,50";"07/08/2026";"10:06:08"
"11/08/2026";"19:30:45";2026;2;"Eleição Ordinária";6259;"Eleições Gerais Estaduais 2026";"04/10/2026";"PA";"PA";"PARÁ";140002540630;2;21;"Veículo automotor terrestre: caminhão, automóvel, moto, etc.";"MITSUBISHI ECLIPSE 24-25";"200000,00";"07/08/2026";"10:05:58"
"11/08/2026";"19:30:45";2026;2;"Eleição Ordinária";6259;"Eleições Gerais Estaduais 2026";"04/10/2026";"PA";"PA";"PARÁ";140002540629;2;13;"Terreno";"MEDINDO 30X60";"15000,00";"07/08/2026";"10:06:10"
"11/08/2026";"19:30:45";2026;2;"Eleição Ordinária";6259;"Eleições Gerais Estaduais 2026";"04/10/2026";"PA";"PA";"PARÁ";140002540630;1;19;"Outros bens imóveis";"APARTAMENTO";"400000,00";"07/08/2026";"10:05:58"
"11/08/2026";"19:30:45";2026;2;"Eleição Ordinária";6259;"Eleições Gerais Estaduais 2026";"04/10/2026";"PA";"PA";"PARÁ";140002540869;1;21;"Veículo automotor terrestre: caminhão, automóvel, moto, etc.";"UM CAMIONETE MMC/TRITON SPORT HPE S CHASSI NO 93XTYKL1TSCR82688 PLACA SSK1F45 ANO 2024 E MODELO 2025 NUMERO DO CRV 244046108827 COR BEGE";"140000,00";"07/08/2026";"14:23:32"
"11/08/2026";"19:30:45";2026;2;"Eleição Ordinária";6259;"Eleições Gerais Estaduais 2026";"04/10/2026";"PA";"PA";"PARÁ";140002540869;3;21;"Veículo automotor terrestre: caminhão, automóvel, moto, etc.";"I/TOYOTA HILUX SWSRXA4FD";"250000,00";"07/08/2026";"14:23:32"
"11/08/2026";"19:30:45";2026;2;"Eleição Ordinária";6259;"Eleições Gerais Estaduais 2026";"04/10/2026";"PA";"PA";"PARÁ";140002540869;2;63;"Dinheiro em espécie - moeda nacional";"DINHEIRO EM ESPÉCIE";"90000,00";"07/08/2026";"14:23:32"
"11/08/2026";"19:30:45";2026;2;"Eleição Ordinária";6259;"Eleições Gerais Estaduais 2026";"04/10/2026";"PA";"PA";"PARÁ";140002540869;4;12;"Casa";"UMA CASA RESIDENCIAL CONSTRUIDA EM ALVENARIA, LOCALIZADA NO LOTEAMENTO JARDIM AMERICA, MEDINDO 130(CENTRO E TRINTA) M2, QUADRA 19 LOTE 09 - TERRENO 10X25(DUZENTOS E CINQUENTA) M2";"400000,00";"07/08/2026";"14:23:32"
"11/08/2026";"19:30:45";2026;2;"Eleição Ordinária";6259;"Eleições Gerais Estaduais 2026";"04/10/2026";"PA";"PA";"PARÁ";140002540871;2;19;"Outros bens imóveis";"COTA PARDE DE 50% IMOVEL RESIDENCIAL URBANO ADQUIRIDO VIA FINANCIAMENTO EM DEZ/21 REALIZADA JUNTO A CONSTRUTORA VILLAGE EIRELLE";"1100000,00";"07/08/2026";"14:23:32"
"11/08/2026";"19:30:45";2026;2;"Eleição Ordinária";6259;"Eleições Gerais Estaduais 2026";"04/10/2026";"PA";"PA";"PARÁ";140002540871;1;13;"Terreno";"COMPRA E VENDA DE TERRENO/FRACAO-ADQUIRIDO DE CPF 269.169.401-15 E OUTROS EM 18/10/2024 PARTICIPACAO 100%-INFORMADO POR CNPJ 31.251.048/0001-04";"10000,00";"07/08/2026";"14:23:32"
"11/08/2026";"19:30:45";2026;2;"Eleição Ordinária";6259;"Eleições Gerais Estaduais 2026";"04/10/2026";"PA";"PA";"PARÁ";140002540872;1;11;"Apartamento";"IMOVEL RESIDENCIAL: 01 (UM) APARTAMENTO LOCALIZADO NO QUARTO PAVIMENTO, BLOCO 14, APTO 404, INTEGRANTE DA RESIDENCIAL INDEPENDENCIA, SITUADO NA PASSAGEM COIMBRA, NO 22";"54789,59";"07/08/2026";"14:23:32"
"11/08/2026";"19:30:45";2026;2;"Eleição Ordinária";6259;"Eleições Gerais Estaduais 2026";"04/10/2026";"PA";"PA";"PARÁ";140002540872;2;11;"Apartamento";"APARTAMENTO LOCALIZADO NO PAVIMENTO TERREO, BLOCO 10, APTO 104, INTEGRANTE DA RESIDENCIAL INDEPENDENCIA";"100000,00";"07/08/2026";"14:23:32"
"11/08/2026";"19:30:45";2026;2;"Eleição Ordinária";6259;"Eleições Gerais Estaduais 2026";"04/10/2026";"PA";"PA";"PARÁ";140002540871;3;19;"Outros bens imóveis";"IMOVEL URBANO COMERCIAL LOCALIZADO NA CIDADE DE MARABA-PA SITO A RODOVIA TRANSAMAZONICA";"100000,00";"07/08/2026";"14:23:32"
"11/08/2026";"19:30:45";2026;2;"Eleição Ordinária";6259;"Eleições Gerais Estaduais 2026";"04/10/2026";"PA";"PA";"PARÁ";140002540872;3;21;"Veículo automotor terrestre: caminhão, automóvel, moto, etc.";"TRATA-SE DE UM CHEVROLET ONIX 1.0 TMT LTZ";"72000,00";"07/08/2026";"14:23:32"
"11/08/2026";"19:30:45";2026;2;"Eleição Ordinária";6259;"Eleições Gerais Estaduais 2026";"04/10/2026";"PA";"PA";"PARÁ";140002540872;4;11;"Apartamento";"IMOVEL RESIDENCIAL: 01 (UM) APARTAMENTO LOCALIZADO NO 7O PAVIMENTO, BLOCO 05, CONDOMINIO VILLE LAGUNA, SITO A RODOVIA MONTE NEGRO, PARQUE VERDE, SITUADO NA PASSAGEM COIMBRA";"240000,00";"07/08/2026";"14:23:32"
"11/08/2026";"19:30:45";2026;2;"Eleição Ordinária";6259;"Eleições Gerais Estaduais 2026";"04/10/2026";"PA";"PA";"PARÁ";140002540873;1;63;"Dinheiro em espécie - moeda nacional";"DISPONIBILIDADE EM ESPÉCIE PROVENIENTE DE ECONOMIAS DE SALÁRIOS RECEBIDOS";"20400,00";"07/08/2026";"14:23:32"
"11/08/2026";"19:30:45";2026;2;"Eleição Ordinária";6259;"Eleições Gerais Estaduais 2026";"04/10/2026";"PA";"PA";"PARÁ";140002540873;2;12;"Casa";"IMÓVEL RESIDENCIAL SITO A RUA ALMIRANTE TAMANDARÉ N.215 BAIRRO: SÃO VICENTE CIDADE DE SALINÓPOLIS/PA";"350000,00";"07/08/2026";"14:23:32"
"11/08/2026";"19:30:45";2026;2;"Eleição Ordinária";6259;"Eleições Gerais Estaduais 2026";"04/10/2026";"PA";"PA";"PARÁ";140002541322;1;12;"Casa";"CASA LOCALIZADA NO CONJUNTO CIDADE NOVA 1 WE 4A 01";"150000,00";"07/08/2026";"14:23:32"
"11/08/2026";"19:30:45";2026;2;"Eleição Ordinária";6259;"Eleições Gerais Estaduais 2026";"04/10/2026";"PA";"PA";"PARÁ";140002540873;3;13;"Terreno";"TERRENO AGRÍCOLA MEDINDO 50 HECTARES NA VILA DO ALTO PINDORAMA";"300000,00";"07/08/2026";"14:23:32"
"11/08/2026";"19:30:45";2026;2;"Eleição Ordinária";6259;"Eleições Gerais Estaduais 2026";"04/10/2026";"PA";"PA";"PARÁ";140002541325;2;21;"Veículo automotor terrestre: caminhão, automóvel, moto, etc.";"VEÍCULO AUTOMOTOR ¿ HAVAL H6 BELÉM - PA";"335000,00";"07/08/2026";"14:23:32"
"11/08/2026";"19:30:45";2026;2;"Eleição Ordinária";6259;"Eleições Gerais Estaduais 2026";"04/10/2026";"PA";"PA";"PARÁ";140002541325;1;12;"Casa";"CASA RESIDENCIAL SANTARÉM ¿ PA";"600000,00";"07/08/2026";"14:23:32"
"11/08/2026";"19:30:45";2026;2;"Eleição Ordinária";6259;"Eleições Gerais Estaduais 2026";"04/10/2026";"PA";"PA";"PARÁ";140002541325;3;19;"Outros bens imóveis";"LOTE RESIDENCIAL MOJUÍ DOS CAMPOS ¿ PA";"400000,00";"07/08/2026";"14:23:32"
"11/08/2026";"19:30:45";2026;2;"Eleição Ordinária";6259;"Eleições Gerais Estaduais 2026";"04/10/2026";"PA";"PA";"PARÁ";140002541327;2;11;"Apartamento";"EDIFÍCIO REIS MAGOS, N.1465, BLOCO: MIRRA, APTO. 101, BAIRRO: PRAINHA/PA, SANTARÉM/PA";"250000,00";"07/08/2026";"14:23:32"
"11/08/2026";"19:30:45";2026;2;"Eleição Ordinária";6259;"Eleições Gerais Estaduais 2026";"04/10/2026";"PA";"PA";"PARÁ";140002541327;3;12;"Casa";"CASA LOCALIZADA NO CONJUNTO RESIDENCIAL CIDADE JARDIM II, ADQUIRIDA DA EMPRESA LUNA EMPREENDIMENTOS IMOBILIARIOS LTDA";"300000,00";"07/08/2026";"14:23:32"
"11/08/2026";"19:30:45";2026;2;"Eleição Ordinária";6259;"Eleições Gerais Estaduais 2026";"04/10/2026";"PA";"PA";"PARÁ";140002541327;1;19;"Outros bens imóveis";"IMÓVEL RURAL DENOMINADA FAZENDA SERRA MORENA";"2800000,00";"07/08/2026";"14:23:32"
"11/08/2026";"19:30:45";2026;2;"Eleição Ordinária";6259;"Eleições Gerais Estaduais 2026";"04/10/2026";"PA";"PA";"PARÁ";140002541327;4;12;"Casa";"CASA RESIDENCIAL EM ALVENARIA, CONSTRUÍDA EM TERRENO, COM ÁREA TOTAL DE 221,0 M²";"250000,00";"07/08/2026";"14:23:32"
"11/08/2026";"19:30:45";2026;2;"Eleição Ordinária";6259;"Eleições Gerais Estaduais 2026";"04/10/2026";"PA";"PA";"PARÁ";140002541329;1;13;"Terreno";"ENDEREÇO: TRAVESSA SORRISO DE MARIA, N. 221, BAIRRO JARDIM SANTARÉM, EM SATARÉM PARÁ.";"350000,00";"07/08/2026";"14:23:32"
"11/08/2026";"19:30:45";2026;2;"Eleição Ordinária";6259;"Eleições Gerais Estaduais 2026";"04/10/2026";"PA";"PA";"PARÁ";140002541330;1;13;"Terreno";"01 TERRENO DE ÁREA TOTAL DE 347,0M², LOCALIZADO NA TC HORIZONTE NO MUNICÍPIO DE ALENQUER";"2400,00";"07/08/2026";"14:23:32"
"11/08/2026";"19:30:45";2026;2;"Eleição Ordinária";6259;"Eleições Gerais Estaduais 2026";"04/10/2026";"PA";"PA";"PARÁ";140002541330;2;13;"Terreno";"01 TERRENO DE ÁREA TOTAL DE 193,0M², LOCALIZADO NA RUA ALVORADA NO MUNICÍPIO DE ALENQUER";"1544,00";"07/08/2026";"14:23:32"
"11/08/2026";"19:30:45";2026;2;"Eleição Ordinária";6259;"Eleições Gerais Estaduais 2026";"04/10/2026";"PA";"PA";"PARÁ";140002541330;3;99;"OUTROS BENS E DIREITOS";"01 REBANHO";"15000,00";"07/08/2026";"14:23:32"
"11/08/2026";"19:30:45";2026;2;"Eleição Ordinária";6259;"Eleições Gerais Estaduais 2026";"04/10/2026";"PA";"PA";"PARÁ";140002541330;4;99;"OUTROS BENS E DIREITOS";"50% DA FAZENDA PANTANAL PARCELA 2, GLEBA CAMBURÃO, AREA 3";"150000,00";"07/08/2026";"14:23:32"
"11/08/2026";"19:30:45";2026;2;"Eleição Ordinária";6259;"Eleições Gerais Estaduais 2026";"04/10/2026";"PA";"PA";"PARÁ";140002541332;1;21;"Veículo automotor terrestre: caminhão, automóvel, moto, etc.";"VEÍCULO AUTOMOTOR DE MARCA FIAT PALIO WEEKEND ELX, MODELO 1999, ANO DE FABRICAÇÃO1999";"6000,00";"07/08/2026";"14:23:32"
"11/08/2026";"19:30:45";2026;2;"Eleição Ordinária";6259;"Eleições Gerais Estaduais 2026";"04/10/2026";"PA";"PA";"PARÁ";140002541332;2;12;"Casa";"CASA RESIDENCIAL LOCALIZADA NA BR 010, KM 69, VILA DO REPARTIMENTO, AURORA-PA";"50000,00";"07/08/2026";"14:23:32"
"11/08/2026";"19:30:45";2026;2;"Eleição Ordinária";6259;"Eleições Gerais Estaduais 2026";"04/10/2026";"PA";"PA";"PARÁ";140002541332;3;12;"Casa";"CASA RESIDENCIAL LOCALIZADA NA PERNASUL, VILA PAPAQUARA";"37000,00";"07/08/2026";"14:23:32"
"11/08/2026";"19:30:45";2026;2;"Eleição Ordinária";6259;"Eleições Gerais Estaduais 2026";"04/10/2026";"PA";"PA";"PARÁ";140002541333;1;21;"Veículo automotor terrestre: caminhão, automóvel, moto, etc.";"VW/FOX XTREME MB, COR VERMELHA, ANO 2018";"50000,00";"07/08/2026";"14:23:32"
"11/08/2026";"19:30:45";2026;2;"Eleição Ordinária";6259;"Eleições Gerais Estaduais 2026";"04/10/2026";"PA";"PA";"PARÁ";140002541710;2;32;"Quotas ou quinhões de capital";"QUOTAS SOCIETÁRIAS";"1072640,00";"08/08/2026";"08:23:32"
"11/08/2026";"19:30:45";2026;2;"Eleição Ordinária";6259;"Eleições Gerais Estaduais 2026";"04/10/2026";"PA";"PA";"PARÁ";140002541710;1;21;"Veículo automotor terrestre: caminhão, automóvel, moto, etc.";"4 VEICULOS";"2907100,00";"08/08/2026";"08:23:32"
"11/08/2026";"19:30:45";2026;2;"Eleição Ordinária";6259;"Eleições Gerais Estaduais 2026";"04/10/2026";"PA";"PA";"PARÁ";140002541710;5;45;"Aplicação de renda fixa (CDB, RDB e outros)";"RENDA FIXA E CDB";"834673,25";"08/08/2026";"08:23:32"
"11/08/2026";"19:30:45";2026;2;"Eleição Ordinária";6259;"Eleições Gerais Estaduais 2026";"04/10/2026";"PA";"PA";"PARÁ";140002541710;3;99;"OUTROS BENS E DIREITOS";"CREDITOS VINCULADOS A RECEBER";"5849218,20";"08/08/2026";"08:23:32"
"11/08/2026";"19:30:45";2026;2;"Eleição Ordinária";6259;"Eleições Gerais Estaduais 2026";"04/10/2026";"PA";"PA";"PARÁ";140002541710;4;19;"Outros bens imóveis";"RURAL";"330000,00";"08/08/2026";"08:23:32"
"11/08/2026";"19:30:45";2026;2;"Eleição Ordinária";6259;"Eleições Gerais Estaduais 2026";"04/10/2026";"PA";"PA";"PARÁ";140002541710;6;63;"Dinheiro em espécie - moeda nacional";"DINHEIRO EM ESPÉCIE";"180000,00";"08/08/2026";"08:23:32"
"11/08/2026";"19:30:45";2026;2;"Eleição Ordinária";6259;"Eleições Gerais Estaduais 2026";"04/10/2026";"PA";"PA";"PARÁ";140002541710;8;99;"OUTROS BENS E DIREITOS";"ATIVIDADE RURAL";"246827,51";"08/08/2026";"08:23:32"
"11/08/2026";"19:30:45";2026;2;"Eleição Ordinária";6259;"Eleições Gerais Estaduais 2026";"04/10/2026";"PA";"PA";"PARÁ";140002541710;7;19;"Outros bens imóveis";"URBANO";"663223,37";"08/08/2026";"08:23:32"
"11/08/2026";"19:30:45";2026;2;"Eleição Ordinária";6259;"Eleições Gerais Estaduais 2026";"04/10/2026";"PA";"PA";"PARÁ";140002541711;1;95;"Consórcio não contemplado";"UNICOOB LTDA";"26346,52";"08/08/2026";"08:23:32"
"11/08/2026";"19:30:45";2026;2;"Eleição Ordinária";6259;"Eleições Gerais Estaduais 2026";"04/10/2026";"PA";"PA";"PARÁ";140002541711;3;45;"Aplicação de renda fixa (CDB, RDB e outros)";"RENDIMENTOS";"145,70";"08/08/2026";"08:23:32"
"11/08/2026";"19:30:45";2026;2;"Eleição Ordinária";6259;"Eleições Gerais Estaduais 2026";"04/10/2026";"PA";"PA";"PARÁ";140002541711;2;61;"Depósito bancário em conta corrente no País";"ITAU";"39,47";"08/08/2026";"08:23:32"
"11/08/2026";"19:30:45";2026;2;"Eleição Ordinária";6259;"Eleições Gerais Estaduais 2026";"04/10/2026";"PA";"PA";"PARÁ";140002541711;6;11;"Apartamento";"APARTAMENTO";"2054756,41";"08/08/2026";"08:23:32"
"11/08/2026";"19:30:45";2026;2;"Eleição Ordinária";6259;"Eleições Gerais Estaduais 2026";"04/10/2026";"PA";"PA";"PARÁ";140002541711;4;15;"Sala ou conjunto";"SALA";"70000,00";"08/08/2026";"08:23:32"
"11/08/2026";"19:30:45";2026;2;"Eleição Ordinária";6259;"Eleições Gerais Estaduais 2026";"04/10/2026";"PA";"PA";"PARÁ";140002541711;5;12;"Casa";"UMA CASA";"30000,00";"08/08/2026";"08:23:32"
"11/08/2026";"19:30:45";2026;2;"Eleição Ordinária";6259;"Eleições Gerais Estaduais 2026";"04/10/2026";"PA";"PA";"PARÁ";140002541711;7;32;"Quotas ou quinhões de capital";"PATICIPAÇÃO CAPITAL ARAPARI NAVEGAÇÕES";"7500,00";"08/08/2026";"08:23:32"
"11/08/2026";"19:30:45";2026;2;"Eleição Ordinária";6259;"Eleições Gerais Estaduais 2026";"04/10/2026";"PA";"PA";"PARÁ";140002541711;8;32;"Quotas ou quinhões de capital";"COOPERATIVA DE CREDITO LIVRE";"3619,74";"08/08/2026";"08:23:32"
"11/08/2026";"19:30:45";2026;2;"Eleição Ordinária";6259;"Eleições Gerais Estaduais 2026";"04/10/2026";"PA";"PA";"PARÁ";140002541712;1;59;"Outros créditos e poupança vinculados";"BANCO BANPARA";"950000,00";"08/08/2026";"08:23:32"
"11/08/2026";"19:30:45";2026;2;"Eleição Ordinária";6259;"Eleições Gerais Estaduais 2026";"04/10/2026";"PA";"PA";"PARÁ";140002541712;3;12;"Casa";"CONDOMINIO OASIS EM ANANINDEUA";"1000000,00";"08/08/2026";"08:23:32"
"11/08/2026";"19:30:45";2026;2;"Eleição Ordinária";6259;"Eleições Gerais Estaduais 2026";"04/10/2026";"PA";"PA";"PARÁ";140002541712;4;61;"Depósito bancário em conta corrente no País";"BANCO DO BRASIL";"42000,00";"08/08/2026";"08:23:32"
"11/08/2026";"19:30:45";2026;2;"Eleição Ordinária";6259;"Eleições Gerais Estaduais 2026";"04/10/2026";"PA";"PA";"PARÁ";140002541712;2;13;"Terreno";"LOCALIZADO EM ANANINDEUA CON 201 M2";"4000000,00";"08/08/2026";"08:23:32"
"11/08/2026";"19:30:45";2026;2;"Eleição Ordinária";6259;"Eleições Gerais Estaduais 2026";"04/10/2026";"PA";"PA";"PARÁ";140002541713;1;32;"Quotas ou quinhões de capital";"BIONORTE PARTICIPAÇÕES SOCIETARIAS";"40000,00";"08/08/2026";"08:23:32"
"11/08/2026";"19:30:45";2026;2;"Eleição Ordinária";6259;"Eleições Gerais Estaduais 2026";"04/10/2026";"PA";"PA";"PARÁ";140002541713;2;61;"Depósito bancário em conta corrente no País";"BANCO SAFRA";"18,88";"08/08/2026";"08:23:32"
"11/08/2026";"19:30:45";2026;2;"Eleição Ordinária";6259;"Eleições Gerais Estaduais 2026";"04/10/2026";"PA";"PA";"PARÁ";140002541712;5;21;"Veículo automotor terrestre: caminhão, automóvel, moto, etc.";"TOYOTA HILUX";"343113,00";"08/08/2026";"08:23:32"
"11/08/2026";"19:30:45";2026;2;"Eleição Ordinária";6259;"Eleições Gerais Estaduais 2026";"04/10/2026";"PA";"PA";"PARÁ";140002541713;5;45;"Aplicação de renda fixa (CDB, RDB e outros)";"BANPARA";"95075,04";"08/08/2026";"08:23:32"
"11/08/2026";"19:30:45";2026;2;"Eleição Ordinária";6259;"Eleições Gerais Estaduais 2026";"04/10/2026";"PA";"PA";"PARÁ";140002541713;4;45;"Aplicação de renda fixa (CDB, RDB e outros)";"BANCO SAFRA";"7300,00";"08/08/2026";"08:23:32"
"11/08/2026";"19:30:45";2026;2;"Eleição Ordinária";6259;"Eleições Gerais Estaduais 2026";"04/10/2026";"PA";"PA";"PARÁ";140002541713;3;61;"Depósito bancário em conta corrente no País";"BANCO XP INVESTIMENTOS";"106,84";"08/08/2026";"08:23:32"
"11/08/2026";"19:30:45";2026;2;"Eleição Ordinária";6259;"Eleições Gerais Estaduais 2026";"04/10/2026";"PA";"PA";"PARÁ";140002541713;8;11;"Apartamento";"DF CASTELO MASSIMO";"1223000,00";"08/08/2026";"08:23:32"
"11/08/2026";"19:30:45";2026;2;"Eleição Ordinária";6259;"Eleições Gerais Estaduais 2026";"04/10/2026";"PA";"PA";"PARÁ";140002541713;6;31;"Ações (inclusive as provenientes de linha telefônica)";"ITSA4";"300,22";"08/08/2026";"08:23:32"
"11/08/2026";"19:30:45";2026;2;"Eleição Ordinária";6259;"Eleições Gerais Estaduais 2026";"04/10/2026";"PA";"PA";"PARÁ";140002541713;7;31;"Ações (inclusive as provenientes de linha telefônica)";"BHI3";"346,80";"08/08/2026";"08:23:32"
"11/08/2026";"19:30:45";2026;2;"Eleição Ordinária";6259;"Eleições Gerais Estaduais 2026";"04/10/2026";"PA";"PA";"PARÁ";140002541713;9;16;"Construção";"EM TERRENO LOCALIZADO EM SÃO CAETANO DE ODIVELAS";"147000,00";"08/08/2026";"08:23:32"
"11/08/2026";"19:30:45";2026;2;"Eleição Ordinária";6259;"Eleições Gerais Estaduais 2026";"04/10/2026";"PA";"PA";"PARÁ";140002541713;10;31;"Ações (inclusive as provenientes de linha telefônica)";"MAGAZINE LUIZA";"650,00";"08/08/2026";"08:23:32"
"11/08/2026";"19:30:45";2026;2;"Eleição Ordinária";6259;"Eleições Gerais Estaduais 2026";"04/10/2026";"PA";"PA";"PARÁ";140002541713;11;32;"Quotas ou quinhões de capital";"BIO PATRIMONIAL GESTÃO IMOBILIARIA";"210000,00";"08/08/2026";"08:23:32"
"11/08/2026";"19:30:45";2026;2;"Eleição Ordinária";6259;"Eleições Gerais Estaduais 2026";"04/10/2026";"PA";"PA";"PARÁ";140002541713;13;31;"Ações (inclusive as provenientes de linha telefônica)";"HAPVIDA";"471,36";"08/08/2026";"08:23:32"
"11/08/2026";"19:30:45";2026;2;"Eleição Ordinária";6259;"Eleições Gerais Estaduais 2026";"04/10/2026";"PA";"PA";"PARÁ";140002541713;12;45;"Aplicação de renda fixa (CDB, RDB e outros)";"CDB SANTANDER";"185514,40";"08/08/2026";"08:23:32"
"11/08/2026";"19:30:45";2026;2;"Eleição Ordinária";6259;"Eleições Gerais Estaduais 2026";"04/10/2026";"PA";"PA";"PARÁ";140002541714;1;51;"Crédito decorrente de empréstimo";"VALOR EMPRESTADO";"750000,00";"08/08/2026";"08:23:32"
"11/08/2026";"19:30:45";2026;2;"Eleição Ordinária";6259;"Eleições Gerais Estaduais 2026";"04/10/2026";"PA";"PA";"PARÁ";140002541714;2;11;"Apartamento";"EDF. PORTO BELLO";"70000,00";"08/08/2026";"08:23:32"
"11/08/2026";"19:30:45";2026;2;"Eleição Ordinária";6259;"Eleições Gerais Estaduais 2026";"04/10/2026";"PA";"PA";"PARÁ";140002541714;4;11;"Apartamento";"ED. MIX ANTONIO MARQUES";"65000,00";"08/08/2026";"08:23:32"
"11/08/2026";"19:30:45";2026;2;"Eleição Ordinária";6259;"Eleições Gerais Estaduais 2026";"04/10/2026";"PA";"PA";"PARÁ";140002541714;3;11;"Apartamento";"ADF. ANTONIO MARQUES";"65000,00";"08/08/2026";"08:23:32"
"11/08/2026";"19:30:45";2026;2;"Eleição Ordinária";6259;"Eleições Gerais Estaduais 2026";"04/10/2026";"PA";"PA";"PARÁ";140002541715;1;11;"Apartamento";"ED EL PALAGIO";"6500000,00";"08/08/2026";"08:23:32"
"11/08/2026";"19:30:45";2026;2;"Eleição Ordinária";6259;"Eleições Gerais Estaduais 2026";"04/10/2026";"PA";"PA";"PARÁ";140002541715;2;15;"Sala ou conjunto";"7 SALAS COMERCIAIS";"435703,00";"08/08/2026";"08:23:32"
"11/08/2026";"19:30:45";2026;2;"Eleição Ordinária";6259;"Eleições Gerais Estaduais 2026";"04/10/2026";"PA";"PA";"PARÁ";140002541714;5;61;"Depósito bancário em conta corrente no País";"BRADESCO";"15316,93";"08/08/2026";"08:23:32"
"11/08/2026";"19:30:45";2026;2;"Eleição Ordinária";6259;"Eleições Gerais Estaduais 2026";"04/10/2026";"PA";"PA";"PARÁ";140002541715;4;54;"Poupança para construção ou aquisição de bem imóvel";"BANCO DO BRASIL - OURO";"1699,82";"08/08/2026";"08:23:32"
"11/08/2026";"19:30:45";2026;2;"Eleição Ordinária";6259;"Eleições Gerais Estaduais 2026";"04/10/2026";"PA";"PA";"PARÁ";140002541715;5;15;"Sala ou conjunto";"EDF INFINITY CORPORAT CENTER, BELÉM PA";"233700,00";"08/08/2026";"08:23:32"
"11/08/2026";"19:30:45";2026;2;"Eleição Ordinária";6259;"Eleições Gerais Estaduais 2026";"04/10/2026";"PA";"PA";"PARÁ";140002541715;3;21;"Veículo automotor terrestre: caminhão, automóvel, moto, etc.";"COROLA ALTIS";"137000,00";"08/08/2026";"08:23:32"
"11/08/2026";"19:30:45";2026;2;"Eleição Ordinária";6259;"Eleições Gerais Estaduais 2026";"04/10/2026";"PA";"PA";"PARÁ";140002541715;8;12;"Casa";"AV. MAGALHÃES BARATA";"1526765,76";"08/08/2026";"08:23:32"
"11/08/2026";"19:30:45";2026;2;"Eleição Ordinária";6259;"Eleições Gerais Estaduais 2026";"04/10/2026";"PA";"PA";"PARÁ";140002541715;6;32;"Quotas ou quinhões de capital";"25% DO CAPITAL SOCIAL DA RBA - REDE BRASIL AMAZONIA DE TV LTDA";"375000,00";"08/08/2026";"08:23:32"
"11/08/2026";"19:30:45";2026;2;"Eleição Ordinária";6259;"Eleições Gerais Estaduais 2026";"04/10/2026";"PA";"PA";"PARÁ";140002541715;7;99;"OUTROS BENS E DIREITOS";"JUROS CAPITAL PROPEIO TIM S.A";"4,48";"08/08/2026";"08:23:32"
"11/08/2026";"19:30:45";2026;2;"Eleição Ordinária";6259;"Eleições Gerais Estaduais 2026";"04/10/2026";"PA";"PA";"PARÁ";140002541715;9;32;"Quotas ou quinhões de capital";"20% DO CAPITAL SOCIAL DA DIARIOS DO PARÁ LTDA";"240000,00";"08/08/2026";"08:23:32"
"11/08/2026";"19:30:45";2026;2;"Eleição Ordinária";6259;"Eleições Gerais Estaduais 2026";"04/10/2026";"PA";"PA";"PARÁ";140002541715;10;45;"Aplicação de renda fixa (CDB, RDB e outros)";"CDB RENDE FACIL";"84899,49";"08/08/2026";"08:23:32"
"11/08/2026";"19:30:45";2026;2;"Eleição Ordinária";6259;"Eleições Gerais Estaduais 2026";"04/10/2026";"PA";"PA";"PARÁ";140002541715;11;45;"Aplicação de renda fixa (CDB, RDB e outros)";"BANCO DO BRASIL";"537,87";"08/08/2026";"08:23:32"
"11/08/2026";"19:30:45";2026;2;"Eleição Ordinária";6259;"Eleições Gerais Estaduais 2026";"04/10/2026";"PA";"PA";"PARÁ";140002541715;12;99;"OUTROS BENS E DIREITOS";"JUROS CAPITAL PROPRIO TELEFONIA BRASIL S.A";"3,15";"08/08/2026";"08:23:32"
"11/08/2026";"19:30:45";2026;2;"Eleição Ordinária";6259;"Eleições Gerais Estaduais 2026";"04/10/2026";"PA";"PA";"PARÁ";140002541715;13;61;"Depósito bancário em conta corrente no País";"BANCO DO BRASIL";"287,96";"08/08/2026";"08:23:32"
"11/08/2026";"19:30:45";2026;2;"Eleição Ordinária";6259;"Eleições Gerais Estaduais 2026";"04/10/2026";"PA";"PA";"PARÁ";140002541715;14;99;"OUTROS BENS E DIREITOS";"REF AUTOMATICO ESTILO";"38,92";"08/08/2026";"08:23:32"
"11/08/2026";"19:30:45";2026;2;"Eleição Ordinária";6259;"Eleições Gerais Estaduais 2026";"04/10/2026";"PA";"PA";"PARÁ";140002541715;16;12;"Casa";"50 % NOVA MARABA";"76231,35";"08/08/2026";"08:23:32"
"11/08/2026";"19:30:45";2026;2;"Eleição Ordinária";6259;"Eleições Gerais Estaduais 2026";"04/10/2026";"PA";"PA";"PARÁ";140002541715;17;12;"Casa";"EM SALINOPOLIS";"138794,55";"08/08/2026";"08:23:32"
"11/08/2026";"19:30:45";2026;2;"Eleição Ordinária";6259;"Eleições Gerais Estaduais 2026";"04/10/2026";"PA";"PA";"PARÁ";140002541715;15;45;"Aplicação de renda fixa (CDB, RDB e outros)";"BANCO BRADESCO CDB";"6679,25";"08/08/2026";"08:23:32"
"11/08/2026";"19:30:45";2026;2;"Eleição Ordinária";6259;"Eleições Gerais Estaduais 2026";"04/10/2026";"PA";"PA";"PARÁ";140002541716;1;13;"Terreno";"NO MUNICIPIO DE SALINOPOLIS";"200000,00";"08/08/2026";"08:23:32"
"11/08/2026";"19:30:45";2026;2;"Eleição Ordinária";6259;"Eleições Gerais Estaduais 2026";"04/10/2026";"PA";"PA";"PARÁ";140002541715;18;21;"Veículo automotor terrestre: caminhão, automóvel, moto, etc.";"TOYOTA HILUX";"427442,22";"08/08/2026";"08:23:32"
"11/08/2026";"19:30:45";2026;2;"Eleição Ordinária";6259;"Eleições Gerais Estaduais 2026";"04/10/2026";"PA";"PA";"PARÁ";140002541716;2;21;"Veículo automotor terrestre: caminhão, automóvel, moto, etc.";"TOYOTA HILUX";"280000,00";"08/08/2026";"08:23:32"
"11/08/2026";"19:30:45";2026;2;"Eleição Ordinária";6259;"Eleições Gerais Estaduais 2026";"04/10/2026";"PA";"PA";"PARÁ";140002541717;3;63;"Dinheiro em espécie - moeda nacional";"SALDO EM ESPÉCIE";"100000,00";"08/08/2026";"08:23:32"
"11/08/2026";"19:30:45";2026;2;"Eleição Ordinária";6259;"Eleições Gerais Estaduais 2026";"04/10/2026";"PA";"PA";"PARÁ";140002541717;1;61;"Depósito bancário em conta corrente no País";"SALDO EM CONTAS BANCÁRIAS";"180000,00";"08/08/2026";"08:23:32"
"11/08/2026";"19:30:45";2026;2;"Eleição Ordinária";6259;"Eleições Gerais Estaduais 2026";"04/10/2026";"PA";"PA";"PARÁ";140002541717;2;99;"OUTROS BENS E DIREITOS";"REBOQUE/BASCULANTE BITREM";"220000,00";"08/08/2026";"08:23:32"
"11/08/2026";"19:30:45";2026;2;"Eleição Ordinária";6259;"Eleições Gerais Estaduais 2026";"04/10/2026";"PA";"PA";"PARÁ";140002541717;6;39;"Outras participações societárias";"PARTICIPAÇÕES SOCIETÁRIAS";"454213,00";"08/08/2026";"08:23:32"
"11/08/2026";"19:30:45";2026;2;"Eleição Ordinária";6259;"Eleições Gerais Estaduais 2026";"04/10/2026";"PA";"PA";"PARÁ";140002541717;5;99;"OUTROS BENS E DIREITOS";"CARRETA/REBOQUE BASCULANTE";"120000,00";"08/08/2026";"08:23:32"
"11/08/2026";"19:30:45";2026;2;"Eleição Ordinária";6259;"Eleições Gerais Estaduais 2026";"04/10/2026";"PA";"PA";"PARÁ";140002541717;4;13;"Terreno";"LOTE AGRÍCOLA, SANTA ISABEL DO PARÁ/PA";"100000,00";"08/08/2026";"08:23:32"
"11/08/2026";"19:30:45";2026;2;"Eleição Ordinária";6259;"Eleições Gerais Estaduais 2026";"04/10/2026";"PA";"PA";"PARÁ";140002541718;2;11;"Apartamento";"NO MUNICIPIO DE BELEM-PA";"2400000,00";"08/08/2026";"08:23:32"
"11/08/2026";"19:30:45";2026;2;"Eleição Ordinária";6259;"Eleições Gerais Estaduais 2026";"04/10/2026";"PA";"PA";"PARÁ";140002541718;1;45;"Aplicação de renda fixa (CDB, RDB e outros)";"EM CONTA CORRENTE";"125463,26";"08/08/2026";"08:23:32"
"11/08/2026";"19:30:45";2026;2;"Eleição Ordinária";6259;"Eleições Gerais Estaduais 2026";"04/10/2026";"PA";"PA";"PARÁ";140002541718;3;32;"Quotas ou quinhões de capital";"PARTICIPAÇÃO SOCIETARIA";"250000,00";"08/08/2026";"08:23:32"
"11/08/2026";"19:30:45";2026;2;"Eleição Ordinária";6259;"Eleições Gerais Estaduais 2026";"04/10/2026";"PA";"PA";"PARÁ";140002541721;1;61;"Depósito bancário em conta corrente no País";"SALDO EM POUPEX";"7,37";"08/08/2026";"08:23:32"
"11/08/2026";"19:30:45";2026;2;"Eleição Ordinária";6259;"Eleições Gerais Estaduais 2026";"04/10/2026";"PA";"PA";"PARÁ";140002541721;2;61;"Depósito bancário em conta corrente no País";"SALDO EM BB LCA";"26628,17";"08/08/2026";"08:23:32"
"11/08/2026";"19:30:45";2026;2;"Eleição Ordinária";6259;"Eleições Gerais Estaduais 2026";"04/10/2026";"PA";"PA";"PARÁ";140002541718;4;21;"Veículo automotor terrestre: caminhão, automóvel, moto, etc.";"TRITON KATANA";"328000,00";"08/08/2026";"08:23:32"
"11/08/2026";"19:30:45";2026;2;"Eleição Ordinária";6259;"Eleições Gerais Estaduais 2026";"04/10/2026";"PA";"PA";"PARÁ";140002541721;3;41;"Caderneta de poupança";"SALDO EM POUPANÇA";"32,36";"08/08/2026";"08:23:32"
"11/08/2026";"19:30:45";2026;2;"Eleição Ordinária";6259;"Eleições Gerais Estaduais 2026";"04/10/2026";"PA";"PA";"PARÁ";140002541721;5;45;"Aplicação de renda fixa (CDB, RDB e outros)";"SALDO EM CARTEIRA DE INVESTIMENTO";"60159,08";"08/08/2026";"08:23:32"
"11/08/2026";"19:30:45";2026;2;"Eleição Ordinária";6259;"Eleições Gerais Estaduais 2026";"04/10/2026";"PA";"PA";"PARÁ";140002541721;4;21;"Veículo automotor terrestre: caminhão, automóvel, moto, etc.";"GWM HAVAL";"199990,00";"08/08/2026";"08:23:32"
"11/08/2026";"19:30:45";2026;2;"Eleição Ordinária";6259;"Eleições Gerais Estaduais 2026";"04/10/2026";"PA";"PA";"PARÁ";140002541721;7;45;"Aplicação de renda fixa (CDB, RDB e outros)";"APLICAÇÃO EM OURO CAP MENSAL";"3349,05";"08/08/2026";"08:23:32"
"11/08/2026";"19:30:45";2026;2;"Eleição Ordinária";6259;"Eleições Gerais Estaduais 2026";"04/10/2026";"PA";"PA";"PARÁ";140002541721;8;45;"Aplicação de renda fixa (CDB, RDB e outros)";"RENDA FIXA BB";"223427,75";"08/08/2026";"08:23:32"
"11/08/2026";"19:30:45";2026;2;"Eleição Ordinária";6259;"Eleições Gerais Estaduais 2026";"04/10/2026";"PA";"PA";"PARÁ";140002541721;6;21;"Veículo automotor terrestre: caminhão, automóvel, moto, etc.";"GWM HAVAL";"199990,00";"08/08/2026";"08:23:32"
"11/08/2026";"19:30:45";2026;2;"Eleição Ordinária";6259;"Eleições Gerais Estaduais 2026";"04/10/2026";"PA";"PA";"PARÁ";140002541721;9;61;"Depósito bancário em conta corrente no País";"BANCO DO BRASIL";"83,31";"08/08/2026";"08:23:32"
"11/08/2026";"19:30:45";2026;2;"Eleição Ordinária";6259;"Eleições Gerais Estaduais 2026";"04/10/2026";"PA";"PA";"PARÁ";140002541721;10;61;"Depósito bancário em conta corrente no País";"CONTA CORRENTE";"135,36";"08/08/2026";"08:23:32"
"11/08/2026";"19:30:45";2026;2;"Eleição Ordinária";6259;"Eleições Gerais Estaduais 2026";"04/10/2026";"PA";"PA";"PARÁ";140002541723;1;21;"Veículo automotor terrestre: caminhão, automóvel, moto, etc.";"LAND ROVER DEFENDER";"779000,00";"08/08/2026";"08:23:32"
"11/08/2026";"19:30:45";2026;2;"Eleição Ordinária";6259;"Eleições Gerais Estaduais 2026";"04/10/2026";"PA";"PA";"PARÁ";140002541723;2;12;"Casa";"TV. DO CHACO BELEM PA";"900000,00";"08/08/2026";"08:23:32"
"11/08/2026";"19:30:45";2026;2;"Eleição Ordinária";6259;"Eleições Gerais Estaduais 2026";"04/10/2026";"PA";"PA";"PARÁ";140002541723;3;21;"Veículo automotor terrestre: caminhão, automóvel, moto, etc.";"COROLLA ANO 2018/2019";"112000,00";"08/08/2026";"08:23:32"
"11/08/2026";"19:30:45";2026;2;"Eleição Ordinária";6259;"Eleições Gerais Estaduais 2026";"04/10/2026";"PA";"PA";"PARÁ";140002541723;4;21;"Veículo automotor terrestre: caminhão, automóvel, moto, etc.";"MARCA LAND ROVER";"750000,00";"08/08/2026";"08:23:32"
"11/08/2026";"19:30:45";2026;2;"Eleição Ordinária";6259;"Eleições Gerais Estaduais 2026";"04/10/2026";"PA";"PA";"PARÁ";140002541724;2;99;"OUTROS BENS E DIREITOS";"GALPÃO EM BELÉM PA";"600000,00";"08/08/2026";"08:23:32"
"11/08/2026";"19:30:45";2026;2;"Eleição Ordinária";6259;"Eleições Gerais Estaduais 2026";"04/10/2026";"PA";"PA";"PARÁ";140002541723;5;21;"Veículo automotor terrestre: caminhão, automóvel, moto, etc.";"FIAT STRADA FREEDOM";"124990,00";"08/08/2026";"08:23:32"
"11/08/2026";"19:30:45";2026;2;"Eleição Ordinária";6259;"Eleições Gerais Estaduais 2026";"04/10/2026";"PA";"PA";"PARÁ";140002541724;1;21;"Veículo automotor terrestre: caminhão, automóvel, moto, etc.";"TOYOTA";"194173,25";"08/08/2026";"08:23:32"
"11/08/2026";"19:30:45";2026;2;"Eleição Ordinária";6259;"Eleições Gerais Estaduais 2026";"04/10/2026";"PA";"PA";"PARÁ";140002541724;4;12;"Casa";"MUNICIPIO DE SALINOPOLIS PA";"130000,00";"08/08/2026";"08:23:32"
"11/08/2026";"19:30:45";2026;2;"Eleição Ordinária";6259;"Eleições Gerais Estaduais 2026";"04/10/2026";"PA";"PA";"PARÁ";140002541724;3;32;"Quotas ou quinhões de capital";"PARTICIPAÇÃO SOCIETÁRIA";"1475551,00";"08/08/2026";"08:23:32"
"11/08/2026";"19:30:45";2026;2;"Eleição Ordinária";6259;"Eleições Gerais Estaduais 2026";"04/10/2026";"PA";"PA";"PARÁ";140002541724;5;61;"Depósito bancário em conta corrente no País";"APLICAÇÕES, INVESTIMENTOS E SALDOS";"1041330,36";"08/08/2026";"08:23:32"
"11/08/2026";"19:30:45";2026;2;"Eleição Ordinária";6259;"Eleições Gerais Estaduais 2026";"04/10/2026";"PA";"PA";"PARÁ";140002541724;7;11;"Apartamento";"MUNICIPIO DE BELÉM PA";"300000,00";"08/08/2026";"08:23:32"
"11/08/2026";"19:30:45";2026;2;"Eleição Ordinária";6259;"Eleições Gerais Estaduais 2026";"04/10/2026";"PA";"PA";"PARÁ";140002541724;6;32;"Quotas ou quinhões de capital";"PARTICIPAÇÃO SOCIETÁRIA-SICCOB";"24466,57";"08/08/2026";"08:23:32"
"11/08/2026";"19:30:45";2026;2;"Eleição Ordinária";6259;"Eleições Gerais Estaduais 2026";"04/10/2026";"PA";"PA";"PARÁ";140002541724;8;13;"Terreno";"EM ANANINDEUA PA";"171000,00";"08/08/2026";"08:23:32"
"11/08/2026";"19:30:45";2026;2;"Eleição Ordinária";6259;"Eleições Gerais Estaduais 2026";"04/10/2026";"PA";"PA";"PARÁ";140002541725;2;12;"Casa";"TRAVESSA PURAQUEQUARA NOVA IPIXUNA DO PARÁ";"120000,00";"08/08/2026";"08:23:32"
"11/08/2026";"19:30:45";2026;2;"Eleição Ordinária";6259;"Eleições Gerais Estaduais 2026";"04/10/2026";"PA";"PA";"PARÁ";140002541725;1;32;"Quotas ou quinhões de capital";"AQUALAND";"90000,00";"08/08/2026";"08:23:32"
"11/08/2026";"19:30:45";2026;2;"Eleição Ordinária";6259;"Eleições Gerais Estaduais 2026";"04/10/2026";"PA";"PA";"PARÁ";140002541725;3;32;"Quotas ou quinhões de capital";"COTA EM RISORTE TORRE CORVINA 101";"100000,00";"08/08/2026";"08:23:32"
"11/08/2026";"19:30:45";2026;2;"Eleição Ordinária";6259;"Eleições Gerais Estaduais 2026";"04/10/2026";"PA";"PA";"PARÁ";140002541727;2;32;"Quotas ou quinhões de capital";"PARTICIPAÇÃO NO CAPITAL SOCIAL DA EMPRESA ANDREIA S. DE MELO";"5000,00";"08/08/2026";"08:23:32"
"11/08/2026";"19:30:45";2026;2;"Eleição Ordinária";6259;"Eleições Gerais Estaduais 2026";"04/10/2026";"PA";"PA";"PARÁ";140002541725;4;13;"Terreno";"TERRENO SEM CONSTRUÇÃO NA RUA PANTANAL SN";"60000,00";"08/08/2026";"08:23:32"
"11/08/2026";"19:30:45";2026;2;"Eleição Ordinária";6259;"Eleições Gerais Estaduais 2026";"04/10/2026";"PA";"PA";"PARÁ";140002541727;1;21;"Veículo automotor terrestre: caminhão, automóvel, moto, etc.";"TOYOTA SW4";"381283,79";"08/08/2026";"08:23:32"
"11/08/2026";"19:30:45";2026;2;"Eleição Ordinária";6259;"Eleições Gerais Estaduais 2026";"04/10/2026";"PA";"PA";"PARÁ";140002541728;1;32;"Quotas ou quinhões de capital";"10 %HOSPITAL";"40736,50";"08/08/2026";"08:23:32"
"11/08/2026";"19:30:45";2026;2;"Eleição Ordinária";6259;"Eleições Gerais Estaduais 2026";"04/10/2026";"PA";"PA";"PARÁ";140002541728;2;13;"Terreno";"EM SALINOPOLIS PA";"10000,00";"08/08/2026";"08:23:32"
"11/08/2026";"19:30:45";2026;2;"Eleição Ordinária";6259;"Eleições Gerais Estaduais 2026";"04/10/2026";"PA";"PA";"PARÁ";140002541728;3;21;"Veículo automotor terrestre: caminhão, automóvel, moto, etc.";"AUTOMOVEL";"20000,00";"08/08/2026";"08:23:32"
"11/08/2026";"19:30:45";2026;2;"Eleição Ordinária";6259;"Eleições Gerais Estaduais 2026";"04/10/2026";"PA";"PA";"PARÁ";140002541728;5;13;"Terreno";"EM SALINOPOLIS PA";"70000,00";"08/08/2026";"08:23:32"
"11/08/2026";"19:30:45";2026;2;"Eleição Ordinária";6259;"Eleições Gerais Estaduais 2026";"04/10/2026";"PA";"PA";"PARÁ";140002541728;6;13;"Terreno";"EM OUREM PA";"585000,00";"08/08/2026";"08:23:32"
"11/08/2026";"19:30:45";2026;2;"Eleição Ordinária";6259;"Eleições Gerais Estaduais 2026";"04/10/2026";"PA";"PA";"PARÁ";140002541728;4;21;"Veículo automotor terrestre: caminhão, automóvel, moto, etc.";"AUTOMOVEL";"450000,00";"08/08/2026";"08:23:32"
"11/08/2026";"19:30:45";2026;2;"Eleição Ordinária";6259;"Eleições Gerais Estaduais 2026";"04/10/2026";"PA";"PA";"PARÁ";140002541728;7;13;"Terreno";"EM CAPITÃO POÇO PA";"390000,00";"08/08/2026";"08:23:32"
"11/08/2026";"19:30:45";2026;2;"Eleição Ordinária";6259;"Eleições Gerais Estaduais 2026";"04/10/2026";"PA";"PA";"PARÁ";140002541728;8;21;"Veículo automotor terrestre: caminhão, automóvel, moto, etc.";"AUTOMOVEL";"15000,00";"08/08/2026";"08:23:32"
"11/08/2026";"19:30:45";2026;2;"Eleição Ordinária";6259;"Eleições Gerais Estaduais 2026";"04/10/2026";"PA";"PA";"PARÁ";140002541728;9;21;"Veículo automotor terrestre: caminhão, automóvel, moto, etc.";"AUTOMOVEL";"8000,00";"08/08/2026";"08:23:32"
"11/08/2026";"19:30:45";2026;2;"Eleição Ordinária";6259;"Eleições Gerais Estaduais 2026";"04/10/2026";"PA";"PA";"PARÁ";140002541728;12;63;"Dinheiro em espécie - moeda nacional";"VALOR EM ESPECIE";"98000,00";"08/08/2026";"08:23:32"
"11/08/2026";"19:30:45";2026;2;"Eleição Ordinária";6259;"Eleições Gerais Estaduais 2026";"04/10/2026";"PA";"PA";"PARÁ";140002541728;10;32;"Quotas ou quinhões de capital";"ESCUDERIA ECM";"150000,00";"08/08/2026";"08:23:32"
"11/08/2026";"19:30:45";2026;2;"Eleição Ordinária";6259;"Eleições Gerais Estaduais 2026";"04/10/2026";"PA";"PA";"PARÁ";140002541728;11;21;"Veículo automotor terrestre: caminhão, automóvel, moto, etc.";"AUTOMOVEL";"30000,00";"08/08/2026";"08:23:32"
"11/08/2026";"19:30:45";2026;2;"Eleição Ordinária";6259;"Eleições Gerais Estaduais 2026";"04/10/2026";"PA";"PA";"PARÁ";140002541729;3;32;"Quotas ou quinhões de capital";"QUOTAS OU QUINHOES DE CAPITAL";"1425000,00";"08/08/2026";"08:23:32"
"11/08/2026";"19:30:45";2026;2;"Eleição Ordinária";6259;"Eleições Gerais Estaduais 2026";"04/10/2026";"PA";"PA";"PARÁ";140002541729;2;61;"Depósito bancário em conta corrente no País";"VALOR EM CONTAS BANCARIAS";"2304407,74";"08/08/2026";"08:23:32"
"11/08/2026";"19:30:45";2026;2;"Eleição Ordinária";6259;"Eleições Gerais Estaduais 2026";"04/10/2026";"PA";"PA";"PARÁ";140002541729;1;99;"OUTROS BENS E DIREITOS";"BOVINOS";"4950000,00";"08/08/2026";"08:23:32"
"11/08/2026";"19:30:45";2026;2;"Eleição Ordinária";6259;"Eleições Gerais Estaduais 2026";"04/10/2026";"PA";"PA";"PARÁ";140002541730;3;21;"Veículo automotor terrestre: caminhão, automóvel, moto, etc.";"TOYOTA HILUX";"380000,00";"08/08/2026";"08:23:32"
"11/08/2026";"19:30:45";2026;2;"Eleição Ordinária";6259;"Eleições Gerais Estaduais 2026";"04/10/2026";"PA";"PA";"PARÁ";140002541730;1;12;"Casa";"CONDOMINIO CIDADE JARDIM, BELEM PA";"835000,00";"08/08/2026";"08:23:32"
"11/08/2026";"19:30:45";2026;2;"Eleição Ordinária";6259;"Eleições Gerais Estaduais 2026";"04/10/2026";"PA";"PA";"PARÁ";140002541730;2;13;"Terreno";"LOTE AGRICOLA, MOJU PA";"15000,00";"08/08/2026";"08:23:32"
"11/08/2026";"19:30:45";2026;2;"Eleição Ordinária";6259;"Eleições Gerais Estaduais 2026";"04/10/2026";"PA";"PA";"PARÁ";140002541730;5;12;"Casa";"AV. ALCINDO CACELA, BELÉM PA";"145550,63";"08/08/2026";"08:23:32"
"11/08/2026";"19:30:45";2026;2;"Eleição Ordinária";6259;"Eleições Gerais Estaduais 2026";"04/10/2026";"PA";"PA";"PARÁ";140002541730;4;45;"Aplicação de renda fixa (CDB, RDB e outros)";"SICOOB RENDA FIXA";"2000,00";"08/08/2026";"08:23:32"
"11/08/2026";"19:30:45";2026;2;"Eleição Ordinária";6259;"Eleições Gerais Estaduais 2026";"04/10/2026";"PA";"PA";"PARÁ";140002541730;6;45;"Aplicação de renda fixa (CDB, RDB e outros)";"CONTA CORRENTE BANPARA";"271405,21";"08/08/2026";"08:23:32"
"11/08/2026";"19:30:45";2026;2;"Eleição Ordinária";6259;"Eleições Gerais Estaduais 2026";"04/10/2026";"PA";"PA";"PARÁ";140002541730;8;11;"Apartamento";"ED. JARDINS DE IRACEMA, FORTALIZA CE";"635210,21";"08/08/2026";"08:23:32"
"11/08/2026";"19:30:45";2026;2;"Eleição Ordinária";6259;"Eleições Gerais Estaduais 2026";"04/10/2026";"PA";"PA";"PARÁ";140002541730;9;63;"Dinheiro em espécie - moeda nacional";"DINHEIRO EM ESPECIE";"50000,00";"08/08/2026";"08:23:32"
"11/08/2026";"19:30:45";2026;2;"Eleição Ordinária";6259;"Eleições Gerais Estaduais 2026";"04/10/2026";"PA";"PA";"PARÁ";140002541730;7;12;"Casa";"AV. CASTELO BRANCO, MOJU PA";"450500,00";"08/08/2026";"08:23:32"
"11/08/2026";"19:30:45";2026;2;"Eleição Ordinária";6259;"Eleições Gerais Estaduais 2026";"04/10/2026";"PA";"PA";"PARÁ";140002541730;10;45;"Aplicação de renda fixa (CDB, RDB e outros)";"BRADESCO RENDA FIXA";"187136,56";"08/08/2026";"08:23:32"
"11/08/2026";"19:30:45";2026;2;"Eleição Ordinária";6259;"Eleições Gerais Estaduais 2026";"04/10/2026";"PA";"PA";"PARÁ";140002541731;1;32;"Quotas ou quinhões de capital";"50% DO CAPITAL SOCIAL DA EMPRESA PANIFICADORA MISTER PAO LTDA";"450000,00";"08/08/2026";"08:23:32"
"11/08/2026";"19:30:45";2026;2;"Eleição Ordinária";6259;"Eleições Gerais Estaduais 2026";"04/10/2026";"PA";"PA";"PARÁ";140002541731;2;61;"Depósito bancário em conta corrente no País";"SALDO EM CONTA CORRENTE (CAPITAL SICRED)";"7649,67";"08/08/2026";"08:23:32"
"11/08/2026";"19:30:45";2026;2;"Eleição Ordinária";6259;"Eleições Gerais Estaduais 2026";"04/10/2026";"PA";"PA";"PARÁ";140002541731;3;21;"Veículo automotor terrestre: caminhão, automóvel, moto, etc.";"RENAULT MASTER COR BRANCO FURGAO L2H2 5P";"122000,00";"08/08/2026";"08:23:32"
"11/08/2026";"19:30:45";2026;2;"Eleição Ordinária";6259;"Eleições Gerais Estaduais 2026";"04/10/2026";"PA";"PA";"PARÁ";140002541731;5;63;"Dinheiro em espécie - moeda nacional";"DISPONIBILIDADE FINACEIRA DE MOEDA CORRENTE EM ESPÉCIE";"100000,00";"08/08/2026";"08:23:32"
"11/08/2026";"19:30:45";2026;2;"Eleição Ordinária";6259;"Eleições Gerais Estaduais 2026";"04/10/2026";"PA";"PA";"PARÁ";140002541731;4;32;"Quotas ou quinhões de capital";"80% DO CAPITAL SOCIAL DA EMPRESA MASSAMIX IND. DE PANIFICACAO E COM. LTDA";"160000,00";"08/08/2026";"08:23:32"
"11/08/2026";"19:30:45";2026;2;"Eleição Ordinária";6259;"Eleições Gerais Estaduais 2026";"04/10/2026";"PA";"PA";"PARÁ";140002541731;6;41;"Caderneta de poupança";"CONTA POUPANÇA NA CAIXA ECONÔMICA FEDERAL";"557,56";"08/08/2026";"08:23:32"
"11/08/2026";"19:30:45";2026;2;"Eleição Ordinária";6259;"Eleições Gerais Estaduais 2026";"04/10/2026";"PA";"PA";"PARÁ";140002541731;7;32;"Quotas ou quinhões de capital";"50% DAS QUOTAS DO CAPITAL SOCIAL NA SOCIEDADE EMPRESARIAL PANIFICADORA E PIZZARIA BOM PAO LTDA";"10000,00";"08/08/2026";"08:23:32"
"11/08/2026";"19:30:45";2026;2;"Eleição Ordinária";6259;"Eleições Gerais Estaduais 2026";"04/10/2026";"PA";"PA";"PARÁ";140002541731;8;32;"Quotas ou quinhões de capital";"100% DAS QUOTAS DO CAPITAL SOCIAL, INTEGRALIZADO NA SOCIEDADE EMPRESARIAL J DE N PINGARILHO NETO LTDA";"120000,00";"08/08/2026";"08:23:32"
"11/08/2026";"19:30:45";2026;2;"Eleição Ordinária";6259;"Eleições Gerais Estaduais 2026";"04/10/2026";"PA";"PA";"PARÁ";140002541731;9;11;"Apartamento";"CONDOMINIO AUGUSTO FERNANDES QUEIROZ ¿ SANTARÉM/PA";"400000,00";"08/08/2026";"08:23:32"
"11/08/2026";"19:30:45";2026;2;"Eleição Ordinária";6259;"Eleições Gerais Estaduais 2026";"04/10/2026";"PA";"PA";"PARÁ";140002541731;11;32;"Quotas ou quinhões de capital";"50% DO CAPITAL SOCIAL DA EMPRESA PANIFICADORA BOMPAO ITB LTDA";"75000,00";"08/08/2026";"08:23:32"
"11/08/2026";"19:30:45";2026;2;"Eleição Ordinária";6259;"Eleições Gerais Estaduais 2026";"04/10/2026";"PA";"PA";"PARÁ";140002541731;10;13;"Terreno";"AVENIDA PEDRO GENTIL ¿ SANTARÉM/PA";"160000,00";"08/08/2026";"08:23:32"
"11/08/2026";"19:30:45";2026;2;"Eleição Ordinária";6259;"Eleições Gerais Estaduais 2026";"04/10/2026";"PA";"PA";"PARÁ";140002541731;12;21;"Veículo automotor terrestre: caminhão, automóvel, moto, etc.";"RENAULT MASTER COR BRANCO FURGAO L2H2 5P";"122000,00";"08/08/2026";"08:23:32"
"11/08/2026";"19:30:45";2026;2;"Eleição Ordinária";6259;"Eleições Gerais Estaduais 2026";"04/10/2026";"PA";"PA";"PARÁ";140002541731;14;12;"Casa";"BAIRRO ELCIONE BARABALHO ¿ SANTARÉM/PA";"750000,00";"08/08/2026";"08:23:32"
"11/08/2026";"19:30:45";2026;2;"Eleição Ordinária";6259;"Eleições Gerais Estaduais 2026";"04/10/2026";"PA";"PA";"PARÁ";140002541731;13;41;"Caderneta de poupança";"CONTA POUPANÇA NO BANCO SICREDI";"54,11";"08/08/2026";"08:23:32"
"11/08/2026";"19:30:45";2026;2;"Eleição Ordinária";6259;"Eleições Gerais Estaduais 2026";"04/10/2026";"PA";"PA";"PARÁ";140002541732;3;11;"Apartamento";"50% RES. CHACARA ROSA DOS CAMPOS, ANANINDEUA/PA";"56094,03";"08/08/2026";"08:23:32"
"11/08/2026";"19:30:45";2026;2;"Eleição Ordinária";6259;"Eleições Gerais Estaduais 2026";"04/10/2026";"PA";"PA";"PARÁ";140002541732;2;63;"Dinheiro em espécie - moeda nacional";"DINHEIRO EM CAIXA";"1150000,00";"08/08/2026";"08:23:32"
"11/08/2026";"19:30:45";2026;2;"Eleição Ordinária";6259;"Eleições Gerais Estaduais 2026";"04/10/2026";"PA";"PA";"PARÁ";140002541732;1;32;"Quotas ou quinhões de capital";"EMPRESA 28.730.040/0001-08";"300000,00";"08/08/2026";"08:23:32"
"11/08/2026";"19:30:45";2026;2;"Eleição Ordinária";6259;"Eleições Gerais Estaduais 2026";"04/10/2026";"PA";"PA";"PARÁ";140002541732;4;32;"Quotas ou quinhões de capital";"EMPRESA RS CONSTRUÇÕES E IMOBILIÁRIA EIRELLI";"300000,00";"08/08/2026";"08:23:32"
"11/08/2026";"19:30:45";2026;2;"Eleição Ordinária";6259;"Eleições Gerais Estaduais 2026";"04/10/2026";"PA";"PA";"PARÁ";140002541732;5;61;"Depósito bancário em conta corrente no País";"CAIXA ECONOMICA FEDERAL";"34130,45";"08/08/2026";"08:23:32"
"11/08/2026";"19:30:45";2026;2;"Eleição Ordinária";6259;"Eleições Gerais Estaduais 2026";"04/10/2026";"PA";"PA";"PARÁ";140002541732;6;61;"Depósito bancário em conta corrente no País";"CONTA EMPRESA CNPJ 00.360.305/0001-04";"11032,13";"08/08/2026";"08:23:32"
"11/08/2026";"19:30:45";2026;2;"Eleição Ordinária";6259;"Eleições Gerais Estaduais 2026";"04/10/2026";"PA";"PA";"PARÁ";140002541733;1;21;"Veículo automotor terrestre: caminhão, automóvel, moto, etc.";"VEÍCULO";"55000,00";"08/08/2026";"08:23:32"
"11/08/2026";"19:30:45";2026;2;"Eleição Ordinária";6259;"Eleições Gerais Estaduais 2026";"04/10/2026";"PA";"PA";"PARÁ";140002541732;7;13;"Terreno";"COND. MARINA BELA VISTA, DISTRITO DE BENFICA, BENEVIDES/PA";"70000,00";"08/08/2026";"08:23:32"
"11/08/2026";"19:30:45";2026;2;"Eleição Ordinária";6259;"Eleições Gerais Estaduais 2026";"04/10/2026";"PA";"PA";"PARÁ";140002541732;8;61;"Depósito bancário em conta corrente no País";"CONTA EMPRESA";"16748,73";"08/08/2026";"08:23:32"
"11/08/2026";"19:30:45";2026;2;"Eleição Ordinária";6259;"Eleições Gerais Estaduais 2026";"04/10/2026";"PA";"PA";"PARÁ";140002541733;4;21;"Veículo automotor terrestre: caminhão, automóvel, moto, etc.";"CAMINHONETE";"230000,00";"08/08/2026";"08:23:32"
"11/08/2026";"19:30:45";2026;2;"Eleição Ordinária";6259;"Eleições Gerais Estaduais 2026";"04/10/2026";"PA";"PA";"PARÁ";140002541733;2;11;"Apartamento";"APARTAMENTO";"750000,00";"08/08/2026";"08:23:32"
"11/08/2026";"19:30:45";2026;2;"Eleição Ordinária";6259;"Eleições Gerais Estaduais 2026";"04/10/2026";"PA";"PA";"PARÁ";140002541733;3;19;"Outros bens imóveis";"IMÓVEL";"500000,00";"08/08/2026";"08:23:32"
"11/08/2026";"19:30:45";2026;2;"Eleição Ordinária";6259;"Eleições Gerais Estaduais 2026";"04/10/2026";"PA";"PA";"PARÁ";140002541733;6;12;"Casa";"CASA";"100000,00";"08/08/2026";"08:23:32"
"11/08/2026";"19:30:45";2026;2;"Eleição Ordinária";6259;"Eleições Gerais Estaduais 2026";"04/10/2026";"PA";"PA";"PARÁ";140002541733;7;13;"Terreno";"TERRENO URBANO";"140000,00";"08/08/2026";"08:23:32"
"11/08/2026";"19:30:45";2026;2;"Eleição Ordinária";6259;"Eleições Gerais Estaduais 2026";"04/10/2026";"PA";"PA";"PARÁ";140002541733;5;19;"Outros bens imóveis";"IMÓVEL";"600000,00";"08/08/2026";"08:23:32"
"11/08/2026";"19:30:45";2026;2;"Eleição Ordinária";6259;"Eleições Gerais Estaduais 2026";"04/10/2026";"PA";"PA";"PARÁ";140002541733;9;99;"OUTROS BENS E DIREITOS";"PREVIDÊNCIA";"937106,98";"08/08/2026";"08:23:32"
"11/08/2026";"19:30:45";2026;2;"Eleição Ordinária";6259;"Eleições Gerais Estaduais 2026";"04/10/2026";"PA";"PA";"PARÁ";140002541733;10;13;"Terreno";"TERRENO";"100000,00";"08/08/2026";"08:23:32"
"11/08/2026";"19:30:45";2026;2;"Eleição Ordinária";6259;"Eleições Gerais Estaduais 2026";"04/10/2026";"PA";"PA";"PARÁ";140002541733;8;19;"Outros bens imóveis";"IMÓVEL";"400000,00";"08/08/2026";"08:23:32"
"11/08/2026";"19:30:45";2026;2;"Eleição Ordinária";6259;"Eleições Gerais Estaduais 2026";"04/10/2026";"PA";"PA";"PARÁ";140002541734;2;21;"Veículo automotor terrestre: caminhão, automóvel, moto, etc.";"MARCA TOYOTA HILLUX PLACA: RWL5J56 ANO 2022";"300000,00";"08/08/2026";"08:23:32"
"11/08/2026";"19:30:45";2026;2;"Eleição Ordinária";6259;"Eleições Gerais Estaduais 2026";"04/10/2026";"PA";"PA";"PARÁ";140002541733;11;19;"Outros bens imóveis";"IMÓVEL";"400000,00";"08/08/2026";"08:23:32"
"11/08/2026";"19:30:45";2026;2;"Eleição Ordinária";6259;"Eleições Gerais Estaduais 2026";"04/10/2026";"PA";"PA";"PARÁ";140002541734;1;13;"Terreno";"LOCALIZADO NO JIQUIRI BRAGANÇA";"15000,00";"08/08/2026";"08:23:32"
"11/08/2026";"19:30:45";2026;2;"Eleição Ordinária";6259;"Eleições Gerais Estaduais 2026";"04/10/2026";"PA";"PA";"PARÁ";140002541734;3;61;"Depósito bancário em conta corrente no País";"DINHEIRO EM CONTAS CORRENTE NO BRASIL";"3000,00";"08/08/2026";"08:23:32"
"11/08/2026";"19:30:45";2026;2;"Eleição Ordinária";6259;"Eleições Gerais Estaduais 2026";"04/10/2026";"PA";"PA";"PARÁ";140002541735;1;99;"OUTROS BENS E DIREITOS";"BEZERROS";"350000,00";"08/08/2026";"08:23:32"
"11/08/2026";"19:30:45";2026;2;"Eleição Ordinária";6259;"Eleições Gerais Estaduais 2026";"04/10/2026";"PA";"PA";"PARÁ";140002541734;4;13;"Terreno";"LOCALIZADO NO RESIDENCIAL CIDADE JARDIM 2 BELEM";"132000,00";"08/08/2026";"08:23:32"
"11/08/2026";"19:30:45";2026;2;"Eleição Ordinária";6259;"Eleições Gerais Estaduais 2026";"04/10/2026";"PA";"PA";"PARÁ";140002541735;3;63;"Dinheiro em espécie - moeda nacional";"DINHEIRO EM ESPECIE";"145000,00";"08/08/2026";"08:23:32"
"11/08/2026";"19:30:45";2026;2;"Eleição Ordinária";6259;"Eleições Gerais Estaduais 2026";"04/10/2026";"PA";"PA";"PARÁ";140002541735;2;12;"Casa";"IMÓVEL NA RUA FLORIANO PEIXOTO, 1113 - URUARÁ/PA";"425000,00";"08/08/2026";"08:23:32"
"11/08/2026";"19:30:45";2026;2;"Eleição Ordinária";6259;"Eleições Gerais Estaduais 2026";"04/10/2026";"PA";"PA";"PARÁ";140002541735;4;12;"Casa";"LOCALIZADO NA TV BAHIA S/N VILA BRASIL";"400000,00";"08/08/2026";"08:23:32"
"11/08/2026";"19:30:45";2026;2;"Eleição Ordinária";6259;"Eleições Gerais Estaduais 2026";"04/10/2026";"PA";"PA";"PARÁ";140002541735;5;13;"Terreno";"TRES LOTES URBANOS";"160000,00";"08/08/2026";"08:23:32"
"11/08/2026";"19:30:45";2026;2;"Eleição Ordinária";6259;"Eleições Gerais Estaduais 2026";"04/10/2026";"PA";"PA";"PARÁ";140002541735;6;13;"Terreno";"CHACARA KM 224 SUL";"300000,00";"08/08/2026";"08:23:32"
"11/08/2026";"19:30:45";2026;2;"Eleição Ordinária";6259;"Eleições Gerais Estaduais 2026";"04/10/2026";"PA";"PA";"PARÁ";140002541736;1;19;"Outros bens imóveis";"FAZENDA";"770181,18";"08/08/2026";"08:23:32"
"11/08/2026";"19:30:45";2026;2;"Eleição Ordinária";6259;"Eleições Gerais Estaduais 2026";"04/10/2026";"PA";"PA";"PARÁ";140002541736;4;17;"Benfeitorias";"CURRAL";"20158,10";"08/08/2026";"08:23:32"
"11/08/2026";"19:30:45";2026;2;"Eleição Ordinária";6259;"Eleições Gerais Estaduais 2026";"04/10/2026";"PA";"PA";"PARÁ";140002541736;3;17;"Benfeitorias";"PLANTAÇÃO";"80258,00";"08/08/2026";"08:23:32"
"11/08/2026";"19:30:45";2026;2;"Eleição Ordinária";6259;"Eleições Gerais Estaduais 2026";"04/10/2026";"PA";"PA";"PARÁ";140002541736;2;99;"OUTROS BENS E DIREITOS";"BOVINOS";"550880,00";"08/08/2026";"08:23:32"
"11/08/2026";"19:30:45";2026;2;"Eleição Ordinária";6259;"Eleições Gerais Estaduais 2026";"04/10/2026";"PA";"PA";"PARÁ";140002541737;1;21;"Veículo automotor terrestre: caminhão, automóvel, moto, etc.";"CARRO JEEP 2023";"130000,00";"08/08/2026";"08:23:32"
"11/08/2026";"19:30:45";2026;2;"Eleição Ordinária";6259;"Eleições Gerais Estaduais 2026";"04/10/2026";"PA";"PA";"PARÁ";140002541736;5;63;"Dinheiro em espécie - moeda nacional";"DINHEIRO EM ESPECIE";"39000,00";"08/08/2026";"08:23:32"
"11/08/2026";"19:30:45";2026;2;"Eleição Ordinária";6259;"Eleições Gerais Estaduais 2026";"04/10/2026";"PA";"PA";"PARÁ";140002541737;2;12;"Casa";"CASA RESIDENCIAL";"1000000,00";"08/08/2026";"08:23:32"
"11/08/2026";"19:30:45";2026;2;"Eleição Ordinária";6259;"Eleições Gerais Estaduais 2026";"04/10/2026";"PA";"PA";"PARÁ";140002541738;2;21;"Veículo automotor terrestre: caminhão, automóvel, moto, etc.";"VEICULO";"50000,00";"08/08/2026";"08:23:32"
"11/08/2026";"19:30:45";2026;2;"Eleição Ordinária";6259;"Eleições Gerais Estaduais 2026";"04/10/2026";"PA";"PA";"PARÁ";140002541738;1;11;"Apartamento";"APARTAMENTO";"200000,00";"08/08/2026";"08:23:32"
"11/08/2026";"19:30:45";2026;2;"Eleição Ordinária";6259;"Eleições Gerais Estaduais 2026";"04/10/2026";"PA";"PA";"PARÁ";140002541739;1;12;"Casa";"TERRENO URBANO EM DOMINIO PLENO, EDIFICADO COM UMA CASA RESIDENCIAL, COLETADO SOB O NO 40, TIPO H, LOCALIZADO NA QUADRA 07, INTEGRANTE DO CONJUNTO CYPRESS GARDEN.";"491479,24";"08/08/2026";"08:23:32"
"11/08/2026";"19:30:45";2026;2;"Eleição Ordinária";6259;"Eleições Gerais Estaduais 2026";"04/10/2026";"PA";"PA";"PARÁ";140002541739;3;11;"Apartamento";"APTO LOCALIZADO NO ED. RIO PIAVE RESIDENCE UNID. 1502";"924858,20";"08/08/2026";"08:23:32"
"11/08/2026";"19:30:45";2026;2;"Eleição Ordinária";6259;"Eleições Gerais Estaduais 2026";"04/10/2026";"PA";"PA";"PARÁ";140002541739;4;11;"Apartamento";"APARTAMENTO-TIPO: 1904, INTEGRANTE DO EDIFICIO RESIDENCIAL BRASIL 19  ANDAR";"450000,00";"08/08/2026";"08:23:32"
"11/08/2026";"19:30:45";2026;2;"Eleição Ordinária";6259;"Eleições Gerais Estaduais 2026";"04/10/2026";"PA";"PA";"PARÁ";140002541739;2;41;"Caderneta de poupança";"POUPANCA";"30758,94";"08/08/2026";"08:23:32"
"11/08/2026";"19:30:45";2026;2;"Eleição Ordinária";6259;"Eleições Gerais Estaduais 2026";"04/10/2026";"PA";"PA";"PARÁ";140002541739;7;11;"Apartamento";"CONJUNTO RESIDENCIAL XAVANTE III. APARTAMENTO 106 BLOCO E";"120840,43";"08/08/2026";"08:23:32"
"11/08/2026";"19:30:45";2026;2;"Eleição Ordinária";6259;"Eleições Gerais Estaduais 2026";"04/10/2026";"PA";"PA";"PARÁ";140002541739;5;2;"Prédio comercial";"QUADRA BRAZ CORPORETE. SALA 306";"301264,12";"08/08/2026";"08:23:32"
"11/08/2026";"19:30:45";2026;2;"Eleição Ordinária";6259;"Eleições Gerais Estaduais 2026";"04/10/2026";"PA";"PA";"PARÁ";140002541739;6;2;"Prédio comercial";"SALA 307 - QUADRA BRAZ CORPORETE";"305313,54";"08/08/2026";"08:23:32"
"11/08/2026";"19:30:45";2026;2;"Eleição Ordinária";6259;"Eleições Gerais Estaduais 2026";"04/10/2026";"PA";"PA";"PARÁ";140002541739;10;13;"Terreno";"TERRENO EM DOMINIO COM EDIFICACAO.";"70292,48";"08/08/2026";"08:23:32"
"11/08/2026";"19:30:45";2026;2;"Eleição Ordinária";6259;"Eleições Gerais Estaduais 2026";"04/10/2026";"PA";"PA";"PARÁ";140002541739;8;13;"Terreno";"IMOVEL LOCALIZADO NA ALAMEDA VITA MAUES. RODOVIA BR 316 KM 5";"411757,55";"08/08/2026";"08:23:32"
"11/08/2026";"19:30:45";2026;2;"Eleição Ordinária";6259;"Eleições Gerais Estaduais 2026";"04/10/2026";"PA";"PA";"PARÁ";140002541739;9;13;"Terreno";"RUA MARIA DE LOURDES MACAPUNA. IMOVEL LOCALIZADO EM TERRENO URBANO, COM POSSE DE USO.";"158366,20";"08/08/2026";"08:23:32"
"11/08/2026";"19:30:45";2026;2;"Eleição Ordinária";6259;"Eleições Gerais Estaduais 2026";"04/10/2026";"PA";"PA";"PARÁ";140002541739;12;45;"Aplicação de renda fixa (CDB, RDB e outros)";"APLICACOES FINANCEIRAS";"439861,05";"08/08/2026";"08:23:32"
"11/08/2026";"19:30:45";2026;2;"Eleição Ordinária";6259;"Eleições Gerais Estaduais 2026";"04/10/2026";"PA";"PA";"PARÁ";140002541739;13;99;"OUTROS BENS E DIREITOS";"PREVIDENCIA";"299224,21";"08/08/2026";"08:23:32"
"11/08/2026";"19:30:45";2026;2;"Eleição Ordinária";6259;"Eleições Gerais Estaduais 2026";"04/10/2026";"PA";"PA";"PARÁ";140002541739;11;13;"Terreno";"LOTE";"300000,00";"08/08/2026";"08:23:32"
"11/08/2026";"19:30:45";2026;2;"Eleição Ordinária";6259;"Eleições Gerais Estaduais 2026";"04/10/2026";"PA";"PA";"PARÁ";140002541739;15;21;"Veículo automotor terrestre: caminhão, automóvel, moto, etc.";"VEICULO MARCA/MODELO: HILUX CD DSL 4X4 SRX";"279000,00";"08/08/2026";"08:23:32"
"11/08/2026";"19:30:45";2026;2;"Eleição Ordinária";6259;"Eleições Gerais Estaduais 2026";"04/10/2026";"PA";"PA";"PARÁ";140002541739;14;12;"Casa";"IMOVEL LOCALIZADO NO CONJ. MARANATA. CASA 6";"247617,44";"08/08/2026";"08:23:32"
"11/08/2026";"19:30:45";2026;2;"Eleição Ordinária";6259;"Eleições Gerais Estaduais 2026";"04/10/2026";"PA";"PA";"PARÁ";140002541739;16;41;"Caderneta de poupança";"POUPANÇA";"37978,88";"08/08/2026";"08:23:32"
"11/08/2026";"19:30:45";2026;2;"Eleição Ordinária";6259;"Eleições Gerais Estaduais 2026";"04/10/2026";"PA";"PA";"PARÁ";140002541739;17;21;"Veículo automotor terrestre: caminhão, automóvel, moto, etc.";"VEICULO NOVO MARCA/MODELO: I/LR RR SPT PHEV 404 HSE";"815968,14";"08/08/2026";"08:23:32"
"11/08/2026";"19:30:45";2026;2;"Eleição Ordinária";6259;"Eleições Gerais Estaduais 2026";"04/10/2026";"PA";"PA";"PARÁ";140002542386;1;45;"Aplicação de renda fixa (CDB, RDB e outros)";"APLICAÇÃO EM RENDA FIXA NO BANPARA";"23898,72";"10/08/2026";"17:34:46"
"11/08/2026";"19:30:45";2026;2;"Eleição Ordinária";6259;"Eleições Gerais Estaduais 2026";"04/10/2026";"PA";"PA";"PARÁ";140002542386;2;19;"Outros bens imóveis";"50% DE UM APARTAMENTO";"55000,00";"10/08/2026";"17:34:46"
"11/08/2026";"19:30:45";2026;2;"Eleição Ordinária";6259;"Eleições Gerais Estaduais 2026";"04/10/2026";"PA";"PA";"PARÁ";140002542386;4;13;"Terreno";"LOTE URBANO";"380000,00";"10/08/2026";"17:34:46"
"11/08/2026";"19:30:45";2026;2;"Eleição Ordinária";6259;"Eleições Gerais Estaduais 2026";"04/10/2026";"PA";"PA";"PARÁ";140002542386;5;59;"Outros créditos e poupança vinculados";"COOPERATIVA DE CRÉDITO SICOOB";"9923,99";"10/08/2026";"17:34:46"
"11/08/2026";"19:30:45";2026;2;"Eleição Ordinária";6259;"Eleições Gerais Estaduais 2026";"04/10/2026";"PA";"PA";"PARÁ";140002542386;3;61;"Depósito bancário em conta corrente no País";"SALDO EM CONTA CORRENTE BANCO DO BRASIL";"34408,48";"10/08/2026";"17:34:46"
"11/08/2026";"19:30:45";2026;2;"Eleição Ordinária";6259;"Eleições Gerais Estaduais 2026";"04/10/2026";"PA";"PA";"PARÁ";140002542387;1;21;"Veículo automotor terrestre: caminhão, automóvel, moto, etc.";"CARRO POPULAR";"120000,00";"11/08/2026";"08:33:16"
"11/08/2026";"19:30:45";2026;2;"Eleição Ordinária";6259;"Eleições Gerais Estaduais 2026";"04/10/2026";"PA";"PA";"PARÁ";140002542386;6;45;"Aplicação de renda fixa (CDB, RDB e outros)";"APLICAÇÃO EM RENDA FIXA NO SICOOB";"31000,00";"10/08/2026";"17:34:46"
"11/08/2026";"19:30:45";2026;2;"Eleição Ordinária";6259;"Eleições Gerais Estaduais 2026";"04/10/2026";"PA";"PA";"PARÁ";140002542387;2;13;"Terreno";"UM TERRENO COM 216M² COM UMA CONSTRUÇÃO RESIDENCIAL DE 26M²";"400000,00";"11/08/2026";"08:33:16"
"11/08/2026";"19:30:45";2026;2;"Eleição Ordinária";6259;"Eleições Gerais Estaduais 2026";"04/10/2026";"PA";"PA";"PARÁ";140002542691;2;12;"Casa";"CASA RESIDENCIAL - AV. YAMADA, RUA BIOBAO, QDA I LOTE 07, TAPANA - BELÉM (COND. JARDIM ESPANHA)";"399300,00";"08/08/2026";"10:34:13"
"11/08/2026";"19:30:45";2026;2;"Eleição Ordinária";6259;"Eleições Gerais Estaduais 2026";"04/10/2026";"PA";"PA";"PARÁ";140002542691;3;12;"Casa";"CASA EM CONSTRUÇÃO SOBRE TERRENO LOCALIZADO NA AV. INDEPENDENTE NOBERTO LIMA, SETOR ARAGUIA, SUB URBANO, COM DIMENSÃO DE 5.511M, CONCEIÇÃO DO ARAGUAIA.";"132000,00";"08/08/2026";"10:34:13"
"11/08/2026";"19:30:45";2026;2;"Eleição Ordinária";6259;"Eleições Gerais Estaduais 2026";"04/10/2026";"PA";"PA";"PARÁ";140002542691;1;99;"OUTROS BENS E DIREITOS";"CAIXA DE PREVIDENCIA COMPLEMENTAR DO BANCO DA AMAZONIA";"111417,05";"08/08/2026";"10:34:13"
"11/08/2026";"19:30:45";2026;2;"Eleição Ordinária";6259;"Eleições Gerais Estaduais 2026";"04/10/2026";"PA";"PA";"PARÁ";140002542691;6;45;"Aplicação de renda fixa (CDB, RDB e outros)";"BRASIL PREV S/A";"300000,00";"08/08/2026";"10:34:13"
"11/08/2026";"19:30:45";2026;2;"Eleição Ordinária";6259;"Eleições Gerais Estaduais 2026";"04/10/2026";"PA";"PA";"PARÁ";140002542691;4;13;"Terreno";"AREA RURAL DE 305,8 HECTARES SENDO A COMPRA E VENDA DE TERRENO/ FRAÇÃO ADQUIRIDO EM 01/07/2022.";"1275006,63";"08/08/2026";"10:34:13"
"11/08/2026";"19:30:45";2026;2;"Eleição Ordinária";6259;"Eleições Gerais Estaduais 2026";"04/10/2026";"PA";"PA";"PARÁ";140002542691;5;99;"OUTROS BENS E DIREITOS";"REDIMENTOS RECEBIDOS DE PESSOA JURIDICA - SENADO FEDERAL";"554036,61";"08/08/2026";"10:34:13"
"11/08/2026";"19:30:45";2026;2;"Eleição Ordinária";6259;"Eleições Gerais Estaduais 2026";"04/10/2026";"PA";"PA";"PARÁ";140002544233;2;11;"Apartamento";"APARTAMENTO SITIO AVENIDA BOA VENTURA ED. SÃO JUAN BELÉM, REALIZADO UMA BENFEITORIA ANO 2018 NA VALOR DE R$ 10.000,00.";"160000,00";"10/08/2026";"10:23:32"
"11/08/2026";"19:30:45";2026;2;"Eleição Ordinária";6259;"Eleições Gerais Estaduais 2026";"04/10/2026";"PA";"PA";"PARÁ";140002544233;1;41;"Caderneta de poupança";"POUPANÇA";"0,25";"10/08/2026";"10:23:32"
"11/08/2026";"19:30:45";2026;2;"Eleição Ordinária";6259;"Eleições Gerais Estaduais 2026";"04/10/2026";"PA";"PA";"PARÁ";140002542691;7;45;"Aplicação de renda fixa (CDB, RDB e outros)";"BB RENDA FIXA LONGO PRAZO HIGH FUNDO DE INVESTIMENTO EM COTAS DE FIF RESPONSABILIDADE LIMITADA.";"203527,22";"08/08/2026";"10:34:13"
"11/08/2026";"19:30:45";2026;2;"Eleição Ordinária";6259;"Eleições Gerais Estaduais 2026";"04/10/2026";"PA";"PA";"PARÁ";140002544233;3;61;"Depósito bancário em conta corrente no País";"DEPOSITO EM CONTA CORRENTE";"20,39";"10/08/2026";"10:23:32"
"11/08/2026";"19:30:45";2026;2;"Eleição Ordinária";6259;"Eleições Gerais Estaduais 2026";"04/10/2026";"PA";"PA";"PARÁ";140002544233;4;21;"Veículo automotor terrestre: caminhão, automóvel, moto, etc.";"VEICULO MARCA MODELO TOYOTA HILUX SW4 4X4 ANO 2013 ANO 2014, PLACA OTW-8921";"115000,00";"10/08/2026";"10:23:32"
"11/08/2026";"19:30:45";2026;2;"Eleição Ordinária";6259;"Eleições Gerais Estaduais 2026";"04/10/2026";"PA";"PA";"PARÁ";140002544236;1;21;"Veículo automotor terrestre: caminhão, automóvel, moto, etc.";"CARRO COROLA CROSS, ANO 2023 HYBRIDO";"151575,00";"10/08/2026";"10:23:32"
"11/08/2026";"19:30:45";2026;2;"Eleição Ordinária";6259;"Eleições Gerais Estaduais 2026";"04/10/2026";"PA";"PA";"PARÁ";140002544239;1;41;"Caderneta de poupança";"DINHEIRO EM POUPANÇA";"769,18";"10/08/2026";"10:23:32"
"11/08/2026";"19:30:45";2026;2;"Eleição Ordinária";6259;"Eleições Gerais Estaduais 2026";"04/10/2026";"PA";"PA";"PARÁ";140002544236;2;13;"Terreno";"TERRENO NO CONDOMINIO PORTO MARINE";"200000,00";"10/08/2026";"10:23:32"
"11/08/2026";"19:30:45";2026;2;"Eleição Ordinária";6259;"Eleições Gerais Estaduais 2026";"04/10/2026";"PA";"PA";"PARÁ";140002544241;1;21;"Veículo automotor terrestre: caminhão, automóvel, moto, etc.";"CAMINHONETE FORD RANGER XLSCD4A22C, ADQUIRIDA EM 2021 COM ENTRADA DE R$ 75.000,00 E O RESTANTE FINANCIADO. PAGO EM 2022 12 PARCELAS DE R$ 3.000,00 TOTALIZANDO R$ 45.600,00. PAGO EM 2023 12 PARCELAS.";"173800,00";"10/08/2026";"10:23:32"
"11/08/2026";"19:30:45";2026;2;"Eleição Ordinária";6259;"Eleições Gerais Estaduais 2026";"04/10/2026";"PA";"PA";"PARÁ";140002544242;1;61;"Depósito bancário em conta corrente no País";"SALDO EM CONTA CORRENTE DO BANCO DO BRASIL S/A";"145,69";"10/08/2026";"10:23:32"
"11/08/2026";"19:30:45";2026;2;"Eleição Ordinária";6259;"Eleições Gerais Estaduais 2026";"04/10/2026";"PA";"PA";"PARÁ";140002544241;2;21;"Veículo automotor terrestre: caminhão, automóvel, moto, etc.";"VW/VIRTUS CL AD, 2019/2020, ADQUIRIDO EM 2021 COM ENTRADA DE R$ 40.000,00 E O RESTANTE FINANCIADO. PAGO EM 2022 12 PARCELAS DE R$ 1.400,00, TOTALIZANDO R$ 16.800,00 PAGO EM 2023 12 PARCELAS.";"77800,00";"10/08/2026";"10:23:32"
"11/08/2026";"19:30:45";2026;2;"Eleição Ordinária";6259;"Eleições Gerais Estaduais 2026";"04/10/2026";"PA";"PA";"PARÁ";140002544242;2;21;"Veículo automotor terrestre: caminhão, automóvel, moto, etc.";"VEICULO FIAT ARGO DRIVE 1.0 ANO2022, MOD 2023 PLACA RXA7E30 COM ALIENADO JUNTO BB VEICULOS.";"93000,00";"10/08/2026";"10:23:32"
"11/08/2026";"19:30:45";2026;2;"Eleição Ordinária";6259;"Eleições Gerais Estaduais 2026";"04/10/2026";"PA";"PA";"PARÁ";140002544243;1;99;"OUTROS BENS E DIREITOS";"INFORMADO POR CNPJ 00.416.968/0001-01";"7522,29";"11/08/2026";"12:23:33"
"11/08/2026";"19:30:45";2026;2;"Eleição Ordinária";6259;"Eleições Gerais Estaduais 2026";"04/10/2026";"PA";"PA";"PARÁ";140002544242;4;21;"Veículo automotor terrestre: caminhão, automóvel, moto, etc.";"JEEP COMPASS LONG TF COR BARNCA ANO/MOD 2023/2024 PLACA SZL3E11 COM ALIENAÇÃO JUNTO AO BB VEICULOS";"210000,00";"10/08/2026";"10:23:32"
"11/08/2026";"19:30:45";2026;2;"Eleição Ordinária";6259;"Eleições Gerais Estaduais 2026";"04/10/2026";"PA";"PA";"PARÁ";140002544242;3;21;"Veículo automotor terrestre: caminhão, automóvel, moto, etc.";"MMC/TRITON SPORT HPE S ANO 2024 MOD. 2025, COR BRANCA PLACA SZE4D34 SENDO R$ 180.000,00 ANTIGA TRITON DE ENTREGA E O RESTANTE ATRAVÉS DE ALIENAÇÃO FIDUCIARIA JUNTO AO BB VEICULOS.";"299000,00";"10/08/2026";"10:23:32"
"11/08/2026";"19:30:45";2026;2;"Eleição Ordinária";6259;"Eleições Gerais Estaduais 2026";"04/10/2026";"PA";"PA";"PARÁ";140002544247;2;12;"Casa";"CASA RESIDENCIAL NA ILHA DO MOSQUEIRO";"350000,00";"10/08/2026";"10:23:32"
"11/08/2026";"19:30:45";2026;2;"Eleição Ordinária";6259;"Eleições Gerais Estaduais 2026";"04/10/2026";"PA";"PA";"PARÁ";140002544243;2;99;"OUTROS BENS E DIREITOS";"INFORMADO POR CNPJ 00.416.968/0001-01";"47,98";"11/08/2026";"12:23:33"
"11/08/2026";"19:30:45";2026;2;"Eleição Ordinária";6259;"Eleições Gerais Estaduais 2026";"04/10/2026";"PA";"PA";"PARÁ";140002544247;1;21;"Veículo automotor terrestre: caminhão, automóvel, moto, etc.";"CARRO FORD RANGER XLS, ANO 2025/2026";"250000,00";"10/08/2026";"10:23:32"
"11/08/2026";"19:30:45";2026;2;"Eleição Ordinária";6259;"Eleições Gerais Estaduais 2026";"04/10/2026";"PA";"PA";"PARÁ";140002544247;4;32;"Quotas ou quinhões de capital";"QUOTA DE CAPITAL: 100% DA REDE PARK BUFFET LTDA";"300000,00";"10/08/2026";"10:23:32"
"11/08/2026";"19:30:45";2026;2;"Eleição Ordinária";6259;"Eleições Gerais Estaduais 2026";"04/10/2026";"PA";"PA";"PARÁ";140002544247;5;21;"Veículo automotor terrestre: caminhão, automóvel, moto, etc.";"CARRO JEEP COMMANDER 2022/2023";"200000,00";"10/08/2026";"10:23:32"
"11/08/2026";"19:30:45";2026;2;"Eleição Ordinária";6259;"Eleições Gerais Estaduais 2026";"04/10/2026";"PA";"PA";"PARÁ";140002544247;3;21;"Veículo automotor terrestre: caminhão, automóvel, moto, etc.";"MOTO YAMAHA R6/600CC";"45000,00";"10/08/2026";"10:23:32"
"11/08/2026";"19:30:45";2026;2;"Eleição Ordinária";6259;"Eleições Gerais Estaduais 2026";"04/10/2026";"PA";"PA";"PARÁ";140002544248;3;41;"Caderneta de poupança";"CONTA POUPANCA - CAIXA ECONOMICA";"2222,09";"10/08/2026";"10:23:32"
"11/08/2026";"19:30:45";2026;2;"Eleição Ordinária";6259;"Eleições Gerais Estaduais 2026";"04/10/2026";"PA";"PA";"PARÁ";140002544248;1;32;"Quotas ou quinhões de capital";"PROPRIETARIO E SOCIO ADMINISTRADOR DA EMPRESA K V M MOREIRA, CNPJ:46.093.799/0001-09, COM CAPITAL SOCIAL DE R$ 5.000,00";"5000,00";"10/08/2026";"10:23:32"
"11/08/2026";"19:30:45";2026;2;"Eleição Ordinária";6259;"Eleições Gerais Estaduais 2026";"04/10/2026";"PA";"PA";"PARÁ";140002544248;2;13;"Terreno";"IMOVEL RURAL DENOMINADO RANCHO HK, LOCALIZADO NO MUNICIPIO DE XINGUARA/PA, COM AREA APROXIMADA DE 5,3451 HECTARES, CONFORME MATRICULA NO 24.881 DO CARTORIO DE REGISTRO DE IMOVEIS DE XINGUARA/PA. O IMO";"140000,00";"10/08/2026";"10:23:32"
"11/08/2026";"19:30:45";2026;2;"Eleição Ordinária";6259;"Eleições Gerais Estaduais 2026";"04/10/2026";"PA";"PA";"PARÁ";140002544249;1;61;"Depósito bancário em conta corrente no País";"CONTA CORRENTE BANCO DO BRASIL";"867,45";"10/08/2026";"10:23:32"
"11/08/2026";"19:30:45";2026;2;"Eleição Ordinária";6259;"Eleições Gerais Estaduais 2026";"04/10/2026";"PA";"PA";"PARÁ";140002544248;5;21;"Veículo automotor terrestre: caminhão, automóvel, moto, etc.";"MOTOCICLETA MARCA/MODELO HONDA/CG 160 TITAN EX, ANO DE FABRICACAO E MODELO 2016, COR BRANCA, COMBUSTIVEL ALCOOL/GASOLINA, CATEGORIA PARTICULAR, PLACA QEA2472, RENAVAM 01080357545.";"16000,00";"10/08/2026";"10:23:32"
"11/08/2026";"19:30:45";2026;2;"Eleição Ordinária";6259;"Eleições Gerais Estaduais 2026";"04/10/2026";"PA";"PA";"PARÁ";140002544248;4;21;"Veículo automotor terrestre: caminhão, automóvel, moto, etc.";"MOTOCICLETA MARCA/MODELO HONDA/XRE 190, ANO DE FABRICACAO E MODELO 2023, COR VERMELHA, COMBUSTIVEL ALCOOL/GASOLINA, CATEGORIA PARTICULAR, PLACA SZB6A78, RENAVAM 01372704768.";"22150,00";"10/08/2026";"10:23:32"
"11/08/2026";"19:30:45";2026;2;"Eleição Ordinária";6259;"Eleições Gerais Estaduais 2026";"04/10/2026";"PA";"PA";"PARÁ";140002544249;2;63;"Dinheiro em espécie - moeda nacional";"DINHEIRO EM COFRE DOMESTICO";"33850,00";"10/08/2026";"10:23:32"
"11/08/2026";"19:30:45";2026;2;"Eleição Ordinária";6259;"Eleições Gerais Estaduais 2026";"04/10/2026";"PA";"PA";"PARÁ";140002544249;3;41;"Caderneta de poupança";"POUPANÇA OURO - BANCO DO BRASIL";"3000,43";"10/08/2026";"10:23:32"
"11/08/2026";"19:30:45";2026;2;"Eleição Ordinária";6259;"Eleições Gerais Estaduais 2026";"04/10/2026";"PA";"PA";"PARÁ";140002544251;1;13;"Terreno";"TERRENO URBANO SITUADO A MARGEM DIREITA DA RODOVIA BR-316, BAIRRO INDUSTRIAL, CIDADE DE CASTANHAL/PA, ADQUIRIDO POR COMPRA EM 20/09/2000";"25000,00";"10/08/2026";"10:23:32"
"11/08/2026";"19:30:45";2026;2;"Eleição Ordinária";6259;"Eleições Gerais Estaduais 2026";"04/10/2026";"PA";"PA";"PARÁ";140002544251;2;13;"Terreno";"TERRENO URBANO MEDINDO 1667 M2, SITUADO A RUA PAES DE CARVALHO, BAIRRO IANETAMA, EM CASTANHAL/PA";"100000,00";"10/08/2026";"10:23:32"
"11/08/2026";"19:30:45";2026;2;"Eleição Ordinária";6259;"Eleições Gerais Estaduais 2026";"04/10/2026";"PA";"PA";"PARÁ";140002544251;3;13;"Terreno";"TERRENO URBANO LOTE 022, LOCALIZADO ALAMEDA PUPUNHA, AREACOM 887,19M2, LOTEAMENTO QUINTA DO BOSQUE, CIDADE DE CASTASNHAL/PA.";"240206,69";"10/08/2026";"10:23:32"
"11/08/2026";"19:30:45";2026;2;"Eleição Ordinária";6259;"Eleições Gerais Estaduais 2026";"04/10/2026";"PA";"PA";"PARÁ";140002544251;4;13;"Terreno";"TERRENO URBANO CARACTERIZADO PELOS LOTES 07, 08, 11 E 12 NA QD. C LOTEAMENTO SANTA HELENA, SITUADO NA TRV. ESPIRITO SANTO, BAIRRO NOVA OLINDA, CASTANHAL/PA";"80000,00";"10/08/2026";"10:23:32"
"11/08/2026";"19:30:45";2026;2;"Eleição Ordinária";6259;"Eleições Gerais Estaduais 2026";"04/10/2026";"PA";"PA";"PARÁ";140002544251;6;11;"Apartamento";"APARTAMENTO LOCALIZADO A AV. BARAO DO RIO BRANCO, 301, BAIRRO NOVA OLINDA, CIDADE DE CASTANHAL, RESIDENCIAL KAZUMA OYAMA, ADQUIRIDO DA GUAMA ENGENHARIA LTDA4.710.943/0001-69 EM LTDA4.710.943/0001-69";"10000,00";"10/08/2026";"10:23:32"
"11/08/2026";"19:30:45";2026;2;"Eleição Ordinária";6259;"Eleições Gerais Estaduais 2026";"04/10/2026";"PA";"PA";"PARÁ";140002544251;7;2;"Prédio comercial";"PREDIO SITUADO NA TRV. IRMÃ ADELAIDE, 525, BAIRRO CAICARA (CONSTRUCAO CONCLUIDA EM 1999)-CASTANHALULA 2047";"35000,00";"10/08/2026";"10:23:32"
"11/08/2026";"19:30:45";2026;2;"Eleição Ordinária";6259;"Eleições Gerais Estaduais 2026";"04/10/2026";"PA";"PA";"PARÁ";140002544251;5;13;"Terreno";"TERRENO URBANO MEDINDO 10X30 MTS. SITUADO NA RUA WILSON NENO, JARDIM TOKIO, CIDADE DE CASTANHAL/PA. TITULO AFORAMENTO NO 1125";"416,37";"10/08/2026";"10:23:32"
"11/08/2026";"19:30:45";2026;2;"Eleição Ordinária";6259;"Eleições Gerais Estaduais 2026";"04/10/2026";"PA";"PA";"PARÁ";140002544251;9;16;"Construção";"CONSTRUÇÃO EM ANDAENTO DE UM GALPÃO SOBRE O TERRENO SITUADO NA RUA MAJOR WILSON, N. 425, BAIRRO NOVA OLINDA, CASTNHAL/PA";"175790,02";"10/08/2026";"10:23:32"
"11/08/2026";"19:30:45";2026;2;"Eleição Ordinária";6259;"Eleições Gerais Estaduais 2026";"04/10/2026";"PA";"PA";"PARÁ";140002544251;8;13;"Terreno";"TERRENO URBANO MEDINDO 20X30 MTS. LOTES 11 E 12 DA QD. F, SITUADO NA RUA CTE ASSIS JARDIM TOKIO EM CASTANHAL PA, TITULO DE AFORAMENTO NO 1123";"1038,47";"10/08/2026";"10:23:32"
"11/08/2026";"19:30:45";2026;2;"Eleição Ordinária";6259;"Eleições Gerais Estaduais 2026";"04/10/2026";"PA";"PA";"PARÁ";140002544251;10;13;"Terreno";"TERRENO URBANO EDIFICADO COM UMA CASA COMERCIAL SITUADO NA AV. BARAO DO RIO BRANCO NO 3018, NA CIDADE DE CASTANHAL/PA";"20000,00";"10/08/2026";"10:23:32"
"11/08/2026";"19:30:45";2026;2;"Eleição Ordinária";6259;"Eleições Gerais Estaduais 2026";"04/10/2026";"PA";"PA";"PARÁ";140002544251;13;45;"Aplicação de renda fixa (CDB, RDB e outros)";"APLICAÇÃODE RENDA FIXA EM CDB AUTOMATICO DO BANCO DO BRASIL";"236777,70";"10/08/2026";"10:23:32"
"11/08/2026";"19:30:45";2026;2;"Eleição Ordinária";6259;"Eleições Gerais Estaduais 2026";"04/10/2026";"PA";"PA";"PARÁ";140002544251;11;13;"Terreno";"TERRENO SITUADO A RUA MAJOR ILSON SANTOS, ESQ. DA AL. SANTA MAIA, NO 425, BAIRRO NOVA OLINDA, CASTANHAL/PA";"60000,00";"10/08/2026";"10:23:32"
"11/08/2026";"19:30:45";2026;2;"Eleição Ordinária";6259;"Eleições Gerais Estaduais 2026";"04/10/2026";"PA";"PA";"PARÁ";140002544251;12;13;"Terreno";"TERRENO DE 29680 M2, SITUADO NO RAMAL DE BOA VISTA, VILA APEU EM CASTANHAL/PA";"5000,00";"10/08/2026";"10:23:32"
"11/08/2026";"19:30:45";2026;2;"Eleição Ordinária";6259;"Eleições Gerais Estaduais 2026";"04/10/2026";"PA";"PA";"PARÁ";140002544251;15;11;"Apartamento";"APARTAMENTO NO RESIDENCIAL JOSÉ COELHO MOTA, BLOCO A, , APTO 301, EM, CASTANHAL-PA-QUITADO.";"45680,15";"10/08/2026";"10:23:32"
"11/08/2026";"19:30:45";2026;2;"Eleição Ordinária";6259;"Eleições Gerais Estaduais 2026";"04/10/2026";"PA";"PA";"PARÁ";140002544251;16;12;"Casa";"CASA RESIDENCIAL EDIFICADA NO TERRENO URBANO COM 19.300 M2, SITUADO A AV. BARAO DO RIO BRANCO NO 123, BAIRRO BETANIA EM CASTANHAL/PA, ADQUIRIDO EM 14/04/2011";"300000,00";"10/08/2026";"10:23:32"
"11/08/2026";"19:30:45";2026;2;"Eleição Ordinária";6259;"Eleições Gerais Estaduais 2026";"04/10/2026";"PA";"PA";"PARÁ";140002544251;14;45;"Aplicação de renda fixa (CDB, RDB e outros)";"CAIXA GIRO IMEDIATO FIC DE CLASSE FIF RENDA FIXA REFERENCIADO DE LONGO PRAZO";"11010,02";"10/08/2026";"10:23:32"
"11/08/2026";"19:30:45";2026;2;"Eleição Ordinária";6259;"Eleições Gerais Estaduais 2026";"04/10/2026";"PA";"PA";"PARÁ";140002544251;17;13;"Terreno";"TERRENO URBANO MEDINDO 11X27 MTS SITUADO A ALAMEDA RAIMUNDO LEMOS, CIDADE DE CASTANHAL/PA.- TITULO DE AFORAMENTO NO 2123";"555,17";"10/08/2026";"10:23:32"
"11/08/2026";"19:30:45";2026;2;"Eleição Ordinária";6259;"Eleições Gerais Estaduais 2026";"04/10/2026";"PA";"PA";"PARÁ";140002544251;18;13;"Terreno";"TERRENO URBANO MEDINDO 20X30 MTS. LOTES 10 E 11 DA QD. B LOTEAMENTO ESPERANCA II, CIDADE DE CASTANHAL/PA.";"832,75";"10/08/2026";"10:23:32"
"11/08/2026";"19:30:45";2026;2;"Eleição Ordinária";6259;"Eleições Gerais Estaduais 2026";"04/10/2026";"PA";"PA";"PARÁ";140002544251;19;13;"Terreno";"TERRENO URBANO MEDINDO 20X30 MTS. LOTES 11 E 12 DA QB. F, SITUADO NA RUA CTE. ASSIS JARDIM TOKIO EM CASTANHAL/PA CF CONFORME TITULO DE AFORAMENTO NO 1126 DE 11/06/1990";"2498,29";"10/08/2026";"10:23:32"
"11/08/2026";"19:30:45";2026;2;"Eleição Ordinária";6259;"Eleições Gerais Estaduais 2026";"04/10/2026";"PA";"PA";"PARÁ";140002544251;20;13;"Terreno";"TERRENO SITUADO NA RUA IVO BRASIL GRAEWHEN, S/N, BAIRRO CRISTO REDENTOR, EM CASTANHAL/PA, ADQUIRIDO POR COMPRA DE SINDITAXIS, CNPJ N. 05.113.238/0001-47";"200000,00";"10/08/2026";"10:23:32"
"11/08/2026";"19:30:45";2026;2;"Eleição Ordinária";6259;"Eleições Gerais Estaduais 2026";"04/10/2026";"PA";"PA";"PARÁ";140002544251;21;13;"Terreno";"TERRENO MARGEM ESQUERDA DO RIO APEU, RAMAL DA BOA VISTA, CIDADE DE CASTANHAL-PARA, MATRICULA N. 5767";"15000,00";"10/08/2026";"10:23:32"
"11/08/2026";"19:30:45";2026;2;"Eleição Ordinária";6259;"Eleições Gerais Estaduais 2026";"04/10/2026";"PA";"PA";"PARÁ";140002544251;22;13;"Terreno";"TERRENO MEDINDO 10MX74,5M, SITUADO A AV. BARAO DO RIO BRANCO, BAIRRO NOVA OLINDA, CIDADE DE CASTANHAL/PA";"25000,00";"10/08/2026";"10:23:32"
"11/08/2026";"19:30:45";2026;2;"Eleição Ordinária";6259;"Eleições Gerais Estaduais 2026";"04/10/2026";"PA";"PA";"PARÁ";140002544251;23;12;"Casa";"IMOVEL RURAL COM 16,3683 HA, SITUADO NO RAMAL DA BOA VISTA, MUNICIPIO DE CASTANHAL-PARA, RESULTANTE DA UNIFICAÇÃO DOS  IMOVEIS SOBRE AS MATRICULAS 6513, 6218, 33720 E 13382.";"105009,52";"10/08/2026";"10:23:32"
"11/08/2026";"19:30:45";2026;2;"Eleição Ordinária";6259;"Eleições Gerais Estaduais 2026";"04/10/2026";"PA";"PA";"PARÁ";140002544251;24;32;"Quotas ou quinhões de capital";"QUOTAS DE CAPITAL NA EMPRESA PRENORTE-PREMOLDADOS DO NORTE LTDA. EM NOME DO CONJUGUE SRA. ROSANGELA MAGALY ARAUJO DA MOTA";"510000,00";"10/08/2026";"10:23:32"
"11/08/2026";"19:30:45";2026;2;"Eleição Ordinária";6259;"Eleições Gerais Estaduais 2026";"04/10/2026";"PA";"PA";"PARÁ";140002544251;25;13;"Terreno";"TERRENO URBANO EDIFICADO COM DUAS CASAS RESIDENCIAIS E UM GALPAO SITUADO NA AV. BARAO DO RIO BRANCO, N° 928, 938 E 956, BAIRRO DE NOVA OLINDA, CIDADE DE CASTAHAL/PA.";"40000,00";"10/08/2026";"10:23:32"
"11/08/2026";"19:30:45";2026;2;"Eleição Ordinária";6259;"Eleições Gerais Estaduais 2026";"04/10/2026";"PA";"PA";"PARÁ";140002544251;28;21;"Veículo automotor terrestre: caminhão, automóvel, moto, etc.";"VEICULO MODELO MARCA MITSUBISHI, MODELO PAJERO TR4 FLEX, ANO 2011/2011, ADQUIRIDO DE JC MARANHAO COM. E REPRESENTAÇÃO LTDA, CNPJ N. 83.208.140/0001-87";"73000,00";"10/08/2026";"10:23:32"
"11/08/2026";"19:30:45";2026;2;"Eleição Ordinária";6259;"Eleições Gerais Estaduais 2026";"04/10/2026";"PA";"PA";"PARÁ";140002544251;26;11;"Apartamento";"APARTAMENTO N° 301, BLOCO 01, NO RESIDENCIAL KAZUMA OYAMA, SITUADO A AV. BARAO DO RIO BRANCO N° 863, BAIRRO NOVA OLINDA, CIDADE DE CASTANHAL/PA";"20000,00";"10/08/2026";"10:23:32"
"11/08/2026";"19:30:45";2026;2;"Eleição Ordinária";6259;"Eleições Gerais Estaduais 2026";"04/10/2026";"PA";"PA";"PARÁ";140002544251;27;13;"Terreno";"TERRENO SITUADO A RUA JOSE MARIA DO LAGO, N. 875, CIDADE DE CASTANHAL/PA, MATRICULA 16289";"15000,00";"10/08/2026";"10:23:32"
"11/08/2026";"19:30:45";2026;2;"Eleição Ordinária";6259;"Eleições Gerais Estaduais 2026";"04/10/2026";"PA";"PA";"PARÁ";140002544251;29;21;"Veículo automotor terrestre: caminhão, automóvel, moto, etc.";"VEICULO MARCA JEEP MODELO RENEGADE ANO 2021, ADQUIRIDO DE PRENORTE PREMOLDADOS DO NORTE LTDA, CNPJ N. 15.320.930/0001-08";"60000,00";"10/08/2026";"10:23:32"
"11/08/2026";"19:30:45";2026;2;"Eleição Ordinária";6259;"Eleições Gerais Estaduais 2026";"04/10/2026";"PA";"PA";"PARÁ";140002544251;30;45;"Aplicação de renda fixa (CDB, RDB e outros)";"APLICAÇÃO EM CDB DO BANCO DO BRASIL";"100000,00";"10/08/2026";"10:23:32"
"11/08/2026";"19:30:45";2026;2;"Eleição Ordinária";6259;"Eleições Gerais Estaduais 2026";"04/10/2026";"PA";"PA";"PARÁ";140002544251;31;97;"VGBL - Vida Gerador de Benefício Livre";"VGBL NA CAIXA ECONOMICA FEDERAL";"1998833,29";"10/08/2026";"10:23:32"
"11/08/2026";"19:30:45";2026;2;"Eleição Ordinária";6259;"Eleições Gerais Estaduais 2026";"04/10/2026";"PA";"PA";"PARÁ";140002544251;34;11;"Apartamento";"APATAMENNTO SITUADO NA TRV. LOMAS VALENTINAS NO 1013/1021-EDIFICIO RESIDENCIAL SAINT ETIENNE NO 504, CIDADE DE BELÉM/PA EM 30/12/1999.";"50000,00";"10/08/2026";"10:23:32"
"11/08/2026";"19:30:45";2026;2;"Eleição Ordinária";6259;"Eleições Gerais Estaduais 2026";"04/10/2026";"PA";"PA";"PARÁ";140002544251;33;41;"Caderneta de poupança";"CARDENETA DE POUPANCA NO BANCO DO BRASIL";"9,04";"10/08/2026";"10:23:32"
"11/08/2026";"19:30:45";2026;2;"Eleição Ordinária";6259;"Eleições Gerais Estaduais 2026";"04/10/2026";"PA";"PA";"PARÁ";140002544251;32;13;"Terreno";"TERRENO URBANO MEDINDO 10X166,7 MTS. SITUADO NA RUA COMTE. SSIS, COM TRAVESSA IRMA ADELAIDE, BAIRRO CAICARA, CIDADE DE CASTANHAL/PA-EM CONSTRUCAO DE 04 GALPÕES VALOR GASTO EM 2012: R$-105.485,60";"300102,66";"10/08/2026";"10:23:32"
"11/08/2026";"19:30:45";2026;2;"Eleição Ordinária";6259;"Eleições Gerais Estaduais 2026";"04/10/2026";"PA";"PA";"PARÁ";140002544251;35;11;"Apartamento";"APARTAMENTO NO 104, BLOCO D, CONJUNTO RESIDENCIAL SOL NASCENTE, SITUADO NA RUA MARECHAL DEODORO, 194, BAIRRO IANETAMA, CASDTANHAL/PA - VALOR GASTO EM REFORMA EM 2020, R$ 50.355,00";"71174,00";"10/08/2026";"10:23:32"
"11/08/2026";"19:30:45";2026;2;"Eleição Ordinária";6259;"Eleições Gerais Estaduais 2026";"04/10/2026";"PA";"PA";"PARÁ";140002544251;37;74;"Fundos: Ações, Mútuos de Privatização, Invest. Empresas Emergentes, Invest.Participação e Invest. Índice Mercado";"FUNDO DE INVESTIMENTO NA CAIXA ECONOMICA FEDERL";"511004,62";"10/08/2026";"10:23:32"
"11/08/2026";"19:30:45";2026;2;"Eleição Ordinária";6259;"Eleições Gerais Estaduais 2026";"04/10/2026";"PA";"PA";"PARÁ";140002544251;36;19;"Outros bens imóveis";"IMOVEL URBANO, SITUADO A AV. BARAO DO RIO BRANCO, N. 1621, MUNICIPIO DE CASTANHAL-PARA, RESULTANTE DA UNIFICAÇÃO DOS IMOVEIS SOBRE AS MATRICULAS 2.662, 12.388, 12.591 E 12.898";"55000,00";"10/08/2026";"10:23:32"
"11/08/2026";"19:30:45";2026;2;"Eleição Ordinária";6259;"Eleições Gerais Estaduais 2026";"04/10/2026";"PA";"PA";"PARÁ";140002544251;38;13;"Terreno";"TERRENO URBANO MEDINDO 2.340 M2, DESIGNADOS PELOS LOTES 4, 5, 6, 7, 8, 9-QD. B, SITUADO NA AV. BARAO DO RIO BRANCO-JARDIM TOKIO, EM CASTANHAL/PA, CF CONFORME TITULO DE AFORAMENTO NO 1126";"2498,29";"10/08/2026";"10:23:32"
"11/08/2026";"19:30:45";2026;2;"Eleição Ordinária";6259;"Eleições Gerais Estaduais 2026";"04/10/2026";"PA";"PA";"PARÁ";140002544251;39;13;"Terreno";"TERRENO AGRICOLA MEDINDO 237.022,5 M2, DENOMINADO SANTA CLARA, LOCALIZADO NA MARGEM ESQUERDA DO RIO APEU, EM CASTANHAL/PA.";"13046,68";"10/08/2026";"10:23:32"
"11/08/2026";"19:30:45";2026;2;"Eleição Ordinária";6259;"Eleições Gerais Estaduais 2026";"04/10/2026";"PA";"PA";"PARÁ";140002544251;40;13;"Terreno";"TERRENO AGRICOLA COM 178,3HA, DENOMINADO NOSSA SENHORA APARECIDA E CARMO, SITUADO NA MARGEM DO RIO APEU EM CASTANHAL/PA";"24983,01";"10/08/2026";"10:23:32"
"11/08/2026";"19:30:45";2026;2;"Eleição Ordinária";6259;"Eleições Gerais Estaduais 2026";"04/10/2026";"PA";"PA";"PARÁ";140002544251;41;45;"Aplicação de renda fixa (CDB, RDB e outros)";"APLICAÇÃO EM CDB NA CAIXA ECONOMICA FEDERAL";"80392,96";"10/08/2026";"10:23:32"
"11/08/2026";"19:30:45";2026;2;"Eleição Ordinária";6259;"Eleições Gerais Estaduais 2026";"04/10/2026";"PA";"PA";"PARÁ";140002544251;42;97;"VGBL - Vida Gerador de Benefício Livre";"VGBL NO BANCO DO BRASIL S/A - EM NOME DO CONJUGUE";"700000,00";"10/08/2026";"10:23:32"
"11/08/2026";"19:30:45";2026;2;"Eleição Ordinária";6259;"Eleições Gerais Estaduais 2026";"04/10/2026";"PA";"PA";"PARÁ";140002544251;43;13;"Terreno";"TERRENO URBANO, MEDINDO 31X30 METROS, SITUADO NA ALAMEDA DAS ORQUIDEAS, S/N, PERIMETRO ENTRE A RUA EXPEDITO DE ARAUJO PONTES E RUA ZECAO PISMEL, BAIRRO ESTRELA, CIDADE DE CASTNHAL/PA";"80000,00";"10/08/2026";"10:23:32"
"11/08/2026";"19:30:45";2026;2;"Eleição Ordinária";6259;"Eleições Gerais Estaduais 2026";"04/10/2026";"PA";"PA";"PARÁ";140002544252;1;21;"Veículo automotor terrestre: caminhão, automóvel, moto, etc.";"CARRO MARCA CHEVROLET TRACKER LTZ, MOD. 2017";"80000,00";"10/08/2026";"10:23:32"
"11/08/2026";"19:30:45";2026;2;"Eleição Ordinária";6259;"Eleições Gerais Estaduais 2026";"04/10/2026";"PA";"PA";"PARÁ";140002544252;2;21;"Veículo automotor terrestre: caminhão, automóvel, moto, etc.";"MOTO MARCA HONDA, MOD. BIZ 110I, ANO 2021";"13000,00";"10/08/2026";"10:23:32"
"11/08/2026";"19:30:45";2026;2;"Eleição Ordinária";6259;"Eleições Gerais Estaduais 2026";"04/10/2026";"PA";"PA";"PARÁ";140002544256;1;61;"Depósito bancário em conta corrente no País";"DEPOSITO EM CONTA CORRENTE";"16906,91";"10/08/2026";"10:23:32"
"11/08/2026";"19:30:45";2026;2;"Eleição Ordinária";6259;"Eleições Gerais Estaduais 2026";"04/10/2026";"PA";"PA";"PARÁ";140002544257;1;32;"Quotas ou quinhões de capital";"50,0% DO CAPITAL SOCIAL DA EMPRESA LIFE AMBIENTAL LIMPEZA URBANA LTDA, CNPJ NO 37.031.018/0001-60, LOCALIZADA NA PASSAGEM AZ DE OURO NO 0, LEVILANDIA, ANANINDEUA-PA, CEP: 67015-760.";"50000,00";"10/08/2026";"10:23:32"
"11/08/2026";"19:30:45";2026;2;"Eleição Ordinária";6259;"Eleições Gerais Estaduais 2026";"04/10/2026";"PA";"PA";"PARÁ";140002544257;2;45;"Aplicação de renda fixa (CDB, RDB e outros)";"CDB BANCO BRADESCO - AGENCIA 2831 - CONTA 45.145-2";"430,29";"10/08/2026";"10:23:32"
"11/08/2026";"19:30:45";2026;2;"Eleição Ordinária";6259;"Eleições Gerais Estaduais 2026";"04/10/2026";"PA";"PA";"PARÁ";140002544257;3;45;"Aplicação de renda fixa (CDB, RDB e outros)";"CDB, BANCO BRADESCO - AGENCIA 5587 - CONTA 19.647-9";"5566,51";"10/08/2026";"10:23:32"
"11/08/2026";"19:30:45";2026;2;"Eleição Ordinária";6259;"Eleições Gerais Estaduais 2026";"04/10/2026";"PA";"PA";"PARÁ";140002544257;6;12;"Casa";"CASA NA RODOVIA BR 316, KM 08, RESIDENCIAL LAGO AZUL, RUA EDGAR PROENCA NO 128, LEVILANDIA, ANANINDEUA-PA.";"2500000,00";"10/08/2026";"10:23:32"
"11/08/2026";"19:30:45";2026;2;"Eleição Ordinária";6259;"Eleições Gerais Estaduais 2026";"04/10/2026";"PA";"PA";"PARÁ";140002544257;5;32;"Quotas ou quinhões de capital";"95,00% DO CAPITAL SOCIAL DA EMPRESA LIFE AMBIENTAL TERRAPLENAGEM E LIMPEZA URBANA LTDA, CNPJ NO 83.916.569/0001-29, LOCALIZADA NA RUA OSVALDO CRUZ NO 580, FRENTE, AGUAS LINDAS, ANANINDEUA-PA";"152000,00";"10/08/2026";"10:23:32"
"11/08/2026";"19:30:45";2026;2;"Eleição Ordinária";6259;"Eleições Gerais Estaduais 2026";"04/10/2026";"PA";"PA";"PARÁ";140002544257;4;61;"Depósito bancário em conta corrente no País";"SALDO EM CONTA CORRENTE";"1,00";"10/08/2026";"10:23:32"
"11/08/2026";"19:30:45";2026;2;"Eleição Ordinária";6259;"Eleições Gerais Estaduais 2026";"04/10/2026";"PA";"PA";"PARÁ";140002544257;9;21;"Veículo automotor terrestre: caminhão, automóvel, moto, etc.";"PASSAGEIRO MOTOCICLETA - HARLEY DAVIDSON/FX FBS - PLACA: FAT3H13 - 2021/2021";"70000,00";"10/08/2026";"10:23:32"
"11/08/2026";"19:30:45";2026;2;"Eleição Ordinária";6259;"Eleições Gerais Estaduais 2026";"04/10/2026";"PA";"PA";"PARÁ";140002544257;7;21;"Veículo automotor terrestre: caminhão, automóvel, moto, etc.";"PAS/MOTOCICLO I/BMW R1200 GS 2016/2016, GASOLINA, COR PRETA, PLACA QEQ1G00";"40000,00";"10/08/2026";"10:23:32"
"11/08/2026";"19:30:45";2026;2;"Eleição Ordinária";6259;"Eleições Gerais Estaduais 2026";"04/10/2026";"PA";"PA";"PARÁ";140002544257;8;21;"Veículo automotor terrestre: caminhão, automóvel, moto, etc.";"QUADRICICLO HONDA, MODELO TRX 420, COR VERDE, GASOLINA, ANO 2019, MODELO 2019, COMPRADO NA MONACO MOTOCENTER COMERCIAL LTDA, CNPJ NO 84.189.950/0001-04, NOTA FISCAL NO 12561521.";"31365,20";"10/08/2026";"10:23:32"
"11/08/2026";"19:30:45";2026;2;"Eleição Ordinária";6259;"Eleições Gerais Estaduais 2026";"04/10/2026";"PA";"PA";"PARÁ";140002544257;11;21;"Veículo automotor terrestre: caminhão, automóvel, moto, etc.";"MOTONIVELADORA FIAT ALLIS, MODELO FG 7-, SERIE 7DD00412, ADQUIRIDA DA EMPRESA ESTACON ENGENHARIA S/A, CNPJNO 04.946.406/0001-12";"150000,00";"10/08/2026";"10:23:32"
"11/08/2026";"19:30:45";2026;2;"Eleição Ordinária";6259;"Eleições Gerais Estaduais 2026";"04/10/2026";"PA";"PA";"PARÁ";140002544257;10;21;"Veículo automotor terrestre: caminhão, automóvel, moto, etc.";"PA CARREGADEIRA CASE, MODELO W20B, 2008";"285000,00";"10/08/2026";"10:23:32"
"11/08/2026";"19:30:45";2026;2;"Eleição Ordinária";6259;"Eleições Gerais Estaduais 2026";"04/10/2026";"PA";"PA";"PARÁ";140002544257;12;63;"Dinheiro em espécie - moeda nacional";"MOEDA CORRENTE EM MAOS";"120000,00";"10/08/2026";"10:23:32"
"11/08/2026";"19:30:45";2026;2;"Eleição Ordinária";6259;"Eleições Gerais Estaduais 2026";"04/10/2026";"PA";"PA";"PARÁ";140002544257;14;21;"Veículo automotor terrestre: caminhão, automóvel, moto, etc.";"VEICULO MISTO UTILITARIO - TOYOTA HILUX SWSRXA4FD - 2023/2024 - COR: PRETA - PLACA RXE 4C97 - FINANCIADO PELO BANCO TOYOTA DO BRASIL S/A - SOB O NUMERO DE CONTRATO NO 2609549/23.";"292826,90";"10/08/2026";"10:23:32"
"11/08/2026";"19:30:45";2026;2;"Eleição Ordinária";6259;"Eleições Gerais Estaduais 2026";"04/10/2026";"PA";"PA";"PARÁ";140002544257;15;21;"Veículo automotor terrestre: caminhão, automóvel, moto, etc.";"TRATOR INDL/PA-CARREGADEIRA CASE 2002/2002, VALOR DO FINANCIAMENTO: R$ 135.996,60";"140000,00";"10/08/2026";"10:23:32"
"11/08/2026";"19:30:45";2026;2;"Eleição Ordinária";6259;"Eleições Gerais Estaduais 2026";"04/10/2026";"PA";"PA";"PARÁ";140002544257;13;95;"Consórcio não contemplado";"BB CONSORCIO DE AUTOMOVEIS - PARCELAS PAGAS 095 - PARCELAS A PAGAR 075";"93516,67";"10/08/2026";"10:23:32"
"11/08/2026";"19:30:45";2026;2;"Eleição Ordinária";6259;"Eleições Gerais Estaduais 2026";"04/10/2026";"PA";"PA";"PARÁ";140002544257;17;45;"Aplicação de renda fixa (CDB, RDB e outros)";"SALDO BB CDB RENDE FACIL, BANCO DO BRASIL";"35521,99";"10/08/2026";"10:23:32"
"11/08/2026";"19:30:45";2026;2;"Eleição Ordinária";6259;"Eleições Gerais Estaduais 2026";"04/10/2026";"PA";"PA";"PARÁ";140002544257;18;61;"Depósito bancário em conta corrente no País";"CONTA CORRENTE BANCO DO BRASIL";"0,01";"10/08/2026";"10:23:32"
"11/08/2026";"19:30:45";2026;2;"Eleição Ordinária";6259;"Eleições Gerais Estaduais 2026";"04/10/2026";"PA";"PA";"PARÁ";140002544257;16;61;"Depósito bancário em conta corrente no País";"SALDO EM CONTA CORRENTE";"1,00";"10/08/2026";"10:23:32"
"11/08/2026";"19:30:45";2026;2;"Eleição Ordinária";6259;"Eleições Gerais Estaduais 2026";"04/10/2026";"PA";"PA";"PARÁ";140002544260;1;21;"Veículo automotor terrestre: caminhão, automóvel, moto, etc.";"CARRO MARCA FIAT, MOD. UNO MILLE EP ANO 1995";"9200,00";"10/08/2026";"10:23:32"
"11/08/2026";"19:30:45";2026;2;"Eleição Ordinária";6259;"Eleições Gerais Estaduais 2026";"04/10/2026";"PA";"PA";"PARÁ";140002544260;2;21;"Veículo automotor terrestre: caminhão, automóvel, moto, etc.";"CARRO TOYOTA HILUX CDSRXA4FD ANO 2019";"180000,00";"10/08/2026";"10:23:32"
"11/08/2026";"19:30:45";2026;2;"Eleição Ordinária";6259;"Eleições Gerais Estaduais 2026";"04/10/2026";"PA";"PA";"PARÁ";140002544257;19;61;"Depósito bancário em conta corrente no País";"INFORMADO POR CNPJ 00.360.305/0001-04";"3889,09";"10/08/2026";"10:23:32"
"11/08/2026";"19:30:45";2026;2;"Eleição Ordinária";6259;"Eleições Gerais Estaduais 2026";"04/10/2026";"PA";"PA";"PARÁ";140002544260;3;21;"Veículo automotor terrestre: caminhão, automóvel, moto, etc.";"CAMINHONETE MMC/L200 4X4 GLS";"35000,00";"10/08/2026";"10:23:32"
"11/08/2026";"19:30:45";2026;2;"Eleição Ordinária";6259;"Eleições Gerais Estaduais 2026";"04/10/2026";"PA";"PA";"PARÁ";140002544260;4;21;"Veículo automotor terrestre: caminhão, automóvel, moto, etc.";"CARRO HONDA MOD XRE 190, ANO 2020.";"17500,00";"10/08/2026";"10:23:32"
"11/08/2026";"19:30:45";2026;2;"Eleição Ordinária";6259;"Eleições Gerais Estaduais 2026";"04/10/2026";"PA";"PA";"PARÁ";140002544261;1;13;"Terreno";"LOTE URBANO, 12 METROS DE FRENTE, POR 17 DE FUNDO E 30,4 DE COMPRIMENTO.";"300000,00";"10/08/2026";"10:23:32"
"11/08/2026";"19:30:45";2026;2;"Eleição Ordinária";6259;"Eleições Gerais Estaduais 2026";"04/10/2026";"PA";"PA";"PARÁ";140002544261;2;2;"Prédio comercial";"LOTES COMERCIAIS - AV. WEYNE CAVALCANTE - QD 01 LT 03 E LT 38";"500000,00";"10/08/2026";"10:23:32"
"11/08/2026";"19:30:45";2026;2;"Eleição Ordinária";6259;"Eleições Gerais Estaduais 2026";"04/10/2026";"PA";"PA";"PARÁ";140002544261;3;32;"Quotas ou quinhões de capital";"50% QUANTA DE CAPITAL DA EMPRESA DIAS NOLETO E SOUSA LTDA.";"900000,00";"10/08/2026";"10:23:32"
"11/08/2026";"19:30:45";2026;2;"Eleição Ordinária";6259;"Eleições Gerais Estaduais 2026";"04/10/2026";"PA";"PA";"PARÁ";140002544261;4;13;"Terreno";"CHACARA NA PA 160 - ZONA RURAL";"150000,00";"10/08/2026";"10:23:32"
"11/08/2026";"19:30:45";2026;2;"Eleição Ordinária";6259;"Eleições Gerais Estaduais 2026";"04/10/2026";"PA";"PA";"PARÁ";140002544261;7;2;"Prédio comercial";"LOTES COMERCIAIS - AV. WEYNE CAVALCANTE - QD 01 - LT 04 E 37";"500000,00";"10/08/2026";"10:23:32"
"11/08/2026";"19:30:45";2026;2;"Eleição Ordinária";6259;"Eleições Gerais Estaduais 2026";"04/10/2026";"PA";"PA";"PARÁ";140002544261;5;13;"Terreno";"CHACARA - PA 160";"1800000,00";"10/08/2026";"10:23:32"
"11/08/2026";"19:30:45";2026;2;"Eleição Ordinária";6259;"Eleições Gerais Estaduais 2026";"04/10/2026";"PA";"PA";"PARÁ";140002544261;6;13;"Terreno";"LOTE COM CONSTRUÇÃO COMERCIAL DE 360 MTS QUADRADOS DE AREA CONSTRUIDA, COM AREA TOTAL DE 602 METROS QUADRADOS.";"800000,00";"10/08/2026";"10:23:32"
"11/08/2026";"19:30:45";2026;2;"Eleição Ordinária";6259;"Eleições Gerais Estaduais 2026";"04/10/2026";"PA";"PA";"PARÁ";140002544263;2;12;"Casa";"CASA LOCALIZADA NA ALAMEDA H, NO 4, CASA 03, LOTEAMENTO RESIDENCIAL FERNANDO GUILHON, LOCALIZADO NESTE MUNICIPIO, NOS FUNDOS DO EDIFICADO SOB NO3639. CASA COM 3 PAVIMENTOS, COM 350,38 M . ADQUIRIDA DO";"550000,00";"10/08/2026";"10:23:32"
"11/08/2026";"19:30:45";2026;2;"Eleição Ordinária";6259;"Eleições Gerais Estaduais 2026";"04/10/2026";"PA";"PA";"PARÁ";140002544263;1;32;"Quotas ou quinhões de capital";"QUOTAS DE PARTICIPACAO NA: UNIMED BELEM COOPERATIVA DE TRABALHO MEDICO";"138232,45";"10/08/2026";"10:23:32"
"11/08/2026";"19:30:45";2026;2;"Eleição Ordinária";6259;"Eleições Gerais Estaduais 2026";"04/10/2026";"PA";"PA";"PARÁ";140002544263;3;21;"Veículo automotor terrestre: caminhão, automóvel, moto, etc.";"VEICULO CHEVROLET TRAILBLAZER LTZA 2017/2018";"180000,00";"10/08/2026";"10:23:32"
"11/08/2026";"19:30:45";2026;2;"Eleição Ordinária";6259;"Eleições Gerais Estaduais 2026";"04/10/2026";"PA";"PA";"PARÁ";140002544267;1;32;"Quotas ou quinhões de capital";"COTAS NO CAPITAL SOCIAL DA EMPRESA J D S DA S FERREIRA LTDA NO VALOR DE R$ 100.000,00 (CEM MIL REAIS) REFERENTE A 100% DO CAPITAL SOCIAL.";"100000,00";"10/08/2026";"10:23:32"
"11/08/2026";"19:30:45";2026;2;"Eleição Ordinária";6259;"Eleições Gerais Estaduais 2026";"04/10/2026";"PA";"PA";"PARÁ";140002544263;4;61;"Depósito bancário em conta corrente no País";"SALDO EM CONTA CORRENTE BANCO DO BRASIL";"2886,51";"10/08/2026";"10:23:32"
"11/08/2026";"19:30:45";2026;2;"Eleição Ordinária";6259;"Eleições Gerais Estaduais 2026";"04/10/2026";"PA";"PA";"PARÁ";140002544268;1;11;"Apartamento";"UNIDADE 2302 OCEAN HOUSE";"532907,19";"11/08/2026";"15:29:29"
"11/08/2026";"19:30:45";2026;2;"Eleição Ordinária";6259;"Eleições Gerais Estaduais 2026";"04/10/2026";"PA";"PA";"PARÁ";140002544268;3;41;"Caderneta de poupança";"POUPANÇA CAIXA ECONÔMICA";"802,00";"11/08/2026";"15:29:29"
"11/08/2026";"19:30:45";2026;2;"Eleição Ordinária";6259;"Eleições Gerais Estaduais 2026";"04/10/2026";"PA";"PA";"PARÁ";140002544268;4;99;"OUTROS BENS E DIREITOS";"LUCROS E DIVIDENDOS RECEBIDOS EMPRESA AC SANTOS GOMES E   CIA LTDA";"500000,00";"11/08/2026";"15:29:29"
"11/08/2026";"19:30:45";2026;2;"Eleição Ordinária";6259;"Eleições Gerais Estaduais 2026";"04/10/2026";"PA";"PA";"PARÁ";140002544268;2;21;"Veículo automotor terrestre: caminhão, automóvel, moto, etc.";"COMPRA DE UM VEICULO TOYOTA HILUX, DIESEL, ANO 2018, MOD. 2019, PLACA PQR 6150, ATRAVÉS DO CONSORCIO GRUPO 4312.";"161349,55";"11/08/2026";"15:29:29"
"11/08/2026";"19:30:45";2026;2;"Eleição Ordinária";6259;"Eleições Gerais Estaduais 2026";"04/10/2026";"PA";"PA";"PARÁ";140002544268;5;97;"VGBL - Vida Gerador de Benefício Livre";"VGBL BRADESCO";"150000,00";"11/08/2026";"15:29:29"
"11/08/2026";"19:30:45";2026;2;"Eleição Ordinária";6259;"Eleições Gerais Estaduais 2026";"04/10/2026";"PA";"PA";"PARÁ";140002544268;7;99;"OUTROS BENS E DIREITOS";"INDENIZAÇÃO POR RECISSÃO DE CONTRATO DE TRABALHO";"13333,33";"11/08/2026";"15:29:29"
"11/08/2026";"19:30:45";2026;2;"Eleição Ordinária";6259;"Eleições Gerais Estaduais 2026";"04/10/2026";"PA";"PA";"PARÁ";140002544268;6;13;"Terreno";"COMPRA E VENDA DE TERRENO FRAÇÃO - ADQUIRIDO DE CPF: 137.266.092-53 EM 17/04/2025 - VALOR R$ 200.000,00 PARTICIPAÇÃO: 100% - INFORMADO POR CNPJ: 36.746.723/0001-81.";"200000,00";"11/08/2026";"15:29:29"
"11/08/2026";"19:30:45";2026;2;"Eleição Ordinária";6259;"Eleições Gerais Estaduais 2026";"04/10/2026";"PA";"PA";"PARÁ";140002544268;9;99;"OUTROS BENS E DIREITOS";"COMPRA E VENDA DE OUTROS - ADQUIRIDO DE CPF: 257.933.652-49 EM 25/04/2025 - VALOR R$ 74.980,00 PARTICIPAÇÃO 100% - INFORMADO POR CNPJ: 36.746.723/0001-81.";"74980,00";"11/08/2026";"15:29:29"
"11/08/2026";"19:30:45";2026;2;"Eleição Ordinária";6259;"Eleições Gerais Estaduais 2026";"04/10/2026";"PA";"PA";"PARÁ";140002544268;8;61;"Depósito bancário em conta corrente no País";"CONTA CORRENTE BANCO DO BRASIL S. A.";"4395,03";"11/08/2026";"15:29:29"
"11/08/2026";"19:30:45";2026;2;"Eleição Ordinária";6259;"Eleições Gerais Estaduais 2026";"04/10/2026";"PA";"PA";"PARÁ";140002544268;10;61;"Depósito bancário em conta corrente no País";"CONTA CORRENTE BANCO BRADESCO";"1,00";"11/08/2026";"15:29:29"
"11/08/2026";"19:30:45";2026;2;"Eleição Ordinária";6259;"Eleições Gerais Estaduais 2026";"04/10/2026";"PA";"PA";"PARÁ";140002544268;13;12;"Casa";"CASA DE ALVENARIA NO RESIDENCIAL CASTANHEIRA";"550000,00";"11/08/2026";"15:29:29"
"11/08/2026";"19:30:45";2026;2;"Eleição Ordinária";6259;"Eleições Gerais Estaduais 2026";"04/10/2026";"PA";"PA";"PARÁ";140002544268;12;41;"Caderneta de poupança";"TITULAR DA CONTA POUPANÇA OURO BANCO DO BRASIL";"17,89";"11/08/2026";"15:29:29"
"11/08/2026";"19:30:45";2026;2;"Eleição Ordinária";6259;"Eleições Gerais Estaduais 2026";"04/10/2026";"PA";"PA";"PARÁ";140002544268;11;32;"Quotas ou quinhões de capital";"SOCIO DA EMPRESA DENOMINADA GOMES E GOMES COMERCIO VAREJISTA DE ROUPAS E CALÇADOS LTDA.";"50000,00";"11/08/2026";"15:29:29"
"11/08/2026";"19:30:45";2026;2;"Eleição Ordinária";6259;"Eleições Gerais Estaduais 2026";"04/10/2026";"PA";"PA";"PARÁ";140002544268;16;63;"Dinheiro em espécie - moeda nacional";"DINHEIRO EM ESPECIE";"100000,00";"11/08/2026";"15:29:29"
"11/08/2026";"19:30:45";2026;2;"Eleição Ordinária";6259;"Eleições Gerais Estaduais 2026";"04/10/2026";"PA";"PA";"PARÁ";140002544268;14;12;"Casa";"COMPRA DE UMA CASA DA CONSTRUTORA PROPAC ENGENHARIA LTDA. INSCRITA NO CNPJ: 34.646.281/0001-76, COND. COSTA DO SOL, 8A RUA QUADRA 89, LOTEAMANTO BALNEARIO ILHA DO ATALAIA ETAPA II, SALINOPOLIS-PA";"299040,00";"11/08/2026";"15:29:29"
"11/08/2026";"19:30:45";2026;2;"Eleição Ordinária";6259;"Eleições Gerais Estaduais 2026";"04/10/2026";"PA";"PA";"PARÁ";140002544268;15;32;"Quotas ou quinhões de capital";"SOCIO DA EMPRESA DENOMINADA A C SANTOS GOMES   CIA LTDA";"250000,00";"11/08/2026";"15:29:29"
"11/08/2026";"19:30:45";2026;2;"Eleição Ordinária";6259;"Eleições Gerais Estaduais 2026";"04/10/2026";"PA";"PA";"PARÁ";140002544269;1;41;"Caderneta de poupança";"BRASIL - CONTA POUPEX JUNTO AO BANCO DO BRASIL.";"79385,22";"10/08/2026";"10:23:32"
"11/08/2026";"19:30:45";2026;2;"Eleição Ordinária";6259;"Eleições Gerais Estaduais 2026";"04/10/2026";"PA";"PA";"PARÁ";140002544269;2;21;"Veículo automotor terrestre: caminhão, automóvel, moto, etc.";"TOYOTA ETIOS SEDAN ANO/MOD 2016/2017 CHASSI 9BRB29BTXH2134196";"69667,72";"10/08/2026";"10:23:32"
"11/08/2026";"19:30:45";2026;2;"Eleição Ordinária";6259;"Eleições Gerais Estaduais 2026";"04/10/2026";"PA";"PA";"PARÁ";140002544268;17;13;"Terreno";"FAZENDA DENOMINADA AG";"119680,00";"11/08/2026";"15:29:29"
"11/08/2026";"19:30:45";2026;2;"Eleição Ordinária";6259;"Eleições Gerais Estaduais 2026";"04/10/2026";"PA";"PA";"PARÁ";140002544269;5;12;"Casa";"RESIDENCIA - RESIDENCIA - CASA SOBRE O LOTE 09, DA QUADRA 412 - NO BAIRRO JARDIM PANTANAL EM NOVO PROGRESSO";"335000,00";"10/08/2026";"10:23:32"
"11/08/2026";"19:30:45";2026;2;"Eleição Ordinária";6259;"Eleições Gerais Estaduais 2026";"04/10/2026";"PA";"PA";"PARÁ";140002544269;3;13;"Terreno";"TERRENO - LOTE URBANO LOTE 12, QUADRA 04, CONFORME ESCRITURA PUBLICA LAVRADA SOBRE O LIVRO 0210, AS FOLHAS 085.";"157500,00";"10/08/2026";"10:23:32"
"11/08/2026";"19:30:45";2026;2;"Eleição Ordinária";6259;"Eleições Gerais Estaduais 2026";"04/10/2026";"PA";"PA";"PARÁ";140002544269;4;13;"Terreno";"RURAL - IMOVEL DENOMINADA FAZENDA CANINDE, LOCALIZADA NA GLEBA GOROTIRE, NOVO PROGRESSO/PA, COM AREA DE 620,00 HA, NA ROD BE 163, KM 1010";"24778,19";"10/08/2026";"10:23:32"
"11/08/2026";"19:30:45";2026;2;"Eleição Ordinária";6259;"Eleições Gerais Estaduais 2026";"04/10/2026";"PA";"PA";"PARÁ";140002544269;6;13;"Terreno";"TERRENO - 20 % DO TERRENO - LOTE 03 QUADRA 50 , COMPRA E VENDA DE TERRENO FRACAO - ADQUIRIDO DE CPF 795.257.501-59 EM 16/06/2025 - VALOR: R$ 220.000,00 - PARTICIPACAO: 20.00% - INFORMADO POR CNPJ 41.8";"77000,00";"10/08/2026";"10:23:32"
"11/08/2026";"19:30:45";2026;2;"Eleição Ordinária";6259;"Eleições Gerais Estaduais 2026";"04/10/2026";"PA";"PA";"PARÁ";140002544269;7;13;"Terreno";"TERRENO - 20% SOBRE A FRAÇÃO DE 7,14% - LOTE 01 QUADRA 01 COMPRA E VENDA DE TERRENO FRACAO - ADQUIRIDO DE CPF 795.257.501-59 EM 16/06/2025 - VALOR: R$ 180.000,00 - PARTICIPACAO: 20.00% - INFORMADO POR";"22278,90";"10/08/2026";"10:23:32"
"11/08/2026";"19:30:45";2026;2;"Eleição Ordinária";6259;"Eleições Gerais Estaduais 2026";"04/10/2026";"PA";"PA";"PARÁ";140002544269;8;13;"Terreno";"TERRENO E GALERIA - 20% SOBRE COMPRA E VENDA DE TERRENO FRACAO - ADQUIRIDO DE CPF 795.257.501-59 EM 16/06/2025 - VALOR: R$ 830.000,00 - PARTICIPACAO: 20.00% - INFORMADO POR CNPJ 41.878.144/0001-22, SE";"113958,86";"10/08/2026";"10:23:32"
"11/08/2026";"19:30:45";2026;2;"Eleição Ordinária";6259;"Eleições Gerais Estaduais 2026";"04/10/2026";"PA";"PA";"PARÁ";140002544269;11;61;"Depósito bancário em conta corrente no País";"SICREDI - CONTA CORRENTE JUNTO A COOPERATIVA SICREDI";"5821,55";"10/08/2026";"10:23:32"
"11/08/2026";"19:30:45";2026;2;"Eleição Ordinária";6259;"Eleições Gerais Estaduais 2026";"04/10/2026";"PA";"PA";"PARÁ";140002544269;9;13;"Terreno";"TERRENO - LOTE URBANO SENDO O LOTE 09, DA QUADRA 412, FINANCIADO JUNTO AO JARDIM PANTANAL.";"46213,00";"10/08/2026";"10:23:32"
"11/08/2026";"19:30:45";2026;2;"Eleição Ordinária";6259;"Eleições Gerais Estaduais 2026";"04/10/2026";"PA";"PA";"PARÁ";140002544269;10;13;"Terreno";"RURAL - DIREITO POSSESSORIO SOBRE IMOVEL RURAL,  CHACARA";"2000,00";"10/08/2026";"10:23:32"
"11/08/2026";"19:30:45";2026;2;"Eleição Ordinária";6259;"Eleições Gerais Estaduais 2026";"04/10/2026";"PA";"PA";"PARÁ";140002544269;14;32;"Quotas ou quinhões de capital";"SICREDI - CONTA CAPITAL JUNTO A COOPERATIVA SICREDI";"2460,23";"10/08/2026";"10:23:32"
"11/08/2026";"19:30:45";2026;2;"Eleição Ordinária";6259;"Eleições Gerais Estaduais 2026";"04/10/2026";"PA";"PA";"PARÁ";140002544269;13;45;"Aplicação de renda fixa (CDB, RDB e outros)";"SICREDI - SICREDIINVETE EXCLUSIVO, INCLUIDO VALOR  RECEBIDO DE HERANÇA";"135000,00";"10/08/2026";"10:23:32"
"11/08/2026";"19:30:45";2026;2;"Eleição Ordinária";6259;"Eleições Gerais Estaduais 2026";"04/10/2026";"PA";"PA";"PARÁ";140002544269;12;21;"Veículo automotor terrestre: caminhão, automóvel, moto, etc.";"CAMIONETE CHEVROLET S10 LTZ DD4A, ANO/MODELO 2018/2019, PLACA QCR-8354, COR BRANCA, RENAVAM NO 01151629623 E CHASSI NO 9BG148MK0KC402496";"7850,65";"10/08/2026";"10:23:32"
"11/08/2026";"19:30:45";2026;2;"Eleição Ordinária";6259;"Eleições Gerais Estaduais 2026";"04/10/2026";"PA";"PA";"PARÁ";140002544270;1;12;"Casa";"CASA RESIDENCIAL";"180000,00";"10/08/2026";"10:23:32"
"11/08/2026";"19:30:45";2026;2;"Eleição Ordinária";6259;"Eleições Gerais Estaduais 2026";"04/10/2026";"PA";"PA";"PARÁ";140002544270;2;32;"Quotas ou quinhões de capital";"PARTICIPACAO SOCIETARIA NO CAPITAL SOCIAL DA EMPRESA DIGITAL SOFTWARE E CONSULTORIA PINNHEIRO LTDA -ME  NO VALOR R$ 30.000,00";"30000,00";"10/08/2026";"10:23:32"
"11/08/2026";"19:30:45";2026;2;"Eleição Ordinária";6259;"Eleições Gerais Estaduais 2026";"04/10/2026";"PA";"PA";"PARÁ";140002544271;1;99;"OUTROS BENS E DIREITOS";"TOURO NELORE";"9000,00";"10/08/2026";"10:23:32"
"11/08/2026";"19:30:45";2026;2;"Eleição Ordinária";6259;"Eleições Gerais Estaduais 2026";"04/10/2026";"PA";"PA";"PARÁ";140002544271;2;99;"OUTROS BENS E DIREITOS";"GADO MACHO";"9000,00";"10/08/2026";"10:23:32"
"11/08/2026";"19:30:45";2026;2;"Eleição Ordinária";6259;"Eleições Gerais Estaduais 2026";"04/10/2026";"PA";"PA";"PARÁ";140002544271;4;99;"OUTROS BENS E DIREITOS";"VACA NELORE";"12000,00";"10/08/2026";"10:23:32"
"11/08/2026";"19:30:45";2026;2;"Eleição Ordinária";6259;"Eleições Gerais Estaduais 2026";"04/10/2026";"PA";"PA";"PARÁ";140002544271;3;99;"OUTROS BENS E DIREITOS";"TOURO";"9375,00";"10/08/2026";"10:23:32"
"11/08/2026";"19:30:45";2026;2;"Eleição Ordinária";6259;"Eleições Gerais Estaduais 2026";"04/10/2026";"PA";"PA";"PARÁ";140002544271;5;32;"Quotas ou quinhões de capital";"100% DO CAPITAL SOCIAL DA EMPRESA A.MENDES DOS REIS- EPP, CNPJ: 04.958.783/0001-71";"500000,00";"10/08/2026";"10:23:32"
"11/08/2026";"19:30:45";2026;2;"Eleição Ordinária";6259;"Eleições Gerais Estaduais 2026";"04/10/2026";"PA";"PA";"PARÁ";140002544271;6;13;"Terreno";"50% DE UMA TERRA RURAL COM 15.000 M2, SITO NA VILA PLANALTO EM CANAA DOS CARAJAS - PA, CEP 68.537.000, ADQUIRIDO EM 2012, VALORIZADO POR BENFEITORIAS";"180000,00";"10/08/2026";"10:23:32"
"11/08/2026";"19:30:45";2026;2;"Eleição Ordinária";6259;"Eleições Gerais Estaduais 2026";"04/10/2026";"PA";"PA";"PARÁ";140002544271;7;99;"OUTROS BENS E DIREITOS";"CAVALO PARA TRABALHO RURAL";"1460,00";"10/08/2026";"10:23:32"
"11/08/2026";"19:30:45";2026;2;"Eleição Ordinária";6259;"Eleições Gerais Estaduais 2026";"04/10/2026";"PA";"PA";"PARÁ";140002544273;1;21;"Veículo automotor terrestre: caminhão, automóvel, moto, etc.";"CARRO MARCA CITROEN, ANO 2009.";"21684,00";"10/08/2026";"10:23:32"
"11/08/2026";"19:30:45";2026;2;"Eleição Ordinária";6259;"Eleições Gerais Estaduais 2026";"04/10/2026";"PA";"PA";"PARÁ";140002544273;2;21;"Veículo automotor terrestre: caminhão, automóvel, moto, etc.";"CARRO MARCA BMW, ANO 2015";"231481,00";"10/08/2026";"10:23:32"
"11/08/2026";"19:30:45";2026;2;"Eleição Ordinária";6259;"Eleições Gerais Estaduais 2026";"04/10/2026";"PA";"PA";"PARÁ";140002544271;8;99;"OUTROS BENS E DIREITOS";"TOURO";"9375,00";"10/08/2026";"10:23:32"
"11/08/2026";"19:30:45";2026;2;"Eleição Ordinária";6259;"Eleições Gerais Estaduais 2026";"04/10/2026";"PA";"PA";"PARÁ";140002544302;1;74;"Fundos: Ações, Mútuos de Privatização, Invest. Empresas Emergentes, Invest.Participação e Invest. Índice Mercado";"INVESTIMENTOS FINANCEIROS";"460704,97";"10/08/2026";"12:53:32"
"11/08/2026";"19:30:45";2026;2;"Eleição Ordinária";6259;"Eleições Gerais Estaduais 2026";"04/10/2026";"PA";"PA";"PARÁ";140002544299;2;21;"Veículo automotor terrestre: caminhão, automóvel, moto, etc.";"AUTOMÓVEL VW GOL 1.6L MB5, 2018/2019";"46216,00";"10/08/2026";"12:53:32"
"11/08/2026";"19:30:45";2026;2;"Eleição Ordinária";6259;"Eleições Gerais Estaduais 2026";"04/10/2026";"PA";"PA";"PARÁ";140002544299;1;21;"Veículo automotor terrestre: caminhão, automóvel, moto, etc.";"MOTOCICLETA HONDA/CG TITAN 150 ES 2005/2006";"8481,00";"10/08/2026";"12:53:32"
"11/08/2026";"19:30:45";2026;2;"Eleição Ordinária";6259;"Eleições Gerais Estaduais 2026";"04/10/2026";"PA";"PA";"PARÁ";140002544303;2;11;"Apartamento";"APARTAMENTO FINANCIADO EM RESIDENCIAL";"138000,00";"10/08/2026";"12:53:32"
"11/08/2026";"19:30:45";2026;2;"Eleição Ordinária";6259;"Eleições Gerais Estaduais 2026";"04/10/2026";"PA";"PA";"PARÁ";140002544302;2;21;"Veículo automotor terrestre: caminhão, automóvel, moto, etc.";"VEICULO CHEVROLET TRACKER, T A LT 2025/2026";"106000,00";"10/08/2026";"12:53:32"
"11/08/2026";"19:30:45";2026;2;"Eleição Ordinária";6259;"Eleições Gerais Estaduais 2026";"04/10/2026";"PA";"PA";"PARÁ";140002544303;1;21;"Veículo automotor terrestre: caminhão, automóvel, moto, etc.";"CARRO VEÍCULO RENAULT DUSTER ANO 2013/2014";"46000,00";"10/08/2026";"12:53:32"
"11/08/2026";"19:30:45";2026;2;"Eleição Ordinária";6259;"Eleições Gerais Estaduais 2026";"04/10/2026";"PA";"PA";"PARÁ";140002544304;1;12;"Casa";"IMÓVEL RESIDENCIAL EM BELÉM";"50000,00";"10/08/2026";"12:53:32"
"11/08/2026";"19:30:45";2026;2;"Eleição Ordinária";6259;"Eleições Gerais Estaduais 2026";"04/10/2026";"PA";"PA";"PARÁ";140002544310;2;12;"Casa";"CASA EDIFICADA EM TERRENO DE 10X28 M NO MUNICÍPIO DE BRAGANÇA/PA. VALOR";"250000,00";"10/08/2026";"12:53:32"
"11/08/2026";"19:30:45";2026;2;"Eleição Ordinária";6259;"Eleições Gerais Estaduais 2026";"04/10/2026";"PA";"PA";"PARÁ";140002544310;1;21;"Veículo automotor terrestre: caminhão, automóvel, moto, etc.";"AUTOMÓVEL MARCA RENAULT, MODELO SANDERO STEPWAY, ANO 2013";"30000,00";"10/08/2026";"12:53:32"
"11/08/2026";"19:30:45";2026;2;"Eleição Ordinária";6259;"Eleições Gerais Estaduais 2026";"04/10/2026";"PA";"PA";"PARÁ";140002544317;1;11;"Apartamento";"UM APARTAMENTO SITUADO NA ALAMEDA SEBASTIÃO RODRIGUES DE OLIVEIRA, ED.BIRIBÁ, APTO 120.";"150000,00";"10/08/2026";"12:53:32"
"11/08/2026";"19:30:45";2026;2;"Eleição Ordinária";6259;"Eleições Gerais Estaduais 2026";"04/10/2026";"PA";"PA";"PARÁ";140002544313;2;99;"OUTROS BENS E DIREITOS";"COTA-PARTE REFERENTE A 33,3 % EM IMÓVEL RESIDENCIAL SITUADO NA CIDADE DE BELÉM-PA, DECORRENTE DE HERANÇA DE PEDRO WENILTON BARBOSA DUARTE.";"300000,00";"10/08/2026";"12:53:32"
"11/08/2026";"19:30:45";2026;2;"Eleição Ordinária";6259;"Eleições Gerais Estaduais 2026";"04/10/2026";"PA";"PA";"PARÁ";140002544313;1;21;"Veículo automotor terrestre: caminhão, automóvel, moto, etc.";"AUTOMÓVEL JEEP RENEGADE, DE COR PRETA, ANO 2003, FINANCIADO.";"114307,00";"10/08/2026";"12:53:32"
"11/08/2026";"19:30:45";2026;2;"Eleição Ordinária";6259;"Eleições Gerais Estaduais 2026";"04/10/2026";"PA";"PA";"PARÁ";140002544855;1;1;"Prédio residencial";"APARTAMENTO";"265900,00";"11/08/2026";"15:24:33"
"11/08/2026";"19:30:45";2026;2;"Eleição Ordinária";6259;"Eleições Gerais Estaduais 2026";"04/10/2026";"PA";"PA";"PARÁ";140002544855;2;16;"Construção";"EDIFICAÇÃO EM ALVENARIA";"25000,00";"11/08/2026";"15:24:33"
"11/08/2026";"19:30:45";2026;2;"Eleição Ordinária";6259;"Eleições Gerais Estaduais 2026";"04/10/2026";"PA";"PA";"PARÁ";140002544317;2;12;"Casa";"UMA CASA MEDINDO 05 METROS DE FRENTE, POR 19 METROS DE FUNDO, EM ALVENARIA.";"250000,00";"10/08/2026";"12:53:32"
"11/08/2026";"19:30:45";2026;2;"Eleição Ordinária";6259;"Eleições Gerais Estaduais 2026";"04/10/2026";"PA";"PA";"PARÁ";140002544855;3;1;"Prédio residencial";"IMÓVEL RESIDENCIAL";"80000,00";"11/08/2026";"15:24:33"
"11/08/2026";"19:30:45";2026;2;"Eleição Ordinária";6259;"Eleições Gerais Estaduais 2026";"04/10/2026";"PA";"PA";"PARÁ";140002544855;4;2;"Prédio comercial";"IMÓVEL COMERCIAL";"102500,00";"11/08/2026";"15:24:33"
"11/08/2026";"19:30:45";2026;2;"Eleição Ordinária";6259;"Eleições Gerais Estaduais 2026";"04/10/2026";"PA";"PA";"PARÁ";140002544855;5;13;"Terreno";"TERRENO/LOTE";"35000,00";"11/08/2026";"15:24:33"
"11/08/2026";"19:30:45";2026;2;"Eleição Ordinária";6259;"Eleições Gerais Estaduais 2026";"04/10/2026";"PA";"PA";"PARÁ";140002544855;6;1;"Prédio residencial";"IMÓVEL RESIDENCIAL";"370000,00";"11/08/2026";"15:24:33"
"11/08/2026";"19:30:45";2026;2;"Eleição Ordinária";6259;"Eleições Gerais Estaduais 2026";"04/10/2026";"PA";"PA";"PARÁ";140002544855;8;2;"Prédio comercial";"IMÓVEL COMERCIAL";"208822,73";"11/08/2026";"15:24:33"
"11/08/2026";"19:30:45";2026;2;"Eleição Ordinária";6259;"Eleições Gerais Estaduais 2026";"04/10/2026";"PA";"PA";"PARÁ";140002544855;7;13;"Terreno";"TERRENO";"330000,00";"11/08/2026";"15:24:33"
"11/08/2026";"19:30:45";2026;2;"Eleição Ordinária";6259;"Eleições Gerais Estaduais 2026";"04/10/2026";"PA";"PA";"PARÁ";140002544855;10;2;"Prédio comercial";"IMÓVEL COMERCIAL";"175916,12";"11/08/2026";"15:24:33"
"11/08/2026";"19:30:45";2026;2;"Eleição Ordinária";6259;"Eleições Gerais Estaduais 2026";"04/10/2026";"PA";"PA";"PARÁ";140002544855;9;61;"Depósito bancário em conta corrente no País";"CONTA CORRENTE";"27531,45";"11/08/2026";"15:24:33"
"11/08/2026";"19:30:45";2026;2;"Eleição Ordinária";6259;"Eleições Gerais Estaduais 2026";"04/10/2026";"PA";"PA";"PARÁ";140002544855;11;21;"Veículo automotor terrestre: caminhão, automóvel, moto, etc.";"VEICULO AUTOMOTOR - ANO 2012/2012";"20000,00";"11/08/2026";"15:24:33"
"11/08/2026";"19:30:45";2026;2;"Eleição Ordinária";6259;"Eleições Gerais Estaduais 2026";"04/10/2026";"PA";"PA";"PARÁ";140002544855;14;2;"Prédio comercial";"IMÓVEL COMERCIAL";"75000,00";"11/08/2026";"15:24:33"
"11/08/2026";"19:30:45";2026;2;"Eleição Ordinária";6259;"Eleições Gerais Estaduais 2026";"04/10/2026";"PA";"PA";"PARÁ";140002544855;13;45;"Aplicação de renda fixa (CDB, RDB e outros)";"APLICAÇÕES/INVESTIMENTOS";"168802,52";"11/08/2026";"15:24:33"
"11/08/2026";"19:30:45";2026;2;"Eleição Ordinária";6259;"Eleições Gerais Estaduais 2026";"04/10/2026";"PA";"PA";"PARÁ";140002544855;12;21;"Veículo automotor terrestre: caminhão, automóvel, moto, etc.";"VEICULO AUTOMOTOR";"160000,00";"11/08/2026";"15:24:33"
"11/08/2026";"19:30:45";2026;2;"Eleição Ordinária";6259;"Eleições Gerais Estaduais 2026";"04/10/2026";"PA";"PA";"PARÁ";140002544855;16;1;"Prédio residencial";"IMÓVEL RESIDENCIAL";"162702,25";"11/08/2026";"15:24:33"
"11/08/2026";"19:30:45";2026;2;"Eleição Ordinária";6259;"Eleições Gerais Estaduais 2026";"04/10/2026";"PA";"PA";"PARÁ";140002544855;15;13;"Terreno";"TERRENO/LOTE";"25000,00";"11/08/2026";"15:24:33"
"11/08/2026";"19:30:45";2026;2;"Eleição Ordinária";6259;"Eleições Gerais Estaduais 2026";"04/10/2026";"PA";"PA";"PARÁ";140002544855;17;21;"Veículo automotor terrestre: caminhão, automóvel, moto, etc.";"VEICULO AUTOMOTOR";"449756,00";"11/08/2026";"15:24:33"
"11/08/2026";"19:30:45";2026;2;"Eleição Ordinária";6259;"Eleições Gerais Estaduais 2026";"04/10/2026";"PA";"PA";"PARÁ";140002544856;3;61;"Depósito bancário em conta corrente no País";"SALDO EM CONTA CORRENTE";"816,29";"10/08/2026";"13:23:32"
"11/08/2026";"19:30:45";2026;2;"Eleição Ordinária";6259;"Eleições Gerais Estaduais 2026";"04/10/2026";"PA";"PA";"PARÁ";140002544856;1;61;"Depósito bancário em conta corrente no País";"SALDO EM CONTA CORRENTE";"172,07";"10/08/2026";"13:23:32"
"11/08/2026";"19:30:45";2026;2;"Eleição Ordinária";6259;"Eleições Gerais Estaduais 2026";"04/10/2026";"PA";"PA";"PARÁ";140002544856;2;49;"Outras aplicações e Investimentos";"INVESTIMENTO EM PREVIDÊNCIA PRIVADA";"6412,23";"10/08/2026";"13:23:32"
"11/08/2026";"19:30:45";2026;2;"Eleição Ordinária";6259;"Eleições Gerais Estaduais 2026";"04/10/2026";"PA";"PA";"PARÁ";140002544856;5;1;"Prédio residencial";"APARTAMENTO RESIDENCIAL COM FINANCIAMENTO IMOBILIÁRIO EM BELÉM DO PARÁ";"300000,00";"10/08/2026";"13:23:32"
"11/08/2026";"19:30:45";2026;2;"Eleição Ordinária";6259;"Eleições Gerais Estaduais 2026";"04/10/2026";"PA";"PA";"PARÁ";140002544856;4;73;"Fundo de Investimento Imobiliário";"INVESTIMENTO EM LETRA DE CRÉDITO IMOBILIÁRIO";"5000,00";"10/08/2026";"13:23:32"
"11/08/2026";"19:30:45";2026;2;"Eleição Ordinária";6259;"Eleições Gerais Estaduais 2026";"04/10/2026";"PA";"PA";"PARÁ";140002544856;6;45;"Aplicação de renda fixa (CDB, RDB e outros)";"INVESTIMENTO DE RENDA FIXA";"7599,13";"10/08/2026";"13:23:32"
"11/08/2026";"19:30:45";2026;2;"Eleição Ordinária";6259;"Eleições Gerais Estaduais 2026";"04/10/2026";"PA";"PA";"PARÁ";140002544857;1;1;"Prédio residencial";"IMÓVEL RESIDENCIAL";"370000,00";"10/08/2026";"13:23:32"
"11/08/2026";"19:30:45";2026;2;"Eleição Ordinária";6259;"Eleições Gerais Estaduais 2026";"04/10/2026";"PA";"PA";"PARÁ";140002544856;7;41;"Caderneta de poupança";"SALDO EM CONTA POUPANÇA";"3,43";"10/08/2026";"13:23:32"
"11/08/2026";"19:30:45";2026;2;"Eleição Ordinária";6259;"Eleições Gerais Estaduais 2026";"04/10/2026";"PA";"PA";"PARÁ";140002544857;2;21;"Veículo automotor terrestre: caminhão, automóvel, moto, etc.";"VEICULO AUTOMOTOR";"175500,00";"10/08/2026";"13:23:32"
"11/08/2026";"19:30:45";2026;2;"Eleição Ordinária";6259;"Eleições Gerais Estaduais 2026";"04/10/2026";"PA";"PA";"PARÁ";140002545669;1;12;"Casa";"UM IMÓVEL COM 9,5M (NOVE METROS E CINQUENTA CENTÍMETROS) DE FRENTE, LATERAL DIREITA E ESQUERDA COM 17M (DEZESSETE METROS) E 9,5M (NOVE METROS E CINQUENTA CENTÍMETROS) DE FUNDO. 77,40M².";"54180,00";"11/08/2026";"11:23:32"
"11/08/2026";"19:30:45";2026;2;"Eleição Ordinária";6259;"Eleições Gerais Estaduais 2026";"04/10/2026";"PA";"PA";"PARÁ";140002545670;1;13;"Terreno";"TERRENO MEDINDO 8M DE FRENTE E 21 M DE FUNDOS";"120000,00";"11/08/2026";"11:23:32"
"11/08/2026";"19:30:45";2026;2;"Eleição Ordinária";6259;"Eleições Gerais Estaduais 2026";"04/10/2026";"PA";"PA";"PARÁ";140002545669;2;21;"Veículo automotor terrestre: caminhão, automóvel, moto, etc.";"MOTO BIS 125ES 2010";"6341,63";"11/08/2026";"11:23:32"
"11/08/2026";"19:30:45";2026;2;"Eleição Ordinária";6259;"Eleições Gerais Estaduais 2026";"04/10/2026";"PA";"PA";"PARÁ";140002545672;2;61;"Depósito bancário em conta corrente no País";"VALOR DISPONÍVEL EM CONTA CORRENTE";"1000,00";"11/08/2026";"11:23:32"
"11/08/2026";"19:30:45";2026;2;"Eleição Ordinária";6259;"Eleições Gerais Estaduais 2026";"04/10/2026";"PA";"PA";"PARÁ";140002545670;2;13;"Terreno";"TERRENO COM CASA CONSTRUÍDA, MEDINDO 15M DE FRENTE E 18M DE FUNDO";"170000,00";"11/08/2026";"11:23:32"
"11/08/2026";"19:30:45";2026;2;"Eleição Ordinária";6259;"Eleições Gerais Estaduais 2026";"04/10/2026";"PA";"PA";"PARÁ";140002545672;1;13;"Terreno";"UM TERRENO COM 299M² COM UMA CONSTRUÇÃO RESIDENCIAL DE 63M²";"150000,00";"11/08/2026";"11:23:32"
"11/08/2026";"19:30:45";2026;2;"Eleição Ordinária";6259;"Eleições Gerais Estaduais 2026";"04/10/2026";"PA";"PA";"PARÁ";140002545674;3;21;"Veículo automotor terrestre: caminhão, automóvel, moto, etc.";"AUTOMOVEL VOLKSWAGEN NOVO FOX CL SB 2015/2016";"35000,00";"11/08/2026";"11:23:32"
"11/08/2026";"19:30:45";2026;2;"Eleição Ordinária";6259;"Eleições Gerais Estaduais 2026";"04/10/2026";"PA";"PA";"PARÁ";140002545674;1;21;"Veículo automotor terrestre: caminhão, automóvel, moto, etc.";"JEEP COMPASS SPORT ANO 2018/2018";"70000,00";"11/08/2026";"11:23:32"
"11/08/2026";"19:30:45";2026;2;"Eleição Ordinária";6259;"Eleições Gerais Estaduais 2026";"04/10/2026";"PA";"PA";"PARÁ";140002545674;2;74;"Fundos: Ações, Mútuos de Privatização, Invest. Empresas Emergentes, Invest.Participação e Invest. Índice Mercado";"FUNDO DE INVESTIMENTO";"10232,98";"11/08/2026";"11:23:32"
"11/08/2026";"19:30:45";2026;2;"Eleição Ordinária";6259;"Eleições Gerais Estaduais 2026";"04/10/2026";"PA";"PA";"PARÁ";140002545674;5;21;"Veículo automotor terrestre: caminhão, automóvel, moto, etc.";"AUTOMOVEL MMC/L200 TRITON3.2 2013";"50000,00";"11/08/2026";"11:23:32"
"11/08/2026";"19:30:45";2026;2;"Eleição Ordinária";6259;"Eleições Gerais Estaduais 2026";"04/10/2026";"PA";"PA";"PARÁ";140002545674;4;12;"Casa";"ÁREA DO LOTE (M ): 220,00 TESTADA: 11,00, ÁREA DA CONSTRUÇÃO (M ): 77,00 PADRÃO: MÍNIMO";"51351,00";"11/08/2026";"11:23:32"
"11/08/2026";"19:30:45";2026;2;"Eleição Ordinária";6259;"Eleições Gerais Estaduais 2026";"04/10/2026";"PA";"PA";"PARÁ";140002545674;6;12;"Casa";"ÁREA DO LOTE (M ): 500,00 TESTADA: 10,00 CASA EM CONSTRUÇÃO";"200000,00";"11/08/2026";"11:23:32"
"11/08/2026";"19:30:45";2026;2;"Eleição Ordinária";6259;"Eleições Gerais Estaduais 2026";"04/10/2026";"PA";"PA";"PARÁ";140002546426;3;21;"Veículo automotor terrestre: caminhão, automóvel, moto, etc.";"CAMINONETE SW4";"390000,00";"11/08/2026";"12:02:47"
"11/08/2026";"19:30:45";2026;2;"Eleição Ordinária";6259;"Eleições Gerais Estaduais 2026";"04/10/2026";"PA";"PA";"PARÁ";140002546426;1;11;"Apartamento";"LOCALIZADO EM BELEM/PA";"800000,00";"11/08/2026";"12:02:47"
"11/08/2026";"19:30:45";2026;2;"Eleição Ordinária";6259;"Eleições Gerais Estaduais 2026";"04/10/2026";"PA";"PA";"PARÁ";140002546426;2;13;"Terreno";"LOTE 1 QUADRA D - LOCALIZADO EM ANANINDEUA";"65000,05";"11/08/2026";"12:02:47"
"11/08/2026";"19:30:45";2026;2;"Eleição Ordinária";6259;"Eleições Gerais Estaduais 2026";"04/10/2026";"PA";"PA";"PARÁ";140002546426;5;41;"Caderneta de poupança";"POUPANÇA OURO";"73,38";"11/08/2026";"12:02:47"
"11/08/2026";"19:30:45";2026;2;"Eleição Ordinária";6259;"Eleições Gerais Estaduais 2026";"04/10/2026";"PA";"PA";"PARÁ";140002546426;4;61;"Depósito bancário em conta corrente no País";"BANPARA";"200,01";"11/08/2026";"12:02:47"
"11/08/2026";"19:30:45";2026;2;"Eleição Ordinária";6259;"Eleições Gerais Estaduais 2026";"04/10/2026";"PA";"PA";"PARÁ";140002546426;6;61;"Depósito bancário em conta corrente no País";"BANCO DO BRASIL";"4473,08";"11/08/2026";"12:02:47"
"11/08/2026";"19:30:45";2026;2;"Eleição Ordinária";6259;"Eleições Gerais Estaduais 2026";"04/10/2026";"PA";"PA";"PARÁ";140002546426;8;21;"Veículo automotor terrestre: caminhão, automóvel, moto, etc.";"CARRO GM MONZA";"8000,00";"11/08/2026";"12:02:47"
"11/08/2026";"19:30:45";2026;2;"Eleição Ordinária";6259;"Eleições Gerais Estaduais 2026";"04/10/2026";"PA";"PA";"PARÁ";140002546426;9;45;"Aplicação de renda fixa (CDB, RDB e outros)";"RENDA FIXA";"308156,27";"11/08/2026";"12:02:47"
"11/08/2026";"19:30:45";2026;2;"Eleição Ordinária";6259;"Eleições Gerais Estaduais 2026";"04/10/2026";"PA";"PA";"PARÁ";140002546426;7;13;"Terreno";"LOTE 1 QUADRA D - LOCALIZADO EM ANANINDEUA";"65000,05";"11/08/2026";"12:02:47"
"11/08/2026";"19:30:45";2026;2;"Eleição Ordinária";6259;"Eleições Gerais Estaduais 2026";"04/10/2026";"PA";"PA";"PARÁ";140002546428;1;21;"Veículo automotor terrestre: caminhão, automóvel, moto, etc.";"CARRO KIA SORENTO";"51000,00";"10/08/2026";"18:53:32"
"11/08/2026";"19:30:45";2026;2;"Eleição Ordinária";6259;"Eleições Gerais Estaduais 2026";"04/10/2026";"PA";"PA";"PARÁ";140002546426;10;12;"Casa";"LOCALIZADA EM ANANINDEUA/PA";"300000,00";"11/08/2026";"12:02:47"
"11/08/2026";"19:30:45";2026;2;"Eleição Ordinária";6259;"Eleições Gerais Estaduais 2026";"04/10/2026";"PA";"PA";"PARÁ";140002546430;1;61;"Depósito bancário em conta corrente no País";"BANCO DO BRASIL";"38,98";"10/08/2026";"18:53:32"
"11/08/2026";"19:30:45";2026;2;"Eleição Ordinária";6259;"Eleições Gerais Estaduais 2026";"04/10/2026";"PA";"PA";"PARÁ";140002546430;3;21;"Veículo automotor terrestre: caminhão, automóvel, moto, etc.";"FORD RANGER";"245000,00";"10/08/2026";"18:53:32"
"11/08/2026";"19:30:45";2026;2;"Eleição Ordinária";6259;"Eleições Gerais Estaduais 2026";"04/10/2026";"PA";"PA";"PARÁ";140002546431;1;41;"Caderneta de poupança";"ITAU";"21642,83";"10/08/2026";"18:53:32"
"11/08/2026";"19:30:45";2026;2;"Eleição Ordinária";6259;"Eleições Gerais Estaduais 2026";"04/10/2026";"PA";"PA";"PARÁ";140002546430;2;61;"Depósito bancário em conta corrente no País";"BRADESCO";"37242,68";"10/08/2026";"18:53:32"
"11/08/2026";"19:30:45";2026;2;"Eleição Ordinária";6259;"Eleições Gerais Estaduais 2026";"04/10/2026";"PA";"PA";"PARÁ";140002546431;2;63;"Dinheiro em espécie - moeda nacional";"MOEDA NACIONAL";"29000,00";"10/08/2026";"18:53:32"
"11/08/2026";"19:30:45";2026;2;"Eleição Ordinária";6259;"Eleições Gerais Estaduais 2026";"04/10/2026";"PA";"PA";"PARÁ";140002546431;3;13;"Terreno";"LOTE RURAL LOCALIZADO NA PA 391 MOSQUEIRO/PA";"150000,00";"10/08/2026";"18:53:32"
"11/08/2026";"19:30:45";2026;2;"Eleição Ordinária";6259;"Eleições Gerais Estaduais 2026";"04/10/2026";"PA";"PA";"PARÁ";140002546431;4;13;"Terreno";"LOTE RESIDENCIAL NO BAIRRO DO GUAMÁ";"55000,00";"10/08/2026";"18:53:32"
"11/08/2026";"19:30:45";2026;2;"Eleição Ordinária";6259;"Eleições Gerais Estaduais 2026";"04/10/2026";"PA";"PA";"PARÁ";140002546431;5;21;"Veículo automotor terrestre: caminhão, automóvel, moto, etc.";"CARRO HYUNDAI CRETA";"90946,00";"10/08/2026";"18:53:32"
"11/08/2026";"19:30:45";2026;2;"Eleição Ordinária";6259;"Eleições Gerais Estaduais 2026";"04/10/2026";"PA";"PA";"PARÁ";140002546431;7;61;"Depósito bancário em conta corrente no País";"BANPARA";"13368,98";"10/08/2026";"18:53:32"
"11/08/2026";"19:30:45";2026;2;"Eleição Ordinária";6259;"Eleições Gerais Estaduais 2026";"04/10/2026";"PA";"PA";"PARÁ";140002546431;6;61;"Depósito bancário em conta corrente no País";"ITAU";"12975,73";"10/08/2026";"18:53:32"
"11/08/2026";"19:30:45";2026;2;"Eleição Ordinária";6259;"Eleições Gerais Estaduais 2026";"04/10/2026";"PA";"PA";"PARÁ";140002546558;1;12;"Casa";"RESIDÊNCIA";"300000,00";"11/08/2026";"17:05:41"
"11/08/2026";"19:30:45";2026;2;"Eleição Ordinária";6259;"Eleições Gerais Estaduais 2026";"04/10/2026";"PA";"PA";"PARÁ";140002546439;1;32;"Quotas ou quinhões de capital";"QUOTAS";"120000,00";"10/08/2026";"18:53:32"
"11/08/2026";"19:30:45";2026;2;"Eleição Ordinária";6259;"Eleições Gerais Estaduais 2026";"04/10/2026";"PA";"PA";"PARÁ";140002546558;2;21;"Veículo automotor terrestre: caminhão, automóvel, moto, etc.";"CARRO PRÓPRIO";"70000,00";"11/08/2026";"17:05:41"
"11/08/2026";"19:30:45";2026;2;"Eleição Ordinária";6259;"Eleições Gerais Estaduais 2026";"04/10/2026";"PA";"PA";"PARÁ";140002546681;1;41;"Caderneta de poupança";"BANPARA";"2280,33";"10/08/2026";"18:53:32"
"11/08/2026";"19:30:45";2026;2;"Eleição Ordinária";6259;"Eleições Gerais Estaduais 2026";"04/10/2026";"PA";"PA";"PARÁ";140002546560;1;21;"Veículo automotor terrestre: caminhão, automóvel, moto, etc.";"MOTO";"23000,00";"11/08/2026";"18:10:44"
"11/08/2026";"19:30:45";2026;2;"Eleição Ordinária";6259;"Eleições Gerais Estaduais 2026";"04/10/2026";"PA";"PA";"PARÁ";140002546560;2;21;"Veículo automotor terrestre: caminhão, automóvel, moto, etc.";"CARRO";"60000,00";"11/08/2026";"18:10:44"
"11/08/2026";"19:30:45";2026;2;"Eleição Ordinária";6259;"Eleições Gerais Estaduais 2026";"04/10/2026";"PA";"PA";"PARÁ";140002546681;3;49;"Outras aplicações e Investimentos";"BRADESCO VIDA E PREVIDENCIA";"800000,00";"10/08/2026";"18:53:32"
"11/08/2026";"19:30:45";2026;2;"Eleição Ordinária";6259;"Eleições Gerais Estaduais 2026";"04/10/2026";"PA";"PA";"PARÁ";140002546681;2;21;"Veículo automotor terrestre: caminhão, automóvel, moto, etc.";"TOYOTA SW4";"430000,00";"10/08/2026";"18:53:32"
"11/08/2026";"19:30:45";2026;2;"Eleição Ordinária";6259;"Eleições Gerais Estaduais 2026";"04/10/2026";"PA";"PA";"PARÁ";140002546681;4;21;"Veículo automotor terrestre: caminhão, automóvel, moto, etc.";"LAND EVOQUE";"495000,00";"10/08/2026";"18:53:32"
"11/08/2026";"19:30:45";2026;2;"Eleição Ordinária";6259;"Eleições Gerais Estaduais 2026";"04/10/2026";"PA";"PA";"PARÁ";140002546681;5;49;"Outras aplicações e Investimentos";"CONSORCIO BRADESCO CONTRATO FINAL 86";"23216,58";"10/08/2026";"18:53:32"
"11/08/2026";"19:30:45";2026;2;"Eleição Ordinária";6259;"Eleições Gerais Estaduais 2026";"04/10/2026";"PA";"PA";"PARÁ";140002546681;6;21;"Veículo automotor terrestre: caminhão, automóvel, moto, etc.";"AMAROK V6";"279000,00";"10/08/2026";"18:53:32"
"11/08/2026";"19:30:45";2026;2;"Eleição Ordinária";6259;"Eleições Gerais Estaduais 2026";"04/10/2026";"PA";"PA";"PARÁ";140002546681;7;39;"Outras participações societárias";"ED. EDGE, EMPRESA: RAGNAR PARTICIPACAO CONT. 398";"52703,65";"10/08/2026";"18:53:32"
"11/08/2026";"19:30:45";2026;2;"Eleição Ordinária";6259;"Eleições Gerais Estaduais 2026";"04/10/2026";"PA";"PA";"PARÁ";140002546681;10;49;"Outras aplicações e Investimentos";"CAIXA VIDA E PREVIDENCIA";"14000000,00";"10/08/2026";"18:53:32"
"11/08/2026";"19:30:45";2026;2;"Eleição Ordinária";6259;"Eleições Gerais Estaduais 2026";"04/10/2026";"PA";"PA";"PARÁ";140002546681;8;21;"Veículo automotor terrestre: caminhão, automóvel, moto, etc.";"X1 SPORT";"354950,00";"10/08/2026";"18:53:32"
"11/08/2026";"19:30:45";2026;2;"Eleição Ordinária";6259;"Eleições Gerais Estaduais 2026";"04/10/2026";"PA";"PA";"PARÁ";140002546681;9;74;"Fundos: Ações, Mútuos de Privatização, Invest. Empresas Emergentes, Invest.Participação e Invest. Índice Mercado";"LETRA DE CREDITO AGRONEGOCIO - CAIXA ECONOMICA FEDERAL";"12112000,00";"10/08/2026";"18:53:32"
"11/08/2026";"19:30:45";2026;2;"Eleição Ordinária";6259;"Eleições Gerais Estaduais 2026";"04/10/2026";"PA";"PA";"PARÁ";140002546681;13;49;"Outras aplicações e Investimentos";"CONSORCIO BRADESCO CONTRATO FINAL 88";"23216,58";"10/08/2026";"18:53:32"
"11/08/2026";"19:30:45";2026;2;"Eleição Ordinária";6259;"Eleições Gerais Estaduais 2026";"04/10/2026";"PA";"PA";"PARÁ";140002546681;12;74;"Fundos: Ações, Mútuos de Privatização, Invest. Empresas Emergentes, Invest.Participação e Invest. Índice Mercado";"LETRA DE CREDITO IMOBILIARIO - CAIXA ECONOMICA FEDERAL";"3866000,00";"10/08/2026";"18:53:32"
"11/08/2026";"19:30:45";2026;2;"Eleição Ordinária";6259;"Eleições Gerais Estaduais 2026";"04/10/2026";"PA";"PA";"PARÁ";140002546681;11;13;"Terreno";"TERRENO (1/3) SITUADO EM MOSQUEIRO, MEDINDO 2.988,21 M . ADQUIRIDO EM CONJUNTO COM OUTAS 2 PESSOAS";"8333,33";"10/08/2026";"18:53:32"
"11/08/2026";"19:30:45";2026;2;"Eleição Ordinária";6259;"Eleições Gerais Estaduais 2026";"04/10/2026";"PA";"PA";"PARÁ";140002546681;16;45;"Aplicação de renda fixa (CDB, RDB e outros)";"BANPARA";"20000011,84";"10/08/2026";"18:53:32"
"11/08/2026";"19:30:45";2026;2;"Eleição Ordinária";6259;"Eleições Gerais Estaduais 2026";"04/10/2026";"PA";"PA";"PARÁ";140002546681;14;45;"Aplicação de renda fixa (CDB, RDB e outros)";"BRADESCO CAPITALIZAÇÃO";"44295,67";"10/08/2026";"18:53:32"
"11/08/2026";"19:30:45";2026;2;"Eleição Ordinária";6259;"Eleições Gerais Estaduais 2026";"04/10/2026";"PA";"PA";"PARÁ";140002546681;15;39;"Outras participações societárias";"ED. EDGE, EMPRESA: RAGNAR PARTICIPACAO CONT. 398";"52703,65";"10/08/2026";"18:53:32"
"11/08/2026";"19:30:45";2026;2;"Eleição Ordinária";6259;"Eleições Gerais Estaduais 2026";"04/10/2026";"PA";"PA";"PARÁ";140002546681;18;49;"Outras aplicações e Investimentos";"CONSORCIO BRADESCO CONTRATO FINAL 87";"23216,58";"10/08/2026";"18:53:32"
"11/08/2026";"19:30:45";2026;2;"Eleição Ordinária";6259;"Eleições Gerais Estaduais 2026";"04/10/2026";"PA";"PA";"PARÁ";140002546681;17;45;"Aplicação de renda fixa (CDB, RDB e outros)";"BRADESCO";"243,58";"10/08/2026";"18:53:32"
"11/08/2026";"19:30:45";2026;2;"Eleição Ordinária";6259;"Eleições Gerais Estaduais 2026";"04/10/2026";"PA";"PA";"PARÁ";140002546682;1;61;"Depósito bancário em conta corrente no País";"BANCO DO BRASIL";"5614,07";"10/08/2026";"18:53:32"
"11/08/2026";"19:30:45";2026;2;"Eleição Ordinária";6259;"Eleições Gerais Estaduais 2026";"04/10/2026";"PA";"PA";"PARÁ";140002546682;2;41;"Caderneta de poupança";"CAIXA";"982,06";"10/08/2026";"18:53:32"
"11/08/2026";"19:30:45";2026;2;"Eleição Ordinária";6259;"Eleições Gerais Estaduais 2026";"04/10/2026";"PA";"PA";"PARÁ";140002546689;1;39;"Outras participações societárias";"PARTICIPAÇÃO SOCIETARIA 100%";"6000,00";"10/08/2026";"18:53:32"
"11/08/2026";"19:30:45";2026;2;"Eleição Ordinária";6259;"Eleições Gerais Estaduais 2026";"04/10/2026";"PA";"PA";"PARÁ";140002546689;2;61;"Depósito bancário em conta corrente no País";"BANCO ITAU";"5000,00";"10/08/2026";"18:53:32"
"11/08/2026";"19:30:45";2026;2;"Eleição Ordinária";6259;"Eleições Gerais Estaduais 2026";"04/10/2026";"PA";"PA";"PARÁ";140002546706;2;21;"Veículo automotor terrestre: caminhão, automóvel, moto, etc.";"YAMAHA XTZ 250 LANDER";"25366,00";"10/08/2026";"19:23:32"
"11/08/2026";"19:30:45";2026;2;"Eleição Ordinária";6259;"Eleições Gerais Estaduais 2026";"04/10/2026";"PA";"PA";"PARÁ";140002546706;1;21;"Veículo automotor terrestre: caminhão, automóvel, moto, etc.";"VEÍCULO AUTOMOTOR CHEVROLET SPIN";"64467,00";"10/08/2026";"19:23:32"
"11/08/2026";"19:30:45";2026;2;"Eleição Ordinária";6259;"Eleições Gerais Estaduais 2026";"04/10/2026";"PA";"PA";"PARÁ";140002546697;1;13;"Terreno";"LOCALIZADO EM SANTAREM/PA";"300000,00";"10/08/2026";"18:53:32"
"11/08/2026";"19:30:45";2026;2;"Eleição Ordinária";6259;"Eleições Gerais Estaduais 2026";"04/10/2026";"PA";"PA";"PARÁ";140002546707;2;21;"Veículo automotor terrestre: caminhão, automóvel, moto, etc.";"VEICULO CELTA";"18390,00";"10/08/2026";"19:23:32"
"11/08/2026";"19:30:45";2026;2;"Eleição Ordinária";6259;"Eleições Gerais Estaduais 2026";"04/10/2026";"PA";"PA";"PARÁ";140002546707;1;21;"Veículo automotor terrestre: caminhão, automóvel, moto, etc.";"MOTO HONDA POP";"10490,00";"10/08/2026";"19:23:32"
"11/08/2026";"19:30:45";2026;2;"Eleição Ordinária";6259;"Eleições Gerais Estaduais 2026";"04/10/2026";"PA";"PA";"PARÁ";140002546709;1;16;"Construção";"CONSTRUÇÃO";"40000,00";"10/08/2026";"19:23:32"
"11/08/2026";"19:30:45";2026;2;"Eleição Ordinária";6259;"Eleições Gerais Estaduais 2026";"04/10/2026";"PA";"PA";"PARÁ";140002546709;2;21;"Veículo automotor terrestre: caminhão, automóvel, moto, etc.";"VEICULO";"120000,00";"10/08/2026";"19:23:32"
"11/08/2026";"19:30:45";2026;2;"Eleição Ordinária";6259;"Eleições Gerais Estaduais 2026";"04/10/2026";"PA";"PA";"PARÁ";140002546709;3;74;"Fundos: Ações, Mútuos de Privatização, Invest. Empresas Emergentes, Invest.Participação e Invest. Índice Mercado";"FUNDO DE INVESTIMENTO";"778855,70";"10/08/2026";"19:23:32"
"11/08/2026";"19:30:45";2026;2;"Eleição Ordinária";6259;"Eleições Gerais Estaduais 2026";"04/10/2026";"PA";"PA";"PARÁ";140002546709;4;61;"Depósito bancário em conta corrente no País";"DEPOSITO BANCARIO";"34890,93";"10/08/2026";"19:23:32"
"11/08/2026";"19:30:45";2026;2;"Eleição Ordinária";6259;"Eleições Gerais Estaduais 2026";"04/10/2026";"PA";"PA";"PARÁ";140002546709;6;11;"Apartamento";"APARTAMENTO";"400000,00";"10/08/2026";"19:23:32"
"11/08/2026";"19:30:45";2026;2;"Eleição Ordinária";6259;"Eleições Gerais Estaduais 2026";"04/10/2026";"PA";"PA";"PARÁ";140002546709;5;1;"Prédio residencial";"PRÉDIO RESIDENCIAL/COMERCIAL";"130488,11";"10/08/2026";"19:23:32"
"11/08/2026";"19:30:45";2026;2;"Eleição Ordinária";6259;"Eleições Gerais Estaduais 2026";"04/10/2026";"PA";"PA";"PARÁ";140002546709;7;13;"Terreno";"TERRENO";"137589,95";"10/08/2026";"19:23:32"
"11/08/2026";"19:30:45";2026;2;"Eleição Ordinária";6259;"Eleições Gerais Estaduais 2026";"04/10/2026";"PA";"PA";"PARÁ";140002546709;9;21;"Veículo automotor terrestre: caminhão, automóvel, moto, etc.";"VEICULO";"21000,00";"10/08/2026";"19:23:32"
"11/08/2026";"19:30:45";2026;2;"Eleição Ordinária";6259;"Eleições Gerais Estaduais 2026";"04/10/2026";"PA";"PA";"PARÁ";140002546709;10;13;"Terreno";"TERRENO";"39870,74";"10/08/2026";"19:23:32"
"11/08/2026";"19:30:45";2026;2;"Eleição Ordinária";6259;"Eleições Gerais Estaduais 2026";"04/10/2026";"PA";"PA";"PARÁ";140002546709;8;13;"Terreno";"TERRENO";"11000,00";"10/08/2026";"19:23:32"
"11/08/2026";"19:30:45";2026;2;"Eleição Ordinária";6259;"Eleições Gerais Estaduais 2026";"04/10/2026";"PA";"PA";"PARÁ";140002546709;13;74;"Fundos: Ações, Mútuos de Privatização, Invest. Empresas Emergentes, Invest.Participação e Invest. Índice Mercado";"FUNDO DE INVESTIMENTO";"605541,02";"10/08/2026";"19:23:32"
"11/08/2026";"19:30:45";2026;2;"Eleição Ordinária";6259;"Eleições Gerais Estaduais 2026";"04/10/2026";"PA";"PA";"PARÁ";140002546709;12;16;"Construção";"CONSTRUÇÃO";"40000,00";"10/08/2026";"19:23:32"
"11/08/2026";"19:30:45";2026;2;"Eleição Ordinária";6259;"Eleições Gerais Estaduais 2026";"04/10/2026";"PA";"PA";"PARÁ";140002546709;11;61;"Depósito bancário em conta corrente no País";"DEPOSITO BANCARIO";"1392,40";"10/08/2026";"19:23:32"
"11/08/2026";"19:30:45";2026;2;"Eleição Ordinária";6259;"Eleições Gerais Estaduais 2026";"04/10/2026";"PA";"PA";"PARÁ";140002546709;15;21;"Veículo automotor terrestre: caminhão, automóvel, moto, etc.";"VEICULO";"280000,00";"10/08/2026";"19:23:32"
"11/08/2026";"19:30:45";2026;2;"Eleição Ordinária";6259;"Eleições Gerais Estaduais 2026";"04/10/2026";"PA";"PA";"PARÁ";140002546709;14;61;"Depósito bancário em conta corrente no País";"DEPOSITO BANCARIO";"226262,89";"10/08/2026";"19:23:32"
"11/08/2026";"19:30:45";2026;2;"Eleição Ordinária";6259;"Eleições Gerais Estaduais 2026";"04/10/2026";"PA";"PA";"PARÁ";140002546709;16;13;"Terreno";"TERRENO";"40000,00";"10/08/2026";"19:23:32"
"11/08/2026";"19:30:45";2026;2;"Eleição Ordinária";6259;"Eleições Gerais Estaduais 2026";"04/10/2026";"PA";"PA";"PARÁ";140002546710;1;21;"Veículo automotor terrestre: caminhão, automóvel, moto, etc.";"VEICULO RENEGATE ANO 2015/2016";"90000,00";"10/08/2026";"19:23:32"
"11/08/2026";"19:30:45";2026;2;"Eleição Ordinária";6259;"Eleições Gerais Estaduais 2026";"04/10/2026";"PA";"PA";"PARÁ";140002546709;17;74;"Fundos: Ações, Mútuos de Privatização, Invest. Empresas Emergentes, Invest.Participação e Invest. Índice Mercado";"FUNDO DE INVESTIMENTO";"825576,54";"10/08/2026";"19:23:32"
"11/08/2026";"19:30:45";2026;2;"Eleição Ordinária";6259;"Eleições Gerais Estaduais 2026";"04/10/2026";"PA";"PA";"PARÁ";140002546710;2;61;"Depósito bancário em conta corrente no País";"CONTA CORRENTE - BANCO DO BRASIL";"42374,00";"10/08/2026";"19:23:32"
"11/08/2026";"19:30:45";2026;2;"Eleição Ordinária";6259;"Eleições Gerais Estaduais 2026";"04/10/2026";"PA";"PA";"PARÁ";140002546710;5;31;"Ações (inclusive as provenientes de linha telefônica)";"105-BRASIL";"12000,00";"10/08/2026";"19:23:32"
"11/08/2026";"19:30:45";2026;2;"Eleição Ordinária";6259;"Eleições Gerais Estaduais 2026";"04/10/2026";"PA";"PA";"PARÁ";140002546710;3;45;"Aplicação de renda fixa (CDB, RDB e outros)";"BRASIL PREV VGBL";"382856,00";"10/08/2026";"19:23:32"
"11/08/2026";"19:30:45";2026;2;"Eleição Ordinária";6259;"Eleições Gerais Estaduais 2026";"04/10/2026";"PA";"PA";"PARÁ";140002546710;4;61;"Depósito bancário em conta corrente no País";"CONTA CORRENTE - BANCO DO BRASIL";"24804,00";"10/08/2026";"19:23:32"
"11/08/2026";"19:30:45";2026;2;"Eleição Ordinária";6259;"Eleições Gerais Estaduais 2026";"04/10/2026";"PA";"PA";"PARÁ";140002546710;6;11;"Apartamento";"APARTAMENTO RESIDENCIAL SQNW 109/ BRASILIA";"2200000,00";"10/08/2026";"19:23:32"
"11/08/2026";"19:30:45";2026;2;"Eleição Ordinária";6259;"Eleições Gerais Estaduais 2026";"04/10/2026";"PA";"PA";"PARÁ";140002546710;8;15;"Sala ou conjunto";"SALA COMERCIAL RUA ROMUALDO DE SEIXAS";"70000,00";"10/08/2026";"19:23:32"
"11/08/2026";"19:30:45";2026;2;"Eleição Ordinária";6259;"Eleições Gerais Estaduais 2026";"04/10/2026";"PA";"PA";"PARÁ";140002546710;7;45;"Aplicação de renda fixa (CDB, RDB e outros)";"ACÕES BB CDB DI";"300500,00";"10/08/2026";"19:23:32"
"11/08/2026";"19:30:45";2026;2;"Eleição Ordinária";6259;"Eleições Gerais Estaduais 2026";"04/10/2026";"PA";"PA";"PARÁ";140002546711;2;49;"Outras aplicações e Investimentos";"APLICAÇÕES/INVEST IMENTOS";"459131,69";"10/08/2026";"19:23:32"
"11/08/2026";"19:30:45";2026;2;"Eleição Ordinária";6259;"Eleições Gerais Estaduais 2026";"04/10/2026";"PA";"PA";"PARÁ";140002546711;1;1;"Prédio residencial";"IMÓVEL RESIDENCIAL";"150000,00";"10/08/2026";"19:23:32"
"11/08/2026";"19:30:45";2026;2;"Eleição Ordinária";6259;"Eleições Gerais Estaduais 2026";"04/10/2026";"PA";"PA";"PARÁ";140002546711;3;1;"Prédio residencial";"IMÓVEL RESIDENCIAL";"252228,00";"10/08/2026";"19:23:32"
"11/08/2026";"19:30:45";2026;2;"Eleição Ordinária";6259;"Eleições Gerais Estaduais 2026";"04/10/2026";"PA";"PA";"PARÁ";140002546711;4;21;"Veículo automotor terrestre: caminhão, automóvel, moto, etc.";"CAR/REBOQUE";"2200,00";"10/08/2026";"19:23:32"
"11/08/2026";"19:30:45";2026;2;"Eleição Ordinária";6259;"Eleições Gerais Estaduais 2026";"04/10/2026";"PA";"PA";"PARÁ";140002546711;6;1;"Prédio residencial";"IMOVEL RESIDENCIAL";"150000,00";"10/08/2026";"19:23:32"
"11/08/2026";"19:30:45";2026;2;"Eleição Ordinária";6259;"Eleições Gerais Estaduais 2026";"04/10/2026";"PA";"PA";"PARÁ";140002546711;5;2;"Prédio comercial";"IMÓVEL COMERCIAL";"590000,00";"10/08/2026";"19:23:32"
"11/08/2026";"19:30:45";2026;2;"Eleição Ordinária";6259;"Eleições Gerais Estaduais 2026";"04/10/2026";"PA";"PA";"PARÁ";140002546711;9;31;"Ações (inclusive as provenientes de linha telefônica)";"QUOTAS/AÇÕES";"20000,00";"10/08/2026";"19:23:32"
"11/08/2026";"19:30:45";2026;2;"Eleição Ordinária";6259;"Eleições Gerais Estaduais 2026";"04/10/2026";"PA";"PA";"PARÁ";140002546711;8;61;"Depósito bancário em conta corrente no País";"CONTA CORRENTE";"197803,51";"10/08/2026";"19:23:32"
"11/08/2026";"19:30:45";2026;2;"Eleição Ordinária";6259;"Eleições Gerais Estaduais 2026";"04/10/2026";"PA";"PA";"PARÁ";140002546711;7;13;"Terreno";"TERRENO/LOTE";"15000,00";"10/08/2026";"19:23:32"
"11/08/2026";"19:30:45";2026;2;"Eleição Ordinária";6259;"Eleições Gerais Estaduais 2026";"04/10/2026";"PA";"PA";"PARÁ";140002546712;1;1;"Prédio residencial";"IMÓVEL RESIDENCIAL - CASA, 82,8 M2";"176440,00";"10/08/2026";"19:23:32"
"11/08/2026";"19:30:45";2026;2;"Eleição Ordinária";6259;"Eleições Gerais Estaduais 2026";"04/10/2026";"PA";"PA";"PARÁ";140002546711;11;63;"Dinheiro em espécie - moeda nacional";"DINHEIRO EM ESPECIE";"200000,00";"10/08/2026";"19:23:32"
"11/08/2026";"19:30:45";2026;2;"Eleição Ordinária";6259;"Eleições Gerais Estaduais 2026";"04/10/2026";"PA";"PA";"PARÁ";140002546711;10;31;"Ações (inclusive as provenientes de linha telefônica)";"QUOTAS/AÇÕES";"50000,00";"10/08/2026";"19:23:32"
"11/08/2026";"19:30:45";2026;2;"Eleição Ordinária";6259;"Eleições Gerais Estaduais 2026";"04/10/2026";"PA";"PA";"PARÁ";140002546713;1;41;"Caderneta de poupança";"CONTAS DE POUPANCA E LETRAS HIPOTECARIAS";"2839,35";"10/08/2026";"19:23:32"
"11/08/2026";"19:30:45";2026;2;"Eleição Ordinária";6259;"Eleições Gerais Estaduais 2026";"04/10/2026";"PA";"PA";"PARÁ";140002546713;3;72;"Fundo de Longo Prazo e Fundo de Investimentos em Direitos Creditórios (FIDC)";"SANTANDER ADVANCED RENDA FIXA";"54653,88";"10/08/2026";"19:23:32"
"11/08/2026";"19:30:45";2026;2;"Eleição Ordinária";6259;"Eleições Gerais Estaduais 2026";"04/10/2026";"PA";"PA";"PARÁ";140002546713;2;61;"Depósito bancário em conta corrente no País";"BANCO SANTANDER SA";"19440,96";"10/08/2026";"19:23:32"
"11/08/2026";"19:30:45";2026;2;"Eleição Ordinária";6259;"Eleições Gerais Estaduais 2026";"04/10/2026";"PA";"PA";"PARÁ";140002546715;2;1;"Prédio residencial";"CASA RESIDENCIAL";"350000,00";"10/08/2026";"19:23:32"
"11/08/2026";"19:30:45";2026;2;"Eleição Ordinária";6259;"Eleições Gerais Estaduais 2026";"04/10/2026";"PA";"PA";"PARÁ";140002546715;1;13;"Terreno";"LOTE URBANO 1";"10000,00";"10/08/2026";"19:23:32"
"11/08/2026";"19:30:45";2026;2;"Eleição Ordinária";6259;"Eleições Gerais Estaduais 2026";"04/10/2026";"PA";"PA";"PARÁ";140002546714;1;13;"Terreno";"LOTE RESIDENCIAL";"108000,00";"10/08/2026";"19:23:32"
"11/08/2026";"19:30:45";2026;2;"Eleição Ordinária";6259;"Eleições Gerais Estaduais 2026";"04/10/2026";"PA";"PA";"PARÁ";140002546718;1;49;"Outras aplicações e Investimentos";"TREND INB";"301,30";"10/08/2026";"19:23:32"
"11/08/2026";"19:30:45";2026;2;"Eleição Ordinária";6259;"Eleições Gerais Estaduais 2026";"04/10/2026";"PA";"PA";"PARÁ";140002546718;2;61;"Depósito bancário em conta corrente no País";"DEPOSITO BANCO ITAU";"299,00";"10/08/2026";"19:23:32"
"11/08/2026";"19:30:45";2026;2;"Eleição Ordinária";6259;"Eleições Gerais Estaduais 2026";"04/10/2026";"PA";"PA";"PARÁ";140002546715;3;13;"Terreno";"LOTE URBANO 2";"10000,00";"10/08/2026";"19:23:32"
"11/08/2026";"19:30:45";2026;2;"Eleição Ordinária";6259;"Eleições Gerais Estaduais 2026";"04/10/2026";"PA";"PA";"PARÁ";140002546718;3;79;"Outros fundos";"SULAMERICA PREMIUM";"1026,27";"10/08/2026";"19:23:32"
"11/08/2026";"19:30:45";2026;2;"Eleição Ordinária";6259;"Eleições Gerais Estaduais 2026";"04/10/2026";"PA";"PA";"PARÁ";140002546718;5;1;"Prédio residencial";"CASA EM SANTAREM";"304000,00";"10/08/2026";"19:23:32"
"11/08/2026";"19:30:45";2026;2;"Eleição Ordinária";6259;"Eleições Gerais Estaduais 2026";"04/10/2026";"PA";"PA";"PARÁ";140002546718;4;39;"Outras participações societárias";"TITULAR DE EMPRESA";"400000,00";"10/08/2026";"19:23:32"
"11/08/2026";"19:30:45";2026;2;"Eleição Ordinária";6259;"Eleições Gerais Estaduais 2026";"04/10/2026";"PA";"PA";"PARÁ";140002546719;2;1;"Prédio residencial";"APARTAMENTO";"990000,00";"10/08/2026";"19:23:32"
"11/08/2026";"19:30:45";2026;2;"Eleição Ordinária";6259;"Eleições Gerais Estaduais 2026";"04/10/2026";"PA";"PA";"PARÁ";140002546719;1;39;"Outras participações societárias";"100% DAS QUOTAS DA SOCIEDADE DE ADVOCACIA MARQUES E ALVES DA SILVA";"7000,00";"10/08/2026";"19:23:32"
"11/08/2026";"19:30:45";2026;2;"Eleição Ordinária";6259;"Eleições Gerais Estaduais 2026";"04/10/2026";"PA";"PA";"PARÁ";140002546719;3;21;"Veículo automotor terrestre: caminhão, automóvel, moto, etc.";"VEÍCULO RANGE ROVER EVOQUE 2013/2013";"130000,00";"10/08/2026";"19:23:32"
"11/08/2026";"19:30:45";2026;2;"Eleição Ordinária";6259;"Eleições Gerais Estaduais 2026";"04/10/2026";"PA";"PA";"PARÁ";140002546719;4;63;"Dinheiro em espécie - moeda nacional";"MOEDA CORRENTE (DISPONIBILIDADE EM ESPÉCIE)";"34200,00";"10/08/2026";"19:23:32"
"11/08/2026";"19:30:45";2026;2;"Eleição Ordinária";6259;"Eleições Gerais Estaduais 2026";"04/10/2026";"PA";"PA";"PARÁ";140002547291;1;13;"Terreno";"UM TERRENO URBANO, SITUADO NA MARGEM DIREITA DA RODOVIA BR 316, MEDINDO 70,00M DE LARGURA NA FRENTE E NOS FUNDOS, POR 70,00M DE EXTENSAO PELAS LATERAIS.";"499000,00";"11/08/2026";"11:23:59"
"11/08/2026";"19:30:45";2026;2;"Eleição Ordinária";6259;"Eleições Gerais Estaduais 2026";"04/10/2026";"PA";"PA";"PARÁ";140002546720;1;21;"Veículo automotor terrestre: caminhão, automóvel, moto, etc.";"MOTO FAZER 150";"10000,00";"10/08/2026";"19:23:32"
"11/08/2026";"19:30:45";2026;2;"Eleição Ordinária";6259;"Eleições Gerais Estaduais 2026";"04/10/2026";"PA";"PA";"PARÁ";140002547291;2;13;"Terreno";"TERRENO NO VALOR DE R$ 1.500.000,00, ADQUIRIDO EM PARCELAS DE 36 MESES, SENDO R$ 500.000,00 EM 2017.";"1500000,00";"11/08/2026";"11:23:59"
"11/08/2026";"19:30:45";2026;2;"Eleição Ordinária";6259;"Eleições Gerais Estaduais 2026";"04/10/2026";"PA";"PA";"PARÁ";140002547291;3;13;"Terreno";"UM TERRENO COM SEDE NO KM 20 DA RODOVIA BR 316, MUNICIPIO DE BENEVIDES, COM AREA TOTAL DE 858HA., 16A , 96CA.";"1376493,72";"11/08/2026";"11:23:59"
"11/08/2026";"19:30:45";2026;2;"Eleição Ordinária";6259;"Eleições Gerais Estaduais 2026";"04/10/2026";"PA";"PA";"PARÁ";140002547291;4;13;"Terreno";"UM TERRENO NO VALOR DE R$ 600.000,00 SITUADO NA MARGEM DA RODOVIA BR-316, KM 20, MUNICIPIO DE BENEVIDES/PA, COM UMA AREA DE 4,122HA E UM PERIMETRO DE 874,68M.";"600000,00";"11/08/2026";"11:23:59"
"11/08/2026";"19:30:45";2026;2;"Eleição Ordinária";6259;"Eleições Gerais Estaduais 2026";"04/10/2026";"PA";"PA";"PARÁ";140002547291;5;32;"Quotas ou quinhões de capital";"POSSUI 0,67% DE PARTICIPACAO NO CAPITAL SOCIAL DA EMPRESA ACO PARA INDUSTRIAL LTDA. SENDO 80.000 (OITENTA MIL) QUOTAS NO VALOR DE R$ 1,00 (UM REAL) CADA, PERFAZENDO UM TOTAL DE R$ 80 (OITENTA MIL REAI";"80000,00";"11/08/2026";"11:23:59"
"11/08/2026";"19:30:45";2026;2;"Eleição Ordinária";6259;"Eleições Gerais Estaduais 2026";"04/10/2026";"PA";"PA";"PARÁ";140002547291;6;32;"Quotas ou quinhões de capital";"POSSUI 100% DE PARTICIPACAO NO CAPITAL SOCIAL DA EMPRESA BITENCOURT INCORPORACAO SPE LTDA. SENDO 1.611.000,00 (UM MILHAO SEISCENTOS E ONZE MIL) QUOTAS NO VALOR DE R$ 1,00 (UM REAL) CADA, PERFAZENDO UM";"1611000,00";"11/08/2026";"11:23:59"
"11/08/2026";"19:30:45";2026;2;"Eleição Ordinária";6259;"Eleições Gerais Estaduais 2026";"04/10/2026";"PA";"PA";"PARÁ";140002547291;7;99;"OUTROS BENS E DIREITOS";"DOACAO EM ADIANTAMENTO DA LEGITIMA DE TERRENO FRACAO - ADQUIRIDO DE CPF 062.199.262-34 E OUTROS EM 26/06/2025 - VALOR: R$ 4.047.422,25 - PARTICIPACAO: 100.00%- INFORMADO POR CNPJ 31.381.325/0001-95";"4047422,25";"11/08/2026";"11:23:59"
"11/08/2026";"19:30:45";2026;2;"Eleição Ordinária";6259;"Eleições Gerais Estaduais 2026";"04/10/2026";"PA";"PA";"PARÁ";140002547291;8;32;"Quotas ou quinhões de capital";"POSSUI PARTICIPACAO NO CAPITAL SOCIAL DA EMPRESA ACO PARA COMERCIAL LTDA. SENDO 1.073.500 (UM MILHAO E SETENTA E TRES MIL E QUINHENTAS) QUOTAS NO VALOR DE R$ 1,00 (UM REAL) CADA QUOTA. QUE CORRESPONDE";"1073500,00";"11/08/2026";"11:23:59"
"11/08/2026";"19:30:45";2026;2;"Eleição Ordinária";6259;"Eleições Gerais Estaduais 2026";"04/10/2026";"PA";"PA";"PARÁ";140002547291;10;13;"Terreno";"UM IMOVEL URBANO, SITUADO A MARGEM ESQUERDA DA RODOVIA BR 316 KM 7, MEDINDO 153,00M DE FRENTE E 1.900,00M APROXIMADAMENTE DE FUNDOS, AFETANDO A FORMA DE UM POLIGONO IRREGULAR DE SEIS LADOS, COM PERIME";"10500000,00";"11/08/2026";"11:23:59"
"11/08/2026";"19:30:45";2026;2;"Eleição Ordinária";6259;"Eleições Gerais Estaduais 2026";"04/10/2026";"PA";"PA";"PARÁ";140002547291;9;99;"OUTROS BENS E DIREITOS";"UMA  FAZENDA CACHOEIRA , LOCALIZADO A MARGEM DIREITA DA PA-02, MUNICIPIO DE TOME ACU, AREA DE APROXIMADOS 990 HECTARES, SOB CADASTRO NO INCRA N 050.024.042.030-X";"1000000,00";"11/08/2026";"11:23:59"
"11/08/2026";"19:30:45";2026;2;"Eleição Ordinária";6259;"Eleições Gerais Estaduais 2026";"04/10/2026";"PA";"PA";"PARÁ";140002547292;1;32;"Quotas ou quinhões de capital";"SOCIA 100% DA EMPRESA - SINTRA COMPANY LTDA";"200000,00";"11/08/2026";"11:24:13"
"11/08/2026";"19:30:45";2026;2;"Eleição Ordinária";6259;"Eleições Gerais Estaduais 2026";"04/10/2026";"PA";"PA";"PARÁ";140002547292;3;61;"Depósito bancário em conta corrente no País";"DEPOSITO EM CONTA CORRENTE";"502,47";"11/08/2026";"11:24:13"
"11/08/2026";"19:30:45";2026;2;"Eleição Ordinária";6259;"Eleições Gerais Estaduais 2026";"04/10/2026";"PA";"PA";"PARÁ";140002547292;2;61;"Depósito bancário em conta corrente no País";"DEPOSITO EM CONTA CORRENTE";"5028,38";"11/08/2026";"11:24:13"
"11/08/2026";"19:30:45";2026;2;"Eleição Ordinária";6259;"Eleições Gerais Estaduais 2026";"04/10/2026";"PA";"PA";"PARÁ";140002547293;3;95;"Consórcio não contemplado";"CONSORCIO AUTOMOVEIS";"328139,92";"11/08/2026";"11:24:06"
"11/08/2026";"19:30:45";2026;2;"Eleição Ordinária";6259;"Eleições Gerais Estaduais 2026";"04/10/2026";"PA";"PA";"PARÁ";140002547293;2;97;"VGBL - Vida Gerador de Benefício Livre";"BRASIL PREV";"4402,32";"11/08/2026";"11:24:06"
"11/08/2026";"19:30:45";2026;2;"Eleição Ordinária";6259;"Eleições Gerais Estaduais 2026";"04/10/2026";"PA";"PA";"PARÁ";140002547293;1;61;"Depósito bancário em conta corrente no País";"BANCO AMAZONIA";"33735,00";"11/08/2026";"11:24:06"
"11/08/2026";"19:30:45";2026;2;"Eleição Ordinária";6259;"Eleições Gerais Estaduais 2026";"04/10/2026";"PA";"PA";"PARÁ";140002547295;1;63;"Dinheiro em espécie - moeda nacional";"DINHEIRO EM ESPÉCIE - MOEDA NACIONAL";"125000,00";"11/08/2026";"11:24:15"
"11/08/2026";"19:30:45";2026;2;"Eleição Ordinária";6259;"Eleições Gerais Estaduais 2026";"04/10/2026";"PA";"PA";"PARÁ";140002547294;1;12;"Casa";"IMÓVEL RESIDENCIAL: UMA CASA RESIDENCIAL SITUADA NA RUA NOVA PRATA, SETOR ALTO PARANÁ, NO MUNICÍPIO DE REDENÇÃO - PA.";"350000,00";"11/08/2026";"11:24:01"
"11/08/2026";"19:30:45";2026;2;"Eleição Ordinária";6259;"Eleições Gerais Estaduais 2026";"04/10/2026";"PA";"PA";"PARÁ";140002547293;4;61;"Depósito bancário em conta corrente no País";"OUROCAP";"37601,50";"11/08/2026";"11:24:06"
"11/08/2026";"19:30:45";2026;2;"Eleição Ordinária";6259;"Eleições Gerais Estaduais 2026";"04/10/2026";"PA";"PA";"PARÁ";140002547295;2;19;"Outros bens imóveis";"OUTROS BENS IMÓVEIS";"349643,95";"11/08/2026";"11:24:15"
"11/08/2026";"19:30:45";2026;2;"Eleição Ordinária";6259;"Eleições Gerais Estaduais 2026";"04/10/2026";"PA";"PA";"PARÁ";140002547295;3;19;"Outros bens imóveis";"OUTROS BENS IMÓVEIS";"300000,00";"11/08/2026";"11:24:15"
"11/08/2026";"19:30:45";2026;2;"Eleição Ordinária";6259;"Eleições Gerais Estaduais 2026";"04/10/2026";"PA";"PA";"PARÁ";140002547295;4;13;"Terreno";"OUTROS BENS IMÓVEIS";"148276,23";"11/08/2026";"11:24:15"
"11/08/2026";"19:30:45";2026;2;"Eleição Ordinária";6259;"Eleições Gerais Estaduais 2026";"04/10/2026";"PA";"PA";"PARÁ";140002547296;1;21;"Veículo automotor terrestre: caminhão, automóvel, moto, etc.";"VW/NIVUS CL TSI AD DE PLACA QVQ-7D01";"110000,00";"11/08/2026";"11:24:05"
"11/08/2026";"19:30:45";2026;2;"Eleição Ordinária";6259;"Eleições Gerais Estaduais 2026";"04/10/2026";"PA";"PA";"PARÁ";140002547297;1;41;"Caderneta de poupança";"SALDO EM CONTA POUPANCA";"167,34";"11/08/2026";"11:24:03"
"11/08/2026";"19:30:45";2026;2;"Eleição Ordinária";6259;"Eleições Gerais Estaduais 2026";"04/10/2026";"PA";"PA";"PARÁ";140002547295;5;19;"Outros bens imóveis";"OUTROS BENS IMÓVEIS";"1750000,00";"11/08/2026";"11:24:15"
"11/08/2026";"19:30:45";2026;2;"Eleição Ordinária";6259;"Eleições Gerais Estaduais 2026";"04/10/2026";"PA";"PA";"PARÁ";140002547297;3;2;"Prédio comercial";"PREDIO COMERCIAL MEDINDO 550 M , LOCALIZADO NA TRAVESSA SAO FELIX SN . BAIRRO CENTRO - TAILANDIA - PA";"1200000,00";"11/08/2026";"11:24:03"
"11/08/2026";"19:30:45";2026;2;"Eleição Ordinária";6259;"Eleições Gerais Estaduais 2026";"04/10/2026";"PA";"PA";"PARÁ";140002547297;4;2;"Prédio comercial";"PREDIO COMERCIAL MEDINDO 345,08M LOCALIZADO NA TRAVESSA SAO FELIX N.O 48 QUADRA 4 LOTE 03 E 04, BAIRRO CENTRO - TAILANDIA - PA. (INSCRICAO MUNICIPAL LOTE 03: 001.001.0C4.0003.001 E LOTE 04: 001.001.0C";"900000,00";"11/08/2026";"11:24:03"
"11/08/2026";"19:30:45";2026;2;"Eleição Ordinária";6259;"Eleições Gerais Estaduais 2026";"04/10/2026";"PA";"PA";"PARÁ";140002547297;2;61;"Depósito bancário em conta corrente no País";"SALCO EM CONTA CORRENTE BANCO DO BRASIL";"1011,80";"11/08/2026";"11:24:03"
"11/08/2026";"19:30:45";2026;2;"Eleição Ordinária";6259;"Eleições Gerais Estaduais 2026";"04/10/2026";"PA";"PA";"PARÁ";140002547297;5;14;"Terra nua";"FAZENDA TAILANDIA, MEDINDO 4.000,0 HA, LOCALIZADA NA MARGEM DO RIO MOCOOES, M/D, S/N, BAIRRO ZONA RURAL, MUNICIPIO DE ANAJAS.";"800000,00";"11/08/2026";"11:24:03"
"11/08/2026";"19:30:45";2026;2;"Eleição Ordinária";6259;"Eleições Gerais Estaduais 2026";"04/10/2026";"PA";"PA";"PARÁ";140002547297;6;14;"Terra nua";"FAZENDA SAO FRANCISCO, MEDINDO 4.283,0 HA, LOCALIZADA NA MARGEM DO RIO MOCOOES, M/D, S/N, BAIRRO ZONA RURAL, MUNICIPIO DE ANAJAS - PA.";"856600,00";"11/08/2026";"11:24:03"
"11/08/2026";"19:30:45";2026;2;"Eleição Ordinária";6259;"Eleições Gerais Estaduais 2026";"04/10/2026";"PA";"PA";"PARÁ";140002547297;7;32;"Quotas ou quinhões de capital";"SOCIO ADMINISTRADOR DA EMPRESA DANYSLAR FORQUILHA LTDA, CNPJ: 42.248.060/0001-78, COM PARTICIPACAO DE 100% DO CAPITAL SOCIAL, DATA DE INGRESSO 08/06/2021.";"50000,00";"11/08/2026";"11:24:03"
"11/08/2026";"19:30:45";2026;2;"Eleição Ordinária";6259;"Eleições Gerais Estaduais 2026";"04/10/2026";"PA";"PA";"PARÁ";140002547297;10;14;"Terra nua";"FAZENDA ROCADO, MEDINDO 4.669,8 HA LOCALIZADA NA MARGEM DO RIO MOCOOES, M/D, S/N, BAIRRO ZONA RURAL, MUNICIPIO DE ANAJAS - PA.";"939960,00";"11/08/2026";"11:24:03"
"11/08/2026";"19:30:45";2026;2;"Eleição Ordinária";6259;"Eleições Gerais Estaduais 2026";"04/10/2026";"PA";"PA";"PARÁ";140002547297;8;32;"Quotas ou quinhões de capital";"SOCIO ADMINISTRADOR DA EMPRESA AMAZON CARBON LTDA, CNPJ: 44.433.508/0001-59, COM PARTICIPACAO DE 100% DO CAPITAL SOCIAL. DATA DE INGRESSO 30/11/2021.";"200000,00";"11/08/2026";"11:24:03"
"11/08/2026";"19:30:45";2026;2;"Eleição Ordinária";6259;"Eleições Gerais Estaduais 2026";"04/10/2026";"PA";"PA";"PARÁ";140002547297;9;32;"Quotas ou quinhões de capital";"SOCIO ADMINISTRADOR DA EMPRESA IMPACTA AGENCIA DE PUBLICIDADE LTDA, COM PARTICIPACAO DE 100% DO CAPITAL SOCIAL, DATA DE INGRESSO 21/07/2023";"300000,00";"11/08/2026";"11:24:03"
"11/08/2026";"19:30:45";2026;2;"Eleição Ordinária";6259;"Eleições Gerais Estaduais 2026";"04/10/2026";"PA";"PA";"PARÁ";140002547297;13;11;"Apartamento";"APARTAMENTO NO 902, DO 9 PAVIMENTO, PARTE INTEGRANTE DO EDIFICIO SAO LUIS, NO VALOR DE R$ 824.500,00, ADQUIRIDO DA SEGUINTE FORMA: ENTRADA NO VALOR DE R$ 228.500,00, E O RESTANTE SENDO FINANCIADO PELA";"508202,35";"11/08/2026";"11:24:03"
"11/08/2026";"19:30:45";2026;2;"Eleição Ordinária";6259;"Eleições Gerais Estaduais 2026";"04/10/2026";"PA";"PA";"PARÁ";140002547297;12;2;"Prédio comercial";"PREDIO COMERCIAL MEDINDO 674,50M , LOCALIZADO NA TRAVESSA CURUCA N.O 71, BAIRRO CENTRO, TAILANDIA - PA, VALOR DO IMOVEL R$ 335.999,28, O PAGAMENTO FOI DA SEGUINTE FORMA: SINAL R$ 67.200,00 E O RESTANT";"256415,01";"11/08/2026";"11:24:03"
"11/08/2026";"19:30:45";2026;2;"Eleição Ordinária";6259;"Eleições Gerais Estaduais 2026";"04/10/2026";"PA";"PA";"PARÁ";140002547297;11;61;"Depósito bancário em conta corrente no País";"SICREDI SUDOESTE MT/PA, CONTA CAPITAL, CONTA 835364";"18740,79";"11/08/2026";"11:24:03"
"11/08/2026";"19:30:45";2026;2;"Eleição Ordinária";6259;"Eleições Gerais Estaduais 2026";"04/10/2026";"PA";"PA";"PARÁ";140002547297;14;32;"Quotas ou quinhões de capital";"SOCIO ADMINISTRADOR DA EMPRESA RADIO NORTE FM COMUNICACOES LTDA, COM PARTICIPACAO DE 100% DO CAPITAL SOCIAL, ALTERACAO CONTRATUAL EM 24/06/2021.";"100000,00";"11/08/2026";"11:24:03"
"11/08/2026";"19:30:45";2026;2;"Eleição Ordinária";6259;"Eleições Gerais Estaduais 2026";"04/10/2026";"PA";"PA";"PARÁ";140002547297;15;32;"Quotas ou quinhões de capital";"SOCIO ADMINISTRADOR DA EMPRESA BELLA VIDA EMPREENDIMENTOS IMOBILIARIOS LTDA, COM PARTICIPACAO DE 100% DO CAPITAL SOCIAL, ALTERACAO EM 29/01/2021.";"300000,00";"11/08/2026";"11:24:03"
"11/08/2026";"19:30:45";2026;2;"Eleição Ordinária";6259;"Eleições Gerais Estaduais 2026";"04/10/2026";"PA";"PA";"PARÁ";140002547297;16;32;"Quotas ou quinhões de capital";"SOCIO ADMINISTRADOR DA EMPRESA DANYSLAR LTDA, CNPJ: 42.100.699/0001-01, COM PARTICIPACAO DE 100% DO CAPITAL SOCIAL, DATA DE INGRESSO 26/05/2021.";"200000,00";"11/08/2026";"11:24:03"
"11/08/2026";"19:30:45";2026;2;"Eleição Ordinária";6259;"Eleições Gerais Estaduais 2026";"04/10/2026";"PA";"PA";"PARÁ";140002547297;17;21;"Veículo automotor terrestre: caminhão, automóvel, moto, etc.";"VEICULO HYUNDAY/CRETA ANO FAB/MOD 2018, COR VERMELHA, COMBUSTIVEL ACOOL/GASOLINA, PLACA QEU5E63, ADQUIRIDO EM 22/04/2022, FINANCIADO PELO BANCO PAN S/A CNPJ 59.285.411/0001-13, CONFORME CONTRATO NUMER";"62166,52";"11/08/2026";"11:24:03"
"11/08/2026";"19:30:45";2026;2;"Eleição Ordinária";6259;"Eleições Gerais Estaduais 2026";"04/10/2026";"PA";"PA";"PARÁ";140002547297;19;39;"Outras participações societárias";"SOCIO ADMINISTRADOR DA EMPRESA DANYSAT COMERCIO DE ELETRODOMESTICOS LTDA, COM PARTICIPACAO DE 100% DO CAPITAL SOCIAL, CNPJ: 02.218.251.0001-72, DATA DA ALTERACAO 18.05.2020.";"237800,00";"11/08/2026";"11:24:03"
"11/08/2026";"19:30:45";2026;2;"Eleição Ordinária";6259;"Eleições Gerais Estaduais 2026";"04/10/2026";"PA";"PA";"PARÁ";140002547297;18;13;"Terreno";"COMPRA E VENDA DE TERRENO/FRACAO - ADQUIRIDO DE CPF 898.730.172-91 EM 02/03/2023 - VALOR: R$ 150.000,00 - PARTICIPACAO: 100.00% - INFORMADO POR CNPJ 32.651.343/0001-02";"150000,00";"11/08/2026";"11:24:03"
"11/08/2026";"19:30:45";2026;2;"Eleição Ordinária";6259;"Eleições Gerais Estaduais 2026";"04/10/2026";"PA";"PA";"PARÁ";140002547297;21;2;"Prédio comercial";"PREDIO COMERCIAL MEDINDO 506,48M LOCALIZADO NA TRAVESSA SAO FELIX N.O 29 BAIRRO CENTRO MUNICIPIO DE TAILANDIA - PA.";"256000,00";"11/08/2026";"11:24:03"
"11/08/2026";"19:30:45";2026;2;"Eleição Ordinária";6259;"Eleições Gerais Estaduais 2026";"04/10/2026";"PA";"PA";"PARÁ";140002547297;22;2;"Prédio comercial";"PREDIO COMERCIAL MEDINDO 162,80M, LOCALIZADO NA TRAVESSA SAO FELIX N.O 48A, LOTE 03, QUADRA COMERCIAL 04, BAIRRO: CENTRO TAILANDIA - PA";"200000,00";"11/08/2026";"11:24:03"
"11/08/2026";"19:30:45";2026;2;"Eleição Ordinária";6259;"Eleições Gerais Estaduais 2026";"04/10/2026";"PA";"PA";"PARÁ";140002547297;20;32;"Quotas ou quinhões de capital";"TITULAR DA EMPRESA F N FARIAS HOTEL - EPP, CNPJ N.O 21.146.271/0001-20, COM PARTICIPACAO DE 100% DO CAPITAL SOCIAL";"100000,00";"11/08/2026";"11:24:03"
"11/08/2026";"19:30:45";2026;2;"Eleição Ordinária";6259;"Eleições Gerais Estaduais 2026";"04/10/2026";"PA";"PA";"PARÁ";140002547297;23;11;"Apartamento";"APARTAMENTO NO 804, DO 8O PAVIMENTO, PARTE INTEGRANTE DO EDIFICIO SAO LUIS, NO VALOR DE R$ 742.000,00, ADQUIRIDO DA SEGUINTE FORMA: ENTRADA NO VALOR DE R$ 148.400,00, E O RESTANTE SENDO FINANCIADOS PE";"468420,41";"11/08/2026";"11:24:03"
"11/08/2026";"19:30:45";2026;2;"Eleição Ordinária";6259;"Eleições Gerais Estaduais 2026";"04/10/2026";"PA";"PA";"PARÁ";140002547297;24;32;"Quotas ou quinhões de capital";"TITULAR DA EMPRESA DANYSLAR MAGAZINE BARCARENA EIRELI, CNPJ: 17.316.935/0001-84, COM PARTICIPACAO DE 100% DO CAPITAL SOCIAL, DATA DE INGRESSO 03/02/2021.";"200000,00";"11/08/2026";"11:24:03"
"11/08/2026";"19:30:45";2026;2;"Eleição Ordinária";6259;"Eleições Gerais Estaduais 2026";"04/10/2026";"PA";"PA";"PARÁ";140002547302;1;13;"Terreno";"TERRENO 10X20 200 M . CASA COM PATIO, GARAGEM, SALA, DOIS QUARTOS, SENDO UM SUITE, COPA COZINHA, BANHEIRO SOCIAL, AREA DE SERVICO E QUINTAL COM POCO ARTESIANO.";"170000,00";"11/08/2026";"11:24:16"
"11/08/2026";"19:30:45";2026;2;"Eleição Ordinária";6259;"Eleições Gerais Estaduais 2026";"04/10/2026";"PA";"PA";"PARÁ";140002547302;3;21;"Veículo automotor terrestre: caminhão, automóvel, moto, etc.";"CAMINHONETE FORD RANGER XLS 4X2 DIESEL 2.2 JIV2M. COR PRETO GALES ANO 2021. MODELO 2022. PLACA RWK0F29.";"170000,00";"11/08/2026";"11:24:16"
"11/08/2026";"19:30:45";2026;2;"Eleição Ordinária";6259;"Eleições Gerais Estaduais 2026";"04/10/2026";"PA";"PA";"PARÁ";140002547302;4;12;"Casa";"CASA NA AVENIDA BEIRA RIO, NO 19, ESQUINA COM A TRAVESSA SAO PAULO, QUADRA 07.";"160000,00";"11/08/2026";"11:24:16"
"11/08/2026";"19:30:45";2026;2;"Eleição Ordinária";6259;"Eleições Gerais Estaduais 2026";"04/10/2026";"PA";"PA";"PARÁ";140002547302;2;13;"Terreno";"LOTE 133, QUADRA 4. RUA QUINTA DAS CARMITAS. CONDOMINIO PORTO MARINA. MAGUARI, ANANINDEUA/PA.";"900000,00";"11/08/2026";"11:24:16"
"11/08/2026";"19:30:45";2026;2;"Eleição Ordinária";6259;"Eleições Gerais Estaduais 2026";"04/10/2026";"PA";"PA";"PARÁ";140002547303;1;21;"Veículo automotor terrestre: caminhão, automóvel, moto, etc.";"VEICULO MARCA FIAT/SIENA ATTRACTIV 1.4 COR CINZA, ANO 2012, MOD. 2013, PLACA OTZ 9090";"33245,00";"11/08/2026";"11:24:03"
"11/08/2026";"19:30:45";2026;2;"Eleição Ordinária";6259;"Eleições Gerais Estaduais 2026";"04/10/2026";"PA";"PA";"PARÁ";140002547302;6;14;"Terra nua";"CASA NA RUA TANCREDO NEVES NO 48. BAIRRO AGUAS BRANCAS. ANANINDEUA/PA.";"150000,00";"11/08/2026";"11:24:16"
"11/08/2026";"19:30:45";2026;2;"Eleição Ordinária";6259;"Eleições Gerais Estaduais 2026";"04/10/2026";"PA";"PA";"PARÁ";140002547302;5;12;"Casa";"CASA NA RUA TANCREDO NEVES NO 48. BAIRRO AGUAS BRANCAS. ANANINDEUA/PA.";"40000,00";"11/08/2026";"11:24:16"
"11/08/2026";"19:30:45";2026;2;"Eleição Ordinária";6259;"Eleições Gerais Estaduais 2026";"04/10/2026";"PA";"PA";"PARÁ";140002547305;2;16;"Construção";"CONSTRUÇÃO DE UMA CASA NO RESIDENCIAL GREEN CAMP";"100000,00";"11/08/2026";"11:24:08"
"11/08/2026";"19:30:45";2026;2;"Eleição Ordinária";6259;"Eleições Gerais Estaduais 2026";"04/10/2026";"PA";"PA";"PARÁ";140002547305;3;32;"Quotas ou quinhões de capital";"CAPITAL DE EMPRESA MARCELO PIERRE E CIA LTDA";"150000,00";"11/08/2026";"11:24:08"
"11/08/2026";"19:30:45";2026;2;"Eleição Ordinária";6259;"Eleições Gerais Estaduais 2026";"04/10/2026";"PA";"PA";"PARÁ";140002547305;1;13;"Terreno";"LOTE DE TERRA NO CONDOMINIO GREEN CAMP";"94000,00";"11/08/2026";"11:24:08"
"11/08/2026";"19:30:45";2026;2;"Eleição Ordinária";6259;"Eleições Gerais Estaduais 2026";"04/10/2026";"PA";"PA";"PARÁ";140002547306;2;21;"Veículo automotor terrestre: caminhão, automóvel, moto, etc.";"CARRO MARCA JEEP RENEGADE SPT T270";"82400,00";"11/08/2026";"11:24:09"
"11/08/2026";"19:30:45";2026;2;"Eleição Ordinária";6259;"Eleições Gerais Estaduais 2026";"04/10/2026";"PA";"PA";"PARÁ";140002547305;4;32;"Quotas ou quinhões de capital";"CAPITAL DE EMPRESA MAR E TERRA IND COMERCIO LTDA";"45000,00";"11/08/2026";"11:24:08"
"11/08/2026";"19:30:45";2026;2;"Eleição Ordinária";6259;"Eleições Gerais Estaduais 2026";"04/10/2026";"PA";"PA";"PARÁ";140002547306;1;45;"Aplicação de renda fixa (CDB, RDB e outros)";"ITAÚ CDB/DRB";"11553,13";"11/08/2026";"11:24:09"
"11/08/2026";"19:30:45";2026;2;"Eleição Ordinária";6259;"Eleições Gerais Estaduais 2026";"04/10/2026";"PA";"PA";"PARÁ";140002547306;3;49;"Outras aplicações e Investimentos";"BB RENDA FIXA LONGO PRAZO";"8416,89";"11/08/2026";"11:24:09"
"11/08/2026";"19:30:45";2026;2;"Eleição Ordinária";6259;"Eleições Gerais Estaduais 2026";"04/10/2026";"PA";"PA";"PARÁ";140002547306;4;49;"Outras aplicações e Investimentos";"BB MULTIMERCADO LP CARTEIRA DE INVESTIMENTO";"19563,10";"11/08/2026";"11:24:09"
"11/08/2026";"19:30:45";2026;2;"Eleição Ordinária";6259;"Eleições Gerais Estaduais 2026";"04/10/2026";"PA";"PA";"PARÁ";140002547306;5;49;"Outras aplicações e Investimentos";"CRIPTOATIVOS USDC";"464,00";"11/08/2026";"11:24:09"
"11/08/2026";"19:30:45";2026;2;"Eleição Ordinária";6259;"Eleições Gerais Estaduais 2026";"04/10/2026";"PA";"PA";"PARÁ";140002547306;6;21;"Veículo automotor terrestre: caminhão, automóvel, moto, etc.";"CARRO MARCA TOYOTA, MOD, RAV 4 S 4WD";"104000,00";"11/08/2026";"11:24:09"
"11/08/2026";"19:30:45";2026;2;"Eleição Ordinária";6259;"Eleições Gerais Estaduais 2026";"04/10/2026";"PA";"PA";"PARÁ";140002547306;7;32;"Quotas ou quinhões de capital";"WECOMMERCE CONSULTORIA LTDA PARTICIPAÇÃO 60%.";"30000,00";"11/08/2026";"11:24:09"
"11/08/2026";"19:30:45";2026;2;"Eleição Ordinária";6259;"Eleições Gerais Estaduais 2026";"04/10/2026";"PA";"PA";"PARÁ";140002547306;8;61;"Depósito bancário em conta corrente no País";"DEPOSITO EM CONTA CORRENTE.";"4347,00";"11/08/2026";"11:24:09"
"11/08/2026";"19:30:45";2026;2;"Eleição Ordinária";6259;"Eleições Gerais Estaduais 2026";"04/10/2026";"PA";"PA";"PARÁ";140002547306;11;49;"Outras aplicações e Investimentos";"CRIPTOATIVOS BITCOIN";"770,00";"11/08/2026";"11:24:09"
"11/08/2026";"19:30:45";2026;2;"Eleição Ordinária";6259;"Eleições Gerais Estaduais 2026";"04/10/2026";"PA";"PA";"PARÁ";140002547306;9;45;"Aplicação de renda fixa (CDB, RDB e outros)";"CDB BANCO DO BRASIL";"38500,00";"11/08/2026";"11:24:09"
"11/08/2026";"19:30:45";2026;2;"Eleição Ordinária";6259;"Eleições Gerais Estaduais 2026";"04/10/2026";"PA";"PA";"PARÁ";140002547306;10;45;"Aplicação de renda fixa (CDB, RDB e outros)";"BB CDB RENDA FÁCIL";"15782,19";"11/08/2026";"11:24:09"
"11/08/2026";"19:30:45";2026;2;"Eleição Ordinária";6259;"Eleições Gerais Estaduais 2026";"04/10/2026";"PA";"PA";"PARÁ";140002547306;13;49;"Outras aplicações e Investimentos";"NUBANK SELIC";"3490,36";"11/08/2026";"11:24:09"
"11/08/2026";"19:30:45";2026;2;"Eleição Ordinária";6259;"Eleições Gerais Estaduais 2026";"04/10/2026";"PA";"PA";"PARÁ";140002547306;12;49;"Outras aplicações e Investimentos";"CRIPTOATIVOS ETH";"950,00";"11/08/2026";"11:24:09"
"11/08/2026";"19:30:45";2026;2;"Eleição Ordinária";6259;"Eleições Gerais Estaduais 2026";"04/10/2026";"PA";"PA";"PARÁ";140002547306;14;13;"Terreno";"TERRENO LOCALIZADO NA ALAMEDA D - COND. PARQUE PARAISO";"130000,00";"11/08/2026";"11:24:09"
"11/08/2026";"19:30:45";2026;2;"Eleição Ordinária";6259;"Eleições Gerais Estaduais 2026";"04/10/2026";"PA";"PA";"PARÁ";140002547306;16;49;"Outras aplicações e Investimentos";"NUBANK PREFIXADO";"4999,53";"11/08/2026";"11:24:09"
"11/08/2026";"19:30:45";2026;2;"Eleição Ordinária";6259;"Eleições Gerais Estaduais 2026";"04/10/2026";"PA";"PA";"PARÁ";140002547306;15;45;"Aplicação de renda fixa (CDB, RDB e outros)";"APLICAÇÃO DE RENDA FIXA NU BANK";"14958,55";"11/08/2026";"11:24:09"
"11/08/2026";"19:30:45";2026;2;"Eleição Ordinária";6259;"Eleições Gerais Estaduais 2026";"04/10/2026";"PA";"PA";"PARÁ";140002547306;17;45;"Aplicação de renda fixa (CDB, RDB e outros)";"APLICAÇÃO CDB";"1000,00";"11/08/2026";"11:24:09"
"11/08/2026";"19:30:45";2026;2;"Eleição Ordinária";6259;"Eleições Gerais Estaduais 2026";"04/10/2026";"PA";"PA";"PARÁ";140002547307;3;11;"Apartamento";"APARTAMENTO NO 506, DO EDIFICIO SAINT SEBASTIAN, EM SANTARÉM/PA";"303837,84";"11/08/2026";"11:24:02"
"11/08/2026";"19:30:45";2026;2;"Eleição Ordinária";6259;"Eleições Gerais Estaduais 2026";"04/10/2026";"PA";"PA";"PARÁ";140002547307;1;63;"Dinheiro em espécie - moeda nacional";"NUMERARIO DISPONIVEL NAO APLICADO";"4432530,00";"11/08/2026";"11:24:02"
"11/08/2026";"19:30:45";2026;2;"Eleição Ordinária";6259;"Eleições Gerais Estaduais 2026";"04/10/2026";"PA";"PA";"PARÁ";140002547307;2;2;"Prédio comercial";"PREDIO COMERCIAL DE DOIS PAVIMENTOS SITUADO NO PERIMETRO ENTRE AS RUAS SIQUEIRA CAMPOS E MAESTRO WILSON DIAS DA FONSECA, ANTIGA FLORIANO PEIXOTO, EM SANTARÉM/PA";"80000,00";"11/08/2026";"11:24:02"
"11/08/2026";"19:30:45";2026;2;"Eleição Ordinária";6259;"Eleições Gerais Estaduais 2026";"04/10/2026";"PA";"PA";"PARÁ";140002547307;6;41;"Caderneta de poupança";"SALDO EM CADERNETA DE POUPANCA, CAIXA ECONOMICA FEDERAL";"10000,00";"11/08/2026";"11:24:02"
"11/08/2026";"19:30:45";2026;2;"Eleição Ordinária";6259;"Eleições Gerais Estaduais 2026";"04/10/2026";"PA";"PA";"PARÁ";140002547307;4;12;"Casa";"CASA RESIDENCIAL, ESTRUTURA DE ALVENARIA DE TIJOLOS, , EDIFICADA EM UM TERRENO URBANO, COM UMA AREA DE 616,2M , SITUADO ENTRE A TRAVESSA BARJONAS DE MIRANDA E AV. MAGALHAES BARATA, EM SANTARÉM/PA.";"668750,00";"11/08/2026";"11:24:02"
"11/08/2026";"19:30:45";2026;2;"Eleição Ordinária";6259;"Eleições Gerais Estaduais 2026";"04/10/2026";"PA";"PA";"PARÁ";140002547307;5;13;"Terreno";"TERRENO URBANO MEDINDO 10,0M X 29,00M, NO PERIMETRO COMPREENDIDO ENTRE AS AVENIDAS SAO SEBASTIAO E MENDONCA FURTADO EM SANTARÉM/PA";"15000,00";"11/08/2026";"11:24:02"
"11/08/2026";"19:30:45";2026;2;"Eleição Ordinária";6259;"Eleições Gerais Estaduais 2026";"04/10/2026";"PA";"PA";"PARÁ";140002547307;9;95;"Consórcio não contemplado";"PARCELAS PAGAS DO CONSORCIO RODOBENS, GRUPO 6575, QUOTA 82, ADMINISTRADO PELA RODOBENS ADMINISTRADORA DE CONSORCIOS LTDA";"6049,90";"11/08/2026";"11:24:02"
"11/08/2026";"19:30:45";2026;2;"Eleição Ordinária";6259;"Eleições Gerais Estaduais 2026";"04/10/2026";"PA";"PA";"PARÁ";140002547307;7;41;"Caderneta de poupança";"SALDO EM POUPANÇA, BANCO DO BRASIL";"35476,77";"11/08/2026";"11:24:02"
"11/08/2026";"19:30:45";2026;2;"Eleição Ordinária";6259;"Eleições Gerais Estaduais 2026";"04/10/2026";"PA";"PA";"PARÁ";140002547307;8;45;"Aplicação de renda fixa (CDB, RDB e outros)";"SALDO EM APLICACOES NO BB CDB DI E BB CDB RENDE FACIL, BANCO DO BRASIL";"1375,44";"11/08/2026";"11:24:02"
"11/08/2026";"19:30:45";2026;2;"Eleição Ordinária";6259;"Eleições Gerais Estaduais 2026";"04/10/2026";"PA";"PA";"PARÁ";140002547307;11;2;"Prédio comercial";"PONTO COMERCIAL, ESTRUTURA DE ALVENARIA DE TIJOLOS, ESQUINA C/A TRAV. 13 DE MAIO, EDIFICADO EM UM TERRENO MEDINDO 5,00MX10,00M, ADQUIRIDO EM 11/10/2001, EM ITAITUBA/PA";"28000,00";"11/08/2026";"11:24:02"
"11/08/2026";"19:30:45";2026;2;"Eleição Ordinária";6259;"Eleições Gerais Estaduais 2026";"04/10/2026";"PA";"PA";"PARÁ";140002547307;10;12;"Casa";"TERRENO EDIFICADO COM UMA CASA RESIDENCIAL COM UMA AREA DE 144,33M EM SANTARÉM/PA";"170000,00";"11/08/2026";"11:24:02"
"11/08/2026";"19:30:45";2026;2;"Eleição Ordinária";6259;"Eleições Gerais Estaduais 2026";"04/10/2026";"PA";"PA";"PARÁ";140002547307;12;13;"Terreno";"TERRENO RURAL DENOMINADO SITIO AGUIAR, CONSTITUIDO PELO LOTE NO 138, DA GLEBA ANTIGA CONCESSAO DE BELTERRA.";"7518,00";"11/08/2026";"11:24:02"
"11/08/2026";"19:30:45";2026;2;"Eleição Ordinária";6259;"Eleições Gerais Estaduais 2026";"04/10/2026";"PA";"PA";"PARÁ";140002547307;14;2;"Prédio comercial";"PREDIO TERREO SITUADO NO PERIMETRO ENTRE AS TRAVESSAS DOS MARTIRES E 15 DE AGOSTO, EM SANTARÉM/PA";"42642,50";"11/08/2026";"11:24:02"
"11/08/2026";"19:30:45";2026;2;"Eleição Ordinária";6259;"Eleições Gerais Estaduais 2026";"04/10/2026";"PA";"PA";"PARÁ";140002547307;15;12;"Casa";"CASA RESIDENCIAL, ESTRUTURA DE ALVENARIA DE TIJOLOS, COM UMA AREA DE 133,00M, EM SANTARÉM/PA";"60000,00";"11/08/2026";"11:24:02"
"11/08/2026";"19:30:45";2026;2;"Eleição Ordinária";6259;"Eleições Gerais Estaduais 2026";"04/10/2026";"PA";"PA";"PARÁ";140002547307;13;13;"Terreno";"TERRENO URBANO, DE FORMA IRREGULAR, NO PERIMETRO COMPREENDIDO ENTRE AS AVENIDAS PAULO MARANHAO E JOAO XXIII EM SANTARÉM/PA";"33000,00";"11/08/2026";"11:24:02"
"11/08/2026";"19:30:45";2026;2;"Eleição Ordinária";6259;"Eleições Gerais Estaduais 2026";"04/10/2026";"PA";"PA";"PARÁ";140002547307;16;12;"Casa";"CASA RESIDENCIAL COM UMA AREA DE 92,82M , EDIFICADA EM UM TERRENO SITUADO NO PERIMETRO ENTRE AS AVENIDAS MENDONCA FURTADO E SAO SEBASTIAO EM SANTARÉM/PA.";"80000,00";"11/08/2026";"11:24:02"
"11/08/2026";"19:30:45";2026;2;"Eleição Ordinária";6259;"Eleições Gerais Estaduais 2026";"04/10/2026";"PA";"PA";"PARÁ";140002547307;17;13;"Terreno";"TERRENO URBANO MEDINDO 30,00MX50,00M, NO PERIMETRO COMPREENDIDO ENTRE AS AVENIDAS BORGES LEAL E MARECHAL RONDON EM SANTARÉM";"20000,00";"11/08/2026";"11:24:02"
"11/08/2026";"19:30:45";2026;2;"Eleição Ordinária";6259;"Eleições Gerais Estaduais 2026";"04/10/2026";"PA";"PA";"PARÁ";140002547307;18;13;"Terreno";"TERRENO MEDINDO 6,00MX34,00M, EDIFICADO COM DUAS (2) CASAS, ESTRUTURA DE ALVENARIA DE TIJOLOS EM SANTARÉM/PA";"30000,00";"11/08/2026";"11:24:02"
"11/08/2026";"19:30:45";2026;2;"Eleição Ordinária";6259;"Eleições Gerais Estaduais 2026";"04/10/2026";"PA";"PA";"PARÁ";140002547307;21;13;"Terreno";"TERRENO URBANO BALDIO, NO PERIMETRO COMPREENDIDO ENTRE AS TRAVESSAS RAIMUNDO FONA E AJURICABA EM SANTARÉM/PA";"40000,00";"11/08/2026";"11:24:02"
"11/08/2026";"19:30:45";2026;2;"Eleição Ordinária";6259;"Eleições Gerais Estaduais 2026";"04/10/2026";"PA";"PA";"PARÁ";140002547307;19;21;"Veículo automotor terrestre: caminhão, automóvel, moto, etc.";"VEICULO MARCA TOYOTA, MODELO SW4, ANO FAB/MOD 2025/2025, PLACA TVS8C98, ADQUIIRIDO EM 30/09/2025, JUNTO A EMPRESA RODOBENS COMERCIO E LOCACAO DE VEICULOS LTDA.";"469890,00";"11/08/2026";"11:24:02"
"11/08/2026";"19:30:45";2026;2;"Eleição Ordinária";6259;"Eleições Gerais Estaduais 2026";"04/10/2026";"PA";"PA";"PARÁ";140002547307;20;21;"Veículo automotor terrestre: caminhão, automóvel, moto, etc.";"VEICULO MARCA VOLKSWAGEN, MODELO T CROSS CLTSI AD, PLACA QVS5A86, ADQUIRIDO NO DIA 21/07/202";"137000,00";"11/08/2026";"11:24:02"
"11/08/2026";"19:30:45";2026;2;"Eleição Ordinária";6259;"Eleições Gerais Estaduais 2026";"04/10/2026";"PA";"PA";"PARÁ";140002547307;22;2;"Prédio comercial";"PREDIO COMERCIAL DE TRES PAVIMENTOS, EM ESTRUTURA DE ALVENARIA DE TIJOLOS, SITUADO NO PERIMETRO ENTRE A RUA GALDINO VELOSO E AV. RUI BARBOSA, EM SANTARÉM/PA";"330000,00";"11/08/2026";"11:24:02"
"11/08/2026";"19:30:45";2026;2;"Eleição Ordinária";6259;"Eleições Gerais Estaduais 2026";"04/10/2026";"PA";"PA";"PARÁ";140002547307;23;13;"Terreno";"TERRENO URBANO ESQUINA COM A AVENIDA MARECHAL RONDON, EM SANTARÉM.";"25000,00";"11/08/2026";"11:24:02"
"11/08/2026";"19:30:45";2026;2;"Eleição Ordinária";6259;"Eleições Gerais Estaduais 2026";"04/10/2026";"PA";"PA";"PARÁ";140002547307;24;13;"Terreno";"TERRENO URBANO MEDINDO 6,30MX58,00M EM ITAITUBA";"6000,00";"11/08/2026";"11:24:02"
"11/08/2026";"19:30:45";2026;2;"Eleição Ordinária";6259;"Eleições Gerais Estaduais 2026";"04/10/2026";"PA";"PA";"PARÁ";140002547307;26;12;"Casa";"IMOVEL RURAL DENOMINADO SITIO MINHA ESPERANCA, EM SANTARÉM/PA";"130000,00";"11/08/2026";"11:24:02"
"11/08/2026";"19:30:45";2026;2;"Eleição Ordinária";6259;"Eleições Gerais Estaduais 2026";"04/10/2026";"PA";"PA";"PARÁ";140002547307;27;21;"Veículo automotor terrestre: caminhão, automóvel, moto, etc.";"AUTOMOVEL MARCA TOYOTA, MODELO HILUX CD DSL 4X4, ADQUIRIDO EM 29.06.2022";"327500,00";"11/08/2026";"11:24:02"
"11/08/2026";"19:30:45";2026;2;"Eleição Ordinária";6259;"Eleições Gerais Estaduais 2026";"04/10/2026";"PA";"PA";"PARÁ";140002547307;25;13;"Terreno";"TERRENO MEDINDO 15,00MX90,00M, EM NOME DE ISABEL ALVES DE AGUIAR EM SANTARÉM/PA";"60000,00";"11/08/2026";"11:24:02"
"11/08/2026";"19:30:45";2026;2;"Eleição Ordinária";6259;"Eleições Gerais Estaduais 2026";"04/10/2026";"PA";"PA";"PARÁ";140002547307;28;2;"Prédio comercial";"PREDIO COMERCIAL DENOMINADO IZLANA, EM SANTARÉM/PA";"115834,50";"11/08/2026";"11:24:02"
"11/08/2026";"19:30:45";2026;2;"Eleição Ordinária";6259;"Eleições Gerais Estaduais 2026";"04/10/2026";"PA";"PA";"PARÁ";140002547307;29;2;"Prédio comercial";"PREDIO COMERCIAL SITUADO ENTRE AS TRAVESSAS 15 DE AGOSTO E DOS MARTIRES, EM SANTARÉM/PA";"159755,26";"11/08/2026";"11:24:02"
"11/08/2026";"19:30:45";2026;2;"Eleição Ordinária";6259;"Eleições Gerais Estaduais 2026";"04/10/2026";"PA";"PA";"PARÁ";140002547307;30;12;"Casa";"CASA RESIDENCIAL TERREA, ESTRUTURA DE ALAVENARIA DE TIJOLOS, EDIFICADA EM UM TERRENO URBANO SITUADO NO PERIMETRO ENTRE AS AVENIDAS BORGES LEAL E MARECHAL RONDON, COM UMA AREA DE 882,00M EM SANTARÉM/PA";"120000,00";"11/08/2026";"11:24:02"
"11/08/2026";"19:30:45";2026;2;"Eleição Ordinária";6259;"Eleições Gerais Estaduais 2026";"04/10/2026";"PA";"PA";"PARÁ";140002547307;31;2;"Prédio comercial";"PREDIO SITUADO ENTRE AS TRAVESSAS 15 DE AGOSTO E DOS MARTIRES, EM SANTARÉM/PA";"40000,00";"11/08/2026";"11:24:02"
"11/08/2026";"19:30:45";2026;2;"Eleição Ordinária";6259;"Eleições Gerais Estaduais 2026";"04/10/2026";"PA";"PA";"PARÁ";140002547307;32;12;"Casa";"IMOVEL RURAL DENOMINADO SITIO OKUBO, EM SANTARÉM/PA";"100000,00";"11/08/2026";"11:24:02"
"11/08/2026";"19:30:45";2026;2;"Eleição Ordinária";6259;"Eleições Gerais Estaduais 2026";"04/10/2026";"PA";"PA";"PARÁ";140002547307;33;3;"Galpão";"GALPAO EM ESTRUTURA DE ALVENARIA DE TIJOLOS E COBERTURA METALICA, EM SANTARÉM/PA";"500000,00";"11/08/2026";"11:24:02"
"11/08/2026";"19:30:45";2026;2;"Eleição Ordinária";6259;"Eleições Gerais Estaduais 2026";"04/10/2026";"PA";"PA";"PARÁ";140002547307;34;2;"Prédio comercial";"PREDIO ASSOBRADADO, ESQUINA DA TRAVESSA DOS MARTIRES, EM SANTARÉM/PA";"271864,00";"11/08/2026";"11:24:02"
"11/08/2026";"19:30:45";2026;2;"Eleição Ordinária";6259;"Eleições Gerais Estaduais 2026";"04/10/2026";"PA";"PA";"PARÁ";140002547307;36;12;"Casa";"TERRENO URBANO MEDINDO 17,00M X 27,00M, NO PERIMETRO COMPREENDIDO ENTRE AS AVENIDAS RUI BARBOSA E SAO SEBASTIAO, EDIFICADO COM UM IMOVEL RESIDENCIAL, ESTRUTURA DE ALVENARIA DE TIJOLOS";"10000,00";"11/08/2026";"11:24:02"
"11/08/2026";"19:30:45";2026;2;"Eleição Ordinária";6259;"Eleições Gerais Estaduais 2026";"04/10/2026";"PA";"PA";"PARÁ";140002547307;35;13;"Terreno";"TERRENO URBANO MEDINDO 9,50M X 30,00M DE FUNDOS, ESQUINA DA TRAVESSA SILVINO PINTO EM SANTARÉM/PA";"120000,00";"11/08/2026";"11:24:02"
"11/08/2026";"19:30:45";2026;2;"Eleição Ordinária";6259;"Eleições Gerais Estaduais 2026";"04/10/2026";"PA";"PA";"PARÁ";140002547307;37;16;"Construção";"REFORMA DO IMOVEL EDIFICADO, EM SANTARÉM/PA";"125458,80";"11/08/2026";"11:24:02"
"11/08/2026";"19:30:45";2026;2;"Eleição Ordinária";6259;"Eleições Gerais Estaduais 2026";"04/10/2026";"PA";"PA";"PARÁ";140002547307;38;12;"Casa";"CASA RESIDENCIAL, ESTRUTURA DE ALVENARIA DE TIJOLOS, DE DOIS (2) PAVIMENTOS, EM UM TERRENO SITUADO NA RODOVIA SANTAREM/CUIABA, KM. 19, MUNICIPIO DE SANTAREM/PA";"185952,00";"11/08/2026";"11:24:02"
"11/08/2026";"19:30:45";2026;2;"Eleição Ordinária";6259;"Eleições Gerais Estaduais 2026";"04/10/2026";"PA";"PA";"PARÁ";140002547307;39;41;"Caderneta de poupança";"SALDO EM CADERNETA DE POUPANCA, BANCO ITAU";"1800,00";"11/08/2026";"11:24:02"
"11/08/2026";"19:30:45";2026;2;"Eleição Ordinária";6259;"Eleições Gerais Estaduais 2026";"04/10/2026";"PA";"PA";"PARÁ";140002547308;2;16;"Construção";"CONSTRUCAO NO LOTE DE TERRA URBANA DE N. 04 DA QD. 16, CONDOMINIO DAS PALMEIRAS.";"210000,00";"11/08/2026";"11:24:04"
"11/08/2026";"19:30:45";2026;2;"Eleição Ordinária";6259;"Eleições Gerais Estaduais 2026";"04/10/2026";"PA";"PA";"PARÁ";140002547308;1;99;"OUTROS BENS E DIREITOS";"EMPRESTIMO A FAZENDA BELAUTO";"100000,00";"11/08/2026";"11:24:04"
"11/08/2026";"19:30:45";2026;2;"Eleição Ordinária";6259;"Eleições Gerais Estaduais 2026";"04/10/2026";"PA";"PA";"PARÁ";140002547308;3;61;"Depósito bancário em conta corrente no País";"INFORMADO POR CNPJ 00.360.305/0001-04 - CONTA 0005921005041 - RECUPERADO DA CONTA ANTIGA 00100022935-7";"514,08";"11/08/2026";"11:24:04"
"11/08/2026";"19:30:45";2026;2;"Eleição Ordinária";6259;"Eleições Gerais Estaduais 2026";"04/10/2026";"PA";"PA";"PARÁ";140002547308;4;41;"Caderneta de poupança";"NUMERARIOS ECONOMIZADOS";"350420,00";"11/08/2026";"11:24:04"
"11/08/2026";"19:30:45";2026;2;"Eleição Ordinária";6259;"Eleições Gerais Estaduais 2026";"04/10/2026";"PA";"PA";"PARÁ";140002547308;5;61;"Depósito bancário em conta corrente no País";"INFORMADO POR CNPJ 60.746.948/0001-12";"390,67";"11/08/2026";"11:24:04"
"11/08/2026";"19:30:45";2026;2;"Eleição Ordinária";6259;"Eleições Gerais Estaduais 2026";"04/10/2026";"PA";"PA";"PARÁ";140002547308;6;13;"Terreno";"LOTE DE TERRENO URBANO 04 DA QUADRA 16, SITUANO NA AVENIDA DAS AMENDOEIRAS, CONDOMINIO DAS PALMEIRAS, MUNICIPIO DE BELA VISTA, ESTADO DE GOIAS, ADIQUIRIDO DE HOREBE ENGENHARIA LTDA";"100000,00";"11/08/2026";"11:24:04"
"11/08/2026";"19:30:45";2026;2;"Eleição Ordinária";6259;"Eleições Gerais Estaduais 2026";"04/10/2026";"PA";"PA";"PARÁ";140002547308;7;13;"Terreno";"TERRENO 40% 58.000M URBANO EM PORANGATU GO";"300000,00";"11/08/2026";"11:24:04"
"11/08/2026";"19:30:45";2026;2;"Eleição Ordinária";6259;"Eleições Gerais Estaduais 2026";"04/10/2026";"PA";"PA";"PARÁ";140002548119;2;13;"Terreno";"TERRENO URBANO COM 240M² COM UMA CONSTRUÇÃO RESIDENCIAL 120M²";"150000,00";"11/08/2026";"17:53:33"
"11/08/2026";"19:30:45";2026;2;"Eleição Ordinária";6259;"Eleições Gerais Estaduais 2026";"04/10/2026";"PA";"PA";"PARÁ";140002548119;1;13;"Terreno";"TERRENO RURAL COM UMA CONSTRUÇÃO RESIDENCIAL";"140000,00";"11/08/2026";"17:53:33"
"11/08/2026";"19:30:45";2026;2;"Eleição Ordinária";6259;"Eleições Gerais Estaduais 2026";"04/10/2026";"PA";"PA";"PARÁ";140002548122;1;2;"Prédio comercial";"ÁREA TOTAL: 450 M²";"700000,00";"11/08/2026";"17:53:33"
"11/08/2026";"19:30:45";2026;2;"Eleição Ordinária";6259;"Eleições Gerais Estaduais 2026";"04/10/2026";"PA";"PA";"PARÁ";140002548122;2;41;"Caderneta de poupança";"CONTA POUPANÇA";"301,69";"11/08/2026";"17:53:33"
"11/08/2026";"19:30:45";2026;2;"Eleição Ordinária";6259;"Eleições Gerais Estaduais 2026";"04/10/2026";"PA";"PA";"PARÁ";140002548120;1;13;"Terreno";"CASA VILA MARACAJÁ, 35 X 80, TERRENO E CASA.";"80000,00";"11/08/2026";"17:53:33"
"11/08/2026";"19:30:45";2026;2;"Eleição Ordinária";6259;"Eleições Gerais Estaduais 2026";"04/10/2026";"PA";"PA";"PARÁ";140002548123;1;21;"Veículo automotor terrestre: caminhão, automóvel, moto, etc.";"CARRO FIAT STRADA RANCH, ANO 2024";"120000,00";"11/08/2026";"17:53:33"
"11/08/2026";"19:30:45";2026;2;"Eleição Ordinária";6259;"Eleições Gerais Estaduais 2026";"04/10/2026";"PA";"PA";"PARÁ";140002548122;3;12;"Casa";"IMÓVEL RESIDENCIAL - ÁREA TOTAL: 600 M²";"1500000,00";"11/08/2026";"17:53:33"
"11/08/2026";"19:30:45";2026;2;"Eleição Ordinária";6259;"Eleições Gerais Estaduais 2026";"04/10/2026";"PA";"PA";"PARÁ";140002548122;4;19;"Outros bens imóveis";"IMÓVEL RURAL - APROXIMADAMENTE 4.000M²";"300000,00";"11/08/2026";"17:53:33"
"11/08/2026";"19:30:45";2026;2;"Eleição Ordinária";6259;"Eleições Gerais Estaduais 2026";"04/10/2026";"PA";"PA";"PARÁ";140002548125;1;21;"Veículo automotor terrestre: caminhão, automóvel, moto, etc.";"CHEVROLET PRISMA BRANCO";"45000,00";"11/08/2026";"17:53:33"
"11/08/2026";"19:30:45";2026;2;"Eleição Ordinária";6259;"Eleições Gerais Estaduais 2026";"04/10/2026";"PA";"PA";"PARÁ";140002548126;1;1;"Prédio residencial";"01 (UM) IMÓVEL RESIDENCIAL (APARTAMENTO)";"203000,00";"11/08/2026";"17:53:33"
"11/08/2026";"19:30:45";2026;2;"Eleição Ordinária";6259;"Eleições Gerais Estaduais 2026";"04/10/2026";"PA";"PA";"PARÁ";140002548124;1;12;"Casa";"CASA HABITACIONAL";"36750,00";"11/08/2026";"17:53:33"
"11/08/2026";"19:30:45";2026;2;"Eleição Ordinária";6259;"Eleições Gerais Estaduais 2026";"04/10/2026";"PA";"PA";"PARÁ";140002548130;2;21;"Veículo automotor terrestre: caminhão, automóvel, moto, etc.";"UM VEÍCULO AUTOMOTOR CARRO DE PASSEIO MARCA JAC 1.5 FLEX, ANO 2015";"32000,00";"11/08/2026";"17:53:33"
"11/08/2026";"19:30:45";2026;2;"Eleição Ordinária";6259;"Eleições Gerais Estaduais 2026";"04/10/2026";"PA";"PA";"PARÁ";140002548130;1;21;"Veículo automotor terrestre: caminhão, automóvel, moto, etc.";"UM VEÍCULO AUTOMOTOR, MICRO-ÔNIBUS, ANO 2001, MARCA HYUNDAI., DIEESEL, COR BRANCA";"25000,00";"11/08/2026";"17:53:33"
"11/08/2026";"19:30:45";2026;2;"Eleição Ordinária";6259;"Eleições Gerais Estaduais 2026";"04/10/2026";"PA";"PA";"PARÁ";140002548150;1;12;"Casa";"50% DE UMA CASA ADIQUIRIDA COM SEU ESPOSO PAULO SEZAR MORAES RODRIGUES CPF: 236.399.972-04,";"150000,00";"11/08/2026";"18:53:33"
"11/08/2026";"19:30:45";2026;2;"Eleição Ordinária";6259;"Eleições Gerais Estaduais 2026";"04/10/2026";"PA";"PA";"PARÁ";140002548150;2;32;"Quotas ou quinhões de capital";"CAPITAL SOCIAL DA EMPESA CORRETA SERVICO DE ENGENHARIA LTDA, COM 100% DO TOTAL DAS COTAS REGISTRADAS";"500000,00";"11/08/2026";"18:53:33"
"11/08/2026";"19:30:45";2026;2;"Eleição Ordinária";6259;"Eleições Gerais Estaduais 2026";"04/10/2026";"PA";"PA";"PARÁ";140002548150;4;61;"Depósito bancário em conta corrente no País";"INFORMADO POR CNPJ 33.264.668/0001-03";"3256,17";"11/08/2026";"18:53:33"
"11/08/2026";"19:30:45";2026;2;"Eleição Ordinária";6259;"Eleições Gerais Estaduais 2026";"04/10/2026";"PA";"PA";"PARÁ";140002548150;3;61;"Depósito bancário em conta corrente no País";"INFORMADO POR CNPJ 00.416.968/0001-01";"241,00";"11/08/2026";"18:53:33"
"11/08/2026";"19:30:45";2026;2;"Eleição Ordinária";6259;"Eleições Gerais Estaduais 2026";"04/10/2026";"PA";"PA";"PARÁ";140002548150;7;21;"Veículo automotor terrestre: caminhão, automóvel, moto, etc.";"MOTO";"13000,00";"11/08/2026";"18:53:33"
"11/08/2026";"19:30:45";2026;2;"Eleição Ordinária";6259;"Eleições Gerais Estaduais 2026";"04/10/2026";"PA";"PA";"PARÁ";140002548150;5;41;"Caderneta de poupança";"INFORMADO POR CNPJ 60.746.948/0001-12";"655,04";"11/08/2026";"18:53:33"
"11/08/2026";"19:30:45";2026;2;"Eleição Ordinária";6259;"Eleições Gerais Estaduais 2026";"04/10/2026";"PA";"PA";"PARÁ";140002548150;6;32;"Quotas ou quinhões de capital";"CONSTITUICAO EM 04/09/2014 DA EMPRESA EDLAINE G S RODRIGUES-ME, DE NOME FANTASIA FEET COMFORT,";"200000,00";"11/08/2026";"18:53:33"
"11/08/2026";"19:30:45";2026;2;"Eleição Ordinária";6259;"Eleições Gerais Estaduais 2026";"04/10/2026";"PA";"PA";"PARÁ";140002548151;2;21;"Veículo automotor terrestre: caminhão, automóvel, moto, etc.";"JEEP RENEGADE LONGITUDE T270 FLEX";"146023,00";"11/08/2026";"18:53:33"
"11/08/2026";"19:30:45";2026;2;"Eleição Ordinária";6259;"Eleições Gerais Estaduais 2026";"04/10/2026";"PA";"PA";"PARÁ";140002548151;3;41;"Caderneta de poupança";"BANCO BRADESCO S.A - SALDO CONTA POUPANCA";"4763,98";"11/08/2026";"18:53:33"
"11/08/2026";"19:30:45";2026;2;"Eleição Ordinária";6259;"Eleições Gerais Estaduais 2026";"04/10/2026";"PA";"PA";"PARÁ";140002548151;1;29;"Outros bens móveis";"08 COMPUTADORES COMPLETOS";"17580,00";"11/08/2026";"18:53:33"
"11/08/2026";"19:30:45";2026;2;"Eleição Ordinária";6259;"Eleições Gerais Estaduais 2026";"04/10/2026";"PA";"PA";"PARÁ";140002548151;5;12;"Casa";"CASA RESIDENCIAL";"700000,00";"11/08/2026";"18:53:33"
"11/08/2026";"19:30:45";2026;2;"Eleição Ordinária";6259;"Eleições Gerais Estaduais 2026";"04/10/2026";"PA";"PA";"PARÁ";140002548151;4;12;"Casa";"UMA CASA RESIDENCIAL";"48900,00";"11/08/2026";"18:53:33"
"11/08/2026";"19:30:45";2026;2;"Eleição Ordinária";6259;"Eleições Gerais Estaduais 2026";"04/10/2026";"PA";"PA";"PARÁ";140002548151;6;32;"Quotas ou quinhões de capital";"CNPJ: 02.342.620/0001-34";"60000,00";"11/08/2026";"18:53:33"
"11/08/2026";"19:30:45";2026;2;"Eleição Ordinária";6259;"Eleições Gerais Estaduais 2026";"04/10/2026";"PA";"PA";"PARÁ";140002548151;8;29;"Outros bens móveis";"MOVEIS E UTENSILIOS";"8360,00";"11/08/2026";"18:53:33"
"11/08/2026";"19:30:45";2026;2;"Eleição Ordinária";6259;"Eleições Gerais Estaduais 2026";"04/10/2026";"PA";"PA";"PARÁ";140002548151;9;61;"Depósito bancário em conta corrente no País";"SALDO CONTA CORRENTE";"1,00";"11/08/2026";"18:53:33"
"11/08/2026";"19:30:45";2026;2;"Eleição Ordinária";6259;"Eleições Gerais Estaduais 2026";"04/10/2026";"PA";"PA";"PARÁ";140002548151;7;13;"Terreno";"UM TERRENO";"62800,00";"11/08/2026";"18:53:33"
"11/08/2026";"19:30:45";2026;2;"Eleição Ordinária";6259;"Eleições Gerais Estaduais 2026";"04/10/2026";"PA";"PA";"PARÁ";140002548151;11;11;"Apartamento";"UM APARTAMENTO ED. PRIME";"274000,00";"11/08/2026";"18:53:33"
"11/08/2026";"19:30:45";2026;2;"Eleição Ordinária";6259;"Eleições Gerais Estaduais 2026";"04/10/2026";"PA";"PA";"PARÁ";140002548152;1;12;"Casa";"CASA RESIDENCIAL";"216891,07";"11/08/2026";"18:53:33"
"11/08/2026";"19:30:45";2026;2;"Eleição Ordinária";6259;"Eleições Gerais Estaduais 2026";"04/10/2026";"PA";"PA";"PARÁ";140002548151;10;61;"Depósito bancário em conta corrente no País";"DINHEIRO EM CONTA CORRENTE";"1589,50";"11/08/2026";"18:53:33"
"11/08/2026";"19:30:45";2026;2;"Eleição Ordinária";6259;"Eleições Gerais Estaduais 2026";"04/10/2026";"PA";"PA";"PARÁ";140002548152;3;41;"Caderneta de poupança";"POUPANÇA";"17301,97";"11/08/2026";"18:53:33"
"11/08/2026";"19:30:45";2026;2;"Eleição Ordinária";6259;"Eleições Gerais Estaduais 2026";"04/10/2026";"PA";"PA";"PARÁ";140002548346;1;13;"Terreno";"TERRENO EM ÁREA URBANA, BAIRRO PALMARES SUL COM CONSTRUÇÃO";"190000,00";"11/08/2026";"17:23:33"
"11/08/2026";"19:30:45";2026;2;"Eleição Ordinária";6259;"Eleições Gerais Estaduais 2026";"04/10/2026";"PA";"PA";"PARÁ";140002548152;2;61;"Depósito bancário em conta corrente no País";"CONTA CORRENTE";"16425,93";"11/08/2026";"18:53:33"
"11/08/2026";"19:30:45";2026;2;"Eleição Ordinária";6259;"Eleições Gerais Estaduais 2026";"04/10/2026";"PA";"PA";"PARÁ";140002548346;3;14;"Terra nua";"DEZ ALQUEIRES DE TERRAS EM PALMARES SUL";"750000,00";"11/08/2026";"17:23:33"
"11/08/2026";"19:30:45";2026;2;"Eleição Ordinária";6259;"Eleições Gerais Estaduais 2026";"04/10/2026";"PA";"PA";"PARÁ";140002548346;4;99;"OUTROS BENS E DIREITOS";"50 CABEÇAS DE GADO";"143000,00";"11/08/2026";"17:23:33"
"11/08/2026";"19:30:45";2026;2;"Eleição Ordinária";6259;"Eleições Gerais Estaduais 2026";"04/10/2026";"PA";"PA";"PARÁ";140002548346;2;21;"Veículo automotor terrestre: caminhão, automóvel, moto, etc.";"FIAT UNO ANO 2020";"40000,00";"11/08/2026";"17:23:33"
"11/08/2026";"19:30:45";2026;2;"Eleição Ordinária";6259;"Eleições Gerais Estaduais 2026";"04/10/2026";"PA";"PA";"PARÁ";140002548347;1;45;"Aplicação de renda fixa (CDB, RDB e outros)";"BB LCA BANCO DO BRASIL";"100000,00";"11/08/2026";"17:23:33"
"11/08/2026";"19:30:45";2026;2;"Eleição Ordinária";6259;"Eleições Gerais Estaduais 2026";"04/10/2026";"PA";"PA";"PARÁ";140002548347;2;61;"Depósito bancário em conta corrente no País";"CONTA CORRENTE BANCO DO BRASIL";"3548,95";"11/08/2026";"17:23:33"
"11/08/2026";"19:30:45";2026;2;"Eleição Ordinária";6259;"Eleições Gerais Estaduais 2026";"04/10/2026";"PA";"PA";"PARÁ";140002548347;3;61;"Depósito bancário em conta corrente no País";"CONTA CORRENTE BANPARÁ";"623,42";"11/08/2026";"17:23:33"
"11/08/2026";"19:30:45";2026;2;"Eleição Ordinária";6259;"Eleições Gerais Estaduais 2026";"04/10/2026";"PA";"PA";"PARÁ";140002548347;4;11;"Apartamento";"50% DE UM IMÓVEL TIPO APARTAMENTO";"223018,25";"11/08/2026";"17:23:33"
"11/08/2026";"19:30:45";2026;2;"Eleição Ordinária";6259;"Eleições Gerais Estaduais 2026";"04/10/2026";"PA";"PA";"PARÁ";140002548347;5;41;"Caderneta de poupança";"CONTA POUPANÇA BANPARÁ";"615,49";"11/08/2026";"17:23:33"
"11/08/2026";"19:30:45";2026;2;"Eleição Ordinária";6259;"Eleições Gerais Estaduais 2026";"04/10/2026";"PA";"PA";"PARÁ";140002548347;6;45;"Aplicação de renda fixa (CDB, RDB e outros)";"TÍTULOS LCI, LCA, LIG BANPARÁ";"100000,00";"11/08/2026";"17:23:33"
"11/08/2026";"19:30:45";2026;2;"Eleição Ordinária";6259;"Eleições Gerais Estaduais 2026";"04/10/2026";"PA";"PA";"PARÁ";140002548347;8;49;"Outras aplicações e Investimentos";"FUNDO DE INVESTIMENTO BRADESCO EM COTAS";"31507,25";"11/08/2026";"17:23:33"
"11/08/2026";"19:30:45";2026;2;"Eleição Ordinária";6259;"Eleições Gerais Estaduais 2026";"04/10/2026";"PA";"PA";"PARÁ";140002548347;7;45;"Aplicação de renda fixa (CDB, RDB e outros)";"APLICAÇÃO EM RENDA FIXA BANPARÁ";"18835,43";"11/08/2026";"17:23:33"
"11/08/2026";"19:30:45";2026;2;"Eleição Ordinária";6259;"Eleições Gerais Estaduais 2026";"04/10/2026";"PA";"PA";"PARÁ";140002548347;9;61;"Depósito bancário em conta corrente no País";"CONTA CORRENTE BANCO ITAÚ";"1738,30";"11/08/2026";"17:23:33"
"11/08/2026";"19:30:45";2026;2;"Eleição Ordinária";6259;"Eleições Gerais Estaduais 2026";"04/10/2026";"PA";"PA";"PARÁ";140002548348;1;11;"Apartamento";"AP. 303 BL A NATALÍCIA RIBEIRO";"80000,00";"11/08/2026";"17:23:33"
"11/08/2026";"19:30:45";2026;2;"Eleição Ordinária";6259;"Eleições Gerais Estaduais 2026";"04/10/2026";"PA";"PA";"PARÁ";140002548348;2;11;"Apartamento";"AP. 101 - TRAVESSA ENEAS PINHEIRO - VIVA MARCO";"790000,00";"11/08/2026";"17:23:33"
"11/08/2026";"19:30:45";2026;2;"Eleição Ordinária";6259;"Eleições Gerais Estaduais 2026";"04/10/2026";"PA";"PA";"PARÁ";140002548347;10;41;"Caderneta de poupança";"CONTA POUPANÇA BANCO DO BRASIL";"44163,41";"11/08/2026";"17:23:33"
"11/08/2026";"19:30:45";2026;2;"Eleição Ordinária";6259;"Eleições Gerais Estaduais 2026";"04/10/2026";"PA";"PA";"PARÁ";140002548350;1;11;"Apartamento";"APARTAMENTO EM BELÉM (SUB JUDICE)";"600000,00";"11/08/2026";"17:23:33"
"11/08/2026";"19:30:45";2026;2;"Eleição Ordinária";6259;"Eleições Gerais Estaduais 2026";"04/10/2026";"PA";"PA";"PARÁ";140002548348;4;45;"Aplicação de renda fixa (CDB, RDB e outros)";"TESOURO SELIC 2031/ IOS-BRASIL";"271384,35";"11/08/2026";"17:23:33"
"11/08/2026";"19:30:45";2026;2;"Eleição Ordinária";6259;"Eleições Gerais Estaduais 2026";"04/10/2026";"PA";"PA";"PARÁ";140002548348;3;21;"Veículo automotor terrestre: caminhão, automóvel, moto, etc.";"VEÍCULO MODELO BYD SONG PRO-AZUL, FINANCIADO, ENTRADA DE R$60MIL E O RESTANTE EM 60X";"107088,00";"11/08/2026";"17:23:33"
"11/08/2026";"19:30:45";2026;2;"Eleição Ordinária";6259;"Eleições Gerais Estaduais 2026";"04/10/2026";"PA";"PA";"PARÁ";140002548350;4;12;"Casa";"CASA EDIFICADA NA 5. RUA DA CAMPINA-ICOARACI";"350000,00";"11/08/2026";"17:23:33"
"11/08/2026";"19:30:45";2026;2;"Eleição Ordinária";6259;"Eleições Gerais Estaduais 2026";"04/10/2026";"PA";"PA";"PARÁ";140002548350;2;12;"Casa";"CASA NO CONJUNTO COHAB-BELÉM/PA";"200000,00";"11/08/2026";"17:23:33"
"11/08/2026";"19:30:45";2026;2;"Eleição Ordinária";6259;"Eleições Gerais Estaduais 2026";"04/10/2026";"PA";"PA";"PARÁ";140002548350;3;13;"Terreno";"TERRENO NO CONJUNTO SABIÁ, ANANINDEUA";"150000,00";"11/08/2026";"17:23:33"
"11/08/2026";"19:30:45";2026;2;"Eleição Ordinária";6259;"Eleições Gerais Estaduais 2026";"04/10/2026";"PA";"PA";"PARÁ";140002548350;5;12;"Casa";"CASA NA ANTÔNIO QUEIROZ(SUB JUDICE)";"200000,00";"11/08/2026";"17:23:33"
"11/08/2026";"19:30:45";2026;2;"Eleição Ordinária";6259;"Eleições Gerais Estaduais 2026";"04/10/2026";"PA";"PA";"PARÁ";140002548351;1;45;"Aplicação de renda fixa (CDB, RDB e outros)";"CDB BB RENDE FACIL";"1274,01";"11/08/2026";"17:23:33"
"11/08/2026";"19:30:45";2026;2;"Eleição Ordinária";6259;"Eleições Gerais Estaduais 2026";"04/10/2026";"PA";"PA";"PARÁ";140002548351;2;13;"Terreno";"CONTRATO DE PROMESSA DE COMPRA E VENDA DE UM BEM IMOVEL EM CONDOMINIO HORIZONTAL MAISON SALINAS-SALINOPOLIS-PA";"163808,50";"11/08/2026";"17:23:33"
"11/08/2026";"19:30:45";2026;2;"Eleição Ordinária";6259;"Eleições Gerais Estaduais 2026";"04/10/2026";"PA";"PA";"PARÁ";140002548351;4;95;"Consórcio não contemplado";"BB CONSORCIO DE AUTOMOVEIS ONIX LT 1.0";"28008,26";"11/08/2026";"17:23:33"
"11/08/2026";"19:30:45";2026;2;"Eleição Ordinária";6259;"Eleições Gerais Estaduais 2026";"04/10/2026";"PA";"PA";"PARÁ";140002548351;5;13;"Terreno";"CONTRATO DE PROMESSA DE COMPRA E VENDA DE UM BEM IMOVEL EM CONDOMINIO HORIZONTAL MAISON SALINAS, LOTE 016-SALINOPOLIS-PA";"152380,00";"11/08/2026";"17:23:33"
"11/08/2026";"19:30:45";2026;2;"Eleição Ordinária";6259;"Eleições Gerais Estaduais 2026";"04/10/2026";"PA";"PA";"PARÁ";140002548351;3;21;"Veículo automotor terrestre: caminhão, automóvel, moto, etc.";"HB20S 2024/2025 - FINANCIADO";"82900,00";"11/08/2026";"17:23:33"
"11/08/2026";"19:30:45";2026;2;"Eleição Ordinária";6259;"Eleições Gerais Estaduais 2026";"04/10/2026";"PA";"PA";"PARÁ";140002548352;1;12;"Casa";"IMOVEL NO BAIRRO DA MARAMBAIA - BELÉM/PARÁ";"70000,00";"11/08/2026";"17:23:33"
"11/08/2026";"19:30:45";2026;2;"Eleição Ordinária";6259;"Eleições Gerais Estaduais 2026";"04/10/2026";"PA";"PA";"PARÁ";140002548354;2;45;"Aplicação de renda fixa (CDB, RDB e outros)";"NUBANK-CDB";"15589,84";"11/08/2026";"17:23:33"
"11/08/2026";"19:30:45";2026;2;"Eleição Ordinária";6259;"Eleições Gerais Estaduais 2026";"04/10/2026";"PA";"PA";"PARÁ";140002548354;1;45;"Aplicação de renda fixa (CDB, RDB e outros)";"BANCO DO BRASIL-TÍTULO PÚBLICO";"3123,02";"11/08/2026";"17:23:33"
"11/08/2026";"19:30:45";2026;2;"Eleição Ordinária";6259;"Eleições Gerais Estaduais 2026";"04/10/2026";"PA";"PA";"PARÁ";140002548354;3;45;"Aplicação de renda fixa (CDB, RDB e outros)";"BANCO INTER-CDB";"2426,58";"11/08/2026";"17:23:33"
"11/08/2026";"19:30:45";2026;2;"Eleição Ordinária";6259;"Eleições Gerais Estaduais 2026";"04/10/2026";"PA";"PA";"PARÁ";140002548354;4;45;"Aplicação de renda fixa (CDB, RDB e outros)";"SANTANDER-PATRIMÔNIO EM CARTEIRA (RENDA FIXA PÓS CDI)";"3037,99";"11/08/2026";"17:23:33"
"11/08/2026";"19:30:45";2026;2;"Eleição Ordinária";6259;"Eleições Gerais Estaduais 2026";"04/10/2026";"PA";"PA";"PARÁ";140002548354;5;45;"Aplicação de renda fixa (CDB, RDB e outros)";"PICPAY";"966,20";"11/08/2026";"17:23:33"
"11/08/2026";"19:30:45";2026;2;"Eleição Ordinária";6259;"Eleições Gerais Estaduais 2026";"04/10/2026";"PA";"PA";"PARÁ";140002548358;2;12;"Casa";"IMOVEL RESIDENCIAL FINANCIADO EM CASTANHAL-PA";"67000,00";"11/08/2026";"17:23:33"
"11/08/2026";"19:30:45";2026;2;"Eleição Ordinária";6259;"Eleições Gerais Estaduais 2026";"04/10/2026";"PA";"PA";"PARÁ";140002548360;1;12;"Casa";"IMOVEL FINANCIADO. FINANCIAMENTO IMOBILIARIO FIRMADO JUNTO BANCO DO ESTADO DO PARA";"306295,96";"11/08/2026";"17:23:33"
"11/08/2026";"19:30:45";2026;2;"Eleição Ordinária";6259;"Eleições Gerais Estaduais 2026";"04/10/2026";"PA";"PA";"PARÁ";140002548358;1;13;"Terreno";"TERRENO NO ASSENTAMENTO JOÃO BATISTA 2, CASTANHAL-PA";"43000,00";"11/08/2026";"17:23:33"
"11/08/2026";"19:30:45";2026;2;"Eleição Ordinária";6259;"Eleições Gerais Estaduais 2026";"04/10/2026";"PA";"PA";"PARÁ";140002548362;2;19;"Outros bens imóveis";"IMÓVEL RURAL NO MUNICÍPIO DE SANTARÉM";"400000,00";"11/08/2026";"17:23:33"
"11/08/2026";"19:30:45";2026;2;"Eleição Ordinária";6259;"Eleições Gerais Estaduais 2026";"04/10/2026";"PA";"PA";"PARÁ";140002548362;1;13;"Terreno";"TERRENO RURAL NO MUNICÍPIO DE PLACAS 300HA";"600000,00";"11/08/2026";"17:23:33"
"11/08/2026";"19:30:45";2026;2;"Eleição Ordinária";6259;"Eleições Gerais Estaduais 2026";"04/10/2026";"PA";"PA";"PARÁ";140002548360;2;21;"Veículo automotor terrestre: caminhão, automóvel, moto, etc.";"VEICULO SUZUKI/JIMNY 4 ALL - ANO FAB 2018 / ANO MOD 2019";"94570,56";"11/08/2026";"17:23:33"
"11/08/2026";"19:30:45";2026;2;"Eleição Ordinária";6259;"Eleições Gerais Estaduais 2026";"04/10/2026";"PA";"PA";"PARÁ";140002548362;4;21;"Veículo automotor terrestre: caminhão, automóvel, moto, etc.";"VEICULO SUZUKI VITARA";"40000,00";"11/08/2026";"17:23:33"
"11/08/2026";"19:30:45";2026;2;"Eleição Ordinária";6259;"Eleições Gerais Estaduais 2026";"04/10/2026";"PA";"PA";"PARÁ";140002548362;3;21;"Veículo automotor terrestre: caminhão, automóvel, moto, etc.";"VEÍCULO CAMINHONETE L200";"50000,00";"11/08/2026";"17:23:33"
