"DT_GERACAO";"HH_GERACAO";"ANO_ELEICAO";"CD_TIPO_ELEICAO";"NM_TIPO_ELEICAO";"CD_ELEICAO";"DS_ELEICAO";"DT_ELEICAO";"SG_UF";"SG_UE";"NM_UE";"SQ_CANDIDATO";"NR_ORDEM_BEM_CANDIDATO";"CD_TIPO_BEM_CANDIDATO";"DS_TIPO_BEM_CANDIDATO";"DS_BEM_CANDIDATO";"VR_BEM_CANDIDATO";"DT_ULT_ATUAL_BEM_CANDIDATO";"HH_ULT_ATUAL_BEM_CANDIDATO"
"03/08/2026";"16:31:03";2026;2;"Eleição Ordinária";6259;"Eleições Gerais Estaduais 2026";"04/10/2026";"SP";"SP";"SÃO PAULO";250002530115;2;45;"Aplicação de renda fixa (CDB, RDB e outros)";"APLICAÇÃO DE RENDA FIXA (CDB, RDB E OUTROS)";"2607,81";"28/07/2026";"15:57:28"
"03/08/2026";"16:31:03";2026;2;"Eleição Ordinária";6259;"Eleições Gerais Estaduais 2026";"04/10/2026";"SP";"SP";"SÃO PAULO";250002530115;1;45;"Aplicação de renda fixa (CDB, RDB e outros)";"TESOURO PRE FIXADO";"239953,27";"28/07/2026";"15:57:28"
"03/08/2026";"16:31:03";2026;2;"Eleição Ordinária";6259;"Eleições Gerais Estaduais 2026";"04/10/2026";"SP";"SP";"SÃO PAULO";250002530115;3;45;"Aplicação de renda fixa (CDB, RDB e outros)";"APLICAÇÃO DE RENDA FIXA (CDB, RDB E OUTROS)";"96832,89";"28/07/2026";"15:57:28"
"03/08/2026";"16:31:03";2026;2;"Eleição Ordinária";6259;"Eleições Gerais Estaduais 2026";"04/10/2026";"SP";"SP";"SÃO PAULO";250002530115;6;12;"Casa";"CASA";"7609736,99";"28/07/2026";"15:57:28"
"03/08/2026";"16:31:03";2026;2;"Eleição Ordinária";6259;"Eleições Gerais Estaduais 2026";"04/10/2026";"SP";"SP";"SÃO PAULO";250002530115;4;45;"Aplicação de renda fixa (CDB, RDB e outros)";"APLICAÇÃO DE RENDA FIXA (CDB, RDB E OUTROS)";"98891,89";"28/07/2026";"15:57:28"
"03/08/2026";"16:31:03";2026;2;"Eleição Ordinária";6259;"Eleições Gerais Estaduais 2026";"04/10/2026";"SP";"SP";"SÃO PAULO";250002530115;5;45;"Aplicação de renda fixa (CDB, RDB e outros)";"APLICAÇÃO DE RENDA FIXA (CDB, RDB E OUTROS)";"50000,00";"28/07/2026";"15:57:28"
"03/08/2026";"16:31:03";2026;2;"Eleição Ordinária";6259;"Eleições Gerais Estaduais 2026";"04/10/2026";"SP";"SP";"SÃO PAULO";250002530115;7;45;"Aplicação de renda fixa (CDB, RDB e outros)";"APLICAÇÃO DE RENDA FIXA (CDB, RDB E OUTROS)";"3928,41";"28/07/2026";"15:57:28"
"03/08/2026";"16:31:03";2026;2;"Eleição Ordinária";6259;"Eleições Gerais Estaduais 2026";"04/10/2026";"SP";"SP";"SÃO PAULO";250002530115;8;32;"Quotas ou quinhões de capital";"QUOTAS OU QUINHÕES DE CAPITAL";"1000,00";"28/07/2026";"15:57:28"
"03/08/2026";"16:31:03";2026;2;"Eleição Ordinária";6259;"Eleições Gerais Estaduais 2026";"04/10/2026";"SP";"SP";"SÃO PAULO";250002530115;9;45;"Aplicação de renda fixa (CDB, RDB e outros)";"APLICAÇÃO DE RENDA FIXA (CDB, RDB E OUTROS)";"3127434,62";"28/07/2026";"15:57:28"
"03/08/2026";"16:31:03";2026;2;"Eleição Ordinária";6259;"Eleições Gerais Estaduais 2026";"04/10/2026";"SP";"SP";"SÃO PAULO";250002530115;12;45;"Aplicação de renda fixa (CDB, RDB e outros)";"APLICAÇÃO DE RENDA FIXA (CDB, RDB E OUTROS)";"35000,00";"28/07/2026";"15:57:28"
"03/08/2026";"16:31:03";2026;2;"Eleição Ordinária";6259;"Eleições Gerais Estaduais 2026";"04/10/2026";"SP";"SP";"SÃO PAULO";250002530115;10;45;"Aplicação de renda fixa (CDB, RDB e outros)";"TESOURO PRE FIXADO";"49997,95";"28/07/2026";"15:57:28"
"03/08/2026";"16:31:03";2026;2;"Eleição Ordinária";6259;"Eleições Gerais Estaduais 2026";"04/10/2026";"SP";"SP";"SÃO PAULO";250002530115;11;45;"Aplicação de renda fixa (CDB, RDB e outros)";"TESOURO IPCA";"559911,52";"28/07/2026";"15:57:28"
"03/08/2026";"16:31:03";2026;2;"Eleição Ordinária";6259;"Eleições Gerais Estaduais 2026";"04/10/2026";"SP";"SP";"SÃO PAULO";250002530115;14;12;"Casa";"CASA";"1350000,00";"28/07/2026";"15:57:28"
"03/08/2026";"16:31:03";2026;2;"Eleição Ordinária";6259;"Eleições Gerais Estaduais 2026";"04/10/2026";"SP";"SP";"SÃO PAULO";250002530115;15;51;"Crédito decorrente de empréstimo";"CRÉDITO DECORRENTE DE EMPRÉSTIMO";"162000,00";"28/07/2026";"15:57:28"
"03/08/2026";"16:31:03";2026;2;"Eleição Ordinária";6259;"Eleições Gerais Estaduais 2026";"04/10/2026";"SP";"SP";"SÃO PAULO";250002530115;13;74;"Fundos: Ações, Mútuos de Privatização, Invest. Empresas Emergentes, Invest.Participação e Invest. Índice Mercado";"FUNDO FIC";"169227,15";"28/07/2026";"15:57:28"
"03/08/2026";"16:31:03";2026;2;"Eleição Ordinária";6259;"Eleições Gerais Estaduais 2026";"04/10/2026";"SP";"SP";"SÃO PAULO";250002530116;1;21;"Veículo automotor terrestre: caminhão, automóvel, moto, etc.";"HONDA CIVIC EXR 2014";"50000,00";"28/07/2026";"15:57:28"
"03/08/2026";"16:31:03";2026;2;"Eleição Ordinária";6259;"Eleições Gerais Estaduais 2026";"04/10/2026";"SP";"SP";"SÃO PAULO";250002530115;16;61;"Depósito bancário em conta corrente no País";"DEPÓSITO BANCÁRIO EM CONTA CORRENTE NO PAÍS";"1,00";"28/07/2026";"15:57:28"
"03/08/2026";"16:31:03";2026;2;"Eleição Ordinária";6259;"Eleições Gerais Estaduais 2026";"04/10/2026";"SP";"SP";"SÃO PAULO";250002530115;17;74;"Fundos: Ações, Mútuos de Privatização, Invest. Empresas Emergentes, Invest.Participação e Invest. Índice Mercado";"FUNDOS FIC";"462839,72";"28/07/2026";"15:57:28"
"03/08/2026";"16:31:03";2026;2;"Eleição Ordinária";6259;"Eleições Gerais Estaduais 2026";"04/10/2026";"SP";"SP";"SÃO PAULO";250002530117;1;12;"Casa";"CASA FINANCIADA";"75178,00";"30/07/2026";"17:25:49"
"03/08/2026";"16:31:03";2026;2;"Eleição Ordinária";6259;"Eleições Gerais Estaduais 2026";"04/10/2026";"SP";"SP";"SÃO PAULO";250002530119;1;21;"Veículo automotor terrestre: caminhão, automóvel, moto, etc.";"VEÍCULO AUTOMOTOR TERRESTRE: CAMINHÃO, AUTOMÓVEL, MOTO, ETC.";"35720,00";"30/07/2026";"16:41:58"
"03/08/2026";"16:31:03";2026;2;"Eleição Ordinária";6259;"Eleições Gerais Estaduais 2026";"04/10/2026";"SP";"SP";"SÃO PAULO";250002530120;1;21;"Veículo automotor terrestre: caminhão, automóvel, moto, etc.";"VEÍCULO AUTOMOTOR TERRESTRE: CAMINHÃO, AUTOMÓVEL, MOTO, ETC.";"60000,00";"03/08/2026";"14:41:15"
"03/08/2026";"16:31:03";2026;2;"Eleição Ordinária";6259;"Eleições Gerais Estaduais 2026";"04/10/2026";"SP";"SP";"SÃO PAULO";250002530121;1;12;"Casa";"CASA";"500000,00";"30/07/2026";"16:29:47"
"03/08/2026";"16:31:03";2026;2;"Eleição Ordinária";6259;"Eleições Gerais Estaduais 2026";"04/10/2026";"SP";"SP";"SÃO PAULO";250002530120;3;11;"Apartamento";"APARTAMENTO";"125915,00";"03/08/2026";"14:41:15"
"03/08/2026";"16:31:03";2026;2;"Eleição Ordinária";6259;"Eleições Gerais Estaduais 2026";"04/10/2026";"SP";"SP";"SÃO PAULO";250002530120;2;11;"Apartamento";"APARTAMENTO";"67600,00";"03/08/2026";"14:41:15"
"03/08/2026";"16:31:03";2026;2;"Eleição Ordinária";6259;"Eleições Gerais Estaduais 2026";"04/10/2026";"SP";"SP";"SÃO PAULO";250002530121;2;21;"Veículo automotor terrestre: caminhão, automóvel, moto, etc.";"VEÍCULO AUTOMOTOR TERRESTRE: CAMINHÃO, AUTOMÓVEL, MOTO, ETC.";"100000,00";"30/07/2026";"16:29:47"
"03/08/2026";"16:31:03";2026;2;"Eleição Ordinária";6259;"Eleições Gerais Estaduais 2026";"04/10/2026";"SP";"SP";"SÃO PAULO";250002530122;1;12;"Casa";"CASA";"800000,00";"28/07/2026";"15:57:28"
"03/08/2026";"16:31:03";2026;2;"Eleição Ordinária";6259;"Eleições Gerais Estaduais 2026";"04/10/2026";"SP";"SP";"SÃO PAULO";250002530122;2;13;"Terreno";"TERRENO";"300000,00";"28/07/2026";"15:57:28"
"03/08/2026";"16:31:03";2026;2;"Eleição Ordinária";6259;"Eleições Gerais Estaduais 2026";"04/10/2026";"SP";"SP";"SÃO PAULO";250002530123;1;41;"Caderneta de poupança";"CADERNETA DE POUPANÇA SANTANDER";"4108,00";"28/07/2026";"15:57:28"
"03/08/2026";"16:31:03";2026;2;"Eleição Ordinária";6259;"Eleições Gerais Estaduais 2026";"04/10/2026";"SP";"SP";"SÃO PAULO";250002530123;2;12;"Casa";"RESIDÊNCIA, ADQUIRIDO EM CONJUNTO COM A ESPOSA, E FINANCIADA PELO SANTANDER";"300000,00";"28/07/2026";"15:57:28"
"03/08/2026";"16:31:03";2026;2;"Eleição Ordinária";6259;"Eleições Gerais Estaduais 2026";"04/10/2026";"SP";"SP";"SÃO PAULO";250002530123;3;61;"Depósito bancário em conta corrente no País";"DEPÓSITO BANCÁRIO EM CONTA CORRENTE NO PAÍS,  BANCO SANTANDER RECEBIMENTO DE SALARIO";"10340,00";"28/07/2026";"15:57:28"
"03/08/2026";"16:31:03";2026;2;"Eleição Ordinária";6259;"Eleições Gerais Estaduais 2026";"04/10/2026";"SP";"SP";"SÃO PAULO";250002530123;5;21;"Veículo automotor terrestre: caminhão, automóvel, moto, etc.";"VEÍCULO AUTOMOTOR TERRESTRE FORD 2019/2020";"65000,00";"28/07/2026";"15:57:28"
"03/08/2026";"16:31:03";2026;2;"Eleição Ordinária";6259;"Eleições Gerais Estaduais 2026";"04/10/2026";"SP";"SP";"SÃO PAULO";250002530123;6;51;"Crédito decorrente de empréstimo";"CRÉDITO DECORRENTE DE EMPRÉSTIMO";"16000,00";"28/07/2026";"15:57:28"
"03/08/2026";"16:31:03";2026;2;"Eleição Ordinária";6259;"Eleições Gerais Estaduais 2026";"04/10/2026";"SP";"SP";"SÃO PAULO";250002530123;4;19;"Outros bens imóveis";"OUTROS BENS IMÓVEIS, ADQUIRIDA COM A ESPOSA EM 50X VEZES 01JUL26 COM USO DE EMPRÉSTIMOS";"130000,00";"28/07/2026";"15:57:28"
"03/08/2026";"16:31:03";2026;2;"Eleição Ordinária";6259;"Eleições Gerais Estaduais 2026";"04/10/2026";"SP";"SP";"SÃO PAULO";250002530124;1;21;"Veículo automotor terrestre: caminhão, automóvel, moto, etc.";"CARRO PASSEIO";"450000,00";"31/07/2026";"18:53:01"
"03/08/2026";"16:31:03";2026;2;"Eleição Ordinária";6259;"Eleições Gerais Estaduais 2026";"04/10/2026";"SP";"SP";"SÃO PAULO";250002530125;1;12;"Casa";"CASA";"500000,00";"31/07/2026";"18:16:16"
"03/08/2026";"16:31:03";2026;2;"Eleição Ordinária";6259;"Eleições Gerais Estaduais 2026";"04/10/2026";"SP";"SP";"SÃO PAULO";250002530124;2;13;"Terreno";"CHÁCARA";"1750000,00";"31/07/2026";"18:53:01"
"03/08/2026";"16:31:03";2026;2;"Eleição Ordinária";6259;"Eleições Gerais Estaduais 2026";"04/10/2026";"SP";"SP";"SÃO PAULO";250002530126;3;12;"Casa";"CASA - JUNDIAI-SP";"700000,00";"28/07/2026";"15:57:28"
"03/08/2026";"16:31:03";2026;2;"Eleição Ordinária";6259;"Eleições Gerais Estaduais 2026";"04/10/2026";"SP";"SP";"SÃO PAULO";250002530126;1;12;"Casa";"CASA - JUNDIAI-SP";"545000,00";"28/07/2026";"15:57:28"
"03/08/2026";"16:31:03";2026;2;"Eleição Ordinária";6259;"Eleições Gerais Estaduais 2026";"04/10/2026";"SP";"SP";"SÃO PAULO";250002530126;2;2;"Prédio comercial";"IMOVEL COMERCIAL - JUNDIAÍ-SP";"360000,00";"28/07/2026";"15:57:28"
"03/08/2026";"16:31:03";2026;2;"Eleição Ordinária";6259;"Eleições Gerais Estaduais 2026";"04/10/2026";"SP";"SP";"SÃO PAULO";250002530126;6;11;"Apartamento";"APARTAMENTO - JUNDIAI-SP";"290554,76";"28/07/2026";"15:57:28"
"03/08/2026";"16:31:03";2026;2;"Eleição Ordinária";6259;"Eleições Gerais Estaduais 2026";"04/10/2026";"SP";"SP";"SÃO PAULO";250002530126;4;13;"Terreno";"TERRENO - LOTE 19 - JUNDIAI-SP";"4170,96";"28/07/2026";"15:57:28"
"03/08/2026";"16:31:03";2026;2;"Eleição Ordinária";6259;"Eleições Gerais Estaduais 2026";"04/10/2026";"SP";"SP";"SÃO PAULO";250002530126;5;13;"Terreno";"TERRENO - LOTE 18 - JUNDIAI-SP";"29432,26";"28/07/2026";"15:57:28"
"03/08/2026";"16:31:03";2026;2;"Eleição Ordinária";6259;"Eleições Gerais Estaduais 2026";"04/10/2026";"SP";"SP";"SÃO PAULO";250002530126;7;13;"Terreno";"TERRENO - LOTE QLL22 - JUNDIAI-SP";"165079,10";"28/07/2026";"15:57:28"
"03/08/2026";"16:31:03";2026;2;"Eleição Ordinária";6259;"Eleições Gerais Estaduais 2026";"04/10/2026";"SP";"SP";"SÃO PAULO";250002530126;8;13;"Terreno";"TERRENO - LOTE QLL23 - JUNDIAI-SP";"199325,18";"28/07/2026";"15:57:28"
"03/08/2026";"16:31:03";2026;2;"Eleição Ordinária";6259;"Eleições Gerais Estaduais 2026";"04/10/2026";"SP";"SP";"SÃO PAULO";250002530126;9;13;"Terreno";"TERRENO - LOTE QLL24 - JUNDIAI-SP";"95185,44";"28/07/2026";"15:57:28"
"03/08/2026";"16:31:03";2026;2;"Eleição Ordinária";6259;"Eleições Gerais Estaduais 2026";"04/10/2026";"SP";"SP";"SÃO PAULO";250002530126;10;11;"Apartamento";"APARTAMENTO - JUNDIAI-SP";"803720,40";"28/07/2026";"15:57:28"
"03/08/2026";"16:31:03";2026;2;"Eleição Ordinária";6259;"Eleições Gerais Estaduais 2026";"04/10/2026";"SP";"SP";"SÃO PAULO";250002530126;11;13;"Terreno";"TERRENO - LOTE 17 - JUNDIAI-SP";"18645,00";"28/07/2026";"15:57:28"
"03/08/2026";"16:31:03";2026;2;"Eleição Ordinária";6259;"Eleições Gerais Estaduais 2026";"04/10/2026";"SP";"SP";"SÃO PAULO";250002530126;12;13;"Terreno";"50% TERRENO - LOTE 03 - JUNDIAI-SP";"111625,00";"28/07/2026";"15:57:28"
"03/08/2026";"16:31:03";2026;2;"Eleição Ordinária";6259;"Eleições Gerais Estaduais 2026";"04/10/2026";"SP";"SP";"SÃO PAULO";250002530126;13;21;"Veículo automotor terrestre: caminhão, automóvel, moto, etc.";"VEICULO - TOYOTA";"360000,00";"28/07/2026";"15:57:28"
"03/08/2026";"16:31:03";2026;2;"Eleição Ordinária";6259;"Eleições Gerais Estaduais 2026";"04/10/2026";"SP";"SP";"SÃO PAULO";250002530126;14;32;"Quotas ou quinhões de capital";"QUOTAS - ALBINO IMOVEIS GESTAO E ADMINISTRACAO LTDA";"20000,00";"28/07/2026";"15:57:28"
"03/08/2026";"16:31:03";2026;2;"Eleição Ordinária";6259;"Eleições Gerais Estaduais 2026";"04/10/2026";"SP";"SP";"SÃO PAULO";250002530126;15;32;"Quotas ou quinhões de capital";"QUOTAS - NGA GERENCIAMENTO DE RISCO LTDA";"1900,00";"28/07/2026";"15:57:28"
"03/08/2026";"16:31:03";2026;2;"Eleição Ordinária";6259;"Eleições Gerais Estaduais 2026";"04/10/2026";"SP";"SP";"SÃO PAULO";250002530126;16;63;"Dinheiro em espécie - moeda nacional";"DINHEIRO EM ESPÉCIE - MOEDA NACIONAL";"70000,00";"28/07/2026";"15:57:28"
"03/08/2026";"16:31:03";2026;2;"Eleição Ordinária";6259;"Eleições Gerais Estaduais 2026";"04/10/2026";"SP";"SP";"SÃO PAULO";250002530126;18;64;"Dinheiro em espécie - moeda estrangeira";"DINHEIRO EM ESPÉCIE - MOEDA ESTRANGEIRA";"18954,00";"28/07/2026";"15:57:28"
"03/08/2026";"16:31:03";2026;2;"Eleição Ordinária";6259;"Eleições Gerais Estaduais 2026";"04/10/2026";"SP";"SP";"SÃO PAULO";250002530126;17;61;"Depósito bancário em conta corrente no País";"DEPÓSITO BANCÁRIO EM CONTA - CAIXA ECONOMICA FEDERAL";"1967,53";"28/07/2026";"15:57:28"
"03/08/2026";"16:31:03";2026;2;"Eleição Ordinária";6259;"Eleições Gerais Estaduais 2026";"04/10/2026";"SP";"SP";"SÃO PAULO";250002530126;21;2;"Prédio comercial";"IMOVEL COMERCIAL - JUNDIAÍ-SP";"631638,52";"28/07/2026";"15:57:28"
"03/08/2026";"16:31:03";2026;2;"Eleição Ordinária";6259;"Eleições Gerais Estaduais 2026";"04/10/2026";"SP";"SP";"SÃO PAULO";250002530126;19;95;"Consórcio não contemplado";"COTAS DE CONSÓRCIO NÃO CONTEMPLADO - BANCO DO BRASIL - BB CONSORCIOS";"19052,68";"28/07/2026";"15:57:28"
"03/08/2026";"16:31:03";2026;2;"Eleição Ordinária";6259;"Eleições Gerais Estaduais 2026";"04/10/2026";"SP";"SP";"SÃO PAULO";250002530126;20;61;"Depósito bancário em conta corrente no País";"DEPÓSITO BANCÁRIO EM CONTA - BANCO ITATU";"31863,04";"28/07/2026";"15:57:28"
"03/08/2026";"16:31:03";2026;2;"Eleição Ordinária";6259;"Eleições Gerais Estaduais 2026";"04/10/2026";"SP";"SP";"SÃO PAULO";250002530126;22;2;"Prédio comercial";"IMOVEL COMERCIAL - JUNDIAÍ-SP";"112000,00";"28/07/2026";"15:57:28"
"03/08/2026";"16:31:03";2026;2;"Eleição Ordinária";6259;"Eleições Gerais Estaduais 2026";"04/10/2026";"SP";"SP";"SÃO PAULO";250002530126;23;2;"Prédio comercial";"IMOVEL COMERCIAL - MINEIROS DO TIETE-SP";"27110,29";"28/07/2026";"15:57:28"
"03/08/2026";"16:31:03";2026;2;"Eleição Ordinária";6259;"Eleições Gerais Estaduais 2026";"04/10/2026";"SP";"SP";"SÃO PAULO";250002530126;24;61;"Depósito bancário em conta corrente no País";"DEPÓSITO BANCÁRIO EM CONTA - BANCO DO BRASIL";"30213,24";"28/07/2026";"15:57:28"
"03/08/2026";"16:31:03";2026;2;"Eleição Ordinária";6259;"Eleições Gerais Estaduais 2026";"04/10/2026";"SP";"SP";"SÃO PAULO";250002530127;3;11;"Apartamento";"APARTAMENTO 22, BLOCO 07 ´RESIDENCIAL MANACÁS";"222821,20";"03/08/2026";"15:51:27"
"03/08/2026";"16:31:03";2026;2;"Eleição Ordinária";6259;"Eleições Gerais Estaduais 2026";"04/10/2026";"SP";"SP";"SÃO PAULO";250002530127;1;11;"Apartamento";"APARTAMENTO 61 - EDIFÍCIO ARIZONA";"320000,00";"03/08/2026";"15:51:27"
"03/08/2026";"16:31:03";2026;2;"Eleição Ordinária";6259;"Eleições Gerais Estaduais 2026";"04/10/2026";"SP";"SP";"SÃO PAULO";250002530127;2;15;"Sala ou conjunto";"SALA OU CONJUNTO 307 E 311 L OFFICE CONDOMÍNIO DE ESCRITÓRIOS";"366213,00";"03/08/2026";"15:51:27"
"03/08/2026";"16:31:03";2026;2;"Eleição Ordinária";6259;"Eleições Gerais Estaduais 2026";"04/10/2026";"SP";"SP";"SÃO PAULO";250002530127;4;26;"Linha telefônica";"LINHA TELEFÔNICA 19-99901-9292";"100,00";"03/08/2026";"15:51:27"
"03/08/2026";"16:31:03";2026;2;"Eleição Ordinária";6259;"Eleições Gerais Estaduais 2026";"04/10/2026";"SP";"SP";"SÃO PAULO";250002530127;5;21;"Veículo automotor terrestre: caminhão, automóvel, moto, etc.";"VEÍCULO AUTOMOTOR TERRESTRE: CAMINHÃO, AUTOMÓVEL, MOTO, ETC. HONDA CIVIC ANO 2017";"89300,00";"03/08/2026";"15:51:27"
"03/08/2026";"16:31:03";2026;2;"Eleição Ordinária";6259;"Eleições Gerais Estaduais 2026";"04/10/2026";"SP";"SP";"SÃO PAULO";250002530127;6;95;"Consórcio não contemplado";"CONSÓRCIO NÃO CONTEMPLADO - BB ADMINISTRADDORA";"83705,89";"03/08/2026";"15:51:27"
"03/08/2026";"16:31:03";2026;2;"Eleição Ordinária";6259;"Eleições Gerais Estaduais 2026";"04/10/2026";"SP";"SP";"SÃO PAULO";250002530128;2;12;"Casa";"CASA";"200000,00";"03/08/2026";"15:44:17"
"03/08/2026";"16:31:03";2026;2;"Eleição Ordinária";6259;"Eleições Gerais Estaduais 2026";"04/10/2026";"SP";"SP";"SÃO PAULO";250002530128;1;21;"Veículo automotor terrestre: caminhão, automóvel, moto, etc.";"VEÍCULO AUTOMOTOR TERRESTRE: CAMINHÃO, AUTOMÓVEL, MOTO, ETC.";"30000,00";"03/08/2026";"15:44:17"
"03/08/2026";"16:31:03";2026;2;"Eleição Ordinária";6259;"Eleições Gerais Estaduais 2026";"04/10/2026";"SP";"SP";"SÃO PAULO";250002530129;1;11;"Apartamento";"APARTAMENTO EM SÃO PAULO";"1000000,00";"03/08/2026";"15:17:05"
"03/08/2026";"16:31:03";2026;2;"Eleição Ordinária";6259;"Eleições Gerais Estaduais 2026";"04/10/2026";"SP";"SP";"SÃO PAULO";250002530129;2;12;"Casa";"CASA EM SÃO SEBASTIÃO - SP";"1575000,00";"03/08/2026";"15:17:05"
"03/08/2026";"16:31:03";2026;2;"Eleição Ordinária";6259;"Eleições Gerais Estaduais 2026";"04/10/2026";"SP";"SP";"SÃO PAULO";250002530129;3;21;"Veículo automotor terrestre: caminhão, automóvel, moto, etc.";"VEÍCULO AUTOMOTOR - VOLVO XC60 2016/2017";"202000,00";"03/08/2026";"15:17:05"
"03/08/2026";"16:31:03";2026;2;"Eleição Ordinária";6259;"Eleições Gerais Estaduais 2026";"04/10/2026";"SP";"SP";"SÃO PAULO";250002530129;4;61;"Depósito bancário em conta corrente no País";"DEPÓSITO BANCÁRIO EM CONTA CORRENTE NO PAÍS";"14728,27";"03/08/2026";"15:17:05"
"03/08/2026";"16:31:03";2026;2;"Eleição Ordinária";6259;"Eleições Gerais Estaduais 2026";"04/10/2026";"SP";"SP";"SÃO PAULO";250002530129;5;62;"Depósito bancário em conta corrente no exterior";"DEPÓSITO BANCÁRIO EM CONTA CORRENTE NO EXTERIOR";"8086,72";"03/08/2026";"15:17:05"
"03/08/2026";"16:31:03";2026;2;"Eleição Ordinária";6259;"Eleições Gerais Estaduais 2026";"04/10/2026";"SP";"SP";"SÃO PAULO";250002530129;6;45;"Aplicação de renda fixa (CDB, RDB e outros)";"APLICAÇÃO DE RENDA FIXA (CDB, RDB E OUTROS)";"1172943,56";"03/08/2026";"15:17:05"
"03/08/2026";"16:31:03";2026;2;"Eleição Ordinária";6259;"Eleições Gerais Estaduais 2026";"04/10/2026";"SP";"SP";"SÃO PAULO";250002530129;7;79;"Outros fundos";"OUTROS FUNDOS - FUNDOS DE INVESTIMENTO NO BRASIL";"8758556,37";"03/08/2026";"15:17:05"
"03/08/2026";"16:31:03";2026;2;"Eleição Ordinária";6259;"Eleições Gerais Estaduais 2026";"04/10/2026";"SP";"SP";"SÃO PAULO";250002530129;8;79;"Outros fundos";"OUTROS FUNDOS - FUNDOS DE INVESTIMENTO NO EXTERIOR";"2230294,87";"03/08/2026";"15:17:05"
"03/08/2026";"16:31:03";2026;2;"Eleição Ordinária";6259;"Eleições Gerais Estaduais 2026";"04/10/2026";"SP";"SP";"SÃO PAULO";250002530129;10;99;"OUTROS BENS E DIREITOS";"OUTROS BENS E DIREITOS - TÍTULO DO CLUBE PINHEIROS";"10000,00";"03/08/2026";"15:17:05"
"03/08/2026";"16:31:03";2026;2;"Eleição Ordinária";6259;"Eleições Gerais Estaduais 2026";"04/10/2026";"SP";"SP";"SÃO PAULO";250002530129;9;49;"Outras aplicações e Investimentos";"OUTRAS APLICAÇÕES E INVESTIMENTOS - AÇÕES NO EXTERIOR";"1642404,43";"03/08/2026";"15:17:05"
"03/08/2026";"16:31:03";2026;2;"Eleição Ordinária";6259;"Eleições Gerais Estaduais 2026";"04/10/2026";"SP";"SP";"SÃO PAULO";250002530130;3;21;"Veículo automotor terrestre: caminhão, automóvel, moto, etc.";"VEÍCULO AUTOMOTOR TERRESTRE";"275000,00";"28/07/2026";"15:57:28"
"03/08/2026";"16:31:03";2026;2;"Eleição Ordinária";6259;"Eleições Gerais Estaduais 2026";"04/10/2026";"SP";"SP";"SÃO PAULO";250002530130;2;11;"Apartamento";"APARTAMENTO";"350000,00";"28/07/2026";"15:57:28"
"03/08/2026";"16:31:03";2026;2;"Eleição Ordinária";6259;"Eleições Gerais Estaduais 2026";"04/10/2026";"SP";"SP";"SÃO PAULO";250002530130;1;11;"Apartamento";"APARTAMENTO";"350000,00";"28/07/2026";"15:57:28"
"03/08/2026";"16:31:03";2026;2;"Eleição Ordinária";6259;"Eleições Gerais Estaduais 2026";"04/10/2026";"SP";"SP";"SÃO PAULO";250002530130;4;11;"Apartamento";"APARTAMENTO";"350000,00";"28/07/2026";"15:57:28"
"03/08/2026";"16:31:03";2026;2;"Eleição Ordinária";6259;"Eleições Gerais Estaduais 2026";"04/10/2026";"SP";"SP";"SÃO PAULO";250002530130;6;11;"Apartamento";"APARTAMENTO";"350000,00";"28/07/2026";"15:57:28"
"03/08/2026";"16:31:03";2026;2;"Eleição Ordinária";6259;"Eleições Gerais Estaduais 2026";"04/10/2026";"SP";"SP";"SÃO PAULO";250002530130;5;39;"Outras participações societárias";"OUTRAS PARTICIPAÇÕES SOCIETÁRIAS";"606000,00";"28/07/2026";"15:57:28"
"03/08/2026";"16:31:03";2026;2;"Eleição Ordinária";6259;"Eleições Gerais Estaduais 2026";"04/10/2026";"SP";"SP";"SÃO PAULO";250002530131;3;21;"Veículo automotor terrestre: caminhão, automóvel, moto, etc.";"VEÍCULO AUTOMOTOR TERRESTRE: CAMINHÃO, AUTOMÓVEL, MOTO, ETC.";"55000,00";"28/07/2026";"15:57:28"
"03/08/2026";"16:31:03";2026;2;"Eleição Ordinária";6259;"Eleições Gerais Estaduais 2026";"04/10/2026";"SP";"SP";"SÃO PAULO";250002530131;1;21;"Veículo automotor terrestre: caminhão, automóvel, moto, etc.";"VEÍCULO AUTOMOTOR TERRESTRE: CAMINHÃO, AUTOMÓVEL, MOTO, ETC.";"25000,00";"28/07/2026";"15:57:28"
"03/08/2026";"16:31:03";2026;2;"Eleição Ordinária";6259;"Eleições Gerais Estaduais 2026";"04/10/2026";"SP";"SP";"SÃO PAULO";250002530131;2;13;"Terreno";"TERRENO";"65000,00";"28/07/2026";"15:57:28"
"03/08/2026";"16:31:03";2026;2;"Eleição Ordinária";6259;"Eleições Gerais Estaduais 2026";"04/10/2026";"SP";"SP";"SÃO PAULO";250002530132;1;12;"Casa";"CASA";"800000,00";"30/07/2026";"15:52:59"
"03/08/2026";"16:31:03";2026;2;"Eleição Ordinária";6259;"Eleições Gerais Estaduais 2026";"04/10/2026";"SP";"SP";"SÃO PAULO";250002530133;1;12;"Casa";"CASA";"300000,00";"31/07/2026";"18:47:55"
"03/08/2026";"16:31:03";2026;2;"Eleição Ordinária";6259;"Eleições Gerais Estaduais 2026";"04/10/2026";"SP";"SP";"SÃO PAULO";250002530131;4;13;"Terreno";"TERRENO";"70000,00";"28/07/2026";"15:57:28"
"03/08/2026";"16:31:03";2026;2;"Eleição Ordinária";6259;"Eleições Gerais Estaduais 2026";"04/10/2026";"SP";"SP";"SÃO PAULO";250002530133;2;21;"Veículo automotor terrestre: caminhão, automóvel, moto, etc.";"VEÍCULO AUTOMOTOR TERRESTRE: CAMINHÃO, AUTOMÓVEL, MOTO, ETC.";"45000,00";"31/07/2026";"18:47:55"
"03/08/2026";"16:31:03";2026;2;"Eleição Ordinária";6259;"Eleições Gerais Estaduais 2026";"04/10/2026";"SP";"SP";"SÃO PAULO";250002530135;1;12;"Casa";"50% DE UMA CASA RESIDENCIAL";"35000,00";"28/07/2026";"17:49:56"
"03/08/2026";"16:31:03";2026;2;"Eleição Ordinária";6259;"Eleições Gerais Estaduais 2026";"04/10/2026";"SP";"SP";"SÃO PAULO";250002530136;1;11;"Apartamento";"APARTAMENTO";"800000,00";"31/07/2026";"14:42:13"
"03/08/2026";"16:31:03";2026;2;"Eleição Ordinária";6259;"Eleições Gerais Estaduais 2026";"04/10/2026";"SP";"SP";"SÃO PAULO";250002530136;2;21;"Veículo automotor terrestre: caminhão, automóvel, moto, etc.";"AUTOMÓVEL";"95000,00";"31/07/2026";"14:42:13"
"03/08/2026";"16:31:03";2026;2;"Eleição Ordinária";6259;"Eleições Gerais Estaduais 2026";"04/10/2026";"SP";"SP";"SÃO PAULO";250002530136;3;45;"Aplicação de renda fixa (CDB, RDB e outros)";"APLICAÇÃO DE RENDA FIXA (CDB, RDB E OUTROS)";"1900000,00";"31/07/2026";"14:42:13"
"03/08/2026";"16:31:03";2026;2;"Eleição Ordinária";6259;"Eleições Gerais Estaduais 2026";"04/10/2026";"SP";"SP";"SÃO PAULO";250002530137;1;21;"Veículo automotor terrestre: caminhão, automóvel, moto, etc.";"VEÍCULO AUTOMOTOR TERRESTRE: CAMINHÃO, AUTOMÓVEL, MOTO, ETC.";"5000,00";"31/07/2026";"17:30:26"
"03/08/2026";"16:31:03";2026;2;"Eleição Ordinária";6259;"Eleições Gerais Estaduais 2026";"04/10/2026";"SP";"SP";"SÃO PAULO";250002530137;2;71;"Fundo de Curto Prazo";"FUNDO DE CURTO PRAZO";"4884,76";"31/07/2026";"17:30:26"
"03/08/2026";"16:31:03";2026;2;"Eleição Ordinária";6259;"Eleições Gerais Estaduais 2026";"04/10/2026";"SP";"SP";"SÃO PAULO";250002530137;3;62;"Depósito bancário em conta corrente no exterior";"DEPÓSITO BANCÁRIO EM CONTA CORRENTE NO EXTERIOR";"26,47";"31/07/2026";"17:30:26"
"03/08/2026";"16:31:03";2026;2;"Eleição Ordinária";6259;"Eleições Gerais Estaduais 2026";"04/10/2026";"SP";"SP";"SÃO PAULO";250002530137;4;61;"Depósito bancário em conta corrente no País";"DEPÓSITO BANCÁRIO EM CONTA CORRENTE NO PAÍS";"3839,73";"31/07/2026";"17:30:26"
"03/08/2026";"16:31:03";2026;2;"Eleição Ordinária";6259;"Eleições Gerais Estaduais 2026";"04/10/2026";"SP";"SP";"SÃO PAULO";250002530137;5;21;"Veículo automotor terrestre: caminhão, automóvel, moto, etc.";"VEÍCULO AUTOMOTOR TERRESTRE: CAMINHÃO, AUTOMÓVEL, MOTO, ETC.";"31000,00";"31/07/2026";"17:30:26"
"03/08/2026";"16:31:03";2026;2;"Eleição Ordinária";6259;"Eleições Gerais Estaduais 2026";"04/10/2026";"SP";"SP";"SÃO PAULO";250002530137;6;45;"Aplicação de renda fixa (CDB, RDB e outros)";"APLICAÇÃO DE RENDA FIXA (CDB, RDB E OUTROS)";"23481,97";"31/07/2026";"17:30:26"
"03/08/2026";"16:31:03";2026;2;"Eleição Ordinária";6259;"Eleições Gerais Estaduais 2026";"04/10/2026";"SP";"SP";"SÃO PAULO";250002530137;7;31;"Ações (inclusive as provenientes de linha telefônica)";"AÇÕES (INCLUSIVE AS PROVENIENTES DE LINHA TELEFÔNICA)";"23788,80";"31/07/2026";"17:30:26"
"03/08/2026";"16:31:03";2026;2;"Eleição Ordinária";6259;"Eleições Gerais Estaduais 2026";"04/10/2026";"SP";"SP";"SÃO PAULO";250002530137;8;12;"Casa";"CASA";"110000,00";"31/07/2026";"17:30:26"
"03/08/2026";"16:31:03";2026;2;"Eleição Ordinária";6259;"Eleições Gerais Estaduais 2026";"04/10/2026";"SP";"SP";"SÃO PAULO";250002530137;9;21;"Veículo automotor terrestre: caminhão, automóvel, moto, etc.";"VEÍCULO AUTOMOTOR TERRESTRE: CAMINHÃO, AUTOMÓVEL, MOTO, ETC.";"31000,00";"31/07/2026";"17:30:26"
"03/08/2026";"16:31:03";2026;2;"Eleição Ordinária";6259;"Eleições Gerais Estaduais 2026";"04/10/2026";"SP";"SP";"SÃO PAULO";250002530137;10;71;"Fundo de Curto Prazo";"FUNDO DE CURTO PRAZO";"54082,98";"31/07/2026";"17:30:26"
"03/08/2026";"16:31:03";2026;2;"Eleição Ordinária";6259;"Eleições Gerais Estaduais 2026";"04/10/2026";"SP";"SP";"SÃO PAULO";250002530138;2;45;"Aplicação de renda fixa (CDB, RDB e outros)";"APLICAÇÃO DE RENDA FIXA (CDB, RDB E OUTROS)";"5500000,00";"30/07/2026";"19:11:10"
"03/08/2026";"16:31:03";2026;2;"Eleição Ordinária";6259;"Eleições Gerais Estaduais 2026";"04/10/2026";"SP";"SP";"SÃO PAULO";250002530137;11;31;"Ações (inclusive as provenientes de linha telefônica)";"AÇÕES (INCLUSIVE AS PROVENIENTES DE LINHA TELEFÔNICA)";"17172,89";"31/07/2026";"17:30:26"
"03/08/2026";"16:31:03";2026;2;"Eleição Ordinária";6259;"Eleições Gerais Estaduais 2026";"04/10/2026";"SP";"SP";"SÃO PAULO";250002530138;1;31;"Ações (inclusive as provenientes de linha telefônica)";"AÇÕES (INCLUSIVE AS PROVENIENTES DE LINHA TELEFÔNICA)";"1500000,00";"30/07/2026";"19:11:10"
"03/08/2026";"16:31:03";2026;2;"Eleição Ordinária";6259;"Eleições Gerais Estaduais 2026";"04/10/2026";"SP";"SP";"SÃO PAULO";250002530138;3;25;"Jóia, quadro, objeto de arte, de coleção, antiguidade, etc.";"JÓIA, QUADRO, OBJETO DE ARTE, DE COLEÇÃO, ANTIGUIDADE, ETC.";"500000,00";"30/07/2026";"19:11:10"
"03/08/2026";"16:31:03";2026;2;"Eleição Ordinária";6259;"Eleições Gerais Estaduais 2026";"04/10/2026";"SP";"SP";"SÃO PAULO";250002530138;4;19;"Outros bens imóveis";"OUTROS BENS IMÓVEIS";"1000000,00";"30/07/2026";"19:11:10"
"03/08/2026";"16:31:03";2026;2;"Eleição Ordinária";6259;"Eleições Gerais Estaduais 2026";"04/10/2026";"SP";"SP";"SÃO PAULO";250002530138;5;97;"VGBL - Vida Gerador de Benefício Livre";"VGBL - VIDA GERADOR DE BENEFÍCIO LIVRE";"500000,00";"30/07/2026";"19:11:10"
"03/08/2026";"16:31:03";2026;2;"Eleição Ordinária";6259;"Eleições Gerais Estaduais 2026";"04/10/2026";"SP";"SP";"SÃO PAULO";250002530138;7;62;"Depósito bancário em conta corrente no exterior";"DEPÓSITO BANCÁRIO EM CONTA CORRENTE NO EXTERIOR";"24000000,00";"30/07/2026";"19:11:10"
"03/08/2026";"16:31:03";2026;2;"Eleição Ordinária";6259;"Eleições Gerais Estaduais 2026";"04/10/2026";"SP";"SP";"SÃO PAULO";250002530142;1;21;"Veículo automotor terrestre: caminhão, automóvel, moto, etc.";"VEÍCULO AUTOMOTOR TERRESTRE: CAMINHÃO, AUTOMÓVEL, MOTO, ETC.";"38000,00";"28/07/2026";"15:57:28"
"03/08/2026";"16:31:03";2026;2;"Eleição Ordinária";6259;"Eleições Gerais Estaduais 2026";"04/10/2026";"SP";"SP";"SÃO PAULO";250002530138;6;39;"Outras participações societárias";"OUTRAS PARTICIPAÇÕES SOCIETÁRIAS";"7000000,00";"30/07/2026";"19:11:10"
"03/08/2026";"16:31:03";2026;2;"Eleição Ordinária";6259;"Eleições Gerais Estaduais 2026";"04/10/2026";"SP";"SP";"SÃO PAULO";250002530144;2;21;"Veículo automotor terrestre: caminhão, automóvel, moto, etc.";"VEÍCULO AUTOMOTOR TERRESTRE: CAMINHÃO, AUTOMÓVEL, MOTO, ETC.";"810628,59";"28/07/2026";"15:57:28"
"03/08/2026";"16:31:03";2026;2;"Eleição Ordinária";6259;"Eleições Gerais Estaduais 2026";"04/10/2026";"SP";"SP";"SÃO PAULO";250002530143;1;13;"Terreno";"TERRENO";"200000,00";"28/07/2026";"15:57:28"
"03/08/2026";"16:31:03";2026;2;"Eleição Ordinária";6259;"Eleições Gerais Estaduais 2026";"04/10/2026";"SP";"SP";"SÃO PAULO";250002530144;1;19;"Outros bens imóveis";"BENS IMÓVEIS";"14173235,47";"28/07/2026";"15:57:28"
"03/08/2026";"16:31:03";2026;2;"Eleição Ordinária";6259;"Eleições Gerais Estaduais 2026";"04/10/2026";"SP";"SP";"SÃO PAULO";250002530144;3;41;"Caderneta de poupança";"CADERNETA DE POUPANÇA";"1039,06";"28/07/2026";"15:57:28"
"03/08/2026";"16:31:03";2026;2;"Eleição Ordinária";6259;"Eleições Gerais Estaduais 2026";"04/10/2026";"SP";"SP";"SÃO PAULO";250002530144;4;64;"Dinheiro em espécie - moeda estrangeira";"DINHEIRO EM ESPÉCIE";"58000,00";"28/07/2026";"15:57:28"
"03/08/2026";"16:31:03";2026;2;"Eleição Ordinária";6259;"Eleições Gerais Estaduais 2026";"04/10/2026";"SP";"SP";"SÃO PAULO";250002530144;5;39;"Outras participações societárias";"OUTRAS PARTICIPAÇÕES SOCIETÁRIAS";"50000,00";"28/07/2026";"15:57:28"
"03/08/2026";"16:31:03";2026;2;"Eleição Ordinária";6259;"Eleições Gerais Estaduais 2026";"04/10/2026";"SP";"SP";"SÃO PAULO";250002530145;1;12;"Casa";"CASA: DOAÇÃO COM RESERVA DE USUFRUTO";"663436,39";"31/07/2026";"16:28:20"
"03/08/2026";"16:31:03";2026;2;"Eleição Ordinária";6259;"Eleições Gerais Estaduais 2026";"04/10/2026";"SP";"SP";"SÃO PAULO";250002530144;6;31;"Ações (inclusive as provenientes de linha telefônica)";"100 AÇÕES PETRA";"2985,00";"28/07/2026";"15:57:28"
"03/08/2026";"16:31:03";2026;2;"Eleição Ordinária";6259;"Eleições Gerais Estaduais 2026";"04/10/2026";"SP";"SP";"SÃO PAULO";250002530145;2;2;"Prédio comercial";"PRÉDIO COMERCIAL: DOAÇÃO COM RESERVA DE USUFRUTO - PARTICIPAÇÃO 33,33%";"137269,39";"31/07/2026";"16:28:20"
"03/08/2026";"16:31:03";2026;2;"Eleição Ordinária";6259;"Eleições Gerais Estaduais 2026";"04/10/2026";"SP";"SP";"SÃO PAULO";250002530145;4;21;"Veículo automotor terrestre: caminhão, automóvel, moto, etc.";"VEÍCULO AUTOMOTOR TERRESTRE: VEÍCULO XSARA PICASSO 2011/2012";"26000,00";"31/07/2026";"16:28:20"
"03/08/2026";"16:31:03";2026;2;"Eleição Ordinária";6259;"Eleições Gerais Estaduais 2026";"04/10/2026";"SP";"SP";"SÃO PAULO";250002530145;3;95;"Consórcio não contemplado";"CONSÓRCIO NÃO CONTEMPLADO DE IMÓVEL";"393648,70";"31/07/2026";"16:28:20"
"03/08/2026";"16:31:03";2026;2;"Eleição Ordinária";6259;"Eleições Gerais Estaduais 2026";"04/10/2026";"SP";"SP";"SÃO PAULO";250002530145;5;39;"Outras participações societárias";"50% DO CAPITAL DA EMPRESA CLÍNICA MÉDICA DARÉ SS";"1100,00";"31/07/2026";"16:28:20"
"03/08/2026";"16:31:03";2026;2;"Eleição Ordinária";6259;"Eleições Gerais Estaduais 2026";"04/10/2026";"SP";"SP";"SÃO PAULO";250002530146;2;21;"Veículo automotor terrestre: caminhão, automóvel, moto, etc.";"VEÍCULO AUTOMOTOR TERRESTRE: CAMINHÃO, AUTOMÓVEL, MOTO, ETC.";"30000,00";"28/07/2026";"15:57:28"
"03/08/2026";"16:31:03";2026;2;"Eleição Ordinária";6259;"Eleições Gerais Estaduais 2026";"04/10/2026";"SP";"SP";"SÃO PAULO";250002530146;1;12;"Casa";"CASA";"560000,00";"28/07/2026";"15:57:28"
"03/08/2026";"16:31:03";2026;2;"Eleição Ordinária";6259;"Eleições Gerais Estaduais 2026";"04/10/2026";"SP";"SP";"SÃO PAULO";250002530147;1;21;"Veículo automotor terrestre: caminhão, automóvel, moto, etc.";"VEÍCULO AUTOMOTOR TERRESTRE: CAMINHÃO, AUTOMÓVEL, MOTO, ETC.";"40000,00";"28/07/2026";"15:57:28"
"03/08/2026";"16:31:03";2026;2;"Eleição Ordinária";6259;"Eleições Gerais Estaduais 2026";"04/10/2026";"SP";"SP";"SÃO PAULO";250002530147;2;45;"Aplicação de renda fixa (CDB, RDB e outros)";"APLICAÇÃO DE RENDA FIXA (CDB, RDB E OUTROS)";"120000,00";"28/07/2026";"15:57:28"
"03/08/2026";"16:31:03";2026;2;"Eleição Ordinária";6259;"Eleições Gerais Estaduais 2026";"04/10/2026";"SP";"SP";"SÃO PAULO";250002530152;1;11;"Apartamento";"APARTAMENTO";"264000,00";"28/07/2026";"15:57:28"
"03/08/2026";"16:31:03";2026;2;"Eleição Ordinária";6259;"Eleições Gerais Estaduais 2026";"04/10/2026";"SP";"SP";"SÃO PAULO";250002530149;1;29;"Outros bens móveis";"MOTO HONDA PCX";"14000,00";"03/08/2026";"15:57:23"
"03/08/2026";"16:31:03";2026;2;"Eleição Ordinária";6259;"Eleições Gerais Estaduais 2026";"04/10/2026";"SP";"SP";"SÃO PAULO";250002530153;1;12;"Casa";"CASA";"170000,00";"28/07/2026";"15:57:28"
"03/08/2026";"16:31:03";2026;2;"Eleição Ordinária";6259;"Eleições Gerais Estaduais 2026";"04/10/2026";"SP";"SP";"SÃO PAULO";250002530154;1;21;"Veículo automotor terrestre: caminhão, automóvel, moto, etc.";"VEÍCULO AUTOMOTOR TERRESTRE: CAMINHÃO, AUTOMÓVEL, MOTO, ETC.";"40000,00";"28/07/2026";"15:57:28"
"03/08/2026";"16:31:03";2026;2;"Eleição Ordinária";6259;"Eleições Gerais Estaduais 2026";"04/10/2026";"SP";"SP";"SÃO PAULO";250002530154;2;63;"Dinheiro em espécie - moeda nacional";"DINHEIRO EM ESPÉCIE - MOEDA NACIONAL";"40000,00";"28/07/2026";"15:57:28"
"03/08/2026";"16:31:03";2026;2;"Eleição Ordinária";6259;"Eleições Gerais Estaduais 2026";"04/10/2026";"SP";"SP";"SÃO PAULO";250002530154;3;32;"Quotas ou quinhões de capital";"QUOTAS OU QUINHÕES DE CAPITAL";"150000,00";"28/07/2026";"15:57:28"
"03/08/2026";"16:31:03";2026;2;"Eleição Ordinária";6259;"Eleições Gerais Estaduais 2026";"04/10/2026";"SP";"SP";"SÃO PAULO";250002530157;1;21;"Veículo automotor terrestre: caminhão, automóvel, moto, etc.";"VEÍCULO AUTOMOTOR TERRESTRE: CAMINHÃO, AUTOMÓVEL, MOTO, ETC.";"35000,00";"28/07/2026";"15:57:28"
"03/08/2026";"16:31:03";2026;2;"Eleição Ordinária";6259;"Eleições Gerais Estaduais 2026";"04/10/2026";"SP";"SP";"SÃO PAULO";250002530154;4;92;"Título de clube e assemelhado";"TÍTULO DE CLUBE E ASSEMELHADO";"5000,00";"28/07/2026";"15:57:28"
"03/08/2026";"16:31:03";2026;2;"Eleição Ordinária";6259;"Eleições Gerais Estaduais 2026";"04/10/2026";"SP";"SP";"SÃO PAULO";250002530162;2;12;"Casa";"CASA";"1000000,00";"28/07/2026";"15:57:28"
"03/08/2026";"16:31:03";2026;2;"Eleição Ordinária";6259;"Eleições Gerais Estaduais 2026";"04/10/2026";"SP";"SP";"SÃO PAULO";250002530162;3;21;"Veículo automotor terrestre: caminhão, automóvel, moto, etc.";"VEÍCULO AUTOMOTOR TERRESTRE: CAMINHÃO, AUTOMÓVEL, MOTO, ETC.";"60000,00";"28/07/2026";"15:57:28"
"03/08/2026";"16:31:03";2026;2;"Eleição Ordinária";6259;"Eleições Gerais Estaduais 2026";"04/10/2026";"SP";"SP";"SÃO PAULO";250002530162;1;11;"Apartamento";"APARTAMENTO";"700000,00";"28/07/2026";"15:57:28"
"03/08/2026";"16:31:03";2026;2;"Eleição Ordinária";6259;"Eleições Gerais Estaduais 2026";"04/10/2026";"SP";"SP";"SÃO PAULO";250002530162;4;45;"Aplicação de renda fixa (CDB, RDB e outros)";"APLICAÇÃO DE RENDA FIXA (CDB, RDB E OUTROS)";"100000,00";"28/07/2026";"15:57:28"
"03/08/2026";"16:31:03";2026;2;"Eleição Ordinária";6259;"Eleições Gerais Estaduais 2026";"04/10/2026";"SP";"SP";"SÃO PAULO";250002530162;5;13;"Terreno";"TERRENO";"200000,00";"28/07/2026";"15:57:28"
"03/08/2026";"16:31:03";2026;2;"Eleição Ordinária";6259;"Eleições Gerais Estaduais 2026";"04/10/2026";"SP";"SP";"SÃO PAULO";250002530163;1;69;"Outros depósitos à vista e numerário";"OUTROS DEPÓSITOS À VISTA E NUMERÁRIO";"332150,00";"31/07/2026";"13:08:15"
"03/08/2026";"16:31:03";2026;2;"Eleição Ordinária";6259;"Eleições Gerais Estaduais 2026";"04/10/2026";"SP";"SP";"SÃO PAULO";250002530163;2;61;"Depósito bancário em conta corrente no País";"DEPÓSITO BANCÁRIO EM CONTA CORRENTE NO PAÍS";"68125,77";"31/07/2026";"13:08:15"
"03/08/2026";"16:31:03";2026;2;"Eleição Ordinária";6259;"Eleições Gerais Estaduais 2026";"04/10/2026";"SP";"SP";"SÃO PAULO";250002530163;3;39;"Outras participações societárias";"OUTRAS PARTICIPAÇÕES SOCIETÁRIAS - QUOTAS EM EMPRESAS";"1774153,75";"31/07/2026";"13:08:15"
"03/08/2026";"16:31:03";2026;2;"Eleição Ordinária";6259;"Eleições Gerais Estaduais 2026";"04/10/2026";"SP";"SP";"SÃO PAULO";250002530163;4;49;"Outras aplicações e Investimentos";"OUTRAS APLICAÇÕES E INVESTIMENTOS";"369348,40";"31/07/2026";"13:08:15"
"03/08/2026";"16:31:03";2026;2;"Eleição Ordinária";6259;"Eleições Gerais Estaduais 2026";"04/10/2026";"SP";"SP";"SÃO PAULO";250002530163;5;21;"Veículo automotor terrestre: caminhão, automóvel, moto, etc.";"VEÍCULO AUTOMOTOR TERRESTRE: CAMINHÃO, AUTOMÓVEL, MOTO, ETC.";"52912,44";"31/07/2026";"13:08:15"
"03/08/2026";"16:31:03";2026;2;"Eleição Ordinária";6259;"Eleições Gerais Estaduais 2026";"04/10/2026";"SP";"SP";"SÃO PAULO";250002530164;1;12;"Casa";"CASA";"400000,00";"28/07/2026";"15:57:28"
"03/08/2026";"16:31:03";2026;2;"Eleição Ordinária";6259;"Eleições Gerais Estaduais 2026";"04/10/2026";"SP";"SP";"SÃO PAULO";250002530164;2;21;"Veículo automotor terrestre: caminhão, automóvel, moto, etc.";"VEÍCULO AUTOMOTOR TERRESTRE: CAMINHÃO, AUTOMÓVEL, MOTO, ETC.";"40000,00";"28/07/2026";"15:57:28"
"03/08/2026";"16:31:03";2026;2;"Eleição Ordinária";6259;"Eleições Gerais Estaduais 2026";"04/10/2026";"SP";"SP";"SÃO PAULO";250002530165;3;12;"Casa";"CASA";"39365,25";"30/07/2026";"16:15:59"
"03/08/2026";"16:31:03";2026;2;"Eleição Ordinária";6259;"Eleições Gerais Estaduais 2026";"04/10/2026";"SP";"SP";"SÃO PAULO";250002530165;2;12;"Casa";"CASA";"22591,66";"30/07/2026";"16:15:59"
"03/08/2026";"16:31:03";2026;2;"Eleição Ordinária";6259;"Eleições Gerais Estaduais 2026";"04/10/2026";"SP";"SP";"SÃO PAULO";250002530165;1;11;"Apartamento";"APARTAMENTO";"35000,00";"30/07/2026";"16:15:59"
"03/08/2026";"16:31:03";2026;2;"Eleição Ordinária";6259;"Eleições Gerais Estaduais 2026";"04/10/2026";"SP";"SP";"SÃO PAULO";250002530165;4;3;"Galpão";"GALPÃO";"13734,54";"30/07/2026";"16:15:59"
"03/08/2026";"16:31:03";2026;2;"Eleição Ordinária";6259;"Eleições Gerais Estaduais 2026";"04/10/2026";"SP";"SP";"SÃO PAULO";250002530165;5;13;"Terreno";"TERRENO";"14977,29";"30/07/2026";"16:15:59"
"03/08/2026";"16:31:03";2026;2;"Eleição Ordinária";6259;"Eleições Gerais Estaduais 2026";"04/10/2026";"SP";"SP";"SÃO PAULO";250002530165;6;13;"Terreno";"TERRENO";"47500,00";"30/07/2026";"16:15:59"
"03/08/2026";"16:31:03";2026;2;"Eleição Ordinária";6259;"Eleições Gerais Estaduais 2026";"04/10/2026";"SP";"SP";"SÃO PAULO";250002530165;7;21;"Veículo automotor terrestre: caminhão, automóvel, moto, etc.";"VEÍCULO AUTOMOTOR TERRESTRE: CAMINHÃO, AUTOMÓVEL, MOTO, ETC.";"16000,00";"30/07/2026";"16:15:59"
"03/08/2026";"16:31:03";2026;2;"Eleição Ordinária";6259;"Eleições Gerais Estaduais 2026";"04/10/2026";"SP";"SP";"SÃO PAULO";250002530166;1;12;"Casa";"CASA";"300000,00";"03/08/2026";"15:36:14"
"03/08/2026";"16:31:03";2026;2;"Eleição Ordinária";6259;"Eleições Gerais Estaduais 2026";"04/10/2026";"SP";"SP";"SÃO PAULO";250002530166;2;21;"Veículo automotor terrestre: caminhão, automóvel, moto, etc.";"VEÍCULO AUTOMOTOR TERRESTRE: CAMINHÃO, AUTOMÓVEL, MOTO, ETC.";"11000,00";"03/08/2026";"15:36:14"
"03/08/2026";"16:31:03";2026;2;"Eleição Ordinária";6259;"Eleições Gerais Estaduais 2026";"04/10/2026";"SP";"SP";"SÃO PAULO";250002530166;3;21;"Veículo automotor terrestre: caminhão, automóvel, moto, etc.";"VEÍCULO AUTOMOTOR TERRESTRE: CAMINHÃO, AUTOMÓVEL, MOTO, ETC.";"35000,00";"03/08/2026";"15:36:14"
"03/08/2026";"16:31:03";2026;2;"Eleição Ordinária";6259;"Eleições Gerais Estaduais 2026";"04/10/2026";"SP";"SP";"SÃO PAULO";250002530167;1;11;"Apartamento";"APARTAMENTO";"600000,00";"31/07/2026";"14:25:03"
"03/08/2026";"16:31:03";2026;2;"Eleição Ordinária";6259;"Eleições Gerais Estaduais 2026";"04/10/2026";"SP";"SP";"SÃO PAULO";250002530167;2;61;"Depósito bancário em conta corrente no País";"DEPÓSITO BANCÁRIO EM CONTA CORRENTE NO PAÍS";"5003,05";"31/07/2026";"14:25:03"
"03/08/2026";"16:31:03";2026;2;"Eleição Ordinária";6259;"Eleições Gerais Estaduais 2026";"04/10/2026";"SP";"SP";"SÃO PAULO";250002530167;4;32;"Quotas ou quinhões de capital";"QUOTAS OU QUINHÕES DE CAPITAL";"6000,00";"31/07/2026";"14:25:03"
"03/08/2026";"16:31:03";2026;2;"Eleição Ordinária";6259;"Eleições Gerais Estaduais 2026";"04/10/2026";"SP";"SP";"SÃO PAULO";250002530167;5;32;"Quotas ou quinhões de capital";"QUOTAS OU QUINHÕES DE CAPITAL";"243360,00";"31/07/2026";"14:25:03"
"03/08/2026";"16:31:03";2026;2;"Eleição Ordinária";6259;"Eleições Gerais Estaduais 2026";"04/10/2026";"SP";"SP";"SÃO PAULO";250002530167;3;97;"VGBL - Vida Gerador de Benefício Livre";"VGBL - VIDA GERADOR DE BENEFÍCIO LIVRE";"50000,00";"31/07/2026";"14:25:03"
"03/08/2026";"16:31:03";2026;2;"Eleição Ordinária";6259;"Eleições Gerais Estaduais 2026";"04/10/2026";"SP";"SP";"SÃO PAULO";250002530167;6;32;"Quotas ou quinhões de capital";"QUOTAS OU QUINHÕES DE CAPITAL";"435050,70";"31/07/2026";"14:25:03"
"03/08/2026";"16:31:03";2026;2;"Eleição Ordinária";6259;"Eleições Gerais Estaduais 2026";"04/10/2026";"SP";"SP";"SÃO PAULO";250002530167;7;41;"Caderneta de poupança";"CADERNETA DE POUPANÇA";"103,28";"31/07/2026";"14:25:03"
"03/08/2026";"16:31:03";2026;2;"Eleição Ordinária";6259;"Eleições Gerais Estaduais 2026";"04/10/2026";"SP";"SP";"SÃO PAULO";250002530168;1;11;"Apartamento";"APARTAMENTO";"3200000,00";"28/07/2026";"15:57:28"
"03/08/2026";"16:31:03";2026;2;"Eleição Ordinária";6259;"Eleições Gerais Estaduais 2026";"04/10/2026";"SP";"SP";"SÃO PAULO";250002530168;3;21;"Veículo automotor terrestre: caminhão, automóvel, moto, etc.";"VEÍCULO AUTOMOTOR TERRESTRE: CAMINHÃO, AUTOMÓVEL, MOTO, ETC.";"200000,00";"28/07/2026";"15:57:28"
"03/08/2026";"16:31:03";2026;2;"Eleição Ordinária";6259;"Eleições Gerais Estaduais 2026";"04/10/2026";"SP";"SP";"SÃO PAULO";250002530169;1;12;"Casa";"CASA";"1500000,00";"28/07/2026";"15:57:28"
"03/08/2026";"16:31:03";2026;2;"Eleição Ordinária";6259;"Eleições Gerais Estaduais 2026";"04/10/2026";"SP";"SP";"SÃO PAULO";250002530168;2;61;"Depósito bancário em conta corrente no País";"DEPÓSITO BANCÁRIO EM CONTA CORRENTE NO PAÍS";"1000000,00";"28/07/2026";"15:57:28"
"03/08/2026";"16:31:03";2026;2;"Eleição Ordinária";6259;"Eleições Gerais Estaduais 2026";"04/10/2026";"SP";"SP";"SÃO PAULO";250002530170;1;32;"Quotas ou quinhões de capital";"450.000 QUOTAS OU QUINHÕES DE CAPITAL";"450000,00";"30/07/2026";"16:07:51"
"03/08/2026";"16:31:03";2026;2;"Eleição Ordinária";6259;"Eleições Gerais Estaduais 2026";"04/10/2026";"SP";"SP";"SÃO PAULO";250002530170;2;45;"Aplicação de renda fixa (CDB, RDB e outros)";"APLICAÇÃO DE RENDA FIXA (CDB, RDB E OUTROS)";"1348335,44";"30/07/2026";"16:07:51"
"03/08/2026";"16:31:03";2026;2;"Eleição Ordinária";6259;"Eleições Gerais Estaduais 2026";"04/10/2026";"SP";"SP";"SÃO PAULO";250002530169;2;45;"Aplicação de renda fixa (CDB, RDB e outros)";"APLICAÇÃO DE RENDA FIXA (CDB, RDB E OUTROS)";"80000,00";"28/07/2026";"15:57:28"
"03/08/2026";"16:31:03";2026;2;"Eleição Ordinária";6259;"Eleições Gerais Estaduais 2026";"04/10/2026";"SP";"SP";"SÃO PAULO";250002530170;4;12;"Casa";"1/3 CASA";"151351,00";"30/07/2026";"16:07:51"
"03/08/2026";"16:31:03";2026;2;"Eleição Ordinária";6259;"Eleições Gerais Estaduais 2026";"04/10/2026";"SP";"SP";"SÃO PAULO";250002530170;5;41;"Caderneta de poupança";"CADERNETA DE POUPANÇA";"8880,63";"30/07/2026";"16:07:51"
"03/08/2026";"16:31:03";2026;2;"Eleição Ordinária";6259;"Eleições Gerais Estaduais 2026";"04/10/2026";"SP";"SP";"SÃO PAULO";250002530170;3;11;"Apartamento";"APARTAMENTO";"1265000,00";"30/07/2026";"16:07:51"
"03/08/2026";"16:31:03";2026;2;"Eleição Ordinária";6259;"Eleições Gerais Estaduais 2026";"04/10/2026";"SP";"SP";"SÃO PAULO";250002530170;6;51;"Crédito decorrente de empréstimo";"CRÉDITO DECORRENTE DE EMPRÉSTIMO";"190000,00";"30/07/2026";"16:07:51"
"03/08/2026";"16:31:03";2026;2;"Eleição Ordinária";6259;"Eleições Gerais Estaduais 2026";"04/10/2026";"SP";"SP";"SÃO PAULO";250002530170;7;74;"Fundos: Ações, Mútuos de Privatização, Invest. Empresas Emergentes, Invest.Participação e Invest. Índice Mercado";"FUNDOS: AÇÕES, MÚTUOS DE PRIVATIZAÇÃO, INVEST. EMPRESAS EMERGENTES, INVEST.PARTICIPAÇÃO E INVEST. ÍNDICE MERCADO";"525000,00";"30/07/2026";"16:07:51"
"03/08/2026";"16:31:03";2026;2;"Eleição Ordinária";6259;"Eleições Gerais Estaduais 2026";"04/10/2026";"SP";"SP";"SÃO PAULO";250002530170;8;49;"Outras aplicações e Investimentos";"OUTRAS APLICAÇÕES E INVESTIMENTOS";"1612229,68";"30/07/2026";"16:07:51"
"03/08/2026";"16:31:03";2026;2;"Eleição Ordinária";6259;"Eleições Gerais Estaduais 2026";"04/10/2026";"SP";"SP";"SÃO PAULO";250002530170;9;21;"Veículo automotor terrestre: caminhão, automóvel, moto, etc.";"VEÍCULO AUTOMOTOR TERRESTRE: CAMINHÃO, AUTOMÓVEL, MOTO, ETC.";"138000,00";"30/07/2026";"16:07:51"
"03/08/2026";"16:31:03";2026;2;"Eleição Ordinária";6259;"Eleições Gerais Estaduais 2026";"04/10/2026";"SP";"SP";"SÃO PAULO";250002530171;1;32;"Quotas ou quinhões de capital";"QUOTAS DE EMPRESA DE DESENVOLVIMENTO E URBANIZAÇÃO";"103730,00";"28/07/2026";"15:57:28"
"03/08/2026";"16:31:03";2026;2;"Eleição Ordinária";6259;"Eleições Gerais Estaduais 2026";"04/10/2026";"SP";"SP";"SÃO PAULO";250002530170;10;25;"Jóia, quadro, objeto de arte, de coleção, antiguidade, etc.";"JÓIA, QUADRO, OBJETO DE ARTE, DE COLEÇÃO, ANTIGUIDADE, ETC.";"4584,19";"30/07/2026";"16:07:51"
"03/08/2026";"16:31:03";2026;2;"Eleição Ordinária";6259;"Eleições Gerais Estaduais 2026";"04/10/2026";"SP";"SP";"SÃO PAULO";250002530171;4;21;"Veículo automotor terrestre: caminhão, automóvel, moto, etc.";"VEICULO DE PASSEIO";"91900,00";"28/07/2026";"15:57:28"
"03/08/2026";"16:31:03";2026;2;"Eleição Ordinária";6259;"Eleições Gerais Estaduais 2026";"04/10/2026";"SP";"SP";"SÃO PAULO";250002530171;3;12;"Casa";"IMOVEL INTERIOR DE SP";"10000000,00";"28/07/2026";"15:57:28"
"03/08/2026";"16:31:03";2026;2;"Eleição Ordinária";6259;"Eleições Gerais Estaduais 2026";"04/10/2026";"SP";"SP";"SÃO PAULO";250002530171;2;32;"Quotas ou quinhões de capital";"QUOTAS DE EMPRESA HOLDING";"4467260,00";"28/07/2026";"15:57:28"
"03/08/2026";"16:31:03";2026;2;"Eleição Ordinária";6259;"Eleições Gerais Estaduais 2026";"04/10/2026";"SP";"SP";"SÃO PAULO";250002530171;5;32;"Quotas ou quinhões de capital";"QUOTAS DE EMPRESA AGROPECUÁRIA";"300000,00";"28/07/2026";"15:57:28"
"03/08/2026";"16:31:03";2026;2;"Eleição Ordinária";6259;"Eleições Gerais Estaduais 2026";"04/10/2026";"SP";"SP";"SÃO PAULO";250002530171;6;61;"Depósito bancário em conta corrente no País";"VALORES EM DEPÓSITOS BANCÁRIOS À VISTA";"350000,00";"28/07/2026";"15:57:28"
"03/08/2026";"16:31:03";2026;2;"Eleição Ordinária";6259;"Eleições Gerais Estaduais 2026";"04/10/2026";"SP";"SP";"SÃO PAULO";250002530171;7;25;"Jóia, quadro, objeto de arte, de coleção, antiguidade, etc.";"PECAS ARTÍSTICAS DE DECORACÃO DOMÉSTICA";"300000,00";"28/07/2026";"15:57:28"
"03/08/2026";"16:31:03";2026;2;"Eleição Ordinária";6259;"Eleições Gerais Estaduais 2026";"04/10/2026";"SP";"SP";"SÃO PAULO";250002530171;9;21;"Veículo automotor terrestre: caminhão, automóvel, moto, etc.";"VEICULO DE PASEEIO";"250000,00";"28/07/2026";"15:57:28"
"03/08/2026";"16:31:03";2026;2;"Eleição Ordinária";6259;"Eleições Gerais Estaduais 2026";"04/10/2026";"SP";"SP";"SÃO PAULO";250002530171;8;21;"Veículo automotor terrestre: caminhão, automóvel, moto, etc.";"BYD DOLPHIN MINI 2025";"115000,00";"28/07/2026";"15:57:28"
"03/08/2026";"16:31:03";2026;2;"Eleição Ordinária";6259;"Eleições Gerais Estaduais 2026";"04/10/2026";"SP";"SP";"SÃO PAULO";250002530171;10;73;"Fundo de Investimento Imobiliário";"TIVOS MOBILIÁRIOS EM VÁRIAS INSTITUIÇÕES FINANCEIRAS";"1650000,00";"28/07/2026";"15:57:28"
"03/08/2026";"16:31:03";2026;2;"Eleição Ordinária";6259;"Eleições Gerais Estaduais 2026";"04/10/2026";"SP";"SP";"SÃO PAULO";250002530173;1;21;"Veículo automotor terrestre: caminhão, automóvel, moto, etc.";"VEÍCULO AUTOMOTOR TERRESTRE: CAMINHAO, AUTOMÓVEL, MOTO, ETC.";"53000,00";"28/07/2026";"15:57:28"
"03/08/2026";"16:31:03";2026;2;"Eleição Ordinária";6259;"Eleições Gerais Estaduais 2026";"04/10/2026";"SP";"SP";"SÃO PAULO";250002530173;3;11;"Apartamento";"APARTAMENTO";"215362,75";"28/07/2026";"15:57:28"
"03/08/2026";"16:31:03";2026;2;"Eleição Ordinária";6259;"Eleições Gerais Estaduais 2026";"04/10/2026";"SP";"SP";"SÃO PAULO";250002530173;2;39;"Outras participações societárias";"OUTRAS PARTICIPAÇÕES SOCIETÁRIAS";"923191,65";"28/07/2026";"15:57:28"
"03/08/2026";"16:31:03";2026;2;"Eleição Ordinária";6259;"Eleições Gerais Estaduais 2026";"04/10/2026";"SP";"SP";"SÃO PAULO";250002530173;4;11;"Apartamento";"APARTAMENTO";"1200000,00";"28/07/2026";"15:57:28"
"03/08/2026";"16:31:03";2026;2;"Eleição Ordinária";6259;"Eleições Gerais Estaduais 2026";"04/10/2026";"SP";"SP";"SÃO PAULO";250002530173;5;39;"Outras participações societárias";"OUTRAS PARTICIPAÇÕES SOCIETÁRIAS";"750000,00";"28/07/2026";"15:57:28"
"03/08/2026";"16:31:03";2026;2;"Eleição Ordinária";6259;"Eleições Gerais Estaduais 2026";"04/10/2026";"SP";"SP";"SÃO PAULO";250002530173;6;39;"Outras participações societárias";"OUTRAS PARTICIPAÇÕES SOCIETÁRIAS";"1188855,40";"28/07/2026";"15:57:28"
"03/08/2026";"16:31:03";2026;2;"Eleição Ordinária";6259;"Eleições Gerais Estaduais 2026";"04/10/2026";"SP";"SP";"SÃO PAULO";250002530173;7;99;"OUTROS BENS E DIREITOS";"OUTROS BENS E DIREITOS";"1100000,00";"28/07/2026";"15:57:28"
"03/08/2026";"16:31:03";2026;2;"Eleição Ordinária";6259;"Eleições Gerais Estaduais 2026";"04/10/2026";"SP";"SP";"SÃO PAULO";250002530173;8;25;"Jóia, quadro, objeto de arte, de coleção, antiguidade, etc.";"JÓIA, QUADRO, OBJETO DE ARTE, DE COLEÇÃO, ANTIGUIDADE, ETC.";"240000,00";"28/07/2026";"15:57:28"
"03/08/2026";"16:31:03";2026;2;"Eleição Ordinária";6259;"Eleições Gerais Estaduais 2026";"04/10/2026";"SP";"SP";"SÃO PAULO";250002530173;9;39;"Outras participações societárias";"OUTRAS PARTICIPAÇÕES SOCIETÁRIAS";"10000,00";"28/07/2026";"15:57:28"
"03/08/2026";"16:31:03";2026;2;"Eleição Ordinária";6259;"Eleições Gerais Estaduais 2026";"04/10/2026";"SP";"SP";"SÃO PAULO";250002530174;3;61;"Depósito bancário em conta corrente no País";"DEPÓSITO BANCÁRIO EM CONTA CORRENTE NO PAÍS - CEF";"30000,00";"28/07/2026";"15:57:28"
"03/08/2026";"16:31:03";2026;2;"Eleição Ordinária";6259;"Eleições Gerais Estaduais 2026";"04/10/2026";"SP";"SP";"SÃO PAULO";250002530174;1;39;"Outras participações societárias";"99,00% - CAPITAL SOCIAL - DATACONSULT  TECNOLOGIA DA INFORMACAO LTDA (CNPJ 47098868/0001-30): 99% DAS AÇÕES";"534600,00";"28/07/2026";"15:57:28"
"03/08/2026";"16:31:03";2026;2;"Eleição Ordinária";6259;"Eleições Gerais Estaduais 2026";"04/10/2026";"SP";"SP";"SÃO PAULO";250002530174;2;39;"Outras participações societárias";"60,00% DAS QUOTAS DO CAPITAL SOCIAL DA EMPRESA: INFINITO COMERCIO COMPANHIA LTDA (CHINA/MACAU)";"18000,00";"28/07/2026";"15:57:28"
"03/08/2026";"16:31:03";2026;2;"Eleição Ordinária";6259;"Eleições Gerais Estaduais 2026";"04/10/2026";"SP";"SP";"SÃO PAULO";250002530177;1;21;"Veículo automotor terrestre: caminhão, automóvel, moto, etc.";"VEÍCULO AUTOMOTOR TERRESTRE: CAMINHÃO, AUTOMÓVEL, MOTO, ETC.";"12000,00";"28/07/2026";"15:57:28"
"03/08/2026";"16:31:03";2026;2;"Eleição Ordinária";6259;"Eleições Gerais Estaduais 2026";"04/10/2026";"SP";"SP";"SÃO PAULO";250002530174;4;61;"Depósito bancário em conta corrente no País";"DEPÓSITO BANCÁRIO EM CONTA CORRENTE NO PAÍS - ITAU";"10,00";"28/07/2026";"15:57:28"
"03/08/2026";"16:31:03";2026;2;"Eleição Ordinária";6259;"Eleições Gerais Estaduais 2026";"04/10/2026";"SP";"SP";"SÃO PAULO";250002530174;5;39;"Outras participações societárias";"100% SOBERANO ORIENTAL SOCIEDADE UNIPESSOAL - MACAU";"10000,00";"28/07/2026";"15:57:28"
"03/08/2026";"16:31:03";2026;2;"Eleição Ordinária";6259;"Eleições Gerais Estaduais 2026";"04/10/2026";"SP";"SP";"SÃO PAULO";250002530177;2;12;"Casa";"CASA";"140000,00";"28/07/2026";"15:57:28"
"03/08/2026";"16:31:03";2026;2;"Eleição Ordinária";6259;"Eleições Gerais Estaduais 2026";"04/10/2026";"SP";"SP";"SÃO PAULO";250002530178;1;32;"Quotas ou quinhões de capital";"QUOTAS OU QUINHÕES DE CAPITAL";"2194855,00";"31/07/2026";"16:52:38"
"03/08/2026";"16:31:03";2026;2;"Eleição Ordinária";6259;"Eleições Gerais Estaduais 2026";"04/10/2026";"SP";"SP";"SÃO PAULO";250002530178;2;51;"Crédito decorrente de empréstimo";"CRÉDITOS";"4635684,68";"31/07/2026";"16:52:38"
"03/08/2026";"16:31:03";2026;2;"Eleição Ordinária";6259;"Eleições Gerais Estaduais 2026";"04/10/2026";"SP";"SP";"SÃO PAULO";250002530178;3;12;"Casa";"CASA";"2969812,57";"31/07/2026";"16:52:38"
"03/08/2026";"16:31:03";2026;2;"Eleição Ordinária";6259;"Eleições Gerais Estaduais 2026";"04/10/2026";"SP";"SP";"SÃO PAULO";250002530179;1;12;"Casa";"CASA";"400000,00";"28/07/2026";"15:57:28"
"03/08/2026";"16:31:03";2026;2;"Eleição Ordinária";6259;"Eleições Gerais Estaduais 2026";"04/10/2026";"SP";"SP";"SÃO PAULO";250002530178;4;61;"Depósito bancário em conta corrente no País";"DEPÓSITO BANCÁRIO EM CONTA CORRENTE NO PAÍS";"891,71";"31/07/2026";"16:52:38"
"03/08/2026";"16:31:03";2026;2;"Eleição Ordinária";6259;"Eleições Gerais Estaduais 2026";"04/10/2026";"SP";"SP";"SÃO PAULO";250002530180;1;12;"Casa";"CASA";"1600000,00";"31/07/2026";"13:45:09"
"03/08/2026";"16:31:03";2026;2;"Eleição Ordinária";6259;"Eleições Gerais Estaduais 2026";"04/10/2026";"SP";"SP";"SÃO PAULO";250002530179;2;29;"Outros bens móveis";"CARRO RENAULT SANDERO STEPWAY, ANO 2011";"30000,00";"28/07/2026";"15:57:28"
"03/08/2026";"16:31:03";2026;2;"Eleição Ordinária";6259;"Eleições Gerais Estaduais 2026";"04/10/2026";"SP";"SP";"SÃO PAULO";250002530179;3;29;"Outros bens móveis";"MOTO HONDA/NXR150 BROS, ANO 2007";"7000,00";"28/07/2026";"15:57:28"
"03/08/2026";"16:31:03";2026;2;"Eleição Ordinária";6259;"Eleições Gerais Estaduais 2026";"04/10/2026";"SP";"SP";"SÃO PAULO";250002530180;2;32;"Quotas ou quinhões de capital";"QUOTAS OU QUINHÕES DE CAPITAL";"115000,00";"31/07/2026";"13:45:09"
"03/08/2026";"16:31:03";2026;2;"Eleição Ordinária";6259;"Eleições Gerais Estaduais 2026";"04/10/2026";"SP";"SP";"SÃO PAULO";250002530181;1;21;"Veículo automotor terrestre: caminhão, automóvel, moto, etc.";"VEÍCULO AUTOMOTOR TERRESTRE: CAMINHÃO, AUTOMÓVEL, MOTO, ETC.";"22000,00";"31/07/2026";"18:47:26"
"03/08/2026";"16:31:03";2026;2;"Eleição Ordinária";6259;"Eleições Gerais Estaduais 2026";"04/10/2026";"SP";"SP";"SÃO PAULO";250002530186;1;14;"Terra nua";"TERRA NUA";"200000,00";"28/07/2026";"15:57:28"
"03/08/2026";"16:31:03";2026;2;"Eleição Ordinária";6259;"Eleições Gerais Estaduais 2026";"04/10/2026";"SP";"SP";"SÃO PAULO";250002530186;2;21;"Veículo automotor terrestre: caminhão, automóvel, moto, etc.";"MOTO XTZ 125 /2006";"6000,00";"28/07/2026";"15:57:28"
"03/08/2026";"16:31:03";2026;2;"Eleição Ordinária";6259;"Eleições Gerais Estaduais 2026";"04/10/2026";"SP";"SP";"SÃO PAULO";250002530186;4;21;"Veículo automotor terrestre: caminhão, automóvel, moto, etc.";"SAVEIRO TREND 1.6 2008";"30000,00";"28/07/2026";"15:57:28"
"03/08/2026";"16:31:03";2026;2;"Eleição Ordinária";6259;"Eleições Gerais Estaduais 2026";"04/10/2026";"SP";"SP";"SÃO PAULO";250002530186;3;21;"Veículo automotor terrestre: caminhão, automóvel, moto, etc.";"SANDERO 1.6 2008";"22000,00";"28/07/2026";"15:57:28"
"03/08/2026";"16:31:03";2026;2;"Eleição Ordinária";6259;"Eleições Gerais Estaduais 2026";"04/10/2026";"SP";"SP";"SÃO PAULO";250002530186;5;45;"Aplicação de renda fixa (CDB, RDB e outros)";"APLICAÇÃO DE RENDA FIXA (CDB, RDB E OUTROS)";"50000,00";"28/07/2026";"15:57:28"
"03/08/2026";"16:31:03";2026;2;"Eleição Ordinária";6259;"Eleições Gerais Estaduais 2026";"04/10/2026";"SP";"SP";"SÃO PAULO";250002530188;1;41;"Caderneta de poupança";"CADERNETA DE POUPANÇA";"11300,00";"28/07/2026";"15:57:28"
"03/08/2026";"16:31:03";2026;2;"Eleição Ordinária";6259;"Eleições Gerais Estaduais 2026";"04/10/2026";"SP";"SP";"SÃO PAULO";250002530187;1;11;"Apartamento";"APARTAMENTO";"2000000,00";"28/07/2026";"15:57:28"
"03/08/2026";"16:31:03";2026;2;"Eleição Ordinária";6259;"Eleições Gerais Estaduais 2026";"04/10/2026";"SP";"SP";"SÃO PAULO";250002530188;2;12;"Casa";"CASA";"91842,00";"28/07/2026";"15:57:28"
"03/08/2026";"16:31:03";2026;2;"Eleição Ordinária";6259;"Eleições Gerais Estaduais 2026";"04/10/2026";"SP";"SP";"SÃO PAULO";250002530189;2;12;"Casa";"CASA";"700000,00";"28/07/2026";"15:57:28"
"03/08/2026";"16:31:03";2026;2;"Eleição Ordinária";6259;"Eleições Gerais Estaduais 2026";"04/10/2026";"SP";"SP";"SÃO PAULO";250002530189;1;99;"OUTROS BENS E DIREITOS";"OUTROS BENS E DIREITOS";"55000,00";"28/07/2026";"15:57:28"
"03/08/2026";"16:31:03";2026;2;"Eleição Ordinária";6259;"Eleições Gerais Estaduais 2026";"04/10/2026";"SP";"SP";"SÃO PAULO";250002530191;1;12;"Casa";"CASA NO MUNICÍPIO DE CÓSMÓPOLIS";"330000,00";"28/07/2026";"15:57:28"
"03/08/2026";"16:31:03";2026;2;"Eleição Ordinária";6259;"Eleições Gerais Estaduais 2026";"04/10/2026";"SP";"SP";"SÃO PAULO";250002530191;2;21;"Veículo automotor terrestre: caminhão, automóvel, moto, etc.";"VEÍCULO AUTOMOTOR TERRESTRE: CAMINHÃO, AUTOMÓVEL, MOTO, ETC.";"16000,00";"28/07/2026";"15:57:28"
"03/08/2026";"16:31:03";2026;2;"Eleição Ordinária";6259;"Eleições Gerais Estaduais 2026";"04/10/2026";"SP";"SP";"SÃO PAULO";250002530191;3;99;"OUTROS BENS E DIREITOS";"OUTROS BENS E DIREITOS";"25000,00";"28/07/2026";"15:57:28"
"03/08/2026";"16:31:03";2026;2;"Eleição Ordinária";6259;"Eleições Gerais Estaduais 2026";"04/10/2026";"SP";"SP";"SÃO PAULO";250002530192;1;21;"Veículo automotor terrestre: caminhão, automóvel, moto, etc.";"VEÍCULO AUTOMOTOR TERRESTRE: CAMINHÃO, AUTOMÓVEL, MOTO, ETC.";"60000,00";"28/07/2026";"15:57:28"
"03/08/2026";"16:31:03";2026;2;"Eleição Ordinária";6259;"Eleições Gerais Estaduais 2026";"04/10/2026";"SP";"SP";"SÃO PAULO";250002530192;3;21;"Veículo automotor terrestre: caminhão, automóvel, moto, etc.";"VEÍCULO AUTOMOTOR TERRESTRE: CAMINHÃO, AUTOMÓVEL, MOTO, ETC.";"35000,00";"28/07/2026";"15:57:28"
"03/08/2026";"16:31:03";2026;2;"Eleição Ordinária";6259;"Eleições Gerais Estaduais 2026";"04/10/2026";"SP";"SP";"SÃO PAULO";250002530192;2;14;"Terra nua";"TERRA NUA";"1214000,00";"28/07/2026";"15:57:28"
"03/08/2026";"16:31:03";2026;2;"Eleição Ordinária";6259;"Eleições Gerais Estaduais 2026";"04/10/2026";"SP";"SP";"SÃO PAULO";250002530192;4;21;"Veículo automotor terrestre: caminhão, automóvel, moto, etc.";"VEÍCULO AUTOMOTOR TERRESTRE: CAMINHÃO, AUTOMÓVEL, MOTO, ETC.";"62500,00";"28/07/2026";"15:57:28"
"03/08/2026";"16:31:03";2026;2;"Eleição Ordinária";6259;"Eleições Gerais Estaduais 2026";"04/10/2026";"SP";"SP";"SÃO PAULO";250002530192;5;11;"Apartamento";"APARTAMENTO";"635000,00";"28/07/2026";"15:57:28"
"03/08/2026";"16:31:03";2026;2;"Eleição Ordinária";6259;"Eleições Gerais Estaduais 2026";"04/10/2026";"SP";"SP";"SÃO PAULO";250002530192;6;13;"Terreno";"TERRENO";"27416,00";"28/07/2026";"15:57:28"
"03/08/2026";"16:31:03";2026;2;"Eleição Ordinária";6259;"Eleições Gerais Estaduais 2026";"04/10/2026";"SP";"SP";"SÃO PAULO";250002530192;7;21;"Veículo automotor terrestre: caminhão, automóvel, moto, etc.";"VEÍCULO AUTOMOTOR TERRESTRE: CAMINHÃO, AUTOMÓVEL, MOTO, ETC.";"10000,00";"28/07/2026";"15:57:28"
"03/08/2026";"16:31:03";2026;2;"Eleição Ordinária";6259;"Eleições Gerais Estaduais 2026";"04/10/2026";"SP";"SP";"SÃO PAULO";250002530193;1;12;"Casa";"CASA";"52688,42";"28/07/2026";"15:57:28"
"03/08/2026";"16:31:03";2026;2;"Eleição Ordinária";6259;"Eleições Gerais Estaduais 2026";"04/10/2026";"SP";"SP";"SÃO PAULO";250002530193;2;32;"Quotas ou quinhões de capital";"QUOTAS OU QUINHÕES DE CAPITAL";"10000,00";"28/07/2026";"15:57:28"
"03/08/2026";"16:31:03";2026;2;"Eleição Ordinária";6259;"Eleições Gerais Estaduais 2026";"04/10/2026";"SP";"SP";"SÃO PAULO";250002530193;3;11;"Apartamento";"APARTAMENTO";"250825,00";"28/07/2026";"15:57:28"
"03/08/2026";"16:31:03";2026;2;"Eleição Ordinária";6259;"Eleições Gerais Estaduais 2026";"04/10/2026";"SP";"SP";"SÃO PAULO";250002530193;4;11;"Apartamento";"APARTAMENTO";"193900,00";"28/07/2026";"15:57:28"
"03/08/2026";"16:31:03";2026;2;"Eleição Ordinária";6259;"Eleições Gerais Estaduais 2026";"04/10/2026";"SP";"SP";"SÃO PAULO";250002530193;5;49;"Outras aplicações e Investimentos";"OUTRAS APLICAÇÕES E INVESTIMENTOS";"5383,86";"28/07/2026";"15:57:28"
"03/08/2026";"16:31:03";2026;2;"Eleição Ordinária";6259;"Eleições Gerais Estaduais 2026";"04/10/2026";"SP";"SP";"SÃO PAULO";250002530194;1;21;"Veículo automotor terrestre: caminhão, automóvel, moto, etc.";"VEÍCULO AUTOMOTOR TERRESTRE: CAMINHÃO, AUTOMÓVEL, MOTO, ETC.";"10000,00";"03/08/2026";"16:25:18"
"03/08/2026";"16:31:03";2026;2;"Eleição Ordinária";6259;"Eleições Gerais Estaduais 2026";"04/10/2026";"SP";"SP";"SÃO PAULO";250002530196;2;12;"Casa";"CASA";"250000,00";"28/07/2026";"15:57:28"
"03/08/2026";"16:31:03";2026;2;"Eleição Ordinária";6259;"Eleições Gerais Estaduais 2026";"04/10/2026";"SP";"SP";"SÃO PAULO";250002530196;1;13;"Terreno";"TERRENO";"80000,00";"28/07/2026";"15:57:28"
"03/08/2026";"16:31:03";2026;2;"Eleição Ordinária";6259;"Eleições Gerais Estaduais 2026";"04/10/2026";"SP";"SP";"SÃO PAULO";250002530198;1;21;"Veículo automotor terrestre: caminhão, automóvel, moto, etc.";"VEÍCULO AUTOMOTOR TERRESTRE: CAMINHÃO, AUTOMÓVEL, MOTO, ETC.";"15000,00";"03/08/2026";"15:59:46"
"03/08/2026";"16:31:03";2026;2;"Eleição Ordinária";6259;"Eleições Gerais Estaduais 2026";"04/10/2026";"SP";"SP";"SÃO PAULO";250002530198;2;11;"Apartamento";"APARTAMENTO, FINANCIADO.";"550000,00";"03/08/2026";"15:59:46"
"03/08/2026";"16:31:03";2026;2;"Eleição Ordinária";6259;"Eleições Gerais Estaduais 2026";"04/10/2026";"SP";"SP";"SÃO PAULO";250002530199;1;11;"Apartamento";"APARTAMENTO";"190000,00";"28/07/2026";"15:57:28"
"03/08/2026";"16:31:03";2026;2;"Eleição Ordinária";6259;"Eleições Gerais Estaduais 2026";"04/10/2026";"SP";"SP";"SÃO PAULO";250002530200;1;21;"Veículo automotor terrestre: caminhão, automóvel, moto, etc.";"VEÍCULO AUTOMOTOR TERRESTRE: CAMINHÃO, AUTOMÓVEL, MOTO, ETC.";"3000,00";"28/07/2026";"15:57:28"
"03/08/2026";"16:31:03";2026;2;"Eleição Ordinária";6259;"Eleições Gerais Estaduais 2026";"04/10/2026";"SP";"SP";"SÃO PAULO";250002530201;1;21;"Veículo automotor terrestre: caminhão, automóvel, moto, etc.";"VEÍCULO AUTOMOTOR TERRESTRE: CAMINHÃO, AUTOMÓVEL, MOTO, ETC.";"180,00";"28/07/2026";"15:57:28"
"03/08/2026";"16:31:03";2026;2;"Eleição Ordinária";6259;"Eleições Gerais Estaduais 2026";"04/10/2026";"SP";"SP";"SÃO PAULO";250002530202;1;21;"Veículo automotor terrestre: caminhão, automóvel, moto, etc.";"FIORINO FURGÃO 2002";"16000,00";"31/07/2026";"11:15:34"
"03/08/2026";"16:31:03";2026;2;"Eleição Ordinária";6259;"Eleições Gerais Estaduais 2026";"04/10/2026";"SP";"SP";"SÃO PAULO";250002530202;4;12;"Casa";"CASA EM OSCAR BRESSANE. NÚCLEO HABITACIONAL";"97000,00";"31/07/2026";"11:15:34"
"03/08/2026";"16:31:03";2026;2;"Eleição Ordinária";6259;"Eleições Gerais Estaduais 2026";"04/10/2026";"SP";"SP";"SÃO PAULO";250002530202;3;21;"Veículo automotor terrestre: caminhão, automóvel, moto, etc.";"MOTO CG 125 2013";"8000,00";"31/07/2026";"11:15:34"
"03/08/2026";"16:31:03";2026;2;"Eleição Ordinária";6259;"Eleições Gerais Estaduais 2026";"04/10/2026";"SP";"SP";"SÃO PAULO";250002530202;2;21;"Veículo automotor terrestre: caminhão, automóvel, moto, etc.";"FORD COURIE 2006";"24000,00";"31/07/2026";"11:15:34"
"03/08/2026";"16:31:03";2026;2;"Eleição Ordinária";6259;"Eleições Gerais Estaduais 2026";"04/10/2026";"SP";"SP";"SÃO PAULO";250002530202;5;45;"Aplicação de renda fixa (CDB, RDB e outros)";"APLICAÇÃO DE RENDA FIXA (CDB, RDB E OUTROS). PREVIDÊNCIA PRIVADA.";"425000,00";"31/07/2026";"11:15:34"
"03/08/2026";"16:31:03";2026;2;"Eleição Ordinária";6259;"Eleições Gerais Estaduais 2026";"04/10/2026";"SP";"SP";"SÃO PAULO";250002530203;2;21;"Veículo automotor terrestre: caminhão, automóvel, moto, etc.";"VEÍCULO AUTOMOTOR TERRESTRE: CAMINHÃO, AUTOMÓVEL, MOTO, ETC.";"105495,27";"28/07/2026";"15:57:28"
"03/08/2026";"16:31:03";2026;2;"Eleição Ordinária";6259;"Eleições Gerais Estaduais 2026";"04/10/2026";"SP";"SP";"SÃO PAULO";250002530203;1;63;"Dinheiro em espécie - moeda nacional";"DINHEIRO EM ESPÉCIE - MOEDA NACIONAL";"250000,00";"28/07/2026";"15:57:28"
"03/08/2026";"16:31:03";2026;2;"Eleição Ordinária";6259;"Eleições Gerais Estaduais 2026";"04/10/2026";"SP";"SP";"SÃO PAULO";250002530203;5;45;"Aplicação de renda fixa (CDB, RDB e outros)";"APLICAÇÃO DE RENDA FIXA (CDB, RDB E OUTROS)";"0,00";"28/07/2026";"15:57:28"
"03/08/2026";"16:31:03";2026;2;"Eleição Ordinária";6259;"Eleições Gerais Estaduais 2026";"04/10/2026";"SP";"SP";"SÃO PAULO";250002530203;4;95;"Consórcio não contemplado";"CONSÓRCIO NÃO CONTEMPLADO";"15873,61";"28/07/2026";"15:57:28"
"03/08/2026";"16:31:03";2026;2;"Eleição Ordinária";6259;"Eleições Gerais Estaduais 2026";"04/10/2026";"SP";"SP";"SÃO PAULO";250002530203;3;99;"OUTROS BENS E DIREITOS";"OUTROS BENS E DIREITOS";"0,00";"28/07/2026";"15:57:28"
"03/08/2026";"16:31:03";2026;2;"Eleição Ordinária";6259;"Eleições Gerais Estaduais 2026";"04/10/2026";"SP";"SP";"SÃO PAULO";250002530203;7;32;"Quotas ou quinhões de capital";"QUOTAS OU QUINHÕES DE CAPITAL";"50000,00";"28/07/2026";"15:57:28"
"03/08/2026";"16:31:03";2026;2;"Eleição Ordinária";6259;"Eleições Gerais Estaduais 2026";"04/10/2026";"SP";"SP";"SÃO PAULO";250002530203;8;32;"Quotas ou quinhões de capital";"QUOTAS OU QUINHÕES DE CAPITAL";"0,00";"28/07/2026";"15:57:28"
"03/08/2026";"16:31:03";2026;2;"Eleição Ordinária";6259;"Eleições Gerais Estaduais 2026";"04/10/2026";"SP";"SP";"SÃO PAULO";250002530203;6;95;"Consórcio não contemplado";"CONSÓRCIO NÃO CONTEMPLADO";"23184,12";"28/07/2026";"15:57:28"
"03/08/2026";"16:31:03";2026;2;"Eleição Ordinária";6259;"Eleições Gerais Estaduais 2026";"04/10/2026";"SP";"SP";"SÃO PAULO";250002530203;9;32;"Quotas ou quinhões de capital";"QUOTAS OU QUINHÕES DE CAPITAL";"10000,00";"28/07/2026";"15:57:28"
"03/08/2026";"16:31:03";2026;2;"Eleição Ordinária";6259;"Eleições Gerais Estaduais 2026";"04/10/2026";"SP";"SP";"SÃO PAULO";250002530203;10;99;"OUTROS BENS E DIREITOS";"OUTROS BENS E DIREITOS";"150000,00";"28/07/2026";"15:57:28"
"03/08/2026";"16:31:03";2026;2;"Eleição Ordinária";6259;"Eleições Gerais Estaduais 2026";"04/10/2026";"SP";"SP";"SÃO PAULO";250002530203;11;95;"Consórcio não contemplado";"CONSÓRCIO NÃO CONTEMPLADO";"1368,72";"28/07/2026";"15:57:28"
"03/08/2026";"16:31:03";2026;2;"Eleição Ordinária";6259;"Eleições Gerais Estaduais 2026";"04/10/2026";"SP";"SP";"SÃO PAULO";250002530203;13;99;"OUTROS BENS E DIREITOS";"OUTROS BENS E DIREITOS";"150000,00";"28/07/2026";"15:57:28"
"03/08/2026";"16:31:03";2026;2;"Eleição Ordinária";6259;"Eleições Gerais Estaduais 2026";"04/10/2026";"SP";"SP";"SÃO PAULO";250002530203;12;51;"Crédito decorrente de empréstimo";"CRÉDITO DECORRENTE DE EMPRÉSTIMO";"0,00";"28/07/2026";"15:57:28"
"03/08/2026";"16:31:03";2026;2;"Eleição Ordinária";6259;"Eleições Gerais Estaduais 2026";"04/10/2026";"SP";"SP";"SÃO PAULO";250002530204;1;11;"Apartamento";"APARTAMENTO";"750000,00";"28/07/2026";"15:57:28"
"03/08/2026";"16:31:03";2026;2;"Eleição Ordinária";6259;"Eleições Gerais Estaduais 2026";"04/10/2026";"SP";"SP";"SÃO PAULO";250002530207;1;12;"Casa";"CASA";"400000,00";"28/07/2026";"15:57:28"
"03/08/2026";"16:31:03";2026;2;"Eleição Ordinária";6259;"Eleições Gerais Estaduais 2026";"04/10/2026";"SP";"SP";"SÃO PAULO";250002530204;2;11;"Apartamento";"APARTAMENTO";"650000,00";"28/07/2026";"15:57:28"
"03/08/2026";"16:31:03";2026;2;"Eleição Ordinária";6259;"Eleições Gerais Estaduais 2026";"04/10/2026";"SP";"SP";"SÃO PAULO";250002530207;2;11;"Apartamento";"APARTAMENTO";"220000,00";"28/07/2026";"15:57:28"
"03/08/2026";"16:31:03";2026;2;"Eleição Ordinária";6259;"Eleições Gerais Estaduais 2026";"04/10/2026";"SP";"SP";"SÃO PAULO";250002530207;3;12;"Casa";"CASA";"440000,00";"28/07/2026";"15:57:28"
"03/08/2026";"16:31:03";2026;2;"Eleição Ordinária";6259;"Eleições Gerais Estaduais 2026";"04/10/2026";"SP";"SP";"SÃO PAULO";250002530207;4;21;"Veículo automotor terrestre: caminhão, automóvel, moto, etc.";"VEÍCULO AUTOMOTOR TERRESTRE: CAMINHÃO, AUTOMÓVEL, MOTO, ETC.";"10000,00";"28/07/2026";"15:57:28"
"03/08/2026";"16:31:03";2026;2;"Eleição Ordinária";6259;"Eleições Gerais Estaduais 2026";"04/10/2026";"SP";"SP";"SÃO PAULO";250002530207;5;21;"Veículo automotor terrestre: caminhão, automóvel, moto, etc.";"VEÍCULO AUTOMOTOR TERRESTRE: CAMINHÃO, AUTOMÓVEL, MOTO, ETC.";"10000,00";"28/07/2026";"15:57:28"
"03/08/2026";"16:31:03";2026;2;"Eleição Ordinária";6259;"Eleições Gerais Estaduais 2026";"04/10/2026";"SP";"SP";"SÃO PAULO";250002530209;1;21;"Veículo automotor terrestre: caminhão, automóvel, moto, etc.";"AUTOMÓVEL";"54653,88";"28/07/2026";"15:57:28"
"03/08/2026";"16:31:03";2026;2;"Eleição Ordinária";6259;"Eleições Gerais Estaduais 2026";"04/10/2026";"SP";"SP";"SÃO PAULO";250002530209;3;99;"OUTROS BENS E DIREITOS";"TÍTULO DE CAPITALIZAÇÃO";"3538,60";"28/07/2026";"15:57:28"
"03/08/2026";"16:31:03";2026;2;"Eleição Ordinária";6259;"Eleições Gerais Estaduais 2026";"04/10/2026";"SP";"SP";"SÃO PAULO";250002530209;2;13;"Terreno";"TERRENO";"16800,00";"28/07/2026";"15:57:28"
"03/08/2026";"16:31:03";2026;2;"Eleição Ordinária";6259;"Eleições Gerais Estaduais 2026";"04/10/2026";"SP";"SP";"SÃO PAULO";250002530211;1;45;"Aplicação de renda fixa (CDB, RDB e outros)";"APLICAÇÃO DE RENDA FIXA (CDB, RDB E OUTROS)";"190000,00";"28/07/2026";"15:57:28"
"03/08/2026";"16:31:03";2026;2;"Eleição Ordinária";6259;"Eleições Gerais Estaduais 2026";"04/10/2026";"SP";"SP";"SÃO PAULO";250002530211;2;21;"Veículo automotor terrestre: caminhão, automóvel, moto, etc.";"NISSAN MARCH";"55000,00";"28/07/2026";"15:57:28"
"03/08/2026";"16:31:03";2026;2;"Eleição Ordinária";6259;"Eleições Gerais Estaduais 2026";"04/10/2026";"SP";"SP";"SÃO PAULO";250002530212;1;12;"Casa";"CASA";"300000,00";"28/07/2026";"15:57:28"
"03/08/2026";"16:31:03";2026;2;"Eleição Ordinária";6259;"Eleições Gerais Estaduais 2026";"04/10/2026";"SP";"SP";"SÃO PAULO";250002530213;1;13;"Terreno";"TERRENO LOTEAMENTO JD MARIA ANTONIA";"200000,00";"03/08/2026";"11:40:07"
"03/08/2026";"16:31:03";2026;2;"Eleição Ordinária";6259;"Eleições Gerais Estaduais 2026";"04/10/2026";"SP";"SP";"SÃO PAULO";250002530213;2;13;"Terreno";"LOTEAMENTO JD MARIA ANTONIA";"200000,00";"03/08/2026";"11:40:07"
"03/08/2026";"16:31:03";2026;2;"Eleição Ordinária";6259;"Eleições Gerais Estaduais 2026";"04/10/2026";"SP";"SP";"SÃO PAULO";250002530213;3;13;"Terreno";"TERRENO RESIDENCIAL PORTINARI";"450000,00";"03/08/2026";"11:40:07"
"03/08/2026";"16:31:03";2026;2;"Eleição Ordinária";6259;"Eleições Gerais Estaduais 2026";"04/10/2026";"SP";"SP";"SÃO PAULO";250002530213;4;61;"Depósito bancário em conta corrente no País";"DEPÓSITO BANCÁRIO EM CONTA CORRENTE NO PAÍS";"186000,00";"03/08/2026";"11:40:07"
"03/08/2026";"16:31:03";2026;2;"Eleição Ordinária";6259;"Eleições Gerais Estaduais 2026";"04/10/2026";"SP";"SP";"SÃO PAULO";250002530213;5;39;"Outras participações societárias";"49,92 % COTAS SOCIAIS DA EMPRESA LEICRIS ADMINISTRADORA LTDA";"604073,00";"03/08/2026";"11:40:07"
"03/08/2026";"16:31:03";2026;2;"Eleição Ordinária";6259;"Eleições Gerais Estaduais 2026";"04/10/2026";"SP";"SP";"SÃO PAULO";250002530213;6;39;"Outras participações societárias";"I90% DAS QUOTAS SOCIAIS DA EMPRESA AUTO POSTO FININHO LTDA";"81000,00";"03/08/2026";"11:40:07"
"03/08/2026";"16:31:03";2026;2;"Eleição Ordinária";6259;"Eleições Gerais Estaduais 2026";"04/10/2026";"SP";"SP";"SÃO PAULO";250002530213;7;21;"Veículo automotor terrestre: caminhão, automóvel, moto, etc.";"VEÍCULO AUTOMOTOR TERRESTRE: CAMINHÃO, AUTOMÓVEL, MOTO, ETC.";"10000,00";"03/08/2026";"11:40:07"
"03/08/2026";"16:31:03";2026;2;"Eleição Ordinária";6259;"Eleições Gerais Estaduais 2026";"04/10/2026";"SP";"SP";"SÃO PAULO";250002530215;1;12;"Casa";"PARTICIPAÇÃO DE 50% EM IMÓVEL RESIDENCIAL ADQUIRIDO EM COPROPRIEDADE COM IRMÃO, NO VALOR TOTAL DE R$ 500.000,00, MEDIANTE FINANCIAMENTO IMOBILIÁRIO CONTRATADO JUNTO À CAIXA ECONÔMICA FEDERAL. VALOR DE";"500000,00";"31/07/2026";"17:10:02"
"03/08/2026";"16:31:03";2026;2;"Eleição Ordinária";6259;"Eleições Gerais Estaduais 2026";"04/10/2026";"SP";"SP";"SÃO PAULO";250002530216;1;61;"Depósito bancário em conta corrente no País";"DEPÓSITO BANCÁRIO EM CONTA CORRENTE NO PAÍS (CEF, XP, MERCADO BITCOIN)";"2012,78";"28/07/2026";"15:57:28"
"03/08/2026";"16:31:03";2026;2;"Eleição Ordinária";6259;"Eleições Gerais Estaduais 2026";"04/10/2026";"SP";"SP";"SÃO PAULO";250002530216;4;71;"Fundo de Curto Prazo";"FUNDO DE CURTO PRAZO - CORRETORA AVENUE EUA";"519,02";"28/07/2026";"15:57:28"
"03/08/2026";"16:31:03";2026;2;"Eleição Ordinária";6259;"Eleições Gerais Estaduais 2026";"04/10/2026";"SP";"SP";"SÃO PAULO";250002530216;2;31;"Ações (inclusive as provenientes de linha telefônica)";"AÇÕES DE DIFERENTES EMPRESAS TOTALIZANDO 1174 AÇÕES (INCLUSIVE AS PROVENIENTES DE LINHA TELEFÔNICA)";"21635,72";"28/07/2026";"15:57:28"
"03/08/2026";"16:31:03";2026;2;"Eleição Ordinária";6259;"Eleições Gerais Estaduais 2026";"04/10/2026";"SP";"SP";"SÃO PAULO";250002530216;3;74;"Fundos: Ações, Mútuos de Privatização, Invest. Empresas Emergentes, Invest.Participação e Invest. Índice Mercado";"FUNDOS: AÇÕES, MÚTUOS DE PRIVATIZAÇÃO, INVEST. EMPRESAS EMERGENTES, INVEST.PARTICIPAÇÃO E INVEST. ÍNDICE MERCADO - BANCO ITAÚ";"500,00";"28/07/2026";"15:57:28"
"03/08/2026";"16:31:03";2026;2;"Eleição Ordinária";6259;"Eleições Gerais Estaduais 2026";"04/10/2026";"SP";"SP";"SÃO PAULO";250002530216;5;71;"Fundo de Curto Prazo";"FUNDO DE CURTO PRAZO - CAMBIAL - BANCO ITAÚ";"607,46";"28/07/2026";"15:57:28"
"03/08/2026";"16:31:03";2026;2;"Eleição Ordinária";6259;"Eleições Gerais Estaduais 2026";"04/10/2026";"SP";"SP";"SÃO PAULO";250002530216;6;49;"Outras aplicações e Investimentos";"OUTRAS APLICAÇÕES E INVESTIMENTOS - COTAS DE ETF S - CORRETORA AVENUE - EUA";"19817,33";"28/07/2026";"15:57:28"
"03/08/2026";"16:31:03";2026;2;"Eleição Ordinária";6259;"Eleições Gerais Estaduais 2026";"04/10/2026";"SP";"SP";"SÃO PAULO";250002530216;7;49;"Outras aplicações e Investimentos";"OUTRAS APLICAÇÕES E INVESTIMENTOS - BANCO ITAÚ";"2000,00";"28/07/2026";"15:57:28"
"03/08/2026";"16:31:03";2026;2;"Eleição Ordinária";6259;"Eleições Gerais Estaduais 2026";"04/10/2026";"SP";"SP";"SÃO PAULO";250002530216;9;45;"Aplicação de renda fixa (CDB, RDB e outros)";"APLICAÇÃO DE RENDA FIXA - ITAÚ, BB, ITAÚ, C6 (CDB, RDB E OUTROS)";"4587,84";"28/07/2026";"15:57:28"
"03/08/2026";"16:31:03";2026;2;"Eleição Ordinária";6259;"Eleições Gerais Estaduais 2026";"04/10/2026";"SP";"SP";"SÃO PAULO";250002530216;10;45;"Aplicação de renda fixa (CDB, RDB e outros)";"APLICAÇÃO DE RENDA FIXA (CDB, RDB E OUTROS)";"33300,44";"28/07/2026";"15:57:28"
"03/08/2026";"16:31:03";2026;2;"Eleição Ordinária";6259;"Eleições Gerais Estaduais 2026";"04/10/2026";"SP";"SP";"SÃO PAULO";250002530216;8;49;"Outras aplicações e Investimentos";"OUTRAS APLICAÇÕES E INVESTIMENTOS - PGBL ITAÚ";"320616,00";"28/07/2026";"15:57:28"
"03/08/2026";"16:31:03";2026;2;"Eleição Ordinária";6259;"Eleições Gerais Estaduais 2026";"04/10/2026";"SP";"SP";"SÃO PAULO";250002530216;12;45;"Aplicação de renda fixa (CDB, RDB e outros)";"APLICAÇÃO DE RENDA FIXA - 9,6 COTAS DE TÍTULOS DO TESOURO EUA (CDB, RDB E OUTROS)";"52289,43";"28/07/2026";"15:57:28"
"03/08/2026";"16:31:03";2026;2;"Eleição Ordinária";6259;"Eleições Gerais Estaduais 2026";"04/10/2026";"SP";"SP";"SÃO PAULO";250002530216;11;99;"OUTROS BENS E DIREITOS";"OUTROS BENS E DIREITOS - VALORES EM CRIPTOMOEDAS";"2539,81";"28/07/2026";"15:57:28"
"03/08/2026";"16:31:03";2026;2;"Eleição Ordinária";6259;"Eleições Gerais Estaduais 2026";"04/10/2026";"SP";"SP";"SÃO PAULO";250002530216;13;61;"Depósito bancário em conta corrente no País";"DEPÓSITO BANCÁRIO EM CONTA CORRENTE NO PAÍS (XP)";"183,99";"28/07/2026";"15:57:28"
"03/08/2026";"16:31:03";2026;2;"Eleição Ordinária";6259;"Eleições Gerais Estaduais 2026";"04/10/2026";"SP";"SP";"SÃO PAULO";250002530216;16;12;"Casa";"CASA";"94080,69";"28/07/2026";"15:57:28"
"03/08/2026";"16:31:03";2026;2;"Eleição Ordinária";6259;"Eleições Gerais Estaduais 2026";"04/10/2026";"SP";"SP";"SÃO PAULO";250002530216;14;45;"Aplicação de renda fixa (CDB, RDB e outros)";"APLICAÇÃO DE RENDA FIXA - TESOURO DIRETO (CDB, RDB E OUTROS)";"332,89";"28/07/2026";"15:57:28"
"03/08/2026";"16:31:03";2026;2;"Eleição Ordinária";6259;"Eleições Gerais Estaduais 2026";"04/10/2026";"SP";"SP";"SÃO PAULO";250002530216;15;74;"Fundos: Ações, Mútuos de Privatização, Invest. Empresas Emergentes, Invest.Participação e Invest. Índice Mercado";"FUNDOS: AÇÕES, MÚTUOS DE PRIVATIZAÇÃO, INVEST. EMPRESAS EMERGENTES, INVEST.PARTICIPAÇÃO E INVEST. ÍNDICE MERCADO - ELETROBRÁS (CAIXA)";"30054,78";"28/07/2026";"15:57:28"
"03/08/2026";"16:31:03";2026;2;"Eleição Ordinária";6259;"Eleições Gerais Estaduais 2026";"04/10/2026";"SP";"SP";"SÃO PAULO";250002530216;17;21;"Veículo automotor terrestre: caminhão, automóvel, moto, etc.";"VEÍCULO AUTOMOTOR TERRESTRE: AUTOMÓVEL";"16000,00";"28/07/2026";"15:57:28"
"03/08/2026";"16:31:03";2026;2;"Eleição Ordinária";6259;"Eleições Gerais Estaduais 2026";"04/10/2026";"SP";"SP";"SÃO PAULO";250002530216;19;41;"Caderneta de poupança";"CADERNETA DE POUPANÇA ITAÚ";"6,12";"28/07/2026";"15:57:28"
"03/08/2026";"16:31:03";2026;2;"Eleição Ordinária";6259;"Eleições Gerais Estaduais 2026";"04/10/2026";"SP";"SP";"SÃO PAULO";250002530216;18;41;"Caderneta de poupança";"CADERNETA DE POUPANÇA BANCO DO BRASIL";"22,97";"28/07/2026";"15:57:28"
"03/08/2026";"16:31:03";2026;2;"Eleição Ordinária";6259;"Eleições Gerais Estaduais 2026";"04/10/2026";"SP";"SP";"SÃO PAULO";250002530216;20;45;"Aplicação de renda fixa (CDB, RDB e outros)";"APLICAÇÃO DE RENDA FIXA (CDB, RDB E OUTROS)";"3476,00";"28/07/2026";"15:57:28"
"03/08/2026";"16:31:03";2026;2;"Eleição Ordinária";6259;"Eleições Gerais Estaduais 2026";"04/10/2026";"SP";"SP";"SÃO PAULO";250002530216;21;11;"Apartamento";"APARTAMENTO";"140000,00";"28/07/2026";"15:57:28"
"03/08/2026";"16:31:03";2026;2;"Eleição Ordinária";6259;"Eleições Gerais Estaduais 2026";"04/10/2026";"SP";"SP";"SÃO PAULO";250002530219;1;29;"Outros bens móveis";"AUTOMÓVEL";"7000,00";"28/07/2026";"15:57:28"
"03/08/2026";"16:31:03";2026;2;"Eleição Ordinária";6259;"Eleições Gerais Estaduais 2026";"04/10/2026";"SP";"SP";"SÃO PAULO";250002530219;2;12;"Casa";"CASA";"150000,00";"28/07/2026";"15:57:28"
"03/08/2026";"16:31:03";2026;2;"Eleição Ordinária";6259;"Eleições Gerais Estaduais 2026";"04/10/2026";"SP";"SP";"SÃO PAULO";250002530221;1;1;"Prédio residencial";"25 % DE UM PRÉDIO RESIDENCIAL EM DRACENA SP";"47500,00";"28/07/2026";"15:57:28"
"03/08/2026";"16:31:03";2026;2;"Eleição Ordinária";6259;"Eleições Gerais Estaduais 2026";"04/10/2026";"SP";"SP";"SÃO PAULO";250002530220;1;16;"Construção";"CONSTRUÇÃO";"200000,00";"03/08/2026";"15:41:12"
"03/08/2026";"16:31:03";2026;2;"Eleição Ordinária";6259;"Eleições Gerais Estaduais 2026";"04/10/2026";"SP";"SP";"SÃO PAULO";250002530221;2;21;"Veículo automotor terrestre: caminhão, automóvel, moto, etc.";"VEÍCULO ONIX LT";"41640,00";"28/07/2026";"15:57:28"
"03/08/2026";"16:31:03";2026;2;"Eleição Ordinária";6259;"Eleições Gerais Estaduais 2026";"04/10/2026";"SP";"SP";"SÃO PAULO";250002530221;3;12;"Casa";"CASA EM DRACENA SP";"52869,91";"28/07/2026";"15:57:28"
"03/08/2026";"16:31:03";2026;2;"Eleição Ordinária";6259;"Eleições Gerais Estaduais 2026";"04/10/2026";"SP";"SP";"SÃO PAULO";250002530221;4;95;"Consórcio não contemplado";"CONSÓRCIO NÃO CONTEMPLADO";"14720,32";"28/07/2026";"15:57:28"
"03/08/2026";"16:31:03";2026;2;"Eleição Ordinária";6259;"Eleições Gerais Estaduais 2026";"04/10/2026";"SP";"SP";"SÃO PAULO";250002530221;5;1;"Prédio residencial";"25 % DE UM PRÉDIO RESIDENCIAL EM DRACENA SP";"38500,00";"28/07/2026";"15:57:28"
"03/08/2026";"16:31:03";2026;2;"Eleição Ordinária";6259;"Eleições Gerais Estaduais 2026";"04/10/2026";"SP";"SP";"SÃO PAULO";250002530221;6;41;"Caderneta de poupança";"CADERNETA DE POUPANÇA";"20000,00";"28/07/2026";"15:57:28"
"03/08/2026";"16:31:03";2026;2;"Eleição Ordinária";6259;"Eleições Gerais Estaduais 2026";"04/10/2026";"SP";"SP";"SÃO PAULO";250002530221;7;61;"Depósito bancário em conta corrente no País";"DEPÓSITO BANCÁRIO EM CONTA CORRENTE NO PAÍS";"10000,00";"28/07/2026";"15:57:28"
"03/08/2026";"16:31:03";2026;2;"Eleição Ordinária";6259;"Eleições Gerais Estaduais 2026";"04/10/2026";"SP";"SP";"SÃO PAULO";250002530222;1;3;"Galpão";"50% GALPÃO COMERCIAL/INDUSTRIAL";"2000000,00";"28/07/2026";"15:57:28"
"03/08/2026";"16:31:03";2026;2;"Eleição Ordinária";6259;"Eleições Gerais Estaduais 2026";"04/10/2026";"SP";"SP";"SÃO PAULO";250002530222;2;13;"Terreno";"TERRENO";"300000,00";"28/07/2026";"15:57:28"
"03/08/2026";"16:31:03";2026;2;"Eleição Ordinária";6259;"Eleições Gerais Estaduais 2026";"04/10/2026";"SP";"SP";"SÃO PAULO";250002530222;3;19;"Outros bens imóveis";"CHÁCARA COM CASA";"800000,00";"28/07/2026";"15:57:28"
"03/08/2026";"16:31:03";2026;2;"Eleição Ordinária";6259;"Eleições Gerais Estaduais 2026";"04/10/2026";"SP";"SP";"SÃO PAULO";250002530224;1;32;"Quotas ou quinhões de capital";"16,66% POUPANÇA   RECEBIDO COMO HERANÇA CONFORME ESCRITURA PUBLICA DE INVENTARIO E PARTILHA EM 04/04/2025 ESPOLIO VICENTINA DAS GRAÇAS RIBEIRO FONSECA CPF 032.768.368-66";"143,54";"28/07/2026";"15:57:28"
"03/08/2026";"16:31:03";2026;2;"Eleição Ordinária";6259;"Eleições Gerais Estaduais 2026";"04/10/2026";"SP";"SP";"SÃO PAULO";250002530222;4;39;"Outras participações societárias";"35% DE UMA EMPRESA";"15000000,00";"28/07/2026";"15:57:28"
"03/08/2026";"16:31:03";2026;2;"Eleição Ordinária";6259;"Eleições Gerais Estaduais 2026";"04/10/2026";"SP";"SP";"SÃO PAULO";250002530224;2;24;"Bem relacionado com o exercício da atividade autônoma";"BEM RELACIONADO COM O EXERCÍCIO DA ATIVIDADE AUTÔNOMA";"33919,00";"28/07/2026";"15:57:28"
"03/08/2026";"16:31:03";2026;2;"Eleição Ordinária";6259;"Eleições Gerais Estaduais 2026";"04/10/2026";"SP";"SP";"SÃO PAULO";250002530224;4;12;"Casa";"16,66% DO IMÓVEL  RECEBIDO COMO HERANÇA CONFORME ESCRITURA PUBLICA DE INVENTARIO E PARTILHA EM 04/04/2025 ESPOLIO VICENTINA DAS GRAÇAS RIBEIRO FONSECA CPF 032.768.368-66 RUA ALVARES CABRAL, 422, CAMPO";"22196,93";"28/07/2026";"15:57:28"
"03/08/2026";"16:31:03";2026;2;"Eleição Ordinária";6259;"Eleições Gerais Estaduais 2026";"04/10/2026";"SP";"SP";"SÃO PAULO";250002530224;5;41;"Caderneta de poupança";"BANCO DO BRASIL";"547,82";"28/07/2026";"15:57:28"
"03/08/2026";"16:31:03";2026;2;"Eleição Ordinária";6259;"Eleições Gerais Estaduais 2026";"04/10/2026";"SP";"SP";"SÃO PAULO";250002530224;3;13;"Terreno";"16,66% DO IMÓVEL  RECEBIDO COMO HERANÇA CONFORME ESCRITURA PUBLICA DE INVENTARIO E PARTILHA EM 04/04/2025 ESPOLIO VICENTINA DAS GRAÇAS RIBEIRO FONSECA CPF 032.768.368-6 RUA TIMOTEO DE MOURA, N. 00000";"3844,16";"28/07/2026";"15:57:28"
"03/08/2026";"16:31:03";2026;2;"Eleição Ordinária";6259;"Eleições Gerais Estaduais 2026";"04/10/2026";"SP";"SP";"SÃO PAULO";250002530224;6;41;"Caderneta de poupança";"CEF";"8767,32";"28/07/2026";"15:57:28"
"03/08/2026";"16:31:03";2026;2;"Eleição Ordinária";6259;"Eleições Gerais Estaduais 2026";"04/10/2026";"SP";"SP";"SÃO PAULO";250002530224;7;61;"Depósito bancário em conta corrente no País";"BANCO DO BRASIL  AGÊNCIA: 0306       CONTA: 58226-3";"6239,33";"28/07/2026";"15:57:28"
"03/08/2026";"16:31:03";2026;2;"Eleição Ordinária";6259;"Eleições Gerais Estaduais 2026";"04/10/2026";"SP";"SP";"SÃO PAULO";250002530224;8;61;"Depósito bancário em conta corrente no País";"CEF";"42,38";"28/07/2026";"15:57:28"
"03/08/2026";"16:31:03";2026;2;"Eleição Ordinária";6259;"Eleições Gerais Estaduais 2026";"04/10/2026";"SP";"SP";"SÃO PAULO";250002530224;9;12;"Casa";"16,66% DO IMÓVEL  RECEBIDO COMO HERANÇA CONFORME ESCRITURA PUBLICA DE INVENTARIO E PARTILHA EM 04/04/2025 ESPOLIO VICENTINA DAS GRAÇAS RIBEIRO FONSECA CPF 032.768.368-66 RUA TIMOTEO DE MOURA, N. 065,";"21537,15";"28/07/2026";"15:57:28"
"03/08/2026";"16:31:03";2026;2;"Eleição Ordinária";6259;"Eleições Gerais Estaduais 2026";"04/10/2026";"SP";"SP";"SÃO PAULO";250002530224;10;12;"Casa";"16,66% DO IMÓVEL  RECEBIDO COMO HERANÇA CONFORME ESCRITURA PUBLICA DE INVENTARIO E PARTILHA EM 04/04/2025 ESPOLIO VICENTINA DAS GRAÇAS RIBEIRO FONSECA CPF 032.768.368-6 RUA ANTONIO TEIXEIRA DE SOUZA ,";"17993,26";"28/07/2026";"15:57:28"
"03/08/2026";"16:31:03";2026;2;"Eleição Ordinária";6259;"Eleições Gerais Estaduais 2026";"04/10/2026";"SP";"SP";"SÃO PAULO";250002530224;11;12;"Casa";"16,66% DO IMÓVEL  RECEBIDO COMO HERANÇA CONFORME ESCRITURA PUBLICA DE INVENTARIO E PARTILHA EM 04/04/2025 ESPOLIO VICENTINA DAS GRAÇAS RIBEIRO FONSECA CPF 032.768.368-66 RUA ANTONIO TEIXEIRA DE SOUZA";"16668,02";"28/07/2026";"15:57:28"
"03/08/2026";"16:31:03";2026;2;"Eleição Ordinária";6259;"Eleições Gerais Estaduais 2026";"04/10/2026";"SP";"SP";"SÃO PAULO";250002530224;12;21;"Veículo automotor terrestre: caminhão, automóvel, moto, etc.";"GOL  ANO  2013   PLACA  FBB2922";"35000,00";"28/07/2026";"15:57:28"
"03/08/2026";"16:31:03";2026;2;"Eleição Ordinária";6259;"Eleições Gerais Estaduais 2026";"04/10/2026";"SP";"SP";"SÃO PAULO";250002530224;13;21;"Veículo automotor terrestre: caminhão, automóvel, moto, etc.";"FUSCA ANO  1983   PLACA  BUF 1693";"5000,00";"28/07/2026";"15:57:28"
"03/08/2026";"16:31:03";2026;2;"Eleição Ordinária";6259;"Eleições Gerais Estaduais 2026";"04/10/2026";"SP";"SP";"SÃO PAULO";250002530224;14;14;"Terra nua";"16,66% DO IMÓVEL  RECEBIDO COMO HERANÇA CONFORME ESCRITURA PUBLICA DE INVENTARIO E PARTILHA EM 04/04/2025 ESPOLIO VICENTINA DAS GRAÇAS RIBEIRO FONSECA CPF 032.768.368-66 MATRÍCULA: 2343, BAIRRO DA BAR";"67653,76";"28/07/2026";"15:57:28"
"03/08/2026";"16:31:03";2026;2;"Eleição Ordinária";6259;"Eleições Gerais Estaduais 2026";"04/10/2026";"SP";"SP";"SÃO PAULO";250002530225;2;21;"Veículo automotor terrestre: caminhão, automóvel, moto, etc.";"AUTOMÓVEL NISSAN MARCH";"34000,00";"28/07/2026";"15:57:28"
"03/08/2026";"16:31:03";2026;2;"Eleição Ordinária";6259;"Eleições Gerais Estaduais 2026";"04/10/2026";"SP";"SP";"SÃO PAULO";250002530225;1;45;"Aplicação de renda fixa (CDB, RDB e outros)";"APLICAÇÃO DE RENDA FIXA CDB";"15003,47";"28/07/2026";"15:57:28"
"03/08/2026";"16:31:03";2026;2;"Eleição Ordinária";6259;"Eleições Gerais Estaduais 2026";"04/10/2026";"SP";"SP";"SÃO PAULO";250002530225;3;61;"Depósito bancário em conta corrente no País";"SALDO EM CONTA";"7051,48";"28/07/2026";"15:57:28"
"03/08/2026";"16:31:03";2026;2;"Eleição Ordinária";6259;"Eleições Gerais Estaduais 2026";"04/10/2026";"SP";"SP";"SÃO PAULO";250002530227;2;45;"Aplicação de renda fixa (CDB, RDB e outros)";"APLICAÇÃO DE RENDA FIXA (CDB, RDB E OUTROS)";"200000,00";"28/07/2026";"15:57:28"
"03/08/2026";"16:31:03";2026;2;"Eleição Ordinária";6259;"Eleições Gerais Estaduais 2026";"04/10/2026";"SP";"SP";"SÃO PAULO";250002530225;4;11;"Apartamento";"VALOR PAGO DO APARTAMENTO FINANCIADO";"69098,00";"28/07/2026";"15:57:28"
"03/08/2026";"16:31:03";2026;2;"Eleição Ordinária";6259;"Eleições Gerais Estaduais 2026";"04/10/2026";"SP";"SP";"SÃO PAULO";250002530227;1;31;"Ações (inclusive as provenientes de linha telefônica)";"AÇÕES (INCLUSIVE AS PROVENIENTES DE LINHA TELEFÔNICA)";"500000,00";"28/07/2026";"15:57:28"
"03/08/2026";"16:31:03";2026;2;"Eleição Ordinária";6259;"Eleições Gerais Estaduais 2026";"04/10/2026";"SP";"SP";"SÃO PAULO";250002530228;1;12;"Casa";"CASA";"310000,00";"28/07/2026";"15:57:28"
"03/08/2026";"16:31:03";2026;2;"Eleição Ordinária";6259;"Eleições Gerais Estaduais 2026";"04/10/2026";"SP";"SP";"SÃO PAULO";250002530228;2;21;"Veículo automotor terrestre: caminhão, automóvel, moto, etc.";"VEÍCULO AUTOMOTOR TERRESTRE: CAMINHÃO, AUTOMÓVEL, MOTO, ETC.";"33820,00";"28/07/2026";"15:57:28"
"03/08/2026";"16:31:03";2026;2;"Eleição Ordinária";6259;"Eleições Gerais Estaduais 2026";"04/10/2026";"SP";"SP";"SÃO PAULO";250002530228;3;39;"Outras participações societárias";"OUTRAS PARTICIPAÇÕES SOCIETÁRIAS";"13000,00";"28/07/2026";"15:57:28"
"03/08/2026";"16:31:03";2026;2;"Eleição Ordinária";6259;"Eleições Gerais Estaduais 2026";"04/10/2026";"SP";"SP";"SÃO PAULO";250002530229;3;21;"Veículo automotor terrestre: caminhão, automóvel, moto, etc.";"VEÍCULO AUTOMOTOR TERRESTRE: CAMINHÃO, AUTOMÓVEL, MOTO, ETC.";"60000,00";"28/07/2026";"15:57:28"
"03/08/2026";"16:31:03";2026;2;"Eleição Ordinária";6259;"Eleições Gerais Estaduais 2026";"04/10/2026";"SP";"SP";"SÃO PAULO";250002530229;2;13;"Terreno";"TERRENO";"59532,76";"28/07/2026";"15:57:28"
"03/08/2026";"16:31:03";2026;2;"Eleição Ordinária";6259;"Eleições Gerais Estaduais 2026";"04/10/2026";"SP";"SP";"SÃO PAULO";250002530229;1;13;"Terreno";"TERRENO";"100000,00";"28/07/2026";"15:57:28"
"03/08/2026";"16:31:03";2026;2;"Eleição Ordinária";6259;"Eleições Gerais Estaduais 2026";"04/10/2026";"SP";"SP";"SÃO PAULO";250002530232;2;21;"Veículo automotor terrestre: caminhão, automóvel, moto, etc.";"VEÍCULO AUTOMOTOR TERRESTRE: CAMINHÃO, AUTOMÓVEL, MOTO, ETC.";"56000,00";"28/07/2026";"15:57:28"
"03/08/2026";"16:31:03";2026;2;"Eleição Ordinária";6259;"Eleições Gerais Estaduais 2026";"04/10/2026";"SP";"SP";"SÃO PAULO";250002530230;1;11;"Apartamento";"APARTAMENTO";"350000,00";"28/07/2026";"15:57:28"
"03/08/2026";"16:31:03";2026;2;"Eleição Ordinária";6259;"Eleições Gerais Estaduais 2026";"04/10/2026";"SP";"SP";"SÃO PAULO";250002530232;1;11;"Apartamento";"APARTAMENTO";"230000,00";"28/07/2026";"15:57:28"
"03/08/2026";"16:31:03";2026;2;"Eleição Ordinária";6259;"Eleições Gerais Estaduais 2026";"04/10/2026";"SP";"SP";"SÃO PAULO";250002530233;1;12;"Casa";"CASA";"600000,00";"28/07/2026";"15:57:28"
"03/08/2026";"16:31:03";2026;2;"Eleição Ordinária";6259;"Eleições Gerais Estaduais 2026";"04/10/2026";"SP";"SP";"SÃO PAULO";250002530234;1;12;"Casa";"CASA";"461250,00";"28/07/2026";"15:57:28"
"03/08/2026";"16:31:03";2026;2;"Eleição Ordinária";6259;"Eleições Gerais Estaduais 2026";"04/10/2026";"SP";"SP";"SÃO PAULO";250002530233;2;18;"Loja";"EMPRESA TATI BRONZE";"70000,00";"28/07/2026";"15:57:28"
"03/08/2026";"16:31:03";2026;2;"Eleição Ordinária";6259;"Eleições Gerais Estaduais 2026";"04/10/2026";"SP";"SP";"SÃO PAULO";250002530234;4;12;"Casa";"CASA";"126333,00";"28/07/2026";"15:57:28"
"03/08/2026";"16:31:03";2026;2;"Eleição Ordinária";6259;"Eleições Gerais Estaduais 2026";"04/10/2026";"SP";"SP";"SÃO PAULO";250002530234;3;11;"Apartamento";"APARTAMENTO";"267406,00";"28/07/2026";"15:57:28"
"03/08/2026";"16:31:03";2026;2;"Eleição Ordinária";6259;"Eleições Gerais Estaduais 2026";"04/10/2026";"SP";"SP";"SÃO PAULO";250002530234;2;11;"Apartamento";"APARTAMENTO";"60000,00";"28/07/2026";"15:57:28"
"03/08/2026";"16:31:03";2026;2;"Eleição Ordinária";6259;"Eleições Gerais Estaduais 2026";"04/10/2026";"SP";"SP";"SÃO PAULO";250002530234;5;21;"Veículo automotor terrestre: caminhão, automóvel, moto, etc.";"VEÍCULO AUTOMOTOR TERRESTRE: CAMINHÃO, AUTOMÓVEL, MOTO, ETC.";"92781,32";"28/07/2026";"15:57:28"
"03/08/2026";"16:31:03";2026;2;"Eleição Ordinária";6259;"Eleições Gerais Estaduais 2026";"04/10/2026";"SP";"SP";"SÃO PAULO";250002530235;1;21;"Veículo automotor terrestre: caminhão, automóvel, moto, etc.";"MERIVA 2006";"5500,00";"31/07/2026";"15:45:52"
"03/08/2026";"16:31:03";2026;2;"Eleição Ordinária";6259;"Eleições Gerais Estaduais 2026";"04/10/2026";"SP";"SP";"SÃO PAULO";250002530235;2;59;"Outros créditos e poupança vinculados";"OUTROS CRÉDITOS E POUPANÇA VINCULADOS";"24000,00";"31/07/2026";"15:45:52"
"03/08/2026";"16:31:03";2026;2;"Eleição Ordinária";6259;"Eleições Gerais Estaduais 2026";"04/10/2026";"SP";"SP";"SÃO PAULO";250002530235;4;12;"Casa";"CASA RIBEIRÃO PRETO";"239311,04";"31/07/2026";"15:45:52"
"03/08/2026";"16:31:03";2026;2;"Eleição Ordinária";6259;"Eleições Gerais Estaduais 2026";"04/10/2026";"SP";"SP";"SÃO PAULO";250002530235;3;21;"Veículo automotor terrestre: caminhão, automóvel, moto, etc.";"VOLVO 2014";"80000,00";"31/07/2026";"15:45:52"
"03/08/2026";"16:31:03";2026;2;"Eleição Ordinária";6259;"Eleições Gerais Estaduais 2026";"04/10/2026";"SP";"SP";"SÃO PAULO";250002530235;5;11;"Apartamento";"APARTAMENTO SÃO PAULO HERANÇA";"214332,50";"31/07/2026";"15:45:52"
"03/08/2026";"16:31:03";2026;2;"Eleição Ordinária";6259;"Eleições Gerais Estaduais 2026";"04/10/2026";"SP";"SP";"SÃO PAULO";250002530237;1;12;"Casa";"CASA";"110851,00";"28/07/2026";"15:57:28"
"03/08/2026";"16:31:03";2026;2;"Eleição Ordinária";6259;"Eleições Gerais Estaduais 2026";"04/10/2026";"SP";"SP";"SÃO PAULO";250002530237;2;11;"Apartamento";"APARTAMENTO";"282000,00";"28/07/2026";"15:57:28"
"03/08/2026";"16:31:03";2026;2;"Eleição Ordinária";6259;"Eleições Gerais Estaduais 2026";"04/10/2026";"SP";"SP";"SÃO PAULO";250002530235;6;19;"Outros bens imóveis";"OUTROS BENS IMÓVEIS ATIVO";"415946,38";"31/07/2026";"15:45:52"
"03/08/2026";"16:31:03";2026;2;"Eleição Ordinária";6259;"Eleições Gerais Estaduais 2026";"04/10/2026";"SP";"SP";"SÃO PAULO";250002530237;4;21;"Veículo automotor terrestre: caminhão, automóvel, moto, etc.";"VEÍCULO AUTOMOTOR TERRESTRE: CAMINHÃO, AUTOMÓVEL, MOTO, ETC.";"117000,00";"28/07/2026";"15:57:28"
"03/08/2026";"16:31:03";2026;2;"Eleição Ordinária";6259;"Eleições Gerais Estaduais 2026";"04/10/2026";"SP";"SP";"SÃO PAULO";250002530237;3;11;"Apartamento";"APARTAMENTO";"66289,00";"28/07/2026";"15:57:28"
"03/08/2026";"16:31:03";2026;2;"Eleição Ordinária";6259;"Eleições Gerais Estaduais 2026";"04/10/2026";"SP";"SP";"SÃO PAULO";250002530237;5;63;"Dinheiro em espécie - moeda nacional";"DINHEIRO EM ESPÉCIE - MOEDA NACIONAL";"150000,00";"28/07/2026";"15:57:28"
"03/08/2026";"16:31:03";2026;2;"Eleição Ordinária";6259;"Eleições Gerais Estaduais 2026";"04/10/2026";"SP";"SP";"SÃO PAULO";250002530238;1;21;"Veículo automotor terrestre: caminhão, automóvel, moto, etc.";"VEÍCULO AUTOMOTOR TERRESTRE: CAMINHÃO, AUTOMÓVEL, MOTO, ETC.";"120000,00";"28/07/2026";"15:57:28"
"03/08/2026";"16:31:03";2026;2;"Eleição Ordinária";6259;"Eleições Gerais Estaduais 2026";"04/10/2026";"SP";"SP";"SÃO PAULO";250002530241;1;12;"Casa";"CASA";"280000,00";"28/07/2026";"15:57:28"
"03/08/2026";"16:31:03";2026;2;"Eleição Ordinária";6259;"Eleições Gerais Estaduais 2026";"04/10/2026";"SP";"SP";"SÃO PAULO";250002530237;6;11;"Apartamento";"APARTAMENTO";"145000,00";"28/07/2026";"15:57:28"
"03/08/2026";"16:31:03";2026;2;"Eleição Ordinária";6259;"Eleições Gerais Estaduais 2026";"04/10/2026";"SP";"SP";"SÃO PAULO";250002530241;2;21;"Veículo automotor terrestre: caminhão, automóvel, moto, etc.";"AUTOMOVEL DE PASSEIO.";"50000,00";"28/07/2026";"15:57:28"
"03/08/2026";"16:31:03";2026;2;"Eleição Ordinária";6259;"Eleições Gerais Estaduais 2026";"04/10/2026";"SP";"SP";"SÃO PAULO";250002530241;3;32;"Quotas ou quinhões de capital";"QUOTAS OU QUINHÕES DE CAPITAL";"5000,00";"28/07/2026";"15:57:28"
"03/08/2026";"16:31:03";2026;2;"Eleição Ordinária";6259;"Eleições Gerais Estaduais 2026";"04/10/2026";"SP";"SP";"SÃO PAULO";250002530242;1;11;"Apartamento";"APARTAMENTO - ALIENADO EM FINANCIAMENTO COM A CAIXA ECONÔMICA FEDERAL.";"240000,00";"28/07/2026";"15:57:28"
"03/08/2026";"16:31:03";2026;2;"Eleição Ordinária";6259;"Eleições Gerais Estaduais 2026";"04/10/2026";"SP";"SP";"SÃO PAULO";250002530242;2;32;"Quotas ou quinhões de capital";"QUOTAS OU QUINHÕES DE CAPITAL - 100% CAPITAL SOCIAL DA FIRMA INDIVIDUAL VALDIVIA DOS SANTOS PASSONI APOIO ADMINISTRATIVO ME";"1000,00";"28/07/2026";"15:57:28"
"03/08/2026";"16:31:03";2026;2;"Eleição Ordinária";6259;"Eleições Gerais Estaduais 2026";"04/10/2026";"SP";"SP";"SÃO PAULO";250002530243;2;11;"Apartamento";"APARTAMENTO";"36022,51";"28/07/2026";"15:57:28"
"03/08/2026";"16:31:03";2026;2;"Eleição Ordinária";6259;"Eleições Gerais Estaduais 2026";"04/10/2026";"SP";"SP";"SÃO PAULO";250002530243;1;13;"Terreno";"TERRENO";"317125,03";"28/07/2026";"15:57:28"
"03/08/2026";"16:31:03";2026;2;"Eleição Ordinária";6259;"Eleições Gerais Estaduais 2026";"04/10/2026";"SP";"SP";"SÃO PAULO";250002530243;3;21;"Veículo automotor terrestre: caminhão, automóvel, moto, etc.";"VEÍCULO AUTOMOTOR TERRESTRE: CAMINHÃO, AUTOMÓVEL, MOTO, ETC.";"90000,00";"28/07/2026";"15:57:28"
"03/08/2026";"16:31:03";2026;2;"Eleição Ordinária";6259;"Eleições Gerais Estaduais 2026";"04/10/2026";"SP";"SP";"SÃO PAULO";250002530243;4;11;"Apartamento";"APARTAMENTO";"196207,12";"28/07/2026";"15:57:28"
"03/08/2026";"16:31:03";2026;2;"Eleição Ordinária";6259;"Eleições Gerais Estaduais 2026";"04/10/2026";"SP";"SP";"SÃO PAULO";250002530243;5;11;"Apartamento";"APARTAMENTO";"77932,21";"28/07/2026";"15:57:28"
"03/08/2026";"16:31:03";2026;2;"Eleição Ordinária";6259;"Eleições Gerais Estaduais 2026";"04/10/2026";"SP";"SP";"SÃO PAULO";250002530243;6;21;"Veículo automotor terrestre: caminhão, automóvel, moto, etc.";"VEÍCULO AUTOMOTOR TERRESTRE: CAMINHÃO, AUTOMÓVEL, MOTO, ETC.";"165000,00";"28/07/2026";"15:57:28"
"03/08/2026";"16:31:03";2026;2;"Eleição Ordinária";6259;"Eleições Gerais Estaduais 2026";"04/10/2026";"SP";"SP";"SÃO PAULO";250002530243;7;61;"Depósito bancário em conta corrente no País";"DEPÓSITO BANCÁRIO EM CONTA CORRENTE NO PAÍS";"354,63";"28/07/2026";"15:57:28"
"03/08/2026";"16:31:03";2026;2;"Eleição Ordinária";6259;"Eleições Gerais Estaduais 2026";"04/10/2026";"SP";"SP";"SÃO PAULO";250002530243;8;95;"Consórcio não contemplado";"CONSÓRCIO NÃO CONTEMPLADO";"2014,44";"28/07/2026";"15:57:28"
"03/08/2026";"16:31:03";2026;2;"Eleição Ordinária";6259;"Eleições Gerais Estaduais 2026";"04/10/2026";"SP";"SP";"SÃO PAULO";250002530243;11;45;"Aplicação de renda fixa (CDB, RDB e outros)";"APLICAÇÃO DE RENDA FIXA (CDB, RDB E OUTROS)";"108000,00";"28/07/2026";"15:57:28"
"03/08/2026";"16:31:03";2026;2;"Eleição Ordinária";6259;"Eleições Gerais Estaduais 2026";"04/10/2026";"SP";"SP";"SÃO PAULO";250002530243;9;95;"Consórcio não contemplado";"CONSÓRCIO NÃO CONTEMPLADO";"8123,32";"28/07/2026";"15:57:28"
"03/08/2026";"16:31:03";2026;2;"Eleição Ordinária";6259;"Eleições Gerais Estaduais 2026";"04/10/2026";"SP";"SP";"SÃO PAULO";250002530243;10;49;"Outras aplicações e Investimentos";"OUTRAS APLICAÇÕES E INVESTIMENTOS";"1962,31";"28/07/2026";"15:57:28"
"03/08/2026";"16:31:03";2026;2;"Eleição Ordinária";6259;"Eleições Gerais Estaduais 2026";"04/10/2026";"SP";"SP";"SÃO PAULO";250002530243;13;31;"Ações (inclusive as provenientes de linha telefônica)";"AÇÕES (INCLUSIVE AS PROVENIENTES DE LINHA TELEFÔNICA)";"99255,48";"28/07/2026";"15:57:28"
"03/08/2026";"16:31:03";2026;2;"Eleição Ordinária";6259;"Eleições Gerais Estaduais 2026";"04/10/2026";"SP";"SP";"SÃO PAULO";250002530243;14;95;"Consórcio não contemplado";"CONSÓRCIO NÃO CONTEMPLADO";"945,84";"28/07/2026";"15:57:28"
"03/08/2026";"16:31:03";2026;2;"Eleição Ordinária";6259;"Eleições Gerais Estaduais 2026";"04/10/2026";"SP";"SP";"SÃO PAULO";250002530243;12;39;"Outras participações societárias";"OUTRAS PARTICIPAÇÕES SOCIETÁRIAS";"10000,00";"28/07/2026";"15:57:28"
"03/08/2026";"16:31:03";2026;2;"Eleição Ordinária";6259;"Eleições Gerais Estaduais 2026";"04/10/2026";"SP";"SP";"SÃO PAULO";250002530243;15;71;"Fundo de Curto Prazo";"FUNDO DE CURTO PRAZO";"54423,45";"28/07/2026";"15:57:28"
"03/08/2026";"16:31:03";2026;2;"Eleição Ordinária";6259;"Eleições Gerais Estaduais 2026";"04/10/2026";"SP";"SP";"SÃO PAULO";250002530243;16;63;"Dinheiro em espécie - moeda nacional";"DINHEIRO EM ESPÉCIE - MOEDA NACIONAL";"4000,00";"28/07/2026";"15:57:28"
"03/08/2026";"16:31:03";2026;2;"Eleição Ordinária";6259;"Eleições Gerais Estaduais 2026";"04/10/2026";"SP";"SP";"SÃO PAULO";250002530244;1;11;"Apartamento";"APARTAMENTO";"430000,00";"28/07/2026";"15:57:28"
"03/08/2026";"16:31:03";2026;2;"Eleição Ordinária";6259;"Eleições Gerais Estaduais 2026";"04/10/2026";"SP";"SP";"SÃO PAULO";250002530244;2;21;"Veículo automotor terrestre: caminhão, automóvel, moto, etc.";"VEÍCULO AUTOMOTOR TERRESTRE: CAMINHÃO, AUTOMÓVEL, MOTO, ETC.";"56000,00";"28/07/2026";"15:57:28"
"03/08/2026";"16:31:03";2026;2;"Eleição Ordinária";6259;"Eleições Gerais Estaduais 2026";"04/10/2026";"SP";"SP";"SÃO PAULO";250002530244;4;21;"Veículo automotor terrestre: caminhão, automóvel, moto, etc.";"VEÍCULO AUTOMOTOR TERRESTRE: CAMINHÃO, AUTOMÓVEL, MOTO, ETC.";"144885,85";"28/07/2026";"15:57:28"
"03/08/2026";"16:31:03";2026;2;"Eleição Ordinária";6259;"Eleições Gerais Estaduais 2026";"04/10/2026";"SP";"SP";"SÃO PAULO";250002530244;3;21;"Veículo automotor terrestre: caminhão, automóvel, moto, etc.";"VEÍCULO AUTOMOTOR TERRESTRE: CAMINHÃO, AUTOMÓVEL, MOTO, ETC.";"115000,00";"28/07/2026";"15:57:28"
"03/08/2026";"16:31:03";2026;2;"Eleição Ordinária";6259;"Eleições Gerais Estaduais 2026";"04/10/2026";"SP";"SP";"SÃO PAULO";250002530246;1;12;"Casa";"CASA";"280000,00";"03/08/2026";"15:37:09"
"03/08/2026";"16:31:03";2026;2;"Eleição Ordinária";6259;"Eleições Gerais Estaduais 2026";"04/10/2026";"SP";"SP";"SÃO PAULO";250002530250;1;12;"Casa";"1/6 DE UMA CASA";"16666,86";"28/07/2026";"15:57:28"
"03/08/2026";"16:31:03";2026;2;"Eleição Ordinária";6259;"Eleições Gerais Estaduais 2026";"04/10/2026";"SP";"SP";"SÃO PAULO";250002530248;1;11;"Apartamento";"APARTAMENTO";"150000,00";"28/07/2026";"15:57:28"
"03/08/2026";"16:31:03";2026;2;"Eleição Ordinária";6259;"Eleições Gerais Estaduais 2026";"04/10/2026";"SP";"SP";"SÃO PAULO";250002530250;2;21;"Veículo automotor terrestre: caminhão, automóvel, moto, etc.";"VEÍCULO AUTOMOTOR TERRESTRE: CAMINHÃO, AUTOMÓVEL, MOTO, ETC.";"43000,00";"28/07/2026";"15:57:28"
"03/08/2026";"16:31:03";2026;2;"Eleição Ordinária";6259;"Eleições Gerais Estaduais 2026";"04/10/2026";"SP";"SP";"SÃO PAULO";250002530250;3;41;"Caderneta de poupança";"CADERNETA DE POUPANÇA";"62,25";"28/07/2026";"15:57:28"
"03/08/2026";"16:31:03";2026;2;"Eleição Ordinária";6259;"Eleições Gerais Estaduais 2026";"04/10/2026";"SP";"SP";"SÃO PAULO";250002530250;4;45;"Aplicação de renda fixa (CDB, RDB e outros)";"APLICAÇÃO DE RENDA FIXA (CDB, RDB E OUTROS)";"81,90";"28/07/2026";"15:57:28"
"03/08/2026";"16:31:03";2026;2;"Eleição Ordinária";6259;"Eleições Gerais Estaduais 2026";"04/10/2026";"SP";"SP";"SÃO PAULO";250002530250;5;61;"Depósito bancário em conta corrente no País";"DEPÓSITO BANCÁRIO EM CONTA CORRENTE NO PAÍS";"1,00";"28/07/2026";"15:57:28"
"03/08/2026";"16:31:03";2026;2;"Eleição Ordinária";6259;"Eleições Gerais Estaduais 2026";"04/10/2026";"SP";"SP";"SÃO PAULO";250002530250;6;63;"Dinheiro em espécie - moeda nacional";"DINHEIRO EM ESPÉCIE - MOEDA NACIONAL";"55000,00";"28/07/2026";"15:57:28"
"03/08/2026";"16:31:03";2026;2;"Eleição Ordinária";6259;"Eleições Gerais Estaduais 2026";"04/10/2026";"SP";"SP";"SÃO PAULO";250002530250;7;51;"Crédito decorrente de empréstimo";"CRÉDITO DECORRENTE DE EMPRÉSTIMO";"11052,80";"28/07/2026";"15:57:28"
"03/08/2026";"16:31:03";2026;2;"Eleição Ordinária";6259;"Eleições Gerais Estaduais 2026";"04/10/2026";"SP";"SP";"SÃO PAULO";250002530251;2;21;"Veículo automotor terrestre: caminhão, automóvel, moto, etc.";"VEÍCULO AUTOMOTOR TERRESTRE: CAMINHÃO, AUTOMÓVEL, MOTO, ETC.-FIT 2015";"62000,00";"28/07/2026";"15:57:28"
"03/08/2026";"16:31:03";2026;2;"Eleição Ordinária";6259;"Eleições Gerais Estaduais 2026";"04/10/2026";"SP";"SP";"SÃO PAULO";250002530251;3;21;"Veículo automotor terrestre: caminhão, automóvel, moto, etc.";"VEÍCULO AUTOMOTOR TERRESTRE: CAMINHÃO, AUTOMÓVEL, MOTO, ETC.-DODGE";"40000,00";"28/07/2026";"15:57:28"
"03/08/2026";"16:31:03";2026;2;"Eleição Ordinária";6259;"Eleições Gerais Estaduais 2026";"04/10/2026";"SP";"SP";"SÃO PAULO";250002530251;1;19;"Outros bens imóveis";"OUTROS BENS IMÓVEIS-CAMPOS SALES 611";"380000,00";"28/07/2026";"15:57:28"
"03/08/2026";"16:31:03";2026;2;"Eleição Ordinária";6259;"Eleições Gerais Estaduais 2026";"04/10/2026";"SP";"SP";"SÃO PAULO";250002530251;6;21;"Veículo automotor terrestre: caminhão, automóvel, moto, etc.";"VEÍCULO AUTOMOTOR TERRESTRE: CAMINHÃO, AUTOMÓVEL, MOTO, ETC.-HRV-2018";"92000,00";"28/07/2026";"15:57:28"
"03/08/2026";"16:31:03";2026;2;"Eleição Ordinária";6259;"Eleições Gerais Estaduais 2026";"04/10/2026";"SP";"SP";"SÃO PAULO";250002530251;4;21;"Veículo automotor terrestre: caminhão, automóvel, moto, etc.";"VEÍCULO AUTOMOTOR TERRESTRE: CAMINHÃO, AUTOMÓVEL, MOTO, ETC.-VESPA";"1000,00";"28/07/2026";"15:57:28"
"03/08/2026";"16:31:03";2026;2;"Eleição Ordinária";6259;"Eleições Gerais Estaduais 2026";"04/10/2026";"SP";"SP";"SÃO PAULO";250002530251;5;11;"Apartamento";"APARTAMENTO-CORREIA DIAS";"650000,00";"28/07/2026";"15:57:28"
"03/08/2026";"16:31:03";2026;2;"Eleição Ordinária";6259;"Eleições Gerais Estaduais 2026";"04/10/2026";"SP";"SP";"SÃO PAULO";250002530252;2;12;"Casa";"UM IMÓVEL SITUADO NO BAIRRO PARQUE SANTO ANTÔNIO - SP";"250000,00";"28/07/2026";"15:57:28"
"03/08/2026";"16:31:03";2026;2;"Eleição Ordinária";6259;"Eleições Gerais Estaduais 2026";"04/10/2026";"SP";"SP";"SÃO PAULO";250002530252;1;45;"Aplicação de renda fixa (CDB, RDB e outros)";"APLICAÇÃO DE RENDA FIXA (CDB, RDB E OUTROS)";"51591,34";"28/07/2026";"15:57:28"
"03/08/2026";"16:31:03";2026;2;"Eleição Ordinária";6259;"Eleições Gerais Estaduais 2026";"04/10/2026";"SP";"SP";"SÃO PAULO";250002530251;7;11;"Apartamento";"APARTAMENTO-CAMPOS SALES 555";"980000,00";"28/07/2026";"15:57:28"
"03/08/2026";"16:31:03";2026;2;"Eleição Ordinária";6259;"Eleições Gerais Estaduais 2026";"04/10/2026";"SP";"SP";"SÃO PAULO";250002530252;4;12;"Casa";"UMA CASA NO JARDIM PANORAMA - SP";"340000,00";"28/07/2026";"15:57:28"
"03/08/2026";"16:31:03";2026;2;"Eleição Ordinária";6259;"Eleições Gerais Estaduais 2026";"04/10/2026";"SP";"SP";"SÃO PAULO";250002530252;3;21;"Veículo automotor terrestre: caminhão, automóvel, moto, etc.";"UM VEÍCULO FIAT SIENA 2002";"13732,00";"28/07/2026";"15:57:28"
"03/08/2026";"16:31:03";2026;2;"Eleição Ordinária";6259;"Eleições Gerais Estaduais 2026";"04/10/2026";"SP";"SP";"SÃO PAULO";250002530255;1;12;"Casa";"CASA";"2000000,00";"28/07/2026";"15:57:28"
"03/08/2026";"16:31:03";2026;2;"Eleição Ordinária";6259;"Eleições Gerais Estaduais 2026";"04/10/2026";"SP";"SP";"SÃO PAULO";250002530257;1;12;"Casa";"CASA";"500000,00";"28/07/2026";"15:57:28"
"03/08/2026";"16:31:03";2026;2;"Eleição Ordinária";6259;"Eleições Gerais Estaduais 2026";"04/10/2026";"SP";"SP";"SÃO PAULO";250002530257;2;21;"Veículo automotor terrestre: caminhão, automóvel, moto, etc.";"VEÍCULO AUTOMOTOR TERRESTRE: CAMINHÃO, AUTOMÓVEL, MOTO, ETC.";"83991,00";"28/07/2026";"15:57:28"
"03/08/2026";"16:31:03";2026;2;"Eleição Ordinária";6259;"Eleições Gerais Estaduais 2026";"04/10/2026";"SP";"SP";"SÃO PAULO";250002530258;1;21;"Veículo automotor terrestre: caminhão, automóvel, moto, etc.";"VEÍCULO AUTOMOTOR JEEP 2020";"77387,60";"28/07/2026";"15:57:28"
"03/08/2026";"16:31:03";2026;2;"Eleição Ordinária";6259;"Eleições Gerais Estaduais 2026";"04/10/2026";"SP";"SP";"SÃO PAULO";250002530258;2;62;"Depósito bancário em conta corrente no exterior";"DEPÓSITO BANCÁRIO EM CONTA CORRENTE NO EXTERIOR";"49000,00";"28/07/2026";"15:57:28"
"03/08/2026";"16:31:03";2026;2;"Eleição Ordinária";6259;"Eleições Gerais Estaduais 2026";"04/10/2026";"SP";"SP";"SÃO PAULO";250002530258;3;71;"Fundo de Curto Prazo";"FUNDO DE CURTO PRAZO";"113000,00";"28/07/2026";"15:57:28"
"03/08/2026";"16:31:03";2026;2;"Eleição Ordinária";6259;"Eleições Gerais Estaduais 2026";"04/10/2026";"SP";"SP";"SÃO PAULO";250002530258;4;25;"Jóia, quadro, objeto de arte, de coleção, antiguidade, etc.";"JÓIA, QUADRO, OBJETO DE ARTE, DE COLEÇÃO, ANTIGUIDADE, ETC.";"5500,00";"28/07/2026";"15:57:28"
"03/08/2026";"16:31:03";2026;2;"Eleição Ordinária";6259;"Eleições Gerais Estaduais 2026";"04/10/2026";"SP";"SP";"SÃO PAULO";250002530258;5;12;"Casa";"CASA EM SÃO PAULO - SP";"644971,72";"28/07/2026";"15:57:28"
"03/08/2026";"16:31:03";2026;2;"Eleição Ordinária";6259;"Eleições Gerais Estaduais 2026";"04/10/2026";"SP";"SP";"SÃO PAULO";250002530258;7;45;"Aplicação de renda fixa (CDB, RDB e outros)";"APLICAÇÃO DE RENDA FIXA (CDB, RDB E OUTROS)";"2571800,00";"28/07/2026";"15:57:28"
"03/08/2026";"16:31:03";2026;2;"Eleição Ordinária";6259;"Eleições Gerais Estaduais 2026";"04/10/2026";"SP";"SP";"SÃO PAULO";250002530258;6;74;"Fundos: Ações, Mútuos de Privatização, Invest. Empresas Emergentes, Invest.Participação e Invest. Índice Mercado";"FUNDOS: AÇÕES, MÚTUOS DE PRIVATIZAÇÃO, INVEST. EMPRESAS EMERGENTES, INVEST.PARTICIPAÇÃO E INVEST. ÍNDICE MERCADO";"2261200,00";"28/07/2026";"15:57:28"
"03/08/2026";"16:31:03";2026;2;"Eleição Ordinária";6259;"Eleições Gerais Estaduais 2026";"04/10/2026";"SP";"SP";"SÃO PAULO";250002530258;9;11;"Apartamento";"APARTAMENTO EM SÃO PAULO - SP";"490320,00";"28/07/2026";"15:57:28"
"03/08/2026";"16:31:03";2026;2;"Eleição Ordinária";6259;"Eleições Gerais Estaduais 2026";"04/10/2026";"SP";"SP";"SÃO PAULO";250002530258;10;11;"Apartamento";"APARTAMENTO EM SÃO PAULO - SP - 55% DA POSSE";"342798,49";"28/07/2026";"15:57:28"
"03/08/2026";"16:31:03";2026;2;"Eleição Ordinária";6259;"Eleições Gerais Estaduais 2026";"04/10/2026";"SP";"SP";"SÃO PAULO";250002530258;8;72;"Fundo de Longo Prazo e Fundo de Investimentos em Direitos Creditórios (FIDC)";"FUNDO DE LONGO PRAZO E FUNDO DE INVESTIMENTOS EM DIREITOS CREDITÓRIOS (FIDC)";"1345800,00";"28/07/2026";"15:57:28"
"03/08/2026";"16:31:03";2026;2;"Eleição Ordinária";6259;"Eleições Gerais Estaduais 2026";"04/10/2026";"SP";"SP";"SÃO PAULO";250002530259;1;21;"Veículo automotor terrestre: caminhão, automóvel, moto, etc.";"VEÍCULO VW/FUSCA 1200";"35000,00";"28/07/2026";"15:57:28"
"03/08/2026";"16:31:03";2026;2;"Eleição Ordinária";6259;"Eleições Gerais Estaduais 2026";"04/10/2026";"SP";"SP";"SÃO PAULO";250002530258;12;31;"Ações (inclusive as provenientes de linha telefônica)";"AÇÕES (INCLUSIVE AS PROVENIENTES DE LINHA TELEFÔNICA)";"16900,00";"28/07/2026";"15:57:28"
"03/08/2026";"16:31:03";2026;2;"Eleição Ordinária";6259;"Eleições Gerais Estaduais 2026";"04/10/2026";"SP";"SP";"SÃO PAULO";250002530258;11;61;"Depósito bancário em conta corrente no País";"DEPÓSITO BANCÁRIO EM CONTA CORRENTE NO PAÍS";"1100,00";"28/07/2026";"15:57:28"
"03/08/2026";"16:31:03";2026;2;"Eleição Ordinária";6259;"Eleições Gerais Estaduais 2026";"04/10/2026";"SP";"SP";"SÃO PAULO";250002530259;3;21;"Veículo automotor terrestre: caminhão, automóvel, moto, etc.";"VEÍCULO JEEP COMMANDER";"129320,96";"28/07/2026";"15:57:28"
"03/08/2026";"16:31:03";2026;2;"Eleição Ordinária";6259;"Eleições Gerais Estaduais 2026";"04/10/2026";"SP";"SP";"SÃO PAULO";250002530259;4;11;"Apartamento";"IMÓVEL RESIDENCIAL - SÃO PAULO - SP.";"170787,74";"28/07/2026";"15:57:28"
"03/08/2026";"16:31:03";2026;2;"Eleição Ordinária";6259;"Eleições Gerais Estaduais 2026";"04/10/2026";"SP";"SP";"SÃO PAULO";250002530259;2;11;"Apartamento";"APARTAMENTO DE VERANEIO - UBATUBA - SP";"85163,18";"28/07/2026";"15:57:28"
"03/08/2026";"16:31:03";2026;2;"Eleição Ordinária";6259;"Eleições Gerais Estaduais 2026";"04/10/2026";"SP";"SP";"SÃO PAULO";250002530260;1;45;"Aplicação de renda fixa (CDB, RDB e outros)";"APLICAÇÃO DE RENDA FIXA (CDB, RDB E OUTROS)";"2889578,97";"28/07/2026";"15:57:28"
"03/08/2026";"16:31:03";2026;2;"Eleição Ordinária";6259;"Eleições Gerais Estaduais 2026";"04/10/2026";"SP";"SP";"SÃO PAULO";250002530260;3;95;"Consórcio não contemplado";"CONSÓRCIO NÃO CONTEMPLADO";"691580,98";"28/07/2026";"15:57:28"
"03/08/2026";"16:31:03";2026;2;"Eleição Ordinária";6259;"Eleições Gerais Estaduais 2026";"04/10/2026";"SP";"SP";"SÃO PAULO";250002530260;2;72;"Fundo de Longo Prazo e Fundo de Investimentos em Direitos Creditórios (FIDC)";"FUNDO DE LONGO PRAZO E FUNDO DE INVESTIMENTOS EM DIREITOS CREDITÓRIOS (FIDC)";"825351,68";"28/07/2026";"15:57:28"
"03/08/2026";"16:31:03";2026;2;"Eleição Ordinária";6259;"Eleições Gerais Estaduais 2026";"04/10/2026";"SP";"SP";"SÃO PAULO";250002530260;6;11;"Apartamento";"DUAS SUITES AUTONOMAS 353 E 354 - CONDOMINIO CEDROS (IBIS)";"400000,00";"28/07/2026";"15:57:28"
"03/08/2026";"16:31:03";2026;2;"Eleição Ordinária";6259;"Eleições Gerais Estaduais 2026";"04/10/2026";"SP";"SP";"SÃO PAULO";250002530260;4;99;"OUTROS BENS E DIREITOS";"OUTROS BENS E DIREITOS - OUROCAP";"18830,08";"28/07/2026";"15:57:28"
"03/08/2026";"16:31:03";2026;2;"Eleição Ordinária";6259;"Eleições Gerais Estaduais 2026";"04/10/2026";"SP";"SP";"SÃO PAULO";250002530260;5;69;"Outros depósitos à vista e numerário";"OUTROS DEPÓSITOS À VISTA E NUMERÁRIO";"1682456,87";"28/07/2026";"15:57:28"
"03/08/2026";"16:31:03";2026;2;"Eleição Ordinária";6259;"Eleições Gerais Estaduais 2026";"04/10/2026";"SP";"SP";"SÃO PAULO";250002530260;8;21;"Veículo automotor terrestre: caminhão, automóvel, moto, etc.";"VEÍCULO PORSHE 911 CARRERA ANO/MOD -2009/2009";"280000,00";"28/07/2026";"15:57:28"
"03/08/2026";"16:31:03";2026;2;"Eleição Ordinária";6259;"Eleições Gerais Estaduais 2026";"04/10/2026";"SP";"SP";"SÃO PAULO";250002530260;9;31;"Ações (inclusive as provenientes de linha telefônica)";"TOTAL EM AÇÕES";"348386,40";"28/07/2026";"15:57:28"
"03/08/2026";"16:31:03";2026;2;"Eleição Ordinária";6259;"Eleições Gerais Estaduais 2026";"04/10/2026";"SP";"SP";"SÃO PAULO";250002530260;7;11;"Apartamento";"50 % APARTAMENTO - EMPREENDIMENTO VISTA VENEZIA";"521904,49";"28/07/2026";"15:57:28"
"03/08/2026";"16:31:03";2026;2;"Eleição Ordinária";6259;"Eleições Gerais Estaduais 2026";"04/10/2026";"SP";"SP";"SÃO PAULO";250002530260;10;32;"Quotas ou quinhões de capital";"QUOTAS OU QUINHÕES DE CAPITAL";"3773157,43";"28/07/2026";"15:57:28"
"03/08/2026";"16:31:03";2026;2;"Eleição Ordinária";6259;"Eleições Gerais Estaduais 2026";"04/10/2026";"SP";"SP";"SÃO PAULO";250002530260;11;41;"Caderneta de poupança";"CADERNETA DE POUPANÇA";"252050,01";"28/07/2026";"15:57:28"
"03/08/2026";"16:31:03";2026;2;"Eleição Ordinária";6259;"Eleições Gerais Estaduais 2026";"04/10/2026";"SP";"SP";"SÃO PAULO";250002530260;12;14;"Terra nua";"TERRA NUA";"48000,00";"28/07/2026";"15:57:28"
"03/08/2026";"16:31:03";2026;2;"Eleição Ordinária";6259;"Eleições Gerais Estaduais 2026";"04/10/2026";"SP";"SP";"SÃO PAULO";250002530260;13;21;"Veículo automotor terrestre: caminhão, automóvel, moto, etc.";"VEÍCULO AUTOMOTOR - MERCEDES BENZ ANO/MOD 1988 PLACA ABH1377";"63900,00";"28/07/2026";"15:57:28"
"03/08/2026";"16:31:03";2026;2;"Eleição Ordinária";6259;"Eleições Gerais Estaduais 2026";"04/10/2026";"SP";"SP";"SÃO PAULO";250002530260;14;21;"Veículo automotor terrestre: caminhão, automóvel, moto, etc.";"VEÍCULO AUTOMOTOR - MOTO SCOOTER YAMAHA XMAX PRETA 250 CC ANO 2021";"27316,00";"28/07/2026";"15:57:28"
"03/08/2026";"16:31:03";2026;2;"Eleição Ordinária";6259;"Eleições Gerais Estaduais 2026";"04/10/2026";"SP";"SP";"SÃO PAULO";250002530261;1;12;"Casa";"CASA";"800,00";"31/07/2026";"19:12:02"
"03/08/2026";"16:31:03";2026;2;"Eleição Ordinária";6259;"Eleições Gerais Estaduais 2026";"04/10/2026";"SP";"SP";"SÃO PAULO";250002530262;2;21;"Veículo automotor terrestre: caminhão, automóvel, moto, etc.";"CHEVROLET ONIX ANO 2022";"81326,00";"28/07/2026";"15:57:28"
"03/08/2026";"16:31:03";2026;2;"Eleição Ordinária";6259;"Eleições Gerais Estaduais 2026";"04/10/2026";"SP";"SP";"SÃO PAULO";250002530262;3;79;"Outros fundos";"FUNDOS DE INVESTIMENTOS ITAU";"127081,81";"28/07/2026";"15:57:28"
"03/08/2026";"16:31:03";2026;2;"Eleição Ordinária";6259;"Eleições Gerais Estaduais 2026";"04/10/2026";"SP";"SP";"SÃO PAULO";250002530262;1;13;"Terreno";"PARTE IDEAL DE TERRENO (50%) SITUADO EM CARAGUATATUBA";"30000,00";"28/07/2026";"15:57:28"
"03/08/2026";"16:31:03";2026;2;"Eleição Ordinária";6259;"Eleições Gerais Estaduais 2026";"04/10/2026";"SP";"SP";"SÃO PAULO";250002530262;5;12;"Casa";"PARTE IDEAL DE CASA (50%) SITUADA EM SÃO MIGUEL PAULISTA";"300000,00";"28/07/2026";"15:57:28"
"03/08/2026";"16:31:03";2026;2;"Eleição Ordinária";6259;"Eleições Gerais Estaduais 2026";"04/10/2026";"SP";"SP";"SÃO PAULO";250002530262;4;11;"Apartamento";"PARTE IDEIA (50%) APARTAMENTO SITUADO NA VILA FORMOSA";"700000,00";"28/07/2026";"15:57:28"
"03/08/2026";"16:31:03";2026;2;"Eleição Ordinária";6259;"Eleições Gerais Estaduais 2026";"04/10/2026";"SP";"SP";"SÃO PAULO";250002530262;6;19;"Outros bens imóveis";"PARTE IDEAL DE UMA UNIDADE DE PERPETUIDADE DE SEPULTURA (50%)";"4537,50";"28/07/2026";"15:57:28"
"03/08/2026";"16:31:03";2026;2;"Eleição Ordinária";6259;"Eleições Gerais Estaduais 2026";"04/10/2026";"SP";"SP";"SÃO PAULO";250002530262;7;21;"Veículo automotor terrestre: caminhão, automóvel, moto, etc.";"MOTO KAWASAKI NINJA ANO 2025";"41500,00";"28/07/2026";"15:57:28"
"03/08/2026";"16:31:03";2026;2;"Eleição Ordinária";6259;"Eleições Gerais Estaduais 2026";"04/10/2026";"SP";"SP";"SÃO PAULO";250002530263;2;21;"Veículo automotor terrestre: caminhão, automóvel, moto, etc.";"VEÍCULO AUTOMOTOR TERRESTRE: CAMINHÃO, AUTOMÓVEL, MOTO, ETC.";"70000,00";"28/07/2026";"15:57:28"
"03/08/2026";"16:31:03";2026;2;"Eleição Ordinária";6259;"Eleições Gerais Estaduais 2026";"04/10/2026";"SP";"SP";"SÃO PAULO";250002530263;1;11;"Apartamento";"APARTAMENTO";"200000,00";"28/07/2026";"15:57:28"
"03/08/2026";"16:31:03";2026;2;"Eleição Ordinária";6259;"Eleições Gerais Estaduais 2026";"04/10/2026";"SP";"SP";"SÃO PAULO";250002530263;4;45;"Aplicação de renda fixa (CDB, RDB e outros)";"APLICAÇÃO DE RENDA FIXA (CDB, RDB E OUTROS)";"284811,07";"28/07/2026";"15:57:28"
"03/08/2026";"16:31:03";2026;2;"Eleição Ordinária";6259;"Eleições Gerais Estaduais 2026";"04/10/2026";"SP";"SP";"SÃO PAULO";250002530263;3;12;"Casa";"CASA";"20000,00";"28/07/2026";"15:57:28"
"03/08/2026";"16:31:03";2026;2;"Eleição Ordinária";6259;"Eleições Gerais Estaduais 2026";"04/10/2026";"SP";"SP";"SÃO PAULO";250002530264;1;21;"Veículo automotor terrestre: caminhão, automóvel, moto, etc.";"VEÍCULO AUTOMOTOR TERRESTRE: CAMINHÃO, AUTOMÓVEL, MOTO, ETC.";"25000,00";"28/07/2026";"15:57:28"
"03/08/2026";"16:31:03";2026;2;"Eleição Ordinária";6259;"Eleições Gerais Estaduais 2026";"04/10/2026";"SP";"SP";"SÃO PAULO";250002530265;1;41;"Caderneta de poupança";"CADERNETA DE POUPANÇA";"15000,00";"28/07/2026";"15:57:28"
"03/08/2026";"16:31:03";2026;2;"Eleição Ordinária";6259;"Eleições Gerais Estaduais 2026";"04/10/2026";"SP";"SP";"SÃO PAULO";250002530265;2;45;"Aplicação de renda fixa (CDB, RDB e outros)";"APLICAÇÃO DE RENDA FIXA (CDB, RDB E OUTROS)";"15000,00";"28/07/2026";"15:57:28"
"03/08/2026";"16:31:03";2026;2;"Eleição Ordinária";6259;"Eleições Gerais Estaduais 2026";"04/10/2026";"SP";"SP";"SÃO PAULO";250002530266;1;12;"Casa";"CASA";"84000,00";"28/07/2026";"15:57:28"
"03/08/2026";"16:31:03";2026;2;"Eleição Ordinária";6259;"Eleições Gerais Estaduais 2026";"04/10/2026";"SP";"SP";"SÃO PAULO";250002530267;1;32;"Quotas ou quinhões de capital";"QUOTAS OU QUINHÕES DE CAPITAL";"2692064,54";"28/07/2026";"15:57:28"
"03/08/2026";"16:31:03";2026;2;"Eleição Ordinária";6259;"Eleições Gerais Estaduais 2026";"04/10/2026";"SP";"SP";"SÃO PAULO";250002530267;2;61;"Depósito bancário em conta corrente no País";"DEPÓSITO BANCÁRIO EM CONTA CORRENTE NO PAÍS";"10000,00";"28/07/2026";"15:57:28"
"03/08/2026";"16:31:03";2026;2;"Eleição Ordinária";6259;"Eleições Gerais Estaduais 2026";"04/10/2026";"SP";"SP";"SÃO PAULO";250002530267;3;11;"Apartamento";"20% DE APARTAMENTO - SÃO PAULO/SP";"179053,70";"28/07/2026";"15:57:28"
"03/08/2026";"16:31:03";2026;2;"Eleição Ordinária";6259;"Eleições Gerais Estaduais 2026";"04/10/2026";"SP";"SP";"SÃO PAULO";250002530268;1;45;"Aplicação de renda fixa (CDB, RDB e outros)";"APLICAÇÃO DE RENDA FIXA (CDB, RDB E OUTROS)";"48061,58";"28/07/2026";"15:57:28"
"03/08/2026";"16:31:03";2026;2;"Eleição Ordinária";6259;"Eleições Gerais Estaduais 2026";"04/10/2026";"SP";"SP";"SÃO PAULO";250002530268;3;11;"Apartamento";"APARTAMENTO EM SÃO PAULO";"341613,29";"28/07/2026";"15:57:28"
"03/08/2026";"16:31:03";2026;2;"Eleição Ordinária";6259;"Eleições Gerais Estaduais 2026";"04/10/2026";"SP";"SP";"SÃO PAULO";250002530268;2;61;"Depósito bancário em conta corrente no País";"DEPÓSITO BANCÁRIO EM CONTA CORRENTE NO PAÍS";"31131,28";"28/07/2026";"15:57:28"
"03/08/2026";"16:31:03";2026;2;"Eleição Ordinária";6259;"Eleições Gerais Estaduais 2026";"04/10/2026";"SP";"SP";"SÃO PAULO";250002530268;6;29;"Outros bens móveis";"OUTROS BENS MÓVEIS - VEÍCULO HONDA HR-V 2025";"163000,00";"28/07/2026";"15:57:28"
"03/08/2026";"16:31:03";2026;2;"Eleição Ordinária";6259;"Eleições Gerais Estaduais 2026";"04/10/2026";"SP";"SP";"SÃO PAULO";250002530268;4;19;"Outros bens imóveis";"OUTROS BENS IMÓVEIS - VAGA DE GARAGEM EM SÃO PAULO";"50000,00";"28/07/2026";"15:57:28"
"03/08/2026";"16:31:03";2026;2;"Eleição Ordinária";6259;"Eleições Gerais Estaduais 2026";"04/10/2026";"SP";"SP";"SÃO PAULO";250002530268;5;19;"Outros bens imóveis";"OUTROS BENS IMÓVEIS - LOTE EM SANTANA DE PARNAÍBA - SP";"227000,00";"28/07/2026";"15:57:28"
"03/08/2026";"16:31:03";2026;2;"Eleição Ordinária";6259;"Eleições Gerais Estaduais 2026";"04/10/2026";"SP";"SP";"SÃO PAULO";250002530269;2;21;"Veículo automotor terrestre: caminhão, automóvel, moto, etc.";"MOTOCICLETA BMW F850 GS";"60000,00";"28/07/2026";"15:57:28"
"03/08/2026";"16:31:03";2026;2;"Eleição Ordinária";6259;"Eleições Gerais Estaduais 2026";"04/10/2026";"SP";"SP";"SÃO PAULO";250002530269;1;21;"Veículo automotor terrestre: caminhão, automóvel, moto, etc.";"MOTOCICLETA MAXYM 400 I";"25000,00";"28/07/2026";"15:57:28"
"03/08/2026";"16:31:03";2026;2;"Eleição Ordinária";6259;"Eleições Gerais Estaduais 2026";"04/10/2026";"SP";"SP";"SÃO PAULO";250002530271;1;13;"Terreno";"TERRENO";"150000,00";"28/07/2026";"15:57:28"
"03/08/2026";"16:31:03";2026;2;"Eleição Ordinária";6259;"Eleições Gerais Estaduais 2026";"04/10/2026";"SP";"SP";"SÃO PAULO";250002530271;2;21;"Veículo automotor terrestre: caminhão, automóvel, moto, etc.";"VEÍCULO AUTOMOTOR TERRESTRE: CAMINHÃO, AUTOMÓVEL, MOTO, ETC.";"30000,00";"28/07/2026";"15:57:28"
"03/08/2026";"16:31:03";2026;2;"Eleição Ordinária";6259;"Eleições Gerais Estaduais 2026";"04/10/2026";"SP";"SP";"SÃO PAULO";250002530273;1;21;"Veículo automotor terrestre: caminhão, automóvel, moto, etc.";"MOTO PCX 2022";"18500,00";"03/08/2026";"15:30:55"
"03/08/2026";"16:31:03";2026;2;"Eleição Ordinária";6259;"Eleições Gerais Estaduais 2026";"04/10/2026";"SP";"SP";"SÃO PAULO";250002530274;1;11;"Apartamento";"APARTAMENTO 81 MANDAQUI";"665000,00";"28/07/2026";"15:57:28"
"03/08/2026";"16:31:03";2026;2;"Eleição Ordinária";6259;"Eleições Gerais Estaduais 2026";"04/10/2026";"SP";"SP";"SÃO PAULO";250002530274;2;11;"Apartamento";"APARTAMENTO EM CONSTRUÇÃO CLINICAS";"54000,00";"28/07/2026";"15:57:28"
"03/08/2026";"16:31:03";2026;2;"Eleição Ordinária";6259;"Eleições Gerais Estaduais 2026";"04/10/2026";"SP";"SP";"SÃO PAULO";250002530274;3;11;"Apartamento";"APARTAMENTO 262 EM CONSTRUÇÃO";"675000,00";"28/07/2026";"15:57:28"
"03/08/2026";"16:31:03";2026;2;"Eleição Ordinária";6259;"Eleições Gerais Estaduais 2026";"04/10/2026";"SP";"SP";"SÃO PAULO";250002530274;4;11;"Apartamento";"APARTAMENTO VL PRUDENTE";"290000,00";"28/07/2026";"15:57:28"
"03/08/2026";"16:31:03";2026;2;"Eleição Ordinária";6259;"Eleições Gerais Estaduais 2026";"04/10/2026";"SP";"SP";"SÃO PAULO";250002530274;6;11;"Apartamento";"APARTAMENTO 54";"4086000,00";"28/07/2026";"15:57:28"
"03/08/2026";"16:31:03";2026;2;"Eleição Ordinária";6259;"Eleições Gerais Estaduais 2026";"04/10/2026";"SP";"SP";"SÃO PAULO";250002530274;7;11;"Apartamento";"APARTAMENTO ITU";"79000,00";"28/07/2026";"15:57:28"
"03/08/2026";"16:31:03";2026;2;"Eleição Ordinária";6259;"Eleições Gerais Estaduais 2026";"04/10/2026";"SP";"SP";"SÃO PAULO";250002530274;5;11;"Apartamento";"GARAGEM APTO EVEN";"13000,00";"28/07/2026";"15:57:28"
"03/08/2026";"16:31:03";2026;2;"Eleição Ordinária";6259;"Eleições Gerais Estaduais 2026";"04/10/2026";"SP";"SP";"SÃO PAULO";250002530274;8;12;"Casa";"1/3 DE CASA";"800000,00";"28/07/2026";"15:57:28"
"03/08/2026";"16:31:03";2026;2;"Eleição Ordinária";6259;"Eleições Gerais Estaduais 2026";"04/10/2026";"SP";"SP";"SÃO PAULO";250002532322;1;32;"Quotas ou quinhões de capital";"CAPITAL SOCIAL EMPRESA POSSO FALAR";"20000,00";"28/07/2026";"15:57:28"
"03/08/2026";"16:31:03";2026;2;"Eleição Ordinária";6259;"Eleições Gerais Estaduais 2026";"04/10/2026";"SP";"SP";"SÃO PAULO";250002530274;9;11;"Apartamento";"APARTAMENTO FLAT";"310000,00";"28/07/2026";"15:57:28"
"03/08/2026";"16:31:03";2026;2;"Eleição Ordinária";6259;"Eleições Gerais Estaduais 2026";"04/10/2026";"SP";"SP";"SÃO PAULO";250002532322;4;45;"Aplicação de renda fixa (CDB, RDB e outros)";"SICRED";"626900,49";"28/07/2026";"15:57:28"
"03/08/2026";"16:31:03";2026;2;"Eleição Ordinária";6259;"Eleições Gerais Estaduais 2026";"04/10/2026";"SP";"SP";"SÃO PAULO";250002532322;3;95;"Consórcio não contemplado";"CONSÓRCIO ADEMICON";"42445,73";"28/07/2026";"15:57:28"
"03/08/2026";"16:31:03";2026;2;"Eleição Ordinária";6259;"Eleições Gerais Estaduais 2026";"04/10/2026";"SP";"SP";"SÃO PAULO";250002532322;2;61;"Depósito bancário em conta corrente no País";"SALDO EM CONTA CORRENTE - BANCO ITAU";"5168,56";"28/07/2026";"15:57:28"
"03/08/2026";"16:31:03";2026;2;"Eleição Ordinária";6259;"Eleições Gerais Estaduais 2026";"04/10/2026";"SP";"SP";"SÃO PAULO";250002532322;7;95;"Consórcio não contemplado";"CONSÓRCIO MAGGI";"63963,92";"28/07/2026";"15:57:28"
"03/08/2026";"16:31:03";2026;2;"Eleição Ordinária";6259;"Eleições Gerais Estaduais 2026";"04/10/2026";"SP";"SP";"SÃO PAULO";250002532322;5;61;"Depósito bancário em conta corrente no País";"SALDO EM CONTA CORRENTE - BANCO SICRED";"7099,88";"28/07/2026";"15:57:28"
"03/08/2026";"16:31:03";2026;2;"Eleição Ordinária";6259;"Eleições Gerais Estaduais 2026";"04/10/2026";"SP";"SP";"SÃO PAULO";250002532322;6;61;"Depósito bancário em conta corrente no País";"SALDO EM CONTA CORRENTE - BANCO SANTANDER";"138,43";"28/07/2026";"15:57:28"
"03/08/2026";"16:31:03";2026;2;"Eleição Ordinária";6259;"Eleições Gerais Estaduais 2026";"04/10/2026";"SP";"SP";"SÃO PAULO";250002532322;8;32;"Quotas ou quinhões de capital";"CAPITAL SOCIAL EMPRESA MULTIMIDIA";"5000,00";"28/07/2026";"15:57:28"
"03/08/2026";"16:31:03";2026;2;"Eleição Ordinária";6259;"Eleições Gerais Estaduais 2026";"04/10/2026";"SP";"SP";"SÃO PAULO";250002532323;1;21;"Veículo automotor terrestre: caminhão, automóvel, moto, etc.";"TOYOTA SW4 / DIESEL";"280000,00";"28/07/2026";"15:57:28"
"03/08/2026";"16:31:03";2026;2;"Eleição Ordinária";6259;"Eleições Gerais Estaduais 2026";"04/10/2026";"SP";"SP";"SÃO PAULO";250002532323;2;63;"Dinheiro em espécie - moeda nacional";"DISPONIBILIDADE EM ESPÉCIE";"30000,00";"28/07/2026";"15:57:28"
"03/08/2026";"16:31:03";2026;2;"Eleição Ordinária";6259;"Eleições Gerais Estaduais 2026";"04/10/2026";"SP";"SP";"SÃO PAULO";250002532323;5;12;"Casa";"IMÓVEL LOCALIZADO EM JUNDIAÍ/SP";"702000,00";"28/07/2026";"15:57:28"
"03/08/2026";"16:31:03";2026;2;"Eleição Ordinária";6259;"Eleições Gerais Estaduais 2026";"04/10/2026";"SP";"SP";"SÃO PAULO";250002532323;4;41;"Caderneta de poupança";"SALDO EM POUPANÇA INVESTIMENTO";"1801,96";"28/07/2026";"15:57:28"
"03/08/2026";"16:31:03";2026;2;"Eleição Ordinária";6259;"Eleições Gerais Estaduais 2026";"04/10/2026";"SP";"SP";"SÃO PAULO";250002532323;3;61;"Depósito bancário em conta corrente no País";"SALDO EM CONTA CORRENTE NUBANK";"6662,83";"28/07/2026";"15:57:28"
"03/08/2026";"16:31:03";2026;2;"Eleição Ordinária";6259;"Eleições Gerais Estaduais 2026";"04/10/2026";"SP";"SP";"SÃO PAULO";250002532323;6;21;"Veículo automotor terrestre: caminhão, automóvel, moto, etc.";"FORD F1000 / DIESEL";"50000,00";"28/07/2026";"15:57:28"
"03/08/2026";"16:31:03";2026;2;"Eleição Ordinária";6259;"Eleições Gerais Estaduais 2026";"04/10/2026";"SP";"SP";"SÃO PAULO";250002532324;2;45;"Aplicação de renda fixa (CDB, RDB e outros)";"INVESTIMENTO SANTANDER";"55000,00";"28/07/2026";"15:57:28"
"03/08/2026";"16:31:03";2026;2;"Eleição Ordinária";6259;"Eleições Gerais Estaduais 2026";"04/10/2026";"SP";"SP";"SÃO PAULO";250002532324;1;39;"Outras participações societárias";"UNIMED";"69943,49";"28/07/2026";"15:57:28"
"03/08/2026";"16:31:03";2026;2;"Eleição Ordinária";6259;"Eleições Gerais Estaduais 2026";"04/10/2026";"SP";"SP";"SÃO PAULO";250002532324;5;12;"Casa";"RESIDENCIA";"2000000,00";"28/07/2026";"15:57:28"
"03/08/2026";"16:31:03";2026;2;"Eleição Ordinária";6259;"Eleições Gerais Estaduais 2026";"04/10/2026";"SP";"SP";"SÃO PAULO";250002532324;3;21;"Veículo automotor terrestre: caminhão, automóvel, moto, etc.";"GWM HAVAL H9 25/26";"300000,00";"28/07/2026";"15:57:28"
"03/08/2026";"16:31:03";2026;2;"Eleição Ordinária";6259;"Eleições Gerais Estaduais 2026";"04/10/2026";"SP";"SP";"SÃO PAULO";250002532324;4;39;"Outras participações societárias";"QUOTA CAPITAL SOCIAL EMPRESA PIRACICABA";"100000,00";"28/07/2026";"15:57:28"
"03/08/2026";"16:31:03";2026;2;"Eleição Ordinária";6259;"Eleições Gerais Estaduais 2026";"04/10/2026";"SP";"SP";"SÃO PAULO";250002532324;8;45;"Aplicação de renda fixa (CDB, RDB e outros)";"PORTO SEGURO";"80000,00";"28/07/2026";"15:57:28"
"03/08/2026";"16:31:03";2026;2;"Eleição Ordinária";6259;"Eleições Gerais Estaduais 2026";"04/10/2026";"SP";"SP";"SÃO PAULO";250002532324;7;21;"Veículo automotor terrestre: caminhão, automóvel, moto, etc.";"CAOACHERY TIGGO8 23/24";"200000,00";"28/07/2026";"15:57:28"
"03/08/2026";"16:31:03";2026;2;"Eleição Ordinária";6259;"Eleições Gerais Estaduais 2026";"04/10/2026";"SP";"SP";"SÃO PAULO";250002532324;6;61;"Depósito bancário em conta corrente no País";"SALDO EM CONTA CORRENTE - BANCO ITAU";"50000,00";"28/07/2026";"15:57:28"
"03/08/2026";"16:31:03";2026;2;"Eleição Ordinária";6259;"Eleições Gerais Estaduais 2026";"04/10/2026";"SP";"SP";"SÃO PAULO";250002532325;1;12;"Casa";"50% IMOVEL RESIDENCIAL NO BAIRRO DO MORUMBI,SP";"3500000,00";"03/08/2026";"15:39:51"
"03/08/2026";"16:31:03";2026;2;"Eleição Ordinária";6259;"Eleições Gerais Estaduais 2026";"04/10/2026";"SP";"SP";"SÃO PAULO";250002532325;2;21;"Veículo automotor terrestre: caminhão, automóvel, moto, etc.";"VEICULO VOLKSWAGEN JETTA 2.5, AUTOMATICO, ANO 2007";"36176,00";"03/08/2026";"15:39:51"
"03/08/2026";"16:31:03";2026;2;"Eleição Ordinária";6259;"Eleições Gerais Estaduais 2026";"04/10/2026";"SP";"SP";"SÃO PAULO";250002532325;3;63;"Dinheiro em espécie - moeda nacional";"REAIS EM ESPÉCIE";"10000,00";"03/08/2026";"15:39:51"
"03/08/2026";"16:31:03";2026;2;"Eleição Ordinária";6259;"Eleições Gerais Estaduais 2026";"04/10/2026";"SP";"SP";"SÃO PAULO";250002532325;5;61;"Depósito bancário em conta corrente no País";"BANCO DO BRASIL";"10156,61";"03/08/2026";"15:39:51"
"03/08/2026";"16:31:03";2026;2;"Eleição Ordinária";6259;"Eleições Gerais Estaduais 2026";"04/10/2026";"SP";"SP";"SÃO PAULO";250002532325;4;25;"Jóia, quadro, objeto de arte, de coleção, antiguidade, etc.";"ITENS DE ANTIQUARIO";"10000,00";"03/08/2026";"15:39:51"
"03/08/2026";"16:31:03";2026;2;"Eleição Ordinária";6259;"Eleições Gerais Estaduais 2026";"04/10/2026";"SP";"SP";"SÃO PAULO";250002532326;1;19;"Outros bens imóveis";"IMÓVEL RESIDENCIAL FINANCIADO PORTO SEGURO";"1824473,53";"28/07/2026";"15:57:28"
"03/08/2026";"16:31:03";2026;2;"Eleição Ordinária";6259;"Eleições Gerais Estaduais 2026";"04/10/2026";"SP";"SP";"SÃO PAULO";250002532326;3;32;"Quotas ou quinhões de capital";"COTAS DE CAPITAL EMPRESA CLIN-MED";"300,00";"28/07/2026";"15:57:28"
"03/08/2026";"16:31:03";2026;2;"Eleição Ordinária";6259;"Eleições Gerais Estaduais 2026";"04/10/2026";"SP";"SP";"SÃO PAULO";250002532326;2;45;"Aplicação de renda fixa (CDB, RDB e outros)";"APLICAÇÃO RENDA FIXA CDB";"21972,78";"28/07/2026";"15:57:28"
"03/08/2026";"16:31:03";2026;2;"Eleição Ordinária";6259;"Eleições Gerais Estaduais 2026";"04/10/2026";"SP";"SP";"SÃO PAULO";250002532326;4;61;"Depósito bancário em conta corrente no País";"SALDO EM CONTA CORRENTE";"33653,79";"28/07/2026";"15:57:28"
"03/08/2026";"16:31:03";2026;2;"Eleição Ordinária";6259;"Eleições Gerais Estaduais 2026";"04/10/2026";"SP";"SP";"SÃO PAULO";250002532326;7;21;"Veículo automotor terrestre: caminhão, automóvel, moto, etc.";"AUTOMÓVEL";"148000,00";"28/07/2026";"15:57:28"
"03/08/2026";"16:31:03";2026;2;"Eleição Ordinária";6259;"Eleições Gerais Estaduais 2026";"04/10/2026";"SP";"SP";"SÃO PAULO";250002532326;5;63;"Dinheiro em espécie - moeda nacional";"VALOR EM ESPÉCIE";"40000,00";"28/07/2026";"15:57:28"
"03/08/2026";"16:31:03";2026;2;"Eleição Ordinária";6259;"Eleições Gerais Estaduais 2026";"04/10/2026";"SP";"SP";"SÃO PAULO";250002532326;6;13;"Terreno";"LOTE ADQUIRIDO ATRAVÉS DE FINANCIAMENTO";"1503261,21";"28/07/2026";"15:57:28"
"03/08/2026";"16:31:03";2026;2;"Eleição Ordinária";6259;"Eleições Gerais Estaduais 2026";"04/10/2026";"SP";"SP";"SÃO PAULO";250002532327;2;21;"Veículo automotor terrestre: caminhão, automóvel, moto, etc.";"CHEVROLET TRACKER 2023/2024";"117273,00";"28/07/2026";"15:57:28"
"03/08/2026";"16:31:03";2026;2;"Eleição Ordinária";6259;"Eleições Gerais Estaduais 2026";"04/10/2026";"SP";"SP";"SÃO PAULO";250002532327;1;61;"Depósito bancário em conta corrente no País";"SALDO EM CONTA CORRENTE -  BANCO ITAU";"2664,30";"28/07/2026";"15:57:28"
"03/08/2026";"16:31:03";2026;2;"Eleição Ordinária";6259;"Eleições Gerais Estaduais 2026";"04/10/2026";"SP";"SP";"SÃO PAULO";250002532328;1;61;"Depósito bancário em conta corrente no País";"BANCO NU BANK S.A (PESSOA JURIDICA)";"89935,48";"28/07/2026";"15:57:28"
"03/08/2026";"16:31:03";2026;2;"Eleição Ordinária";6259;"Eleições Gerais Estaduais 2026";"04/10/2026";"SP";"SP";"SÃO PAULO";250002532328;2;61;"Depósito bancário em conta corrente no País";"BANCO NU BANK S.A (PESSOA FÍSICA)";"28236,06";"28/07/2026";"15:57:28"
"03/08/2026";"16:31:03";2026;2;"Eleição Ordinária";6259;"Eleições Gerais Estaduais 2026";"04/10/2026";"SP";"SP";"SÃO PAULO";250002532328;3;61;"Depósito bancário em conta corrente no País";"BANCO SANTANDER (PESSOA FÍSICA)";"126719,35";"28/07/2026";"15:57:28"
"03/08/2026";"16:31:03";2026;2;"Eleição Ordinária";6259;"Eleições Gerais Estaduais 2026";"04/10/2026";"SP";"SP";"SÃO PAULO";250002532328;4;61;"Depósito bancário em conta corrente no País";"BANCO SANTANDER (PESSOA JURÍDICA)";"7400,10";"28/07/2026";"15:57:28"
"03/08/2026";"16:31:03";2026;2;"Eleição Ordinária";6259;"Eleições Gerais Estaduais 2026";"04/10/2026";"SP";"SP";"SÃO PAULO";250002532329;2;41;"Caderneta de poupança";"´BANCO ITAU";"4,51";"28/07/2026";"15:57:28"
"03/08/2026";"16:31:03";2026;2;"Eleição Ordinária";6259;"Eleições Gerais Estaduais 2026";"04/10/2026";"SP";"SP";"SÃO PAULO";250002532329;3;11;"Apartamento";"APARTAMENTO DE 80M2 (QUITADO)";"210000,00";"28/07/2026";"15:57:28"
"03/08/2026";"16:31:03";2026;2;"Eleição Ordinária";6259;"Eleições Gerais Estaduais 2026";"04/10/2026";"SP";"SP";"SÃO PAULO";250002532329;1;61;"Depósito bancário em conta corrente no País";"BANCO SANTANDER";"535,24";"28/07/2026";"15:57:28"
"03/08/2026";"16:31:03";2026;2;"Eleição Ordinária";6259;"Eleições Gerais Estaduais 2026";"04/10/2026";"SP";"SP";"SÃO PAULO";250002532329;6;21;"Veículo automotor terrestre: caminhão, automóvel, moto, etc.";"JEEP COMPASS ANO DE FABRICAÇÃO 2018 MODELO 2019 (QUITADO)";"117000,00";"28/07/2026";"15:57:28"
"03/08/2026";"16:31:03";2026;2;"Eleição Ordinária";6259;"Eleições Gerais Estaduais 2026";"04/10/2026";"SP";"SP";"SÃO PAULO";250002532329;5;61;"Depósito bancário em conta corrente no País";"BANCO ITAU";"0,00";"28/07/2026";"15:57:28"
"03/08/2026";"16:31:03";2026;2;"Eleição Ordinária";6259;"Eleições Gerais Estaduais 2026";"04/10/2026";"SP";"SP";"SÃO PAULO";250002532329;4;11;"Apartamento";"APARTAMENTO DE 168,2 (QUITADO)";"750000,00";"28/07/2026";"15:57:28"
"03/08/2026";"16:31:03";2026;2;"Eleição Ordinária";6259;"Eleições Gerais Estaduais 2026";"04/10/2026";"SP";"SP";"SÃO PAULO";250002532330;3;1;"Prédio residencial";"IMÓVEL JAPUI - SÃO VICENTE";"23000,00";"28/07/2026";"15:57:28"
"03/08/2026";"16:31:03";2026;2;"Eleição Ordinária";6259;"Eleições Gerais Estaduais 2026";"04/10/2026";"SP";"SP";"SÃO PAULO";250002532330;1;45;"Aplicação de renda fixa (CDB, RDB e outros)";"CDB BANCO DO BRASIL";"13,91";"28/07/2026";"15:57:28"
"03/08/2026";"16:31:03";2026;2;"Eleição Ordinária";6259;"Eleições Gerais Estaduais 2026";"04/10/2026";"SP";"SP";"SÃO PAULO";250002532330;2;2;"Prédio comercial";"50% DE UM GALPÃO  - JAPUI - SV";"97857,71";"28/07/2026";"15:57:28"
"03/08/2026";"16:31:03";2026;2;"Eleição Ordinária";6259;"Eleições Gerais Estaduais 2026";"04/10/2026";"SP";"SP";"SÃO PAULO";250002532330;4;1;"Prédio residencial";"IMÓVEL - PAQRUE DAS BANDEIRAS - SÃO VICENTE";"337100,00";"28/07/2026";"15:57:28"
"03/08/2026";"16:31:03";2026;2;"Eleição Ordinária";6259;"Eleições Gerais Estaduais 2026";"04/10/2026";"SP";"SP";"SÃO PAULO";250002532330;5;45;"Aplicação de renda fixa (CDB, RDB e outros)";"RENDA FIXA BANCO DO BRASIL";"4575,17";"28/07/2026";"15:57:28"
"03/08/2026";"16:31:03";2026;2;"Eleição Ordinária";6259;"Eleições Gerais Estaduais 2026";"04/10/2026";"SP";"SP";"SÃO PAULO";250002532331;1;1;"Prédio residencial";"CASA DE ALVENARIA";"90000,00";"28/07/2026";"15:57:28"
"03/08/2026";"16:31:03";2026;2;"Eleição Ordinária";6259;"Eleições Gerais Estaduais 2026";"04/10/2026";"SP";"SP";"SÃO PAULO";250002532332;3;2;"Prédio comercial";"SALA COMERCIAL - GUARULHOS/SP";"354350,21";"03/08/2026";"15:06:33"
"03/08/2026";"16:31:03";2026;2;"Eleição Ordinária";6259;"Eleições Gerais Estaduais 2026";"04/10/2026";"SP";"SP";"SÃO PAULO";250002532332;2;39;"Outras participações societárias";"QUOTAS DE CAPITAL - SICOOB UNIÃO METROPOLITANA";"2496,57";"03/08/2026";"15:06:33"
"03/08/2026";"16:31:03";2026;2;"Eleição Ordinária";6259;"Eleições Gerais Estaduais 2026";"04/10/2026";"SP";"SP";"SÃO PAULO";250002532332;1;49;"Outras aplicações e Investimentos";"APLICAÇÕES, FUNDOS DE INVESTIMENTO E SALDO EM CONTAS CORRENTES";"340452,35";"03/08/2026";"15:06:33"
"03/08/2026";"16:31:03";2026;2;"Eleição Ordinária";6259;"Eleições Gerais Estaduais 2026";"04/10/2026";"SP";"SP";"SÃO PAULO";250002532332;5;21;"Veículo automotor terrestre: caminhão, automóvel, moto, etc.";"CAMINHÃO MERCEDES-BENZ";"22215,40";"03/08/2026";"15:06:33"
"03/08/2026";"16:31:03";2026;2;"Eleição Ordinária";6259;"Eleições Gerais Estaduais 2026";"04/10/2026";"SP";"SP";"SÃO PAULO";250002532332;6;11;"Apartamento";"APARTAMENTO - SÃO PAULO/SP";"125000,00";"03/08/2026";"15:06:33"
"03/08/2026";"16:31:03";2026;2;"Eleição Ordinária";6259;"Eleições Gerais Estaduais 2026";"04/10/2026";"SP";"SP";"SÃO PAULO";250002532332;4;2;"Prédio comercial";"SALA COMERCIAL - GUARULHOS/SP";"354355,37";"03/08/2026";"15:06:33"
"03/08/2026";"16:31:03";2026;2;"Eleição Ordinária";6259;"Eleições Gerais Estaduais 2026";"04/10/2026";"SP";"SP";"SÃO PAULO";250002532332;8;21;"Veículo automotor terrestre: caminhão, automóvel, moto, etc.";"TOYOTA COROLLA CROSS";"280080,00";"03/08/2026";"15:06:33"
"03/08/2026";"16:31:03";2026;2;"Eleição Ordinária";6259;"Eleições Gerais Estaduais 2026";"04/10/2026";"SP";"SP";"SÃO PAULO";250002532332;9;2;"Prédio comercial";"UNIDADES COMERCIAIS";"195724,75";"03/08/2026";"15:06:33"
"03/08/2026";"16:31:03";2026;2;"Eleição Ordinária";6259;"Eleições Gerais Estaduais 2026";"04/10/2026";"SP";"SP";"SÃO PAULO";250002532332;7;2;"Prédio comercial";"SALAS COMERCIAIS";"832836,29";"03/08/2026";"15:06:33"
"03/08/2026";"16:31:03";2026;2;"Eleição Ordinária";6259;"Eleições Gerais Estaduais 2026";"04/10/2026";"SP";"SP";"SÃO PAULO";250002532333;1;21;"Veículo automotor terrestre: caminhão, automóvel, moto, etc.";"AUTOMOVEL FIAT MOBI2023";"58000,00";"28/07/2026";"15:57:28"
"03/08/2026";"16:31:03";2026;2;"Eleição Ordinária";6259;"Eleições Gerais Estaduais 2026";"04/10/2026";"SP";"SP";"SÃO PAULO";250002532332;10;11;"Apartamento";"APARTAMENTO - SALVADOR/BA";"226854,63";"03/08/2026";"15:06:33"
"03/08/2026";"16:31:03";2026;2;"Eleição Ordinária";6259;"Eleições Gerais Estaduais 2026";"04/10/2026";"SP";"SP";"SÃO PAULO";250002532332;11;95;"Consórcio não contemplado";"COTAS DE CONSÓRCIOS";"56975,49";"03/08/2026";"15:06:33"
"03/08/2026";"16:31:03";2026;2;"Eleição Ordinária";6259;"Eleições Gerais Estaduais 2026";"04/10/2026";"SP";"SP";"SÃO PAULO";250002532333;2;12;"Casa";"CASA EM VALINHOS/SP FINANCIADA BANCO ITAU";"2000000,00";"28/07/2026";"15:57:28"
"03/08/2026";"16:31:03";2026;2;"Eleição Ordinária";6259;"Eleições Gerais Estaduais 2026";"04/10/2026";"SP";"SP";"SÃO PAULO";250002532333;3;61;"Depósito bancário em conta corrente no País";"SALDO EM CONTA CORRENTE BANCO ITAU";"7551,56";"28/07/2026";"15:57:28"
"03/08/2026";"16:31:03";2026;2;"Eleição Ordinária";6259;"Eleições Gerais Estaduais 2026";"04/10/2026";"SP";"SP";"SÃO PAULO";250002532333;4;74;"Fundos: Ações, Mútuos de Privatização, Invest. Empresas Emergentes, Invest.Participação e Invest. Índice Mercado";"FUNDO DE INVESTIMENTO BANCO ITAU";"54162,00";"28/07/2026";"15:57:28"
"03/08/2026";"16:31:03";2026;2;"Eleição Ordinária";6259;"Eleições Gerais Estaduais 2026";"04/10/2026";"SP";"SP";"SÃO PAULO";250002532333;5;21;"Veículo automotor terrestre: caminhão, automóvel, moto, etc.";"AUTOMOVEL HB20 2024";"96000,00";"28/07/2026";"15:57:28"
"03/08/2026";"16:31:03";2026;2;"Eleição Ordinária";6259;"Eleições Gerais Estaduais 2026";"04/10/2026";"SP";"SP";"SÃO PAULO";250002532333;6;32;"Quotas ou quinhões de capital";"SILVIO NAVARRO PEREJON JUNIOR EPP";"1000,00";"28/07/2026";"15:57:28"
"03/08/2026";"16:31:03";2026;2;"Eleição Ordinária";6259;"Eleições Gerais Estaduais 2026";"04/10/2026";"SP";"SP";"SÃO PAULO";250002532334;1;11;"Apartamento";"APARTAMENTO EM BARUERI (FINANCIADO)";"600000,00";"28/07/2026";"15:57:28"
"03/08/2026";"16:31:03";2026;2;"Eleição Ordinária";6259;"Eleições Gerais Estaduais 2026";"04/10/2026";"SP";"SP";"SÃO PAULO";250002532334;3;21;"Veículo automotor terrestre: caminhão, automóvel, moto, etc.";"I/VOLVO EX30 E 60 2024 (FINANCIADO)";"209000,00";"28/07/2026";"15:57:28"
"03/08/2026";"16:31:03";2026;2;"Eleição Ordinária";6259;"Eleições Gerais Estaduais 2026";"04/10/2026";"SP";"SP";"SÃO PAULO";250002532334;4;61;"Depósito bancário em conta corrente no País";"CONTA CORRENTE SANTANDER";"5966,53";"28/07/2026";"15:57:28"
"03/08/2026";"16:31:03";2026;2;"Eleição Ordinária";6259;"Eleições Gerais Estaduais 2026";"04/10/2026";"SP";"SP";"SÃO PAULO";250002532334;2;49;"Outras aplicações e Investimentos";"CDI DI SANTANDER";"2006,31";"28/07/2026";"15:57:28"
"03/08/2026";"16:31:03";2026;2;"Eleição Ordinária";6259;"Eleições Gerais Estaduais 2026";"04/10/2026";"SP";"SP";"SÃO PAULO";250002532334;5;41;"Caderneta de poupança";"CONTA POUPANÇA SANTANDER";"532,58";"28/07/2026";"15:57:28"
"03/08/2026";"16:31:03";2026;2;"Eleição Ordinária";6259;"Eleições Gerais Estaduais 2026";"04/10/2026";"SP";"SP";"SÃO PAULO";250002532335;1;21;"Veículo automotor terrestre: caminhão, automóvel, moto, etc.";"MITSUBISHI LANCER GT 2014";"61992,00";"28/07/2026";"18:01:43"
"03/08/2026";"16:31:03";2026;2;"Eleição Ordinária";6259;"Eleições Gerais Estaduais 2026";"04/10/2026";"SP";"SP";"SÃO PAULO";250002532336;1;12;"Casa";"33,33% - CASA - CANANEIA/SP";"66666,66";"28/07/2026";"15:57:28"
"03/08/2026";"16:31:03";2026;2;"Eleição Ordinária";6259;"Eleições Gerais Estaduais 2026";"04/10/2026";"SP";"SP";"SÃO PAULO";250002532336;4;12;"Casa";"CASA - SÃO PAULO/SP";"220000,00";"28/07/2026";"15:57:28"
"03/08/2026";"16:31:03";2026;2;"Eleição Ordinária";6259;"Eleições Gerais Estaduais 2026";"04/10/2026";"SP";"SP";"SÃO PAULO";250002532336;2;21;"Veículo automotor terrestre: caminhão, automóvel, moto, etc.";"CARRO VIRTUS VW GTS";"115000,00";"28/07/2026";"15:57:28"
"03/08/2026";"16:31:03";2026;2;"Eleição Ordinária";6259;"Eleições Gerais Estaduais 2026";"04/10/2026";"SP";"SP";"SÃO PAULO";250002532336;3;11;"Apartamento";"25% - APARTAMENTO - SÃO PAULO/SP";"57600,00";"28/07/2026";"15:57:28"
"03/08/2026";"16:31:03";2026;2;"Eleição Ordinária";6259;"Eleições Gerais Estaduais 2026";"04/10/2026";"SP";"SP";"SÃO PAULO";250002532336;5;11;"Apartamento";"16,66% - APARTAMENTO - SÃO PAULO/SP";"33320,00";"28/07/2026";"15:57:28"
"03/08/2026";"16:31:03";2026;2;"Eleição Ordinária";6259;"Eleições Gerais Estaduais 2026";"04/10/2026";"SP";"SP";"SÃO PAULO";250002532336;7;61;"Depósito bancário em conta corrente no País";"BANCO BRADESCO";"506,83";"28/07/2026";"15:57:28"
"03/08/2026";"16:31:03";2026;2;"Eleição Ordinária";6259;"Eleições Gerais Estaduais 2026";"04/10/2026";"SP";"SP";"SÃO PAULO";250002532336;6;61;"Depósito bancário em conta corrente no País";"BANCO INTER";"1,73";"28/07/2026";"15:57:28"
"03/08/2026";"16:31:03";2026;2;"Eleição Ordinária";6259;"Eleições Gerais Estaduais 2026";"04/10/2026";"SP";"SP";"SÃO PAULO";250002532337;1;21;"Veículo automotor terrestre: caminhão, automóvel, moto, etc.";"FORD RANGER";"17000,00";"28/07/2026";"17:53:40"
"03/08/2026";"16:31:03";2026;2;"Eleição Ordinária";6259;"Eleições Gerais Estaduais 2026";"04/10/2026";"SP";"SP";"SÃO PAULO";250002532336;8;61;"Depósito bancário em conta corrente no País";"BANCO DO BRASIL";"0,00";"28/07/2026";"15:57:28"
"03/08/2026";"16:31:03";2026;2;"Eleição Ordinária";6259;"Eleições Gerais Estaduais 2026";"04/10/2026";"SP";"SP";"SÃO PAULO";250002532337;2;11;"Apartamento";"1/3 APARTAMENTO";"85666,66";"28/07/2026";"17:53:40"
"03/08/2026";"16:31:03";2026;2;"Eleição Ordinária";6259;"Eleições Gerais Estaduais 2026";"04/10/2026";"SP";"SP";"SÃO PAULO";250002532338;2;21;"Veículo automotor terrestre: caminhão, automóvel, moto, etc.";"VAÍCULO AUTOMOTOR DA MARCA MON/PROTOTIPO (BUGUE)";"30000,00";"28/07/2026";"15:57:28"
"03/08/2026";"16:31:03";2026;2;"Eleição Ordinária";6259;"Eleições Gerais Estaduais 2026";"04/10/2026";"SP";"SP";"SÃO PAULO";250002532338;1;21;"Veículo automotor terrestre: caminhão, automóvel, moto, etc.";"VEÍCULO AUTOMOTOR DA MARCA JEEP";"98000,00";"28/07/2026";"15:57:28"
"03/08/2026";"16:31:03";2026;2;"Eleição Ordinária";6259;"Eleições Gerais Estaduais 2026";"04/10/2026";"SP";"SP";"SÃO PAULO";250002532338;3;13;"Terreno";"GLEBA RURAL EM FERNANDÓPOLIS";"200000,00";"28/07/2026";"15:57:28"
"03/08/2026";"16:31:03";2026;2;"Eleição Ordinária";6259;"Eleições Gerais Estaduais 2026";"04/10/2026";"SP";"SP";"SÃO PAULO";250002532338;5;21;"Veículo automotor terrestre: caminhão, automóvel, moto, etc.";"VEÍCULO AUTOMOTOR DA MARCA JEEP";"235000,00";"28/07/2026";"15:57:28"
"03/08/2026";"16:31:03";2026;2;"Eleição Ordinária";6259;"Eleições Gerais Estaduais 2026";"04/10/2026";"SP";"SP";"SÃO PAULO";250002532338;6;21;"Veículo automotor terrestre: caminhão, automóvel, moto, etc.";"VEÍCULO AUTOMOTOR DA MARCA FORD";"124000,00";"28/07/2026";"15:57:28"
"03/08/2026";"16:31:03";2026;2;"Eleição Ordinária";6259;"Eleições Gerais Estaduais 2026";"04/10/2026";"SP";"SP";"SÃO PAULO";250002532338;4;61;"Depósito bancário em conta corrente no País";"DEPÓSITO EM CONTA BANCÁRIA";"385000,00";"28/07/2026";"15:57:28"
"03/08/2026";"16:31:03";2026;2;"Eleição Ordinária";6259;"Eleições Gerais Estaduais 2026";"04/10/2026";"SP";"SP";"SÃO PAULO";250002532338;7;45;"Aplicação de renda fixa (CDB, RDB e outros)";"APLICAÇÃO CDB";"7513,87";"28/07/2026";"15:57:28"
"03/08/2026";"16:31:03";2026;2;"Eleição Ordinária";6259;"Eleições Gerais Estaduais 2026";"04/10/2026";"SP";"SP";"SÃO PAULO";250002532340;1;1;"Prédio residencial";"CASA";"200000,00";"28/07/2026";"15:57:28"
"03/08/2026";"16:31:03";2026;2;"Eleição Ordinária";6259;"Eleições Gerais Estaduais 2026";"04/10/2026";"SP";"SP";"SÃO PAULO";250002532342;1;21;"Veículo automotor terrestre: caminhão, automóvel, moto, etc.";"HYUNDAI SANTA FÉ";"41923,00";"31/07/2026";"18:43:38"
"03/08/2026";"16:31:03";2026;2;"Eleição Ordinária";6259;"Eleições Gerais Estaduais 2026";"04/10/2026";"SP";"SP";"SÃO PAULO";250002532342;2;21;"Veículo automotor terrestre: caminhão, automóvel, moto, etc.";"LR/DISC";"110000,00";"31/07/2026";"18:43:38"
"03/08/2026";"16:31:03";2026;2;"Eleição Ordinária";6259;"Eleições Gerais Estaduais 2026";"04/10/2026";"SP";"SP";"SÃO PAULO";250002532342;4;21;"Veículo automotor terrestre: caminhão, automóvel, moto, etc.";"TOYOTA";"47636,00";"31/07/2026";"18:43:38"
"03/08/2026";"16:31:03";2026;2;"Eleição Ordinária";6259;"Eleições Gerais Estaduais 2026";"04/10/2026";"SP";"SP";"SÃO PAULO";250002532342;3;32;"Quotas ou quinhões de capital";"COTA EMPRESA";"5000,00";"31/07/2026";"18:43:38"
"03/08/2026";"16:31:03";2026;2;"Eleição Ordinária";6259;"Eleições Gerais Estaduais 2026";"04/10/2026";"SP";"SP";"SÃO PAULO";250002532342;6;32;"Quotas ou quinhões de capital";"COTA EMPRESA";"35000,00";"31/07/2026";"18:43:38"
"03/08/2026";"16:31:03";2026;2;"Eleição Ordinária";6259;"Eleições Gerais Estaduais 2026";"04/10/2026";"SP";"SP";"SÃO PAULO";250002532342;7;11;"Apartamento";"APARTAMENTO";"480000,00";"31/07/2026";"18:43:38"
"03/08/2026";"16:31:03";2026;2;"Eleição Ordinária";6259;"Eleições Gerais Estaduais 2026";"04/10/2026";"SP";"SP";"SÃO PAULO";250002532342;5;61;"Depósito bancário em conta corrente no País";"SANTANDER";"71386,37";"31/07/2026";"18:43:38"
"03/08/2026";"16:31:03";2026;2;"Eleição Ordinária";6259;"Eleições Gerais Estaduais 2026";"04/10/2026";"SP";"SP";"SÃO PAULO";250002532342;9;21;"Veículo automotor terrestre: caminhão, automóvel, moto, etc.";"JETTA";"62282,00";"31/07/2026";"18:43:38"
"03/08/2026";"16:31:03";2026;2;"Eleição Ordinária";6259;"Eleições Gerais Estaduais 2026";"04/10/2026";"SP";"SP";"SÃO PAULO";250002532342;8;32;"Quotas ou quinhões de capital";"COTA EMPRESA";"150000,00";"31/07/2026";"18:43:38"
"03/08/2026";"16:31:03";2026;2;"Eleição Ordinária";6259;"Eleições Gerais Estaduais 2026";"04/10/2026";"SP";"SP";"SÃO PAULO";250002532344;1;21;"Veículo automotor terrestre: caminhão, automóvel, moto, etc.";"VEÍCULO AUTOMOTOR ¿ CAMINHONETE VW AMAROK 2024/2025, EM PROCESSO DE TRANSFERÊNCIA ATÉ O FIM DE 2026 ¿";"180000,00";"31/07/2026";"18:04:27"
"03/08/2026";"16:31:03";2026;2;"Eleição Ordinária";6259;"Eleições Gerais Estaduais 2026";"04/10/2026";"SP";"SP";"SÃO PAULO";250002532344;2;12;"Casa";"RELAÇÃO DE BENS E DIREITOS DO CANDIDATO: **CASA / IMÓVEL RESIDENCIAL EM MIRASSOL/SP, EM PROCESSO DE AVERBAÇÃO ¿";"1500000,00";"31/07/2026";"18:04:27"
"03/08/2026";"16:31:03";2026;2;"Eleição Ordinária";6259;"Eleições Gerais Estaduais 2026";"04/10/2026";"SP";"SP";"SÃO PAULO";250002532347;1;21;"Veículo automotor terrestre: caminhão, automóvel, moto, etc.";"VEÍCULO FORD KA";"25400,00";"28/07/2026";"18:01:10"
"03/08/2026";"16:31:03";2026;2;"Eleição Ordinária";6259;"Eleições Gerais Estaduais 2026";"04/10/2026";"SP";"SP";"SÃO PAULO";250002532344;3;61;"Depósito bancário em conta corrente no País";"DEPÓSITO BANCÁRIO EM CONTA CORRENTE NO PAÍS ¿";"100000,00";"31/07/2026";"18:04:27"
"03/08/2026";"16:31:03";2026;2;"Eleição Ordinária";6259;"Eleições Gerais Estaduais 2026";"04/10/2026";"SP";"SP";"SÃO PAULO";250002532347;4;21;"Veículo automotor terrestre: caminhão, automóvel, moto, etc.";"VEÍCULO FORD FOCUS";"29000,00";"28/07/2026";"18:01:10"
"03/08/2026";"16:31:03";2026;2;"Eleição Ordinária";6259;"Eleições Gerais Estaduais 2026";"04/10/2026";"SP";"SP";"SÃO PAULO";250002532347;2;12;"Casa";"CASA PRÓPRIA";"290000,00";"28/07/2026";"18:01:10"
"03/08/2026";"16:31:03";2026;2;"Eleição Ordinária";6259;"Eleições Gerais Estaduais 2026";"04/10/2026";"SP";"SP";"SÃO PAULO";250002532347;3;19;"Outros bens imóveis";"50% IMÓVEL";"85000,00";"28/07/2026";"18:01:10"
"03/08/2026";"16:31:03";2026;2;"Eleição Ordinária";6259;"Eleições Gerais Estaduais 2026";"04/10/2026";"SP";"SP";"SÃO PAULO";250002532347;5;21;"Veículo automotor terrestre: caminhão, automóvel, moto, etc.";"VEÍCULO TOYOTA COROLLA XEI";"76900,00";"28/07/2026";"18:01:10"
"03/08/2026";"16:31:03";2026;2;"Eleição Ordinária";6259;"Eleições Gerais Estaduais 2026";"04/10/2026";"SP";"SP";"SÃO PAULO";250002532348;1;21;"Veículo automotor terrestre: caminhão, automóvel, moto, etc.";"CARRO";"78000,00";"28/07/2026";"18:00:38"
"03/08/2026";"16:31:03";2026;2;"Eleição Ordinária";6259;"Eleições Gerais Estaduais 2026";"04/10/2026";"SP";"SP";"SÃO PAULO";250002532347;6;49;"Outras aplicações e Investimentos";"APLICAÇÃO FINANCEIRA";"400000,00";"28/07/2026";"18:01:10"
"03/08/2026";"16:31:03";2026;2;"Eleição Ordinária";6259;"Eleições Gerais Estaduais 2026";"04/10/2026";"SP";"SP";"SÃO PAULO";250002532348;2;12;"Casa";"CASA";"500000,00";"28/07/2026";"18:00:38"
"03/08/2026";"16:31:03";2026;2;"Eleição Ordinária";6259;"Eleições Gerais Estaduais 2026";"04/10/2026";"SP";"SP";"SÃO PAULO";250002532349;1;12;"Casa";"CASA RESIDENCIAL";"94000,00";"28/07/2026";"17:57:23"
"03/08/2026";"16:31:03";2026;2;"Eleição Ordinária";6259;"Eleições Gerais Estaduais 2026";"04/10/2026";"SP";"SP";"SÃO PAULO";250002532349;2;12;"Casa";"CASA RESIDENCIAL";"127500,00";"28/07/2026";"17:57:23"
"03/08/2026";"16:31:03";2026;2;"Eleição Ordinária";6259;"Eleições Gerais Estaduais 2026";"04/10/2026";"SP";"SP";"SÃO PAULO";250002532349;3;12;"Casa";"CASA";"160000,00";"28/07/2026";"17:57:23"
"03/08/2026";"16:31:03";2026;2;"Eleição Ordinária";6259;"Eleições Gerais Estaduais 2026";"04/10/2026";"SP";"SP";"SÃO PAULO";250002532349;4;21;"Veículo automotor terrestre: caminhão, automóvel, moto, etc.";"VEÍCULO";"87000,00";"28/07/2026";"17:57:23"
"03/08/2026";"16:31:03";2026;2;"Eleição Ordinária";6259;"Eleições Gerais Estaduais 2026";"04/10/2026";"SP";"SP";"SÃO PAULO";250002532349;5;32;"Quotas ou quinhões de capital";"PARTICIPAÇÃO SOCIETÁRIA";"2500,00";"28/07/2026";"17:57:23"
"03/08/2026";"16:31:03";2026;2;"Eleição Ordinária";6259;"Eleições Gerais Estaduais 2026";"04/10/2026";"SP";"SP";"SÃO PAULO";250002532349;6;32;"Quotas ou quinhões de capital";"PARTICIPAÇÃO SOCIETÁRIA";"2500,00";"28/07/2026";"17:57:23"
"03/08/2026";"16:31:03";2026;2;"Eleição Ordinária";6259;"Eleições Gerais Estaduais 2026";"04/10/2026";"SP";"SP";"SÃO PAULO";250002532349;8;99;"OUTROS BENS E DIREITOS";"RESERVA";"32000,00";"28/07/2026";"17:57:23"
"03/08/2026";"16:31:03";2026;2;"Eleição Ordinária";6259;"Eleições Gerais Estaduais 2026";"04/10/2026";"SP";"SP";"SÃO PAULO";250002532349;7;49;"Outras aplicações e Investimentos";"FUNDO DE INVESTIMENTO";"1,00";"28/07/2026";"17:57:23"
"03/08/2026";"16:31:03";2026;2;"Eleição Ordinária";6259;"Eleições Gerais Estaduais 2026";"04/10/2026";"SP";"SP";"SÃO PAULO";250002532349;10;32;"Quotas ou quinhões de capital";"95% DAS QUOTAS DE EMPRESA";"38000,00";"28/07/2026";"17:57:23"
"03/08/2026";"16:31:03";2026;2;"Eleição Ordinária";6259;"Eleições Gerais Estaduais 2026";"04/10/2026";"SP";"SP";"SÃO PAULO";250002532349;9;11;"Apartamento";"APARTAMENTO";"81200,00";"28/07/2026";"17:57:23"
"03/08/2026";"16:31:03";2026;2;"Eleição Ordinária";6259;"Eleições Gerais Estaduais 2026";"04/10/2026";"SP";"SP";"SÃO PAULO";250002532349;11;61;"Depósito bancário em conta corrente no País";"SALDO EM CONTA CORRENTE";"15463,35";"28/07/2026";"17:57:23"
"03/08/2026";"16:31:03";2026;2;"Eleição Ordinária";6259;"Eleições Gerais Estaduais 2026";"04/10/2026";"SP";"SP";"SÃO PAULO";250002532350;2;21;"Veículo automotor terrestre: caminhão, automóvel, moto, etc.";"VEICULO HYUNDAY HB20";"66572,39";"28/07/2026";"17:53:16"
"03/08/2026";"16:31:03";2026;2;"Eleição Ordinária";6259;"Eleições Gerais Estaduais 2026";"04/10/2026";"SP";"SP";"SÃO PAULO";250002532350;1;12;"Casa";"CASA";"311780,00";"28/07/2026";"17:53:16"
"03/08/2026";"16:31:03";2026;2;"Eleição Ordinária";6259;"Eleições Gerais Estaduais 2026";"04/10/2026";"SP";"SP";"SÃO PAULO";250002532350;3;49;"Outras aplicações e Investimentos";"APLICAÇÃO FINANCEIRA";"14445,54";"28/07/2026";"17:53:16"
"03/08/2026";"16:31:03";2026;2;"Eleição Ordinária";6259;"Eleições Gerais Estaduais 2026";"04/10/2026";"SP";"SP";"SÃO PAULO";250002532351;2;21;"Veículo automotor terrestre: caminhão, automóvel, moto, etc.";"MOTO YAMAHA NMAX 160";"21444,00";"28/07/2026";"15:57:28"
"03/08/2026";"16:31:03";2026;2;"Eleição Ordinária";6259;"Eleições Gerais Estaduais 2026";"04/10/2026";"SP";"SP";"SÃO PAULO";250002532351;3;32;"Quotas ou quinhões de capital";"CAPITAL DA EMPRESA R R DE SOUSA EMPORIO LTDA";"25000,00";"28/07/2026";"15:57:28"
"03/08/2026";"16:31:03";2026;2;"Eleição Ordinária";6259;"Eleições Gerais Estaduais 2026";"04/10/2026";"SP";"SP";"SÃO PAULO";250002532351;1;99;"OUTROS BENS E DIREITOS";"SALDO EM CAIXA E BANCOS";"198768,00";"28/07/2026";"15:57:28"
"03/08/2026";"16:31:03";2026;2;"Eleição Ordinária";6259;"Eleições Gerais Estaduais 2026";"04/10/2026";"SP";"SP";"SÃO PAULO";250002532352;1;21;"Veículo automotor terrestre: caminhão, automóvel, moto, etc.";"VEÍCULO";"180000,00";"28/07/2026";"17:51:54"
"03/08/2026";"16:31:03";2026;2;"Eleição Ordinária";6259;"Eleições Gerais Estaduais 2026";"04/10/2026";"SP";"SP";"SÃO PAULO";250002532352;3;11;"Apartamento";"APARTAMENTO";"550000,00";"28/07/2026";"17:51:54"
"03/08/2026";"16:31:03";2026;2;"Eleição Ordinária";6259;"Eleições Gerais Estaduais 2026";"04/10/2026";"SP";"SP";"SÃO PAULO";250002532352;2;49;"Outras aplicações e Investimentos";"APLICAÇÃO FINANCEIRA";"2000000,00";"28/07/2026";"17:51:54"
"03/08/2026";"16:31:03";2026;2;"Eleição Ordinária";6259;"Eleições Gerais Estaduais 2026";"04/10/2026";"SP";"SP";"SÃO PAULO";250002532353;1;21;"Veículo automotor terrestre: caminhão, automóvel, moto, etc.";"MOTO - RE / SUPER METEOR 650";"39000,00";"28/07/2026";"18:01:43"
"03/08/2026";"16:31:03";2026;2;"Eleição Ordinária";6259;"Eleições Gerais Estaduais 2026";"04/10/2026";"SP";"SP";"SÃO PAULO";250002532353;3;11;"Apartamento";"APTO NA VILA BRASILANDIA";"300000,00";"28/07/2026";"18:01:43"
"03/08/2026";"16:31:03";2026;2;"Eleição Ordinária";6259;"Eleições Gerais Estaduais 2026";"04/10/2026";"SP";"SP";"SÃO PAULO";250002532353;2;49;"Outras aplicações e Investimentos";"APLICACAO FINANCEIRA";"305986,57";"28/07/2026";"18:01:43"
"03/08/2026";"16:31:03";2026;2;"Eleição Ordinária";6259;"Eleições Gerais Estaduais 2026";"04/10/2026";"SP";"SP";"SÃO PAULO";250002532353;4;32;"Quotas ou quinhões de capital";"PARTICIPAÇÃO DE 63% DAS COTAS DA EMPRESA TLA";"6300,00";"28/07/2026";"18:01:43"
"03/08/2026";"16:31:03";2026;2;"Eleição Ordinária";6259;"Eleições Gerais Estaduais 2026";"04/10/2026";"SP";"SP";"SÃO PAULO";250002532353;6;61;"Depósito bancário em conta corrente no País";"BANCO BRADESCO C/C";"1,00";"28/07/2026";"18:01:43"
"03/08/2026";"16:31:03";2026;2;"Eleição Ordinária";6259;"Eleições Gerais Estaduais 2026";"04/10/2026";"SP";"SP";"SÃO PAULO";250002532353;5;11;"Apartamento";"APTO NA VILA BRASILANDIA";"375000,00";"28/07/2026";"18:01:43"
"03/08/2026";"16:31:03";2026;2;"Eleição Ordinária";6259;"Eleições Gerais Estaduais 2026";"04/10/2026";"SP";"SP";"SÃO PAULO";250002532353;8;11;"Apartamento";"APARTAMENTO 141 CASA DAS CALDEIRAS";"1400000,00";"28/07/2026";"18:01:43"
"03/08/2026";"16:31:03";2026;2;"Eleição Ordinária";6259;"Eleições Gerais Estaduais 2026";"04/10/2026";"SP";"SP";"SÃO PAULO";250002532353;9;61;"Depósito bancário em conta corrente no País";"BANCO BRADESCO C/C";"1,00";"28/07/2026";"18:01:43"
"03/08/2026";"16:31:03";2026;2;"Eleição Ordinária";6259;"Eleições Gerais Estaduais 2026";"04/10/2026";"SP";"SP";"SÃO PAULO";250002532353;7;11;"Apartamento";"APTO TNA VILA BRASILANDIA";"342500,00";"28/07/2026";"18:01:43"
"03/08/2026";"16:31:03";2026;2;"Eleição Ordinária";6259;"Eleições Gerais Estaduais 2026";"04/10/2026";"SP";"SP";"SÃO PAULO";250002532353;11;32;"Quotas ou quinhões de capital";"CAPITAL SOCIAL ¿ SICOOB";"8977,31";"28/07/2026";"18:01:43"
"03/08/2026";"16:31:03";2026;2;"Eleição Ordinária";6259;"Eleições Gerais Estaduais 2026";"04/10/2026";"SP";"SP";"SÃO PAULO";250002532353;12;21;"Veículo automotor terrestre: caminhão, automóvel, moto, etc.";"VEICULO CHEVROLET C-15";"30000,00";"28/07/2026";"18:01:43"
"03/08/2026";"16:31:03";2026;2;"Eleição Ordinária";6259;"Eleições Gerais Estaduais 2026";"04/10/2026";"SP";"SP";"SÃO PAULO";250002532353;10;49;"Outras aplicações e Investimentos";"BANCO DO BRASIL - APLICAÇÃO FINANCEIRA";"14405,67";"28/07/2026";"18:01:43"
"03/08/2026";"16:31:03";2026;2;"Eleição Ordinária";6259;"Eleições Gerais Estaduais 2026";"04/10/2026";"SP";"SP";"SÃO PAULO";250002532353;14;21;"Veículo automotor terrestre: caminhão, automóvel, moto, etc.";"VEICULO BRASILIA 1974";"11000,00";"28/07/2026";"18:01:43"
"03/08/2026";"16:31:03";2026;2;"Eleição Ordinária";6259;"Eleições Gerais Estaduais 2026";"04/10/2026";"SP";"SP";"SÃO PAULO";250002532353;15;21;"Veículo automotor terrestre: caminhão, automóvel, moto, etc.";"VEICULO CAMINHONETE D-20";"40000,00";"28/07/2026";"18:01:43"
"03/08/2026";"16:31:03";2026;2;"Eleição Ordinária";6259;"Eleições Gerais Estaduais 2026";"04/10/2026";"SP";"SP";"SÃO PAULO";250002532353;13;51;"Crédito decorrente de empréstimo";"COOPERATIVA DE CREDITO SICOOB";"11,37";"28/07/2026";"18:01:43"
"03/08/2026";"16:31:03";2026;2;"Eleição Ordinária";6259;"Eleições Gerais Estaduais 2026";"04/10/2026";"SP";"SP";"SÃO PAULO";250002532353;16;49;"Outras aplicações e Investimentos";"BANCO DO BRASIL - APLICAÇÃO FINANCEIRA";"440,39";"28/07/2026";"18:01:43"
"03/08/2026";"16:31:03";2026;2;"Eleição Ordinária";6259;"Eleições Gerais Estaduais 2026";"04/10/2026";"SP";"SP";"SÃO PAULO";250002532353;17;49;"Outras aplicações e Investimentos";"BANCO DO BRASIL - APLICAÇÃO FINANCEIRA";"79825,05";"28/07/2026";"18:01:43"
"03/08/2026";"16:31:03";2026;2;"Eleição Ordinária";6259;"Eleições Gerais Estaduais 2026";"04/10/2026";"SP";"SP";"SÃO PAULO";250002532353;18;49;"Outras aplicações e Investimentos";"BANCO DO BRASIL - APLICAÇÃO FINANCEIRA";"29891,53";"28/07/2026";"18:01:43"
"03/08/2026";"16:31:03";2026;2;"Eleição Ordinária";6259;"Eleições Gerais Estaduais 2026";"04/10/2026";"SP";"SP";"SÃO PAULO";250002532353;21;21;"Veículo automotor terrestre: caminhão, automóvel, moto, etc.";"VEICULO - GM/OPALA";"50000,00";"28/07/2026";"18:01:43"
"03/08/2026";"16:31:03";2026;2;"Eleição Ordinária";6259;"Eleições Gerais Estaduais 2026";"04/10/2026";"SP";"SP";"SÃO PAULO";250002532353;20;19;"Outros bens imóveis";"SITIO EM MAIRINQUE";"600000,00";"28/07/2026";"18:01:43"
"03/08/2026";"16:31:03";2026;2;"Eleição Ordinária";6259;"Eleições Gerais Estaduais 2026";"04/10/2026";"SP";"SP";"SÃO PAULO";250002532353;19;49;"Outras aplicações e Investimentos";"BANCO DO BRASIL - APLICAÇÃO FINANCEIRA";"105434,38";"28/07/2026";"18:01:43"
"03/08/2026";"16:31:03";2026;2;"Eleição Ordinária";6259;"Eleições Gerais Estaduais 2026";"04/10/2026";"SP";"SP";"SÃO PAULO";250002532353;22;21;"Veículo automotor terrestre: caminhão, automóvel, moto, etc.";"VEICULO TOYOTA SW4";"195000,00";"28/07/2026";"18:01:43"
"03/08/2026";"16:31:03";2026;2;"Eleição Ordinária";6259;"Eleições Gerais Estaduais 2026";"04/10/2026";"SP";"SP";"SÃO PAULO";250002532353;24;49;"Outras aplicações e Investimentos";"APLICAÇÃO FINANCEIRA BB";"10000,00";"28/07/2026";"18:01:43"
"03/08/2026";"16:31:03";2026;2;"Eleição Ordinária";6259;"Eleições Gerais Estaduais 2026";"04/10/2026";"SP";"SP";"SÃO PAULO";250002532353;23;49;"Outras aplicações e Investimentos";"APLICAÇÃO FINANCEIRA BB";"41851,68";"28/07/2026";"18:01:43"
"03/08/2026";"16:31:03";2026;2;"Eleição Ordinária";6259;"Eleições Gerais Estaduais 2026";"04/10/2026";"SP";"SP";"SÃO PAULO";250002532355;3;21;"Veículo automotor terrestre: caminhão, automóvel, moto, etc.";"FORD F-1000 1987";"2400,00";"28/07/2026";"15:57:28"
"03/08/2026";"16:31:03";2026;2;"Eleição Ordinária";6259;"Eleições Gerais Estaduais 2026";"04/10/2026";"SP";"SP";"SÃO PAULO";250002532355;2;21;"Veículo automotor terrestre: caminhão, automóvel, moto, etc.";"TOYOTA COROLLA 21/22";"42600,00";"28/07/2026";"15:57:28"
"03/08/2026";"16:31:03";2026;2;"Eleição Ordinária";6259;"Eleições Gerais Estaduais 2026";"04/10/2026";"SP";"SP";"SÃO PAULO";250002532355;1;49;"Outras aplicações e Investimentos";"INVESTIMENTOS E POUPANÇAS";"256620,00";"28/07/2026";"15:57:28"
"03/08/2026";"16:31:03";2026;2;"Eleição Ordinária";6259;"Eleições Gerais Estaduais 2026";"04/10/2026";"SP";"SP";"SÃO PAULO";250002532355;6;12;"Casa";"LOCALIZADA EM SOROCABA";"1300000,00";"28/07/2026";"15:57:28"
"03/08/2026";"16:31:03";2026;2;"Eleição Ordinária";6259;"Eleições Gerais Estaduais 2026";"04/10/2026";"SP";"SP";"SÃO PAULO";250002532355;4;11;"Apartamento";"APTO NA CIDADE SAO PAULO";"230000,00";"28/07/2026";"15:57:28"
"03/08/2026";"16:31:03";2026;2;"Eleição Ordinária";6259;"Eleições Gerais Estaduais 2026";"04/10/2026";"SP";"SP";"SÃO PAULO";250002532355;5;13;"Terreno";"CIDADE DE PIEDADE";"3750,00";"28/07/2026";"15:57:28"
"03/08/2026";"16:31:03";2026;2;"Eleição Ordinária";6259;"Eleições Gerais Estaduais 2026";"04/10/2026";"SP";"SP";"SÃO PAULO";250002532355;8;32;"Quotas ou quinhões de capital";"QUOTAS EM EMPRESAS";"6950,00";"28/07/2026";"15:57:28"
"03/08/2026";"16:31:03";2026;2;"Eleição Ordinária";6259;"Eleições Gerais Estaduais 2026";"04/10/2026";"SP";"SP";"SÃO PAULO";250002532356;1;61;"Depósito bancário em conta corrente no País";"SALDO EM CONTA NO BANCO NUBANK";"0,00";"03/08/2026";"15:51:24"
"03/08/2026";"16:31:03";2026;2;"Eleição Ordinária";6259;"Eleições Gerais Estaduais 2026";"04/10/2026";"SP";"SP";"SÃO PAULO";250002532355;7;13;"Terreno";"CIDADE DE SOROCABA";"60000,00";"28/07/2026";"15:57:28"
"03/08/2026";"16:31:03";2026;2;"Eleição Ordinária";6259;"Eleições Gerais Estaduais 2026";"04/10/2026";"SP";"SP";"SÃO PAULO";250002532358;1;12;"Casa";"CASA LOZALIZADA EM RIBEIRÃO PIRES/SP";"913000,00";"28/07/2026";"15:57:28"
"03/08/2026";"16:31:03";2026;2;"Eleição Ordinária";6259;"Eleições Gerais Estaduais 2026";"04/10/2026";"SP";"SP";"SÃO PAULO";250002532359;1;32;"Quotas ou quinhões de capital";"1.008.530 COTAS NA EMPRESA MEGADWSS PARTICIPACOES LTDA";"1008530,00";"28/07/2026";"17:56:17"
"03/08/2026";"16:31:03";2026;2;"Eleição Ordinária";6259;"Eleições Gerais Estaduais 2026";"04/10/2026";"SP";"SP";"SÃO PAULO";250002532356;2;61;"Depósito bancário em conta corrente no País";"SALDO EM CONTA NO BANCO CAIXA ECONOMICA FEDERAL";"0,00";"03/08/2026";"15:51:24"
"03/08/2026";"16:31:03";2026;2;"Eleição Ordinária";6259;"Eleições Gerais Estaduais 2026";"04/10/2026";"SP";"SP";"SÃO PAULO";250002532359;3;12;"Casa";"CASA RESIDENCIAL";"197000,00";"28/07/2026";"17:56:17"
"03/08/2026";"16:31:03";2026;2;"Eleição Ordinária";6259;"Eleições Gerais Estaduais 2026";"04/10/2026";"SP";"SP";"SÃO PAULO";250002532359;4;32;"Quotas ou quinhões de capital";"100% DA EMPRESA LOKALASER LTDA EPP";"300000,00";"28/07/2026";"17:56:17"
"03/08/2026";"16:31:03";2026;2;"Eleição Ordinária";6259;"Eleições Gerais Estaduais 2026";"04/10/2026";"SP";"SP";"SÃO PAULO";250002532359;2;32;"Quotas ou quinhões de capital";"INCORPORACAO DE CAPITAL EM MOEDA";"476480,00";"28/07/2026";"17:56:17"
"03/08/2026";"16:31:03";2026;2;"Eleição Ordinária";6259;"Eleições Gerais Estaduais 2026";"04/10/2026";"SP";"SP";"SÃO PAULO";250002532360;2;21;"Veículo automotor terrestre: caminhão, automóvel, moto, etc.";"VEÍCULO CORSA MILENIUM ANO: 2002";"10000,00";"28/07/2026";"15:57:28"
"03/08/2026";"16:31:03";2026;2;"Eleição Ordinária";6259;"Eleições Gerais Estaduais 2026";"04/10/2026";"SP";"SP";"SÃO PAULO";250002532360;3;11;"Apartamento";"APARTAMENTO";"70000,00";"28/07/2026";"15:57:28"
"03/08/2026";"16:31:03";2026;2;"Eleição Ordinária";6259;"Eleições Gerais Estaduais 2026";"04/10/2026";"SP";"SP";"SÃO PAULO";250002532360;1;61;"Depósito bancário em conta corrente no País";"SALDO EM CONTA CORRENTE NO BANCO NUBANK";"2,31";"28/07/2026";"15:57:28"
"03/08/2026";"16:31:03";2026;2;"Eleição Ordinária";6259;"Eleições Gerais Estaduais 2026";"04/10/2026";"SP";"SP";"SÃO PAULO";250002532362;1;32;"Quotas ou quinhões de capital";"DAVI AMORIM DE OLIVEIRA LTDA";"150000,00";"28/07/2026";"17:52:49"
"03/08/2026";"16:31:03";2026;2;"Eleição Ordinária";6259;"Eleições Gerais Estaduais 2026";"04/10/2026";"SP";"SP";"SÃO PAULO";250002532362;2;32;"Quotas ou quinhões de capital";"BREMAR PRODUÇÕES E EVENTOS LTDA";"15000,00";"28/07/2026";"17:52:49"
"03/08/2026";"16:31:03";2026;2;"Eleição Ordinária";6259;"Eleições Gerais Estaduais 2026";"04/10/2026";"SP";"SP";"SÃO PAULO";250002532361;1;63;"Dinheiro em espécie - moeda nacional";"DINHEIRO";"50000,00";"28/07/2026";"15:57:28"
"03/08/2026";"16:31:03";2026;2;"Eleição Ordinária";6259;"Eleições Gerais Estaduais 2026";"04/10/2026";"SP";"SP";"SÃO PAULO";250002532363;2;21;"Veículo automotor terrestre: caminhão, automóvel, moto, etc.";"VEICULO RAM RAMPAGE";"186466,00";"03/08/2026";"16:17:32"
"03/08/2026";"16:31:03";2026;2;"Eleição Ordinária";6259;"Eleições Gerais Estaduais 2026";"04/10/2026";"SP";"SP";"SÃO PAULO";250002532363;1;61;"Depósito bancário em conta corrente no País";"SALDO EM CONTA NO BANCO BRADESCO";"92000,00";"03/08/2026";"16:17:32"
"03/08/2026";"16:31:03";2026;2;"Eleição Ordinária";6259;"Eleições Gerais Estaduais 2026";"04/10/2026";"SP";"SP";"SÃO PAULO";250002532363;3;61;"Depósito bancário em conta corrente no País";"SALDO EM CONTA NO BANCO ITAU";"98000,00";"03/08/2026";"16:17:32"
"03/08/2026";"16:31:03";2026;2;"Eleição Ordinária";6259;"Eleições Gerais Estaduais 2026";"04/10/2026";"SP";"SP";"SÃO PAULO";250002532364;1;21;"Veículo automotor terrestre: caminhão, automóvel, moto, etc.";"VEÍCULO HYUNDAI CRETA NLINE";"180000,00";"28/07/2026";"17:56:34"
"03/08/2026";"16:31:03";2026;2;"Eleição Ordinária";6259;"Eleições Gerais Estaduais 2026";"04/10/2026";"SP";"SP";"SÃO PAULO";250002532363;4;11;"Apartamento";"APARTAMETO EM SÃO PAULO";"300000,00";"03/08/2026";"16:17:32"
"03/08/2026";"16:31:03";2026;2;"Eleição Ordinária";6259;"Eleições Gerais Estaduais 2026";"04/10/2026";"SP";"SP";"SÃO PAULO";250002532363;5;61;"Depósito bancário em conta corrente no País";"SALDO EM CONTA NO BANCO ITAU";"273000,00";"03/08/2026";"16:17:32"
"03/08/2026";"16:31:03";2026;2;"Eleição Ordinária";6259;"Eleições Gerais Estaduais 2026";"04/10/2026";"SP";"SP";"SÃO PAULO";250002532365;2;11;"Apartamento";"16,666% DE APARTAMENTO (ED. DIJON) EM CAMPINAS/SP (RECEBIDO POR HERANÇA)";"57230,69";"28/07/2026";"17:52:14"
"03/08/2026";"16:31:03";2026;2;"Eleição Ordinária";6259;"Eleições Gerais Estaduais 2026";"04/10/2026";"SP";"SP";"SÃO PAULO";250002532365;3;11;"Apartamento";"50% DE APARTAMENTO EM CAMPINAS/SP (FINANCIADO PELA CAIXA ECONÔMICA FEDERAL)";"168314,24";"28/07/2026";"17:52:14"
"03/08/2026";"16:31:03";2026;2;"Eleição Ordinária";6259;"Eleições Gerais Estaduais 2026";"04/10/2026";"SP";"SP";"SÃO PAULO";250002532365;1;19;"Outros bens imóveis";"8,333% DE PRÉDIO RESIDENCIAL EM UBATUBA/SP (RECEBIDO POR HERANÇA)";"5992,86";"28/07/2026";"17:52:14"
"03/08/2026";"16:31:03";2026;2;"Eleição Ordinária";6259;"Eleições Gerais Estaduais 2026";"04/10/2026";"SP";"SP";"SÃO PAULO";250002532365;4;12;"Casa";"16,666% DE CASA (COND. QUINTA DA BELA VISTA) EM CAMPINAS/SP (RECEBIDA POR HERANÇA)";"87161,87";"28/07/2026";"17:52:14"
"03/08/2026";"16:31:03";2026;2;"Eleição Ordinária";6259;"Eleições Gerais Estaduais 2026";"04/10/2026";"SP";"SP";"SÃO PAULO";250002532365;5;12;"Casa";"CASA EM SOUSAS, CAMPINAS/SP (FINANCIADA PELO ITAÚ UNIBANCO)";"965984,02";"28/07/2026";"17:52:14"
"03/08/2026";"16:31:03";2026;2;"Eleição Ordinária";6259;"Eleições Gerais Estaduais 2026";"04/10/2026";"SP";"SP";"SÃO PAULO";250002532365;6;12;"Casa";"CASA EM CONSTRUÇÃO EM CAMPINAS/SP (FINANCIADA PELA CAIXA ECONÔMICA FEDERAL)";"62341,49";"28/07/2026";"17:52:14"
"03/08/2026";"16:31:03";2026;2;"Eleição Ordinária";6259;"Eleições Gerais Estaduais 2026";"04/10/2026";"SP";"SP";"SÃO PAULO";250002532365;9;21;"Veículo automotor terrestre: caminhão, automóvel, moto, etc.";"VEÍCULO BYD SONG PLUS 2025/2026 (FINANCIADO PELO BANCO SAFRA)";"152500,16";"28/07/2026";"17:52:14"
"03/08/2026";"16:31:03";2026;2;"Eleição Ordinária";6259;"Eleições Gerais Estaduais 2026";"04/10/2026";"SP";"SP";"SÃO PAULO";250002532365;8;19;"Outros bens imóveis";"16,666% DE VAGA DE GARAGEM (ED. DIJON) EM CAMPINAS/SP (RECEBIDA POR HERANÇA)";"3583,33";"28/07/2026";"17:52:14"
"03/08/2026";"16:31:03";2026;2;"Eleição Ordinária";6259;"Eleições Gerais Estaduais 2026";"04/10/2026";"SP";"SP";"SÃO PAULO";250002532365;7;13;"Terreno";"16,66% DE GLEBA DE TERRAS (FAZENDA SANTANA) EM CAMPINAS/SP";"40046,21";"28/07/2026";"17:52:14"
"03/08/2026";"16:31:03";2026;2;"Eleição Ordinária";6259;"Eleições Gerais Estaduais 2026";"04/10/2026";"SP";"SP";"SÃO PAULO";250002532365;10;32;"Quotas ou quinhões de capital";"QUOTAS DE CAPITAL SOCIAL (IMMER CAPITAL S.A. E SOCIEDADE DE ADVOGADOS) E AÇÕES (AMERICANAS E OI)";"93845,74";"28/07/2026";"17:52:14"
"03/08/2026";"16:31:03";2026;2;"Eleição Ordinária";6259;"Eleições Gerais Estaduais 2026";"04/10/2026";"SP";"SP";"SÃO PAULO";250002532365;11;45;"Aplicação de renda fixa (CDB, RDB e outros)";"APLICAÇÕES DE RENDA FIXA (TESOURO DIRETO, CDB/RDB, LCA, LCI, CRA, CRI E DEBÊNTURES DE INFRAESTRUTURA)";"645475,70";"28/07/2026";"17:52:14"
"03/08/2026";"16:31:03";2026;2;"Eleição Ordinária";6259;"Eleições Gerais Estaduais 2026";"04/10/2026";"SP";"SP";"SÃO PAULO";250002532365;12;19;"Outros bens imóveis";"8,333% DE PRÉDIO EM CAMPINAS/SP (RECEBIDO POR HERANÇA)";"11652,79";"28/07/2026";"17:52:14"
"03/08/2026";"16:31:03";2026;2;"Eleição Ordinária";6259;"Eleições Gerais Estaduais 2026";"04/10/2026";"SP";"SP";"SÃO PAULO";250002532365;13;11;"Apartamento";"16,666% DE APARTAMENTO NO BROOKLIN, SÃO PAULO/SP (RECEBIDO POR HERANÇA)";"119565,50";"28/07/2026";"17:52:14"
"03/08/2026";"16:31:03";2026;2;"Eleição Ordinária";6259;"Eleições Gerais Estaduais 2026";"04/10/2026";"SP";"SP";"SÃO PAULO";250002532365;15;19;"Outros bens imóveis";"8,333% DE PRÉDIO EM SANTO ANTÔNIO DE POSSE/SP (RECEBIDO POR HERANÇA)";"3277,78";"28/07/2026";"17:52:14"
"03/08/2026";"16:31:03";2026;2;"Eleição Ordinária";6259;"Eleições Gerais Estaduais 2026";"04/10/2026";"SP";"SP";"SÃO PAULO";250002532365;14;49;"Outras aplicações e Investimentos";"COTAS DE FUNDOS DE INVESTIMENTO (IMOBILIÁRIOS, DE INFRAESTRUTURA E MULTIMERCADO)";"735454,49";"28/07/2026";"17:52:14"
"03/08/2026";"16:31:03";2026;2;"Eleição Ordinária";6259;"Eleições Gerais Estaduais 2026";"04/10/2026";"SP";"SP";"SÃO PAULO";250002532365;16;11;"Apartamento";"16,666% DE APARTAMENTO (ED. DUBAI) EM CAMPINAS/SP (RECEBIDO POR HERANÇA)";"102777,57";"28/07/2026";"17:52:14"
"03/08/2026";"16:31:03";2026;2;"Eleição Ordinária";6259;"Eleições Gerais Estaduais 2026";"04/10/2026";"SP";"SP";"SÃO PAULO";250002532365;17;11;"Apartamento";"16,666% DE APARTAMENTO (ED. DUBAI) EM CAMPINAS/SP (RECEBIDO POR HERANÇA)";"102777,57";"28/07/2026";"17:52:14"
"03/08/2026";"16:31:03";2026;2;"Eleição Ordinária";6259;"Eleições Gerais Estaduais 2026";"04/10/2026";"SP";"SP";"SÃO PAULO";250002532365;18;19;"Outros bens imóveis";"8,333% DE PRÉDIO NA AV. DAS AMOREIRAS, CAMPINAS/SP (RECEBIDO POR HERANÇA)";"3277,78";"28/07/2026";"17:52:14"
"03/08/2026";"16:31:03";2026;2;"Eleição Ordinária";6259;"Eleições Gerais Estaduais 2026";"04/10/2026";"SP";"SP";"SÃO PAULO";250002532365;20;61;"Depósito bancário em conta corrente no País";"SALDOS EM CONTAS BANCÁRIAS E DE INVESTIMENTO";"23239,11";"28/07/2026";"17:52:14"
"03/08/2026";"16:31:03";2026;2;"Eleição Ordinária";6259;"Eleições Gerais Estaduais 2026";"04/10/2026";"SP";"SP";"SÃO PAULO";250002532366;1;39;"Outras participações societárias";"PARTICIPAÇÃO EM EMPRESA ESTABELECIDA EM TATUÍ";"4000,00";"28/07/2026";"17:52:40"
"03/08/2026";"16:31:03";2026;2;"Eleição Ordinária";6259;"Eleições Gerais Estaduais 2026";"04/10/2026";"SP";"SP";"SÃO PAULO";250002532365;19;19;"Outros bens imóveis";"8,333% DE PRÉDIO COMERCIAL EM CAMPINAS/SP (RECEBIDO POR HERANÇA)";"9988,10";"28/07/2026";"17:52:14"
"03/08/2026";"16:31:03";2026;2;"Eleição Ordinária";6259;"Eleições Gerais Estaduais 2026";"04/10/2026";"SP";"SP";"SÃO PAULO";250002532366;3;61;"Depósito bancário em conta corrente no País";"CONTA CORRENTE BANCO ITAÚ";"87000,00";"28/07/2026";"17:52:40"
"03/08/2026";"16:31:03";2026;2;"Eleição Ordinária";6259;"Eleições Gerais Estaduais 2026";"04/10/2026";"SP";"SP";"SÃO PAULO";250002532366;4;39;"Outras participações societárias";"PARTICIPAÇÃO EM EMPRESA ESTABELECIDA EM TATUÍ";"795000,00";"28/07/2026";"17:52:40"
"03/08/2026";"16:31:03";2026;2;"Eleição Ordinária";6259;"Eleições Gerais Estaduais 2026";"04/10/2026";"SP";"SP";"SÃO PAULO";250002532366;2;19;"Outros bens imóveis";"IMÓVEL LOCALIZADO EM TATUÍ";"120458,77";"28/07/2026";"17:52:40"
"03/08/2026";"16:31:03";2026;2;"Eleição Ordinária";6259;"Eleições Gerais Estaduais 2026";"04/10/2026";"SP";"SP";"SÃO PAULO";250002532366;7;39;"Outras participações societárias";"PARTICIPAÇÃO EM EMPRESA ESTABELECIDA EM TATUÍ";"50000,00";"28/07/2026";"17:52:40"
"03/08/2026";"16:31:03";2026;2;"Eleição Ordinária";6259;"Eleições Gerais Estaduais 2026";"04/10/2026";"SP";"SP";"SÃO PAULO";250002532366;5;19;"Outros bens imóveis";"IMÓVEL LOCALIZADO EM TATUÍ";"502265,20";"28/07/2026";"17:52:40"
"03/08/2026";"16:31:03";2026;2;"Eleição Ordinária";6259;"Eleições Gerais Estaduais 2026";"04/10/2026";"SP";"SP";"SÃO PAULO";250002532366;6;19;"Outros bens imóveis";"IMÓVEL LOCALIZADO EM SOROCABA";"6939,73";"28/07/2026";"17:52:40"
"03/08/2026";"16:31:03";2026;2;"Eleição Ordinária";6259;"Eleições Gerais Estaduais 2026";"04/10/2026";"SP";"SP";"SÃO PAULO";250002532367;2;21;"Veículo automotor terrestre: caminhão, automóvel, moto, etc.";"VEÍCULO AUTOMOTOR";"116000,00";"28/07/2026";"17:55:53"
"03/08/2026";"16:31:03";2026;2;"Eleição Ordinária";6259;"Eleições Gerais Estaduais 2026";"04/10/2026";"SP";"SP";"SÃO PAULO";250002532367;1;99;"OUTROS BENS E DIREITOS";"INSTITUTO DE BELEZA";"60000,00";"28/07/2026";"17:55:53"
"03/08/2026";"16:31:03";2026;2;"Eleição Ordinária";6259;"Eleições Gerais Estaduais 2026";"04/10/2026";"SP";"SP";"SÃO PAULO";250002532366;8;19;"Outros bens imóveis";"IMÓVEL RURAL LOCALIZADO EM TATUÍ";"39971,16";"28/07/2026";"17:52:40"
"03/08/2026";"16:31:03";2026;2;"Eleição Ordinária";6259;"Eleições Gerais Estaduais 2026";"04/10/2026";"SP";"SP";"SÃO PAULO";250002532368;2;32;"Quotas ou quinhões de capital";"COTA EMPRESARIAL";"300000,00";"28/07/2026";"15:57:28"
"03/08/2026";"16:31:03";2026;2;"Eleição Ordinária";6259;"Eleições Gerais Estaduais 2026";"04/10/2026";"SP";"SP";"SÃO PAULO";250002532368;3;21;"Veículo automotor terrestre: caminhão, automóvel, moto, etc.";"MITSUBISHI OUTLANDER 2015";"80000,00";"28/07/2026";"15:57:28"
"03/08/2026";"16:31:03";2026;2;"Eleição Ordinária";6259;"Eleições Gerais Estaduais 2026";"04/10/2026";"SP";"SP";"SÃO PAULO";250002532368;1;63;"Dinheiro em espécie - moeda nacional";"RECURSOS EM ESPECIE";"100000,00";"28/07/2026";"15:57:28"
"03/08/2026";"16:31:03";2026;2;"Eleição Ordinária";6259;"Eleições Gerais Estaduais 2026";"04/10/2026";"SP";"SP";"SÃO PAULO";250002532368;5;32;"Quotas ou quinhões de capital";"COTAS EMPRESARIAIS";"100000,00";"28/07/2026";"15:57:28"
"03/08/2026";"16:31:03";2026;2;"Eleição Ordinária";6259;"Eleições Gerais Estaduais 2026";"04/10/2026";"SP";"SP";"SÃO PAULO";250002532368;4;61;"Depósito bancário em conta corrente no País";"SALDOS EM CONTAS BANCARIAS";"300000,00";"28/07/2026";"15:57:28"
"03/08/2026";"16:31:03";2026;2;"Eleição Ordinária";6259;"Eleições Gerais Estaduais 2026";"04/10/2026";"SP";"SP";"SÃO PAULO";250002532368;6;11;"Apartamento";"25% APARTAMENTO EM TAUBATÉ";"100000,00";"28/07/2026";"15:57:28"
"03/08/2026";"16:31:03";2026;2;"Eleição Ordinária";6259;"Eleições Gerais Estaduais 2026";"04/10/2026";"SP";"SP";"SÃO PAULO";250002532369;1;21;"Veículo automotor terrestre: caminhão, automóvel, moto, etc.";"VEÍCULO TOYOTA HILUX SW4";"230000,00";"28/07/2026";"18:02:09"
"03/08/2026";"16:31:03";2026;2;"Eleição Ordinária";6259;"Eleições Gerais Estaduais 2026";"04/10/2026";"SP";"SP";"SÃO PAULO";250002532369;2;11;"Apartamento";"APARTAMENTO";"435000,00";"28/07/2026";"18:02:09"
"03/08/2026";"16:31:03";2026;2;"Eleição Ordinária";6259;"Eleições Gerais Estaduais 2026";"04/10/2026";"SP";"SP";"SÃO PAULO";250002532370;1;61;"Depósito bancário em conta corrente no País";"BANCO SANTANDER - CONTA CORRENTE";"10000,00";"28/07/2026";"15:57:28"
"03/08/2026";"16:31:03";2026;2;"Eleição Ordinária";6259;"Eleições Gerais Estaduais 2026";"04/10/2026";"SP";"SP";"SÃO PAULO";250002532370;3;95;"Consórcio não contemplado";"CNP CONSORCIO";"750000,00";"28/07/2026";"15:57:28"
"03/08/2026";"16:31:03";2026;2;"Eleição Ordinária";6259;"Eleições Gerais Estaduais 2026";"04/10/2026";"SP";"SP";"SÃO PAULO";250002532370;4;61;"Depósito bancário em conta corrente no País";"BANCO CAIXA ECONOMICA FEDERAL - CONTA CORRENTE";"300,00";"28/07/2026";"15:57:28"
"03/08/2026";"16:31:03";2026;2;"Eleição Ordinária";6259;"Eleições Gerais Estaduais 2026";"04/10/2026";"SP";"SP";"SÃO PAULO";250002532370;2;61;"Depósito bancário em conta corrente no País";"XP INVESTIMENTOS - CONTA CORRENTE";"110000,00";"28/07/2026";"15:57:28"
"03/08/2026";"16:31:03";2026;2;"Eleição Ordinária";6259;"Eleições Gerais Estaduais 2026";"04/10/2026";"SP";"SP";"SÃO PAULO";250002532370;5;32;"Quotas ou quinhões de capital";"QUOTAS RUBENS NUNES SOCIEDADE DE ADVOGADOS";"2000,00";"28/07/2026";"15:57:28"
"03/08/2026";"16:31:03";2026;2;"Eleição Ordinária";6259;"Eleições Gerais Estaduais 2026";"04/10/2026";"SP";"SP";"SÃO PAULO";250002532371;1;12;"Casa";"PARTE IDEAL CASA RESIDENCIAL";"15000,00";"28/07/2026";"17:59:30"
"03/08/2026";"16:31:03";2026;2;"Eleição Ordinária";6259;"Eleições Gerais Estaduais 2026";"04/10/2026";"SP";"SP";"SÃO PAULO";250002532370;6;61;"Depósito bancário em conta corrente no País";"BANCO DO BRASIL - CONTA CORRENTE";"5000,00";"28/07/2026";"15:57:28"
"03/08/2026";"16:31:03";2026;2;"Eleição Ordinária";6259;"Eleições Gerais Estaduais 2026";"04/10/2026";"SP";"SP";"SÃO PAULO";250002532371;3;32;"Quotas ou quinhões de capital";"CAPITAL SOCIAL";"185800,00";"28/07/2026";"17:59:30"
"03/08/2026";"16:31:03";2026;2;"Eleição Ordinária";6259;"Eleições Gerais Estaduais 2026";"04/10/2026";"SP";"SP";"SÃO PAULO";250002532371;2;13;"Terreno";"LOTE TERRENO";"463437,00";"28/07/2026";"17:59:30"
"03/08/2026";"16:31:03";2026;2;"Eleição Ordinária";6259;"Eleições Gerais Estaduais 2026";"04/10/2026";"SP";"SP";"SÃO PAULO";250002532371;4;49;"Outras aplicações e Investimentos";"APLICACAO FINANC";"1000000,00";"28/07/2026";"17:59:30"
"03/08/2026";"16:31:03";2026;2;"Eleição Ordinária";6259;"Eleições Gerais Estaduais 2026";"04/10/2026";"SP";"SP";"SÃO PAULO";250002532372;1;12;"Casa";"CASA";"750000,00";"28/07/2026";"18:02:41"
"03/08/2026";"16:31:03";2026;2;"Eleição Ordinária";6259;"Eleições Gerais Estaduais 2026";"04/10/2026";"SP";"SP";"SÃO PAULO";250002532372;2;21;"Veículo automotor terrestre: caminhão, automóvel, moto, etc.";"VEÍCULO";"110000,00";"28/07/2026";"18:02:41"
"03/08/2026";"16:31:03";2026;2;"Eleição Ordinária";6259;"Eleições Gerais Estaduais 2026";"04/10/2026";"SP";"SP";"SÃO PAULO";250002532372;3;11;"Apartamento";"APARTAMENTO";"210000,00";"28/07/2026";"18:02:41"
"03/08/2026";"16:31:03";2026;2;"Eleição Ordinária";6259;"Eleições Gerais Estaduais 2026";"04/10/2026";"SP";"SP";"SÃO PAULO";250002532373;2;21;"Veículo automotor terrestre: caminhão, automóvel, moto, etc.";"VEÍCULO VOLKSWAGEN GOL, ANO 2011";"14636,00";"28/07/2026";"17:55:10"
"03/08/2026";"16:31:03";2026;2;"Eleição Ordinária";6259;"Eleições Gerais Estaduais 2026";"04/10/2026";"SP";"SP";"SÃO PAULO";250002532373;3;11;"Apartamento";"12,5% DE APARTAMENTO NO RIO DE JANEIRO/RJ";"875000,00";"28/07/2026";"17:55:10"
"03/08/2026";"16:31:03";2026;2;"Eleição Ordinária";6259;"Eleições Gerais Estaduais 2026";"04/10/2026";"SP";"SP";"SÃO PAULO";250002532373;1;19;"Outros bens imóveis";"12,5% DE VAGA DE GARAGEM NO RIO DE JANEIRO/RJ";"18750,00";"28/07/2026";"17:55:10"
"03/08/2026";"16:31:03";2026;2;"Eleição Ordinária";6259;"Eleições Gerais Estaduais 2026";"04/10/2026";"SP";"SP";"SÃO PAULO";250002532373;5;32;"Quotas ou quinhões de capital";"COTAS DA SOCIEDADE CMB STRATEGY LTDA.";"1800000,00";"28/07/2026";"17:55:10"
"03/08/2026";"16:31:03";2026;2;"Eleição Ordinária";6259;"Eleições Gerais Estaduais 2026";"04/10/2026";"SP";"SP";"SÃO PAULO";250002532373;4;61;"Depósito bancário em conta corrente no País";"SALDO EM CONTA CORRENTE E APLICAÇÃO BANCÁRIA";"69942,88";"28/07/2026";"17:55:10"
"03/08/2026";"16:31:03";2026;2;"Eleição Ordinária";6259;"Eleições Gerais Estaduais 2026";"04/10/2026";"SP";"SP";"SÃO PAULO";250002532374;1;13;"Terreno";"DOIS TERRENOS";"17500,00";"28/07/2026";"17:54:13"
"03/08/2026";"16:31:03";2026;2;"Eleição Ordinária";6259;"Eleições Gerais Estaduais 2026";"04/10/2026";"SP";"SP";"SÃO PAULO";250002532375;1;45;"Aplicação de renda fixa (CDB, RDB e outros)";"APLICAÇÕES DE RENDA FIXA NU BANK";"72001,88";"28/07/2026";"18:02:11"
"03/08/2026";"16:31:03";2026;2;"Eleição Ordinária";6259;"Eleições Gerais Estaduais 2026";"04/10/2026";"SP";"SP";"SÃO PAULO";250002532375;2;99;"OUTROS BENS E DIREITOS";"COINEXT SERVICOS DIGITAIS SA";"122985,45";"28/07/2026";"18:02:11"
"03/08/2026";"16:31:03";2026;2;"Eleição Ordinária";6259;"Eleições Gerais Estaduais 2026";"04/10/2026";"SP";"SP";"SÃO PAULO";250002532374;2;49;"Outras aplicações e Investimentos";"APLICAÇÃO FINANCEIRA";"296258,00";"28/07/2026";"17:54:13"
"03/08/2026";"16:31:03";2026;2;"Eleição Ordinária";6259;"Eleições Gerais Estaduais 2026";"04/10/2026";"SP";"SP";"SÃO PAULO";250002532375;4;32;"Quotas ou quinhões de capital";"EMPRESA RAFAEL FELIPE DERMACH";"1000,00";"28/07/2026";"18:02:11"
"03/08/2026";"16:31:03";2026;2;"Eleição Ordinária";6259;"Eleições Gerais Estaduais 2026";"04/10/2026";"SP";"SP";"SÃO PAULO";250002532375;5;45;"Aplicação de renda fixa (CDB, RDB e outros)";"APLICAÇÃO DE RENDA FIXA NU BANK";"32890,01";"28/07/2026";"18:02:11"
"03/08/2026";"16:31:03";2026;2;"Eleição Ordinária";6259;"Eleições Gerais Estaduais 2026";"04/10/2026";"SP";"SP";"SÃO PAULO";250002532375;3;63;"Dinheiro em espécie - moeda nacional";"DINHEIRO EM ESPECIE EM REAIS";"117000,00";"28/07/2026";"18:02:11"
"03/08/2026";"16:31:03";2026;2;"Eleição Ordinária";6259;"Eleições Gerais Estaduais 2026";"04/10/2026";"SP";"SP";"SÃO PAULO";250002532376;3;21;"Veículo automotor terrestre: caminhão, automóvel, moto, etc.";"HILUX SW4 SRV 2013";"120000,00";"28/07/2026";"15:57:28"
"03/08/2026";"16:31:03";2026;2;"Eleição Ordinária";6259;"Eleições Gerais Estaduais 2026";"04/10/2026";"SP";"SP";"SÃO PAULO";250002532376;1;21;"Veículo automotor terrestre: caminhão, automóvel, moto, etc.";"HONDA ADV 150";"20371,00";"28/07/2026";"15:57:28"
"03/08/2026";"16:31:03";2026;2;"Eleição Ordinária";6259;"Eleições Gerais Estaduais 2026";"04/10/2026";"SP";"SP";"SÃO PAULO";250002532376;2;49;"Outras aplicações e Investimentos";"APLICAÇÕES BANCÁRIAS";"781492,21";"28/07/2026";"15:57:28"
"03/08/2026";"16:31:03";2026;2;"Eleição Ordinária";6259;"Eleições Gerais Estaduais 2026";"04/10/2026";"SP";"SP";"SÃO PAULO";250002532377;2;11;"Apartamento";"APARTAMENTO RESIDENCIAL EM BAURU/SP (FINANCIADO EM CONSÓRCIO)";"148261,15";"28/07/2026";"17:53:48"
"03/08/2026";"16:31:03";2026;2;"Eleição Ordinária";6259;"Eleições Gerais Estaduais 2026";"04/10/2026";"SP";"SP";"SÃO PAULO";250002532377;1;11;"Apartamento";"APARTAMENTO RESIDENCIAL NO JARDIM TERRA BRANCA, BAURU/SP";"174726,49";"28/07/2026";"17:53:48"
"03/08/2026";"16:31:03";2026;2;"Eleição Ordinária";6259;"Eleições Gerais Estaduais 2026";"04/10/2026";"SP";"SP";"SÃO PAULO";250002532377;3;11;"Apartamento";"50% DE FRAÇÃO DE 1/12 DE APARTAMENTO EM GRANADO (PAGO PARCELADO)";"24994,44";"28/07/2026";"17:53:48"
"03/08/2026";"16:31:03";2026;2;"Eleição Ordinária";6259;"Eleições Gerais Estaduais 2026";"04/10/2026";"SP";"SP";"SÃO PAULO";250002532377;4;12;"Casa";"RESIDÊNCIA NO JARDIM EUROPA, BAURU/SP (PARTE À VISTA, PARTE FINANCIADA)";"853000,00";"28/07/2026";"17:53:48"
"03/08/2026";"16:31:03";2026;2;"Eleição Ordinária";6259;"Eleições Gerais Estaduais 2026";"04/10/2026";"SP";"SP";"SÃO PAULO";250002532378;1;32;"Quotas ou quinhões de capital";"QUOTAS DE CAPITAL SOCIAL DE EMPRESA";"400000,00";"28/07/2026";"15:57:28"
"03/08/2026";"16:31:03";2026;2;"Eleição Ordinária";6259;"Eleições Gerais Estaduais 2026";"04/10/2026";"SP";"SP";"SÃO PAULO";250002532378;2;61;"Depósito bancário em conta corrente no País";"SALDO EM CONTA CORRENTE NO BANCO DO BRASIL";"7969,50";"28/07/2026";"15:57:28"
"03/08/2026";"16:31:03";2026;2;"Eleição Ordinária";6259;"Eleições Gerais Estaduais 2026";"04/10/2026";"SP";"SP";"SÃO PAULO";250002532378;4;45;"Aplicação de renda fixa (CDB, RDB e outros)";"SALDO DE APLICAÇÃO CDB/RDB NO BANCO DO BRASIL";"4661,74";"28/07/2026";"15:57:28"
"03/08/2026";"16:31:03";2026;2;"Eleição Ordinária";6259;"Eleições Gerais Estaduais 2026";"04/10/2026";"SP";"SP";"SÃO PAULO";250002532378;3;2;"Prédio comercial";"IMÓVEL EM SÃO PAULO";"800000,00";"28/07/2026";"15:57:28"
"03/08/2026";"16:31:03";2026;2;"Eleição Ordinária";6259;"Eleições Gerais Estaduais 2026";"04/10/2026";"SP";"SP";"SÃO PAULO";250002532378;5;63;"Dinheiro em espécie - moeda nacional";"DINHEIRO EM ESPÉCIE";"100000,00";"28/07/2026";"15:57:28"
"03/08/2026";"16:31:03";2026;2;"Eleição Ordinária";6259;"Eleições Gerais Estaduais 2026";"04/10/2026";"SP";"SP";"SÃO PAULO";250002532378;6;62;"Depósito bancário em conta corrente no exterior";"SALDO EM CONTA PESSOAL EM MOEDA ESTRANGEIRA";"5635,39";"28/07/2026";"15:57:28"
"03/08/2026";"16:31:03";2026;2;"Eleição Ordinária";6259;"Eleições Gerais Estaduais 2026";"04/10/2026";"SP";"SP";"SÃO PAULO";250002532378;7;99;"OUTROS BENS E DIREITOS";"SALDO EM CARTÕES PRÉ PAGOS EM MOEDA ESTRANGEIRA";"114,28";"28/07/2026";"15:57:28"
"03/08/2026";"16:31:03";2026;2;"Eleição Ordinária";6259;"Eleições Gerais Estaduais 2026";"04/10/2026";"SP";"SP";"SÃO PAULO";250002532378;8;64;"Dinheiro em espécie - moeda estrangeira";"DINHEIRO EM ESPÉCIE - MOEDA ESTRANGEIRA DÓLAR";"165072,00";"28/07/2026";"15:57:28"
"03/08/2026";"16:31:03";2026;2;"Eleição Ordinária";6259;"Eleições Gerais Estaduais 2026";"04/10/2026";"SP";"SP";"SÃO PAULO";250002532378;9;32;"Quotas ou quinhões de capital";"QUOTAS DE CAPITAL DE EMPRESA";"200000,00";"28/07/2026";"15:57:28"
"03/08/2026";"16:31:03";2026;2;"Eleição Ordinária";6259;"Eleições Gerais Estaduais 2026";"04/10/2026";"SP";"SP";"SÃO PAULO";250002532378;11;61;"Depósito bancário em conta corrente no País";"SALDO EM CONTA CORRENTE NO BANCO ITAÚ";"1,00";"28/07/2026";"15:57:28"
"03/08/2026";"16:31:03";2026;2;"Eleição Ordinária";6259;"Eleições Gerais Estaduais 2026";"04/10/2026";"SP";"SP";"SÃO PAULO";250002532378;10;49;"Outras aplicações e Investimentos";"TÍTULO DE CAPITALIZAÇÃO NO BANCO BRADESCO";"16518,00";"28/07/2026";"15:57:28"
"03/08/2026";"16:31:03";2026;2;"Eleição Ordinária";6259;"Eleições Gerais Estaduais 2026";"04/10/2026";"SP";"SP";"SÃO PAULO";250002532378;12;45;"Aplicação de renda fixa (CDB, RDB e outros)";"SALDO DE APLICAÇÃO RDB NO BANCO NUBANK";"26,17";"28/07/2026";"15:57:28"
"03/08/2026";"16:31:03";2026;2;"Eleição Ordinária";6259;"Eleições Gerais Estaduais 2026";"04/10/2026";"SP";"SP";"SÃO PAULO";250002532378;14;61;"Depósito bancário em conta corrente no País";"SALDO EM CONTA CORRENTE NO BANCO DO BRASIL";"591,72";"28/07/2026";"15:57:28"
"03/08/2026";"16:31:03";2026;2;"Eleição Ordinária";6259;"Eleições Gerais Estaduais 2026";"04/10/2026";"SP";"SP";"SÃO PAULO";250002532378;13;99;"OUTROS BENS E DIREITOS";"CRIPTOMOEDA - MELI DOLAR";"37,51";"28/07/2026";"15:57:28"
"03/08/2026";"16:31:03";2026;2;"Eleição Ordinária";6259;"Eleições Gerais Estaduais 2026";"04/10/2026";"SP";"SP";"SÃO PAULO";250002532378;16;61;"Depósito bancário em conta corrente no País";"SALDO EM CONTA CORRENTE NO BANCO REVOLUT";"2071,00";"28/07/2026";"15:57:28"
"03/08/2026";"16:31:03";2026;2;"Eleição Ordinária";6259;"Eleições Gerais Estaduais 2026";"04/10/2026";"SP";"SP";"SÃO PAULO";250002532378;17;61;"Depósito bancário em conta corrente no País";"DEPÓSITO EM CONTA CORRENTE NO MERCADO PAGO";"64,95";"28/07/2026";"15:57:28"
"03/08/2026";"16:31:03";2026;2;"Eleição Ordinária";6259;"Eleições Gerais Estaduais 2026";"04/10/2026";"SP";"SP";"SÃO PAULO";250002532378;15;61;"Depósito bancário em conta corrente no País";"SALDO EM CONTA PESSOAL NO BANCO REVOLUT";"395,87";"28/07/2026";"15:57:28"
"03/08/2026";"16:31:03";2026;2;"Eleição Ordinária";6259;"Eleições Gerais Estaduais 2026";"04/10/2026";"SP";"SP";"SÃO PAULO";250002532379;3;21;"Veículo automotor terrestre: caminhão, automóvel, moto, etc.";"VEÍCULO HYUNDAI SANTA FÉ BLINDADO, PLACA FXQ 7057, 2015/2016";"191000,00";"31/07/2026";"18:12:30"
"03/08/2026";"16:31:03";2026;2;"Eleição Ordinária";6259;"Eleições Gerais Estaduais 2026";"04/10/2026";"SP";"SP";"SÃO PAULO";250002532379;1;11;"Apartamento";"50% DE APARTAMENTO RESIDENCIAL 84";"237964,81";"31/07/2026";"18:12:30"
"03/08/2026";"16:31:03";2026;2;"Eleição Ordinária";6259;"Eleições Gerais Estaduais 2026";"04/10/2026";"SP";"SP";"SÃO PAULO";250002532379;2;63;"Dinheiro em espécie - moeda nacional";"DISPONIBILIDADE DO DECLARANTE NA OCASIÃO";"12500,00";"31/07/2026";"18:12:30"
"03/08/2026";"16:31:03";2026;2;"Eleição Ordinária";6259;"Eleições Gerais Estaduais 2026";"04/10/2026";"SP";"SP";"SÃO PAULO";250002532379;4;32;"Quotas ou quinhões de capital";"100% DAS QUOTAS DA NOEL PARTICIPACOES E EVENTOS LTDA";"200000,00";"31/07/2026";"18:12:30"
"03/08/2026";"16:31:03";2026;2;"Eleição Ordinária";6259;"Eleições Gerais Estaduais 2026";"04/10/2026";"SP";"SP";"SÃO PAULO";250002532379;5;51;"Crédito decorrente de empréstimo";"ADIANTAMENTO PARA FUTURO AUMENTO DE CAPITAL - NOEL PARTICIPACOES E EVENTOS LTDA";"634289,00";"31/07/2026";"18:12:30"
"03/08/2026";"16:31:03";2026;2;"Eleição Ordinária";6259;"Eleições Gerais Estaduais 2026";"04/10/2026";"SP";"SP";"SÃO PAULO";250002532379;6;19;"Outros bens imóveis";"50% DE SALA COMERCIAL";"185325,60";"31/07/2026";"18:12:30"
"03/08/2026";"16:31:03";2026;2;"Eleição Ordinária";6259;"Eleições Gerais Estaduais 2026";"04/10/2026";"SP";"SP";"SÃO PAULO";250002532379;7;32;"Quotas ou quinhões de capital";"100% DAS QUOTAS DA JERONIMO 446 EVENTOS LTDA";"30000,00";"31/07/2026";"18:12:30"
"03/08/2026";"16:31:03";2026;2;"Eleição Ordinária";6259;"Eleições Gerais Estaduais 2026";"04/10/2026";"SP";"SP";"SÃO PAULO";250002532379;8;32;"Quotas ou quinhões de capital";"15% DAS QUOTAS DA CONSTRUSUL CONSTRUTORA E INCORPORADORA SPE LTDA";"857,00";"31/07/2026";"18:12:30"
"03/08/2026";"16:31:03";2026;2;"Eleição Ordinária";6259;"Eleições Gerais Estaduais 2026";"04/10/2026";"SP";"SP";"SÃO PAULO";250002532379;9;32;"Quotas ou quinhões de capital";"100% DAS QUOTAS DA NOEL PARTICIPACOES LTDA";"1000,00";"31/07/2026";"18:12:30"
"03/08/2026";"16:31:03";2026;2;"Eleição Ordinária";6259;"Eleições Gerais Estaduais 2026";"04/10/2026";"SP";"SP";"SÃO PAULO";250002532379;10;51;"Crédito decorrente de empréstimo";"CRÉDITO DECORRENTE DE EMPRÉSTIMOS REALIZADOS";"5200000,00";"31/07/2026";"18:12:30"
"03/08/2026";"16:31:03";2026;2;"Eleição Ordinária";6259;"Eleições Gerais Estaduais 2026";"04/10/2026";"SP";"SP";"SÃO PAULO";250002532379;11;51;"Crédito decorrente de empréstimo";"ADIANTAMENTO PARA FUTURO AUMENTO DE CAPITAL - JERONIMO 446 EVENTOS LTDA";"2000,00";"31/07/2026";"18:12:30"
"03/08/2026";"16:31:03";2026;2;"Eleição Ordinária";6259;"Eleições Gerais Estaduais 2026";"04/10/2026";"SP";"SP";"SÃO PAULO";250002532379;12;61;"Depósito bancário em conta corrente no País";"CONTA CORRENTE BANCO DO BRASIL 6471-8";"33008,00";"31/07/2026";"18:12:30"
"03/08/2026";"16:31:03";2026;2;"Eleição Ordinária";6259;"Eleições Gerais Estaduais 2026";"04/10/2026";"SP";"SP";"SÃO PAULO";250002532380;1;21;"Veículo automotor terrestre: caminhão, automóvel, moto, etc.";"MOTOCICLETA";"20000,00";"28/07/2026";"15:57:28"
"03/08/2026";"16:31:03";2026;2;"Eleição Ordinária";6259;"Eleições Gerais Estaduais 2026";"04/10/2026";"SP";"SP";"SÃO PAULO";250002532379;13;61;"Depósito bancário em conta corrente no País";"CONTA CORRENTE BANCO DO BRASIL 6469-6";"18442,34";"31/07/2026";"18:12:30"
"03/08/2026";"16:31:03";2026;2;"Eleição Ordinária";6259;"Eleições Gerais Estaduais 2026";"04/10/2026";"SP";"SP";"SÃO PAULO";250002532380;2;11;"Apartamento";"APARTAMENTO";"250000,00";"28/07/2026";"15:57:28"
"03/08/2026";"16:31:03";2026;2;"Eleição Ordinária";6259;"Eleições Gerais Estaduais 2026";"04/10/2026";"SP";"SP";"SÃO PAULO";250002532380;3;61;"Depósito bancário em conta corrente no País";"SALDO EM CONTA BANCÁRIA NUBANK";"300000,00";"28/07/2026";"15:57:28"
"03/08/2026";"16:31:03";2026;2;"Eleição Ordinária";6259;"Eleições Gerais Estaduais 2026";"04/10/2026";"SP";"SP";"SÃO PAULO";250002532380;4;61;"Depósito bancário em conta corrente no País";"ITAU";"150000,00";"28/07/2026";"15:57:28"
"03/08/2026";"16:31:03";2026;2;"Eleição Ordinária";6259;"Eleições Gerais Estaduais 2026";"04/10/2026";"SP";"SP";"SÃO PAULO";250002532381;1;79;"Outros fundos";"BANCO DO BRASIL - VGBL";"189000,00";"28/07/2026";"15:57:28"
"03/08/2026";"16:31:03";2026;2;"Eleição Ordinária";6259;"Eleições Gerais Estaduais 2026";"04/10/2026";"SP";"SP";"SÃO PAULO";250002532381;4;45;"Aplicação de renda fixa (CDB, RDB e outros)";"RENDA FIXA - BANCO DO BRASIL -  OUROCAP";"18809,42";"28/07/2026";"15:57:28"
"03/08/2026";"16:31:03";2026;2;"Eleição Ordinária";6259;"Eleições Gerais Estaduais 2026";"04/10/2026";"SP";"SP";"SÃO PAULO";250002532381;2;79;"Outros fundos";"BANCO DO BRASIL - RF SIMPLES AGIL";"260933,05";"28/07/2026";"15:57:28"
"03/08/2026";"16:31:03";2026;2;"Eleição Ordinária";6259;"Eleições Gerais Estaduais 2026";"04/10/2026";"SP";"SP";"SÃO PAULO";250002532381;3;39;"Outras participações societárias";"PARTICIPAÇÃO LUCROS";"1000,00";"28/07/2026";"15:57:28"
"03/08/2026";"16:31:03";2026;2;"Eleição Ordinária";6259;"Eleições Gerais Estaduais 2026";"04/10/2026";"SP";"SP";"SÃO PAULO";250002532381;5;45;"Aplicação de renda fixa (CDB, RDB e outros)";"RENDA FIXA - BANCO DO BRASIL - CDB RENDE FÁCIL";"60015,95";"28/07/2026";"15:57:28"
"03/08/2026";"16:31:03";2026;2;"Eleição Ordinária";6259;"Eleições Gerais Estaduais 2026";"04/10/2026";"SP";"SP";"SÃO PAULO";250002532383;1;12;"Casa";"FRANCA";"11250,00";"28/07/2026";"15:57:28"
"03/08/2026";"16:31:03";2026;2;"Eleição Ordinária";6259;"Eleições Gerais Estaduais 2026";"04/10/2026";"SP";"SP";"SÃO PAULO";250002532381;6;61;"Depósito bancário em conta corrente no País";"BANCO DO BRASIL - CONTA CORRENTE";"12737,27";"28/07/2026";"15:57:28"
"03/08/2026";"16:31:03";2026;2;"Eleição Ordinária";6259;"Eleições Gerais Estaduais 2026";"04/10/2026";"SP";"SP";"SÃO PAULO";250002532383;3;32;"Quotas ou quinhões de capital";"100% EMPRESA EM FRANCA";"220000,00";"28/07/2026";"15:57:28"
"03/08/2026";"16:31:03";2026;2;"Eleição Ordinária";6259;"Eleições Gerais Estaduais 2026";"04/10/2026";"SP";"SP";"SÃO PAULO";250002532383;2;32;"Quotas ou quinhões de capital";"60% EMPRESA EM FRANCA";"285000,00";"28/07/2026";"15:57:28"
"03/08/2026";"16:31:03";2026;2;"Eleição Ordinária";6259;"Eleições Gerais Estaduais 2026";"04/10/2026";"SP";"SP";"SÃO PAULO";250002532383;4;3;"Galpão";"BARRACAO COMERCIAL EM FRANCA";"50000,00";"28/07/2026";"15:57:28"
"03/08/2026";"16:31:03";2026;2;"Eleição Ordinária";6259;"Eleições Gerais Estaduais 2026";"04/10/2026";"SP";"SP";"SÃO PAULO";250002532794;1;12;"Casa";"CASA RESIDENCIAL SÃO PAULO SP";"3150000,00";"28/07/2026";"15:57:28"
"03/08/2026";"16:31:03";2026;2;"Eleição Ordinária";6259;"Eleições Gerais Estaduais 2026";"04/10/2026";"SP";"SP";"SÃO PAULO";250002532383;5;61;"Depósito bancário em conta corrente no País";"SALDO EM CONTA CORRENTE";"120000,00";"28/07/2026";"15:57:28"
"03/08/2026";"16:31:03";2026;2;"Eleição Ordinária";6259;"Eleições Gerais Estaduais 2026";"04/10/2026";"SP";"SP";"SÃO PAULO";250002532794;2;19;"Outros bens imóveis";"IMOVEL RURAL INTERIOR SP";"2900000,00";"28/07/2026";"15:57:28"
"03/08/2026";"16:31:03";2026;2;"Eleição Ordinária";6259;"Eleições Gerais Estaduais 2026";"04/10/2026";"SP";"SP";"SÃO PAULO";250002533608;1;21;"Veículo automotor terrestre: caminhão, automóvel, moto, etc.";"VW SPACEFOX 2008";"28000,00";"30/07/2026";"18:07:38"
"03/08/2026";"16:31:03";2026;2;"Eleição Ordinária";6259;"Eleições Gerais Estaduais 2026";"04/10/2026";"SP";"SP";"SÃO PAULO";250002533607;1;95;"Consórcio não contemplado";"CARRO PRISMA 2013";"32000,00";"30/07/2026";"18:07:38"
"03/08/2026";"16:31:03";2026;2;"Eleição Ordinária";6259;"Eleições Gerais Estaduais 2026";"04/10/2026";"SP";"SP";"SÃO PAULO";250002532794;3;19;"Outros bens imóveis";"IMOVEL RURAL EM PORTUGAL";"3000000,00";"28/07/2026";"15:57:28"
"03/08/2026";"16:31:03";2026;2;"Eleição Ordinária";6259;"Eleições Gerais Estaduais 2026";"04/10/2026";"SP";"SP";"SÃO PAULO";250002533609;1;12;"Casa";"50% DE UM IMÓVEL RESIDENCIAL";"450000,00";"30/07/2026";"18:07:38"
"03/08/2026";"16:31:03";2026;2;"Eleição Ordinária";6259;"Eleições Gerais Estaduais 2026";"04/10/2026";"SP";"SP";"SÃO PAULO";250002533610;1;13;"Terreno";"LOTE 13, QUADRA 73, RIBEIROPOLIS PRAIA GRANDE SP";"10000,00";"30/07/2026";"18:07:38"
"03/08/2026";"16:31:03";2026;2;"Eleição Ordinária";6259;"Eleições Gerais Estaduais 2026";"04/10/2026";"SP";"SP";"SÃO PAULO";250002533610;2;13;"Terreno";"LOTE 22, QUADRA 80, RIBEIROPOLIS, PRAIA GRANDE SP";"10000,00";"30/07/2026";"18:07:38"
"03/08/2026";"16:31:03";2026;2;"Eleição Ordinária";6259;"Eleições Gerais Estaduais 2026";"04/10/2026";"SP";"SP";"SÃO PAULO";250002533610;4;13;"Terreno";"LOTE 12, QUADRA 73, RIBEIROPOLIS PRAIA GRANDE SP";"10000,00";"30/07/2026";"18:07:38"
"03/08/2026";"16:31:03";2026;2;"Eleição Ordinária";6259;"Eleições Gerais Estaduais 2026";"04/10/2026";"SP";"SP";"SÃO PAULO";250002533610;3;13;"Terreno";"LOTE 23, QUADRA 80, RIBEIROPOLIS, PRAIA GRANDE SP";"10000,00";"30/07/2026";"18:07:38"
"03/08/2026";"16:31:03";2026;2;"Eleição Ordinária";6259;"Eleições Gerais Estaduais 2026";"04/10/2026";"SP";"SP";"SÃO PAULO";250002533610;5;13;"Terreno";"LOTE 26, QUADRA 79, RIBEIROPOLIS PRAIA GRANDE SP";"10000,00";"30/07/2026";"18:07:38"
"03/08/2026";"16:31:03";2026;2;"Eleição Ordinária";6259;"Eleições Gerais Estaduais 2026";"04/10/2026";"SP";"SP";"SÃO PAULO";250002533610;6;13;"Terreno";"LOTE 31, QUADRA 79, RIBEIROPOLIS PRAIA GRANDE SP";"10000,00";"30/07/2026";"18:07:38"
"03/08/2026";"16:31:03";2026;2;"Eleição Ordinária";6259;"Eleições Gerais Estaduais 2026";"04/10/2026";"SP";"SP";"SÃO PAULO";250002533610;7;13;"Terreno";"LOTE 33, QUADRA 79, RIBEIROPOLIS , PRAIA GRANDE SP";"10000,00";"30/07/2026";"18:07:38"
"03/08/2026";"16:31:03";2026;2;"Eleição Ordinária";6259;"Eleições Gerais Estaduais 2026";"04/10/2026";"SP";"SP";"SÃO PAULO";250002533610;8;13;"Terreno";"LOTE 12 , QUADRA 72, RIBEIROPOLIS PRAIA GRANDE SP";"10000,00";"30/07/2026";"18:07:38"
"03/08/2026";"16:31:03";2026;2;"Eleição Ordinária";6259;"Eleições Gerais Estaduais 2026";"04/10/2026";"SP";"SP";"SÃO PAULO";250002533610;9;13;"Terreno";"LOTE 27, QUADRA 72, RIBEIROPOLIS PRAIA GRANDE SP";"10000,00";"30/07/2026";"18:07:38"
"03/08/2026";"16:31:03";2026;2;"Eleição Ordinária";6259;"Eleições Gerais Estaduais 2026";"04/10/2026";"SP";"SP";"SÃO PAULO";250002533610;10;13;"Terreno";"LOTE 20, QUADRA 76, RIBEIROPOLIS PRAIA GRANDE SP";"10000,00";"30/07/2026";"18:07:38"
"03/08/2026";"16:31:03";2026;2;"Eleição Ordinária";6259;"Eleições Gerais Estaduais 2026";"04/10/2026";"SP";"SP";"SÃO PAULO";250002533610;11;13;"Terreno";"LOTE 32, QUADRA 79, RIBEIROPOLIS PRAIA GRANDE SP";"10000,00";"30/07/2026";"18:07:38"
"03/08/2026";"16:31:03";2026;2;"Eleição Ordinária";6259;"Eleições Gerais Estaduais 2026";"04/10/2026";"SP";"SP";"SÃO PAULO";250002533612;3;12;"Casa";"CASA COM BENFEITORIAS";"90000,00";"30/07/2026";"18:07:38"
"03/08/2026";"16:31:03";2026;2;"Eleição Ordinária";6259;"Eleições Gerais Estaduais 2026";"04/10/2026";"SP";"SP";"SÃO PAULO";250002533612;1;12;"Casa";"CASA COM BENFEITORIAS";"62000,00";"30/07/2026";"18:07:38"
"03/08/2026";"16:31:03";2026;2;"Eleição Ordinária";6259;"Eleições Gerais Estaduais 2026";"04/10/2026";"SP";"SP";"SÃO PAULO";250002533612;2;12;"Casa";"CASA COM BENFEITORIAS";"62000,00";"30/07/2026";"18:07:38"
"03/08/2026";"16:31:03";2026;2;"Eleição Ordinária";6259;"Eleições Gerais Estaduais 2026";"04/10/2026";"SP";"SP";"SÃO PAULO";250002533613;2;12;"Casa";"PARTICIPAÇÃO DE 50% EM JOSÉ BONIFÁCIO";"70000,00";"30/07/2026";"18:07:38"
"03/08/2026";"16:31:03";2026;2;"Eleição Ordinária";6259;"Eleições Gerais Estaduais 2026";"04/10/2026";"SP";"SP";"SÃO PAULO";250002533613;1;21;"Veículo automotor terrestre: caminhão, automóvel, moto, etc.";"CARRO GOL 1.0 CITY ANO 2012";"20000,00";"30/07/2026";"18:07:38"
"03/08/2026";"16:31:03";2026;2;"Eleição Ordinária";6259;"Eleições Gerais Estaduais 2026";"04/10/2026";"SP";"SP";"SÃO PAULO";250002533612;4;19;"Outros bens imóveis";"50% DE SÍTIO DENOMINADO SÃO JOSÉ";"73000,00";"30/07/2026";"18:07:38"
"03/08/2026";"16:31:03";2026;2;"Eleição Ordinária";6259;"Eleições Gerais Estaduais 2026";"04/10/2026";"SP";"SP";"SÃO PAULO";250002533613;3;12;"Casa";"EM PLANALTO-SP";"70000,00";"30/07/2026";"18:07:38"
"03/08/2026";"16:31:03";2026;2;"Eleição Ordinária";6259;"Eleições Gerais Estaduais 2026";"04/10/2026";"SP";"SP";"SÃO PAULO";250002533614;1;21;"Veículo automotor terrestre: caminhão, automóvel, moto, etc.";"AUTOMÓVEL MARCA HYUNDAI HB20";"50000,00";"30/07/2026";"18:07:38"
"03/08/2026";"16:31:03";2026;2;"Eleição Ordinária";6259;"Eleições Gerais Estaduais 2026";"04/10/2026";"SP";"SP";"SÃO PAULO";250002533613;4;63;"Dinheiro em espécie - moeda nacional";"DINHEIRO";"300000,00";"30/07/2026";"18:07:38"
"03/08/2026";"16:31:03";2026;2;"Eleição Ordinária";6259;"Eleições Gerais Estaduais 2026";"04/10/2026";"SP";"SP";"SÃO PAULO";250002533614;2;12;"Casa";"RESIDENCIA TERREA";"300000,00";"30/07/2026";"18:07:38"
"03/08/2026";"16:31:03";2026;2;"Eleição Ordinária";6259;"Eleições Gerais Estaduais 2026";"04/10/2026";"SP";"SP";"SÃO PAULO";250002533615;2;45;"Aplicação de renda fixa (CDB, RDB e outros)";"CDB/RDB";"107459,60";"30/07/2026";"18:07:38"
"03/08/2026";"16:31:03";2026;2;"Eleição Ordinária";6259;"Eleições Gerais Estaduais 2026";"04/10/2026";"SP";"SP";"SÃO PAULO";250002533615;1;19;"Outros bens imóveis";"50% DE UMA SALA COMERCIAL EM JUNDIAÍ/SP";"120235,25";"30/07/2026";"18:07:38"
"03/08/2026";"16:31:03";2026;2;"Eleição Ordinária";6259;"Eleições Gerais Estaduais 2026";"04/10/2026";"SP";"SP";"SÃO PAULO";250002533615;4;21;"Veículo automotor terrestre: caminhão, automóvel, moto, etc.";"VEÍCULO SANTA FÉ, HYUNDAI, 2013/2014";"98000,00";"30/07/2026";"18:07:38"
"03/08/2026";"16:31:03";2026;2;"Eleição Ordinária";6259;"Eleições Gerais Estaduais 2026";"04/10/2026";"SP";"SP";"SÃO PAULO";250002533615;5;21;"Veículo automotor terrestre: caminhão, automóvel, moto, etc.";"VEÍCULO MOBI, FIAT, 2019/2020";"42000,00";"30/07/2026";"18:07:38"
"03/08/2026";"16:31:03";2026;2;"Eleição Ordinária";6259;"Eleições Gerais Estaduais 2026";"04/10/2026";"SP";"SP";"SÃO PAULO";250002533615;3;11;"Apartamento";"50% DE APARTAMENTO DE 79 METROS EM JUNDIAÍ/SP";"87382,50";"30/07/2026";"18:07:38"
"03/08/2026";"16:31:03";2026;2;"Eleição Ordinária";6259;"Eleições Gerais Estaduais 2026";"04/10/2026";"SP";"SP";"SÃO PAULO";250002533616;1;21;"Veículo automotor terrestre: caminhão, automóvel, moto, etc.";"MOTO";"31010,00";"30/07/2026";"18:07:38"
"03/08/2026";"16:31:03";2026;2;"Eleição Ordinária";6259;"Eleições Gerais Estaduais 2026";"04/10/2026";"SP";"SP";"SÃO PAULO";250002533617;1;21;"Veículo automotor terrestre: caminhão, automóvel, moto, etc.";"VEICULO FIAT HONDA";"38000,00";"30/07/2026";"18:07:38"
"03/08/2026";"16:31:03";2026;2;"Eleição Ordinária";6259;"Eleições Gerais Estaduais 2026";"04/10/2026";"SP";"SP";"SÃO PAULO";250002533616;2;99;"OUTROS BENS E DIREITOS";"INFORMADO POR CNPJ 00.360.305/0001-04";"294,65";"30/07/2026";"18:07:38"
"03/08/2026";"16:31:03";2026;2;"Eleição Ordinária";6259;"Eleições Gerais Estaduais 2026";"04/10/2026";"SP";"SP";"SÃO PAULO";250002533618;1;21;"Veículo automotor terrestre: caminhão, automóvel, moto, etc.";"VOLKSWAGEN T-CROSS";"84576,00";"30/07/2026";"18:07:38"
"03/08/2026";"16:31:03";2026;2;"Eleição Ordinária";6259;"Eleições Gerais Estaduais 2026";"04/10/2026";"SP";"SP";"SÃO PAULO";250002533619;1;21;"Veículo automotor terrestre: caminhão, automóvel, moto, etc.";"KIA/ CERATO";"40000,00";"30/07/2026";"18:07:38"
"03/08/2026";"16:31:03";2026;2;"Eleição Ordinária";6259;"Eleições Gerais Estaduais 2026";"04/10/2026";"SP";"SP";"SÃO PAULO";250002533618;2;19;"Outros bens imóveis";"SITIO EM PEDRO DE TOLEDO";"200000,00";"30/07/2026";"18:07:38"
"03/08/2026";"16:31:03";2026;2;"Eleição Ordinária";6259;"Eleições Gerais Estaduais 2026";"04/10/2026";"SP";"SP";"SÃO PAULO";250002533619;2;21;"Veículo automotor terrestre: caminhão, automóvel, moto, etc.";"MOTO YAMAHA 2015";"8245,00";"30/07/2026";"18:07:38"
"03/08/2026";"16:31:03";2026;2;"Eleição Ordinária";6259;"Eleições Gerais Estaduais 2026";"04/10/2026";"SP";"SP";"SÃO PAULO";250002533620;1;41;"Caderneta de poupança";"BANCO ITAU";"4970,54";"30/07/2026";"18:07:38"
"03/08/2026";"16:31:03";2026;2;"Eleição Ordinária";6259;"Eleições Gerais Estaduais 2026";"04/10/2026";"SP";"SP";"SÃO PAULO";250002533620;2;99;"OUTROS BENS E DIREITOS";"APARELHO DE ULTRASSONOGRAFIA PORTATIL MODELO MYSONO";"37500,00";"30/07/2026";"18:07:38"
"03/08/2026";"16:31:03";2026;2;"Eleição Ordinária";6259;"Eleições Gerais Estaduais 2026";"04/10/2026";"SP";"SP";"SÃO PAULO";250002533620;3;41;"Caderneta de poupança";"CAIXA ECONOMICA FEDERAL";"3096,65";"30/07/2026";"18:07:38"
"03/08/2026";"16:31:03";2026;2;"Eleição Ordinária";6259;"Eleições Gerais Estaduais 2026";"04/10/2026";"SP";"SP";"SÃO PAULO";250002533620;5;32;"Quotas ou quinhões de capital";"SOCIA PROPRIETARIO DA CLINICA ARTHI SERV CLINICA MEDICA";"78800,00";"30/07/2026";"18:07:38"
"03/08/2026";"16:31:03";2026;2;"Eleição Ordinária";6259;"Eleições Gerais Estaduais 2026";"04/10/2026";"SP";"SP";"SÃO PAULO";250002533620;4;99;"OUTROS BENS E DIREITOS";"UMA SALA COMERCIAL - RUA ORENSE 41 - CENTRO DIADEMA";"314382,55";"30/07/2026";"18:07:38"
"03/08/2026";"16:31:03";2026;2;"Eleição Ordinária";6259;"Eleições Gerais Estaduais 2026";"04/10/2026";"SP";"SP";"SÃO PAULO";250002533622;1;21;"Veículo automotor terrestre: caminhão, automóvel, moto, etc.";"AUTOMOVEL : MARCA MERCEDEZ BENZ-ANO 2016/ 2016";"150000,00";"30/07/2026";"18:07:38"
"03/08/2026";"16:31:03";2026;2;"Eleição Ordinária";6259;"Eleições Gerais Estaduais 2026";"04/10/2026";"SP";"SP";"SÃO PAULO";250002533624;2;45;"Aplicação de renda fixa (CDB, RDB e outros)";"CDB DI - BANCO DO BRASIL";"1294000,00";"30/07/2026";"18:07:38"
"03/08/2026";"16:31:03";2026;2;"Eleição Ordinária";6259;"Eleições Gerais Estaduais 2026";"04/10/2026";"SP";"SP";"SÃO PAULO";250002533624;1;99;"OUTROS BENS E DIREITOS";"100% DA CESSÃO DE DIREITOS SOBRE UM IMÓVEL";"750000,00";"30/07/2026";"18:07:38"
"03/08/2026";"16:31:03";2026;2;"Eleição Ordinária";6259;"Eleições Gerais Estaduais 2026";"04/10/2026";"SP";"SP";"SÃO PAULO";250002533624;5;11;"Apartamento";"COMPRA DE APTO";"300000,00";"30/07/2026";"18:07:38"
"03/08/2026";"16:31:03";2026;2;"Eleição Ordinária";6259;"Eleições Gerais Estaduais 2026";"04/10/2026";"SP";"SP";"SÃO PAULO";250002533624;3;49;"Outras aplicações e Investimentos";"RF REF DI PLUS AGIL - BANCO DO BRASIL";"9278,52";"30/07/2026";"18:07:38"
"03/08/2026";"16:31:03";2026;2;"Eleição Ordinária";6259;"Eleições Gerais Estaduais 2026";"04/10/2026";"SP";"SP";"SÃO PAULO";250002533624;4;49;"Outras aplicações e Investimentos";"KINGSTON CREDIT HIGH YLD FUNDO DE INVESTIMENTO EM COTAS DE FUN";"249053,60";"30/07/2026";"18:07:38"
"03/08/2026";"16:31:03";2026;2;"Eleição Ordinária";6259;"Eleições Gerais Estaduais 2026";"04/10/2026";"SP";"SP";"SÃO PAULO";250002533624;6;12;"Casa";"CASA EM CONDOMÍNIO";"1482692,02";"30/07/2026";"18:07:38"
"03/08/2026";"16:31:03";2026;2;"Eleição Ordinária";6259;"Eleições Gerais Estaduais 2026";"04/10/2026";"SP";"SP";"SÃO PAULO";250002533624;7;32;"Quotas ou quinhões de capital";"QUOTAS DE CAPITAL NA EMPRESA GIGAMAVIS ADMINISTRACAO E PARTICIPACOES LTDA";"529000,00";"30/07/2026";"18:07:38"
"03/08/2026";"16:31:03";2026;2;"Eleição Ordinária";6259;"Eleições Gerais Estaduais 2026";"04/10/2026";"SP";"SP";"SÃO PAULO";250002533624;8;61;"Depósito bancário em conta corrente no País";"SALDO CC BANCO INTER - VITOR FERRONATO CURY";"374,60";"30/07/2026";"18:07:38"
"03/08/2026";"16:31:03";2026;2;"Eleição Ordinária";6259;"Eleições Gerais Estaduais 2026";"04/10/2026";"SP";"SP";"SÃO PAULO";250002533624;9;32;"Quotas ou quinhões de capital";"QUOTAS DE CAPITAL NA EMPRESA GIGAMAVIS ADMINISTRACOES E PARTICIPACOES LTDA";"529000,00";"30/07/2026";"18:07:38"
"03/08/2026";"16:31:03";2026;2;"Eleição Ordinária";6259;"Eleições Gerais Estaduais 2026";"04/10/2026";"SP";"SP";"SÃO PAULO";250002533624;10;31;"Ações (inclusive as provenientes de linha telefônica)";"1.000 QUOTAS DA SOCIEDADE UNIPESSOAL - UNIBO CONSULTORIA EM GESTAO EMPRESARIAL E PARTICIPACOES LTDA";"1000,00";"30/07/2026";"18:07:38"
"03/08/2026";"16:31:03";2026;2;"Eleição Ordinária";6259;"Eleições Gerais Estaduais 2026";"04/10/2026";"SP";"SP";"SÃO PAULO";250002533624;11;49;"Outras aplicações e Investimentos";"FORT KNOX LIQUIDEZ FUNDO DE INVESTIMENTO FINANCEIRO";"767000,00";"30/07/2026";"18:07:38"
"03/08/2026";"16:31:03";2026;2;"Eleição Ordinária";6259;"Eleições Gerais Estaduais 2026";"04/10/2026";"SP";"SP";"SÃO PAULO";250002533624;14;39;"Outras participações societárias";"ADIANTAMENTO PARA FUTURO AUMENTO DE CAPITAL NA EMPRESA GIGAMAVIS ADM E PART";"30000,00";"30/07/2026";"18:07:38"
"03/08/2026";"16:31:03";2026;2;"Eleição Ordinária";6259;"Eleições Gerais Estaduais 2026";"04/10/2026";"SP";"SP";"SÃO PAULO";250002533624;12;19;"Outros bens imóveis";"CONSORCIO BRADESCO PARA AQUISICAO DE IMOVEL";"109075,04";"30/07/2026";"18:07:38"
"03/08/2026";"16:31:03";2026;2;"Eleição Ordinária";6259;"Eleições Gerais Estaduais 2026";"04/10/2026";"SP";"SP";"SÃO PAULO";250002533624;13;19;"Outros bens imóveis";"CONSORCIO BRADESCO PARA AQUISICAO DE IMOVEL";"102631,11";"30/07/2026";"18:07:38"
"03/08/2026";"16:31:03";2026;2;"Eleição Ordinária";6259;"Eleições Gerais Estaduais 2026";"04/10/2026";"SP";"SP";"SÃO PAULO";250002533624;15;31;"Ações (inclusive as provenientes de linha telefônica)";"CAPITAL EMPRESA RACHEL PAULO FERRONATO SOCIEDADE INDIVIDUAL DE ADVOCACIA";"1000,00";"30/07/2026";"18:07:38"
"03/08/2026";"16:31:03";2026;2;"Eleição Ordinária";6259;"Eleições Gerais Estaduais 2026";"04/10/2026";"SP";"SP";"SÃO PAULO";250002533624;16;19;"Outros bens imóveis";"CONSORCIO BRADESCO PARA AQUISICAO DE IMOVEL";"117608,13";"30/07/2026";"18:07:38"
"03/08/2026";"16:31:03";2026;2;"Eleição Ordinária";6259;"Eleições Gerais Estaduais 2026";"04/10/2026";"SP";"SP";"SÃO PAULO";250002533624;17;49;"Outras aplicações e Investimentos";"BB CONSORCIO";"16148,52";"30/07/2026";"18:07:38"
"03/08/2026";"16:31:03";2026;2;"Eleição Ordinária";6259;"Eleições Gerais Estaduais 2026";"04/10/2026";"SP";"SP";"SÃO PAULO";250002533624;18;45;"Aplicação de renda fixa (CDB, RDB e outros)";"BB CDB RENDE FACIL - INFORME BB";"71305,59";"30/07/2026";"18:07:38"
"03/08/2026";"16:31:03";2026;2;"Eleição Ordinária";6259;"Eleições Gerais Estaduais 2026";"04/10/2026";"SP";"SP";"SÃO PAULO";250002533624;20;61;"Depósito bancário em conta corrente no País";"SALDO VGBL";"11358,72";"30/07/2026";"18:07:38"
"03/08/2026";"16:31:03";2026;2;"Eleição Ordinária";6259;"Eleições Gerais Estaduais 2026";"04/10/2026";"SP";"SP";"SÃO PAULO";250002533624;19;49;"Outras aplicações e Investimentos";"OUROCAP UNICO - BANCO DO BRASIL";"17697,11";"30/07/2026";"18:07:38"
"03/08/2026";"16:31:03";2026;2;"Eleição Ordinária";6259;"Eleições Gerais Estaduais 2026";"04/10/2026";"SP";"SP";"SÃO PAULO";250002533624;21;45;"Aplicação de renda fixa (CDB, RDB e outros)";"BANCO INTER - TRIBUTADO - MANUELA FERRONATO CURY";"254,87";"30/07/2026";"18:07:38"
"03/08/2026";"16:31:03";2026;2;"Eleição Ordinária";6259;"Eleições Gerais Estaduais 2026";"04/10/2026";"SP";"SP";"SÃO PAULO";250002533624;22;61;"Depósito bancário em conta corrente no País";"CONTA ESTILO - BANCO DO BRASIL";"329,44";"30/07/2026";"18:07:38"
"03/08/2026";"16:31:03";2026;2;"Eleição Ordinária";6259;"Eleições Gerais Estaduais 2026";"04/10/2026";"SP";"SP";"SÃO PAULO";250002533624;23;49;"Outras aplicações e Investimentos";"BB CONSORCIO";"16148,52";"30/07/2026";"18:07:38"
"03/08/2026";"16:31:03";2026;2;"Eleição Ordinária";6259;"Eleições Gerais Estaduais 2026";"04/10/2026";"SP";"SP";"SÃO PAULO";250002533624;24;26;"Linha telefônica";"205 ACOES CXSE3";"2025,00";"30/07/2026";"18:07:38"
"03/08/2026";"16:31:03";2026;2;"Eleição Ordinária";6259;"Eleições Gerais Estaduais 2026";"04/10/2026";"SP";"SP";"SÃO PAULO";250002533624;25;45;"Aplicação de renda fixa (CDB, RDB e outros)";"APLICACAO RENDA FIXA (CDB) BANCO BRADESCO";"4855,34";"30/07/2026";"18:07:38"
"03/08/2026";"16:31:03";2026;2;"Eleição Ordinária";6259;"Eleições Gerais Estaduais 2026";"04/10/2026";"SP";"SP";"SÃO PAULO";250002533624;26;61;"Depósito bancário em conta corrente no País";"SALDO CONTA CORRENTE CEF. EM NOME DA ESPOSA RACHEL PAULO FERRONATO CURY.";"708150,00";"30/07/2026";"18:07:38"
"03/08/2026";"16:31:03";2026;2;"Eleição Ordinária";6259;"Eleições Gerais Estaduais 2026";"04/10/2026";"SP";"SP";"SÃO PAULO";250002533624;28;79;"Outros fundos";"LETRA DE CREDITO DO AGRONEGOCIO - BTG PACTUAL EM NOME DE RACHEL PAULO FERRONATO CURY";"50000,00";"30/07/2026";"18:07:38"
"03/08/2026";"16:31:03";2026;2;"Eleição Ordinária";6259;"Eleições Gerais Estaduais 2026";"04/10/2026";"SP";"SP";"SÃO PAULO";250002533624;29;49;"Outras aplicações e Investimentos";"CRÉDITO JUNTO A EMPRESA GIGAMAIS ADM E PART LTDA";"714539,83";"30/07/2026";"18:07:38"
"03/08/2026";"16:31:03";2026;2;"Eleição Ordinária";6259;"Eleições Gerais Estaduais 2026";"04/10/2026";"SP";"SP";"SÃO PAULO";250002533624;27;19;"Outros bens imóveis";"CONSORCIO BRADESCO PARA AQUISICAO DE IMOVEL";"227605,25";"30/07/2026";"18:07:38"
"03/08/2026";"16:31:03";2026;2;"Eleição Ordinária";6259;"Eleições Gerais Estaduais 2026";"04/10/2026";"SP";"SP";"SÃO PAULO";250002533626;2;11;"Apartamento";"APTO , CAMPINAS-SP";"383000,00";"30/07/2026";"18:07:38"
"03/08/2026";"16:31:03";2026;2;"Eleição Ordinária";6259;"Eleições Gerais Estaduais 2026";"04/10/2026";"SP";"SP";"SÃO PAULO";250002533626;3;11;"Apartamento";"APARTAMENTO CAMPINAS-SP";"310000,00";"30/07/2026";"18:07:38"
"03/08/2026";"16:31:03";2026;2;"Eleição Ordinária";6259;"Eleições Gerais Estaduais 2026";"04/10/2026";"SP";"SP";"SÃO PAULO";250002533626;1;61;"Depósito bancário em conta corrente no País";"BANCO BRADESCO CONTA CORRENTE";"53,69";"30/07/2026";"18:07:38"
"03/08/2026";"16:31:03";2026;2;"Eleição Ordinária";6259;"Eleições Gerais Estaduais 2026";"04/10/2026";"SP";"SP";"SÃO PAULO";250002533626;5;32;"Quotas ou quinhões de capital";"14.000 COTAS - LFT PRODUTOS ALIMENTÍCIOS LTDA";"14000,00";"30/07/2026";"18:07:38"
"03/08/2026";"16:31:03";2026;2;"Eleição Ordinária";6259;"Eleições Gerais Estaduais 2026";"04/10/2026";"SP";"SP";"SÃO PAULO";250002533626;4;13;"Terreno";"TERRENO ESPÍRITO SANTO DO PINHAL-SP 20000,00";"20000,00";"30/07/2026";"18:07:38"
"03/08/2026";"16:31:03";2026;2;"Eleição Ordinária";6259;"Eleições Gerais Estaduais 2026";"04/10/2026";"SP";"SP";"SÃO PAULO";250002533626;6;49;"Outras aplicações e Investimentos";"BANCO SANTANDER TÍTULO DE CAPITALIZAÇÃO";"10599,42";"30/07/2026";"18:07:38"
"03/08/2026";"16:31:03";2026;2;"Eleição Ordinária";6259;"Eleições Gerais Estaduais 2026";"04/10/2026";"SP";"SP";"SÃO PAULO";250002533626;7;11;"Apartamento";"APARTAMENTO SP PRAÇA VILLA LOBOS";"3420000,00";"30/07/2026";"18:07:38"
"03/08/2026";"16:31:03";2026;2;"Eleição Ordinária";6259;"Eleições Gerais Estaduais 2026";"04/10/2026";"SP";"SP";"SÃO PAULO";250002533626;8;11;"Apartamento";"APTO DUPLEX  BERRINI, SP";"1040431,76";"30/07/2026";"18:07:38"
"03/08/2026";"16:31:03";2026;2;"Eleição Ordinária";6259;"Eleições Gerais Estaduais 2026";"04/10/2026";"SP";"SP";"SÃO PAULO";250002533626;9;11;"Apartamento";"APTO, SANTOS-SP";"460828,74";"30/07/2026";"18:07:38"
"03/08/2026";"16:31:03";2026;2;"Eleição Ordinária";6259;"Eleições Gerais Estaduais 2026";"04/10/2026";"SP";"SP";"SÃO PAULO";250002533626;11;11;"Apartamento";"APTO CAMPINAS-SP";"35000,00";"30/07/2026";"18:07:38"
"03/08/2026";"16:31:03";2026;2;"Eleição Ordinária";6259;"Eleições Gerais Estaduais 2026";"04/10/2026";"SP";"SP";"SÃO PAULO";250002533626;10;99;"OUTROS BENS E DIREITOS";"BENS DIVERSOS";"1420810,99";"30/07/2026";"18:07:38"
"03/08/2026";"16:31:03";2026;2;"Eleição Ordinária";6259;"Eleições Gerais Estaduais 2026";"04/10/2026";"SP";"SP";"SÃO PAULO";250002533626;12;13;"Terreno";"TERRENO ESPÍRITO SANTO DO PINHAL-SP";"20000,00";"30/07/2026";"18:07:38"
"03/08/2026";"16:31:03";2026;2;"Eleição Ordinária";6259;"Eleições Gerais Estaduais 2026";"04/10/2026";"SP";"SP";"SÃO PAULO";250002533626;15;11;"Apartamento";"APARTAMENTO , PERDIZES, SP";"161000,00";"30/07/2026";"18:07:38"
"03/08/2026";"16:31:03";2026;2;"Eleição Ordinária";6259;"Eleições Gerais Estaduais 2026";"04/10/2026";"SP";"SP";"SÃO PAULO";250002533626;13;99;"OUTROS BENS E DIREITOS";"VAGA MÉDIA M-61 SUBSOLO - PERDIZES, SP";"22000,00";"30/07/2026";"18:07:38"
"03/08/2026";"16:31:03";2026;2;"Eleição Ordinária";6259;"Eleições Gerais Estaduais 2026";"04/10/2026";"SP";"SP";"SÃO PAULO";250002533626;14;13;"Terreno";"TERRENO ESPÍRITO SANTO DO PINHAL-SP";"40000,00";"30/07/2026";"18:07:38"
"03/08/2026";"16:31:03";2026;2;"Eleição Ordinária";6259;"Eleições Gerais Estaduais 2026";"04/10/2026";"SP";"SP";"SÃO PAULO";250002533626;18;12;"Casa";"CASA NA ESPANHA";"3146274,63";"30/07/2026";"18:07:38"
"03/08/2026";"16:31:03";2026;2;"Eleição Ordinária";6259;"Eleições Gerais Estaduais 2026";"04/10/2026";"SP";"SP";"SÃO PAULO";250002533626;17;32;"Quotas ou quinhões de capital";"2.284.630 QUOTAS - L.F.C. ESPORTES E EVENTOS S/C LTDA";"2284630,00";"30/07/2026";"18:07:38"
"03/08/2026";"16:31:03";2026;2;"Eleição Ordinária";6259;"Eleições Gerais Estaduais 2026";"04/10/2026";"SP";"SP";"SÃO PAULO";250002533626;16;11;"Apartamento";"APTO SANTOS-SP";"450000,00";"30/07/2026";"18:07:38"
"03/08/2026";"16:31:03";2026;2;"Eleição Ordinária";6259;"Eleições Gerais Estaduais 2026";"04/10/2026";"SP";"SP";"SÃO PAULO";250002533626;19;12;"Casa";"CASA NA ESPANHA";"1486887,65";"30/07/2026";"18:07:38"
"03/08/2026";"16:31:03";2026;2;"Eleição Ordinária";6259;"Eleições Gerais Estaduais 2026";"04/10/2026";"SP";"SP";"SÃO PAULO";250002533626;21;11;"Apartamento";"NATAL-RN (37M²)";"184982,30";"30/07/2026";"18:07:38"
"03/08/2026";"16:31:03";2026;2;"Eleição Ordinária";6259;"Eleições Gerais Estaduais 2026";"04/10/2026";"SP";"SP";"SÃO PAULO";250002533626;20;99;"OUTROS BENS E DIREITOS";"BANCO BRADESCO: TÍTULO DE CAPITALIZAÇÃO";"8435,60";"30/07/2026";"18:07:38"
"03/08/2026";"16:31:03";2026;2;"Eleição Ordinária";6259;"Eleições Gerais Estaduais 2026";"04/10/2026";"SP";"SP";"SÃO PAULO";250002533626;22;11;"Apartamento";"PONTA NEGRA, NATAL-RN (32M²)";"130887,48";"30/07/2026";"18:07:38"
"03/08/2026";"16:31:03";2026;2;"Eleição Ordinária";6259;"Eleições Gerais Estaduais 2026";"04/10/2026";"SP";"SP";"SÃO PAULO";250002533626;23;11;"Apartamento";"APARTAMENTO , NATAL-RN (53M²)";"150985,56";"30/07/2026";"18:07:38"
"03/08/2026";"16:31:03";2026;2;"Eleição Ordinária";6259;"Eleições Gerais Estaduais 2026";"04/10/2026";"SP";"SP";"SÃO PAULO";250002533626;24;11;"Apartamento";"APARTAMENTO NATAL-RN (53M²)";"158084,88";"30/07/2026";"18:07:38"
"03/08/2026";"16:31:03";2026;2;"Eleição Ordinária";6259;"Eleições Gerais Estaduais 2026";"04/10/2026";"SP";"SP";"SÃO PAULO";250002533626;25;12;"Casa";"2 CASAS";"550000,00";"30/07/2026";"18:07:38"
"03/08/2026";"16:31:03";2026;2;"Eleição Ordinária";6259;"Eleições Gerais Estaduais 2026";"04/10/2026";"SP";"SP";"SÃO PAULO";250002533626;27;11;"Apartamento";"APARTAMENTO , NATAL-RN (34M²)";"184982,30";"30/07/2026";"18:07:38"
"03/08/2026";"16:31:03";2026;2;"Eleição Ordinária";6259;"Eleições Gerais Estaduais 2026";"04/10/2026";"SP";"SP";"SÃO PAULO";250002533626;26;13;"Terreno";"TERRENO JAGUARIÚNA-SP";"200000,00";"30/07/2026";"18:07:38"
"03/08/2026";"16:31:03";2026;2;"Eleição Ordinária";6259;"Eleições Gerais Estaduais 2026";"04/10/2026";"SP";"SP";"SÃO PAULO";250002533626;29;32;"Quotas ou quinhões de capital";"TITULAR DA EIRELI - CLEMENTE INVESTIMENTOS E PARTICIPAÇÕES";"95400,00";"30/07/2026";"18:07:38"
"03/08/2026";"16:31:03";2026;2;"Eleição Ordinária";6259;"Eleições Gerais Estaduais 2026";"04/10/2026";"SP";"SP";"SÃO PAULO";250002533626;30;99;"OUTROS BENS E DIREITOS";"EMPRÉSTIMO CONCEDIDO - FERNANDO JORGE";"2000000,00";"30/07/2026";"18:07:38"
"03/08/2026";"16:31:03";2026;2;"Eleição Ordinária";6259;"Eleições Gerais Estaduais 2026";"04/10/2026";"SP";"SP";"SÃO PAULO";250002533626;28;19;"Outros bens imóveis";"ESCRITÓRIO    BARRA FUNDA, SP";"400000,00";"30/07/2026";"18:07:38"
"03/08/2026";"16:31:03";2026;2;"Eleição Ordinária";6259;"Eleições Gerais Estaduais 2026";"04/10/2026";"SP";"SP";"SÃO PAULO";250002533626;31;11;"Apartamento";"APARTAMENTO  CAMPINAS-SP";"275000,00";"30/07/2026";"18:07:38"
"03/08/2026";"16:31:03";2026;2;"Eleição Ordinária";6259;"Eleições Gerais Estaduais 2026";"04/10/2026";"SP";"SP";"SÃO PAULO";250002533626;32;11;"Apartamento";"APARTAMENTO  NATAL-RN";"130887,40";"30/07/2026";"18:07:38"
"03/08/2026";"16:31:03";2026;2;"Eleição Ordinária";6259;"Eleições Gerais Estaduais 2026";"04/10/2026";"SP";"SP";"SÃO PAULO";250002533626;33;13;"Terreno";"TERRENO ESPÍRITO SANTO DO PINHAL-SP 20000,00";"20000,00";"30/07/2026";"18:07:38"
"03/08/2026";"16:31:03";2026;2;"Eleição Ordinária";6259;"Eleições Gerais Estaduais 2026";"04/10/2026";"SP";"SP";"SÃO PAULO";250002533626;36;12;"Casa";"CASA  CAMPINAS-SP";"71000,00";"30/07/2026";"18:07:38"
"03/08/2026";"16:31:03";2026;2;"Eleição Ordinária";6259;"Eleições Gerais Estaduais 2026";"04/10/2026";"SP";"SP";"SÃO PAULO";250002533626;35;45;"Aplicação de renda fixa (CDB, RDB e outros)";"BANCO BRADESCO CDB";"2178,72";"30/07/2026";"18:07:38"
"03/08/2026";"16:31:03";2026;2;"Eleição Ordinária";6259;"Eleições Gerais Estaduais 2026";"04/10/2026";"SP";"SP";"SÃO PAULO";250002533626;34;99;"OUTROS BENS E DIREITOS";"EMPRÉSTIMO CONCEDIDO - PATRICIA DE SOUZA SANTOS";"275500,00";"30/07/2026";"18:07:38"
"03/08/2026";"16:31:03";2026;2;"Eleição Ordinária";6259;"Eleições Gerais Estaduais 2026";"04/10/2026";"SP";"SP";"SÃO PAULO";250002533626;37;3;"Galpão";"LOJA 3 BARRA FUNDA, SP";"540000,00";"30/07/2026";"18:07:38"
"03/08/2026";"16:31:03";2026;2;"Eleição Ordinária";6259;"Eleições Gerais Estaduais 2026";"04/10/2026";"SP";"SP";"SÃO PAULO";250002533627;1;3;"Galpão";"BARRACÃO - RUA MIGUEL  - HORTOLÂNDIA -  CONFORME DECLARARAÇÃO DE BENS E DIREITOS NO IR NO EXERCICIO 2026 10995,00";"10995,00";"30/07/2026";"18:07:38"
"03/08/2026";"16:31:03";2026;2;"Eleição Ordinária";6259;"Eleições Gerais Estaduais 2026";"04/10/2026";"SP";"SP";"SÃO PAULO";250002533627;2;13;"Terreno";"125,0 METROS QUADRADOS EM TATUI/SP -  CONFORME DECLARARAÇÃO DE BENS E DIREITOS NO IR NO EXERCICIO 2026 200,00";"200,00";"30/07/2026";"18:07:38"
"03/08/2026";"16:31:03";2026;2;"Eleição Ordinária";6259;"Eleições Gerais Estaduais 2026";"04/10/2026";"SP";"SP";"SÃO PAULO";250002533627;3;21;"Veículo automotor terrestre: caminhão, automóvel, moto, etc.";"CAMIONETE F150 ANO 1995 - CONFORME DECLARARAÇÃO DE BENS E DIREITOS NO IR NO EXERCICIO 2026 21000,00";"21000,00";"30/07/2026";"18:07:38"
"03/08/2026";"16:31:03";2026;2;"Eleição Ordinária";6259;"Eleições Gerais Estaduais 2026";"04/10/2026";"SP";"SP";"SÃO PAULO";250002533627;4;11;"Apartamento";"APTO 282,0 METROS QUADRADOS EM CAMPINAS/SP -  CONFORME DECLARARAÇÃO DE BENS E DIREITOS  200825,49";"200825,49";"30/07/2026";"18:07:38"
"03/08/2026";"16:31:03";2026;2;"Eleição Ordinária";6259;"Eleições Gerais Estaduais 2026";"04/10/2026";"SP";"SP";"SÃO PAULO";250002533627;5;13;"Terreno";"194,8 METROS QUADRADOS EM TATUI/SP -  CONFORME DECLARARAÇÃO DE BENS E DIREITOS NO IR NO EXERCICIO 2026";"350,00";"30/07/2026";"18:07:38"
"03/08/2026";"16:31:03";2026;2;"Eleição Ordinária";6259;"Eleições Gerais Estaduais 2026";"04/10/2026";"SP";"SP";"SÃO PAULO";250002533627;8;21;"Veículo automotor terrestre: caminhão, automóvel, moto, etc.";". VOLVO S40 ANO 2000 - CONFORME DECLARARAÇÃO DE BENS E DIREITOS NO IR NO EXERCICIO 2026";"69000,00";"30/07/2026";"18:07:38"
"03/08/2026";"16:31:03";2026;2;"Eleição Ordinária";6259;"Eleições Gerais Estaduais 2026";"04/10/2026";"SP";"SP";"SÃO PAULO";250002533627;6;13;"Terreno";"131,4 METROS QUADRADOS EM TATUI/SP -  CONFORME DECLARARAÇÃO DE BENS E DIREITOS NO IR NO EXERCICIO 2026";"300,00";"30/07/2026";"18:07:38"
"03/08/2026";"16:31:03";2026;2;"Eleição Ordinária";6259;"Eleições Gerais Estaduais 2026";"04/10/2026";"SP";"SP";"SÃO PAULO";250002533627;7;13;"Terreno";"7.812,3 METROS QUADRADOS EM HORTOLANDIA/SP  -  CONFORME DECLARARAÇÃO DE BENS E DIREITOS NO IR NO EXERCICIO 2026";"634000,00";"30/07/2026";"18:07:38"
"03/08/2026";"16:31:03";2026;2;"Eleição Ordinária";6259;"Eleições Gerais Estaduais 2026";"04/10/2026";"SP";"SP";"SÃO PAULO";250002533627;9;63;"Dinheiro em espécie - moeda nacional";"DINHEIRO EM R$ EM ESPECIE";"280000,00";"30/07/2026";"18:07:38"
"03/08/2026";"16:31:03";2026;2;"Eleição Ordinária";6259;"Eleições Gerais Estaduais 2026";"04/10/2026";"SP";"SP";"SÃO PAULO";250002533627;11;61;"Depósito bancário em conta corrente no País";"SALDO NO BANCO ITAÚ EM 11/06/2026";"1759,67";"30/07/2026";"18:07:38"
"03/08/2026";"16:31:03";2026;2;"Eleição Ordinária";6259;"Eleições Gerais Estaduais 2026";"04/10/2026";"SP";"SP";"SÃO PAULO";250002533627;10;13;"Terreno";"125,0 METROS QUADRADOS EM TATUI/SP- CONFORME DECLARARAÇÃO DE BENS E DIREITOS NO IR NO EXERCICIO 2026";"200,00";"30/07/2026";"18:07:38"
"03/08/2026";"16:31:03";2026;2;"Eleição Ordinária";6259;"Eleições Gerais Estaduais 2026";"04/10/2026";"SP";"SP";"SÃO PAULO";250002533627;14;45;"Aplicação de renda fixa (CDB, RDB e outros)";"FUNDOS DE INVESTIMENTO - POSIÇÃO CONSOLIDADA DE 11/06/2026 ÁS 17H50 (BANCO ITAÚ)";"1064341,42";"30/07/2026";"18:07:38"
"03/08/2026";"16:31:03";2026;2;"Eleição Ordinária";6259;"Eleições Gerais Estaduais 2026";"04/10/2026";"SP";"SP";"SÃO PAULO";250002533627;13;32;"Quotas ou quinhões de capital";"QUOTAS DE 224.999 DA EMPRESA";"224999,00";"30/07/2026";"18:07:38"
"03/08/2026";"16:31:03";2026;2;"Eleição Ordinária";6259;"Eleições Gerais Estaduais 2026";"04/10/2026";"SP";"SP";"SÃO PAULO";250002533627;12;11;"Apartamento";"APTO DE 91,0 METROS QUADRADOS EM CMAPINAS/SP";"180000,00";"30/07/2026";"18:07:38"
"03/08/2026";"16:31:03";2026;2;"Eleição Ordinária";6259;"Eleições Gerais Estaduais 2026";"04/10/2026";"SP";"SP";"SÃO PAULO";250002533627;17;32;"Quotas ou quinhões de capital";"AÇÕES - (BANCO ITAÚ)";"943206,00";"30/07/2026";"18:07:38"
"03/08/2026";"16:31:03";2026;2;"Eleição Ordinária";6259;"Eleições Gerais Estaduais 2026";"04/10/2026";"SP";"SP";"SÃO PAULO";250002533627;15;45;"Aplicação de renda fixa (CDB, RDB e outros)";"CDB, RENDA FIXA E ESTRUTURADOS - (BANCO ITAÚ)";"103800,16";"30/07/2026";"18:07:38"
"03/08/2026";"16:31:03";2026;2;"Eleição Ordinária";6259;"Eleições Gerais Estaduais 2026";"04/10/2026";"SP";"SP";"SÃO PAULO";250002533627;16;61;"Depósito bancário em conta corrente no País";"SALDO NO BANCO INTER EM 11/06/2026";"981,98";"30/07/2026";"18:07:38"
"03/08/2026";"16:31:03";2026;2;"Eleição Ordinária";6259;"Eleições Gerais Estaduais 2026";"04/10/2026";"SP";"SP";"SÃO PAULO";250002533627;18;21;"Veículo automotor terrestre: caminhão, automóvel, moto, etc.";"VOLVO S40 ANO 2021 - ADQUIRIDA EM¿06/02/2026";"110000,00";"30/07/2026";"18:07:38"
"03/08/2026";"16:31:03";2026;2;"Eleição Ordinária";6259;"Eleições Gerais Estaduais 2026";"04/10/2026";"SP";"SP";"SÃO PAULO";250002533627;20;61;"Depósito bancário em conta corrente no País";"SALDO NO BANCO SANTANDER EM 11/06/2026";"12523,94";"30/07/2026";"18:07:38"
"03/08/2026";"16:31:03";2026;2;"Eleição Ordinária";6259;"Eleições Gerais Estaduais 2026";"04/10/2026";"SP";"SP";"SÃO PAULO";250002533627;19;19;"Outros bens imóveis";"FAZENDA DE 38,9 HÁ EM AMPARO/SP - CONFORME DECLARARAÇÃO DE BENS E DIREITOS NO IR NO EXERCICIO 2026";"128255,78";"30/07/2026";"18:07:38"
"03/08/2026";"16:31:03";2026;2;"Eleição Ordinária";6259;"Eleições Gerais Estaduais 2026";"04/10/2026";"SP";"SP";"SÃO PAULO";250002533627;22;12;"Casa";"CASA DE 137,3 METROS QUADRADOS EM HORTOLÂNDIA/SP -  CONFORME DECLARARAÇÃO DE BENS E DIREITOS NO IR NO EXERCICIO 2026 16000,00";"16000,00";"30/07/2026";"18:07:38"
"03/08/2026";"16:31:03";2026;2;"Eleição Ordinária";6259;"Eleições Gerais Estaduais 2026";"04/10/2026";"SP";"SP";"SÃO PAULO";250002533627;21;21;"Veículo automotor terrestre: caminhão, automóvel, moto, etc.";"LEXUS UX250HFSPORT ANO 2019 - CONFORME DECLARARAÇÃO DE BENS E DIREITOS NO IR NO EXERCICIO 2026";"190000,00";"30/07/2026";"18:07:38"
"03/08/2026";"16:31:03";2026;2;"Eleição Ordinária";6259;"Eleições Gerais Estaduais 2026";"04/10/2026";"SP";"SP";"SÃO PAULO";250002533628;1;63;"Dinheiro em espécie - moeda nacional";"DISPONIBILIDADE EM PODER DO DECLARANTE NA OCASIÃO";"50000,00";"30/07/2026";"18:07:38"
"03/08/2026";"16:31:03";2026;2;"Eleição Ordinária";6259;"Eleições Gerais Estaduais 2026";"04/10/2026";"SP";"SP";"SÃO PAULO";250002533628;2;32;"Quotas ou quinhões de capital";"PARTICIPAÇÃO SOCIETÁRIA EMPRESA NOSSA BATUCADA";"1,00";"30/07/2026";"18:07:38"
"03/08/2026";"16:31:03";2026;2;"Eleição Ordinária";6259;"Eleições Gerais Estaduais 2026";"04/10/2026";"SP";"SP";"SÃO PAULO";250002533629;1;32;"Quotas ou quinhões de capital";"99% COTAS DE CAPITAL SOCIAL DA EMPRESA WORLD PIZZAS";"4950,00";"30/07/2026";"18:07:38"
"03/08/2026";"16:31:03";2026;2;"Eleição Ordinária";6259;"Eleições Gerais Estaduais 2026";"04/10/2026";"SP";"SP";"SÃO PAULO";250002533628;3;61;"Depósito bancário em conta corrente no País";"SALDO EM CONTA CORRENTE";"756,85";"30/07/2026";"18:07:38"
"03/08/2026";"16:31:03";2026;2;"Eleição Ordinária";6259;"Eleições Gerais Estaduais 2026";"04/10/2026";"SP";"SP";"SÃO PAULO";250002533629;4;32;"Quotas ou quinhões de capital";"100% COTAS DE CAPITAL SOCIAL DA EMPRESA CASA CALDEIRA";"99800,00";"30/07/2026";"18:07:38"
"03/08/2026";"16:31:03";2026;2;"Eleição Ordinária";6259;"Eleições Gerais Estaduais 2026";"04/10/2026";"SP";"SP";"SÃO PAULO";250002533629;3;32;"Quotas ou quinhões de capital";"100% QUOTAS EMPRESA CASA CALDEIRA PASTELARIAA E SORVETERIA";"20000,00";"30/07/2026";"18:07:38"
"03/08/2026";"16:31:03";2026;2;"Eleição Ordinária";6259;"Eleições Gerais Estaduais 2026";"04/10/2026";"SP";"SP";"SÃO PAULO";250002533629;2;32;"Quotas ou quinhões de capital";"100% COTAS DE CAPITAL SOCIAL DA EMPRESA IEDA CALDEIRA DA SILVA";"5000,00";"30/07/2026";"18:07:38"
"03/08/2026";"16:31:03";2026;2;"Eleição Ordinária";6259;"Eleições Gerais Estaduais 2026";"04/10/2026";"SP";"SP";"SÃO PAULO";250002533630;3;32;"Quotas ou quinhões de capital";"QUOTAS OU QUINHÕES DE CAPITAL D.M. GEST. PATRIMONIAL";"1605000,00";"30/07/2026";"18:07:38"
"03/08/2026";"16:31:03";2026;2;"Eleição Ordinária";6259;"Eleições Gerais Estaduais 2026";"04/10/2026";"SP";"SP";"SÃO PAULO";250002533630;1;95;"Consórcio não contemplado";"CONSÓRCIO NÃO CONTEMPLADO BB ADMIN";"31096,53";"30/07/2026";"18:07:38"
"03/08/2026";"16:31:03";2026;2;"Eleição Ordinária";6259;"Eleições Gerais Estaduais 2026";"04/10/2026";"SP";"SP";"SÃO PAULO";250002533630;2;95;"Consórcio não contemplado";"CONSÓRCIO NÃO CONTEMPLADO BB ADMIN";"21494,22";"30/07/2026";"18:07:38"
"03/08/2026";"16:31:03";2026;2;"Eleição Ordinária";6259;"Eleições Gerais Estaduais 2026";"04/10/2026";"SP";"SP";"SÃO PAULO";250002533630;4;32;"Quotas ou quinhões de capital";"QUOTAS OU QUINHÕES DE CAPITAL FIRMA INDIVIDUAL";"5000,00";"30/07/2026";"18:07:38"
"03/08/2026";"16:31:03";2026;2;"Eleição Ordinária";6259;"Eleições Gerais Estaduais 2026";"04/10/2026";"SP";"SP";"SÃO PAULO";250002533630;6;97;"VGBL - Vida Gerador de Benefício Livre";"VGBL - VIDA GERADOR DE BENEFÍCIO LIVRE BRASILPREV";"33814,57";"30/07/2026";"18:07:38"
"03/08/2026";"16:31:03";2026;2;"Eleição Ordinária";6259;"Eleições Gerais Estaduais 2026";"04/10/2026";"SP";"SP";"SÃO PAULO";250002533630;5;97;"VGBL - Vida Gerador de Benefício Livre";"VGBL - VIDA GERADOR DE BENEFÍCIO LIVRE BRASILPREV";"33814,57";"30/07/2026";"18:07:38"
"03/08/2026";"16:31:03";2026;2;"Eleição Ordinária";6259;"Eleições Gerais Estaduais 2026";"04/10/2026";"SP";"SP";"SÃO PAULO";250002533630;8;45;"Aplicação de renda fixa (CDB, RDB e outros)";"APLICAÇÃO DE RENDA FIXA (CDB, RDB E OUTROS) CDB";"4308,07";"30/07/2026";"18:07:38"
"03/08/2026";"16:31:03";2026;2;"Eleição Ordinária";6259;"Eleições Gerais Estaduais 2026";"04/10/2026";"SP";"SP";"SÃO PAULO";250002533630;7;61;"Depósito bancário em conta corrente no País";"DEPÓSITO BANCÁRIO EM CONTA CORRENTE NO PAÍS CONTA CORRENTE";"1047,34";"30/07/2026";"18:07:38"
"03/08/2026";"16:31:03";2026;2;"Eleição Ordinária";6259;"Eleições Gerais Estaduais 2026";"04/10/2026";"SP";"SP";"SÃO PAULO";250002533630;9;97;"VGBL - Vida Gerador de Benefício Livre";"VGBL - VIDA GERADOR DE BENEFÍCIO LIVRE BRASILPREV";"116347,91";"30/07/2026";"18:07:38"
"03/08/2026";"16:31:03";2026;2;"Eleição Ordinária";6259;"Eleições Gerais Estaduais 2026";"04/10/2026";"SP";"SP";"SÃO PAULO";250002533630;10;32;"Quotas ou quinhões de capital";"QUOTAS OU QUINHÕES DE CAPITAL HUGHES AGROPEC. ADMIN DE BENS";"500000,00";"30/07/2026";"18:07:38"
"03/08/2026";"16:31:03";2026;2;"Eleição Ordinária";6259;"Eleições Gerais Estaduais 2026";"04/10/2026";"SP";"SP";"SÃO PAULO";250002533632;1;45;"Aplicação de renda fixa (CDB, RDB e outros)";"CAPITAL ACUMULADO EM COOPERATIVA DE CREDITO";"1503,41";"30/07/2026";"18:07:38"
"03/08/2026";"16:31:03";2026;2;"Eleição Ordinária";6259;"Eleições Gerais Estaduais 2026";"04/10/2026";"SP";"SP";"SÃO PAULO";250002533630;11;63;"Dinheiro em espécie - moeda nacional";"DINHEIRO EM ESPÉCIE - MOEDA NACIONAL MOEDA CORRENTE";"150000,00";"30/07/2026";"18:07:38"
"03/08/2026";"16:31:03";2026;2;"Eleição Ordinária";6259;"Eleições Gerais Estaduais 2026";"04/10/2026";"SP";"SP";"SÃO PAULO";250002533632;3;61;"Depósito bancário em conta corrente no País";"CONTA CORRENTE BANCO DO BRASIL S/A";"289,74";"30/07/2026";"18:07:38"
"03/08/2026";"16:31:03";2026;2;"Eleição Ordinária";6259;"Eleições Gerais Estaduais 2026";"04/10/2026";"SP";"SP";"SÃO PAULO";250002533632;4;61;"Depósito bancário em conta corrente no País";"DEPOSITO CONTA CORRENTE BANCO SICRED";"22154,85";"30/07/2026";"18:07:38"
"03/08/2026";"16:31:03";2026;2;"Eleição Ordinária";6259;"Eleições Gerais Estaduais 2026";"04/10/2026";"SP";"SP";"SÃO PAULO";250002533632;2;19;"Outros bens imóveis";"APARTAMENTO TIPO 3 - NO MUNICIPIO DE BAURU - SP";"206874,44";"30/07/2026";"18:07:38"
"03/08/2026";"16:31:03";2026;2;"Eleição Ordinária";6259;"Eleições Gerais Estaduais 2026";"04/10/2026";"SP";"SP";"SÃO PAULO";250002533632;5;41;"Caderneta de poupança";"POUPANCA BANCO SICRED";"145,57";"30/07/2026";"18:07:38"
"03/08/2026";"16:31:03";2026;2;"Eleição Ordinária";6259;"Eleições Gerais Estaduais 2026";"04/10/2026";"SP";"SP";"SÃO PAULO";250002533633;2;32;"Quotas ou quinhões de capital";"50% DO CAPITAL SOCIAL DA EMPRESA NEUROINCLUSA CLINICA DE INTERVENCAO TERAPEUTICA LTDA";"250000,00";"03/08/2026";"15:37:15"
"03/08/2026";"16:31:03";2026;2;"Eleição Ordinária";6259;"Eleições Gerais Estaduais 2026";"04/10/2026";"SP";"SP";"SÃO PAULO";250002533633;1;32;"Quotas ou quinhões de capital";"100% DO CAPITAL SOCIAL DA EMPRESA ITUASSU SERVICOS MEDICOS LTDA";"3000,00";"03/08/2026";"15:37:15"
"03/08/2026";"16:31:03";2026;2;"Eleição Ordinária";6259;"Eleições Gerais Estaduais 2026";"04/10/2026";"SP";"SP";"SÃO PAULO";250002533633;3;32;"Quotas ou quinhões de capital";"50% DO CAPITAL SOCIAL DA EMPRESA ITUASSU ROSABAL NEGOCIOS LTD";"2500,00";"03/08/2026";"15:37:15"
"03/08/2026";"16:31:03";2026;2;"Eleição Ordinária";6259;"Eleições Gerais Estaduais 2026";"04/10/2026";"SP";"SP";"SÃO PAULO";250002533633;5;21;"Veículo automotor terrestre: caminhão, automóvel, moto, etc.";"VEICULO 2016";"140000,00";"03/08/2026";"15:37:15"
"03/08/2026";"16:31:03";2026;2;"Eleição Ordinária";6259;"Eleições Gerais Estaduais 2026";"04/10/2026";"SP";"SP";"SÃO PAULO";250002533633;4;11;"Apartamento";"APARTAMENTO";"420565,69";"03/08/2026";"15:37:15"
"03/08/2026";"16:31:03";2026;2;"Eleição Ordinária";6259;"Eleições Gerais Estaduais 2026";"04/10/2026";"SP";"SP";"SÃO PAULO";250002533636;1;45;"Aplicação de renda fixa (CDB, RDB e outros)";"NVESTIMENTO POUPANÇA CDB - BANCO ITAU";"30000,00";"30/07/2026";"18:07:38"
"03/08/2026";"16:31:03";2026;2;"Eleição Ordinária";6259;"Eleições Gerais Estaduais 2026";"04/10/2026";"SP";"SP";"SÃO PAULO";250002533637;2;11;"Apartamento";"APARTAMENTO SITUADO NA RUA DUQE DE CAXIAS, 667, APTO 121, MARATAIZES, CENTRO EM SANTA BÁRBARA D OESTE SP";"186600,00";"30/07/2026";"18:07:38"
"03/08/2026";"16:31:03";2026;2;"Eleição Ordinária";6259;"Eleições Gerais Estaduais 2026";"04/10/2026";"SP";"SP";"SÃO PAULO";250002533637;1;19;"Outros bens imóveis";"1 TERRENO NA RUA 5, LOTE 01, NO CONDOMINIO RESIDENCIAL FIRENZA NA CIDADE DE SANTA BÁRBARA D OESTE MEDINDO 360M";"188143,20";"30/07/2026";"18:07:38"
"03/08/2026";"16:31:03";2026;2;"Eleição Ordinária";6259;"Eleições Gerais Estaduais 2026";"04/10/2026";"SP";"SP";"SÃO PAULO";250002533637;4;12;"Casa";"1/3 DE UMA CHACARA SITUADO NO LOTEAMENTO SANTA ALICE, LOTE 1, QUADRA 09, NA CIDADE DE SANTA BÁRBARA D OESTE SP";"2775,87";"30/07/2026";"18:07:38"
"03/08/2026";"16:31:03";2026;2;"Eleição Ordinária";6259;"Eleições Gerais Estaduais 2026";"04/10/2026";"SP";"SP";"SÃO PAULO";250002533637;5;12;"Casa";"1/3 DE 1/4 DE UMA CASA SITUADA NA RUA GENERAL CAMARA, , 454, CENTRO NA CIDADE DE SANTA BÁRBARA D OESTE-SP";"8327,00";"30/07/2026";"18:07:38"
"03/08/2026";"16:31:03";2026;2;"Eleição Ordinária";6259;"Eleições Gerais Estaduais 2026";"04/10/2026";"SP";"SP";"SÃO PAULO";250002533637;3;99;"OUTROS BENS E DIREITOS";"99% DA EMPRESA FULL HAND PROPAGANDA LTDA";"49500,00";"30/07/2026";"18:07:38"
"03/08/2026";"16:31:03";2026;2;"Eleição Ordinária";6259;"Eleições Gerais Estaduais 2026";"04/10/2026";"SP";"SP";"SÃO PAULO";250002533637;8;21;"Veículo automotor terrestre: caminhão, automóvel, moto, etc.";"1 AUTO JEEP COMPAS LOGITUDE ANO 2025/25";"150000,00";"30/07/2026";"18:07:38"
"03/08/2026";"16:31:03";2026;2;"Eleição Ordinária";6259;"Eleições Gerais Estaduais 2026";"04/10/2026";"SP";"SP";"SÃO PAULO";250002533637;6;12;"Casa";"1/3 DE UMA CASA SITUADA NA RUA SANTA BÁRBARA, 1112, CENTRO, NA CIDADE DE SANTA BÁRBARA D OESTE-SP";"16665,27";"30/07/2026";"18:07:38"
"03/08/2026";"16:31:03";2026;2;"Eleição Ordinária";6259;"Eleições Gerais Estaduais 2026";"04/10/2026";"SP";"SP";"SÃO PAULO";250002533637;7;19;"Outros bens imóveis";"1 TERRENO NA RUA 5, LOTE 02, NO CONDOMINIO RESIDENCIAL FIRENZA NA CIDADE DE SANTA BÁRBARA D OESTE MEDINDO 360M";"129600,00";"30/07/2026";"18:07:38"
"03/08/2026";"16:31:03";2026;2;"Eleição Ordinária";6259;"Eleições Gerais Estaduais 2026";"04/10/2026";"SP";"SP";"SÃO PAULO";250002533637;9;21;"Veículo automotor terrestre: caminhão, automóvel, moto, etc.";"1 AUTO JEEP COMPAS SPORT T ANO 2024/25";"154574,00";"30/07/2026";"18:07:38"
"03/08/2026";"16:31:03";2026;2;"Eleição Ordinária";6259;"Eleições Gerais Estaduais 2026";"04/10/2026";"SP";"SP";"SÃO PAULO";250002533638;1;32;"Quotas ou quinhões de capital";"99.000 QUOTAS DO CAPITAL SOCIAL DA EMPRESA MDPF COM DE ARTIGOS RELIGIOSOS LTDA";"99000,00";"03/08/2026";"16:03:15"
"03/08/2026";"16:31:03";2026;2;"Eleição Ordinária";6259;"Eleições Gerais Estaduais 2026";"04/10/2026";"SP";"SP";"SÃO PAULO";250002533638;2;45;"Aplicação de renda fixa (CDB, RDB e outros)";"RENDA FIXA CDB BRADESCO";"8503,61";"03/08/2026";"16:03:15"
"03/08/2026";"16:31:03";2026;2;"Eleição Ordinária";6259;"Eleições Gerais Estaduais 2026";"04/10/2026";"SP";"SP";"SÃO PAULO";250002533638;5;32;"Quotas ou quinhões de capital";"12.000.000 DE QUOTAS DA EMPRESA ATIVO TOTAL EMPREENDIMENTOS E PARTICIPACOES LTDA.";"12000000,00";"03/08/2026";"16:03:15"
"03/08/2026";"16:31:03";2026;2;"Eleição Ordinária";6259;"Eleições Gerais Estaduais 2026";"04/10/2026";"SP";"SP";"SÃO PAULO";250002533638;3;61;"Depósito bancário em conta corrente no País";"CONTA CORRENTE BRADESCO";"4,39";"03/08/2026";"16:03:15"
"03/08/2026";"16:31:03";2026;2;"Eleição Ordinária";6259;"Eleições Gerais Estaduais 2026";"04/10/2026";"SP";"SP";"SÃO PAULO";250002533638;4;61;"Depósito bancário em conta corrente no País";"CONTA CORRENTE CAIXA ECONÔMICA FEDERAL";"19340,79";"03/08/2026";"16:03:15"
"03/08/2026";"16:31:03";2026;2;"Eleição Ordinária";6259;"Eleições Gerais Estaduais 2026";"04/10/2026";"SP";"SP";"SÃO PAULO";250002533638;7;32;"Quotas ou quinhões de capital";"50.000 QUOTAS DO CAPITAL SOCIAL DA EMPRESA MDPF ATIVIDADES DE RADIO E VENDAS LTDA ME";"50000,00";"03/08/2026";"16:03:15"
"03/08/2026";"16:31:03";2026;2;"Eleição Ordinária";6259;"Eleições Gerais Estaduais 2026";"04/10/2026";"SP";"SP";"SÃO PAULO";250002533638;6;95;"Consórcio não contemplado";"COTA 0012 CONSÓRCIO BRADESCO";"3798,81";"03/08/2026";"16:03:15"
"03/08/2026";"16:31:03";2026;2;"Eleição Ordinária";6259;"Eleições Gerais Estaduais 2026";"04/10/2026";"SP";"SP";"SÃO PAULO";250002533638;8;63;"Dinheiro em espécie - moeda nacional";"DINHEIRO EM ESPÉCIE";"435000,00";"03/08/2026";"16:03:15"
"03/08/2026";"16:31:03";2026;2;"Eleição Ordinária";6259;"Eleições Gerais Estaduais 2026";"04/10/2026";"SP";"SP";"SÃO PAULO";250002533639;3;11;"Apartamento";"APARTAMENTO EM CAMPINAS";"13967,90";"30/07/2026";"18:07:38"
"03/08/2026";"16:31:03";2026;2;"Eleição Ordinária";6259;"Eleições Gerais Estaduais 2026";"04/10/2026";"SP";"SP";"SÃO PAULO";250002533639;1;95;"Consórcio não contemplado";"PRODUTO CAMINHÃO";"11336,55";"30/07/2026";"18:07:38"
"03/08/2026";"16:31:03";2026;2;"Eleição Ordinária";6259;"Eleições Gerais Estaduais 2026";"04/10/2026";"SP";"SP";"SÃO PAULO";250002533639;2;95;"Consórcio não contemplado";"IMOVEIS";"13360,47";"30/07/2026";"18:07:38"
"03/08/2026";"16:31:03";2026;2;"Eleição Ordinária";6259;"Eleições Gerais Estaduais 2026";"04/10/2026";"SP";"SP";"SÃO PAULO";250002533639;6;61;"Depósito bancário em conta corrente no País";"BANCO DO BRASIL";"10,00";"30/07/2026";"18:07:38"
"03/08/2026";"16:31:03";2026;2;"Eleição Ordinária";6259;"Eleições Gerais Estaduais 2026";"04/10/2026";"SP";"SP";"SÃO PAULO";250002533639;4;13;"Terreno";"TERRENO DE 400,00 M2 MAUÁ";"49708,67";"30/07/2026";"18:07:38"
"03/08/2026";"16:31:03";2026;2;"Eleição Ordinária";6259;"Eleições Gerais Estaduais 2026";"04/10/2026";"SP";"SP";"SÃO PAULO";250002533639;5;49;"Outras aplicações e Investimentos";"APLICAÇÃO DE FUNDO DE INVESTIMENTO";"4403,80";"30/07/2026";"18:07:38"
"03/08/2026";"16:31:03";2026;2;"Eleição Ordinária";6259;"Eleições Gerais Estaduais 2026";"04/10/2026";"SP";"SP";"SÃO PAULO";250002533639;9;21;"Veículo automotor terrestre: caminhão, automóvel, moto, etc.";"VEICULO";"5900,00";"30/07/2026";"18:07:38"
"03/08/2026";"16:31:03";2026;2;"Eleição Ordinária";6259;"Eleições Gerais Estaduais 2026";"04/10/2026";"SP";"SP";"SÃO PAULO";250002533639;7;41;"Caderneta de poupança";"SALDO EM POUPANÇA";"2677,23";"30/07/2026";"18:07:38"
"03/08/2026";"16:31:03";2026;2;"Eleição Ordinária";6259;"Eleições Gerais Estaduais 2026";"04/10/2026";"SP";"SP";"SÃO PAULO";250002533639;8;16;"Construção";"CONSTRUÇÃO DE UMA CASA ,UMA QUADRA E UMA PISCINA,270,0M2 EM RIBEIRÃO PIRES";"151148,30";"30/07/2026";"18:07:38"
"03/08/2026";"16:31:03";2026;2;"Eleição Ordinária";6259;"Eleições Gerais Estaduais 2026";"04/10/2026";"SP";"SP";"SÃO PAULO";250002533639;12;21;"Veículo automotor terrestre: caminhão, automóvel, moto, etc.";"VEICULO";"8874,83";"30/07/2026";"18:07:38"
"03/08/2026";"16:31:03";2026;2;"Eleição Ordinária";6259;"Eleições Gerais Estaduais 2026";"04/10/2026";"SP";"SP";"SÃO PAULO";250002533639;10;11;"Apartamento";"APARTAMENTO DE  147,9 M2 EM GUARUJA";"306039,04";"30/07/2026";"18:07:38"
"03/08/2026";"16:31:03";2026;2;"Eleição Ordinária";6259;"Eleições Gerais Estaduais 2026";"04/10/2026";"SP";"SP";"SÃO PAULO";250002533639;11;13;"Terreno";"TERRENO  DE 300,0 M2 RIBEIRÃO PIRES";"355000,00";"30/07/2026";"18:07:38"
"03/08/2026";"16:31:03";2026;2;"Eleição Ordinária";6259;"Eleições Gerais Estaduais 2026";"04/10/2026";"SP";"SP";"SÃO PAULO";250002533639;14;12;"Casa";"CASA DE 504, M2 EM RIBEIRÃO PIRES";"450000,00";"30/07/2026";"18:07:38"
"03/08/2026";"16:31:03";2026;2;"Eleição Ordinária";6259;"Eleições Gerais Estaduais 2026";"04/10/2026";"SP";"SP";"SÃO PAULO";250002533639;15;13;"Terreno";"TERRENO DE 270,0 M2 RIBEIRÃO PIRES";"17000,00";"30/07/2026";"18:07:38"
"03/08/2026";"16:31:03";2026;2;"Eleição Ordinária";6259;"Eleições Gerais Estaduais 2026";"04/10/2026";"SP";"SP";"SÃO PAULO";250002533639;13;13;"Terreno";"TERRENO DE 344,0 M2 EM RIBEIRÃO PRETO";"48114,03";"30/07/2026";"18:07:38"
"03/08/2026";"16:31:03";2026;2;"Eleição Ordinária";6259;"Eleições Gerais Estaduais 2026";"04/10/2026";"SP";"SP";"SÃO PAULO";250002533639;16;41;"Caderneta de poupança";"SALDO EM POUPANÇA";"124,41";"30/07/2026";"18:07:38"
"03/08/2026";"16:31:03";2026;2;"Eleição Ordinária";6259;"Eleições Gerais Estaduais 2026";"04/10/2026";"SP";"SP";"SÃO PAULO";250002533639;17;45;"Aplicação de renda fixa (CDB, RDB e outros)";"APLICAÇÃO";"7028,08";"30/07/2026";"18:07:38"
"03/08/2026";"16:31:03";2026;2;"Eleição Ordinária";6259;"Eleições Gerais Estaduais 2026";"04/10/2026";"SP";"SP";"SÃO PAULO";250002533640;1;13;"Terreno";"1/3 DE UM TERRENO - ANAURILANDIA-MS";"5600,00";"30/07/2026";"18:07:38"
"03/08/2026";"16:31:03";2026;2;"Eleição Ordinária";6259;"Eleições Gerais Estaduais 2026";"04/10/2026";"SP";"SP";"SÃO PAULO";250002533640;2;13;"Terreno";"33,33% DE UM LOTE DE TERRENO - ANAURILANDIA-MS";"23333,33";"30/07/2026";"18:07:38"
"03/08/2026";"16:31:03";2026;2;"Eleição Ordinária";6259;"Eleições Gerais Estaduais 2026";"04/10/2026";"SP";"SP";"SÃO PAULO";250002533640;3;13;"Terreno";"UM TERRENO - ANAURILANDIA-MS";"20000,00";"30/07/2026";"18:07:38"
"03/08/2026";"16:31:03";2026;2;"Eleição Ordinária";6259;"Eleições Gerais Estaduais 2026";"04/10/2026";"SP";"SP";"SÃO PAULO";250002533640;4;19;"Outros bens imóveis";"50% DE UM IMÓVEL RURAL - ANAURILANDIA-MS";"55083,34";"30/07/2026";"18:07:38"
"03/08/2026";"16:31:03";2026;2;"Eleição Ordinária";6259;"Eleições Gerais Estaduais 2026";"04/10/2026";"SP";"SP";"SÃO PAULO";250002533640;6;19;"Outros bens imóveis";"33,33% DE UM IMÓVEL RURAL - ANAURILANDIA-MS";"50000,00";"30/07/2026";"18:07:38"
"03/08/2026";"16:31:03";2026;2;"Eleição Ordinária";6259;"Eleições Gerais Estaduais 2026";"04/10/2026";"SP";"SP";"SÃO PAULO";250002533640;7;19;"Outros bens imóveis";"FAZENDA PICA-PAU - ANAURILANDIA/MS";"222222,22";"30/07/2026";"18:07:38"
"03/08/2026";"16:31:03";2026;2;"Eleição Ordinária";6259;"Eleições Gerais Estaduais 2026";"04/10/2026";"SP";"SP";"SÃO PAULO";250002533640;5;49;"Outras aplicações e Investimentos";"COOPERATIVA DE CRÉDITO DE LIVRE ADMISSÃO E DOS TRANSPORTADORES RODOVIÁRIOS";"617,28";"30/07/2026";"18:07:38"
"03/08/2026";"16:31:03";2026;2;"Eleição Ordinária";6259;"Eleições Gerais Estaduais 2026";"04/10/2026";"SP";"SP";"SÃO PAULO";250002533640;8;11;"Apartamento";"33,33% DE UM APARTAMENTO - SÃO BERNARDO DO CAMPO/SP";"350000,00";"30/07/2026";"18:07:38"
"03/08/2026";"16:31:03";2026;2;"Eleição Ordinária";6259;"Eleições Gerais Estaduais 2026";"04/10/2026";"SP";"SP";"SÃO PAULO";250002533640;9;13;"Terreno";"33,33% DE UM TERRENO - ANAURILANDIA-MS";"1666,67";"30/07/2026";"18:07:38"
"03/08/2026";"16:31:03";2026;2;"Eleição Ordinária";6259;"Eleições Gerais Estaduais 2026";"04/10/2026";"SP";"SP";"SÃO PAULO";250002533640;10;49;"Outras aplicações e Investimentos";"BANCO SANTANDER APLICAÇÕES";"954973,52";"30/07/2026";"18:07:38"
"03/08/2026";"16:31:03";2026;2;"Eleição Ordinária";6259;"Eleições Gerais Estaduais 2026";"04/10/2026";"SP";"SP";"SÃO PAULO";250002533640;11;19;"Outros bens imóveis";"33,33% DE UMA FAZENDA  FAZENDA MORANDO  ANAURILANDIA-MS";"33333,33";"30/07/2026";"18:07:38"
"03/08/2026";"16:31:03";2026;2;"Eleição Ordinária";6259;"Eleições Gerais Estaduais 2026";"04/10/2026";"SP";"SP";"SÃO PAULO";250002533640;12;49;"Outras aplicações e Investimentos";"SICOOB - CAPITAL SOCIAL";"1894,83";"30/07/2026";"18:07:38"
"03/08/2026";"16:31:03";2026;2;"Eleição Ordinária";6259;"Eleições Gerais Estaduais 2026";"04/10/2026";"SP";"SP";"SÃO PAULO";250002533640;13;97;"VGBL - Vida Gerador de Benefício Livre";"BANCO SANTANDER - VGBL";"97000,00";"30/07/2026";"18:07:38"
"03/08/2026";"16:31:03";2026;2;"Eleição Ordinária";6259;"Eleições Gerais Estaduais 2026";"04/10/2026";"SP";"SP";"SÃO PAULO";250002533640;15;39;"Outras participações societárias";"95,6% DO CAPITAL SOCIAL DA EMPRESA SUPER PONTO PARTICIPAÇÕES LTDA";"190000,00";"30/07/2026";"18:07:38"
"03/08/2026";"16:31:03";2026;2;"Eleição Ordinária";6259;"Eleições Gerais Estaduais 2026";"04/10/2026";"SP";"SP";"SÃO PAULO";250002533640;14;19;"Outros bens imóveis";"1/3 DE UMA FAZENDA DENOMINADA  FAZENDA MORANDO  - ANAURILANDIA/MS";"32349,61";"30/07/2026";"18:07:38"
"03/08/2026";"16:31:03";2026;2;"Eleição Ordinária";6259;"Eleições Gerais Estaduais 2026";"04/10/2026";"SP";"SP";"SÃO PAULO";250002533640;16;19;"Outros bens imóveis";"33,33% DE UM IMÓVEL  FAZENDA ÁGUIA DOURADA  - ANAURILANDIA/SP";"134333,33";"30/07/2026";"18:07:38"
"03/08/2026";"16:31:03";2026;2;"Eleição Ordinária";6259;"Eleições Gerais Estaduais 2026";"04/10/2026";"SP";"SP";"SÃO PAULO";250002533640;17;19;"Outros bens imóveis";"1/3 DE UMA FAZENDA SITUADA EM ANAURILANDIA/MS";"215722,22";"30/07/2026";"18:07:38"
"03/08/2026";"16:31:03";2026;2;"Eleição Ordinária";6259;"Eleições Gerais Estaduais 2026";"04/10/2026";"SP";"SP";"SÃO PAULO";250002533640;18;19;"Outros bens imóveis";"1/3 DE UM SITIO DENOMINADO  FAZENDA MORANDO  - ANAURILANDIA/MS";"8400,00";"30/07/2026";"18:07:38"
"03/08/2026";"16:31:03";2026;2;"Eleição Ordinária";6259;"Eleições Gerais Estaduais 2026";"04/10/2026";"SP";"SP";"SÃO PAULO";250002533640;19;19;"Outros bens imóveis";"33,33% DE UMA FAZENDA  FAZENDA MORANDO  COM ÁREA TOTAL DE 189,3 HA SITUADA EM ANAURILANDIA/MS";"33333,33";"30/07/2026";"18:07:38"
"03/08/2026";"16:31:03";2026;2;"Eleição Ordinária";6259;"Eleições Gerais Estaduais 2026";"04/10/2026";"SP";"SP";"SÃO PAULO";250002533640;22;61;"Depósito bancário em conta corrente no País";"BANCO DO BRASIL";"648,10";"30/07/2026";"18:07:38"
"03/08/2026";"16:31:03";2026;2;"Eleição Ordinária";6259;"Eleições Gerais Estaduais 2026";"04/10/2026";"SP";"SP";"SÃO PAULO";250002533640;21;13;"Terreno";"UM TERRENO - ANAURILANDIA-MS";"10000,00";"30/07/2026";"18:07:38"
"03/08/2026";"16:31:03";2026;2;"Eleição Ordinária";6259;"Eleições Gerais Estaduais 2026";"04/10/2026";"SP";"SP";"SÃO PAULO";250002533640;20;19;"Outros bens imóveis";"33,33% DE UMA FAZENDA  FAZENDA MORANDO  COM ÁREA TOTAL DE 67,3 M² SITUADA EM ANAURILANDIA/MS";"45212,91";"30/07/2026";"18:07:38"
"03/08/2026";"16:31:03";2026;2;"Eleição Ordinária";6259;"Eleições Gerais Estaduais 2026";"04/10/2026";"SP";"SP";"SÃO PAULO";250002533640;24;61;"Depósito bancário em conta corrente no País";"BANCO SANTANDER";"1,00";"30/07/2026";"18:07:38"
"03/08/2026";"16:31:03";2026;2;"Eleição Ordinária";6259;"Eleições Gerais Estaduais 2026";"04/10/2026";"SP";"SP";"SÃO PAULO";250002533640;25;39;"Outras participações societárias";"96,86% DO CAPITAL SOCIAL DA EMPRESA OAC PARTICIPAÇÕES LTDA.";"925000,00";"30/07/2026";"18:07:38"
"03/08/2026";"16:31:03";2026;2;"Eleição Ordinária";6259;"Eleições Gerais Estaduais 2026";"04/10/2026";"SP";"SP";"SÃO PAULO";250002533640;23;49;"Outras aplicações e Investimentos";"SUL AMÉRICA SEGURO E PREVIDÊNCIA";"399263,42";"30/07/2026";"18:07:38"
"03/08/2026";"16:31:03";2026;2;"Eleição Ordinária";6259;"Eleições Gerais Estaduais 2026";"04/10/2026";"SP";"SP";"SÃO PAULO";250002533641;1;12;"Casa";"UM PREDIO RESIDENCIAL - SAO JOAO DA BOA VISTA SP";"342896,87";"03/08/2026";"15:45:02"
"03/08/2026";"16:31:03";2026;2;"Eleição Ordinária";6259;"Eleições Gerais Estaduais 2026";"04/10/2026";"SP";"SP";"SÃO PAULO";250002533641;2;11;"Apartamento";"UM APARTAMENTO - ALTO DA GLORIA, GOIANIA-GO";"46000,00";"03/08/2026";"15:45:02"
"03/08/2026";"16:31:03";2026;2;"Eleição Ordinária";6259;"Eleições Gerais Estaduais 2026";"04/10/2026";"SP";"SP";"SÃO PAULO";250002533640;26;19;"Outros bens imóveis";"33,33% DE UMA FAZENDA  FAZENDA MORANDO  COM ÁREA TOTAL DE 110,4 HA - ANAURILANDIA/MS";"33333,33";"30/07/2026";"18:07:38"
"03/08/2026";"16:31:03";2026;2;"Eleição Ordinária";6259;"Eleições Gerais Estaduais 2026";"04/10/2026";"SP";"SP";"SÃO PAULO";250002533641;5;12;"Casa";"UM LOTE N. 12 QD A JARDIM PERPETUO SOCORRO - SAO JOAO DA BOA VISTA-SP";"25000,00";"03/08/2026";"15:45:02"
"03/08/2026";"16:31:03";2026;2;"Eleição Ordinária";6259;"Eleições Gerais Estaduais 2026";"04/10/2026";"SP";"SP";"SÃO PAULO";250002533641;3;11;"Apartamento";"UM APARTAMENTO N. 203 - VILA SÃO JOÃO - GOIANIA-GO";"35000,00";"03/08/2026";"15:45:02"
"03/08/2026";"16:31:03";2026;2;"Eleição Ordinária";6259;"Eleições Gerais Estaduais 2026";"04/10/2026";"SP";"SP";"SÃO PAULO";250002533641;4;11;"Apartamento";"UM APARTAMENTO N. 304 - VILA MARIA JOSE - GOIANIA-GO";"78936,00";"03/08/2026";"15:45:02"
"03/08/2026";"16:31:03";2026;2;"Eleição Ordinária";6259;"Eleições Gerais Estaduais 2026";"04/10/2026";"SP";"SP";"SÃO PAULO";250002533641;8;11;"Apartamento";"UM APARTAMENTO N. 1203 - ALTO DA GLORIA - GOIANIA-GO";"83228,60";"03/08/2026";"15:45:02"
"03/08/2026";"16:31:03";2026;2;"Eleição Ordinária";6259;"Eleições Gerais Estaduais 2026";"04/10/2026";"SP";"SP";"SÃO PAULO";250002533641;6;11;"Apartamento";"UM APARTAMENTO N. 1202 - ALTO DA GLORIA - GOIANIA-GO";"83228,60";"03/08/2026";"15:45:02"
"03/08/2026";"16:31:03";2026;2;"Eleição Ordinária";6259;"Eleições Gerais Estaduais 2026";"04/10/2026";"SP";"SP";"SÃO PAULO";250002533641;7;61;"Depósito bancário em conta corrente no País";"CAIXA ECONOMICA FEDERAL CONTA CORRENTE";"1000,01";"03/08/2026";"15:45:02"
"03/08/2026";"16:31:03";2026;2;"Eleição Ordinária";6259;"Eleições Gerais Estaduais 2026";"04/10/2026";"SP";"SP";"SÃO PAULO";250002533641;11;11;"Apartamento";"UM APARTAMENTO N. 401- JARDIM AMERICA - GOIANIA-GO";"35000,00";"03/08/2026";"15:45:02"
"03/08/2026";"16:31:03";2026;2;"Eleição Ordinária";6259;"Eleições Gerais Estaduais 2026";"04/10/2026";"SP";"SP";"SÃO PAULO";250002533641;9;61;"Depósito bancário em conta corrente no País";"CAIXA ECONOMICA FEDERAL CONTA CORRENTE";"193,93";"03/08/2026";"15:45:02"
"03/08/2026";"16:31:03";2026;2;"Eleição Ordinária";6259;"Eleições Gerais Estaduais 2026";"04/10/2026";"SP";"SP";"SÃO PAULO";250002533641;10;13;"Terreno";"COMPRA E VENDA DE TERRENO FRAÇÃO - PARTICIPAÇÃO DE 50.00% DO VALOR 192.000,00";"96000,00";"03/08/2026";"15:45:02"
"03/08/2026";"16:31:03";2026;2;"Eleição Ordinária";6259;"Eleições Gerais Estaduais 2026";"04/10/2026";"SP";"SP";"SÃO PAULO";250002533643;1;12;"Casa";"50% DE UM PRÉDIO COMERCIAL - SÃO JOSÉ DO RIO PRETO SP";"80000,00";"30/07/2026";"18:07:38"
"03/08/2026";"16:31:03";2026;2;"Eleição Ordinária";6259;"Eleições Gerais Estaduais 2026";"04/10/2026";"SP";"SP";"SÃO PAULO";250002533641;12;11;"Apartamento";"UM APARTAMENTO N.101- VILA SÃO JOÃO - GOIANIA-GO";"35000,00";"03/08/2026";"15:45:02"
"03/08/2026";"16:31:03";2026;2;"Eleição Ordinária";6259;"Eleições Gerais Estaduais 2026";"04/10/2026";"SP";"SP";"SÃO PAULO";250002533641;13;11;"Apartamento";"UM APARTAMENTO N. 304 - VILA SAO JOAO - GOIANIA-GO.";"35000,00";"03/08/2026";"15:45:02"
"03/08/2026";"16:31:03";2026;2;"Eleição Ordinária";6259;"Eleições Gerais Estaduais 2026";"04/10/2026";"SP";"SP";"SÃO PAULO";250002533644;1;21;"Veículo automotor terrestre: caminhão, automóvel, moto, etc.";"VEICULO";"50000,00";"30/07/2026";"18:07:38"
"03/08/2026";"16:31:03";2026;2;"Eleição Ordinária";6259;"Eleições Gerais Estaduais 2026";"04/10/2026";"SP";"SP";"SÃO PAULO";250002533644;2;21;"Veículo automotor terrestre: caminhão, automóvel, moto, etc.";"FORD FIESTA 2013";"33000,00";"30/07/2026";"18:07:38"
"03/08/2026";"16:31:03";2026;2;"Eleição Ordinária";6259;"Eleições Gerais Estaduais 2026";"04/10/2026";"SP";"SP";"SÃO PAULO";250002533645;1;12;"Casa";"50% DE UMA CASA EM SÃO PAULO";"274613,00";"30/07/2026";"18:07:38"
"03/08/2026";"16:31:03";2026;2;"Eleição Ordinária";6259;"Eleições Gerais Estaduais 2026";"04/10/2026";"SP";"SP";"SÃO PAULO";250002533646;2;12;"Casa";"CASA 125 METROS ZONA SUL/SP";"300000,00";"03/08/2026";"15:52:03"
"03/08/2026";"16:31:03";2026;2;"Eleição Ordinária";6259;"Eleições Gerais Estaduais 2026";"04/10/2026";"SP";"SP";"SÃO PAULO";250002533646;1;12;"Casa";"CASA 140 METROS ZONA SUL/SP";"180000,00";"03/08/2026";"15:52:03"
"03/08/2026";"16:31:03";2026;2;"Eleição Ordinária";6259;"Eleições Gerais Estaduais 2026";"04/10/2026";"SP";"SP";"SÃO PAULO";250002533647;1;41;"Caderneta de poupança";"CAIXA ECONOMICA FEDERAL";"5,49";"30/07/2026";"18:07:38"
"03/08/2026";"16:31:03";2026;2;"Eleição Ordinária";6259;"Eleições Gerais Estaduais 2026";"04/10/2026";"SP";"SP";"SÃO PAULO";250002533647;2;12;"Casa";"RIBEIRÃO PRETO";"541450,00";"30/07/2026";"18:07:38"
"03/08/2026";"16:31:03";2026;2;"Eleição Ordinária";6259;"Eleições Gerais Estaduais 2026";"04/10/2026";"SP";"SP";"SÃO PAULO";250002533647;3;12;"Casa";"20% DE UMA CASA EM JUQUEY";"15645,68";"30/07/2026";"18:07:38"
"03/08/2026";"16:31:03";2026;2;"Eleição Ordinária";6259;"Eleições Gerais Estaduais 2026";"04/10/2026";"SP";"SP";"SÃO PAULO";250002533647;4;97;"VGBL - Vida Gerador de Benefício Livre";"SALDO EM VGBL DO BRADESCO";"77486,80";"30/07/2026";"18:07:38"
"03/08/2026";"16:31:03";2026;2;"Eleição Ordinária";6259;"Eleições Gerais Estaduais 2026";"04/10/2026";"SP";"SP";"SÃO PAULO";250002533647;5;32;"Quotas ou quinhões de capital";"ICE IMOVEIS E PARTICIPAÇÕES LTDA";"505500,00";"30/07/2026";"18:07:38"
"03/08/2026";"16:31:03";2026;2;"Eleição Ordinária";6259;"Eleições Gerais Estaduais 2026";"04/10/2026";"SP";"SP";"SÃO PAULO";250002533647;6;45;"Aplicação de renda fixa (CDB, RDB e outros)";"BANCO ITAU";"5056,96";"30/07/2026";"18:07:38"
"03/08/2026";"16:31:03";2026;2;"Eleição Ordinária";6259;"Eleições Gerais Estaduais 2026";"04/10/2026";"SP";"SP";"SÃO PAULO";250002533647;7;79;"Outros fundos";"CONTA CORRENTE NO BANCO DO BRASIL";"20668,35";"30/07/2026";"18:07:38"
"03/08/2026";"16:31:03";2026;2;"Eleição Ordinária";6259;"Eleições Gerais Estaduais 2026";"04/10/2026";"SP";"SP";"SÃO PAULO";250002533647;8;73;"Fundo de Investimento Imobiliário";"ICE IMOVEIS E PARTICIPAÇÕES LTDA";"30000,00";"30/07/2026";"18:07:38"
"03/08/2026";"16:31:03";2026;2;"Eleição Ordinária";6259;"Eleições Gerais Estaduais 2026";"04/10/2026";"SP";"SP";"SÃO PAULO";250002533647;9;79;"Outros fundos";"SALDO DA CONTA CORRENTE NA CAIXA ECONOMICA FEDERAL";"86,77";"30/07/2026";"18:07:38"
"03/08/2026";"16:31:03";2026;2;"Eleição Ordinária";6259;"Eleições Gerais Estaduais 2026";"04/10/2026";"SP";"SP";"SÃO PAULO";250002533647;10;79;"Outros fundos";"APLICAÇÃO NO BANCO DO BRASIL";"690,97";"30/07/2026";"18:07:38"
"03/08/2026";"16:31:03";2026;2;"Eleição Ordinária";6259;"Eleições Gerais Estaduais 2026";"04/10/2026";"SP";"SP";"SÃO PAULO";250002533648;2;61;"Depósito bancário em conta corrente no País";"VALOR PROVENIENTE DA VENDA DE VEICULO";"67000,00";"30/07/2026";"18:07:38"
"03/08/2026";"16:31:03";2026;2;"Eleição Ordinária";6259;"Eleições Gerais Estaduais 2026";"04/10/2026";"SP";"SP";"SÃO PAULO";250002533648;1;11;"Apartamento";"APARTAMENTO 62 M";"300000,00";"30/07/2026";"18:07:38"
"03/08/2026";"16:31:03";2026;2;"Eleição Ordinária";6259;"Eleições Gerais Estaduais 2026";"04/10/2026";"SP";"SP";"SÃO PAULO";250002533647;11;49;"Outras aplicações e Investimentos";"CDC CREDITO ELETRONICO BANCO DO BRASIL";"309609,55";"30/07/2026";"18:07:38"
"03/08/2026";"16:31:03";2026;2;"Eleição Ordinária";6259;"Eleições Gerais Estaduais 2026";"04/10/2026";"SP";"SP";"SÃO PAULO";250002533649;1;12;"Casa";"IMOVEL RESIDENCIAL";"2000000,00";"03/08/2026";"15:48:00"
"03/08/2026";"16:31:03";2026;2;"Eleição Ordinária";6259;"Eleições Gerais Estaduais 2026";"04/10/2026";"SP";"SP";"SÃO PAULO";250002533649;2;21;"Veículo automotor terrestre: caminhão, automóvel, moto, etc.";"VEICULO";"270000,00";"03/08/2026";"15:48:00"
"03/08/2026";"16:31:03";2026;2;"Eleição Ordinária";6259;"Eleições Gerais Estaduais 2026";"04/10/2026";"SP";"SP";"SÃO PAULO";250002533648;3;63;"Dinheiro em espécie - moeda nacional";"EM ESPECIE";"3000,00";"30/07/2026";"18:07:38"
"03/08/2026";"16:31:03";2026;2;"Eleição Ordinária";6259;"Eleições Gerais Estaduais 2026";"04/10/2026";"SP";"SP";"SÃO PAULO";250002533650;1;21;"Veículo automotor terrestre: caminhão, automóvel, moto, etc.";"VEICULO";"130700,00";"30/07/2026";"18:07:38"
"03/08/2026";"16:31:03";2026;2;"Eleição Ordinária";6259;"Eleições Gerais Estaduais 2026";"04/10/2026";"SP";"SP";"SÃO PAULO";250002533650;2;21;"Veículo automotor terrestre: caminhão, automóvel, moto, etc.";"VEICULO";"46000,00";"30/07/2026";"18:07:38"
"03/08/2026";"16:31:03";2026;2;"Eleição Ordinária";6259;"Eleições Gerais Estaduais 2026";"04/10/2026";"SP";"SP";"SÃO PAULO";250002533652;1;12;"Casa";"IMOVEL RESIDENCIAL";"350000,00";"03/08/2026";"14:57:24"
"03/08/2026";"16:31:03";2026;2;"Eleição Ordinária";6259;"Eleições Gerais Estaduais 2026";"04/10/2026";"SP";"SP";"SÃO PAULO";250002533654;2;21;"Veículo automotor terrestre: caminhão, automóvel, moto, etc.";"CAMINHÃO GMC";"35000,00";"30/07/2026";"18:07:38"
"03/08/2026";"16:31:03";2026;2;"Eleição Ordinária";6259;"Eleições Gerais Estaduais 2026";"04/10/2026";"SP";"SP";"SÃO PAULO";250002533656;1;21;"Veículo automotor terrestre: caminhão, automóvel, moto, etc.";"UM VEICULO VW/QUANTUM CL";"15000,00";"30/07/2026";"18:07:38"
"03/08/2026";"16:31:03";2026;2;"Eleição Ordinária";6259;"Eleições Gerais Estaduais 2026";"04/10/2026";"SP";"SP";"SÃO PAULO";250002533654;1;11;"Apartamento";"IMOVEL RESIDENCIAL VILA GOMES CARDIN";"413300,00";"30/07/2026";"18:07:38"
"03/08/2026";"16:31:03";2026;2;"Eleição Ordinária";6259;"Eleições Gerais Estaduais 2026";"04/10/2026";"SP";"SP";"SÃO PAULO";250002533656;2;41;"Caderneta de poupança";"CADERNETA DE POUPANÇA JUNTO A CAIXA ECONOMICA";"16038,88";"30/07/2026";"18:07:38"
"03/08/2026";"16:31:03";2026;2;"Eleição Ordinária";6259;"Eleições Gerais Estaduais 2026";"04/10/2026";"SP";"SP";"SÃO PAULO";250002533656;4;12;"Casa";"CASA 120 M² EM PARIQUERA-AÇU/SP";"250000,00";"30/07/2026";"18:07:38"
"03/08/2026";"16:31:03";2026;2;"Eleição Ordinária";6259;"Eleições Gerais Estaduais 2026";"04/10/2026";"SP";"SP";"SÃO PAULO";250002533656;3;61;"Depósito bancário em conta corrente no País";"DEPOSITO EM CONTA CORRENTE";"319,32";"30/07/2026";"18:07:38"
"03/08/2026";"16:31:03";2026;2;"Eleição Ordinária";6259;"Eleições Gerais Estaduais 2026";"04/10/2026";"SP";"SP";"SÃO PAULO";250002533656;5;21;"Veículo automotor terrestre: caminhão, automóvel, moto, etc.";"UM VEICULO VW/SAVEIRO";"35000,00";"30/07/2026";"18:07:38"
"03/08/2026";"16:31:03";2026;2;"Eleição Ordinária";6259;"Eleições Gerais Estaduais 2026";"04/10/2026";"SP";"SP";"SÃO PAULO";250002533656;7;21;"Veículo automotor terrestre: caminhão, automóvel, moto, etc.";"UMA MOTO HONDA";"20000,00";"30/07/2026";"18:07:38"
"03/08/2026";"16:31:03";2026;2;"Eleição Ordinária";6259;"Eleições Gerais Estaduais 2026";"04/10/2026";"SP";"SP";"SÃO PAULO";250002533656;6;61;"Depósito bancário em conta corrente no País";"DEPOSITO EM CONTA CORRENTE NO PAIS";"396,46";"30/07/2026";"18:07:38"
"03/08/2026";"16:31:03";2026;2;"Eleição Ordinária";6259;"Eleições Gerais Estaduais 2026";"04/10/2026";"SP";"SP";"SÃO PAULO";250002533657;1;12;"Casa";"UM IMÓVEL RESIDENCIAL - FRANCISCO MORATO/SP";"11431,72";"03/08/2026";"15:36:56"
"03/08/2026";"16:31:03";2026;2;"Eleição Ordinária";6259;"Eleições Gerais Estaduais 2026";"04/10/2026";"SP";"SP";"SÃO PAULO";250002533657;2;16;"Construção";"BENFEITORIA NO IMÓVEL JÁ CITADO ANTERIORMENTE - FRANCISCO MORATO/SP";"265832,10";"03/08/2026";"15:36:56"
"03/08/2026";"16:31:03";2026;2;"Eleição Ordinária";6259;"Eleições Gerais Estaduais 2026";"04/10/2026";"SP";"SP";"SÃO PAULO";250002533657;3;63;"Dinheiro em espécie - moeda nacional";"DINHEIRO EM ESPÉCIE - MOEDA NACIONAL";"50000,00";"03/08/2026";"15:36:56"
"03/08/2026";"16:31:03";2026;2;"Eleição Ordinária";6259;"Eleições Gerais Estaduais 2026";"04/10/2026";"SP";"SP";"SÃO PAULO";250002533657;5;45;"Aplicação de renda fixa (CDB, RDB e outros)";"CDB NUBANK";"1956,05";"03/08/2026";"15:36:56"
"03/08/2026";"16:31:03";2026;2;"Eleição Ordinária";6259;"Eleições Gerais Estaduais 2026";"04/10/2026";"SP";"SP";"SÃO PAULO";250002533657;4;45;"Aplicação de renda fixa (CDB, RDB e outros)";"CDB PAGSEGURO INTERNET INSTITUIÇÃO DE PAGAMENTO S.A";"914,15";"03/08/2026";"15:36:56"
"03/08/2026";"16:31:03";2026;2;"Eleição Ordinária";6259;"Eleições Gerais Estaduais 2026";"04/10/2026";"SP";"SP";"SÃO PAULO";250002533657;6;61;"Depósito bancário em conta corrente no País";"SALDO EM DEPÓSITO/CONTA BANCÁRIA - BANCO 104, AGÊNCIA 2951";"5,82";"03/08/2026";"15:36:56"
"03/08/2026";"16:31:03";2026;2;"Eleição Ordinária";6259;"Eleições Gerais Estaduais 2026";"04/10/2026";"SP";"SP";"SÃO PAULO";250002533657;8;45;"Aplicação de renda fixa (CDB, RDB e outros)";"CDB CONTA/PAGBANK BANCOSEGURO S.A.";"13,52";"03/08/2026";"15:36:56"
"03/08/2026";"16:31:03";2026;2;"Eleição Ordinária";6259;"Eleições Gerais Estaduais 2026";"04/10/2026";"SP";"SP";"SÃO PAULO";250002533658;1;12;"Casa";"50% PREDIO RESIDENCIAL/ COMERCIAL";"364500,00";"03/08/2026";"15:40:26"
"03/08/2026";"16:31:03";2026;2;"Eleição Ordinária";6259;"Eleições Gerais Estaduais 2026";"04/10/2026";"SP";"SP";"SÃO PAULO";250002533657;7;61;"Depósito bancário em conta corrente no País";"CONTA CORRENTE ITAÚ - BANCO 341, AGÊNCIA 6302";"10,00";"03/08/2026";"15:36:56"
"03/08/2026";"16:31:03";2026;2;"Eleição Ordinária";6259;"Eleições Gerais Estaduais 2026";"04/10/2026";"SP";"SP";"SÃO PAULO";250002533659;1;12;"Casa";"CASA COM ÁREA DO TERRENO (M²) 2.677,00 EM JANDIRA/SP";"248989,00";"03/08/2026";"16:27:02"
"03/08/2026";"16:31:03";2026;2;"Eleição Ordinária";6259;"Eleições Gerais Estaduais 2026";"04/10/2026";"SP";"SP";"SÃO PAULO";250002533660;2;21;"Veículo automotor terrestre: caminhão, automóvel, moto, etc.";". MERCEDES BENZ";"114900,00";"30/07/2026";"18:07:38"
"03/08/2026";"16:31:03";2026;2;"Eleição Ordinária";6259;"Eleições Gerais Estaduais 2026";"04/10/2026";"SP";"SP";"SÃO PAULO";250002533660;1;41;"Caderneta de poupança";"POUPANÇA BRADESCO";"102950,20";"30/07/2026";"18:07:38"
"03/08/2026";"16:31:03";2026;2;"Eleição Ordinária";6259;"Eleições Gerais Estaduais 2026";"04/10/2026";"SP";"SP";"SÃO PAULO";250002533661;2;12;"Casa";"IMOVEL RESIDENCIAL BAIRRO NO LIMÃO";"650000,00";"30/07/2026";"18:07:38"
"03/08/2026";"16:31:03";2026;2;"Eleição Ordinária";6259;"Eleições Gerais Estaduais 2026";"04/10/2026";"SP";"SP";"SÃO PAULO";250002533662;1;21;"Veículo automotor terrestre: caminhão, automóvel, moto, etc.";"JAC T-5 CVT 2018";"50000,00";"03/08/2026";"15:30:26"
"03/08/2026";"16:31:03";2026;2;"Eleição Ordinária";6259;"Eleições Gerais Estaduais 2026";"04/10/2026";"SP";"SP";"SÃO PAULO";250002533661;1;11;"Apartamento";"RESIDENCIAL BAIRRO LAUZANE";"350000,00";"30/07/2026";"18:07:38"
"03/08/2026";"16:31:03";2026;2;"Eleição Ordinária";6259;"Eleições Gerais Estaduais 2026";"04/10/2026";"SP";"SP";"SÃO PAULO";250002533662;2;12;"Casa";"CASA NA RUA CUSTÓDIO DE AGUIA";"300000,00";"03/08/2026";"15:30:26"
"03/08/2026";"16:31:03";2026;2;"Eleição Ordinária";6259;"Eleições Gerais Estaduais 2026";"04/10/2026";"SP";"SP";"SÃO PAULO";250002533662;3;13;"Terreno";"TERRENO DE 1600M² EM LUIZ CORREIA, PI";"160000,00";"03/08/2026";"15:30:26"
"03/08/2026";"16:31:03";2026;2;"Eleição Ordinária";6259;"Eleições Gerais Estaduais 2026";"04/10/2026";"SP";"SP";"SÃO PAULO";250002533663;1;13;"Terreno";"TERRENO, QUADRA X LOTE 7 E 8, CRUZ, CEARA, REGISTRO GERAL LIVRO 2C FICHA 1, MATRICULA 634 CARTORIO DE REGISTRO DE IMOVEIS MOZART SALES,";"40000,00";"30/07/2026";"18:07:38"
"03/08/2026";"16:31:03";2026;2;"Eleição Ordinária";6259;"Eleições Gerais Estaduais 2026";"04/10/2026";"SP";"SP";"SÃO PAULO";250002533663;2;12;"Casa";"IMOVEL DE 4 PISOS, SITO RUA JOAO DE SANTANA, 358, CHAC. SANTANA";"50000,00";"30/07/2026";"18:07:38"
"03/08/2026";"16:31:03";2026;2;"Eleição Ordinária";6259;"Eleições Gerais Estaduais 2026";"04/10/2026";"SP";"SP";"SÃO PAULO";250002533664;1;11;"Apartamento";"APARTAMENTO DE 120 METROS EM SÃO PAULO/SP";"600000,00";"30/07/2026";"18:07:38"
"03/08/2026";"16:31:03";2026;2;"Eleição Ordinária";6259;"Eleições Gerais Estaduais 2026";"04/10/2026";"SP";"SP";"SÃO PAULO";250002533664;2;39;"Outras participações societárias";"PARTICIPAÇÃO DE QUOTAS SIDNEY CRUZ SOCIEDADE DE ADVOGADOS";"13500,00";"30/07/2026";"18:07:38"
"03/08/2026";"16:31:03";2026;2;"Eleição Ordinária";6259;"Eleições Gerais Estaduais 2026";"04/10/2026";"SP";"SP";"SÃO PAULO";250002533664;4;21;"Veículo automotor terrestre: caminhão, automóvel, moto, etc.";"COROLLA CROSS";"213520,00";"30/07/2026";"18:07:38"
"03/08/2026";"16:31:03";2026;2;"Eleição Ordinária";6259;"Eleições Gerais Estaduais 2026";"04/10/2026";"SP";"SP";"SÃO PAULO";250002533664;3;61;"Depósito bancário em conta corrente no País";"CONTA REGISTRO BANCO DO BRASIL";"39338,64";"30/07/2026";"18:07:38"
"03/08/2026";"16:31:03";2026;2;"Eleição Ordinária";6259;"Eleições Gerais Estaduais 2026";"04/10/2026";"SP";"SP";"SÃO PAULO";250002533664;5;13;"Terreno";"TERRENO DE 31,65 TAREFAS EM PORTEIRAS/CE";"80000,00";"30/07/2026";"18:07:38"
"03/08/2026";"16:31:03";2026;2;"Eleição Ordinária";6259;"Eleições Gerais Estaduais 2026";"04/10/2026";"SP";"SP";"SÃO PAULO";250002533664;7;45;"Aplicação de renda fixa (CDB, RDB e outros)";"APLICAÇÃO FINANCEIRA BANCO DO BRASIL CDB";"3257,27";"30/07/2026";"18:07:38"
"03/08/2026";"16:31:03";2026;2;"Eleição Ordinária";6259;"Eleições Gerais Estaduais 2026";"04/10/2026";"SP";"SP";"SÃO PAULO";250002533664;6;45;"Aplicação de renda fixa (CDB, RDB e outros)";"APLICAÇÃO FINANCEIRA BANCO DO BRASIL LCA";"130000,00";"30/07/2026";"18:07:38"
"03/08/2026";"16:31:03";2026;2;"Eleição Ordinária";6259;"Eleições Gerais Estaduais 2026";"04/10/2026";"SP";"SP";"SÃO PAULO";250002533664;8;61;"Depósito bancário em conta corrente no País";"CONTA CORRENTE ITAÚ";"878,94";"30/07/2026";"18:07:38"
"03/08/2026";"16:31:03";2026;2;"Eleição Ordinária";6259;"Eleições Gerais Estaduais 2026";"04/10/2026";"SP";"SP";"SÃO PAULO";250002533664;9;45;"Aplicação de renda fixa (CDB, RDB e outros)";"APLICAÇÃO FINANCEIRA SANTANDER";"51,76";"30/07/2026";"18:07:38"
"03/08/2026";"16:31:03";2026;2;"Eleição Ordinária";6259;"Eleições Gerais Estaduais 2026";"04/10/2026";"SP";"SP";"SÃO PAULO";250002533664;11;79;"Outros fundos";"TÍTULOS DE CAPITALIZAÇÃO SANTANDER";"2458,83";"30/07/2026";"18:07:38"
"03/08/2026";"16:31:03";2026;2;"Eleição Ordinária";6259;"Eleições Gerais Estaduais 2026";"04/10/2026";"SP";"SP";"SÃO PAULO";250002533664;10;49;"Outras aplicações e Investimentos";"BRASIL PREV";"11614,54";"30/07/2026";"18:07:38"
"03/08/2026";"16:31:03";2026;2;"Eleição Ordinária";6259;"Eleições Gerais Estaduais 2026";"04/10/2026";"SP";"SP";"SÃO PAULO";250002533664;13;45;"Aplicação de renda fixa (CDB, RDB e outros)";"APLICAÇÃO FINANCEIRA ITAÚ";"100000,00";"30/07/2026";"18:07:38"
"03/08/2026";"16:31:03";2026;2;"Eleição Ordinária";6259;"Eleições Gerais Estaduais 2026";"04/10/2026";"SP";"SP";"SÃO PAULO";250002533664;12;21;"Veículo automotor terrestre: caminhão, automóvel, moto, etc.";"MICROONIBUS SPRINTERM";"82000,00";"30/07/2026";"18:07:38"
"03/08/2026";"16:31:03";2026;2;"Eleição Ordinária";6259;"Eleições Gerais Estaduais 2026";"04/10/2026";"SP";"SP";"SÃO PAULO";250002533664;14;13;"Terreno";"PARTE DE TERRA COM UMA CASA CONSTRUÍDA EM PORTERIAS/CE";"260000,00";"30/07/2026";"18:07:38"
"03/08/2026";"16:31:03";2026;2;"Eleição Ordinária";6259;"Eleições Gerais Estaduais 2026";"04/10/2026";"SP";"SP";"SÃO PAULO";250002533665;2;12;"Casa";"25% IMOVEL RUA DOS OPERÁRIOS, 1177 - VL BRASILINA SP/SP COM";"122863,25";"30/07/2026";"18:07:38"
"03/08/2026";"16:31:03";2026;2;"Eleição Ordinária";6259;"Eleições Gerais Estaduais 2026";"04/10/2026";"SP";"SP";"SÃO PAULO";250002533665;1;32;"Quotas ou quinhões de capital";"AÇÕES IBRX-50 - BARDESCO FI PIBB";"17411,49";"30/07/2026";"18:07:38"
"03/08/2026";"16:31:03";2026;2;"Eleição Ordinária";6259;"Eleições Gerais Estaduais 2026";"04/10/2026";"SP";"SP";"SÃO PAULO";250002533664;15;61;"Depósito bancário em conta corrente no País";"CONTA CORRENTE BANCO DO BRASIL";"1778,48";"30/07/2026";"18:07:38"
"03/08/2026";"16:31:03";2026;2;"Eleição Ordinária";6259;"Eleições Gerais Estaduais 2026";"04/10/2026";"SP";"SP";"SÃO PAULO";250002533665;3;45;"Aplicação de renda fixa (CDB, RDB e outros)";"CDB - AGORA";"14000,00";"30/07/2026";"18:07:38"
"03/08/2026";"16:31:03";2026;2;"Eleição Ordinária";6259;"Eleições Gerais Estaduais 2026";"04/10/2026";"SP";"SP";"SÃO PAULO";250002533665;4;49;"Outras aplicações e Investimentos";"ATIVOS EM CUSTODIA - VALE DO RIO DOCE";"8991,36";"30/07/2026";"18:07:38"
"03/08/2026";"16:31:03";2026;2;"Eleição Ordinária";6259;"Eleições Gerais Estaduais 2026";"04/10/2026";"SP";"SP";"SÃO PAULO";250002533665;5;49;"Outras aplicações e Investimentos";"ATIVOS EM CUSTODIA - BRASIL";"16350,60";"30/07/2026";"18:07:38"
"03/08/2026";"16:31:03";2026;2;"Eleição Ordinária";6259;"Eleições Gerais Estaduais 2026";"04/10/2026";"SP";"SP";"SÃO PAULO";250002533665;8;32;"Quotas ou quinhões de capital";"AÇÕES PETROBRAS";"3366,00";"30/07/2026";"18:07:38"
"03/08/2026";"16:31:03";2026;2;"Eleição Ordinária";6259;"Eleições Gerais Estaduais 2026";"04/10/2026";"SP";"SP";"SÃO PAULO";250002533665;7;45;"Aplicação de renda fixa (CDB, RDB e outros)";"BANCO DO BRASIL";"7103,37";"30/07/2026";"18:07:38"
"03/08/2026";"16:31:03";2026;2;"Eleição Ordinária";6259;"Eleições Gerais Estaduais 2026";"04/10/2026";"SP";"SP";"SÃO PAULO";250002533665;6;79;"Outros fundos";"MULTIMERCADO - ITAU";"497,74";"30/07/2026";"18:07:38"
"03/08/2026";"16:31:03";2026;2;"Eleição Ordinária";6259;"Eleições Gerais Estaduais 2026";"04/10/2026";"SP";"SP";"SÃO PAULO";250002533665;9;32;"Quotas ou quinhões de capital";"2413 QUOTAS PETROBRAS - FGTS";"18116,00";"30/07/2026";"18:07:38"
"03/08/2026";"16:31:03";2026;2;"Eleição Ordinária";6259;"Eleições Gerais Estaduais 2026";"04/10/2026";"SP";"SP";"SÃO PAULO";250002533665;10;41;"Caderneta de poupança";"CAIXA ECONOMICA FEDERAL";"7,85";"30/07/2026";"18:07:38"
"03/08/2026";"16:31:03";2026;2;"Eleição Ordinária";6259;"Eleições Gerais Estaduais 2026";"04/10/2026";"SP";"SP";"SÃO PAULO";250002533665;11;32;"Quotas ou quinhões de capital";"BANCO ITAU";"1309,57";"30/07/2026";"18:07:38"
"03/08/2026";"16:31:03";2026;2;"Eleição Ordinária";6259;"Eleições Gerais Estaduais 2026";"04/10/2026";"SP";"SP";"SÃO PAULO";250002533665;13;32;"Quotas ou quinhões de capital";"AÇÕES VALE DO RIO DOCE";"3366,60";"30/07/2026";"18:07:38"
"03/08/2026";"16:31:03";2026;2;"Eleição Ordinária";6259;"Eleições Gerais Estaduais 2026";"04/10/2026";"SP";"SP";"SÃO PAULO";250002533665;12;79;"Outros fundos";"ITAU KINEA";"497,74";"30/07/2026";"18:07:38"
"03/08/2026";"16:31:03";2026;2;"Eleição Ordinária";6259;"Eleições Gerais Estaduais 2026";"04/10/2026";"SP";"SP";"SÃO PAULO";250002533665;14;97;"VGBL - Vida Gerador de Benefício Livre";"BRASIL PREV";"37000,00";"30/07/2026";"18:07:38"
"03/08/2026";"16:31:03";2026;2;"Eleição Ordinária";6259;"Eleições Gerais Estaduais 2026";"04/10/2026";"SP";"SP";"SÃO PAULO";250002533665;15;32;"Quotas ou quinhões de capital";"3358 QUOTAS PETROBRAS- FGTS";"25210,75";"30/07/2026";"18:07:38"
"03/08/2026";"16:31:03";2026;2;"Eleição Ordinária";6259;"Eleições Gerais Estaduais 2026";"04/10/2026";"SP";"SP";"SÃO PAULO";250002533665;16;45;"Aplicação de renda fixa (CDB, RDB e outros)";"BANCO SANTANDER";"1670,57";"30/07/2026";"18:07:38"
"03/08/2026";"16:31:03";2026;2;"Eleição Ordinária";6259;"Eleições Gerais Estaduais 2026";"04/10/2026";"SP";"SP";"SÃO PAULO";250002533665;17;49;"Outras aplicações e Investimentos";"ATIVOS EM CUSTODIA - SANTANDER";"7023,38";"30/07/2026";"18:07:38"
"03/08/2026";"16:31:03";2026;2;"Eleição Ordinária";6259;"Eleições Gerais Estaduais 2026";"04/10/2026";"SP";"SP";"SÃO PAULO";250002533665;19;61;"Depósito bancário em conta corrente no País";"CAIXA ECOMICA FEDERAL";"19,00";"30/07/2026";"18:07:38"
"03/08/2026";"16:31:03";2026;2;"Eleição Ordinária";6259;"Eleições Gerais Estaduais 2026";"04/10/2026";"SP";"SP";"SÃO PAULO";250002533665;20;61;"Depósito bancário em conta corrente no País";"ITAU";"10,00";"30/07/2026";"18:07:38"
"03/08/2026";"16:31:03";2026;2;"Eleição Ordinária";6259;"Eleições Gerais Estaduais 2026";"04/10/2026";"SP";"SP";"SÃO PAULO";250002533665;18;49;"Outras aplicações e Investimentos";"ATIVOS EM CUSTODIA - CIELO";"13032,72";"30/07/2026";"18:07:38"
"03/08/2026";"16:31:03";2026;2;"Eleição Ordinária";6259;"Eleições Gerais Estaduais 2026";"04/10/2026";"SP";"SP";"SÃO PAULO";250002533665;21;45;"Aplicação de renda fixa (CDB, RDB e outros)";"BANCO BRADESCO";"475,03";"30/07/2026";"18:07:38"
"03/08/2026";"16:31:03";2026;2;"Eleição Ordinária";6259;"Eleições Gerais Estaduais 2026";"04/10/2026";"SP";"SP";"SÃO PAULO";250002533665;22;61;"Depósito bancário em conta corrente no País";"AGORA - CTVM";"1381,56";"30/07/2026";"18:07:38"
"03/08/2026";"16:31:03";2026;2;"Eleição Ordinária";6259;"Eleições Gerais Estaduais 2026";"04/10/2026";"SP";"SP";"SÃO PAULO";250002533666;1;61;"Depósito bancário em conta corrente no País";"BANCO DO BRASIL";"450,48";"30/07/2026";"18:07:38"
"03/08/2026";"16:31:03";2026;2;"Eleição Ordinária";6259;"Eleições Gerais Estaduais 2026";"04/10/2026";"SP";"SP";"SÃO PAULO";250002533666;4;21;"Veículo automotor terrestre: caminhão, automóvel, moto, etc.";"VEICULO CAOA CHERY TIGGO 8 - CINZA ESCURO 2024/2025";"201990,00";"30/07/2026";"18:07:38"
"03/08/2026";"16:31:03";2026;2;"Eleição Ordinária";6259;"Eleições Gerais Estaduais 2026";"04/10/2026";"SP";"SP";"SÃO PAULO";250002533666;2;61;"Depósito bancário em conta corrente no País";"BANCO DO BRASIL";"26737,98";"30/07/2026";"18:07:38"
"03/08/2026";"16:31:03";2026;2;"Eleição Ordinária";6259;"Eleições Gerais Estaduais 2026";"04/10/2026";"SP";"SP";"SÃO PAULO";250002533666;3;49;"Outras aplicações e Investimentos";"RF LP HIGH";"33718,39";"30/07/2026";"18:07:38"
"03/08/2026";"16:31:03";2026;2;"Eleição Ordinária";6259;"Eleições Gerais Estaduais 2026";"04/10/2026";"SP";"SP";"SÃO PAULO";250002533666;5;41;"Caderneta de poupança";"BRADESCO -SALDO DE POUPANÇA";"311,04";"30/07/2026";"18:07:38"
"03/08/2026";"16:31:03";2026;2;"Eleição Ordinária";6259;"Eleições Gerais Estaduais 2026";"04/10/2026";"SP";"SP";"SÃO PAULO";250002533668;2;21;"Veículo automotor terrestre: caminhão, automóvel, moto, etc.";"AUDI A3 ANO/MODELO 2016/2016";"82000,00";"30/07/2026";"18:07:38"
"03/08/2026";"16:31:03";2026;2;"Eleição Ordinária";6259;"Eleições Gerais Estaduais 2026";"04/10/2026";"SP";"SP";"SÃO PAULO";250002533668;1;21;"Veículo automotor terrestre: caminhão, automóvel, moto, etc.";"VEICULO FIAT- CONVENIENCE2, 1.4 - ANO/MODELO 2014/2014";"44900,00";"30/07/2026";"18:07:38"
"03/08/2026";"16:31:03";2026;2;"Eleição Ordinária";6259;"Eleições Gerais Estaduais 2026";"04/10/2026";"SP";"SP";"SÃO PAULO";250002533669;1;21;"Veículo automotor terrestre: caminhão, automóvel, moto, etc.";"AUTOMÓVEL SAMDERO STEPWAY";"80000,00";"03/08/2026";"16:00:46"
"03/08/2026";"16:31:03";2026;2;"Eleição Ordinária";6259;"Eleições Gerais Estaduais 2026";"04/10/2026";"SP";"SP";"SÃO PAULO";250002533669;2;21;"Veículo automotor terrestre: caminhão, automóvel, moto, etc.";"AUTO MOVEL CLIO REMALT";"35000,00";"03/08/2026";"16:00:46"
"03/08/2026";"16:31:03";2026;2;"Eleição Ordinária";6259;"Eleições Gerais Estaduais 2026";"04/10/2026";"SP";"SP";"SÃO PAULO";250002533669;3;11;"Apartamento";"APARTAMENTO 03-DORMITÓRIOS";"1000000,00";"03/08/2026";"16:00:46"
"03/08/2026";"16:31:03";2026;2;"Eleição Ordinária";6259;"Eleições Gerais Estaduais 2026";"04/10/2026";"SP";"SP";"SÃO PAULO";250002533669;4;21;"Veículo automotor terrestre: caminhão, automóvel, moto, etc.";"MOTOCICLET¿ - HARLEY DAVIDSON - 1.200CC";"45000,00";"03/08/2026";"16:00:46"
"03/08/2026";"16:31:03";2026;2;"Eleição Ordinária";6259;"Eleições Gerais Estaduais 2026";"04/10/2026";"SP";"SP";"SÃO PAULO";250002533669;5;21;"Veículo automotor terrestre: caminhão, automóvel, moto, etc.";"MOTOCICLETA - DAFRA CITYCOM 300 CC";"15000,00";"03/08/2026";"16:00:46"
"03/08/2026";"16:31:03";2026;2;"Eleição Ordinária";6259;"Eleições Gerais Estaduais 2026";"04/10/2026";"SP";"SP";"SÃO PAULO";250002533670;1;21;"Veículo automotor terrestre: caminhão, automóvel, moto, etc.";"MOTO YAMAHA NMAX 25/25";"20000,00";"30/07/2026";"18:07:38"
"03/08/2026";"16:31:03";2026;2;"Eleição Ordinária";6259;"Eleições Gerais Estaduais 2026";"04/10/2026";"SP";"SP";"SÃO PAULO";250002533670;3;21;"Veículo automotor terrestre: caminhão, automóvel, moto, etc.";"CHEVROLET - AGILE 12/12";"25000,00";"30/07/2026";"18:07:38"
"03/08/2026";"16:31:03";2026;2;"Eleição Ordinária";6259;"Eleições Gerais Estaduais 2026";"04/10/2026";"SP";"SP";"SÃO PAULO";250002533670;4;41;"Caderneta de poupança";"BANCO DO BRASIL";"65000,00";"30/07/2026";"18:07:38"
"03/08/2026";"16:31:03";2026;2;"Eleição Ordinária";6259;"Eleições Gerais Estaduais 2026";"04/10/2026";"SP";"SP";"SÃO PAULO";250002533670;2;11;"Apartamento";"IMOVEL RESIDENCIAL";"376552,82";"30/07/2026";"18:07:38"
"03/08/2026";"16:31:03";2026;2;"Eleição Ordinária";6259;"Eleições Gerais Estaduais 2026";"04/10/2026";"SP";"SP";"SÃO PAULO";250002533671;2;32;"Quotas ou quinhões de capital";"COOPERATIVA DE ECONOMIA E CRÉDITO";"2383,59";"30/07/2026";"18:07:38"
"03/08/2026";"16:31:03";2026;2;"Eleição Ordinária";6259;"Eleições Gerais Estaduais 2026";"04/10/2026";"SP";"SP";"SÃO PAULO";250002533671;3;41;"Caderneta de poupança";"POUPANÇA SANTANDER";"358,82";"30/07/2026";"18:07:38"
"03/08/2026";"16:31:03";2026;2;"Eleição Ordinária";6259;"Eleições Gerais Estaduais 2026";"04/10/2026";"SP";"SP";"SÃO PAULO";250002533671;1;13;"Terreno";"1/4 DO TERRENO NA REGIÃO CENTRAL DE SÃO JOSÉ DOS CAMPOS";"9803,34";"30/07/2026";"18:07:38"
"03/08/2026";"16:31:03";2026;2;"Eleição Ordinária";6259;"Eleições Gerais Estaduais 2026";"04/10/2026";"SP";"SP";"SÃO PAULO";250002533671;4;45;"Aplicação de renda fixa (CDB, RDB e outros)";"APLICAÇÃO SANTANDER";"7921,24";"30/07/2026";"18:07:38"
"03/08/2026";"16:31:03";2026;2;"Eleição Ordinária";6259;"Eleições Gerais Estaduais 2026";"04/10/2026";"SP";"SP";"SÃO PAULO";250002533671;5;45;"Aplicação de renda fixa (CDB, RDB e outros)";"APLICAÇÃO SANTANDER";"1659,35";"30/07/2026";"18:07:38"
"03/08/2026";"16:31:03";2026;2;"Eleição Ordinária";6259;"Eleições Gerais Estaduais 2026";"04/10/2026";"SP";"SP";"SÃO PAULO";250002533671;6;61;"Depósito bancário em conta corrente no País";"CAIXA ECONÔMICA FEDERAL";"4047,29";"30/07/2026";"18:07:38"
"03/08/2026";"16:31:03";2026;2;"Eleição Ordinária";6259;"Eleições Gerais Estaduais 2026";"04/10/2026";"SP";"SP";"SÃO PAULO";250002533671;8;21;"Veículo automotor terrestre: caminhão, automóvel, moto, etc.";"FIAT TORA ENDURANCE TURBO 270 FLEX AT6 2024";"96068,73";"30/07/2026";"18:07:38"
"03/08/2026";"16:31:03";2026;2;"Eleição Ordinária";6259;"Eleições Gerais Estaduais 2026";"04/10/2026";"SP";"SP";"SÃO PAULO";250002533672;1;12;"Casa";"CASA DE 230 METROS QUADRADOS EM VALINHOS/SP";"1150000,00";"30/07/2026";"18:07:38"
"03/08/2026";"16:31:03";2026;2;"Eleição Ordinária";6259;"Eleições Gerais Estaduais 2026";"04/10/2026";"SP";"SP";"SÃO PAULO";250002533671;7;11;"Apartamento";"1/4 DO APARTAMENTO 51";"43858,00";"30/07/2026";"18:07:38"
"03/08/2026";"16:31:03";2026;2;"Eleição Ordinária";6259;"Eleições Gerais Estaduais 2026";"04/10/2026";"SP";"SP";"SÃO PAULO";250002533672;2;21;"Veículo automotor terrestre: caminhão, automóvel, moto, etc.";"AUTOMÓVEL MERCEDES BENZ C180 AVANTGARDE";"121990,00";"30/07/2026";"18:07:38"
"03/08/2026";"16:31:03";2026;2;"Eleição Ordinária";6259;"Eleições Gerais Estaduais 2026";"04/10/2026";"SP";"SP";"SÃO PAULO";250002533672;3;32;"Quotas ou quinhões de capital";"QUOTA NA NOVA ÁGORA COOPERATIVA HABITACIONAL";"91014,40";"30/07/2026";"18:07:38"
"03/08/2026";"16:31:03";2026;2;"Eleição Ordinária";6259;"Eleições Gerais Estaduais 2026";"04/10/2026";"SP";"SP";"SÃO PAULO";250002533672;4;39;"Outras participações societárias";"5.000 COTAS DA EMPRESA CITE ENGENHARIA E PROJETOS LTDA";"5000,00";"30/07/2026";"18:07:38"
"03/08/2026";"16:31:03";2026;2;"Eleição Ordinária";6259;"Eleições Gerais Estaduais 2026";"04/10/2026";"SP";"SP";"SÃO PAULO";250002533672;5;12;"Casa";"CASA DE 96 METROS QUADRADOS EM ATIBAIA/SP";"320000,00";"30/07/2026";"18:07:38"
"03/08/2026";"16:31:03";2026;2;"Eleição Ordinária";6259;"Eleições Gerais Estaduais 2026";"04/10/2026";"SP";"SP";"SÃO PAULO";250002533672;6;61;"Depósito bancário em conta corrente no País";"DEPÓSITO CONTA CORRENTE, BANCO SANTANDER";"15036,18";"30/07/2026";"18:07:38"
"03/08/2026";"16:31:03";2026;2;"Eleição Ordinária";6259;"Eleições Gerais Estaduais 2026";"04/10/2026";"SP";"SP";"SÃO PAULO";250002533673;1;13;"Terreno";"LOTE N 26 LOCALIZADO NO MUNICIPIO DE CARDOSO-SP.";"72394,36";"30/07/2026";"18:07:38"
"03/08/2026";"16:31:03";2026;2;"Eleição Ordinária";6259;"Eleições Gerais Estaduais 2026";"04/10/2026";"SP";"SP";"SÃO PAULO";250002533731;1;21;"Veículo automotor terrestre: caminhão, automóvel, moto, etc.";"FIAT FASTBACK AUDACE 2023";"120000,00";"30/07/2026";"13:46:38"
"03/08/2026";"16:31:03";2026;2;"Eleição Ordinária";6259;"Eleições Gerais Estaduais 2026";"04/10/2026";"SP";"SP";"SÃO PAULO";250002533732;1;21;"Veículo automotor terrestre: caminhão, automóvel, moto, etc.";"JEEP COMPASS 2017";"91000,00";"30/07/2026";"13:47:13"
"03/08/2026";"16:31:03";2026;2;"Eleição Ordinária";6259;"Eleições Gerais Estaduais 2026";"04/10/2026";"SP";"SP";"SÃO PAULO";250002533732;2;61;"Depósito bancário em conta corrente no País";"CONTA CORRENTE BANCO DO BRASIL";"225116,00";"30/07/2026";"13:47:13"
"03/08/2026";"16:31:03";2026;2;"Eleição Ordinária";6259;"Eleições Gerais Estaduais 2026";"04/10/2026";"SP";"SP";"SÃO PAULO";250002533733;2;32;"Quotas ou quinhões de capital";"CAPITAL NA EMPRESA LINEAL";"100,00";"30/07/2026";"13:48:04"
"03/08/2026";"16:31:03";2026;2;"Eleição Ordinária";6259;"Eleições Gerais Estaduais 2026";"04/10/2026";"SP";"SP";"SÃO PAULO";250002533733;3;32;"Quotas ou quinhões de capital";"QUOTAS DA EMPRESA MCR";"2000,00";"30/07/2026";"13:48:04"
"03/08/2026";"16:31:03";2026;2;"Eleição Ordinária";6259;"Eleições Gerais Estaduais 2026";"04/10/2026";"SP";"SP";"SÃO PAULO";250002533733;1;63;"Dinheiro em espécie - moeda nacional";"DINHEIRO EM ESPÉCIE";"30500,00";"30/07/2026";"13:48:04"
"03/08/2026";"16:31:03";2026;2;"Eleição Ordinária";6259;"Eleições Gerais Estaduais 2026";"04/10/2026";"SP";"SP";"SÃO PAULO";250002533733;5;32;"Quotas ou quinhões de capital";"CAPITAL NA FIRMA W TOZI";"1000,00";"30/07/2026";"13:48:04"
"03/08/2026";"16:31:03";2026;2;"Eleição Ordinária";6259;"Eleições Gerais Estaduais 2026";"04/10/2026";"SP";"SP";"SÃO PAULO";250002533733;4;11;"Apartamento";"APARTAMENTO EM SÃO JOSÉ DOS CAMPOS";"460000,00";"30/07/2026";"13:48:04"
"03/08/2026";"16:31:03";2026;2;"Eleição Ordinária";6259;"Eleições Gerais Estaduais 2026";"04/10/2026";"SP";"SP";"SÃO PAULO";250002533733;6;61;"Depósito bancário em conta corrente no País";"CONTA CORRENTE RENDA FÁCIL";"20435,01";"30/07/2026";"13:48:04"
"03/08/2026";"16:31:03";2026;2;"Eleição Ordinária";6259;"Eleições Gerais Estaduais 2026";"04/10/2026";"SP";"SP";"SÃO PAULO";250002533733;8;21;"Veículo automotor terrestre: caminhão, automóvel, moto, etc.";"SUZUKI JIMMY";"46000,00";"30/07/2026";"13:48:04"
"03/08/2026";"16:31:03";2026;2;"Eleição Ordinária";6259;"Eleições Gerais Estaduais 2026";"04/10/2026";"SP";"SP";"SÃO PAULO";250002533733;9;21;"Veículo automotor terrestre: caminhão, automóvel, moto, etc.";"AUTOMÓVEL";"64000,00";"30/07/2026";"13:48:04"
"03/08/2026";"16:31:03";2026;2;"Eleição Ordinária";6259;"Eleições Gerais Estaduais 2026";"04/10/2026";"SP";"SP";"SÃO PAULO";250002533733;7;69;"Outros depósitos à vista e numerário";"CONTA SALARIO BRADESCO";"2182,37";"30/07/2026";"13:48:04"
"03/08/2026";"16:31:03";2026;2;"Eleição Ordinária";6259;"Eleições Gerais Estaduais 2026";"04/10/2026";"SP";"SP";"SÃO PAULO";250002533734;1;12;"Casa";"50% CASA EM SAO JOSE DOS CAMPOS";"160000,00";"30/07/2026";"13:46:39"
"03/08/2026";"16:31:03";2026;2;"Eleição Ordinária";6259;"Eleições Gerais Estaduais 2026";"04/10/2026";"SP";"SP";"SÃO PAULO";250002533735;1;12;"Casa";"IMÓVEL LOCALIZADO EM ITAPETININGA/SP";"2000000,00";"30/07/2026";"13:47:31"
"03/08/2026";"16:31:03";2026;2;"Eleição Ordinária";6259;"Eleições Gerais Estaduais 2026";"04/10/2026";"SP";"SP";"SÃO PAULO";250002533734;2;61;"Depósito bancário em conta corrente no País";"SALDO EM CONTA CORRENTE";"11031,69";"30/07/2026";"13:46:39"
"03/08/2026";"16:31:03";2026;2;"Eleição Ordinária";6259;"Eleições Gerais Estaduais 2026";"04/10/2026";"SP";"SP";"SÃO PAULO";250002533735;3;32;"Quotas ou quinhões de capital";"15,78% DE QUOTA DE CAPITAL SOCIAL DE EMPRESA";"258970,00";"30/07/2026";"13:47:31"
"03/08/2026";"16:31:03";2026;2;"Eleição Ordinária";6259;"Eleições Gerais Estaduais 2026";"04/10/2026";"SP";"SP";"SÃO PAULO";250002533735;4;63;"Dinheiro em espécie - moeda nacional";"DINHEIRO EM ESPÉCIE";"35000,00";"30/07/2026";"13:47:31"
"03/08/2026";"16:31:03";2026;2;"Eleição Ordinária";6259;"Eleições Gerais Estaduais 2026";"04/10/2026";"SP";"SP";"SÃO PAULO";250002533735;2;97;"VGBL - Vida Gerador de Benefício Livre";"VGBL NO BANCO BRADESCO";"452864,77";"30/07/2026";"13:47:31"
"03/08/2026";"16:31:03";2026;2;"Eleição Ordinária";6259;"Eleições Gerais Estaduais 2026";"04/10/2026";"SP";"SP";"SÃO PAULO";250002533735;5;21;"Veículo automotor terrestre: caminhão, automóvel, moto, etc.";"VEÍCULO HONDA CIVIC ANO/MODELO: 2012/2012";"63851,00";"30/07/2026";"13:47:31"
"03/08/2026";"16:31:03";2026;2;"Eleição Ordinária";6259;"Eleições Gerais Estaduais 2026";"04/10/2026";"SP";"SP";"SÃO PAULO";250002533735;7;32;"Quotas ou quinhões de capital";"13,63% DE QUOTA DE CAPITAL SOCIAL DE EMPRESA";"13630,00";"30/07/2026";"13:47:31"
"03/08/2026";"16:31:03";2026;2;"Eleição Ordinária";6259;"Eleições Gerais Estaduais 2026";"04/10/2026";"SP";"SP";"SÃO PAULO";250002533735;6;61;"Depósito bancário em conta corrente no País";"SALDO EM CONTA CORRENTE NO BANCO BRADESCO";"1441,45";"30/07/2026";"13:47:31"
"03/08/2026";"16:31:03";2026;2;"Eleição Ordinária";6259;"Eleições Gerais Estaduais 2026";"04/10/2026";"SP";"SP";"SÃO PAULO";250002533735;10;32;"Quotas ou quinhões de capital";"0,5% DE QUOTA DE CAPITAL SOCIAL DE EMPRESA";"3600,00";"30/07/2026";"13:47:31"
"03/08/2026";"16:31:03";2026;2;"Eleição Ordinária";6259;"Eleições Gerais Estaduais 2026";"04/10/2026";"SP";"SP";"SÃO PAULO";250002533735;8;45;"Aplicação de renda fixa (CDB, RDB e outros)";"APLICAÇÃO CDB-DI NO BANCO BRADESCO";"30374,82";"30/07/2026";"13:47:31"
"03/08/2026";"16:31:03";2026;2;"Eleição Ordinária";6259;"Eleições Gerais Estaduais 2026";"04/10/2026";"SP";"SP";"SÃO PAULO";250002533735;9;61;"Depósito bancário em conta corrente no País";"SALDO EM CONTA CORRENTE NO BANCO DO BRASIL";"1278,04";"30/07/2026";"13:47:31"
"03/08/2026";"16:31:03";2026;2;"Eleição Ordinária";6259;"Eleições Gerais Estaduais 2026";"04/10/2026";"SP";"SP";"SÃO PAULO";250002533736;1;21;"Veículo automotor terrestre: caminhão, automóvel, moto, etc.";"AUTOMÓVEL FORD ECOSPORT";"46392,41";"30/07/2026";"13:47:35"
"03/08/2026";"16:31:03";2026;2;"Eleição Ordinária";6259;"Eleições Gerais Estaduais 2026";"04/10/2026";"SP";"SP";"SÃO PAULO";250002533736;2;61;"Depósito bancário em conta corrente no País";"CONTA NO BANCO DO BRASIL";"0,00";"30/07/2026";"13:47:35"
"03/08/2026";"16:31:03";2026;2;"Eleição Ordinária";6259;"Eleições Gerais Estaduais 2026";"04/10/2026";"SP";"SP";"SÃO PAULO";250002533736;3;13;"Terreno";"50% DE TERRENO NO MUNICÍPIO DE NOVA ODESSA/SP";"80000,00";"30/07/2026";"13:47:35"
"03/08/2026";"16:31:03";2026;2;"Eleição Ordinária";6259;"Eleições Gerais Estaduais 2026";"04/10/2026";"SP";"SP";"SÃO PAULO";250002533736;5;21;"Veículo automotor terrestre: caminhão, automóvel, moto, etc.";"AUTOMÓVEL RENAULT KWID";"41967,00";"30/07/2026";"13:47:35"
"03/08/2026";"16:31:03";2026;2;"Eleição Ordinária";6259;"Eleições Gerais Estaduais 2026";"04/10/2026";"SP";"SP";"SÃO PAULO";250002533737;1;21;"Veículo automotor terrestre: caminhão, automóvel, moto, etc.";"MOTO HONDA CG/160";"6500,00";"30/07/2026";"13:47:31"
"03/08/2026";"16:31:03";2026;2;"Eleição Ordinária";6259;"Eleições Gerais Estaduais 2026";"04/10/2026";"SP";"SP";"SÃO PAULO";250002533736;4;13;"Terreno";"GLEBA DE TERRA NO MUNICÍPIO DE BOA ESPERANÇA/MG";"63403,16";"30/07/2026";"13:47:35"
"03/08/2026";"16:31:03";2026;2;"Eleição Ordinária";6259;"Eleições Gerais Estaduais 2026";"04/10/2026";"SP";"SP";"SÃO PAULO";250002533737;4;41;"Caderneta de poupança";"CADERNETA DE POUPANÇA SICREDI INTEGRADA";"2157,28";"30/07/2026";"13:47:31"
"03/08/2026";"16:31:03";2026;2;"Eleição Ordinária";6259;"Eleições Gerais Estaduais 2026";"04/10/2026";"SP";"SP";"SÃO PAULO";250002533737;2;11;"Apartamento";"1/3 APARTAMENTO RESIDENCIAL";"46000,00";"30/07/2026";"13:47:31"
"03/08/2026";"16:31:03";2026;2;"Eleição Ordinária";6259;"Eleições Gerais Estaduais 2026";"04/10/2026";"SP";"SP";"SÃO PAULO";250002533737;3;11;"Apartamento";"1/3 APARTAMENTO RESIDENCIAL";"46000,00";"30/07/2026";"13:47:31"
"03/08/2026";"16:31:03";2026;2;"Eleição Ordinária";6259;"Eleições Gerais Estaduais 2026";"04/10/2026";"SP";"SP";"SÃO PAULO";250002533737;5;12;"Casa";"1/3 IMÓVEL RESIDENCIAL";"37604,18";"30/07/2026";"13:47:31"
"03/08/2026";"16:31:03";2026;2;"Eleição Ordinária";6259;"Eleições Gerais Estaduais 2026";"04/10/2026";"SP";"SP";"SÃO PAULO";250002533737;7;12;"Casa";"1/3 IMÓVEL RESIDENCIAL, PRAÇA JOSÉ PANTAROTO, 50, BIRIGUI/SP";"37604,18";"30/07/2026";"13:47:31"
"03/08/2026";"16:31:03";2026;2;"Eleição Ordinária";6259;"Eleições Gerais Estaduais 2026";"04/10/2026";"SP";"SP";"SÃO PAULO";250002533737;6;13;"Terreno";"LOTE DE TERRENO";"11595,80";"30/07/2026";"13:47:31"
"03/08/2026";"16:31:03";2026;2;"Eleição Ordinária";6259;"Eleições Gerais Estaduais 2026";"04/10/2026";"SP";"SP";"SÃO PAULO";250002533738;3;99;"OUTROS BENS E DIREITOS";"CONSÓRCIO DE IMÓVEL EM ANDAMENTO (CARTA DE CRÉDITO)";"135393,13";"30/07/2026";"13:46:43"
"03/08/2026";"16:31:03";2026;2;"Eleição Ordinária";6259;"Eleições Gerais Estaduais 2026";"04/10/2026";"SP";"SP";"SÃO PAULO";250002533738;1;13;"Terreno";"TERRENO FINANCIADO";"85500,00";"30/07/2026";"13:46:43"
"03/08/2026";"16:31:03";2026;2;"Eleição Ordinária";6259;"Eleições Gerais Estaduais 2026";"04/10/2026";"SP";"SP";"SÃO PAULO";250002533738;2;13;"Terreno";"TERRENO FINANCIADO";"100259,43";"30/07/2026";"13:46:43"
"03/08/2026";"16:31:03";2026;2;"Eleição Ordinária";6259;"Eleições Gerais Estaduais 2026";"04/10/2026";"SP";"SP";"SÃO PAULO";250002533738;4;12;"Casa";"CASA FINANCIADA";"103878,41";"30/07/2026";"13:46:43"
"03/08/2026";"16:31:03";2026;2;"Eleição Ordinária";6259;"Eleições Gerais Estaduais 2026";"04/10/2026";"SP";"SP";"SÃO PAULO";250002533738;5;21;"Veículo automotor terrestre: caminhão, automóvel, moto, etc.";"AUTOMÓVEL SAVEIRO";"45000,00";"30/07/2026";"13:46:43"
"03/08/2026";"16:31:03";2026;2;"Eleição Ordinária";6259;"Eleições Gerais Estaduais 2026";"04/10/2026";"SP";"SP";"SÃO PAULO";250002533738;6;21;"Veículo automotor terrestre: caminhão, automóvel, moto, etc.";"AUTOMÓVEL GOL";"8754,00";"30/07/2026";"13:46:43"
"03/08/2026";"16:31:03";2026;2;"Eleição Ordinária";6259;"Eleições Gerais Estaduais 2026";"04/10/2026";"SP";"SP";"SÃO PAULO";250002533739;3;12;"Casa";"IMOVEL RESIDENCIAL EM CAMPOS DO JORDÃO";"320000,00";"30/07/2026";"13:46:55"
"03/08/2026";"16:31:03";2026;2;"Eleição Ordinária";6259;"Eleições Gerais Estaduais 2026";"04/10/2026";"SP";"SP";"SÃO PAULO";250002533739;2;21;"Veículo automotor terrestre: caminhão, automóvel, moto, etc.";"JEEP RENEGADE 2017";"82000,00";"30/07/2026";"13:46:55"
"03/08/2026";"16:31:03";2026;2;"Eleição Ordinária";6259;"Eleições Gerais Estaduais 2026";"04/10/2026";"SP";"SP";"SÃO PAULO";250002533739;1;15;"Sala ou conjunto";"CONJUNTO COMERCIAL EM ARAUCARIA";"160000,00";"30/07/2026";"13:46:55"
"03/08/2026";"16:31:03";2026;2;"Eleição Ordinária";6259;"Eleições Gerais Estaduais 2026";"04/10/2026";"SP";"SP";"SÃO PAULO";250002533739;4;45;"Aplicação de renda fixa (CDB, RDB e outros)";"APLICAÇÃO RENDA FIXA BRADESCO";"29394,40";"30/07/2026";"13:46:55"
"03/08/2026";"16:31:03";2026;2;"Eleição Ordinária";6259;"Eleições Gerais Estaduais 2026";"04/10/2026";"SP";"SP";"SÃO PAULO";250002533739;5;45;"Aplicação de renda fixa (CDB, RDB e outros)";"SANTANDER CDB";"1024,16";"30/07/2026";"13:46:55"
"03/08/2026";"16:31:03";2026;2;"Eleição Ordinária";6259;"Eleições Gerais Estaduais 2026";"04/10/2026";"SP";"SP";"SÃO PAULO";250002533739;6;39;"Outras participações societárias";"CAPITAL SOCIAL DA FIRMA L.H. GONCALVES CESAR";"20000,00";"30/07/2026";"13:46:55"
"03/08/2026";"16:31:03";2026;2;"Eleição Ordinária";6259;"Eleições Gerais Estaduais 2026";"04/10/2026";"SP";"SP";"SÃO PAULO";250002533740;1;32;"Quotas ou quinhões de capital";"70% DAS QUOTAS DA EMPRESA CONSTRUMAX TERRAPLANAGEM LTDA";"2800000,00";"30/07/2026";"13:46:49"
"03/08/2026";"16:31:03";2026;2;"Eleição Ordinária";6259;"Eleições Gerais Estaduais 2026";"04/10/2026";"SP";"SP";"SÃO PAULO";250002533740;2;32;"Quotas ou quinhões de capital";"99% DAS QUOTAS DA EMPRESA DAS LOCAÇÕES E SERVIÇOS ME";"100000,00";"30/07/2026";"13:46:49"
"03/08/2026";"16:31:03";2026;2;"Eleição Ordinária";6259;"Eleições Gerais Estaduais 2026";"04/10/2026";"SP";"SP";"SÃO PAULO";250002533739;7;13;"Terreno";"GLEBA DE TERRAS NO BAIRRO DOS PINTOS";"10000,00";"30/07/2026";"13:46:55"
"03/08/2026";"16:31:03";2026;2;"Eleição Ordinária";6259;"Eleições Gerais Estaduais 2026";"04/10/2026";"SP";"SP";"SÃO PAULO";250002533741;1;21;"Veículo automotor terrestre: caminhão, automóvel, moto, etc.";"VEÍCULO CITROËN C4";"95000,00";"30/07/2026";"13:46:38"
"03/08/2026";"16:31:03";2026;2;"Eleição Ordinária";6259;"Eleições Gerais Estaduais 2026";"04/10/2026";"SP";"SP";"SÃO PAULO";250002533741;2;99;"OUTROS BENS E DIREITOS";"SALÃO DE CABELEIREIRO";"35000,00";"30/07/2026";"13:46:38"
"03/08/2026";"16:31:03";2026;2;"Eleição Ordinária";6259;"Eleições Gerais Estaduais 2026";"04/10/2026";"SP";"SP";"SÃO PAULO";250002533742;1;63;"Dinheiro em espécie - moeda nacional";"ESPECIE";"250000,00";"30/07/2026";"13:47:36"
"03/08/2026";"16:31:03";2026;2;"Eleição Ordinária";6259;"Eleições Gerais Estaduais 2026";"04/10/2026";"SP";"SP";"SÃO PAULO";250002533742;4;12;"Casa";"50% CASA BOM JESUS DOS PERDOES";"500000,00";"30/07/2026";"13:47:36"
"03/08/2026";"16:31:03";2026;2;"Eleição Ordinária";6259;"Eleições Gerais Estaduais 2026";"04/10/2026";"SP";"SP";"SÃO PAULO";250002533742;2;11;"Apartamento";"50% APTO";"500000,00";"30/07/2026";"13:47:36"
"03/08/2026";"16:31:03";2026;2;"Eleição Ordinária";6259;"Eleições Gerais Estaduais 2026";"04/10/2026";"SP";"SP";"SÃO PAULO";250002533742;3;61;"Depósito bancário em conta corrente no País";"SALDO EM CONTA CORRENTE - BANCO DO BRASIL";"69816,40";"30/07/2026";"13:47:36"
"03/08/2026";"16:31:03";2026;2;"Eleição Ordinária";6259;"Eleições Gerais Estaduais 2026";"04/10/2026";"SP";"SP";"SÃO PAULO";250002533742;5;11;"Apartamento";"50% APTO JUQUEY";"500000,00";"30/07/2026";"13:47:36"
"03/08/2026";"16:31:03";2026;2;"Eleição Ordinária";6259;"Eleições Gerais Estaduais 2026";"04/10/2026";"SP";"SP";"SÃO PAULO";250002533743;2;11;"Apartamento";"APARTAMENTO EM SANTO ANDRE";"700000,00";"30/07/2026";"13:47:13"
"03/08/2026";"16:31:03";2026;2;"Eleição Ordinária";6259;"Eleições Gerais Estaduais 2026";"04/10/2026";"SP";"SP";"SÃO PAULO";250002533743;1;11;"Apartamento";"APARTAMENTO EM SANTO ANDRE";"500000,00";"30/07/2026";"13:47:13"
"03/08/2026";"16:31:03";2026;2;"Eleição Ordinária";6259;"Eleições Gerais Estaduais 2026";"04/10/2026";"SP";"SP";"SÃO PAULO";250002533743;5;12;"Casa";"IMOVEL EM SANTO ANDRE";"200000,00";"30/07/2026";"13:47:13"
"03/08/2026";"16:31:03";2026;2;"Eleição Ordinária";6259;"Eleições Gerais Estaduais 2026";"04/10/2026";"SP";"SP";"SÃO PAULO";250002533743;3;21;"Veículo automotor terrestre: caminhão, automóvel, moto, etc.";"HONDA FIT";"70000,00";"30/07/2026";"13:47:13"
"03/08/2026";"16:31:03";2026;2;"Eleição Ordinária";6259;"Eleições Gerais Estaduais 2026";"04/10/2026";"SP";"SP";"SÃO PAULO";250002533743;4;11;"Apartamento";"APARTAMENTO EM GUARUJÁ";"600000,00";"30/07/2026";"13:47:13"
"03/08/2026";"16:31:03";2026;2;"Eleição Ordinária";6259;"Eleições Gerais Estaduais 2026";"04/10/2026";"SP";"SP";"SÃO PAULO";250002533743;7;12;"Casa";"CASA EM SANTO ANDRÉ";"300000,00";"30/07/2026";"13:47:13"
"03/08/2026";"16:31:03";2026;2;"Eleição Ordinária";6259;"Eleições Gerais Estaduais 2026";"04/10/2026";"SP";"SP";"SÃO PAULO";250002533743;6;49;"Outras aplicações e Investimentos";"BANCO DO BRASIL";"500000,00";"30/07/2026";"13:47:13"
"03/08/2026";"16:31:03";2026;2;"Eleição Ordinária";6259;"Eleições Gerais Estaduais 2026";"04/10/2026";"SP";"SP";"SÃO PAULO";250002533744;1;19;"Outros bens imóveis";"IMOVEL";"150000,00";"30/07/2026";"13:48:05"
"03/08/2026";"16:31:03";2026;2;"Eleição Ordinária";6259;"Eleições Gerais Estaduais 2026";"04/10/2026";"SP";"SP";"SÃO PAULO";250002533744;3;21;"Veículo automotor terrestre: caminhão, automóvel, moto, etc.";"VEICULO";"21000,00";"30/07/2026";"13:48:05"
"03/08/2026";"16:31:03";2026;2;"Eleição Ordinária";6259;"Eleições Gerais Estaduais 2026";"04/10/2026";"SP";"SP";"SÃO PAULO";250002533745;1;63;"Dinheiro em espécie - moeda nacional";"DINHEIRO";"42000,00";"30/07/2026";"13:46:38"
"03/08/2026";"16:31:03";2026;2;"Eleição Ordinária";6259;"Eleições Gerais Estaduais 2026";"04/10/2026";"SP";"SP";"SÃO PAULO";250002533744;2;19;"Outros bens imóveis";"IMOVEL";"200000,00";"30/07/2026";"13:48:05"
"03/08/2026";"16:31:03";2026;2;"Eleição Ordinária";6259;"Eleições Gerais Estaduais 2026";"04/10/2026";"SP";"SP";"SÃO PAULO";250002533745;3;21;"Veículo automotor terrestre: caminhão, automóvel, moto, etc.";"CHEVROLET KADETT GL1996";"6000,00";"30/07/2026";"13:46:38"
"03/08/2026";"16:31:03";2026;2;"Eleição Ordinária";6259;"Eleições Gerais Estaduais 2026";"04/10/2026";"SP";"SP";"SÃO PAULO";250002533745;2;32;"Quotas ou quinhões de capital";"60% - COTAS RESTAURANTE E CHOPERIA MARTINICO S";"120000,00";"30/07/2026";"13:46:38"
"03/08/2026";"16:31:03";2026;2;"Eleição Ordinária";6259;"Eleições Gerais Estaduais 2026";"04/10/2026";"SP";"SP";"SÃO PAULO";250002533746;1;21;"Veículo automotor terrestre: caminhão, automóvel, moto, etc.";"AUTOMÓVEL LAND ROVER";"210000,00";"30/07/2026";"13:47:19"
"03/08/2026";"16:31:03";2026;2;"Eleição Ordinária";6259;"Eleições Gerais Estaduais 2026";"04/10/2026";"SP";"SP";"SÃO PAULO";250002533746;2;12;"Casa";"RESIDÊNCIA";"258000,00";"30/07/2026";"13:47:19"
"03/08/2026";"16:31:03";2026;2;"Eleição Ordinária";6259;"Eleições Gerais Estaduais 2026";"04/10/2026";"SP";"SP";"SÃO PAULO";250002533746;3;11;"Apartamento";"APARTAMENTO";"230000,00";"30/07/2026";"13:47:19"
"03/08/2026";"16:31:03";2026;2;"Eleição Ordinária";6259;"Eleições Gerais Estaduais 2026";"04/10/2026";"SP";"SP";"SÃO PAULO";250002533746;4;49;"Outras aplicações e Investimentos";"FUNDOS DE INVESTIMENTO";"1400000,00";"30/07/2026";"13:47:19"
"03/08/2026";"16:31:03";2026;2;"Eleição Ordinária";6259;"Eleições Gerais Estaduais 2026";"04/10/2026";"SP";"SP";"SÃO PAULO";250002533747;3;21;"Veículo automotor terrestre: caminhão, automóvel, moto, etc.";"FIORINO 2011";"31800,00";"30/07/2026";"13:46:38"
"03/08/2026";"16:31:03";2026;2;"Eleição Ordinária";6259;"Eleições Gerais Estaduais 2026";"04/10/2026";"SP";"SP";"SÃO PAULO";250002533747;1;61;"Depósito bancário em conta corrente no País";"CONTA CORRENTE BANCO ITAU";"154,04";"30/07/2026";"13:46:38"
"03/08/2026";"16:31:03";2026;2;"Eleição Ordinária";6259;"Eleições Gerais Estaduais 2026";"04/10/2026";"SP";"SP";"SÃO PAULO";250002533747;2;61;"Depósito bancário em conta corrente no País";"CONTA CORRENTE NO BANCO DO BRASIL";"-491,27";"30/07/2026";"13:46:38"
"03/08/2026";"16:31:03";2026;2;"Eleição Ordinária";6259;"Eleições Gerais Estaduais 2026";"04/10/2026";"SP";"SP";"SÃO PAULO";250002533747;4;12;"Casa";"IMOVEL EM MAUÁ";"532000,00";"30/07/2026";"13:46:38"
"03/08/2026";"16:31:03";2026;2;"Eleição Ordinária";6259;"Eleições Gerais Estaduais 2026";"04/10/2026";"SP";"SP";"SÃO PAULO";250002533748;1;45;"Aplicação de renda fixa (CDB, RDB e outros)";"RENDA FIXA";"55312,76";"30/07/2026";"13:46:41"
"03/08/2026";"16:31:03";2026;2;"Eleição Ordinária";6259;"Eleições Gerais Estaduais 2026";"04/10/2026";"SP";"SP";"SÃO PAULO";250002533747;5;99;"OUTROS BENS E DIREITOS";"CONSÓRCIO PORTO SEGURO";"641430,25";"30/07/2026";"13:46:38"
"03/08/2026";"16:31:03";2026;2;"Eleição Ordinária";6259;"Eleições Gerais Estaduais 2026";"04/10/2026";"SP";"SP";"SÃO PAULO";250002533748;3;11;"Apartamento";"APARTAMENTO";"60000,00";"30/07/2026";"13:46:41"
"03/08/2026";"16:31:03";2026;2;"Eleição Ordinária";6259;"Eleições Gerais Estaduais 2026";"04/10/2026";"SP";"SP";"SÃO PAULO";250002533748;4;15;"Sala ou conjunto";"SALA COMERCIAL";"50000,00";"30/07/2026";"13:46:41"
"03/08/2026";"16:31:03";2026;2;"Eleição Ordinária";6259;"Eleições Gerais Estaduais 2026";"04/10/2026";"SP";"SP";"SÃO PAULO";250002533748;2;61;"Depósito bancário em conta corrente no País";"DEPOSITO EM CONTA";"140908,09";"30/07/2026";"13:46:41"
"03/08/2026";"16:31:03";2026;2;"Eleição Ordinária";6259;"Eleições Gerais Estaduais 2026";"04/10/2026";"SP";"SP";"SÃO PAULO";250002533748;6;12;"Casa";"RESIDENCIA";"300000,00";"30/07/2026";"13:46:41"
"03/08/2026";"16:31:03";2026;2;"Eleição Ordinária";6259;"Eleições Gerais Estaduais 2026";"04/10/2026";"SP";"SP";"SÃO PAULO";250002533748;5;63;"Dinheiro em espécie - moeda nacional";"DINHEIRO";"150000,00";"30/07/2026";"13:46:41"
"03/08/2026";"16:31:03";2026;2;"Eleição Ordinária";6259;"Eleições Gerais Estaduais 2026";"04/10/2026";"SP";"SP";"SÃO PAULO";250002533749;1;11;"Apartamento";"APARTAMENTO RESIDENCIAL";"700000,00";"30/07/2026";"13:47:23"
"03/08/2026";"16:31:03";2026;2;"Eleição Ordinária";6259;"Eleições Gerais Estaduais 2026";"04/10/2026";"SP";"SP";"SÃO PAULO";250002533749;4;12;"Casa";"CASA";"900000,00";"30/07/2026";"13:47:23"
"03/08/2026";"16:31:03";2026;2;"Eleição Ordinária";6259;"Eleições Gerais Estaduais 2026";"04/10/2026";"SP";"SP";"SÃO PAULO";250002533749;3;11;"Apartamento";"APARTAMENTO RESIDENCIAL";"400000,00";"30/07/2026";"13:47:23"
"03/08/2026";"16:31:03";2026;2;"Eleição Ordinária";6259;"Eleições Gerais Estaduais 2026";"04/10/2026";"SP";"SP";"SÃO PAULO";250002533749;2;11;"Apartamento";"APARTAMENTO RESIDENCIAL";"250864,07";"30/07/2026";"13:47:23"
"03/08/2026";"16:31:03";2026;2;"Eleição Ordinária";6259;"Eleições Gerais Estaduais 2026";"04/10/2026";"SP";"SP";"SÃO PAULO";250002533750;1;21;"Veículo automotor terrestre: caminhão, automóvel, moto, etc.";"VEÍCULO MERCEDES BENZ - VITOT119";"105000,00";"30/07/2026";"13:48:05"
"03/08/2026";"16:31:03";2026;2;"Eleição Ordinária";6259;"Eleições Gerais Estaduais 2026";"04/10/2026";"SP";"SP";"SÃO PAULO";250002533750;2;61;"Depósito bancário em conta corrente no País";"SALDO EM CONTA CORRENTE NO BANCO DO BRASIL";"13060,00";"30/07/2026";"13:48:05"
"03/08/2026";"16:31:03";2026;2;"Eleição Ordinária";6259;"Eleições Gerais Estaduais 2026";"04/10/2026";"SP";"SP";"SÃO PAULO";250002533749;5;19;"Outros bens imóveis";"GALPAO COMERCIAL";"430000,00";"30/07/2026";"13:47:23"
"03/08/2026";"16:31:03";2026;2;"Eleição Ordinária";6259;"Eleições Gerais Estaduais 2026";"04/10/2026";"SP";"SP";"SÃO PAULO";250002533750;3;21;"Veículo automotor terrestre: caminhão, automóvel, moto, etc.";"VW FUSCA, ANO 1966";"5000,00";"30/07/2026";"13:48:05"
"03/08/2026";"16:31:03";2026;2;"Eleição Ordinária";6259;"Eleições Gerais Estaduais 2026";"04/10/2026";"SP";"SP";"SÃO PAULO";250002533750;4;32;"Quotas ou quinhões de capital";"PARTICIPAÇÃO SOCIETÁRIA DE EMPRESA";"300000,00";"30/07/2026";"13:48:05"
"03/08/2026";"16:31:03";2026;2;"Eleição Ordinária";6259;"Eleições Gerais Estaduais 2026";"04/10/2026";"SP";"SP";"SÃO PAULO";250002533750;5;11;"Apartamento";"2 APARTAMENTOS EM CONSTRUÇÃO - BOSQUE VITA PAULINIA";"300000,00";"30/07/2026";"13:48:05"
"03/08/2026";"16:31:03";2026;2;"Eleição Ordinária";6259;"Eleições Gerais Estaduais 2026";"04/10/2026";"SP";"SP";"SÃO PAULO";250002533751;1;21;"Veículo automotor terrestre: caminhão, automóvel, moto, etc.";"VEICULO VW";"50000,00";"30/07/2026";"13:47:47"
"03/08/2026";"16:31:03";2026;2;"Eleição Ordinária";6259;"Eleições Gerais Estaduais 2026";"04/10/2026";"SP";"SP";"SÃO PAULO";250002533751;3;61;"Depósito bancário em conta corrente no País";"CONTA BANCO DO BRASIL";"0,00";"30/07/2026";"13:47:47"
"03/08/2026";"16:31:03";2026;2;"Eleição Ordinária";6259;"Eleições Gerais Estaduais 2026";"04/10/2026";"SP";"SP";"SÃO PAULO";250002533751;2;61;"Depósito bancário em conta corrente no País";"CONTA NUBANK";"455,05";"30/07/2026";"13:47:47"
"03/08/2026";"16:31:03";2026;2;"Eleição Ordinária";6259;"Eleições Gerais Estaduais 2026";"04/10/2026";"SP";"SP";"SÃO PAULO";250002533752;3;12;"Casa";"CASADE TIJOLO FINANCIADO CEF";"210000,00";"30/07/2026";"13:46:48"
"03/08/2026";"16:31:03";2026;2;"Eleição Ordinária";6259;"Eleições Gerais Estaduais 2026";"04/10/2026";"SP";"SP";"SÃO PAULO";250002533752;2;41;"Caderneta de poupança";"POUPANÇA RENDA FIXA SANTANDER";"46,10";"30/07/2026";"13:46:48"
"03/08/2026";"16:31:03";2026;2;"Eleição Ordinária";6259;"Eleições Gerais Estaduais 2026";"04/10/2026";"SP";"SP";"SÃO PAULO";250002533752;1;21;"Veículo automotor terrestre: caminhão, automóvel, moto, etc.";"CARRO MARCA GM MODELO CORSA WIND 1995";"7254,00";"30/07/2026";"13:46:48"
"03/08/2026";"16:31:03";2026;2;"Eleição Ordinária";6259;"Eleições Gerais Estaduais 2026";"04/10/2026";"SP";"SP";"SÃO PAULO";250002533754;1;21;"Veículo automotor terrestre: caminhão, automóvel, moto, etc.";"BMW X1";"370000,00";"30/07/2026";"13:47:28"
"03/08/2026";"16:31:03";2026;2;"Eleição Ordinária";6259;"Eleições Gerais Estaduais 2026";"04/10/2026";"SP";"SP";"SÃO PAULO";250002533754;2;39;"Outras participações societárias";"50% DE PARTICIPAÇÃO - DECOR COLORS INTERLAGOS";"200000,00";"30/07/2026";"13:47:28"
"03/08/2026";"16:31:03";2026;2;"Eleição Ordinária";6259;"Eleições Gerais Estaduais 2026";"04/10/2026";"SP";"SP";"SÃO PAULO";250002533754;3;39;"Outras participações societárias";"50% DE PARTICIPAÇÃO - DECOR COLORS GRAJAÚ";"200000,00";"30/07/2026";"13:47:28"
"03/08/2026";"16:31:03";2026;2;"Eleição Ordinária";6259;"Eleições Gerais Estaduais 2026";"04/10/2026";"SP";"SP";"SÃO PAULO";250002533755;1;61;"Depósito bancário em conta corrente no País";"SALDO EM CONTA CORRENTE - BANCO DO BRASIL";"1012,42";"30/07/2026";"13:47:56"
"03/08/2026";"16:31:03";2026;2;"Eleição Ordinária";6259;"Eleições Gerais Estaduais 2026";"04/10/2026";"SP";"SP";"SÃO PAULO";250002533754;5;39;"Outras participações societárias";"50% DE PARTICIPAÇÃO - LÁ FLORI RAÇÕES LTDA";"300000,00";"30/07/2026";"13:47:28"
"03/08/2026";"16:31:03";2026;2;"Eleição Ordinária";6259;"Eleições Gerais Estaduais 2026";"04/10/2026";"SP";"SP";"SÃO PAULO";250002533754;4;39;"Outras participações societárias";"100% DE PARTICIPAÇÃO - DECOR COLORS INTERLAGOS";"350000,00";"30/07/2026";"13:47:28"
"03/08/2026";"16:31:03";2026;2;"Eleição Ordinária";6259;"Eleições Gerais Estaduais 2026";"04/10/2026";"SP";"SP";"SÃO PAULO";250002533756;2;21;"Veículo automotor terrestre: caminhão, automóvel, moto, etc.";"MERCEDES BENZ C200";"215000,00";"30/07/2026";"13:46:40"
"03/08/2026";"16:31:03";2026;2;"Eleição Ordinária";6259;"Eleições Gerais Estaduais 2026";"04/10/2026";"SP";"SP";"SÃO PAULO";250002533756;3;39;"Outras participações societárias";"43,59% DO CAPITAL SOCIAL DA EMPRESA RADIO RELOGIO LTDA";"6800,00";"30/07/2026";"13:46:40"
"03/08/2026";"16:31:03";2026;2;"Eleição Ordinária";6259;"Eleições Gerais Estaduais 2026";"04/10/2026";"SP";"SP";"SÃO PAULO";250002533756;1;13;"Terreno";"TERRENO EM PATROCINIO PAULISTA";"7651,35";"30/07/2026";"13:46:40"
"03/08/2026";"16:31:03";2026;2;"Eleição Ordinária";6259;"Eleições Gerais Estaduais 2026";"04/10/2026";"SP";"SP";"SÃO PAULO";250002533756;5;32;"Quotas ou quinhões de capital";"5% DAS QUOTAS DA EMPRESA PAMAFASERVICOS DE TELEINFORMATICA LTDA";"1000,00";"30/07/2026";"13:46:40"
"03/08/2026";"16:31:03";2026;2;"Eleição Ordinária";6259;"Eleições Gerais Estaduais 2026";"04/10/2026";"SP";"SP";"SÃO PAULO";250002533756;6;61;"Depósito bancário em conta corrente no País";"BANCO SANTANDER";"230,33";"30/07/2026";"13:46:40"
"03/08/2026";"16:31:03";2026;2;"Eleição Ordinária";6259;"Eleições Gerais Estaduais 2026";"04/10/2026";"SP";"SP";"SÃO PAULO";250002533756;4;39;"Outras participações societárias";"25% DO CAPITAL SOCIAL DA EMPRESA SISTEMA DE COMUNICACOES PATROCINIO PAULISTA S/C LTDA";"15000,00";"30/07/2026";"13:46:40"
"03/08/2026";"16:31:03";2026;2;"Eleição Ordinária";6259;"Eleições Gerais Estaduais 2026";"04/10/2026";"SP";"SP";"SÃO PAULO";250002533756;7;45;"Aplicação de renda fixa (CDB, RDB e outros)";"BRADESCO - CDB";"2541,51";"30/07/2026";"13:46:40"
"03/08/2026";"16:31:03";2026;2;"Eleição Ordinária";6259;"Eleições Gerais Estaduais 2026";"04/10/2026";"SP";"SP";"SÃO PAULO";250002533756;8;45;"Aplicação de renda fixa (CDB, RDB e outros)";"ITAU CREDITO BANCARIO RENDA FIXA CREDITO PRIVADO FIF DA CIC RESP LIMITADA";"32161,45";"30/07/2026";"13:46:40"
"03/08/2026";"16:31:03";2026;2;"Eleição Ordinária";6259;"Eleições Gerais Estaduais 2026";"04/10/2026";"SP";"SP";"SÃO PAULO";250002533756;9;61;"Depósito bancário em conta corrente no País";"ITAU";"5198,42";"30/07/2026";"13:46:40"
"03/08/2026";"16:31:03";2026;2;"Eleição Ordinária";6259;"Eleições Gerais Estaduais 2026";"04/10/2026";"SP";"SP";"SÃO PAULO";250002533756;10;21;"Veículo automotor terrestre: caminhão, automóvel, moto, etc.";"BMW";"250000,00";"30/07/2026";"13:46:40"
"03/08/2026";"16:31:03";2026;2;"Eleição Ordinária";6259;"Eleições Gerais Estaduais 2026";"04/10/2026";"SP";"SP";"SÃO PAULO";250002533756;11;61;"Depósito bancário em conta corrente no País";"CHASE BANK";"1202,11";"30/07/2026";"13:46:40"
"03/08/2026";"16:31:03";2026;2;"Eleição Ordinária";6259;"Eleições Gerais Estaduais 2026";"04/10/2026";"SP";"SP";"SÃO PAULO";250002533756;12;99;"OUTROS BENS E DIREITOS";"CREDITO REF. PREVCOM";"417580,35";"30/07/2026";"13:46:40"
"03/08/2026";"16:31:03";2026;2;"Eleição Ordinária";6259;"Eleições Gerais Estaduais 2026";"04/10/2026";"SP";"SP";"SÃO PAULO";250002533756;14;61;"Depósito bancário em conta corrente no País";"BANCO DO BRASIL";"1475,79";"30/07/2026";"13:46:40"
"03/08/2026";"16:31:03";2026;2;"Eleição Ordinária";6259;"Eleições Gerais Estaduais 2026";"04/10/2026";"SP";"SP";"SÃO PAULO";250002533756;15;39;"Outras participações societárias";"99,90% CAPITAL SOCIAL DA EMPRESA NOSSA RADIO DE TERESINA FM LTDA";"9990,00";"30/07/2026";"13:46:40"
"03/08/2026";"16:31:03";2026;2;"Eleição Ordinária";6259;"Eleições Gerais Estaduais 2026";"04/10/2026";"SP";"SP";"SÃO PAULO";250002533756;13;13;"Terreno";"50% TERRENO EM PATROCINIO PAULISTA";"13500,00";"30/07/2026";"13:46:40"
"03/08/2026";"16:31:03";2026;2;"Eleição Ordinária";6259;"Eleições Gerais Estaduais 2026";"04/10/2026";"SP";"SP";"SÃO PAULO";250002533756;16;32;"Quotas ou quinhões de capital";"50% DAS QUOTAS SOCIAS DA RIBEIRO SOARES ADVOGADOS";"2500,00";"30/07/2026";"13:46:40"
"03/08/2026";"16:31:03";2026;2;"Eleição Ordinária";6259;"Eleições Gerais Estaduais 2026";"04/10/2026";"SP";"SP";"SÃO PAULO";250002533756;17;61;"Depósito bancário em conta corrente no País";"CAIXA ECONOMICA FEDERAL";"92,51";"30/07/2026";"13:46:40"
"03/08/2026";"16:31:03";2026;2;"Eleição Ordinária";6259;"Eleições Gerais Estaduais 2026";"04/10/2026";"SP";"SP";"SÃO PAULO";250002533756;18;99;"OUTROS BENS E DIREITOS";"TD BANK";"518,39";"30/07/2026";"13:46:40"
"03/08/2026";"16:31:03";2026;2;"Eleição Ordinária";6259;"Eleições Gerais Estaduais 2026";"04/10/2026";"SP";"SP";"SÃO PAULO";250002533756;19;99;"OUTROS BENS E DIREITOS";"SALDO DE LUCROS RECONHECIDOS, APURADOS ATE 31-12-2025 E A RETIRAR, CF. CREDITO CONSTANTE EM BALANCO DA PAMAFA SERVICOS EM TELEINFORMATICA LTDA";"68815,88";"30/07/2026";"13:46:40"
"03/08/2026";"16:31:03";2026;2;"Eleição Ordinária";6259;"Eleições Gerais Estaduais 2026";"04/10/2026";"SP";"SP";"SÃO PAULO";250002533756;20;11;"Apartamento";"IMOVEL EM SAO PAULO (FINANCIADO)";"1083333,33";"30/07/2026";"13:46:40"
"03/08/2026";"16:31:03";2026;2;"Eleição Ordinária";6259;"Eleições Gerais Estaduais 2026";"04/10/2026";"SP";"SP";"SÃO PAULO";250002533757;1;49;"Outras aplicações e Investimentos";"APLICAÇÃO FINANCEIRA";"533294,23";"30/07/2026";"13:47:25"
"03/08/2026";"16:31:03";2026;2;"Eleição Ordinária";6259;"Eleições Gerais Estaduais 2026";"04/10/2026";"SP";"SP";"SÃO PAULO";250002533757;2;61;"Depósito bancário em conta corrente no País";"BANCO DO BRASIL ESTILO";"1,00";"30/07/2026";"13:47:25"
"03/08/2026";"16:31:03";2026;2;"Eleição Ordinária";6259;"Eleições Gerais Estaduais 2026";"04/10/2026";"SP";"SP";"SÃO PAULO";250002533757;3;61;"Depósito bancário em conta corrente no País";"BANCO BRADESCO";"1,00";"30/07/2026";"13:47:25"
"03/08/2026";"16:31:03";2026;2;"Eleição Ordinária";6259;"Eleições Gerais Estaduais 2026";"04/10/2026";"SP";"SP";"SÃO PAULO";250002533757;4;11;"Apartamento";"APARTAMENTOLOCALIZADO NA VILA ANASTÁCIO";"929605,61";"30/07/2026";"13:47:25"
"03/08/2026";"16:31:03";2026;2;"Eleição Ordinária";6259;"Eleições Gerais Estaduais 2026";"04/10/2026";"SP";"SP";"SÃO PAULO";250002533757;5;32;"Quotas ou quinhões de capital";"COTA DE 10% DE EMPRESA TLA";"1000,00";"30/07/2026";"13:47:25"
"03/08/2026";"16:31:03";2026;2;"Eleição Ordinária";6259;"Eleições Gerais Estaduais 2026";"04/10/2026";"SP";"SP";"SÃO PAULO";250002533757;7;21;"Veículo automotor terrestre: caminhão, automóvel, moto, etc.";"SUZUKI BURGMAN";"5000,00";"30/07/2026";"13:47:25"
"03/08/2026";"16:31:03";2026;2;"Eleição Ordinária";6259;"Eleições Gerais Estaduais 2026";"04/10/2026";"SP";"SP";"SÃO PAULO";250002533757;6;11;"Apartamento";"APARTAMENTO LOCALIZADO NA BARRA FUNDA";"320000,00";"30/07/2026";"13:47:25"
"03/08/2026";"16:31:03";2026;2;"Eleição Ordinária";6259;"Eleições Gerais Estaduais 2026";"04/10/2026";"SP";"SP";"SÃO PAULO";250002533757;8;11;"Apartamento";"COTA DE 50% DE APARTAMENTO EM OLÍMPIA";"31096,80";"30/07/2026";"13:47:25"
"03/08/2026";"16:31:03";2026;2;"Eleição Ordinária";6259;"Eleições Gerais Estaduais 2026";"04/10/2026";"SP";"SP";"SÃO PAULO";250002533757;9;61;"Depósito bancário em conta corrente no País";"CONTA BRADESCO";"39689,58";"30/07/2026";"13:47:25"
"03/08/2026";"16:31:03";2026;2;"Eleição Ordinária";6259;"Eleições Gerais Estaduais 2026";"04/10/2026";"SP";"SP";"SÃO PAULO";250002533757;10;49;"Outras aplicações e Investimentos";"APLICAÇÃO FINANCEIRA";"13219,36";"30/07/2026";"13:47:25"
"03/08/2026";"16:31:03";2026;2;"Eleição Ordinária";6259;"Eleições Gerais Estaduais 2026";"04/10/2026";"SP";"SP";"SÃO PAULO";250002533757;12;21;"Veículo automotor terrestre: caminhão, automóvel, moto, etc.";"SUZUKI BOULEVARD";"25000,00";"30/07/2026";"13:47:25"
"03/08/2026";"16:31:03";2026;2;"Eleição Ordinária";6259;"Eleições Gerais Estaduais 2026";"04/10/2026";"SP";"SP";"SÃO PAULO";250002533758;1;12;"Casa";"IMOVEL EM SÃO PAULO";"2500000,00";"30/07/2026";"13:47:53"
"03/08/2026";"16:31:03";2026;2;"Eleição Ordinária";6259;"Eleições Gerais Estaduais 2026";"04/10/2026";"SP";"SP";"SÃO PAULO";250002533757;11;61;"Depósito bancário em conta corrente no País";"CONTA CORRENTE BANCO DO BRASIL ESTILO";"6151,77";"30/07/2026";"13:47:25"
"03/08/2026";"16:31:03";2026;2;"Eleição Ordinária";6259;"Eleições Gerais Estaduais 2026";"04/10/2026";"SP";"SP";"SÃO PAULO";250002533758;4;41;"Caderneta de poupança";"SALDO EM CONTA POUPANÇA NO BANCO SANTANDER";"18077,20";"30/07/2026";"13:47:53"
"03/08/2026";"16:31:03";2026;2;"Eleição Ordinária";6259;"Eleições Gerais Estaduais 2026";"04/10/2026";"SP";"SP";"SÃO PAULO";250002533758;3;11;"Apartamento";"APARTAMENTO FINANCIADO EM SÃO PAULO";"2300000,00";"30/07/2026";"13:47:53"
"03/08/2026";"16:31:03";2026;2;"Eleição Ordinária";6259;"Eleições Gerais Estaduais 2026";"04/10/2026";"SP";"SP";"SÃO PAULO";250002533758;2;97;"VGBL - Vida Gerador de Benefício Livre";"VGBL NO BANCO BRADESCO";"160753,22";"30/07/2026";"13:47:53"
"03/08/2026";"16:31:03";2026;2;"Eleição Ordinária";6259;"Eleições Gerais Estaduais 2026";"04/10/2026";"SP";"SP";"SÃO PAULO";250002533758;5;41;"Caderneta de poupança";"SALDO EM CONTA POUPANÇA NO BANCO BRADESCO";"10617,22";"30/07/2026";"13:47:53"
"03/08/2026";"16:31:03";2026;2;"Eleição Ordinária";6259;"Eleições Gerais Estaduais 2026";"04/10/2026";"SP";"SP";"SÃO PAULO";250002533759;2;61;"Depósito bancário em conta corrente no País";"BANCO BRADESCO (PESSOA JURIDICA)";"2258,59";"30/07/2026";"13:47:26"
"03/08/2026";"16:31:03";2026;2;"Eleição Ordinária";6259;"Eleições Gerais Estaduais 2026";"04/10/2026";"SP";"SP";"SÃO PAULO";250002533759;1;39;"Outras participações societárias";"60% DAS QUOTAS";"12000,00";"30/07/2026";"13:47:26"
"03/08/2026";"16:31:03";2026;2;"Eleição Ordinária";6259;"Eleições Gerais Estaduais 2026";"04/10/2026";"SP";"SP";"SÃO PAULO";250002533759;5;41;"Caderneta de poupança";"BANCO ITAU - CONTA POUPANÇA";"29,32";"30/07/2026";"13:47:26"
"03/08/2026";"16:31:03";2026;2;"Eleição Ordinária";6259;"Eleições Gerais Estaduais 2026";"04/10/2026";"SP";"SP";"SÃO PAULO";250002533759;3;45;"Aplicação de renda fixa (CDB, RDB e outros)";"CDB";"106500,00";"30/07/2026";"13:47:26"
"03/08/2026";"16:31:03";2026;2;"Eleição Ordinária";6259;"Eleições Gerais Estaduais 2026";"04/10/2026";"SP";"SP";"SÃO PAULO";250002533759;4;97;"VGBL - Vida Gerador de Benefício Livre";"VGBL";"475476,00";"30/07/2026";"13:47:26"
"03/08/2026";"16:31:03";2026;2;"Eleição Ordinária";6259;"Eleições Gerais Estaduais 2026";"04/10/2026";"SP";"SP";"SÃO PAULO";250002533759;8;45;"Aplicação de renda fixa (CDB, RDB e outros)";"BB CDB RENDE FACIL";"14230,76";"30/07/2026";"13:47:26"
"03/08/2026";"16:31:03";2026;2;"Eleição Ordinária";6259;"Eleições Gerais Estaduais 2026";"04/10/2026";"SP";"SP";"SÃO PAULO";250002533759;7;11;"Apartamento";"APARTAMENTO QUITADO";"290000,00";"30/07/2026";"13:47:26"
"03/08/2026";"16:31:03";2026;2;"Eleição Ordinária";6259;"Eleições Gerais Estaduais 2026";"04/10/2026";"SP";"SP";"SÃO PAULO";250002533759;6;61;"Depósito bancário em conta corrente no País";"BANCO ITAU (PESSOA JURIDICA)";"3020,22";"30/07/2026";"13:47:26"
"03/08/2026";"16:31:03";2026;2;"Eleição Ordinária";6259;"Eleições Gerais Estaduais 2026";"04/10/2026";"SP";"SP";"SÃO PAULO";250002533759;9;45;"Aplicação de renda fixa (CDB, RDB e outros)";"BB RENDA FIXA (PESSOA FISICA)";"3105,39";"30/07/2026";"13:47:26"
"03/08/2026";"16:31:03";2026;2;"Eleição Ordinária";6259;"Eleições Gerais Estaduais 2026";"04/10/2026";"SP";"SP";"SÃO PAULO";250002533760;1;21;"Veículo automotor terrestre: caminhão, automóvel, moto, etc.";"MOTOCICLETA - KAWASAKI NINJA";"20000,00";"30/07/2026";"13:46:54"
"03/08/2026";"16:31:03";2026;2;"Eleição Ordinária";6259;"Eleições Gerais Estaduais 2026";"04/10/2026";"SP";"SP";"SÃO PAULO";250002533759;10;61;"Depósito bancário em conta corrente no País";"BANCO ITAU - CONTA CORRENTE";"3020,22";"30/07/2026";"13:47:26"
"03/08/2026";"16:31:03";2026;2;"Eleição Ordinária";6259;"Eleições Gerais Estaduais 2026";"04/10/2026";"SP";"SP";"SÃO PAULO";250002533760;4;21;"Veículo automotor terrestre: caminhão, automóvel, moto, etc.";"AUTOMÓVEL - AUDI Q3";"130000,00";"30/07/2026";"13:46:54"
"03/08/2026";"16:31:03";2026;2;"Eleição Ordinária";6259;"Eleições Gerais Estaduais 2026";"04/10/2026";"SP";"SP";"SÃO PAULO";250002533760;2;11;"Apartamento";"APARTAMENTO";"430000,00";"30/07/2026";"13:46:54"
"03/08/2026";"16:31:03";2026;2;"Eleição Ordinária";6259;"Eleições Gerais Estaduais 2026";"04/10/2026";"SP";"SP";"SÃO PAULO";250002533760;3;49;"Outras aplicações e Investimentos";"APLICAÇÃO - INVESTIMENTOS";"200000,00";"30/07/2026";"13:46:54"
"03/08/2026";"16:31:03";2026;2;"Eleição Ordinária";6259;"Eleições Gerais Estaduais 2026";"04/10/2026";"SP";"SP";"SÃO PAULO";250002533761;2;32;"Quotas ou quinhões de capital";"QUOTAS DE CAPITAL SOCIAL DE EMPRESA";"200000,00";"30/07/2026";"13:46:38"
"03/08/2026";"16:31:03";2026;2;"Eleição Ordinária";6259;"Eleições Gerais Estaduais 2026";"04/10/2026";"SP";"SP";"SÃO PAULO";250002533761;1;61;"Depósito bancário em conta corrente no País";"CONTA BANCO DO BRASIL";"15000,00";"30/07/2026";"13:46:38"
"03/08/2026";"16:31:03";2026;2;"Eleição Ordinária";6259;"Eleições Gerais Estaduais 2026";"04/10/2026";"SP";"SP";"SÃO PAULO";250002533761;3;49;"Outras aplicações e Investimentos";"CONTA DE INVESTIMENTO C6";"91000,00";"30/07/2026";"13:46:38"
"03/08/2026";"16:31:03";2026;2;"Eleição Ordinária";6259;"Eleições Gerais Estaduais 2026";"04/10/2026";"SP";"SP";"SÃO PAULO";250002533761;6;62;"Depósito bancário em conta corrente no exterior";"CONTA GLOBAL C6 BANK";"975,00";"30/07/2026";"13:46:38"
"03/08/2026";"16:31:03";2026;2;"Eleição Ordinária";6259;"Eleições Gerais Estaduais 2026";"04/10/2026";"SP";"SP";"SÃO PAULO";250002533761;5;61;"Depósito bancário em conta corrente no País";"CONTA ESTILO BANCO DO BRASIL";"7203,75";"30/07/2026";"13:46:38"
"03/08/2026";"16:31:03";2026;2;"Eleição Ordinária";6259;"Eleições Gerais Estaduais 2026";"04/10/2026";"SP";"SP";"SÃO PAULO";250002533761;4;63;"Dinheiro em espécie - moeda nacional";"DINHEIRO EM ESPÉCIE";"100000,00";"30/07/2026";"13:46:38"
"03/08/2026";"16:31:03";2026;2;"Eleição Ordinária";6259;"Eleições Gerais Estaduais 2026";"04/10/2026";"SP";"SP";"SÃO PAULO";250002533763;2;21;"Veículo automotor terrestre: caminhão, automóvel, moto, etc.";"AUTOMÓVEL TOYOTA";"75000,00";"30/07/2026";"13:46:38"
"03/08/2026";"16:31:03";2026;2;"Eleição Ordinária";6259;"Eleições Gerais Estaduais 2026";"04/10/2026";"SP";"SP";"SÃO PAULO";250002533761;7;61;"Depósito bancário em conta corrente no País";"CONTA ESTILO BANCO DO BRASIL";"27995,37";"30/07/2026";"13:46:38"
"03/08/2026";"16:31:03";2026;2;"Eleição Ordinária";6259;"Eleições Gerais Estaduais 2026";"04/10/2026";"SP";"SP";"SÃO PAULO";250002533763;1;99;"OUTROS BENS E DIREITOS";"CRÉDITO DE APARTAMENTO VENDIDO EM 2018";"2000000,00";"30/07/2026";"13:46:38"
"03/08/2026";"16:31:03";2026;2;"Eleição Ordinária";6259;"Eleições Gerais Estaduais 2026";"04/10/2026";"SP";"SP";"SÃO PAULO";250002533763;4;32;"Quotas ou quinhões de capital";"50% DA SOCIEDADE PINEFLAT PARTICIPAÇÕES S/A";"4981000,00";"30/07/2026";"13:46:38"
"03/08/2026";"16:31:03";2026;2;"Eleição Ordinária";6259;"Eleições Gerais Estaduais 2026";"04/10/2026";"SP";"SP";"SÃO PAULO";250002533764;1;41;"Caderneta de poupança";"SALDO EM CONTA POUPANÇA NO BANCO DO BRASIL";"24,64";"30/07/2026";"13:47:18"
"03/08/2026";"16:31:03";2026;2;"Eleição Ordinária";6259;"Eleições Gerais Estaduais 2026";"04/10/2026";"SP";"SP";"SÃO PAULO";250002533763;3;99;"OUTROS BENS E DIREITOS";"UNIVERSAL VARIEDADES";"5000,00";"30/07/2026";"13:46:38"
"03/08/2026";"16:31:03";2026;2;"Eleição Ordinária";6259;"Eleições Gerais Estaduais 2026";"04/10/2026";"SP";"SP";"SÃO PAULO";250002533765;1;21;"Veículo automotor terrestre: caminhão, automóvel, moto, etc.";"VEÍCULO";"35000,00";"30/07/2026";"13:46:46"
"03/08/2026";"16:31:03";2026;2;"Eleição Ordinária";6259;"Eleições Gerais Estaduais 2026";"04/10/2026";"SP";"SP";"SÃO PAULO";250002533768;1;11;"Apartamento";"APARTAMENTO";"153333,33";"30/07/2026";"13:48:02"
"03/08/2026";"16:31:03";2026;2;"Eleição Ordinária";6259;"Eleições Gerais Estaduais 2026";"04/10/2026";"SP";"SP";"SÃO PAULO";250002533764;2;97;"VGBL - Vida Gerador de Benefício Livre";"BRASILPREV";"499,15";"30/07/2026";"13:47:18"
"03/08/2026";"16:31:03";2026;2;"Eleição Ordinária";6259;"Eleições Gerais Estaduais 2026";"04/10/2026";"SP";"SP";"SÃO PAULO";250002533768;3;11;"Apartamento";"50% DE APARTAMENTO";"204386,45";"30/07/2026";"13:48:02"
"03/08/2026";"16:31:03";2026;2;"Eleição Ordinária";6259;"Eleições Gerais Estaduais 2026";"04/10/2026";"SP";"SP";"SÃO PAULO";250002533768;4;11;"Apartamento";"50% DE APARTAMENTO";"204386,45";"30/07/2026";"13:48:02"
"03/08/2026";"16:31:03";2026;2;"Eleição Ordinária";6259;"Eleições Gerais Estaduais 2026";"04/10/2026";"SP";"SP";"SÃO PAULO";250002533768;2;31;"Ações (inclusive as provenientes de linha telefônica)";"AÇÕES FINANCEIRAS";"278,63";"30/07/2026";"13:48:02"
"03/08/2026";"16:31:03";2026;2;"Eleição Ordinária";6259;"Eleições Gerais Estaduais 2026";"04/10/2026";"SP";"SP";"SÃO PAULO";250002533768;7;63;"Dinheiro em espécie - moeda nacional";"DINHEIRO EM ESPÉCIE";"150000,00";"30/07/2026";"13:48:02"
"03/08/2026";"16:31:03";2026;2;"Eleição Ordinária";6259;"Eleições Gerais Estaduais 2026";"04/10/2026";"SP";"SP";"SÃO PAULO";250002533768;5;49;"Outras aplicações e Investimentos";"APLICAÇÃO BB";"69500,00";"30/07/2026";"13:48:02"
"03/08/2026";"16:31:03";2026;2;"Eleição Ordinária";6259;"Eleições Gerais Estaduais 2026";"04/10/2026";"SP";"SP";"SÃO PAULO";250002533768;6;49;"Outras aplicações e Investimentos";"APLICAÇÃO BB";"344,10";"30/07/2026";"13:48:02"
"03/08/2026";"16:31:03";2026;2;"Eleição Ordinária";6259;"Eleições Gerais Estaduais 2026";"04/10/2026";"SP";"SP";"SÃO PAULO";250002533769;1;21;"Veículo automotor terrestre: caminhão, automóvel, moto, etc.";"VEÍCULO MONTANA";"25000,00";"30/07/2026";"13:47:15"
"03/08/2026";"16:31:03";2026;2;"Eleição Ordinária";6259;"Eleições Gerais Estaduais 2026";"04/10/2026";"SP";"SP";"SÃO PAULO";250002533769;2;21;"Veículo automotor terrestre: caminhão, automóvel, moto, etc.";"VEÍCULO JEEP";"100000,00";"30/07/2026";"13:47:15"
"03/08/2026";"16:31:03";2026;2;"Eleição Ordinária";6259;"Eleições Gerais Estaduais 2026";"04/10/2026";"SP";"SP";"SÃO PAULO";250002533773;1;21;"Veículo automotor terrestre: caminhão, automóvel, moto, etc.";"VEICULO CHEVROLET MODELO PRISMA";"41800,00";"30/07/2026";"13:46:42"
"03/08/2026";"16:31:03";2026;2;"Eleição Ordinária";6259;"Eleições Gerais Estaduais 2026";"04/10/2026";"SP";"SP";"SÃO PAULO";250002533773;2;21;"Veículo automotor terrestre: caminhão, automóvel, moto, etc.";"VEICULO FIAT TORO";"90881,00";"30/07/2026";"13:46:42"
"03/08/2026";"16:31:03";2026;2;"Eleição Ordinária";6259;"Eleições Gerais Estaduais 2026";"04/10/2026";"SP";"SP";"SÃO PAULO";250002533774;1;21;"Veículo automotor terrestre: caminhão, automóvel, moto, etc.";"VEÍCULO MERCEDES-BENZ GLB 200 ADVANCE, 2021";"229000,00";"30/07/2026";"13:46:38"
"03/08/2026";"16:31:03";2026;2;"Eleição Ordinária";6259;"Eleições Gerais Estaduais 2026";"04/10/2026";"SP";"SP";"SÃO PAULO";250002533773;3;49;"Outras aplicações e Investimentos";"APLICAÇÃO FINANCEIRA";"113299,37";"30/07/2026";"13:46:42"
"03/08/2026";"16:31:03";2026;2;"Eleição Ordinária";6259;"Eleições Gerais Estaduais 2026";"04/10/2026";"SP";"SP";"SÃO PAULO";250002533774;2;32;"Quotas ou quinhões de capital";"QUOTAS DE CAPITAL SOCIAL DA A   F PRODUÇÕES MUSICAIS LTDA";"10000,00";"30/07/2026";"13:46:38"
"03/08/2026";"16:31:03";2026;2;"Eleição Ordinária";6259;"Eleições Gerais Estaduais 2026";"04/10/2026";"SP";"SP";"SÃO PAULO";250002533774;4;99;"OUTROS BENS E DIREITOS";"PLANO DE CAPITALIZAÇÃO (ITAÚ)";"7261,60";"30/07/2026";"13:46:38"
"03/08/2026";"16:31:03";2026;2;"Eleição Ordinária";6259;"Eleições Gerais Estaduais 2026";"04/10/2026";"SP";"SP";"SÃO PAULO";250002533774;3;11;"Apartamento";"APARTAMENTO RESIDENCIAL EM SÃO PAULO/SP";"2200000,00";"30/07/2026";"13:46:38"
"03/08/2026";"16:31:03";2026;2;"Eleição Ordinária";6259;"Eleições Gerais Estaduais 2026";"04/10/2026";"SP";"SP";"SÃO PAULO";250002533774;5;45;"Aplicação de renda fixa (CDB, RDB e outros)";"APLICAÇÃO FINANCEIRA (LCA)";"119496,25";"30/07/2026";"13:46:38"
"03/08/2026";"16:31:03";2026;2;"Eleição Ordinária";6259;"Eleições Gerais Estaduais 2026";"04/10/2026";"SP";"SP";"SÃO PAULO";250002533775;1;21;"Veículo automotor terrestre: caminhão, automóvel, moto, etc.";"01 VEÍCULO NISSAN KICKS ADVANCE A";"127000,00";"30/07/2026";"13:47:22"
"03/08/2026";"16:31:03";2026;2;"Eleição Ordinária";6259;"Eleições Gerais Estaduais 2026";"04/10/2026";"SP";"SP";"SÃO PAULO";250002533776;1;99;"OUTROS BENS E DIREITOS";"COTA DE CONSÓRCIO DE AUTOMÓVEL";"18544,47";"30/07/2026";"13:46:38"
"03/08/2026";"16:31:03";2026;2;"Eleição Ordinária";6259;"Eleições Gerais Estaduais 2026";"04/10/2026";"SP";"SP";"SÃO PAULO";250002533778;1;21;"Veículo automotor terrestre: caminhão, automóvel, moto, etc.";"VEÍCULO NISSAN VERSA";"100000,00";"30/07/2026";"13:47:40"
"03/08/2026";"16:31:03";2026;2;"Eleição Ordinária";6259;"Eleições Gerais Estaduais 2026";"04/10/2026";"SP";"SP";"SÃO PAULO";250002533776;2;61;"Depósito bancário em conta corrente no País";"SALDO EM CONTA CORRENTE (BANCO DO BRASIL)";"6,07";"30/07/2026";"13:46:38"
"03/08/2026";"16:31:03";2026;2;"Eleição Ordinária";6259;"Eleições Gerais Estaduais 2026";"04/10/2026";"SP";"SP";"SÃO PAULO";250002533777;1;61;"Depósito bancário em conta corrente no País";"SALDO EM CONTA CORRENTE - SANTANDER";"1200,00";"30/07/2026";"13:46:54"
"03/08/2026";"16:31:03";2026;2;"Eleição Ordinária";6259;"Eleições Gerais Estaduais 2026";"04/10/2026";"SP";"SP";"SÃO PAULO";250002533778;3;21;"Veículo automotor terrestre: caminhão, automóvel, moto, etc.";"MOTO HONDA TWISTER";"20000,00";"30/07/2026";"13:47:40"
"03/08/2026";"16:31:03";2026;2;"Eleição Ordinária";6259;"Eleições Gerais Estaduais 2026";"04/10/2026";"SP";"SP";"SÃO PAULO";250002533778;2;21;"Veículo automotor terrestre: caminhão, automóvel, moto, etc.";"MOTO KAWASAKI VULCAN";"42000,00";"30/07/2026";"13:47:40"
"03/08/2026";"16:31:03";2026;2;"Eleição Ordinária";6259;"Eleições Gerais Estaduais 2026";"04/10/2026";"SP";"SP";"SÃO PAULO";250002533778;4;11;"Apartamento";"APTO";"328000,00";"30/07/2026";"13:47:40"
"03/08/2026";"16:31:03";2026;2;"Eleição Ordinária";6259;"Eleições Gerais Estaduais 2026";"04/10/2026";"SP";"SP";"SÃO PAULO";250002533778;5;21;"Veículo automotor terrestre: caminhão, automóvel, moto, etc.";"MOTO HONDA X ADV";"50000,00";"30/07/2026";"13:47:40"
"03/08/2026";"16:31:03";2026;2;"Eleição Ordinária";6259;"Eleições Gerais Estaduais 2026";"04/10/2026";"SP";"SP";"SÃO PAULO";250002533779;1;21;"Veículo automotor terrestre: caminhão, automóvel, moto, etc.";"FIAT ESTRADA";"30000,00";"30/07/2026";"13:47:55"
"03/08/2026";"16:31:03";2026;2;"Eleição Ordinária";6259;"Eleições Gerais Estaduais 2026";"04/10/2026";"SP";"SP";"SÃO PAULO";250002533779;2;61;"Depósito bancário em conta corrente no País";"BANCO BRADESCO - CONTA CORRENTE";"6,45";"30/07/2026";"13:47:55"
"03/08/2026";"16:31:03";2026;2;"Eleição Ordinária";6259;"Eleições Gerais Estaduais 2026";"04/10/2026";"SP";"SP";"SÃO PAULO";250002533780;3;11;"Apartamento";"APARTAMENTO NO MUNICÍPIO DE ARUJÁ/SP";"400000,00";"30/07/2026";"13:46:38"
"03/08/2026";"16:31:03";2026;2;"Eleição Ordinária";6259;"Eleições Gerais Estaduais 2026";"04/10/2026";"SP";"SP";"SÃO PAULO";250002533780;1;61;"Depósito bancário em conta corrente no País";"SALDO EM CONTA CORRENTE - BRADESCO";"3242,46";"30/07/2026";"13:46:38"
"03/08/2026";"16:31:03";2026;2;"Eleição Ordinária";6259;"Eleições Gerais Estaduais 2026";"04/10/2026";"SP";"SP";"SÃO PAULO";250002533780;2;61;"Depósito bancário em conta corrente no País";"SALDO EM CONTA CORRENTE - PICPAY";"531,72";"30/07/2026";"13:46:38"
"03/08/2026";"16:31:03";2026;2;"Eleição Ordinária";6259;"Eleições Gerais Estaduais 2026";"04/10/2026";"SP";"SP";"SÃO PAULO";250002533780;4;12;"Casa";"CASA NO MUNICÍPIO DE GUARULHOS/SP";"800000,00";"30/07/2026";"13:46:38"
"03/08/2026";"16:31:03";2026;2;"Eleição Ordinária";6259;"Eleições Gerais Estaduais 2026";"04/10/2026";"SP";"SP";"SÃO PAULO";250002533780;5;12;"Casa";"CASA NO MUNICÍPIO DE BADY BASSITT/SP";"500000,00";"30/07/2026";"13:46:38"
"03/08/2026";"16:31:03";2026;2;"Eleição Ordinária";6259;"Eleições Gerais Estaduais 2026";"04/10/2026";"SP";"SP";"SÃO PAULO";250002533780;6;12;"Casa";"CASA NO MUNICÍPIO DE BADY BASSITT/SP";"200000,00";"30/07/2026";"13:46:38"
"03/08/2026";"16:31:03";2026;2;"Eleição Ordinária";6259;"Eleições Gerais Estaduais 2026";"04/10/2026";"SP";"SP";"SÃO PAULO";250002533780;7;12;"Casa";"CASA NO MUNICÍPIO DE PERUÍBE/SP";"200000,00";"30/07/2026";"13:46:38"
"03/08/2026";"16:31:03";2026;2;"Eleição Ordinária";6259;"Eleições Gerais Estaduais 2026";"04/10/2026";"SP";"SP";"SÃO PAULO";250002533780;8;21;"Veículo automotor terrestre: caminhão, automóvel, moto, etc.";"AUTOMÓVEL HYUNDAI HB20";"60000,00";"30/07/2026";"13:46:38"
"03/08/2026";"16:31:03";2026;2;"Eleição Ordinária";6259;"Eleições Gerais Estaduais 2026";"04/10/2026";"SP";"SP";"SÃO PAULO";250002533782;1;63;"Dinheiro em espécie - moeda nacional";"VALOR EM ESPÉCIE";"50000,00";"30/07/2026";"13:48:06"
"03/08/2026";"16:31:03";2026;2;"Eleição Ordinária";6259;"Eleições Gerais Estaduais 2026";"04/10/2026";"SP";"SP";"SÃO PAULO";250002533782;4;41;"Caderneta de poupança";"SALDO EM CONTA CORRENTE - CAIXA";"1580,06";"30/07/2026";"13:48:06"
"03/08/2026";"16:31:03";2026;2;"Eleição Ordinária";6259;"Eleições Gerais Estaduais 2026";"04/10/2026";"SP";"SP";"SÃO PAULO";250002533782;3;11;"Apartamento";"50% DE APARTAMENTO NA CIDADE DE JUNDIAÍ/SP";"125032,25";"30/07/2026";"13:48:06"
"03/08/2026";"16:31:03";2026;2;"Eleição Ordinária";6259;"Eleições Gerais Estaduais 2026";"04/10/2026";"SP";"SP";"SÃO PAULO";250002533782;2;61;"Depósito bancário em conta corrente no País";"SALDO EM CONTA CORRENTE - BANCO DO BRASIL";"8745,53";"30/07/2026";"13:48:06"
"03/08/2026";"16:31:03";2026;2;"Eleição Ordinária";6259;"Eleições Gerais Estaduais 2026";"04/10/2026";"SP";"SP";"SÃO PAULO";250002533782;7;21;"Veículo automotor terrestre: caminhão, automóvel, moto, etc.";"AUTOMÓVEL JEEP COMPASS LIMITED T";"209000,00";"30/07/2026";"13:48:06"
"03/08/2026";"16:31:03";2026;2;"Eleição Ordinária";6259;"Eleições Gerais Estaduais 2026";"04/10/2026";"SP";"SP";"SÃO PAULO";250002533782;6;61;"Depósito bancário em conta corrente no País";"SALDO EM CONTA CORRENTE - BRADESCO";"40,54";"30/07/2026";"13:48:06"
"03/08/2026";"16:31:03";2026;2;"Eleição Ordinária";6259;"Eleições Gerais Estaduais 2026";"04/10/2026";"SP";"SP";"SÃO PAULO";250002533782;5;13;"Terreno";"TERRENO";"90000,00";"30/07/2026";"13:48:06"
"03/08/2026";"16:31:03";2026;2;"Eleição Ordinária";6259;"Eleições Gerais Estaduais 2026";"04/10/2026";"SP";"SP";"SÃO PAULO";250002533783;2;61;"Depósito bancário em conta corrente no País";"SALDO EM CONTA CORRENTE - BANCO SANTANDER";"31,35";"30/07/2026";"13:46:45"
"03/08/2026";"16:31:03";2026;2;"Eleição Ordinária";6259;"Eleições Gerais Estaduais 2026";"04/10/2026";"SP";"SP";"SÃO PAULO";250002533783;1;61;"Depósito bancário em conta corrente no País";"CONTA PAGAMENTO NUBANK";"2710,47";"30/07/2026";"13:46:45"
"03/08/2026";"16:31:03";2026;2;"Eleição Ordinária";6259;"Eleições Gerais Estaduais 2026";"04/10/2026";"SP";"SP";"SÃO PAULO";250002533782;8;13;"Terreno";"50% DE SÍTIO";"35000,00";"30/07/2026";"13:48:06"
"03/08/2026";"16:31:03";2026;2;"Eleição Ordinária";6259;"Eleições Gerais Estaduais 2026";"04/10/2026";"SP";"SP";"SÃO PAULO";250002533783;3;12;"Casa";"RESIDENCIAL EM RIBEIRAO PRETO";"365324,37";"30/07/2026";"13:46:45"
"03/08/2026";"16:31:03";2026;2;"Eleição Ordinária";6259;"Eleições Gerais Estaduais 2026";"04/10/2026";"SP";"SP";"SÃO PAULO";250002533783;4;41;"Caderneta de poupança";"POUPANÇA NA CAIXA ECONOMICA";"242,64";"30/07/2026";"13:46:45"
"03/08/2026";"16:31:03";2026;2;"Eleição Ordinária";6259;"Eleições Gerais Estaduais 2026";"04/10/2026";"SP";"SP";"SÃO PAULO";250002533784;1;11;"Apartamento";"APARTAMENTO - SÃO PAULO/SP - FINANCIADO";"390000,00";"30/07/2026";"13:46:52"
"03/08/2026";"16:31:03";2026;2;"Eleição Ordinária";6259;"Eleições Gerais Estaduais 2026";"04/10/2026";"SP";"SP";"SÃO PAULO";250002533784;2;61;"Depósito bancário em conta corrente no País";"SALDO EM CONTA - BANDO DO BRASIL";"306,02";"30/07/2026";"13:46:52"
"03/08/2026";"16:31:03";2026;2;"Eleição Ordinária";6259;"Eleições Gerais Estaduais 2026";"04/10/2026";"SP";"SP";"SÃO PAULO";250002533784;3;61;"Depósito bancário em conta corrente no País";"SALDO EM CONTA - BRADESCO";"208,37";"30/07/2026";"13:46:52"
"03/08/2026";"16:31:03";2026;2;"Eleição Ordinária";6259;"Eleições Gerais Estaduais 2026";"04/10/2026";"SP";"SP";"SÃO PAULO";250002533784;4;61;"Depósito bancário em conta corrente no País";"SALDO EM CONTA - CAIXA ECONOMICA FEDERAL";"2919,43";"30/07/2026";"13:46:52"
"03/08/2026";"16:31:03";2026;2;"Eleição Ordinária";6259;"Eleições Gerais Estaduais 2026";"04/10/2026";"SP";"SP";"SÃO PAULO";250002533784;5;21;"Veículo automotor terrestre: caminhão, automóvel, moto, etc.";"JEEP RENEGADE 2016 - FINANCIADO";"65380,00";"30/07/2026";"13:46:52"
"03/08/2026";"16:31:03";2026;2;"Eleição Ordinária";6259;"Eleições Gerais Estaduais 2026";"04/10/2026";"SP";"SP";"SÃO PAULO";250002533785;1;21;"Veículo automotor terrestre: caminhão, automóvel, moto, etc.";"VEÍCULO NISSAN VERSA";"76000,00";"30/07/2026";"13:47:32"
"03/08/2026";"16:31:03";2026;2;"Eleição Ordinária";6259;"Eleições Gerais Estaduais 2026";"04/10/2026";"SP";"SP";"SÃO PAULO";250002533785;2;99;"OUTROS BENS E DIREITOS";"COTA DE CONSÓRCIO";"41855,82";"30/07/2026";"13:47:32"
"03/08/2026";"16:31:03";2026;2;"Eleição Ordinária";6259;"Eleições Gerais Estaduais 2026";"04/10/2026";"SP";"SP";"SÃO PAULO";250002533785;5;12;"Casa";"CASA EM CONSTRUÇÃO";"390390,10";"30/07/2026";"13:47:32"
"03/08/2026";"16:31:03";2026;2;"Eleição Ordinária";6259;"Eleições Gerais Estaduais 2026";"04/10/2026";"SP";"SP";"SÃO PAULO";250002533785;3;99;"OUTROS BENS E DIREITOS";"OUROCAP MENSAL";"2449,96";"30/07/2026";"13:47:32"
"03/08/2026";"16:31:03";2026;2;"Eleição Ordinária";6259;"Eleições Gerais Estaduais 2026";"04/10/2026";"SP";"SP";"SÃO PAULO";250002533785;4;61;"Depósito bancário em conta corrente no País";"CONTAS CORRENTES";"14023,60";"30/07/2026";"13:47:32"
"03/08/2026";"16:31:03";2026;2;"Eleição Ordinária";6259;"Eleições Gerais Estaduais 2026";"04/10/2026";"SP";"SP";"SÃO PAULO";250002533785;6;21;"Veículo automotor terrestre: caminhão, automóvel, moto, etc.";"MOTO YAMAHA FAZER";"20007,12";"30/07/2026";"13:47:32"
"03/08/2026";"16:31:03";2026;2;"Eleição Ordinária";6259;"Eleições Gerais Estaduais 2026";"04/10/2026";"SP";"SP";"SÃO PAULO";250002533785;7;99;"OUTROS BENS E DIREITOS";"BRASIL PREV VGBL";"1812,42";"30/07/2026";"13:47:32"
"03/08/2026";"16:31:03";2026;2;"Eleição Ordinária";6259;"Eleições Gerais Estaduais 2026";"04/10/2026";"SP";"SP";"SÃO PAULO";250002533785;8;99;"OUTROS BENS E DIREITOS";"TÍTULO DE CAPITALIZAÇÃO SANTANDER";"1346,16";"30/07/2026";"13:47:32"
"03/08/2026";"16:31:03";2026;2;"Eleição Ordinária";6259;"Eleições Gerais Estaduais 2026";"04/10/2026";"SP";"SP";"SÃO PAULO";250002533785;9;45;"Aplicação de renda fixa (CDB, RDB e outros)";"BB CDB RENDE FÁCIL";"7444,35";"30/07/2026";"13:47:32"
"03/08/2026";"16:31:03";2026;2;"Eleição Ordinária";6259;"Eleições Gerais Estaduais 2026";"04/10/2026";"SP";"SP";"SÃO PAULO";250002533786;1;21;"Veículo automotor terrestre: caminhão, automóvel, moto, etc.";"CARRETINHA";"6000,00";"30/07/2026";"13:47:50"
"03/08/2026";"16:31:03";2026;2;"Eleição Ordinária";6259;"Eleições Gerais Estaduais 2026";"04/10/2026";"SP";"SP";"SÃO PAULO";250002533786;2;11;"Apartamento";"APARTAMENTO";"190000,00";"30/07/2026";"13:47:50"
"03/08/2026";"16:31:03";2026;2;"Eleição Ordinária";6259;"Eleições Gerais Estaduais 2026";"04/10/2026";"SP";"SP";"SÃO PAULO";250002533786;3;21;"Veículo automotor terrestre: caminhão, automóvel, moto, etc.";"VEÍCULO ONIX";"75000,00";"30/07/2026";"13:47:50"
"03/08/2026";"16:31:03";2026;2;"Eleição Ordinária";6259;"Eleições Gerais Estaduais 2026";"04/10/2026";"SP";"SP";"SÃO PAULO";250002533786;5;21;"Veículo automotor terrestre: caminhão, automóvel, moto, etc.";"VEÍCULO PAGERO";"60000,00";"30/07/2026";"13:47:50"
"03/08/2026";"16:31:03";2026;2;"Eleição Ordinária";6259;"Eleições Gerais Estaduais 2026";"04/10/2026";"SP";"SP";"SÃO PAULO";250002533786;4;63;"Dinheiro em espécie - moeda nacional";"DINHEIRO";"50000,00";"30/07/2026";"13:47:50"
"03/08/2026";"16:31:03";2026;2;"Eleição Ordinária";6259;"Eleições Gerais Estaduais 2026";"04/10/2026";"SP";"SP";"SÃO PAULO";250002533787;1;21;"Veículo automotor terrestre: caminhão, automóvel, moto, etc.";"CORSA 1997";"8000,00";"30/07/2026";"13:47:24"
"03/08/2026";"16:31:03";2026;2;"Eleição Ordinária";6259;"Eleições Gerais Estaduais 2026";"04/10/2026";"SP";"SP";"SÃO PAULO";250002533787;2;21;"Veículo automotor terrestre: caminhão, automóvel, moto, etc.";"PCX 150 HONDA 2018";"12000,00";"30/07/2026";"13:47:24"
"03/08/2026";"16:31:03";2026;2;"Eleição Ordinária";6259;"Eleições Gerais Estaduais 2026";"04/10/2026";"SP";"SP";"SÃO PAULO";250002533787;3;21;"Veículo automotor terrestre: caminhão, automóvel, moto, etc.";"COROLLA TOYOTA 2022";"100000,00";"30/07/2026";"13:47:24"
"03/08/2026";"16:31:03";2026;2;"Eleição Ordinária";6259;"Eleições Gerais Estaduais 2026";"04/10/2026";"SP";"SP";"SÃO PAULO";250002533787;4;59;"Outros créditos e poupança vinculados";"BANCO BRADESCO";"335,15";"30/07/2026";"13:47:24"
"03/08/2026";"16:31:03";2026;2;"Eleição Ordinária";6259;"Eleições Gerais Estaduais 2026";"04/10/2026";"SP";"SP";"SÃO PAULO";250002533787;5;59;"Outros créditos e poupança vinculados";"SICOOB CONTA SALÁRIO";"137,66";"30/07/2026";"13:47:24"
"03/08/2026";"16:31:03";2026;2;"Eleição Ordinária";6259;"Eleições Gerais Estaduais 2026";"04/10/2026";"SP";"SP";"SÃO PAULO";250002533787;6;59;"Outros créditos e poupança vinculados";"ITAU";"6630,00";"30/07/2026";"13:47:24"
"03/08/2026";"16:31:03";2026;2;"Eleição Ordinária";6259;"Eleições Gerais Estaduais 2026";"04/10/2026";"SP";"SP";"SÃO PAULO";250002533788;2;61;"Depósito bancário em conta corrente no País";"SALDO EM CONTA CORRENTE - BANCO CAIXA ECONOMICA";"300,32";"30/07/2026";"13:48:07"
"03/08/2026";"16:31:03";2026;2;"Eleição Ordinária";6259;"Eleições Gerais Estaduais 2026";"04/10/2026";"SP";"SP";"SÃO PAULO";250002533788;3;61;"Depósito bancário em conta corrente no País";"SALDO EM CONTA CORRENTE - BANCO C6 BANK";"3000,94";"30/07/2026";"13:48:07"
"03/08/2026";"16:31:03";2026;2;"Eleição Ordinária";6259;"Eleições Gerais Estaduais 2026";"04/10/2026";"SP";"SP";"SÃO PAULO";250002533788;1;13;"Terreno";"TERRENO";"80000,00";"30/07/2026";"13:48:07"
"03/08/2026";"16:31:03";2026;2;"Eleição Ordinária";6259;"Eleições Gerais Estaduais 2026";"04/10/2026";"SP";"SP";"SÃO PAULO";250002533788;5;21;"Veículo automotor terrestre: caminhão, automóvel, moto, etc.";"VEICULO 01";"40000,00";"30/07/2026";"13:48:07"
"03/08/2026";"16:31:03";2026;2;"Eleição Ordinária";6259;"Eleições Gerais Estaduais 2026";"04/10/2026";"SP";"SP";"SÃO PAULO";250002533788;4;61;"Depósito bancário em conta corrente no País";"SALDO EM CONTA CORRENTE - BANCO BRADESCO";"1456,85";"30/07/2026";"13:48:07"
"03/08/2026";"16:31:03";2026;2;"Eleição Ordinária";6259;"Eleições Gerais Estaduais 2026";"04/10/2026";"SP";"SP";"SÃO PAULO";250002533788;6;49;"Outras aplicações e Investimentos";"C6 BANK";"106324,38";"30/07/2026";"13:48:07"
"03/08/2026";"16:31:03";2026;2;"Eleição Ordinária";6259;"Eleições Gerais Estaduais 2026";"04/10/2026";"SP";"SP";"SÃO PAULO";250002533788;7;21;"Veículo automotor terrestre: caminhão, automóvel, moto, etc.";"VEICULO 02";"85000,00";"30/07/2026";"13:48:07"
"03/08/2026";"16:31:03";2026;2;"Eleição Ordinária";6259;"Eleições Gerais Estaduais 2026";"04/10/2026";"SP";"SP";"SÃO PAULO";250002533791;1;21;"Veículo automotor terrestre: caminhão, automóvel, moto, etc.";"AUTOMÓVEL HYUNDAI CRETA";"160000,00";"30/07/2026";"13:48:06"
"03/08/2026";"16:31:03";2026;2;"Eleição Ordinária";6259;"Eleições Gerais Estaduais 2026";"04/10/2026";"SP";"SP";"SÃO PAULO";250002533789;1;49;"Outras aplicações e Investimentos";"APLICAÇÃO FINANCEIRA";"30000,00";"30/07/2026";"13:47:30"
"03/08/2026";"16:31:03";2026;2;"Eleição Ordinária";6259;"Eleições Gerais Estaduais 2026";"04/10/2026";"SP";"SP";"SÃO PAULO";250002533791;2;21;"Veículo automotor terrestre: caminhão, automóvel, moto, etc.";"AUTOMÓVEL HYUNDAI HB20";"60000,00";"30/07/2026";"13:48:06"
"03/08/2026";"16:31:03";2026;2;"Eleição Ordinária";6259;"Eleições Gerais Estaduais 2026";"04/10/2026";"SP";"SP";"SÃO PAULO";250002533791;3;45;"Aplicação de renda fixa (CDB, RDB e outros)";"APLICAÇÃO NO BANCO DO BRASIL";"50000,00";"30/07/2026";"13:48:06"
"03/08/2026";"16:31:03";2026;2;"Eleição Ordinária";6259;"Eleições Gerais Estaduais 2026";"04/10/2026";"SP";"SP";"SÃO PAULO";250002533791;4;11;"Apartamento";"APARTAMENTO NO MUNICÍPIO DE GUARULHOS/SP";"600000,00";"30/07/2026";"13:48:06"
"03/08/2026";"16:31:03";2026;2;"Eleição Ordinária";6259;"Eleições Gerais Estaduais 2026";"04/10/2026";"SP";"SP";"SÃO PAULO";250002533792;1;21;"Veículo automotor terrestre: caminhão, automóvel, moto, etc.";"CHEVROLET CRUZE PRE HB A";"127000,00";"30/07/2026";"13:46:44"
"03/08/2026";"16:31:03";2026;2;"Eleição Ordinária";6259;"Eleições Gerais Estaduais 2026";"04/10/2026";"SP";"SP";"SÃO PAULO";250002533791;6;19;"Outros bens imóveis";"CHÁCARA NO MUNICÍPIO DE ATIBAIA/SP";"850000,00";"30/07/2026";"13:48:06"
"03/08/2026";"16:31:03";2026;2;"Eleição Ordinária";6259;"Eleições Gerais Estaduais 2026";"04/10/2026";"SP";"SP";"SÃO PAULO";250002533791;5;13;"Terreno";"TERRENO NO MUNICÍPIO DE ATIBAIA/SP";"300000,00";"30/07/2026";"13:48:06"
"03/08/2026";"16:31:03";2026;2;"Eleição Ordinária";6259;"Eleições Gerais Estaduais 2026";"04/10/2026";"SP";"SP";"SÃO PAULO";250002533792;2;45;"Aplicação de renda fixa (CDB, RDB e outros)";"APLICAÇÃO E FUNDO BANCO DO BRASIL";"10267,28";"30/07/2026";"13:46:44"
"03/08/2026";"16:31:03";2026;2;"Eleição Ordinária";6259;"Eleições Gerais Estaduais 2026";"04/10/2026";"SP";"SP";"SÃO PAULO";250002533792;3;95;"Consórcio não contemplado";"CONSÓRCIO DE AUTOMÓVEIS";"110099,79";"30/07/2026";"13:46:44"
"03/08/2026";"16:31:03";2026;2;"Eleição Ordinária";6259;"Eleições Gerais Estaduais 2026";"04/10/2026";"SP";"SP";"SÃO PAULO";250002533792;4;61;"Depósito bancário em conta corrente no País";"BANCO DO BRASIL";"9034,54";"30/07/2026";"13:46:44"
"03/08/2026";"16:31:03";2026;2;"Eleição Ordinária";6259;"Eleições Gerais Estaduais 2026";"04/10/2026";"SP";"SP";"SÃO PAULO";250002533792;6;21;"Veículo automotor terrestre: caminhão, automóvel, moto, etc.";"VW SAVEIRO";"29272,27";"30/07/2026";"13:46:44"
"03/08/2026";"16:31:03";2026;2;"Eleição Ordinária";6259;"Eleições Gerais Estaduais 2026";"04/10/2026";"SP";"SP";"SÃO PAULO";250002533792;7;13;"Terreno";"0,7056623 DA PARTE IDEAL DE UMA ÁREA";"50000,00";"30/07/2026";"13:46:44"
"03/08/2026";"16:31:03";2026;2;"Eleição Ordinária";6259;"Eleições Gerais Estaduais 2026";"04/10/2026";"SP";"SP";"SÃO PAULO";250002533792;5;97;"VGBL - Vida Gerador de Benefício Livre";"BRASILPREV VGBL - INVESTIMENTO";"144310,65";"30/07/2026";"13:46:44"
"03/08/2026";"16:31:03";2026;2;"Eleição Ordinária";6259;"Eleições Gerais Estaduais 2026";"04/10/2026";"SP";"SP";"SÃO PAULO";250002533793;2;45;"Aplicação de renda fixa (CDB, RDB e outros)";"BANCO DO BRASIL";"421591,87";"30/07/2026";"13:46:39"
"03/08/2026";"16:31:03";2026;2;"Eleição Ordinária";6259;"Eleições Gerais Estaduais 2026";"04/10/2026";"SP";"SP";"SÃO PAULO";250002533793;3;45;"Aplicação de renda fixa (CDB, RDB e outros)";"RAND FACIL";"49786,81";"30/07/2026";"13:46:39"
"03/08/2026";"16:31:03";2026;2;"Eleição Ordinária";6259;"Eleições Gerais Estaduais 2026";"04/10/2026";"SP";"SP";"SÃO PAULO";250002533793;1;49;"Outras aplicações e Investimentos";"LCA";"180000,00";"30/07/2026";"13:46:39"
"03/08/2026";"16:31:03";2026;2;"Eleição Ordinária";6259;"Eleições Gerais Estaduais 2026";"04/10/2026";"SP";"SP";"SÃO PAULO";250002533793;5;21;"Veículo automotor terrestre: caminhão, automóvel, moto, etc.";"TRATOR";"5551,78";"30/07/2026";"13:46:39"
"03/08/2026";"16:31:03";2026;2;"Eleição Ordinária";6259;"Eleições Gerais Estaduais 2026";"04/10/2026";"SP";"SP";"SÃO PAULO";250002533793;6;61;"Depósito bancário em conta corrente no País";"SALDO EM CONTA CORRENTE - BANCO DO BRASIL";"10,00";"30/07/2026";"13:46:39"
"03/08/2026";"16:31:03";2026;2;"Eleição Ordinária";6259;"Eleições Gerais Estaduais 2026";"04/10/2026";"SP";"SP";"SÃO PAULO";250002533793;4;63;"Dinheiro em espécie - moeda nacional";"EM ESPECIE";"100000,00";"30/07/2026";"13:46:39"
"03/08/2026";"16:31:03";2026;2;"Eleição Ordinária";6259;"Eleições Gerais Estaduais 2026";"04/10/2026";"SP";"SP";"SÃO PAULO";250002533793;8;32;"Quotas ou quinhões de capital";"EMPRESA MF ADMINISTRAÇÃO LTDA";"207705,34";"30/07/2026";"13:46:39"
"03/08/2026";"16:31:03";2026;2;"Eleição Ordinária";6259;"Eleições Gerais Estaduais 2026";"04/10/2026";"SP";"SP";"SÃO PAULO";250002533793;9;12;"Casa";"25% RESIDENCIAL - SUMARE/SP";"31845,75";"30/07/2026";"13:46:39"
"03/08/2026";"16:31:03";2026;2;"Eleição Ordinária";6259;"Eleições Gerais Estaduais 2026";"04/10/2026";"SP";"SP";"SÃO PAULO";250002533793;7;21;"Veículo automotor terrestre: caminhão, automóvel, moto, etc.";"VEICULO";"94490,00";"30/07/2026";"13:46:39"
"03/08/2026";"16:31:03";2026;2;"Eleição Ordinária";6259;"Eleições Gerais Estaduais 2026";"04/10/2026";"SP";"SP";"SÃO PAULO";250002533794;1;21;"Veículo automotor terrestre: caminhão, automóvel, moto, etc.";"VEÍCULO FORD RANGER";"90000,00";"30/07/2026";"13:47:48"
"03/08/2026";"16:31:03";2026;2;"Eleição Ordinária";6259;"Eleições Gerais Estaduais 2026";"04/10/2026";"SP";"SP";"SÃO PAULO";250002533795;1;12;"Casa";"CASA";"200000,00";"30/07/2026";"13:47:39"
"03/08/2026";"16:31:03";2026;2;"Eleição Ordinária";6259;"Eleições Gerais Estaduais 2026";"04/10/2026";"SP";"SP";"SÃO PAULO";250002533795;2;21;"Veículo automotor terrestre: caminhão, automóvel, moto, etc.";"MOTOCICLETA HONDA NX500";"50000,00";"30/07/2026";"13:47:39"
"03/08/2026";"16:31:03";2026;2;"Eleição Ordinária";6259;"Eleições Gerais Estaduais 2026";"04/10/2026";"SP";"SP";"SÃO PAULO";250002533795;3;21;"Veículo automotor terrestre: caminhão, automóvel, moto, etc.";"MOTOCICLETA HONDA BROS";"5000,00";"30/07/2026";"13:47:39"
"03/08/2026";"16:31:03";2026;2;"Eleição Ordinária";6259;"Eleições Gerais Estaduais 2026";"04/10/2026";"SP";"SP";"SÃO PAULO";250002533795;4;21;"Veículo automotor terrestre: caminhão, automóvel, moto, etc.";"VEÍCULO VW GOL 1998";"10000,00";"30/07/2026";"13:47:39"
"03/08/2026";"16:31:03";2026;2;"Eleição Ordinária";6259;"Eleições Gerais Estaduais 2026";"04/10/2026";"SP";"SP";"SÃO PAULO";250002533795;5;21;"Veículo automotor terrestre: caminhão, automóvel, moto, etc.";"PICAPE FIAT FIORINO 1997";"13000,00";"30/07/2026";"13:47:39"
"03/08/2026";"16:31:03";2026;2;"Eleição Ordinária";6259;"Eleições Gerais Estaduais 2026";"04/10/2026";"SP";"SP";"SÃO PAULO";250002533796;1;32;"Quotas ou quinhões de capital";"33,33% DAS QUOTAS DA SERAFIM EMPREENDIMENTOS IMOBILIÁRIOS LTDA";"153333,00";"30/07/2026";"13:48:03"
"03/08/2026";"16:31:03";2026;2;"Eleição Ordinária";6259;"Eleições Gerais Estaduais 2026";"04/10/2026";"SP";"SP";"SÃO PAULO";250002533797;1;21;"Veículo automotor terrestre: caminhão, automóvel, moto, etc.";"VEÍCULO HONDA CITY";"67000,00";"30/07/2026";"13:47:27"
"03/08/2026";"16:31:03";2026;2;"Eleição Ordinária";6259;"Eleições Gerais Estaduais 2026";"04/10/2026";"SP";"SP";"SÃO PAULO";250002533795;6;49;"Outras aplicações e Investimentos";"APLICAÇÃO FINANCEIRA";"42000,00";"30/07/2026";"13:47:39"
"03/08/2026";"16:31:03";2026;2;"Eleição Ordinária";6259;"Eleições Gerais Estaduais 2026";"04/10/2026";"SP";"SP";"SÃO PAULO";250002533797;2;21;"Veículo automotor terrestre: caminhão, automóvel, moto, etc.";"MOTOCICLETA JTZ-MASTER RIDE";"14000,00";"30/07/2026";"13:47:27"
"03/08/2026";"16:31:03";2026;2;"Eleição Ordinária";6259;"Eleições Gerais Estaduais 2026";"04/10/2026";"SP";"SP";"SÃO PAULO";250002533798;1;45;"Aplicação de renda fixa (CDB, RDB e outros)";"BANCO INTER";"4749,81";"30/07/2026";"13:47:35"
"03/08/2026";"16:31:03";2026;2;"Eleição Ordinária";6259;"Eleições Gerais Estaduais 2026";"04/10/2026";"SP";"SP";"SÃO PAULO";250002533798;2;45;"Aplicação de renda fixa (CDB, RDB e outros)";"BANCO INTER";"38979,48";"30/07/2026";"13:47:35"
"03/08/2026";"16:31:03";2026;2;"Eleição Ordinária";6259;"Eleições Gerais Estaduais 2026";"04/10/2026";"SP";"SP";"SÃO PAULO";250002533798;4;61;"Depósito bancário em conta corrente no País";"BANCO INTER";"17922,97";"30/07/2026";"13:47:35"
"03/08/2026";"16:31:03";2026;2;"Eleição Ordinária";6259;"Eleições Gerais Estaduais 2026";"04/10/2026";"SP";"SP";"SÃO PAULO";250002533798;3;11;"Apartamento";"RESIDENCIAL";"425000,00";"30/07/2026";"13:47:35"
"03/08/2026";"16:31:03";2026;2;"Eleição Ordinária";6259;"Eleições Gerais Estaduais 2026";"04/10/2026";"SP";"SP";"SÃO PAULO";250002533800;1;99;"OUTROS BENS E DIREITOS";"BEM A DECLARAR (VALOR A INFORMAR)";"1,00";"30/07/2026";"13:47:20"
"03/08/2026";"16:31:03";2026;2;"Eleição Ordinária";6259;"Eleições Gerais Estaduais 2026";"04/10/2026";"SP";"SP";"SÃO PAULO";250002533801;1;21;"Veículo automotor terrestre: caminhão, automóvel, moto, etc.";"VEÍCULO VOLKSWAGEN";"75789,00";"30/07/2026";"13:47:55"
"03/08/2026";"16:31:03";2026;2;"Eleição Ordinária";6259;"Eleições Gerais Estaduais 2026";"04/10/2026";"SP";"SP";"SÃO PAULO";250002533801;2;41;"Caderneta de poupança";"SALDO EM CONTA POUPANÇA ITAÚ";"30006,73";"30/07/2026";"13:47:55"
"03/08/2026";"16:31:03";2026;2;"Eleição Ordinária";6259;"Eleições Gerais Estaduais 2026";"04/10/2026";"SP";"SP";"SÃO PAULO";250002533801;3;11;"Apartamento";"APARTAMENTO CENTRO DE SUZANO/SP";"170000,00";"30/07/2026";"13:47:55"
"03/08/2026";"16:31:03";2026;2;"Eleição Ordinária";6259;"Eleições Gerais Estaduais 2026";"04/10/2026";"SP";"SP";"SÃO PAULO";250002533801;6;2;"Prédio comercial";"25% DE UM PREDIO COMERCIAL EM SUZANO/SP";"21903,09";"30/07/2026";"13:47:55"
"03/08/2026";"16:31:03";2026;2;"Eleição Ordinária";6259;"Eleições Gerais Estaduais 2026";"04/10/2026";"SP";"SP";"SÃO PAULO";250002533801;5;2;"Prédio comercial";"25% DE UM PRÉDIO SITUADO EM SUZANO/SP";"18000,00";"30/07/2026";"13:47:55"
"03/08/2026";"16:31:03";2026;2;"Eleição Ordinária";6259;"Eleições Gerais Estaduais 2026";"04/10/2026";"SP";"SP";"SÃO PAULO";250002533801;4;19;"Outros bens imóveis";"25% DE UM SITIO SITUADO EM SANTO ANTONIO DA ALEGRIA/SP";"150000,00";"30/07/2026";"13:47:55"
"03/08/2026";"16:31:03";2026;2;"Eleição Ordinária";6259;"Eleições Gerais Estaduais 2026";"04/10/2026";"SP";"SP";"SÃO PAULO";250002533801;9;21;"Veículo automotor terrestre: caminhão, automóvel, moto, etc.";"VEICULO VOLKSWAGEN";"114000,00";"30/07/2026";"13:47:55"
"03/08/2026";"16:31:03";2026;2;"Eleição Ordinária";6259;"Eleições Gerais Estaduais 2026";"04/10/2026";"SP";"SP";"SÃO PAULO";250002533801;7;12;"Casa";"62,5% CASA LOCALIZADA NO CENTRO DE SUZANO/SP";"53125,00";"30/07/2026";"13:47:55"
"03/08/2026";"16:31:03";2026;2;"Eleição Ordinária";6259;"Eleições Gerais Estaduais 2026";"04/10/2026";"SP";"SP";"SÃO PAULO";250002533801;8;11;"Apartamento";"25% DE APARTAMENTO SITUADO EM SUZANO/SP";"96170,00";"30/07/2026";"13:47:55"
"03/08/2026";"16:31:03";2026;2;"Eleição Ordinária";6259;"Eleições Gerais Estaduais 2026";"04/10/2026";"SP";"SP";"SÃO PAULO";250002533801;12;12;"Casa";"SOBRADO CENTRO DE SUZANO/SP";"113000,00";"30/07/2026";"13:47:55"
"03/08/2026";"16:31:03";2026;2;"Eleição Ordinária";6259;"Eleições Gerais Estaduais 2026";"04/10/2026";"SP";"SP";"SÃO PAULO";250002533801;10;21;"Veículo automotor terrestre: caminhão, automóvel, moto, etc.";"VEICULO VOLKSWAGEN";"18000,00";"30/07/2026";"13:47:55"
"03/08/2026";"16:31:03";2026;2;"Eleição Ordinária";6259;"Eleições Gerais Estaduais 2026";"04/10/2026";"SP";"SP";"SÃO PAULO";250002533801;11;45;"Aplicação de renda fixa (CDB, RDB e outros)";"SALDO EM RDB/CDB BANCO ITAÚ";"5203,80";"30/07/2026";"13:47:55"
"03/08/2026";"16:31:03";2026;2;"Eleição Ordinária";6259;"Eleições Gerais Estaduais 2026";"04/10/2026";"SP";"SP";"SÃO PAULO";250002533802;1;12;"Casa";"CASA";"220000,00";"30/07/2026";"13:47:51"
"03/08/2026";"16:31:03";2026;2;"Eleição Ordinária";6259;"Eleições Gerais Estaduais 2026";"04/10/2026";"SP";"SP";"SÃO PAULO";250002533801;14;61;"Depósito bancário em conta corrente no País";"SALDO EM CONTA BANCO ITAÚ";"95000,00";"30/07/2026";"13:47:55"
"03/08/2026";"16:31:03";2026;2;"Eleição Ordinária";6259;"Eleições Gerais Estaduais 2026";"04/10/2026";"SP";"SP";"SÃO PAULO";250002533801;13;39;"Outras participações societárias";"50% PARTICIPAÇÃO SOCIETARIA";"5000,00";"30/07/2026";"13:47:55"
"03/08/2026";"16:31:03";2026;2;"Eleição Ordinária";6259;"Eleições Gerais Estaduais 2026";"04/10/2026";"SP";"SP";"SÃO PAULO";250002533802;2;12;"Casa";"1/3 DE DUAS CASAS";"120000,00";"30/07/2026";"13:47:51"
"03/08/2026";"16:31:03";2026;2;"Eleição Ordinária";6259;"Eleições Gerais Estaduais 2026";"04/10/2026";"SP";"SP";"SÃO PAULO";250002533802;3;21;"Veículo automotor terrestre: caminhão, automóvel, moto, etc.";"VEÍCULO CRETA";"56000,00";"30/07/2026";"13:47:51"
"03/08/2026";"16:31:03";2026;2;"Eleição Ordinária";6259;"Eleições Gerais Estaduais 2026";"04/10/2026";"SP";"SP";"SÃO PAULO";250002533802;4;32;"Quotas ou quinhões de capital";"2,94% DA EMPRESA RECANTO DO GUERREIRO";"21825,00";"30/07/2026";"13:47:51"
"03/08/2026";"16:31:03";2026;2;"Eleição Ordinária";6259;"Eleições Gerais Estaduais 2026";"04/10/2026";"SP";"SP";"SÃO PAULO";250002533805;1;21;"Veículo automotor terrestre: caminhão, automóvel, moto, etc.";"VEÍCULO";"70000,00";"30/07/2026";"13:47:21"
"03/08/2026";"16:31:03";2026;2;"Eleição Ordinária";6259;"Eleições Gerais Estaduais 2026";"04/10/2026";"SP";"SP";"SÃO PAULO";250002533806;2;21;"Veículo automotor terrestre: caminhão, automóvel, moto, etc.";"VEÍCULO CAOA CHERY TIGGO 7";"145000,00";"30/07/2026";"13:46:38"
"03/08/2026";"16:31:03";2026;2;"Eleição Ordinária";6259;"Eleições Gerais Estaduais 2026";"04/10/2026";"SP";"SP";"SÃO PAULO";250002533806;1;29;"Outros bens móveis";"EMPRESA";"150000,00";"30/07/2026";"13:46:38"
"03/08/2026";"16:31:03";2026;2;"Eleição Ordinária";6259;"Eleições Gerais Estaduais 2026";"04/10/2026";"SP";"SP";"SÃO PAULO";250002533806;4;21;"Veículo automotor terrestre: caminhão, automóvel, moto, etc.";"VEÍCULO VW NIVUS HIGHLINE";"90000,00";"30/07/2026";"13:46:38"
"03/08/2026";"16:31:03";2026;2;"Eleição Ordinária";6259;"Eleições Gerais Estaduais 2026";"04/10/2026";"SP";"SP";"SÃO PAULO";250002533806;5;41;"Caderneta de poupança";"BANCO CAIXA ECONOMICA FEDERAL - CONTA POUPANÇA";"41300,00";"30/07/2026";"13:46:38"
"03/08/2026";"16:31:03";2026;2;"Eleição Ordinária";6259;"Eleições Gerais Estaduais 2026";"04/10/2026";"SP";"SP";"SÃO PAULO";250002533806;3;61;"Depósito bancário em conta corrente no País";"BANCO C6 - CONTA CORRENTE PJ";"176,83";"30/07/2026";"13:46:38"
"03/08/2026";"16:31:03";2026;2;"Eleição Ordinária";6259;"Eleições Gerais Estaduais 2026";"04/10/2026";"SP";"SP";"SÃO PAULO";250002533806;7;61;"Depósito bancário em conta corrente no País";"BANCO BRADESCO - CONTA CORRENTE";"1500,00";"30/07/2026";"13:46:38"
"03/08/2026";"16:31:03";2026;2;"Eleição Ordinária";6259;"Eleições Gerais Estaduais 2026";"04/10/2026";"SP";"SP";"SÃO PAULO";250002533806;8;61;"Depósito bancário em conta corrente no País";"BANCO BV - CONTA CORRENTE";"1870,00";"30/07/2026";"13:46:38"
"03/08/2026";"16:31:03";2026;2;"Eleição Ordinária";6259;"Eleições Gerais Estaduais 2026";"04/10/2026";"SP";"SP";"SÃO PAULO";250002533806;6;61;"Depósito bancário em conta corrente no País";"BANCO PIC PAY - CONTA CORRENTE";"1730,00";"30/07/2026";"13:46:38"
"03/08/2026";"16:31:03";2026;2;"Eleição Ordinária";6259;"Eleições Gerais Estaduais 2026";"04/10/2026";"SP";"SP";"SÃO PAULO";250002533808;2;11;"Apartamento";"50% APTO";"85000,00";"30/07/2026";"13:47:14"
"03/08/2026";"16:31:03";2026;2;"Eleição Ordinária";6259;"Eleições Gerais Estaduais 2026";"04/10/2026";"SP";"SP";"SÃO PAULO";250002533808;3;11;"Apartamento";"APTO EM PORTO ALEGRE";"85000,00";"30/07/2026";"13:47:14"
"03/08/2026";"16:31:03";2026;2;"Eleição Ordinária";6259;"Eleições Gerais Estaduais 2026";"04/10/2026";"SP";"SP";"SÃO PAULO";250002533808;1;11;"Apartamento";"50% VAGA DE GARAGEM";"10000,00";"30/07/2026";"13:47:14"
"03/08/2026";"16:31:03";2026;2;"Eleição Ordinária";6259;"Eleições Gerais Estaduais 2026";"04/10/2026";"SP";"SP";"SÃO PAULO";250002533808;5;21;"Veículo automotor terrestre: caminhão, automóvel, moto, etc.";"FIAT TORO";"90000,00";"30/07/2026";"13:47:14"
"03/08/2026";"16:31:03";2026;2;"Eleição Ordinária";6259;"Eleições Gerais Estaduais 2026";"04/10/2026";"SP";"SP";"SÃO PAULO";250002533808;6;21;"Veículo automotor terrestre: caminhão, automóvel, moto, etc.";"BYD KING";"130000,00";"30/07/2026";"13:47:14"
"03/08/2026";"16:31:03";2026;2;"Eleição Ordinária";6259;"Eleições Gerais Estaduais 2026";"04/10/2026";"SP";"SP";"SÃO PAULO";250002533808;4;11;"Apartamento";"50% APTO";"140000,00";"30/07/2026";"13:47:14"
"03/08/2026";"16:31:03";2026;2;"Eleição Ordinária";6259;"Eleições Gerais Estaduais 2026";"04/10/2026";"SP";"SP";"SÃO PAULO";250002533808;9;61;"Depósito bancário em conta corrente no País";"SALDO EM CONTA CORRENTE";"3000,00";"30/07/2026";"13:47:14"
"03/08/2026";"16:31:03";2026;2;"Eleição Ordinária";6259;"Eleições Gerais Estaduais 2026";"04/10/2026";"SP";"SP";"SÃO PAULO";250002533808;8;11;"Apartamento";"50% APTO";"760000,00";"30/07/2026";"13:47:14"
"03/08/2026";"16:31:03";2026;2;"Eleição Ordinária";6259;"Eleições Gerais Estaduais 2026";"04/10/2026";"SP";"SP";"SÃO PAULO";250002533808;7;63;"Dinheiro em espécie - moeda nacional";"ESPECIE";"60000,00";"30/07/2026";"13:47:14"
"03/08/2026";"16:31:03";2026;2;"Eleição Ordinária";6259;"Eleições Gerais Estaduais 2026";"04/10/2026";"SP";"SP";"SÃO PAULO";250002533810;1;12;"Casa";"RESIDENCIAL";"300000,00";"30/07/2026";"13:47:16"
"03/08/2026";"16:31:03";2026;2;"Eleição Ordinária";6259;"Eleições Gerais Estaduais 2026";"04/10/2026";"SP";"SP";"SÃO PAULO";250002533808;10;11;"Apartamento";"50% APTO";"300000,00";"30/07/2026";"13:47:14"
"03/08/2026";"16:31:03";2026;2;"Eleição Ordinária";6259;"Eleições Gerais Estaduais 2026";"04/10/2026";"SP";"SP";"SÃO PAULO";250002533810;2;63;"Dinheiro em espécie - moeda nacional";"EM ESPECIE";"500000,00";"30/07/2026";"13:47:16"
"03/08/2026";"16:31:03";2026;2;"Eleição Ordinária";6259;"Eleições Gerais Estaduais 2026";"04/10/2026";"SP";"SP";"SÃO PAULO";250002533811;1;21;"Veículo automotor terrestre: caminhão, automóvel, moto, etc.";"HILUX SW4";"227000,00";"30/07/2026";"13:46:53"
"03/08/2026";"16:31:03";2026;2;"Eleição Ordinária";6259;"Eleições Gerais Estaduais 2026";"04/10/2026";"SP";"SP";"SÃO PAULO";250002533812;1;1;"Prédio residencial";"PRÉDIO RESIDENCIAL LOCALIZADO EM SÃO APULO/SP";"257111,00";"30/07/2026";"13:47:08"
"03/08/2026";"16:31:03";2026;2;"Eleição Ordinária";6259;"Eleições Gerais Estaduais 2026";"04/10/2026";"SP";"SP";"SÃO PAULO";250002533811;2;61;"Depósito bancário em conta corrente no País";"BANCO ITAU";"-1199,67";"30/07/2026";"13:46:53"
"03/08/2026";"16:31:03";2026;2;"Eleição Ordinária";6259;"Eleições Gerais Estaduais 2026";"04/10/2026";"SP";"SP";"SÃO PAULO";250002533812;2;21;"Veículo automotor terrestre: caminhão, automóvel, moto, etc.";"VEÍCULO KIA CERATO ANO/MOEDELO: 2010/2011";"25000,00";"30/07/2026";"13:47:08"
"03/08/2026";"16:31:03";2026;2;"Eleição Ordinária";6259;"Eleições Gerais Estaduais 2026";"04/10/2026";"SP";"SP";"SÃO PAULO";250002533813;2;11;"Apartamento";"APARTAMENTO";"630000,00";"30/07/2026";"13:46:43"
"03/08/2026";"16:31:03";2026;2;"Eleição Ordinária";6259;"Eleições Gerais Estaduais 2026";"04/10/2026";"SP";"SP";"SÃO PAULO";250002533813;1;2;"Prédio comercial";"PREDIO COMERCIAL";"1320000,00";"30/07/2026";"13:46:43"
"03/08/2026";"16:31:03";2026;2;"Eleição Ordinária";6259;"Eleições Gerais Estaduais 2026";"04/10/2026";"SP";"SP";"SÃO PAULO";250002533813;4;21;"Veículo automotor terrestre: caminhão, automóvel, moto, etc.";"CRETA";"152000,00";"30/07/2026";"13:46:43"
"03/08/2026";"16:31:03";2026;2;"Eleição Ordinária";6259;"Eleições Gerais Estaduais 2026";"04/10/2026";"SP";"SP";"SÃO PAULO";250002533813;5;11;"Apartamento";"APARTAMENTO";"597560,00";"30/07/2026";"13:46:43"
"03/08/2026";"16:31:03";2026;2;"Eleição Ordinária";6259;"Eleições Gerais Estaduais 2026";"04/10/2026";"SP";"SP";"SÃO PAULO";250002533813;3;99;"OUTROS BENS E DIREITOS";"PARTE DE IMOVEL EM RIBEIRAO PIRES";"95000,00";"30/07/2026";"13:46:43"
"03/08/2026";"16:31:03";2026;2;"Eleição Ordinária";6259;"Eleições Gerais Estaduais 2026";"04/10/2026";"SP";"SP";"SÃO PAULO";250002533947;2;63;"Dinheiro em espécie - moeda nacional";"DINHEIRO EM ESPÉCIE";"151500,00";"30/07/2026";"18:43:38"
"03/08/2026";"16:31:03";2026;2;"Eleição Ordinária";6259;"Eleições Gerais Estaduais 2026";"04/10/2026";"SP";"SP";"SÃO PAULO";250002533947;3;61;"Depósito bancário em conta corrente no País";"SALDO EM CONTA CORRENTE BANCO BRADESCO";"90,74";"30/07/2026";"18:43:38"
"03/08/2026";"16:31:03";2026;2;"Eleição Ordinária";6259;"Eleições Gerais Estaduais 2026";"04/10/2026";"SP";"SP";"SÃO PAULO";250002533947;1;13;"Terreno";"50% DE UM TERRENO E CASA NA RUA CARAMURU, TABOÃO DA SERRA/SP";"456200,00";"30/07/2026";"18:43:38"
"03/08/2026";"16:31:03";2026;2;"Eleição Ordinária";6259;"Eleições Gerais Estaduais 2026";"04/10/2026";"SP";"SP";"SÃO PAULO";250002533948;2;41;"Caderneta de poupança";"BANCO DO BRASIL";"5000,00";"30/07/2026";"18:43:38"
"03/08/2026";"16:31:03";2026;2;"Eleição Ordinária";6259;"Eleições Gerais Estaduais 2026";"04/10/2026";"SP";"SP";"SÃO PAULO";250002533947;4;61;"Depósito bancário em conta corrente no País";"SALDO EM CONTA CORRENTE BANCO DO BRASIL";"9873,83";"30/07/2026";"18:43:38"
"03/08/2026";"16:31:03";2026;2;"Eleição Ordinária";6259;"Eleições Gerais Estaduais 2026";"04/10/2026";"SP";"SP";"SÃO PAULO";250002533948;1;39;"Outras participações societárias";"QGPADE - QUINTAL DE GRAVAÇÕES E PRODUÇÕES ARTISTICAS LTDA.";"80000,00";"30/07/2026";"18:43:38"
"03/08/2026";"16:31:03";2026;2;"Eleição Ordinária";6259;"Eleições Gerais Estaduais 2026";"04/10/2026";"SP";"SP";"SÃO PAULO";250002533948;3;45;"Aplicação de renda fixa (CDB, RDB e outros)";"BRADESCO VGBL PREVIDENCIA PRIVADA";"310821,96";"30/07/2026";"18:43:38"
"03/08/2026";"16:31:03";2026;2;"Eleição Ordinária";6259;"Eleições Gerais Estaduais 2026";"04/10/2026";"SP";"SP";"SÃO PAULO";250002533949;1;21;"Veículo automotor terrestre: caminhão, automóvel, moto, etc.";"GM KADET";"10000,00";"30/07/2026";"18:44:01"
"03/08/2026";"16:31:03";2026;2;"Eleição Ordinária";6259;"Eleições Gerais Estaduais 2026";"04/10/2026";"SP";"SP";"SÃO PAULO";250002533948;4;61;"Depósito bancário em conta corrente no País";"BRADESCO";"6998,80";"30/07/2026";"18:43:38"
"03/08/2026";"16:31:03";2026;2;"Eleição Ordinária";6259;"Eleições Gerais Estaduais 2026";"04/10/2026";"SP";"SP";"SÃO PAULO";250002533949;2;21;"Veículo automotor terrestre: caminhão, automóvel, moto, etc.";"GM MONTANA";"25000,00";"30/07/2026";"18:44:01"
"03/08/2026";"16:31:03";2026;2;"Eleição Ordinária";6259;"Eleições Gerais Estaduais 2026";"04/10/2026";"SP";"SP";"SÃO PAULO";250002533950;1;12;"Casa";"ESTRADA DA ROSEIRA";"200000,00";"30/07/2026";"18:43:38"
"03/08/2026";"16:31:03";2026;2;"Eleição Ordinária";6259;"Eleições Gerais Estaduais 2026";"04/10/2026";"SP";"SP";"SÃO PAULO";250002533950;2;11;"Apartamento";"RUA SÃO LUIS - CAIEIRAS/SP";"250000,00";"30/07/2026";"18:43:38"
"03/08/2026";"16:31:03";2026;2;"Eleição Ordinária";6259;"Eleições Gerais Estaduais 2026";"04/10/2026";"SP";"SP";"SÃO PAULO";250002533950;3;21;"Veículo automotor terrestre: caminhão, automóvel, moto, etc.";"FIAT UNO/ FIORINO 1.5 / ANO 1990 / PLACA CKH 1139";"5445,00";"30/07/2026";"18:43:38"
"03/08/2026";"16:31:03";2026;2;"Eleição Ordinária";6259;"Eleições Gerais Estaduais 2026";"04/10/2026";"SP";"SP";"SÃO PAULO";250002533950;4;61;"Depósito bancário em conta corrente no País";"CONTA BANCO ITAÚ AG 0411 C/C 5200-4";"1126,27";"30/07/2026";"18:43:38"
"03/08/2026";"16:31:03";2026;2;"Eleição Ordinária";6259;"Eleições Gerais Estaduais 2026";"04/10/2026";"SP";"SP";"SÃO PAULO";250002533950;5;61;"Depósito bancário em conta corrente no País";"CONTA BANCO BRASIL AG 2515 C/C 9399-8 - CONTA SALÁRIO";"29479,10";"30/07/2026";"18:43:38"
"03/08/2026";"16:31:03";2026;2;"Eleição Ordinária";6259;"Eleições Gerais Estaduais 2026";"04/10/2026";"SP";"SP";"SÃO PAULO";250002533952;1;21;"Veículo automotor terrestre: caminhão, automóvel, moto, etc.";"ECOESPORTE 2017";"55000,00";"30/07/2026";"18:43:38"
"03/08/2026";"16:31:03";2026;2;"Eleição Ordinária";6259;"Eleições Gerais Estaduais 2026";"04/10/2026";"SP";"SP";"SÃO PAULO";250002533952;2;21;"Veículo automotor terrestre: caminhão, automóvel, moto, etc.";"STRADA 2013";"40000,00";"30/07/2026";"18:43:38"
"03/08/2026";"16:31:03";2026;2;"Eleição Ordinária";6259;"Eleições Gerais Estaduais 2026";"04/10/2026";"SP";"SP";"SÃO PAULO";250002533950;6;39;"Outras participações societárias";"SÓCIA DA PANIFICADORA RAINHA DO JARAGUA";"220000,00";"30/07/2026";"18:43:38"
"03/08/2026";"16:31:03";2026;2;"Eleição Ordinária";6259;"Eleições Gerais Estaduais 2026";"04/10/2026";"SP";"SP";"SÃO PAULO";250002533953;2;12;"Casa";"CASA EM JACAREÍ-SP, COM  213,3M2";"45000,00";"30/07/2026";"18:43:38"
"03/08/2026";"16:31:03";2026;2;"Eleição Ordinária";6259;"Eleições Gerais Estaduais 2026";"04/10/2026";"SP";"SP";"SÃO PAULO";250002533953;1;45;"Aplicação de renda fixa (CDB, RDB e outros)";"BB RENDA FIXA LONGO PRAZO HIGH FUNDO DE INVESTIMENTOS";"115513,49";"30/07/2026";"18:43:38"
"03/08/2026";"16:31:03";2026;2;"Eleição Ordinária";6259;"Eleições Gerais Estaduais 2026";"04/10/2026";"SP";"SP";"SÃO PAULO";250002533952;3;19;"Outros bens imóveis";"CASA EM CONSTRUÇÃO EM QUADRA-SP";"100000,00";"30/07/2026";"18:43:38"
"03/08/2026";"16:31:03";2026;2;"Eleição Ordinária";6259;"Eleições Gerais Estaduais 2026";"04/10/2026";"SP";"SP";"SÃO PAULO";250002533953;5;21;"Veículo automotor terrestre: caminhão, automóvel, moto, etc.";"WR-V HONDA RENAVAN 01273291210";"109500,00";"30/07/2026";"18:43:38"
"03/08/2026";"16:31:03";2026;2;"Eleição Ordinária";6259;"Eleições Gerais Estaduais 2026";"04/10/2026";"SP";"SP";"SÃO PAULO";250002533953;4;11;"Apartamento";"APARTAMENTO NA AV. DUQUE DE CAXIAS, 159, COM 58 M2 EM SÃO PAULO-SP";"134002,00";"30/07/2026";"18:43:38"
"03/08/2026";"16:31:03";2026;2;"Eleição Ordinária";6259;"Eleições Gerais Estaduais 2026";"04/10/2026";"SP";"SP";"SÃO PAULO";250002533953;3;61;"Depósito bancário em conta corrente no País";"VALOR EM CONTA CORRENTE NO BB AGÊNCIA 8412 CC 106234-4";"6543,03";"30/07/2026";"18:43:38"
"03/08/2026";"16:31:03";2026;2;"Eleição Ordinária";6259;"Eleições Gerais Estaduais 2026";"04/10/2026";"SP";"SP";"SÃO PAULO";250002534127;3;12;"Casa";"CASA DO VERANEIO";"400000,00";"31/07/2026";"18:13:04"
"03/08/2026";"16:31:03";2026;2;"Eleição Ordinária";6259;"Eleições Gerais Estaduais 2026";"04/10/2026";"SP";"SP";"SÃO PAULO";250002534127;1;63;"Dinheiro em espécie - moeda nacional";"DINHEIRO EM CAIXA PARA AQUISICAO BENS";"55400,00";"31/07/2026";"18:13:04"
"03/08/2026";"16:31:03";2026;2;"Eleição Ordinária";6259;"Eleições Gerais Estaduais 2026";"04/10/2026";"SP";"SP";"SÃO PAULO";250002534127;2;59;"Outros créditos e poupança vinculados";"PLANO ITAU DE CAPITALIZAÇÃO";"504,07";"31/07/2026";"18:13:04"
"03/08/2026";"16:31:03";2026;2;"Eleição Ordinária";6259;"Eleições Gerais Estaduais 2026";"04/10/2026";"SP";"SP";"SÃO PAULO";250002534127;6;12;"Casa";"IMOVEL RESIDENCIAL";"120000,00";"31/07/2026";"18:13:04"
"03/08/2026";"16:31:03";2026;2;"Eleição Ordinária";6259;"Eleições Gerais Estaduais 2026";"04/10/2026";"SP";"SP";"SÃO PAULO";250002534127;5;72;"Fundo de Longo Prazo e Fundo de Investimentos em Direitos Creditórios (FIDC)";"PEFISA SA CREDITO";"0,80";"31/07/2026";"18:13:04"
"03/08/2026";"16:31:03";2026;2;"Eleição Ordinária";6259;"Eleições Gerais Estaduais 2026";"04/10/2026";"SP";"SP";"SÃO PAULO";250002534127;4;59;"Outros créditos e poupança vinculados";"CONTA POUPANÇA CAIXA FEDERAL";"0,81";"31/07/2026";"18:13:04"
"03/08/2026";"16:31:03";2026;2;"Eleição Ordinária";6259;"Eleições Gerais Estaduais 2026";"04/10/2026";"SP";"SP";"SÃO PAULO";250002534127;8;21;"Veículo automotor terrestre: caminhão, automóvel, moto, etc.";"FIAT SIENA 2010";"30000,00";"31/07/2026";"18:13:04"
"03/08/2026";"16:31:03";2026;2;"Eleição Ordinária";6259;"Eleições Gerais Estaduais 2026";"04/10/2026";"SP";"SP";"SÃO PAULO";250002534127;7;45;"Aplicação de renda fixa (CDB, RDB e outros)";"RDB/CDB JUNTO AO BANCO ITAU";"55927,80";"31/07/2026";"18:13:04"
"03/08/2026";"16:31:03";2026;2;"Eleição Ordinária";6259;"Eleições Gerais Estaduais 2026";"04/10/2026";"SP";"SP";"SÃO PAULO";250002534127;9;49;"Outras aplicações e Investimentos";"ITAU PRIVILEGE RF REF DI FICFI";"333307,03";"31/07/2026";"18:13:04"
"03/08/2026";"16:31:03";2026;2;"Eleição Ordinária";6259;"Eleições Gerais Estaduais 2026";"04/10/2026";"SP";"SP";"SÃO PAULO";250002534127;11;61;"Depósito bancário em conta corrente no País";"CONTA LIVRE MOVIMENTAÇÃO JUNTO A CAIXA ECONOMICA";"7,90";"31/07/2026";"18:13:04"
"03/08/2026";"16:31:03";2026;2;"Eleição Ordinária";6259;"Eleições Gerais Estaduais 2026";"04/10/2026";"SP";"SP";"SÃO PAULO";250002534127;12;61;"Depósito bancário em conta corrente no País";"CONTA CORRENTE ITAU";"8011,00";"31/07/2026";"18:13:04"
"03/08/2026";"16:31:03";2026;2;"Eleição Ordinária";6259;"Eleições Gerais Estaduais 2026";"04/10/2026";"SP";"SP";"SÃO PAULO";250002534127;10;59;"Outros créditos e poupança vinculados";"CONTA POUPANÇA ITAU";"2952,31";"31/07/2026";"18:13:04"
"03/08/2026";"16:31:03";2026;2;"Eleição Ordinária";6259;"Eleições Gerais Estaduais 2026";"04/10/2026";"SP";"SP";"SÃO PAULO";250002534127;13;45;"Aplicação de renda fixa (CDB, RDB e outros)";"APLICAÇOES DE RENDA FIXA JUNTO AO BANCO SANTANDER";"260,61";"31/07/2026";"18:13:04"
"03/08/2026";"16:31:03";2026;2;"Eleição Ordinária";6259;"Eleições Gerais Estaduais 2026";"04/10/2026";"SP";"SP";"SÃO PAULO";250002534128;1;21;"Veículo automotor terrestre: caminhão, automóvel, moto, etc.";"HYUNDAI CRETA ANO 2021";"95000,00";"31/07/2026";"18:12:58"
"03/08/2026";"16:31:03";2026;2;"Eleição Ordinária";6259;"Eleições Gerais Estaduais 2026";"04/10/2026";"SP";"SP";"SÃO PAULO";250002534129;1;95;"Consórcio não contemplado";"CONSÓRCIO DE IMÓVEIS JUNTO AO SANTANDER";"11578,78";"31/07/2026";"18:13:10"
"03/08/2026";"16:31:03";2026;2;"Eleição Ordinária";6259;"Eleições Gerais Estaduais 2026";"04/10/2026";"SP";"SP";"SÃO PAULO";250002534129;3;41;"Caderneta de poupança";"SALDO CONTA POUPANÇA CAIXA ECONOMICA FEDERAL";"4444,09";"31/07/2026";"18:13:10"
"03/08/2026";"16:31:03";2026;2;"Eleição Ordinária";6259;"Eleições Gerais Estaduais 2026";"04/10/2026";"SP";"SP";"SÃO PAULO";250002534130;1;21;"Veículo automotor terrestre: caminhão, automóvel, moto, etc.";"NXR150 BROS ESD";"7500,00";"31/07/2026";"18:12:56"
"03/08/2026";"16:31:03";2026;2;"Eleição Ordinária";6259;"Eleições Gerais Estaduais 2026";"04/10/2026";"SP";"SP";"SÃO PAULO";250002534129;2;13;"Terreno";"FRAÇÃO DE TERRENO 4,17%";"8209,13";"31/07/2026";"18:13:10"
"03/08/2026";"16:31:03";2026;2;"Eleição Ordinária";6259;"Eleições Gerais Estaduais 2026";"04/10/2026";"SP";"SP";"SÃO PAULO";250002534130;2;21;"Veículo automotor terrestre: caminhão, automóvel, moto, etc.";"VW FUSCA";"5000,00";"31/07/2026";"18:12:56"
"03/08/2026";"16:31:03";2026;2;"Eleição Ordinária";6259;"Eleições Gerais Estaduais 2026";"04/10/2026";"SP";"SP";"SÃO PAULO";250002534130;3;21;"Veículo automotor terrestre: caminhão, automóvel, moto, etc.";"JTA SUZUKI B KING";"25000,00";"31/07/2026";"18:12:56"
"03/08/2026";"16:31:03";2026;2;"Eleição Ordinária";6259;"Eleições Gerais Estaduais 2026";"04/10/2026";"SP";"SP";"SÃO PAULO";250002534131;1;61;"Depósito bancário em conta corrente no País";"SALDO EM CONTA CORRENTE";"2000,00";"31/07/2026";"18:12:54"
"03/08/2026";"16:31:03";2026;2;"Eleição Ordinária";6259;"Eleições Gerais Estaduais 2026";"04/10/2026";"SP";"SP";"SÃO PAULO";250002534131;3;12;"Casa";"IMOVEL EM CARAGUATATUBA";"300000,00";"31/07/2026";"18:12:54"
"03/08/2026";"16:31:03";2026;2;"Eleição Ordinária";6259;"Eleições Gerais Estaduais 2026";"04/10/2026";"SP";"SP";"SÃO PAULO";250002534131;4;21;"Veículo automotor terrestre: caminhão, automóvel, moto, etc.";"FIAT GRAND SIENA - ANO 2020 - ALIENADO AO CONSORCIO RENAULT";"50000,00";"31/07/2026";"18:12:54"
"03/08/2026";"16:31:03";2026;2;"Eleição Ordinária";6259;"Eleições Gerais Estaduais 2026";"04/10/2026";"SP";"SP";"SÃO PAULO";250002534131;2;45;"Aplicação de renda fixa (CDB, RDB e outros)";"APLICACAO FINANCEIRA";"3000,00";"31/07/2026";"18:12:54"
"03/08/2026";"16:31:03";2026;2;"Eleição Ordinária";6259;"Eleições Gerais Estaduais 2026";"04/10/2026";"SP";"SP";"SÃO PAULO";250002534133;1;21;"Veículo automotor terrestre: caminhão, automóvel, moto, etc.";"MOTO YAMAHA NMAX 2020";"4000,00";"31/07/2026";"18:12:57"
"03/08/2026";"16:31:03";2026;2;"Eleição Ordinária";6259;"Eleições Gerais Estaduais 2026";"04/10/2026";"SP";"SP";"SÃO PAULO";250002534131;5;63;"Dinheiro em espécie - moeda nacional";"DINHEIRO EM ESPECIE";"10000,00";"31/07/2026";"18:12:54"
"03/08/2026";"16:31:03";2026;2;"Eleição Ordinária";6259;"Eleições Gerais Estaduais 2026";"04/10/2026";"SP";"SP";"SÃO PAULO";250002534134;1;11;"Apartamento";"APARTAMENTO";"1000000,00";"31/07/2026";"18:13:09"
"03/08/2026";"16:31:03";2026;2;"Eleição Ordinária";6259;"Eleições Gerais Estaduais 2026";"04/10/2026";"SP";"SP";"SÃO PAULO";250002534136;1;21;"Veículo automotor terrestre: caminhão, automóvel, moto, etc.";"VEÍCULO CHEVROLET AGILE 1.4 2011";"35000,00";"31/07/2026";"18:12:36"
"03/08/2026";"16:31:03";2026;2;"Eleição Ordinária";6259;"Eleições Gerais Estaduais 2026";"04/10/2026";"SP";"SP";"SÃO PAULO";250002534135;1;61;"Depósito bancário em conta corrente no País";"CONTA CORRENTE E INVESTIMENTOS";"4043,93";"31/07/2026";"18:12:47"
"03/08/2026";"16:31:03";2026;2;"Eleição Ordinária";6259;"Eleições Gerais Estaduais 2026";"04/10/2026";"SP";"SP";"SÃO PAULO";250002534136;2;61;"Depósito bancário em conta corrente no País";"SALDO CONTA CORRENTE";"50000,00";"31/07/2026";"18:12:36"
"03/08/2026";"16:31:03";2026;2;"Eleição Ordinária";6259;"Eleições Gerais Estaduais 2026";"04/10/2026";"SP";"SP";"SÃO PAULO";250002534136;4;12;"Casa";"1/3 DE IMÓVEL HERANÇA";"110000,00";"31/07/2026";"18:12:36"
"03/08/2026";"16:31:03";2026;2;"Eleição Ordinária";6259;"Eleições Gerais Estaduais 2026";"04/10/2026";"SP";"SP";"SÃO PAULO";250002534136;3;12;"Casa";"IMÓVEL EM INVENTÁRIO";"700000,00";"31/07/2026";"18:12:36"
"03/08/2026";"16:31:03";2026;2;"Eleição Ordinária";6259;"Eleições Gerais Estaduais 2026";"04/10/2026";"SP";"SP";"SÃO PAULO";250002534138;1;63;"Dinheiro em espécie - moeda nacional";"DINHEIRO EM ESPECIE";"3000,00";"31/07/2026";"18:12:46"
"03/08/2026";"16:31:03";2026;2;"Eleição Ordinária";6259;"Eleições Gerais Estaduais 2026";"04/10/2026";"SP";"SP";"SÃO PAULO";250002534139;1;12;"Casa";"1/3 DE IMÓVEL DE HERANÇA";"300000,00";"31/07/2026";"18:12:35"
"03/08/2026";"16:31:03";2026;2;"Eleição Ordinária";6259;"Eleições Gerais Estaduais 2026";"04/10/2026";"SP";"SP";"SÃO PAULO";250002534139;3;21;"Veículo automotor terrestre: caminhão, automóvel, moto, etc.";"AUTOMÓVEL CRETA";"104000,00";"31/07/2026";"18:12:35"
"03/08/2026";"16:31:03";2026;2;"Eleição Ordinária";6259;"Eleições Gerais Estaduais 2026";"04/10/2026";"SP";"SP";"SÃO PAULO";250002534139;2;12;"Casa";"CASA PRÓPRIA";"1000000,00";"31/07/2026";"18:12:35"
"03/08/2026";"16:31:03";2026;2;"Eleição Ordinária";6259;"Eleições Gerais Estaduais 2026";"04/10/2026";"SP";"SP";"SÃO PAULO";250002534140;2;32;"Quotas ou quinhões de capital";"QUOTAS DE CAPITAL NA EMPRESA IB BRAGION SERVIÇOS ADMINISTRATIVOS LTDA";"10000,00";"31/07/2026";"18:12:31"
"03/08/2026";"16:31:03";2026;2;"Eleição Ordinária";6259;"Eleições Gerais Estaduais 2026";"04/10/2026";"SP";"SP";"SÃO PAULO";250002534140;1;45;"Aplicação de renda fixa (CDB, RDB e outros)";"APLICAÇÃO VGBL BRADESCO";"5298,23";"31/07/2026";"18:12:31"
"03/08/2026";"16:31:03";2026;2;"Eleição Ordinária";6259;"Eleições Gerais Estaduais 2026";"04/10/2026";"SP";"SP";"SÃO PAULO";250002534140;3;45;"Aplicação de renda fixa (CDB, RDB e outros)";"APLICAÇÃO RENDA FIXA BANCO BRADESCO";"8236,75";"31/07/2026";"18:12:31"
"03/08/2026";"16:31:03";2026;2;"Eleição Ordinária";6259;"Eleições Gerais Estaduais 2026";"04/10/2026";"SP";"SP";"SÃO PAULO";250002534140;5;32;"Quotas ou quinhões de capital";"QUOTAS DE CAPITAL NA EMPRESA IB BRAGION SERVICOS DE APOIO ADMINISTRATIVO LTDA";"10000,00";"31/07/2026";"18:12:31"
"03/08/2026";"16:31:03";2026;2;"Eleição Ordinária";6259;"Eleições Gerais Estaduais 2026";"04/10/2026";"SP";"SP";"SÃO PAULO";250002534140;6;41;"Caderneta de poupança";"POUPANÇA JUNTO AO BANCO BRADESCO";"2158,21";"31/07/2026";"18:12:31"
"03/08/2026";"16:31:03";2026;2;"Eleição Ordinária";6259;"Eleições Gerais Estaduais 2026";"04/10/2026";"SP";"SP";"SÃO PAULO";250002534140;4;21;"Veículo automotor terrestre: caminhão, automóvel, moto, etc.";"VEICULO RENAUT KWID ZEN 2, ANO 2023/2024";"52585,00";"31/07/2026";"18:12:31"
"03/08/2026";"16:31:03";2026;2;"Eleição Ordinária";6259;"Eleições Gerais Estaduais 2026";"04/10/2026";"SP";"SP";"SÃO PAULO";250002534140;7;45;"Aplicação de renda fixa (CDB, RDB e outros)";"APLICAÇÃO RENDA FIXA STONE INSTITUIÇÃO DE PAGAMENTO SA";"2878,57";"31/07/2026";"18:12:31"
"03/08/2026";"16:31:03";2026;2;"Eleição Ordinária";6259;"Eleições Gerais Estaduais 2026";"04/10/2026";"SP";"SP";"SÃO PAULO";250002534141;1;45;"Aplicação de renda fixa (CDB, RDB e outros)";"APLICAÇÃO RENDA FIXA CDB BANCO SANTANDER";"201,67";"31/07/2026";"18:12:28"
"03/08/2026";"16:31:03";2026;2;"Eleição Ordinária";6259;"Eleições Gerais Estaduais 2026";"04/10/2026";"SP";"SP";"SÃO PAULO";250002534141;2;12;"Casa";"CASA EM SÃO JOSÉ DOS CAMPOS";"93549,23";"31/07/2026";"18:12:28"
"03/08/2026";"16:31:03";2026;2;"Eleição Ordinária";6259;"Eleições Gerais Estaduais 2026";"04/10/2026";"SP";"SP";"SÃO PAULO";250002534143;2;21;"Veículo automotor terrestre: caminhão, automóvel, moto, etc.";"CAR REBOQUE WEWHALLEY 2ANCOMPACT 2017";"20000,00";"31/07/2026";"18:13:00"
"03/08/2026";"16:31:03";2026;2;"Eleição Ordinária";6259;"Eleições Gerais Estaduais 2026";"04/10/2026";"SP";"SP";"SÃO PAULO";250002534142;1;61;"Depósito bancário em conta corrente no País";"SALDO BANCÁRIO";"95000,00";"31/07/2026";"18:12:31"
"03/08/2026";"16:31:03";2026;2;"Eleição Ordinária";6259;"Eleições Gerais Estaduais 2026";"04/10/2026";"SP";"SP";"SÃO PAULO";250002534143;1;13;"Terreno";"16,80% TERRENO COM UMA CASA";"9275,59";"31/07/2026";"18:13:00"
"03/08/2026";"16:31:03";2026;2;"Eleição Ordinária";6259;"Eleições Gerais Estaduais 2026";"04/10/2026";"SP";"SP";"SÃO PAULO";250002534144;1;21;"Veículo automotor terrestre: caminhão, automóvel, moto, etc.";"VW/POLO CL ADA,";"74000,00";"31/07/2026";"18:12:32"
"03/08/2026";"16:31:03";2026;2;"Eleição Ordinária";6259;"Eleições Gerais Estaduais 2026";"04/10/2026";"SP";"SP";"SÃO PAULO";250002534143;4;61;"Depósito bancário em conta corrente no País";"SALDO EM CONTA CORRENTE BANCO CAIXA ECONOMICA";"4635,15";"31/07/2026";"18:13:00"
"03/08/2026";"16:31:03";2026;2;"Eleição Ordinária";6259;"Eleições Gerais Estaduais 2026";"04/10/2026";"SP";"SP";"SÃO PAULO";250002534143;3;61;"Depósito bancário em conta corrente no País";"SALDO CONTA CORRENTE BANCO DO BRASIL";"264,37";"31/07/2026";"18:13:00"
"03/08/2026";"16:31:03";2026;2;"Eleição Ordinária";6259;"Eleições Gerais Estaduais 2026";"04/10/2026";"SP";"SP";"SÃO PAULO";250002534145;3;45;"Aplicação de renda fixa (CDB, RDB e outros)";"APLICAÇÃO EM RENDA FIXA BANCO SANTANDER";"199,48";"31/07/2026";"18:12:40"
"03/08/2026";"16:31:03";2026;2;"Eleição Ordinária";6259;"Eleições Gerais Estaduais 2026";"04/10/2026";"SP";"SP";"SÃO PAULO";250002534145;1;12;"Casa";"IMÓVEL EM PRESIDENTE PRUDENTE";"420000,00";"31/07/2026";"18:12:40"
"03/08/2026";"16:31:03";2026;2;"Eleição Ordinária";6259;"Eleições Gerais Estaduais 2026";"04/10/2026";"SP";"SP";"SÃO PAULO";250002534145;2;19;"Outros bens imóveis";"IMÓVEL RURAL EM REGENTE FEIJO";"160000,00";"31/07/2026";"18:12:40"
"03/08/2026";"16:31:03";2026;2;"Eleição Ordinária";6259;"Eleições Gerais Estaduais 2026";"04/10/2026";"SP";"SP";"SÃO PAULO";250002534145;4;41;"Caderneta de poupança";"SALDO EM CONTA POUPANÇA CAIXA ECONOMICA FEDERAL";"79275,12";"31/07/2026";"18:12:40"
"03/08/2026";"16:31:03";2026;2;"Eleição Ordinária";6259;"Eleições Gerais Estaduais 2026";"04/10/2026";"SP";"SP";"SÃO PAULO";250002534146;1;12;"Casa";"IMOVEL CASA";"250000,00";"31/07/2026";"18:12:52"
"03/08/2026";"16:31:03";2026;2;"Eleição Ordinária";6259;"Eleições Gerais Estaduais 2026";"04/10/2026";"SP";"SP";"SÃO PAULO";250002534146;2;21;"Veículo automotor terrestre: caminhão, automóvel, moto, etc.";"AUTOMOVEL";"25000,00";"31/07/2026";"18:12:52"
"03/08/2026";"16:31:03";2026;2;"Eleição Ordinária";6259;"Eleições Gerais Estaduais 2026";"04/10/2026";"SP";"SP";"SÃO PAULO";250002534148;1;12;"Casa";"IMÓVEL EM CERQUEIRA CESAR";"200000,00";"31/07/2026";"18:13:15"
"03/08/2026";"16:31:03";2026;2;"Eleição Ordinária";6259;"Eleições Gerais Estaduais 2026";"04/10/2026";"SP";"SP";"SÃO PAULO";250002534148;2;21;"Veículo automotor terrestre: caminhão, automóvel, moto, etc.";"MOTOCICLETA HONDA BIZ";"5700,00";"31/07/2026";"18:13:15"
"03/08/2026";"16:31:03";2026;2;"Eleição Ordinária";6259;"Eleições Gerais Estaduais 2026";"04/10/2026";"SP";"SP";"SÃO PAULO";250002534148;3;61;"Depósito bancário em conta corrente no País";"SALDO CONTA BANCÁRIA NUBANK";"15600,00";"31/07/2026";"18:13:15"
"03/08/2026";"16:31:03";2026;2;"Eleição Ordinária";6259;"Eleições Gerais Estaduais 2026";"04/10/2026";"SP";"SP";"SÃO PAULO";250002534148;4;21;"Veículo automotor terrestre: caminhão, automóvel, moto, etc.";"VEÍCULO CHEVROLET TRAKER";"96000,00";"31/07/2026";"18:13:15"
"03/08/2026";"16:31:03";2026;2;"Eleição Ordinária";6259;"Eleições Gerais Estaduais 2026";"04/10/2026";"SP";"SP";"SÃO PAULO";250002534148;5;61;"Depósito bancário em conta corrente no País";"SALDO CONTA BANCÁRIA BANCO DO BRASIL";"975,00";"31/07/2026";"18:13:15"
"03/08/2026";"16:31:03";2026;2;"Eleição Ordinária";6259;"Eleições Gerais Estaduais 2026";"04/10/2026";"SP";"SP";"SÃO PAULO";250002534149;1;13;"Terreno";"ÁREA DE 959,45 HECTARES";"1189400,00";"31/07/2026";"18:12:37"
"03/08/2026";"16:31:03";2026;2;"Eleição Ordinária";6259;"Eleições Gerais Estaduais 2026";"04/10/2026";"SP";"SP";"SÃO PAULO";250002534150;1;12;"Casa";"IMOVEL RESIDENCIAL CARAGUATATUBA";"52455,83";"31/07/2026";"18:13:08"
"03/08/2026";"16:31:03";2026;2;"Eleição Ordinária";6259;"Eleições Gerais Estaduais 2026";"04/10/2026";"SP";"SP";"SÃO PAULO";250002534150;2;21;"Veículo automotor terrestre: caminhão, automóvel, moto, etc.";"MODELO C4 PALLAS 2006/07";"29139,00";"31/07/2026";"18:13:08"
"03/08/2026";"16:31:03";2026;2;"Eleição Ordinária";6259;"Eleições Gerais Estaduais 2026";"04/10/2026";"SP";"SP";"SÃO PAULO";250002534150;3;21;"Veículo automotor terrestre: caminhão, automóvel, moto, etc.";"MODELO HILLUX 2006/07";"73925,43";"31/07/2026";"18:13:08"
"03/08/2026";"16:31:03";2026;2;"Eleição Ordinária";6259;"Eleições Gerais Estaduais 2026";"04/10/2026";"SP";"SP";"SÃO PAULO";250002534150;6;45;"Aplicação de renda fixa (CDB, RDB e outros)";"SALDO EM APLICAÇÃO DE RENDA FIXA";"1402,35";"31/07/2026";"18:13:08"
"03/08/2026";"16:31:03";2026;2;"Eleição Ordinária";6259;"Eleições Gerais Estaduais 2026";"04/10/2026";"SP";"SP";"SÃO PAULO";250002534150;5;17;"Benfeitorias";"CHACARA BAIRRO PAU DE SAIA";"130000,00";"31/07/2026";"18:13:08"
"03/08/2026";"16:31:03";2026;2;"Eleição Ordinária";6259;"Eleições Gerais Estaduais 2026";"04/10/2026";"SP";"SP";"SÃO PAULO";250002534150;4;13;"Terreno";"TERRENO VILA SÃO BENTO";"89197,75";"31/07/2026";"18:13:08"
"03/08/2026";"16:31:03";2026;2;"Eleição Ordinária";6259;"Eleições Gerais Estaduais 2026";"04/10/2026";"SP";"SP";"SÃO PAULO";250002534150;7;12;"Casa";"IMOVEL RESIDENCIAL BAIRRO SATELITE";"32062,25";"31/07/2026";"18:13:08"
"03/08/2026";"16:31:03";2026;2;"Eleição Ordinária";6259;"Eleições Gerais Estaduais 2026";"04/10/2026";"SP";"SP";"SÃO PAULO";250002534150;8;12;"Casa";"IMOVEL COMERCIAL VILA SAO BENTO";"54173,86";"31/07/2026";"18:13:08"
"03/08/2026";"16:31:03";2026;2;"Eleição Ordinária";6259;"Eleições Gerais Estaduais 2026";"04/10/2026";"SP";"SP";"SÃO PAULO";250002534150;9;41;"Caderneta de poupança";"POUPANÇA";"201,63";"31/07/2026";"18:13:08"
"03/08/2026";"16:31:03";2026;2;"Eleição Ordinária";6259;"Eleições Gerais Estaduais 2026";"04/10/2026";"SP";"SP";"SÃO PAULO";250002534150;10;73;"Fundo de Investimento Imobiliário";"FII JUNTO AO SANTANDER";"650284,47";"31/07/2026";"18:13:08"
"03/08/2026";"16:31:03";2026;2;"Eleição Ordinária";6259;"Eleições Gerais Estaduais 2026";"04/10/2026";"SP";"SP";"SÃO PAULO";250002534151;1;11;"Apartamento";"APARTAMENTO FINANCIADO";"700000,00";"31/07/2026";"18:12:42"
"03/08/2026";"16:31:03";2026;2;"Eleição Ordinária";6259;"Eleições Gerais Estaduais 2026";"04/10/2026";"SP";"SP";"SÃO PAULO";250002534150;11;13;"Terreno";"RURAL BAIRRO FREITAS";"120000,00";"31/07/2026";"18:13:08"
"03/08/2026";"16:31:03";2026;2;"Eleição Ordinária";6259;"Eleições Gerais Estaduais 2026";"04/10/2026";"SP";"SP";"SÃO PAULO";250002534154;1;21;"Veículo automotor terrestre: caminhão, automóvel, moto, etc.";"AUTOMOVEL";"20000,00";"31/07/2026";"18:13:12"
"03/08/2026";"16:31:03";2026;2;"Eleição Ordinária";6259;"Eleições Gerais Estaduais 2026";"04/10/2026";"SP";"SP";"SÃO PAULO";250002534154;2;12;"Casa";"IMOVEL RESIDENCIAL";"70000,00";"31/07/2026";"18:13:12"
"03/08/2026";"16:31:03";2026;2;"Eleição Ordinária";6259;"Eleições Gerais Estaduais 2026";"04/10/2026";"SP";"SP";"SÃO PAULO";250002534153;1;61;"Depósito bancário em conta corrente no País";"SALDO BANCÁRIO";"25000,00";"31/07/2026";"18:12:45"
"03/08/2026";"16:31:03";2026;2;"Eleição Ordinária";6259;"Eleições Gerais Estaduais 2026";"04/10/2026";"SP";"SP";"SÃO PAULO";250002534154;4;12;"Casa";"1/2 IMOVEL RESIDENCIAL";"100000,00";"31/07/2026";"18:13:12"
"03/08/2026";"16:31:03";2026;2;"Eleição Ordinária";6259;"Eleições Gerais Estaduais 2026";"04/10/2026";"SP";"SP";"SÃO PAULO";250002534154;5;21;"Veículo automotor terrestre: caminhão, automóvel, moto, etc.";"MOTOCICLETA";"4000,00";"31/07/2026";"18:13:12"
"03/08/2026";"16:31:03";2026;2;"Eleição Ordinária";6259;"Eleições Gerais Estaduais 2026";"04/10/2026";"SP";"SP";"SÃO PAULO";250002534154;3;19;"Outros bens imóveis";"FINANCIAMENTO IMOBILIARIO";"8958,39";"31/07/2026";"18:13:12"
"03/08/2026";"16:31:03";2026;2;"Eleição Ordinária";6259;"Eleições Gerais Estaduais 2026";"04/10/2026";"SP";"SP";"SÃO PAULO";250002534158;1;32;"Quotas ou quinhões de capital";"QUOTAS CAPITAL EMPRESA ACADEMIA DO DESPERTAR DA CONCIENCIA S/S LTDA";"10000,00";"31/07/2026";"18:12:43"
"03/08/2026";"16:31:03";2026;2;"Eleição Ordinária";6259;"Eleições Gerais Estaduais 2026";"04/10/2026";"SP";"SP";"SÃO PAULO";250002534155;1;61;"Depósito bancário em conta corrente no País";"SALDO BANCÁRIO";"2680,46";"31/07/2026";"18:12:51"
"03/08/2026";"16:31:03";2026;2;"Eleição Ordinária";6259;"Eleições Gerais Estaduais 2026";"04/10/2026";"SP";"SP";"SÃO PAULO";250002534156;1;11;"Apartamento";"APARTAMENTO EM SÃO PAULO";"840000,00";"31/07/2026";"18:13:03"
"03/08/2026";"16:31:03";2026;2;"Eleição Ordinária";6259;"Eleições Gerais Estaduais 2026";"04/10/2026";"SP";"SP";"SÃO PAULO";250002534160;1;21;"Veículo automotor terrestre: caminhão, automóvel, moto, etc.";"VOLKSWAGEN T-CROSS COMFORTLINE 200 TSI 1.4 PRATA 2021";"108000,00";"31/07/2026";"18:12:30"
"03/08/2026";"16:31:03";2026;2;"Eleição Ordinária";6259;"Eleições Gerais Estaduais 2026";"04/10/2026";"SP";"SP";"SÃO PAULO";250002534158;2;11;"Apartamento";"APARTAMENTO";"86433,06";"31/07/2026";"18:12:43"
"03/08/2026";"16:31:03";2026;2;"Eleição Ordinária";6259;"Eleições Gerais Estaduais 2026";"04/10/2026";"SP";"SP";"SÃO PAULO";250002534160;2;11;"Apartamento";"HM INTENSE - HORTOLANDIA-SP";"350000,00";"31/07/2026";"18:12:30"
"03/08/2026";"16:31:03";2026;2;"Eleição Ordinária";6259;"Eleições Gerais Estaduais 2026";"04/10/2026";"SP";"SP";"SÃO PAULO";250002534160;4;21;"Veículo automotor terrestre: caminhão, automóvel, moto, etc.";"CHEVROLET PRISMA SED. JOY/LS 1.0 PRETO 2009";"24959,00";"31/07/2026";"18:12:30"
"03/08/2026";"16:31:03";2026;2;"Eleição Ordinária";6259;"Eleições Gerais Estaduais 2026";"04/10/2026";"SP";"SP";"SÃO PAULO";250002534160;3;21;"Veículo automotor terrestre: caminhão, automóvel, moto, etc.";"MOTOCICLETA YAMAHA NEO AUTOMATIC 125CC CINZA 2023/2024";"13405,00";"31/07/2026";"18:12:30"
"03/08/2026";"16:31:03";2026;2;"Eleição Ordinária";6259;"Eleições Gerais Estaduais 2026";"04/10/2026";"SP";"SP";"SÃO PAULO";250002534161;1;21;"Veículo automotor terrestre: caminhão, automóvel, moto, etc.";"GM BLAZER DLX 1998";"30000,00";"31/07/2026";"18:12:33"
"03/08/2026";"16:31:03";2026;2;"Eleição Ordinária";6259;"Eleições Gerais Estaduais 2026";"04/10/2026";"SP";"SP";"SÃO PAULO";250002534161;4;11;"Apartamento";"RESIDENCIAL CONDOMINIO NATALIE";"401092,14";"31/07/2026";"18:12:33"
"03/08/2026";"16:31:03";2026;2;"Eleição Ordinária";6259;"Eleições Gerais Estaduais 2026";"04/10/2026";"SP";"SP";"SÃO PAULO";250002534161;3;95;"Consórcio não contemplado";"COTAS DE CONSORCIO BRADESCO MOBI LIKE 1.0";"36273,94";"31/07/2026";"18:12:33"
"03/08/2026";"16:31:03";2026;2;"Eleição Ordinária";6259;"Eleições Gerais Estaduais 2026";"04/10/2026";"SP";"SP";"SÃO PAULO";250002534161;2;95;"Consórcio não contemplado";"COTAS DE CONSORCIO ITAU ADM - COTA 897";"92746,24";"31/07/2026";"18:12:33"
"03/08/2026";"16:31:03";2026;2;"Eleição Ordinária";6259;"Eleições Gerais Estaduais 2026";"04/10/2026";"SP";"SP";"SÃO PAULO";250002534161;6;61;"Depósito bancário em conta corrente no País";"CONTA CORRENTE BANCO ITAU";"1,00";"31/07/2026";"18:12:33"
"03/08/2026";"16:31:03";2026;2;"Eleição Ordinária";6259;"Eleições Gerais Estaduais 2026";"04/10/2026";"SP";"SP";"SÃO PAULO";250002534161;5;99;"OUTROS BENS E DIREITOS";"LICENÇA DE TAXI MUNICIPIO DE SÃO PAULO";"50000,00";"31/07/2026";"18:12:33"
"03/08/2026";"16:31:03";2026;2;"Eleição Ordinária";6259;"Eleições Gerais Estaduais 2026";"04/10/2026";"SP";"SP";"SÃO PAULO";250002534161;7;97;"VGBL - Vida Gerador de Benefício Livre";"BANCO BRADESCO VGBL";"34883,34";"31/07/2026";"18:12:33"
"03/08/2026";"16:31:03";2026;2;"Eleição Ordinária";6259;"Eleições Gerais Estaduais 2026";"04/10/2026";"SP";"SP";"SÃO PAULO";250002534161;8;45;"Aplicação de renda fixa (CDB, RDB e outros)";"BANCO BRADESCO APLICAÇÃO";"40654,78";"31/07/2026";"18:12:33"
"03/08/2026";"16:31:03";2026;2;"Eleição Ordinária";6259;"Eleições Gerais Estaduais 2026";"04/10/2026";"SP";"SP";"SÃO PAULO";250002534161;9;11;"Apartamento";"RESIDENCIAL EDIFICIO FELIPE";"97449,83";"31/07/2026";"18:12:33"
"03/08/2026";"16:31:03";2026;2;"Eleição Ordinária";6259;"Eleições Gerais Estaduais 2026";"04/10/2026";"SP";"SP";"SÃO PAULO";250002534161;10;95;"Consórcio não contemplado";"COTAS DE CONSORCIO ITAU ADM COTA 378";"26594,05";"31/07/2026";"18:12:33"
"03/08/2026";"16:31:03";2026;2;"Eleição Ordinária";6259;"Eleições Gerais Estaduais 2026";"04/10/2026";"SP";"SP";"SÃO PAULO";250002534161;11;12;"Casa";"ASSOBRADADA CONDOMINIO ITAPUÃ";"62600,00";"31/07/2026";"18:12:33"
"03/08/2026";"16:31:03";2026;2;"Eleição Ordinária";6259;"Eleições Gerais Estaduais 2026";"04/10/2026";"SP";"SP";"SÃO PAULO";250002534161;13;21;"Veículo automotor terrestre: caminhão, automóvel, moto, etc.";"CHEVROLET SPIN 1.8 MT";"65000,00";"31/07/2026";"18:12:33"
"03/08/2026";"16:31:03";2026;2;"Eleição Ordinária";6259;"Eleições Gerais Estaduais 2026";"04/10/2026";"SP";"SP";"SÃO PAULO";250002534161;12;11;"Apartamento";"RESIDENCIAL CHAMPS DU BAGATELLE";"192796,25";"31/07/2026";"18:12:33"
"03/08/2026";"16:31:03";2026;2;"Eleição Ordinária";6259;"Eleições Gerais Estaduais 2026";"04/10/2026";"SP";"SP";"SÃO PAULO";250002534161;16;12;"Casa";"RURAL CHACARA ESTAÇÃO DE MARACANÃ ATIBAIA-SP";"510000,00";"31/07/2026";"18:12:33"
"03/08/2026";"16:31:03";2026;2;"Eleição Ordinária";6259;"Eleições Gerais Estaduais 2026";"04/10/2026";"SP";"SP";"SÃO PAULO";250002534161;14;61;"Depósito bancário em conta corrente no País";"CONTA CORRENTE CAIXA ECONOMICA";"2674,68";"31/07/2026";"18:12:33"
"03/08/2026";"16:31:03";2026;2;"Eleição Ordinária";6259;"Eleições Gerais Estaduais 2026";"04/10/2026";"SP";"SP";"SÃO PAULO";250002534161;15;61;"Depósito bancário em conta corrente no País";"CAIXA ECONOMICA FEDERAL CC755303135-7";"81931,78";"31/07/2026";"18:12:33"
"03/08/2026";"16:31:03";2026;2;"Eleição Ordinária";6259;"Eleições Gerais Estaduais 2026";"04/10/2026";"SP";"SP";"SÃO PAULO";250002534161;18;21;"Veículo automotor terrestre: caminhão, automóvel, moto, etc.";"MOTO HARLEY DAVIDSON/VRSCDX 2015";"20000,00";"31/07/2026";"18:12:33"
"03/08/2026";"16:31:03";2026;2;"Eleição Ordinária";6259;"Eleições Gerais Estaduais 2026";"04/10/2026";"SP";"SP";"SÃO PAULO";250002534161;17;11;"Apartamento";"RESIDENCIAL EM GUARULHOS-SP";"82754,94";"31/07/2026";"18:12:33"
"03/08/2026";"16:31:03";2026;2;"Eleição Ordinária";6259;"Eleições Gerais Estaduais 2026";"04/10/2026";"SP";"SP";"SÃO PAULO";250002534161;19;61;"Depósito bancário em conta corrente no País";"CONTA CORRENTE BANCO BRADESCO";"1,00";"31/07/2026";"18:12:33"
"03/08/2026";"16:31:03";2026;2;"Eleição Ordinária";6259;"Eleições Gerais Estaduais 2026";"04/10/2026";"SP";"SP";"SÃO PAULO";250002534161;21;21;"Veículo automotor terrestre: caminhão, automóvel, moto, etc.";"LR EVOQUE HSE DYN 2016";"280005,84";"31/07/2026";"18:12:33"
"03/08/2026";"16:31:03";2026;2;"Eleição Ordinária";6259;"Eleições Gerais Estaduais 2026";"04/10/2026";"SP";"SP";"SÃO PAULO";250002534161;20;73;"Fundo de Investimento Imobiliário";"CAIXA FI";"14,60";"31/07/2026";"18:12:33"
"03/08/2026";"16:31:03";2026;2;"Eleição Ordinária";6259;"Eleições Gerais Estaduais 2026";"04/10/2026";"SP";"SP";"SÃO PAULO";250002534162;1;61;"Depósito bancário em conta corrente no País";"SALDO BANCÁRIO";"20000,00";"31/07/2026";"18:12:41"
"03/08/2026";"16:31:03";2026;2;"Eleição Ordinária";6259;"Eleições Gerais Estaduais 2026";"04/10/2026";"SP";"SP";"SÃO PAULO";250002534164;1;21;"Veículo automotor terrestre: caminhão, automóvel, moto, etc.";"AUTOMOVEL NISSAN LIVINA 2011";"33000,00";"31/07/2026";"18:13:11"
"03/08/2026";"16:31:03";2026;2;"Eleição Ordinária";6259;"Eleições Gerais Estaduais 2026";"04/10/2026";"SP";"SP";"SÃO PAULO";250002534164;2;61;"Depósito bancário em conta corrente no País";"SALDO EM CONTA";"226,00";"31/07/2026";"18:13:11"
"03/08/2026";"16:31:03";2026;2;"Eleição Ordinária";6259;"Eleições Gerais Estaduais 2026";"04/10/2026";"SP";"SP";"SÃO PAULO";250002534163;1;13;"Terreno";"TERRENO";"50000,00";"31/07/2026";"18:12:55"
"03/08/2026";"16:31:03";2026;2;"Eleição Ordinária";6259;"Eleições Gerais Estaduais 2026";"04/10/2026";"SP";"SP";"SÃO PAULO";250002534165;1;12;"Casa";"CASA";"1500000,00";"31/07/2026";"18:12:51"
"03/08/2026";"16:31:03";2026;2;"Eleição Ordinária";6259;"Eleições Gerais Estaduais 2026";"04/10/2026";"SP";"SP";"SÃO PAULO";250002534165;2;12;"Casa";"CASA";"550000,00";"31/07/2026";"18:12:51"
"03/08/2026";"16:31:03";2026;2;"Eleição Ordinária";6259;"Eleições Gerais Estaduais 2026";"04/10/2026";"SP";"SP";"SÃO PAULO";250002534165;3;21;"Veículo automotor terrestre: caminhão, automóvel, moto, etc.";"MOTO";"13500,00";"31/07/2026";"18:12:51"
"03/08/2026";"16:31:03";2026;2;"Eleição Ordinária";6259;"Eleições Gerais Estaduais 2026";"04/10/2026";"SP";"SP";"SÃO PAULO";250002534166;1;21;"Veículo automotor terrestre: caminhão, automóvel, moto, etc.";"MOTO";"5000,00";"31/07/2026";"18:13:05"
"03/08/2026";"16:31:03";2026;2;"Eleição Ordinária";6259;"Eleições Gerais Estaduais 2026";"04/10/2026";"SP";"SP";"SÃO PAULO";250002534166;2;12;"Casa";"CASA";"150000,00";"31/07/2026";"18:13:05"
"03/08/2026";"16:31:03";2026;2;"Eleição Ordinária";6259;"Eleições Gerais Estaduais 2026";"04/10/2026";"SP";"SP";"SÃO PAULO";250002534167;1;21;"Veículo automotor terrestre: caminhão, automóvel, moto, etc.";"VEICULO FIAT GRAN SIENA 2018";"43372,00";"31/07/2026";"18:13:06"
"03/08/2026";"16:31:03";2026;2;"Eleição Ordinária";6259;"Eleições Gerais Estaduais 2026";"04/10/2026";"SP";"SP";"SÃO PAULO";250002534168;2;21;"Veículo automotor terrestre: caminhão, automóvel, moto, etc.";"VEICULO PEUGEOT";"38000,00";"31/07/2026";"18:12:29"
"03/08/2026";"16:31:03";2026;2;"Eleição Ordinária";6259;"Eleições Gerais Estaduais 2026";"04/10/2026";"SP";"SP";"SÃO PAULO";250002534168;3;45;"Aplicação de renda fixa (CDB, RDB e outros)";"APLICAÇÃO SANTANDER";"16333,00";"31/07/2026";"18:12:29"
"03/08/2026";"16:31:03";2026;2;"Eleição Ordinária";6259;"Eleições Gerais Estaduais 2026";"04/10/2026";"SP";"SP";"SÃO PAULO";250002534168;1;45;"Aplicação de renda fixa (CDB, RDB e outros)";"PREVIDENCIA";"24739,45";"31/07/2026";"18:12:29"
"03/08/2026";"16:31:03";2026;2;"Eleição Ordinária";6259;"Eleições Gerais Estaduais 2026";"04/10/2026";"SP";"SP";"SÃO PAULO";250002534168;6;21;"Veículo automotor terrestre: caminhão, automóvel, moto, etc.";"VEICULO TRACKER";"120000,00";"31/07/2026";"18:12:29"
"03/08/2026";"16:31:03";2026;2;"Eleição Ordinária";6259;"Eleições Gerais Estaduais 2026";"04/10/2026";"SP";"SP";"SÃO PAULO";250002534168;4;45;"Aplicação de renda fixa (CDB, RDB e outros)";"CAPITALIZAÇÃO SANTANDER";"2966,31";"31/07/2026";"18:12:29"
"03/08/2026";"16:31:03";2026;2;"Eleição Ordinária";6259;"Eleições Gerais Estaduais 2026";"04/10/2026";"SP";"SP";"SÃO PAULO";250002534168;5;11;"Apartamento";"APARTAMENTO";"148607,71";"31/07/2026";"18:12:29"
"03/08/2026";"16:31:03";2026;2;"Eleição Ordinária";6259;"Eleições Gerais Estaduais 2026";"04/10/2026";"SP";"SP";"SÃO PAULO";250002534168;7;41;"Caderneta de poupança";"POUPANÇA CAIXA ECONOMICA FEDERAL";"147000,00";"31/07/2026";"18:12:29"
"03/08/2026";"16:31:03";2026;2;"Eleição Ordinária";6259;"Eleições Gerais Estaduais 2026";"04/10/2026";"SP";"SP";"SÃO PAULO";250002534168;8;41;"Caderneta de poupança";"POUPANÇA SANTANDER";"1700,00";"31/07/2026";"18:12:29"
"03/08/2026";"16:31:03";2026;2;"Eleição Ordinária";6259;"Eleições Gerais Estaduais 2026";"04/10/2026";"SP";"SP";"SÃO PAULO";250002534168;9;45;"Aplicação de renda fixa (CDB, RDB e outros)";"APLICAÇÃO BANCO DO BRASIL";"1845,79";"31/07/2026";"18:12:29"
"03/08/2026";"16:31:03";2026;2;"Eleição Ordinária";6259;"Eleições Gerais Estaduais 2026";"04/10/2026";"SP";"SP";"SÃO PAULO";250002534169;3;32;"Quotas ou quinhões de capital";"PARTICIPAÇÃO NA SOCIEDADE VBX EMPREENDIMENTOS";"1800,00";"31/07/2026";"18:12:30"
"03/08/2026";"16:31:03";2026;2;"Eleição Ordinária";6259;"Eleições Gerais Estaduais 2026";"04/10/2026";"SP";"SP";"SÃO PAULO";250002534169;1;13;"Terreno";"TERRENO URBANO SEM BENFEITORIAS EM JALES";"35360,00";"31/07/2026";"18:12:30"
"03/08/2026";"16:31:03";2026;2;"Eleição Ordinária";6259;"Eleições Gerais Estaduais 2026";"04/10/2026";"SP";"SP";"SÃO PAULO";250002534169;2;13;"Terreno";"TERRENO URBANO SEM BENFEITORIAS EM JALES";"172836,00";"31/07/2026";"18:12:30"
"03/08/2026";"16:31:03";2026;2;"Eleição Ordinária";6259;"Eleições Gerais Estaduais 2026";"04/10/2026";"SP";"SP";"SÃO PAULO";250002534169;5;12;"Casa";"IMOVEL RESIDENCIAL EM JALES";"329118,16";"31/07/2026";"18:12:30"
"03/08/2026";"16:31:03";2026;2;"Eleição Ordinária";6259;"Eleições Gerais Estaduais 2026";"04/10/2026";"SP";"SP";"SÃO PAULO";250002534169;4;32;"Quotas ou quinhões de capital";"PARTICIPAÇÃO NA SOCIEDADE ARIZONA LOTES EMPREENDIMENTOS IMOBILIARIOS LTDA";"25000,00";"31/07/2026";"18:12:30"
"03/08/2026";"16:31:03";2026;2;"Eleição Ordinária";6259;"Eleições Gerais Estaduais 2026";"04/10/2026";"SP";"SP";"SÃO PAULO";250002534169;6;13;"Terreno";"TERRENO URBANO SEM BENFEITORIAS EM JALES";"40000,00";"31/07/2026";"18:12:30"
"03/08/2026";"16:31:03";2026;2;"Eleição Ordinária";6259;"Eleições Gerais Estaduais 2026";"04/10/2026";"SP";"SP";"SÃO PAULO";250002534169;7;32;"Quotas ou quinhões de capital";"PARTICIPAÇÃO NA SOCIEDADE B.V.L.X. EMPREENDIMENTOS IMOBILIARIOS LTDA";"10000,00";"31/07/2026";"18:12:30"
"03/08/2026";"16:31:03";2026;2;"Eleição Ordinária";6259;"Eleições Gerais Estaduais 2026";"04/10/2026";"SP";"SP";"SÃO PAULO";250002534170;2;21;"Veículo automotor terrestre: caminhão, automóvel, moto, etc.";"TRACKER 2018";"90000,00";"31/07/2026";"18:13:12"
"03/08/2026";"16:31:03";2026;2;"Eleição Ordinária";6259;"Eleições Gerais Estaduais 2026";"04/10/2026";"SP";"SP";"SÃO PAULO";250002534170;1;11;"Apartamento";"SÃO JOSÉ DOS CAMPOS";"1200000,00";"31/07/2026";"18:13:12"
"03/08/2026";"16:31:03";2026;2;"Eleição Ordinária";6259;"Eleições Gerais Estaduais 2026";"04/10/2026";"SP";"SP";"SÃO PAULO";250002534170;3;12;"Casa";"SÃO JOSÉ DOS CAMPOS";"800000,00";"31/07/2026";"18:13:12"
"03/08/2026";"16:31:03";2026;2;"Eleição Ordinária";6259;"Eleições Gerais Estaduais 2026";"04/10/2026";"SP";"SP";"SÃO PAULO";250002534170;4;21;"Veículo automotor terrestre: caminhão, automóvel, moto, etc.";"ETIOS 2023";"40000,00";"31/07/2026";"18:13:12"
"03/08/2026";"16:31:03";2026;2;"Eleição Ordinária";6259;"Eleições Gerais Estaduais 2026";"04/10/2026";"SP";"SP";"SÃO PAULO";250002534170;5;15;"Sala ou conjunto";"SÃO JOSE DOS CAMPOS";"200000,00";"31/07/2026";"18:13:12"
"03/08/2026";"16:31:03";2026;2;"Eleição Ordinária";6259;"Eleições Gerais Estaduais 2026";"04/10/2026";"SP";"SP";"SÃO PAULO";250002534171;1;21;"Veículo automotor terrestre: caminhão, automóvel, moto, etc.";"GWM HAVAL H6 19 1.5 2025";"201250,00";"31/07/2026";"18:12:36"
"03/08/2026";"16:31:03";2026;2;"Eleição Ordinária";6259;"Eleições Gerais Estaduais 2026";"04/10/2026";"SP";"SP";"SÃO PAULO";250002534172;1;12;"Casa";"CASA";"500000,00";"31/07/2026";"18:12:28"
"03/08/2026";"16:31:03";2026;2;"Eleição Ordinária";6259;"Eleições Gerais Estaduais 2026";"04/10/2026";"SP";"SP";"SÃO PAULO";250002534172;2;13;"Terreno";"LOTE";"150000,00";"31/07/2026";"18:12:28"
"03/08/2026";"16:31:03";2026;2;"Eleição Ordinária";6259;"Eleições Gerais Estaduais 2026";"04/10/2026";"SP";"SP";"SÃO PAULO";250002534175;1;1;"Prédio residencial";"GALPÃO INDUSTRIAL EM CAJAMAR";"22207,08";"31/07/2026";"18:12:26"
"03/08/2026";"16:31:03";2026;2;"Eleição Ordinária";6259;"Eleições Gerais Estaduais 2026";"04/10/2026";"SP";"SP";"SÃO PAULO";250002534175;2;21;"Veículo automotor terrestre: caminhão, automóvel, moto, etc.";"VEICULO HONDA HRV";"72000,00";"31/07/2026";"18:12:26"
"03/08/2026";"16:31:03";2026;2;"Eleição Ordinária";6259;"Eleições Gerais Estaduais 2026";"04/10/2026";"SP";"SP";"SÃO PAULO";250002534175;3;19;"Outros bens imóveis";"1/4 DE TERRENO DE 4,5 HA EM QUADRA - SP";"3642,68";"31/07/2026";"18:12:26"
"03/08/2026";"16:31:03";2026;2;"Eleição Ordinária";6259;"Eleições Gerais Estaduais 2026";"04/10/2026";"SP";"SP";"SÃO PAULO";250002534175;4;32;"Quotas ou quinhões de capital";"50% DAS QUOTAS DE CAPITAL DA EMPRESA GR IND E COM DE ARTEF MET";"8695,01";"31/07/2026";"18:12:26"
"03/08/2026";"16:31:03";2026;2;"Eleição Ordinária";6259;"Eleições Gerais Estaduais 2026";"04/10/2026";"SP";"SP";"SÃO PAULO";250002534176;2;12;"Casa";"IMOVEL EM SÃO JOSÉ DOS CAMPOS";"220000,00";"31/07/2026";"18:12:47"
"03/08/2026";"16:31:03";2026;2;"Eleição Ordinária";6259;"Eleições Gerais Estaduais 2026";"04/10/2026";"SP";"SP";"SÃO PAULO";250002534176;1;61;"Depósito bancário em conta corrente no País";"SALDO BANCO SANTANDER";"291,55";"31/07/2026";"18:12:47"
"03/08/2026";"16:31:03";2026;2;"Eleição Ordinária";6259;"Eleições Gerais Estaduais 2026";"04/10/2026";"SP";"SP";"SÃO PAULO";250002534177;1;12;"Casa";"CASA";"70000,00";"31/07/2026";"18:12:38"
"03/08/2026";"16:31:03";2026;2;"Eleição Ordinária";6259;"Eleições Gerais Estaduais 2026";"04/10/2026";"SP";"SP";"SÃO PAULO";250002534178;1;11;"Apartamento";"APARTAMENTO EM MAUA";"163540,00";"31/07/2026";"18:12:58"
"03/08/2026";"16:31:03";2026;2;"Eleição Ordinária";6259;"Eleições Gerais Estaduais 2026";"04/10/2026";"SP";"SP";"SÃO PAULO";250002534178;2;11;"Apartamento";"APARTAMENTO EM SANTO ANDRÉ";"732500,00";"31/07/2026";"18:12:58"
"03/08/2026";"16:31:03";2026;2;"Eleição Ordinária";6259;"Eleições Gerais Estaduais 2026";"04/10/2026";"SP";"SP";"SÃO PAULO";250002534178;5;45;"Aplicação de renda fixa (CDB, RDB e outros)";"BANCO BRADESCO S.A. PREMIOS ACUMULADOS EM VGBL";"90000,00";"31/07/2026";"18:12:58"
"03/08/2026";"16:31:03";2026;2;"Eleição Ordinária";6259;"Eleições Gerais Estaduais 2026";"04/10/2026";"SP";"SP";"SÃO PAULO";250002534178;3;45;"Aplicação de renda fixa (CDB, RDB e outros)";"BRASILPREV SEGUROS E PREVIDENCIA VGBL";"3170,13";"31/07/2026";"18:12:58"
"03/08/2026";"16:31:03";2026;2;"Eleição Ordinária";6259;"Eleições Gerais Estaduais 2026";"04/10/2026";"SP";"SP";"SÃO PAULO";250002534178;4;61;"Depósito bancário em conta corrente no País";"DEPOSITO BANCARIO EM CONTA CORREITE JUNTO AO BANCO BRADESCO";"61036,32";"31/07/2026";"18:12:58"
"03/08/2026";"16:31:03";2026;2;"Eleição Ordinária";6259;"Eleições Gerais Estaduais 2026";"04/10/2026";"SP";"SP";"SÃO PAULO";250002534178;6;41;"Caderneta de poupança";"POUPANÇA OURO BANCO DO BRASIL";"740,12";"31/07/2026";"18:12:58"
"03/08/2026";"16:31:03";2026;2;"Eleição Ordinária";6259;"Eleições Gerais Estaduais 2026";"04/10/2026";"SP";"SP";"SÃO PAULO";250002534178;8;41;"Caderneta de poupança";"CONTA POUPANÇA JUNTO AO BANCO DO BRASIL";"187,16";"31/07/2026";"18:12:58"
"03/08/2026";"16:31:03";2026;2;"Eleição Ordinária";6259;"Eleições Gerais Estaduais 2026";"04/10/2026";"SP";"SP";"SÃO PAULO";250002534178;7;45;"Aplicação de renda fixa (CDB, RDB e outros)";"BANCO DO BRASIL OUROCAP";"122,76";"31/07/2026";"18:12:58"
"03/08/2026";"16:31:03";2026;2;"Eleição Ordinária";6259;"Eleições Gerais Estaduais 2026";"04/10/2026";"SP";"SP";"SÃO PAULO";250002534179;1;45;"Aplicação de renda fixa (CDB, RDB e outros)";"APLICAÇÃO OUROCAP BANCO DO BRASIL";"3505,10";"31/07/2026";"18:12:59"
"03/08/2026";"16:31:03";2026;2;"Eleição Ordinária";6259;"Eleições Gerais Estaduais 2026";"04/10/2026";"SP";"SP";"SÃO PAULO";250002534178;9;61;"Depósito bancário em conta corrente no País";"CONTA CORRENTE BANCO DO BRASIL";"181,61";"31/07/2026";"18:12:58"
"03/08/2026";"16:31:03";2026;2;"Eleição Ordinária";6259;"Eleições Gerais Estaduais 2026";"04/10/2026";"SP";"SP";"SÃO PAULO";250002534179;2;13;"Terreno";"50% DE UM TERRENO";"60000,00";"31/07/2026";"18:12:59"
"03/08/2026";"16:31:03";2026;2;"Eleição Ordinária";6259;"Eleições Gerais Estaduais 2026";"04/10/2026";"SP";"SP";"SÃO PAULO";250002534179;5;32;"Quotas ou quinhões de capital";"50% DAS QUOTAS MATERIAIS P/ CONSTRUCAO JARDIM CLARICE LTDA.";"25000,00";"31/07/2026";"18:12:59"
"03/08/2026";"16:31:03";2026;2;"Eleição Ordinária";6259;"Eleições Gerais Estaduais 2026";"04/10/2026";"SP";"SP";"SÃO PAULO";250002534179;4;13;"Terreno";"TERRENO EM VOTORANTIM";"250000,00";"31/07/2026";"18:12:59"
"03/08/2026";"16:31:03";2026;2;"Eleição Ordinária";6259;"Eleições Gerais Estaduais 2026";"04/10/2026";"SP";"SP";"SÃO PAULO";250002534179;3;19;"Outros bens imóveis";"TERRENO RURAL EM PIEDADE";"80000,00";"31/07/2026";"18:12:59"
"03/08/2026";"16:31:03";2026;2;"Eleição Ordinária";6259;"Eleições Gerais Estaduais 2026";"04/10/2026";"SP";"SP";"SÃO PAULO";250002534179;8;32;"Quotas ou quinhões de capital";"50% DAS COTAS DA EMPRESA SAO FRANCISCO PARTICIPACOES E INVESTIMENTOS LTDA";"50000,00";"31/07/2026";"18:12:59"
"03/08/2026";"16:31:03";2026;2;"Eleição Ordinária";6259;"Eleições Gerais Estaduais 2026";"04/10/2026";"SP";"SP";"SÃO PAULO";250002534179;6;32;"Quotas ou quinhões de capital";"50% DAS COTAS DO CAPITAL DA EMPRESA MATERIAIS CLARICE COMERCIO DE PISOS LTDA";"10000,00";"31/07/2026";"18:12:59"
"03/08/2026";"16:31:03";2026;2;"Eleição Ordinária";6259;"Eleições Gerais Estaduais 2026";"04/10/2026";"SP";"SP";"SÃO PAULO";250002534179;7;61;"Depósito bancário em conta corrente no País";"SALDO CONTA CORRENTE BANCO DO BRASIL";"296,31";"31/07/2026";"18:12:59"
"03/08/2026";"16:31:03";2026;2;"Eleição Ordinária";6259;"Eleições Gerais Estaduais 2026";"04/10/2026";"SP";"SP";"SÃO PAULO";250002534180;1;21;"Veículo automotor terrestre: caminhão, automóvel, moto, etc.";"HONDA/BIZ 1101";"12875,00";"31/07/2026";"18:12:49"
"03/08/2026";"16:31:03";2026;2;"Eleição Ordinária";6259;"Eleições Gerais Estaduais 2026";"04/10/2026";"SP";"SP";"SÃO PAULO";250002534181;1;21;"Veículo automotor terrestre: caminhão, automóvel, moto, etc.";"MOTO";"9000,00";"31/07/2026";"18:12:53"
"03/08/2026";"16:31:03";2026;2;"Eleição Ordinária";6259;"Eleições Gerais Estaduais 2026";"04/10/2026";"SP";"SP";"SÃO PAULO";250002534181;2;13;"Terreno";"TERRENO";"50000,00";"31/07/2026";"18:12:53"
"03/08/2026";"16:31:03";2026;2;"Eleição Ordinária";6259;"Eleições Gerais Estaduais 2026";"04/10/2026";"SP";"SP";"SÃO PAULO";250002534182;1;32;"Quotas ou quinhões de capital";"PARTICIPAÇÃO SOCIETÁRIA RARO TRANSPORTES";"500,00";"31/07/2026";"18:13:01"
"03/08/2026";"16:31:03";2026;2;"Eleição Ordinária";6259;"Eleições Gerais Estaduais 2026";"04/10/2026";"SP";"SP";"SÃO PAULO";250002534182;3;32;"Quotas ou quinhões de capital";"PARTICIPAÇÃO SOCIETÁRIA CLÍNICA VET POPULAR CÃO SEM DONO LTDA";"10000,00";"31/07/2026";"18:13:01"
"03/08/2026";"16:31:03";2026;2;"Eleição Ordinária";6259;"Eleições Gerais Estaduais 2026";"04/10/2026";"SP";"SP";"SÃO PAULO";250002534182;2;29;"Outros bens móveis";"JET SKY KAWASAKI ANO 2013";"40000,00";"31/07/2026";"18:13:01"
"03/08/2026";"16:31:03";2026;2;"Eleição Ordinária";6259;"Eleições Gerais Estaduais 2026";"04/10/2026";"SP";"SP";"SÃO PAULO";250002534182;4;21;"Veículo automotor terrestre: caminhão, automóvel, moto, etc.";"V/W T-CROSS TSI, ANO/MODELO 2023";"98000,00";"31/07/2026";"18:13:01"
"03/08/2026";"16:31:03";2026;2;"Eleição Ordinária";6259;"Eleições Gerais Estaduais 2026";"04/10/2026";"SP";"SP";"SÃO PAULO";250002534182;5;32;"Quotas ou quinhões de capital";"PARTICIPAÇÃO SOCIETÁRIA RAFAEL R MIRANDA COMÉRCIO VIRTUAL";"20000,00";"31/07/2026";"18:13:01"
"03/08/2026";"16:31:03";2026;2;"Eleição Ordinária";6259;"Eleições Gerais Estaduais 2026";"04/10/2026";"SP";"SP";"SÃO PAULO";250002534182;6;61;"Depósito bancário em conta corrente no País";"CONTA COFRINHO (PICPAY)";"481,33";"31/07/2026";"18:13:01"
"03/08/2026";"16:31:03";2026;2;"Eleição Ordinária";6259;"Eleições Gerais Estaduais 2026";"04/10/2026";"SP";"SP";"SÃO PAULO";250002534183;1;21;"Veículo automotor terrestre: caminhão, automóvel, moto, etc.";"FORD FIESTA 2012";"21000,00";"31/07/2026";"18:12:25"
"03/08/2026";"16:31:03";2026;2;"Eleição Ordinária";6259;"Eleições Gerais Estaduais 2026";"04/10/2026";"SP";"SP";"SÃO PAULO";250002534182;7;61;"Depósito bancário em conta corrente no País";"SALDO EM CONTA NU FINANCEIRA";"4129,57";"31/07/2026";"18:13:01"
"03/08/2026";"16:31:03";2026;2;"Eleição Ordinária";6259;"Eleições Gerais Estaduais 2026";"04/10/2026";"SP";"SP";"SÃO PAULO";250002534184;1;11;"Apartamento";"IMOVEL RESIDENCIAL";"195000,00";"31/07/2026";"18:13:05"
"03/08/2026";"16:31:03";2026;2;"Eleição Ordinária";6259;"Eleições Gerais Estaduais 2026";"04/10/2026";"SP";"SP";"SÃO PAULO";250002534184;3;21;"Veículo automotor terrestre: caminhão, automóvel, moto, etc.";"JEEP COMPASS BLACK WAWK 2025";"200000,00";"31/07/2026";"18:13:05"
"03/08/2026";"16:31:03";2026;2;"Eleição Ordinária";6259;"Eleições Gerais Estaduais 2026";"04/10/2026";"SP";"SP";"SÃO PAULO";250002534184;2;45;"Aplicação de renda fixa (CDB, RDB e outros)";"RDB/CDB";"236891,83";"31/07/2026";"18:13:05"
"03/08/2026";"16:31:03";2026;2;"Eleição Ordinária";6259;"Eleições Gerais Estaduais 2026";"04/10/2026";"SP";"SP";"SÃO PAULO";250002534185;1;11;"Apartamento";"50% APARTAMENTO PRAIA GRANDE";"88349,78";"31/07/2026";"18:12:26"
"03/08/2026";"16:31:03";2026;2;"Eleição Ordinária";6259;"Eleições Gerais Estaduais 2026";"04/10/2026";"SP";"SP";"SÃO PAULO";250002534185;3;21;"Veículo automotor terrestre: caminhão, automóvel, moto, etc.";"NISSAN KICKS";"80000,00";"31/07/2026";"18:12:26"
"03/08/2026";"16:31:03";2026;2;"Eleição Ordinária";6259;"Eleições Gerais Estaduais 2026";"04/10/2026";"SP";"SP";"SÃO PAULO";250002534185;4;11;"Apartamento";"APARTAMENTO PRAIA GRANDE";"102000,00";"31/07/2026";"18:12:26"
"03/08/2026";"16:31:03";2026;2;"Eleição Ordinária";6259;"Eleições Gerais Estaduais 2026";"04/10/2026";"SP";"SP";"SÃO PAULO";250002534185;2;61;"Depósito bancário em conta corrente no País";"SALDO RDB NUBANK";"961,00";"31/07/2026";"18:12:26"
"03/08/2026";"16:31:03";2026;2;"Eleição Ordinária";6259;"Eleições Gerais Estaduais 2026";"04/10/2026";"SP";"SP";"SÃO PAULO";250002534185;5;12;"Casa";"50% CASA EM SÃO PAULO";"686852,50";"31/07/2026";"18:12:26"
"03/08/2026";"16:31:03";2026;2;"Eleição Ordinária";6259;"Eleições Gerais Estaduais 2026";"04/10/2026";"SP";"SP";"SÃO PAULO";250002534185;6;12;"Casa";"50% CASA EM SÃO PAULO";"500580,00";"31/07/2026";"18:12:26"
"03/08/2026";"16:31:03";2026;2;"Eleição Ordinária";6259;"Eleições Gerais Estaduais 2026";"04/10/2026";"SP";"SP";"SÃO PAULO";250002534187;1;32;"Quotas ou quinhões de capital";"105.000 QUOTAS DA ÉMPRÉSA B B PRÉSTACOÉS DÉ SÉRVICOS MÉDICOS LTDA";"105000,00";"31/07/2026";"18:12:41"
"03/08/2026";"16:31:03";2026;2;"Eleição Ordinária";6259;"Eleições Gerais Estaduais 2026";"04/10/2026";"SP";"SP";"SÃO PAULO";250002534187;4;32;"Quotas ou quinhões de capital";"400.000 QUOTAS DA ÉMPRÉSA J.A. COMÉRCIO DÉ MATÉRIAIS CIRURGICOS LTDA";"400000,00";"31/07/2026";"18:12:41"
"03/08/2026";"16:31:03";2026;2;"Eleição Ordinária";6259;"Eleições Gerais Estaduais 2026";"04/10/2026";"SP";"SP";"SÃO PAULO";250002534187;3;2;"Prédio comercial";"SALA COMERCIAL";"163000,00";"31/07/2026";"18:12:41"
"03/08/2026";"16:31:03";2026;2;"Eleição Ordinária";6259;"Eleições Gerais Estaduais 2026";"04/10/2026";"SP";"SP";"SÃO PAULO";250002534187;2;11;"Apartamento";"APARTAMENTO UNIDADE 182";"1000000,00";"31/07/2026";"18:12:41"
"03/08/2026";"16:31:03";2026;2;"Eleição Ordinária";6259;"Eleições Gerais Estaduais 2026";"04/10/2026";"SP";"SP";"SÃO PAULO";250002534196;2;21;"Veículo automotor terrestre: caminhão, automóvel, moto, etc.";"BMW";"131000,00";"30/07/2026";"18:43:38"
"03/08/2026";"16:31:03";2026;2;"Eleição Ordinária";6259;"Eleições Gerais Estaduais 2026";"04/10/2026";"SP";"SP";"SÃO PAULO";250002534196;3;11;"Apartamento";"68²M ¿ SÃO PAULO -FINANCIADO";"610000,00";"30/07/2026";"18:43:38"
"03/08/2026";"16:31:03";2026;2;"Eleição Ordinária";6259;"Eleições Gerais Estaduais 2026";"04/10/2026";"SP";"SP";"SÃO PAULO";250002534196;1;39;"Outras participações societárias";"PARTICIPAÇÃO E SOCIEDADE UNIPESSOAL";"86125,61";"30/07/2026";"18:43:38"
"03/08/2026";"16:31:03";2026;2;"Eleição Ordinária";6259;"Eleições Gerais Estaduais 2026";"04/10/2026";"SP";"SP";"SÃO PAULO";250002534196;4;21;"Veículo automotor terrestre: caminhão, automóvel, moto, etc.";"VOLVO";"65000,00";"30/07/2026";"18:43:38"
"03/08/2026";"16:31:03";2026;2;"Eleição Ordinária";6259;"Eleições Gerais Estaduais 2026";"04/10/2026";"SP";"SP";"SÃO PAULO";250002534197;1;21;"Veículo automotor terrestre: caminhão, automóvel, moto, etc.";"CHEVROLET ONIX 2023/2024";"70000,00";"30/07/2026";"18:43:53"
"03/08/2026";"16:31:03";2026;2;"Eleição Ordinária";6259;"Eleições Gerais Estaduais 2026";"04/10/2026";"SP";"SP";"SÃO PAULO";250002534197;2;21;"Veículo automotor terrestre: caminhão, automóvel, moto, etc.";"FIAT FASTBACK 2024";"110000,00";"30/07/2026";"18:43:53"
"03/08/2026";"16:31:03";2026;2;"Eleição Ordinária";6259;"Eleições Gerais Estaduais 2026";"04/10/2026";"SP";"SP";"SÃO PAULO";250002534199;3;12;"Casa";"IMOVEL RESIDENCIAL";"200000,00";"30/07/2026";"18:43:38"
"03/08/2026";"16:31:03";2026;2;"Eleição Ordinária";6259;"Eleições Gerais Estaduais 2026";"04/10/2026";"SP";"SP";"SÃO PAULO";250002534199;2;21;"Veículo automotor terrestre: caminhão, automóvel, moto, etc.";"RENAULT LOGAN 2007";"20000,00";"30/07/2026";"18:43:38"
"03/08/2026";"16:31:03";2026;2;"Eleição Ordinária";6259;"Eleições Gerais Estaduais 2026";"04/10/2026";"SP";"SP";"SÃO PAULO";250002534199;1;12;"Casa";"IMOVEL RESIDENCIAL";"400000,00";"30/07/2026";"18:43:38"
"03/08/2026";"16:31:03";2026;2;"Eleição Ordinária";6259;"Eleições Gerais Estaduais 2026";"04/10/2026";"SP";"SP";"SÃO PAULO";250002534200;1;21;"Veículo automotor terrestre: caminhão, automóvel, moto, etc.";"RENAULT DUSTER 2015";"51000,00";"30/07/2026";"18:44:02"
"03/08/2026";"16:31:03";2026;2;"Eleição Ordinária";6259;"Eleições Gerais Estaduais 2026";"04/10/2026";"SP";"SP";"SÃO PAULO";250002534202;1;12;"Casa";"CASA CONSTRUÍDA EM LOTE DE 330M2 EM ITU-SP";"500000,00";"03/08/2026";"15:56:43"
"03/08/2026";"16:31:03";2026;2;"Eleição Ordinária";6259;"Eleições Gerais Estaduais 2026";"04/10/2026";"SP";"SP";"SÃO PAULO";250002534202;2;21;"Veículo automotor terrestre: caminhão, automóvel, moto, etc.";"PRISMA JOY 1.0, CINZA, ANO 2019, MODELO 2019, FLEX.";"50990,00";"03/08/2026";"15:56:43"
"03/08/2026";"16:31:03";2026;2;"Eleição Ordinária";6259;"Eleições Gerais Estaduais 2026";"04/10/2026";"SP";"SP";"SÃO PAULO";250002534202;3;12;"Casa";"CASA DE 130M2 EM ITU-SP";"300000,00";"03/08/2026";"15:56:43"
"03/08/2026";"16:31:03";2026;2;"Eleição Ordinária";6259;"Eleições Gerais Estaduais 2026";"04/10/2026";"SP";"SP";"SÃO PAULO";250002534204;1;12;"Casa";"CASA VILA ANTONIETA, LENÇÓIS PAULISTA 116800,00";"116800,00";"30/07/2026";"18:43:38"
"03/08/2026";"16:31:03";2026;2;"Eleição Ordinária";6259;"Eleições Gerais Estaduais 2026";"04/10/2026";"SP";"SP";"SÃO PAULO";250002534204;2;11;"Apartamento";"APARTAMENTO LENÇÓIS PAULISTA";"250000,00";"30/07/2026";"18:43:38"
"03/08/2026";"16:31:03";2026;2;"Eleição Ordinária";6259;"Eleições Gerais Estaduais 2026";"04/10/2026";"SP";"SP";"SÃO PAULO";250002534204;3;21;"Veículo automotor terrestre: caminhão, automóvel, moto, etc.";"VEÍCULO CHEVROLET TRACKER T A LTZ 2024/2025";"159140,00";"30/07/2026";"18:43:38"
"03/08/2026";"16:31:03";2026;2;"Eleição Ordinária";6259;"Eleições Gerais Estaduais 2026";"04/10/2026";"SP";"SP";"SÃO PAULO";250002534204;4;32;"Quotas ou quinhões de capital";"QUOTAS DE CAPITAL NA EMPRESA PAX SOLUÇÕS COMERCIAS LTDA.";"10000,00";"30/07/2026";"18:43:38"
"03/08/2026";"16:31:03";2026;2;"Eleição Ordinária";6259;"Eleições Gerais Estaduais 2026";"04/10/2026";"SP";"SP";"SÃO PAULO";250002534204;5;45;"Aplicação de renda fixa (CDB, RDB e outros)";"LCA BANCO DO BRASIL";"89845,15";"30/07/2026";"18:43:38"
"03/08/2026";"16:31:03";2026;2;"Eleição Ordinária";6259;"Eleições Gerais Estaduais 2026";"04/10/2026";"SP";"SP";"SÃO PAULO";250002534204;8;45;"Aplicação de renda fixa (CDB, RDB e outros)";"CRA ZILOR";"46681,65";"30/07/2026";"18:43:38"
"03/08/2026";"16:31:03";2026;2;"Eleição Ordinária";6259;"Eleições Gerais Estaduais 2026";"04/10/2026";"SP";"SP";"SÃO PAULO";250002534204;6;45;"Aplicação de renda fixa (CDB, RDB e outros)";"BB CDI DI";"112944,00";"30/07/2026";"18:43:38"
"03/08/2026";"16:31:03";2026;2;"Eleição Ordinária";6259;"Eleições Gerais Estaduais 2026";"04/10/2026";"SP";"SP";"SÃO PAULO";250002534204;7;61;"Depósito bancário em conta corrente no País";"CONTA CORRENTE BANCO DO BRASIL";"134305,05";"30/07/2026";"18:43:38"
"03/08/2026";"16:31:03";2026;2;"Eleição Ordinária";6259;"Eleições Gerais Estaduais 2026";"04/10/2026";"SP";"SP";"SÃO PAULO";250002534204;11;12;"Casa";"CASA, LENÇÓIS PAULISTA";"390898,12";"30/07/2026";"18:43:38"
"03/08/2026";"16:31:03";2026;2;"Eleição Ordinária";6259;"Eleições Gerais Estaduais 2026";"04/10/2026";"SP";"SP";"SÃO PAULO";250002534204;9;45;"Aplicação de renda fixa (CDB, RDB e outros)";"CRA ZILOR";"2919,60";"30/07/2026";"18:43:38"
"03/08/2026";"16:31:03";2026;2;"Eleição Ordinária";6259;"Eleições Gerais Estaduais 2026";"04/10/2026";"SP";"SP";"SÃO PAULO";250002534204;10;45;"Aplicação de renda fixa (CDB, RDB e outros)";"CDB PICPAY";"76022,35";"30/07/2026";"18:43:38"
"03/08/2026";"16:31:03";2026;2;"Eleição Ordinária";6259;"Eleições Gerais Estaduais 2026";"04/10/2026";"SP";"SP";"SÃO PAULO";250002534204;13;45;"Aplicação de renda fixa (CDB, RDB e outros)";"CDB AGIBANK";"110130,03";"30/07/2026";"18:43:38"
"03/08/2026";"16:31:03";2026;2;"Eleição Ordinária";6259;"Eleições Gerais Estaduais 2026";"04/10/2026";"SP";"SP";"SÃO PAULO";250002534204;14;45;"Aplicação de renda fixa (CDB, RDB e outros)";"NTN -B PRINCIPAL TESOURO NACIONAL";"88607,96";"30/07/2026";"18:43:38"
"03/08/2026";"16:31:03";2026;2;"Eleição Ordinária";6259;"Eleições Gerais Estaduais 2026";"04/10/2026";"SP";"SP";"SÃO PAULO";250002534204;12;79;"Outros fundos";"RF SIMPLES CASHBACK";"52,25";"30/07/2026";"18:43:38"
"03/08/2026";"16:31:03";2026;2;"Eleição Ordinária";6259;"Eleições Gerais Estaduais 2026";"04/10/2026";"SP";"SP";"SÃO PAULO";250002534204;15;45;"Aplicação de renda fixa (CDB, RDB e outros)";"LTN TESOURO DIREITO";"10797,64";"30/07/2026";"18:43:38"
"03/08/2026";"16:31:03";2026;2;"Eleição Ordinária";6259;"Eleições Gerais Estaduais 2026";"04/10/2026";"SP";"SP";"SÃO PAULO";250002534204;17;72;"Fundo de Longo Prazo e Fundo de Investimentos em Direitos Creditórios (FIDC)";"TREND DI FIC RF SIMPLES RL 780,80";"780,80";"30/07/2026";"18:43:38"
"03/08/2026";"16:31:03";2026;2;"Eleição Ordinária";6259;"Eleições Gerais Estaduais 2026";"04/10/2026";"SP";"SP";"SÃO PAULO";250002534204;16;49;"Outras aplicações e Investimentos";"GOLD 11";"77506,00";"30/07/2026";"18:43:38"
"03/08/2026";"16:31:03";2026;2;"Eleição Ordinária";6259;"Eleições Gerais Estaduais 2026";"04/10/2026";"SP";"SP";"SÃO PAULO";250002534204;19;45;"Aplicação de renda fixa (CDB, RDB e outros)";"NTN-B TESOURO NACIONAL";"42601,79";"30/07/2026";"18:43:38"
"03/08/2026";"16:31:03";2026;2;"Eleição Ordinária";6259;"Eleições Gerais Estaduais 2026";"04/10/2026";"SP";"SP";"SÃO PAULO";250002534205;1;32;"Quotas ou quinhões de capital";"CAPITAL DA EMPRESA ALUMINOX EQUIPAMENTOS INDUSTRIAIS LTDA - MOCOCA/SP";"90000,00";"30/07/2026";"18:43:47"
"03/08/2026";"16:31:03";2026;2;"Eleição Ordinária";6259;"Eleições Gerais Estaduais 2026";"04/10/2026";"SP";"SP";"SÃO PAULO";250002534204;18;63;"Dinheiro em espécie - moeda nacional";"DINHEIRO EM PODER DO DECLARANTE";"3000,00";"30/07/2026";"18:43:38"
"03/08/2026";"16:31:03";2026;2;"Eleição Ordinária";6259;"Eleições Gerais Estaduais 2026";"04/10/2026";"SP";"SP";"SÃO PAULO";250002534205;3;32;"Quotas ou quinhões de capital";"25% CAPITAL INSTITUTO KINGDOM LDA";"5000,00";"30/07/2026";"18:43:47"
"03/08/2026";"16:31:03";2026;2;"Eleição Ordinária";6259;"Eleições Gerais Estaduais 2026";"04/10/2026";"SP";"SP";"SÃO PAULO";250002534205;4;21;"Veículo automotor terrestre: caminhão, automóvel, moto, etc.";"UM TOYOTA HILUX SWSRXA4FD 2018";"235000,00";"30/07/2026";"18:43:47"
"03/08/2026";"16:31:03";2026;2;"Eleição Ordinária";6259;"Eleições Gerais Estaduais 2026";"04/10/2026";"SP";"SP";"SÃO PAULO";250002534205;2;19;"Outros bens imóveis";"UM IMÓVEL RURAL CHACARA - MOCOCA/SP";"70000,00";"30/07/2026";"18:43:47"
"03/08/2026";"16:31:03";2026;2;"Eleição Ordinária";6259;"Eleições Gerais Estaduais 2026";"04/10/2026";"SP";"SP";"SÃO PAULO";250002534205;7;12;"Casa";"UM IMÓVEL  MOCOCA/SP 1870000,00";"1870000,00";"30/07/2026";"18:43:47"
"03/08/2026";"16:31:03";2026;2;"Eleição Ordinária";6259;"Eleições Gerais Estaduais 2026";"04/10/2026";"SP";"SP";"SÃO PAULO";250002534205;6;21;"Veículo automotor terrestre: caminhão, automóvel, moto, etc.";"HB20 2020 SENSE";"60000,00";"30/07/2026";"18:43:47"
"03/08/2026";"16:31:03";2026;2;"Eleição Ordinária";6259;"Eleições Gerais Estaduais 2026";"04/10/2026";"SP";"SP";"SÃO PAULO";250002534205;5;32;"Quotas ou quinhões de capital";"SICOOB - COTA DE CAPITAL";"19887,01";"30/07/2026";"18:43:47"
"03/08/2026";"16:31:03";2026;2;"Eleição Ordinária";6259;"Eleições Gerais Estaduais 2026";"04/10/2026";"SP";"SP";"SÃO PAULO";250002534207;1;12;"Casa";"CASA EM SÃO PAULO / SP";"106771,35";"30/07/2026";"18:43:38"
"03/08/2026";"16:31:03";2026;2;"Eleição Ordinária";6259;"Eleições Gerais Estaduais 2026";"04/10/2026";"SP";"SP";"SÃO PAULO";250002534207;2;49;"Outras aplicações e Investimentos";"XP";"152076,14";"30/07/2026";"18:43:38"
"03/08/2026";"16:31:03";2026;2;"Eleição Ordinária";6259;"Eleições Gerais Estaduais 2026";"04/10/2026";"SP";"SP";"SÃO PAULO";250002534207;3;49;"Outras aplicações e Investimentos";"OUROCAP";"300,00";"30/07/2026";"18:43:38"
"03/08/2026";"16:31:03";2026;2;"Eleição Ordinária";6259;"Eleições Gerais Estaduais 2026";"04/10/2026";"SP";"SP";"SÃO PAULO";250002534207;4;95;"Consórcio não contemplado";"CONSORCIO PORTO SEGURO";"16280,89";"30/07/2026";"18:43:38"
"03/08/2026";"16:31:03";2026;2;"Eleição Ordinária";6259;"Eleições Gerais Estaduais 2026";"04/10/2026";"SP";"SP";"SÃO PAULO";250002534207;5;95;"Consórcio não contemplado";"ADEMICON ADM CONSORCIO S/A";"4143,60";"30/07/2026";"18:43:38"
"03/08/2026";"16:31:03";2026;2;"Eleição Ordinária";6259;"Eleições Gerais Estaduais 2026";"04/10/2026";"SP";"SP";"SÃO PAULO";250002534207;6;49;"Outras aplicações e Investimentos";"CAPITALIZACAO BBD";"825,90";"30/07/2026";"18:43:38"
"03/08/2026";"16:31:03";2026;2;"Eleição Ordinária";6259;"Eleições Gerais Estaduais 2026";"04/10/2026";"SP";"SP";"SÃO PAULO";250002534207;9;13;"Terreno";"TERRENO EM CALDAS NOVAS / GO";"147015,99";"30/07/2026";"18:43:38"
"03/08/2026";"16:31:03";2026;2;"Eleição Ordinária";6259;"Eleições Gerais Estaduais 2026";"04/10/2026";"SP";"SP";"SÃO PAULO";250002534207;8;13;"Terreno";"TERRENO EM SÃO PAULO / SP ¿ ¿EM JANEIRO DE 2025, TEVE INÍCIO DE UMA OBRA NO TERRENO, E ESTÁ EM ANDAMENTO, SENDO GASTOS EM 2025 R$ 218.436,75 COM MATERIAL DE CONSTRUCAO E MAO DE OBRA ";"421163,87";"30/07/2026";"18:43:38"
"03/08/2026";"16:31:03";2026;2;"Eleição Ordinária";6259;"Eleições Gerais Estaduais 2026";"04/10/2026";"SP";"SP";"SÃO PAULO";250002534207;7;49;"Outras aplicações e Investimentos";"CARTA DE CRÉDITO";"80000,00";"30/07/2026";"18:43:38"
"03/08/2026";"16:31:03";2026;2;"Eleição Ordinária";6259;"Eleições Gerais Estaduais 2026";"04/10/2026";"SP";"SP";"SÃO PAULO";250002534207;10;45;"Aplicação de renda fixa (CDB, RDB e outros)";"BB CDB";"17888,40";"30/07/2026";"18:43:38"
"03/08/2026";"16:31:03";2026;2;"Eleição Ordinária";6259;"Eleições Gerais Estaduais 2026";"04/10/2026";"SP";"SP";"SÃO PAULO";250002534208;2;21;"Veículo automotor terrestre: caminhão, automóvel, moto, etc.";"VEICULO RENAULT MODELO KWID MODELO 2022 FABRICAÇÃO 2021 COR PRETO PLACA DRP9E93";"68818,28";"30/07/2026";"18:43:42"
"03/08/2026";"16:31:03";2026;2;"Eleição Ordinária";6259;"Eleições Gerais Estaduais 2026";"04/10/2026";"SP";"SP";"SÃO PAULO";250002534208;1;41;"Caderneta de poupança";"CONTA POUPANÇA";"19728,06";"30/07/2026";"18:43:42"
"03/08/2026";"16:31:03";2026;2;"Eleição Ordinária";6259;"Eleições Gerais Estaduais 2026";"04/10/2026";"SP";"SP";"SÃO PAULO";250002534209;1;11;"Apartamento";"50% DE UM APARTAMENTO DE 67 METROS NO BAIRRO VILA BELMIRO EM SANTOS";"115000,00";"30/07/2026";"18:43:44"
"03/08/2026";"16:31:03";2026;2;"Eleição Ordinária";6259;"Eleições Gerais Estaduais 2026";"04/10/2026";"SP";"SP";"SÃO PAULO";250002534209;2;31;"Ações (inclusive as provenientes de linha telefônica)";"AÇÕES DIVERSAS";"150000,00";"30/07/2026";"18:43:44"
"03/08/2026";"16:31:03";2026;2;"Eleição Ordinária";6259;"Eleições Gerais Estaduais 2026";"04/10/2026";"SP";"SP";"SÃO PAULO";250002534208;3;49;"Outras aplicações e Investimentos";"RENDIMENTOS DE CADERNATA DE POUPANÇA (LCA E LCI) E (CRA E CRI).";"1260,00";"30/07/2026";"18:43:42"
"03/08/2026";"16:31:03";2026;2;"Eleição Ordinária";6259;"Eleições Gerais Estaduais 2026";"04/10/2026";"SP";"SP";"SÃO PAULO";250002534209;3;21;"Veículo automotor terrestre: caminhão, automóvel, moto, etc.";"MOTOCICLETA KAWASAKI 2022";"28000,00";"30/07/2026";"18:43:44"
"03/08/2026";"16:31:03";2026;2;"Eleição Ordinária";6259;"Eleições Gerais Estaduais 2026";"04/10/2026";"SP";"SP";"SÃO PAULO";250002534209;4;41;"Caderneta de poupança";"POUPANÇA";"50000,00";"30/07/2026";"18:43:44"
"03/08/2026";"16:31:03";2026;2;"Eleição Ordinária";6259;"Eleições Gerais Estaduais 2026";"04/10/2026";"SP";"SP";"SÃO PAULO";250002534209;5;11;"Apartamento";"APARTAMENTO 89 METROS GONZAGA EM SANTOS/SP";"450000,00";"30/07/2026";"18:43:44"
"03/08/2026";"16:31:03";2026;2;"Eleição Ordinária";6259;"Eleições Gerais Estaduais 2026";"04/10/2026";"SP";"SP";"SÃO PAULO";250002534209;6;12;"Casa";"50% DE UMA CASA DE 150 METROS NO BAIRRO ENCRUZILHADA EM SANTOS";"220000,00";"30/07/2026";"18:43:44"
"03/08/2026";"16:31:03";2026;2;"Eleição Ordinária";6259;"Eleições Gerais Estaduais 2026";"04/10/2026";"SP";"SP";"SÃO PAULO";250002534209;7;45;"Aplicação de renda fixa (CDB, RDB e outros)";"APLICAÇÃO CDB";"10000,00";"30/07/2026";"18:43:44"
"03/08/2026";"16:31:03";2026;2;"Eleição Ordinária";6259;"Eleições Gerais Estaduais 2026";"04/10/2026";"SP";"SP";"SÃO PAULO";250002534210;1;21;"Veículo automotor terrestre: caminhão, automóvel, moto, etc.";"MOTO TITAN 2007";"8000,00";"30/07/2026";"18:43:46"
"03/08/2026";"16:31:03";2026;2;"Eleição Ordinária";6259;"Eleições Gerais Estaduais 2026";"04/10/2026";"SP";"SP";"SÃO PAULO";250002534210;3;21;"Veículo automotor terrestre: caminhão, automóvel, moto, etc.";"CARRO TOYOTA COROLLA - 2010";"39000,00";"30/07/2026";"18:43:46"
"03/08/2026";"16:31:03";2026;2;"Eleição Ordinária";6259;"Eleições Gerais Estaduais 2026";"04/10/2026";"SP";"SP";"SÃO PAULO";250002534210;2;41;"Caderneta de poupança";"BANCO DO BRASIL";"20499,00";"30/07/2026";"18:43:46"
"03/08/2026";"16:31:03";2026;2;"Eleição Ordinária";6259;"Eleições Gerais Estaduais 2026";"04/10/2026";"SP";"SP";"SÃO PAULO";250002534212;1;21;"Veículo automotor terrestre: caminhão, automóvel, moto, etc.";"FORD PAMPA - CARGA CARROCERIA ABERTA - 1983 - CXF2C40";"12000,00";"30/07/2026";"18:43:53"
"03/08/2026";"16:31:03";2026;2;"Eleição Ordinária";6259;"Eleições Gerais Estaduais 2026";"04/10/2026";"SP";"SP";"SÃO PAULO";250002534212;2;21;"Veículo automotor terrestre: caminhão, automóvel, moto, etc.";"HONDA HRV ADVANCE - 2025 - PLACA TLJ7615";"183000,00";"30/07/2026";"18:43:53"
"03/08/2026";"16:31:03";2026;2;"Eleição Ordinária";6259;"Eleições Gerais Estaduais 2026";"04/10/2026";"SP";"SP";"SÃO PAULO";250002534213;2;21;"Veículo automotor terrestre: caminhão, automóvel, moto, etc.";"MOTO HONDA/NXR150 BROS ESD RENAVAM 00877161453 PLACA CVQ-0661";"8678,00";"30/07/2026";"18:43:38"
"03/08/2026";"16:31:03";2026;2;"Eleição Ordinária";6259;"Eleições Gerais Estaduais 2026";"04/10/2026";"SP";"SP";"SÃO PAULO";250002534213;1;11;"Apartamento";"APARTAMENTO DE 38 METROS EM SÃO PAULO (SÃO MIGUEL PAULISTA";"264000,00";"30/07/2026";"18:43:38"
"03/08/2026";"16:31:03";2026;2;"Eleição Ordinária";6259;"Eleições Gerais Estaduais 2026";"04/10/2026";"SP";"SP";"SÃO PAULO";250002534213;4;32;"Quotas ou quinhões de capital";"EMPRESA D NERI CONSTRUÇÕES E SERVIÇOS LTDA - CNPJ 60.049.937/0001-83 (SÃO PAULO)";"50000,00";"30/07/2026";"18:43:38"
"03/08/2026";"16:31:03";2026;2;"Eleição Ordinária";6259;"Eleições Gerais Estaduais 2026";"04/10/2026";"SP";"SP";"SÃO PAULO";250002534213;3;32;"Quotas ou quinhões de capital";"EMPRESA OND PARTICIPAÇÕES LTDA - CNPJ 64.983.453/0001-68 (SÃO PAULO)";"50000,00";"30/07/2026";"18:43:38"
"03/08/2026";"16:31:03";2026;2;"Eleição Ordinária";6259;"Eleições Gerais Estaduais 2026";"04/10/2026";"SP";"SP";"SÃO PAULO";250002534214;1;11;"Apartamento";"APARTAMENTO DE 79 METROS EM SÃO PAULO";"700000,00";"30/07/2026";"18:43:38"
"03/08/2026";"16:31:03";2026;2;"Eleição Ordinária";6259;"Eleições Gerais Estaduais 2026";"04/10/2026";"SP";"SP";"SÃO PAULO";250002534214;3;21;"Veículo automotor terrestre: caminhão, automóvel, moto, etc.";"AUDI Q5 TFSI QUATTRO S TRONIC BLINDADA 2018";"180000,00";"30/07/2026";"18:43:38"
"03/08/2026";"16:31:03";2026;2;"Eleição Ordinária";6259;"Eleições Gerais Estaduais 2026";"04/10/2026";"SP";"SP";"SÃO PAULO";250002534214;4;21;"Veículo automotor terrestre: caminhão, automóvel, moto, etc.";"VW SAVEIRO CL 1.6 MI 1999";"22000,00";"30/07/2026";"18:43:38"
"03/08/2026";"16:31:03";2026;2;"Eleição Ordinária";6259;"Eleições Gerais Estaduais 2026";"04/10/2026";"SP";"SP";"SÃO PAULO";250002534214;2;72;"Fundo de Longo Prazo e Fundo de Investimentos em Direitos Creditórios (FIDC)";"APLICAÇÃO BANCO BRASIL";"1100000,00";"30/07/2026";"18:43:38"
"03/08/2026";"16:31:03";2026;2;"Eleição Ordinária";6259;"Eleições Gerais Estaduais 2026";"04/10/2026";"SP";"SP";"SÃO PAULO";250002534214;7;21;"Veículo automotor terrestre: caminhão, automóvel, moto, etc.";"BMW 320I 2.0 TURBO ACTIVE FLEX BLINDADA 2015";"90000,00";"30/07/2026";"18:43:38"
"03/08/2026";"16:31:03";2026;2;"Eleição Ordinária";6259;"Eleições Gerais Estaduais 2026";"04/10/2026";"SP";"SP";"SÃO PAULO";250002534214;6;21;"Veículo automotor terrestre: caminhão, automóvel, moto, etc.";"GM CAMINHONETE S10 CABINE DUPLA 2008";"50000,00";"30/07/2026";"18:43:38"
"03/08/2026";"16:31:03";2026;2;"Eleição Ordinária";6259;"Eleições Gerais Estaduais 2026";"04/10/2026";"SP";"SP";"SÃO PAULO";250002534214;5;21;"Veículo automotor terrestre: caminhão, automóvel, moto, etc.";"VW FUSCA 1500 1971";"20000,00";"30/07/2026";"18:43:38"
"03/08/2026";"16:31:03";2026;2;"Eleição Ordinária";6259;"Eleições Gerais Estaduais 2026";"04/10/2026";"SP";"SP";"SÃO PAULO";250002534214;9;21;"Veículo automotor terrestre: caminhão, automóvel, moto, etc.";"VW TOUAREG 3.6 V6 BLINDADA 2011";"40000,00";"30/07/2026";"18:43:38"
"03/08/2026";"16:31:03";2026;2;"Eleição Ordinária";6259;"Eleições Gerais Estaduais 2026";"04/10/2026";"SP";"SP";"SÃO PAULO";250002534214;8;72;"Fundo de Longo Prazo e Fundo de Investimentos em Direitos Creditórios (FIDC)";"APLICAÇÃO BANCO BTG";"650000,00";"30/07/2026";"18:43:38"
"03/08/2026";"16:31:03";2026;2;"Eleição Ordinária";6259;"Eleições Gerais Estaduais 2026";"04/10/2026";"SP";"SP";"SÃO PAULO";250002534216;1;13;"Terreno";"TERRENO DE 400 METROS EM AMERICANA/SP";"205071,60";"30/07/2026";"18:43:38"
"03/08/2026";"16:31:03";2026;2;"Eleição Ordinária";6259;"Eleições Gerais Estaduais 2026";"04/10/2026";"SP";"SP";"SÃO PAULO";250002534216;4;12;"Casa";"CASA RESIDENCIA 200 METROS EM AMERICANA/SP.";"550000,00";"30/07/2026";"18:43:38"
"03/08/2026";"16:31:03";2026;2;"Eleição Ordinária";6259;"Eleições Gerais Estaduais 2026";"04/10/2026";"SP";"SP";"SÃO PAULO";250002534216;2;21;"Veículo automotor terrestre: caminhão, automóvel, moto, etc.";"1 VEICULO PORSCHE MACAN";"290000,00";"30/07/2026";"18:43:38"
"03/08/2026";"16:31:03";2026;2;"Eleição Ordinária";6259;"Eleições Gerais Estaduais 2026";"04/10/2026";"SP";"SP";"SÃO PAULO";250002534216;3;11;"Apartamento";"50% APTO DE 57 METROS EM AMERICANA/SP";"75238,50";"30/07/2026";"18:43:38"
"03/08/2026";"16:31:03";2026;2;"Eleição Ordinária";6259;"Eleições Gerais Estaduais 2026";"04/10/2026";"SP";"SP";"SÃO PAULO";250002534216;6;12;"Casa";"CASA 360 METROS EM AMERICANA/SP";"2800000,00";"30/07/2026";"18:43:38"
"03/08/2026";"16:31:03";2026;2;"Eleição Ordinária";6259;"Eleições Gerais Estaduais 2026";"04/10/2026";"SP";"SP";"SÃO PAULO";250002534216;7;32;"Quotas ou quinhões de capital";"5000 QUOTAS EMPRESA GENKI SPA ZEN AMERICANA CENTRO ESTETICO LTDA";"5000,00";"30/07/2026";"18:43:38"
"03/08/2026";"16:31:03";2026;2;"Eleição Ordinária";6259;"Eleições Gerais Estaduais 2026";"04/10/2026";"SP";"SP";"SÃO PAULO";250002534216;5;11;"Apartamento";"APARTAMENTO DE 97 METROS EM SANTOS/SP";"367500,00";"30/07/2026";"18:43:38"
"03/08/2026";"16:31:03";2026;2;"Eleição Ordinária";6259;"Eleições Gerais Estaduais 2026";"04/10/2026";"SP";"SP";"SÃO PAULO";250002534216;10;32;"Quotas ou quinhões de capital";"2500 QUOTAS EMPRESA POLO   PINTO";"2500,00";"30/07/2026";"18:43:38"
"03/08/2026";"16:31:03";2026;2;"Eleição Ordinária";6259;"Eleições Gerais Estaduais 2026";"04/10/2026";"SP";"SP";"SÃO PAULO";250002534216;9;63;"Dinheiro em espécie - moeda nacional";"DINHEIRO EM ESPÉCIE";"50000,00";"30/07/2026";"18:43:38"
"03/08/2026";"16:31:03";2026;2;"Eleição Ordinária";6259;"Eleições Gerais Estaduais 2026";"04/10/2026";"SP";"SP";"SÃO PAULO";250002534216;8;95;"Consórcio não contemplado";"COTA NÃO CONTEMPLADA";"12447,64";"30/07/2026";"18:43:38"
"03/08/2026";"16:31:03";2026;2;"Eleição Ordinária";6259;"Eleições Gerais Estaduais 2026";"04/10/2026";"SP";"SP";"SÃO PAULO";250002534217;3;12;"Casa";"CASA 160 METROS EM RIBEIRÃO PRETO";"90948,95";"30/07/2026";"18:43:40"
"03/08/2026";"16:31:03";2026;2;"Eleição Ordinária";6259;"Eleições Gerais Estaduais 2026";"04/10/2026";"SP";"SP";"SÃO PAULO";250002534217;1;21;"Veículo automotor terrestre: caminhão, automóvel, moto, etc.";"FORD KA SE 1.5 2015";"39000,00";"30/07/2026";"18:43:40"
"03/08/2026";"16:31:03";2026;2;"Eleição Ordinária";6259;"Eleições Gerais Estaduais 2026";"04/10/2026";"SP";"SP";"SÃO PAULO";250002534217;2;45;"Aplicação de renda fixa (CDB, RDB e outros)";"APLICAÇÃO ITAU";"594,41";"30/07/2026";"18:43:40"
"03/08/2026";"16:31:03";2026;2;"Eleição Ordinária";6259;"Eleições Gerais Estaduais 2026";"04/10/2026";"SP";"SP";"SÃO PAULO";250002534218;3;99;"OUTROS BENS E DIREITOS";"PROPRIEDADE RURAL - CHACARA MATOS (7/36 AVOS)";"21000,00";"30/07/2026";"18:43:38"
"03/08/2026";"16:31:03";2026;2;"Eleição Ordinária";6259;"Eleições Gerais Estaduais 2026";"04/10/2026";"SP";"SP";"SÃO PAULO";250002534218;1;99;"OUTROS BENS E DIREITOS";"PROPRIEDADE RURAL - CHACARA ESTÂNCIA SÃO JUDAS TADEU (7/36 AVOS)";"91000,00";"30/07/2026";"18:43:38"
"03/08/2026";"16:31:03";2026;2;"Eleição Ordinária";6259;"Eleições Gerais Estaduais 2026";"04/10/2026";"SP";"SP";"SÃO PAULO";250002534218;2;19;"Outros bens imóveis";"PRÉDIO RESIDENCIAL AV 25 BARRETOS/SP - (7/36 AVOS)";"7600,00";"30/07/2026";"18:43:38"
"03/08/2026";"16:31:03";2026;2;"Eleição Ordinária";6259;"Eleições Gerais Estaduais 2026";"04/10/2026";"SP";"SP";"SÃO PAULO";250002534218;4;63;"Dinheiro em espécie - moeda nacional";"DINHEIRO";"40000,00";"30/07/2026";"18:43:38"
"03/08/2026";"16:31:03";2026;2;"Eleição Ordinária";6259;"Eleições Gerais Estaduais 2026";"04/10/2026";"SP";"SP";"SÃO PAULO";250002534218;5;11;"Apartamento";"PRÉDIO RESIDENCIAL AV. 25 BARRETOS/SP - (7/36 AVOS)";"3500,00";"30/07/2026";"18:43:38"
"03/08/2026";"16:31:03";2026;2;"Eleição Ordinária";6259;"Eleições Gerais Estaduais 2026";"04/10/2026";"SP";"SP";"SÃO PAULO";250002534218;6;19;"Outros bens imóveis";"PRÉDIO RESIDENCIA";"191000,00";"30/07/2026";"18:43:38"
"03/08/2026";"16:31:03";2026;2;"Eleição Ordinária";6259;"Eleições Gerais Estaduais 2026";"04/10/2026";"SP";"SP";"SÃO PAULO";250002534218;7;99;"OUTROS BENS E DIREITOS";"PROPRIEDADE RURAL";"297000,00";"30/07/2026";"18:43:38"
"03/08/2026";"16:31:03";2026;2;"Eleição Ordinária";6259;"Eleições Gerais Estaduais 2026";"04/10/2026";"SP";"SP";"SÃO PAULO";250002534218;8;19;"Outros bens imóveis";"PRÉDIO RESIDENCIAL RUA 12 BARRETOS/SP - (7/36 AVOS)";"78000,00";"30/07/2026";"18:43:38"
"03/08/2026";"16:31:03";2026;2;"Eleição Ordinária";6259;"Eleições Gerais Estaduais 2026";"04/10/2026";"SP";"SP";"SÃO PAULO";250002534218;9;19;"Outros bens imóveis";"PRÉDIO COMERCIAL AV.25 BARRETOS/SP - (7/36 AVOS)";"203000,00";"30/07/2026";"18:43:38"
"03/08/2026";"16:31:03";2026;2;"Eleição Ordinária";6259;"Eleições Gerais Estaduais 2026";"04/10/2026";"SP";"SP";"SÃO PAULO";250002534219;1;49;"Outras aplicações e Investimentos";"CDB BANCO DO BRASIL";"294048,46";"03/08/2026";"15:55:00"
"03/08/2026";"16:31:03";2026;2;"Eleição Ordinária";6259;"Eleições Gerais Estaduais 2026";"04/10/2026";"SP";"SP";"SÃO PAULO";250002534219;2;49;"Outras aplicações e Investimentos";"NUBANK";"185567,80";"03/08/2026";"15:55:00"
"03/08/2026";"16:31:03";2026;2;"Eleição Ordinária";6259;"Eleições Gerais Estaduais 2026";"04/10/2026";"SP";"SP";"SÃO PAULO";250002534219;3;49;"Outras aplicações e Investimentos";"MERCADO PAGO";"11507,59";"03/08/2026";"15:55:00"
"03/08/2026";"16:31:03";2026;2;"Eleição Ordinária";6259;"Eleições Gerais Estaduais 2026";"04/10/2026";"SP";"SP";"SÃO PAULO";250002534219;5;21;"Veículo automotor terrestre: caminhão, automóvel, moto, etc.";"VEICULO CHEVROLET CRUZE BRANCO, 2022/2022, PLACA DPF 0G65";"99020,00";"03/08/2026";"15:55:00"
"03/08/2026";"16:31:03";2026;2;"Eleição Ordinária";6259;"Eleições Gerais Estaduais 2026";"04/10/2026";"SP";"SP";"SÃO PAULO";250002534219;4;21;"Veículo automotor terrestre: caminhão, automóvel, moto, etc.";"VEICULO FIAT SIENA EL CINZA 2010, PLACA ENK2B69";"28177,00";"03/08/2026";"15:55:00"
"03/08/2026";"16:31:03";2026;2;"Eleição Ordinária";6259;"Eleições Gerais Estaduais 2026";"04/10/2026";"SP";"SP";"SÃO PAULO";250002534219;6;21;"Veículo automotor terrestre: caminhão, automóvel, moto, etc.";"MOTOCICLETA HONDA CB 300F ABS, VERMELHA 2023, PLACA GGI7A43";"23842,00";"03/08/2026";"15:55:00"
"03/08/2026";"16:31:03";2026;2;"Eleição Ordinária";6259;"Eleições Gerais Estaduais 2026";"04/10/2026";"SP";"SP";"SÃO PAULO";250002534219;9;12;"Casa";"IMOVEL RESIDENCIAL 63 M² LOCALIZADO NO BAIRRO JARD. DAS PALMEIRAS, ATIBAIA-SP";"270033,38";"03/08/2026";"15:55:00"
"03/08/2026";"16:31:03";2026;2;"Eleição Ordinária";6259;"Eleições Gerais Estaduais 2026";"04/10/2026";"SP";"SP";"SÃO PAULO";250002534219;7;41;"Caderneta de poupança";"BANCO DO BRASIL";"3588,06";"03/08/2026";"15:55:00"
"03/08/2026";"16:31:03";2026;2;"Eleição Ordinária";6259;"Eleições Gerais Estaduais 2026";"04/10/2026";"SP";"SP";"SÃO PAULO";250002534219;8;41;"Caderneta de poupança";"CAIXA ECONOMICA FEDERAL";"8964,02";"03/08/2026";"15:55:00"
"03/08/2026";"16:31:03";2026;2;"Eleição Ordinária";6259;"Eleições Gerais Estaduais 2026";"04/10/2026";"SP";"SP";"SÃO PAULO";250002534220;3;12;"Casa";"CASA DE 747,9 METROS EM RIBEIRÃO PRETO/ SP";"2003312,52";"30/07/2026";"18:43:38"
"03/08/2026";"16:31:03";2026;2;"Eleição Ordinária";6259;"Eleições Gerais Estaduais 2026";"04/10/2026";"SP";"SP";"SÃO PAULO";250002534220;1;21;"Veículo automotor terrestre: caminhão, automóvel, moto, etc.";"VEICULO/ AUDI Q3/ 2014";"75000,00";"30/07/2026";"18:43:38"
"03/08/2026";"16:31:03";2026;2;"Eleição Ordinária";6259;"Eleições Gerais Estaduais 2026";"04/10/2026";"SP";"SP";"SÃO PAULO";250002534220;2;41;"Caderneta de poupança";"POUPANÇA/ CEF";"1626,12";"30/07/2026";"18:43:38"
"03/08/2026";"16:31:03";2026;2;"Eleição Ordinária";6259;"Eleições Gerais Estaduais 2026";"04/10/2026";"SP";"SP";"SÃO PAULO";250002534220;6;21;"Veículo automotor terrestre: caminhão, automóvel, moto, etc.";"CAMINHONETA/ NISSAN FRONTIER / 2018";"135000,00";"30/07/2026";"18:43:38"
"03/08/2026";"16:31:03";2026;2;"Eleição Ordinária";6259;"Eleições Gerais Estaduais 2026";"04/10/2026";"SP";"SP";"SÃO PAULO";250002534220;4;61;"Depósito bancário em conta corrente no País";"SALDO EM CONTA CORRENTE";"40000,00";"30/07/2026";"18:43:38"
"03/08/2026";"16:31:03";2026;2;"Eleição Ordinária";6259;"Eleições Gerais Estaduais 2026";"04/10/2026";"SP";"SP";"SÃO PAULO";250002534220;5;13;"Terreno";"TERRENO 617,9 METROS EM PALMAS/ TO 110000,0";"110000,00";"30/07/2026";"18:43:38"
"03/08/2026";"16:31:03";2026;2;"Eleição Ordinária";6259;"Eleições Gerais Estaduais 2026";"04/10/2026";"SP";"SP";"SÃO PAULO";250002534220;7;99;"OUTROS BENS E DIREITOS";"SOCIEDADE EMPRESÁRIA LIMITADA - LR AGROPECUARIA 125000,00";"125000,00";"30/07/2026";"18:43:38"
"03/08/2026";"16:31:03";2026;2;"Eleição Ordinária";6259;"Eleições Gerais Estaduais 2026";"04/10/2026";"SP";"SP";"SÃO PAULO";250002534221;1;39;"Outras participações societárias";"SÓCIO PROPRIETÁRIO DA EMPRESA VALANNA BUSINESS LTDA - CNPJ 37838177/0001-71";"300000,00";"30/07/2026";"18:43:38"
"03/08/2026";"16:31:03";2026;2;"Eleição Ordinária";6259;"Eleições Gerais Estaduais 2026";"04/10/2026";"SP";"SP";"SÃO PAULO";250002534221;2;39;"Outras participações societárias";"SÓCIO PROPRIETÁRIO DA EMPRESA CRYSTAL PARTICIPAÇÕES LTDA - CNPJ 54991800/0001-40";"1000,00";"30/07/2026";"18:43:38"
"03/08/2026";"16:31:03";2026;2;"Eleição Ordinária";6259;"Eleições Gerais Estaduais 2026";"04/10/2026";"SP";"SP";"SÃO PAULO";250002534224;1;12;"Casa";"CASA EM CONDOMINIO DE 62 M² NA CIDADE DE PIRACICABA/SP";"350000,00";"30/07/2026";"18:43:38"
"03/08/2026";"16:31:03";2026;2;"Eleição Ordinária";6259;"Eleições Gerais Estaduais 2026";"04/10/2026";"SP";"SP";"SÃO PAULO";250002534224;2;45;"Aplicação de renda fixa (CDB, RDB e outros)";"CDI BANCO NUBANK";"38431,00";"30/07/2026";"18:43:38"
"03/08/2026";"16:31:03";2026;2;"Eleição Ordinária";6259;"Eleições Gerais Estaduais 2026";"04/10/2026";"SP";"SP";"SÃO PAULO";250002534223;1;39;"Outras participações societárias";"EMPESA 18 EMPREENDIMENTOS E TRADING LTDA PARTICIPAÇÃO NO LUCROS";"129584,11";"30/07/2026";"18:43:38"
"03/08/2026";"16:31:03";2026;2;"Eleição Ordinária";6259;"Eleições Gerais Estaduais 2026";"04/10/2026";"SP";"SP";"SÃO PAULO";250002534224;3;11;"Apartamento";"APARTAMENTO DE 51 M² NA CIDADE DE PIRACICABA/SP";"220000,00";"30/07/2026";"18:43:38"
"03/08/2026";"16:31:03";2026;2;"Eleição Ordinária";6259;"Eleições Gerais Estaduais 2026";"04/10/2026";"SP";"SP";"SÃO PAULO";250002534224;4;31;"Ações (inclusive as provenientes de linha telefônica)";"AÇÕES PETROBRAS PETR4 50 UNIDADES";"2056,00";"30/07/2026";"18:43:38"
"03/08/2026";"16:31:03";2026;2;"Eleição Ordinária";6259;"Eleições Gerais Estaduais 2026";"04/10/2026";"SP";"SP";"SÃO PAULO";250002534224;5;46;"Ouro, ativo financeiro";"DOLAR DEPOSITADO EM CONTA NUBANK";"20773,49";"30/07/2026";"18:43:38"
"03/08/2026";"16:31:03";2026;2;"Eleição Ordinária";6259;"Eleições Gerais Estaduais 2026";"04/10/2026";"SP";"SP";"SÃO PAULO";250002534224;6;21;"Veículo automotor terrestre: caminhão, automóvel, moto, etc.";"NISSAN KICKS 2017 BRANCO REGISTRADO EM PIRACICABA/SP";"80000,00";"30/07/2026";"18:43:38"
"03/08/2026";"16:31:03";2026;2;"Eleição Ordinária";6259;"Eleições Gerais Estaduais 2026";"04/10/2026";"SP";"SP";"SÃO PAULO";250002534225;1;16;"Construção";"COMPRA DE TERRENO PARCELADO";"874757,60";"30/07/2026";"18:44:01"
"03/08/2026";"16:31:03";2026;2;"Eleição Ordinária";6259;"Eleições Gerais Estaduais 2026";"04/10/2026";"SP";"SP";"SÃO PAULO";250002534224;7;13;"Terreno";"TERRENO DE 78X6 M² NA CIDADE DE CHARQUEADA/SP";"80000,00";"30/07/2026";"18:43:38"
"03/08/2026";"16:31:03";2026;2;"Eleição Ordinária";6259;"Eleições Gerais Estaduais 2026";"04/10/2026";"SP";"SP";"SÃO PAULO";250002534226;1;12;"Casa";"CASA CONSTRUIDA COM 650 METROS QUADRADO EM TERRENO DE 3.0000";"2000000,00";"30/07/2026";"18:43:50"
"03/08/2026";"16:31:03";2026;2;"Eleição Ordinária";6259;"Eleições Gerais Estaduais 2026";"04/10/2026";"SP";"SP";"SÃO PAULO";250002534225;2;63;"Dinheiro em espécie - moeda nacional";"ESPÉCIE";"50000,00";"30/07/2026";"18:44:01"
"03/08/2026";"16:31:03";2026;2;"Eleição Ordinária";6259;"Eleições Gerais Estaduais 2026";"04/10/2026";"SP";"SP";"SÃO PAULO";250002534226;2;61;"Depósito bancário em conta corrente no País";"DEPOISTO EM CONTA PESSOAL";"80000,00";"30/07/2026";"18:43:50"
"03/08/2026";"16:31:03";2026;2;"Eleição Ordinária";6259;"Eleições Gerais Estaduais 2026";"04/10/2026";"SP";"SP";"SÃO PAULO";250002534226;5;21;"Veículo automotor terrestre: caminhão, automóvel, moto, etc.";"CARRO DA MARCA SUZUKI";"100000,00";"30/07/2026";"18:43:50"
"03/08/2026";"16:31:03";2026;2;"Eleição Ordinária";6259;"Eleições Gerais Estaduais 2026";"04/10/2026";"SP";"SP";"SÃO PAULO";250002534226;4;25;"Jóia, quadro, objeto de arte, de coleção, antiguidade, etc.";"JOIAS PESSOAS";"150000,00";"30/07/2026";"18:43:50"
"03/08/2026";"16:31:03";2026;2;"Eleição Ordinária";6259;"Eleições Gerais Estaduais 2026";"04/10/2026";"SP";"SP";"SÃO PAULO";250002534226;3;39;"Outras participações societárias";"PARTICIPACAI EM 3 EMPRESAS";"5000000,00";"30/07/2026";"18:43:50"
"03/08/2026";"16:31:03";2026;2;"Eleição Ordinária";6259;"Eleições Gerais Estaduais 2026";"04/10/2026";"SP";"SP";"SÃO PAULO";250002534227;1;12;"Casa";"SOBRADO";"1000000,00";"30/07/2026";"18:43:38"
"03/08/2026";"16:31:03";2026;2;"Eleição Ordinária";6259;"Eleições Gerais Estaduais 2026";"04/10/2026";"SP";"SP";"SÃO PAULO";250002534228;1;21;"Veículo automotor terrestre: caminhão, automóvel, moto, etc.";"VW/ KOMBI";"44192,00";"30/07/2026";"18:43:38"
"03/08/2026";"16:31:03";2026;2;"Eleição Ordinária";6259;"Eleições Gerais Estaduais 2026";"04/10/2026";"SP";"SP";"SÃO PAULO";250002534227;2;13;"Terreno";"3,9 HÁ NAZARÉ PAULISTA";"2000000,00";"30/07/2026";"18:43:38"
"03/08/2026";"16:31:03";2026;2;"Eleição Ordinária";6259;"Eleições Gerais Estaduais 2026";"04/10/2026";"SP";"SP";"SÃO PAULO";250002534228;4;12;"Casa";"CASA DE 255,00 METRO NO DISTRITO DEERMELINDO MATARAZZO/SP";"1000000,00";"30/07/2026";"18:43:38"
"03/08/2026";"16:31:03";2026;2;"Eleição Ordinária";6259;"Eleições Gerais Estaduais 2026";"04/10/2026";"SP";"SP";"SÃO PAULO";250002534228;2;21;"Veículo automotor terrestre: caminhão, automóvel, moto, etc.";"RAM 3500 LONGHORN 6.7D";"483991,20";"30/07/2026";"18:43:38"
"03/08/2026";"16:31:03";2026;2;"Eleição Ordinária";6259;"Eleições Gerais Estaduais 2026";"04/10/2026";"SP";"SP";"SÃO PAULO";250002534228;3;21;"Veículo automotor terrestre: caminhão, automóvel, moto, etc.";"VW 8120 EURO3";"149425,00";"30/07/2026";"18:43:38"
"03/08/2026";"16:31:03";2026;2;"Eleição Ordinária";6259;"Eleições Gerais Estaduais 2026";"04/10/2026";"SP";"SP";"SÃO PAULO";250002534229;3;41;"Caderneta de poupança";"CONTA CORRENTE";"1,00";"30/07/2026";"18:43:55"
"03/08/2026";"16:31:03";2026;2;"Eleição Ordinária";6259;"Eleições Gerais Estaduais 2026";"04/10/2026";"SP";"SP";"SÃO PAULO";250002534229;2;39;"Outras participações societárias";"MEI, COM DIREITO A 100% DE PARTICIPACAO NA EMPRESA CONSTITUIDA EM 26/08/202 - CNPJ 43.303.683/0001-69";"80000,00";"30/07/2026";"18:43:55"
"03/08/2026";"16:31:03";2026;2;"Eleição Ordinária";6259;"Eleições Gerais Estaduais 2026";"04/10/2026";"SP";"SP";"SÃO PAULO";250002534229;1;49;"Outras aplicações e Investimentos";"PLANO ITAU DE CAPITALIZACAO - PIC";"3022,65";"30/07/2026";"18:43:55"
"03/08/2026";"16:31:03";2026;2;"Eleição Ordinária";6259;"Eleições Gerais Estaduais 2026";"04/10/2026";"SP";"SP";"SÃO PAULO";250002534229;4;45;"Aplicação de renda fixa (CDB, RDB e outros)";"RDB/CDB";"74862,18";"30/07/2026";"18:43:55"
"03/08/2026";"16:31:03";2026;2;"Eleição Ordinária";6259;"Eleições Gerais Estaduais 2026";"04/10/2026";"SP";"SP";"SÃO PAULO";250002534229;5;41;"Caderneta de poupança";"CONTA POUPANÇA";"0,05";"30/07/2026";"18:43:55"
"03/08/2026";"16:31:03";2026;2;"Eleição Ordinária";6259;"Eleições Gerais Estaduais 2026";"04/10/2026";"SP";"SP";"SÃO PAULO";250002534230;1;21;"Veículo automotor terrestre: caminhão, automóvel, moto, etc.";"MOTO - RE/SUPER METEOR 650";"36000,00";"30/07/2026";"18:43:38"
"03/08/2026";"16:31:03";2026;2;"Eleição Ordinária";6259;"Eleições Gerais Estaduais 2026";"04/10/2026";"SP";"SP";"SÃO PAULO";250002534231;2;21;"Veículo automotor terrestre: caminhão, automóvel, moto, etc.";"CARRO VW/FUSCA ANO 1973/1973";"14000,00";"30/07/2026";"18:43:38"
"03/08/2026";"16:31:03";2026;2;"Eleição Ordinária";6259;"Eleições Gerais Estaduais 2026";"04/10/2026";"SP";"SP";"SÃO PAULO";250002534231;3;21;"Veículo automotor terrestre: caminhão, automóvel, moto, etc.";"VW/BUGRE ANO 1968/1968";"42500,00";"30/07/2026";"18:43:38"
"03/08/2026";"16:31:03";2026;2;"Eleição Ordinária";6259;"Eleições Gerais Estaduais 2026";"04/10/2026";"SP";"SP";"SÃO PAULO";250002534231;1;11;"Apartamento";"APARTAMANTO EM ARARAQUARA/SP FINANC CEF SALDO DEVEDOR R$ 91.069,28";"71132,82";"30/07/2026";"18:43:38"
"03/08/2026";"16:31:03";2026;2;"Eleição Ordinária";6259;"Eleições Gerais Estaduais 2026";"04/10/2026";"SP";"SP";"SÃO PAULO";250002534231;4;32;"Quotas ou quinhões de capital";"100% CAPITAL SOCIAL FIORI DIAS MARK DIGITAL CNPJ 43.353.751/0001-02";"10000,00";"30/07/2026";"18:43:38"
"03/08/2026";"16:31:03";2026;2;"Eleição Ordinária";6259;"Eleições Gerais Estaduais 2026";"04/10/2026";"SP";"SP";"SÃO PAULO";250002534231;5;32;"Quotas ou quinhões de capital";"100% CAPITAL SOCIAL FIORI COMERCIAL E SERVIÇOS CNPJ 49.157.873/0001-00";"10000,00";"30/07/2026";"18:43:38"
"03/08/2026";"16:31:03";2026;2;"Eleição Ordinária";6259;"Eleições Gerais Estaduais 2026";"04/10/2026";"SP";"SP";"SÃO PAULO";250002534231;6;32;"Quotas ou quinhões de capital";"25% CAPITAL SOCIAL SPRINT EVENTOS ESPORTIVOS CNPJ 63.133.733/0001-14";"2500,00";"30/07/2026";"18:43:38"
"03/08/2026";"16:31:03";2026;2;"Eleição Ordinária";6259;"Eleições Gerais Estaduais 2026";"04/10/2026";"SP";"SP";"SÃO PAULO";250002534231;7;41;"Caderneta de poupança";"POUPANÇA BANCO BRASIL AG 6683 CONTA 8403-4";"25492,18";"30/07/2026";"18:43:38"
"03/08/2026";"16:31:03";2026;2;"Eleição Ordinária";6259;"Eleições Gerais Estaduais 2026";"04/10/2026";"SP";"SP";"SÃO PAULO";250002534231;8;41;"Caderneta de poupança";"POUPANÇA CEF AG 2992 CONTA 000592114118-2";"7815,83";"30/07/2026";"18:43:38"
"03/08/2026";"16:31:03";2026;2;"Eleição Ordinária";6259;"Eleições Gerais Estaduais 2026";"04/10/2026";"SP";"SP";"SÃO PAULO";250002534231;9;61;"Depósito bancário em conta corrente no País";"C/C MERCADO PAGO AG 0001 C/C 9747764167-9";"3068,10";"30/07/2026";"18:43:38"
"03/08/2026";"16:31:03";2026;2;"Eleição Ordinária";6259;"Eleições Gerais Estaduais 2026";"04/10/2026";"SP";"SP";"SÃO PAULO";250002534231;11;21;"Veículo automotor terrestre: caminhão, automóvel, moto, etc.";"CAMINHONETE MMC TRITON ANO 2024/2025 (SINISTRO LEILÃO)";"137500,00";"30/07/2026";"18:43:38"
"03/08/2026";"16:31:03";2026;2;"Eleição Ordinária";6259;"Eleições Gerais Estaduais 2026";"04/10/2026";"SP";"SP";"SÃO PAULO";250002534231;12;45;"Aplicação de renda fixa (CDB, RDB e outros)";"CDB PICPAY - JUL/2028";"126412,11";"30/07/2026";"18:43:38"
"03/08/2026";"16:31:03";2026;2;"Eleição Ordinária";6259;"Eleições Gerais Estaduais 2026";"04/10/2026";"SP";"SP";"SÃO PAULO";250002534231;10;61;"Depósito bancário em conta corrente no País";"C/C BRADESCO S/A AG 0003 C/C 373304-1";"1,00";"30/07/2026";"18:43:38"
"03/08/2026";"16:31:03";2026;2;"Eleição Ordinária";6259;"Eleições Gerais Estaduais 2026";"04/10/2026";"SP";"SP";"SÃO PAULO";250002534231;13;45;"Aplicação de renda fixa (CDB, RDB e outros)";"CDB NEON FINANCEIRA - MAI/2028";"1179,95";"30/07/2026";"18:43:38"
"03/08/2026";"16:31:03";2026;2;"Eleição Ordinária";6259;"Eleições Gerais Estaduais 2026";"04/10/2026";"SP";"SP";"SÃO PAULO";250002534231;14;72;"Fundo de Longo Prazo e Fundo de Investimentos em Direitos Creditórios (FIDC)";"COMPASS YIELD 30 FIF RF CP LP RL";"104882,82";"30/07/2026";"18:43:38"
"03/08/2026";"16:31:03";2026;2;"Eleição Ordinária";6259;"Eleições Gerais Estaduais 2026";"04/10/2026";"SP";"SP";"SÃO PAULO";250002534231;15;72;"Fundo de Longo Prazo e Fundo de Investimentos em Direitos Creditórios (FIDC)";"TREND INVESTBACK V - INIFINITE";"629,98";"30/07/2026";"18:43:38"
"03/08/2026";"16:31:03";2026;2;"Eleição Ordinária";6259;"Eleições Gerais Estaduais 2026";"04/10/2026";"SP";"SP";"SÃO PAULO";250002534231;18;31;"Ações (inclusive as provenientes de linha telefônica)";"RAIL3";"3352,50";"30/07/2026";"18:43:38"
"03/08/2026";"16:31:03";2026;2;"Eleição Ordinária";6259;"Eleições Gerais Estaduais 2026";"04/10/2026";"SP";"SP";"SÃO PAULO";250002534231;17;31;"Ações (inclusive as provenientes de linha telefônica)";"ALOS3";"2596,69";"30/07/2026";"18:43:38"
"03/08/2026";"16:31:03";2026;2;"Eleição Ordinária";6259;"Eleições Gerais Estaduais 2026";"04/10/2026";"SP";"SP";"SÃO PAULO";250002534231;16;46;"Ouro, ativo financeiro";"XP OURO - BIDIRECIONAL - 3Y - 19.01.2026";"50000,00";"30/07/2026";"18:43:38"
"03/08/2026";"16:31:03";2026;2;"Eleição Ordinária";6259;"Eleições Gerais Estaduais 2026";"04/10/2026";"SP";"SP";"SÃO PAULO";250002534231;21;61;"Depósito bancário em conta corrente no País";"C/C CEF AG 2992 C/C 000100026864-8";"23,47";"30/07/2026";"18:43:38"
"03/08/2026";"16:31:03";2026;2;"Eleição Ordinária";6259;"Eleições Gerais Estaduais 2026";"04/10/2026";"SP";"SP";"SÃO PAULO";250002534231;19;31;"Ações (inclusive as provenientes de linha telefônica)";"VALE3";"4313,65";"30/07/2026";"18:43:38"
"03/08/2026";"16:31:03";2026;2;"Eleição Ordinária";6259;"Eleições Gerais Estaduais 2026";"04/10/2026";"SP";"SP";"SÃO PAULO";250002534231;20;31;"Ações (inclusive as provenientes de linha telefônica)";"VIVT3";"1846,90";"30/07/2026";"18:43:38"
"03/08/2026";"16:31:03";2026;2;"Eleição Ordinária";6259;"Eleições Gerais Estaduais 2026";"04/10/2026";"SP";"SP";"SÃO PAULO";250002534231;23;45;"Aplicação de renda fixa (CDB, RDB e outros)";"CRA VAMOS - NOV/2030";"36841,47";"30/07/2026";"18:43:38"
"03/08/2026";"16:31:03";2026;2;"Eleição Ordinária";6259;"Eleições Gerais Estaduais 2026";"04/10/2026";"SP";"SP";"SÃO PAULO";250002534231;24;45;"Aplicação de renda fixa (CDB, RDB e outros)";"CDB PINE - JUL/2028";"124286,70";"30/07/2026";"18:43:38"
"03/08/2026";"16:31:03";2026;2;"Eleição Ordinária";6259;"Eleições Gerais Estaduais 2026";"04/10/2026";"SP";"SP";"SÃO PAULO";250002534231;22;95;"Consórcio não contemplado";"EMBRACON ADM CONS GRUPO 7260 COTA 2564-0 EM 240 PARC, SALDO DEVEDOR R$ 744.450,41";"22648,20";"30/07/2026";"18:43:38"
"03/08/2026";"16:31:03";2026;2;"Eleição Ordinária";6259;"Eleições Gerais Estaduais 2026";"04/10/2026";"SP";"SP";"SÃO PAULO";250002534231;26;21;"Veículo automotor terrestre: caminhão, automóvel, moto, etc.";"MOTO HONDA/XLR 125 ANO 2001/2001";"4000,00";"30/07/2026";"18:43:38"
"03/08/2026";"16:31:03";2026;2;"Eleição Ordinária";6259;"Eleições Gerais Estaduais 2026";"04/10/2026";"SP";"SP";"SÃO PAULO";250002534231;25;31;"Ações (inclusive as provenientes de linha telefônica)";"BBAS3";"11558,40";"30/07/2026";"18:43:38"
"03/08/2026";"16:31:03";2026;2;"Eleição Ordinária";6259;"Eleições Gerais Estaduais 2026";"04/10/2026";"SP";"SP";"SÃO PAULO";250002534231;27;72;"Fundo de Longo Prazo e Fundo de Investimentos em Direitos Creditórios (FIDC)";"BNP PARIBAS MATCH FIF RF CP RL";"181573,55";"30/07/2026";"18:43:38"
"03/08/2026";"16:31:03";2026;2;"Eleição Ordinária";6259;"Eleições Gerais Estaduais 2026";"04/10/2026";"SP";"SP";"SÃO PAULO";250002534231;28;45;"Aplicação de renda fixa (CDB, RDB e outros)";"LTN";"22344,76";"30/07/2026";"18:43:38"
"03/08/2026";"16:31:03";2026;2;"Eleição Ordinária";6259;"Eleições Gerais Estaduais 2026";"04/10/2026";"SP";"SP";"SÃO PAULO";250002534231;30;45;"Aplicação de renda fixa (CDB, RDB e outros)";"LFT";"383,64";"30/07/2026";"18:43:38"
"03/08/2026";"16:31:03";2026;2;"Eleição Ordinária";6259;"Eleições Gerais Estaduais 2026";"04/10/2026";"SP";"SP";"SÃO PAULO";250002534231;29;31;"Ações (inclusive as provenientes de linha telefônica)";"PETR4";"3653,76";"30/07/2026";"18:43:38"
"03/08/2026";"16:31:03";2026;2;"Eleição Ordinária";6259;"Eleições Gerais Estaduais 2026";"04/10/2026";"SP";"SP";"SÃO PAULO";250002534231;33;61;"Depósito bancário em conta corrente no País";"RDB NUBANK AG 0001 CONTA 85531175-1";"1797,60";"30/07/2026";"18:43:38"
"03/08/2026";"16:31:03";2026;2;"Eleição Ordinária";6259;"Eleições Gerais Estaduais 2026";"04/10/2026";"SP";"SP";"SÃO PAULO";250002534231;32;31;"Ações (inclusive as provenientes de linha telefônica)";"CXSE3";"1977,36";"30/07/2026";"18:43:38"
"03/08/2026";"16:31:03";2026;2;"Eleição Ordinária";6259;"Eleições Gerais Estaduais 2026";"04/10/2026";"SP";"SP";"SÃO PAULO";250002534231;31;31;"Ações (inclusive as provenientes de linha telefônica)";"B3SA3";"3382,91";"30/07/2026";"18:43:38"
"03/08/2026";"16:31:03";2026;2;"Eleição Ordinária";6259;"Eleições Gerais Estaduais 2026";"04/10/2026";"SP";"SP";"SÃO PAULO";250002534231;35;31;"Ações (inclusive as provenientes de linha telefônica)";"AXIA3";"1779,22";"30/07/2026";"18:43:38"
"03/08/2026";"16:31:03";2026;2;"Eleição Ordinária";6259;"Eleições Gerais Estaduais 2026";"04/10/2026";"SP";"SP";"SÃO PAULO";250002534231;36;31;"Ações (inclusive as provenientes de linha telefônica)";"AXIA7";"1820,16";"30/07/2026";"18:43:38"
"03/08/2026";"16:31:03";2026;2;"Eleição Ordinária";6259;"Eleições Gerais Estaduais 2026";"04/10/2026";"SP";"SP";"SÃO PAULO";250002534231;34;72;"Fundo de Longo Prazo e Fundo de Investimentos em Direitos Creditórios (FIDC)";"XP DEBÊNTURES INCENTIVADAS CDI CP FIF INCENTIVADO DE INVESTIMENTO EM INFRA RF RL";"24475,93";"30/07/2026";"18:43:38"
"03/08/2026";"16:31:03";2026;2;"Eleição Ordinária";6259;"Eleições Gerais Estaduais 2026";"04/10/2026";"SP";"SP";"SÃO PAULO";250002534231;39;45;"Aplicação de renda fixa (CDB, RDB e outros)";"CDB FACTA FINANCEIRA - NOV/2026";"205541,23";"30/07/2026";"18:43:38"
"03/08/2026";"16:31:03";2026;2;"Eleição Ordinária";6259;"Eleições Gerais Estaduais 2026";"04/10/2026";"SP";"SP";"SÃO PAULO";250002534231;38;31;"Ações (inclusive as provenientes de linha telefônica)";"ITUB4";"5568,34";"30/07/2026";"18:43:38"
"03/08/2026";"16:31:03";2026;2;"Eleição Ordinária";6259;"Eleições Gerais Estaduais 2026";"04/10/2026";"SP";"SP";"SÃO PAULO";250002534231;37;31;"Ações (inclusive as provenientes de linha telefônica)";"CPLE3";"5510,00";"30/07/2026";"18:43:38"
"03/08/2026";"16:31:03";2026;2;"Eleição Ordinária";6259;"Eleições Gerais Estaduais 2026";"04/10/2026";"SP";"SP";"SÃO PAULO";250002534231;41;21;"Veículo automotor terrestre: caminhão, automóvel, moto, etc.";"CARRO CHEVROLET/CLASSIC ANO 2011/2012";"18000,00";"30/07/2026";"18:43:38"
"03/08/2026";"16:31:03";2026;2;"Eleição Ordinária";6259;"Eleições Gerais Estaduais 2026";"04/10/2026";"SP";"SP";"SÃO PAULO";250002534231;42;61;"Depósito bancário em conta corrente no País";"CDB BRADESCO AS";"14740,09";"30/07/2026";"18:43:38"
"03/08/2026";"16:31:03";2026;2;"Eleição Ordinária";6259;"Eleições Gerais Estaduais 2026";"04/10/2026";"SP";"SP";"SÃO PAULO";250002534231;40;31;"Ações (inclusive as provenientes de linha telefônica)";"ENGI11";"1755,60";"30/07/2026";"18:43:38"
"03/08/2026";"16:31:03";2026;2;"Eleição Ordinária";6259;"Eleições Gerais Estaduais 2026";"04/10/2026";"SP";"SP";"SÃO PAULO";250002534231;43;45;"Aplicação de renda fixa (CDB, RDB e outros)";"NTN-B - MAI/2033";"37730,25";"30/07/2026";"18:43:38"
"03/08/2026";"16:31:03";2026;2;"Eleição Ordinária";6259;"Eleições Gerais Estaduais 2026";"04/10/2026";"SP";"SP";"SÃO PAULO";250002534231;45;95;"Consórcio não contemplado";"XSS ADMINISTRADORA DE CONSORCIOS AS - SALDO DEVEDOR R$108.542,16";"34694,91";"30/07/2026";"18:43:38"
"03/08/2026";"16:31:03";2026;2;"Eleição Ordinária";6259;"Eleições Gerais Estaduais 2026";"04/10/2026";"SP";"SP";"SÃO PAULO";250002534231;44;31;"Ações (inclusive as provenientes de linha telefônica)";"PRIO3";"1825,84";"30/07/2026";"18:43:38"
"03/08/2026";"16:31:03";2026;2;"Eleição Ordinária";6259;"Eleições Gerais Estaduais 2026";"04/10/2026";"SP";"SP";"SÃO PAULO";250002534231;46;32;"Quotas ou quinhões de capital";"80% CAPITAL SOCIAL AGENCIA FIORI DIAS DIGITAL CNPJ 48.438.697/0001-03";"8000,00";"30/07/2026";"18:43:38"
"03/08/2026";"16:31:03";2026;2;"Eleição Ordinária";6259;"Eleições Gerais Estaduais 2026";"04/10/2026";"SP";"SP";"SÃO PAULO";250002534232;1;21;"Veículo automotor terrestre: caminhão, automóvel, moto, etc.";"COROLLA 2018";"111700,00";"30/07/2026";"18:43:38"
"03/08/2026";"16:31:03";2026;2;"Eleição Ordinária";6259;"Eleições Gerais Estaduais 2026";"04/10/2026";"SP";"SP";"SÃO PAULO";250002534232;2;11;"Apartamento";"IMOVEL RESIDENCIAL";"1443627,05";"30/07/2026";"18:43:38"
"03/08/2026";"16:31:03";2026;2;"Eleição Ordinária";6259;"Eleições Gerais Estaduais 2026";"04/10/2026";"SP";"SP";"SÃO PAULO";250002534232;5;21;"Veículo automotor terrestre: caminhão, automóvel, moto, etc.";"FOX 2021";"74516,32";"30/07/2026";"18:43:38"
"03/08/2026";"16:31:03";2026;2;"Eleição Ordinária";6259;"Eleições Gerais Estaduais 2026";"04/10/2026";"SP";"SP";"SÃO PAULO";250002534232;4;19;"Outros bens imóveis";"IMOVEL COMERCIAL";"350000,00";"30/07/2026";"18:43:38"
"03/08/2026";"16:31:03";2026;2;"Eleição Ordinária";6259;"Eleições Gerais Estaduais 2026";"04/10/2026";"SP";"SP";"SÃO PAULO";250002534232;3;19;"Outros bens imóveis";"IMOVEL RURAL";"55540,00";"30/07/2026";"18:43:38"
"03/08/2026";"16:31:03";2026;2;"Eleição Ordinária";6259;"Eleições Gerais Estaduais 2026";"04/10/2026";"SP";"SP";"SÃO PAULO";250002534232;6;21;"Veículo automotor terrestre: caminhão, automóvel, moto, etc.";"STRADA 2025";"97776,80";"30/07/2026";"18:43:38"
"03/08/2026";"16:31:03";2026;2;"Eleição Ordinária";6259;"Eleições Gerais Estaduais 2026";"04/10/2026";"SP";"SP";"SÃO PAULO";250002534232;8;99;"OUTROS BENS E DIREITOS";"OUTROS BENS E DIREITOS";"3120619,08";"30/07/2026";"18:43:38"
"03/08/2026";"16:31:03";2026;2;"Eleição Ordinária";6259;"Eleições Gerais Estaduais 2026";"04/10/2026";"SP";"SP";"SÃO PAULO";250002534232;7;49;"Outras aplicações e Investimentos";"INVESTIMENTOS FINANCEIROS";"1334361,51";"30/07/2026";"18:43:38"
"03/08/2026";"16:31:03";2026;2;"Eleição Ordinária";6259;"Eleições Gerais Estaduais 2026";"04/10/2026";"SP";"SP";"SÃO PAULO";250002534233;1;21;"Veículo automotor terrestre: caminhão, automóvel, moto, etc.";"MARCA BYD - MODELO DOLPHIN MINI - ANO 24/25";"95000,00";"30/07/2026";"18:43:51"
"03/08/2026";"16:31:03";2026;2;"Eleição Ordinária";6259;"Eleições Gerais Estaduais 2026";"04/10/2026";"SP";"SP";"SÃO PAULO";250002534233;2;21;"Veículo automotor terrestre: caminhão, automóvel, moto, etc.";"MARCA GAC - MODELO HYPTEC HT ULTRA 25/26";"299000,00";"30/07/2026";"18:43:51"
"03/08/2026";"16:31:03";2026;2;"Eleição Ordinária";6259;"Eleições Gerais Estaduais 2026";"04/10/2026";"SP";"SP";"SÃO PAULO";250002534233;3;11;"Apartamento";"55 METROS EM BARUERI/SP";"500000,00";"30/07/2026";"18:43:51"
"03/08/2026";"16:31:03";2026;2;"Eleição Ordinária";6259;"Eleições Gerais Estaduais 2026";"04/10/2026";"SP";"SP";"SÃO PAULO";250002534236;2;21;"Veículo automotor terrestre: caminhão, automóvel, moto, etc.";"VEICULO VW/GOLF HIGHLINE AB - ABI FAB/ANO MOD 2018/2018";"87500,00";"30/07/2026";"18:43:38"
"03/08/2026";"16:31:03";2026;2;"Eleição Ordinária";6259;"Eleições Gerais Estaduais 2026";"04/10/2026";"SP";"SP";"SÃO PAULO";250002534236;1;41;"Caderneta de poupança";"CONTA POUPANCA E LETRAS HIPOTECARIAS";"7,55";"30/07/2026";"18:43:38"
"03/08/2026";"16:31:03";2026;2;"Eleição Ordinária";6259;"Eleições Gerais Estaduais 2026";"04/10/2026";"SP";"SP";"SÃO PAULO";250002534234;1;11;"Apartamento";"50% APARTAMENTO MOEMA";"1500000,00";"30/07/2026";"18:43:38"
"03/08/2026";"16:31:03";2026;2;"Eleição Ordinária";6259;"Eleições Gerais Estaduais 2026";"04/10/2026";"SP";"SP";"SÃO PAULO";250002534237;1;21;"Veículo automotor terrestre: caminhão, automóvel, moto, etc.";"HONDA FIT 2005";"35000,00";"30/07/2026";"18:43:52"
"03/08/2026";"16:31:03";2026;2;"Eleição Ordinária";6259;"Eleições Gerais Estaduais 2026";"04/10/2026";"SP";"SP";"SÃO PAULO";250002534237;2;21;"Veículo automotor terrestre: caminhão, automóvel, moto, etc.";"XRE250 JORNADA 2006";"11900,00";"30/07/2026";"18:43:52"
"03/08/2026";"16:31:03";2026;2;"Eleição Ordinária";6259;"Eleições Gerais Estaduais 2026";"04/10/2026";"SP";"SP";"SÃO PAULO";250002534238;1;45;"Aplicação de renda fixa (CDB, RDB e outros)";"BANCO DO BRASIL";"133,84";"30/07/2026";"18:43:56"
"03/08/2026";"16:31:03";2026;2;"Eleição Ordinária";6259;"Eleições Gerais Estaduais 2026";"04/10/2026";"SP";"SP";"SÃO PAULO";250002534238;4;21;"Veículo automotor terrestre: caminhão, automóvel, moto, etc.";"TOYOTA/CROSS XRE 20, ANO 2022/2023, PLACA FSZ9C84";"198500,00";"30/07/2026";"18:43:56"
"03/08/2026";"16:31:03";2026;2;"Eleição Ordinária";6259;"Eleições Gerais Estaduais 2026";"04/10/2026";"SP";"SP";"SÃO PAULO";250002534238;3;45;"Aplicação de renda fixa (CDB, RDB e outros)";"CDB DI - BANCO DO BRASIL";"96058,61";"30/07/2026";"18:43:56"
"03/08/2026";"16:31:03";2026;2;"Eleição Ordinária";6259;"Eleições Gerais Estaduais 2026";"04/10/2026";"SP";"SP";"SÃO PAULO";250002534238;2;11;"Apartamento";"50% DO APARTAMENTO DE 145,6 METROS EM PRAIA GRANDE - FORMAL PARTILHA";"48848,08";"30/07/2026";"18:43:56"
"03/08/2026";"16:31:03";2026;2;"Eleição Ordinária";6259;"Eleições Gerais Estaduais 2026";"04/10/2026";"SP";"SP";"SÃO PAULO";250002534238;5;45;"Aplicação de renda fixa (CDB, RDB e outros)";"RF LP TESOURO SELIC";"251855,71";"30/07/2026";"18:43:56"
"03/08/2026";"16:31:03";2026;2;"Eleição Ordinária";6259;"Eleições Gerais Estaduais 2026";"04/10/2026";"SP";"SP";"SÃO PAULO";250002534238;6;45;"Aplicação de renda fixa (CDB, RDB e outros)";"BANCO DO BRASIL";"17974,00";"30/07/2026";"18:43:56"
"03/08/2026";"16:31:03";2026;2;"Eleição Ordinária";6259;"Eleições Gerais Estaduais 2026";"04/10/2026";"SP";"SP";"SÃO PAULO";250002534238;7;45;"Aplicação de renda fixa (CDB, RDB e outros)";"EQUILIBRIO BB - CNPJ 53.191.473/0001-80";"2098,72";"30/07/2026";"18:43:56"
"03/08/2026";"16:31:03";2026;2;"Eleição Ordinária";6259;"Eleições Gerais Estaduais 2026";"04/10/2026";"SP";"SP";"SÃO PAULO";250002534238;8;45;"Aplicação de renda fixa (CDB, RDB e outros)";"BB REF DI PLUS AGIL";"30719,04";"30/07/2026";"18:43:56"
"03/08/2026";"16:31:03";2026;2;"Eleição Ordinária";6259;"Eleições Gerais Estaduais 2026";"04/10/2026";"SP";"SP";"SÃO PAULO";250002534238;10;11;"Apartamento";"APARTAMENTO DE 188 METROS EM SÃO PAULO";"260624,77";"30/07/2026";"18:43:56"
"03/08/2026";"16:31:03";2026;2;"Eleição Ordinária";6259;"Eleições Gerais Estaduais 2026";"04/10/2026";"SP";"SP";"SÃO PAULO";250002534238;9;49;"Outras aplicações e Investimentos";"BRASIL PREV SEGUROS E PREVIDÊNCIA S/A";"64284,71";"30/07/2026";"18:43:56"
"03/08/2026";"16:31:03";2026;2;"Eleição Ordinária";6259;"Eleições Gerais Estaduais 2026";"04/10/2026";"SP";"SP";"SÃO PAULO";250002534238;11;12;"Casa";"50% DA CASA MEDIANTE INVENTÁRIO - 172 METROS EM SÃO PAULO";"36740,50";"30/07/2026";"18:43:56"
"03/08/2026";"16:31:03";2026;2;"Eleição Ordinária";6259;"Eleições Gerais Estaduais 2026";"04/10/2026";"SP";"SP";"SÃO PAULO";250002534239;1;11;"Apartamento";"UM APARTAMENTO A RUA NHANDEARAS NO BAIRRO DE VILA CARRÃO - SÃO PAULO, SP";"79483,00";"30/07/2026";"18:43:51"
"03/08/2026";"16:31:03";2026;2;"Eleição Ordinária";6259;"Eleições Gerais Estaduais 2026";"04/10/2026";"SP";"SP";"SÃO PAULO";250002534239;2;19;"Outros bens imóveis";"25% IMOVEL AV DAS CEREJEIRAS NO BAIRRO DE JARDIM JAPÃO - SÃO PAULO, SP";"297243,75";"30/07/2026";"18:43:51"
"03/08/2026";"16:31:03";2026;2;"Eleição Ordinária";6259;"Eleições Gerais Estaduais 2026";"04/10/2026";"SP";"SP";"SÃO PAULO";250002534239;4;41;"Caderneta de poupança";"DEPOSITO CONTA POUPANÇA - BANCO DO BRASIL";"2904,06";"30/07/2026";"18:43:51"
"03/08/2026";"16:31:03";2026;2;"Eleição Ordinária";6259;"Eleições Gerais Estaduais 2026";"04/10/2026";"SP";"SP";"SÃO PAULO";250002534239;5;61;"Depósito bancário em conta corrente no País";"DEPOSITO EM CONTA CORRENTE - BANCO DO BRASIL";"33830,24";"30/07/2026";"18:43:51"
"03/08/2026";"16:31:03";2026;2;"Eleição Ordinária";6259;"Eleições Gerais Estaduais 2026";"04/10/2026";"SP";"SP";"SÃO PAULO";250002534239;3;19;"Outros bens imóveis";"25% IMOVEL AV AMADEU POLI NO BAIRRO DE PARQUE NOVO MUNDO - SÃO PAULO, SP";"62168,50";"30/07/2026";"18:43:51"
"03/08/2026";"16:31:03";2026;2;"Eleição Ordinária";6259;"Eleições Gerais Estaduais 2026";"04/10/2026";"SP";"SP";"SÃO PAULO";250002534239;6;21;"Veículo automotor terrestre: caminhão, automóvel, moto, etc.";"CAOACHERY TIGGO 8 1.6TGDI - 2020/2020";"125000,00";"30/07/2026";"18:43:51"
"03/08/2026";"16:31:03";2026;2;"Eleição Ordinária";6259;"Eleições Gerais Estaduais 2026";"04/10/2026";"SP";"SP";"SÃO PAULO";250002534239;7;49;"Outras aplicações e Investimentos";"SANTANDER EQUILIBRIO ULTRA RENDA FIXA REFERENCIADO DI CREDITO PRIVAD";"1475,24";"30/07/2026";"18:43:51"
"03/08/2026";"16:31:03";2026;2;"Eleição Ordinária";6259;"Eleições Gerais Estaduais 2026";"04/10/2026";"SP";"SP";"SÃO PAULO";250002534239;8;19;"Outros bens imóveis";"25% IMOVEL AV CONCEIÇÃO NO BAIRRO DE JARDIM JAPAO - SÃO PAULO, SP";"107148,88";"30/07/2026";"18:43:51"
"03/08/2026";"16:31:03";2026;2;"Eleição Ordinária";6259;"Eleições Gerais Estaduais 2026";"04/10/2026";"SP";"SP";"SÃO PAULO";250002534239;10;21;"Veículo automotor terrestre: caminhão, automóvel, moto, etc.";"HYUNDAI CRETA - 2019/2019";"81080,00";"30/07/2026";"18:43:51"
"03/08/2026";"16:31:03";2026;2;"Eleição Ordinária";6259;"Eleições Gerais Estaduais 2026";"04/10/2026";"SP";"SP";"SÃO PAULO";250002534239;11;11;"Apartamento";"UM APARTAMENTO A RUA NHANDEARAS NO BAIRRO DE VILA CARRÃO - SÃO PAULO, SP";"945905,00";"30/07/2026";"18:43:51"
"03/08/2026";"16:31:03";2026;2;"Eleição Ordinária";6259;"Eleições Gerais Estaduais 2026";"04/10/2026";"SP";"SP";"SÃO PAULO";250002534239;9;19;"Outros bens imóveis";"25% IMOVEL AV NOSSA SENHORA DO LORETO NO BAIRRO DE VILA MEDEIROS - SÃO PAULO, SP";"150242,75";"30/07/2026";"18:43:51"
"03/08/2026";"16:31:03";2026;2;"Eleição Ordinária";6259;"Eleições Gerais Estaduais 2026";"04/10/2026";"SP";"SP";"SÃO PAULO";250002534241;2;11;"Apartamento";"APARTAMENTO DE 140 METROS EM SÃO PAULO";"500000,00";"30/07/2026";"18:43:54"
"03/08/2026";"16:31:03";2026;2;"Eleição Ordinária";6259;"Eleições Gerais Estaduais 2026";"04/10/2026";"SP";"SP";"SÃO PAULO";250002534241;1;11;"Apartamento";"APARTAMENTO DE 105 METROS EM SP";"400000,00";"30/07/2026";"18:43:54"
"03/08/2026";"16:31:03";2026;2;"Eleição Ordinária";6259;"Eleições Gerais Estaduais 2026";"04/10/2026";"SP";"SP";"SÃO PAULO";250002534241;3;19;"Outros bens imóveis";"CLÍNICA DE 100 METROS EM SÃO PAULO";"500000,00";"30/07/2026";"18:43:54"
"03/08/2026";"16:31:03";2026;2;"Eleição Ordinária";6259;"Eleições Gerais Estaduais 2026";"04/10/2026";"SP";"SP";"SÃO PAULO";250002534241;6;21;"Veículo automotor terrestre: caminhão, automóvel, moto, etc.";"AUMOTÓVEL HONDA HRV";"90000,00";"30/07/2026";"18:43:54"
"03/08/2026";"16:31:03";2026;2;"Eleição Ordinária";6259;"Eleições Gerais Estaduais 2026";"04/10/2026";"SP";"SP";"SÃO PAULO";250002534241;5;21;"Veículo automotor terrestre: caminhão, automóvel, moto, etc.";"AUTOMÓVEL HONDA ESPORTIVO";"140000,00";"30/07/2026";"18:43:54"
"03/08/2026";"16:31:03";2026;2;"Eleição Ordinária";6259;"Eleições Gerais Estaduais 2026";"04/10/2026";"SP";"SP";"SÃO PAULO";250002534241;4;12;"Casa";"CASA DE 300 METROS NA GRANDE SÃO PAULO";"400000,00";"30/07/2026";"18:43:54"
"03/08/2026";"16:31:03";2026;2;"Eleição Ordinária";6259;"Eleições Gerais Estaduais 2026";"04/10/2026";"SP";"SP";"SÃO PAULO";250002534241;7;12;"Casa";"CASA NA GRANDE SÃO PAULO 100 METROS";"200000,00";"30/07/2026";"18:43:54"
"03/08/2026";"16:31:03";2026;2;"Eleição Ordinária";6259;"Eleições Gerais Estaduais 2026";"04/10/2026";"SP";"SP";"SÃO PAULO";250002534242;2;99;"OUTROS BENS E DIREITOS";"LOJA 60 DA RUA CLODOMIRO AMAZONAS 1158 SP";"38000,00";"30/07/2026";"18:43:38"
"03/08/2026";"16:31:03";2026;2;"Eleição Ordinária";6259;"Eleições Gerais Estaduais 2026";"04/10/2026";"SP";"SP";"SÃO PAULO";250002534242;1;99;"OUTROS BENS E DIREITOS";"LOJA 51 DA RUA CLODOMIRO AMAZONAS 1158 SP";"60000,00";"30/07/2026";"18:43:38"
"03/08/2026";"16:31:03";2026;2;"Eleição Ordinária";6259;"Eleições Gerais Estaduais 2026";"04/10/2026";"SP";"SP";"SÃO PAULO";250002534242;4;21;"Veículo automotor terrestre: caminhão, automóvel, moto, etc.";"1 MOTOCICLETA HONRA NX";"13500,00";"30/07/2026";"18:43:38"
"03/08/2026";"16:31:03";2026;2;"Eleição Ordinária";6259;"Eleições Gerais Estaduais 2026";"04/10/2026";"SP";"SP";"SÃO PAULO";250002534242;3;99;"OUTROS BENS E DIREITOS";"LOJA 14 DA RUA CLODOMIRO AMAZONAS 1158 SP";"55000,00";"30/07/2026";"18:43:38"
"03/08/2026";"16:31:03";2026;2;"Eleição Ordinária";6259;"Eleições Gerais Estaduais 2026";"04/10/2026";"SP";"SP";"SÃO PAULO";250002534242;5;31;"Ações (inclusive as provenientes de linha telefônica)";"3720 AÇÕES AMER3";"169389,18";"30/07/2026";"18:43:38"
"03/08/2026";"16:31:03";2026;2;"Eleição Ordinária";6259;"Eleições Gerais Estaduais 2026";"04/10/2026";"SP";"SP";"SÃO PAULO";250002534242;6;31;"Ações (inclusive as provenientes de linha telefônica)";"70000 AÇÕES DA EMPRESA MSRCINV";"69575,00";"30/07/2026";"18:43:38"
"03/08/2026";"16:31:03";2026;2;"Eleição Ordinária";6259;"Eleições Gerais Estaduais 2026";"04/10/2026";"SP";"SP";"SÃO PAULO";250002534242;7;31;"Ações (inclusive as provenientes de linha telefônica)";"28 AÇÕES ON TELEFONICA BRASIL";"963,20";"30/07/2026";"18:43:38"
"03/08/2026";"16:31:03";2026;2;"Eleição Ordinária";6259;"Eleições Gerais Estaduais 2026";"04/10/2026";"SP";"SP";"SÃO PAULO";250002534242;8;31;"Ações (inclusive as provenientes de linha telefônica)";"31 AÇÕES ON TIM";"336,87";"30/07/2026";"18:43:38"
"03/08/2026";"16:31:03";2026;2;"Eleição Ordinária";6259;"Eleições Gerais Estaduais 2026";"04/10/2026";"SP";"SP";"SÃO PAULO";250002534242;10;31;"Ações (inclusive as provenientes de linha telefônica)";"1800 AÇÕES GFSA3";"87799,81";"30/07/2026";"18:43:38"
"03/08/2026";"16:31:03";2026;2;"Eleição Ordinária";6259;"Eleições Gerais Estaduais 2026";"04/10/2026";"SP";"SP";"SÃO PAULO";250002534242;9;31;"Ações (inclusive as provenientes de linha telefônica)";"4000 AÇÕES ALPA4";"83624,27";"30/07/2026";"18:43:38"
"03/08/2026";"16:31:03";2026;2;"Eleição Ordinária";6259;"Eleições Gerais Estaduais 2026";"04/10/2026";"SP";"SP";"SÃO PAULO";250002534242;11;31;"Ações (inclusive as provenientes de linha telefônica)";"27100 AÇÕES PETZ3";"156679,47";"30/07/2026";"18:43:38"
"03/08/2026";"16:31:03";2026;2;"Eleição Ordinária";6259;"Eleições Gerais Estaduais 2026";"04/10/2026";"SP";"SP";"SÃO PAULO";250002534242;13;41;"Caderneta de poupança";"CADERNETA DA POUPANÇA BANCO BRADESCO";"221365,62";"30/07/2026";"18:43:38"
"03/08/2026";"16:31:03";2026;2;"Eleição Ordinária";6259;"Eleições Gerais Estaduais 2026";"04/10/2026";"SP";"SP";"SÃO PAULO";250002534242;14;41;"Caderneta de poupança";"CADERNETA DE POUPANÇA BANCO DO BRASIL";"43227,76";"30/07/2026";"18:43:38"
"03/08/2026";"16:31:03";2026;2;"Eleição Ordinária";6259;"Eleições Gerais Estaduais 2026";"04/10/2026";"SP";"SP";"SÃO PAULO";250002534242;12;31;"Ações (inclusive as provenientes de linha telefônica)";"22900 AÇÕES POSI3";"149132,01";"30/07/2026";"18:43:38"
"03/08/2026";"16:31:03";2026;2;"Eleição Ordinária";6259;"Eleições Gerais Estaduais 2026";"04/10/2026";"SP";"SP";"SÃO PAULO";250002534242;17;31;"Ações (inclusive as provenientes de linha telefônica)";"AÇÕES DA EMPRESA CLJINV ADM PART SA.";"650009,00";"30/07/2026";"18:43:38"
"03/08/2026";"16:31:03";2026;2;"Eleição Ordinária";6259;"Eleições Gerais Estaduais 2026";"04/10/2026";"SP";"SP";"SÃO PAULO";250002534242;15;31;"Ações (inclusive as provenientes de linha telefônica)";"2100 BDRS XPBR31 XP INC";"350578,60";"30/07/2026";"18:43:38"
"03/08/2026";"16:31:03";2026;2;"Eleição Ordinária";6259;"Eleições Gerais Estaduais 2026";"04/10/2026";"SP";"SP";"SÃO PAULO";250002534242;16;31;"Ações (inclusive as provenientes de linha telefônica)";"110 AÇÕES QR CME CF BITCOIN REFERENCE RATE FUNDO DE INDICE INVESTIMENTO NO EXTERIOR QBTC1";"2360,75";"30/07/2026";"18:43:38"
"03/08/2026";"16:31:03";2026;2;"Eleição Ordinária";6259;"Eleições Gerais Estaduais 2026";"04/10/2026";"SP";"SP";"SÃO PAULO";250002534242;19;12;"Casa";"SETENTA POR CENTO PARTE IDEAL DO IMOVEL DA AV PE ANCHIETA, PERUIBE";"68577,60";"30/07/2026";"18:43:38"
"03/08/2026";"16:31:03";2026;2;"Eleição Ordinária";6259;"Eleições Gerais Estaduais 2026";"04/10/2026";"SP";"SP";"SÃO PAULO";250002534242;18;61;"Depósito bancário em conta corrente no País";"XP INFVESTIMENTOS E CORRETORA DE CAMBO";"14680,72";"30/07/2026";"18:43:38"
"03/08/2026";"16:31:03";2026;2;"Eleição Ordinária";6259;"Eleições Gerais Estaduais 2026";"04/10/2026";"SP";"SP";"SÃO PAULO";250002534242;20;31;"Ações (inclusive as provenientes de linha telefônica)";"16600 AÇÕES AZUL4";"207835,78";"30/07/2026";"18:43:38"
"03/08/2026";"16:31:03";2026;2;"Eleição Ordinária";6259;"Eleições Gerais Estaduais 2026";"04/10/2026";"SP";"SP";"SÃO PAULO";250002534242;21;31;"Ações (inclusive as provenientes de linha telefônica)";"20600 AÇÕES MGLU3";"323993,72";"30/07/2026";"18:43:38"
"03/08/2026";"16:31:03";2026;2;"Eleição Ordinária";6259;"Eleições Gerais Estaduais 2026";"04/10/2026";"SP";"SP";"SÃO PAULO";250002534242;22;31;"Ações (inclusive as provenientes de linha telefônica)";"10000 AÇÕES NTC¿¿";"127327,57";"30/07/2026";"18:43:38"
"03/08/2026";"16:31:03";2026;2;"Eleição Ordinária";6259;"Eleições Gerais Estaduais 2026";"04/10/2026";"SP";"SP";"SÃO PAULO";250002534242;23;31;"Ações (inclusive as provenientes de linha telefônica)";"150 BDRS DISB34 WALT DISNEY";"6607,01";"30/07/2026";"18:43:38"
"03/08/2026";"16:31:03";2026;2;"Eleição Ordinária";6259;"Eleições Gerais Estaduais 2026";"04/10/2026";"SP";"SP";"SÃO PAULO";250002534242;24;31;"Ações (inclusive as provenientes de linha telefônica)";"36000 AÇÕES AMAR3";"61933,86";"30/07/2026";"18:43:38"
"03/08/2026";"16:31:03";2026;2;"Eleição Ordinária";6259;"Eleições Gerais Estaduais 2026";"04/10/2026";"SP";"SP";"SÃO PAULO";250002534242;25;31;"Ações (inclusive as provenientes de linha telefônica)";"8600 AÇÕES BEEF3";"55528,15";"30/07/2026";"18:43:38"
"03/08/2026";"16:31:03";2026;2;"Eleição Ordinária";6259;"Eleições Gerais Estaduais 2026";"04/10/2026";"SP";"SP";"SÃO PAULO";250002534242;26;31;"Ações (inclusive as provenientes de linha telefônica)";"8000 AÇÕES BHIA";"208412,88";"30/07/2026";"18:43:38"
"03/08/2026";"16:31:03";2026;2;"Eleição Ordinária";6259;"Eleições Gerais Estaduais 2026";"04/10/2026";"SP";"SP";"SÃO PAULO";250002534242;27;31;"Ações (inclusive as provenientes de linha telefônica)";"4000 AÇÕES YDUQ3";"45457,23";"30/07/2026";"18:43:38"
"03/08/2026";"16:31:03";2026;2;"Eleição Ordinária";6259;"Eleições Gerais Estaduais 2026";"04/10/2026";"SP";"SP";"SÃO PAULO";250002534242;28;61;"Depósito bancário em conta corrente no País";"CONTA CORRENTE BRADESCO";"1,00";"30/07/2026";"18:43:38"
"03/08/2026";"16:31:03";2026;2;"Eleição Ordinária";6259;"Eleições Gerais Estaduais 2026";"04/10/2026";"SP";"SP";"SÃO PAULO";250002534242;29;63;"Dinheiro em espécie - moeda nacional";"DINHEIRO EM ESPECIE EM MEU PODER";"30000,00";"30/07/2026";"18:43:38"
"03/08/2026";"16:31:03";2026;2;"Eleição Ordinária";6259;"Eleições Gerais Estaduais 2026";"04/10/2026";"SP";"SP";"SÃO PAULO";250002534242;30;99;"OUTROS BENS E DIREITOS";"LOJA 22 DA RUA CLODOMIRO AMAZONAS 1158 SP";"35000,00";"30/07/2026";"18:43:38"
"03/08/2026";"16:31:03";2026;2;"Eleição Ordinária";6259;"Eleições Gerais Estaduais 2026";"04/10/2026";"SP";"SP";"SÃO PAULO";250002534242;31;31;"Ações (inclusive as provenientes de linha telefônica)";"11800 AÇÕES CASH3";"81473,13";"30/07/2026";"18:43:38"
"03/08/2026";"16:31:03";2026;2;"Eleição Ordinária";6259;"Eleições Gerais Estaduais 2026";"04/10/2026";"SP";"SP";"SÃO PAULO";250002534242;32;31;"Ações (inclusive as provenientes de linha telefônica)";"9000 AÇÕES GUAR3";"76965,59";"30/07/2026";"18:43:38"
"03/08/2026";"16:31:03";2026;2;"Eleição Ordinária";6259;"Eleições Gerais Estaduais 2026";"04/10/2026";"SP";"SP";"SÃO PAULO";250002534242;35;31;"Ações (inclusive as provenientes de linha telefônica)";"21500 AÇÕES ASAI3";"178265,55";"30/07/2026";"18:43:38"
"03/08/2026";"16:31:03";2026;2;"Eleição Ordinária";6259;"Eleições Gerais Estaduais 2026";"04/10/2026";"SP";"SP";"SÃO PAULO";250002534242;33;31;"Ações (inclusive as provenientes de linha telefônica)";"3077 AÇÕES GOLL4";"163649,03";"30/07/2026";"18:43:38"
"03/08/2026";"16:31:03";2026;2;"Eleição Ordinária";6259;"Eleições Gerais Estaduais 2026";"04/10/2026";"SP";"SP";"SÃO PAULO";250002534242;34;49;"Outras aplicações e Investimentos";"208COTAS DE FUNDO DE INVESTIMENTO ETFS IVESTO MARKETVECTOR BITCOIN HOLD11";"50619,47";"30/07/2026";"18:43:38"
"03/08/2026";"16:31:03";2026;2;"Eleição Ordinária";6259;"Eleições Gerais Estaduais 2026";"04/10/2026";"SP";"SP";"SÃO PAULO";250002534242;36;31;"Ações (inclusive as provenientes de linha telefônica)";"14000 AÇÕES LWSA3";"100741,48";"30/07/2026";"18:43:38"
"03/08/2026";"16:31:03";2026;2;"Eleição Ordinária";6259;"Eleições Gerais Estaduais 2026";"04/10/2026";"SP";"SP";"SÃO PAULO";250002534242;37;31;"Ações (inclusive as provenientes de linha telefônica)";"7600 AÇÕES SEQL3";"161180,05";"30/07/2026";"18:43:38"
"03/08/2026";"16:31:03";2026;2;"Eleição Ordinária";6259;"Eleições Gerais Estaduais 2026";"04/10/2026";"SP";"SP";"SÃO PAULO";250002534242;38;31;"Ações (inclusive as provenientes de linha telefônica)";"1399 AÇÕES DE AZZAS 2154";"83904,46";"30/07/2026";"18:43:38"
"03/08/2026";"16:31:03";2026;2;"Eleição Ordinária";6259;"Eleições Gerais Estaduais 2026";"04/10/2026";"SP";"SP";"SÃO PAULO";250002534242;39;12;"Casa";"CASA SITUADA PORTO DE IBIUNA";"304480,00";"30/07/2026";"18:43:38"
"03/08/2026";"16:31:03";2026;2;"Eleição Ordinária";6259;"Eleições Gerais Estaduais 2026";"04/10/2026";"SP";"SP";"SÃO PAULO";250002534242;41;31;"Ações (inclusive as provenientes de linha telefônica)";"54000 AÇÕES CVCB3";"171597,00";"30/07/2026";"18:43:38"
"03/08/2026";"16:31:03";2026;2;"Eleição Ordinária";6259;"Eleições Gerais Estaduais 2026";"04/10/2026";"SP";"SP";"SÃO PAULO";250002534242;40;13;"Terreno";"UM TERRENO NO COND. TERRAS DE STA CRISTINA GLEBA IV NO MUNICIPIO ARUJA";"3000,00";"30/07/2026";"18:43:38"
"03/08/2026";"16:31:03";2026;2;"Eleição Ordinária";6259;"Eleições Gerais Estaduais 2026";"04/10/2026";"SP";"SP";"SÃO PAULO";250002534242;42;31;"Ações (inclusive as provenientes de linha telefônica)";"500 AÇÕES CASH3";"5624,49";"30/07/2026";"18:43:38"
"03/08/2026";"16:31:03";2026;2;"Eleição Ordinária";6259;"Eleições Gerais Estaduais 2026";"04/10/2026";"SP";"SP";"SÃO PAULO";250002534242;43;49;"Outras aplicações e Investimentos";"1800 BDRS XPBR31 XP INC";"281616,74";"30/07/2026";"18:43:38"
"03/08/2026";"16:31:03";2026;2;"Eleição Ordinária";6259;"Eleições Gerais Estaduais 2026";"04/10/2026";"SP";"SP";"SÃO PAULO";250002534242;44;49;"Outras aplicações e Investimentos";"500 BDRS PYPL34 PAYPAL HOLDINGS";"18160,24";"30/07/2026";"18:43:38"
"03/08/2026";"16:31:03";2026;2;"Eleição Ordinária";6259;"Eleições Gerais Estaduais 2026";"04/10/2026";"SP";"SP";"SÃO PAULO";250002534244;2;32;"Quotas ou quinhões de capital";"PARTICIPAÇÃO DE 100% DO CAPITAL SOCIAL DA EMPRESA BELLI ATACADO E VAREJO LTDA. CNPJ: 42.195.201/0001-31";"110000,00";"30/07/2026";"18:43:58"
"03/08/2026";"16:31:03";2026;2;"Eleição Ordinária";6259;"Eleições Gerais Estaduais 2026";"04/10/2026";"SP";"SP";"SÃO PAULO";250002534244;1;32;"Quotas ou quinhões de capital";"ARTICIPAÇÃO DE 100% DO CAPITAL SOCIAL DA EMPRESA FABELLI REPRESENTAÇÕES LTDA. CNPJ: 96.522.552/0001-39";"5000,00";"30/07/2026";"18:43:58"
"03/08/2026";"16:31:03";2026;2;"Eleição Ordinária";6259;"Eleições Gerais Estaduais 2026";"04/10/2026";"SP";"SP";"SÃO PAULO";250002534242;45;61;"Depósito bancário em conta corrente no País";"CONTA CORRENTE BANCO XP";"25,23";"30/07/2026";"18:43:38"
"03/08/2026";"16:31:03";2026;2;"Eleição Ordinária";6259;"Eleições Gerais Estaduais 2026";"04/10/2026";"SP";"SP";"SÃO PAULO";250002534245;3;29;"Outros bens móveis";"MARCA GELOPAC COM 2 PORTAS";"3300,00";"30/07/2026";"18:43:48"
"03/08/2026";"16:31:03";2026;2;"Eleição Ordinária";6259;"Eleições Gerais Estaduais 2026";"04/10/2026";"SP";"SP";"SÃO PAULO";250002534245;1;29;"Outros bens móveis";"MARCA GELOPAC COM 2 PORTAS MEDINDO 3.50 X 5,50 MT";"55000,00";"30/07/2026";"18:43:48"
"03/08/2026";"16:31:03";2026;2;"Eleição Ordinária";6259;"Eleições Gerais Estaduais 2026";"04/10/2026";"SP";"SP";"SÃO PAULO";250002534245;2;29;"Outros bens móveis";"MARCA GELOPAC COM 2 PORTAS MEDINDO 3.50 X 5,50 MT";"55000,00";"30/07/2026";"18:43:48"
"03/08/2026";"16:31:03";2026;2;"Eleição Ordinária";6259;"Eleições Gerais Estaduais 2026";"04/10/2026";"SP";"SP";"SÃO PAULO";250002534245;4;29;"Outros bens móveis";"MARCA GELOPAC COM 2 PORTAS";"3300,00";"30/07/2026";"18:43:48"
"03/08/2026";"16:31:03";2026;2;"Eleição Ordinária";6259;"Eleições Gerais Estaduais 2026";"04/10/2026";"SP";"SP";"SÃO PAULO";250002534245;5;29;"Outros bens móveis";"MARCA GELOPAC COM 2 PORTAS";"3300,00";"30/07/2026";"18:43:48"
"03/08/2026";"16:31:03";2026;2;"Eleição Ordinária";6259;"Eleições Gerais Estaduais 2026";"04/10/2026";"SP";"SP";"SÃO PAULO";250002534245;6;29;"Outros bens móveis";"MARCA GELOPAC COM 2 PORTAS";"3300,00";"30/07/2026";"18:43:48"
"03/08/2026";"16:31:03";2026;2;"Eleição Ordinária";6259;"Eleições Gerais Estaduais 2026";"04/10/2026";"SP";"SP";"SÃO PAULO";250002534245;7;29;"Outros bens móveis";"MARCA GELOPAC COM 2 PORTAS";"3300,00";"30/07/2026";"18:43:48"
"03/08/2026";"16:31:03";2026;2;"Eleição Ordinária";6259;"Eleições Gerais Estaduais 2026";"04/10/2026";"SP";"SP";"SÃO PAULO";250002534245;8;29;"Outros bens móveis";"QUIOSQUE EM AÇO INOX MEDINDO 4 X 2 MTS = 8 M2";"28000,00";"30/07/2026";"18:43:48"
"03/08/2026";"16:31:03";2026;2;"Eleição Ordinária";6259;"Eleições Gerais Estaduais 2026";"04/10/2026";"SP";"SP";"SÃO PAULO";250002534245;9;29;"Outros bens móveis";"QUIOSQUE EM AÇO INOX MEDINDO 4 X 2 MTS = 8 M2";"28000,00";"30/07/2026";"18:43:48"
"03/08/2026";"16:31:03";2026;2;"Eleição Ordinária";6259;"Eleições Gerais Estaduais 2026";"04/10/2026";"SP";"SP";"SÃO PAULO";250002534245;10;29;"Outros bens móveis";"QUIOSQUE EM AÇO INOX MEDINDO 4 X 2 MTS = 8 M2";"28000,00";"30/07/2026";"18:43:48"
"03/08/2026";"16:31:03";2026;2;"Eleição Ordinária";6259;"Eleições Gerais Estaduais 2026";"04/10/2026";"SP";"SP";"SÃO PAULO";250002534245;11;29;"Outros bens móveis";"QUIOSQUE EM AÇO INOX MEDINDO 4 X 2 MTS = 8 M2";"28000,00";"30/07/2026";"18:43:48"
"03/08/2026";"16:31:03";2026;2;"Eleição Ordinária";6259;"Eleições Gerais Estaduais 2026";"04/10/2026";"SP";"SP";"SÃO PAULO";250002534245;12;29;"Outros bens móveis";"QUIOSQUE EM AÇO INOX MEDINDO 4 X 2 MTS = 8 M2";"28000,00";"30/07/2026";"18:43:48"
"03/08/2026";"16:31:03";2026;2;"Eleição Ordinária";6259;"Eleições Gerais Estaduais 2026";"04/10/2026";"SP";"SP";"SÃO PAULO";250002534245;13;29;"Outros bens móveis";"MARCA GELOPAC COM 2 PORTAS";"3300,00";"30/07/2026";"18:43:48"
"03/08/2026";"16:31:03";2026;2;"Eleição Ordinária";6259;"Eleições Gerais Estaduais 2026";"04/10/2026";"SP";"SP";"SÃO PAULO";250002534245;14;29;"Outros bens móveis";"QUIOSQUE EM AÇO INOX MEDINDO 4 X 2 MTS = 8 M2";"28000,00";"30/07/2026";"18:43:48"
"03/08/2026";"16:31:03";2026;2;"Eleição Ordinária";6259;"Eleições Gerais Estaduais 2026";"04/10/2026";"SP";"SP";"SÃO PAULO";250002534245;15;29;"Outros bens móveis";"QUIOSQUE EM AÇO INOX MEDINDO 4 X 2 MTS = 8 M2";"28000,00";"30/07/2026";"18:43:48"
"03/08/2026";"16:31:03";2026;2;"Eleição Ordinária";6259;"Eleições Gerais Estaduais 2026";"04/10/2026";"SP";"SP";"SÃO PAULO";250002534245;16;29;"Outros bens móveis";"QUIOSQUE EM AÇO INOX MEDINDO 4 X 2 MTS = 8 M2";"28000,00";"30/07/2026";"18:43:48"
"03/08/2026";"16:31:03";2026;2;"Eleição Ordinária";6259;"Eleições Gerais Estaduais 2026";"04/10/2026";"SP";"SP";"SÃO PAULO";250002534245;18;29;"Outros bens móveis";"MARCA GELOPAC COM 2 PORTAS";"3300,00";"30/07/2026";"18:43:48"
"03/08/2026";"16:31:03";2026;2;"Eleição Ordinária";6259;"Eleições Gerais Estaduais 2026";"04/10/2026";"SP";"SP";"SÃO PAULO";250002534245;17;29;"Outros bens móveis";"MARCA GELOPAC COM 2 PORTAS";"3300,00";"30/07/2026";"18:43:48"
"03/08/2026";"16:31:03";2026;2;"Eleição Ordinária";6259;"Eleições Gerais Estaduais 2026";"04/10/2026";"SP";"SP";"SÃO PAULO";250002534246;1;11;"Apartamento";"IMOVEL RESIDENCIAL NO BAIRRO DO SOCORRO";"570000,00";"30/07/2026";"18:43:38"
"03/08/2026";"16:31:03";2026;2;"Eleição Ordinária";6259;"Eleições Gerais Estaduais 2026";"04/10/2026";"SP";"SP";"SÃO PAULO";250002534247;1;95;"Consórcio não contemplado";"CONSORCIO BANCO DO BRASIL";"3415,00";"30/07/2026";"18:43:38"
"03/08/2026";"16:31:03";2026;2;"Eleição Ordinária";6259;"Eleições Gerais Estaduais 2026";"04/10/2026";"SP";"SP";"SÃO PAULO";250002534247;2;13;"Terreno";"COTA DE 25% EM PARTICIPAÇÃO DE EMPRESA DE LOCAÇÃO DE MOTOS COM SEDE EM UBERLANDIA-MG";"37500,00";"30/07/2026";"18:43:38"
"03/08/2026";"16:31:03";2026;2;"Eleição Ordinária";6259;"Eleições Gerais Estaduais 2026";"04/10/2026";"SP";"SP";"SÃO PAULO";250002534251;1;12;"Casa";"FLAT DE 29 METROS EM SÃO PAULO/SP";"225000,00";"30/07/2026";"18:43:38"
"03/08/2026";"16:31:03";2026;2;"Eleição Ordinária";6259;"Eleições Gerais Estaduais 2026";"04/10/2026";"SP";"SP";"SÃO PAULO";250002534251;2;12;"Casa";"FLAT DE 29 METROS EM SÃO PAULO/SP";"160000,00";"30/07/2026";"18:43:38"
"03/08/2026";"16:31:03";2026;2;"Eleição Ordinária";6259;"Eleições Gerais Estaduais 2026";"04/10/2026";"SP";"SP";"SÃO PAULO";250002534251;3;12;"Casa";"FLAT DE 29 METROS EM SÃO PAULO/SP";"117226,06";"30/07/2026";"18:43:38"
"03/08/2026";"16:31:03";2026;2;"Eleição Ordinária";6259;"Eleições Gerais Estaduais 2026";"04/10/2026";"SP";"SP";"SÃO PAULO";250002534251;6;12;"Casa";"APTO DE 55 METROS EM SÃO PAULO/SP";"253465,69";"30/07/2026";"18:43:38"
"03/08/2026";"16:31:03";2026;2;"Eleição Ordinária";6259;"Eleições Gerais Estaduais 2026";"04/10/2026";"SP";"SP";"SÃO PAULO";250002534251;4;12;"Casa";"APTO DE 266 METORS EM SÃO PAULO /SP";"857281,56";"30/07/2026";"18:43:38"
"03/08/2026";"16:31:03";2026;2;"Eleição Ordinária";6259;"Eleições Gerais Estaduais 2026";"04/10/2026";"SP";"SP";"SÃO PAULO";250002534251;5;99;"OUTROS BENS E DIREITOS";"BANCO BTG PACTUAL AS";"40000,00";"30/07/2026";"18:43:38"
"03/08/2026";"16:31:03";2026;2;"Eleição Ordinária";6259;"Eleições Gerais Estaduais 2026";"04/10/2026";"SP";"SP";"SÃO PAULO";250002534251;7;45;"Aplicação de renda fixa (CDB, RDB e outros)";"BB RENDA FIXA SIMPLES CASHBACK";"163,66";"30/07/2026";"18:43:38"
"03/08/2026";"16:31:03";2026;2;"Eleição Ordinária";6259;"Eleições Gerais Estaduais 2026";"04/10/2026";"SP";"SP";"SÃO PAULO";250002534251;8;61;"Depósito bancário em conta corrente no País";"CAIXA ECONOMICA";"1305,50";"30/07/2026";"18:43:38"
"03/08/2026";"16:31:03";2026;2;"Eleição Ordinária";6259;"Eleições Gerais Estaduais 2026";"04/10/2026";"SP";"SP";"SÃO PAULO";250002534251;9;49;"Outras aplicações e Investimentos";"TITULO DE CAPITALICAO BANCO BRADESCO";"614,91";"30/07/2026";"18:43:38"
"03/08/2026";"16:31:03";2026;2;"Eleição Ordinária";6259;"Eleições Gerais Estaduais 2026";"04/10/2026";"SP";"SP";"SÃO PAULO";250002534251;10;12;"Casa";"CASA DE 220 METROS EM SÃO PAULO/SP";"80000,00";"30/07/2026";"18:43:38"
"03/08/2026";"16:31:03";2026;2;"Eleição Ordinária";6259;"Eleições Gerais Estaduais 2026";"04/10/2026";"SP";"SP";"SÃO PAULO";250002534251;11;12;"Casa";"CASA DE 500 METROS EM EMBU GUAÇU/SP";"120000,00";"30/07/2026";"18:43:38"
"03/08/2026";"16:31:03";2026;2;"Eleição Ordinária";6259;"Eleições Gerais Estaduais 2026";"04/10/2026";"SP";"SP";"SÃO PAULO";250002534251;12;99;"OUTROS BENS E DIREITOS";"BANCO DO BRASIL";"163,63";"30/07/2026";"18:43:38"
"03/08/2026";"16:31:03";2026;2;"Eleição Ordinária";6259;"Eleições Gerais Estaduais 2026";"04/10/2026";"SP";"SP";"SÃO PAULO";250002534251;14;99;"OUTROS BENS E DIREITOS";"BANCO BTG PACTUAL AS";"3000,00";"30/07/2026";"18:43:38"
"03/08/2026";"16:31:03";2026;2;"Eleição Ordinária";6259;"Eleições Gerais Estaduais 2026";"04/10/2026";"SP";"SP";"SÃO PAULO";250002534251;13;61;"Depósito bancário em conta corrente no País";"CAIXA ECONOMICA";"657,17";"30/07/2026";"18:43:38"
"03/08/2026";"16:31:03";2026;2;"Eleição Ordinária";6259;"Eleições Gerais Estaduais 2026";"04/10/2026";"SP";"SP";"SÃO PAULO";250002534251;15;95;"Consórcio não contemplado";"BRADESCO";"46167,97";"30/07/2026";"18:43:38"
"03/08/2026";"16:31:03";2026;2;"Eleição Ordinária";6259;"Eleições Gerais Estaduais 2026";"04/10/2026";"SP";"SP";"SÃO PAULO";250002534251;18;45;"Aplicação de renda fixa (CDB, RDB e outros)";"APLICACOES RENDA FIXA BANCO XP";"5000,00";"30/07/2026";"18:43:38"
"03/08/2026";"16:31:03";2026;2;"Eleição Ordinária";6259;"Eleições Gerais Estaduais 2026";"04/10/2026";"SP";"SP";"SÃO PAULO";250002534251;16;41;"Caderneta de poupança";"BRADESCO";"105,13";"30/07/2026";"18:43:38"
"03/08/2026";"16:31:03";2026;2;"Eleição Ordinária";6259;"Eleições Gerais Estaduais 2026";"04/10/2026";"SP";"SP";"SÃO PAULO";250002534251;17;72;"Fundo de Longo Prazo e Fundo de Investimentos em Direitos Creditórios (FIDC)";"BRADESCO";"70,24";"30/07/2026";"18:43:38"
"03/08/2026";"16:31:03";2026;2;"Eleição Ordinária";6259;"Eleições Gerais Estaduais 2026";"04/10/2026";"SP";"SP";"SÃO PAULO";250002534251;21;45;"Aplicação de renda fixa (CDB, RDB e outros)";"SULAMERICA EXCELLENCE FIF RENDA FIXA CREDITO";"3186,87";"30/07/2026";"18:43:38"
"03/08/2026";"16:31:03";2026;2;"Eleição Ordinária";6259;"Eleições Gerais Estaduais 2026";"04/10/2026";"SP";"SP";"SÃO PAULO";250002534251;20;99;"OUTROS BENS E DIREITOS";"APLICACOES PIC PAY";"150,00";"30/07/2026";"18:43:38"
"03/08/2026";"16:31:03";2026;2;"Eleição Ordinária";6259;"Eleições Gerais Estaduais 2026";"04/10/2026";"SP";"SP";"SÃO PAULO";250002534251;19;99;"OUTROS BENS E DIREITOS";"BANCO DO BRASIL";"74,09";"30/07/2026";"18:43:38"
"03/08/2026";"16:31:03";2026;2;"Eleição Ordinária";6259;"Eleições Gerais Estaduais 2026";"04/10/2026";"SP";"SP";"SÃO PAULO";250002534251;22;45;"Aplicação de renda fixa (CDB, RDB e outros)";"RDB - CDB ITAU";"14098,20";"30/07/2026";"18:43:38"
"03/08/2026";"16:31:03";2026;2;"Eleição Ordinária";6259;"Eleições Gerais Estaduais 2026";"04/10/2026";"SP";"SP";"SÃO PAULO";250002534251;24;99;"OUTROS BENS E DIREITOS";"FUNDOS DE ENVESTIMENTO BANCO XP";"214569,10";"30/07/2026";"18:43:38"
"03/08/2026";"16:31:03";2026;2;"Eleição Ordinária";6259;"Eleições Gerais Estaduais 2026";"04/10/2026";"SP";"SP";"SÃO PAULO";250002534251;23;99;"OUTROS BENS E DIREITOS";"BANCO BTG PACTUAL AS";"3000,00";"30/07/2026";"18:43:38"
"03/08/2026";"16:31:03";2026;2;"Eleição Ordinária";6259;"Eleições Gerais Estaduais 2026";"04/10/2026";"SP";"SP";"SÃO PAULO";250002534251;25;45;"Aplicação de renda fixa (CDB, RDB e outros)";"PLANO ITAU DE CAPITALIZACAO";"5283,33";"30/07/2026";"18:43:38"
"03/08/2026";"16:31:03";2026;2;"Eleição Ordinária";6259;"Eleições Gerais Estaduais 2026";"04/10/2026";"SP";"SP";"SÃO PAULO";250002534251;26;99;"OUTROS BENS E DIREITOS";"XP INVESTIMENTOS";"10000,00";"30/07/2026";"18:43:38"
"03/08/2026";"16:31:03";2026;2;"Eleição Ordinária";6259;"Eleições Gerais Estaduais 2026";"04/10/2026";"SP";"SP";"SÃO PAULO";250002534251;27;99;"OUTROS BENS E DIREITOS";"BANCO BTG PACTUAL AS";"3186,87";"30/07/2026";"18:43:38"
"03/08/2026";"16:31:03";2026;2;"Eleição Ordinária";6259;"Eleições Gerais Estaduais 2026";"04/10/2026";"SP";"SP";"SÃO PAULO";250002534254;1;45;"Aplicação de renda fixa (CDB, RDB e outros)";"APLICAÇÃO FINANCEIRA EM RENDA FIXA CDB NO BANCO ITAU";"37668,17";"30/07/2026";"18:43:38"
"03/08/2026";"16:31:03";2026;2;"Eleição Ordinária";6259;"Eleições Gerais Estaduais 2026";"04/10/2026";"SP";"SP";"SÃO PAULO";250002534254;2;45;"Aplicação de renda fixa (CDB, RDB e outros)";"SALDO EM MOEDA CORRENTE NO BANCO SANTADER";"8331,12";"30/07/2026";"18:43:38"
"03/08/2026";"16:31:03";2026;2;"Eleição Ordinária";6259;"Eleições Gerais Estaduais 2026";"04/10/2026";"SP";"SP";"SÃO PAULO";250002534254;3;45;"Aplicação de renda fixa (CDB, RDB e outros)";"SALDO EM MOEDA CORRENTE NO BANCO MERCADO PAGO";"2678,33";"30/07/2026";"18:43:38"
"03/08/2026";"16:31:03";2026;2;"Eleição Ordinária";6259;"Eleições Gerais Estaduais 2026";"04/10/2026";"SP";"SP";"SÃO PAULO";250002534254;4;12;"Casa";"CASA DE 143 METROS EM SÃO PAULO/ SP";"150000,00";"30/07/2026";"18:43:38"
"03/08/2026";"16:31:03";2026;2;"Eleição Ordinária";6259;"Eleições Gerais Estaduais 2026";"04/10/2026";"SP";"SP";"SÃO PAULO";250002534255;2;12;"Casa";"25% DE UMA CASA EM SÃO PAULO";"25000,00";"30/07/2026";"18:43:38"
"03/08/2026";"16:31:03";2026;2;"Eleição Ordinária";6259;"Eleições Gerais Estaduais 2026";"04/10/2026";"SP";"SP";"SÃO PAULO";250002534255;1;11;"Apartamento";"13,25% DE APARTAMENTO EM SÃO PAULO";"142437,50";"30/07/2026";"18:43:38"
"03/08/2026";"16:31:03";2026;2;"Eleição Ordinária";6259;"Eleições Gerais Estaduais 2026";"04/10/2026";"SP";"SP";"SÃO PAULO";250002534255;4;31;"Ações (inclusive as provenientes de linha telefônica)";"AÇÕES KLBN4";"5,70";"30/07/2026";"18:43:38"
"03/08/2026";"16:31:03";2026;2;"Eleição Ordinária";6259;"Eleições Gerais Estaduais 2026";"04/10/2026";"SP";"SP";"SÃO PAULO";250002534255;3;13;"Terreno";"25% DE 04 LOTES EM SÃO PAULO";"23161,12";"30/07/2026";"18:43:38"
"03/08/2026";"16:31:03";2026;2;"Eleição Ordinária";6259;"Eleições Gerais Estaduais 2026";"04/10/2026";"SP";"SP";"SÃO PAULO";250002534255;5;49;"Outras aplicações e Investimentos";"COTAS MCC11 16207,68";"16207,68";"30/07/2026";"18:43:38"
"03/08/2026";"16:31:03";2026;2;"Eleição Ordinária";6259;"Eleições Gerais Estaduais 2026";"04/10/2026";"SP";"SP";"SÃO PAULO";250002534255;8;49;"Outras aplicações e Investimentos";"COTAS XPIE11";"66749,26";"30/07/2026";"18:43:38"
"03/08/2026";"16:31:03";2026;2;"Eleição Ordinária";6259;"Eleições Gerais Estaduais 2026";"04/10/2026";"SP";"SP";"SÃO PAULO";250002534255;6;49;"Outras aplicações e Investimentos";"FUNDOS DE INVESTIMENTOS XP";"1860,40";"30/07/2026";"18:43:38"
"03/08/2026";"16:31:03";2026;2;"Eleição Ordinária";6259;"Eleições Gerais Estaduais 2026";"04/10/2026";"SP";"SP";"SÃO PAULO";250002534255;7;49;"Outras aplicações e Investimentos";"CRÉDITOS A RECEBER ITAÚ S/A";"103,60";"30/07/2026";"18:43:38"
"03/08/2026";"16:31:03";2026;2;"Eleição Ordinária";6259;"Eleições Gerais Estaduais 2026";"04/10/2026";"SP";"SP";"SÃO PAULO";250002534255;9;49;"Outras aplicações e Investimentos";"CRÉDITOS A RECEBER CIA DE SANEAMENTO DO PARANÁ";"1612,67";"30/07/2026";"18:43:38"
"03/08/2026";"16:31:03";2026;2;"Eleição Ordinária";6259;"Eleições Gerais Estaduais 2026";"04/10/2026";"SP";"SP";"SÃO PAULO";250002534255;10;49;"Outras aplicações e Investimentos";"CRÉDITOS A RECEBER KLABIN S/A";"0,36";"30/07/2026";"18:43:38"
"03/08/2026";"16:31:03";2026;2;"Eleição Ordinária";6259;"Eleições Gerais Estaduais 2026";"04/10/2026";"SP";"SP";"SÃO PAULO";250002534255;11;49;"Outras aplicações e Investimentos";"CRÉDITOS A RECEBER PETROBRÁS";"290,49";"30/07/2026";"18:43:38"
"03/08/2026";"16:31:03";2026;2;"Eleição Ordinária";6259;"Eleições Gerais Estaduais 2026";"04/10/2026";"SP";"SP";"SÃO PAULO";250002534255;14;45;"Aplicação de renda fixa (CDB, RDB e outros)";"APLICAÇÃO RENDA FIXA XP";"46000,00";"30/07/2026";"18:43:38"
"03/08/2026";"16:31:03";2026;2;"Eleição Ordinária";6259;"Eleições Gerais Estaduais 2026";"04/10/2026";"SP";"SP";"SÃO PAULO";250002534255;12;45;"Aplicação de renda fixa (CDB, RDB e outros)";"APLICAÇÃO RENDA FIXA XP";"67990,99";"30/07/2026";"18:43:38"
"03/08/2026";"16:31:03";2026;2;"Eleição Ordinária";6259;"Eleições Gerais Estaduais 2026";"04/10/2026";"SP";"SP";"SÃO PAULO";250002534255;13;49;"Outras aplicações e Investimentos";"COTAS RZTR11";"24494,81";"30/07/2026";"18:43:38"
"03/08/2026";"16:31:03";2026;2;"Eleição Ordinária";6259;"Eleições Gerais Estaduais 2026";"04/10/2026";"SP";"SP";"SÃO PAULO";250002534255;17;13;"Terreno";"25% DE 03 LOTES EM DIADEMA";"10653,13";"30/07/2026";"18:43:38"
"03/08/2026";"16:31:03";2026;2;"Eleição Ordinária";6259;"Eleições Gerais Estaduais 2026";"04/10/2026";"SP";"SP";"SÃO PAULO";250002534255;15;49;"Outras aplicações e Investimentos";"COTAS HGRE11";"6263,36";"30/07/2026";"18:43:38"
"03/08/2026";"16:31:03";2026;2;"Eleição Ordinária";6259;"Eleições Gerais Estaduais 2026";"04/10/2026";"SP";"SP";"SÃO PAULO";250002534255;16;49;"Outras aplicações e Investimentos";"COTAS IWB11";"17915,15";"30/07/2026";"18:43:38"
"03/08/2026";"16:31:03";2026;2;"Eleição Ordinária";6259;"Eleições Gerais Estaduais 2026";"04/10/2026";"SP";"SP";"SÃO PAULO";250002534255;18;12;"Casa";"25% DE UM IMÓVEL EM SÃO PAULO";"12500,00";"30/07/2026";"18:43:38"
"03/08/2026";"16:31:03";2026;2;"Eleição Ordinária";6259;"Eleições Gerais Estaduais 2026";"04/10/2026";"SP";"SP";"SÃO PAULO";250002534255;20;21;"Veículo automotor terrestre: caminhão, automóvel, moto, etc.";"25% CAMRY TOYOTA 2009";"31250,00";"30/07/2026";"18:43:38"
"03/08/2026";"16:31:03";2026;2;"Eleição Ordinária";6259;"Eleições Gerais Estaduais 2026";"04/10/2026";"SP";"SP";"SÃO PAULO";250002534255;19;19;"Outros bens imóveis";"25% DE 02 PRÉDIOS COMERCIAIS EM SÃO PAULO";"6939,73";"30/07/2026";"18:43:38"
"03/08/2026";"16:31:03";2026;2;"Eleição Ordinária";6259;"Eleições Gerais Estaduais 2026";"04/10/2026";"SP";"SP";"SÃO PAULO";250002534255;22;12;"Casa";"25% DE UMA CASA EM SÃO BERNARDO DO CAMPO";"17867,17";"30/07/2026";"18:43:38"
"03/08/2026";"16:31:03";2026;2;"Eleição Ordinária";6259;"Eleições Gerais Estaduais 2026";"04/10/2026";"SP";"SP";"SÃO PAULO";250002534255;23;45;"Aplicação de renda fixa (CDB, RDB e outros)";"APLICAÇÃO RENDA FIXA XP";"11900,00";"30/07/2026";"18:43:38"
"03/08/2026";"16:31:03";2026;2;"Eleição Ordinária";6259;"Eleições Gerais Estaduais 2026";"04/10/2026";"SP";"SP";"SÃO PAULO";250002534255;21;31;"Ações (inclusive as provenientes de linha telefônica)";"AÇÕES VITRU3";"18477,00";"30/07/2026";"18:43:38"
"03/08/2026";"16:31:03";2026;2;"Eleição Ordinária";6259;"Eleições Gerais Estaduais 2026";"04/10/2026";"SP";"SP";"SÃO PAULO";250002534255;24;45;"Aplicação de renda fixa (CDB, RDB e outros)";"APLICAÇÃO RENDA FIXA XP";"57000,00";"30/07/2026";"18:43:38"
"03/08/2026";"16:31:03";2026;2;"Eleição Ordinária";6259;"Eleições Gerais Estaduais 2026";"04/10/2026";"SP";"SP";"SÃO PAULO";250002534255;25;45;"Aplicação de renda fixa (CDB, RDB e outros)";"APLICAÇÃO RENDA FIXA XP";"12182,83";"30/07/2026";"18:43:38"
"03/08/2026";"16:31:03";2026;2;"Eleição Ordinária";6259;"Eleições Gerais Estaduais 2026";"04/10/2026";"SP";"SP";"SÃO PAULO";250002534255;26;45;"Aplicação de renda fixa (CDB, RDB e outros)";"APLICAÇÃO RENDA FIXA XP";"144000,00";"30/07/2026";"18:43:38"
"03/08/2026";"16:31:03";2026;2;"Eleição Ordinária";6259;"Eleições Gerais Estaduais 2026";"04/10/2026";"SP";"SP";"SÃO PAULO";250002534255;28;45;"Aplicação de renda fixa (CDB, RDB e outros)";"APLICAÇÃO RENDA FIXA XP";"25000,00";"30/07/2026";"18:43:38"
"03/08/2026";"16:31:03";2026;2;"Eleição Ordinária";6259;"Eleições Gerais Estaduais 2026";"04/10/2026";"SP";"SP";"SÃO PAULO";250002534255;27;45;"Aplicação de renda fixa (CDB, RDB e outros)";"APLICAÇÃO RENDA FIXA XP";"20000,00";"30/07/2026";"18:43:38"
"03/08/2026";"16:31:03";2026;2;"Eleição Ordinária";6259;"Eleições Gerais Estaduais 2026";"04/10/2026";"SP";"SP";"SÃO PAULO";250002534255;29;45;"Aplicação de renda fixa (CDB, RDB e outros)";"APLICAÇÃO RENDA FIXA XP";"145800,00";"30/07/2026";"18:43:38"
"03/08/2026";"16:31:03";2026;2;"Eleição Ordinária";6259;"Eleições Gerais Estaduais 2026";"04/10/2026";"SP";"SP";"SÃO PAULO";250002534255;30;45;"Aplicação de renda fixa (CDB, RDB e outros)";"APLICAÇÃO RENDA FIXA XP";"211548,00";"30/07/2026";"18:43:38"
"03/08/2026";"16:31:03";2026;2;"Eleição Ordinária";6259;"Eleições Gerais Estaduais 2026";"04/10/2026";"SP";"SP";"SÃO PAULO";250002534255;31;45;"Aplicação de renda fixa (CDB, RDB e outros)";"APLICAÇÃO RENDA FIXA XP";"60000,00";"30/07/2026";"18:43:38"
"03/08/2026";"16:31:03";2026;2;"Eleição Ordinária";6259;"Eleições Gerais Estaduais 2026";"04/10/2026";"SP";"SP";"SÃO PAULO";250002534255;32;49;"Outras aplicações e Investimentos";"COTAS BTC11";"18507,82";"30/07/2026";"18:43:38"
"03/08/2026";"16:31:03";2026;2;"Eleição Ordinária";6259;"Eleições Gerais Estaduais 2026";"04/10/2026";"SP";"SP";"SÃO PAULO";250002534255;35;31;"Ações (inclusive as provenientes de linha telefônica)";"AÇÕES UGPA3";"18505,09";"30/07/2026";"18:43:38"
"03/08/2026";"16:31:03";2026;2;"Eleição Ordinária";6259;"Eleições Gerais Estaduais 2026";"04/10/2026";"SP";"SP";"SÃO PAULO";250002534255;33;49;"Outras aplicações e Investimentos";"COTAS MCRE11";"24620,69";"30/07/2026";"18:43:38"
"03/08/2026";"16:31:03";2026;2;"Eleição Ordinária";6259;"Eleições Gerais Estaduais 2026";"04/10/2026";"SP";"SP";"SÃO PAULO";250002534255;34;49;"Outras aplicações e Investimentos";"CRÉDITOS A RECEBER VALE S/A";"593,67";"30/07/2026";"18:43:38"
"03/08/2026";"16:31:03";2026;2;"Eleição Ordinária";6259;"Eleições Gerais Estaduais 2026";"04/10/2026";"SP";"SP";"SÃO PAULO";250002534255;36;31;"Ações (inclusive as provenientes de linha telefônica)";"AÇÕES PLPL3";"17687,97";"30/07/2026";"18:43:38"
"03/08/2026";"16:31:03";2026;2;"Eleição Ordinária";6259;"Eleições Gerais Estaduais 2026";"04/10/2026";"SP";"SP";"SÃO PAULO";250002534255;37;31;"Ações (inclusive as provenientes de linha telefônica)";"AÇÕES SAPR11";"22380,93";"30/07/2026";"18:43:38"
"03/08/2026";"16:31:03";2026;2;"Eleição Ordinária";6259;"Eleições Gerais Estaduais 2026";"04/10/2026";"SP";"SP";"SÃO PAULO";250002534255;38;31;"Ações (inclusive as provenientes de linha telefônica)";"AÇÕES ENG11";"34811,02";"30/07/2026";"18:43:38"
"03/08/2026";"16:31:03";2026;2;"Eleição Ordinária";6259;"Eleições Gerais Estaduais 2026";"04/10/2026";"SP";"SP";"SÃO PAULO";250002534255;39;12;"Casa";"25% DE CASA EM DIADEMA";"17100,00";"30/07/2026";"18:43:38"
"03/08/2026";"16:31:03";2026;2;"Eleição Ordinária";6259;"Eleições Gerais Estaduais 2026";"04/10/2026";"SP";"SP";"SÃO PAULO";250002534255;40;45;"Aplicação de renda fixa (CDB, RDB e outros)";"APLICAÇÃO RENDA FIXA XP";"144000,00";"30/07/2026";"18:43:38"
"03/08/2026";"16:31:03";2026;2;"Eleição Ordinária";6259;"Eleições Gerais Estaduais 2026";"04/10/2026";"SP";"SP";"SÃO PAULO";250002534255;41;49;"Outras aplicações e Investimentos";"COTAS RBVA11";"13690,60";"30/07/2026";"18:43:38"
"03/08/2026";"16:31:03";2026;2;"Eleição Ordinária";6259;"Eleições Gerais Estaduais 2026";"04/10/2026";"SP";"SP";"SÃO PAULO";250002534255;43;45;"Aplicação de renda fixa (CDB, RDB e outros)";"APLICAÇÃO RENDA FIXA XP";"20000,00";"30/07/2026";"18:43:38"
"03/08/2026";"16:31:03";2026;2;"Eleição Ordinária";6259;"Eleições Gerais Estaduais 2026";"04/10/2026";"SP";"SP";"SÃO PAULO";250002534255;42;49;"Outras aplicações e Investimentos";"FUNDOS DE INVESTIMENTOS XP";"40000,00";"30/07/2026";"18:43:38"
"03/08/2026";"16:31:03";2026;2;"Eleição Ordinária";6259;"Eleições Gerais Estaduais 2026";"04/10/2026";"SP";"SP";"SÃO PAULO";250002534255;44;49;"Outras aplicações e Investimentos";"FUNDOS DE INVESTIMENTOS XP";"76328,64";"30/07/2026";"18:43:38"
"03/08/2026";"16:31:03";2026;2;"Eleição Ordinária";6259;"Eleições Gerais Estaduais 2026";"04/10/2026";"SP";"SP";"SÃO PAULO";250002534255;47;41;"Caderneta de poupança";"POUPANÇA";"307,12";"30/07/2026";"18:43:38"
"03/08/2026";"16:31:03";2026;2;"Eleição Ordinária";6259;"Eleições Gerais Estaduais 2026";"04/10/2026";"SP";"SP";"SÃO PAULO";250002534255;45;13;"Terreno";"30% DE 01 TERRENO EM DIADEMA";"258000,00";"30/07/2026";"18:43:38"
"03/08/2026";"16:31:03";2026;2;"Eleição Ordinária";6259;"Eleições Gerais Estaduais 2026";"04/10/2026";"SP";"SP";"SÃO PAULO";250002534255;46;13;"Terreno";"25% DE TERRENO EM DIADEMA";"354750,00";"30/07/2026";"18:43:38"
"03/08/2026";"16:31:03";2026;2;"Eleição Ordinária";6259;"Eleições Gerais Estaduais 2026";"04/10/2026";"SP";"SP";"SÃO PAULO";250002534255;48;45;"Aplicação de renda fixa (CDB, RDB e outros)";"APLICAÇÃO RENDA FIXA XP 7814,36";"7814,36";"30/07/2026";"18:43:38"
"03/08/2026";"16:31:03";2026;2;"Eleição Ordinária";6259;"Eleições Gerais Estaduais 2026";"04/10/2026";"SP";"SP";"SÃO PAULO";250002534255;49;45;"Aplicação de renda fixa (CDB, RDB e outros)";"APLICAÇÃO RENDA FIXA XP";"10000,00";"30/07/2026";"18:43:38"
"03/08/2026";"16:31:03";2026;2;"Eleição Ordinária";6259;"Eleições Gerais Estaduais 2026";"04/10/2026";"SP";"SP";"SÃO PAULO";250002534255;50;45;"Aplicação de renda fixa (CDB, RDB e outros)";"APLICAÇÃO RENDA FIXA XP";"100000,00";"30/07/2026";"18:43:38"
"03/08/2026";"16:31:03";2026;2;"Eleição Ordinária";6259;"Eleições Gerais Estaduais 2026";"04/10/2026";"SP";"SP";"SÃO PAULO";250002534255;53;45;"Aplicação de renda fixa (CDB, RDB e outros)";"APLICAÇÃO RENDA FIXA XP";"10891,23";"30/07/2026";"18:43:38"
"03/08/2026";"16:31:03";2026;2;"Eleição Ordinária";6259;"Eleições Gerais Estaduais 2026";"04/10/2026";"SP";"SP";"SÃO PAULO";250002534255;52;31;"Ações (inclusive as provenientes de linha telefônica)";"AÇÕES VALE3";"26897,29";"30/07/2026";"18:43:38"
"03/08/2026";"16:31:03";2026;2;"Eleição Ordinária";6259;"Eleições Gerais Estaduais 2026";"04/10/2026";"SP";"SP";"SÃO PAULO";250002534255;51;49;"Outras aplicações e Investimentos";"COTAS XPML";"11813,93";"30/07/2026";"18:43:38"
"03/08/2026";"16:31:03";2026;2;"Eleição Ordinária";6259;"Eleições Gerais Estaduais 2026";"04/10/2026";"SP";"SP";"SÃO PAULO";250002534255;56;31;"Ações (inclusive as provenientes de linha telefônica)";"AÇÕES SBSP3";"33917,71";"30/07/2026";"18:43:38"
"03/08/2026";"16:31:03";2026;2;"Eleição Ordinária";6259;"Eleições Gerais Estaduais 2026";"04/10/2026";"SP";"SP";"SÃO PAULO";250002534255;54;49;"Outras aplicações e Investimentos";"COTAS XP";"21338,02";"30/07/2026";"18:43:38"
"03/08/2026";"16:31:03";2026;2;"Eleição Ordinária";6259;"Eleições Gerais Estaduais 2026";"04/10/2026";"SP";"SP";"SÃO PAULO";250002534255;55;49;"Outras aplicações e Investimentos";"COTAS JSAF11";"19054,12";"30/07/2026";"18:43:38"
"03/08/2026";"16:31:03";2026;2;"Eleição Ordinária";6259;"Eleições Gerais Estaduais 2026";"04/10/2026";"SP";"SP";"SÃO PAULO";250002534255;59;31;"Ações (inclusive as provenientes de linha telefônica)";"AÇÕES PETR4";"31724,84";"30/07/2026";"18:43:38"
"03/08/2026";"16:31:03";2026;2;"Eleição Ordinária";6259;"Eleições Gerais Estaduais 2026";"04/10/2026";"SP";"SP";"SÃO PAULO";250002534255;57;49;"Outras aplicações e Investimentos";"FUNDOS DE INVESTIMENTOS XP";"26127,25";"30/07/2026";"18:43:38"
"03/08/2026";"16:31:03";2026;2;"Eleição Ordinária";6259;"Eleições Gerais Estaduais 2026";"04/10/2026";"SP";"SP";"SÃO PAULO";250002534255;58;49;"Outras aplicações e Investimentos";"COTAS VGIP";"19765,63";"30/07/2026";"18:43:38"
"03/08/2026";"16:31:03";2026;2;"Eleição Ordinária";6259;"Eleições Gerais Estaduais 2026";"04/10/2026";"SP";"SP";"SÃO PAULO";250002534255;62;45;"Aplicação de renda fixa (CDB, RDB e outros)";"APLICAÇÃO RENDA FIXA XP";"35000,00";"30/07/2026";"18:43:38"
"03/08/2026";"16:31:03";2026;2;"Eleição Ordinária";6259;"Eleições Gerais Estaduais 2026";"04/10/2026";"SP";"SP";"SÃO PAULO";250002534255;61;45;"Aplicação de renda fixa (CDB, RDB e outros)";"APLICAÇÃO RENDA FIXA XP";"129000,00";"30/07/2026";"18:43:38"
"03/08/2026";"16:31:03";2026;2;"Eleição Ordinária";6259;"Eleições Gerais Estaduais 2026";"04/10/2026";"SP";"SP";"SÃO PAULO";250002534255;60;97;"VGBL - Vida Gerador de Benefício Livre";"XP VIDA E PREVIDÊNCIA";"28999,98";"30/07/2026";"18:43:38"
"03/08/2026";"16:31:03";2026;2;"Eleição Ordinária";6259;"Eleições Gerais Estaduais 2026";"04/10/2026";"SP";"SP";"SÃO PAULO";250002534255;63;45;"Aplicação de renda fixa (CDB, RDB e outros)";"APLICAÇÃO RENDA FIXA XP";"84188,67";"30/07/2026";"18:43:38"
"03/08/2026";"16:31:03";2026;2;"Eleição Ordinária";6259;"Eleições Gerais Estaduais 2026";"04/10/2026";"SP";"SP";"SÃO PAULO";250002534255;65;49;"Outras aplicações e Investimentos";"COTAS PVB11";"15217,58";"30/07/2026";"18:43:38"
"03/08/2026";"16:31:03";2026;2;"Eleição Ordinária";6259;"Eleições Gerais Estaduais 2026";"04/10/2026";"SP";"SP";"SÃO PAULO";250002534255;64;49;"Outras aplicações e Investimentos";"FUNDOS DE INVESTIMENTOS XP";"25030,57";"30/07/2026";"18:43:38"
"03/08/2026";"16:31:03";2026;2;"Eleição Ordinária";6259;"Eleições Gerais Estaduais 2026";"04/10/2026";"SP";"SP";"SÃO PAULO";250002534255;66;49;"Outras aplicações e Investimentos";"COTAS SMAL11 29594,60";"29594,60";"30/07/2026";"18:43:38"
"03/08/2026";"16:31:03";2026;2;"Eleição Ordinária";6259;"Eleições Gerais Estaduais 2026";"04/10/2026";"SP";"SP";"SÃO PAULO";250002534255;68;49;"Outras aplicações e Investimentos";"FUNDOS DE INVESTIMENTOS XP";"10000,00";"30/07/2026";"18:43:38"
"03/08/2026";"16:31:03";2026;2;"Eleição Ordinária";6259;"Eleições Gerais Estaduais 2026";"04/10/2026";"SP";"SP";"SÃO PAULO";250002534255;67;49;"Outras aplicações e Investimentos";"CRÉDITOS A RECEBER MOURA DUBELIX";"5527,91";"30/07/2026";"18:43:38"
"03/08/2026";"16:31:03";2026;2;"Eleição Ordinária";6259;"Eleições Gerais Estaduais 2026";"04/10/2026";"SP";"SP";"SÃO PAULO";250002534255;71;11;"Apartamento";"25% DE APARTAMENTO EM SANTOS";"40000,00";"30/07/2026";"18:43:38"
"03/08/2026";"16:31:03";2026;2;"Eleição Ordinária";6259;"Eleições Gerais Estaduais 2026";"04/10/2026";"SP";"SP";"SÃO PAULO";250002534255;69;49;"Outras aplicações e Investimentos";"CRÉDITOS A RECEBER CIA DE SANEAMENTO BÁSICO DE SÃO PAULO";"585,82";"30/07/2026";"18:43:38"
"03/08/2026";"16:31:03";2026;2;"Eleição Ordinária";6259;"Eleições Gerais Estaduais 2026";"04/10/2026";"SP";"SP";"SÃO PAULO";250002534255;70;49;"Outras aplicações e Investimentos";"CRÉDITOS A RECEBER PETROBRÁS";"538,76";"30/07/2026";"18:43:38"
"03/08/2026";"16:31:03";2026;2;"Eleição Ordinária";6259;"Eleições Gerais Estaduais 2026";"04/10/2026";"SP";"SP";"SÃO PAULO";250002534255;72;45;"Aplicação de renda fixa (CDB, RDB e outros)";"APLICAÇÃO RENDA FIXA XP";"12755,68";"30/07/2026";"18:43:38"
"03/08/2026";"16:31:03";2026;2;"Eleição Ordinária";6259;"Eleições Gerais Estaduais 2026";"04/10/2026";"SP";"SP";"SÃO PAULO";250002534255;73;45;"Aplicação de renda fixa (CDB, RDB e outros)";"APLICAÇÃO RENDA FIXA XP";"94333,52";"30/07/2026";"18:43:38"
"03/08/2026";"16:31:03";2026;2;"Eleição Ordinária";6259;"Eleições Gerais Estaduais 2026";"04/10/2026";"SP";"SP";"SÃO PAULO";250002534255;74;45;"Aplicação de renda fixa (CDB, RDB e outros)";"APLICAÇÃO RENDA FIXA XP";"43404,76";"30/07/2026";"18:43:38"
"03/08/2026";"16:31:03";2026;2;"Eleição Ordinária";6259;"Eleições Gerais Estaduais 2026";"04/10/2026";"SP";"SP";"SÃO PAULO";250002534255;77;49;"Outras aplicações e Investimentos";"FUNDOS DE INVESTIMENTOS XP";"50105,28";"30/07/2026";"18:43:38"
"03/08/2026";"16:31:03";2026;2;"Eleição Ordinária";6259;"Eleições Gerais Estaduais 2026";"04/10/2026";"SP";"SP";"SÃO PAULO";250002534255;76;49;"Outras aplicações e Investimentos";"COTAS BBIG11";"11290,77";"30/07/2026";"18:43:38"
"03/08/2026";"16:31:03";2026;2;"Eleição Ordinária";6259;"Eleições Gerais Estaduais 2026";"04/10/2026";"SP";"SP";"SÃO PAULO";250002534255;75;49;"Outras aplicações e Investimentos";"COTAS GOLD11";"55059,70";"30/07/2026";"18:43:38"
"03/08/2026";"16:31:03";2026;2;"Eleição Ordinária";6259;"Eleições Gerais Estaduais 2026";"04/10/2026";"SP";"SP";"SÃO PAULO";250002534255;79;45;"Aplicação de renda fixa (CDB, RDB e outros)";"APLICAÇÃO RENDA FIXA XP";"14827,50";"30/07/2026";"18:43:38"
"03/08/2026";"16:31:03";2026;2;"Eleição Ordinária";6259;"Eleições Gerais Estaduais 2026";"04/10/2026";"SP";"SP";"SÃO PAULO";250002534255;80;45;"Aplicação de renda fixa (CDB, RDB e outros)";"APLICAÇÃO RENDA FIXA XP";"13000,00";"30/07/2026";"18:43:38"
"03/08/2026";"16:31:03";2026;2;"Eleição Ordinária";6259;"Eleições Gerais Estaduais 2026";"04/10/2026";"SP";"SP";"SÃO PAULO";250002534255;78;49;"Outras aplicações e Investimentos";"FUNDOS DE INVESTIMENTOS XP";"22207,04";"30/07/2026";"18:43:38"
"03/08/2026";"16:31:03";2026;2;"Eleição Ordinária";6259;"Eleições Gerais Estaduais 2026";"04/10/2026";"SP";"SP";"SÃO PAULO";250002534255;83;31;"Ações (inclusive as provenientes de linha telefônica)";"AÇÕES ITSA4";"32293,81";"30/07/2026";"18:43:38"
"03/08/2026";"16:31:03";2026;2;"Eleição Ordinária";6259;"Eleições Gerais Estaduais 2026";"04/10/2026";"SP";"SP";"SÃO PAULO";250002534255;82;19;"Outros bens imóveis";"25% DE 01 VAGA DE GARAGEM EM MOGI DAS CRUZES";"2502,65";"30/07/2026";"18:43:38"
"03/08/2026";"16:31:03";2026;2;"Eleição Ordinária";6259;"Eleições Gerais Estaduais 2026";"04/10/2026";"SP";"SP";"SÃO PAULO";250002534255;81;49;"Outras aplicações e Investimentos";"COTAS BCDB11";"10147,30";"30/07/2026";"18:43:38"
"03/08/2026";"16:31:03";2026;2;"Eleição Ordinária";6259;"Eleições Gerais Estaduais 2026";"04/10/2026";"SP";"SP";"SÃO PAULO";250002534255;84;45;"Aplicação de renda fixa (CDB, RDB e outros)";"APLICAÇÃO RENDA FIXA XP";"51000,00";"30/07/2026";"18:43:38"
"03/08/2026";"16:31:03";2026;2;"Eleição Ordinária";6259;"Eleições Gerais Estaduais 2026";"04/10/2026";"SP";"SP";"SÃO PAULO";250002534255;85;45;"Aplicação de renda fixa (CDB, RDB e outros)";"APLICAÇÃO RENDA FIXA XP";"84426,19";"30/07/2026";"18:43:38"
"03/08/2026";"16:31:03";2026;2;"Eleição Ordinária";6259;"Eleições Gerais Estaduais 2026";"04/10/2026";"SP";"SP";"SÃO PAULO";250002534255;86;49;"Outras aplicações e Investimentos";"FUNDOS DE INVESTIMENTOS XP";"266169,36";"30/07/2026";"18:43:38"
"03/08/2026";"16:31:03";2026;2;"Eleição Ordinária";6259;"Eleições Gerais Estaduais 2026";"04/10/2026";"SP";"SP";"SÃO PAULO";250002534255;87;12;"Casa";"25% CASA EM DIADEMA";"67500,00";"30/07/2026";"18:43:38"
"03/08/2026";"16:31:03";2026;2;"Eleição Ordinária";6259;"Eleições Gerais Estaduais 2026";"04/10/2026";"SP";"SP";"SÃO PAULO";250002534255;88;31;"Ações (inclusive as provenientes de linha telefônica)";"AÇÕES MONE3";"31139,61";"30/07/2026";"18:43:38"
"03/08/2026";"16:31:03";2026;2;"Eleição Ordinária";6259;"Eleições Gerais Estaduais 2026";"04/10/2026";"SP";"SP";"SÃO PAULO";250002534255;89;31;"Ações (inclusive as provenientes de linha telefônica)";"AÇÕES BRB11";"22338,64";"30/07/2026";"18:43:38"
"03/08/2026";"16:31:03";2026;2;"Eleição Ordinária";6259;"Eleições Gerais Estaduais 2026";"04/10/2026";"SP";"SP";"SÃO PAULO";250002534255;90;12;"Casa";"25% DE CASA EM DIADEMA";"67500,00";"30/07/2026";"18:43:38"
"03/08/2026";"16:31:03";2026;2;"Eleição Ordinária";6259;"Eleições Gerais Estaduais 2026";"04/10/2026";"SP";"SP";"SÃO PAULO";250002534255;91;49;"Outras aplicações e Investimentos";"COTAS VCJR11";"19505,74";"30/07/2026";"18:43:38"
"03/08/2026";"16:31:03";2026;2;"Eleição Ordinária";6259;"Eleições Gerais Estaduais 2026";"04/10/2026";"SP";"SP";"SÃO PAULO";250002534255;92;49;"Outras aplicações e Investimentos";"COTAS RBRY11";"16803,91";"30/07/2026";"18:43:38"
"03/08/2026";"16:31:03";2026;2;"Eleição Ordinária";6259;"Eleições Gerais Estaduais 2026";"04/10/2026";"SP";"SP";"SÃO PAULO";250002534255;94;45;"Aplicação de renda fixa (CDB, RDB e outros)";"APLICAÇÃO RENDA FIXA XP";"22559,62";"30/07/2026";"18:43:38"
"03/08/2026";"16:31:03";2026;2;"Eleição Ordinária";6259;"Eleições Gerais Estaduais 2026";"04/10/2026";"SP";"SP";"SÃO PAULO";250002534255;93;49;"Outras aplicações e Investimentos";"CRÉDITOS A RECEBER HYPERA S/A";"165,34";"30/07/2026";"18:43:38"
"03/08/2026";"16:31:03";2026;2;"Eleição Ordinária";6259;"Eleições Gerais Estaduais 2026";"04/10/2026";"SP";"SP";"SÃO PAULO";250002534255;95;49;"Outras aplicações e Investimentos";"CRÉDITOS A RECEBER VALE S/A";"895,39";"30/07/2026";"18:43:38"
"03/08/2026";"16:31:03";2026;2;"Eleição Ordinária";6259;"Eleições Gerais Estaduais 2026";"04/10/2026";"SP";"SP";"SÃO PAULO";250002534255;97;45;"Aplicação de renda fixa (CDB, RDB e outros)";"APLICAÇÃO RENDA FIXA XP";"38000,00";"30/07/2026";"18:43:38"
"03/08/2026";"16:31:03";2026;2;"Eleição Ordinária";6259;"Eleições Gerais Estaduais 2026";"04/10/2026";"SP";"SP";"SÃO PAULO";250002534255;96;45;"Aplicação de renda fixa (CDB, RDB e outros)";"APLICAÇÃO RENDA FIXA XP 7000,00";"7000,00";"30/07/2026";"18:43:38"
"03/08/2026";"16:31:03";2026;2;"Eleição Ordinária";6259;"Eleições Gerais Estaduais 2026";"04/10/2026";"SP";"SP";"SÃO PAULO";250002534256;1;61;"Depósito bancário em conta corrente no País";"BANCO DO BRASIL - AG 4725";"914,29";"30/07/2026";"18:43:48"
"03/08/2026";"16:31:03";2026;2;"Eleição Ordinária";6259;"Eleições Gerais Estaduais 2026";"04/10/2026";"SP";"SP";"SÃO PAULO";250002534256;3;45;"Aplicação de renda fixa (CDB, RDB e outros)";"BANCO ITAU - AG 0354";"8364,12";"30/07/2026";"18:43:48"
"03/08/2026";"16:31:03";2026;2;"Eleição Ordinária";6259;"Eleições Gerais Estaduais 2026";"04/10/2026";"SP";"SP";"SÃO PAULO";250002534256;4;61;"Depósito bancário em conta corrente no País";"PICPAY - AG. 0001";"0,55";"30/07/2026";"18:43:48"
"03/08/2026";"16:31:03";2026;2;"Eleição Ordinária";6259;"Eleições Gerais Estaduais 2026";"04/10/2026";"SP";"SP";"SÃO PAULO";250002534256;2;99;"OUTROS BENS E DIREITOS";"OUTROS DEPOSITOS";"3660,21";"30/07/2026";"18:43:48"
"03/08/2026";"16:31:03";2026;2;"Eleição Ordinária";6259;"Eleições Gerais Estaduais 2026";"04/10/2026";"SP";"SP";"SÃO PAULO";250002534256;7;99;"OUTROS BENS E DIREITOS";"DISPONIBILIDADE FINANCEIRO - RECURSOS";"90000,00";"30/07/2026";"18:43:48"
"03/08/2026";"16:31:03";2026;2;"Eleição Ordinária";6259;"Eleições Gerais Estaduais 2026";"04/10/2026";"SP";"SP";"SÃO PAULO";250002534256;6;95;"Consórcio não contemplado";"BANCO ITAU - CONSÓRCIO";"29536,59";"30/07/2026";"18:43:48"
"03/08/2026";"16:31:03";2026;2;"Eleição Ordinária";6259;"Eleições Gerais Estaduais 2026";"04/10/2026";"SP";"SP";"SÃO PAULO";250002534256;5;95;"Consórcio não contemplado";"GRUPO 10321 -";"35555,55";"30/07/2026";"18:43:48"
"03/08/2026";"16:31:03";2026;2;"Eleição Ordinária";6259;"Eleições Gerais Estaduais 2026";"04/10/2026";"SP";"SP";"SÃO PAULO";250002534256;8;45;"Aplicação de renda fixa (CDB, RDB e outros)";"BANCO SANTANDER - CDB";"1815,91";"30/07/2026";"18:43:48"
"03/08/2026";"16:31:03";2026;2;"Eleição Ordinária";6259;"Eleições Gerais Estaduais 2026";"04/10/2026";"SP";"SP";"SÃO PAULO";250002534256;10;11;"Apartamento";"EM CONSTRUÇÃO COM FINANCIAMENTO DIRETO COM CONSTRUTORA VALOR PAGO 53.194,51";"957915,50";"30/07/2026";"18:43:48"
"03/08/2026";"16:31:03";2026;2;"Eleição Ordinária";6259;"Eleições Gerais Estaduais 2026";"04/10/2026";"SP";"SP";"SÃO PAULO";250002534256;9;61;"Depósito bancário em conta corrente no País";"BANCO ITAU - AG 0354";"10,00";"30/07/2026";"18:43:48"
"03/08/2026";"16:31:03";2026;2;"Eleição Ordinária";6259;"Eleições Gerais Estaduais 2026";"04/10/2026";"SP";"SP";"SÃO PAULO";250002534256;11;21;"Veículo automotor terrestre: caminhão, automóvel, moto, etc.";"TIGGO 5X PROHA - COR FANTASIA ANO 2024/2025";"157990,00";"30/07/2026";"18:43:48"
"03/08/2026";"16:31:03";2026;2;"Eleição Ordinária";6259;"Eleições Gerais Estaduais 2026";"04/10/2026";"SP";"SP";"SÃO PAULO";250002534256;12;99;"OUTROS BENS E DIREITOS";"EMPRESTIMO AO FILHO - LEONARDO SANTANA BEVILACQUA";"361000,00";"30/07/2026";"18:43:48"
"03/08/2026";"16:31:03";2026;2;"Eleição Ordinária";6259;"Eleições Gerais Estaduais 2026";"04/10/2026";"SP";"SP";"SÃO PAULO";250002534256;13;72;"Fundo de Longo Prazo e Fundo de Investimentos em Direitos Creditórios (FIDC)";"PORTO SEGURO FUNDO INVEST.FINANCEIRO RENDA FIXA DI CRED PRIV RESP. LIMITADA CNPJ - 60.701.190/0001-04";"56618,01";"30/07/2026";"18:43:48"
"03/08/2026";"16:31:03";2026;2;"Eleição Ordinária";6259;"Eleições Gerais Estaduais 2026";"04/10/2026";"SP";"SP";"SÃO PAULO";250002534258;1;41;"Caderneta de poupança";"BANCO ITAU";"1200,00";"30/07/2026";"18:43:38"
"03/08/2026";"16:31:03";2026;2;"Eleição Ordinária";6259;"Eleições Gerais Estaduais 2026";"04/10/2026";"SP";"SP";"SÃO PAULO";250002534257;2;13;"Terreno";"360 (TREZENTOS E SESSENTA METROS. 12 X 30) LOCALIZADO LOTE 02 (DOIS) E 19 (DEZENOVE) DA QUADRA  C  - PORTO VERDE, BAIRRO DA CACHOEIRA, DISTRITO IBIÚNA - SÃO PAULO. ESCRITURA PÚBLICA LAVRADA NO 2. CART";"150000,00";"30/07/2026";"18:43:38"
"03/08/2026";"16:31:03";2026;2;"Eleição Ordinária";6259;"Eleições Gerais Estaduais 2026";"04/10/2026";"SP";"SP";"SÃO PAULO";250002534257;1;13;"Terreno";"76.463,47 (SETENTA E SEIS MIL E QUATROCENTOS METROS E QUARENTA E SETE CENTÍMETROS) LOCALIZADO AVENIDA SEZEFREDO FAGUNDES E RODOVIA FERNÃO DIAS, BAIRRO DA CACHOEIRA, DISTRITO TUCURUVI - SÃO PAULO.    R";"2500000,00";"30/07/2026";"18:43:38"
"03/08/2026";"16:31:03";2026;2;"Eleição Ordinária";6259;"Eleições Gerais Estaduais 2026";"04/10/2026";"SP";"SP";"SÃO PAULO";250002534258;3;31;"Ações (inclusive as provenientes de linha telefônica)";"AGILITE FIRE-CP";"16350,87";"30/07/2026";"18:43:38"
"03/08/2026";"16:31:03";2026;2;"Eleição Ordinária";6259;"Eleições Gerais Estaduais 2026";"04/10/2026";"SP";"SP";"SÃO PAULO";250002534258;4;31;"Ações (inclusive as provenientes de linha telefônica)";"BBDC4- BRADESCO";"56231,00";"30/07/2026";"18:43:38"
"03/08/2026";"16:31:03";2026;2;"Eleição Ordinária";6259;"Eleições Gerais Estaduais 2026";"04/10/2026";"SP";"SP";"SÃO PAULO";250002534258;2;49;"Outras aplicações e Investimentos";"CDE BANCO SAFRA";"93000,00";"30/07/2026";"18:43:38"
"03/08/2026";"16:31:03";2026;2;"Eleição Ordinária";6259;"Eleições Gerais Estaduais 2026";"04/10/2026";"SP";"SP";"SÃO PAULO";250002534258;7;31;"Ações (inclusive as provenientes de linha telefônica)";"FICFIA AGENCIA";"20000,00";"30/07/2026";"18:43:38"
"03/08/2026";"16:31:03";2026;2;"Eleição Ordinária";6259;"Eleições Gerais Estaduais 2026";"04/10/2026";"SP";"SP";"SÃO PAULO";250002534258;5;97;"VGBL - Vida Gerador de Benefício Livre";"SAFRA VIDA E PREVIDENCIA 204243,35";"204243,35";"30/07/2026";"18:43:38"
"03/08/2026";"16:31:03";2026;2;"Eleição Ordinária";6259;"Eleições Gerais Estaduais 2026";"04/10/2026";"SP";"SP";"SÃO PAULO";250002534258;6;49;"Outras aplicações e Investimentos";"FUNDO MAN GENOA";"52107,51";"30/07/2026";"18:43:38"
"03/08/2026";"16:31:03";2026;2;"Eleição Ordinária";6259;"Eleições Gerais Estaduais 2026";"04/10/2026";"SP";"SP";"SÃO PAULO";250002534258;8;21;"Veículo automotor terrestre: caminhão, automóvel, moto, etc.";"FUSCA 1970";"35000,00";"30/07/2026";"18:43:38"
"03/08/2026";"16:31:03";2026;2;"Eleição Ordinária";6259;"Eleições Gerais Estaduais 2026";"04/10/2026";"SP";"SP";"SÃO PAULO";250002534258;10;21;"Veículo automotor terrestre: caminhão, automóvel, moto, etc.";"MERCEDES C 180";"68000,00";"30/07/2026";"18:43:38"
"03/08/2026";"16:31:03";2026;2;"Eleição Ordinária";6259;"Eleições Gerais Estaduais 2026";"04/10/2026";"SP";"SP";"SÃO PAULO";250002534258;9;31;"Ações (inclusive as provenientes de linha telefônica)";"BBDC4- BRADESCO";"2784,00";"30/07/2026";"18:43:38"
"03/08/2026";"16:31:03";2026;2;"Eleição Ordinária";6259;"Eleições Gerais Estaduais 2026";"04/10/2026";"SP";"SP";"SÃO PAULO";250002534258;11;31;"Ações (inclusive as provenientes de linha telefônica)";"SBSP3 -  SABESP";"52611,36";"30/07/2026";"18:43:38"
"03/08/2026";"16:31:03";2026;2;"Eleição Ordinária";6259;"Eleições Gerais Estaduais 2026";"04/10/2026";"SP";"SP";"SÃO PAULO";250002534258;12;31;"Ações (inclusive as provenientes de linha telefônica)";"SBSP3 -  SABESP";"17624,88";"30/07/2026";"18:43:38"
"03/08/2026";"16:31:03";2026;2;"Eleição Ordinária";6259;"Eleições Gerais Estaduais 2026";"04/10/2026";"SP";"SP";"SÃO PAULO";250002534258;13;39;"Outras participações societárias";"CANIL SUN LIONS";"76000,00";"30/07/2026";"18:43:38"
"03/08/2026";"16:31:03";2026;2;"Eleição Ordinária";6259;"Eleições Gerais Estaduais 2026";"04/10/2026";"SP";"SP";"SÃO PAULO";250002534258;14;31;"Ações (inclusive as provenientes de linha telefônica)";"SBSP3 -  SABESP";"2420,97";"30/07/2026";"18:43:38"
"03/08/2026";"16:31:03";2026;2;"Eleição Ordinária";6259;"Eleições Gerais Estaduais 2026";"04/10/2026";"SP";"SP";"SÃO PAULO";250002534258;15;61;"Depósito bancário em conta corrente no País";"ITAU AG 9671 C/C 40.018-7";"19922,76";"30/07/2026";"18:43:38"
"03/08/2026";"16:31:03";2026;2;"Eleição Ordinária";6259;"Eleições Gerais Estaduais 2026";"04/10/2026";"SP";"SP";"SÃO PAULO";250002534258;16;63;"Dinheiro em espécie - moeda nacional";"IMPORTANCIA EM DINHEIRO DOMICILIO";"83160,00";"30/07/2026";"18:43:38"
"03/08/2026";"16:31:03";2026;2;"Eleição Ordinária";6259;"Eleições Gerais Estaduais 2026";"04/10/2026";"SP";"SP";"SÃO PAULO";250002534259;1;61;"Depósito bancário em conta corrente no País";"SALDO EM CONTA CORRENTE";"2951,17";"30/07/2026";"18:43:38"
"03/08/2026";"16:31:03";2026;2;"Eleição Ordinária";6259;"Eleições Gerais Estaduais 2026";"04/10/2026";"SP";"SP";"SÃO PAULO";250002534258;18;39;"Outras participações societárias";"UNNO JC EVENTOS";"30000,00";"30/07/2026";"18:43:38"
"03/08/2026";"16:31:03";2026;2;"Eleição Ordinária";6259;"Eleições Gerais Estaduais 2026";"04/10/2026";"SP";"SP";"SÃO PAULO";250002534258;17;49;"Outras aplicações e Investimentos";"RENDA FIXA CREDITO PRIVADO";"4923,93";"30/07/2026";"18:43:38"
"03/08/2026";"16:31:03";2026;2;"Eleição Ordinária";6259;"Eleições Gerais Estaduais 2026";"04/10/2026";"SP";"SP";"SÃO PAULO";250002534261;1;21;"Veículo automotor terrestre: caminhão, automóvel, moto, etc.";"HONDA BIZ 125 ES, ANO 2013/MODELO 2014, PRETO, PLACA EXL-4684";"10000,00";"30/07/2026";"18:43:38"
"03/08/2026";"16:31:03";2026;2;"Eleição Ordinária";6259;"Eleições Gerais Estaduais 2026";"04/10/2026";"SP";"SP";"SÃO PAULO";250002534261;3;21;"Veículo automotor terrestre: caminhão, automóvel, moto, etc.";"TOYOTA COROLLA FIELDER 1.8, ANO 2005/MODELO 2006, CINZA, PLACA DQR2H25";"37500,00";"30/07/2026";"18:43:38"
"03/08/2026";"16:31:03";2026;2;"Eleição Ordinária";6259;"Eleições Gerais Estaduais 2026";"04/10/2026";"SP";"SP";"SÃO PAULO";250002534261;2;61;"Depósito bancário em conta corrente no País";"BANCO BRADESCO";"6,10";"30/07/2026";"18:43:38"
"03/08/2026";"16:31:03";2026;2;"Eleição Ordinária";6259;"Eleições Gerais Estaduais 2026";"04/10/2026";"SP";"SP";"SÃO PAULO";250002534261;4;21;"Veículo automotor terrestre: caminhão, automóvel, moto, etc.";"HONDA CITY LX 2026, CINZA, PLACA USA7I83";"104000,00";"30/07/2026";"18:43:38"
"03/08/2026";"16:31:03";2026;2;"Eleição Ordinária";6259;"Eleições Gerais Estaduais 2026";"04/10/2026";"SP";"SP";"SÃO PAULO";250002534261;5;21;"Veículo automotor terrestre: caminhão, automóvel, moto, etc.";"QUADRICICLO MARCA POLARIS, 2022 AZUL";"52000,00";"30/07/2026";"18:43:38"
"03/08/2026";"16:31:03";2026;2;"Eleição Ordinária";6259;"Eleições Gerais Estaduais 2026";"04/10/2026";"SP";"SP";"SÃO PAULO";250002534261;6;11;"Apartamento";"APARTAMENTO DE 82 METROS EM EMBU DAS ARTES/SP FINANCIADO, PAGO 122/168";"196489,28";"30/07/2026";"18:43:38"
"03/08/2026";"16:31:03";2026;2;"Eleição Ordinária";6259;"Eleições Gerais Estaduais 2026";"04/10/2026";"SP";"SP";"SÃO PAULO";250002534261;7;45;"Aplicação de renda fixa (CDB, RDB e outros)";"APLICAÇÃO FINANCEIRA BANCO NUBANK";"103499,77";"30/07/2026";"18:43:38"
"03/08/2026";"16:31:03";2026;2;"Eleição Ordinária";6259;"Eleições Gerais Estaduais 2026";"04/10/2026";"SP";"SP";"SÃO PAULO";250002534262;1;61;"Depósito bancário em conta corrente no País";"SALDO EM CONTA BANCÁRIA DE TITULARIDADE DO PRÉ-CANDIDATO";"1313,71";"30/07/2026";"18:43:38"
"03/08/2026";"16:31:03";2026;2;"Eleição Ordinária";6259;"Eleições Gerais Estaduais 2026";"04/10/2026";"SP";"SP";"SÃO PAULO";250002534261;8;49;"Outras aplicações e Investimentos";"APLICAÇÃO FINANCEIRA BANCO BTG";"20842,97";"30/07/2026";"18:43:38"
"03/08/2026";"16:31:03";2026;2;"Eleição Ordinária";6259;"Eleições Gerais Estaduais 2026";"04/10/2026";"SP";"SP";"SÃO PAULO";250002534263;1;12;"Casa";"CASA SOBRADO EM TERRENO 5X25";"220000,00";"30/07/2026";"18:43:49"
"03/08/2026";"16:31:03";2026;2;"Eleição Ordinária";6259;"Eleições Gerais Estaduais 2026";"04/10/2026";"SP";"SP";"SÃO PAULO";250002534263;2;21;"Veículo automotor terrestre: caminhão, automóvel, moto, etc.";"CORSA HACTH 2008";"21000,00";"30/07/2026";"18:43:49"
"03/08/2026";"16:31:03";2026;2;"Eleição Ordinária";6259;"Eleições Gerais Estaduais 2026";"04/10/2026";"SP";"SP";"SÃO PAULO";250002534264;1;61;"Depósito bancário em conta corrente no País";"BANCO BRADESCO";"10000,00";"30/07/2026";"18:43:47"
"03/08/2026";"16:31:03";2026;2;"Eleição Ordinária";6259;"Eleições Gerais Estaduais 2026";"04/10/2026";"SP";"SP";"SÃO PAULO";250002534264;2;95;"Consórcio não contemplado";"CONSORCIO DE IMOVEIS EMBRACOM";"2000000,00";"30/07/2026";"18:43:47"
"03/08/2026";"16:31:03";2026;2;"Eleição Ordinária";6259;"Eleições Gerais Estaduais 2026";"04/10/2026";"SP";"SP";"SÃO PAULO";250002534264;3;61;"Depósito bancário em conta corrente no País";"BANCO ITAU";"10000,00";"30/07/2026";"18:43:47"
"03/08/2026";"16:31:03";2026;2;"Eleição Ordinária";6259;"Eleições Gerais Estaduais 2026";"04/10/2026";"SP";"SP";"SÃO PAULO";250002534264;4;63;"Dinheiro em espécie - moeda nacional";"ESPÉCIE";"30000,00";"30/07/2026";"18:43:47"
"03/08/2026";"16:31:03";2026;2;"Eleição Ordinária";6259;"Eleições Gerais Estaduais 2026";"04/10/2026";"SP";"SP";"SÃO PAULO";250002534265;1;79;"Outros fundos";"DINHEIRO EM PODER DO DECLARANTE";"98000,00";"30/07/2026";"18:43:38"
"03/08/2026";"16:31:03";2026;2;"Eleição Ordinária";6259;"Eleições Gerais Estaduais 2026";"04/10/2026";"SP";"SP";"SÃO PAULO";250002534265;2;25;"Jóia, quadro, objeto de arte, de coleção, antiguidade, etc.";"JOIAS DE USO PESSOAL DO DECLARANTE";"22460,00";"30/07/2026";"18:43:38"
"03/08/2026";"16:31:03";2026;2;"Eleição Ordinária";6259;"Eleições Gerais Estaduais 2026";"04/10/2026";"SP";"SP";"SÃO PAULO";250002534265;3;13;"Terreno";"12,5% DO TERRENO LOCALIZADO A RUA CITA NOVA, QUADRA 36 DO LOTEAMENTO CHACARA SANTA MARIA,  FORMAL DE PARTILHA DE 15/12/1987";"15307,50";"30/07/2026";"18:43:38"
"03/08/2026";"16:31:03";2026;2;"Eleição Ordinária";6259;"Eleições Gerais Estaduais 2026";"04/10/2026";"SP";"SP";"SÃO PAULO";250002534267;1;11;"Apartamento";"50% DE UM APARTAMENTO - SÃO PAULO - SP";"216118,21";"30/07/2026";"18:43:45"
"03/08/2026";"16:31:03";2026;2;"Eleição Ordinária";6259;"Eleições Gerais Estaduais 2026";"04/10/2026";"SP";"SP";"SÃO PAULO";250002534265;5;39;"Outras participações societárias";"QUOTAS DE CAPITAL REPRESENTATIVAS DE 30% DA EMPRESA SALENCO BRASIL PETROLEO LTDA.";"2221565,81";"30/07/2026";"18:43:38"
"03/08/2026";"16:31:03";2026;2;"Eleição Ordinária";6259;"Eleições Gerais Estaduais 2026";"04/10/2026";"SP";"SP";"SÃO PAULO";250002534265;4;39;"Outras participações societárias";"EMPRESTIMO EFETUADO PARA A EMPRESA CLINICA MANCUSI SALEM DE ODONTOLOGIA EIRELLI";"13047,34";"30/07/2026";"18:43:38"
"03/08/2026";"16:31:03";2026;2;"Eleição Ordinária";6259;"Eleições Gerais Estaduais 2026";"04/10/2026";"SP";"SP";"SÃO PAULO";250002534267;4;12;"Casa";"50% DE UMA CASA EM VARGEM GRANDE PAULISTA";"250000,00";"30/07/2026";"18:43:45"
"03/08/2026";"16:31:03";2026;2;"Eleição Ordinária";6259;"Eleições Gerais Estaduais 2026";"04/10/2026";"SP";"SP";"SÃO PAULO";250002534267;2;61;"Depósito bancário em conta corrente no País";"DEPOSITO EM CONTA CORRENTE";"10000,00";"30/07/2026";"18:43:45"
"03/08/2026";"16:31:03";2026;2;"Eleição Ordinária";6259;"Eleições Gerais Estaduais 2026";"04/10/2026";"SP";"SP";"SÃO PAULO";250002534267;3;11;"Apartamento";"50%DE UM APARTAMENTO  SÃO PAULO - SP";"52000,00";"30/07/2026";"18:43:45"
"03/08/2026";"16:31:03";2026;2;"Eleição Ordinária";6259;"Eleições Gerais Estaduais 2026";"04/10/2026";"SP";"SP";"SÃO PAULO";250002534267;7;21;"Veículo automotor terrestre: caminhão, automóvel, moto, etc.";"JEEP RENEGADE";"81000,00";"30/07/2026";"18:43:45"
"03/08/2026";"16:31:03";2026;2;"Eleição Ordinária";6259;"Eleições Gerais Estaduais 2026";"04/10/2026";"SP";"SP";"SÃO PAULO";250002534267;5;45;"Aplicação de renda fixa (CDB, RDB e outros)";"APLICAÇÃO";"280000,00";"30/07/2026";"18:43:45"
"03/08/2026";"16:31:03";2026;2;"Eleição Ordinária";6259;"Eleições Gerais Estaduais 2026";"04/10/2026";"SP";"SP";"SÃO PAULO";250002534267;6;11;"Apartamento";"50% DE UM APARTAMENTO NA RUA WILLIAN FURNEAU,  - SÃO PAULO - SP";"250000,00";"30/07/2026";"18:43:45"
"03/08/2026";"16:31:03";2026;2;"Eleição Ordinária";6259;"Eleições Gerais Estaduais 2026";"04/10/2026";"SP";"SP";"SÃO PAULO";250002534267;8;12;"Casa";"50% DE UMA CASA EM PERUS - SÃO PAULO - SP";"275000,00";"30/07/2026";"18:43:45"
"03/08/2026";"16:31:03";2026;2;"Eleição Ordinária";6259;"Eleições Gerais Estaduais 2026";"04/10/2026";"SP";"SP";"SÃO PAULO";250002534267;9;11;"Apartamento";"50% DE UM APARTAMENTO NA AV. PE. ARLINDO VIEIRA,  SÃO PAULO - SP";"180000,00";"30/07/2026";"18:43:45"
"03/08/2026";"16:31:03";2026;2;"Eleição Ordinária";6259;"Eleições Gerais Estaduais 2026";"04/10/2026";"SP";"SP";"SÃO PAULO";250002534268;1;29;"Outros bens móveis";"CARRETINHA";"10000,00";"30/07/2026";"18:43:41"
"03/08/2026";"16:31:03";2026;2;"Eleição Ordinária";6259;"Eleições Gerais Estaduais 2026";"04/10/2026";"SP";"SP";"SÃO PAULO";250002534268;2;21;"Veículo automotor terrestre: caminhão, automóvel, moto, etc.";"HRV TOURING";"220000,00";"30/07/2026";"18:43:41"
"03/08/2026";"16:31:03";2026;2;"Eleição Ordinária";6259;"Eleições Gerais Estaduais 2026";"04/10/2026";"SP";"SP";"SÃO PAULO";250002534268;3;21;"Veículo automotor terrestre: caminhão, automóvel, moto, etc.";"F1000";"130000,00";"30/07/2026";"18:43:41"
"03/08/2026";"16:31:03";2026;2;"Eleição Ordinária";6259;"Eleições Gerais Estaduais 2026";"04/10/2026";"SP";"SP";"SÃO PAULO";250002534268;4;12;"Casa";"189,72 M2";"800000,00";"30/07/2026";"18:43:41"
"03/08/2026";"16:31:03";2026;2;"Eleição Ordinária";6259;"Eleições Gerais Estaduais 2026";"04/10/2026";"SP";"SP";"SÃO PAULO";250002534269;3;3;"Galpão";"70% DE UM GALPAO COMERCIAL";"66593,09";"30/07/2026";"18:43:43"
"03/08/2026";"16:31:03";2026;2;"Eleição Ordinária";6259;"Eleições Gerais Estaduais 2026";"04/10/2026";"SP";"SP";"SÃO PAULO";250002534269;2;32;"Quotas ou quinhões de capital";"50% CAPITAL SOCIAL SICREDI";"2399,20";"30/07/2026";"18:43:43"
"03/08/2026";"16:31:03";2026;2;"Eleição Ordinária";6259;"Eleições Gerais Estaduais 2026";"04/10/2026";"SP";"SP";"SÃO PAULO";250002534269;1;29;"Outros bens móveis";"50% DE UM PREDIO COMERCIAL CONSTRUIDO NOS LOTES N.08-15 E 16 QDRA 130 EM DRACENA-SP";"94294,20";"30/07/2026";"18:43:43"
"03/08/2026";"16:31:03";2026;2;"Eleição Ordinária";6259;"Eleições Gerais Estaduais 2026";"04/10/2026";"SP";"SP";"SÃO PAULO";250002534269;6;45;"Aplicação de renda fixa (CDB, RDB e outros)";"APLICAÇÕES E INVESTIMENTOS EM BANCOS NACIONAIS";"3529982,29";"30/07/2026";"18:43:43"
"03/08/2026";"16:31:03";2026;2;"Eleição Ordinária";6259;"Eleições Gerais Estaduais 2026";"04/10/2026";"SP";"SP";"SÃO PAULO";250002534269;4;11;"Apartamento";"25% DO APARTAMENTO 07 DO CONDOMINIO EDIFICIODRACENA,";"52075,65";"30/07/2026";"18:43:43"
"03/08/2026";"16:31:03";2026;2;"Eleição Ordinária";6259;"Eleições Gerais Estaduais 2026";"04/10/2026";"SP";"SP";"SÃO PAULO";250002534269;5;11;"Apartamento";"50% UM APARTAMENTO NO OITAVO ANDAR DO CONDOMINIOEDIFICIO DRACENA.";"102831,95";"30/07/2026";"18:43:43"
"03/08/2026";"16:31:03";2026;2;"Eleição Ordinária";6259;"Eleições Gerais Estaduais 2026";"04/10/2026";"SP";"SP";"SÃO PAULO";250002534269;7;32;"Quotas ou quinhões de capital";"QUOTAS DE CAPITAL INTEGRALIZADAS DA FIRMA VIACENTRAL EMPREENDIMENTOS IMOBILIARIOS LTDA DRACENA";"127500,00";"30/07/2026";"18:43:43"
"03/08/2026";"16:31:03";2026;2;"Eleição Ordinária";6259;"Eleições Gerais Estaduais 2026";"04/10/2026";"SP";"SP";"SÃO PAULO";250002534269;8;61;"Depósito bancário em conta corrente no País";"BANCO SICREDI";"6648,60";"30/07/2026";"18:43:43"
"03/08/2026";"16:31:03";2026;2;"Eleição Ordinária";6259;"Eleições Gerais Estaduais 2026";"04/10/2026";"SP";"SP";"SÃO PAULO";250002534269;9;63;"Dinheiro em espécie - moeda nacional";"DINHEIRO EM MOEDA NACIONAL";"105225,10";"30/07/2026";"18:43:43"
"03/08/2026";"16:31:03";2026;2;"Eleição Ordinária";6259;"Eleições Gerais Estaduais 2026";"04/10/2026";"SP";"SP";"SÃO PAULO";250002534269;12;12;"Casa";"DACAO EM PAGAMENTO DE CASA DRACENA";"125000,00";"30/07/2026";"18:43:43"
"03/08/2026";"16:31:03";2026;2;"Eleição Ordinária";6259;"Eleições Gerais Estaduais 2026";"04/10/2026";"SP";"SP";"SÃO PAULO";250002534269;10;12;"Casa";"IMOVEL RESIDENCIAL LOTES 15 E 16, QDR 15, JARDIMPALMEIRAS - DRACENA/SP";"207647,21";"30/07/2026";"18:43:43"
"03/08/2026";"16:31:03";2026;2;"Eleição Ordinária";6259;"Eleições Gerais Estaduais 2026";"04/10/2026";"SP";"SP";"SÃO PAULO";250002534269;11;19;"Outros bens imóveis";"50% DE UMA AREA DE TERRAS C/ 2.401,9652 HAS, NOMUNICIPIO DE JUINA-MT";"34660,88";"30/07/2026";"18:43:43"
"03/08/2026";"16:31:03";2026;2;"Eleição Ordinária";6259;"Eleições Gerais Estaduais 2026";"04/10/2026";"SP";"SP";"SÃO PAULO";250002534269;13;12;"Casa";"12,5% CASA PARTE DO LOTE 04 DA QUADRA 144 DRACENA";"56753,65";"30/07/2026";"18:43:43"
"03/08/2026";"16:31:03";2026;2;"Eleição Ordinária";6259;"Eleições Gerais Estaduais 2026";"04/10/2026";"SP";"SP";"SÃO PAULO";250002534269;14;21;"Veículo automotor terrestre: caminhão, automóvel, moto, etc.";"50% AUTO CHEV/PRISMA 1.4 MT LT ANO 2018";"24068,00";"30/07/2026";"18:43:43"
"03/08/2026";"16:31:03";2026;2;"Eleição Ordinária";6259;"Eleições Gerais Estaduais 2026";"04/10/2026";"SP";"SP";"SÃO PAULO";250002534269;15;21;"Veículo automotor terrestre: caminhão, automóvel, moto, etc.";"50% VEICULO SAVEIRO 2022/2023";"35000,00";"30/07/2026";"18:43:43"
"03/08/2026";"16:31:03";2026;2;"Eleição Ordinária";6259;"Eleições Gerais Estaduais 2026";"04/10/2026";"SP";"SP";"SÃO PAULO";250002534269;16;21;"Veículo automotor terrestre: caminhão, automóvel, moto, etc.";"AUTO CHEVROLET CRUZE LT 1.4 TURBO ECOTEC ANO2022/2023";"140000,00";"30/07/2026";"18:43:43"
"03/08/2026";"16:31:03";2026;2;"Eleição Ordinária";6259;"Eleições Gerais Estaduais 2026";"04/10/2026";"SP";"SP";"SÃO PAULO";250002534269;17;32;"Quotas ou quinhões de capital";"QUOTAS DE CAPITAL SOCIAL DA FIRMA SOCIEDADE HOTELPALACE LTDA ME DRACENA";"19622,59";"30/07/2026";"18:43:43"
"03/08/2026";"16:31:03";2026;2;"Eleição Ordinária";6259;"Eleições Gerais Estaduais 2026";"04/10/2026";"SP";"SP";"SÃO PAULO";250002534269;18;32;"Quotas ou quinhões de capital";"SICREDI CONTA CAPITAL";"721,94";"30/07/2026";"18:43:43"
"03/08/2026";"16:31:03";2026;2;"Eleição Ordinária";6259;"Eleições Gerais Estaduais 2026";"04/10/2026";"SP";"SP";"SÃO PAULO";250002534269;19;41;"Caderneta de poupança";"50% SALDO POUPANCA SICREDI";"1571,22";"30/07/2026";"18:43:43"
"03/08/2026";"16:31:03";2026;2;"Eleição Ordinária";6259;"Eleições Gerais Estaduais 2026";"04/10/2026";"SP";"SP";"SÃO PAULO";250002534394;1;45;"Aplicação de renda fixa (CDB, RDB e outros)";"INVESTIMENTOS";"125768,22";"31/07/2026";"17:34:38"
"03/08/2026";"16:31:03";2026;2;"Eleição Ordinária";6259;"Eleições Gerais Estaduais 2026";"04/10/2026";"SP";"SP";"SÃO PAULO";250002534394;2;11;"Apartamento";"APARTAMENTO EM SÃO PAULO";"350000,00";"31/07/2026";"17:34:38"
"03/08/2026";"16:31:03";2026;2;"Eleição Ordinária";6259;"Eleições Gerais Estaduais 2026";"04/10/2026";"SP";"SP";"SÃO PAULO";250002534395;1;12;"Casa";"IMÓVEL EM TREMEMBÉ";"160000,00";"31/07/2026";"17:34:38"
"03/08/2026";"16:31:03";2026;2;"Eleição Ordinária";6259;"Eleições Gerais Estaduais 2026";"04/10/2026";"SP";"SP";"SÃO PAULO";250002534397;1;12;"Casa";"CASA";"500000,00";"31/07/2026";"17:34:38"
"03/08/2026";"16:31:03";2026;2;"Eleição Ordinária";6259;"Eleições Gerais Estaduais 2026";"04/10/2026";"SP";"SP";"SÃO PAULO";250002534398;1;21;"Veículo automotor terrestre: caminhão, automóvel, moto, etc.";"GOL 2008";"15000,00";"31/07/2026";"17:34:38"
"03/08/2026";"16:31:03";2026;2;"Eleição Ordinária";6259;"Eleições Gerais Estaduais 2026";"04/10/2026";"SP";"SP";"SÃO PAULO";250002534398;3;21;"Veículo automotor terrestre: caminhão, automóvel, moto, etc.";"MONTANA 2008";"35000,00";"31/07/2026";"17:34:38"
"03/08/2026";"16:31:03";2026;2;"Eleição Ordinária";6259;"Eleições Gerais Estaduais 2026";"04/10/2026";"SP";"SP";"SÃO PAULO";250002534398;2;21;"Veículo automotor terrestre: caminhão, automóvel, moto, etc.";"CAMINHÃO";"35000,00";"31/07/2026";"17:34:38"
"03/08/2026";"16:31:03";2026;2;"Eleição Ordinária";6259;"Eleições Gerais Estaduais 2026";"04/10/2026";"SP";"SP";"SÃO PAULO";250002534398;4;21;"Veículo automotor terrestre: caminhão, automóvel, moto, etc.";"JEEP";"60000,00";"31/07/2026";"17:34:38"
"03/08/2026";"16:31:03";2026;2;"Eleição Ordinária";6259;"Eleições Gerais Estaduais 2026";"04/10/2026";"SP";"SP";"SÃO PAULO";250002534398;5;21;"Veículo automotor terrestre: caminhão, automóvel, moto, etc.";"GM D20";"60000,00";"31/07/2026";"17:34:38"
"03/08/2026";"16:31:03";2026;2;"Eleição Ordinária";6259;"Eleições Gerais Estaduais 2026";"04/10/2026";"SP";"SP";"SÃO PAULO";250002534399;1;21;"Veículo automotor terrestre: caminhão, automóvel, moto, etc.";"CHEVROLET CORSA SEDAN 1.0 LIFE 2009";"17000,00";"31/07/2026";"17:34:38"
"03/08/2026";"16:31:03";2026;2;"Eleição Ordinária";6259;"Eleições Gerais Estaduais 2026";"04/10/2026";"SP";"SP";"SÃO PAULO";250002534399;2;12;"Casa";"IMÓVEL PRÓPRIO SOBRADO";"450000,00";"31/07/2026";"17:34:38"
"03/08/2026";"16:31:03";2026;2;"Eleição Ordinária";6259;"Eleições Gerais Estaduais 2026";"04/10/2026";"SP";"SP";"SÃO PAULO";250002534400;3;12;"Casa";"50% DA CONSTRUÇÃO DE UMA CASA EM SÃO JOSÉ DOS CAMPOS";"85000,00";"31/07/2026";"17:34:38"
"03/08/2026";"16:31:03";2026;2;"Eleição Ordinária";6259;"Eleições Gerais Estaduais 2026";"04/10/2026";"SP";"SP";"SÃO PAULO";250002534400;1;11;"Apartamento";"APARTAMENTO EM SÃO JOSÉ DOS CAMPOS";"150430,48";"31/07/2026";"17:34:38"
"03/08/2026";"16:31:03";2026;2;"Eleição Ordinária";6259;"Eleições Gerais Estaduais 2026";"04/10/2026";"SP";"SP";"SÃO PAULO";250002534400;2;61;"Depósito bancário em conta corrente no País";"CONTA CORRENTE NO SICOOB";"393,61";"31/07/2026";"17:34:38"
"03/08/2026";"16:31:03";2026;2;"Eleição Ordinária";6259;"Eleições Gerais Estaduais 2026";"04/10/2026";"SP";"SP";"SÃO PAULO";250002534400;4;45;"Aplicação de renda fixa (CDB, RDB e outros)";"CAPITAL SOCIAL NA COOPERATIVA DE CREDITO DE LIVRE ADMISSAO SICOOB ARENITO";"852,59";"31/07/2026";"17:34:38"
"03/08/2026";"16:31:03";2026;2;"Eleição Ordinária";6259;"Eleições Gerais Estaduais 2026";"04/10/2026";"SP";"SP";"SÃO PAULO";250002534400;5;45;"Aplicação de renda fixa (CDB, RDB e outros)";"CAPITAL SOCIAL NA COOPERATIVA DE ECONOMIA E CREDITO MUTUO DOS SERVIDORES MUNICIPAIS DA REGIAO";"4449,34";"31/07/2026";"17:34:38"
"03/08/2026";"16:31:03";2026;2;"Eleição Ordinária";6259;"Eleições Gerais Estaduais 2026";"04/10/2026";"SP";"SP";"SÃO PAULO";250002534400;6;41;"Caderneta de poupança";"POUPANÇA NO BANCO SANTANDER";"325,06";"31/07/2026";"17:34:38"
"03/08/2026";"16:31:03";2026;2;"Eleição Ordinária";6259;"Eleições Gerais Estaduais 2026";"04/10/2026";"SP";"SP";"SÃO PAULO";250002534400;7;45;"Aplicação de renda fixa (CDB, RDB e outros)";"CDB NO BANCO SANTANDER";"787,67";"31/07/2026";"17:34:38"
"03/08/2026";"16:31:03";2026;2;"Eleição Ordinária";6259;"Eleições Gerais Estaduais 2026";"04/10/2026";"SP";"SP";"SÃO PAULO";250002534401;1;21;"Veículo automotor terrestre: caminhão, automóvel, moto, etc.";"ECO SPORT";"55620,00";"31/07/2026";"17:34:38"
"03/08/2026";"16:31:03";2026;2;"Eleição Ordinária";6259;"Eleições Gerais Estaduais 2026";"04/10/2026";"SP";"SP";"SÃO PAULO";250002534401;2;21;"Veículo automotor terrestre: caminhão, automóvel, moto, etc.";"FIAT/UNO MILLE";"21500,00";"31/07/2026";"17:34:38"
"03/08/2026";"16:31:03";2026;2;"Eleição Ordinária";6259;"Eleições Gerais Estaduais 2026";"04/10/2026";"SP";"SP";"SÃO PAULO";250002534402;1;21;"Veículo automotor terrestre: caminhão, automóvel, moto, etc.";"TOYOTA COROLLA-2015";"80000,00";"31/07/2026";"17:34:38"
"03/08/2026";"16:31:03";2026;2;"Eleição Ordinária";6259;"Eleições Gerais Estaduais 2026";"04/10/2026";"SP";"SP";"SÃO PAULO";250002534405;2;32;"Quotas ou quinhões de capital";"99% DAS QUOTAS DE CAPITAL DA EMPRESA NG CONSULTORIA E PROJETOS AGRICOLAS";"9900,00";"31/07/2026";"17:34:38"
"03/08/2026";"16:31:03";2026;2;"Eleição Ordinária";6259;"Eleições Gerais Estaduais 2026";"04/10/2026";"SP";"SP";"SÃO PAULO";250002534405;1;32;"Quotas ou quinhões de capital";"100% DAS QUOTAS DE CAPITAL DA EMPRESA AGRO10 SERVIÇOS AGROPECUARIOS";"1000,00";"31/07/2026";"17:34:38"
"03/08/2026";"16:31:03";2026;2;"Eleição Ordinária";6259;"Eleições Gerais Estaduais 2026";"04/10/2026";"SP";"SP";"SÃO PAULO";250002534406;1;32;"Quotas ou quinhões de capital";"1.000 QUOTAS CAPITAL SOCIAL EMPRESA CMA SAUDE OCUPACIONAL E SEGURANDA DO TRABALHO LTDA";"1000,00";"31/07/2026";"17:34:38"
"03/08/2026";"16:31:03";2026;2;"Eleição Ordinária";6259;"Eleições Gerais Estaduais 2026";"04/10/2026";"SP";"SP";"SÃO PAULO";250002534406;2;32;"Quotas ou quinhões de capital";"100% QUOTA CAPITAL SOCIAL EMPRESA CM ASSISTENCIAL LTDA";"100000,00";"31/07/2026";"17:34:38"
"03/08/2026";"16:31:03";2026;2;"Eleição Ordinária";6259;"Eleições Gerais Estaduais 2026";"04/10/2026";"SP";"SP";"SÃO PAULO";250002534406;3;32;"Quotas ou quinhões de capital";"900 QUOTAS CAPITAL SOCIAL EMPRESA CM CONVENIO DE SEGURANCA OCUPACIONAL";"900,00";"31/07/2026";"17:34:38"
"03/08/2026";"16:31:03";2026;2;"Eleição Ordinária";6259;"Eleições Gerais Estaduais 2026";"04/10/2026";"SP";"SP";"SÃO PAULO";250002534406;4;21;"Veículo automotor terrestre: caminhão, automóvel, moto, etc.";"AUTOMOVEL TOYOTA COROLLA PRETO 2016";"70000,00";"31/07/2026";"17:34:38"
"03/08/2026";"16:31:03";2026;2;"Eleição Ordinária";6259;"Eleições Gerais Estaduais 2026";"04/10/2026";"SP";"SP";"SÃO PAULO";250002534409;1;21;"Veículo automotor terrestre: caminhão, automóvel, moto, etc.";"CARRO";"130000,00";"31/07/2026";"17:34:38"
"03/08/2026";"16:31:03";2026;2;"Eleição Ordinária";6259;"Eleições Gerais Estaduais 2026";"04/10/2026";"SP";"SP";"SÃO PAULO";250002534408;1;24;"Bem relacionado com o exercício da atividade autônoma";"EMPRESA NO RAMO DE ALIMENTAÇÃO(FRANGO FRITO)";"50000,00";"31/07/2026";"17:34:38"
"03/08/2026";"16:31:03";2026;2;"Eleição Ordinária";6259;"Eleições Gerais Estaduais 2026";"04/10/2026";"SP";"SP";"SÃO PAULO";250002534410;2;12;"Casa";"FINANCIAMENTO IMOVEL RESIDENCIAL OSASCO";"670000,00";"31/07/2026";"17:34:38"
"03/08/2026";"16:31:03";2026;2;"Eleição Ordinária";6259;"Eleições Gerais Estaduais 2026";"04/10/2026";"SP";"SP";"SÃO PAULO";250002534410;3;41;"Caderneta de poupança";"CADERNETA POUPANÇA";"674,70";"31/07/2026";"17:34:38"
"03/08/2026";"16:31:03";2026;2;"Eleição Ordinária";6259;"Eleições Gerais Estaduais 2026";"04/10/2026";"SP";"SP";"SÃO PAULO";250002534410;1;39;"Outras participações societárias";"PARTICIPAÇÃO COM 51% DA EMPRESA TODAVIA COMUNICAÇÕES S/S LTDA ME";"20000,00";"31/07/2026";"17:34:38"
"03/08/2026";"16:31:03";2026;2;"Eleição Ordinária";6259;"Eleições Gerais Estaduais 2026";"04/10/2026";"SP";"SP";"SÃO PAULO";250002534410;6;21;"Veículo automotor terrestre: caminhão, automóvel, moto, etc.";"TOYOTA RAV4, 2013, COR PRETA";"70000,00";"31/07/2026";"17:34:38"
"03/08/2026";"16:31:03";2026;2;"Eleição Ordinária";6259;"Eleições Gerais Estaduais 2026";"04/10/2026";"SP";"SP";"SÃO PAULO";250002534410;4;21;"Veículo automotor terrestre: caminhão, automóvel, moto, etc.";"RENAULT MASTER CH CABINE 2016, BRANCA, PLACA GCW5825";"75000,00";"31/07/2026";"17:34:38"
"03/08/2026";"16:31:03";2026;2;"Eleição Ordinária";6259;"Eleições Gerais Estaduais 2026";"04/10/2026";"SP";"SP";"SÃO PAULO";250002534410;5;21;"Veículo automotor terrestre: caminhão, automóvel, moto, etc.";"TOYOTA RA4H 25L, S 4WD CAMIONETA, CINZA 2019, PLACA DPA3029";"160510,00";"31/07/2026";"17:34:38"
"03/08/2026";"16:31:03";2026;2;"Eleição Ordinária";6259;"Eleições Gerais Estaduais 2026";"04/10/2026";"SP";"SP";"SÃO PAULO";250002534410;8;11;"Apartamento";"IMOVEL RESIDÊNCIAL COHAB CARAPICUÍBA";"400000,00";"31/07/2026";"17:34:38"
"03/08/2026";"16:31:03";2026;2;"Eleição Ordinária";6259;"Eleições Gerais Estaduais 2026";"04/10/2026";"SP";"SP";"SÃO PAULO";250002534410;7;79;"Outros fundos";"CONTA CORRENTE";"1,00";"31/07/2026";"17:34:38"
"03/08/2026";"16:31:03";2026;2;"Eleição Ordinária";6259;"Eleições Gerais Estaduais 2026";"04/10/2026";"SP";"SP";"SÃO PAULO";250002534411;1;49;"Outras aplicações e Investimentos";"SALDO QUOTAS DE CAPITAL - COOP DE CRÉDITO, POUP E INVESTIMENTO ALIANCA (SICRED)";"81,81";"31/07/2026";"17:34:38"
"03/08/2026";"16:31:03";2026;2;"Eleição Ordinária";6259;"Eleições Gerais Estaduais 2026";"04/10/2026";"SP";"SP";"SÃO PAULO";250002534411;4;21;"Veículo automotor terrestre: caminhão, automóvel, moto, etc.";"CAMINHONET CHEVROLET D20, CABINE DUPLA, 1986, PLACA CIK8809";"30000,00";"31/07/2026";"17:34:38"
"03/08/2026";"16:31:03";2026;2;"Eleição Ordinária";6259;"Eleições Gerais Estaduais 2026";"04/10/2026";"SP";"SP";"SÃO PAULO";250002534411;2;21;"Veículo automotor terrestre: caminhão, automóvel, moto, etc.";"REBOQUE FEDERAL JET, PLACA GGG1054, 2016";"4000,00";"31/07/2026";"17:34:38"
"03/08/2026";"16:31:03";2026;2;"Eleição Ordinária";6259;"Eleições Gerais Estaduais 2026";"04/10/2026";"SP";"SP";"SÃO PAULO";250002534411;3;49;"Outras aplicações e Investimentos";"SALDO CONTA CORRENTE - COOP DE CREDITO, POUP E INVESTIMENTO ALIANCA (SICRED)";"24823,07";"31/07/2026";"17:34:38"
"03/08/2026";"16:31:03";2026;2;"Eleição Ordinária";6259;"Eleições Gerais Estaduais 2026";"04/10/2026";"SP";"SP";"SÃO PAULO";250002534412;3;45;"Aplicação de renda fixa (CDB, RDB e outros)";"LETRA DE CREDITO IMOBILIARIO";"605000,00";"31/07/2026";"17:34:38"
"03/08/2026";"16:31:03";2026;2;"Eleição Ordinária";6259;"Eleições Gerais Estaduais 2026";"04/10/2026";"SP";"SP";"SÃO PAULO";250002534412;1;62;"Depósito bancário em conta corrente no exterior";"DEPOSITO EM CONTAS NO EXTERIOR";"470773,20";"31/07/2026";"17:34:38"
"03/08/2026";"16:31:03";2026;2;"Eleição Ordinária";6259;"Eleições Gerais Estaduais 2026";"04/10/2026";"SP";"SP";"SÃO PAULO";250002534412;2;11;"Apartamento";"APARTAMENTO EM SÃO PAULO";"1173234,10";"31/07/2026";"17:34:38"
"03/08/2026";"16:31:03";2026;2;"Eleição Ordinária";6259;"Eleições Gerais Estaduais 2026";"04/10/2026";"SP";"SP";"SÃO PAULO";250002534412;4;21;"Veículo automotor terrestre: caminhão, automóvel, moto, etc.";"VW GOLF VARIANT 2015/2016";"95000,00";"31/07/2026";"17:34:38"
"03/08/2026";"16:31:03";2026;2;"Eleição Ordinária";6259;"Eleições Gerais Estaduais 2026";"04/10/2026";"SP";"SP";"SÃO PAULO";250002534412;5;32;"Quotas ou quinhões de capital";"99% QUOTA DE GORGA E GORGA ADVOGADOS";"4950,00";"31/07/2026";"17:34:38"
"03/08/2026";"16:31:03";2026;2;"Eleição Ordinária";6259;"Eleições Gerais Estaduais 2026";"04/10/2026";"SP";"SP";"SÃO PAULO";250002534412;6;12;"Casa";"50% CASA EM PIRACICABA";"24289,04";"31/07/2026";"17:34:38"
"03/08/2026";"16:31:03";2026;2;"Eleição Ordinária";6259;"Eleições Gerais Estaduais 2026";"04/10/2026";"SP";"SP";"SÃO PAULO";250002534412;7;45;"Aplicação de renda fixa (CDB, RDB e outros)";"LETRA DE CREDITO AGRONEGOCIO";"633153,68";"31/07/2026";"17:34:38"
"03/08/2026";"16:31:03";2026;2;"Eleição Ordinária";6259;"Eleições Gerais Estaduais 2026";"04/10/2026";"SP";"SP";"SÃO PAULO";250002534412;8;11;"Apartamento";"50% APARTAMENTO EM SÃO PAULO";"343873,50";"31/07/2026";"17:34:38"
"03/08/2026";"16:31:03";2026;2;"Eleição Ordinária";6259;"Eleições Gerais Estaduais 2026";"04/10/2026";"SP";"SP";"SÃO PAULO";250002534412;9;11;"Apartamento";"50% APARTAMENTO NO GUARUJA";"62500,00";"31/07/2026";"17:34:38"
"03/08/2026";"16:31:03";2026;2;"Eleição Ordinária";6259;"Eleições Gerais Estaduais 2026";"04/10/2026";"SP";"SP";"SÃO PAULO";250002534412;12;45;"Aplicação de renda fixa (CDB, RDB e outros)";"FUNDO DE LONGO PRAZO";"858000,00";"31/07/2026";"17:34:38"
"03/08/2026";"16:31:03";2026;2;"Eleição Ordinária";6259;"Eleições Gerais Estaduais 2026";"04/10/2026";"SP";"SP";"SÃO PAULO";250002534412;11;45;"Aplicação de renda fixa (CDB, RDB e outros)";"CDB";"177000,00";"31/07/2026";"17:34:38"
"03/08/2026";"16:31:03";2026;2;"Eleição Ordinária";6259;"Eleições Gerais Estaduais 2026";"04/10/2026";"SP";"SP";"SÃO PAULO";250002534412;10;13;"Terreno";"25% TERRENO EM PORTO ALEGRE";"275000,00";"31/07/2026";"17:34:38"
"03/08/2026";"16:31:03";2026;2;"Eleição Ordinária";6259;"Eleições Gerais Estaduais 2026";"04/10/2026";"SP";"SP";"SÃO PAULO";250002534412;13;45;"Aplicação de renda fixa (CDB, RDB e outros)";"FUNDO DE LONGO PRAZO E FUNDO DE INVESTIMENTO";"590000,00";"31/07/2026";"17:34:38"
"03/08/2026";"16:31:03";2026;2;"Eleição Ordinária";6259;"Eleições Gerais Estaduais 2026";"04/10/2026";"SP";"SP";"SÃO PAULO";250002534413;1;12;"Casa";"CASA";"500000,00";"31/07/2026";"17:34:38"
"03/08/2026";"16:31:03";2026;2;"Eleição Ordinária";6259;"Eleições Gerais Estaduais 2026";"04/10/2026";"SP";"SP";"SÃO PAULO";250002534413;2;21;"Veículo automotor terrestre: caminhão, automóvel, moto, etc.";"CARRO";"120000,00";"31/07/2026";"17:34:38"
"03/08/2026";"16:31:03";2026;2;"Eleição Ordinária";6259;"Eleições Gerais Estaduais 2026";"04/10/2026";"SP";"SP";"SÃO PAULO";250002534914;1;1;"Prédio residencial";"50% PRÉDIO RESIDENCIAL EM POTIRENDABA";"11650,00";"31/07/2026";"17:34:38"
"03/08/2026";"16:31:03";2026;2;"Eleição Ordinária";6259;"Eleições Gerais Estaduais 2026";"04/10/2026";"SP";"SP";"SÃO PAULO";250002534914;2;11;"Apartamento";"APARTAMENTO EM SÃO JOSÉ DO RIO PRETO";"111934,55";"31/07/2026";"17:34:38"
"03/08/2026";"16:31:03";2026;2;"Eleição Ordinária";6259;"Eleições Gerais Estaduais 2026";"04/10/2026";"SP";"SP";"SÃO PAULO";250002534914;3;19;"Outros bens imóveis";"50% DE UM SITIO EM POTIRENDABA";"5000,00";"31/07/2026";"17:34:38"
"03/08/2026";"16:31:03";2026;2;"Eleição Ordinária";6259;"Eleições Gerais Estaduais 2026";"04/10/2026";"SP";"SP";"SÃO PAULO";250002534914;6;11;"Apartamento";"50% DE APARTAMENTO EM SÃO JOSÉ DO RIO PRETO";"58611,03";"31/07/2026";"17:34:38"
"03/08/2026";"16:31:03";2026;2;"Eleição Ordinária";6259;"Eleições Gerais Estaduais 2026";"04/10/2026";"SP";"SP";"SÃO PAULO";250002534914;5;14;"Terra nua";"25% DE UMA PROPRIEDADE AGRICOLA EM POTIRENDABA";"2500,00";"31/07/2026";"17:34:38"
"03/08/2026";"16:31:03";2026;2;"Eleição Ordinária";6259;"Eleições Gerais Estaduais 2026";"04/10/2026";"SP";"SP";"SÃO PAULO";250002534914;4;19;"Outros bens imóveis";"SITIO EM POTIRENDABA";"46000,00";"31/07/2026";"17:34:38"
"03/08/2026";"16:31:03";2026;2;"Eleição Ordinária";6259;"Eleições Gerais Estaduais 2026";"04/10/2026";"SP";"SP";"SÃO PAULO";250002534914;7;12;"Casa";"50% IMOVEL RESIDENCIAL EM POTIRENDABA";"7950,00";"31/07/2026";"17:34:38"
"03/08/2026";"16:31:03";2026;2;"Eleição Ordinária";6259;"Eleições Gerais Estaduais 2026";"04/10/2026";"SP";"SP";"SÃO PAULO";250002534914;8;2;"Prédio comercial";"25% PRÉDIO RESIDENCIAL EM POTIRENDABA";"4250,00";"31/07/2026";"17:34:38"
"03/08/2026";"16:31:03";2026;2;"Eleição Ordinária";6259;"Eleições Gerais Estaduais 2026";"04/10/2026";"SP";"SP";"SÃO PAULO";250002534914;9;13;"Terreno";"50% DE UM TERRENO EM POTIRENDABA";"2000,00";"31/07/2026";"17:34:38"
"03/08/2026";"16:31:03";2026;2;"Eleição Ordinária";6259;"Eleições Gerais Estaduais 2026";"04/10/2026";"SP";"SP";"SÃO PAULO";250002534918;1;12;"Casa";"CASA VILA MARIANA";"220000,00";"31/07/2026";"17:34:38"
"03/08/2026";"16:31:03";2026;2;"Eleição Ordinária";6259;"Eleições Gerais Estaduais 2026";"04/10/2026";"SP";"SP";"SÃO PAULO";250002534917;1;11;"Apartamento";"APARTAMENTO";"243826,83";"31/07/2026";"17:34:38"
"03/08/2026";"16:31:03";2026;2;"Eleição Ordinária";6259;"Eleições Gerais Estaduais 2026";"04/10/2026";"SP";"SP";"SÃO PAULO";250002534915;1;13;"Terreno";"TERRENO";"90000,00";"31/07/2026";"17:34:38"
"03/08/2026";"16:31:03";2026;2;"Eleição Ordinária";6259;"Eleições Gerais Estaduais 2026";"04/10/2026";"SP";"SP";"SÃO PAULO";250002534918;2;21;"Veículo automotor terrestre: caminhão, automóvel, moto, etc.";"MOTOCICLETA ROYAL ENFIELD ANO 25/26 350CC";"24490,00";"31/07/2026";"17:34:38"
"03/08/2026";"16:31:03";2026;2;"Eleição Ordinária";6259;"Eleições Gerais Estaduais 2026";"04/10/2026";"SP";"SP";"SÃO PAULO";250002534919;1;12;"Casa";"IMOVEL RESIDENCIAL";"450000,00";"31/07/2026";"17:34:38"
"03/08/2026";"16:31:03";2026;2;"Eleição Ordinária";6259;"Eleições Gerais Estaduais 2026";"04/10/2026";"SP";"SP";"SÃO PAULO";250002534919;2;11;"Apartamento";"APARTAMENTO";"75000,00";"31/07/2026";"17:34:38"
"03/08/2026";"16:31:03";2026;2;"Eleição Ordinária";6259;"Eleições Gerais Estaduais 2026";"04/10/2026";"SP";"SP";"SÃO PAULO";250002534920;2;21;"Veículo automotor terrestre: caminhão, automóvel, moto, etc.";"AUTOMOVEL PEUGEOT 2005 GRIFFE";"54523,92";"31/07/2026";"17:34:38"
"03/08/2026";"16:31:03";2026;2;"Eleição Ordinária";6259;"Eleições Gerais Estaduais 2026";"04/10/2026";"SP";"SP";"SÃO PAULO";250002534921;1;3;"Galpão";"10% DO IMOVEL RESIDENCIAL E UM GALPÃO";"5400,00";"31/07/2026";"17:34:38"
"03/08/2026";"16:31:03";2026;2;"Eleição Ordinária";6259;"Eleições Gerais Estaduais 2026";"04/10/2026";"SP";"SP";"SÃO PAULO";250002534920;1;31;"Ações (inclusive as provenientes de linha telefônica)";"CAPITAL SOCIAL JUNTO AO BANCO COOPERATIVA DE CREDITO CREDIGUACU - SICOOB CREDIGUACU";"857,02";"31/07/2026";"17:34:38"
"03/08/2026";"16:31:03";2026;2;"Eleição Ordinária";6259;"Eleições Gerais Estaduais 2026";"04/10/2026";"SP";"SP";"SÃO PAULO";250002534921;2;41;"Caderneta de poupança";"CONTA POUPANÇA OURO";"231,13";"31/07/2026";"17:34:38"
"03/08/2026";"16:31:03";2026;2;"Eleição Ordinária";6259;"Eleições Gerais Estaduais 2026";"04/10/2026";"SP";"SP";"SÃO PAULO";250002534921;3;49;"Outras aplicações e Investimentos";"SALDO TÍTULOS DE CAPITALIZAÇÃO SANTANDER";"2112,40";"31/07/2026";"17:34:38"
"03/08/2026";"16:31:03";2026;2;"Eleição Ordinária";6259;"Eleições Gerais Estaduais 2026";"04/10/2026";"SP";"SP";"SÃO PAULO";250002534921;4;49;"Outras aplicações e Investimentos";"OUROCAP MENSAL DO BANCO DO BRASIL";"2764,05";"31/07/2026";"17:34:38"
"03/08/2026";"16:31:03";2026;2;"Eleição Ordinária";6259;"Eleições Gerais Estaduais 2026";"04/10/2026";"SP";"SP";"SÃO PAULO";250002534921;6;3;"Galpão";"10% DO IMOVEL E UM GALPÃO";"27210,21";"31/07/2026";"17:34:38"
"03/08/2026";"16:31:03";2026;2;"Eleição Ordinária";6259;"Eleições Gerais Estaduais 2026";"04/10/2026";"SP";"SP";"SÃO PAULO";250002534921;5;41;"Caderneta de poupança";"SALDO CONTA POUPANÇA";"60,15";"31/07/2026";"17:34:38"
"03/08/2026";"16:31:03";2026;2;"Eleição Ordinária";6259;"Eleições Gerais Estaduais 2026";"04/10/2026";"SP";"SP";"SÃO PAULO";250002534921;7;45;"Aplicação de renda fixa (CDB, RDB e outros)";"APLICAÇÃO RENDA FIXA CDB";"18959,03";"31/07/2026";"17:34:38"
"03/08/2026";"16:31:03";2026;2;"Eleição Ordinária";6259;"Eleições Gerais Estaduais 2026";"04/10/2026";"SP";"SP";"SÃO PAULO";250002534921;8;12;"Casa";"CASA";"60000,00";"31/07/2026";"17:34:38"
"03/08/2026";"16:31:03";2026;2;"Eleição Ordinária";6259;"Eleições Gerais Estaduais 2026";"04/10/2026";"SP";"SP";"SÃO PAULO";250002534921;9;13;"Terreno";"TERRENO";"7000,00";"31/07/2026";"17:34:38"
"03/08/2026";"16:31:03";2026;2;"Eleição Ordinária";6259;"Eleições Gerais Estaduais 2026";"04/10/2026";"SP";"SP";"SÃO PAULO";250002534922;1;13;"Terreno";"TERRENO NA CIDADE DE TOLEDO-MG";"38000,00";"31/07/2026";"17:34:38"
"03/08/2026";"16:31:03";2026;2;"Eleição Ordinária";6259;"Eleições Gerais Estaduais 2026";"04/10/2026";"SP";"SP";"SÃO PAULO";250002534923;1;12;"Casa";"CASA EM URUPÊS";"100000,00";"31/07/2026";"17:34:38"
"03/08/2026";"16:31:03";2026;2;"Eleição Ordinária";6259;"Eleições Gerais Estaduais 2026";"04/10/2026";"SP";"SP";"SÃO PAULO";250002534923;3;45;"Aplicação de renda fixa (CDB, RDB e outros)";"CAIXA ECONOMICA FEDERAL LCI";"2234000,00";"31/07/2026";"17:34:38"
"03/08/2026";"16:31:03";2026;2;"Eleição Ordinária";6259;"Eleições Gerais Estaduais 2026";"04/10/2026";"SP";"SP";"SÃO PAULO";250002534923;2;13;"Terreno";"TERRENO EM URUPÊS";"28000,00";"31/07/2026";"17:34:38"
"03/08/2026";"16:31:03";2026;2;"Eleição Ordinária";6259;"Eleições Gerais Estaduais 2026";"04/10/2026";"SP";"SP";"SÃO PAULO";250002534923;4;1;"Prédio residencial";"PRÉDIO RESIDENCIAL";"950000,00";"31/07/2026";"17:34:38"
"03/08/2026";"16:31:03";2026;2;"Eleição Ordinária";6259;"Eleições Gerais Estaduais 2026";"04/10/2026";"SP";"SP";"SÃO PAULO";250002534923;5;21;"Veículo automotor terrestre: caminhão, automóvel, moto, etc.";"HYUNDAI HB20S10TM PLATIN ANO 2021";"62000,00";"31/07/2026";"17:34:38"
"03/08/2026";"16:31:03";2026;2;"Eleição Ordinária";6259;"Eleições Gerais Estaduais 2026";"04/10/2026";"SP";"SP";"SÃO PAULO";250002534923;6;21;"Veículo automotor terrestre: caminhão, automóvel, moto, etc.";"FORD D150";"150000,00";"31/07/2026";"17:34:38"
"03/08/2026";"16:31:03";2026;2;"Eleição Ordinária";6259;"Eleições Gerais Estaduais 2026";"04/10/2026";"SP";"SP";"SÃO PAULO";250002534923;7;61;"Depósito bancário em conta corrente no País";"CONTA CORRENTE";"121514,59";"31/07/2026";"17:34:38"
"03/08/2026";"16:31:03";2026;2;"Eleição Ordinária";6259;"Eleições Gerais Estaduais 2026";"04/10/2026";"SP";"SP";"SÃO PAULO";250002534923;8;13;"Terreno";"TERRENO EM URUPÊS";"50000,00";"31/07/2026";"17:34:38"
"03/08/2026";"16:31:03";2026;2;"Eleição Ordinária";6259;"Eleições Gerais Estaduais 2026";"04/10/2026";"SP";"SP";"SÃO PAULO";250002534924;1;13;"Terreno";"1/2 LOTE JARDIM PAULISTA JUNDIAI-SP";"679856,30";"31/07/2026";"17:34:38"
"03/08/2026";"16:31:03";2026;2;"Eleição Ordinária";6259;"Eleições Gerais Estaduais 2026";"04/10/2026";"SP";"SP";"SÃO PAULO";250002534924;4;21;"Veículo automotor terrestre: caminhão, automóvel, moto, etc.";"MOTOCICLETA BMW/R1250GS 2019";"85000,00";"31/07/2026";"17:34:38"
"03/08/2026";"16:31:03";2026;2;"Eleição Ordinária";6259;"Eleições Gerais Estaduais 2026";"04/10/2026";"SP";"SP";"SÃO PAULO";250002534924;3;31;"Ações (inclusive as provenientes de linha telefônica)";"BOLSA BRASIL BB";"400,00";"31/07/2026";"17:34:38"
"03/08/2026";"16:31:03";2026;2;"Eleição Ordinária";6259;"Eleições Gerais Estaduais 2026";"04/10/2026";"SP";"SP";"SÃO PAULO";250002534924;2;95;"Consórcio não contemplado";"BB CONSORCIO DE MOVEIS";"15314,40";"31/07/2026";"17:34:38"
"03/08/2026";"16:31:03";2026;2;"Eleição Ordinária";6259;"Eleições Gerais Estaduais 2026";"04/10/2026";"SP";"SP";"SÃO PAULO";250002534924;6;45;"Aplicação de renda fixa (CDB, RDB e outros)";"RF TESOURO INFLACAO BB";"509,26";"31/07/2026";"17:34:38"
"03/08/2026";"16:31:03";2026;2;"Eleição Ordinária";6259;"Eleições Gerais Estaduais 2026";"04/10/2026";"SP";"SP";"SÃO PAULO";250002534924;7;95;"Consórcio não contemplado";"BB CONSORCIO DE AUTOMOVEIS";"72169,70";"31/07/2026";"17:34:38"
"03/08/2026";"16:31:03";2026;2;"Eleição Ordinária";6259;"Eleições Gerais Estaduais 2026";"04/10/2026";"SP";"SP";"SÃO PAULO";250002534924;5;13;"Terreno";"TERRENO BAIRRO TRAVIU JUNDIAI-SP";"439750,20";"31/07/2026";"17:34:38"
"03/08/2026";"16:31:03";2026;2;"Eleição Ordinária";6259;"Eleições Gerais Estaduais 2026";"04/10/2026";"SP";"SP";"SÃO PAULO";250002534924;8;45;"Aplicação de renda fixa (CDB, RDB e outros)";"RF SIMPLES CASHBACK BB";"1540,03";"31/07/2026";"17:34:38"
"03/08/2026";"16:31:03";2026;2;"Eleição Ordinária";6259;"Eleições Gerais Estaduais 2026";"04/10/2026";"SP";"SP";"SÃO PAULO";250002534924;9;71;"Fundo de Curto Prazo";"RF LP HIGH BB";"2773,08";"31/07/2026";"17:34:38"
"03/08/2026";"16:31:03";2026;2;"Eleição Ordinária";6259;"Eleições Gerais Estaduais 2026";"04/10/2026";"SP";"SP";"SÃO PAULO";250002534924;10;63;"Dinheiro em espécie - moeda nacional";"DINHEIRO EM ESPECIE";"25200,00";"31/07/2026";"17:34:38"
"03/08/2026";"16:31:03";2026;2;"Eleição Ordinária";6259;"Eleições Gerais Estaduais 2026";"04/10/2026";"SP";"SP";"SÃO PAULO";250002534924;11;71;"Fundo de Curto Prazo";"MM CARTEIRA INVEST BB";"505,80";"31/07/2026";"17:34:38"
"03/08/2026";"16:31:03";2026;2;"Eleição Ordinária";6259;"Eleições Gerais Estaduais 2026";"04/10/2026";"SP";"SP";"SÃO PAULO";250002534924;13;31;"Ações (inclusive as provenientes de linha telefônica)";"GLOBAIS ATIVO BB";"600,00";"31/07/2026";"17:34:38"
"03/08/2026";"16:31:03";2026;2;"Eleição Ordinária";6259;"Eleições Gerais Estaduais 2026";"04/10/2026";"SP";"SP";"SÃO PAULO";250002534924;12;99;"OUTROS BENS E DIREITOS";"RESERVA PARA NEGOCIACOES E AQUISICOES FUTURAS";"180000,00";"31/07/2026";"17:34:38"
"03/08/2026";"16:31:03";2026;2;"Eleição Ordinária";6259;"Eleições Gerais Estaduais 2026";"04/10/2026";"SP";"SP";"SÃO PAULO";250002534924;15;21;"Veículo automotor terrestre: caminhão, automóvel, moto, etc.";"VEICULO FIAT PULSE ABARTH 270 202/5/2026 PRETO";"154000,00";"31/07/2026";"17:34:38"
"03/08/2026";"16:31:03";2026;2;"Eleição Ordinária";6259;"Eleições Gerais Estaduais 2026";"04/10/2026";"SP";"SP";"SÃO PAULO";250002534924;16;31;"Ações (inclusive as provenientes de linha telefônica)";"EQUIDADE IS BB";"4000,00";"31/07/2026";"17:34:38"
"03/08/2026";"16:31:03";2026;2;"Eleição Ordinária";6259;"Eleições Gerais Estaduais 2026";"04/10/2026";"SP";"SP";"SÃO PAULO";250002534924;14;13;"Terreno";"TERRENO LOTE 07 VILLAGGIO ENGORDADOURO";"51428,57";"31/07/2026";"17:34:38"
"03/08/2026";"16:31:03";2026;2;"Eleição Ordinária";6259;"Eleições Gerais Estaduais 2026";"04/10/2026";"SP";"SP";"SÃO PAULO";250002534924;17;45;"Aplicação de renda fixa (CDB, RDB e outros)";"RF TESOURO PREFIXADO BB";"253,64";"31/07/2026";"17:34:38"
"03/08/2026";"16:31:03";2026;2;"Eleição Ordinária";6259;"Eleições Gerais Estaduais 2026";"04/10/2026";"SP";"SP";"SÃO PAULO";250002534927;1;61;"Depósito bancário em conta corrente no País";"SALDO CONTA CORRENTE";"1,00";"31/07/2026";"17:34:38"
"03/08/2026";"16:31:03";2026;2;"Eleição Ordinária";6259;"Eleições Gerais Estaduais 2026";"04/10/2026";"SP";"SP";"SÃO PAULO";250002534927;2;25;"Jóia, quadro, objeto de arte, de coleção, antiguidade, etc.";"5 ESCULTURAS";"6000,00";"31/07/2026";"17:34:38"
"03/08/2026";"16:31:03";2026;2;"Eleição Ordinária";6259;"Eleições Gerais Estaduais 2026";"04/10/2026";"SP";"SP";"SÃO PAULO";250002534927;3;11;"Apartamento";"1/3 APARTAMENTO";"97510,00";"31/07/2026";"17:34:38"
"03/08/2026";"16:31:03";2026;2;"Eleição Ordinária";6259;"Eleições Gerais Estaduais 2026";"04/10/2026";"SP";"SP";"SÃO PAULO";250002534927;4;11;"Apartamento";"APARTAMENTO";"518392,00";"31/07/2026";"17:34:38"
"03/08/2026";"16:31:03";2026;2;"Eleição Ordinária";6259;"Eleições Gerais Estaduais 2026";"04/10/2026";"SP";"SP";"SÃO PAULO";250002534927;5;31;"Ações (inclusive as provenientes de linha telefônica)";"AÇÕES";"110000,00";"31/07/2026";"17:34:38"
"03/08/2026";"16:31:03";2026;2;"Eleição Ordinária";6259;"Eleições Gerais Estaduais 2026";"04/10/2026";"SP";"SP";"SÃO PAULO";250002534927;8;31;"Ações (inclusive as provenientes de linha telefônica)";"AÇÕES";"394104,88";"31/07/2026";"17:34:38"
"03/08/2026";"16:31:03";2026;2;"Eleição Ordinária";6259;"Eleições Gerais Estaduais 2026";"04/10/2026";"SP";"SP";"SÃO PAULO";250002534927;7;25;"Jóia, quadro, objeto de arte, de coleção, antiguidade, etc.";"QUADRO";"4500,00";"31/07/2026";"17:34:38"
"03/08/2026";"16:31:03";2026;2;"Eleição Ordinária";6259;"Eleições Gerais Estaduais 2026";"04/10/2026";"SP";"SP";"SÃO PAULO";250002534927;6;49;"Outras aplicações e Investimentos";"INVESTIMENTO RDB";"27925,76";"31/07/2026";"17:34:38"
"03/08/2026";"16:31:03";2026;2;"Eleição Ordinária";6259;"Eleições Gerais Estaduais 2026";"04/10/2026";"SP";"SP";"SÃO PAULO";250002534927;11;63;"Dinheiro em espécie - moeda nacional";"DINHEIRO EM ESPECIE EM CAIXA";"1000,00";"31/07/2026";"17:34:38"
"03/08/2026";"16:31:03";2026;2;"Eleição Ordinária";6259;"Eleições Gerais Estaduais 2026";"04/10/2026";"SP";"SP";"SÃO PAULO";250002534927;9;39;"Outras participações societárias";"PARTICIPAÇÃO SOCIETÁRIA";"900,00";"31/07/2026";"17:34:38"
"03/08/2026";"16:31:03";2026;2;"Eleição Ordinária";6259;"Eleições Gerais Estaduais 2026";"04/10/2026";"SP";"SP";"SÃO PAULO";250002534927;10;39;"Outras participações societárias";"PARTICIPAÇÃO SOCIETÁRIA";"300,00";"31/07/2026";"17:34:38"
"03/08/2026";"16:31:03";2026;2;"Eleição Ordinária";6259;"Eleições Gerais Estaduais 2026";"04/10/2026";"SP";"SP";"SÃO PAULO";250002534927;13;12;"Casa";"1/3 IMÓVEL RESIDENCIAL";"17283,79";"31/07/2026";"17:34:38"
"03/08/2026";"16:31:03";2026;2;"Eleição Ordinária";6259;"Eleições Gerais Estaduais 2026";"04/10/2026";"SP";"SP";"SÃO PAULO";250002534927;12;11;"Apartamento";"1/2 APARTAMENTO";"42524,15";"31/07/2026";"17:34:38"
"03/08/2026";"16:31:03";2026;2;"Eleição Ordinária";6259;"Eleições Gerais Estaduais 2026";"04/10/2026";"SP";"SP";"SÃO PAULO";250002534927;14;13;"Terreno";"1/3 TERRENO";"7865,02";"31/07/2026";"17:34:38"
"03/08/2026";"16:31:03";2026;2;"Eleição Ordinária";6259;"Eleições Gerais Estaduais 2026";"04/10/2026";"SP";"SP";"SÃO PAULO";250002534927;15;11;"Apartamento";"DIREITO SOBRE 1/3 APARTAMENTO";"66686,57";"31/07/2026";"17:34:38"
"03/08/2026";"16:31:03";2026;2;"Eleição Ordinária";6259;"Eleições Gerais Estaduais 2026";"04/10/2026";"SP";"SP";"SÃO PAULO";250002534927;16;51;"Crédito decorrente de empréstimo";"EMPRÉSTIMO";"16242,29";"31/07/2026";"17:34:38"
"03/08/2026";"16:31:03";2026;2;"Eleição Ordinária";6259;"Eleições Gerais Estaduais 2026";"04/10/2026";"SP";"SP";"SÃO PAULO";250002534927;17;59;"Outros créditos e poupança vinculados";"ADIANTAMENTO PARA AUMENTO DE CAPITAL";"29723,11";"31/07/2026";"17:34:38"
"03/08/2026";"16:31:03";2026;2;"Eleição Ordinária";6259;"Eleições Gerais Estaduais 2026";"04/10/2026";"SP";"SP";"SÃO PAULO";250002534927;20;21;"Veículo automotor terrestre: caminhão, automóvel, moto, etc.";"VEÍCULO AUTOMOTOR";"118000,00";"31/07/2026";"17:34:38"
"03/08/2026";"16:31:03";2026;2;"Eleição Ordinária";6259;"Eleições Gerais Estaduais 2026";"04/10/2026";"SP";"SP";"SÃO PAULO";250002534927;18;25;"Jóia, quadro, objeto de arte, de coleção, antiguidade, etc.";"QUADRO";"8000,00";"31/07/2026";"17:34:38"
"03/08/2026";"16:31:03";2026;2;"Eleição Ordinária";6259;"Eleições Gerais Estaduais 2026";"04/10/2026";"SP";"SP";"SÃO PAULO";250002534927;19;25;"Jóia, quadro, objeto de arte, de coleção, antiguidade, etc.";"GRAVURA";"2600,00";"31/07/2026";"17:34:38"
"03/08/2026";"16:31:03";2026;2;"Eleição Ordinária";6259;"Eleições Gerais Estaduais 2026";"04/10/2026";"SP";"SP";"SÃO PAULO";250002534927;22;31;"Ações (inclusive as provenientes de linha telefônica)";"AÇÕES";"95480,00";"31/07/2026";"17:34:38"
"03/08/2026";"16:31:03";2026;2;"Eleição Ordinária";6259;"Eleições Gerais Estaduais 2026";"04/10/2026";"SP";"SP";"SÃO PAULO";250002534927;23;61;"Depósito bancário em conta corrente no País";"SALDO CONTA CORRENTE";"355,09";"31/07/2026";"17:34:38"
"03/08/2026";"16:31:03";2026;2;"Eleição Ordinária";6259;"Eleições Gerais Estaduais 2026";"04/10/2026";"SP";"SP";"SÃO PAULO";250002534927;21;25;"Jóia, quadro, objeto de arte, de coleção, antiguidade, etc.";"QUADRO";"2000,00";"31/07/2026";"17:34:38"
"03/08/2026";"16:31:03";2026;2;"Eleição Ordinária";6259;"Eleições Gerais Estaduais 2026";"04/10/2026";"SP";"SP";"SÃO PAULO";250002534927;24;25;"Jóia, quadro, objeto de arte, de coleção, antiguidade, etc.";"ESCULTURA";"1890,00";"31/07/2026";"17:34:38"
"03/08/2026";"16:31:03";2026;2;"Eleição Ordinária";6259;"Eleições Gerais Estaduais 2026";"04/10/2026";"SP";"SP";"SÃO PAULO";250002534927;25;25;"Jóia, quadro, objeto de arte, de coleção, antiguidade, etc.";"ESCULTURA";"2500,00";"31/07/2026";"17:34:38"
"03/08/2026";"16:31:03";2026;2;"Eleição Ordinária";6259;"Eleições Gerais Estaduais 2026";"04/10/2026";"SP";"SP";"SÃO PAULO";250002534927;26;25;"Jóia, quadro, objeto de arte, de coleção, antiguidade, etc.";"2 ESCULTURAS";"2000,00";"31/07/2026";"17:34:38"
"03/08/2026";"16:31:03";2026;2;"Eleição Ordinária";6259;"Eleições Gerais Estaduais 2026";"04/10/2026";"SP";"SP";"SÃO PAULO";250002534927;27;25;"Jóia, quadro, objeto de arte, de coleção, antiguidade, etc.";"QUADRO";"10000,00";"31/07/2026";"17:34:38"
"03/08/2026";"16:31:03";2026;2;"Eleição Ordinária";6259;"Eleições Gerais Estaduais 2026";"04/10/2026";"SP";"SP";"SÃO PAULO";250002534927;28;25;"Jóia, quadro, objeto de arte, de coleção, antiguidade, etc.";"QUADRO";"20000,00";"31/07/2026";"17:34:38"
"03/08/2026";"16:31:03";2026;2;"Eleição Ordinária";6259;"Eleições Gerais Estaduais 2026";"04/10/2026";"SP";"SP";"SÃO PAULO";250002534927;29;25;"Jóia, quadro, objeto de arte, de coleção, antiguidade, etc.";"QUADRO";"3990,00";"31/07/2026";"17:34:38"
"03/08/2026";"16:31:03";2026;2;"Eleição Ordinária";6259;"Eleições Gerais Estaduais 2026";"04/10/2026";"SP";"SP";"SÃO PAULO";250002534927;30;61;"Depósito bancário em conta corrente no País";"SALDO CONTA CORRENTE";"292,96";"31/07/2026";"17:34:38"
"03/08/2026";"16:31:03";2026;2;"Eleição Ordinária";6259;"Eleições Gerais Estaduais 2026";"04/10/2026";"SP";"SP";"SÃO PAULO";250002534927;31;25;"Jóia, quadro, objeto de arte, de coleção, antiguidade, etc.";"COLECAO DE SELOS POSTAIS";"150000,00";"31/07/2026";"17:34:38"
"03/08/2026";"16:31:03";2026;2;"Eleição Ordinária";6259;"Eleições Gerais Estaduais 2026";"04/10/2026";"SP";"SP";"SÃO PAULO";250002534927;32;13;"Terreno";"1/3 TERRENO";"8466,00";"31/07/2026";"17:34:38"
"03/08/2026";"16:31:03";2026;2;"Eleição Ordinária";6259;"Eleições Gerais Estaduais 2026";"04/10/2026";"SP";"SP";"SÃO PAULO";250002534928;2;41;"Caderneta de poupança";"POUPANÇA";"29629,93";"31/07/2026";"17:34:38"
"03/08/2026";"16:31:03";2026;2;"Eleição Ordinária";6259;"Eleições Gerais Estaduais 2026";"04/10/2026";"SP";"SP";"SÃO PAULO";250002534928;1;45;"Aplicação de renda fixa (CDB, RDB e outros)";"APLICAÇÃO";"88947,59";"31/07/2026";"17:34:38"
"03/08/2026";"16:31:03";2026;2;"Eleição Ordinária";6259;"Eleições Gerais Estaduais 2026";"04/10/2026";"SP";"SP";"SÃO PAULO";250002534928;3;79;"Outros fundos";"FUNDO SANTANDER";"114072,89";"31/07/2026";"17:34:38"
"03/08/2026";"16:31:03";2026;2;"Eleição Ordinária";6259;"Eleições Gerais Estaduais 2026";"04/10/2026";"SP";"SP";"SÃO PAULO";250002534928;6;21;"Veículo automotor terrestre: caminhão, automóvel, moto, etc.";"VEÍCULO";"100000,00";"31/07/2026";"17:34:38"
"03/08/2026";"16:31:03";2026;2;"Eleição Ordinária";6259;"Eleições Gerais Estaduais 2026";"04/10/2026";"SP";"SP";"SÃO PAULO";250002534928;5;11;"Apartamento";"IMOVEL";"770000,00";"31/07/2026";"17:34:38"
"03/08/2026";"16:31:03";2026;2;"Eleição Ordinária";6259;"Eleições Gerais Estaduais 2026";"04/10/2026";"SP";"SP";"SÃO PAULO";250002534928;4;97;"VGBL - Vida Gerador de Benefício Livre";"VGLB";"62611,52";"31/07/2026";"17:34:38"
"03/08/2026";"16:31:03";2026;2;"Eleição Ordinária";6259;"Eleições Gerais Estaduais 2026";"04/10/2026";"SP";"SP";"SÃO PAULO";250002534928;7;45;"Aplicação de renda fixa (CDB, RDB e outros)";"CRA SANTANDER";"19559,83";"31/07/2026";"17:34:38"
"03/08/2026";"16:31:03";2026;2;"Eleição Ordinária";6259;"Eleições Gerais Estaduais 2026";"04/10/2026";"SP";"SP";"SÃO PAULO";250002534929;2;21;"Veículo automotor terrestre: caminhão, automóvel, moto, etc.";"MOTO ADV HONDA";"26789,00";"31/07/2026";"17:34:38"
"03/08/2026";"16:31:03";2026;2;"Eleição Ordinária";6259;"Eleições Gerais Estaduais 2026";"04/10/2026";"SP";"SP";"SÃO PAULO";250002534929;1;21;"Veículo automotor terrestre: caminhão, automóvel, moto, etc.";"BIKE SCOTT 2023";"17099,00";"31/07/2026";"17:34:38"
"03/08/2026";"16:31:03";2026;2;"Eleição Ordinária";6259;"Eleições Gerais Estaduais 2026";"04/10/2026";"SP";"SP";"SÃO PAULO";250002534930;2;21;"Veículo automotor terrestre: caminhão, automóvel, moto, etc.";"CAMINHONETE D-20 CHEVROLET 1989";"5000,00";"31/07/2026";"17:34:38"
"03/08/2026";"16:31:03";2026;2;"Eleição Ordinária";6259;"Eleições Gerais Estaduais 2026";"04/10/2026";"SP";"SP";"SÃO PAULO";250002534930;3;21;"Veículo automotor terrestre: caminhão, automóvel, moto, etc.";"OPALA CHEVROLET ANO 1989";"5000,00";"31/07/2026";"17:34:38"
"03/08/2026";"16:31:03";2026;2;"Eleição Ordinária";6259;"Eleições Gerais Estaduais 2026";"04/10/2026";"SP";"SP";"SÃO PAULO";250002534930;1;19;"Outros bens imóveis";"CHALE NA ASSOCIAÇÃO GERONTO GERIATRICA DE SÃO JOSÉ DO RIO PRETO";"320000,00";"31/07/2026";"17:34:38"
"03/08/2026";"16:31:03";2026;2;"Eleição Ordinária";6259;"Eleições Gerais Estaduais 2026";"04/10/2026";"SP";"SP";"SÃO PAULO";250002534930;5;1;"Prédio residencial";"APARTAMENTO SÃO JOSÉ DO RIO PRETO";"148543,98";"31/07/2026";"17:34:38"
"03/08/2026";"16:31:03";2026;2;"Eleição Ordinária";6259;"Eleições Gerais Estaduais 2026";"04/10/2026";"SP";"SP";"SÃO PAULO";250002534930;4;14;"Terra nua";"IMÓVEL RURAL EM SANTA FÉ DO SUL";"149038,62";"31/07/2026";"17:34:38"
"03/08/2026";"16:31:03";2026;2;"Eleição Ordinária";6259;"Eleições Gerais Estaduais 2026";"04/10/2026";"SP";"SP";"SÃO PAULO";250002534930;6;19;"Outros bens imóveis";"COTAS DE TERRENO CONDOMINIO PIASSANGUABA, SÃO PAULO";"1665,45";"31/07/2026";"17:34:38"
"03/08/2026";"16:31:03";2026;2;"Eleição Ordinária";6259;"Eleições Gerais Estaduais 2026";"04/10/2026";"SP";"SP";"SÃO PAULO";250002534930;7;61;"Depósito bancário em conta corrente no País";"SALDO BANCÁRIO BANCO DO BRASIL";"400000,00";"31/07/2026";"17:34:38"
"03/08/2026";"16:31:03";2026;2;"Eleição Ordinária";6259;"Eleições Gerais Estaduais 2026";"04/10/2026";"SP";"SP";"SÃO PAULO";250002534930;9;29;"Outros bens móveis";"PECUÁRIA - REBANHO BOVINO (264)";"600000,00";"31/07/2026";"17:34:38"
"03/08/2026";"16:31:03";2026;2;"Eleição Ordinária";6259;"Eleições Gerais Estaduais 2026";"04/10/2026";"SP";"SP";"SÃO PAULO";250002534930;8;19;"Outros bens imóveis";"CHÁCARA RUBINÉIA";"424396,85";"31/07/2026";"17:34:38"
"03/08/2026";"16:31:03";2026;2;"Eleição Ordinária";6259;"Eleições Gerais Estaduais 2026";"04/10/2026";"SP";"SP";"SÃO PAULO";250002534931;3;12;"Casa";"SOBRADO";"750000,00";"31/07/2026";"17:34:38"
"03/08/2026";"16:31:03";2026;2;"Eleição Ordinária";6259;"Eleições Gerais Estaduais 2026";"04/10/2026";"SP";"SP";"SÃO PAULO";250002534931;1;21;"Veículo automotor terrestre: caminhão, automóvel, moto, etc.";"CARRO";"150000,00";"31/07/2026";"17:34:38"
"03/08/2026";"16:31:03";2026;2;"Eleição Ordinária";6259;"Eleições Gerais Estaduais 2026";"04/10/2026";"SP";"SP";"SÃO PAULO";250002534931;2;41;"Caderneta de poupança";"DEPOSITO EM CONTA POUPANÇA";"20000,00";"31/07/2026";"17:34:38"
"03/08/2026";"16:31:03";2026;2;"Eleição Ordinária";6259;"Eleições Gerais Estaduais 2026";"04/10/2026";"SP";"SP";"SÃO PAULO";250002534932;1;21;"Veículo automotor terrestre: caminhão, automóvel, moto, etc.";"I/GWM HAVAL H6 ANO/MOD 2025";"70000,00";"31/07/2026";"17:34:38"
"03/08/2026";"16:31:03";2026;2;"Eleição Ordinária";6259;"Eleições Gerais Estaduais 2026";"04/10/2026";"SP";"SP";"SÃO PAULO";250002534932;2;32;"Quotas ou quinhões de capital";"33,33 % DAS QUOTAS DE CAPITAL SOCIAL DA EMPRESA VILLA DI GUARUJA ¿ POUSADA LTDA";"20000,00";"31/07/2026";"17:34:38"
"03/08/2026";"16:31:03";2026;2;"Eleição Ordinária";6259;"Eleições Gerais Estaduais 2026";"04/10/2026";"SP";"SP";"SÃO PAULO";250002534932;3;61;"Depósito bancário em conta corrente no País";"SALDO EM CONTA BANCO INTER";"4,94";"31/07/2026";"17:34:38"
"03/08/2026";"16:31:03";2026;2;"Eleição Ordinária";6259;"Eleições Gerais Estaduais 2026";"04/10/2026";"SP";"SP";"SÃO PAULO";250002534932;6;61;"Depósito bancário em conta corrente no País";"SALDO EM CONTA ITAU UNIBANCO";"7793,75";"31/07/2026";"17:34:38"
"03/08/2026";"16:31:03";2026;2;"Eleição Ordinária";6259;"Eleições Gerais Estaduais 2026";"04/10/2026";"SP";"SP";"SÃO PAULO";250002534932;4;61;"Depósito bancário em conta corrente no País";"SALDO EM CONTA BANCO SICRED";"9134,31";"31/07/2026";"17:34:38"
"03/08/2026";"16:31:03";2026;2;"Eleição Ordinária";6259;"Eleições Gerais Estaduais 2026";"04/10/2026";"SP";"SP";"SÃO PAULO";250002534932;5;61;"Depósito bancário em conta corrente no País";"QUANTIDADE DE 11,7657359600 MCN";"15,00";"31/07/2026";"17:34:38"
"03/08/2026";"16:31:03";2026;2;"Eleição Ordinária";6259;"Eleições Gerais Estaduais 2026";"04/10/2026";"SP";"SP";"SÃO PAULO";250002534932;7;21;"Veículo automotor terrestre: caminhão, automóvel, moto, etc.";"TOYOTA COROLLA XEI 2.0 FLEX ANO/MOD 2018/2019";"106000,00";"31/07/2026";"17:34:38"
"03/08/2026";"16:31:03";2026;2;"Eleição Ordinária";6259;"Eleições Gerais Estaduais 2026";"04/10/2026";"SP";"SP";"SÃO PAULO";250002534932;8;61;"Depósito bancário em conta corrente no País";"CONTA CAPITAL - SICRED";"76,27";"31/07/2026";"17:34:38"
"03/08/2026";"16:31:03";2026;2;"Eleição Ordinária";6259;"Eleições Gerais Estaduais 2026";"04/10/2026";"SP";"SP";"SÃO PAULO";250002534933;1;61;"Depósito bancário em conta corrente no País";"SALDO CONTA BANCO BV";"20,59";"31/07/2026";"17:34:38"
"03/08/2026";"16:31:03";2026;2;"Eleição Ordinária";6259;"Eleições Gerais Estaduais 2026";"04/10/2026";"SP";"SP";"SÃO PAULO";250002534934;2;32;"Quotas ou quinhões de capital";"QUOTA DE CAPITAL NA EMPRESA AMARILUZ GARCIA FERREIRA SILVA";"10000,00";"31/07/2026";"17:34:38"
"03/08/2026";"16:31:03";2026;2;"Eleição Ordinária";6259;"Eleições Gerais Estaduais 2026";"04/10/2026";"SP";"SP";"SÃO PAULO";250002534933;2;61;"Depósito bancário em conta corrente no País";"SALDO EM RDB NO NUBANK";"0,12";"31/07/2026";"17:34:38"
"03/08/2026";"16:31:03";2026;2;"Eleição Ordinária";6259;"Eleições Gerais Estaduais 2026";"04/10/2026";"SP";"SP";"SÃO PAULO";250002534934;1;61;"Depósito bancário em conta corrente no País";"SALDO BANCO SANTANDER";"1629,48";"31/07/2026";"17:34:38"
"03/08/2026";"16:31:03";2026;2;"Eleição Ordinária";6259;"Eleições Gerais Estaduais 2026";"04/10/2026";"SP";"SP";"SÃO PAULO";250002534935;1;21;"Veículo automotor terrestre: caminhão, automóvel, moto, etc.";"MOTO";"35000,00";"31/07/2026";"17:34:38"
"03/08/2026";"16:31:03";2026;2;"Eleição Ordinária";6259;"Eleições Gerais Estaduais 2026";"04/10/2026";"SP";"SP";"SÃO PAULO";250002534935;2;13;"Terreno";"TERRENO";"354720,00";"31/07/2026";"17:34:38"
"03/08/2026";"16:31:03";2026;2;"Eleição Ordinária";6259;"Eleições Gerais Estaduais 2026";"04/10/2026";"SP";"SP";"SÃO PAULO";250002534935;3;13;"Terreno";"TERRENO";"501222,00";"31/07/2026";"17:34:38"
"03/08/2026";"16:31:03";2026;2;"Eleição Ordinária";6259;"Eleições Gerais Estaduais 2026";"04/10/2026";"SP";"SP";"SÃO PAULO";250002534935;6;21;"Veículo automotor terrestre: caminhão, automóvel, moto, etc.";"AUTOMÓVEL";"125000,00";"31/07/2026";"17:34:38"
"03/08/2026";"16:31:03";2026;2;"Eleição Ordinária";6259;"Eleições Gerais Estaduais 2026";"04/10/2026";"SP";"SP";"SÃO PAULO";250002534935;4;13;"Terreno";"TERRENO";"403200,00";"31/07/2026";"17:34:38"
"03/08/2026";"16:31:03";2026;2;"Eleição Ordinária";6259;"Eleições Gerais Estaduais 2026";"04/10/2026";"SP";"SP";"SÃO PAULO";250002534935;5;13;"Terreno";"TERRENO";"477315,00";"31/07/2026";"17:34:38"
"03/08/2026";"16:31:03";2026;2;"Eleição Ordinária";6259;"Eleições Gerais Estaduais 2026";"04/10/2026";"SP";"SP";"SÃO PAULO";250002534936;1;21;"Veículo automotor terrestre: caminhão, automóvel, moto, etc.";"CORSA HATCH";"26000,00";"31/07/2026";"17:34:38"
"03/08/2026";"16:31:03";2026;2;"Eleição Ordinária";6259;"Eleições Gerais Estaduais 2026";"04/10/2026";"SP";"SP";"SÃO PAULO";250002534937;2;45;"Aplicação de renda fixa (CDB, RDB e outros)";"APLICAÇÃO CDB SANTANDER";"9388,74";"31/07/2026";"17:34:38"
"03/08/2026";"16:31:03";2026;2;"Eleição Ordinária";6259;"Eleições Gerais Estaduais 2026";"04/10/2026";"SP";"SP";"SÃO PAULO";250002534937;1;21;"Veículo automotor terrestre: caminhão, automóvel, moto, etc.";"MOTOCICLETA HONDA C100 BIZ ANO 2005";"4350,00";"31/07/2026";"17:34:38"
"03/08/2026";"16:31:03";2026;2;"Eleição Ordinária";6259;"Eleições Gerais Estaduais 2026";"04/10/2026";"SP";"SP";"SÃO PAULO";250002534937;3;45;"Aplicação de renda fixa (CDB, RDB e outros)";"SANTANDER CAPITALIZAÇÃO";"3630,46";"31/07/2026";"17:34:38"
"03/08/2026";"16:31:03";2026;2;"Eleição Ordinária";6259;"Eleições Gerais Estaduais 2026";"04/10/2026";"SP";"SP";"SÃO PAULO";250002534938;1;45;"Aplicação de renda fixa (CDB, RDB e outros)";"APLICAÇÃO RENDA FIXA CDB BANCO BRADESCO";"1370,60";"31/07/2026";"17:34:38"
"03/08/2026";"16:31:03";2026;2;"Eleição Ordinária";6259;"Eleições Gerais Estaduais 2026";"04/10/2026";"SP";"SP";"SÃO PAULO";250002534937;4;61;"Depósito bancário em conta corrente no País";"SALDO BANCO DO BRASIL";"100,00";"31/07/2026";"17:34:38"
"03/08/2026";"16:31:03";2026;2;"Eleição Ordinária";6259;"Eleições Gerais Estaduais 2026";"04/10/2026";"SP";"SP";"SÃO PAULO";250002534938;4;32;"Quotas ou quinhões de capital";"QUOTAS DE CAPITAL NA EMPRESA DI NIZO CENTRO AUTOMOTIVO";"3125,00";"31/07/2026";"17:34:38"
"03/08/2026";"16:31:03";2026;2;"Eleição Ordinária";6259;"Eleições Gerais Estaduais 2026";"04/10/2026";"SP";"SP";"SÃO PAULO";250002534938;3;11;"Apartamento";"APARTAMENTO EM OSASCO";"468485,19";"31/07/2026";"17:34:38"
"03/08/2026";"16:31:03";2026;2;"Eleição Ordinária";6259;"Eleições Gerais Estaduais 2026";"04/10/2026";"SP";"SP";"SÃO PAULO";250002534938;2;61;"Depósito bancário em conta corrente no País";"CONTA CORRENTE BANCO BRADESCO";"1,00";"31/07/2026";"17:34:38"
"03/08/2026";"16:31:03";2026;2;"Eleição Ordinária";6259;"Eleições Gerais Estaduais 2026";"04/10/2026";"SP";"SP";"SÃO PAULO";250002534938;5;12;"Casa";"25% DE UM IMÓVEL EM OSASCO";"35531,86";"31/07/2026";"17:34:38"
"03/08/2026";"16:31:03";2026;2;"Eleição Ordinária";6259;"Eleições Gerais Estaduais 2026";"04/10/2026";"SP";"SP";"SÃO PAULO";250002534938;7;21;"Veículo automotor terrestre: caminhão, automóvel, moto, etc.";"MOTONETA DAFRA CITYCOM S300I 2018";"25240,00";"31/07/2026";"17:34:38"
"03/08/2026";"16:31:03";2026;2;"Eleição Ordinária";6259;"Eleições Gerais Estaduais 2026";"04/10/2026";"SP";"SP";"SÃO PAULO";250002534938;6;11;"Apartamento";"25% DE APARTAMENTO EM SÃO PAULO";"7908,76";"31/07/2026";"17:34:38"
"03/08/2026";"16:31:03";2026;2;"Eleição Ordinária";6259;"Eleições Gerais Estaduais 2026";"04/10/2026";"SP";"SP";"SÃO PAULO";250002534938;9;12;"Casa";"25% DE UM IMÓVEL EM OSASCO";"22969,78";"31/07/2026";"17:34:38"
"03/08/2026";"16:31:03";2026;2;"Eleição Ordinária";6259;"Eleições Gerais Estaduais 2026";"04/10/2026";"SP";"SP";"SÃO PAULO";250002534938;8;45;"Aplicação de renda fixa (CDB, RDB e outros)";"APLICAÇÃO RENDA FIXA SICOOB COOPERATIVA";"15,08";"31/07/2026";"17:34:38"
"03/08/2026";"16:31:03";2026;2;"Eleição Ordinária";6259;"Eleições Gerais Estaduais 2026";"04/10/2026";"SP";"SP";"SÃO PAULO";250002534938;10;13;"Terreno";"LOTE DE TERRENO EM ITUPEVA";"180369,93";"31/07/2026";"17:34:38"
"03/08/2026";"16:31:03";2026;2;"Eleição Ordinária";6259;"Eleições Gerais Estaduais 2026";"04/10/2026";"SP";"SP";"SÃO PAULO";250002534938;12;45;"Aplicação de renda fixa (CDB, RDB e outros)";"BRADESCO VIDA E PREVIDENCIA - VGBL";"438,94";"31/07/2026";"17:34:38"
"03/08/2026";"16:31:03";2026;2;"Eleição Ordinária";6259;"Eleições Gerais Estaduais 2026";"04/10/2026";"SP";"SP";"SÃO PAULO";250002534940;1;21;"Veículo automotor terrestre: caminhão, automóvel, moto, etc.";"VEÍCULO BYD KING GS 26/27";"175000,00";"31/07/2026";"17:34:38"
"03/08/2026";"16:31:03";2026;2;"Eleição Ordinária";6259;"Eleições Gerais Estaduais 2026";"04/10/2026";"SP";"SP";"SÃO PAULO";250002534938;11;31;"Ações (inclusive as provenientes de linha telefônica)";"5.000 QUOTAS DE CAPITAL DA COOPERATIVA DE CREDITO DA REGIAO MERIDIONAL DO BRASIL";"11061,33";"31/07/2026";"17:34:38"
"03/08/2026";"16:31:03";2026;2;"Eleição Ordinária";6259;"Eleições Gerais Estaduais 2026";"04/10/2026";"SP";"SP";"SÃO PAULO";250002534943;2;12;"Casa";"CASA";"250000,00";"31/07/2026";"17:34:38"
"03/08/2026";"16:31:03";2026;2;"Eleição Ordinária";6259;"Eleições Gerais Estaduais 2026";"04/10/2026";"SP";"SP";"SÃO PAULO";250002534943;3;21;"Veículo automotor terrestre: caminhão, automóvel, moto, etc.";"CARRO";"70000,00";"31/07/2026";"17:34:38"
"03/08/2026";"16:31:03";2026;2;"Eleição Ordinária";6259;"Eleições Gerais Estaduais 2026";"04/10/2026";"SP";"SP";"SÃO PAULO";250002534943;1;13;"Terreno";"TERRENO";"350000,00";"31/07/2026";"17:34:38"
"03/08/2026";"16:31:03";2026;2;"Eleição Ordinária";6259;"Eleições Gerais Estaduais 2026";"04/10/2026";"SP";"SP";"SÃO PAULO";250002534944;2;21;"Veículo automotor terrestre: caminhão, automóvel, moto, etc.";"MOTOCICLETA";"50000,00";"31/07/2026";"17:34:38"
"03/08/2026";"16:31:03";2026;2;"Eleição Ordinária";6259;"Eleições Gerais Estaduais 2026";"04/10/2026";"SP";"SP";"SÃO PAULO";250002534947;1;21;"Veículo automotor terrestre: caminhão, automóvel, moto, etc.";"NISSAN VERSA 1.6 PRATA ANO 2016/2017";"57900,00";"31/07/2026";"17:34:38"
"03/08/2026";"16:31:03";2026;2;"Eleição Ordinária";6259;"Eleições Gerais Estaduais 2026";"04/10/2026";"SP";"SP";"SÃO PAULO";250002534944;1;11;"Apartamento";"APARTAMENTO";"3000000,00";"31/07/2026";"17:34:38"
"03/08/2026";"16:31:03";2026;2;"Eleição Ordinária";6259;"Eleições Gerais Estaduais 2026";"04/10/2026";"SP";"SP";"SÃO PAULO";250002534948;1;11;"Apartamento";"APARTAMENTO EM VOTORANTIM";"190411,22";"31/07/2026";"17:34:38"
"03/08/2026";"16:31:03";2026;2;"Eleição Ordinária";6259;"Eleições Gerais Estaduais 2026";"04/10/2026";"SP";"SP";"SÃO PAULO";250002534948;3;31;"Ações (inclusive as provenientes de linha telefônica)";"1.014 AÇÕES DA CIA BANCO PINE";"1764,36";"31/07/2026";"17:34:38"
"03/08/2026";"16:31:03";2026;2;"Eleição Ordinária";6259;"Eleições Gerais Estaduais 2026";"04/10/2026";"SP";"SP";"SÃO PAULO";250002534948;2;61;"Depósito bancário em conta corrente no País";"SALDO BANCARIO BANCO DO BRASIL S.A";"9,27";"31/07/2026";"17:34:38"
"03/08/2026";"16:31:03";2026;2;"Eleição Ordinária";6259;"Eleições Gerais Estaduais 2026";"04/10/2026";"SP";"SP";"SÃO PAULO";250002534948;5;31;"Ações (inclusive as provenientes de linha telefônica)";"18.279 AÇÕES DA CIA BANCO PINE";"111287,41";"31/07/2026";"17:34:38"
"03/08/2026";"16:31:03";2026;2;"Eleição Ordinária";6259;"Eleições Gerais Estaduais 2026";"04/10/2026";"SP";"SP";"SÃO PAULO";250002534948;6;31;"Ações (inclusive as provenientes de linha telefônica)";"7.100 AÇÕES DA CIA BOA SAFRA SEMENTES";"63585,66";"31/07/2026";"17:34:38"
"03/08/2026";"16:31:03";2026;2;"Eleição Ordinária";6259;"Eleições Gerais Estaduais 2026";"04/10/2026";"SP";"SP";"SÃO PAULO";250002534948;4;13;"Terreno";"TERRENO EM TATUI";"5887,94";"31/07/2026";"17:34:38"
"03/08/2026";"16:31:03";2026;2;"Eleição Ordinária";6259;"Eleições Gerais Estaduais 2026";"04/10/2026";"SP";"SP";"SÃO PAULO";250002534948;9;31;"Ações (inclusive as provenientes de linha telefônica)";"5.000 AÇÕES DA CIA JSL SA";"30512,31";"31/07/2026";"17:34:38"
"03/08/2026";"16:31:03";2026;2;"Eleição Ordinária";6259;"Eleições Gerais Estaduais 2026";"04/10/2026";"SP";"SP";"SÃO PAULO";250002534948;8;61;"Depósito bancário em conta corrente no País";"SALDO EM CONTA CORRENTE BANCO CAIXA ECONOMICA FEDERAL";"1348,75";"31/07/2026";"17:34:38"
"03/08/2026";"16:31:03";2026;2;"Eleição Ordinária";6259;"Eleições Gerais Estaduais 2026";"04/10/2026";"SP";"SP";"SÃO PAULO";250002534948;7;13;"Terreno";"TERRENO EM TATUI";"5048,00";"31/07/2026";"17:34:38"
"03/08/2026";"16:31:03";2026;2;"Eleição Ordinária";6259;"Eleições Gerais Estaduais 2026";"04/10/2026";"SP";"SP";"SÃO PAULO";250002534948;12;12;"Casa";"CASA EM TATUÍ";"118130,00";"31/07/2026";"17:34:38"
"03/08/2026";"16:31:03";2026;2;"Eleição Ordinária";6259;"Eleições Gerais Estaduais 2026";"04/10/2026";"SP";"SP";"SÃO PAULO";250002534948;10;31;"Ações (inclusive as provenientes de linha telefônica)";"400 BDRS META PLATFORMS";"51365,12";"31/07/2026";"17:34:38"
"03/08/2026";"16:31:03";2026;2;"Eleição Ordinária";6259;"Eleições Gerais Estaduais 2026";"04/10/2026";"SP";"SP";"SÃO PAULO";250002534948;11;31;"Ações (inclusive as provenientes de linha telefônica)";"623 BDRS DA CIA GOLDMANSACHS";"53654,22";"31/07/2026";"17:34:38"
"03/08/2026";"16:31:03";2026;2;"Eleição Ordinária";6259;"Eleições Gerais Estaduais 2026";"04/10/2026";"SP";"SP";"SÃO PAULO";250002534948;15;11;"Apartamento";"APARTAMENTO EM SOROCABA";"348700,00";"31/07/2026";"17:34:38"
"03/08/2026";"16:31:03";2026;2;"Eleição Ordinária";6259;"Eleições Gerais Estaduais 2026";"04/10/2026";"SP";"SP";"SÃO PAULO";250002534948;13;31;"Ações (inclusive as provenientes de linha telefônica)";"7.000 AÇÕES DA CIA AZ QUEST";"51960,40";"31/07/2026";"17:34:38"
"03/08/2026";"16:31:03";2026;2;"Eleição Ordinária";6259;"Eleições Gerais Estaduais 2026";"04/10/2026";"SP";"SP";"SÃO PAULO";250002534948;14;31;"Ações (inclusive as provenientes de linha telefônica)";"600 BRDS DO CITIGROUP S.A.";"54673,75";"31/07/2026";"17:34:38"
"03/08/2026";"16:31:03";2026;2;"Eleição Ordinária";6259;"Eleições Gerais Estaduais 2026";"04/10/2026";"SP";"SP";"SÃO PAULO";250002534948;18;45;"Aplicação de renda fixa (CDB, RDB e outros)";"APLICAÇÃO FINANCEIRA RENDA FIXA BANCO DO BRASIL";"6234,20";"31/07/2026";"17:34:38"
"03/08/2026";"16:31:03";2026;2;"Eleição Ordinária";6259;"Eleições Gerais Estaduais 2026";"04/10/2026";"SP";"SP";"SÃO PAULO";250002534948;16;31;"Ações (inclusive as provenientes de linha telefônica)";"807 AÇÕES DA CIA INTER   CO";"38808,04";"31/07/2026";"17:34:38"
"03/08/2026";"16:31:03";2026;2;"Eleição Ordinária";6259;"Eleições Gerais Estaduais 2026";"04/10/2026";"SP";"SP";"SÃO PAULO";250002534948;17;31;"Ações (inclusive as provenientes de linha telefônica)";"2.200 AÇÕES DA CIA WEG S.A.";"94772,13";"31/07/2026";"17:34:38"
"03/08/2026";"16:31:03";2026;2;"Eleição Ordinária";6259;"Eleições Gerais Estaduais 2026";"04/10/2026";"SP";"SP";"SÃO PAULO";250002534948;19;31;"Ações (inclusive as provenientes de linha telefônica)";"20.000 AÇÕES DA CIA SYN PROP E TECH S.A.";"106497,29";"31/07/2026";"17:34:38"
"03/08/2026";"16:31:03";2026;2;"Eleição Ordinária";6259;"Eleições Gerais Estaduais 2026";"04/10/2026";"SP";"SP";"SÃO PAULO";250002534948;20;31;"Ações (inclusive as provenientes de linha telefônica)";"1.538 BDRS DA APPLE DRN";"75747,14";"31/07/2026";"17:34:38"
"03/08/2026";"16:31:03";2026;2;"Eleição Ordinária";6259;"Eleições Gerais Estaduais 2026";"04/10/2026";"SP";"SP";"SÃO PAULO";250002534948;21;13;"Terreno";"TERRENO EM TATUI";"5887,94";"31/07/2026";"17:34:38"
"03/08/2026";"16:31:03";2026;2;"Eleição Ordinária";6259;"Eleições Gerais Estaduais 2026";"04/10/2026";"SP";"SP";"SÃO PAULO";250002534948;23;31;"Ações (inclusive as provenientes de linha telefônica)";"5.400 AÇÕES DA CIA BRAVA ENERGI";"92475,53";"31/07/2026";"17:34:38"
"03/08/2026";"16:31:03";2026;2;"Eleição Ordinária";6259;"Eleições Gerais Estaduais 2026";"04/10/2026";"SP";"SP";"SÃO PAULO";250002534948;24;31;"Ações (inclusive as provenientes de linha telefônica)";"1.200 AÇÕES DA CIA SANEAMENTO MINAS GERAIS COPASA";"51474,96";"31/07/2026";"17:34:38"
"03/08/2026";"16:31:03";2026;2;"Eleição Ordinária";6259;"Eleições Gerais Estaduais 2026";"04/10/2026";"SP";"SP";"SÃO PAULO";250002534948;22;13;"Terreno";"TERRENO EM BOITUVA";"30000,00";"31/07/2026";"17:34:38"
"03/08/2026";"16:31:03";2026;2;"Eleição Ordinária";6259;"Eleições Gerais Estaduais 2026";"04/10/2026";"SP";"SP";"SÃO PAULO";250002534948;25;31;"Ações (inclusive as provenientes de linha telefônica)";"4.920 AÇÕES DA CIA TREND ETF LBMA OURO";"78246,89";"31/07/2026";"17:34:38"
"03/08/2026";"16:31:03";2026;2;"Eleição Ordinária";6259;"Eleições Gerais Estaduais 2026";"04/10/2026";"SP";"SP";"SÃO PAULO";250002534948;26;61;"Depósito bancário em conta corrente no País";"SALDO BANCARIO NO BANCO MERCANTIL DO BRASIL";"3,29";"31/07/2026";"17:34:38"
"03/08/2026";"16:31:03";2026;2;"Eleição Ordinária";6259;"Eleições Gerais Estaduais 2026";"04/10/2026";"SP";"SP";"SÃO PAULO";250002534948;27;31;"Ações (inclusive as provenientes de linha telefônica)";"5.000 QUOTAS DO FUNDO CAPITANIA SECURITIES II";"38363,92";"31/07/2026";"17:34:38"
"03/08/2026";"16:31:03";2026;2;"Eleição Ordinária";6259;"Eleições Gerais Estaduais 2026";"04/10/2026";"SP";"SP";"SÃO PAULO";250002534948;29;11;"Apartamento";"APARTAMENTO EM SOROCABA";"120000,00";"31/07/2026";"17:34:38"
"03/08/2026";"16:31:03";2026;2;"Eleição Ordinária";6259;"Eleições Gerais Estaduais 2026";"04/10/2026";"SP";"SP";"SÃO PAULO";250002534948;30;31;"Ações (inclusive as provenientes de linha telefônica)";"1.000 AÇÕES DA CIA EMAE EMPRESA METROPOLITANA";"36135,62";"31/07/2026";"17:34:38"
"03/08/2026";"16:31:03";2026;2;"Eleição Ordinária";6259;"Eleições Gerais Estaduais 2026";"04/10/2026";"SP";"SP";"SÃO PAULO";250002534948;28;61;"Depósito bancário em conta corrente no País";"SALDO EM CONTA CORRENTE NO BANCO BTG PACTUAL S.A";"1064,23";"31/07/2026";"17:34:38"
"03/08/2026";"16:31:03";2026;2;"Eleição Ordinária";6259;"Eleições Gerais Estaduais 2026";"04/10/2026";"SP";"SP";"SÃO PAULO";250002534948;31;31;"Ações (inclusive as provenientes de linha telefônica)";"4.000 AÇÕES DA CIA GUARDIAN REAL ESTATE";"36575,79";"31/07/2026";"17:34:38"
"03/08/2026";"16:31:03";2026;2;"Eleição Ordinária";6259;"Eleições Gerais Estaduais 2026";"04/10/2026";"SP";"SP";"SÃO PAULO";250002534948;32;31;"Ações (inclusive as provenientes de linha telefônica)";"1.100 AÇÕES DA CIA GRENDENE";"6186,13";"31/07/2026";"17:34:38"
"03/08/2026";"16:31:03";2026;2;"Eleição Ordinária";6259;"Eleições Gerais Estaduais 2026";"04/10/2026";"SP";"SP";"SÃO PAULO";250002534948;33;31;"Ações (inclusive as provenientes de linha telefônica)";"600 BDRS DA CIA MERCADOLIBRE INC";"55407,75";"31/07/2026";"17:34:38"
"03/08/2026";"16:31:03";2026;2;"Eleição Ordinária";6259;"Eleições Gerais Estaduais 2026";"04/10/2026";"SP";"SP";"SÃO PAULO";250002534948;34;45;"Aplicação de renda fixa (CDB, RDB e outros)";"APLICAÇÃO FINANCEIRA COE NO BANCO PACTUAL S.A.";"50000,00";"31/07/2026";"17:34:38"
"03/08/2026";"16:31:03";2026;2;"Eleição Ordinária";6259;"Eleições Gerais Estaduais 2026";"04/10/2026";"SP";"SP";"SÃO PAULO";250002534948;35;31;"Ações (inclusive as provenientes de linha telefônica)";"2.200 AÇÕES DA CIA ENERGETICA BRASILIA";"53270,69";"31/07/2026";"17:34:38"
"03/08/2026";"16:31:03";2026;2;"Eleição Ordinária";6259;"Eleições Gerais Estaduais 2026";"04/10/2026";"SP";"SP";"SÃO PAULO";250002534948;36;31;"Ações (inclusive as provenientes de linha telefônica)";"8.200 AÇÕES DA CIA ENERGETICA MINAS GERAIS CEMIG";"91248,50";"31/07/2026";"17:34:38"
"03/08/2026";"16:31:03";2026;2;"Eleição Ordinária";6259;"Eleições Gerais Estaduais 2026";"04/10/2026";"SP";"SP";"SÃO PAULO";250002534948;39;31;"Ações (inclusive as provenientes de linha telefônica)";"194 AÇÕES DA CIA HOTEL MAXINVEST";"26775,51";"31/07/2026";"17:34:38"
"03/08/2026";"16:31:03";2026;2;"Eleição Ordinária";6259;"Eleições Gerais Estaduais 2026";"04/10/2026";"SP";"SP";"SÃO PAULO";250002534948;37;31;"Ações (inclusive as provenientes de linha telefônica)";"5.660 AÇÕES DA CIA VULCABRAS AZALEIA S.A.";"109512,54";"31/07/2026";"17:34:38"
"03/08/2026";"16:31:03";2026;2;"Eleição Ordinária";6259;"Eleições Gerais Estaduais 2026";"04/10/2026";"SP";"SP";"SÃO PAULO";250002534948;38;31;"Ações (inclusive as provenientes de linha telefônica)";"679 BDRS DO BANCO HSBC S.A";"42521,20";"31/07/2026";"17:34:38"
"03/08/2026";"16:31:03";2026;2;"Eleição Ordinária";6259;"Eleições Gerais Estaduais 2026";"04/10/2026";"SP";"SP";"SÃO PAULO";250002534949;1;12;"Casa";"CASA";"1500000,00";"31/07/2026";"17:34:38"
"03/08/2026";"16:31:03";2026;2;"Eleição Ordinária";6259;"Eleições Gerais Estaduais 2026";"04/10/2026";"SP";"SP";"SÃO PAULO";250002534949;3;21;"Veículo automotor terrestre: caminhão, automóvel, moto, etc.";"AUTOMÓVEL";"130000,00";"31/07/2026";"17:34:38"
"03/08/2026";"16:31:03";2026;2;"Eleição Ordinária";6259;"Eleições Gerais Estaduais 2026";"04/10/2026";"SP";"SP";"SÃO PAULO";250002534949;2;39;"Outras participações societárias";"COTA DE EMPRESA 99% DA CAPACIDADES-GESTÃO PÚBLICA";"9900,00";"31/07/2026";"17:34:38"
"03/08/2026";"16:31:03";2026;2;"Eleição Ordinária";6259;"Eleições Gerais Estaduais 2026";"04/10/2026";"SP";"SP";"SÃO PAULO";250002534950;3;12;"Casa";"CASA";"400000,00";"31/07/2026";"17:34:38"
"03/08/2026";"16:31:03";2026;2;"Eleição Ordinária";6259;"Eleições Gerais Estaduais 2026";"04/10/2026";"SP";"SP";"SÃO PAULO";250002534950;2;21;"Veículo automotor terrestre: caminhão, automóvel, moto, etc.";"VEÍCULO";"65000,00";"31/07/2026";"17:34:38"
"03/08/2026";"16:31:03";2026;2;"Eleição Ordinária";6259;"Eleições Gerais Estaduais 2026";"04/10/2026";"SP";"SP";"SÃO PAULO";250002534950;1;21;"Veículo automotor terrestre: caminhão, automóvel, moto, etc.";"VEÍCULO";"30000,00";"31/07/2026";"17:34:38"
"03/08/2026";"16:31:03";2026;2;"Eleição Ordinária";6259;"Eleições Gerais Estaduais 2026";"04/10/2026";"SP";"SP";"SÃO PAULO";250002534951;1;12;"Casa";"IMOVEL RESIDENCIAL EM VOTUPORANGA";"233623,39";"31/07/2026";"17:34:38"
"03/08/2026";"16:31:03";2026;2;"Eleição Ordinária";6259;"Eleições Gerais Estaduais 2026";"04/10/2026";"SP";"SP";"SÃO PAULO";250002535933;1;21;"Veículo automotor terrestre: caminhão, automóvel, moto, etc.";"FIAT FASTBACK TURBO 200";"108000,00";"03/08/2026";"15:52:54"
"03/08/2026";"16:31:03";2026;2;"Eleição Ordinária";6259;"Eleições Gerais Estaduais 2026";"04/10/2026";"SP";"SP";"SÃO PAULO";250002534951;2;61;"Depósito bancário em conta corrente no País";"SALDO CAIXA ECONOMICA FEDERAL";"3000,00";"31/07/2026";"17:34:38"
"03/08/2026";"16:31:03";2026;2;"Eleição Ordinária";6259;"Eleições Gerais Estaduais 2026";"04/10/2026";"SP";"SP";"SÃO PAULO";250002535934;1;21;"Veículo automotor terrestre: caminhão, automóvel, moto, etc.";"JEEP COMPASS 2023";"130000,00";"03/08/2026";"16:00:57"
"03/08/2026";"16:31:03";2026;2;"Eleição Ordinária";6259;"Eleições Gerais Estaduais 2026";"04/10/2026";"SP";"SP";"SÃO PAULO";250002535934;2;12;"Casa";"IMÓVEL RESIDENCIAL NO BAIRRO VILLAGE MANTIQUEIRA EM GUARATINGUETÁ SP";"142000,00";"03/08/2026";"16:00:57"
"03/08/2026";"16:31:03";2026;2;"Eleição Ordinária";6259;"Eleições Gerais Estaduais 2026";"04/10/2026";"SP";"SP";"SÃO PAULO";250002535934;3;12;"Casa";"IMÓVEL RESIDENCIAL NO BAIRRO PARQUE ANDRÉ BROCA FILHO EM GUARATINGUETÁ";"85000,00";"03/08/2026";"16:00:57"
"03/08/2026";"16:31:03";2026;2;"Eleição Ordinária";6259;"Eleições Gerais Estaduais 2026";"04/10/2026";"SP";"SP";"SÃO PAULO";250002535934;4;11;"Apartamento";"IMÓVEL RESIDENCIAL EM ITAQUÁ, UBATUBA SP";"450000,00";"03/08/2026";"16:00:57"
"03/08/2026";"16:31:03";2026;2;"Eleição Ordinária";6259;"Eleições Gerais Estaduais 2026";"04/10/2026";"SP";"SP";"SÃO PAULO";250002535935;1;15;"Sala ou conjunto";"UMA UNIDADE DO CONDOMINIO EDIFICIO DOCTOR S CENTER- RUA BARATA RIBEIRO N.: 190 COMP.: UNIDADE 101 BAIRRO: BELA VISTA UF: SO MUNICÍPIO: SAO PAULO";"95000,00";"03/08/2026";"15:52:59"
"03/08/2026";"16:31:03";2026;2;"Eleição Ordinária";6259;"Eleições Gerais Estaduais 2026";"04/10/2026";"SP";"SP";"SÃO PAULO";250002535936;1;19;"Outros bens imóveis";"IMÓVEL RESIDENCIAL";"533045,00";"03/08/2026";"15:53:37"
"03/08/2026";"16:31:03";2026;2;"Eleição Ordinária";6259;"Eleições Gerais Estaduais 2026";"04/10/2026";"SP";"SP";"SÃO PAULO";250002535937;1;32;"Quotas ou quinhões de capital";"WATER PARK SAO PAULO EMPREENDIMENTOS IMOBILIARIOS CNPJ 28.633.654/0001-71";"51264,92";"03/08/2026";"15:52:47"
"03/08/2026";"16:31:03";2026;2;"Eleição Ordinária";6259;"Eleições Gerais Estaduais 2026";"04/10/2026";"SP";"SP";"SÃO PAULO";250002535937;2;11;"Apartamento";"RUA PIRATININGA - BRÁS SP";"285347,04";"03/08/2026";"15:52:47"
"03/08/2026";"16:31:03";2026;2;"Eleição Ordinária";6259;"Eleições Gerais Estaduais 2026";"04/10/2026";"SP";"SP";"SÃO PAULO";250002535936;2;19;"Outros bens imóveis";"IMÓVEL RESIDENCIAL";"380000,00";"03/08/2026";"15:53:37"
"03/08/2026";"16:31:03";2026;2;"Eleição Ordinária";6259;"Eleições Gerais Estaduais 2026";"04/10/2026";"SP";"SP";"SÃO PAULO";250002535937;5;32;"Quotas ou quinhões de capital";"FRAÇÃO DE UM APTO NO 121 EDIFICIO TORRE G1RAN PARADISO SITO EM CAMPOS DO JORDÃO A RUA DR JOSE MESTRES LOTE GLEBA 2B";"54600,00";"03/08/2026";"15:52:47"
"03/08/2026";"16:31:03";2026;2;"Eleição Ordinária";6259;"Eleições Gerais Estaduais 2026";"04/10/2026";"SP";"SP";"SÃO PAULO";250002535937;3;21;"Veículo automotor terrestre: caminhão, automóvel, moto, etc.";"AUTO MARCA TOYOTA MODELO COROLLA ALTIS20FX - ANO 2011/2012 - PLACAS FII0015 - COR PRETA - COMBUSTIVEL FLEX";"40000,00";"03/08/2026";"15:52:47"
"03/08/2026";"16:31:03";2026;2;"Eleição Ordinária";6259;"Eleições Gerais Estaduais 2026";"04/10/2026";"SP";"SP";"SÃO PAULO";250002535937;4;13;"Terreno";"TERRENO LOTE NO 17 DA QUADRA 27 DA AREA DA PROGUARU SITO A RUA PARAIBA NO 189 NO BAIRRO JARDIM NOVA PONTE ALTA EM GUARULHOS";"13112,60";"03/08/2026";"15:52:47"
"03/08/2026";"16:31:03";2026;2;"Eleição Ordinária";6259;"Eleições Gerais Estaduais 2026";"04/10/2026";"SP";"SP";"SÃO PAULO";250002535938;2;12;"Casa";"IMÓVEL RESIDENCIAL SITUADO NA CIDADE DE BARRINHA-SP";"80000,00";"03/08/2026";"15:52:37"
"03/08/2026";"16:31:03";2026;2;"Eleição Ordinária";6259;"Eleições Gerais Estaduais 2026";"04/10/2026";"SP";"SP";"SÃO PAULO";250002535938;3;19;"Outros bens imóveis";"UMA ÁREA COM 8,206 AL NA CIDADE DE BARRINHA-SP";"350000,00";"03/08/2026";"15:52:37"
"03/08/2026";"16:31:03";2026;2;"Eleição Ordinária";6259;"Eleições Gerais Estaduais 2026";"04/10/2026";"SP";"SP";"SÃO PAULO";250002535938;1;19;"Outros bens imóveis";"UMA ÁREA DE 14,15 HE NA CIDADE DE SERTÃOZINHO-SP";"78000,00";"03/08/2026";"15:52:37"
"03/08/2026";"16:31:03";2026;2;"Eleição Ordinária";6259;"Eleições Gerais Estaduais 2026";"04/10/2026";"SP";"SP";"SÃO PAULO";250002535938;4;12;"Casa";"IMÓVEL RESIDENCIAL E COMERCIAL SITUADO NA CIDADE DE BARRINHA-SP";"120000,00";"03/08/2026";"15:52:37"
"03/08/2026";"16:31:03";2026;2;"Eleição Ordinária";6259;"Eleições Gerais Estaduais 2026";"04/10/2026";"SP";"SP";"SÃO PAULO";250002535938;5;61;"Depósito bancário em conta corrente no País";"VALOR EM CONTA";"20000,00";"03/08/2026";"15:52:37"
"03/08/2026";"16:31:03";2026;2;"Eleição Ordinária";6259;"Eleições Gerais Estaduais 2026";"04/10/2026";"SP";"SP";"SÃO PAULO";250002535938;6;13;"Terreno";"TERRENO SITUADO NA CIDADE DE ILHA COMPRINA-SP";"10060,68";"03/08/2026";"15:52:37"
"03/08/2026";"16:31:03";2026;2;"Eleição Ordinária";6259;"Eleições Gerais Estaduais 2026";"04/10/2026";"SP";"SP";"SÃO PAULO";250002535940;3;32;"Quotas ou quinhões de capital";"EMPRESA FAMILIAR 3LGV";"1305000,00";"03/08/2026";"15:53:17"
"03/08/2026";"16:31:03";2026;2;"Eleição Ordinária";6259;"Eleições Gerais Estaduais 2026";"04/10/2026";"SP";"SP";"SÃO PAULO";250002535940;1;61;"Depósito bancário em conta corrente no País";"CONTA CORRENTE";"8700,00";"03/08/2026";"15:53:17"
"03/08/2026";"16:31:03";2026;2;"Eleição Ordinária";6259;"Eleições Gerais Estaduais 2026";"04/10/2026";"SP";"SP";"SÃO PAULO";250002535940;2;97;"VGBL - Vida Gerador de Benefício Livre";"VGBL BRADESCO";"203361,00";"03/08/2026";"15:53:17"
"03/08/2026";"16:31:03";2026;2;"Eleição Ordinária";6259;"Eleições Gerais Estaduais 2026";"04/10/2026";"SP";"SP";"SÃO PAULO";250002535940;4;45;"Aplicação de renda fixa (CDB, RDB e outros)";"CDB BRADESCO";"125553,00";"03/08/2026";"15:53:17"
"03/08/2026";"16:31:03";2026;2;"Eleição Ordinária";6259;"Eleições Gerais Estaduais 2026";"04/10/2026";"SP";"SP";"SÃO PAULO";250002535943;1;21;"Veículo automotor terrestre: caminhão, automóvel, moto, etc.";"UM VEÍCULO CAR REBOQUE ANO 2013/2013 DE PLACAS FMB 5114 COM BARCO PETY";"3700,00";"03/08/2026";"15:52:45"
"03/08/2026";"16:31:03";2026;2;"Eleição Ordinária";6259;"Eleições Gerais Estaduais 2026";"04/10/2026";"SP";"SP";"SÃO PAULO";250002535940;5;63;"Dinheiro em espécie - moeda nacional";"EM ESPÉCIE";"46500,00";"03/08/2026";"15:53:17"
"03/08/2026";"16:31:03";2026;2;"Eleição Ordinária";6259;"Eleições Gerais Estaduais 2026";"04/10/2026";"SP";"SP";"SÃO PAULO";250002535944;1;12;"Casa";"PARTE DE IMÓVEL RESIDENCIAL EM SÃO PAULO/SP (PARTE 68,75%)";"1375000,00";"03/08/2026";"15:53:18"
"03/08/2026";"16:31:03";2026;2;"Eleição Ordinária";6259;"Eleições Gerais Estaduais 2026";"04/10/2026";"SP";"SP";"SÃO PAULO";250002535944;2;61;"Depósito bancário em conta corrente no País";"INFORMADO POR CNPJ 00.360.305/0001-04 - CONTA 0005864240792 - RECUPERADO DA CONTA ANTIGA 00100021154-4";"113,74";"03/08/2026";"15:53:18"
"03/08/2026";"16:31:03";2026;2;"Eleição Ordinária";6259;"Eleições Gerais Estaduais 2026";"04/10/2026";"SP";"SP";"SÃO PAULO";250002535945;1;61;"Depósito bancário em conta corrente no País";"CONTA CORRENTE SICOOB";"95,07";"03/08/2026";"15:52:54"
"03/08/2026";"16:31:03";2026;2;"Eleição Ordinária";6259;"Eleições Gerais Estaduais 2026";"04/10/2026";"SP";"SP";"SÃO PAULO";250002535945;4;32;"Quotas ou quinhões de capital";"EMPRESA HUMANIZEN CURSOS";"25000,00";"03/08/2026";"15:52:54"
"03/08/2026";"16:31:03";2026;2;"Eleição Ordinária";6259;"Eleições Gerais Estaduais 2026";"04/10/2026";"SP";"SP";"SÃO PAULO";250002535945;2;63;"Dinheiro em espécie - moeda nacional";"SALDO EM DINHEIRO";"50000,00";"03/08/2026";"15:52:54"
"03/08/2026";"16:31:03";2026;2;"Eleição Ordinária";6259;"Eleições Gerais Estaduais 2026";"04/10/2026";"SP";"SP";"SÃO PAULO";250002535945;3;92;"Título de clube e assemelhado";"TITULO CAICARA CLUBE JAU";"5850,00";"03/08/2026";"15:52:54"
"03/08/2026";"16:31:03";2026;2;"Eleição Ordinária";6259;"Eleições Gerais Estaduais 2026";"04/10/2026";"SP";"SP";"SÃO PAULO";250002535945;7;12;"Casa";"IMOVEL RESIDENCIAL EM JAU";"298839,39";"03/08/2026";"15:52:54"
"03/08/2026";"16:31:03";2026;2;"Eleição Ordinária";6259;"Eleições Gerais Estaduais 2026";"04/10/2026";"SP";"SP";"SÃO PAULO";250002535945;5;99;"OUTROS BENS E DIREITOS";"COTAS DE CAPITAL SOCIAL SICOOB";"472,97";"03/08/2026";"15:52:54"
"03/08/2026";"16:31:03";2026;2;"Eleição Ordinária";6259;"Eleições Gerais Estaduais 2026";"04/10/2026";"SP";"SP";"SÃO PAULO";250002535945;6;99;"OUTROS BENS E DIREITOS";"TITULO DE CAPITALIZACAO SANTANDER";"2180,39";"03/08/2026";"15:52:54"
"03/08/2026";"16:31:03";2026;2;"Eleição Ordinária";6259;"Eleições Gerais Estaduais 2026";"04/10/2026";"SP";"SP";"SÃO PAULO";250002535945;8;41;"Caderneta de poupança";"BANCO SANTANDER";"0,17";"03/08/2026";"15:52:54"
"03/08/2026";"16:31:03";2026;2;"Eleição Ordinária";6259;"Eleições Gerais Estaduais 2026";"04/10/2026";"SP";"SP";"SÃO PAULO";250002535946;1;32;"Quotas ou quinhões de capital";"EMPRESA DENOMINADA RAFAEL CRISTINA HERNANDEZ";"1000,00";"03/08/2026";"15:53:35"
"03/08/2026";"16:31:03";2026;2;"Eleição Ordinária";6259;"Eleições Gerais Estaduais 2026";"04/10/2026";"SP";"SP";"SÃO PAULO";250002535945;9;61;"Depósito bancário em conta corrente no País";"SALDO PARA COMPRA DE APTO NA PLANTA EM FUTURO PROXIMO";"220000,00";"03/08/2026";"15:52:54"
"03/08/2026";"16:31:03";2026;2;"Eleição Ordinária";6259;"Eleições Gerais Estaduais 2026";"04/10/2026";"SP";"SP";"SÃO PAULO";250002535946;2;41;"Caderneta de poupança";"CAIXA ECONOMICA FEDERAL";"785,19";"03/08/2026";"15:53:35"
"03/08/2026";"16:31:03";2026;2;"Eleição Ordinária";6259;"Eleições Gerais Estaduais 2026";"04/10/2026";"SP";"SP";"SÃO PAULO";250002535946;3;61;"Depósito bancário em conta corrente no País";"BANCO DO BRASIL";"8,36";"03/08/2026";"15:53:35"
"03/08/2026";"16:31:03";2026;2;"Eleição Ordinária";6259;"Eleições Gerais Estaduais 2026";"04/10/2026";"SP";"SP";"SÃO PAULO";250002535946;4;61;"Depósito bancário em conta corrente no País";"BRADESCO";"0,50";"03/08/2026";"15:53:35"
"03/08/2026";"16:31:03";2026;2;"Eleição Ordinária";6259;"Eleições Gerais Estaduais 2026";"04/10/2026";"SP";"SP";"SÃO PAULO";250002535946;5;11;"Apartamento";"APARTAMENTO DE 125,7M² EM LEME/SP";"170507,92";"03/08/2026";"15:53:35"
"03/08/2026";"16:31:03";2026;2;"Eleição Ordinária";6259;"Eleições Gerais Estaduais 2026";"04/10/2026";"SP";"SP";"SÃO PAULO";250002535947;1;99;"OUTROS BENS E DIREITOS";"BANCO BRADESCO S/A";"44129,21";"03/08/2026";"15:53:31"
"03/08/2026";"16:31:03";2026;2;"Eleição Ordinária";6259;"Eleições Gerais Estaduais 2026";"04/10/2026";"SP";"SP";"SÃO PAULO";250002535947;2;99;"OUTROS BENS E DIREITOS";"BB CDB DI";"101000,00";"03/08/2026";"15:53:31"
"03/08/2026";"16:31:03";2026;2;"Eleição Ordinária";6259;"Eleições Gerais Estaduais 2026";"04/10/2026";"SP";"SP";"SÃO PAULO";250002535948;1;21;"Veículo automotor terrestre: caminhão, automóvel, moto, etc.";"VEÍCULO FIAT YORK ANO 1999";"11000,00";"03/08/2026";"15:53:46"
"03/08/2026";"16:31:03";2026;2;"Eleição Ordinária";6259;"Eleições Gerais Estaduais 2026";"04/10/2026";"SP";"SP";"SÃO PAULO";250002535947;4;99;"OUTROS BENS E DIREITOS";"C/C";"2789,28";"03/08/2026";"15:53:31"
"03/08/2026";"16:31:03";2026;2;"Eleição Ordinária";6259;"Eleições Gerais Estaduais 2026";"04/10/2026";"SP";"SP";"SÃO PAULO";250002535947;3;99;"OUTROS BENS E DIREITOS";"BANCO DO BRASIL S/A";"120774,00";"03/08/2026";"15:53:31"
"03/08/2026";"16:31:03";2026;2;"Eleição Ordinária";6259;"Eleições Gerais Estaduais 2026";"04/10/2026";"SP";"SP";"SÃO PAULO";250002535948;2;21;"Veículo automotor terrestre: caminhão, automóvel, moto, etc.";"VEÍCULO HYUNDAI HYLUX 2007";"50000,00";"03/08/2026";"15:53:46"
"03/08/2026";"16:31:03";2026;2;"Eleição Ordinária";6259;"Eleições Gerais Estaduais 2026";"04/10/2026";"SP";"SP";"SÃO PAULO";250002535948;4;99;"OUTROS BENS E DIREITOS";"EMPRÉSTIMO";"298959,00";"03/08/2026";"15:53:46"
"03/08/2026";"16:31:03";2026;2;"Eleição Ordinária";6259;"Eleições Gerais Estaduais 2026";"04/10/2026";"SP";"SP";"SÃO PAULO";250002535948;3;49;"Outras aplicações e Investimentos";"LETRA HIPOTECÁRIA NA CAIXA ECONÔMICA FEDERAL";"246000,00";"03/08/2026";"15:53:46"
"03/08/2026";"16:31:03";2026;2;"Eleição Ordinária";6259;"Eleições Gerais Estaduais 2026";"04/10/2026";"SP";"SP";"SÃO PAULO";250002535948;7;12;"Casa";"IMÓVEL RESIDENCIAL NA RUA WILSON BENEDETTI, EM LIMEIRA/SP";"160000,00";"03/08/2026";"15:53:46"
"03/08/2026";"16:31:03";2026;2;"Eleição Ordinária";6259;"Eleições Gerais Estaduais 2026";"04/10/2026";"SP";"SP";"SÃO PAULO";250002535948;5;39;"Outras participações societárias";"20.000 (VINTE MIL) QUOTAS DE CAPITAL SOCIAL NA EMPRESA ITALIAN   ITALIAN PARTICIPAÇÕES LTDA";"20000,00";"03/08/2026";"15:53:46"
"03/08/2026";"16:31:03";2026;2;"Eleição Ordinária";6259;"Eleições Gerais Estaduais 2026";"04/10/2026";"SP";"SP";"SÃO PAULO";250002535948;6;13;"Terreno";"TERRENO NA AV. CAMPINAS, 1607, EM LIMEIRA/SP";"320000,00";"03/08/2026";"15:53:46"
"03/08/2026";"16:31:03";2026;2;"Eleição Ordinária";6259;"Eleições Gerais Estaduais 2026";"04/10/2026";"SP";"SP";"SÃO PAULO";250002535948;8;12;"Casa";"IMÓVEL RESIDENCIAL DE 110,6 M2 EM LIMEIRA/SP";"160000,00";"03/08/2026";"15:53:46"
"03/08/2026";"16:31:03";2026;2;"Eleição Ordinária";6259;"Eleições Gerais Estaduais 2026";"04/10/2026";"SP";"SP";"SÃO PAULO";250002535948;9;19;"Outros bens imóveis";"BARRACÃO DE 178,6M2 EM LIMEIRA/SP";"260000,00";"03/08/2026";"15:53:46"
"03/08/2026";"16:31:03";2026;2;"Eleição Ordinária";6259;"Eleições Gerais Estaduais 2026";"04/10/2026";"SP";"SP";"SÃO PAULO";250002535948;10;19;"Outros bens imóveis";"BARRACÃO DE 275M2 EM LIMEIRA/SP";"265000,00";"03/08/2026";"15:53:46"
"03/08/2026";"16:31:03";2026;2;"Eleição Ordinária";6259;"Eleições Gerais Estaduais 2026";"04/10/2026";"SP";"SP";"SÃO PAULO";250002535949;1;32;"Quotas ou quinhões de capital";"QUOTAS DE CAPITAL DA FIRMA INDIVIDUAL 15 MARTINHO CARLOS COLPANI FILHO MOCOCA";"612,30";"03/08/2026";"15:53:17"
"03/08/2026";"16:31:03";2026;2;"Eleição Ordinária";6259;"Eleições Gerais Estaduais 2026";"04/10/2026";"SP";"SP";"SÃO PAULO";250002535949;3;21;"Veículo automotor terrestre: caminhão, automóvel, moto, etc.";"FIAT MILLEL FIRE,ANO FABR. 2003, ANO MOD. 2004";"14500,00";"03/08/2026";"15:53:17"
"03/08/2026";"16:31:03";2026;2;"Eleição Ordinária";6259;"Eleições Gerais Estaduais 2026";"04/10/2026";"SP";"SP";"SÃO PAULO";250002535949;2;19;"Outros bens imóveis";"UMA GLEBA DE TERRAS, DESTACADA E 10 DESMEMBRADA DO SITIO PRIMAVERA-MOCOCA/SP";"120000,00";"03/08/2026";"15:53:17"
"03/08/2026";"16:31:03";2026;2;"Eleição Ordinária";6259;"Eleições Gerais Estaduais 2026";"04/10/2026";"SP";"SP";"SÃO PAULO";250002535949;4;32;"Quotas ou quinhões de capital";"QUOTAS DE CAPITAL DA FIRMA COLPANI IND. COM. 19 DE PESCADOSS LTDA ME- CNPJ: 05.424.630/0001-07";"10000,00";"03/08/2026";"15:53:17"
"03/08/2026";"16:31:03";2026;2;"Eleição Ordinária";6259;"Eleições Gerais Estaduais 2026";"04/10/2026";"SP";"SP";"SÃO PAULO";250002535949;6;19;"Outros bens imóveis";"PARTE IDEAL CORRESPONDENTE A 50% DE UM 2 IMÓVEL RURAL DENOMINADO SÍTIO ÁGUAS 3 CLARAS,C/ AREA DE 10,52 HECTARES- MOCOCA/SP";"66666,00";"03/08/2026";"15:53:17"
"03/08/2026";"16:31:03";2026;2;"Eleição Ordinária";6259;"Eleições Gerais Estaduais 2026";"04/10/2026";"SP";"SP";"SÃO PAULO";250002535949;5;19;"Outros bens imóveis";"NVESTIMENTO REALIZADOS NA PARTE IDEAL 6 CORRESPONDENTE A 50% DO IMOVEL RURAL- SITIO 7 AGUAS CLARAS-MOCOCA/SP";"70000,00";"03/08/2026";"15:53:17"
"03/08/2026";"16:31:03";2026;2;"Eleição Ordinária";6259;"Eleições Gerais Estaduais 2026";"04/10/2026";"SP";"SP";"SÃO PAULO";250002535951;1;19;"Outros bens imóveis";"PRÉDIO RESIDENCIAL EM ORLÂNDIA/SP";"60000,00";"03/08/2026";"15:52:58"
"03/08/2026";"16:31:03";2026;2;"Eleição Ordinária";6259;"Eleições Gerais Estaduais 2026";"04/10/2026";"SP";"SP";"SÃO PAULO";250002535951;2;19;"Outros bens imóveis";"APARTAMENTO EM RIBEIRAO PRETO/SP";"449642,63";"03/08/2026";"15:52:58"
"03/08/2026";"16:31:03";2026;2;"Eleição Ordinária";6259;"Eleições Gerais Estaduais 2026";"04/10/2026";"SP";"SP";"SÃO PAULO";250002535951;3;19;"Outros bens imóveis";"IMÓVEL RESIDENCIAL EM ORLÂNDIA/SP";"127000,00";"03/08/2026";"15:52:58"
"03/08/2026";"16:31:03";2026;2;"Eleição Ordinária";6259;"Eleições Gerais Estaduais 2026";"04/10/2026";"SP";"SP";"SÃO PAULO";250002535951;4;32;"Quotas ou quinhões de capital";"50% DO CAPITAL SOCIAL DA EMPRESA FELICIANO EMPREENDIMENTOS CULTURAIS E EVENTOS LTDA";"5000,00";"03/08/2026";"15:52:58"
"03/08/2026";"16:31:03";2026;2;"Eleição Ordinária";6259;"Eleições Gerais Estaduais 2026";"04/10/2026";"SP";"SP";"SÃO PAULO";250002535951;5;13;"Terreno";"TERRENO URBANO-ORLÂNDIA/SP";"3800,00";"03/08/2026";"15:52:58"
"03/08/2026";"16:31:03";2026;2;"Eleição Ordinária";6259;"Eleições Gerais Estaduais 2026";"04/10/2026";"SP";"SP";"SÃO PAULO";250002535951;6;13;"Terreno";"TERRENO URBANO-ORLÂNDIA/SP";"15000,00";"03/08/2026";"15:52:58"
"03/08/2026";"16:31:03";2026;2;"Eleição Ordinária";6259;"Eleições Gerais Estaduais 2026";"04/10/2026";"SP";"SP";"SÃO PAULO";250002535951;9;32;"Quotas ou quinhões de capital";"50% DO CAPITAL SOCIAL DA EMPRESA EL-SABAOTH EVENTOS LTDA";"25000,00";"03/08/2026";"15:52:58"
"03/08/2026";"16:31:03";2026;2;"Eleição Ordinária";6259;"Eleições Gerais Estaduais 2026";"04/10/2026";"SP";"SP";"SÃO PAULO";250002535951;7;13;"Terreno";"TERRENO URBANO-ORLÂNDIA/SP";"21500,00";"03/08/2026";"15:52:58"
"03/08/2026";"16:31:03";2026;2;"Eleição Ordinária";6259;"Eleições Gerais Estaduais 2026";"04/10/2026";"SP";"SP";"SÃO PAULO";250002535951;8;19;"Outros bens imóveis";"IMÓVEL RURAL SITUADO EM SALES DE OLIVEIRA/SP";"300000,00";"03/08/2026";"15:52:58"
"03/08/2026";"16:31:03";2026;2;"Eleição Ordinária";6259;"Eleições Gerais Estaduais 2026";"04/10/2026";"SP";"SP";"SÃO PAULO";250002535951;10;32;"Quotas ou quinhões de capital";"50% DO CAPITAL SOCIAL DA TEMPO DE AVIVAMENTO EMPREENDIMENTOS LTDA";"5000,00";"03/08/2026";"15:52:58"
"03/08/2026";"16:31:03";2026;2;"Eleição Ordinária";6259;"Eleições Gerais Estaduais 2026";"04/10/2026";"SP";"SP";"SÃO PAULO";250002535951;11;13;"Terreno";"TERRENO URBANO-ORLÂNDIA/SP";"15000,00";"03/08/2026";"15:52:58"
"03/08/2026";"16:31:03";2026;2;"Eleição Ordinária";6259;"Eleições Gerais Estaduais 2026";"04/10/2026";"SP";"SP";"SÃO PAULO";250002535951;12;19;"Outros bens imóveis";"APARTAMENTO EM SÃO PAULO/SP";"627441,00";"03/08/2026";"15:52:58"
"03/08/2026";"16:31:03";2026;2;"Eleição Ordinária";6259;"Eleições Gerais Estaduais 2026";"04/10/2026";"SP";"SP";"SÃO PAULO";250002535951;14;21;"Veículo automotor terrestre: caminhão, automóvel, moto, etc.";"MOTOCICLETA-HONDA-CBR 900 RR- 1998/1998";"30000,00";"03/08/2026";"15:52:58"
"03/08/2026";"16:31:03";2026;2;"Eleição Ordinária";6259;"Eleições Gerais Estaduais 2026";"04/10/2026";"SP";"SP";"SÃO PAULO";250002535951;15;49;"Outras aplicações e Investimentos";"SALDO EM APLICAÇÕES";"3622639,37";"03/08/2026";"15:52:58"
"03/08/2026";"16:31:03";2026;2;"Eleição Ordinária";6259;"Eleições Gerais Estaduais 2026";"04/10/2026";"SP";"SP";"SÃO PAULO";250002535951;13;19;"Outros bens imóveis";"PRÉDIO RESIDENCIAL EM ORLÂNDIA/SP";"65000,00";"03/08/2026";"15:52:58"
"03/08/2026";"16:31:03";2026;2;"Eleição Ordinária";6259;"Eleições Gerais Estaduais 2026";"04/10/2026";"SP";"SP";"SÃO PAULO";250002535953;1;21;"Veículo automotor terrestre: caminhão, automóvel, moto, etc.";"VEICULO FIAT TORO 2023 PLACA FJO9F76";"119000,00";"03/08/2026";"15:52:58"
"03/08/2026";"16:31:03";2026;2;"Eleição Ordinária";6259;"Eleições Gerais Estaduais 2026";"04/10/2026";"SP";"SP";"SÃO PAULO";250002535951;16;19;"Outros bens imóveis";"IMÓVEL RESIDENCIAL EM ORLÂNDIA/SP";"30000,00";"03/08/2026";"15:52:58"
"03/08/2026";"16:31:03";2026;2;"Eleição Ordinária";6259;"Eleições Gerais Estaduais 2026";"04/10/2026";"SP";"SP";"SÃO PAULO";250002535952;1;19;"Outros bens imóveis";"IMOVEL RESIDENCIAL FINANCIADO EM SAO JOSE DO RIO PRETO";"550000,00";"03/08/2026";"15:53:46"
"03/08/2026";"16:31:03";2026;2;"Eleição Ordinária";6259;"Eleições Gerais Estaduais 2026";"04/10/2026";"SP";"SP";"SÃO PAULO";250002535953;3;41;"Caderneta de poupança";"POUPANÇA BRADESCO";"2800,00";"03/08/2026";"15:52:58"
"03/08/2026";"16:31:03";2026;2;"Eleição Ordinária";6259;"Eleições Gerais Estaduais 2026";"04/10/2026";"SP";"SP";"SÃO PAULO";250002535953;4;61;"Depósito bancário em conta corrente no País";"BANCO BRASIL CONTA CORRENTE";"1192,00";"03/08/2026";"15:52:58"
"03/08/2026";"16:31:03";2026;2;"Eleição Ordinária";6259;"Eleições Gerais Estaduais 2026";"04/10/2026";"SP";"SP";"SÃO PAULO";250002535953;2;49;"Outras aplicações e Investimentos";"FUNDO INVESTIMENTO BRADESCO DI";"107548,00";"03/08/2026";"15:52:58"
"03/08/2026";"16:31:03";2026;2;"Eleição Ordinária";6259;"Eleições Gerais Estaduais 2026";"04/10/2026";"SP";"SP";"SÃO PAULO";250002535953;6;11;"Apartamento";"APARTAMENTO 120,4 M PRAIA GRANDE";"48090,14";"03/08/2026";"15:52:58"
"03/08/2026";"16:31:03";2026;2;"Eleição Ordinária";6259;"Eleições Gerais Estaduais 2026";"04/10/2026";"SP";"SP";"SÃO PAULO";250002535953;7;95;"Consórcio não contemplado";"CONSORCIO REMAZA";"150000,00";"03/08/2026";"15:52:58"
"03/08/2026";"16:31:03";2026;2;"Eleição Ordinária";6259;"Eleições Gerais Estaduais 2026";"04/10/2026";"SP";"SP";"SÃO PAULO";250002535953;5;61;"Depósito bancário em conta corrente no País";"ITAU CONTA CONJUNTA CONJUGE MARLENE";"287,00";"03/08/2026";"15:52:58"
"03/08/2026";"16:31:03";2026;2;"Eleição Ordinária";6259;"Eleições Gerais Estaduais 2026";"04/10/2026";"SP";"SP";"SÃO PAULO";250002535953;9;45;"Aplicação de renda fixa (CDB, RDB e outros)";"BANCO INTER RENDA FIXA";"0,00";"03/08/2026";"15:52:58"
"03/08/2026";"16:31:03";2026;2;"Eleição Ordinária";6259;"Eleições Gerais Estaduais 2026";"04/10/2026";"SP";"SP";"SÃO PAULO";250002535953;10;99;"OUTROS BENS E DIREITOS";"BANK OF AMERICA CONTA CONJUNTA FILHA CAROLINE";"39895,00";"03/08/2026";"15:52:58"
"03/08/2026";"16:31:03";2026;2;"Eleição Ordinária";6259;"Eleições Gerais Estaduais 2026";"04/10/2026";"SP";"SP";"SÃO PAULO";250002535953;8;97;"VGBL - Vida Gerador de Benefício Livre";"BRADESCO VGBL";"604000,00";"03/08/2026";"15:52:58"
"03/08/2026";"16:31:03";2026;2;"Eleição Ordinária";6259;"Eleições Gerais Estaduais 2026";"04/10/2026";"SP";"SP";"SÃO PAULO";250002535953;13;99;"OUTROS BENS E DIREITOS";"JAZIGO CEMITERIO PARQUE JARAGUA";"8990,00";"03/08/2026";"15:52:58"
"03/08/2026";"16:31:03";2026;2;"Eleição Ordinária";6259;"Eleições Gerais Estaduais 2026";"04/10/2026";"SP";"SP";"SÃO PAULO";250002535953;11;99;"OUTROS BENS E DIREITOS";"BANCO INTER CONTA GLOBAL";"25,25";"03/08/2026";"15:52:58"
"03/08/2026";"16:31:03";2026;2;"Eleição Ordinária";6259;"Eleições Gerais Estaduais 2026";"04/10/2026";"SP";"SP";"SÃO PAULO";250002535953;12;63;"Dinheiro em espécie - moeda nacional";"RESERVA EM ESPECIE";"0,00";"03/08/2026";"15:52:58"
"03/08/2026";"16:31:03";2026;2;"Eleição Ordinária";6259;"Eleições Gerais Estaduais 2026";"04/10/2026";"SP";"SP";"SÃO PAULO";250002535953;14;61;"Depósito bancário em conta corrente no País";"BRADESCO CONTA CORRENTE";"2800,00";"03/08/2026";"15:52:58"
"03/08/2026";"16:31:03";2026;2;"Eleição Ordinária";6259;"Eleições Gerais Estaduais 2026";"04/10/2026";"SP";"SP";"SÃO PAULO";250002535953;15;61;"Depósito bancário em conta corrente no País";"BANCO INTER CONTA CORRENTE";"0,47";"03/08/2026";"15:52:58"
"03/08/2026";"16:31:03";2026;2;"Eleição Ordinária";6259;"Eleições Gerais Estaduais 2026";"04/10/2026";"SP";"SP";"SÃO PAULO";250002535953;16;99;"OUTROS BENS E DIREITOS";"OUTROS BENS E DIREITOS";"5071,98";"03/08/2026";"15:52:58"
"03/08/2026";"16:31:03";2026;2;"Eleição Ordinária";6259;"Eleições Gerais Estaduais 2026";"04/10/2026";"SP";"SP";"SÃO PAULO";250002535954;2;45;"Aplicação de renda fixa (CDB, RDB e outros)";"BANCO DO BRASIL RF DI PLUS AGIL";"10,65";"03/08/2026";"15:52:47"
"03/08/2026";"16:31:03";2026;2;"Eleição Ordinária";6259;"Eleições Gerais Estaduais 2026";"04/10/2026";"SP";"SP";"SÃO PAULO";250002535954;3;45;"Aplicação de renda fixa (CDB, RDB e outros)";"APLICACAO BANCO BRASIL - OUROCAP UNICO";"1930,29";"03/08/2026";"15:52:47"
"03/08/2026";"16:31:03";2026;2;"Eleição Ordinária";6259;"Eleições Gerais Estaduais 2026";"04/10/2026";"SP";"SP";"SÃO PAULO";250002535954;1;61;"Depósito bancário em conta corrente no País";"SALDO BCO DO BRASIL C/ CORRENTE";"35,21";"03/08/2026";"15:52:47"
"03/08/2026";"16:31:03";2026;2;"Eleição Ordinária";6259;"Eleições Gerais Estaduais 2026";"04/10/2026";"SP";"SP";"SÃO PAULO";250002535954;6;41;"Caderneta de poupança";"SALDO POUPANCA BANCO DO BRASIL";"46,53";"03/08/2026";"15:52:47"
"03/08/2026";"16:31:03";2026;2;"Eleição Ordinária";6259;"Eleições Gerais Estaduais 2026";"04/10/2026";"SP";"SP";"SÃO PAULO";250002535954;5;11;"Apartamento";"APTO 22 B, TIPO B 2. ANDAR LOCALIZADO NO EDIFICIO TRIANON NA RUA SERVIO TULIO CARRIJO COUBE NO 3-33 MATRICULA 73759";"285000,00";"03/08/2026";"15:52:47"
"03/08/2026";"16:31:03";2026;2;"Eleição Ordinária";6259;"Eleições Gerais Estaduais 2026";"04/10/2026";"SP";"SP";"SÃO PAULO";250002535954;4;99;"OUTROS BENS E DIREITOS";"CRIPTOMOEDA MELI DOLAR - MUSD (12.4753766900X) - (MERCADO LIVRE) - EM 31/12/2025 -";"68,83";"03/08/2026";"15:52:47"
"03/08/2026";"16:31:03";2026;2;"Eleição Ordinária";6259;"Eleições Gerais Estaduais 2026";"04/10/2026";"SP";"SP";"SÃO PAULO";250002535954;9;21;"Veículo automotor terrestre: caminhão, automóvel, moto, etc.";"CAMINHAO MARCA VW/VW 7.110 ANO FAB/MOD. 1989 CHASSI 9BWZZZC4ZKC016528, PLACA BTT5H90,";"90000,00";"03/08/2026";"15:52:47"
"03/08/2026";"16:31:03";2026;2;"Eleição Ordinária";6259;"Eleições Gerais Estaduais 2026";"04/10/2026";"SP";"SP";"SÃO PAULO";250002535954;7;61;"Depósito bancário em conta corrente no País";"SALDO EM C/C NO BANCO DO BRASIL SA";"2,23";"03/08/2026";"15:52:47"
"03/08/2026";"16:31:03";2026;2;"Eleição Ordinária";6259;"Eleições Gerais Estaduais 2026";"04/10/2026";"SP";"SP";"SÃO PAULO";250002535954;8;99;"OUTROS BENS E DIREITOS";"GARAGEM 55, APTO 22.";"10000,00";"03/08/2026";"15:52:47"
"03/08/2026";"16:31:03";2026;2;"Eleição Ordinária";6259;"Eleições Gerais Estaduais 2026";"04/10/2026";"SP";"SP";"SÃO PAULO";250002535954;11;21;"Veículo automotor terrestre: caminhão, automóvel, moto, etc.";"UM VEICULO MARCA TOYOTA/COROLLA ANO 2003/2004 PRETO , PLACA EJL 1C12";"24000,00";"03/08/2026";"15:52:47"
"03/08/2026";"16:31:03";2026;2;"Eleição Ordinária";6259;"Eleições Gerais Estaduais 2026";"04/10/2026";"SP";"SP";"SÃO PAULO";250002535954;12;32;"Quotas ou quinhões de capital";"50% DMA ADMINISTRADORA DE BENS DE MARILIA";"10000,00";"03/08/2026";"15:52:47"
"03/08/2026";"16:31:03";2026;2;"Eleição Ordinária";6259;"Eleições Gerais Estaduais 2026";"04/10/2026";"SP";"SP";"SÃO PAULO";250002535954;10;45;"Aplicação de renda fixa (CDB, RDB e outros)";"SALDO BANCO DO BRASIL REF DI PLUS AGIL";"12,33";"03/08/2026";"15:52:47"
"03/08/2026";"16:31:03";2026;2;"Eleição Ordinária";6259;"Eleições Gerais Estaduais 2026";"04/10/2026";"SP";"SP";"SÃO PAULO";250002535954;14;99;"OUTROS BENS E DIREITOS";"DESPENSA 41, APTO 22,";"3000,00";"03/08/2026";"15:52:47"
"03/08/2026";"16:31:03";2026;2;"Eleição Ordinária";6259;"Eleições Gerais Estaduais 2026";"04/10/2026";"SP";"SP";"SÃO PAULO";250002535954;13;99;"OUTROS BENS E DIREITOS";"CRIPTOMOEDA BITCOIN - BTC (0,01585078X543.199,82)";"7739,53";"03/08/2026";"15:52:47"
"03/08/2026";"16:31:03";2026;2;"Eleição Ordinária";6259;"Eleições Gerais Estaduais 2026";"04/10/2026";"SP";"SP";"SÃO PAULO";250002535955;1;99;"OUTROS BENS E DIREITOS";"MM JUROS E MOEDAS";"110,62";"03/08/2026";"15:53:21"
"03/08/2026";"16:31:03";2026;2;"Eleição Ordinária";6259;"Eleições Gerais Estaduais 2026";"04/10/2026";"SP";"SP";"SÃO PAULO";250002535955;4;45;"Aplicação de renda fixa (CDB, RDB e outros)";"BB CDB RENDE FACIL";"358427,91";"03/08/2026";"15:53:21"
"03/08/2026";"16:31:03";2026;2;"Eleição Ordinária";6259;"Eleições Gerais Estaduais 2026";"04/10/2026";"SP";"SP";"SÃO PAULO";250002535955;2;99;"OUTROS BENS E DIREITOS";"BB CONSORCIO DE AUTOMOVEIS";"3804,00";"03/08/2026";"15:53:21"
"03/08/2026";"16:31:03";2026;2;"Eleição Ordinária";6259;"Eleições Gerais Estaduais 2026";"04/10/2026";"SP";"SP";"SÃO PAULO";250002535955;3;39;"Outras participações societárias";"PARTICIPACAO SOCIETARIA NA EMPRESA ZBJ - CNPJ: 47.716.452/0001-38";"1130000,00";"03/08/2026";"15:53:21"
"03/08/2026";"16:31:03";2026;2;"Eleição Ordinária";6259;"Eleições Gerais Estaduais 2026";"04/10/2026";"SP";"SP";"SÃO PAULO";250002535955;6;41;"Caderneta de poupança";"POUPANÇA OURO BANCO DO BRASIL";"2,07";"03/08/2026";"15:53:21"
"03/08/2026";"16:31:03";2026;2;"Eleição Ordinária";6259;"Eleições Gerais Estaduais 2026";"04/10/2026";"SP";"SP";"SÃO PAULO";250002535955;7;99;"OUTROS BENS E DIREITOS";"EMPRESTIMO CONCEDIDO PARA EMPRESA SJM ADMINISTRACAO E SERVICOS LTDA";"31881,00";"03/08/2026";"15:53:21"
"03/08/2026";"16:31:03";2026;2;"Eleição Ordinária";6259;"Eleições Gerais Estaduais 2026";"04/10/2026";"SP";"SP";"SÃO PAULO";250002535955;5;39;"Outras participações societárias";"33,33% DE PARTICIPACAO SOCIETARIA NA EMPRESA SJM - CNPJ: 42.989.371/0001-98";"163000,00";"03/08/2026";"15:53:21"
"03/08/2026";"16:31:03";2026;2;"Eleição Ordinária";6259;"Eleições Gerais Estaduais 2026";"04/10/2026";"SP";"SP";"SÃO PAULO";250002535955;10;99;"OUTROS BENS E DIREITOS";"INFORMADO POR CNPJ 00.360.305/0001-04";"4266,70";"03/08/2026";"15:53:21"
"03/08/2026";"16:31:03";2026;2;"Eleição Ordinária";6259;"Eleições Gerais Estaduais 2026";"04/10/2026";"SP";"SP";"SÃO PAULO";250002535955;8;99;"OUTROS BENS E DIREITOS";"ADIANTAMENTO NO PROC. CARTAPRECCIV OO11881-27.20222.5.15.0109 - ARREMATACAO JUDICIAL";"83575,54";"03/08/2026";"15:53:21"
"03/08/2026";"16:31:03";2026;2;"Eleição Ordinária";6259;"Eleições Gerais Estaduais 2026";"04/10/2026";"SP";"SP";"SÃO PAULO";250002535955;9;99;"OUTROS BENS E DIREITOS";"EMPRESTIMO CONCEDIDO PARA EMPRESA ZBJ ADMINISTRACAO E SERVICOS LDTA";"745974,92";"03/08/2026";"15:53:21"
"03/08/2026";"16:31:03";2026;2;"Eleição Ordinária";6259;"Eleições Gerais Estaduais 2026";"04/10/2026";"SP";"SP";"SÃO PAULO";250002535955;12;45;"Aplicação de renda fixa (CDB, RDB e outros)";"BB CDB RENDE FACIL";"40871,50";"03/08/2026";"15:53:21"
"03/08/2026";"16:31:03";2026;2;"Eleição Ordinária";6259;"Eleições Gerais Estaduais 2026";"04/10/2026";"SP";"SP";"SÃO PAULO";250002535955;11;99;"OUTROS BENS E DIREITOS";"BRASILPREV VGBL";"25584,76";"03/08/2026";"15:53:21"
"03/08/2026";"16:31:03";2026;2;"Eleição Ordinária";6259;"Eleições Gerais Estaduais 2026";"04/10/2026";"SP";"SP";"SÃO PAULO";250002535956;1;19;"Outros bens imóveis";"CHÁCARA - IMÓVEL RURAL";"300000,00";"03/08/2026";"15:52:38"
"03/08/2026";"16:31:03";2026;2;"Eleição Ordinária";6259;"Eleições Gerais Estaduais 2026";"04/10/2026";"SP";"SP";"SÃO PAULO";250002535956;2;21;"Veículo automotor terrestre: caminhão, automóvel, moto, etc.";"CARRO SIENA 4 PORTAS PRETO";"23900,00";"03/08/2026";"15:52:38"
"03/08/2026";"16:31:03";2026;2;"Eleição Ordinária";6259;"Eleições Gerais Estaduais 2026";"04/10/2026";"SP";"SP";"SÃO PAULO";250002535957;2;95;"Consórcio não contemplado";"COTA DO BRADESCO CONSORCIOS";"65985,14";"03/08/2026";"15:53:33"
"03/08/2026";"16:31:03";2026;2;"Eleição Ordinária";6259;"Eleições Gerais Estaduais 2026";"04/10/2026";"SP";"SP";"SÃO PAULO";250002535957;1;95;"Consórcio não contemplado";"COTA DO BRADESCO CONSORCIOS";"68974,00";"03/08/2026";"15:53:33"
"03/08/2026";"16:31:03";2026;2;"Eleição Ordinária";6259;"Eleições Gerais Estaduais 2026";"04/10/2026";"SP";"SP";"SÃO PAULO";250002535957;4;21;"Veículo automotor terrestre: caminhão, automóvel, moto, etc.";"VEICULO I/VW TAOS HL TSI ANO 2022/2023";"135000,00";"03/08/2026";"15:53:33"
"03/08/2026";"16:31:03";2026;2;"Eleição Ordinária";6259;"Eleições Gerais Estaduais 2026";"04/10/2026";"SP";"SP";"SÃO PAULO";250002535957;5;11;"Apartamento";"APARTAMENTO COM PARCELAMENTO DE 240 METROS EM SÃO PAULO-SP";"1800000,00";"03/08/2026";"15:53:33"
"03/08/2026";"16:31:03";2026;2;"Eleição Ordinária";6259;"Eleições Gerais Estaduais 2026";"04/10/2026";"SP";"SP";"SÃO PAULO";250002535957;3;95;"Consórcio não contemplado";"COTA DO BRADESCO CONSORCIOS";"70845,00";"03/08/2026";"15:53:33"
"03/08/2026";"16:31:03";2026;2;"Eleição Ordinária";6259;"Eleições Gerais Estaduais 2026";"04/10/2026";"SP";"SP";"SÃO PAULO";250002535957;7;21;"Veículo automotor terrestre: caminhão, automóvel, moto, etc.";"VEICULO I/AUDI Q5";"210000,00";"03/08/2026";"15:53:33"
"03/08/2026";"16:31:03";2026;2;"Eleição Ordinária";6259;"Eleições Gerais Estaduais 2026";"04/10/2026";"SP";"SP";"SÃO PAULO";250002535957;6;11;"Apartamento";"APARTAMENTO RESIDENCIAL COM PARCELAMENTO DE 700 METROS EM SÃO PAULO-SP";"800000,00";"03/08/2026";"15:53:33"
"03/08/2026";"16:31:03";2026;2;"Eleição Ordinária";6259;"Eleições Gerais Estaduais 2026";"04/10/2026";"SP";"SP";"SÃO PAULO";250002535957;8;95;"Consórcio não contemplado";"COTA DO BRADESCO CONSORCIOS";"65985,14";"03/08/2026";"15:53:33"
"03/08/2026";"16:31:03";2026;2;"Eleição Ordinária";6259;"Eleições Gerais Estaduais 2026";"04/10/2026";"SP";"SP";"SÃO PAULO";250002535957;9;21;"Veículo automotor terrestre: caminhão, automóvel, moto, etc.";"VEICULO I/GM HAVAL H6 PREM HEV ANO 2023/2024";"224000,00";"03/08/2026";"15:53:33"
"03/08/2026";"16:31:03";2026;2;"Eleição Ordinária";6259;"Eleições Gerais Estaduais 2026";"04/10/2026";"SP";"SP";"SÃO PAULO";250002535957;10;21;"Veículo automotor terrestre: caminhão, automóvel, moto, etc.";"VEICULO I/M.BENZ C200 AMG LINE ANO 2022/2023";"275000,00";"03/08/2026";"15:53:33"
"03/08/2026";"16:31:03";2026;2;"Eleição Ordinária";6259;"Eleições Gerais Estaduais 2026";"04/10/2026";"SP";"SP";"SÃO PAULO";250002535957;11;41;"Caderneta de poupança";"CONTA POUPANCA BANCO BRADESCO";"117825,00";"03/08/2026";"15:53:33"
"03/08/2026";"16:31:03";2026;2;"Eleição Ordinária";6259;"Eleições Gerais Estaduais 2026";"04/10/2026";"SP";"SP";"SÃO PAULO";250002535957;12;95;"Consórcio não contemplado";"COTA DO BRADESCO CONSORCIOS";"70145,00";"03/08/2026";"15:53:33"
"03/08/2026";"16:31:03";2026;2;"Eleição Ordinária";6259;"Eleições Gerais Estaduais 2026";"04/10/2026";"SP";"SP";"SÃO PAULO";250002535958;1;39;"Outras participações societárias";"SABIA VENTURES LIMITED";"58184,37";"03/08/2026";"15:53:20"
"03/08/2026";"16:31:03";2026;2;"Eleição Ordinária";6259;"Eleições Gerais Estaduais 2026";"04/10/2026";"SP";"SP";"SÃO PAULO";250002535957;13;19;"Outros bens imóveis";"IMOVEL RESIDENCIAL DE 138 METROS EM SÃO PAULO-SP";"435000,00";"03/08/2026";"15:53:33"
"03/08/2026";"16:31:03";2026;2;"Eleição Ordinária";6259;"Eleições Gerais Estaduais 2026";"04/10/2026";"SP";"SP";"SÃO PAULO";250002535958;3;41;"Caderneta de poupança";"ITAÚ UNIBANCO S.A.";"44364,37";"03/08/2026";"15:53:20"
"03/08/2026";"16:31:03";2026;2;"Eleição Ordinária";6259;"Eleições Gerais Estaduais 2026";"04/10/2026";"SP";"SP";"SÃO PAULO";250002535958;4;32;"Quotas ou quinhões de capital";"EPHORUS COMUNICACAO LTDA.";"1000,00";"03/08/2026";"15:53:20"
"03/08/2026";"16:31:03";2026;2;"Eleição Ordinária";6259;"Eleições Gerais Estaduais 2026";"04/10/2026";"SP";"SP";"SÃO PAULO";250002535958;2;97;"VGBL - Vida Gerador de Benefício Livre";"ITAÚ VIDA E PREVIDÊNCIA S.A";"7837,26";"03/08/2026";"15:53:20"
"03/08/2026";"16:31:03";2026;2;"Eleição Ordinária";6259;"Eleições Gerais Estaduais 2026";"04/10/2026";"SP";"SP";"SÃO PAULO";250002535958;6;32;"Quotas ou quinhões de capital";"LHT HIGGS LTDA.-ME";"400,00";"03/08/2026";"15:53:20"
"03/08/2026";"16:31:03";2026;2;"Eleição Ordinária";6259;"Eleições Gerais Estaduais 2026";"04/10/2026";"SP";"SP";"SÃO PAULO";250002535958;7;39;"Outras participações societárias";"DIVIDENDOS A RECEBER DA EMPRESA SABIA VENTURES LIMITED, REFERENTE OS LUCROS DO ANO DE 2024";"3467007,16";"03/08/2026";"15:53:20"
"03/08/2026";"16:31:03";2026;2;"Eleição Ordinária";6259;"Eleições Gerais Estaduais 2026";"04/10/2026";"SP";"SP";"SÃO PAULO";250002535958;5;92;"Título de clube e assemelhado";"TÍTULO DO CLUBE HARMONIA DE TÊNIS";"30000,00";"03/08/2026";"15:53:20"
"03/08/2026";"16:31:03";2026;2;"Eleição Ordinária";6259;"Eleições Gerais Estaduais 2026";"04/10/2026";"SP";"SP";"SÃO PAULO";250002535958;10;21;"Veículo automotor terrestre: caminhão, automóvel, moto, etc.";"MERCEDES BENZ GLA 2016";"85000,00";"03/08/2026";"15:53:20"
"03/08/2026";"16:31:03";2026;2;"Eleição Ordinária";6259;"Eleições Gerais Estaduais 2026";"04/10/2026";"SP";"SP";"SÃO PAULO";250002535958;9;61;"Depósito bancário em conta corrente no País";"BANCO DO BRASIL";"59903,92";"03/08/2026";"15:53:20"
"03/08/2026";"16:31:03";2026;2;"Eleição Ordinária";6259;"Eleições Gerais Estaduais 2026";"04/10/2026";"SP";"SP";"SÃO PAULO";250002535958;8;63;"Dinheiro em espécie - moeda nacional";"DINHEIRO EM PODER DO DECLARANTE";"30000,00";"03/08/2026";"15:53:20"
"03/08/2026";"16:31:03";2026;2;"Eleição Ordinária";6259;"Eleições Gerais Estaduais 2026";"04/10/2026";"SP";"SP";"SÃO PAULO";250002535958;11;21;"Veículo automotor terrestre: caminhão, automóvel, moto, etc.";"HYUNDAI AZERA 2013";"162000,00";"03/08/2026";"15:53:20"
"03/08/2026";"16:31:03";2026;2;"Eleição Ordinária";6259;"Eleições Gerais Estaduais 2026";"04/10/2026";"SP";"SP";"SÃO PAULO";250002535959;1;45;"Aplicação de renda fixa (CDB, RDB e outros)";"BANCO BTG PACTUAL S/A - CDB SALDO REMUNERADO";"134798,73";"03/08/2026";"15:53:12"
"03/08/2026";"16:31:03";2026;2;"Eleição Ordinária";6259;"Eleições Gerais Estaduais 2026";"04/10/2026";"SP";"SP";"SÃO PAULO";250002535959;2;97;"VGBL - Vida Gerador de Benefício Livre";"SALDO VGBL - CAIXA ECONOMICA FEDERAL";"7137,49";"03/08/2026";"15:53:12"
"03/08/2026";"16:31:03";2026;2;"Eleição Ordinária";6259;"Eleições Gerais Estaduais 2026";"04/10/2026";"SP";"SP";"SÃO PAULO";250002535959;5;21;"Veículo automotor terrestre: caminhão, automóvel, moto, etc.";"JEEP/RENEGADE - ANO 19/19";"75000,00";"03/08/2026";"15:53:12"
"03/08/2026";"16:31:03";2026;2;"Eleição Ordinária";6259;"Eleições Gerais Estaduais 2026";"04/10/2026";"SP";"SP";"SÃO PAULO";250002535959;4;61;"Depósito bancário em conta corrente no País";"SALDO BANCO DO BRASIL";"705,15";"03/08/2026";"15:53:12"
"03/08/2026";"16:31:03";2026;2;"Eleição Ordinária";6259;"Eleições Gerais Estaduais 2026";"04/10/2026";"SP";"SP";"SÃO PAULO";250002535959;3;61;"Depósito bancário em conta corrente no País";"SALDO CONTA CORRENTE - BANCO BTG PACTUAL S/A";"10,00";"03/08/2026";"15:53:12"
"03/08/2026";"16:31:03";2026;2;"Eleição Ordinária";6259;"Eleições Gerais Estaduais 2026";"04/10/2026";"SP";"SP";"SÃO PAULO";250002535959;7;61;"Depósito bancário em conta corrente no País";"SALDO CAIXA ECONOMICA FEDERAL";"21716,92";"03/08/2026";"15:53:12"
"03/08/2026";"16:31:03";2026;2;"Eleição Ordinária";6259;"Eleições Gerais Estaduais 2026";"04/10/2026";"SP";"SP";"SÃO PAULO";250002535959;6;49;"Outras aplicações e Investimentos";"FLUXUS CASH FUNDO INCENTIVADO DE INVESTIMENTO FINANCEIRO";"265922,58";"03/08/2026";"15:53:12"
"03/08/2026";"16:31:03";2026;2;"Eleição Ordinária";6259;"Eleições Gerais Estaduais 2026";"04/10/2026";"SP";"SP";"SÃO PAULO";250002535959;8;97;"VGBL - Vida Gerador de Benefício Livre";"SALDO VGBL - CAIXA ECONOMICA FEDERAL";"9334,12";"03/08/2026";"15:53:12"
"03/08/2026";"16:31:03";2026;2;"Eleição Ordinária";6259;"Eleições Gerais Estaduais 2026";"04/10/2026";"SP";"SP";"SÃO PAULO";250002535959;9;99;"OUTROS BENS E DIREITOS";"CREDITO DECORRENTE DE DISTRATO DE INSTRUMENTO PARTICULAR DE COMPROMISSO DE VENDA";"409838,86";"03/08/2026";"15:53:12"
"03/08/2026";"16:31:03";2026;2;"Eleição Ordinária";6259;"Eleições Gerais Estaduais 2026";"04/10/2026";"SP";"SP";"SÃO PAULO";250002535959;10;99;"OUTROS BENS E DIREITOS";"CREDITO DECORRENTE DE DISTRATO DE INSTRUMENTO PARTICULAR DE COMPROMISSO DE VENDA";"409838,86";"03/08/2026";"15:53:12"
"03/08/2026";"16:31:03";2026;2;"Eleição Ordinária";6259;"Eleições Gerais Estaduais 2026";"04/10/2026";"SP";"SP";"SÃO PAULO";250002535959;11;61;"Depósito bancário em conta corrente no País";"SALDO CONTA CORRENTE - C E F";"21716,92";"03/08/2026";"15:53:12"
"03/08/2026";"16:31:03";2026;2;"Eleição Ordinária";6259;"Eleições Gerais Estaduais 2026";"04/10/2026";"SP";"SP";"SÃO PAULO";250002535960;2;21;"Veículo automotor terrestre: caminhão, automóvel, moto, etc.";"FORD TERRITORY CBV5G69";"120000,00";"03/08/2026";"15:53:37"
"03/08/2026";"16:31:03";2026;2;"Eleição Ordinária";6259;"Eleições Gerais Estaduais 2026";"04/10/2026";"SP";"SP";"SÃO PAULO";250002535960;3;11;"Apartamento";"APTO NA CIDADE DE SANTO ANDRE-SP";"1860737,53";"03/08/2026";"15:53:37"
"03/08/2026";"16:31:03";2026;2;"Eleição Ordinária";6259;"Eleições Gerais Estaduais 2026";"04/10/2026";"SP";"SP";"SÃO PAULO";250002535960;1;39;"Outras participações societárias";"100 % DA PROPRIEDADE DA GVX DIGITAL GROUP LTD";"20000,00";"03/08/2026";"15:53:37"
"03/08/2026";"16:31:03";2026;2;"Eleição Ordinária";6259;"Eleições Gerais Estaduais 2026";"04/10/2026";"SP";"SP";"SÃO PAULO";250002535961;2;21;"Veículo automotor terrestre: caminhão, automóvel, moto, etc.";"KIA SORENTO EX2 3.5";"87000,00";"03/08/2026";"15:53:43"
"03/08/2026";"16:31:03";2026;2;"Eleição Ordinária";6259;"Eleições Gerais Estaduais 2026";"04/10/2026";"SP";"SP";"SÃO PAULO";250002535961;3;21;"Veículo automotor terrestre: caminhão, automóvel, moto, etc.";"KIA SORENTO EX2 3.5";"90000,00";"03/08/2026";"15:53:43"
"03/08/2026";"16:31:03";2026;2;"Eleição Ordinária";6259;"Eleições Gerais Estaduais 2026";"04/10/2026";"SP";"SP";"SÃO PAULO";250002535961;1;15;"Sala ou conjunto";"CONJUNTO COMERCIAL";"459286,32";"03/08/2026";"15:53:43"
"03/08/2026";"16:31:03";2026;2;"Eleição Ordinária";6259;"Eleições Gerais Estaduais 2026";"04/10/2026";"SP";"SP";"SÃO PAULO";250002535961;4;21;"Veículo automotor terrestre: caminhão, automóvel, moto, etc.";"EQUINOX 2.0 TURBO";"152000,00";"03/08/2026";"15:53:43"
"03/08/2026";"16:31:03";2026;2;"Eleição Ordinária";6259;"Eleições Gerais Estaduais 2026";"04/10/2026";"SP";"SP";"SÃO PAULO";250002535961;5;11;"Apartamento";"APARTAMENTO EM SP/SP";"1750000,00";"03/08/2026";"15:53:43"
"03/08/2026";"16:31:03";2026;2;"Eleição Ordinária";6259;"Eleições Gerais Estaduais 2026";"04/10/2026";"SP";"SP";"SÃO PAULO";250002535961;6;13;"Terreno";"TERRENO 639 METROS EM BURITAMA SP";"50000,00";"03/08/2026";"15:53:43"
"03/08/2026";"16:31:03";2026;2;"Eleição Ordinária";6259;"Eleições Gerais Estaduais 2026";"04/10/2026";"SP";"SP";"SÃO PAULO";250002535962;2;32;"Quotas ou quinhões de capital";"100% DA PARTICIPACAO DE SOCIEDADE EMPRESARIA CPPP ¿ CONSULTORIA, PLANEJAMENTO, PROJETOS E PARTICIPACOES LTDA EIRELLI";"100000,00";"03/08/2026";"15:53:35"
"03/08/2026";"16:31:03";2026;2;"Eleição Ordinária";6259;"Eleições Gerais Estaduais 2026";"04/10/2026";"SP";"SP";"SÃO PAULO";250002535962;1;11;"Apartamento";"IMOVEL FINANCIADO PELA CAIXA ECONOMICA FEDERAL NA ALAMEDA PAINEIRA VERMELHA, 145, BAIRRO UMUARAMA, OSASCO/SP";"1600000,00";"03/08/2026";"15:53:35"
"03/08/2026";"16:31:03";2026;2;"Eleição Ordinária";6259;"Eleições Gerais Estaduais 2026";"04/10/2026";"SP";"SP";"SÃO PAULO";250002535962;3;61;"Depósito bancário em conta corrente no País";"APLICACAO FINANCEIRA E SALDO EM CONTA CORRENTE JUNTO AO BANCO ITAU";"16854,83";"03/08/2026";"15:53:35"
"03/08/2026";"16:31:03";2026;2;"Eleição Ordinária";6259;"Eleições Gerais Estaduais 2026";"04/10/2026";"SP";"SP";"SÃO PAULO";250002535962;6;32;"Quotas ou quinhões de capital";"10% (DEZ POR CENTO) DE PARTICIPACAO SOCIETARIA NA CLINICA DRA JULIANA LOURENCO EM OSASCO/SP";"10000,00";"03/08/2026";"15:53:35"
"03/08/2026";"16:31:03";2026;2;"Eleição Ordinária";6259;"Eleições Gerais Estaduais 2026";"04/10/2026";"SP";"SP";"SÃO PAULO";250002535962;5;61;"Depósito bancário em conta corrente no País";"SALDO EM CONTA CORRENTE NA CAIXA ECONOMICA FEDERAL";"98,58";"03/08/2026";"15:53:35"
"03/08/2026";"16:31:03";2026;2;"Eleição Ordinária";6259;"Eleições Gerais Estaduais 2026";"04/10/2026";"SP";"SP";"SÃO PAULO";250002535962;4;61;"Depósito bancário em conta corrente no País";"SALDO EM CONTA CORRENTE NO BANCO BRADESCO";"1922,09";"03/08/2026";"15:53:35"
"03/08/2026";"16:31:03";2026;2;"Eleição Ordinária";6259;"Eleições Gerais Estaduais 2026";"04/10/2026";"SP";"SP";"SÃO PAULO";250002535963;1;45;"Aplicação de renda fixa (CDB, RDB e outros)";"CDB SANTANDER";"563722,35";"03/08/2026";"15:53:16"
"03/08/2026";"16:31:03";2026;2;"Eleição Ordinária";6259;"Eleições Gerais Estaduais 2026";"04/10/2026";"SP";"SP";"SÃO PAULO";250002535962;8;13;"Terreno";"50% DO TERRENO NO CONDOMINIO VALE DAS NACOES EM TERESOPOLIS/RJ";"100000,00";"03/08/2026";"15:53:35"
"03/08/2026";"16:31:03";2026;2;"Eleição Ordinária";6259;"Eleições Gerais Estaduais 2026";"04/10/2026";"SP";"SP";"SÃO PAULO";250002535962;7;19;"Outros bens imóveis";"DOIS TERRENOS E UMA RESIDENCIA EM VARGEM GRANDE, TERESOPOLIS/RJ";"250000,00";"03/08/2026";"15:53:35"
"03/08/2026";"16:31:03";2026;2;"Eleição Ordinária";6259;"Eleições Gerais Estaduais 2026";"04/10/2026";"SP";"SP";"SÃO PAULO";250002535963;2;45;"Aplicação de renda fixa (CDB, RDB e outros)";"CDB ITAU";"503309,00";"03/08/2026";"15:53:16"
"03/08/2026";"16:31:03";2026;2;"Eleição Ordinária";6259;"Eleições Gerais Estaduais 2026";"04/10/2026";"SP";"SP";"SÃO PAULO";250002535963;3;19;"Outros bens imóveis";"VAGA DE GARAGEM 19C - EDIFÍCIO SILVIO KRUGNER, RUA FRANCISCO DE PAULA GUIMARÃES, 662 AP 62 - CURITIBA/PR";"20000,00";"03/08/2026";"15:53:16"
"03/08/2026";"16:31:03";2026;2;"Eleição Ordinária";6259;"Eleições Gerais Estaduais 2026";"04/10/2026";"SP";"SP";"SÃO PAULO";250002535963;4;49;"Outras aplicações e Investimentos";"VGBL ITAU";"384682,86";"03/08/2026";"15:53:16"
"03/08/2026";"16:31:03";2026;2;"Eleição Ordinária";6259;"Eleições Gerais Estaduais 2026";"04/10/2026";"SP";"SP";"SÃO PAULO";250002535963;5;73;"Fundo de Investimento Imobiliário";"FUNDO DE INVESDTIMENTO CP EQ ULTRA SANTANDER";"45279,19";"03/08/2026";"15:53:16"
"03/08/2026";"16:31:03";2026;2;"Eleição Ordinária";6259;"Eleições Gerais Estaduais 2026";"04/10/2026";"SP";"SP";"SÃO PAULO";250002535963;6;99;"OUTROS BENS E DIREITOS";"SALDO C/C ITAU";"34848,65";"03/08/2026";"15:53:16"
"03/08/2026";"16:31:03";2026;2;"Eleição Ordinária";6259;"Eleições Gerais Estaduais 2026";"04/10/2026";"SP";"SP";"SÃO PAULO";250002535963;7;13;"Terreno";"PRÉDIO COMERCIAL NUMERO 3466 NA AVENIDA HELIO DE MOURA MELO NA CIDADE DE CASTANHAL/PA POSSUINDO UM GALPÃO PARA RESIDENCIA DE CASEIRO";"2500000,00";"03/08/2026";"15:53:16"
"03/08/2026";"16:31:03";2026;2;"Eleição Ordinária";6259;"Eleições Gerais Estaduais 2026";"04/10/2026";"SP";"SP";"SÃO PAULO";250002535963;9;21;"Veículo automotor terrestre: caminhão, automóvel, moto, etc.";"FUSION";"100000,00";"03/08/2026";"15:53:16"
"03/08/2026";"16:31:03";2026;2;"Eleição Ordinária";6259;"Eleições Gerais Estaduais 2026";"04/10/2026";"SP";"SP";"SÃO PAULO";250002535963;8;11;"Apartamento";"EDIFÍCIO OCEANIC PARK RESIDENCE, RUA JORGE TZACHEL, 114, AP 601 BLOCO C - ITAJAÍ/SC";"180000,00";"03/08/2026";"15:53:16"
"03/08/2026";"16:31:03";2026;2;"Eleição Ordinária";6259;"Eleições Gerais Estaduais 2026";"04/10/2026";"SP";"SP";"SÃO PAULO";250002535963;10;99;"OUTROS BENS E DIREITOS";"SALDO DO BANCO BTG";"57633,44";"03/08/2026";"15:53:16"
"03/08/2026";"16:31:03";2026;2;"Eleição Ordinária";6259;"Eleições Gerais Estaduais 2026";"04/10/2026";"SP";"SP";"SÃO PAULO";250002535963;11;41;"Caderneta de poupança";"ITAU";"39917,59";"03/08/2026";"15:53:16"
"03/08/2026";"16:31:03";2026;2;"Eleição Ordinária";6259;"Eleições Gerais Estaduais 2026";"04/10/2026";"SP";"SP";"SÃO PAULO";250002535963;13;99;"OUTROS BENS E DIREITOS";"SALDO BANCO SANTANDER";"6243,18";"03/08/2026";"15:53:16"
"03/08/2026";"16:31:03";2026;2;"Eleição Ordinária";6259;"Eleições Gerais Estaduais 2026";"04/10/2026";"SP";"SP";"SÃO PAULO";250002535963;12;13;"Terreno";"LOTE TERREO NÚMERO 04 QUADRA 60, PLANTA BALNEÁRIO ATAMI - PONTAL DO PARANÁ/PR";"30000,00";"03/08/2026";"15:53:16"
"03/08/2026";"16:31:03";2026;2;"Eleição Ordinária";6259;"Eleições Gerais Estaduais 2026";"04/10/2026";"SP";"SP";"SÃO PAULO";250002535963;15;21;"Veículo automotor terrestre: caminhão, automóvel, moto, etc.";"VW TAOS";"110000,00";"03/08/2026";"15:53:16"
"03/08/2026";"16:31:03";2026;2;"Eleição Ordinária";6259;"Eleições Gerais Estaduais 2026";"04/10/2026";"SP";"SP";"SÃO PAULO";250002535963;14;21;"Veículo automotor terrestre: caminhão, automóvel, moto, etc.";"I/GWM HAVAL H6";"162000,00";"03/08/2026";"15:53:16"
"03/08/2026";"16:31:03";2026;2;"Eleição Ordinária";6259;"Eleições Gerais Estaduais 2026";"04/10/2026";"SP";"SP";"SÃO PAULO";250002535963;16;99;"OUTROS BENS E DIREITOS";"SALDO C/C CEF";"3637,09";"03/08/2026";"15:53:16"
"03/08/2026";"16:31:03";2026;2;"Eleição Ordinária";6259;"Eleições Gerais Estaduais 2026";"04/10/2026";"SP";"SP";"SÃO PAULO";250002535963;18;21;"Veículo automotor terrestre: caminhão, automóvel, moto, etc.";"LEXUS";"124045,00";"03/08/2026";"15:53:16"
"03/08/2026";"16:31:03";2026;2;"Eleição Ordinária";6259;"Eleições Gerais Estaduais 2026";"04/10/2026";"SP";"SP";"SÃO PAULO";250002535963;17;11;"Apartamento";"EDIFÍCIO SILVIO KRUGNER, RUA FRANCISCO DE PAULA GUIMARÃES, 662 AP 62 - CURITIBA/PR";"140000,00";"03/08/2026";"15:53:16"
"03/08/2026";"16:31:03";2026;2;"Eleição Ordinária";6259;"Eleições Gerais Estaduais 2026";"04/10/2026";"SP";"SP";"SÃO PAULO";250002535964;1;13;"Terreno";"LOTE DE TERRENO 16 - DA QUADRA L - RUA VITORIO MAZZETO - VILA PRIMEIRO DE MAIO - SÃO JOÃO DA BOA VISTA-SP";"25700,00";"03/08/2026";"15:52:52"
"03/08/2026";"16:31:03";2026;2;"Eleição Ordinária";6259;"Eleições Gerais Estaduais 2026";"04/10/2026";"SP";"SP";"SÃO PAULO";250002535964;4;12;"Casa";"CASA DE 394,8M² - ALAMEDA DIAMANTE, 128 LOTEAMENTO SERRA DO PRATA - SÃO JOÃO DA BOA VISTA-SP";"3100000,00";"03/08/2026";"15:52:52"
"03/08/2026";"16:31:03";2026;2;"Eleição Ordinária";6259;"Eleições Gerais Estaduais 2026";"04/10/2026";"SP";"SP";"SÃO PAULO";250002535964;2;12;"Casa";"CASA 682,5M² - RUA ADEMIR FELISBERTO DOS REIS, 15, PQ COLINAS DA MANTIQUEIRA - SÃO JOÃO DA BOA VISTA-SP";"1000000,00";"03/08/2026";"15:52:52"
"03/08/2026";"16:31:03";2026;2;"Eleição Ordinária";6259;"Eleições Gerais Estaduais 2026";"04/10/2026";"SP";"SP";"SÃO PAULO";250002535964;3;11;"Apartamento";"APARTAMENTO DE 194,9M² - AVENIDA MARECHAL DEODORO DA FONSECA, 778 - EDIFICIO ANTIBES - APTO 132 13. ANDAR- GUARUJA-SP";"2175000,00";"03/08/2026";"15:52:52"
"03/08/2026";"16:31:03";2026;2;"Eleição Ordinária";6259;"Eleições Gerais Estaduais 2026";"04/10/2026";"SP";"SP";"SÃO PAULO";250002535964;5;61;"Depósito bancário em conta corrente no País";"BANCO ITAÚ - AGÊNCIA 0022 - CONTA CORRENTE N. 15.051-0";"1,00";"03/08/2026";"15:52:52"
"03/08/2026";"16:31:03";2026;2;"Eleição Ordinária";6259;"Eleições Gerais Estaduais 2026";"04/10/2026";"SP";"SP";"SÃO PAULO";250002535964;6;13;"Terreno";"LOTES DE TERRENO 23 - DA QUADRA X - LOTEAMENTO JARDIM DOS JACARANDÁS - SÃO JOÃO DA BOA VISTASP";"103000,00";"03/08/2026";"15:52:52"
"03/08/2026";"16:31:03";2026;2;"Eleição Ordinária";6259;"Eleições Gerais Estaduais 2026";"04/10/2026";"SP";"SP";"SÃO PAULO";250002535964;7;13;"Terreno";"LOTES DE TERRENO 26 - DA QUADRA X - LOTEAMENTO JARDIM DOS JACARANDÁS - SÃO JOÃO DA BOA VISTASP";"175000,00";"03/08/2026";"15:52:52"
"03/08/2026";"16:31:03";2026;2;"Eleição Ordinária";6259;"Eleições Gerais Estaduais 2026";"04/10/2026";"SP";"SP";"SÃO PAULO";250002535964;10;32;"Quotas ou quinhões de capital";"9.998 COTAS DE R$ 1,00 CADA UMA NA EMPRESA CARLOS ALBERTO GOMES SOCIEDADE DE ADVOGADOS - CNPJ N. 36.481.708/0001-59";"9998,00";"03/08/2026";"15:52:52"
"03/08/2026";"16:31:03";2026;2;"Eleição Ordinária";6259;"Eleições Gerais Estaduais 2026";"04/10/2026";"SP";"SP";"SÃO PAULO";250002535964;8;13;"Terreno";"LOTES DE TERRENO 05 - DA QUADRA Q - LOTEAMENTO JARDIM LUCAS TEIXEIRA - SÃO JOÃO DA BOA VISTA-SP";"180000,00";"03/08/2026";"15:52:52"
"03/08/2026";"16:31:03";2026;2;"Eleição Ordinária";6259;"Eleições Gerais Estaduais 2026";"04/10/2026";"SP";"SP";"SÃO PAULO";250002535964;9;13;"Terreno";"LOTES DE TERRENO 05 - DA QUADRA A - LOTEAMENTO DISTRITO INDUSTRIAL - SÃO JOÃO DA BOA VISTA-SP";"1400000,00";"03/08/2026";"15:52:52"
"03/08/2026";"16:31:03";2026;2;"Eleição Ordinária";6259;"Eleições Gerais Estaduais 2026";"04/10/2026";"SP";"SP";"SÃO PAULO";250002535964;11;12;"Casa";"CASA DE 517,8M² - RUA SERRA DA CANASTRA, 46 - LOTEAMENTO FECHADO PORTAL DA SERRA - SÃO JOÃO DA BOA VISTA-SP";"3800000,00";"03/08/2026";"15:52:52"
"03/08/2026";"16:31:03";2026;2;"Eleição Ordinária";6259;"Eleições Gerais Estaduais 2026";"04/10/2026";"SP";"SP";"SÃO PAULO";250002535964;12;13;"Terreno";"LOTE DE TERRENO 05A - DA QUADRA H - LOTEAMENTO JARDIM DAS FLORES - SÃO JOÃO DA BOA VISTA-SP";"150000,00";"03/08/2026";"15:52:52"
"03/08/2026";"16:31:03";2026;2;"Eleição Ordinária";6259;"Eleições Gerais Estaduais 2026";"04/10/2026";"SP";"SP";"SÃO PAULO";250002535964;13;13;"Terreno";"LOTES DE TERRENO 25 - DA QUADRA X - LOTEAMENTO JARDIM DOS JACARANDÁS - SÃO JOÃO DA BOA VISTASP";"130000,00";"03/08/2026";"15:52:52"
"03/08/2026";"16:31:03";2026;2;"Eleição Ordinária";6259;"Eleições Gerais Estaduais 2026";"04/10/2026";"SP";"SP";"SÃO PAULO";250002535964;14;12;"Casa";"CASA DE 394,8M² - RUA VITORIO MAZETTO, 07 - VILA PRIMEIRO DE MAIO - SÃO JOÃO DA BOA VISTA-SP";"103050,00";"03/08/2026";"15:52:52"
"03/08/2026";"16:31:03";2026;2;"Eleição Ordinária";6259;"Eleições Gerais Estaduais 2026";"04/10/2026";"SP";"SP";"SÃO PAULO";250002535964;15;13;"Terreno";"LOTES DE TERRENO 24 - DA QUADRA X - LOTEAMENTO JARDIM DOS JACARANDÁS - SÃO JOÃO DA BOA VISTASP";"103000,00";"03/08/2026";"15:52:52"
"03/08/2026";"16:31:03";2026;2;"Eleição Ordinária";6259;"Eleições Gerais Estaduais 2026";"04/10/2026";"SP";"SP";"SÃO PAULO";250002535964;16;13;"Terreno";"LOTES DE TERRENO 16 - DA QUADRA C - LOTEAMENTO FAZENDA DAS AREIAS - SÃO JOÃO DA BOA VISTA-SP";"115000,00";"03/08/2026";"15:52:52"
"03/08/2026";"16:31:03";2026;2;"Eleição Ordinária";6259;"Eleições Gerais Estaduais 2026";"04/10/2026";"SP";"SP";"SÃO PAULO";250002535964;18;61;"Depósito bancário em conta corrente no País";"BANCO DO BRASIL - AGÊNCIA 0065 - CONTA CORRENTE N. 57.479-1";"0,01";"03/08/2026";"15:52:52"
"03/08/2026";"16:31:03";2026;2;"Eleição Ordinária";6259;"Eleições Gerais Estaduais 2026";"04/10/2026";"SP";"SP";"SÃO PAULO";250002535964;17;61;"Depósito bancário em conta corrente no País";"BANCO SICREDI - AGÊNCIA 0718 - CONTA CORRENTE N. 60.957-2";"549,07";"03/08/2026";"15:52:52"
"03/08/2026";"16:31:03";2026;2;"Eleição Ordinária";6259;"Eleições Gerais Estaduais 2026";"04/10/2026";"SP";"SP";"SÃO PAULO";250002535965;1;19;"Outros bens imóveis";"50% DO PRÉDIO RUA REI SALOMÃO, 231 DISTRITO DE SOUZAS - CAMPINAS/SP";"460000,00";"03/08/2026";"15:53:26"
"03/08/2026";"16:31:03";2026;2;"Eleição Ordinária";6259;"Eleições Gerais Estaduais 2026";"04/10/2026";"SP";"SP";"SÃO PAULO";250002535965;2;32;"Quotas ou quinhões de capital";"50% DAS QUOTAS DO CAPITAL SOCIAL DA VEM EMPREENDIMENTOS IMOBILIÁRIOSLTDA.";"2125000,00";"03/08/2026";"15:53:26"
"03/08/2026";"16:31:03";2026;2;"Eleição Ordinária";6259;"Eleições Gerais Estaduais 2026";"04/10/2026";"SP";"SP";"SÃO PAULO";250002535965;3;13;"Terreno";"33,33 TERRENO RUA MARTINA LEON DE HUAMANI, LOTE 10 - JARDIM JADE/GUARULHOS";"446,69";"03/08/2026";"15:53:26"
"03/08/2026";"16:31:03";2026;2;"Eleição Ordinária";6259;"Eleições Gerais Estaduais 2026";"04/10/2026";"SP";"SP";"SÃO PAULO";250002535965;4;19;"Outros bens imóveis";"33,33 IMÓVEL RUA SÃO FRANCISCO, PARTE DA QUADRA 8 - VILA GALVÃO/GUARULHOS";"13712,09";"03/08/2026";"15:53:26"
"03/08/2026";"16:31:03";2026;2;"Eleição Ordinária";6259;"Eleições Gerais Estaduais 2026";"04/10/2026";"SP";"SP";"SÃO PAULO";250002535965;6;41;"Caderneta de poupança";"SALDO CARDENETA DE POUPANÇA BANCO DO BRASIL";"10098,68";"03/08/2026";"15:53:26"
"03/08/2026";"16:31:03";2026;2;"Eleição Ordinária";6259;"Eleições Gerais Estaduais 2026";"04/10/2026";"SP";"SP";"SÃO PAULO";250002535965;7;99;"OUTROS BENS E DIREITOS";"EMPRÉSTIMO CONCEDIDO A VEM EMPREEN";"500000,00";"03/08/2026";"15:53:26"
"03/08/2026";"16:31:03";2026;2;"Eleição Ordinária";6259;"Eleições Gerais Estaduais 2026";"04/10/2026";"SP";"SP";"SÃO PAULO";250002535965;5;63;"Dinheiro em espécie - moeda nacional";"DISPONIBILIDADE FINANCEIRA";"420000,00";"03/08/2026";"15:53:26"
"03/08/2026";"16:31:03";2026;2;"Eleição Ordinária";6259;"Eleições Gerais Estaduais 2026";"04/10/2026";"SP";"SP";"SÃO PAULO";250002535965;8;45;"Aplicação de renda fixa (CDB, RDB e outros)";"SALDO SANTANDER CDB";"203690,00";"03/08/2026";"15:53:26"
"03/08/2026";"16:31:03";2026;2;"Eleição Ordinária";6259;"Eleições Gerais Estaduais 2026";"04/10/2026";"SP";"SP";"SÃO PAULO";250002535965;10;11;"Apartamento";"33,33% APARTAMENTO VILA GALVÃO/GUARULHOS";"63327,00";"03/08/2026";"15:53:26"
"03/08/2026";"16:31:03";2026;2;"Eleição Ordinária";6259;"Eleições Gerais Estaduais 2026";"04/10/2026";"SP";"SP";"SÃO PAULO";250002535965;9;61;"Depósito bancário em conta corrente no País";"SALDO CONTA CORRENTE BANCO DO BRASIL";"14499,03";"03/08/2026";"15:53:26"
"03/08/2026";"16:31:03";2026;2;"Eleição Ordinária";6259;"Eleições Gerais Estaduais 2026";"04/10/2026";"SP";"SP";"SÃO PAULO";250002535965;11;12;"Casa";"33,33% SOBRADO VILA GALVÃO/GUARULHOS";"5469,41";"03/08/2026";"15:53:26"
"03/08/2026";"16:31:03";2026;2;"Eleição Ordinária";6259;"Eleições Gerais Estaduais 2026";"04/10/2026";"SP";"SP";"SÃO PAULO";250002535965;12;13;"Terreno";"33,33% TERRENO, LOTE 26 - BAIRRO DE SUMARÉ/ CARAGUATATUBA";"3333,29";"03/08/2026";"15:53:26"
"03/08/2026";"16:31:03";2026;2;"Eleição Ordinária";6259;"Eleições Gerais Estaduais 2026";"04/10/2026";"SP";"SP";"SÃO PAULO";250002535965;13;49;"Outras aplicações e Investimentos";"TÍTULO DE CAPITALIZAÇÃO";"2782,48";"03/08/2026";"15:53:26"
"03/08/2026";"16:31:03";2026;2;"Eleição Ordinária";6259;"Eleições Gerais Estaduais 2026";"04/10/2026";"SP";"SP";"SÃO PAULO";250002535967;2;61;"Depósito bancário em conta corrente no País";"NUBANK";"51,63";"03/08/2026";"15:53:02"
"03/08/2026";"16:31:03";2026;2;"Eleição Ordinária";6259;"Eleições Gerais Estaduais 2026";"04/10/2026";"SP";"SP";"SÃO PAULO";250002535967;1;61;"Depósito bancário em conta corrente no País";"BRADESCO";"0,00";"03/08/2026";"15:53:02"
"03/08/2026";"16:31:03";2026;2;"Eleição Ordinária";6259;"Eleições Gerais Estaduais 2026";"04/10/2026";"SP";"SP";"SÃO PAULO";250002535968;1;29;"Outros bens móveis";"METADE (50%) DA FRAÇÃO IDEAL DE 1/224 DE UM IMÓVEL LOCALIZADO NA RUA CORONEL SPINOLA DE CASTRO N. 5084/5054, NO MUNICÍPIO DE SÃO JOSÉ DO RIO PRETO/SP.";"50799,37";"03/08/2026";"15:53:18"
"03/08/2026";"16:31:03";2026;2;"Eleição Ordinária";6259;"Eleições Gerais Estaduais 2026";"04/10/2026";"SP";"SP";"SÃO PAULO";250002535968;3;41;"Caderneta de poupança";"SALDO CONTA POUPANÇA, JUNTO AO BANCO ITAU UNIBANCO S/A.";"11857,38";"03/08/2026";"15:53:18"
"03/08/2026";"16:31:03";2026;2;"Eleição Ordinária";6259;"Eleições Gerais Estaduais 2026";"04/10/2026";"SP";"SP";"SÃO PAULO";250002535968;4;41;"Caderneta de poupança";"SALDO CONTA POUPANÇA, JUNTO A CAIXA ECONÔMICA FEDERAL.";"5087,43";"03/08/2026";"15:53:18"
"03/08/2026";"16:31:03";2026;2;"Eleição Ordinária";6259;"Eleições Gerais Estaduais 2026";"04/10/2026";"SP";"SP";"SÃO PAULO";250002535968;2;19;"Outros bens imóveis";"METADE (50%) DA FRAÇÃO IDEAL DE 1/224 SOBRE A CONSTRUÇÃO/EDIFICAÇÃO DE UM PRÉDIO NO IMÓVEL LOCALIZADO NA RUA CORONEL SPINOLA DE CASTRO N. 5084/5054, NO MUNICÍPIO DE SÃO JOSÉ DO RIO PRETO/SP.";"99746,00";"03/08/2026";"15:53:18"
"03/08/2026";"16:31:03";2026;2;"Eleição Ordinária";6259;"Eleições Gerais Estaduais 2026";"04/10/2026";"SP";"SP";"SÃO PAULO";250002535968;6;61;"Depósito bancário em conta corrente no País";"SALDO CONTA CORRENTE, JUNTO AO REGIONS BANK.";"14533,37";"03/08/2026";"15:53:18"
"03/08/2026";"16:31:03";2026;2;"Eleição Ordinária";6259;"Eleições Gerais Estaduais 2026";"04/10/2026";"SP";"SP";"SÃO PAULO";250002535968;7;79;"Outros fundos";"SALDO APLICAÇÃO EM FUNDOS DE INVESTIMENTOS, JUNTO A XP INVESTIMENTOS CCTVM S/A.";"275297,89";"03/08/2026";"15:53:18"
"03/08/2026";"16:31:03";2026;2;"Eleição Ordinária";6259;"Eleições Gerais Estaduais 2026";"04/10/2026";"SP";"SP";"SÃO PAULO";250002535968;5;19;"Outros bens imóveis";"METADE (50%) DE UM IMÓVEL LOCALIZADO NO LOTE 9 DA QUADRA 7, NO LOTEAMENTO ALDEIA DOS LAGOS I, NO MUNICÍPIO DE ICEM/SP.";"45000,00";"03/08/2026";"15:53:18"
"03/08/2026";"16:31:03";2026;2;"Eleição Ordinária";6259;"Eleições Gerais Estaduais 2026";"04/10/2026";"SP";"SP";"SÃO PAULO";250002535968;9;32;"Quotas ou quinhões de capital";"QUOTAS DO CAPITAL SOCIAL DA EMPRESA TEMM PARTICIPAÇÕES LTDA, CNPJ N. 19.239.908/0001-80";"470200,00";"03/08/2026";"15:53:18"
"03/08/2026";"16:31:03";2026;2;"Eleição Ordinária";6259;"Eleições Gerais Estaduais 2026";"04/10/2026";"SP";"SP";"SÃO PAULO";250002535968;10;23;"Embarcação";"UMA MOTO NÁUTICA, MARCA SUZUKI, MODELO LETS S II 50, ANO DE FABRICAÇÃO 2002.";"4700,00";"03/08/2026";"15:53:18"
"03/08/2026";"16:31:03";2026;2;"Eleição Ordinária";6259;"Eleições Gerais Estaduais 2026";"04/10/2026";"SP";"SP";"SÃO PAULO";250002535968;8;19;"Outros bens imóveis";"PARTE (16,66%) DE UM IMÓVEL LOCALIZADO NA RUA CHERENTES N. 2, NO MUNICÍPIO DE TUPÃ/SP.";"50000,00";"03/08/2026";"15:53:18"
"03/08/2026";"16:31:03";2026;2;"Eleição Ordinária";6259;"Eleições Gerais Estaduais 2026";"04/10/2026";"SP";"SP";"SÃO PAULO";250002535968;13;45;"Aplicação de renda fixa (CDB, RDB e outros)";"SALDO APLICAÇÃO EM RENDA FIXA (CDB/LETRAS RF), JUNTO A CAIXA ECONÔMICA FEDERAL.";"692576,77";"03/08/2026";"15:53:18"
"03/08/2026";"16:31:03";2026;2;"Eleição Ordinária";6259;"Eleições Gerais Estaduais 2026";"04/10/2026";"SP";"SP";"SÃO PAULO";250002535968;12;61;"Depósito bancário em conta corrente no País";"SALDO CONTA CORRENTE, JUNTO AO BANCO DO BRASIL S/A.";"8953,09";"03/08/2026";"15:53:18"
"03/08/2026";"16:31:03";2026;2;"Eleição Ordinária";6259;"Eleições Gerais Estaduais 2026";"04/10/2026";"SP";"SP";"SÃO PAULO";250002535968;11;19;"Outros bens imóveis";"PARTE (16,66%) DE UM IMÓVEL LOCALIZADO NA RUA CHERENTES N. 4, NO MUNICÍPIO DE TUPÃ/SP";"50000,00";"03/08/2026";"15:53:18"
"03/08/2026";"16:31:03";2026;2;"Eleição Ordinária";6259;"Eleições Gerais Estaduais 2026";"04/10/2026";"SP";"SP";"SÃO PAULO";250002535968;15;61;"Depósito bancário em conta corrente no País";"SALDO CONTA CORRENTE, JUNTO A CAIXA ECONÔMICA FEDERAL.";"14348,81";"03/08/2026";"15:53:18"
"03/08/2026";"16:31:03";2026;2;"Eleição Ordinária";6259;"Eleições Gerais Estaduais 2026";"04/10/2026";"SP";"SP";"SÃO PAULO";250002535968;14;61;"Depósito bancário em conta corrente no País";"SALDO CONTA CORRENTE, JUNTO AO BANCO ITAU UNIBANCO S/A.";"10,00";"03/08/2026";"15:53:18"
"03/08/2026";"16:31:03";2026;2;"Eleição Ordinária";6259;"Eleições Gerais Estaduais 2026";"04/10/2026";"SP";"SP";"SÃO PAULO";250002535969;1;97;"VGBL - Vida Gerador de Benefício Livre";"SALDO EM VGBL - PREMIOS ACUMULADOS (CNPJ: 51.990.695/0001-37)";"62516,70";"03/08/2026";"15:52:46"
"03/08/2026";"16:31:03";2026;2;"Eleição Ordinária";6259;"Eleições Gerais Estaduais 2026";"04/10/2026";"SP";"SP";"SÃO PAULO";250002535969;4;21;"Veículo automotor terrestre: caminhão, automóvel, moto, etc.";"VEICULO SUZUKI SCROSS AWD GLS, ANO 2015, MODELO 2016, COR BRANCA, PLACA FSL2C19";"110679,36";"03/08/2026";"15:52:46"
"03/08/2026";"16:31:03";2026;2;"Eleição Ordinária";6259;"Eleições Gerais Estaduais 2026";"04/10/2026";"SP";"SP";"SÃO PAULO";250002535969;3;32;"Quotas ou quinhões de capital";"QUOTAS DE CAPITAL SOCIAL DA EMPRESA MINERAÇÃO RELVA CANDIDA LTDA. CNPJ N. 05.472.374/0001-23";"5000,00";"03/08/2026";"15:52:46"
"03/08/2026";"16:31:03";2026;2;"Eleição Ordinária";6259;"Eleições Gerais Estaduais 2026";"04/10/2026";"SP";"SP";"SÃO PAULO";250002535969;2;61;"Depósito bancário em conta corrente no País";"BANCO CAIXA ECONÔMICA FEDERAL AG.341 CC576748831-9";"1321,24";"03/08/2026";"15:52:46"
"03/08/2026";"16:31:03";2026;2;"Eleição Ordinária";6259;"Eleições Gerais Estaduais 2026";"04/10/2026";"SP";"SP";"SÃO PAULO";250002535969;7;45;"Aplicação de renda fixa (CDB, RDB e outros)";"CDB BRADESCO CNPJ 60.746.948/0001-12";"77470,00";"03/08/2026";"15:52:46"
"03/08/2026";"16:31:03";2026;2;"Eleição Ordinária";6259;"Eleições Gerais Estaduais 2026";"04/10/2026";"SP";"SP";"SÃO PAULO";250002535969;6;61;"Depósito bancário em conta corrente no País";"BANCO C6 BANK CAYMAN AG. 001 CC. 101346219-8";"10981,35";"03/08/2026";"15:52:46"
"03/08/2026";"16:31:03";2026;2;"Eleição Ordinária";6259;"Eleições Gerais Estaduais 2026";"04/10/2026";"SP";"SP";"SÃO PAULO";250002535969;5;61;"Depósito bancário em conta corrente no País";"BANCO C6 CTVM LTDA AG. 001 CC. 38598418-9";"50060,01";"03/08/2026";"15:52:46"
"03/08/2026";"16:31:03";2026;2;"Eleição Ordinária";6259;"Eleições Gerais Estaduais 2026";"04/10/2026";"SP";"SP";"SÃO PAULO";250002535969;8;11;"Apartamento";"APARTAMENTO DE 190M², NO CONDOMINIO BOSSA NOVA RESIDENCIAL - TORRE 2 - IPANEMA, EM RIO CLARO - SP";"605248,12";"03/08/2026";"15:52:46"
"03/08/2026";"16:31:03";2026;2;"Eleição Ordinária";6259;"Eleições Gerais Estaduais 2026";"04/10/2026";"SP";"SP";"SÃO PAULO";250002535969;10;61;"Depósito bancário em conta corrente no País";"BANCO BRADESCO S.A. AG.187 CC. 423333-6";"1,00";"03/08/2026";"15:52:46"
"03/08/2026";"16:31:03";2026;2;"Eleição Ordinária";6259;"Eleições Gerais Estaduais 2026";"04/10/2026";"SP";"SP";"SÃO PAULO";250002535969;9;49;"Outras aplicações e Investimentos";"BANCO C6 S.A. CNPJ 31872495/000172";"583708,00";"03/08/2026";"15:52:46"
"03/08/2026";"16:31:03";2026;2;"Eleição Ordinária";6259;"Eleições Gerais Estaduais 2026";"04/10/2026";"SP";"SP";"SÃO PAULO";250002535969;11;41;"Caderneta de poupança";"SALDO EM CADERNETA DE POUPANÇA NA CAIXA ECONÔMICA FEDERAL AG.3880 CP.877934503-2";"3047,00";"03/08/2026";"15:52:46"
"03/08/2026";"16:31:03";2026;2;"Eleição Ordinária";6259;"Eleições Gerais Estaduais 2026";"04/10/2026";"SP";"SP";"SÃO PAULO";250002535970;1;12;"Casa";"1/3 CASA EM RIO DAS PEDRAS";"39272,00";"03/08/2026";"15:53:38"
"03/08/2026";"16:31:03";2026;2;"Eleição Ordinária";6259;"Eleições Gerais Estaduais 2026";"04/10/2026";"SP";"SP";"SÃO PAULO";250002535970;2;39;"Outras participações societárias";"QUOTAS COOPCRED";"2430,00";"03/08/2026";"15:53:38"
"03/08/2026";"16:31:03";2026;2;"Eleição Ordinária";6259;"Eleições Gerais Estaduais 2026";"04/10/2026";"SP";"SP";"SÃO PAULO";250002535970;3;45;"Aplicação de renda fixa (CDB, RDB e outros)";"1/4 BANCO DO BRASIL";"23428,00";"03/08/2026";"15:53:38"
"03/08/2026";"16:31:03";2026;2;"Eleição Ordinária";6259;"Eleições Gerais Estaduais 2026";"04/10/2026";"SP";"SP";"SÃO PAULO";250002535970;5;21;"Veículo automotor terrestre: caminhão, automóvel, moto, etc.";"FORD RANGER XLS 2026";"229496,00";"03/08/2026";"15:53:38"
"03/08/2026";"16:31:03";2026;2;"Eleição Ordinária";6259;"Eleições Gerais Estaduais 2026";"04/10/2026";"SP";"SP";"SÃO PAULO";250002535970;4;97;"VGBL - Vida Gerador de Benefício Livre";"PREVIDÊNCIA PRIVADA FILHO - BANCO DO BRASIL, BRASIL PREV";"138475,00";"03/08/2026";"15:53:38"
"03/08/2026";"16:31:03";2026;2;"Eleição Ordinária";6259;"Eleições Gerais Estaduais 2026";"04/10/2026";"SP";"SP";"SÃO PAULO";250002535970;6;21;"Veículo automotor terrestre: caminhão, automóvel, moto, etc.";"TOYOTA HILUX SW4 2023";"354167,00";"03/08/2026";"15:53:38"
"03/08/2026";"16:31:03";2026;2;"Eleição Ordinária";6259;"Eleições Gerais Estaduais 2026";"04/10/2026";"SP";"SP";"SÃO PAULO";250002535970;8;12;"Casa";"12,50% DE 33,33% CASA EM RIO DAS PEDRAS";"3321,00";"03/08/2026";"15:53:38"
"03/08/2026";"16:31:03";2026;2;"Eleição Ordinária";6259;"Eleições Gerais Estaduais 2026";"04/10/2026";"SP";"SP";"SÃO PAULO";250002535970;7;11;"Apartamento";"1/3 APARTAMENTO NO GUARUJÁ/SP";"93925,00";"03/08/2026";"15:53:38"
"03/08/2026";"16:31:03";2026;2;"Eleição Ordinária";6259;"Eleições Gerais Estaduais 2026";"04/10/2026";"SP";"SP";"SÃO PAULO";250002535970;9;97;"VGBL - Vida Gerador de Benefício Livre";"PREVIDÊNCIA PRIVADA FILHA - SICOOB";"60642,00";"03/08/2026";"15:53:38"
"03/08/2026";"16:31:03";2026;2;"Eleição Ordinária";6259;"Eleições Gerais Estaduais 2026";"04/10/2026";"SP";"SP";"SÃO PAULO";250002535970;10;13;"Terreno";"LOTE EM RIO DAS PEDRAS/SP";"94490,00";"03/08/2026";"15:53:38"
"03/08/2026";"16:31:03";2026;2;"Eleição Ordinária";6259;"Eleições Gerais Estaduais 2026";"04/10/2026";"SP";"SP";"SÃO PAULO";250002535970;11;13;"Terreno";"2 LOTES EM RIO DAS PEDRAS";"201612,00";"03/08/2026";"15:53:38"
"03/08/2026";"16:31:03";2026;2;"Eleição Ordinária";6259;"Eleições Gerais Estaduais 2026";"04/10/2026";"SP";"SP";"SÃO PAULO";250002535970;13;12;"Casa";"12,50% DE CASA EM RIO DAS PEDRAS/SP";"12713,00";"03/08/2026";"15:53:38"
"03/08/2026";"16:31:03";2026;2;"Eleição Ordinária";6259;"Eleições Gerais Estaduais 2026";"04/10/2026";"SP";"SP";"SÃO PAULO";250002535970;12;13;"Terreno";"LOTE EM RIO DAS PEDRAS/SP";"91000,00";"03/08/2026";"15:53:38"
"03/08/2026";"16:31:03";2026;2;"Eleição Ordinária";6259;"Eleições Gerais Estaduais 2026";"04/10/2026";"SP";"SP";"SÃO PAULO";250002535970;14;97;"VGBL - Vida Gerador de Benefício Livre";"PREVIDÊNCIA PRIVADA FILHA - BANCO DO BRASIL, BRASIL PREV";"74442,00";"03/08/2026";"15:53:38"
"03/08/2026";"16:31:03";2026;2;"Eleição Ordinária";6259;"Eleições Gerais Estaduais 2026";"04/10/2026";"SP";"SP";"SÃO PAULO";250002535970;15;41;"Caderneta de poupança";"BANCO DO BRASIL";"328719,00";"03/08/2026";"15:53:38"
"03/08/2026";"16:31:03";2026;2;"Eleição Ordinária";6259;"Eleições Gerais Estaduais 2026";"04/10/2026";"SP";"SP";"SÃO PAULO";250002535971;1;41;"Caderneta de poupança";"POUPANÇA OURO - BANCO DO BRASIL";"20,35";"03/08/2026";"15:53:38"
"03/08/2026";"16:31:03";2026;2;"Eleição Ordinária";6259;"Eleições Gerais Estaduais 2026";"04/10/2026";"SP";"SP";"SÃO PAULO";250002535971;2;61;"Depósito bancário em conta corrente no País";"CONTA CORRENTE - BANCO DO BRASIL";"2298,05";"03/08/2026";"15:53:38"
"03/08/2026";"16:31:03";2026;2;"Eleição Ordinária";6259;"Eleições Gerais Estaduais 2026";"04/10/2026";"SP";"SP";"SÃO PAULO";250002535972;2;21;"Veículo automotor terrestre: caminhão, automóvel, moto, etc.";"TOYOTA COROLLA 2020";"106000,00";"03/08/2026";"15:53:33"
"03/08/2026";"16:31:03";2026;2;"Eleição Ordinária";6259;"Eleições Gerais Estaduais 2026";"04/10/2026";"SP";"SP";"SÃO PAULO";250002535972;1;61;"Depósito bancário em conta corrente no País";"BANCO ITAU";"4000,00";"03/08/2026";"15:53:33"
"03/08/2026";"16:31:03";2026;2;"Eleição Ordinária";6259;"Eleições Gerais Estaduais 2026";"04/10/2026";"SP";"SP";"SÃO PAULO";250002535972;3;13;"Terreno";"50% EM BERTIOGA";"426059,00";"03/08/2026";"15:53:33"
"03/08/2026";"16:31:03";2026;2;"Eleição Ordinária";6259;"Eleições Gerais Estaduais 2026";"04/10/2026";"SP";"SP";"SÃO PAULO";250002535972;5;21;"Veículo automotor terrestre: caminhão, automóvel, moto, etc.";"TOYOTA COROLLA CROSS 2023";"135000,00";"03/08/2026";"15:53:33"
"03/08/2026";"16:31:03";2026;2;"Eleição Ordinária";6259;"Eleições Gerais Estaduais 2026";"04/10/2026";"SP";"SP";"SÃO PAULO";250002535972;6;11;"Apartamento";"APARTAMENTO EM SANTOS";"1606000,00";"03/08/2026";"15:53:33"
"03/08/2026";"16:31:03";2026;2;"Eleição Ordinária";6259;"Eleições Gerais Estaduais 2026";"04/10/2026";"SP";"SP";"SÃO PAULO";250002535972;4;61;"Depósito bancário em conta corrente no País";"BANCO DO BRASIL";"15000,00";"03/08/2026";"15:53:33"
"03/08/2026";"16:31:03";2026;2;"Eleição Ordinária";6259;"Eleições Gerais Estaduais 2026";"04/10/2026";"SP";"SP";"SÃO PAULO";250002535972;7;61;"Depósito bancário em conta corrente no País";"BANCO DO BRASIL";"3000,00";"03/08/2026";"15:53:33"
"03/08/2026";"16:31:03";2026;2;"Eleição Ordinária";6259;"Eleições Gerais Estaduais 2026";"04/10/2026";"SP";"SP";"SÃO PAULO";250002535973;2;61;"Depósito bancário em conta corrente no País";"BANCO DO BRASIL";"192,08";"03/08/2026";"15:52:56"
"03/08/2026";"16:31:03";2026;2;"Eleição Ordinária";6259;"Eleições Gerais Estaduais 2026";"04/10/2026";"SP";"SP";"SÃO PAULO";250002535973;1;61;"Depósito bancário em conta corrente no País";"XP INVESTIMENTOS";"589,22";"03/08/2026";"15:52:56"
"03/08/2026";"16:31:03";2026;2;"Eleição Ordinária";6259;"Eleições Gerais Estaduais 2026";"04/10/2026";"SP";"SP";"SÃO PAULO";250002535973;3;45;"Aplicação de renda fixa (CDB, RDB e outros)";"CUSTODIADA NO BANCO SANTANDER";"13153,42";"03/08/2026";"15:52:56"
"03/08/2026";"16:31:03";2026;2;"Eleição Ordinária";6259;"Eleições Gerais Estaduais 2026";"04/10/2026";"SP";"SP";"SÃO PAULO";250002535973;5;41;"Caderneta de poupança";"POUPANÇA NO BANCO SANTANDER";"24209,70";"03/08/2026";"15:52:56"
"03/08/2026";"16:31:03";2026;2;"Eleição Ordinária";6259;"Eleições Gerais Estaduais 2026";"04/10/2026";"SP";"SP";"SÃO PAULO";250002535973;4;39;"Outras participações societárias";"EMPRESA CNPJ 48.206.697/0001-88";"10000,00";"03/08/2026";"15:52:56"
"03/08/2026";"16:31:03";2026;2;"Eleição Ordinária";6259;"Eleições Gerais Estaduais 2026";"04/10/2026";"SP";"SP";"SÃO PAULO";250002535975;1;12;"Casa";"CASA - PRAÇA MARQUES DE ITU, 30 - BOSQUE IMPERIAL - SJCAMPOS - SP - IRPF";"1150000,00";"03/08/2026";"15:52:42"
"03/08/2026";"16:31:03";2026;2;"Eleição Ordinária";6259;"Eleições Gerais Estaduais 2026";"04/10/2026";"SP";"SP";"SÃO PAULO";250002535973;6;11;"Apartamento";"APARTAMENTO DE 107 METROS EM SÃO BERNARDO DO CAMPO/SP";"688122,62";"03/08/2026";"15:52:56"
"03/08/2026";"16:31:03";2026;2;"Eleição Ordinária";6259;"Eleições Gerais Estaduais 2026";"04/10/2026";"SP";"SP";"SÃO PAULO";250002535974;1;11;"Apartamento";"APARTAMENTO DE 59M² NO BAIRRO BILLA SOLAR EM FERRAZ DE VASCONCELOS";"320000,00";"03/08/2026";"15:53:14"
"03/08/2026";"16:31:03";2026;2;"Eleição Ordinária";6259;"Eleições Gerais Estaduais 2026";"04/10/2026";"SP";"SP";"SÃO PAULO";250002535975;2;61;"Depósito bancário em conta corrente no País";"BANCO CRESOL - CONTA CORRENTE";"107,05";"03/08/2026";"15:52:42"
"03/08/2026";"16:31:03";2026;2;"Eleição Ordinária";6259;"Eleições Gerais Estaduais 2026";"04/10/2026";"SP";"SP";"SÃO PAULO";250002535975;4;61;"Depósito bancário em conta corrente no País";"BANCO DO BRASIL - CONTA CORRENTE";"80,32";"03/08/2026";"15:52:42"
"03/08/2026";"16:31:03";2026;2;"Eleição Ordinária";6259;"Eleições Gerais Estaduais 2026";"04/10/2026";"SP";"SP";"SÃO PAULO";250002535975;3;13;"Terreno";"20% DE UA GLEBA ETERRA, GLEBA 06 - BUQUIRINHA SJCAMPOS - SP - IRPF";"3227,86";"03/08/2026";"15:52:42"
"03/08/2026";"16:31:03";2026;2;"Eleição Ordinária";6259;"Eleições Gerais Estaduais 2026";"04/10/2026";"SP";"SP";"SÃO PAULO";250002535975;6;12;"Casa";"20% CASA RESIDENCIAL AV. TENENTE NÉVIO BARACHO, 229 - BELA VISTA - SJCAMPOS - SP IRPF";"92485,48";"03/08/2026";"15:52:42"
"03/08/2026";"16:31:03";2026;2;"Eleição Ordinária";6259;"Eleições Gerais Estaduais 2026";"04/10/2026";"SP";"SP";"SÃO PAULO";250002535975;7;39;"Outras participações societárias";"20.000 QUOTAS DA EMPRESA ZAHLE CONSULTORIA LTDA";"20000,00";"03/08/2026";"15:52:42"
"03/08/2026";"16:31:03";2026;2;"Eleição Ordinária";6259;"Eleições Gerais Estaduais 2026";"04/10/2026";"SP";"SP";"SÃO PAULO";250002535975;5;19;"Outros bens imóveis";"20% PRÉDIO COMERCIAL RUA XV DE NOVEMBRO N. 12 E 14 CENTRO - SJCAMPOS - SP IRPF";"150111,48";"03/08/2026";"15:52:42"
"03/08/2026";"16:31:03";2026;2;"Eleição Ordinária";6259;"Eleições Gerais Estaduais 2026";"04/10/2026";"SP";"SP";"SÃO PAULO";250002535975;8;45;"Aplicação de renda fixa (CDB, RDB e outros)";"BANCO SANTANDER - APLICAÇÃO CDB";"25000,00";"03/08/2026";"15:52:42"
"03/08/2026";"16:31:03";2026;2;"Eleição Ordinária";6259;"Eleições Gerais Estaduais 2026";"04/10/2026";"SP";"SP";"SÃO PAULO";250002535975;9;99;"OUTROS BENS E DIREITOS";"CAPITAL SOCIAL COMO COOPERADO CRESOL";"127472,00";"03/08/2026";"15:52:42"
"03/08/2026";"16:31:03";2026;2;"Eleição Ordinária";6259;"Eleições Gerais Estaduais 2026";"04/10/2026";"SP";"SP";"SÃO PAULO";250002535975;10;61;"Depósito bancário em conta corrente no País";"BANCO SANTANDER - CONTA CORRENTE";"550,24";"03/08/2026";"15:52:42"
"03/08/2026";"16:31:03";2026;2;"Eleição Ordinária";6259;"Eleições Gerais Estaduais 2026";"04/10/2026";"SP";"SP";"SÃO PAULO";250002535976;1;12;"Casa";"CASA 155 METROS NO MUNICIPIO DE MOGI DAS CRUZES/SP";"640000,00";"03/08/2026";"15:53:22"
"03/08/2026";"16:31:03";2026;2;"Eleição Ordinária";6259;"Eleições Gerais Estaduais 2026";"04/10/2026";"SP";"SP";"SÃO PAULO";250002535976;2;12;"Casa";"CASA DE 170 METRO NO MUNICIPIO DE SUZANO/SP";"190000,00";"03/08/2026";"15:53:22"
"03/08/2026";"16:31:03";2026;2;"Eleição Ordinária";6259;"Eleições Gerais Estaduais 2026";"04/10/2026";"SP";"SP";"SÃO PAULO";250002535978;1;21;"Veículo automotor terrestre: caminhão, automóvel, moto, etc.";"FORD FUSION 2006 2.3 SL";"25000,00";"03/08/2026";"15:53:04"
"03/08/2026";"16:31:03";2026;2;"Eleição Ordinária";6259;"Eleições Gerais Estaduais 2026";"04/10/2026";"SP";"SP";"SÃO PAULO";250002535978;2;45;"Aplicação de renda fixa (CDB, RDB e outros)";"NU BANK LIMITE GARANTIDO";"31235,10";"03/08/2026";"15:53:04"
"03/08/2026";"16:31:03";2026;2;"Eleição Ordinária";6259;"Eleições Gerais Estaduais 2026";"04/10/2026";"SP";"SP";"SÃO PAULO";250002535978;4;61;"Depósito bancário em conta corrente no País";"NU BANK SALDO CORRENTE ATUAL";"591,18";"03/08/2026";"15:53:04"
"03/08/2026";"16:31:03";2026;2;"Eleição Ordinária";6259;"Eleições Gerais Estaduais 2026";"04/10/2026";"SP";"SP";"SÃO PAULO";250002535978;3;39;"Outras participações societárias";"PROPRIETÁRIO DF FATOS E CONTEXTOS LTDA";"1000,00";"03/08/2026";"15:53:04"
"03/08/2026";"16:31:03";2026;2;"Eleição Ordinária";6259;"Eleições Gerais Estaduais 2026";"04/10/2026";"SP";"SP";"SÃO PAULO";250002535978;5;21;"Veículo automotor terrestre: caminhão, automóvel, moto, etc.";"CHRYSLER STRATUS 1997 2.3 SL";"15000,00";"03/08/2026";"15:53:04"
"03/08/2026";"16:31:03";2026;2;"Eleição Ordinária";6259;"Eleições Gerais Estaduais 2026";"04/10/2026";"SP";"SP";"SÃO PAULO";250002535978;6;21;"Veículo automotor terrestre: caminhão, automóvel, moto, etc.";"MERCEDES-BENZ C180 2012 1,8 TURBO";"64000,00";"03/08/2026";"15:53:04"
"03/08/2026";"16:31:03";2026;2;"Eleição Ordinária";6259;"Eleições Gerais Estaduais 2026";"04/10/2026";"SP";"SP";"SÃO PAULO";250002535978;7;41;"Caderneta de poupança";"CAIXA ECONOMICA";"69028,58";"03/08/2026";"15:53:04"
"03/08/2026";"16:31:03";2026;2;"Eleição Ordinária";6259;"Eleições Gerais Estaduais 2026";"04/10/2026";"SP";"SP";"SÃO PAULO";250002535978;8;61;"Depósito bancário em conta corrente no País";"CONTABILIZEI BANK";"479,22";"03/08/2026";"15:53:04"
"03/08/2026";"16:31:03";2026;2;"Eleição Ordinária";6259;"Eleições Gerais Estaduais 2026";"04/10/2026";"SP";"SP";"SÃO PAULO";250002535979;1;61;"Depósito bancário em conta corrente no País";"SALDO EM CONTA CORRENTE";"9899,11";"03/08/2026";"15:52:55"
"03/08/2026";"16:31:03";2026;2;"Eleição Ordinária";6259;"Eleições Gerais Estaduais 2026";"04/10/2026";"SP";"SP";"SÃO PAULO";250002535978;9;92;"Título de clube e assemelhado";"ASSOCIAÇÃO ATLÉTICA ARARENSE";"10000,00";"03/08/2026";"15:53:04"
"03/08/2026";"16:31:03";2026;2;"Eleição Ordinária";6259;"Eleições Gerais Estaduais 2026";"04/10/2026";"SP";"SP";"SÃO PAULO";250002535979;2;45;"Aplicação de renda fixa (CDB, RDB e outros)";"MERCADO PAGO";"6153,36";"03/08/2026";"15:52:55"
"03/08/2026";"16:31:03";2026;2;"Eleição Ordinária";6259;"Eleições Gerais Estaduais 2026";"04/10/2026";"SP";"SP";"SÃO PAULO";250002535980;1;45;"Aplicação de renda fixa (CDB, RDB e outros)";"APLICAÇÃO OURO CAP MENSAL BANCO DO BRASIL";"18204,57";"03/08/2026";"15:52:56"
"03/08/2026";"16:31:03";2026;2;"Eleição Ordinária";6259;"Eleições Gerais Estaduais 2026";"04/10/2026";"SP";"SP";"SÃO PAULO";250002535980;2;61;"Depósito bancário em conta corrente no País";"CONTA CORRENTE BANCO DO BRASIL";"3436,25";"03/08/2026";"15:52:56"
"03/08/2026";"16:31:03";2026;2;"Eleição Ordinária";6259;"Eleições Gerais Estaduais 2026";"04/10/2026";"SP";"SP";"SÃO PAULO";250002535980;5;32;"Quotas ou quinhões de capital";"SEALSO ADMINISTRAÇÃO E PARTICIPAÇÃO LTDA";"243000,00";"03/08/2026";"15:52:56"
"03/08/2026";"16:31:03";2026;2;"Eleição Ordinária";6259;"Eleições Gerais Estaduais 2026";"04/10/2026";"SP";"SP";"SÃO PAULO";250002535980;3;12;"Casa";"UMA CASA GEMINADA - MOGI DAS CRUZES LIVRO";"230000,00";"03/08/2026";"15:52:56"
"03/08/2026";"16:31:03";2026;2;"Eleição Ordinária";6259;"Eleições Gerais Estaduais 2026";"04/10/2026";"SP";"SP";"SÃO PAULO";250002535980;4;61;"Depósito bancário em conta corrente no País";"CONTA CORRENTE BANCO BRASIL";"1241,15";"03/08/2026";"15:52:56"
"03/08/2026";"16:31:03";2026;2;"Eleição Ordinária";6259;"Eleições Gerais Estaduais 2026";"04/10/2026";"SP";"SP";"SÃO PAULO";250002535982;3;21;"Veículo automotor terrestre: caminhão, automóvel, moto, etc.";"FORD FUSION HYBRID 2018";"110000,00";"03/08/2026";"15:53:06"
"03/08/2026";"16:31:03";2026;2;"Eleição Ordinária";6259;"Eleições Gerais Estaduais 2026";"04/10/2026";"SP";"SP";"SÃO PAULO";250002535982;1;11;"Apartamento";"APARTAMENTO EDIF. PORTO BELO ¿ CAMPINAS/SP";"350000,00";"03/08/2026";"15:53:06"
"03/08/2026";"16:31:03";2026;2;"Eleição Ordinária";6259;"Eleições Gerais Estaduais 2026";"04/10/2026";"SP";"SP";"SÃO PAULO";250002535982;2;11;"Apartamento";"APARTAMENTO EDIF. CENTRAL PARK ¿ CAMPINAS/SP";"0,00";"03/08/2026";"15:53:06"
"03/08/2026";"16:31:03";2026;2;"Eleição Ordinária";6259;"Eleições Gerais Estaduais 2026";"04/10/2026";"SP";"SP";"SÃO PAULO";250002535982;4;21;"Veículo automotor terrestre: caminhão, automóvel, moto, etc.";"CAMINHONETE HAVAL H6 GT 2024";"321000,00";"03/08/2026";"15:53:06"
"03/08/2026";"16:31:03";2026;2;"Eleição Ordinária";6259;"Eleições Gerais Estaduais 2026";"04/10/2026";"SP";"SP";"SÃO PAULO";250002535982;5;21;"Veículo automotor terrestre: caminhão, automóvel, moto, etc.";"VEÍCULO KIA SORENTO";"48000,00";"03/08/2026";"15:53:06"
"03/08/2026";"16:31:03";2026;2;"Eleição Ordinária";6259;"Eleições Gerais Estaduais 2026";"04/10/2026";"SP";"SP";"SÃO PAULO";250002535982;6;45;"Aplicação de renda fixa (CDB, RDB e outros)";"APLICAÇÃO FINANCEIRA BB RENDE FÁCIL";"3231,28";"03/08/2026";"15:53:06"
"03/08/2026";"16:31:03";2026;2;"Eleição Ordinária";6259;"Eleições Gerais Estaduais 2026";"04/10/2026";"SP";"SP";"SÃO PAULO";250002535982;7;45;"Aplicação de renda fixa (CDB, RDB e outros)";"APLICAÇÃO RDV/CDB ITAÚ";"492,67";"03/08/2026";"15:53:06"
"03/08/2026";"16:31:03";2026;2;"Eleição Ordinária";6259;"Eleições Gerais Estaduais 2026";"04/10/2026";"SP";"SP";"SÃO PAULO";250002535982;8;61;"Depósito bancário em conta corrente no País";"CONTAS CORRENTES DIVERSAS";"3,00";"03/08/2026";"15:53:06"
"03/08/2026";"16:31:03";2026;2;"Eleição Ordinária";6259;"Eleições Gerais Estaduais 2026";"04/10/2026";"SP";"SP";"SÃO PAULO";250002535982;9;95;"Consórcio não contemplado";"CONSÓRCIO ADEMICON";"3668,39";"03/08/2026";"15:53:06"
"03/08/2026";"16:31:03";2026;2;"Eleição Ordinária";6259;"Eleições Gerais Estaduais 2026";"04/10/2026";"SP";"SP";"SÃO PAULO";250002535982;11;79;"Outros fundos";"FUNDO BRADESCO FI DI";"6185,78";"03/08/2026";"15:53:06"
"03/08/2026";"16:31:03";2026;2;"Eleição Ordinária";6259;"Eleições Gerais Estaduais 2026";"04/10/2026";"SP";"SP";"SÃO PAULO";250002535982;12;95;"Consórcio não contemplado";"CONSÓRCIO ADEMICON";"84121,56";"03/08/2026";"15:53:06"
"03/08/2026";"16:31:03";2026;2;"Eleição Ordinária";6259;"Eleições Gerais Estaduais 2026";"04/10/2026";"SP";"SP";"SÃO PAULO";250002535982;10;95;"Consórcio não contemplado";"CONSÓRCIO ADEMICON";"33095,36";"03/08/2026";"15:53:06"
"03/08/2026";"16:31:03";2026;2;"Eleição Ordinária";6259;"Eleições Gerais Estaduais 2026";"04/10/2026";"SP";"SP";"SÃO PAULO";250002535982;13;41;"Caderneta de poupança";"POUPANÇA BANCO DO BRASIL";"46884,88";"03/08/2026";"15:53:06"
"03/08/2026";"16:31:03";2026;2;"Eleição Ordinária";6259;"Eleições Gerais Estaduais 2026";"04/10/2026";"SP";"SP";"SÃO PAULO";250002535982;15;95;"Consórcio não contemplado";"CONSÓRCIO ADEMICON";"100901,60";"03/08/2026";"15:53:06"
"03/08/2026";"16:31:03";2026;2;"Eleição Ordinária";6259;"Eleições Gerais Estaduais 2026";"04/10/2026";"SP";"SP";"SÃO PAULO";250002535982;14;97;"VGBL - Vida Gerador de Benefício Livre";"VGBL ITAU";"17699,05";"03/08/2026";"15:53:06"
"03/08/2026";"16:31:03";2026;2;"Eleição Ordinária";6259;"Eleições Gerais Estaduais 2026";"04/10/2026";"SP";"SP";"SÃO PAULO";250002535982;16;32;"Quotas ou quinhões de capital";"PARTICIPAÇÃO SOCIETÁRIA ¿ 477.999.999 COTAS";"4779999,99";"03/08/2026";"15:53:06"
"03/08/2026";"16:31:03";2026;2;"Eleição Ordinária";6259;"Eleições Gerais Estaduais 2026";"04/10/2026";"SP";"SP";"SÃO PAULO";250002535982;17;41;"Caderneta de poupança";"POUPANÇA ITAÚ";"1626,97";"03/08/2026";"15:53:06"
"03/08/2026";"16:31:03";2026;2;"Eleição Ordinária";6259;"Eleições Gerais Estaduais 2026";"04/10/2026";"SP";"SP";"SÃO PAULO";250002535982;18;41;"Caderneta de poupança";"POUPANÇA BRADESCO";"32206,43";"03/08/2026";"15:53:06"
"03/08/2026";"16:31:03";2026;2;"Eleição Ordinária";6259;"Eleições Gerais Estaduais 2026";"04/10/2026";"SP";"SP";"SÃO PAULO";250002535982;19;45;"Aplicação de renda fixa (CDB, RDB e outros)";"APLICAÇÃO RENDA FIXA BRADESCO";"30243,23";"03/08/2026";"15:53:06"
"03/08/2026";"16:31:03";2026;2;"Eleição Ordinária";6259;"Eleições Gerais Estaduais 2026";"04/10/2026";"SP";"SP";"SÃO PAULO";250002535982;21;11;"Apartamento";"APARTAMENTO EDIF. CARAVAGGIO ¿ CAMPINAS/SP";"0,00";"03/08/2026";"15:53:06"
"03/08/2026";"16:31:03";2026;2;"Eleição Ordinária";6259;"Eleições Gerais Estaduais 2026";"04/10/2026";"SP";"SP";"SÃO PAULO";250002535982;20;61;"Depósito bancário em conta corrente no País";"BANCO INTER";"302,35";"03/08/2026";"15:53:06"
"03/08/2026";"16:31:03";2026;2;"Eleição Ordinária";6259;"Eleições Gerais Estaduais 2026";"04/10/2026";"SP";"SP";"SÃO PAULO";250002535982;23;95;"Consórcio não contemplado";"CONSÓRCIO ADEMICON";"72760,58";"03/08/2026";"15:53:06"
"03/08/2026";"16:31:03";2026;2;"Eleição Ordinária";6259;"Eleições Gerais Estaduais 2026";"04/10/2026";"SP";"SP";"SÃO PAULO";250002535982;24;61;"Depósito bancário em conta corrente no País";"CAIXA ECONÔMICA FEDERAL";"5846,51";"03/08/2026";"15:53:06"
"03/08/2026";"16:31:03";2026;2;"Eleição Ordinária";6259;"Eleições Gerais Estaduais 2026";"04/10/2026";"SP";"SP";"SÃO PAULO";250002535982;22;99;"OUTROS BENS E DIREITOS";"INFORMADO POR CNPJ";"460,58";"03/08/2026";"15:53:06"
"03/08/2026";"16:31:03";2026;2;"Eleição Ordinária";6259;"Eleições Gerais Estaduais 2026";"04/10/2026";"SP";"SP";"SÃO PAULO";250002535982;25;45;"Aplicação de renda fixa (CDB, RDB e outros)";"APLICAÇÃO BCO BRASIL CDB RENDE FÁCIL";"765,78";"03/08/2026";"15:53:06"
"03/08/2026";"16:31:03";2026;2;"Eleição Ordinária";6259;"Eleições Gerais Estaduais 2026";"04/10/2026";"SP";"SP";"SÃO PAULO";250002535983;1;21;"Veículo automotor terrestre: caminhão, automóvel, moto, etc.";"UM VEÍCULO HONDA HRV TOURING, ANO 2017";"94015,00";"03/08/2026";"15:52:45"
"03/08/2026";"16:31:03";2026;2;"Eleição Ordinária";6259;"Eleições Gerais Estaduais 2026";"04/10/2026";"SP";"SP";"SÃO PAULO";250002535983;2;39;"Outras participações societárias";"CAPITAL SOCIAL NA EMPRESA ACADEMIA PLAY X LTDA. ¿ CNPJ N. 40.919.369/0001-17";"75000,00";"03/08/2026";"15:52:45"
"03/08/2026";"16:31:03";2026;2;"Eleição Ordinária";6259;"Eleições Gerais Estaduais 2026";"04/10/2026";"SP";"SP";"SÃO PAULO";250002535983;5;21;"Veículo automotor terrestre: caminhão, automóvel, moto, etc.";"UM VEÍCULO JEEP COMMANDER, ANO 2022";"157651,00";"03/08/2026";"15:52:45"
"03/08/2026";"16:31:03";2026;2;"Eleição Ordinária";6259;"Eleições Gerais Estaduais 2026";"04/10/2026";"SP";"SP";"SÃO PAULO";250002535983;4;39;"Outras participações societárias";"CAPITAL SOCIAL NA EMPRESA F11 PARTICIPAÇÕES LTDA. ¿ CNPJ N. 64.503.755/0001-91";"150000,00";"03/08/2026";"15:52:45"
"03/08/2026";"16:31:03";2026;2;"Eleição Ordinária";6259;"Eleições Gerais Estaduais 2026";"04/10/2026";"SP";"SP";"SÃO PAULO";250002535983;3;49;"Outras aplicações e Investimentos";"INVESTIMENTO DE CAPITAL";"5000,00";"03/08/2026";"15:52:45"
"03/08/2026";"16:31:03";2026;2;"Eleição Ordinária";6259;"Eleições Gerais Estaduais 2026";"04/10/2026";"SP";"SP";"SÃO PAULO";250002535983;6;63;"Dinheiro em espécie - moeda nacional";"DINHEIRO EM ESPÉCIE EM MOEDA NACIONAL";"30000,00";"03/08/2026";"15:52:45"
"03/08/2026";"16:31:03";2026;2;"Eleição Ordinária";6259;"Eleições Gerais Estaduais 2026";"04/10/2026";"SP";"SP";"SÃO PAULO";250002535983;7;11;"Apartamento";"UM APARTAMENTO DE 75M2 EM SANTA BÁRBARA D¿OESTE ¿ SP";"380000,00";"03/08/2026";"15:52:45"
"03/08/2026";"16:31:03";2026;2;"Eleição Ordinária";6259;"Eleições Gerais Estaduais 2026";"04/10/2026";"SP";"SP";"SÃO PAULO";250002535984;1;11;"Apartamento";"INVENTARIO DE APTO - ADQUIRIDO EM 11/07/2025 - VALOR: R$ 476.860,50 - PARTICIPACAO: 50.00%";"238425,25";"03/08/2026";"15:53:11"
"03/08/2026";"16:31:03";2026;2;"Eleição Ordinária";6259;"Eleições Gerais Estaduais 2026";"04/10/2026";"SP";"SP";"SÃO PAULO";250002535985;3;21;"Veículo automotor terrestre: caminhão, automóvel, moto, etc.";"KIA MAGENTIS 2007/2008";"30000,00";"03/08/2026";"15:53:39"
"03/08/2026";"16:31:03";2026;2;"Eleição Ordinária";6259;"Eleições Gerais Estaduais 2026";"04/10/2026";"SP";"SP";"SÃO PAULO";250002535985;1;32;"Quotas ou quinhões de capital";"10% DE PARTICIPAÇÃO DA EMPRESA RPZ CONSULTORIA LTDA";"300,00";"03/08/2026";"15:53:39"
"03/08/2026";"16:31:03";2026;2;"Eleição Ordinária";6259;"Eleições Gerais Estaduais 2026";"04/10/2026";"SP";"SP";"SÃO PAULO";250002535985;2;61;"Depósito bancário em conta corrente no País";"BRADESCO";"2095,00";"03/08/2026";"15:53:39"
"03/08/2026";"16:31:03";2026;2;"Eleição Ordinária";6259;"Eleições Gerais Estaduais 2026";"04/10/2026";"SP";"SP";"SÃO PAULO";250002535985;4;45;"Aplicação de renda fixa (CDB, RDB e outros)";"APLICAÇÃO CDB BANCO SANTANDER";"4148,21";"03/08/2026";"15:53:39"
"03/08/2026";"16:31:03";2026;2;"Eleição Ordinária";6259;"Eleições Gerais Estaduais 2026";"04/10/2026";"SP";"SP";"SÃO PAULO";250002535985;6;63;"Dinheiro em espécie - moeda nacional";"DINHEIRO EM MOEDA CORRENTE";"210000,00";"03/08/2026";"15:53:39"
"03/08/2026";"16:31:03";2026;2;"Eleição Ordinária";6259;"Eleições Gerais Estaduais 2026";"04/10/2026";"SP";"SP";"SÃO PAULO";250002535985;5;13;"Terreno";"TERRENO COM 2.500M COM CASA SITUADA EM MAIRIPORÃ ¿ COM CASA CONSTRUÍDA EM 1976";"800000,00";"03/08/2026";"15:53:39"
"03/08/2026";"16:31:03";2026;2;"Eleição Ordinária";6259;"Eleições Gerais Estaduais 2026";"04/10/2026";"SP";"SP";"SÃO PAULO";250002535985;8;61;"Depósito bancário em conta corrente no País";"BANCO SANTANDER";"3010,00";"03/08/2026";"15:53:39"
"03/08/2026";"16:31:03";2026;2;"Eleição Ordinária";6259;"Eleições Gerais Estaduais 2026";"04/10/2026";"SP";"SP";"SÃO PAULO";250002535986;1;11;"Apartamento";"APARTAMENTO DE 82,4 METROS QUADRADOS EM GUARULHOS/SP";"230000,00";"03/08/2026";"15:53:34"
"03/08/2026";"16:31:03";2026;2;"Eleição Ordinária";6259;"Eleições Gerais Estaduais 2026";"04/10/2026";"SP";"SP";"SÃO PAULO";250002535985;7;13;"Terreno";"TERRENO COM 1.250M COM CASA SITUADA EM MAIRIPORÃ ¿ COM CASA CONSTRUÍDA EM 1980";"380000,00";"03/08/2026";"15:53:39"
"03/08/2026";"16:31:03";2026;2;"Eleição Ordinária";6259;"Eleições Gerais Estaduais 2026";"04/10/2026";"SP";"SP";"SÃO PAULO";250002535988;1;21;"Veículo automotor terrestre: caminhão, automóvel, moto, etc.";"CELTA 2010 - PLACA EEZ 3349";"10000,00";"03/08/2026";"15:53:45"
"03/08/2026";"16:31:03";2026;2;"Eleição Ordinária";6259;"Eleições Gerais Estaduais 2026";"04/10/2026";"SP";"SP";"SÃO PAULO";250002535988;2;21;"Veículo automotor terrestre: caminhão, automóvel, moto, etc.";"MOTOCICLATA YBR 125 PLACA BXD 8290";"8000,00";"03/08/2026";"15:53:45"
"03/08/2026";"16:31:03";2026;2;"Eleição Ordinária";6259;"Eleições Gerais Estaduais 2026";"04/10/2026";"SP";"SP";"SÃO PAULO";250002535986;2;11;"Apartamento";"APARTAMENTO DE 122,5 METROS QUADRADOS EM GUARULHOS/SP";"1200000,00";"03/08/2026";"15:53:34"
"03/08/2026";"16:31:03";2026;2;"Eleição Ordinária";6259;"Eleições Gerais Estaduais 2026";"04/10/2026";"SP";"SP";"SÃO PAULO";250002535988;3;12;"Casa";"IMÓVEL - SOBRADA - PENHA DE FRANÇA/SP - FINANCIADO";"900000,00";"03/08/2026";"15:53:45"
"03/08/2026";"16:31:03";2026;2;"Eleição Ordinária";6259;"Eleições Gerais Estaduais 2026";"04/10/2026";"SP";"SP";"SÃO PAULO";250002535990;1;21;"Veículo automotor terrestre: caminhão, automóvel, moto, etc.";"BMW F850 GS PREMIUM PLUS ANO 2018/2019";"51229,00";"03/08/2026";"15:52:35"
"03/08/2026";"16:31:03";2026;2;"Eleição Ordinária";6259;"Eleições Gerais Estaduais 2026";"04/10/2026";"SP";"SP";"SÃO PAULO";250002535990;2;63;"Dinheiro em espécie - moeda nacional";"DINHEIRO PARA DESPESAS CORRENTES (EM MÉDIA)";"5000,00";"03/08/2026";"15:52:35"
"03/08/2026";"16:31:03";2026;2;"Eleição Ordinária";6259;"Eleições Gerais Estaduais 2026";"04/10/2026";"SP";"SP";"SÃO PAULO";250002535990;5;21;"Veículo automotor terrestre: caminhão, automóvel, moto, etc.";"SHINERAY SHE-S 3000W (ELE¿TRICA) ANO 2023/2023";"11358,00";"03/08/2026";"15:52:35"
"03/08/2026";"16:31:03";2026;2;"Eleição Ordinária";6259;"Eleições Gerais Estaduais 2026";"04/10/2026";"SP";"SP";"SÃO PAULO";250002535990;4;21;"Veículo automotor terrestre: caminhão, automóvel, moto, etc.";". VOLTZ EV1 SPORT (ELE¿TRICA) ANO 2023/2023";"11629,00";"03/08/2026";"15:52:35"
"03/08/2026";"16:31:03";2026;2;"Eleição Ordinária";6259;"Eleições Gerais Estaduais 2026";"04/10/2026";"SP";"SP";"SÃO PAULO";250002535990;3;61;"Depósito bancário em conta corrente no País";"SALDO EM CONTA CORRENTE";"20000,00";"03/08/2026";"15:52:35"
"03/08/2026";"16:31:03";2026;2;"Eleição Ordinária";6259;"Eleições Gerais Estaduais 2026";"04/10/2026";"SP";"SP";"SÃO PAULO";250002535991;3;12;"Casa";"50% CASA EM CURITIBA";"100000,00";"03/08/2026";"15:53:15"
"03/08/2026";"16:31:03";2026;2;"Eleição Ordinária";6259;"Eleições Gerais Estaduais 2026";"04/10/2026";"SP";"SP";"SÃO PAULO";250002535991;2;11;"Apartamento";"50% DE UM APARTAMENTO EM SÃO PAULO";"425000,00";"03/08/2026";"15:53:15"
"03/08/2026";"16:31:03";2026;2;"Eleição Ordinária";6259;"Eleições Gerais Estaduais 2026";"04/10/2026";"SP";"SP";"SÃO PAULO";250002535991;1;13;"Terreno";"50% TERRENO EM IPIGUÁ";"225000,00";"03/08/2026";"15:53:15"
"03/08/2026";"16:31:03";2026;2;"Eleição Ordinária";6259;"Eleições Gerais Estaduais 2026";"04/10/2026";"SP";"SP";"SÃO PAULO";250002535991;4;21;"Veículo automotor terrestre: caminhão, automóvel, moto, etc.";"OPALA";"25000,00";"03/08/2026";"15:53:15"
"03/08/2026";"16:31:03";2026;2;"Eleição Ordinária";6259;"Eleições Gerais Estaduais 2026";"04/10/2026";"SP";"SP";"SÃO PAULO";250002535991;6;12;"Casa";"50% CASA EM BADY BASSITT";"100000,00";"03/08/2026";"15:53:15"
"03/08/2026";"16:31:03";2026;2;"Eleição Ordinária";6259;"Eleições Gerais Estaduais 2026";"04/10/2026";"SP";"SP";"SÃO PAULO";250002535991;5;11;"Apartamento";"50% DE UM ARPATAMENTO EM SÃO JOSÉ DO RIO PRETO";"115000,00";"03/08/2026";"15:53:15"
"03/08/2026";"16:31:03";2026;2;"Eleição Ordinária";6259;"Eleições Gerais Estaduais 2026";"04/10/2026";"SP";"SP";"SÃO PAULO";250002535992;2;21;"Veículo automotor terrestre: caminhão, automóvel, moto, etc.";"TIGUAN ALL SPACE";"150000,00";"03/08/2026";"15:53:36"
"03/08/2026";"16:31:03";2026;2;"Eleição Ordinária";6259;"Eleições Gerais Estaduais 2026";"04/10/2026";"SP";"SP";"SÃO PAULO";250002535993;1;21;"Veículo automotor terrestre: caminhão, automóvel, moto, etc.";"CHEVROLET CORSA CLASSIC 2000";"12000,00";"03/08/2026";"15:52:40"
"03/08/2026";"16:31:03";2026;2;"Eleição Ordinária";6259;"Eleições Gerais Estaduais 2026";"04/10/2026";"SP";"SP";"SÃO PAULO";250002535992;1;11;"Apartamento";"APARTAMENTO EM SÃO PAULO";"700000,00";"03/08/2026";"15:53:36"
"03/08/2026";"16:31:03";2026;2;"Eleição Ordinária";6259;"Eleições Gerais Estaduais 2026";"04/10/2026";"SP";"SP";"SÃO PAULO";250002535994;2;32;"Quotas ou quinhões de capital";"QSA 100% OGF SOLUCOES EMPRESARIAIS";"800000,00";"03/08/2026";"15:53:43"
"03/08/2026";"16:31:03";2026;2;"Eleição Ordinária";6259;"Eleições Gerais Estaduais 2026";"04/10/2026";"SP";"SP";"SÃO PAULO";250002535994;1;32;"Quotas ou quinhões de capital";"QSA 10% DA WD-ADM DE BENS PROPRIOS";"5562,00";"03/08/2026";"15:53:43"
"03/08/2026";"16:31:03";2026;2;"Eleição Ordinária";6259;"Eleições Gerais Estaduais 2026";"04/10/2026";"SP";"SP";"SÃO PAULO";250002535994;3;99;"OUTROS BENS E DIREITOS";"INFORMADO POR CNPJ 00.000.000/0001-9";"12857,66";"03/08/2026";"15:53:43"
"03/08/2026";"16:31:03";2026;2;"Eleição Ordinária";6259;"Eleições Gerais Estaduais 2026";"04/10/2026";"SP";"SP";"SÃO PAULO";250002535994;5;32;"Quotas ou quinhões de capital";"QSA 100% BRX FIT";"11000,00";"03/08/2026";"15:53:43"
"03/08/2026";"16:31:03";2026;2;"Eleição Ordinária";6259;"Eleições Gerais Estaduais 2026";"04/10/2026";"SP";"SP";"SÃO PAULO";250002535994;4;32;"Quotas ou quinhões de capital";"QSA 100% DA EMPRESA BRX SERVICE LTDA";"15000,00";"03/08/2026";"15:53:43"
"03/08/2026";"16:31:03";2026;2;"Eleição Ordinária";6259;"Eleições Gerais Estaduais 2026";"04/10/2026";"SP";"SP";"SÃO PAULO";250002535994;6;63;"Dinheiro em espécie - moeda nacional";"DINHEIRO EM ESPÉCIE";"100000,00";"03/08/2026";"15:53:43"
"03/08/2026";"16:31:03";2026;2;"Eleição Ordinária";6259;"Eleições Gerais Estaduais 2026";"04/10/2026";"SP";"SP";"SÃO PAULO";250002535995;1;45;"Aplicação de renda fixa (CDB, RDB e outros)";"APLIC. EM BB CDB RENDE FACIL NO BANCO DO BRASIL";"6,30";"03/08/2026";"15:53:27"
"03/08/2026";"16:31:03";2026;2;"Eleição Ordinária";6259;"Eleições Gerais Estaduais 2026";"04/10/2026";"SP";"SP";"SÃO PAULO";250002535995;2;99;"OUTROS BENS E DIREITOS";"INFORMADO POR CNPJ 02.332.886/0001-04";"7500,00";"03/08/2026";"15:53:27"
"03/08/2026";"16:31:03";2026;2;"Eleição Ordinária";6259;"Eleições Gerais Estaduais 2026";"04/10/2026";"SP";"SP";"SÃO PAULO";250002535995;3;61;"Depósito bancário em conta corrente no País";"SALDO EM CONTA";"0,01";"03/08/2026";"15:53:27"
"03/08/2026";"16:31:03";2026;2;"Eleição Ordinária";6259;"Eleições Gerais Estaduais 2026";"04/10/2026";"SP";"SP";"SÃO PAULO";250002535995;4;45;"Aplicação de renda fixa (CDB, RDB e outros)";"CDB PÓS FIXADO MANTIDO NO BANCO SANTANDER";"36155,46";"03/08/2026";"15:53:27"
"03/08/2026";"16:31:03";2026;2;"Eleição Ordinária";6259;"Eleições Gerais Estaduais 2026";"04/10/2026";"SP";"SP";"SÃO PAULO";250002535997;1;45;"Aplicação de renda fixa (CDB, RDB e outros)";"APLICAÇÕES CDB";"490000,00";"03/08/2026";"15:53:13"
"03/08/2026";"16:31:03";2026;2;"Eleição Ordinária";6259;"Eleições Gerais Estaduais 2026";"04/10/2026";"SP";"SP";"SÃO PAULO";250002535996;1;13;"Terreno";"TERRENO DE 154 METROS QUADRADOS EM SOROCABA/SP";"145000,00";"03/08/2026";"15:53:24"
"03/08/2026";"16:31:03";2026;2;"Eleição Ordinária";6259;"Eleições Gerais Estaduais 2026";"04/10/2026";"SP";"SP";"SÃO PAULO";250002535997;3;21;"Veículo automotor terrestre: caminhão, automóvel, moto, etc.";"AUTOMÓVEL";"150000,00";"03/08/2026";"15:53:13"
"03/08/2026";"16:31:03";2026;2;"Eleição Ordinária";6259;"Eleições Gerais Estaduais 2026";"04/10/2026";"SP";"SP";"SÃO PAULO";250002535997;2;11;"Apartamento";"APARTAMENTO NA PRAIA GRANDE";"275000,00";"03/08/2026";"15:53:13"
"03/08/2026";"16:31:03";2026;2;"Eleição Ordinária";6259;"Eleições Gerais Estaduais 2026";"04/10/2026";"SP";"SP";"SÃO PAULO";250002535997;4;31;"Ações (inclusive as provenientes de linha telefônica)";"ACOES";"35000,00";"03/08/2026";"15:53:13"
"03/08/2026";"16:31:03";2026;2;"Eleição Ordinária";6259;"Eleições Gerais Estaduais 2026";"04/10/2026";"SP";"SP";"SÃO PAULO";250002535998;1;61;"Depósito bancário em conta corrente no País";"DINHEIRO EM CONTA CORRENTE DO BANCO";"2730,83";"03/08/2026";"15:53:05"
"03/08/2026";"16:31:03";2026;2;"Eleição Ordinária";6259;"Eleições Gerais Estaduais 2026";"04/10/2026";"SP";"SP";"SÃO PAULO";250002535998;2;39;"Outras participações societárias";"EMPRESA DE TREINAMENTO EM DESENVOLVIMENTO PROFISSIONAL E GERENCIAL";"30000,00";"03/08/2026";"15:53:05"
"03/08/2026";"16:31:03";2026;2;"Eleição Ordinária";6259;"Eleições Gerais Estaduais 2026";"04/10/2026";"SP";"SP";"SÃO PAULO";250002535997;5;92;"Título de clube e assemelhado";"TITULO DE CLUBE";"250000,00";"03/08/2026";"15:53:13"
"03/08/2026";"16:31:03";2026;2;"Eleição Ordinária";6259;"Eleições Gerais Estaduais 2026";"04/10/2026";"SP";"SP";"SÃO PAULO";250002535999;2;45;"Aplicação de renda fixa (CDB, RDB e outros)";"CERTIFICADO DEPOSITO BANCARIO BANCO BTG PACTUAL";"40000,00";"03/08/2026";"15:53:35"
"03/08/2026";"16:31:03";2026;2;"Eleição Ordinária";6259;"Eleições Gerais Estaduais 2026";"04/10/2026";"SP";"SP";"SÃO PAULO";250002535999;1;61;"Depósito bancário em conta corrente no País";"SALDO EM RDB NO NUBANK CNPJ";"0,00";"03/08/2026";"15:53:35"
"03/08/2026";"16:31:03";2026;2;"Eleição Ordinária";6259;"Eleições Gerais Estaduais 2026";"04/10/2026";"SP";"SP";"SÃO PAULO";250002535999;3;72;"Fundo de Longo Prazo e Fundo de Investimentos em Direitos Creditórios (FIDC)";"VALOR REF A FIP - ENTIDADE DE INVESTIMENTO, FIDC";"107446,70";"03/08/2026";"15:53:35"
"03/08/2026";"16:31:03";2026;2;"Eleição Ordinária";6259;"Eleições Gerais Estaduais 2026";"04/10/2026";"SP";"SP";"SÃO PAULO";250002535999;6;32;"Quotas ou quinhões de capital";"SOCIA ÚNICA COM PARTICIPAÇÃO DE 100% DO CAPITAL";"500,00";"03/08/2026";"15:53:35"
"03/08/2026";"16:31:03";2026;2;"Eleição Ordinária";6259;"Eleições Gerais Estaduais 2026";"04/10/2026";"SP";"SP";"SÃO PAULO";250002535999;4;61;"Depósito bancário em conta corrente no País";"VALORES EM TRANSITO BANCO BTG PACTUAL S.A CNPJ";"116430,91";"03/08/2026";"15:53:35"
"03/08/2026";"16:31:03";2026;2;"Eleição Ordinária";6259;"Eleições Gerais Estaduais 2026";"04/10/2026";"SP";"SP";"SÃO PAULO";250002535999;5;49;"Outras aplicações e Investimentos";"QUITAÇÃO 2025 CDC CREDITO DIRETO AO CONSUMIDOR";"0,00";"03/08/2026";"15:53:35"
"03/08/2026";"16:31:03";2026;2;"Eleição Ordinária";6259;"Eleições Gerais Estaduais 2026";"04/10/2026";"SP";"SP";"SÃO PAULO";250002535999;7;45;"Aplicação de renda fixa (CDB, RDB e outros)";"LETRA DE CREDITO DO AGRONEGÓCIO BANCO BTG PACTUAL";"97000,00";"03/08/2026";"15:53:35"
"03/08/2026";"16:31:03";2026;2;"Eleição Ordinária";6259;"Eleições Gerais Estaduais 2026";"04/10/2026";"SP";"SP";"SÃO PAULO";250002535999;8;45;"Aplicação de renda fixa (CDB, RDB e outros)";"CDB SALDO REMUNERADOS";"152202,79";"03/08/2026";"15:53:35"
"03/08/2026";"16:31:03";2026;2;"Eleição Ordinária";6259;"Eleições Gerais Estaduais 2026";"04/10/2026";"SP";"SP";"SÃO PAULO";250002535999;9;72;"Fundo de Longo Prazo e Fundo de Investimentos em Direitos Creditórios (FIDC)";"FUNDO DE INFRAESTRUTURA, FIDC E OUTROS FUNDOS DE INVESTIMENTOS";"450660,46";"03/08/2026";"15:53:35"
"03/08/2026";"16:31:03";2026;2;"Eleição Ordinária";6259;"Eleições Gerais Estaduais 2026";"04/10/2026";"SP";"SP";"SÃO PAULO";250002535999;12;73;"Fundo de Investimento Imobiliário";"FUNDO DE INVESTIMENTOS SUJEITOS A TRIBUTAÇÃO PERIODICA";"909534,13";"03/08/2026";"15:53:35"
"03/08/2026";"16:31:03";2026;2;"Eleição Ordinária";6259;"Eleições Gerais Estaduais 2026";"04/10/2026";"SP";"SP";"SÃO PAULO";250002535999;11;61;"Depósito bancário em conta corrente no País";"SALDO DISPONIVEL NO BANCO COMMUNITY FEDERAL SAVINGS BANK";"212,04";"03/08/2026";"15:53:35"
"03/08/2026";"16:31:03";2026;2;"Eleição Ordinária";6259;"Eleições Gerais Estaduais 2026";"04/10/2026";"SP";"SP";"SÃO PAULO";250002535999;10;61;"Depósito bancário em conta corrente no País";"CONTA CORRENTE BANCO DO BRASIL";"73,15";"03/08/2026";"15:53:35"
"03/08/2026";"16:31:03";2026;2;"Eleição Ordinária";6259;"Eleições Gerais Estaduais 2026";"04/10/2026";"SP";"SP";"SÃO PAULO";250002536342;1;12;"Casa";"CASA ASSOBRADADA - TRAVESSA ALEXIS CARREL, 240, VILA BARRETO/SP";"280000,00";"03/08/2026";"16:19:52"
"03/08/2026";"16:31:03";2026;2;"Eleição Ordinária";6259;"Eleições Gerais Estaduais 2026";"04/10/2026";"SP";"SP";"SÃO PAULO";250002536342;2;99;"OUTROS BENS E DIREITOS";"JAZIGO NO CEMITÉRIO VALE DOS REIS";"9700,00";"03/08/2026";"16:19:52"
"03/08/2026";"16:31:03";2026;2;"Eleição Ordinária";6259;"Eleições Gerais Estaduais 2026";"04/10/2026";"SP";"SP";"SÃO PAULO";250002535999;13;72;"Fundo de Longo Prazo e Fundo de Investimentos em Direitos Creditórios (FIDC)";"FUNDO MULTIMERCADO BANCO BTG PACTUAL";"234110,38";"03/08/2026";"15:53:35"
"03/08/2026";"16:31:03";2026;2;"Eleição Ordinária";6259;"Eleições Gerais Estaduais 2026";"04/10/2026";"SP";"SP";"SÃO PAULO";250002536343;1;21;"Veículo automotor terrestre: caminhão, automóvel, moto, etc.";"FORD FIESTA ANO 2012 PRATA";"28000,00";"03/08/2026";"16:20:54"
"03/08/2026";"16:31:03";2026;2;"Eleição Ordinária";6259;"Eleições Gerais Estaduais 2026";"04/10/2026";"SP";"SP";"SÃO PAULO";250002536342;3;99;"OUTROS BENS E DIREITOS";"AUTOMÓVEL GM/CORSA SUPER 1997";"12000,00";"03/08/2026";"16:19:52"
"03/08/2026";"16:31:03";2026;2;"Eleição Ordinária";6259;"Eleições Gerais Estaduais 2026";"04/10/2026";"SP";"SP";"SÃO PAULO";250002536343;2;19;"Outros bens imóveis";"UM IMOVEL RESIDENCIAL SITUADO EM SAO PAULO";"120000,00";"03/08/2026";"16:20:54"
"03/08/2026";"16:31:03";2026;2;"Eleição Ordinária";6259;"Eleições Gerais Estaduais 2026";"04/10/2026";"SP";"SP";"SÃO PAULO";250002536343;4;21;"Veículo automotor terrestre: caminhão, automóvel, moto, etc.";"MOTO IMP APRILIA RS 50";"4500,00";"03/08/2026";"16:20:54"
"03/08/2026";"16:31:03";2026;2;"Eleição Ordinária";6259;"Eleições Gerais Estaduais 2026";"04/10/2026";"SP";"SP";"SÃO PAULO";250002536343;3;19;"Outros bens imóveis";"UM IMOVEL RESIDENCIAL EM SÃO PAULO";"200000,00";"03/08/2026";"16:20:54"
"03/08/2026";"16:31:03";2026;2;"Eleição Ordinária";6259;"Eleições Gerais Estaduais 2026";"04/10/2026";"SP";"SP";"SÃO PAULO";250002536343;5;13;"Terreno";"UM TERRENO BAIRRO FAZENDA VITORIA SITUADO EM SAO PAULO";"25000,00";"03/08/2026";"16:20:54"
"03/08/2026";"16:31:03";2026;2;"Eleição Ordinária";6259;"Eleições Gerais Estaduais 2026";"04/10/2026";"SP";"SP";"SÃO PAULO";250002536344;2;21;"Veículo automotor terrestre: caminhão, automóvel, moto, etc.";"JEEP RENEGADE";"85000,00";"03/08/2026";"16:20:29"
"03/08/2026";"16:31:03";2026;2;"Eleição Ordinária";6259;"Eleições Gerais Estaduais 2026";"04/10/2026";"SP";"SP";"SÃO PAULO";250002536344;1;45;"Aplicação de renda fixa (CDB, RDB e outros)";"BB AGRONEGOCIO LCA POS CDI";"3000015,19";"03/08/2026";"16:20:29"
"03/08/2026";"16:31:03";2026;2;"Eleição Ordinária";6259;"Eleições Gerais Estaduais 2026";"04/10/2026";"SP";"SP";"SÃO PAULO";250002536344;3;11;"Apartamento";"APARTAMENTO SITUADO NO BRAIRRO NOROESTE, COM 145 METROS EM BRASÍLIA - DF";"2076000,00";"03/08/2026";"16:20:29"
"03/08/2026";"16:31:03";2026;2;"Eleição Ordinária";6259;"Eleições Gerais Estaduais 2026";"04/10/2026";"SP";"SP";"SÃO PAULO";250002536347;1;12;"Casa";"AV. PE AFONSO MARIA RATISBONE,4618 PQ BAL ITANHAEM, ITANHAEM/SP CEP: 11740-000";"152143,97";"03/08/2026";"16:20:10"
"03/08/2026";"16:31:03";2026;2;"Eleição Ordinária";6259;"Eleições Gerais Estaduais 2026";"04/10/2026";"SP";"SP";"SÃO PAULO";250002536346;1;29;"Outros bens móveis";"CARRO";"30000,00";"03/08/2026";"16:20:16"
"03/08/2026";"16:31:03";2026;2;"Eleição Ordinária";6259;"Eleições Gerais Estaduais 2026";"04/10/2026";"SP";"SP";"SÃO PAULO";250002536346;2;19;"Outros bens imóveis";"IMOVEIS";"1530714,00";"03/08/2026";"16:20:16"
"03/08/2026";"16:31:03";2026;2;"Eleição Ordinária";6259;"Eleições Gerais Estaduais 2026";"04/10/2026";"SP";"SP";"SÃO PAULO";250002536347;2;21;"Veículo automotor terrestre: caminhão, automóvel, moto, etc.";"TOYOTA/CCROSS XRX HYBRID PLACA REP4I84 ANO FABRICAÇÃO 2021 MODELO 2022";"149000,00";"03/08/2026";"16:20:10"
"03/08/2026";"16:31:03";2026;2;"Eleição Ordinária";6259;"Eleições Gerais Estaduais 2026";"04/10/2026";"SP";"SP";"SÃO PAULO";250002536347;3;21;"Veículo automotor terrestre: caminhão, automóvel, moto, etc.";"FIAT/TORO ENDUR TURB AT6 PLACA RTD8J27  ANO FABRICAÇÃO 2021 MODELO 2022";"85426,00";"03/08/2026";"16:20:10"
"03/08/2026";"16:31:03";2026;2;"Eleição Ordinária";6259;"Eleições Gerais Estaduais 2026";"04/10/2026";"SP";"SP";"SÃO PAULO";250002536347;4;12;"Casa";"ESTRADA DO BAIRRO RIO PRETO, 548, RIO PRETO, ITANHAEM/SP CEP: 11740-000";"120000,00";"03/08/2026";"16:20:10"
"03/08/2026";"16:31:03";2026;2;"Eleição Ordinária";6259;"Eleições Gerais Estaduais 2026";"04/10/2026";"SP";"SP";"SÃO PAULO";250002536349;2;21;"Veículo automotor terrestre: caminhão, automóvel, moto, etc.";"FIAT PULSE AUDACE 2022/2023";"85000,00";"03/08/2026";"16:20:05"
"03/08/2026";"16:31:03";2026;2;"Eleição Ordinária";6259;"Eleições Gerais Estaduais 2026";"04/10/2026";"SP";"SP";"SÃO PAULO";250002536349;1;11;"Apartamento";"APARTAMENTO DE 48,61M. METROS EM SANTO ANDRÉ/SP";"400000,00";"03/08/2026";"16:20:05"
"03/08/2026";"16:31:03";2026;2;"Eleição Ordinária";6259;"Eleições Gerais Estaduais 2026";"04/10/2026";"SP";"SP";"SÃO PAULO";250002536347;5;49;"Outras aplicações e Investimentos";"NU FINANCEIRA S.A";"0,27";"03/08/2026";"16:20:10"
"03/08/2026";"16:31:03";2026;2;"Eleição Ordinária";6259;"Eleições Gerais Estaduais 2026";"04/10/2026";"SP";"SP";"SÃO PAULO";250002536350;1;12;"Casa";"CASA DE 300 METROS EM MAUÁ / SP";"600000,00";"03/08/2026";"16:20:01"
"03/08/2026";"16:31:03";2026;2;"Eleição Ordinária";6259;"Eleições Gerais Estaduais 2026";"04/10/2026";"SP";"SP";"SÃO PAULO";250002536350;2;63;"Dinheiro em espécie - moeda nacional";"VALOR EM ESPÉCIE REFERENTE PARTE DE VENDA DE IMÓVEL EM TATUI / SP";"60000,00";"03/08/2026";"16:20:01"
"03/08/2026";"16:31:03";2026;2;"Eleição Ordinária";6259;"Eleições Gerais Estaduais 2026";"04/10/2026";"SP";"SP";"SÃO PAULO";250002536350;3;13;"Terreno";"UMA TERÇA PARTE DE TERRENO, COM 36 000 METROS QUADRADOS, LOCALIZADO EM IBIÚNA / SP";"56000,00";"03/08/2026";"16:20:01"
"03/08/2026";"16:31:03";2026;2;"Eleição Ordinária";6259;"Eleições Gerais Estaduais 2026";"04/10/2026";"SP";"SP";"SÃO PAULO";250002536351;2;32;"Quotas ou quinhões de capital";"EMPRESA PATRICIA FEITOSA SOCIEDADE INDIVIDUAL DE ADVOCACIA";"150000,00";"03/08/2026";"16:20:40"
"03/08/2026";"16:31:03";2026;2;"Eleição Ordinária";6259;"Eleições Gerais Estaduais 2026";"04/10/2026";"SP";"SP";"SÃO PAULO";250002536351;3;41;"Caderneta de poupança";"SANTANDER";"1286,97";"03/08/2026";"16:20:40"
"03/08/2026";"16:31:03";2026;2;"Eleição Ordinária";6259;"Eleições Gerais Estaduais 2026";"04/10/2026";"SP";"SP";"SÃO PAULO";250002536351;1;61;"Depósito bancário em conta corrente no País";"SALDO EM CONTA CORRENTE BRADESCO";"1,00";"03/08/2026";"16:20:40"
"03/08/2026";"16:31:03";2026;2;"Eleição Ordinária";6259;"Eleições Gerais Estaduais 2026";"04/10/2026";"SP";"SP";"SÃO PAULO";250002536351;4;45;"Aplicação de renda fixa (CDB, RDB e outros)";"RENDA FIXA CDB SANTANDER";"43282,53";"03/08/2026";"16:20:40"
"03/08/2026";"16:31:03";2026;2;"Eleição Ordinária";6259;"Eleições Gerais Estaduais 2026";"04/10/2026";"SP";"SP";"SÃO PAULO";250002536351;5;49;"Outras aplicações e Investimentos";"FUNDO DE INVESTIMENTO EM COTAS DE FIRF SIMPLES ONIX BRANCO BRADESCO";"216862,20";"03/08/2026";"16:20:40"
"03/08/2026";"16:31:03";2026;2;"Eleição Ordinária";6259;"Eleições Gerais Estaduais 2026";"04/10/2026";"SP";"SP";"SÃO PAULO";250002536352;1;19;"Outros bens imóveis";"PRÉDIO COMERCIAL LOCALIZADO NO BAIRRO CIDADE NOVA EM ITU-SP";"4000,00";"03/08/2026";"16:20:31"
"03/08/2026";"16:31:03";2026;2;"Eleição Ordinária";6259;"Eleições Gerais Estaduais 2026";"04/10/2026";"SP";"SP";"SÃO PAULO";250002536352;4;21;"Veículo automotor terrestre: caminhão, automóvel, moto, etc.";"MOTOCICLETA HONDA CG TITAN 125CC ANO 2000/2001";"3500,00";"03/08/2026";"16:20:31"
"03/08/2026";"16:31:03";2026;2;"Eleição Ordinária";6259;"Eleições Gerais Estaduais 2026";"04/10/2026";"SP";"SP";"SÃO PAULO";250002536352;2;13;"Terreno";"LOTE NO MUNICÍPIO DE SALTO-SP";"24766,07";"03/08/2026";"16:20:31"
"03/08/2026";"16:31:03";2026;2;"Eleição Ordinária";6259;"Eleições Gerais Estaduais 2026";"04/10/2026";"SP";"SP";"SÃO PAULO";250002536352;3;19;"Outros bens imóveis";"IMÓVEL RURAL  EM ITU-SP";"90000,00";"03/08/2026";"16:20:31"
"03/08/2026";"16:31:03";2026;2;"Eleição Ordinária";6259;"Eleições Gerais Estaduais 2026";"04/10/2026";"SP";"SP";"SÃO PAULO";250002536352;5;21;"Veículo automotor terrestre: caminhão, automóvel, moto, etc.";"AUTOMÓVEL TOYOTA COROLLA XEI";"70000,00";"03/08/2026";"16:20:31"
"03/08/2026";"16:31:03";2026;2;"Eleição Ordinária";6259;"Eleições Gerais Estaduais 2026";"04/10/2026";"SP";"SP";"SÃO PAULO";250002536352;6;21;"Veículo automotor terrestre: caminhão, automóvel, moto, etc.";"AUTOMÓVEL TOYOTA HILUX SW4 2011";"100000,00";"03/08/2026";"16:20:31"
"03/08/2026";"16:31:03";2026;2;"Eleição Ordinária";6259;"Eleições Gerais Estaduais 2026";"04/10/2026";"SP";"SP";"SÃO PAULO";250002536352;7;21;"Veículo automotor terrestre: caminhão, automóvel, moto, etc.";"AUTOMÓVEL GM VECTRA COLLECTION ANO 2011";"50000,00";"03/08/2026";"16:20:31"
"03/08/2026";"16:31:03";2026;2;"Eleição Ordinária";6259;"Eleições Gerais Estaduais 2026";"04/10/2026";"SP";"SP";"SÃO PAULO";250002536352;8;23;"Embarcação";"MOTO AQUÁTICA SIMILAR YAMAHA";"47000,00";"03/08/2026";"16:20:31"
"03/08/2026";"16:31:03";2026;2;"Eleição Ordinária";6259;"Eleições Gerais Estaduais 2026";"04/10/2026";"SP";"SP";"SÃO PAULO";250002536352;9;13;"Terreno";"LOTE DE TERRENO URBANO EM ITU-SP";"15500,50";"03/08/2026";"16:20:31"
"03/08/2026";"16:31:03";2026;2;"Eleição Ordinária";6259;"Eleições Gerais Estaduais 2026";"04/10/2026";"SP";"SP";"SÃO PAULO";250002536352;10;13;"Terreno";"TERRENO URBANOEM VILA RESIDENCIAL SÃO DOMINGOS, ITU-SP";"10000,00";"03/08/2026";"16:20:31"
"03/08/2026";"16:31:03";2026;2;"Eleição Ordinária";6259;"Eleições Gerais Estaduais 2026";"04/10/2026";"SP";"SP";"SÃO PAULO";250002536352;11;12;"Casa";"IMÓVEL LOCALIZADO NO LOTEAMENTO JARDIM THEODORA, NO MUNICÍPIO DE ITU-SP";"400000,00";"03/08/2026";"16:20:31"
"03/08/2026";"16:31:03";2026;2;"Eleição Ordinária";6259;"Eleições Gerais Estaduais 2026";"04/10/2026";"SP";"SP";"SÃO PAULO";250002536352;13;39;"Outras participações societárias";"COTAS DE CAPITAL SOCIAL DA EMPRESA MORAES E MORAES EMPREENDIMENTOS E ADMINISTRAÇÃO DE BENS LTDA";"1251000,00";"03/08/2026";"16:20:31"
"03/08/2026";"16:31:03";2026;2;"Eleição Ordinária";6259;"Eleições Gerais Estaduais 2026";"04/10/2026";"SP";"SP";"SÃO PAULO";250002536352;12;13;"Terreno";"TERRENO URBANO NO VILA RESIDENCIAL SÃO DOMINGOS, ITU-SP";"10000,00";"03/08/2026";"16:20:31"
"03/08/2026";"16:31:03";2026;2;"Eleição Ordinária";6259;"Eleições Gerais Estaduais 2026";"04/10/2026";"SP";"SP";"SÃO PAULO";250002536353;3;99;"OUTROS BENS E DIREITOS";"CAPITAL SOCIAL EM COOPERATIVA (SICOOB)";"3168,05";"03/08/2026";"16:20:57"
"03/08/2026";"16:31:03";2026;2;"Eleição Ordinária";6259;"Eleições Gerais Estaduais 2026";"04/10/2026";"SP";"SP";"SÃO PAULO";250002536353;1;63;"Dinheiro em espécie - moeda nacional";"DINHEIRO EM ESPÉCIE";"8000,00";"03/08/2026";"16:20:57"
"03/08/2026";"16:31:03";2026;2;"Eleição Ordinária";6259;"Eleições Gerais Estaduais 2026";"04/10/2026";"SP";"SP";"SÃO PAULO";250002536353;2;61;"Depósito bancário em conta corrente no País";"BANCO SANTANDER";"1250,00";"03/08/2026";"16:20:57"
"03/08/2026";"16:31:03";2026;2;"Eleição Ordinária";6259;"Eleições Gerais Estaduais 2026";"04/10/2026";"SP";"SP";"SÃO PAULO";250002536354;1;12;"Casa";"IMÓVEL CHÁCARA URBANA 5000 METROS QUADRADOS NO PQ DAS FLORES EM JALES/SP";"800000,00";"03/08/2026";"16:20:09"
"03/08/2026";"16:31:03";2026;2;"Eleição Ordinária";6259;"Eleições Gerais Estaduais 2026";"04/10/2026";"SP";"SP";"SÃO PAULO";250002536353;5;61;"Depósito bancário em conta corrente no País";"BANCO INTER";"3200,00";"03/08/2026";"16:20:57"
"03/08/2026";"16:31:03";2026;2;"Eleição Ordinária";6259;"Eleições Gerais Estaduais 2026";"04/10/2026";"SP";"SP";"SÃO PAULO";250002536353;4;61;"Depósito bancário em conta corrente no País";"BANCO ITAÚ";"750,00";"03/08/2026";"16:20:57"
"03/08/2026";"16:31:03";2026;2;"Eleição Ordinária";6259;"Eleições Gerais Estaduais 2026";"04/10/2026";"SP";"SP";"SÃO PAULO";250002536354;4;21;"Veículo automotor terrestre: caminhão, automóvel, moto, etc.";"LAND ROVER DISCOVERY 2020 SPORT";"200000,00";"03/08/2026";"16:20:09"
"03/08/2026";"16:31:03";2026;2;"Eleição Ordinária";6259;"Eleições Gerais Estaduais 2026";"04/10/2026";"SP";"SP";"SÃO PAULO";250002536354;2;21;"Veículo automotor terrestre: caminhão, automóvel, moto, etc.";"FIAT BRAVO 2013";"26000,00";"03/08/2026";"16:20:09"
"03/08/2026";"16:31:03";2026;2;"Eleição Ordinária";6259;"Eleições Gerais Estaduais 2026";"04/10/2026";"SP";"SP";"SÃO PAULO";250002536354;3;41;"Caderneta de poupança";"DEPÓSITO EM CONTA POUPANÇA";"60000,00";"03/08/2026";"16:20:09"
"03/08/2026";"16:31:03";2026;2;"Eleição Ordinária";6259;"Eleições Gerais Estaduais 2026";"04/10/2026";"SP";"SP";"SÃO PAULO";250002536355;1;12;"Casa";"IMÓVEL EM CEDRAL MATRICULA N.22568";"150000,00";"03/08/2026";"16:19:59"
"03/08/2026";"16:31:03";2026;2;"Eleição Ordinária";6259;"Eleições Gerais Estaduais 2026";"04/10/2026";"SP";"SP";"SÃO PAULO";250002536355;2;21;"Veículo automotor terrestre: caminhão, automóvel, moto, etc.";"JEEP COMPASS 2021/2022";"120000,00";"03/08/2026";"16:19:59"
"03/08/2026";"16:31:03";2026;2;"Eleição Ordinária";6259;"Eleições Gerais Estaduais 2026";"04/10/2026";"SP";"SP";"SÃO PAULO";250002536356;1;45;"Aplicação de renda fixa (CDB, RDB e outros)";"SANTANDER - INVESTIMENTOS";"8647,74";"03/08/2026";"16:20:19"
"03/08/2026";"16:31:03";2026;2;"Eleição Ordinária";6259;"Eleições Gerais Estaduais 2026";"04/10/2026";"SP";"SP";"SÃO PAULO";250002536356;4;12;"Casa";"CASA FINANCIADA EM VÁRZEA PAULISTA";"800000,00";"03/08/2026";"16:20:19"
"03/08/2026";"16:31:03";2026;2;"Eleição Ordinária";6259;"Eleições Gerais Estaduais 2026";"04/10/2026";"SP";"SP";"SÃO PAULO";250002536356;2;21;"Veículo automotor terrestre: caminhão, automóvel, moto, etc.";"GM CHEVROLET S10 FINANCIADA";"197000,00";"03/08/2026";"16:20:19"
"03/08/2026";"16:31:03";2026;2;"Eleição Ordinária";6259;"Eleições Gerais Estaduais 2026";"04/10/2026";"SP";"SP";"SÃO PAULO";250002536356;3;41;"Caderneta de poupança";"SANTANDER - POUPANÇA";"298,25";"03/08/2026";"16:20:19"
"03/08/2026";"16:31:03";2026;2;"Eleição Ordinária";6259;"Eleições Gerais Estaduais 2026";"04/10/2026";"SP";"SP";"SÃO PAULO";250002536356;6;61;"Depósito bancário em conta corrente no País";"CAIXA ECONÔMICA FEDERAL - CONTA CORRENTE";"962,92";"03/08/2026";"16:20:19"
"03/08/2026";"16:31:03";2026;2;"Eleição Ordinária";6259;"Eleições Gerais Estaduais 2026";"04/10/2026";"SP";"SP";"SÃO PAULO";250002536356;5;61;"Depósito bancário em conta corrente no País";"BANCO ITAÚ - CONTA CORRENTE";"54,55";"03/08/2026";"16:20:19"
"03/08/2026";"16:31:03";2026;2;"Eleição Ordinária";6259;"Eleições Gerais Estaduais 2026";"04/10/2026";"SP";"SP";"SÃO PAULO";250002536357;1;95;"Consórcio não contemplado";"CONSÓRCIO BANCO DO BRASIL";"45926,21";"03/08/2026";"16:20:46"
"03/08/2026";"16:31:03";2026;2;"Eleição Ordinária";6259;"Eleições Gerais Estaduais 2026";"04/10/2026";"SP";"SP";"SÃO PAULO";250002536357;3;61;"Depósito bancário em conta corrente no País";"CONTA CORRENTE BANCO DOBRASIL";"107,08";"03/08/2026";"16:20:46"
"03/08/2026";"16:31:03";2026;2;"Eleição Ordinária";6259;"Eleições Gerais Estaduais 2026";"04/10/2026";"SP";"SP";"SÃO PAULO";250002536357;4;61;"Depósito bancário em conta corrente no País";"CONTA CORRENTE SICRED";"49573,55";"03/08/2026";"16:20:46"
"03/08/2026";"16:31:03";2026;2;"Eleição Ordinária";6259;"Eleições Gerais Estaduais 2026";"04/10/2026";"SP";"SP";"SÃO PAULO";250002536357;2;49;"Outras aplicações e Investimentos";"OUROCAP BANCO DO BRASIL";"5000,00";"03/08/2026";"16:20:46"
"03/08/2026";"16:31:03";2026;2;"Eleição Ordinária";6259;"Eleições Gerais Estaduais 2026";"04/10/2026";"SP";"SP";"SÃO PAULO";250002536357;7;12;"Casa";"CASA RESIDENCIAL NA RUA IMPERATRIZ LEOPOLDINA, 535";"188531,73";"03/08/2026";"16:20:46"
"03/08/2026";"16:31:03";2026;2;"Eleição Ordinária";6259;"Eleições Gerais Estaduais 2026";"04/10/2026";"SP";"SP";"SÃO PAULO";250002536357;5;63;"Dinheiro em espécie - moeda nacional";"EM POSSE";"200000,00";"03/08/2026";"16:20:46"
"03/08/2026";"16:31:03";2026;2;"Eleição Ordinária";6259;"Eleições Gerais Estaduais 2026";"04/10/2026";"SP";"SP";"SÃO PAULO";250002536357;6;39;"Outras participações societárias";"COTA DO CAPITAL SOCIAL DA EMPRESA JARDIM ARRAIS (10% DO VALOR TOTAL)";"34300,00";"03/08/2026";"16:20:46"
"03/08/2026";"16:31:03";2026;2;"Eleição Ordinária";6259;"Eleições Gerais Estaduais 2026";"04/10/2026";"SP";"SP";"SÃO PAULO";250002536357;9;32;"Quotas ou quinhões de capital";"COTA CAPITAL SICRED";"10648,84";"03/08/2026";"16:20:46"
"03/08/2026";"16:31:03";2026;2;"Eleição Ordinária";6259;"Eleições Gerais Estaduais 2026";"04/10/2026";"SP";"SP";"SÃO PAULO";250002536357;10;41;"Caderneta de poupança";"POUPANÇA CEF CONTA";"2556,12";"03/08/2026";"16:20:46"
"03/08/2026";"16:31:03";2026;2;"Eleição Ordinária";6259;"Eleições Gerais Estaduais 2026";"04/10/2026";"SP";"SP";"SÃO PAULO";250002536357;8;99;"OUTROS BENS E DIREITOS";"ACERVO DE ARMAS DE FOGO";"68000,00";"03/08/2026";"16:20:46"
"03/08/2026";"16:31:03";2026;2;"Eleição Ordinária";6259;"Eleições Gerais Estaduais 2026";"04/10/2026";"SP";"SP";"SÃO PAULO";250002536357;12;45;"Aplicação de renda fixa (CDB, RDB e outros)";"BANCO DO BRASIL CDB";"1458,99";"03/08/2026";"16:20:46"
"03/08/2026";"16:31:03";2026;2;"Eleição Ordinária";6259;"Eleições Gerais Estaduais 2026";"04/10/2026";"SP";"SP";"SÃO PAULO";250002536357;11;41;"Caderneta de poupança";"POUPANÇA COOPERATIVA SICRED";"159378,49";"03/08/2026";"16:20:46"
"03/08/2026";"16:31:03";2026;2;"Eleição Ordinária";6259;"Eleições Gerais Estaduais 2026";"04/10/2026";"SP";"SP";"SÃO PAULO";250002536357;13;79;"Outros fundos";"BRASILPREV BANCO DO BRASIL";"4978,69";"03/08/2026";"16:20:46"
"03/08/2026";"16:31:03";2026;2;"Eleição Ordinária";6259;"Eleições Gerais Estaduais 2026";"04/10/2026";"SP";"SP";"SÃO PAULO";250002536357;16;41;"Caderneta de poupança";"POUPANÇA COOPERATIVA SICRED";"21932,61";"03/08/2026";"16:20:46"
"03/08/2026";"16:31:03";2026;2;"Eleição Ordinária";6259;"Eleições Gerais Estaduais 2026";"04/10/2026";"SP";"SP";"SÃO PAULO";250002536357;14;45;"Aplicação de renda fixa (CDB, RDB e outros)";"COOPERATIVA SICRED LCA";"150000,00";"03/08/2026";"16:20:46"
"03/08/2026";"16:31:03";2026;2;"Eleição Ordinária";6259;"Eleições Gerais Estaduais 2026";"04/10/2026";"SP";"SP";"SÃO PAULO";250002536357;15;19;"Outros bens imóveis";"50% DE SÍTIO";"105000,00";"03/08/2026";"16:20:46"
"03/08/2026";"16:31:03";2026;2;"Eleição Ordinária";6259;"Eleições Gerais Estaduais 2026";"04/10/2026";"SP";"SP";"SÃO PAULO";250002536357;18;21;"Veículo automotor terrestre: caminhão, automóvel, moto, etc.";"CAMIONETE NISSAN FRONTIER ATACK";"174000,00";"03/08/2026";"16:20:46"
"03/08/2026";"16:31:03";2026;2;"Eleição Ordinária";6259;"Eleições Gerais Estaduais 2026";"04/10/2026";"SP";"SP";"SÃO PAULO";250002536357;17;41;"Caderneta de poupança";"POUPANÇAS BANCO DO BRASIL";"66,33";"03/08/2026";"16:20:46"
"03/08/2026";"16:31:03";2026;2;"Eleição Ordinária";6259;"Eleições Gerais Estaduais 2026";"04/10/2026";"SP";"SP";"SÃO PAULO";250002536357;19;23;"Embarcação";"CANOA DE ALUMINIO MARCA MOGI MIRIM";"3000,00";"03/08/2026";"16:20:46"
"03/08/2026";"16:31:03";2026;2;"Eleição Ordinária";6259;"Eleições Gerais Estaduais 2026";"04/10/2026";"SP";"SP";"SÃO PAULO";250002536358;1;32;"Quotas ou quinhões de capital";"100% COTAS DA EMPRESA DANI ALONSO CONSULTORIA TREINAMENTO E LIDERANCA LTDA, CNPJ:  45.621.219/0001-46";"20000,00";"03/08/2026";"16:30:58"
"03/08/2026";"16:31:03";2026;2;"Eleição Ordinária";6259;"Eleições Gerais Estaduais 2026";"04/10/2026";"SP";"SP";"SÃO PAULO";250002536358;2;45;"Aplicação de renda fixa (CDB, RDB e outros)";"APLICACAO BANCO BRASIL RENDA FIXA - BB CDB RENDE FACIL";"6756,47";"03/08/2026";"16:30:58"
"03/08/2026";"16:31:03";2026;2;"Eleição Ordinária";6259;"Eleições Gerais Estaduais 2026";"04/10/2026";"SP";"SP";"SÃO PAULO";250002536358;3;13;"Terreno";"1/3 DE UM TERRENO DESIGNADO DE LOTE 05 DA QUADRA 09, DO LOTEAMENTO DENOMINADO RESIDENCIAL  PORTAL DA SERRA,";"70058,37";"03/08/2026";"16:30:58"
"03/08/2026";"16:31:03";2026;2;"Eleição Ordinária";6259;"Eleições Gerais Estaduais 2026";"04/10/2026";"SP";"SP";"SÃO PAULO";250002536358;4;19;"Outros bens imóveis";"1/3 DE  UM IMOVEL EM MARILIA (SP), LOCALIZADO NA AV.CASTRO ALVES, 322 A,";"115901,02";"03/08/2026";"16:30:58"
"03/08/2026";"16:31:03";2026;2;"Eleição Ordinária";6259;"Eleições Gerais Estaduais 2026";"04/10/2026";"SP";"SP";"SÃO PAULO";250002536358;5;13;"Terreno";"1/3 DE UM TER. SITO EM  MARILIA-SP - AV. CASTRO ALVES   QUADRA D - LOTE 11   AREA- 2.920M2,";"302145,88";"03/08/2026";"16:30:58"
"03/08/2026";"16:31:03";2026;2;"Eleição Ordinária";6259;"Eleições Gerais Estaduais 2026";"04/10/2026";"SP";"SP";"SÃO PAULO";250002536358;6;13;"Terreno";"1/3 DE UM TERRENO LOCALIZADO NESTA CIDADE DE MARILIA-SP, A RUA SANTA HELENA, 909, LOTE 269,  JARDIM ALVORAD";"40229,84";"03/08/2026";"16:30:58"
"03/08/2026";"16:31:03";2026;2;"Eleição Ordinária";6259;"Eleições Gerais Estaduais 2026";"04/10/2026";"SP";"SP";"SÃO PAULO";250002536358;8;32;"Quotas ou quinhões de capital";"50% COTAS DA EMPRESA DMA ADMINISTRADORA DE BENS DE MARILIA LTDA, CNPJ: 46.088.188/0001-72";"10000,00";"03/08/2026";"16:30:58"
"03/08/2026";"16:31:03";2026;2;"Eleição Ordinária";6259;"Eleições Gerais Estaduais 2026";"04/10/2026";"SP";"SP";"SÃO PAULO";250002536358;9;45;"Aplicação de renda fixa (CDB, RDB e outros)";"APLICACAO - BRADESCO - DE RENDA FIXA (CDB)";"359947,00";"03/08/2026";"16:30:58"
"03/08/2026";"16:31:03";2026;2;"Eleição Ordinária";6259;"Eleições Gerais Estaduais 2026";"04/10/2026";"SP";"SP";"SÃO PAULO";250002536358;7;13;"Terreno";"1/3 UM TERRENO MEDINDO 5.000M2, LOCALIZADO NA CIDADE DE MARILIA,-SP, USADO COMO CHACARA DE  RECREIO,";"18333,33";"03/08/2026";"16:30:58"
"03/08/2026";"16:31:03";2026;2;"Eleição Ordinária";6259;"Eleições Gerais Estaduais 2026";"04/10/2026";"SP";"SP";"SÃO PAULO";250002536359;1;32;"Quotas ou quinhões de capital";"QUOTAS DE CAPITAL DA FIRMA COLPANI IND. COM. DE PESCADOS";"10000,00";"03/08/2026";"16:20:51"
"03/08/2026";"16:31:03";2026;2;"Eleição Ordinária";6259;"Eleições Gerais Estaduais 2026";"04/10/2026";"SP";"SP";"SÃO PAULO";250002536359;2;32;"Quotas ou quinhões de capital";"CAPITAL SOCIAL NO SICOOB CREDINTER";"210,49";"03/08/2026";"16:20:51"
"03/08/2026";"16:31:03";2026;2;"Eleição Ordinária";6259;"Eleições Gerais Estaduais 2026";"04/10/2026";"SP";"SP";"SÃO PAULO";250002536358;10;63;"Dinheiro em espécie - moeda nacional";"NUMERARIO EM PODER DO DECLARANTE";"40000,00";"03/08/2026";"16:30:58"
"03/08/2026";"16:31:03";2026;2;"Eleição Ordinária";6259;"Eleições Gerais Estaduais 2026";"04/10/2026";"SP";"SP";"SÃO PAULO";250002536359;3;99;"OUTROS BENS E DIREITOS";"INVESTIMENTOS REAIZADOS NOS 50% DO SITIO ÁGUAS CLARAS";"60000,00";"03/08/2026";"16:20:51"
"03/08/2026";"16:31:03";2026;2;"Eleição Ordinária";6259;"Eleições Gerais Estaduais 2026";"04/10/2026";"SP";"SP";"SÃO PAULO";250002536359;5;61;"Depósito bancário em conta corrente no País";"CONTAS CORRENTE NO SICOOB CREDINTER";"547,85";"03/08/2026";"16:20:51"
"03/08/2026";"16:31:03";2026;2;"Eleição Ordinária";6259;"Eleições Gerais Estaduais 2026";"04/10/2026";"SP";"SP";"SÃO PAULO";250002536359;4;19;"Outros bens imóveis";"50% DE UM IMOVEL RUAL - SITIO AGUAS CLARAS";"66666,67";"03/08/2026";"16:20:51"
"03/08/2026";"16:31:03";2026;2;"Eleição Ordinária";6259;"Eleições Gerais Estaduais 2026";"04/10/2026";"SP";"SP";"SÃO PAULO";250002536359;7;32;"Quotas ou quinhões de capital";"QUOTAS DE CAPITAL DA FILMA COLPANI COZINHA IDN";"5000,00";"03/08/2026";"16:20:51"
"03/08/2026";"16:31:03";2026;2;"Eleição Ordinária";6259;"Eleições Gerais Estaduais 2026";"04/10/2026";"SP";"SP";"SÃO PAULO";250002536359;6;41;"Caderneta de poupança";"CARDENETA DE POUPANÇA NO SICCOB S/A";"385,90";"03/08/2026";"16:20:51"
"03/08/2026";"16:31:03";2026;2;"Eleição Ordinária";6259;"Eleições Gerais Estaduais 2026";"04/10/2026";"SP";"SP";"SÃO PAULO";250002536361;1;12;"Casa";"CASA EM CONDOMINIO - 525M² EM SUZANO/SP";"1400000,00";"03/08/2026";"16:20:34"
"03/08/2026";"16:31:03";2026;2;"Eleição Ordinária";6259;"Eleições Gerais Estaduais 2026";"04/10/2026";"SP";"SP";"SÃO PAULO";250002536361;2;21;"Veículo automotor terrestre: caminhão, automóvel, moto, etc.";"UM VEÍCULO AUTOMOTOR - AUTOMÓVEL";"279000,00";"03/08/2026";"16:20:34"
"03/08/2026";"16:31:03";2026;2;"Eleição Ordinária";6259;"Eleições Gerais Estaduais 2026";"04/10/2026";"SP";"SP";"SÃO PAULO";250002536361;3;45;"Aplicação de renda fixa (CDB, RDB e outros)";"BANCO SANTANDER";"162189,31";"03/08/2026";"16:20:34"
"03/08/2026";"16:31:03";2026;2;"Eleição Ordinária";6259;"Eleições Gerais Estaduais 2026";"04/10/2026";"SP";"SP";"SÃO PAULO";250002536361;4;63;"Dinheiro em espécie - moeda nacional";"DOMICILIAR";"109000,00";"03/08/2026";"16:20:34"
"03/08/2026";"16:31:03";2026;2;"Eleição Ordinária";6259;"Eleições Gerais Estaduais 2026";"04/10/2026";"SP";"SP";"SÃO PAULO";250002536361;6;99;"OUTROS BENS E DIREITOS";"TITULO DE CAPITALIZAÇÃO";"11745,68";"03/08/2026";"16:20:34"
"03/08/2026";"16:31:03";2026;2;"Eleição Ordinária";6259;"Eleições Gerais Estaduais 2026";"04/10/2026";"SP";"SP";"SÃO PAULO";250002536363;1;61;"Depósito bancário em conta corrente no País";"SALDO EM CONTA JUNTAMENTE AO BANCO XP S/A";"5950,00";"03/08/2026";"16:19:54"
"03/08/2026";"16:31:03";2026;2;"Eleição Ordinária";6259;"Eleições Gerais Estaduais 2026";"04/10/2026";"SP";"SP";"SÃO PAULO";250002536361;5;97;"VGBL - Vida Gerador de Benefício Livre";"CAIXA";"225444,54";"03/08/2026";"16:20:34"
"03/08/2026";"16:31:03";2026;2;"Eleição Ordinária";6259;"Eleições Gerais Estaduais 2026";"04/10/2026";"SP";"SP";"SÃO PAULO";250002536363;2;45;"Aplicação de renda fixa (CDB, RDB e outros)";"AZ QUEST PANORAMA RENDA CDI FUNDO DE INVESTIMENTO";"50000,00";"03/08/2026";"16:19:54"
"03/08/2026";"16:31:03";2026;2;"Eleição Ordinária";6259;"Eleições Gerais Estaduais 2026";"04/10/2026";"SP";"SP";"SÃO PAULO";250002536363;3;45;"Aplicação de renda fixa (CDB, RDB e outros)";"RIZA TERRAX VINTAGE FUNDO DE INVESTIMENTO NAS CADEIAS PRODUTIVAS DO AGRONEGOCIO  RL";"20000,00";"03/08/2026";"16:19:54"
"03/08/2026";"16:31:03";2026;2;"Eleição Ordinária";6259;"Eleições Gerais Estaduais 2026";"04/10/2026";"SP";"SP";"SÃO PAULO";250002536363;4;12;"Casa";"01 IMÓVEL (CASA) COM ÁREA DE 346,07 M² . SITUADO NA RUA MUSTANG  343 -  COND. HÍPICA  - NOVA ODESSA/SP";"821168,73";"03/08/2026";"16:19:54"
"03/08/2026";"16:31:03";2026;2;"Eleição Ordinária";6259;"Eleições Gerais Estaduais 2026";"04/10/2026";"SP";"SP";"SÃO PAULO";250002536363;6;41;"Caderneta de poupança";"CAIXA ECONOMICA FEDERAL - POUPANCA";"243,43";"03/08/2026";"16:19:54"
"03/08/2026";"16:31:03";2026;2;"Eleição Ordinária";6259;"Eleições Gerais Estaduais 2026";"04/10/2026";"SP";"SP";"SÃO PAULO";250002536363;7;45;"Aplicação de renda fixa (CDB, RDB e outros)";"LCI PRE 25H02553374 JUNTAMENTE AO BANCO CP INVESTIMENTOS CCTVM S/A";"58000,00";"03/08/2026";"16:19:54"
"03/08/2026";"16:31:03";2026;2;"Eleição Ordinária";6259;"Eleições Gerais Estaduais 2026";"04/10/2026";"SP";"SP";"SÃO PAULO";250002536363;5;45;"Aplicação de renda fixa (CDB, RDB e outros)";"XP LIQUIDEZ FUNDO DE INVESTIMENTO EM COTAS RENDA FIXA";"35743,59";"03/08/2026";"16:19:54"
"03/08/2026";"16:31:03";2026;2;"Eleição Ordinária";6259;"Eleições Gerais Estaduais 2026";"04/10/2026";"SP";"SP";"SÃO PAULO";250002536363;8;21;"Veículo automotor terrestre: caminhão, automóvel, moto, etc.";"VEICULO FIAT /TORO VOLC TURB AT6 BRANCA PLACA FEE0I23";"116301,40";"03/08/2026";"16:19:54"
"03/08/2026";"16:31:03";2026;2;"Eleição Ordinária";6259;"Eleições Gerais Estaduais 2026";"04/10/2026";"SP";"SP";"SÃO PAULO";250002536364;2;21;"Veículo automotor terrestre: caminhão, automóvel, moto, etc.";"VEÍCULO FIAT/TORO COLCANO";"100000,00";"03/08/2026";"16:20:42"
"03/08/2026";"16:31:03";2026;2;"Eleição Ordinária";6259;"Eleições Gerais Estaduais 2026";"04/10/2026";"SP";"SP";"SÃO PAULO";250002536364;1;19;"Outros bens imóveis";"IMÓVEL EM CAJAMAR";"152926,01";"03/08/2026";"16:20:42"
"03/08/2026";"16:31:03";2026;2;"Eleição Ordinária";6259;"Eleições Gerais Estaduais 2026";"04/10/2026";"SP";"SP";"SÃO PAULO";250002536364;3;21;"Veículo automotor terrestre: caminhão, automóvel, moto, etc.";"VEÍCULO JEEP/COMPASS";"99000,00";"03/08/2026";"16:20:42"
"03/08/2026";"16:31:03";2026;2;"Eleição Ordinária";6259;"Eleições Gerais Estaduais 2026";"04/10/2026";"SP";"SP";"SÃO PAULO";250002536364;5;45;"Aplicação de renda fixa (CDB, RDB e outros)";"RDB/CDB";"49508,53";"03/08/2026";"16:20:42"
"03/08/2026";"16:31:03";2026;2;"Eleição Ordinária";6259;"Eleições Gerais Estaduais 2026";"04/10/2026";"SP";"SP";"SÃO PAULO";250002536364;4;11;"Apartamento";"APARTAMENTO EM BARUERI";"607950,00";"03/08/2026";"16:20:42"
"03/08/2026";"16:31:03";2026;2;"Eleição Ordinária";6259;"Eleições Gerais Estaduais 2026";"04/10/2026";"SP";"SP";"SÃO PAULO";250002536364;6;61;"Depósito bancário em conta corrente no País";"ITAU PRIVILEGE RF REF";"2,37";"03/08/2026";"16:20:42"
"03/08/2026";"16:31:03";2026;2;"Eleição Ordinária";6259;"Eleições Gerais Estaduais 2026";"04/10/2026";"SP";"SP";"SÃO PAULO";250002536365;1;16;"Construção";"IMÓVEL RESIDENCIAL EM CONSTRUÇÃO EM TERRENO DE 149,20 METROS EM SETE BARRAS/SP";"140000,00";"03/08/2026";"16:20:48"
"03/08/2026";"16:31:03";2026;2;"Eleição Ordinária";6259;"Eleições Gerais Estaduais 2026";"04/10/2026";"SP";"SP";"SÃO PAULO";250002536366;1;49;"Outras aplicações e Investimentos";"INVESTIMENTO NO BANCO DO BRASIL";"26488,18";"03/08/2026";"16:20:18"
"03/08/2026";"16:31:03";2026;2;"Eleição Ordinária";6259;"Eleições Gerais Estaduais 2026";"04/10/2026";"SP";"SP";"SÃO PAULO";250002536366;3;21;"Veículo automotor terrestre: caminhão, automóvel, moto, etc.";"CARRO HRV - HONDA 2025";"135000,00";"03/08/2026";"16:20:18"
"03/08/2026";"16:31:03";2026;2;"Eleição Ordinária";6259;"Eleições Gerais Estaduais 2026";"04/10/2026";"SP";"SP";"SÃO PAULO";250002536366;2;61;"Depósito bancário em conta corrente no País";"CONTA CORRENTE NO BANCO DO BRASIL";"69491,48";"03/08/2026";"16:20:18"
"03/08/2026";"16:31:03";2026;2;"Eleição Ordinária";6259;"Eleições Gerais Estaduais 2026";"04/10/2026";"SP";"SP";"SÃO PAULO";250002536366;4;61;"Depósito bancário em conta corrente no País";"CONTA CORRENTE NO BANCO BRADESCO";"20368,11";"03/08/2026";"16:20:18"
"03/08/2026";"16:31:03";2026;2;"Eleição Ordinária";6259;"Eleições Gerais Estaduais 2026";"04/10/2026";"SP";"SP";"SÃO PAULO";250002536366;6;12;"Casa";"CASA DE 200 METROS EM FRANCA/SP";"285740,50";"03/08/2026";"16:20:18"
"03/08/2026";"16:31:03";2026;2;"Eleição Ordinária";6259;"Eleições Gerais Estaduais 2026";"04/10/2026";"SP";"SP";"SÃO PAULO";250002536367;1;11;"Apartamento";"APARTAMENTO NA CIDADE DE PIRACICABA";"170000,00";"03/08/2026";"16:19:49"
"03/08/2026";"16:31:03";2026;2;"Eleição Ordinária";6259;"Eleições Gerais Estaduais 2026";"04/10/2026";"SP";"SP";"SÃO PAULO";250002536366;5;49;"Outras aplicações e Investimentos";"PLANO DE PREVIDÊNCIA BANCO BRADESCO";"593424,04";"03/08/2026";"16:20:18"
"03/08/2026";"16:31:03";2026;2;"Eleição Ordinária";6259;"Eleições Gerais Estaduais 2026";"04/10/2026";"SP";"SP";"SÃO PAULO";250002536367;3;21;"Veículo automotor terrestre: caminhão, automóvel, moto, etc.";"GM OPALA COMODORO 1986/1987";"20000,00";"03/08/2026";"16:19:49"
"03/08/2026";"16:31:03";2026;2;"Eleição Ordinária";6259;"Eleições Gerais Estaduais 2026";"04/10/2026";"SP";"SP";"SÃO PAULO";250002536367;4;45;"Aplicação de renda fixa (CDB, RDB e outros)";"CDB BRADESCO";"2545,43";"03/08/2026";"16:19:49"
"03/08/2026";"16:31:03";2026;2;"Eleição Ordinária";6259;"Eleições Gerais Estaduais 2026";"04/10/2026";"SP";"SP";"SÃO PAULO";250002536367;2;13;"Terreno";"TERRENO TERRAS DE ARTEMIS";"200000,00";"03/08/2026";"16:19:49"
"03/08/2026";"16:31:03";2026;2;"Eleição Ordinária";6259;"Eleições Gerais Estaduais 2026";"04/10/2026";"SP";"SP";"SÃO PAULO";250002536367;6;61;"Depósito bancário em conta corrente no País";"CONTA CORRENTE XP INVESTIMENTOS";"44,91";"03/08/2026";"16:19:49"
"03/08/2026";"16:31:03";2026;2;"Eleição Ordinária";6259;"Eleições Gerais Estaduais 2026";"04/10/2026";"SP";"SP";"SÃO PAULO";250002536367;7;95;"Consórcio não contemplado";"CONSÓRCIO CAIXA FEDERAL GRUPO 1038 COTA 3300";"54500,71";"03/08/2026";"16:19:49"
"03/08/2026";"16:31:03";2026;2;"Eleição Ordinária";6259;"Eleições Gerais Estaduais 2026";"04/10/2026";"SP";"SP";"SÃO PAULO";250002536367;5;49;"Outras aplicações e Investimentos";"DNA STRATEGY FIC XP INVESTIMENTO";"1396,76";"03/08/2026";"16:19:49"
"03/08/2026";"16:31:03";2026;2;"Eleição Ordinária";6259;"Eleições Gerais Estaduais 2026";"04/10/2026";"SP";"SP";"SÃO PAULO";250002536367;10;11;"Apartamento";"APARTAMENTO CAMINO LÍRIO NA CIDADE DE SÃO PAULO";"151491,37";"03/08/2026";"16:19:49"
"03/08/2026";"16:31:03";2026;2;"Eleição Ordinária";6259;"Eleições Gerais Estaduais 2026";"04/10/2026";"SP";"SP";"SÃO PAULO";250002536367;8;95;"Consórcio não contemplado";"CONSÓRCIO BRADESCO AUTOMÓVEL KWID";"74755,50";"03/08/2026";"16:19:49"
"03/08/2026";"16:31:03";2026;2;"Eleição Ordinária";6259;"Eleições Gerais Estaduais 2026";"04/10/2026";"SP";"SP";"SÃO PAULO";250002536367;9;95;"Consórcio não contemplado";"CONSÓRCIO CAIXA FEDERAL GRUPO 1038 COTA 2284-0";"48378,56";"03/08/2026";"16:19:49"
"03/08/2026";"16:31:03";2026;2;"Eleição Ordinária";6259;"Eleições Gerais Estaduais 2026";"04/10/2026";"SP";"SP";"SÃO PAULO";250002536367;11;61;"Depósito bancário em conta corrente no País";"CONTA CORRENTE SICREDI";"2012,21";"03/08/2026";"16:19:49"
"03/08/2026";"16:31:03";2026;2;"Eleição Ordinária";6259;"Eleições Gerais Estaduais 2026";"04/10/2026";"SP";"SP";"SÃO PAULO";250002536367;12;39;"Outras participações societárias";"CAPITAL SOCIAL SICREDI";"7638,50";"03/08/2026";"16:19:49"
"03/08/2026";"16:31:03";2026;2;"Eleição Ordinária";6259;"Eleições Gerais Estaduais 2026";"04/10/2026";"SP";"SP";"SÃO PAULO";250002536367;13;39;"Outras participações societárias";"CAPITAL SOCIAL SICOOB";"427,00";"03/08/2026";"16:19:49"
"03/08/2026";"16:31:03";2026;2;"Eleição Ordinária";6259;"Eleições Gerais Estaduais 2026";"04/10/2026";"SP";"SP";"SÃO PAULO";250002536367;15;21;"Veículo automotor terrestre: caminhão, automóvel, moto, etc.";"RAM 1500 2023 BRANCA";"405000,00";"03/08/2026";"16:19:49"
"03/08/2026";"16:31:03";2026;2;"Eleição Ordinária";6259;"Eleições Gerais Estaduais 2026";"04/10/2026";"SP";"SP";"SÃO PAULO";250002536367;14;95;"Consórcio não contemplado";"CONSÓRCIO CAIXA FEDERAL GRUPO 1038 COTA 2284-0";"48378,56";"03/08/2026";"16:19:49"
"03/08/2026";"16:31:03";2026;2;"Eleição Ordinária";6259;"Eleições Gerais Estaduais 2026";"04/10/2026";"SP";"SP";"SÃO PAULO";250002536367;16;49;"Outras aplicações e Investimentos";"XP ALOCAÇÃO MODERADA FUNDO MULTIMERCADO";"1396,76";"03/08/2026";"16:19:49"
"03/08/2026";"16:31:03";2026;2;"Eleição Ordinária";6259;"Eleições Gerais Estaduais 2026";"04/10/2026";"SP";"SP";"SÃO PAULO";250002536368;1;21;"Veículo automotor terrestre: caminhão, automóvel, moto, etc.";"01 (UMA) - MOTOCICLETA HONDA NXR 2017/2018";"12000,00";"03/08/2026";"16:20:58"
"03/08/2026";"16:31:03";2026;2;"Eleição Ordinária";6259;"Eleições Gerais Estaduais 2026";"04/10/2026";"SP";"SP";"SÃO PAULO";250002536367;17;95;"Consórcio não contemplado";"CONSÓRCIO BRADESCO STRADA ENDURANCE";"111990,00";"03/08/2026";"16:19:49"
"03/08/2026";"16:31:03";2026;2;"Eleição Ordinária";6259;"Eleições Gerais Estaduais 2026";"04/10/2026";"SP";"SP";"SÃO PAULO";250002536367;18;61;"Depósito bancário em conta corrente no País";"CONTA CORRENTE CAIXA FEDERAL";"1476,92";"03/08/2026";"16:19:49"
"03/08/2026";"16:31:03";2026;2;"Eleição Ordinária";6259;"Eleições Gerais Estaduais 2026";"04/10/2026";"SP";"SP";"SÃO PAULO";250002536368;2;12;"Casa";"UMA RESIDENCIA PIRACICABA - SP - ADIQUIRIDA EM 07/10/2022 - VALOR R$ 310.000,00 - ENTRADA DE 30.000 E RESTANTE FINANCIADA JUNTO AO BANCO BRADESCO EM 360 PARCELAS";"141516,04";"03/08/2026";"16:20:58"
"03/08/2026";"16:31:03";2026;2;"Eleição Ordinária";6259;"Eleições Gerais Estaduais 2026";"04/10/2026";"SP";"SP";"SÃO PAULO";250002536369;1;21;"Veículo automotor terrestre: caminhão, automóvel, moto, etc.";"VEÍCULO CHEVROLET CLASSIC LS 2014/2015";"15000,00";"03/08/2026";"16:20:13"
"03/08/2026";"16:31:03";2026;2;"Eleição Ordinária";6259;"Eleições Gerais Estaduais 2026";"04/10/2026";"SP";"SP";"SÃO PAULO";250002536368;3;61;"Depósito bancário em conta corrente no País";"VALOR EM CONTA CORRENTE - MOEDA NACIONAL";"40000,00";"03/08/2026";"16:20:58"
"03/08/2026";"16:31:03";2026;2;"Eleição Ordinária";6259;"Eleições Gerais Estaduais 2026";"04/10/2026";"SP";"SP";"SÃO PAULO";250002536369;3;12;"Casa";"CASA RESIDENCIAL EM PRESIDENTE PRUDENTE";"75000,00";"03/08/2026";"16:20:13"
"03/08/2026";"16:31:03";2026;2;"Eleição Ordinária";6259;"Eleições Gerais Estaduais 2026";"04/10/2026";"SP";"SP";"SÃO PAULO";250002536369;4;12;"Casa";"CASA RESIDENCIAL EM PRESIDENTE PRUDENTE";"20000,00";"03/08/2026";"16:20:13"
"03/08/2026";"16:31:03";2026;2;"Eleição Ordinária";6259;"Eleições Gerais Estaduais 2026";"04/10/2026";"SP";"SP";"SÃO PAULO";250002536369;2;61;"Depósito bancário em conta corrente no País";"SALDO CONTA CORRENTE BANCO DO BRASIL";"2139,94";"03/08/2026";"16:20:13"
"03/08/2026";"16:31:03";2026;2;"Eleição Ordinária";6259;"Eleições Gerais Estaduais 2026";"04/10/2026";"SP";"SP";"SÃO PAULO";250002536369;5;12;"Casa";"CASA RESIDENCIAL EM PRESIDENTE PRUDENTE";"165432,00";"03/08/2026";"16:20:13"
"03/08/2026";"16:31:03";2026;2;"Eleição Ordinária";6259;"Eleições Gerais Estaduais 2026";"04/10/2026";"SP";"SP";"SÃO PAULO";250002536369;6;39;"Outras participações societárias";"CAPITAL SOCIAL SICOOB MANTIQUEIRA";"30538,85";"03/08/2026";"16:20:13"
"03/08/2026";"16:31:03";2026;2;"Eleição Ordinária";6259;"Eleições Gerais Estaduais 2026";"04/10/2026";"SP";"SP";"SÃO PAULO";250002536369;7;13;"Terreno";"TERRENO URBANO EM PRESIDENTE PRUDENTE";"5000,00";"03/08/2026";"16:20:13"
"03/08/2026";"16:31:03";2026;2;"Eleição Ordinária";6259;"Eleições Gerais Estaduais 2026";"04/10/2026";"SP";"SP";"SÃO PAULO";250002536369;8;13;"Terreno";"TERRENO URBANO EM PRESIDENTE PRUDENTE";"33000,00";"03/08/2026";"16:20:13"
"03/08/2026";"16:31:03";2026;2;"Eleição Ordinária";6259;"Eleições Gerais Estaduais 2026";"04/10/2026";"SP";"SP";"SÃO PAULO";250002536369;10;49;"Outras aplicações e Investimentos";"OUROCAP NO BANCO DO BRASIL";"2807,82";"03/08/2026";"16:20:13"
"03/08/2026";"16:31:03";2026;2;"Eleição Ordinária";6259;"Eleições Gerais Estaduais 2026";"04/10/2026";"SP";"SP";"SÃO PAULO";250002536369;9;49;"Outras aplicações e Investimentos";"CAPITALIZAÇÃO BANCO SANTANDER";"50,00";"03/08/2026";"16:20:13"
"03/08/2026";"16:31:03";2026;2;"Eleição Ordinária";6259;"Eleições Gerais Estaduais 2026";"04/10/2026";"SP";"SP";"SÃO PAULO";250002536370;3;45;"Aplicação de renda fixa (CDB, RDB e outros)";"CDB BANCO SANTANDER";"2093,03";"03/08/2026";"16:20:56"
"03/08/2026";"16:31:03";2026;2;"Eleição Ordinária";6259;"Eleições Gerais Estaduais 2026";"04/10/2026";"SP";"SP";"SÃO PAULO";250002536370;1;16;"Construção";"CONSTRUÇÃO DE UM PREDIO COMERCIAL EM PRESIDENTE PRUDENTE";"1006575,90";"03/08/2026";"16:20:56"
"03/08/2026";"16:31:03";2026;2;"Eleição Ordinária";6259;"Eleições Gerais Estaduais 2026";"04/10/2026";"SP";"SP";"SÃO PAULO";250002536370;2;63;"Dinheiro em espécie - moeda nacional";"DISPONÍVEL EM MOEDA CORRENTE NACIONAL";"300000,00";"03/08/2026";"16:20:56"
"03/08/2026";"16:31:03";2026;2;"Eleição Ordinária";6259;"Eleições Gerais Estaduais 2026";"04/10/2026";"SP";"SP";"SÃO PAULO";250002536370;4;1;"Prédio residencial";"PREDIO RESIDENCIAL DE ALVENARIA EM PRESIDENTE PRUDENTE";"400000,00";"03/08/2026";"16:20:56"
"03/08/2026";"16:31:03";2026;2;"Eleição Ordinária";6259;"Eleições Gerais Estaduais 2026";"04/10/2026";"SP";"SP";"SÃO PAULO";250002536371;1;41;"Caderneta de poupança";"SALDO EM POUPANCA, BANCO SANTANDER BRASIL S.A";"53,00";"03/08/2026";"16:19:48"
"03/08/2026";"16:31:03";2026;2;"Eleição Ordinária";6259;"Eleições Gerais Estaduais 2026";"04/10/2026";"SP";"SP";"SÃO PAULO";250002536370;5;11;"Apartamento";"50% DE APARTAMENTO EM PRESIDENTE PRUDENTE";"402589,42";"03/08/2026";"16:20:56"
"03/08/2026";"16:31:03";2026;2;"Eleição Ordinária";6259;"Eleições Gerais Estaduais 2026";"04/10/2026";"SP";"SP";"SÃO PAULO";250002536371;4;32;"Quotas ou quinhões de capital";"MEI EM 22/08/2018, DENOMINADA 31.301.035 ADOLFO PADILHA";"1000,00";"03/08/2026";"16:19:48"
"03/08/2026";"16:31:03";2026;2;"Eleição Ordinária";6259;"Eleições Gerais Estaduais 2026";"04/10/2026";"SP";"SP";"SÃO PAULO";250002536371;2;61;"Depósito bancário em conta corrente no País";"SALDO EM CONTA CORRENTE, BANCO SANTANDER BRASIL S.A";"4,89";"03/08/2026";"16:19:48"
"03/08/2026";"16:31:03";2026;2;"Eleição Ordinária";6259;"Eleições Gerais Estaduais 2026";"04/10/2026";"SP";"SP";"SÃO PAULO";250002536371;3;99;"OUTROS BENS E DIREITOS";"DIREITO DE CREDITO COM A SRA. MARIA TACIANA VICTORIO PADILHA";"30000,00";"03/08/2026";"16:19:48"
"03/08/2026";"16:31:03";2026;2;"Eleição Ordinária";6259;"Eleições Gerais Estaduais 2026";"04/10/2026";"SP";"SP";"SÃO PAULO";250002536372;1;12;"Casa";"CASA JD. PORTO REAL";"64000,00";"03/08/2026";"16:19:56"
"03/08/2026";"16:31:03";2026;2;"Eleição Ordinária";6259;"Eleições Gerais Estaduais 2026";"04/10/2026";"SP";"SP";"SÃO PAULO";250002536371;5;63;"Dinheiro em espécie - moeda nacional";"SALDO EM CAIXA";"40000,00";"03/08/2026";"16:19:48"
"03/08/2026";"16:31:03";2026;2;"Eleição Ordinária";6259;"Eleições Gerais Estaduais 2026";"04/10/2026";"SP";"SP";"SÃO PAULO";250002536372;2;49;"Outras aplicações e Investimentos";"DEB INFRA SANTANDER";"134000,00";"03/08/2026";"16:19:56"
"03/08/2026";"16:31:03";2026;2;"Eleição Ordinária";6259;"Eleições Gerais Estaduais 2026";"04/10/2026";"SP";"SP";"SÃO PAULO";250002536372;4;45;"Aplicação de renda fixa (CDB, RDB e outros)";"APLICAÇÃO RENDA FIXA SANTANDER";"332722,62";"03/08/2026";"16:19:56"
"03/08/2026";"16:31:03";2026;2;"Eleição Ordinária";6259;"Eleições Gerais Estaduais 2026";"04/10/2026";"SP";"SP";"SÃO PAULO";250002536372;5;13;"Terreno";"TERRENO COLINA DE SÃO JOÃO";"120000,00";"03/08/2026";"16:19:56"
"03/08/2026";"16:31:03";2026;2;"Eleição Ordinária";6259;"Eleições Gerais Estaduais 2026";"04/10/2026";"SP";"SP";"SÃO PAULO";250002536372;3;49;"Outras aplicações e Investimentos";"ITAU MONEY MARKET RENDA FIXA";"2698,93";"03/08/2026";"16:19:56"
"03/08/2026";"16:31:03";2026;2;"Eleição Ordinária";6259;"Eleições Gerais Estaduais 2026";"04/10/2026";"SP";"SP";"SÃO PAULO";250002536373;1;41;"Caderneta de poupança";"POUPANCA";"1,02";"03/08/2026";"16:20:32"
"03/08/2026";"16:31:03";2026;2;"Eleição Ordinária";6259;"Eleições Gerais Estaduais 2026";"04/10/2026";"SP";"SP";"SÃO PAULO";250002536373;2;99;"OUTROS BENS E DIREITOS";"RECEBIDO DE HERENÇA";"500000,00";"03/08/2026";"16:20:32"
"03/08/2026";"16:31:03";2026;2;"Eleição Ordinária";6259;"Eleições Gerais Estaduais 2026";"04/10/2026";"SP";"SP";"SÃO PAULO";250002536372;6;49;"Outras aplicações e Investimentos";"COE SANTANDER";"100000,00";"03/08/2026";"16:19:56"
"03/08/2026";"16:31:03";2026;2;"Eleição Ordinária";6259;"Eleições Gerais Estaduais 2026";"04/10/2026";"SP";"SP";"SÃO PAULO";250002536373;4;99;"OUTROS BENS E DIREITOS";"INFORMADO POR CNPJ 90.400.888/001/42";"604,11";"03/08/2026";"16:20:32"
"03/08/2026";"16:31:03";2026;2;"Eleição Ordinária";6259;"Eleições Gerais Estaduais 2026";"04/10/2026";"SP";"SP";"SÃO PAULO";250002536373;5;61;"Depósito bancário em conta corrente no País";"CONTA CORRENTE";"102,00";"03/08/2026";"16:20:32"
"03/08/2026";"16:31:03";2026;2;"Eleição Ordinária";6259;"Eleições Gerais Estaduais 2026";"04/10/2026";"SP";"SP";"SÃO PAULO";250002536373;3;99;"OUTROS BENS E DIREITOS";"DACAO EM PAGAMENTO DE APTO EM SAO PAULO";"300000,00";"03/08/2026";"16:20:32"
"03/08/2026";"16:31:03";2026;2;"Eleição Ordinária";6259;"Eleições Gerais Estaduais 2026";"04/10/2026";"SP";"SP";"SÃO PAULO";250002536374;1;12;"Casa";"146,2 MTS QUADRADOS";"60000,00";"03/08/2026";"16:20:55"
"03/08/2026";"16:31:03";2026;2;"Eleição Ordinária";6259;"Eleições Gerais Estaduais 2026";"04/10/2026";"SP";"SP";"SÃO PAULO";250002536374;2;12;"Casa";"552,00 MTS QUADRADOS";"120000,00";"03/08/2026";"16:20:55"
"03/08/2026";"16:31:03";2026;2;"Eleição Ordinária";6259;"Eleições Gerais Estaduais 2026";"04/10/2026";"SP";"SP";"SÃO PAULO";250002536374;3;16;"Construção";"ITAPEVI";"235000,00";"03/08/2026";"16:20:55"
"03/08/2026";"16:31:03";2026;2;"Eleição Ordinária";6259;"Eleições Gerais Estaduais 2026";"04/10/2026";"SP";"SP";"SÃO PAULO";250002536374;4;21;"Veículo automotor terrestre: caminhão, automóvel, moto, etc.";"CAMINHAO 2020";"120000,00";"03/08/2026";"16:20:55"
"03/08/2026";"16:31:03";2026;2;"Eleição Ordinária";6259;"Eleições Gerais Estaduais 2026";"04/10/2026";"SP";"SP";"SÃO PAULO";250002536375;2;45;"Aplicação de renda fixa (CDB, RDB e outros)";"50% DA APLICAÇÃO EM RENDA FIXA - BANCO XP INVESTIMENTOS";"88992,61";"03/08/2026";"16:20:28"
"03/08/2026";"16:31:03";2026;2;"Eleição Ordinária";6259;"Eleições Gerais Estaduais 2026";"04/10/2026";"SP";"SP";"SÃO PAULO";250002536375;1;45;"Aplicação de renda fixa (CDB, RDB e outros)";"50% DA APLICAÇÃO EM RENDA FIXA - BANCO XP INVESTIMENTOS";"42630,50";"03/08/2026";"16:20:28"
"03/08/2026";"16:31:03";2026;2;"Eleição Ordinária";6259;"Eleições Gerais Estaduais 2026";"04/10/2026";"SP";"SP";"SÃO PAULO";250002536375;4;32;"Quotas ou quinhões de capital";"100% DAS QUOTAS DA EMPRESA AVANCE NEGOCIOS CORPORATIVOS LTDA";"50000,00";"03/08/2026";"16:20:28"
"03/08/2026";"16:31:03";2026;2;"Eleição Ordinária";6259;"Eleições Gerais Estaduais 2026";"04/10/2026";"SP";"SP";"SÃO PAULO";250002536375;5;45;"Aplicação de renda fixa (CDB, RDB e outros)";"50% DA APLICAÇÃO NO TESOURO NACIONAL BANCO XP INVESTIMENTOS";"26669,86";"03/08/2026";"16:20:28"
"03/08/2026";"16:31:03";2026;2;"Eleição Ordinária";6259;"Eleições Gerais Estaduais 2026";"04/10/2026";"SP";"SP";"SÃO PAULO";250002536375;3;31;"Ações (inclusive as provenientes de linha telefônica)";"49.500 AÇÕES ORDINÁRIAS DA EMPRESA MIL MASTER HOLDING S/A";"49500,00";"03/08/2026";"16:20:28"
"03/08/2026";"16:31:03";2026;2;"Eleição Ordinária";6259;"Eleições Gerais Estaduais 2026";"04/10/2026";"SP";"SP";"SÃO PAULO";250002536375;7;61;"Depósito bancário em conta corrente no País";"50% DA CONTA CORRENTE NO BANCO XP INVESTIMENTOS";"4190,96";"03/08/2026";"16:20:28"
"03/08/2026";"16:31:03";2026;2;"Eleição Ordinária";6259;"Eleições Gerais Estaduais 2026";"04/10/2026";"SP";"SP";"SÃO PAULO";250002536375;6;72;"Fundo de Longo Prazo e Fundo de Investimentos em Direitos Creditórios (FIDC)";"50% DOS SALDOS NO TREND INS FIC FIRF SIMPLES - XP INVESTIMENTOS";"29628,99";"03/08/2026";"16:20:28"
"03/08/2026";"16:31:03";2026;2;"Eleição Ordinária";6259;"Eleições Gerais Estaduais 2026";"04/10/2026";"SP";"SP";"SÃO PAULO";250002536375;8;72;"Fundo de Longo Prazo e Fundo de Investimentos em Direitos Creditórios (FIDC)";"50% DOS SALDOS EM FUNDOS/CLUBES DE INVESTIMENTOS - XP INVESTIMENTOS";"4065,15";"03/08/2026";"16:20:28"
"03/08/2026";"16:31:03";2026;2;"Eleição Ordinária";6259;"Eleições Gerais Estaduais 2026";"04/10/2026";"SP";"SP";"SÃO PAULO";250002536376;2;21;"Veículo automotor terrestre: caminhão, automóvel, moto, etc.";"HONDA CIVIC LX 2002";"21000,00";"03/08/2026";"16:20:15"
"03/08/2026";"16:31:03";2026;2;"Eleição Ordinária";6259;"Eleições Gerais Estaduais 2026";"04/10/2026";"SP";"SP";"SÃO PAULO";250002536377;1;73;"Fundo de Investimento Imobiliário";"GGRC11";"4512,00";"03/08/2026";"16:20:12"
"03/08/2026";"16:31:03";2026;2;"Eleição Ordinária";6259;"Eleições Gerais Estaduais 2026";"04/10/2026";"SP";"SP";"SÃO PAULO";250002536376;1;13;"Terreno";"5.000M2 EM CAMPINAS SP";"1300000,00";"03/08/2026";"16:20:15"
"03/08/2026";"16:31:03";2026;2;"Eleição Ordinária";6259;"Eleições Gerais Estaduais 2026";"04/10/2026";"SP";"SP";"SÃO PAULO";250002536377;2;12;"Casa";"50% RESIDENCIA EM CONDOMINIO";"450000,00";"03/08/2026";"16:20:12"
"03/08/2026";"16:31:03";2026;2;"Eleição Ordinária";6259;"Eleições Gerais Estaduais 2026";"04/10/2026";"SP";"SP";"SÃO PAULO";250002536377;4;39;"Outras participações societárias";"AFAC - FRS HOLDING LTDA";"1216535,00";"03/08/2026";"16:20:12"
"03/08/2026";"16:31:03";2026;2;"Eleição Ordinária";6259;"Eleições Gerais Estaduais 2026";"04/10/2026";"SP";"SP";"SÃO PAULO";250002536377;3;13;"Terreno";"50% LOTE";"500000,00";"03/08/2026";"16:20:12"
"03/08/2026";"16:31:03";2026;2;"Eleição Ordinária";6259;"Eleições Gerais Estaduais 2026";"04/10/2026";"SP";"SP";"SÃO PAULO";250002536377;7;73;"Fundo de Investimento Imobiliário";"XPML11";"5371,00";"03/08/2026";"16:20:12"
"03/08/2026";"16:31:03";2026;2;"Eleição Ordinária";6259;"Eleições Gerais Estaduais 2026";"04/10/2026";"SP";"SP";"SÃO PAULO";250002536377;5;73;"Fundo de Investimento Imobiliário";"ITRI11";"7215,00";"03/08/2026";"16:20:12"
"03/08/2026";"16:31:03";2026;2;"Eleição Ordinária";6259;"Eleições Gerais Estaduais 2026";"04/10/2026";"SP";"SP";"SÃO PAULO";250002536377;6;31;"Ações (inclusive as provenientes de linha telefônica)";"AÇÕES ABEV3";"12535,00";"03/08/2026";"16:20:12"
"03/08/2026";"16:31:03";2026;2;"Eleição Ordinária";6259;"Eleições Gerais Estaduais 2026";"04/10/2026";"SP";"SP";"SÃO PAULO";250002536377;8;99;"OUTROS BENS E DIREITOS";"COTA EM CLUBE";"110000,00";"03/08/2026";"16:20:12"
"03/08/2026";"16:31:03";2026;2;"Eleição Ordinária";6259;"Eleições Gerais Estaduais 2026";"04/10/2026";"SP";"SP";"SÃO PAULO";250002536377;9;95;"Consórcio não contemplado";"CONSÓRCIO";"22986,00";"03/08/2026";"16:20:12"
"03/08/2026";"16:31:03";2026;2;"Eleição Ordinária";6259;"Eleições Gerais Estaduais 2026";"04/10/2026";"SP";"SP";"SÃO PAULO";250002536377;10;49;"Outras aplicações e Investimentos";"INVESTIMENTOS";"676,00";"03/08/2026";"16:20:12"
"03/08/2026";"16:31:03";2026;2;"Eleição Ordinária";6259;"Eleições Gerais Estaduais 2026";"04/10/2026";"SP";"SP";"SÃO PAULO";250002536377;11;31;"Ações (inclusive as provenientes de linha telefônica)";"AÇÕES ITUB3";"18420,00";"03/08/2026";"16:20:12"
"03/08/2026";"16:31:03";2026;2;"Eleição Ordinária";6259;"Eleições Gerais Estaduais 2026";"04/10/2026";"SP";"SP";"SÃO PAULO";250002536377;12;31;"Ações (inclusive as provenientes de linha telefônica)";"AÇÕES WEGE3";"26168,00";"03/08/2026";"16:20:12"
"03/08/2026";"16:31:03";2026;2;"Eleição Ordinária";6259;"Eleições Gerais Estaduais 2026";"04/10/2026";"SP";"SP";"SÃO PAULO";250002536377;13;31;"Ações (inclusive as provenientes de linha telefônica)";"ACOES SBSP3";"52460,00";"03/08/2026";"16:20:12"
"03/08/2026";"16:31:03";2026;2;"Eleição Ordinária";6259;"Eleições Gerais Estaduais 2026";"04/10/2026";"SP";"SP";"SÃO PAULO";250002536377;16;31;"Ações (inclusive as provenientes de linha telefônica)";"AÇÕES EGIE3";"12359,00";"03/08/2026";"16:20:12"
"03/08/2026";"16:31:03";2026;2;"Eleição Ordinária";6259;"Eleições Gerais Estaduais 2026";"04/10/2026";"SP";"SP";"SÃO PAULO";250002536377;14;61;"Depósito bancário em conta corrente no País";"SALDO C/C BANCO XP";"458,00";"03/08/2026";"16:20:12"
"03/08/2026";"16:31:03";2026;2;"Eleição Ordinária";6259;"Eleições Gerais Estaduais 2026";"04/10/2026";"SP";"SP";"SÃO PAULO";250002536377;15;61;"Depósito bancário em conta corrente no País";"SALDO CORRETORA DRIVEWEALTH";"33,00";"03/08/2026";"16:20:12"
"03/08/2026";"16:31:03";2026;2;"Eleição Ordinária";6259;"Eleições Gerais Estaduais 2026";"04/10/2026";"SP";"SP";"SÃO PAULO";250002536377;17;31;"Ações (inclusive as provenientes de linha telefônica)";"AÇÕES PSSA3";"4088,00";"03/08/2026";"16:20:12"
"03/08/2026";"16:31:03";2026;2;"Eleição Ordinária";6259;"Eleições Gerais Estaduais 2026";"04/10/2026";"SP";"SP";"SÃO PAULO";250002536377;18;31;"Ações (inclusive as provenientes de linha telefônica)";"AÇÕES RADL3";"11935,00";"03/08/2026";"16:20:12"
"03/08/2026";"16:31:03";2026;2;"Eleição Ordinária";6259;"Eleições Gerais Estaduais 2026";"04/10/2026";"SP";"SP";"SÃO PAULO";250002536377;19;39;"Outras participações societárias";"1,00% CAPITAL SOCIAL F2L ADMINISTRACAO DE BENS LTDA CFME. CONTRATO";"5460,00";"03/08/2026";"16:20:12"
"03/08/2026";"16:31:03";2026;2;"Eleição Ordinária";6259;"Eleições Gerais Estaduais 2026";"04/10/2026";"SP";"SP";"SÃO PAULO";250002536377;20;31;"Ações (inclusive as provenientes de linha telefônica)";"TITULAR FRS HOLDING LTDA";"96350,00";"03/08/2026";"16:20:12"
"03/08/2026";"16:31:03";2026;2;"Eleição Ordinária";6259;"Eleições Gerais Estaduais 2026";"04/10/2026";"SP";"SP";"SÃO PAULO";250002536380;1;39;"Outras participações societárias";"EMPRESA FABIANA DE LIMA BARROSO 41459315804";"20000,00";"03/08/2026";"16:19:59"
"03/08/2026";"16:31:03";2026;2;"Eleição Ordinária";6259;"Eleições Gerais Estaduais 2026";"04/10/2026";"SP";"SP";"SÃO PAULO";250002536380;2;49;"Outras aplicações e Investimentos";"EMPRESA FABIANA DE LIMA BARROSO 41459315804";"1582,00";"03/08/2026";"16:19:59"
"03/08/2026";"16:31:03";2026;2;"Eleição Ordinária";6259;"Eleições Gerais Estaduais 2026";"04/10/2026";"SP";"SP";"SÃO PAULO";250002536381;3;45;"Aplicação de renda fixa (CDB, RDB e outros)";"CAIXA ECONÔMICA FEDERAL";"45474,58";"03/08/2026";"16:20:38"
"03/08/2026";"16:31:03";2026;2;"Eleição Ordinária";6259;"Eleições Gerais Estaduais 2026";"04/10/2026";"SP";"SP";"SÃO PAULO";250002536381;1;41;"Caderneta de poupança";"POUPANÇA - CAIXA ECONÔMICA FEDERAL";"55,92";"03/08/2026";"16:20:38"
"03/08/2026";"16:31:03";2026;2;"Eleição Ordinária";6259;"Eleições Gerais Estaduais 2026";"04/10/2026";"SP";"SP";"SÃO PAULO";250002536381;2;99;"OUTROS BENS E DIREITOS";"SALDO EM CONTA XP INVESTIMENTOS CCTVM";"498,99";"03/08/2026";"16:20:38"
"03/08/2026";"16:31:03";2026;2;"Eleição Ordinária";6259;"Eleições Gerais Estaduais 2026";"04/10/2026";"SP";"SP";"SÃO PAULO";250002536381;4;12;"Casa";"IMÓVEL RESIDENCIAL DE 125,0 M2 EM SOROCABA/SP";"5716,33";"03/08/2026";"16:20:38"
"03/08/2026";"16:31:03";2026;2;"Eleição Ordinária";6259;"Eleições Gerais Estaduais 2026";"04/10/2026";"SP";"SP";"SÃO PAULO";250002536381;6;21;"Veículo automotor terrestre: caminhão, automóvel, moto, etc.";"VEÍCULO HYUNDAI - MODELO HB20S 1.6A";"50252,63";"03/08/2026";"16:20:38"
"03/08/2026";"16:31:03";2026;2;"Eleição Ordinária";6259;"Eleições Gerais Estaduais 2026";"04/10/2026";"SP";"SP";"SÃO PAULO";250002536381;5;41;"Caderneta de poupança";"POUPANÇA - ITAÚ UNIBANCO";"2958,04";"03/08/2026";"16:20:38"
"03/08/2026";"16:31:03";2026;2;"Eleição Ordinária";6259;"Eleições Gerais Estaduais 2026";"04/10/2026";"SP";"SP";"SÃO PAULO";250002536381;9;45;"Aplicação de renda fixa (CDB, RDB e outros)";"ITAÚ UNIBANCO";"18220,27";"03/08/2026";"16:20:38"
"03/08/2026";"16:31:03";2026;2;"Eleição Ordinária";6259;"Eleições Gerais Estaduais 2026";"04/10/2026";"SP";"SP";"SÃO PAULO";250002536381;7;31;"Ações (inclusive as provenientes de linha telefônica)";"113,3 AÇÕES ITUB4 - ITAÚ UNIBANCO HOLDING";"4444,75";"03/08/2026";"16:20:38"
"03/08/2026";"16:31:03";2026;2;"Eleição Ordinária";6259;"Eleições Gerais Estaduais 2026";"04/10/2026";"SP";"SP";"SÃO PAULO";250002536381;8;61;"Depósito bancário em conta corrente no País";"CONTA CORRENTE ITAU UNIBANCO";"1,00";"03/08/2026";"16:20:38"
"03/08/2026";"16:31:03";2026;2;"Eleição Ordinária";6259;"Eleições Gerais Estaduais 2026";"04/10/2026";"SP";"SP";"SÃO PAULO";250002536381;12;12;"Casa";"IMÓVEL RESIDENCIAL DE 125,0 M2 EM SOROCABA/SP";"5716,33";"03/08/2026";"16:20:38"
"03/08/2026";"16:31:03";2026;2;"Eleição Ordinária";6259;"Eleições Gerais Estaduais 2026";"04/10/2026";"SP";"SP";"SÃO PAULO";250002536381;11;31;"Ações (inclusive as provenientes de linha telefônica)";"2XPBR31 - XP INC";"183,50";"03/08/2026";"16:20:38"
"03/08/2026";"16:31:03";2026;2;"Eleição Ordinária";6259;"Eleições Gerais Estaduais 2026";"04/10/2026";"SP";"SP";"SÃO PAULO";250002536381;10;99;"OUTROS BENS E DIREITOS";"INFORMADO POR CNPJ: 02.332.886/0001-04";"498,99";"03/08/2026";"16:20:38"
"03/08/2026";"16:31:03";2026;2;"Eleição Ordinária";6259;"Eleições Gerais Estaduais 2026";"04/10/2026";"SP";"SP";"SÃO PAULO";250002536382;1;61;"Depósito bancário em conta corrente no País";"BANCO C6 CTVM LTD";"569,62";"03/08/2026";"16:20:51"
"03/08/2026";"16:31:03";2026;2;"Eleição Ordinária";6259;"Eleições Gerais Estaduais 2026";"04/10/2026";"SP";"SP";"SÃO PAULO";250002536381;13;13;"Terreno";"TERRENO DE 360,45M2 EM SOROCABA/SP";"100000,00";"03/08/2026";"16:20:38"
"03/08/2026";"16:31:03";2026;2;"Eleição Ordinária";6259;"Eleições Gerais Estaduais 2026";"04/10/2026";"SP";"SP";"SÃO PAULO";250002536381;14;13;"Terreno";"TERRENO DE 360,45M2 EM SOROCABA/SP";"100000,00";"03/08/2026";"16:20:38"
"03/08/2026";"16:31:03";2026;2;"Eleição Ordinária";6259;"Eleições Gerais Estaduais 2026";"04/10/2026";"SP";"SP";"SÃO PAULO";250002536382;2;63;"Dinheiro em espécie - moeda nacional";"DISPONIBILIDADE EM PODER DO DECLARANTE";"100000,00";"03/08/2026";"16:20:51"
"03/08/2026";"16:31:03";2026;2;"Eleição Ordinária";6259;"Eleições Gerais Estaduais 2026";"04/10/2026";"SP";"SP";"SÃO PAULO";250002536382;3;61;"Depósito bancário em conta corrente no País";"BANCO DO BRASIL";"5708,20";"03/08/2026";"16:20:51"
"03/08/2026";"16:31:03";2026;2;"Eleição Ordinária";6259;"Eleições Gerais Estaduais 2026";"04/10/2026";"SP";"SP";"SÃO PAULO";250002536382;4;61;"Depósito bancário em conta corrente no País";"BANCO DO BRASIL";"149169,32";"03/08/2026";"16:20:51"
"03/08/2026";"16:31:03";2026;2;"Eleição Ordinária";6259;"Eleições Gerais Estaduais 2026";"04/10/2026";"SP";"SP";"SÃO PAULO";250002536382;6;11;"Apartamento";"ADQUIRIDO DIREITOS DE COMPROMISSO DE UM APARTAMENTO, NO EMPREENDIMENTO DENOMINADO COLINAS DO LAGO, COM UMA VAGA DE GARAGEM, DE INCORPORADORA COLINAS DO PARK EMPREENDIMENTOS IMOBILIARIOS SPE LTDA";"191280,48";"03/08/2026";"16:20:51"
"03/08/2026";"16:31:03";2026;2;"Eleição Ordinária";6259;"Eleições Gerais Estaduais 2026";"04/10/2026";"SP";"SP";"SÃO PAULO";250002536382;7;61;"Depósito bancário em conta corrente no País";"BANCO DO BRASIL";"782,04";"03/08/2026";"16:20:51"
"03/08/2026";"16:31:03";2026;2;"Eleição Ordinária";6259;"Eleições Gerais Estaduais 2026";"04/10/2026";"SP";"SP";"SÃO PAULO";250002536382;5;61;"Depósito bancário em conta corrente no País";"WISE BRASIL INSTITUICAO DE PAGAMENTO";"2,29";"03/08/2026";"16:20:51"
"03/08/2026";"16:31:03";2026;2;"Eleição Ordinária";6259;"Eleições Gerais Estaduais 2026";"04/10/2026";"SP";"SP";"SÃO PAULO";250002536382;8;12;"Casa";"UMA CASA, CONSTRUIDA SOBRE UM TERRENO COM 367,33 M2, NO LOTEAMENTO DENOMINADO RESIDENCIAL EUROVILLE";"926499,41";"03/08/2026";"16:20:51"
"03/08/2026";"16:31:03";2026;2;"Eleição Ordinária";6259;"Eleições Gerais Estaduais 2026";"04/10/2026";"SP";"SP";"SÃO PAULO";250002536382;9;21;"Veículo automotor terrestre: caminhão, automóvel, moto, etc.";"UMA MOTOCICLETA, DA MARCA BMW, MODELO GS310 GS, COR BANCA, ANO DE FABRICACAO/MODELO 2024/2025";"39836,30";"03/08/2026";"16:20:51"
"03/08/2026";"16:31:03";2026;2;"Eleição Ordinária";6259;"Eleições Gerais Estaduais 2026";"04/10/2026";"SP";"SP";"SÃO PAULO";250002536385;1;12;"Casa";"SOBRADO 110M, COND. RIVIERA - ITU- SP";"82807,00";"03/08/2026";"16:20:32"
"03/08/2026";"16:31:03";2026;2;"Eleição Ordinária";6259;"Eleições Gerais Estaduais 2026";"04/10/2026";"SP";"SP";"SÃO PAULO";250002536385;4;21;"Veículo automotor terrestre: caminhão, automóvel, moto, etc.";"AUTOMOVEL KIA SORENTO 11";"83000,00";"03/08/2026";"16:20:32"
"03/08/2026";"16:31:03";2026;2;"Eleição Ordinária";6259;"Eleições Gerais Estaduais 2026";"04/10/2026";"SP";"SP";"SÃO PAULO";250002536385;3;21;"Veículo automotor terrestre: caminhão, automóvel, moto, etc.";"6,66% AUTOMOVEL FORD KA 13";"3466,16";"03/08/2026";"16:20:32"
"03/08/2026";"16:31:03";2026;2;"Eleição Ordinária";6259;"Eleições Gerais Estaduais 2026";"04/10/2026";"SP";"SP";"SÃO PAULO";250002536385;2;19;"Outros bens imóveis";"SALA COMERCIAL 20M , COND.J.L.BISPO- ITU-SP";"40963,36";"03/08/2026";"16:20:32"
"03/08/2026";"16:31:03";2026;2;"Eleição Ordinária";6259;"Eleições Gerais Estaduais 2026";"04/10/2026";"SP";"SP";"SÃO PAULO";250002536385;7;21;"Veículo automotor terrestre: caminhão, automóvel, moto, etc.";"16,66% AUTOMOVEL HONDA FIT18";"11642,66";"03/08/2026";"16:20:32"
"03/08/2026";"16:31:03";2026;2;"Eleição Ordinária";6259;"Eleições Gerais Estaduais 2026";"04/10/2026";"SP";"SP";"SÃO PAULO";250002536385;6;11;"Apartamento";"0,6941% IMOVEL 100M, OCND BARATA RIBEIRO 501, CAMPINAS -SP";"1785,69";"03/08/2026";"16:20:32"
"03/08/2026";"16:31:03";2026;2;"Eleição Ordinária";6259;"Eleições Gerais Estaduais 2026";"04/10/2026";"SP";"SP";"SÃO PAULO";250002536385;5;61;"Depósito bancário em conta corrente no País";"CONTA CORRENTE POUPANÇA SANTANDER";"8000,00";"03/08/2026";"16:20:32"
"03/08/2026";"16:31:03";2026;2;"Eleição Ordinária";6259;"Eleições Gerais Estaduais 2026";"04/10/2026";"SP";"SP";"SÃO PAULO";250002536385;9;21;"Veículo automotor terrestre: caminhão, automóvel, moto, etc.";"AUTOMOVEL WV GOL 22";"52900,00";"03/08/2026";"16:20:32"
"03/08/2026";"16:31:03";2026;2;"Eleição Ordinária";6259;"Eleições Gerais Estaduais 2026";"04/10/2026";"SP";"SP";"SÃO PAULO";250002536385;10;11;"Apartamento";"16,66% IMOVEL DE 100M ,COND CIDADES DO MEXICO -CAMPINAS-SP";"68333,33";"03/08/2026";"16:20:32"
"03/08/2026";"16:31:03";2026;2;"Eleição Ordinária";6259;"Eleições Gerais Estaduais 2026";"04/10/2026";"SP";"SP";"SÃO PAULO";250002536385;8;19;"Outros bens imóveis";"BOX/ GARAGEM 18M , COND CIDADES DO MEXICO- CAMPINAS-SP";"3333,33";"03/08/2026";"16:20:32"
"03/08/2026";"16:31:03";2026;2;"Eleição Ordinária";6259;"Eleições Gerais Estaduais 2026";"04/10/2026";"SP";"SP";"SÃO PAULO";250002536386;1;19;"Outros bens imóveis";"PREDIO COMERCIAL EM TAUBATE";"80000,00";"03/08/2026";"16:20:59"
"03/08/2026";"16:31:03";2026;2;"Eleição Ordinária";6259;"Eleições Gerais Estaduais 2026";"04/10/2026";"SP";"SP";"SÃO PAULO";250002536386;2;13;"Terreno";"LOTE DE TERRENO EM TAUBATE";"140000,00";"03/08/2026";"16:20:59"
"03/08/2026";"16:31:03";2026;2;"Eleição Ordinária";6259;"Eleições Gerais Estaduais 2026";"04/10/2026";"SP";"SP";"SÃO PAULO";250002536386;3;13;"Terreno";"LOTE DE TERRENO EM TAUBATE";"22814,04";"03/08/2026";"16:20:59"
"03/08/2026";"16:31:03";2026;2;"Eleição Ordinária";6259;"Eleições Gerais Estaduais 2026";"04/10/2026";"SP";"SP";"SÃO PAULO";250002536386;4;13;"Terreno";"LOTE DE TERRENO EM TAUBATE";"22814,04";"03/08/2026";"16:20:59"
"03/08/2026";"16:31:03";2026;2;"Eleição Ordinária";6259;"Eleições Gerais Estaduais 2026";"04/10/2026";"SP";"SP";"SÃO PAULO";250002536386;5;19;"Outros bens imóveis";"DIREITOS SOBRE UM TERRENO SEM BENFEITORIA EM TAUBATE";"40000,00";"03/08/2026";"16:20:59"
"03/08/2026";"16:31:03";2026;2;"Eleição Ordinária";6259;"Eleições Gerais Estaduais 2026";"04/10/2026";"SP";"SP";"SÃO PAULO";250002536386;6;19;"Outros bens imóveis";"DIREITOS SOBRE TERRENO EM TAUBATE";"40000,00";"03/08/2026";"16:20:59"
"03/08/2026";"16:31:03";2026;2;"Eleição Ordinária";6259;"Eleições Gerais Estaduais 2026";"04/10/2026";"SP";"SP";"SÃO PAULO";250002536386;7;21;"Veículo automotor terrestre: caminhão, automóvel, moto, etc.";"JEEP COMPASS 2017";"114800,00";"03/08/2026";"16:20:59"
"03/08/2026";"16:31:03";2026;2;"Eleição Ordinária";6259;"Eleições Gerais Estaduais 2026";"04/10/2026";"SP";"SP";"SÃO PAULO";250002536386;8;32;"Quotas ou quinhões de capital";"COTAS DE CAPITAL DA FIRMA MARCIA ELIZA DA SILVA";"5000,00";"03/08/2026";"16:20:59"
"03/08/2026";"16:31:03";2026;2;"Eleição Ordinária";6259;"Eleições Gerais Estaduais 2026";"04/10/2026";"SP";"SP";"SÃO PAULO";250002536386;9;61;"Depósito bancário em conta corrente no País";"CONTA SALARIO BANCO DO BRASIL";"43,52";"03/08/2026";"16:20:59"
"03/08/2026";"16:31:03";2026;2;"Eleição Ordinária";6259;"Eleições Gerais Estaduais 2026";"04/10/2026";"SP";"SP";"SÃO PAULO";250002536387;1;41;"Caderneta de poupança";"INSTITUIÇÃO NUBANK";"120000,00";"03/08/2026";"16:20:08"
"03/08/2026";"16:31:03";2026;2;"Eleição Ordinária";6259;"Eleições Gerais Estaduais 2026";"04/10/2026";"SP";"SP";"SÃO PAULO";250002536386;11;95;"Consórcio não contemplado";"BB CONSORCIO DE ELETROELETRONI";"2938,63";"03/08/2026";"16:20:59"
"03/08/2026";"16:31:03";2026;2;"Eleição Ordinária";6259;"Eleições Gerais Estaduais 2026";"04/10/2026";"SP";"SP";"SÃO PAULO";250002536386;10;97;"VGBL - Vida Gerador de Benefício Livre";"CONTA CORRENTE E VGBL";"855,29";"03/08/2026";"16:20:59"
"03/08/2026";"16:31:03";2026;2;"Eleição Ordinária";6259;"Eleições Gerais Estaduais 2026";"04/10/2026";"SP";"SP";"SÃO PAULO";250002536388;2;21;"Veículo automotor terrestre: caminhão, automóvel, moto, etc.";"CARRO";"18000,00";"03/08/2026";"16:20:14"
"03/08/2026";"16:31:03";2026;2;"Eleição Ordinária";6259;"Eleições Gerais Estaduais 2026";"04/10/2026";"SP";"SP";"SÃO PAULO";250002536387;2;31;"Ações (inclusive as provenientes de linha telefônica)";"CORRETORA RICO INVESTIMENTOS";"150000,00";"03/08/2026";"16:20:08"
"03/08/2026";"16:31:03";2026;2;"Eleição Ordinária";6259;"Eleições Gerais Estaduais 2026";"04/10/2026";"SP";"SP";"SÃO PAULO";250002536388;1;39;"Outras participações societárias";"PRAXIS CORP";"50000,00";"03/08/2026";"16:20:14"
"03/08/2026";"16:31:03";2026;2;"Eleição Ordinária";6259;"Eleições Gerais Estaduais 2026";"04/10/2026";"SP";"SP";"SÃO PAULO";250002536388;3;21;"Veículo automotor terrestre: caminhão, automóvel, moto, etc.";"CARRO";"90000,00";"03/08/2026";"16:20:14"
"03/08/2026";"16:31:03";2026;2;"Eleição Ordinária";6259;"Eleições Gerais Estaduais 2026";"04/10/2026";"SP";"SP";"SÃO PAULO";250002536388;4;45;"Aplicação de renda fixa (CDB, RDB e outros)";"CDB";"26907,92";"03/08/2026";"16:20:14"
"03/08/2026";"16:31:03";2026;2;"Eleição Ordinária";6259;"Eleições Gerais Estaduais 2026";"04/10/2026";"SP";"SP";"SÃO PAULO";250002536388;5;49;"Outras aplicações e Investimentos";"CRIPTOATIVOS";"13645,05";"03/08/2026";"16:20:14"
"03/08/2026";"16:31:03";2026;2;"Eleição Ordinária";6259;"Eleições Gerais Estaduais 2026";"04/10/2026";"SP";"SP";"SÃO PAULO";250002536388;6;63;"Dinheiro em espécie - moeda nacional";"DINHEIRO EM ESPÉCIE";"38000,00";"03/08/2026";"16:20:14"
"03/08/2026";"16:31:03";2026;2;"Eleição Ordinária";6259;"Eleições Gerais Estaduais 2026";"04/10/2026";"SP";"SP";"SÃO PAULO";250002536388;7;19;"Outros bens imóveis";"APARTAMENTO EM SÃO PAULO/SP";"187427,62";"03/08/2026";"16:20:14"
"03/08/2026";"16:31:03";2026;2;"Eleição Ordinária";6259;"Eleições Gerais Estaduais 2026";"04/10/2026";"SP";"SP";"SÃO PAULO";250002536388;8;19;"Outros bens imóveis";"FRAÇÃO DE APARTAMENTO EM GUARULHOS/SP";"507858,50";"03/08/2026";"16:20:14"
"03/08/2026";"16:31:03";2026;2;"Eleição Ordinária";6259;"Eleições Gerais Estaduais 2026";"04/10/2026";"SP";"SP";"SÃO PAULO";250002536389;2;21;"Veículo automotor terrestre: caminhão, automóvel, moto, etc.";"CAMINHÃO GM/CHEVROLET  ABO FAB. 1964";"43000,00";"03/08/2026";"16:30:56"
"03/08/2026";"16:31:03";2026;2;"Eleição Ordinária";6259;"Eleições Gerais Estaduais 2026";"04/10/2026";"SP";"SP";"SÃO PAULO";250002536388;9;49;"Outras aplicações e Investimentos";"COTAS DE TESOURO DIRETO";"17450,89";"03/08/2026";"16:20:14"
"03/08/2026";"16:31:03";2026;2;"Eleição Ordinária";6259;"Eleições Gerais Estaduais 2026";"04/10/2026";"SP";"SP";"SÃO PAULO";250002536389;1;49;"Outras aplicações e Investimentos";"SALDO EM CONTA APLICAÇÃO CDB-DI RENDE FACIL  BANCO DO BRASIL";"36192,86";"03/08/2026";"16:30:56"
"03/08/2026";"16:31:03";2026;2;"Eleição Ordinária";6259;"Eleições Gerais Estaduais 2026";"04/10/2026";"SP";"SP";"SÃO PAULO";250002536389;4;61;"Depósito bancário em conta corrente no País";"SALDO EM CONTA CORRENTE BANCO DO BRASIL";"3609,34";"03/08/2026";"16:30:56"
"03/08/2026";"16:31:03";2026;2;"Eleição Ordinária";6259;"Eleições Gerais Estaduais 2026";"04/10/2026";"SP";"SP";"SÃO PAULO";250002536389;5;23;"Embarcação";"EMBARCAÇÃO MOD. ROSS MARINER SR 220 - MODELO ICON";"206000,00";"03/08/2026";"16:30:56"
"03/08/2026";"16:31:03";2026;2;"Eleição Ordinária";6259;"Eleições Gerais Estaduais 2026";"04/10/2026";"SP";"SP";"SÃO PAULO";250002536389;3;49;"Outras aplicações e Investimentos";"SALDO EM CONTA APLICAÇÃO BANCO BRADESCO - AG. 0076";"63790,22";"03/08/2026";"16:30:56"
"03/08/2026";"16:31:03";2026;2;"Eleição Ordinária";6259;"Eleições Gerais Estaduais 2026";"04/10/2026";"SP";"SP";"SÃO PAULO";250002536389;8;31;"Ações (inclusive as provenientes de linha telefônica)";"COTAS DE CAPITAL EMPRESA AGUA E SOL EMPREEND. MOBILIARIOS LTDA";"588000,00";"03/08/2026";"16:30:56"
"03/08/2026";"16:31:03";2026;2;"Eleição Ordinária";6259;"Eleições Gerais Estaduais 2026";"04/10/2026";"SP";"SP";"SÃO PAULO";250002536389;6;13;"Terreno";"TERRENO STA. CRUZ RIO PARDO";"7382,00";"03/08/2026";"16:30:56"
"03/08/2026";"16:31:03";2026;2;"Eleição Ordinária";6259;"Eleições Gerais Estaduais 2026";"04/10/2026";"SP";"SP";"SÃO PAULO";250002536389;7;19;"Outros bens imóveis";"ACADEMIA CONSTRUIDA - SANTA CRUZ DO RIO PARDO";"86750,00";"03/08/2026";"16:30:56"
"03/08/2026";"16:31:03";2026;2;"Eleição Ordinária";6259;"Eleições Gerais Estaduais 2026";"04/10/2026";"SP";"SP";"SÃO PAULO";250002536389;11;21;"Veículo automotor terrestre: caminhão, automóvel, moto, etc.";"MOTO HONDA NXR 160 BROS ESDP ANO FAB. 2021/2022";"17950,00";"03/08/2026";"16:30:56"
"03/08/2026";"16:31:03";2026;2;"Eleição Ordinária";6259;"Eleições Gerais Estaduais 2026";"04/10/2026";"SP";"SP";"SÃO PAULO";250002536389;10;61;"Depósito bancário em conta corrente no País";"SALDO EM CONTA CORRENTE BANCO DO BRASIL";"5340,06";"03/08/2026";"16:30:56"
"03/08/2026";"16:31:03";2026;2;"Eleição Ordinária";6259;"Eleições Gerais Estaduais 2026";"04/10/2026";"SP";"SP";"SÃO PAULO";250002536389;9;95;"Consórcio não contemplado";"CONSORCIO B.BRASIL - AUTOMOVEL";"38862,48";"03/08/2026";"16:30:56"
"03/08/2026";"16:31:03";2026;2;"Eleição Ordinária";6259;"Eleições Gerais Estaduais 2026";"04/10/2026";"SP";"SP";"SÃO PAULO";250002536389;12;21;"Veículo automotor terrestre: caminhão, automóvel, moto, etc.";"CAMINHÃO MERCEDES BENZ/715 C - ANO FAB. 2005";"42000,00";"03/08/2026";"16:30:56"
"03/08/2026";"16:31:03";2026;2;"Eleição Ordinária";6259;"Eleições Gerais Estaduais 2026";"04/10/2026";"SP";"SP";"SÃO PAULO";250002536389;14;26;"Linha telefônica";"LINHA TELEFONICA CELULAR";"1000,00";"03/08/2026";"16:30:56"
"03/08/2026";"16:31:03";2026;2;"Eleição Ordinária";6259;"Eleições Gerais Estaduais 2026";"04/10/2026";"SP";"SP";"SÃO PAULO";250002536389;13;49;"Outras aplicações e Investimentos";"SALDO EM CONTA APLICAÇÃO BANCO DO BRASIL";"57000,00";"03/08/2026";"16:30:56"
"03/08/2026";"16:31:03";2026;2;"Eleição Ordinária";6259;"Eleições Gerais Estaduais 2026";"04/10/2026";"SP";"SP";"SÃO PAULO";250002536389;15;12;"Casa";"CASA RESIDENCIAL -  SANTA CRUZ DO RIO PARDO";"397753,55";"03/08/2026";"16:30:56"
"03/08/2026";"16:31:03";2026;2;"Eleição Ordinária";6259;"Eleições Gerais Estaduais 2026";"04/10/2026";"SP";"SP";"SÃO PAULO";250002536389;16;21;"Veículo automotor terrestre: caminhão, automóvel, moto, etc.";"AUTOMOVEL VW/FUSCA 1300 - ANO FAB. 1970";"6500,00";"03/08/2026";"16:30:56"
"03/08/2026";"16:31:03";2026;2;"Eleição Ordinária";6259;"Eleições Gerais Estaduais 2026";"04/10/2026";"SP";"SP";"SÃO PAULO";250002536391;1;21;"Veículo automotor terrestre: caminhão, automóvel, moto, etc.";"HYNDAY NEW HB20 X 1.6 A EVOLUTION ANO 2020/2021";"71000,00";"03/08/2026";"16:31:00"
"03/08/2026";"16:31:03";2026;2;"Eleição Ordinária";6259;"Eleições Gerais Estaduais 2026";"04/10/2026";"SP";"SP";"SÃO PAULO";250002536391;4;45;"Aplicação de renda fixa (CDB, RDB e outros)";"RENDA FIXA - SULAMERICA";"150315,90";"03/08/2026";"16:31:00"
"03/08/2026";"16:31:03";2026;2;"Eleição Ordinária";6259;"Eleições Gerais Estaduais 2026";"04/10/2026";"SP";"SP";"SÃO PAULO";250002536391;2;99;"OUTROS BENS E DIREITOS";"SICREDI";"200000,00";"03/08/2026";"16:31:00"
"03/08/2026";"16:31:03";2026;2;"Eleição Ordinária";6259;"Eleições Gerais Estaduais 2026";"04/10/2026";"SP";"SP";"SÃO PAULO";250002536391;3;97;"VGBL - Vida Gerador de Benefício Livre";"SICREDI";"242222,86";"03/08/2026";"16:31:00"
"03/08/2026";"16:31:03";2026;2;"Eleição Ordinária";6259;"Eleições Gerais Estaduais 2026";"04/10/2026";"SP";"SP";"SÃO PAULO";250002536391;6;21;"Veículo automotor terrestre: caminhão, automóvel, moto, etc.";"FORD RANGER XL - ANO 1996/1996";"10000,00";"03/08/2026";"16:31:00"
"03/08/2026";"16:31:03";2026;2;"Eleição Ordinária";6259;"Eleições Gerais Estaduais 2026";"04/10/2026";"SP";"SP";"SÃO PAULO";250002536391;7;21;"Veículo automotor terrestre: caminhão, automóvel, moto, etc.";"GWM HAVAL H6 - PREM - HEV - 2024/2025";"216000,00";"03/08/2026";"16:31:00"
"03/08/2026";"16:31:03";2026;2;"Eleição Ordinária";6259;"Eleições Gerais Estaduais 2026";"04/10/2026";"SP";"SP";"SÃO PAULO";250002536391;5;19;"Outros bens imóveis";"SITIO 50% COM ÁREA DE 9,6 HECT - SANTA GERTRUDES - SP";"8928,81";"03/08/2026";"16:31:00"
"03/08/2026";"16:31:03";2026;2;"Eleição Ordinária";6259;"Eleições Gerais Estaduais 2026";"04/10/2026";"SP";"SP";"SÃO PAULO";250002536391;8;32;"Quotas ou quinhões de capital";"QUOTAS DE CAPITAL - EMPRESA DE DV2 GESTÃO DE ATIVOS PROPRIOS LTDA";"1400000,00";"03/08/2026";"16:31:00"
"03/08/2026";"16:31:03";2026;2;"Eleição Ordinária";6259;"Eleições Gerais Estaduais 2026";"04/10/2026";"SP";"SP";"SÃO PAULO";250002536391;9;32;"Quotas ou quinhões de capital";"QUOTAS DE CAPITAL - SICREDI";"9396,51";"03/08/2026";"16:31:00"
"03/08/2026";"16:31:03";2026;2;"Eleição Ordinária";6259;"Eleições Gerais Estaduais 2026";"04/10/2026";"SP";"SP";"SÃO PAULO";250002536391;10;45;"Aplicação de renda fixa (CDB, RDB e outros)";"RENDA FIXA - XP";"514687,76";"03/08/2026";"16:31:00"
"03/08/2026";"16:31:03";2026;2;"Eleição Ordinária";6259;"Eleições Gerais Estaduais 2026";"04/10/2026";"SP";"SP";"SÃO PAULO";250002536391;13;32;"Quotas ou quinhões de capital";"QUOTAS DE CAPITAL - EMPRESA GVK3 HLD EMPRESARIAL E CONSULTORIA LTDA";"10000,00";"03/08/2026";"16:31:00"
"03/08/2026";"16:31:03";2026;2;"Eleição Ordinária";6259;"Eleições Gerais Estaduais 2026";"04/10/2026";"SP";"SP";"SÃO PAULO";250002536391;12;45;"Aplicação de renda fixa (CDB, RDB e outros)";"RENDA FIXA - SICRED";"951198,87";"03/08/2026";"16:31:00"
"03/08/2026";"16:31:03";2026;2;"Eleição Ordinária";6259;"Eleições Gerais Estaduais 2026";"04/10/2026";"SP";"SP";"SÃO PAULO";250002536391;11;61;"Depósito bancário em conta corrente no País";"CONTA CORRENTE - XP";"5264,91";"03/08/2026";"16:31:00"
"03/08/2026";"16:31:03";2026;2;"Eleição Ordinária";6259;"Eleições Gerais Estaduais 2026";"04/10/2026";"SP";"SP";"SÃO PAULO";250002536391;14;32;"Quotas ou quinhões de capital";"QUOTAS DE CAPITAL - EMPRESA FAMIGLIA ADMINISTRAÇÃO DE BENS PRÓPROIOS LTDA";"635000,00";"03/08/2026";"16:31:00"
"03/08/2026";"16:31:03";2026;2;"Eleição Ordinária";6259;"Eleições Gerais Estaduais 2026";"04/10/2026";"SP";"SP";"SÃO PAULO";250002536391;16;99;"OUTROS BENS E DIREITOS";"BRADESCO";"5124,90";"03/08/2026";"16:31:00"
"03/08/2026";"16:31:03";2026;2;"Eleição Ordinária";6259;"Eleições Gerais Estaduais 2026";"04/10/2026";"SP";"SP";"SÃO PAULO";250002536391;15;61;"Depósito bancário em conta corrente no País";"RENDA FIXA - BANCO BRADESCO";"18845,16";"03/08/2026";"16:31:00"
"03/08/2026";"16:31:03";2026;2;"Eleição Ordinária";6259;"Eleições Gerais Estaduais 2026";"04/10/2026";"SP";"SP";"SÃO PAULO";250002536391;17;62;"Depósito bancário em conta corrente no exterior";"CITIBANK EUA  - ROLTING NUMBER";"200003,09";"03/08/2026";"16:31:00"
"03/08/2026";"16:31:03";2026;2;"Eleição Ordinária";6259;"Eleições Gerais Estaduais 2026";"04/10/2026";"SP";"SP";"SÃO PAULO";250002536392;1;61;"Depósito bancário em conta corrente no País";"DEPÓSITO ORIUNDO DO TRABALHO ASSALARIADO";"27,49";"03/08/2026";"16:20:52"
"03/08/2026";"16:31:03";2026;2;"Eleição Ordinária";6259;"Eleições Gerais Estaduais 2026";"04/10/2026";"SP";"SP";"SÃO PAULO";250002536392;2;49;"Outras aplicações e Investimentos";"FUNDOS DE INVESTIMENTOS EM COTAS FIRF";"129020,53";"03/08/2026";"16:20:52"
"03/08/2026";"16:31:03";2026;2;"Eleição Ordinária";6259;"Eleições Gerais Estaduais 2026";"04/10/2026";"SP";"SP";"SÃO PAULO";250002536393;1;12;"Casa";"IMÓVEL FINANCIADO COM 200 M² EM CAMPINASSP";"600000,00";"03/08/2026";"16:20:45"
"03/08/2026";"16:31:03";2026;2;"Eleição Ordinária";6259;"Eleições Gerais Estaduais 2026";"04/10/2026";"SP";"SP";"SÃO PAULO";250002536392;3;45;"Aplicação de renda fixa (CDB, RDB e outros)";"APLICAÇÕES EM CDB";"28575,05";"03/08/2026";"16:20:52"
"03/08/2026";"16:31:03";2026;2;"Eleição Ordinária";6259;"Eleições Gerais Estaduais 2026";"04/10/2026";"SP";"SP";"SÃO PAULO";250002536392;4;61;"Depósito bancário em conta corrente no País";"DEPÓSITO EM CONTA CORRENTE";"203,20";"03/08/2026";"16:20:52"
"03/08/2026";"16:31:03";2026;2;"Eleição Ordinária";6259;"Eleições Gerais Estaduais 2026";"04/10/2026";"SP";"SP";"SÃO PAULO";250002536393;2;95;"Consórcio não contemplado";"CONSORCIO BRADESCO";"6444,90";"03/08/2026";"16:20:45"
"03/08/2026";"16:31:03";2026;2;"Eleição Ordinária";6259;"Eleições Gerais Estaduais 2026";"04/10/2026";"SP";"SP";"SÃO PAULO";250002536393;3;99;"OUTROS BENS E DIREITOS";"BRADESCO VIDA E PREVIDENCIA";"695000,00";"03/08/2026";"16:20:45"
"03/08/2026";"16:31:03";2026;2;"Eleição Ordinária";6259;"Eleições Gerais Estaduais 2026";"04/10/2026";"SP";"SP";"SÃO PAULO";250002536393;4;11;"Apartamento";"50% DO IMÓVEL COM 268,2 M² SITUADO NA PRAIA GRANDE - SP";"500000,00";"03/08/2026";"16:20:45"
"03/08/2026";"16:31:03";2026;2;"Eleição Ordinária";6259;"Eleições Gerais Estaduais 2026";"04/10/2026";"SP";"SP";"SÃO PAULO";250002536393;5;45;"Aplicação de renda fixa (CDB, RDB e outros)";"CDB ITAU";"3013,80";"03/08/2026";"16:20:45"
"03/08/2026";"16:31:03";2026;2;"Eleição Ordinária";6259;"Eleições Gerais Estaduais 2026";"04/10/2026";"SP";"SP";"SÃO PAULO";250002536393;6;12;"Casa";"IMÓVEL COM 287,2 M² SITUADO EM CAMPINAS-SP";"550000,00";"03/08/2026";"16:20:45"
"03/08/2026";"16:31:03";2026;2;"Eleição Ordinária";6259;"Eleições Gerais Estaduais 2026";"04/10/2026";"SP";"SP";"SÃO PAULO";250002536393;7;12;"Casa";"IMÓVEL COM 263,7 M² EM CAMPINAS-SP";"1200000,00";"03/08/2026";"16:20:45"
"03/08/2026";"16:31:03";2026;2;"Eleição Ordinária";6259;"Eleições Gerais Estaduais 2026";"04/10/2026";"SP";"SP";"SÃO PAULO";250002536393;8;11;"Apartamento";"IMÓVEL SITUADO NA RUA AZALEIA PRAIA GRANDE-SP";"200000,00";"03/08/2026";"16:20:45"
"03/08/2026";"16:31:03";2026;2;"Eleição Ordinária";6259;"Eleições Gerais Estaduais 2026";"04/10/2026";"SP";"SP";"SÃO PAULO";250002536393;10;11;"Apartamento";"50% DO IMÓVEL COM 271,4 M² SITUADO NA PRAIA GRANDE - SP";"500000,00";"03/08/2026";"16:20:45"
"03/08/2026";"16:31:03";2026;2;"Eleição Ordinária";6259;"Eleições Gerais Estaduais 2026";"04/10/2026";"SP";"SP";"SÃO PAULO";250002536393;9;11;"Apartamento";"50% DO IMÓVEL SITUADO EM SANTOS-SP";"69284,74";"03/08/2026";"16:20:45"
"03/08/2026";"16:31:03";2026;2;"Eleição Ordinária";6259;"Eleições Gerais Estaduais 2026";"04/10/2026";"SP";"SP";"SÃO PAULO";250002536393;11;11;"Apartamento";"IMÓVEL FINANCIADO COM 200 M² SITUADO EM SANTOS/SP";"750000,00";"03/08/2026";"16:20:45"
"03/08/2026";"16:31:03";2026;2;"Eleição Ordinária";6259;"Eleições Gerais Estaduais 2026";"04/10/2026";"SP";"SP";"SÃO PAULO";250002536393;12;95;"Consórcio não contemplado";"CONSORCIO BRADESCO";"6444,90";"03/08/2026";"16:20:45"
"03/08/2026";"16:31:03";2026;2;"Eleição Ordinária";6259;"Eleições Gerais Estaduais 2026";"04/10/2026";"SP";"SP";"SÃO PAULO";250002536393;13;11;"Apartamento";"IMÓVEL SITUADO NA RUA AZALEIA PRAIA GRANDE-SP";"200000,00";"03/08/2026";"16:20:45"
"03/08/2026";"16:31:03";2026;2;"Eleição Ordinária";6259;"Eleições Gerais Estaduais 2026";"04/10/2026";"SP";"SP";"SÃO PAULO";250002536393;14;11;"Apartamento";"IMÓVEL COM 80,9 M² SITUADO EM SANTOS/SP";"105000,00";"03/08/2026";"16:20:45"
"03/08/2026";"16:31:03";2026;2;"Eleição Ordinária";6259;"Eleições Gerais Estaduais 2026";"04/10/2026";"SP";"SP";"SÃO PAULO";250002536393;15;95;"Consórcio não contemplado";"CONSORCIO BRADESCO";"93979,62";"03/08/2026";"16:20:45"
"03/08/2026";"16:31:03";2026;2;"Eleição Ordinária";6259;"Eleições Gerais Estaduais 2026";"04/10/2026";"SP";"SP";"SÃO PAULO";250002536393;16;49;"Outras aplicações e Investimentos";"FUNDO DE INVESTIMENTO ÁGORA";"50000,00";"03/08/2026";"16:20:45"
"03/08/2026";"16:31:03";2026;2;"Eleição Ordinária";6259;"Eleições Gerais Estaduais 2026";"04/10/2026";"SP";"SP";"SÃO PAULO";250002536393;17;61;"Depósito bancário em conta corrente no País";"BRADESCO";"1,00";"03/08/2026";"16:20:45"
"03/08/2026";"16:31:03";2026;2;"Eleição Ordinária";6259;"Eleições Gerais Estaduais 2026";"04/10/2026";"SP";"SP";"SÃO PAULO";250002536393;18;61;"Depósito bancário em conta corrente no País";"BANCO DO BRASIL";"273225,00";"03/08/2026";"16:20:45"
"03/08/2026";"16:31:03";2026;2;"Eleição Ordinária";6259;"Eleições Gerais Estaduais 2026";"04/10/2026";"SP";"SP";"SÃO PAULO";250002536393;19;92;"Título de clube e assemelhado";"TÍTULO PATRIMONIAL CLUBE WAVE";"230500,00";"03/08/2026";"16:20:45"
"03/08/2026";"16:31:03";2026;2;"Eleição Ordinária";6259;"Eleições Gerais Estaduais 2026";"04/10/2026";"SP";"SP";"SÃO PAULO";250002536393;20;45;"Aplicação de renda fixa (CDB, RDB e outros)";"APLICAÇÃO BRADESCO";"17019,50";"03/08/2026";"16:20:45"
"03/08/2026";"16:31:03";2026;2;"Eleição Ordinária";6259;"Eleições Gerais Estaduais 2026";"04/10/2026";"SP";"SP";"SÃO PAULO";250002536393;22;11;"Apartamento";"IMÓVEL SITUADO NA RUA AZALEIA PRAIA GRANDE-SP";"200000,00";"03/08/2026";"16:20:45"
"03/08/2026";"16:31:03";2026;2;"Eleição Ordinária";6259;"Eleições Gerais Estaduais 2026";"04/10/2026";"SP";"SP";"SÃO PAULO";250002536393;21;49;"Outras aplicações e Investimentos";"FUNDO DE INVESTIMENTO BRADESCOREFERENCIADO DI MAX";"3418,69";"03/08/2026";"16:20:45"
"03/08/2026";"16:31:03";2026;2;"Eleição Ordinária";6259;"Eleições Gerais Estaduais 2026";"04/10/2026";"SP";"SP";"SÃO PAULO";250002536393;24;32;"Quotas ou quinhões de capital";"QUOTAS DO CAPITAL SOCIAL DA HOLDING FAMILIAR MANSUR PARTICIPAÇÕES";"1409054,00";"03/08/2026";"16:20:45"
"03/08/2026";"16:31:03";2026;2;"Eleição Ordinária";6259;"Eleições Gerais Estaduais 2026";"04/10/2026";"SP";"SP";"SÃO PAULO";250002536393;25;32;"Quotas ou quinhões de capital";"QUOTAS DO CAPITAL SOCIAL DA EMPRESA TELESHOP PRODUÇÕES LTDA.";"95500,00";"03/08/2026";"16:20:45"
"03/08/2026";"16:31:03";2026;2;"Eleição Ordinária";6259;"Eleições Gerais Estaduais 2026";"04/10/2026";"SP";"SP";"SÃO PAULO";250002536393;23;11;"Apartamento";"IMÓVEL SITUADO NA RUA AZALEIA PRAIA GRANDE-SP";"220000,00";"03/08/2026";"16:20:45"
"03/08/2026";"16:31:03";2026;2;"Eleição Ordinária";6259;"Eleições Gerais Estaduais 2026";"04/10/2026";"SP";"SP";"SÃO PAULO";250002536393;27;95;"Consórcio não contemplado";"CONSORCIO BRADESCO";"94279,33";"03/08/2026";"16:20:45"
"03/08/2026";"16:31:03";2026;2;"Eleição Ordinária";6259;"Eleições Gerais Estaduais 2026";"04/10/2026";"SP";"SP";"SÃO PAULO";250002536393;26;95;"Consórcio não contemplado";"CONSORCIO BRADESCO";"292751,87";"03/08/2026";"16:20:45"
"03/08/2026";"16:31:03";2026;2;"Eleição Ordinária";6259;"Eleições Gerais Estaduais 2026";"04/10/2026";"SP";"SP";"SÃO PAULO";250002536395;1;97;"VGBL - Vida Gerador de Benefício Livre";"PREVIDÊNCIA BRADESCO VIDA E PREVIDÊNCIA S.A.";"1369,11";"03/08/2026";"16:20:47"
"03/08/2026";"16:31:03";2026;2;"Eleição Ordinária";6259;"Eleições Gerais Estaduais 2026";"04/10/2026";"SP";"SP";"SÃO PAULO";250002536395;3;21;"Veículo automotor terrestre: caminhão, automóvel, moto, etc.";"VEICULO CAOA CHERRY TIGGO, 2023/2024";"120000,00";"03/08/2026";"16:20:47"
"03/08/2026";"16:31:03";2026;2;"Eleição Ordinária";6259;"Eleições Gerais Estaduais 2026";"04/10/2026";"SP";"SP";"SÃO PAULO";250002536395;4;45;"Aplicação de renda fixa (CDB, RDB e outros)";"APLICAÇÃO DE RENDA FIXA CDB ÁGORA CORRETORA";"10000,00";"03/08/2026";"16:20:47"
"03/08/2026";"16:31:03";2026;2;"Eleição Ordinária";6259;"Eleições Gerais Estaduais 2026";"04/10/2026";"SP";"SP";"SÃO PAULO";250002536395;2;11;"Apartamento";"APARTAMENTO DE 128 METROS EM SANTOS/SP";"402398,71";"03/08/2026";"16:20:47"
"03/08/2026";"16:31:03";2026;2;"Eleição Ordinária";6259;"Eleições Gerais Estaduais 2026";"04/10/2026";"SP";"SP";"SÃO PAULO";250002536395;6;32;"Quotas ou quinhões de capital";"50% QUOTAS DO CAPITAL SOCIAL EMPRESA VILLA MARBELLA";"100000,00";"03/08/2026";"16:20:47"
"03/08/2026";"16:31:03";2026;2;"Eleição Ordinária";6259;"Eleições Gerais Estaduais 2026";"04/10/2026";"SP";"SP";"SÃO PAULO";250002536395;7;45;"Aplicação de renda fixa (CDB, RDB e outros)";"APLICAÇÃO DE RENDA FIXA CDB BANCO BRADESCO";"150184,10";"03/08/2026";"16:20:47"
"03/08/2026";"16:31:03";2026;2;"Eleição Ordinária";6259;"Eleições Gerais Estaduais 2026";"04/10/2026";"SP";"SP";"SÃO PAULO";250002536395;5;45;"Aplicação de renda fixa (CDB, RDB e outros)";"APLICAÇÃO DE RENDA FIXA CDB BANCO DO BRASIL";"45,72";"03/08/2026";"16:20:47"
"03/08/2026";"16:31:03";2026;2;"Eleição Ordinária";6259;"Eleições Gerais Estaduais 2026";"04/10/2026";"SP";"SP";"SÃO PAULO";250002536395;10;45;"Aplicação de renda fixa (CDB, RDB e outros)";"APLICAÇÃO DE RENDA FIXA CDB NEON FINANCEIRA NU INVESTIMENTOS";"10000,00";"03/08/2026";"16:20:47"
"03/08/2026";"16:31:03";2026;2;"Eleição Ordinária";6259;"Eleições Gerais Estaduais 2026";"04/10/2026";"SP";"SP";"SÃO PAULO";250002536395;8;45;"Aplicação de renda fixa (CDB, RDB e outros)";"APLICAÇÃO DE RENDA FIXA CDB FLU OURIBANK";"10000,00";"03/08/2026";"16:20:47"
"03/08/2026";"16:31:03";2026;2;"Eleição Ordinária";6259;"Eleições Gerais Estaduais 2026";"04/10/2026";"SP";"SP";"SÃO PAULO";250002536395;9;95;"Consórcio não contemplado";"COTA BRADESCO ADMINISTRADORA DE CONSÓRCIOS";"84699,06";"03/08/2026";"16:20:47"
"03/08/2026";"16:31:03";2026;2;"Eleição Ordinária";6259;"Eleições Gerais Estaduais 2026";"04/10/2026";"SP";"SP";"SÃO PAULO";250002536396;1;41;"Caderneta de poupança";"SALDO EM CONTA POUPANÇA DO BANCO CAIXA ECONÔMICA FEDERAL";"9067,94";"03/08/2026";"16:20:46"
"03/08/2026";"16:31:03";2026;2;"Eleição Ordinária";6259;"Eleições Gerais Estaduais 2026";"04/10/2026";"SP";"SP";"SÃO PAULO";250002536396;3;41;"Caderneta de poupança";"SALDO EM CONTA POUPANÇA DO BANCO SANTANDER";"102,68";"03/08/2026";"16:20:46"
"03/08/2026";"16:31:03";2026;2;"Eleição Ordinária";6259;"Eleições Gerais Estaduais 2026";"04/10/2026";"SP";"SP";"SÃO PAULO";250002536396;2;61;"Depósito bancário em conta corrente no País";"SALDO EM CONTA CORRENTE DO BANCO DO BRASIL";"5,48";"03/08/2026";"16:20:46"
"03/08/2026";"16:31:03";2026;2;"Eleição Ordinária";6259;"Eleições Gerais Estaduais 2026";"04/10/2026";"SP";"SP";"SÃO PAULO";250002536396;5;12;"Casa";"CASA DE 208,87M² LOCALIZADA NO BAIRRO SÃO DOMINGOS NA CIDADE DE SÃO PAULO";"1315000,00";"03/08/2026";"16:20:46"
"03/08/2026";"16:31:03";2026;2;"Eleição Ordinária";6259;"Eleições Gerais Estaduais 2026";"04/10/2026";"SP";"SP";"SÃO PAULO";250002536396;4;61;"Depósito bancário em conta corrente no País";"SALDO EM CONTA CORRENTE DO BANCO CAIXA ECONÔMICA FEDERAL";"853,00";"03/08/2026";"16:20:46"
"03/08/2026";"16:31:03";2026;2;"Eleição Ordinária";6259;"Eleições Gerais Estaduais 2026";"04/10/2026";"SP";"SP";"SÃO PAULO";250002536397;1;61;"Depósito bancário em conta corrente no País";"BRADESCO ALESP";"61,95";"03/08/2026";"16:20:33"
"03/08/2026";"16:31:03";2026;2;"Eleição Ordinária";6259;"Eleições Gerais Estaduais 2026";"04/10/2026";"SP";"SP";"SÃO PAULO";250002536397;4;21;"Veículo automotor terrestre: caminhão, automóvel, moto, etc.";"CARAVAN";"40000,00";"03/08/2026";"16:20:33"
"03/08/2026";"16:31:03";2026;2;"Eleição Ordinária";6259;"Eleições Gerais Estaduais 2026";"04/10/2026";"SP";"SP";"SÃO PAULO";250002536397;2;32;"Quotas ou quinhões de capital";"QUOTA EMPRESARIAL";"30000,00";"03/08/2026";"16:20:33"
"03/08/2026";"16:31:03";2026;2;"Eleição Ordinária";6259;"Eleições Gerais Estaduais 2026";"04/10/2026";"SP";"SP";"SÃO PAULO";250002536397;3;95;"Consórcio não contemplado";"BRADESCO MOBI LIKE 1.0";"5649,91";"03/08/2026";"16:20:33"
"03/08/2026";"16:31:03";2026;2;"Eleição Ordinária";6259;"Eleições Gerais Estaduais 2026";"04/10/2026";"SP";"SP";"SÃO PAULO";250002536397;6;11;"Apartamento";"APARTAMENTO EM SÃO BERNARDO DO CAMPO";"1200000,00";"03/08/2026";"16:20:33"
"03/08/2026";"16:31:03";2026;2;"Eleição Ordinária";6259;"Eleições Gerais Estaduais 2026";"04/10/2026";"SP";"SP";"SÃO PAULO";250002536397;5;63;"Dinheiro em espécie - moeda nacional";"DINHEIRO";"17000,00";"03/08/2026";"16:20:33"
"03/08/2026";"16:31:03";2026;2;"Eleição Ordinária";6259;"Eleições Gerais Estaduais 2026";"04/10/2026";"SP";"SP";"SÃO PAULO";250002536397;7;64;"Dinheiro em espécie - moeda estrangeira";"DOLAR";"150,00";"03/08/2026";"16:20:33"
"03/08/2026";"16:31:03";2026;2;"Eleição Ordinária";6259;"Eleições Gerais Estaduais 2026";"04/10/2026";"SP";"SP";"SÃO PAULO";250002536397;8;45;"Aplicação de renda fixa (CDB, RDB e outros)";"OURO CAP BB";"4957,41";"03/08/2026";"16:20:33"
"03/08/2026";"16:31:03";2026;2;"Eleição Ordinária";6259;"Eleições Gerais Estaduais 2026";"04/10/2026";"SP";"SP";"SÃO PAULO";250002536398;1;15;"Sala ou conjunto";"SALA COMERCIAL ED. ROTARY CLUB, VALOR VENAL DE R$ 50.000,00";"50000,00";"03/08/2026";"16:20:50"
"03/08/2026";"16:31:03";2026;2;"Eleição Ordinária";6259;"Eleições Gerais Estaduais 2026";"04/10/2026";"SP";"SP";"SÃO PAULO";250002536398;2;13;"Terreno";"1/8 AREA RUA LUIZ L ZAMENHOFF ÁREA A E B, VALOR VENAL DE R$ 122.161,00";"122161,00";"03/08/2026";"16:20:50"
"03/08/2026";"16:31:03";2026;2;"Eleição Ordinária";6259;"Eleições Gerais Estaduais 2026";"04/10/2026";"SP";"SP";"SÃO PAULO";250002536398;4;12;"Casa";"UMA CASA RESIDENCIAL SAMAMBAIA L18-19, VALOR VENAL DE R$ 598.750,89";"598750,89";"03/08/2026";"16:20:50"
"03/08/2026";"16:31:03";2026;2;"Eleição Ordinária";6259;"Eleições Gerais Estaduais 2026";"04/10/2026";"SP";"SP";"SÃO PAULO";250002536399;1;21;"Veículo automotor terrestre: caminhão, automóvel, moto, etc.";"CARRO NISSAN VERSA 2019";"56000,00";"03/08/2026";"16:20:06"
"03/08/2026";"16:31:03";2026;2;"Eleição Ordinária";6259;"Eleições Gerais Estaduais 2026";"04/10/2026";"SP";"SP";"SÃO PAULO";250002536398;3;13;"Terreno";"50% TERRENO COND BOSQUE S. CARLOS, VALOR VENAL DE R$ 220.204,32";"220204,32";"03/08/2026";"16:20:50"
"03/08/2026";"16:31:03";2026;2;"Eleição Ordinária";6259;"Eleições Gerais Estaduais 2026";"04/10/2026";"SP";"SP";"SÃO PAULO";250002536399;2;32;"Quotas ou quinhões de capital";"CAPITAL SOCIAL DA EMPRESA: IMPAR - INOVACAO TECNOLOGICA LTDA.";"49500,00";"03/08/2026";"16:20:06"
"03/08/2026";"16:31:03";2026;2;"Eleição Ordinária";6259;"Eleições Gerais Estaduais 2026";"04/10/2026";"SP";"SP";"SÃO PAULO";250002536399;4;12;"Casa";"CASA RESIDENCIAL";"600000,00";"03/08/2026";"16:20:06"
"03/08/2026";"16:31:03";2026;2;"Eleição Ordinária";6259;"Eleições Gerais Estaduais 2026";"04/10/2026";"SP";"SP";"SÃO PAULO";250002536399;3;61;"Depósito bancário em conta corrente no País";"BANCO DO BRASIL";"210,00";"03/08/2026";"16:20:06"
"03/08/2026";"16:31:03";2026;2;"Eleição Ordinária";6259;"Eleições Gerais Estaduais 2026";"04/10/2026";"SP";"SP";"SÃO PAULO";250002536399;5;12;"Casa";"CASA RESIDENCIAL 25%";"250000,00";"03/08/2026";"16:20:06"
"03/08/2026";"16:31:03";2026;2;"Eleição Ordinária";6259;"Eleições Gerais Estaduais 2026";"04/10/2026";"SP";"SP";"SÃO PAULO";250002536399;6;11;"Apartamento";"APARTAMENTO EM SÃO PAULO";"800000,00";"03/08/2026";"16:20:06"
"03/08/2026";"16:31:03";2026;2;"Eleição Ordinária";6259;"Eleições Gerais Estaduais 2026";"04/10/2026";"SP";"SP";"SÃO PAULO";250002536399;7;13;"Terreno";"TERRENO URBANO 25%";"200000,00";"03/08/2026";"16:20:06"
"03/08/2026";"16:31:03";2026;2;"Eleição Ordinária";6259;"Eleições Gerais Estaduais 2026";"04/10/2026";"SP";"SP";"SÃO PAULO";250002536401;2;12;"Casa";"50% DE UMA CASA LOCALIZADA A RUA TIBAGI N. 4571, BAIRRO VILA NOVA, CEP 15.501-222, VOTUPORANGA/SP";"41067,00";"03/08/2026";"16:20:04"
"03/08/2026";"16:31:03";2026;2;"Eleição Ordinária";6259;"Eleições Gerais Estaduais 2026";"04/10/2026";"SP";"SP";"SÃO PAULO";250002536401;1;61;"Depósito bancário em conta corrente no País";"DINHEIRO EM CONTA CORRENTE BANCO CAIXA ECONOMICA FEDERAL";"12000,00";"03/08/2026";"16:20:04"
"03/08/2026";"16:31:03";2026;2;"Eleição Ordinária";6259;"Eleições Gerais Estaduais 2026";"04/10/2026";"SP";"SP";"SÃO PAULO";250002536403;1;19;"Outros bens imóveis";"50% DE GLEBA RURAL FAZENDA BARREIRO - LIMEIRA DO OESTE/MG";"27500,00";"03/08/2026";"16:19:56"
"03/08/2026";"16:31:03";2026;2;"Eleição Ordinária";6259;"Eleições Gerais Estaduais 2026";"04/10/2026";"SP";"SP";"SÃO PAULO";250002536403;4;11;"Apartamento";"APARTAMENTO GREEN SQUARE - UNIDADE N. 12, TORRE 2 - SÃO JOSÉ DO RIO PRETO/SP";"397880,07";"03/08/2026";"16:19:56"
"03/08/2026";"16:31:03";2026;2;"Eleição Ordinária";6259;"Eleições Gerais Estaduais 2026";"04/10/2026";"SP";"SP";"SÃO PAULO";250002536403;3;29;"Outros bens móveis";"50% DA PROPRIEDADE RURAL FAZENDA BARREIRO - LIMEIRA DO OESTE/MG";"110000,00";"03/08/2026";"16:19:56"
"03/08/2026";"16:31:03";2026;2;"Eleição Ordinária";6259;"Eleições Gerais Estaduais 2026";"04/10/2026";"SP";"SP";"SÃO PAULO";250002536403;2;13;"Terreno";"LOTE N. 221 - PARQUE SABIÁ - DISTRITO DE TALHADOS - SÃO JOSÉ DO RIO PRETO/SP";"24419,41";"03/08/2026";"16:19:56"
"03/08/2026";"16:31:03";2026;2;"Eleição Ordinária";6259;"Eleições Gerais Estaduais 2026";"04/10/2026";"SP";"SP";"SÃO PAULO";250002536403;5;12;"Casa";"CASA NA RUA NAIR DOS SANTOS LIMA, N. 35 - RESIDENCIAL FRANCISCO FERNANDES - SÃO JOSÉ DO RIO PRETO/SP";"70000,00";"03/08/2026";"16:19:56"
"03/08/2026";"16:31:03";2026;2;"Eleição Ordinária";6259;"Eleições Gerais Estaduais 2026";"04/10/2026";"SP";"SP";"SÃO PAULO";250002536403;7;11;"Apartamento";"50% DO APARTAMENTO N. 1108 - BASSANO VACCARINI - RIBEIRÃO PRETO/SP";"60000,00";"03/08/2026";"16:19:56"
"03/08/2026";"16:31:03";2026;2;"Eleição Ordinária";6259;"Eleições Gerais Estaduais 2026";"04/10/2026";"SP";"SP";"SÃO PAULO";250002536403;6;19;"Outros bens imóveis";"VAGA DE GARAGEM NA RUA QUINZE DE NOVEMBRO - SÃO JOSÉ DO RIO PRETO/SP";"15000,00";"03/08/2026";"16:19:56"
"03/08/2026";"16:31:03";2026;2;"Eleição Ordinária";6259;"Eleições Gerais Estaduais 2026";"04/10/2026";"SP";"SP";"SÃO PAULO";250002536403;9;11;"Apartamento";"50% DO APARTAMENTO N. 1072 - BASSANO VACCARINI - RIBEIRÃO PRETO/SP";"60000,00";"03/08/2026";"16:19:56"
"03/08/2026";"16:31:03";2026;2;"Eleição Ordinária";6259;"Eleições Gerais Estaduais 2026";"04/10/2026";"SP";"SP";"SÃO PAULO";250002536403;8;11;"Apartamento";"50% DO APARTAMENTO N. 1065 - BASSANO VACCARINI - RIBEIRÃO PRETO/SP";"30000,00";"03/08/2026";"16:19:56"
"03/08/2026";"16:31:03";2026;2;"Eleição Ordinária";6259;"Eleições Gerais Estaduais 2026";"04/10/2026";"SP";"SP";"SÃO PAULO";250002536403;10;13;"Terreno";"LOTE N. 148 - RESIDENCIAL PORTAL DO SOL - GUAPIAÇU/SP";"8000,00";"03/08/2026";"16:19:56"
"03/08/2026";"16:31:03";2026;2;"Eleição Ordinária";6259;"Eleições Gerais Estaduais 2026";"04/10/2026";"SP";"SP";"SÃO PAULO";250002536403;11;12;"Casa";"IMÓVEL RESIDENCIAL - PORTAL DO SOL - LOTE 90, QUADRA D - GUAPIAÇU/SP";"16000,00";"03/08/2026";"16:19:56"
"03/08/2026";"16:31:03";2026;2;"Eleição Ordinária";6259;"Eleições Gerais Estaduais 2026";"04/10/2026";"SP";"SP";"SÃO PAULO";250002536403;13;13;"Terreno";"TERRENO - AVENIDA DAS SIRIEMAS, L12 QD - PARQUE DOS PÁSSAROS - SÃO JOSÉ DO RIO PRETO/SP";"98000,00";"03/08/2026";"16:19:56"
"03/08/2026";"16:31:03";2026;2;"Eleição Ordinária";6259;"Eleições Gerais Estaduais 2026";"04/10/2026";"SP";"SP";"SÃO PAULO";250002536403;12;13;"Terreno";"50% DO TERRENO NA RUA DA SAUDADE - MONTE APRAZÍVEL/SP";"9000,00";"03/08/2026";"16:19:56"
"03/08/2026";"16:31:03";2026;2;"Eleição Ordinária";6259;"Eleições Gerais Estaduais 2026";"04/10/2026";"SP";"SP";"SÃO PAULO";250002536403;15;32;"Quotas ou quinhões de capital";"50% DAS QUOTAS DO CAPITAL SOCIAL DA EMPRESA MOBILIZA LOCADORA DE VEÍCULOS LTDA. - CNPJ 42.691.166/0001-41";"15000,00";"03/08/2026";"16:19:56"
"03/08/2026";"16:31:03";2026;2;"Eleição Ordinária";6259;"Eleições Gerais Estaduais 2026";"04/10/2026";"SP";"SP";"SÃO PAULO";250002536403;16;13;"Terreno";"50% DO TERRENO NA RUA TIRADENTES - MONTE APRAZÍVEL/SP";"85000,00";"03/08/2026";"16:19:56"
"03/08/2026";"16:31:03";2026;2;"Eleição Ordinária";6259;"Eleições Gerais Estaduais 2026";"04/10/2026";"SP";"SP";"SÃO PAULO";250002536403;14;13;"Terreno";"LOTE N. 39 - QUADRA A - RESIDENCIAL PORTAL DO SOL - GUAPIAÇU/SP";"5045,10";"03/08/2026";"16:19:56"
"03/08/2026";"16:31:03";2026;2;"Eleição Ordinária";6259;"Eleições Gerais Estaduais 2026";"04/10/2026";"SP";"SP";"SÃO PAULO";250002536403;18;12;"Casa";"IMÓVEL RESIDENCIAL - CONDOMÍNIO LA MONTAGNE - SÃO JOSÉ DO RIO PRETO/SP";"205322,48";"03/08/2026";"16:19:56"
"03/08/2026";"16:31:03";2026;2;"Eleição Ordinária";6259;"Eleições Gerais Estaduais 2026";"04/10/2026";"SP";"SP";"SÃO PAULO";250002536403;17;12;"Casa";"CASA NA RUA URBINO JOSÉ LOPES, N. 170 - PARQUE D. PEDRO I - SÃO JOSÉ DO RIO PRETO/SP";"112550,37";"03/08/2026";"16:19:56"
"03/08/2026";"16:31:03";2026;2;"Eleição Ordinária";6259;"Eleições Gerais Estaduais 2026";"04/10/2026";"SP";"SP";"SÃO PAULO";250002536403;19;11;"Apartamento";"50% DO APARTAMENTO N. 22 - JARDIM DO SUL - SÃO JOSÉ DO RIO PRETO/SP";"31250,00";"03/08/2026";"16:19:56"
"03/08/2026";"16:31:03";2026;2;"Eleição Ordinária";6259;"Eleições Gerais Estaduais 2026";"04/10/2026";"SP";"SP";"SÃO PAULO";250002536403;20;32;"Quotas ou quinhões de capital";"100% DE PARTICIPAÇÃO SOCIETÁRIA NA EMPRESA VALORIZA IMÓVEIS LTDA. - CNPJ 21.862.492/0001-02";"10000,00";"03/08/2026";"16:19:56"
"03/08/2026";"16:31:03";2026;2;"Eleição Ordinária";6259;"Eleições Gerais Estaduais 2026";"04/10/2026";"SP";"SP";"SÃO PAULO";250002536403;21;13;"Terreno";"50% DO TERRENO NA RUA MARIA FRANCISCA PINTO, L15 Q04 - VILA CLEMENTINA - SÃO JOSÉ DO RIO PRETO/SP";"18000,00";"03/08/2026";"16:19:56"
"03/08/2026";"16:31:03";2026;2;"Eleição Ordinária";6259;"Eleições Gerais Estaduais 2026";"04/10/2026";"SP";"SP";"SÃO PAULO";250002536403;22;13;"Terreno";"100% DO LOTE N. 01 DA QUADRA A - CHÁCARA DE RECREIO SAN FERNANDO IV - SÃO JOSÉ DO RIO PRETO/SP";"113500,00";"03/08/2026";"16:19:56"
"03/08/2026";"16:31:03";2026;2;"Eleição Ordinária";6259;"Eleições Gerais Estaduais 2026";"04/10/2026";"SP";"SP";"SÃO PAULO";250002536403;23;12;"Casa";"CASA NA RUA CARLOS RODRIGUES NOGUEIRA, N. 1060 - JARDIM VIVENDAS - SÃO JOSÉ DO RIO PRETO/SP";"200000,00";"03/08/2026";"16:19:56"
"03/08/2026";"16:31:03";2026;2;"Eleição Ordinária";6259;"Eleições Gerais Estaduais 2026";"04/10/2026";"SP";"SP";"SÃO PAULO";250002536403;24;12;"Casa";"CASA NA TRAVESSA DOS GUARANIS, N. 65 - SÃO JOSÉ DO RIO PRETO/SP";"606256,13";"03/08/2026";"16:19:56"
"03/08/2026";"16:31:03";2026;2;"Eleição Ordinária";6259;"Eleições Gerais Estaduais 2026";"04/10/2026";"SP";"SP";"SÃO PAULO";250002536403;25;32;"Quotas ou quinhões de capital";"100% DAS QUOTAS SOCIAIS DA EMPRESA TEDESCHI SOCIEDADE INDIVIDUAL DE ADVOCACIA - CNPJ 33.037.064/0001-16";"10000,00";"03/08/2026";"16:19:56"
"03/08/2026";"16:31:03";2026;2;"Eleição Ordinária";6259;"Eleições Gerais Estaduais 2026";"04/10/2026";"SP";"SP";"SÃO PAULO";250002536404;1;21;"Veículo automotor terrestre: caminhão, automóvel, moto, etc.";"JEEP RENEGADE LGTD 2023";"105000,00";"03/08/2026";"16:20:34"
"03/08/2026";"16:31:03";2026;2;"Eleição Ordinária";6259;"Eleições Gerais Estaduais 2026";"04/10/2026";"SP";"SP";"SÃO PAULO";250002536403;27;19;"Outros bens imóveis";"CHÁCARA N. 11 - LOTEAMENTO PARQUE DOS PÁSSAROS - SÃO JOSÉ DO RIO PRETO/SP";"34500,00";"03/08/2026";"16:19:56"
"03/08/2026";"16:31:03";2026;2;"Eleição Ordinária";6259;"Eleições Gerais Estaduais 2026";"04/10/2026";"SP";"SP";"SÃO PAULO";250002536403;26;19;"Outros bens imóveis";"IMÓVEL NA RUA ANTONIO SERGIO FOGAÇA, LOTE 10 QUADRA 22 - RESIDENCIAL MORADA DO SOL - SÃO JOSÉ DO RIO PRETO/SP";"86000,00";"03/08/2026";"16:19:56"
"03/08/2026";"16:31:03";2026;2;"Eleição Ordinária";6259;"Eleições Gerais Estaduais 2026";"04/10/2026";"SP";"SP";"SÃO PAULO";250002536404;3;45;"Aplicação de renda fixa (CDB, RDB e outros)";"APLICAÇÃO CDB - ITAÚ";"24861,17";"03/08/2026";"16:20:34"
"03/08/2026";"16:31:03";2026;2;"Eleição Ordinária";6259;"Eleições Gerais Estaduais 2026";"04/10/2026";"SP";"SP";"SÃO PAULO";250002536404;4;95;"Consórcio não contemplado";"CONSÓRCIO DE VEÍCULO";"129542,25";"03/08/2026";"16:20:34"
"03/08/2026";"16:31:03";2026;2;"Eleição Ordinária";6259;"Eleições Gerais Estaduais 2026";"04/10/2026";"SP";"SP";"SÃO PAULO";250002536404;2;49;"Outras aplicações e Investimentos";"XP INVESTIMENTOS CORRETORA DE CAMBIO, TITULOS E VALORES MOBILIARIOS S/A";"9289,63";"03/08/2026";"16:20:34"
"03/08/2026";"16:31:03";2026;2;"Eleição Ordinária";6259;"Eleições Gerais Estaduais 2026";"04/10/2026";"SP";"SP";"SÃO PAULO";250002536404;7;41;"Caderneta de poupança";"POUPANÇA ITAÚ";"1480,11";"03/08/2026";"16:20:34"
"03/08/2026";"16:31:03";2026;2;"Eleição Ordinária";6259;"Eleições Gerais Estaduais 2026";"04/10/2026";"SP";"SP";"SÃO PAULO";250002536404;6;95;"Consórcio não contemplado";"CONSÓRCIO DE VEÍCULO";"36775,70";"03/08/2026";"16:20:34"
"03/08/2026";"16:31:03";2026;2;"Eleição Ordinária";6259;"Eleições Gerais Estaduais 2026";"04/10/2026";"SP";"SP";"SÃO PAULO";250002536404;5;49;"Outras aplicações e Investimentos";"ITAU INDEX BITCOIN";"2000,00";"03/08/2026";"16:20:34"
"03/08/2026";"16:31:03";2026;2;"Eleição Ordinária";6259;"Eleições Gerais Estaduais 2026";"04/10/2026";"SP";"SP";"SÃO PAULO";250002536404;8;41;"Caderneta de poupança";"POUPANÇA CAIXA ECONÔMICA";"3547,40";"03/08/2026";"16:20:34"
"03/08/2026";"16:31:03";2026;2;"Eleição Ordinária";6259;"Eleições Gerais Estaduais 2026";"04/10/2026";"SP";"SP";"SÃO PAULO";250002536404;10;49;"Outras aplicações e Investimentos";"XP INVESTIMENTOS CORRETORA DE CAMBIO, TITULOS E VALORES MOBILIARIOS S/A";"10000,00";"03/08/2026";"16:20:34"
"03/08/2026";"16:31:03";2026;2;"Eleição Ordinária";6259;"Eleições Gerais Estaduais 2026";"04/10/2026";"SP";"SP";"SÃO PAULO";250002536404;9;13;"Terreno";"TERRENO EM RECIFE/PE.";"480953,03";"03/08/2026";"16:20:34"
"03/08/2026";"16:31:03";2026;2;"Eleição Ordinária";6259;"Eleições Gerais Estaduais 2026";"04/10/2026";"SP";"SP";"SÃO PAULO";250002536404;13;12;"Casa";"CASA EM SÃO JOSÉ DOS CAMPOS/SP.";"760000,00";"03/08/2026";"16:20:34"
"03/08/2026";"16:31:03";2026;2;"Eleição Ordinária";6259;"Eleições Gerais Estaduais 2026";"04/10/2026";"SP";"SP";"SÃO PAULO";250002536404;12;95;"Consórcio não contemplado";"CONSÓRCIO IMOBILIÁRIO";"17934,53";"03/08/2026";"16:20:34"
"03/08/2026";"16:31:03";2026;2;"Eleição Ordinária";6259;"Eleições Gerais Estaduais 2026";"04/10/2026";"SP";"SP";"SÃO PAULO";250002536404;11;49;"Outras aplicações e Investimentos";"XP INVESTIMENTOS CORRETORA DE CAMBIO, TITULOS E VALORES MOBILIARIOS S/A";"1363,82";"03/08/2026";"16:20:34"
"03/08/2026";"16:31:03";2026;2;"Eleição Ordinária";6259;"Eleições Gerais Estaduais 2026";"04/10/2026";"SP";"SP";"SÃO PAULO";250002536404;15;45;"Aplicação de renda fixa (CDB, RDB e outros)";"FUNDO ITAU CRED BANC RF CRED PRIV";"200508,74";"03/08/2026";"16:20:34"
"03/08/2026";"16:31:03";2026;2;"Eleição Ordinária";6259;"Eleições Gerais Estaduais 2026";"04/10/2026";"SP";"SP";"SÃO PAULO";250002536404;14;11;"Apartamento";"APARTAMENTO DE 113,383 METROS EM SÃO JOSÉ DOS CAMPOS/SP.";"53000,00";"03/08/2026";"16:20:34"
"03/08/2026";"16:31:03";2026;2;"Eleição Ordinária";6259;"Eleições Gerais Estaduais 2026";"04/10/2026";"SP";"SP";"SÃO PAULO";250002536404;16;61;"Depósito bancário em conta corrente no País";"CONTA CORRENTE BANCO DO BRASIL";"30016,46";"03/08/2026";"16:20:34"
"03/08/2026";"16:31:03";2026;2;"Eleição Ordinária";6259;"Eleições Gerais Estaduais 2026";"04/10/2026";"SP";"SP";"SÃO PAULO";250002536405;3;32;"Quotas ou quinhões de capital";"25% DE COTAS PARTICIPAÇÃO SOCIETARIA NA EMPRESA AUTO POSTO POLISERVIÇOS I LTDA";"21250,00";"03/08/2026";"16:20:47"
"03/08/2026";"16:31:03";2026;2;"Eleição Ordinária";6259;"Eleições Gerais Estaduais 2026";"04/10/2026";"SP";"SP";"SÃO PAULO";250002536405;2;13;"Terreno";"25% DE UM TERRENO DE 600 METROS QUADRADOS NO JARDIM ALVORADA, MUNICIPIO DE JANDIRA -SP";"15000,00";"03/08/2026";"16:20:47"
"03/08/2026";"16:31:03";2026;2;"Eleição Ordinária";6259;"Eleições Gerais Estaduais 2026";"04/10/2026";"SP";"SP";"SÃO PAULO";250002536405;1;13;"Terreno";"25% DE UM TERRENO DE 150 METROS QUADRADOS NO JARDIM ALVORADA, MUNICIPIO DE JANDIRA -SP";"5250,00";"03/08/2026";"16:20:47"
"03/08/2026";"16:31:03";2026;2;"Eleição Ordinária";6259;"Eleições Gerais Estaduais 2026";"04/10/2026";"SP";"SP";"SÃO PAULO";250002536405;4;32;"Quotas ou quinhões de capital";"50% PARTICIPAÇÃO SOCIETARIA EMPRESA R.M.F. HOLDING LTDA";"965325,00";"03/08/2026";"16:20:47"
"03/08/2026";"16:31:03";2026;2;"Eleição Ordinária";6259;"Eleições Gerais Estaduais 2026";"04/10/2026";"SP";"SP";"SÃO PAULO";250002536405;5;45;"Aplicação de renda fixa (CDB, RDB e outros)";"APLICAÇÃO DE RENDA FIXA CDB";"509341,83";"03/08/2026";"16:20:47"
"03/08/2026";"16:31:03";2026;2;"Eleição Ordinária";6259;"Eleições Gerais Estaduais 2026";"04/10/2026";"SP";"SP";"SÃO PAULO";250002536405;6;99;"OUTROS BENS E DIREITOS";"CRÉDITO DISPONIVEL PARA FUTURO AUMENTO DE CAPITAL";"1369199,96";"03/08/2026";"16:20:47"
"03/08/2026";"16:31:03";2026;2;"Eleição Ordinária";6259;"Eleições Gerais Estaduais 2026";"04/10/2026";"SP";"SP";"SÃO PAULO";250002536405;7;32;"Quotas ou quinhões de capital";"100% DE COTAS NA EMPRESA R F PARTICIPAÇÕES EIRELLI";"1533700,00";"03/08/2026";"16:20:47"
"03/08/2026";"16:31:03";2026;2;"Eleição Ordinária";6259;"Eleições Gerais Estaduais 2026";"04/10/2026";"SP";"SP";"SÃO PAULO";250002536405;8;32;"Quotas ou quinhões de capital";"5% DE PARTICIPACAO NA EMPRESA FRANCOS ADMINISTRACAO ASSESSORIA E PARTICIPACAO LTDA";"500,00";"03/08/2026";"16:20:47"
"03/08/2026";"16:31:03";2026;2;"Eleição Ordinária";6259;"Eleições Gerais Estaduais 2026";"04/10/2026";"SP";"SP";"SÃO PAULO";250002536406;1;45;"Aplicação de renda fixa (CDB, RDB e outros)";"BANCO BRADESCO";"668000,00";"03/08/2026";"16:20:57"
"03/08/2026";"16:31:03";2026;2;"Eleição Ordinária";6259;"Eleições Gerais Estaduais 2026";"04/10/2026";"SP";"SP";"SÃO PAULO";250002536406;2;41;"Caderneta de poupança";"CAIXA ECONÔMICA FEDERAL";"93000,00";"03/08/2026";"16:20:57"
"03/08/2026";"16:31:03";2026;2;"Eleição Ordinária";6259;"Eleições Gerais Estaduais 2026";"04/10/2026";"SP";"SP";"SÃO PAULO";250002536406;4;12;"Casa";"MOGI DAS CRUZES - SP";"300000,00";"03/08/2026";"16:20:57"
"03/08/2026";"16:31:03";2026;2;"Eleição Ordinária";6259;"Eleições Gerais Estaduais 2026";"04/10/2026";"SP";"SP";"SÃO PAULO";250002536406;3;11;"Apartamento";"MOGI DAS CRUZES - SP";"812000,00";"03/08/2026";"16:20:57"
"03/08/2026";"16:31:03";2026;2;"Eleição Ordinária";6259;"Eleições Gerais Estaduais 2026";"04/10/2026";"SP";"SP";"SÃO PAULO";250002536406;7;21;"Veículo automotor terrestre: caminhão, automóvel, moto, etc.";"BMW X1";"354950,00";"03/08/2026";"16:20:57"
"03/08/2026";"16:31:03";2026;2;"Eleição Ordinária";6259;"Eleições Gerais Estaduais 2026";"04/10/2026";"SP";"SP";"SÃO PAULO";250002536406;5;12;"Casa";"MOGI DAS CRUZES - SP";"410000,00";"03/08/2026";"16:20:57"
"03/08/2026";"16:31:03";2026;2;"Eleição Ordinária";6259;"Eleições Gerais Estaduais 2026";"04/10/2026";"SP";"SP";"SÃO PAULO";250002536406;6;13;"Terreno";"ILHA COMPRIDA - SP";"7500,00";"03/08/2026";"16:20:57"
"03/08/2026";"16:31:03";2026;2;"Eleição Ordinária";6259;"Eleições Gerais Estaduais 2026";"04/10/2026";"SP";"SP";"SÃO PAULO";250002536406;8;21;"Veículo automotor terrestre: caminhão, automóvel, moto, etc.";"HAVAL H6";"220000,00";"03/08/2026";"16:20:57"
"03/08/2026";"16:31:03";2026;2;"Eleição Ordinária";6259;"Eleições Gerais Estaduais 2026";"04/10/2026";"SP";"SP";"SÃO PAULO";250002536407;1;11;"Apartamento";"APARTAMENTO COM 292M² DE ÁREA CONSTRUÍDA EM SANTANA - SP";"210000,00";"03/08/2026";"16:20:54"
"03/08/2026";"16:31:03";2026;2;"Eleição Ordinária";6259;"Eleições Gerais Estaduais 2026";"04/10/2026";"SP";"SP";"SÃO PAULO";250002536407;2;19;"Outros bens imóveis";"IMÓVEL COM 372M² DE ÁREA CONSTRUÍDA EM BERTIOGA";"496428,79";"03/08/2026";"16:20:54"
"03/08/2026";"16:31:03";2026;2;"Eleição Ordinária";6259;"Eleições Gerais Estaduais 2026";"04/10/2026";"SP";"SP";"SÃO PAULO";250002536407;5;21;"Veículo automotor terrestre: caminhão, automóvel, moto, etc.";"MODELO PAJERO - ANO 2015";"135000,00";"03/08/2026";"16:20:54"
"03/08/2026";"16:31:03";2026;2;"Eleição Ordinária";6259;"Eleições Gerais Estaduais 2026";"04/10/2026";"SP";"SP";"SÃO PAULO";250002536407;4;21;"Veículo automotor terrestre: caminhão, automóvel, moto, etc.";"YARIS HATCH XL PLUS - ANO 2019";"71998,00";"03/08/2026";"16:20:54"
"03/08/2026";"16:31:03";2026;2;"Eleição Ordinária";6259;"Eleições Gerais Estaduais 2026";"04/10/2026";"SP";"SP";"SÃO PAULO";250002536407;3;19;"Outros bens imóveis";"IMÓVEL EM AVARÉ - R. SANTA RITA DE CÁSSIA";"111035,09";"03/08/2026";"16:20:54"
"03/08/2026";"16:31:03";2026;2;"Eleição Ordinária";6259;"Eleições Gerais Estaduais 2026";"04/10/2026";"SP";"SP";"SÃO PAULO";250002536407;6;99;"OUTROS BENS E DIREITOS";"OBJETOS DE DECORAÇÃO - MOVEIS E OBJETOS DE DECORACAO DE ENEIDA MARIA DE ALMEIDA";"20000,00";"03/08/2026";"16:20:54"
"03/08/2026";"16:31:03";2026;2;"Eleição Ordinária";6259;"Eleições Gerais Estaduais 2026";"04/10/2026";"SP";"SP";"SÃO PAULO";250002536407;7;19;"Outros bens imóveis";"FAZENDA COM 122,4 HECTARES";"175000,00";"03/08/2026";"16:20:54"
"03/08/2026";"16:31:03";2026;2;"Eleição Ordinária";6259;"Eleições Gerais Estaduais 2026";"04/10/2026";"SP";"SP";"SÃO PAULO";250002536407;8;19;"Outros bens imóveis";"GLEBA COM 61,5175 HECTARES - AVARÉ";"105000,00";"03/08/2026";"16:20:54"
"03/08/2026";"16:31:03";2026;2;"Eleição Ordinária";6259;"Eleições Gerais Estaduais 2026";"04/10/2026";"SP";"SP";"SÃO PAULO";250002536408;3;61;"Depósito bancário em conta corrente no País";"BANCO DO BRASIL";"3736,37";"03/08/2026";"16:20:28"
"03/08/2026";"16:31:03";2026;2;"Eleição Ordinária";6259;"Eleições Gerais Estaduais 2026";"04/10/2026";"SP";"SP";"SÃO PAULO";250002536408;1;99;"OUTROS BENS E DIREITOS";"SINAL PARA COMPRA DE APARTAMENTO - PROMESSA DE COMPRA E VENDA - APARTAMENTO EM SÃO PAULO";"300000,00";"03/08/2026";"16:20:28"
"03/08/2026";"16:31:03";2026;2;"Eleição Ordinária";6259;"Eleições Gerais Estaduais 2026";"04/10/2026";"SP";"SP";"SÃO PAULO";250002536408;2;63;"Dinheiro em espécie - moeda nacional";"DINHEIRO";"100000,00";"03/08/2026";"16:20:28"
"03/08/2026";"16:31:03";2026;2;"Eleição Ordinária";6259;"Eleições Gerais Estaduais 2026";"04/10/2026";"SP";"SP";"SÃO PAULO";250002536408;4;45;"Aplicação de renda fixa (CDB, RDB e outros)";"SANTANDER CDB CORRENTE";"8472,29";"03/08/2026";"16:20:28"
"03/08/2026";"16:31:03";2026;2;"Eleição Ordinária";6259;"Eleições Gerais Estaduais 2026";"04/10/2026";"SP";"SP";"SÃO PAULO";250002536409;1;12;"Casa";"UNIDADE DO RESIDENCIAL VILLAGE AMATO RESERVA";"240000,00";"03/08/2026";"16:20:07"
"03/08/2026";"16:31:03";2026;2;"Eleição Ordinária";6259;"Eleições Gerais Estaduais 2026";"04/10/2026";"SP";"SP";"SÃO PAULO";250002536409;2;21;"Veículo automotor terrestre: caminhão, automóvel, moto, etc.";"YAMAHA NMAX 160 VERMELHA BEM COM USUFRUTO: N";"20000,00";"03/08/2026";"16:20:07"
"03/08/2026";"16:31:03";2026;2;"Eleição Ordinária";6259;"Eleições Gerais Estaduais 2026";"04/10/2026";"SP";"SP";"SÃO PAULO";250002536410;3;45;"Aplicação de renda fixa (CDB, RDB e outros)";"APLICACAO FINANCEIRA ITAU UNIBANCO S/A - RENDA FIXA - CDB";"164325,00";"03/08/2026";"16:20:27"
"03/08/2026";"16:31:03";2026;2;"Eleição Ordinária";6259;"Eleições Gerais Estaduais 2026";"04/10/2026";"SP";"SP";"SÃO PAULO";250002536410;1;61;"Depósito bancário em conta corrente no País";"SALDO CONTA CORRENTE BANCO ITAU";"612,11";"03/08/2026";"16:20:27"
"03/08/2026";"16:31:03";2026;2;"Eleição Ordinária";6259;"Eleições Gerais Estaduais 2026";"04/10/2026";"SP";"SP";"SÃO PAULO";250002536410;2;49;"Outras aplicações e Investimentos";"XP INVESTIMENTOS - DIVERSOS";"892335,00";"03/08/2026";"16:20:27"
"03/08/2026";"16:31:03";2026;2;"Eleição Ordinária";6259;"Eleições Gerais Estaduais 2026";"04/10/2026";"SP";"SP";"SÃO PAULO";250002536410;4;32;"Quotas ou quinhões de capital";"PARTICIPAÇÃO SOCIETÁRIA EM EMPRESA DE SOCIEDADE LIMITADA";"200000,00";"03/08/2026";"16:20:27"
"03/08/2026";"16:31:03";2026;2;"Eleição Ordinária";6259;"Eleições Gerais Estaduais 2026";"04/10/2026";"SP";"SP";"SÃO PAULO";250002536411;1;21;"Veículo automotor terrestre: caminhão, automóvel, moto, etc.";"KIA SORENTO";"90000,00";"03/08/2026";"16:19:51"
"03/08/2026";"16:31:03";2026;2;"Eleição Ordinária";6259;"Eleições Gerais Estaduais 2026";"04/10/2026";"SP";"SP";"SÃO PAULO";250002536411;2;21;"Veículo automotor terrestre: caminhão, automóvel, moto, etc.";"NISSAN KICKS";"50000,00";"03/08/2026";"16:19:51"
"03/08/2026";"16:31:03";2026;2;"Eleição Ordinária";6259;"Eleições Gerais Estaduais 2026";"04/10/2026";"SP";"SP";"SÃO PAULO";250002536411;5;12;"Casa";"JARDIM NOVA BRAGANÇA - BRAGANÇA PAULISTA";"1600000,00";"03/08/2026";"16:19:51"
"03/08/2026";"16:31:03";2026;2;"Eleição Ordinária";6259;"Eleições Gerais Estaduais 2026";"04/10/2026";"SP";"SP";"SÃO PAULO";250002536411;3;13;"Terreno";"ILE DE FRANCE - BRAGANÇA PAULISTA";"320000,00";"03/08/2026";"16:19:51"
"03/08/2026";"16:31:03";2026;2;"Eleição Ordinária";6259;"Eleições Gerais Estaduais 2026";"04/10/2026";"SP";"SP";"SÃO PAULO";250002536411;4;13;"Terreno";"PÉROLAS - BRAGANÇA PAULISTA";"120000,00";"03/08/2026";"16:19:51"
"03/08/2026";"16:31:03";2026;2;"Eleição Ordinária";6259;"Eleições Gerais Estaduais 2026";"04/10/2026";"SP";"SP";"SÃO PAULO";250002536411;8;21;"Veículo automotor terrestre: caminhão, automóvel, moto, etc.";"VW SAVEIRO";"50000,00";"03/08/2026";"16:19:51"
"03/08/2026";"16:31:03";2026;2;"Eleição Ordinária";6259;"Eleições Gerais Estaduais 2026";"04/10/2026";"SP";"SP";"SÃO PAULO";250002536411;6;45;"Aplicação de renda fixa (CDB, RDB e outros)";"APLICAÇÕES";"20000,00";"03/08/2026";"16:19:51"
"03/08/2026";"16:31:03";2026;2;"Eleição Ordinária";6259;"Eleições Gerais Estaduais 2026";"04/10/2026";"SP";"SP";"SÃO PAULO";250002536411;7;31;"Ações (inclusive as provenientes de linha telefônica)";"INVESTIMENTOS";"40000,00";"03/08/2026";"16:19:51"
"03/08/2026";"16:31:03";2026;2;"Eleição Ordinária";6259;"Eleições Gerais Estaduais 2026";"04/10/2026";"SP";"SP";"SÃO PAULO";250002536412;2;32;"Quotas ou quinhões de capital";"100% DAS QUOTAS DO CAPITAL SOCIAL DE EMPRESA INDIVIDUAL - PAULO HUGENNEYER KOGOS - EPP";"20000,00";"03/08/2026";"16:20:53"
"03/08/2026";"16:31:03";2026;2;"Eleição Ordinária";6259;"Eleições Gerais Estaduais 2026";"04/10/2026";"SP";"SP";"SÃO PAULO";250002536412;1;62;"Depósito bancário em conta corrente no exterior";"SALDO EM CONTA CORRENTE NO BANCO C6 S.A - CONTA GLOBAL EUR 354,68 (R$2.080,24)";"2080,24";"03/08/2026";"16:20:53"
"03/08/2026";"16:31:03";2026;2;"Eleição Ordinária";6259;"Eleições Gerais Estaduais 2026";"04/10/2026";"SP";"SP";"SÃO PAULO";250002536412;3;61;"Depósito bancário em conta corrente no País";"SALDO EM CONTA CORRENTE NO BANCO C6 CTVM LTDA";"5022,84";"03/08/2026";"16:20:53"
"03/08/2026";"16:31:03";2026;2;"Eleição Ordinária";6259;"Eleições Gerais Estaduais 2026";"04/10/2026";"SP";"SP";"SÃO PAULO";250002536412;5;45;"Aplicação de renda fixa (CDB, RDB e outros)";"SALDO CDB NO BANCO SANTANDER (BRASIL)";"24254,73";"03/08/2026";"16:20:53"
"03/08/2026";"16:31:03";2026;2;"Eleição Ordinária";6259;"Eleições Gerais Estaduais 2026";"04/10/2026";"SP";"SP";"SÃO PAULO";250002536412;6;21;"Veículo automotor terrestre: caminhão, automóvel, moto, etc.";"OMODA 5 PRESTIGE HEV CL - FAB. 2026 MOD. 2027";"182990,00";"03/08/2026";"16:20:53"
"03/08/2026";"16:31:03";2026;2;"Eleição Ordinária";6259;"Eleições Gerais Estaduais 2026";"04/10/2026";"SP";"SP";"SÃO PAULO";250002536412;4;92;"Título de clube e assemelhado";"TITULO DE MEMBRO DO CLUB ATHLETICO PAULISTANO - CAP";"20000,00";"03/08/2026";"16:20:53"
"03/08/2026";"16:31:03";2026;2;"Eleição Ordinária";6259;"Eleições Gerais Estaduais 2026";"04/10/2026";"SP";"SP";"SÃO PAULO";250002536413;1;45;"Aplicação de renda fixa (CDB, RDB e outros)";"SALDO APLICAÇÃO (CDB.RDB E OUTROS)";"5138,57";"03/08/2026";"16:20:05"
"03/08/2026";"16:31:03";2026;2;"Eleição Ordinária";6259;"Eleições Gerais Estaduais 2026";"04/10/2026";"SP";"SP";"SÃO PAULO";250002536414;2;11;"Apartamento";"50% APARTAMENTO RUA MARTE 429 AP 122 BL 16 BARUERI";"433706,53";"03/08/2026";"16:20:38"
"03/08/2026";"16:31:03";2026;2;"Eleição Ordinária";6259;"Eleições Gerais Estaduais 2026";"04/10/2026";"SP";"SP";"SÃO PAULO";250002536414;1;61;"Depósito bancário em conta corrente no País";"BRADESCO CONTA CORRENTE";"1271,65";"03/08/2026";"16:20:38"
"03/08/2026";"16:31:03";2026;2;"Eleição Ordinária";6259;"Eleições Gerais Estaduais 2026";"04/10/2026";"SP";"SP";"SÃO PAULO";250002536414;5;21;"Veículo automotor terrestre: caminhão, automóvel, moto, etc.";"GM/CORSA HATCH MAXX ANO 2004 MODELO 2005";"15500,00";"03/08/2026";"16:20:38"
"03/08/2026";"16:31:03";2026;2;"Eleição Ordinária";6259;"Eleições Gerais Estaduais 2026";"04/10/2026";"SP";"SP";"SÃO PAULO";250002536414;4;45;"Aplicação de renda fixa (CDB, RDB e outros)";"BRADESCO APLICACAO DE RENDA FIXA CDB";"5064,00";"03/08/2026";"16:20:38"
"03/08/2026";"16:31:03";2026;2;"Eleição Ordinária";6259;"Eleições Gerais Estaduais 2026";"04/10/2026";"SP";"SP";"SÃO PAULO";250002536414;3;49;"Outras aplicações e Investimentos";"BRADESCO TITULOS DE CAPITALIZACAO";"5971,50";"03/08/2026";"16:20:38"
"03/08/2026";"16:31:03";2026;2;"Eleição Ordinária";6259;"Eleições Gerais Estaduais 2026";"04/10/2026";"SP";"SP";"SÃO PAULO";250002536414;6;21;"Veículo automotor terrestre: caminhão, automóvel, moto, etc.";"VEICULO VW/GOL GL ANO/MODELO 1988";"7500,00";"03/08/2026";"16:20:38"
"03/08/2026";"16:31:03";2026;2;"Eleição Ordinária";6259;"Eleições Gerais Estaduais 2026";"04/10/2026";"SP";"SP";"SÃO PAULO";250002536414;8;61;"Depósito bancário em conta corrente no País";"SANTANDER CONTA CORRENTE";"1110,28";"03/08/2026";"16:20:38"
"03/08/2026";"16:31:03";2026;2;"Eleição Ordinária";6259;"Eleições Gerais Estaduais 2026";"04/10/2026";"SP";"SP";"SÃO PAULO";250002536414;7;95;"Consórcio não contemplado";"B CONSORCIO DE IMOVEIS";"14446,28";"03/08/2026";"16:20:38"
"03/08/2026";"16:31:03";2026;2;"Eleição Ordinária";6259;"Eleições Gerais Estaduais 2026";"04/10/2026";"SP";"SP";"SÃO PAULO";250002536414;10;21;"Veículo automotor terrestre: caminhão, automóvel, moto, etc.";"VEICULO HONDA CRV EXL - MISTO CAMIONETA - 2012";"79500,00";"03/08/2026";"16:20:38"
"03/08/2026";"16:31:03";2026;2;"Eleição Ordinária";6259;"Eleições Gerais Estaduais 2026";"04/10/2026";"SP";"SP";"SÃO PAULO";250002536414;11;49;"Outras aplicações e Investimentos";"BANCO DO BRASIL CONTA REGISTRO DO FLUXO";"10128,69";"03/08/2026";"16:20:38"
"03/08/2026";"16:31:03";2026;2;"Eleição Ordinária";6259;"Eleições Gerais Estaduais 2026";"04/10/2026";"SP";"SP";"SÃO PAULO";250002536414;9;97;"VGBL - Vida Gerador de Benefício Livre";"BRASILPREV VGBL";"50000,00";"03/08/2026";"16:20:38"
"03/08/2026";"16:31:03";2026;2;"Eleição Ordinária";6259;"Eleições Gerais Estaduais 2026";"04/10/2026";"SP";"SP";"SÃO PAULO";250002536415;2;61;"Depósito bancário em conta corrente no País";"CONTA BANCO DO BRASIL";"0,00";"03/08/2026";"16:20:02"
"03/08/2026";"16:31:03";2026;2;"Eleição Ordinária";6259;"Eleições Gerais Estaduais 2026";"04/10/2026";"SP";"SP";"SÃO PAULO";250002536415;3;99;"OUTROS BENS E DIREITOS";"SANTANDER CAPITALIZAÇÃO";"990,00";"03/08/2026";"16:20:02"
"03/08/2026";"16:31:03";2026;2;"Eleição Ordinária";6259;"Eleições Gerais Estaduais 2026";"04/10/2026";"SP";"SP";"SÃO PAULO";250002536415;1;23;"Embarcação";"LANCHA FS 215 OPEN ANO 2002";"45000,00";"03/08/2026";"16:20:02"
"03/08/2026";"16:31:03";2026;2;"Eleição Ordinária";6259;"Eleições Gerais Estaduais 2026";"04/10/2026";"SP";"SP";"SÃO PAULO";250002536415;4;21;"Veículo automotor terrestre: caminhão, automóvel, moto, etc.";"CAOA CHERY TIGGO 3X PRO TA 2021/2022";"70000,00";"03/08/2026";"16:20:02"
"03/08/2026";"16:31:03";2026;2;"Eleição Ordinária";6259;"Eleições Gerais Estaduais 2026";"04/10/2026";"SP";"SP";"SÃO PAULO";250002536415;6;21;"Veículo automotor terrestre: caminhão, automóvel, moto, etc.";"CARRETINHA RKORG KG500 PARA TRANSPORTE DE JET SKI";"1500,00";"03/08/2026";"16:20:02"
"03/08/2026";"16:31:03";2026;2;"Eleição Ordinária";6259;"Eleições Gerais Estaduais 2026";"04/10/2026";"SP";"SP";"SÃO PAULO";250002536415;5;13;"Terreno";"TERRENO DE 450M², PARANAPANEMA/SP";"15024,00";"03/08/2026";"16:20:02"
"03/08/2026";"16:31:03";2026;2;"Eleição Ordinária";6259;"Eleições Gerais Estaduais 2026";"04/10/2026";"SP";"SP";"SÃO PAULO";250002536415;8;99;"OUTROS BENS E DIREITOS";"700 AÇÕES BLUT3, CUSTO MÉDIO R$ 5,60";"3920,00";"03/08/2026";"16:20:02"
"03/08/2026";"16:31:03";2026;2;"Eleição Ordinária";6259;"Eleições Gerais Estaduais 2026";"04/10/2026";"SP";"SP";"SÃO PAULO";250002536415;9;99;"OUTROS BENS E DIREITOS";"OUROCAP MENSAL BRASILCAP";"50,00";"03/08/2026";"16:20:02"
"03/08/2026";"16:31:03";2026;2;"Eleição Ordinária";6259;"Eleições Gerais Estaduais 2026";"04/10/2026";"SP";"SP";"SÃO PAULO";250002536415;7;23;"Embarcação";"JET SKI YAMAHA ANO 2005";"18000,00";"03/08/2026";"16:20:02"
"03/08/2026";"16:31:03";2026;2;"Eleição Ordinária";6259;"Eleições Gerais Estaduais 2026";"04/10/2026";"SP";"SP";"SÃO PAULO";250002536415;12;99;"OUTROS BENS E DIREITOS";"SALDO USD 71,33 ¿ EVOLVE BANK   TRUST";"9,97";"03/08/2026";"16:20:02"
"03/08/2026";"16:31:03";2026;2;"Eleição Ordinária";6259;"Eleições Gerais Estaduais 2026";"04/10/2026";"SP";"SP";"SÃO PAULO";250002536415;10;99;"OUTROS BENS E DIREITOS";"FUNDO SAF SOB SPECIAL FICFI RF SIMPL";"15731,31";"03/08/2026";"16:20:02"
"03/08/2026";"16:31:03";2026;2;"Eleição Ordinária";6259;"Eleições Gerais Estaduais 2026";"04/10/2026";"SP";"SP";"SÃO PAULO";250002536415;11;39;"Outras participações societárias";"0% DAS QUOTAS DA EMPRESA VP INTELIGÊNCIA EM LOGÍSTICA, CONSULTORIA E MONITORAMENTO LTDA";"1000,00";"03/08/2026";"16:20:02"
"03/08/2026";"16:31:03";2026;2;"Eleição Ordinária";6259;"Eleições Gerais Estaduais 2026";"04/10/2026";"SP";"SP";"SÃO PAULO";250002536415;15;45;"Aplicação de renda fixa (CDB, RDB e outros)";"CONTA POUPANÇA SANTANDER";"372,00";"03/08/2026";"16:20:02"
"03/08/2026";"16:31:03";2026;2;"Eleição Ordinária";6259;"Eleições Gerais Estaduais 2026";"04/10/2026";"SP";"SP";"SÃO PAULO";250002536415;14;45;"Aplicação de renda fixa (CDB, RDB e outros)";"APLICAÇÃO CDB RENDE FÁCIL BANCO DO BRASIL";"14312,89";"03/08/2026";"16:20:02"
"03/08/2026";"16:31:03";2026;2;"Eleição Ordinária";6259;"Eleições Gerais Estaduais 2026";"04/10/2026";"SP";"SP";"SÃO PAULO";250002536415;13;99;"OUTROS BENS E DIREITOS";"15 CRIPTOATIVO 0,03198838 BTC";"12763,39";"03/08/2026";"16:20:02"
"03/08/2026";"16:31:03";2026;2;"Eleição Ordinária";6259;"Eleições Gerais Estaduais 2026";"04/10/2026";"SP";"SP";"SÃO PAULO";250002536415;17;21;"Veículo automotor terrestre: caminhão, automóvel, moto, etc.";"FORD EDGE 2012/2013";"60000,00";"03/08/2026";"16:20:02"
"03/08/2026";"16:31:03";2026;2;"Eleição Ordinária";6259;"Eleições Gerais Estaduais 2026";"04/10/2026";"SP";"SP";"SÃO PAULO";250002536416;1;12;"Casa";"CASA DE 300M² EM REGISTRO/SP";"1000000,00";"03/08/2026";"16:19:53"
"03/08/2026";"16:31:03";2026;2;"Eleição Ordinária";6259;"Eleições Gerais Estaduais 2026";"04/10/2026";"SP";"SP";"SÃO PAULO";250002536415;16;11;"Apartamento";"APARTAMENTO DE 68M², MANDAQUI, SÃO PAULO/SP";"500000,00";"03/08/2026";"16:20:02"
"03/08/2026";"16:31:03";2026;2;"Eleição Ordinária";6259;"Eleições Gerais Estaduais 2026";"04/10/2026";"SP";"SP";"SÃO PAULO";250002536417;1;12;"Casa";"50% DE CASA EM MAIRINQUE";"556657,75";"03/08/2026";"16:20:25"
"03/08/2026";"16:31:03";2026;2;"Eleição Ordinária";6259;"Eleições Gerais Estaduais 2026";"04/10/2026";"SP";"SP";"SÃO PAULO";250002536416;2;29;"Outros bens móveis";"CLÍNICA RADIOLÓGICA 200M² EM REGISTRO/SP";"3000000,00";"03/08/2026";"16:19:53"
"03/08/2026";"16:31:03";2026;2;"Eleição Ordinária";6259;"Eleições Gerais Estaduais 2026";"04/10/2026";"SP";"SP";"SÃO PAULO";250002536417;2;19;"Outros bens imóveis";"50% DE LOTE EM MAIRINQUE";"25000,00";"03/08/2026";"16:20:25"
"03/08/2026";"16:31:03";2026;2;"Eleição Ordinária";6259;"Eleições Gerais Estaduais 2026";"04/10/2026";"SP";"SP";"SÃO PAULO";250002536417;4;32;"Quotas ou quinhões de capital";"4800 COTAS DO CAPITAL SOCIAL DA ABL";"4800,00";"03/08/2026";"16:20:25"
"03/08/2026";"16:31:03";2026;2;"Eleição Ordinária";6259;"Eleições Gerais Estaduais 2026";"04/10/2026";"SP";"SP";"SÃO PAULO";250002536417;3;31;"Ações (inclusive as provenientes de linha telefônica)";"TOTALIDADE DE AÇÕES";"11120,45";"03/08/2026";"16:20:25"
"03/08/2026";"16:31:03";2026;2;"Eleição Ordinária";6259;"Eleições Gerais Estaduais 2026";"04/10/2026";"SP";"SP";"SÃO PAULO";250002536417;5;63;"Dinheiro em espécie - moeda nacional";"DINHEIRO EM PODER DO DECLARANTE";"170000,00";"03/08/2026";"16:20:25"
"03/08/2026";"16:31:03";2026;2;"Eleição Ordinária";6259;"Eleições Gerais Estaduais 2026";"04/10/2026";"SP";"SP";"SÃO PAULO";250002536417;8;45;"Aplicação de renda fixa (CDB, RDB e outros)";"BANDO DO BRASIL CDB RENDE FACIL";"11027,60";"03/08/2026";"16:20:25"
"03/08/2026";"16:31:03";2026;2;"Eleição Ordinária";6259;"Eleições Gerais Estaduais 2026";"04/10/2026";"SP";"SP";"SÃO PAULO";250002536417;6;62;"Depósito bancário em conta corrente no exterior";"SALDO DE US$ 1.611,11 AVENUE SECURITIES LLCC";"8864,00";"03/08/2026";"16:20:25"
"03/08/2026";"16:31:03";2026;2;"Eleição Ordinária";6259;"Eleições Gerais Estaduais 2026";"04/10/2026";"SP";"SP";"SÃO PAULO";250002536417;7;45;"Aplicação de renda fixa (CDB, RDB e outros)";"BB RENDA FIXA REFERENCIADO";"4580,04";"03/08/2026";"16:20:25"
"03/08/2026";"16:31:03";2026;2;"Eleição Ordinária";6259;"Eleições Gerais Estaduais 2026";"04/10/2026";"SP";"SP";"SÃO PAULO";250002536417;9;45;"Aplicação de renda fixa (CDB, RDB e outros)";"ITAU UNIBANCO RDB/CDB";"852,77";"03/08/2026";"16:20:25"
"03/08/2026";"16:31:03";2026;2;"Eleição Ordinária";6259;"Eleições Gerais Estaduais 2026";"04/10/2026";"SP";"SP";"SÃO PAULO";250002536417;11;61;"Depósito bancário em conta corrente no País";"SALDO NA CONTA DA AVENUE SECURITIES BANO DE INVESTIMENTO";"277,64";"03/08/2026";"16:20:25"
"03/08/2026";"16:31:03";2026;2;"Eleição Ordinária";6259;"Eleições Gerais Estaduais 2026";"04/10/2026";"SP";"SP";"SÃO PAULO";250002536417;10;99;"OUTROS BENS E DIREITOS";"INFORMADO POR CNPJ 45246410000155";"264,95";"03/08/2026";"16:20:25"
"03/08/2026";"16:31:03";2026;2;"Eleição Ordinária";6259;"Eleições Gerais Estaduais 2026";"04/10/2026";"SP";"SP";"SÃO PAULO";250002536418;1;21;"Veículo automotor terrestre: caminhão, automóvel, moto, etc.";"AUTOMÓVEL, VW, FOX 1.0, ANO 2006, PRETO, 2 PORTAS";"17000,00";"03/08/2026";"16:20:53"
"03/08/2026";"16:31:03";2026;2;"Eleição Ordinária";6259;"Eleições Gerais Estaduais 2026";"04/10/2026";"SP";"SP";"SÃO PAULO";250002536417;13;99;"OUTROS BENS E DIREITOS";"CREDITO JUNTO A EMPRESA";"310000,00";"03/08/2026";"16:20:25"
"03/08/2026";"16:31:03";2026;2;"Eleição Ordinária";6259;"Eleições Gerais Estaduais 2026";"04/10/2026";"SP";"SP";"SÃO PAULO";250002536417;12;49;"Outras aplicações e Investimentos";"BANDO DO BRASIL OUROCAP MENSAL";"100,00";"03/08/2026";"16:20:25"
"03/08/2026";"16:31:03";2026;2;"Eleição Ordinária";6259;"Eleições Gerais Estaduais 2026";"04/10/2026";"SP";"SP";"SÃO PAULO";250002536418;2;12;"Casa";"CASA COM 324,80 EM JACAREÍ/SP (FINANCIADA)";"180000,00";"03/08/2026";"16:20:53"
"03/08/2026";"16:31:03";2026;2;"Eleição Ordinária";6259;"Eleições Gerais Estaduais 2026";"04/10/2026";"SP";"SP";"SÃO PAULO";250002536420;1;21;"Veículo automotor terrestre: caminhão, automóvel, moto, etc.";"MOTOCICLETA PRETA . MODELO 2019/2020/ KAWASAKI NINJA400";"26891,00";"03/08/2026";"16:20:49"
"03/08/2026";"16:31:03";2026;2;"Eleição Ordinária";6259;"Eleições Gerais Estaduais 2026";"04/10/2026";"SP";"SP";"SÃO PAULO";250002536418;3;19;"Outros bens imóveis";"POSSE DE CHÁCARA MEDIANTE CONTRATO PARTICULAR DE COMPRA E VENDA, AINDA EM FASE DE PAGAMENTO, SEM REGISTRO IMOBILIÁRIO EM SÃO JOSÉ DOS CAMPOS / SP";"700000,00";"03/08/2026";"16:20:53"
"03/08/2026";"16:31:03";2026;2;"Eleição Ordinária";6259;"Eleições Gerais Estaduais 2026";"04/10/2026";"SP";"SP";"SÃO PAULO";250002536420;2;12;"Casa";"UMA CASA EM SANTO ANDRÉ/SP . 117M QUADRADOS DE ÁREA CONTRUIDA";"479000,00";"03/08/2026";"16:20:49"
"03/08/2026";"16:31:03";2026;2;"Eleição Ordinária";6259;"Eleições Gerais Estaduais 2026";"04/10/2026";"SP";"SP";"SÃO PAULO";250002536421;2;21;"Veículo automotor terrestre: caminhão, automóvel, moto, etc.";"VEÍCULO MERCEDES BENS C200, ANO FAB/MODE 2015/2015 PLACA FLV6252";"99990,00";"03/08/2026";"16:20:35"
"03/08/2026";"16:31:03";2026;2;"Eleição Ordinária";6259;"Eleições Gerais Estaduais 2026";"04/10/2026";"SP";"SP";"SÃO PAULO";250002536421;1;19;"Outros bens imóveis";"50% DE UM BEM IMÓVEL RESIDENCIAL EM UBATUBA-SP";"41527,64";"03/08/2026";"16:20:35"
"03/08/2026";"16:31:03";2026;2;"Eleição Ordinária";6259;"Eleições Gerais Estaduais 2026";"04/10/2026";"SP";"SP";"SÃO PAULO";250002536421;4;45;"Aplicação de renda fixa (CDB, RDB e outros)";"CDB JUNTO AO BANCO SANTANDER (BRASIL) SA";"648,98";"03/08/2026";"16:20:35"
"03/08/2026";"16:31:03";2026;2;"Eleição Ordinária";6259;"Eleições Gerais Estaduais 2026";"04/10/2026";"SP";"SP";"SÃO PAULO";250002536422;1;21;"Veículo automotor terrestre: caminhão, automóvel, moto, etc.";"AUTOMOVEL HB20, 1.0 ANO 2022";"59000,00";"03/08/2026";"16:20:06"
"03/08/2026";"16:31:03";2026;2;"Eleição Ordinária";6259;"Eleições Gerais Estaduais 2026";"04/10/2026";"SP";"SP";"SÃO PAULO";250002536421;3;61;"Depósito bancário em conta corrente no País";"QUOTAS JUNTO AO BANCO SICRED";"511,89";"03/08/2026";"16:20:35"
"03/08/2026";"16:31:03";2026;2;"Eleição Ordinária";6259;"Eleições Gerais Estaduais 2026";"04/10/2026";"SP";"SP";"SÃO PAULO";250002536422;2;11;"Apartamento";"APARTAMENTO DE 88 METROS EM SANTOS/ SP";"530000,00";"03/08/2026";"16:20:06"
"03/08/2026";"16:31:03";2026;2;"Eleição Ordinária";6259;"Eleições Gerais Estaduais 2026";"04/10/2026";"SP";"SP";"SÃO PAULO";250002536422;4;11;"Apartamento";"APARTAMENTO DE 72 METROS EM SANTOS/ SP";"260000,00";"03/08/2026";"16:20:06"
"03/08/2026";"16:31:03";2026;2;"Eleição Ordinária";6259;"Eleições Gerais Estaduais 2026";"04/10/2026";"SP";"SP";"SÃO PAULO";250002536422;3;11;"Apartamento";"APARTAMENTO DE 63 METROS EM SANTOS/ SP";"535000,00";"03/08/2026";"16:20:06"
"03/08/2026";"16:31:03";2026;2;"Eleição Ordinária";6259;"Eleições Gerais Estaduais 2026";"04/10/2026";"SP";"SP";"SÃO PAULO";250002536423;1;32;"Quotas ou quinhões de capital";"50% DE COTAS DE CAPITAL SOCIAL DE EMPRESA";"3771250,00";"03/08/2026";"16:20:49"
"03/08/2026";"16:31:03";2026;2;"Eleição Ordinária";6259;"Eleições Gerais Estaduais 2026";"04/10/2026";"SP";"SP";"SÃO PAULO";250002536422;5;11;"Apartamento";"APARTAMENTO DE 80 METROS EM SANTOS/ SP";"630000,00";"03/08/2026";"16:20:06"
"03/08/2026";"16:31:03";2026;2;"Eleição Ordinária";6259;"Eleições Gerais Estaduais 2026";"04/10/2026";"SP";"SP";"SÃO PAULO";250002536423;2;99;"OUTROS BENS E DIREITOS";"CREDITO COM EMPRESA";"353589,00";"03/08/2026";"16:20:49"
"03/08/2026";"16:31:03";2026;2;"Eleição Ordinária";6259;"Eleições Gerais Estaduais 2026";"04/10/2026";"SP";"SP";"SÃO PAULO";250002536423;5;73;"Fundo de Investimento Imobiliário";"FUNDO DE INVESTIMENTO";"659,75";"03/08/2026";"16:20:49"
"03/08/2026";"16:31:03";2026;2;"Eleição Ordinária";6259;"Eleições Gerais Estaduais 2026";"04/10/2026";"SP";"SP";"SÃO PAULO";250002536423;3;61;"Depósito bancário em conta corrente no País";"SALDO EM CONTA CORRENTE";"1,00";"03/08/2026";"16:20:49"
"03/08/2026";"16:31:03";2026;2;"Eleição Ordinária";6259;"Eleições Gerais Estaduais 2026";"04/10/2026";"SP";"SP";"SÃO PAULO";250002536423;4;61;"Depósito bancário em conta corrente no País";"SALDO EM CONTA CORRENTE / INVESTIMENTO";"53,59";"03/08/2026";"16:20:49"
"03/08/2026";"16:31:03";2026;2;"Eleição Ordinária";6259;"Eleições Gerais Estaduais 2026";"04/10/2026";"SP";"SP";"SÃO PAULO";250002536423;6;21;"Veículo automotor terrestre: caminhão, automóvel, moto, etc.";"VEÍCULO FINANCIADO";"203763,09";"03/08/2026";"16:20:49"
"03/08/2026";"16:31:03";2026;2;"Eleição Ordinária";6259;"Eleições Gerais Estaduais 2026";"04/10/2026";"SP";"SP";"SÃO PAULO";250002536423;7;45;"Aplicação de renda fixa (CDB, RDB e outros)";"APLICACOES DE RENDA FIXA E OPERACOES ESCRITURADAS";"5300,00";"03/08/2026";"16:20:49"
"03/08/2026";"16:31:03";2026;2;"Eleição Ordinária";6259;"Eleições Gerais Estaduais 2026";"04/10/2026";"SP";"SP";"SÃO PAULO";250002536423;8;61;"Depósito bancário em conta corrente no País";"SALDO EM CONTA CORRENTE";"64,28";"03/08/2026";"16:20:49"
"03/08/2026";"16:31:03";2026;2;"Eleição Ordinária";6259;"Eleições Gerais Estaduais 2026";"04/10/2026";"SP";"SP";"SÃO PAULO";250002536423;11;41;"Caderneta de poupança";"DEPÓSITO EM CONTA POUPANCA";"32032,97";"03/08/2026";"16:20:49"
"03/08/2026";"16:31:03";2026;2;"Eleição Ordinária";6259;"Eleições Gerais Estaduais 2026";"04/10/2026";"SP";"SP";"SÃO PAULO";250002536423;9;95;"Consórcio não contemplado";"CONSORCIO NAO CONTEMPLADO COTA";"57980,04";"03/08/2026";"16:20:49"
"03/08/2026";"16:31:03";2026;2;"Eleição Ordinária";6259;"Eleições Gerais Estaduais 2026";"04/10/2026";"SP";"SP";"SÃO PAULO";250002536423;10;95;"Consórcio não contemplado";"CONSORCIO NAO CONTEMPLADO COTA";"25564,15";"03/08/2026";"16:20:49"
"03/08/2026";"16:31:03";2026;2;"Eleição Ordinária";6259;"Eleições Gerais Estaduais 2026";"04/10/2026";"SP";"SP";"SÃO PAULO";250002536423;13;32;"Quotas ou quinhões de capital";"100% DE COTAS DE CAPITAL DE EMPRESA";"1165000,00";"03/08/2026";"16:20:49"
"03/08/2026";"16:31:03";2026;2;"Eleição Ordinária";6259;"Eleições Gerais Estaduais 2026";"04/10/2026";"SP";"SP";"SÃO PAULO";250002536423;14;99;"OUTROS BENS E DIREITOS";"COTAS DE EMPREENDIMENTO IMOBILIARIO";"44000,00";"03/08/2026";"16:20:49"
"03/08/2026";"16:31:03";2026;2;"Eleição Ordinária";6259;"Eleições Gerais Estaduais 2026";"04/10/2026";"SP";"SP";"SÃO PAULO";250002536423;12;95;"Consórcio não contemplado";"CONSORCIO NAO CONTEMPLADO COTA";"25526,85";"03/08/2026";"16:20:49"
"03/08/2026";"16:31:03";2026;2;"Eleição Ordinária";6259;"Eleições Gerais Estaduais 2026";"04/10/2026";"SP";"SP";"SÃO PAULO";250002536424;2;32;"Quotas ou quinhões de capital";"EAGLE CONSTRUTORA E SERVICOS LTDA";"25000,00";"03/08/2026";"16:20:30"
"03/08/2026";"16:31:03";2026;2;"Eleição Ordinária";6259;"Eleições Gerais Estaduais 2026";"04/10/2026";"SP";"SP";"SÃO PAULO";250002536425;1;32;"Quotas ou quinhões de capital";"PERMAVITA, 41.493.052/0001-24, 100% DE COTAS";"20000000,00";"03/08/2026";"16:20:11"
"03/08/2026";"16:31:03";2026;2;"Eleição Ordinária";6259;"Eleições Gerais Estaduais 2026";"04/10/2026";"SP";"SP";"SÃO PAULO";250002536424;1;63;"Dinheiro em espécie - moeda nacional";"DINHEIRO EM ESPÉCIE";"20000,00";"03/08/2026";"16:20:30"
"03/08/2026";"16:31:03";2026;2;"Eleição Ordinária";6259;"Eleições Gerais Estaduais 2026";"04/10/2026";"SP";"SP";"SÃO PAULO";250002536425;3;45;"Aplicação de renda fixa (CDB, RDB e outros)";"APLICAÇÕES FINANCEIRAS BTG";"3000000,00";"03/08/2026";"16:20:11"
"03/08/2026";"16:31:03";2026;2;"Eleição Ordinária";6259;"Eleições Gerais Estaduais 2026";"04/10/2026";"SP";"SP";"SÃO PAULO";250002536425;4;45;"Aplicação de renda fixa (CDB, RDB e outros)";"APLICAÇÕES FINANCEIRAS BTG";"7200,00";"03/08/2026";"16:20:11"
"03/08/2026";"16:31:03";2026;2;"Eleição Ordinária";6259;"Eleições Gerais Estaduais 2026";"04/10/2026";"SP";"SP";"SÃO PAULO";250002536425;2;32;"Quotas ou quinhões de capital";"ERA COMERCIO, 24.955.190/0001-69, 50% DAS QUOTAS";"2500000,00";"03/08/2026";"16:20:11"
"03/08/2026";"16:31:03";2026;2;"Eleição Ordinária";6259;"Eleições Gerais Estaduais 2026";"04/10/2026";"SP";"SP";"SÃO PAULO";250002536425;5;45;"Aplicação de renda fixa (CDB, RDB e outros)";"APLICAÇÕES FINANCEIRAS XP";"1100,00";"03/08/2026";"16:20:11"
"03/08/2026";"16:31:03";2026;2;"Eleição Ordinária";6259;"Eleições Gerais Estaduais 2026";"04/10/2026";"SP";"SP";"SÃO PAULO";250002536425;6;45;"Aplicação de renda fixa (CDB, RDB e outros)";"APLICAÇÕES FINANCEIRAS ITAÚ";"900,00";"03/08/2026";"16:20:11"
"03/08/2026";"16:31:03";2026;2;"Eleição Ordinária";6259;"Eleições Gerais Estaduais 2026";"04/10/2026";"SP";"SP";"SÃO PAULO";250002536425;7;32;"Quotas ou quinhões de capital";"BOM SENSO MIDIA DIGITAL LTDA, 63.353.407/0001-12, 100% DAS QUOTAS";"1600000,00";"03/08/2026";"16:20:11"
"03/08/2026";"16:31:03";2026;2;"Eleição Ordinária";6259;"Eleições Gerais Estaduais 2026";"04/10/2026";"SP";"SP";"SÃO PAULO";250002536425;8;32;"Quotas ou quinhões de capital";"BIOEKONOMICA, 41.492.139/0001-87 , 100% DE COTAS";"1000000,00";"03/08/2026";"16:20:11"
"03/08/2026";"16:31:03";2026;2;"Eleição Ordinária";6259;"Eleições Gerais Estaduais 2026";"04/10/2026";"SP";"SP";"SÃO PAULO";250002536425;9;32;"Quotas ou quinhões de capital";"UNIPOLI CURSOS E TREINAMENTOS LTDA, 63.394.260/0001-09, 100% DE COTAS";"1000000,00";"03/08/2026";"16:20:11"
"03/08/2026";"16:31:03";2026;2;"Eleição Ordinária";6259;"Eleições Gerais Estaduais 2026";"04/10/2026";"SP";"SP";"SÃO PAULO";250002536426;1;41;"Caderneta de poupança";"PAUPANÇA OURO";"76657,35";"03/08/2026";"16:21:00"
"03/08/2026";"16:31:03";2026;2;"Eleição Ordinária";6259;"Eleições Gerais Estaduais 2026";"04/10/2026";"SP";"SP";"SÃO PAULO";250002536426;2;41;"Caderneta de poupança";"POUPANÇA CEF";"2065,00";"03/08/2026";"16:21:00"
"03/08/2026";"16:31:03";2026;2;"Eleição Ordinária";6259;"Eleições Gerais Estaduais 2026";"04/10/2026";"SP";"SP";"SÃO PAULO";250002536426;3;11;"Apartamento";"APARTAMENTO 92,8 M² EM PIDAMONHANGABA";"80742,16";"03/08/2026";"16:21:00"
"03/08/2026";"16:31:03";2026;2;"Eleição Ordinária";6259;"Eleições Gerais Estaduais 2026";"04/10/2026";"SP";"SP";"SÃO PAULO";250002536426;4;61;"Depósito bancário em conta corrente no País";"CONTA CORRENTE SANTANDER";"36074,99";"03/08/2026";"16:21:00"
"03/08/2026";"16:31:03";2026;2;"Eleição Ordinária";6259;"Eleições Gerais Estaduais 2026";"04/10/2026";"SP";"SP";"SÃO PAULO";250002536426;6;32;"Quotas ou quinhões de capital";"CAPITAL SOCIAL - SICCOB UNIMAIS MANTIQUEIRA COOPERATIVA DE CREDITO";"31236,38";"03/08/2026";"16:21:00"
"03/08/2026";"16:31:03";2026;2;"Eleição Ordinária";6259;"Eleições Gerais Estaduais 2026";"04/10/2026";"SP";"SP";"SÃO PAULO";250002536426;7;32;"Quotas ou quinhões de capital";"PROPRIETARIO DA EMPRESA CLAMAVI PRESTAÇÃO DE SERVIÇOS MEDICOS AMBULATORIAIS E PROCEDIMENTOS CIRURGICOS EIRELLI";"78800,00";"03/08/2026";"16:21:00"
"03/08/2026";"16:31:03";2026;2;"Eleição Ordinária";6259;"Eleições Gerais Estaduais 2026";"04/10/2026";"SP";"SP";"SÃO PAULO";250002536426;5;13;"Terreno";"LOTE 967,5 M ² EM PINDAMONHANGABA";"112467,14";"03/08/2026";"16:21:00"
"03/08/2026";"16:31:03";2026;2;"Eleição Ordinária";6259;"Eleições Gerais Estaduais 2026";"04/10/2026";"SP";"SP";"SÃO PAULO";250002536426;9;73;"Fundo de Investimento Imobiliário";"LETRA DE CRÉDITO IMOBILIARIO";"104000,00";"03/08/2026";"16:21:00"
"03/08/2026";"16:31:03";2026;2;"Eleição Ordinária";6259;"Eleições Gerais Estaduais 2026";"04/10/2026";"SP";"SP";"SÃO PAULO";250002536426;10;61;"Depósito bancário em conta corrente no País";"CONTA CORRENTE BANCO DO BRASIL";"167,18";"03/08/2026";"16:21:00"
"03/08/2026";"16:31:03";2026;2;"Eleição Ordinária";6259;"Eleições Gerais Estaduais 2026";"04/10/2026";"SP";"SP";"SÃO PAULO";250002536426;8;61;"Depósito bancário em conta corrente no País";"CONTA CORRENTE CAIXA ECONOMICA FEDERAL";"739,58";"03/08/2026";"16:21:00"
"03/08/2026";"16:31:03";2026;2;"Eleição Ordinária";6259;"Eleições Gerais Estaduais 2026";"04/10/2026";"SP";"SP";"SÃO PAULO";250002536426;11;12;"Casa";"IMOVEL DE SUA RESIDENCIA, EM PINDAMONHANGABA";"53000,00";"03/08/2026";"16:21:00"
"03/08/2026";"16:31:03";2026;2;"Eleição Ordinária";6259;"Eleições Gerais Estaduais 2026";"04/10/2026";"SP";"SP";"SÃO PAULO";250002536426;12;32;"Quotas ou quinhões de capital";"SOCIO PROPRIETARIO DA MAVIMED SERVIÇOS MEDICOS LTDA. COM PARTICIPAÇÃO DE 99,5% DO CAPITAL";"4975,00";"03/08/2026";"16:21:00"
"03/08/2026";"16:31:03";2026;2;"Eleição Ordinária";6259;"Eleições Gerais Estaduais 2026";"04/10/2026";"SP";"SP";"SÃO PAULO";250002536426;13;95;"Consórcio não contemplado";"XS5 ADMINISTRADORA DE CONSÓRCIOS S/A - JÁ CONTEMPLADO COM A LIBERAÇÃO DE UM CREDIDO NO VALOR DE R$ 868.720,29";"193209,29";"03/08/2026";"16:21:00"
"03/08/2026";"16:31:03";2026;2;"Eleição Ordinária";6259;"Eleições Gerais Estaduais 2026";"04/10/2026";"SP";"SP";"SÃO PAULO";250002536427;1;12;"Casa";"CASA COM 368,97 METROS EM CARAPICUÍBA/SP";"412000,00";"03/08/2026";"16:20:11"
"03/08/2026";"16:31:03";2026;2;"Eleição Ordinária";6259;"Eleições Gerais Estaduais 2026";"04/10/2026";"SP";"SP";"SÃO PAULO";250002536428;1;21;"Veículo automotor terrestre: caminhão, automóvel, moto, etc.";"COROLLA XEI 2.0 ANO 2024";"149000,00";"03/08/2026";"16:20:43"
"03/08/2026";"16:31:03";2026;2;"Eleição Ordinária";6259;"Eleições Gerais Estaduais 2026";"04/10/2026";"SP";"SP";"SÃO PAULO";250002536428;2;19;"Outros bens imóveis";"GALPAO NO MUNICIPIO DE ITAPEVA";"100000,00";"03/08/2026";"16:20:43"
"03/08/2026";"16:31:03";2026;2;"Eleição Ordinária";6259;"Eleições Gerais Estaduais 2026";"04/10/2026";"SP";"SP";"SÃO PAULO";250002536428;3;21;"Veículo automotor terrestre: caminhão, automóvel, moto, etc.";"VEICULO MARCA DENAULT, MODELO KWID, 2019/2020";"34594,61";"03/08/2026";"16:20:43"
"03/08/2026";"16:31:03";2026;2;"Eleição Ordinária";6259;"Eleições Gerais Estaduais 2026";"04/10/2026";"SP";"SP";"SÃO PAULO";250002536428;4;63;"Dinheiro em espécie - moeda nacional";"DINHEIRO EM CAIXA";"25000,00";"03/08/2026";"16:20:43"
"03/08/2026";"16:31:03";2026;2;"Eleição Ordinária";6259;"Eleições Gerais Estaduais 2026";"04/10/2026";"SP";"SP";"SÃO PAULO";250002536428;5;19;"Outros bens imóveis";"LOTE DE TERRAS EM ITAPEVA";"150000,00";"03/08/2026";"16:20:43"
"03/08/2026";"16:31:03";2026;2;"Eleição Ordinária";6259;"Eleições Gerais Estaduais 2026";"04/10/2026";"SP";"SP";"SÃO PAULO";250002536429;1;45;"Aplicação de renda fixa (CDB, RDB e outros)";"BRASILPREV";"39077,83";"03/08/2026";"16:19:55"
"03/08/2026";"16:31:03";2026;2;"Eleição Ordinária";6259;"Eleições Gerais Estaduais 2026";"04/10/2026";"SP";"SP";"SÃO PAULO";250002536429;2;63;"Dinheiro em espécie - moeda nacional";"ECONOMIAS";"25000,00";"03/08/2026";"16:19:55"
"03/08/2026";"16:31:03";2026;2;"Eleição Ordinária";6259;"Eleições Gerais Estaduais 2026";"04/10/2026";"SP";"SP";"SÃO PAULO";250002536429;3;11;"Apartamento";"50% APARTAMENTO";"400000,00";"03/08/2026";"16:19:55"
"03/08/2026";"16:31:03";2026;2;"Eleição Ordinária";6259;"Eleições Gerais Estaduais 2026";"04/10/2026";"SP";"SP";"SÃO PAULO";250002536429;4;12;"Casa";"50% CASA";"600000,00";"03/08/2026";"16:19:55"
"03/08/2026";"16:31:03";2026;2;"Eleição Ordinária";6259;"Eleições Gerais Estaduais 2026";"04/10/2026";"SP";"SP";"SÃO PAULO";250002536429;5;21;"Veículo automotor terrestre: caminhão, automóvel, moto, etc.";"GWM HAVAL";"240000,00";"03/08/2026";"16:19:55"
"03/08/2026";"16:31:03";2026;2;"Eleição Ordinária";6259;"Eleições Gerais Estaduais 2026";"04/10/2026";"SP";"SP";"SÃO PAULO";250002536429;6;13;"Terreno";"TERRENO";"80000,00";"03/08/2026";"16:19:55"
"03/08/2026";"16:31:03";2026;2;"Eleição Ordinária";6259;"Eleições Gerais Estaduais 2026";"04/10/2026";"SP";"SP";"SÃO PAULO";250002536429;7;12;"Casa";"1/3 CASA";"75991,64";"03/08/2026";"16:19:55"
"03/08/2026";"16:31:03";2026;2;"Eleição Ordinária";6259;"Eleições Gerais Estaduais 2026";"04/10/2026";"SP";"SP";"SÃO PAULO";250002536429;9;39;"Outras participações societárias";"SOCIEDADE EMPRESÁRIA LTDA";"10000,00";"03/08/2026";"16:19:55"
"03/08/2026";"16:31:03";2026;2;"Eleição Ordinária";6259;"Eleições Gerais Estaduais 2026";"04/10/2026";"SP";"SP";"SÃO PAULO";250002536429;8;13;"Terreno";"TERRENO";"120000,00";"03/08/2026";"16:19:55"
"03/08/2026";"16:31:03";2026;2;"Eleição Ordinária";6259;"Eleições Gerais Estaduais 2026";"04/10/2026";"SP";"SP";"SÃO PAULO";250002536430;3;21;"Veículo automotor terrestre: caminhão, automóvel, moto, etc.";"UM VEICULO MARCA COROLLA XEI 2016";"86000,00";"03/08/2026";"16:19:58"
"03/08/2026";"16:31:03";2026;2;"Eleição Ordinária";6259;"Eleições Gerais Estaduais 2026";"04/10/2026";"SP";"SP";"SÃO PAULO";250002536430;1;12;"Casa";"A RUA DR. AMADOR DE BARROS N. 1079 / BATATAIS / SP";"395000,00";"03/08/2026";"16:19:58"
"03/08/2026";"16:31:03";2026;2;"Eleição Ordinária";6259;"Eleições Gerais Estaduais 2026";"04/10/2026";"SP";"SP";"SÃO PAULO";250002536430;2;41;"Caderneta de poupança";"BANCO DO BRASIL";"9,11";"03/08/2026";"16:19:58"
"03/08/2026";"16:31:03";2026;2;"Eleição Ordinária";6259;"Eleições Gerais Estaduais 2026";"04/10/2026";"SP";"SP";"SÃO PAULO";250002536431;1;11;"Apartamento";"APART COTA GOLDEN GRAMADO RESORT LAHETTO";"85866,08";"03/08/2026";"16:20:36"
"03/08/2026";"16:31:03";2026;2;"Eleição Ordinária";6259;"Eleições Gerais Estaduais 2026";"04/10/2026";"SP";"SP";"SÃO PAULO";250002536431;2;63;"Dinheiro em espécie - moeda nacional";"DINHEIRO";"120000,00";"03/08/2026";"16:20:36"
"03/08/2026";"16:31:03";2026;2;"Eleição Ordinária";6259;"Eleições Gerais Estaduais 2026";"04/10/2026";"SP";"SP";"SÃO PAULO";250002536431;3;99;"OUTROS BENS E DIREITOS";"DINHEIRO À RECEBER REFERENTE A EMPRÉSTIMOS EFETUADOS";"385000,00";"03/08/2026";"16:20:36"
"03/08/2026";"16:31:03";2026;2;"Eleição Ordinária";6259;"Eleições Gerais Estaduais 2026";"04/10/2026";"SP";"SP";"SÃO PAULO";250002536431;6;45;"Aplicação de renda fixa (CDB, RDB e outros)";"BANCOS";"18007,23";"03/08/2026";"16:20:36"
"03/08/2026";"16:31:03";2026;2;"Eleição Ordinária";6259;"Eleições Gerais Estaduais 2026";"04/10/2026";"SP";"SP";"SÃO PAULO";250002536431;5;11;"Apartamento";"EDIFÍCIO VEREDA DO SOL (APARTAMENTO COM FINANCIAMENTO CEF)";"200000,00";"03/08/2026";"16:20:36"
"03/08/2026";"16:31:03";2026;2;"Eleição Ordinária";6259;"Eleições Gerais Estaduais 2026";"04/10/2026";"SP";"SP";"SÃO PAULO";250002536431;4;11;"Apartamento";"6,25% APARTAMENTO RESIDENCIAL SANTA TEREZINHA";"227000,00";"03/08/2026";"16:20:36"
