"DT_GERACAO";"HH_GERACAO";"ANO_ELEICAO";"CD_ELEICAO";"SQ_CANDIDATO";"CD_DETALHE_SITUACAO_CAND";"DS_DETALHE_SITUACAO_CAND";"CD_NACIONALIDADE";"DS_NACIONALIDADE";"CD_MUNICIPIO_NASCIMENTO";"NM_MUNICIPIO_NASCIMENTO";"NR_IDADE_DATA_POSSE";"ST_QUILOMBOLA";"CD_ETNIA_INDIGENA";"DS_ETNIA_INDIGENA";"VR_DESPESA_MAX_CAMPANHA";"ST_REELEICAO";"ST_DECLARAR_BENS";"NR_PROTOCOLO_CANDIDATURA";"NR_PROCESSO";"CD_SITUACAO_CANDIDATO_PLEITO";"DS_SITUACAO_CANDIDATO_PLEITO";"CD_SITUACAO_CANDIDATO_URNA";"DS_SITUACAO_CANDIDATO_URNA";"ST_CANDIDATO_INSERIDO_URNA";"NM_TIPO_DESTINACAO_VOTOS";"CD_SITUACAO_CANDIDATO_TOT";"DS_SITUACAO_CANDIDATO_TOT";"ST_PREST_CONTAS";"ST_SUBSTITUIDO";"SQ_SUBSTITUIDO";"SQ_ORDEM_SUPLENCIA";"DT_ACEITE_CANDIDATURA";"CD_SITUACAO_JULGAMENTO";"DS_SITUACAO_JULGAMENTO";"CD_SITUACAO_JULGAMENTO_PLEITO";"DS_SITUACAO_JULGAMENTO_PLEITO";"CD_SITUACAO_JULGAMENTO_URNA";"DS_SITUACAO_JULGAMENTO_URNA";"CD_SITUACAO_CASSACAO";"DS_SITUACAO_CASSACAO";"CD_SITUACAO_CASSACAO_MIDIA";"DS_SITUACAO_CASSACAO_MIDIA";"CD_SITUACAO_DIPLOMA";"DS_SITUACAO_DIPLOMA";"CD_GENERO_FEFC";"DS_GENERO_FEFC";"CD_COR_RACA_FEFC";"DS_COR_RACA_FEFC"
"15/08/2026";"19:30:51";2026;6259;250002530114;-3;"#NE";1;"BRASILEIRA NATA";-3;"CARATINGA";"66";"N";0;"NÃO INFORMADO";"3176572.53";"#NE";"N";"-1";"06003258320266260000";"-3";"#NE";"-3";"#NE";"NÃO";"#NULO";-1;"#NULO";"N";"N";-1;-1;"2026-07-23 18:40:08";8;"AGUARDANDO JULGAMENTO";"-1";"#NULO";"-1";"#NULO";-1;"#NULO";-1;"#NULO";-1;"#NULO";-1;"#NULO";"-1";"#NULO"
"15/08/2026";"19:30:51";2026;6259;250002530118;-3;"#NE";1;"BRASILEIRA NATA";-3;"GUAÍRA";"57";"N";0;"NÃO INFORMADO";"3176572.53";"#NE";"N";"-1";"06003560620266260000";"-3";"#NE";"-3";"#NE";"NÃO";"#NULO";-1;"#NULO";"N";"N";-1;-1;"2026-07-23 18:40:08";8;"AGUARDANDO JULGAMENTO";"-1";"#NULO";"-1";"#NULO";-1;"#NULO";-1;"#NULO";-1;"#NULO";-1;"#NULO";"-1";"#NULO"
"15/08/2026";"19:30:51";2026;6259;250002530121;-3;"#NE";1;"BRASILEIRA NATA";-3;"GRAVATÁ";"57";"N";-1;"#NULO";"3176572.53";"#NE";"S";"-1";"06003769420266260000";"-3";"#NE";"-3";"#NE";"NÃO";"#NULO";-1;"#NULO";"N";"N";-1;-1;"2026-07-23 18:40:08";8;"AGUARDANDO JULGAMENTO";"-1";"#NULO";"-1";"#NULO";-1;"#NULO";-1;"#NULO";-1;"#NULO";-1;"#NULO";"-1";"#NULO"
"15/08/2026";"19:30:51";2026;6259;250002530125;-3;"#NE";1;"BRASILEIRA NATA";-3;"JOSÉ BONIFÁCIO";"49";"N";0;"NÃO INFORMADO";"3176572.53";"#NE";"S";"-1";"06003344520266260000";"-3";"#NE";"-3";"#NE";"NÃO";"#NULO";-1;"#NULO";"N";"N";-1;-1;"2026-07-23 18:40:08";8;"AGUARDANDO JULGAMENTO";"-1";"#NULO";"-1";"#NULO";-1;"#NULO";-1;"#NULO";-1;"#NULO";-1;"#NULO";"-1";"#NULO"
"15/08/2026";"19:30:51";2026;6259;250002530129;-3;"#NE";1;"BRASILEIRA NATA";-3;"RIO DE JANEIRO";"65";"N";0;"NÃO INFORMADO";"3176572.53";"#NE";"S";"-1";"06003275320266260000";"-3";"#NE";"-3";"#NE";"NÃO";"#NULO";-1;"#NULO";"N";"N";-1;-1;"2026-07-23 18:40:08";8;"AGUARDANDO JULGAMENTO";"-1";"#NULO";"-1";"#NULO";-1;"#NULO";-1;"#NULO";-1;"#NULO";-1;"#NULO";"-1";"#NULO"
"15/08/2026";"19:30:51";2026;6259;250002530135;-3;"#NE";1;"BRASILEIRA NATA";-3;"BAURU";"50";"N";-1;"#NULO";"3176572.53";"#NE";"S";"-1";"06003231620266260000";"-3";"#NE";"-3";"#NE";"NÃO";"#NULO";-1;"#NULO";"N";"N";-1;-1;"2026-07-23 18:40:08";8;"AGUARDANDO JULGAMENTO";"-1";"#NULO";"-1";"#NULO";-1;"#NULO";-1;"#NULO";-1;"#NULO";-1;"#NULO";"-1";"#NULO"
"15/08/2026";"19:30:51";2026;6259;250002530144;-3;"#NE";1;"BRASILEIRA NATA";-3;"FRANCA";"56";"N";-1;"#NULO";"3176572.53";"#NE";"S";"-1";"06003708720266260000";"-3";"#NE";"-3";"#NE";"NÃO";"#NULO";-1;"#NULO";"N";"N";-1;-1;"2026-07-23 18:40:08";8;"AGUARDANDO JULGAMENTO";"-1";"#NULO";"-1";"#NULO";-1;"#NULO";-1;"#NULO";-1;"#NULO";-1;"#NULO";"-1";"#NULO"
"15/08/2026";"19:30:51";2026;6259;250002530160;-3;"#NE";1;"BRASILEIRA NATA";-3;"SÃO PAULO";"40";"N";0;"NÃO INFORMADO";"3176572.53";"#NE";"N";"-1";"06003535120266260000";"-3";"#NE";"-3";"#NE";"NÃO";"#NULO";-1;"#NULO";"N";"N";-1;-1;"2026-07-23 18:40:08";8;"AGUARDANDO JULGAMENTO";"-1";"#NULO";"-1";"#NULO";-1;"#NULO";-1;"#NULO";-1;"#NULO";-1;"#NULO";"-1";"#NULO"
"15/08/2026";"19:30:51";2026;6259;250002530168;-3;"#NE";1;"BRASILEIRA NATA";-3;"SÃO PAULO";"64";"N";-1;"#NULO";"3176572.53";"#NE";"S";"-1";"06003682020266260000";"-3";"#NE";"-3";"#NE";"NÃO";"#NULO";-1;"#NULO";"N";"N";-1;-1;"2026-07-23 18:40:08";8;"AGUARDANDO JULGAMENTO";"-1";"#NULO";"-1";"#NULO";-1;"#NULO";-1;"#NULO";-1;"#NULO";-1;"#NULO";"-1";"#NULO"
"15/08/2026";"19:30:51";2026;6259;250002530177;-3;"#NE";1;"BRASILEIRA NATA";-3;"SÃO PAULO";"46";"N";-1;"#NULO";"3176572.53";"#NE";"S";"-1";"06003292320266260000";"-3";"#NE";"-3";"#NE";"NÃO";"#NULO";-1;"#NULO";"N";"N";-1;-1;"2026-07-23 18:40:08";8;"AGUARDANDO JULGAMENTO";"-1";"#NULO";"-1";"#NULO";-1;"#NULO";-1;"#NULO";-1;"#NULO";-1;"#NULO";"-1";"#NULO"
"15/08/2026";"19:30:51";2026;6259;250002530184;-3;"#NE";1;"BRASILEIRA NATA";-3;"PATO BRANCO";"59";"N";-1;"#NULO";"1270629.01";"#NE";"N";"-1";"06004228320266260000";"-3";"#NE";"-3";"#NE";"NÃO";"#NULO";-1;"#NULO";"N";"N";-1;-1;"2026-07-23 19:03:01";8;"AGUARDANDO JULGAMENTO";"-1";"#NULO";"-1";"#NULO";-1;"#NULO";-1;"#NULO";-1;"#NULO";-1;"#NULO";"-1";"#NULO"
"15/08/2026";"19:30:51";2026;6259;250002530187;-3;"#NE";1;"BRASILEIRA NATA";-3;"BELÉM";"49";"N";0;"NÃO INFORMADO";"1270629.01";"#NE";"S";"-1";"06004739420266260000";"-3";"#NE";"-3";"#NE";"NÃO";"#NULO";-1;"#NULO";"N";"N";-1;-1;"2026-07-23 19:03:01";8;"AGUARDANDO JULGAMENTO";"-1";"#NULO";"-1";"#NULO";-1;"#NULO";-1;"#NULO";-1;"#NULO";-1;"#NULO";"-1";"#NULO"
"15/08/2026";"19:30:51";2026;6259;250002530189;-3;"#NE";1;"BRASILEIRA NATA";-3;"CANHOTINHO";"60";"N";-1;"#NULO";"1270629.01";"#NE";"S";"-1";"06004253820266260000";"-3";"#NE";"-3";"#NE";"NÃO";"#NULO";-1;"#NULO";"N";"N";-1;-1;"2026-07-23 19:03:01";8;"AGUARDANDO JULGAMENTO";"-1";"#NULO";"-1";"#NULO";-1;"#NULO";-1;"#NULO";-1;"#NULO";-1;"#NULO";"-1";"#NULO"
"15/08/2026";"19:30:51";2026;6259;250002530193;-3;"#NE";1;"BRASILEIRA NATA";-3;"ITUVERAVA";"58";"N";-1;"#NULO";"1270629.01";"#NE";"S";"-1";"06003881120266260000";"-3";"#NE";"-3";"#NE";"NÃO";"#NULO";-1;"#NULO";"N";"N";-1;-1;"2026-07-23 19:03:01";8;"AGUARDANDO JULGAMENTO";"-1";"#NULO";"-1";"#NULO";-1;"#NULO";-1;"#NULO";-1;"#NULO";-1;"#NULO";"-1";"#NULO"
"15/08/2026";"19:30:51";2026;6259;250002530198;-3;"#NE";1;"BRASILEIRA NATA";-3;"MARÍLIA";"60";"N";0;"NÃO INFORMADO";"1270629.01";"#NE";"S";"-1";"06004037720266260000";"-3";"#NE";"-3";"#NE";"NÃO";"#NULO";-1;"#NULO";"N";"N";-1;-1;"2026-07-23 19:03:01";8;"AGUARDANDO JULGAMENTO";"-1";"#NULO";"-1";"#NULO";-1;"#NULO";-1;"#NULO";-1;"#NULO";-1;"#NULO";"-1";"#NULO"
"15/08/2026";"19:30:51";2026;6259;250002530205;-3;"#NE";1;"BRASILEIRA NATA";-3;"OSASCO";"70";"N";0;"NÃO INFORMADO";"1270629.01";"#NE";"N";"-1";"06004461420266260000";"-3";"#NE";"-3";"#NE";"NÃO";"#NULO";-1;"#NULO";"N";"N";-1;-1;"2026-07-23 19:03:01";8;"AGUARDANDO JULGAMENTO";"-1";"#NULO";"-1";"#NULO";-1;"#NULO";-1;"#NULO";-1;"#NULO";-1;"#NULO";"-1";"#NULO"
"15/08/2026";"19:30:51";2026;6259;250002530207;-3;"#NE";1;"BRASILEIRA NATA";-3;"PRESIDENTE PRUDENTE";"59";"N";-1;"#NULO";"1270629.01";"#NE";"S";"-1";"06004557320266260000";"-3";"#NE";"-3";"#NE";"NÃO";"#NULO";-1;"#NULO";"N";"N";-1;-1;"2026-07-23 19:03:01";8;"AGUARDANDO JULGAMENTO";"-1";"#NULO";"-1";"#NULO";-1;"#NULO";-1;"#NULO";-1;"#NULO";-1;"#NULO";"-1";"#NULO"
"15/08/2026";"19:30:51";2026;6259;250002530260;-3;"#NE";1;"BRASILEIRA NATA";-3;"SÃO PAULO";"49";"N";-1;"#NULO";"1270629.01";"#NE";"S";"-1";"06003968520266260000";"-3";"#NE";"-3";"#NE";"NÃO";"#NULO";-1;"#NULO";"N";"S";-1;-1;"2026-07-23 19:03:01";6;"RENÚNCIA";"-1";"#NULO";"-1";"#NULO";-1;"#NULO";-1;"#NULO";-1;"#NULO";-1;"#NULO";"-1";"#NULO"
"15/08/2026";"19:30:51";2026;6259;250002530266;-3;"#NE";1;"BRASILEIRA NATA";-3;"SÃO PAULO";"45";"N";0;"NÃO INFORMADO";"1270629.01";"#NE";"S";"-1";"06004704220266260000";"-3";"#NE";"-3";"#NE";"NÃO";"#NULO";-1;"#NULO";"N";"N";-1;-1;"2026-07-23 19:03:01";8;"AGUARDANDO JULGAMENTO";"-1";"#NULO";"-1";"#NULO";-1;"#NULO";-1;"#NULO";-1;"#NULO";-1;"#NULO";"-1";"#NULO"
"15/08/2026";"19:30:51";2026;6259;250002530269;-3;"#NE";1;"BRASILEIRA NATA";-3;"SÃO PAULO";"53";"N";0;"NÃO INFORMADO";"1270629.01";"#NE";"S";"-1";"06004331520266260000";"-3";"#NE";"-3";"#NE";"NÃO";"#NULO";-1;"#NULO";"N";"N";-1;-1;"2026-07-23 19:03:01";8;"AGUARDANDO JULGAMENTO";"-1";"#NULO";"-1";"#NULO";-1;"#NULO";-1;"#NULO";-1;"#NULO";-1;"#NULO";"-1";"#NULO"
"15/08/2026";"19:30:51";2026;6259;250002530273;-3;"#NE";1;"BRASILEIRA NATA";-3;"TAUBATÉ";"42";"N";-1;"#NULO";"1270629.01";"#NE";"S";"-1";"06004098420266260000";"-3";"#NE";"-3";"#NE";"NÃO";"#NULO";-1;"#NULO";"N";"N";-1;-1;"2026-07-23 19:03:01";8;"AGUARDANDO JULGAMENTO";"-1";"#NULO";"-1";"#NULO";-1;"#NULO";-1;"#NULO";-1;"#NULO";-1;"#NULO";"-1";"#NULO"
"15/08/2026";"19:30:51";2026;6259;250002530275;-3;"#NE";1;"BRASILEIRA NATA";-3;"VALINHOS";"64";"N";-1;"#NULO";"1270629.01";"#NE";"N";"-1";"06003899320266260000";"-3";"#NE";"-3";"#NE";"NÃO";"#NULO";-1;"#NULO";"N";"N";-1;-1;"2026-07-23 19:03:01";8;"AGUARDANDO JULGAMENTO";"-1";"#NULO";"-1";"#NULO";-1;"#NULO";-1;"#NULO";-1;"#NULO";-1;"#NULO";"-1";"#NULO"
"15/08/2026";"19:30:51";2026;6259;250002532334;-3;"#NE";1;"BRASILEIRA NATA";-3;"BARUERI";"51";"N";-1;"#NULO";"3176572.53";"#NE";"S";"-1";"06005267520266260000";"-3";"#NE";"-3";"#NE";"NÃO";"#NULO";-1;"#NULO";"N";"N";-1;-1;"2026-07-27 18:23:24";8;"AGUARDANDO JULGAMENTO";"-1";"#NULO";"-1";"#NULO";-1;"#NULO";-1;"#NULO";-1;"#NULO";-1;"#NULO";"-1";"#NULO"
"15/08/2026";"19:30:51";2026;6259;250002532353;-3;"#NE";1;"BRASILEIRA NATA";-3;"SÃO PAULO";"65";"N";0;"NÃO INFORMADO";"3176572.53";"#NE";"S";"-1";"06005085420266260000";"-3";"#NE";"-3";"#NE";"NÃO";"#NULO";-1;"#NULO";"N";"N";-1;-1;"2026-07-27 18:23:24";8;"AGUARDANDO JULGAMENTO";"-1";"#NULO";"-1";"#NULO";-1;"#NULO";-1;"#NULO";-1;"#NULO";-1;"#NULO";"-1";"#NULO"
"15/08/2026";"19:30:51";2026;6259;250002532356;-3;"#NE";1;"BRASILEIRA NATA";-3;"RIBEIRÃO PRETO";"43";"N";0;"NÃO INFORMADO";"3176572.53";"#NE";"S";"-1";"06004999220266260000";"-3";"#NE";"-3";"#NE";"NÃO";"#NULO";-1;"#NULO";"N";"N";-1;-1;"2026-07-27 18:23:24";8;"AGUARDANDO JULGAMENTO";"-1";"#NULO";"-1";"#NULO";-1;"#NULO";-1;"#NULO";-1;"#NULO";-1;"#NULO";"-1";"#NULO"
"15/08/2026";"19:30:51";2026;6259;250002532358;-3;"#NE";1;"BRASILEIRA NATA";-3;"SÃO CAETANO DO SUL";"38";"N";-1;"#NULO";"3176572.53";"#NE";"S";"-1";"06005353720266260000";"-3";"#NE";"-3";"#NE";"NÃO";"#NULO";-1;"#NULO";"N";"N";-1;-1;"2026-07-27 18:23:24";8;"AGUARDANDO JULGAMENTO";"-1";"#NULO";"-1";"#NULO";-1;"#NULO";-1;"#NULO";-1;"#NULO";-1;"#NULO";"-1";"#NULO"
"15/08/2026";"19:30:51";2026;6259;250002532360;-3;"#NE";1;"BRASILEIRA NATA";-3;"JAPERI";"46";"N";-1;"#NULO";"3176572.53";"#NE";"S";"-1";"06005232320266260000";"-3";"#NE";"-3";"#NE";"NÃO";"#NULO";-1;"#NULO";"N";"N";-1;-1;"2026-07-27 18:23:24";8;"AGUARDANDO JULGAMENTO";"-1";"#NULO";"-1";"#NULO";-1;"#NULO";-1;"#NULO";-1;"#NULO";-1;"#NULO";"-1";"#NULO"
"15/08/2026";"19:30:51";2026;6259;250002532366;-3;"#NE";1;"BRASILEIRA NATA";-3;"SOROCABA";"54";"N";0;"NÃO INFORMADO";"3176572.53";"#NE";"S";"-1";"06005050220266260000";"-3";"#NE";"-3";"#NE";"NÃO";"#NULO";-1;"#NULO";"N";"N";-1;-1;"2026-07-27 18:23:24";8;"AGUARDANDO JULGAMENTO";"-1";"#NULO";"-1";"#NULO";-1;"#NULO";-1;"#NULO";-1;"#NULO";-1;"#NULO";"-1";"#NULO"
"15/08/2026";"19:30:51";2026;6259;250002532374;-3;"#NE";1;"BRASILEIRA NATA";-3;"GUARULHOS";"45";"N";0;"NÃO INFORMADO";"3176572.53";"#NE";"S";"-1";"06005163120266260000";"-3";"#NE";"-3";"#NE";"NÃO";"#NULO";-1;"#NULO";"N";"N";-1;-1;"2026-07-27 18:23:24";8;"AGUARDANDO JULGAMENTO";"-1";"#NULO";"-1";"#NULO";-1;"#NULO";-1;"#NULO";-1;"#NULO";-1;"#NULO";"-1";"#NULO"
"15/08/2026";"19:30:51";2026;6259;250002532375;-3;"#NE";1;"BRASILEIRA NATA";-3;"SÃO BERNARDO DO CAMPO";"45";"N";0;"NÃO INFORMADO";"3176572.53";"#NE";"S";"-1";"06005093920266260000";"-3";"#NE";"-3";"#NE";"NÃO";"#NULO";-1;"#NULO";"N";"N";-1;-1;"2026-07-27 18:23:24";8;"AGUARDANDO JULGAMENTO";"-1";"#NULO";"-1";"#NULO";-1;"#NULO";-1;"#NULO";-1;"#NULO";-1;"#NULO";"-1";"#NULO"
"15/08/2026";"19:30:51";2026;6259;250002532376;-3;"#NE";1;"BRASILEIRA NATA";-3;"ILHABELA";"35";"N";-1;"#NULO";"3176572.53";"#NE";"S";"-1";"06005276020266260000";"-3";"#NE";"-3";"#NE";"NÃO";"#NULO";-1;"#NULO";"N";"N";-1;-1;"2026-07-27 18:23:24";8;"AGUARDANDO JULGAMENTO";"-1";"#NULO";"-1";"#NULO";-1;"#NULO";-1;"#NULO";-1;"#NULO";-1;"#NULO";"-1";"#NULO"
"15/08/2026";"19:30:51";2026;6259;250002533609;-3;"#NE";1;"BRASILEIRA NATA";-3;"PALMARES";"53";"N";-1;"#NULO";"3176572.53";"#NE";"S";"-1";"06006851820266260000";"-3";"#NE";"-3";"#NE";"NÃO";"#NULO";-1;"#NULO";"N";"N";-1;-1;"2026-07-30 18:02:50";8;"AGUARDANDO JULGAMENTO";"-1";"#NULO";"-1";"#NULO";-1;"#NULO";-1;"#NULO";-1;"#NULO";-1;"#NULO";"-1";"#NULO"
"15/08/2026";"19:30:51";2026;6259;250002533613;-3;"#NE";1;"BRASILEIRA NATA";-3;"JOSÉ BONIFÁCIO";"55";"N";-1;"#NULO";"3176572.53";"#NE";"S";"-1";"06006531320266260000";"-3";"#NE";"-3";"#NE";"NÃO";"#NULO";-1;"#NULO";"N";"N";-1;-1;"2026-07-30 18:02:50";8;"AGUARDANDO JULGAMENTO";"-1";"#NULO";"-1";"#NULO";-1;"#NULO";-1;"#NULO";-1;"#NULO";-1;"#NULO";"-1";"#NULO"
"15/08/2026";"19:30:51";2026;6259;250002533612;-3;"#NE";1;"BRASILEIRA NATA";-3;"ITAPETININGA";"51";"N";-1;"#NULO";"3176572.53";"#NE";"S";"-1";"06006791120266260000";"-3";"#NE";"-3";"#NE";"NÃO";"#NULO";-1;"#NULO";"N";"N";-1;-1;"2026-07-30 18:02:50";8;"AGUARDANDO JULGAMENTO";"-1";"#NULO";"-1";"#NULO";-1;"#NULO";-1;"#NULO";-1;"#NULO";-1;"#NULO";"-1";"#NULO"
"15/08/2026";"19:30:51";2026;6259;250002533628;-3;"#NE";1;"BRASILEIRA NATA";-3;"CARAPICUÍBA";"56";"N";-1;"#NULO";"3176572.53";"#NE";"S";"-1";"06006627220266260000";"-3";"#NE";"-3";"#NE";"NÃO";"#NULO";-1;"#NULO";"N";"N";-1;-1;"2026-07-30 18:02:50";8;"AGUARDANDO JULGAMENTO";"-1";"#NULO";"-1";"#NULO";-1;"#NULO";-1;"#NULO";-1;"#NULO";-1;"#NULO";"-1";"#NULO"
"15/08/2026";"19:30:51";2026;6259;250002533626;-3;"#NE";1;"BRASILEIRA NATA";-3;"CAMPINAS";"46";"N";0;"NÃO INFORMADO";"3176572.53";"#NE";"S";"-1";"06007008420266260000";"-3";"#NE";"-3";"#NE";"NÃO";"#NULO";-1;"#NULO";"N";"N";-1;-1;"2026-07-30 18:02:50";8;"AGUARDANDO JULGAMENTO";"-1";"#NULO";"-1";"#NULO";-1;"#NULO";-1;"#NULO";-1;"#NULO";-1;"#NULO";"-1";"#NULO"
"15/08/2026";"19:30:51";2026;6259;250002533631;-3;"#NE";1;"BRASILEIRA NATA";-3;"GUARATINGUETÁ";"55";"N";0;"NÃO INFORMADO";"3176572.53";"#NE";"N";"-1";"06006644220266260000";"-3";"#NE";"-3";"#NE";"NÃO";"#NULO";-1;"#NULO";"N";"N";-1;-1;"2026-07-30 18:02:50";8;"AGUARDANDO JULGAMENTO";"-1";"#NULO";"-1";"#NULO";-1;"#NULO";-1;"#NULO";-1;"#NULO";-1;"#NULO";"-1";"#NULO"
"15/08/2026";"19:30:51";2026;6259;250002533635;-3;"#NE";1;"BRASILEIRA NATA";-3;"SÃO CARLOS DO IVAÍ";"59";"N";-1;"#NULO";"3176572.53";"#NE";"N";"-1";"06006462120266260000";"-3";"#NE";"-3";"#NE";"NÃO";"#NULO";-1;"#NULO";"N";"N";-1;-1;"2026-07-30 18:02:50";8;"AGUARDANDO JULGAMENTO";"-1";"#NULO";"-1";"#NULO";-1;"#NULO";-1;"#NULO";-1;"#NULO";-1;"#NULO";"-1";"#NULO"
"15/08/2026";"19:30:51";2026;6259;250002533638;-3;"#NE";1;"BRASILEIRA NATA";-3;"SANTA BÁRBARA D OESTE";"55";"N";-1;"#NULO";"3176572.53";"#NE";"S";"-1";"06006652720266260000";"-3";"#NE";"-3";"#NE";"NÃO";"#NULO";-1;"#NULO";"N";"N";-1;-1;"2026-07-30 18:02:50";8;"AGUARDANDO JULGAMENTO";"-1";"#NULO";"-1";"#NULO";-1;"#NULO";-1;"#NULO";-1;"#NULO";-1;"#NULO";"-1";"#NULO"
"15/08/2026";"19:30:51";2026;6259;250002533639;-3;"#NE";1;"BRASILEIRA NATA";-3;"SANTO ANDRÉ";"62";"N";-1;"#NULO";"3176572.53";"#NE";"S";"-1";"06006817820266260000";"-3";"#NE";"-3";"#NE";"NÃO";"#NULO";-1;"#NULO";"N";"N";-1;-1;"2026-07-30 18:02:50";8;"AGUARDANDO JULGAMENTO";"-1";"#NULO";"-1";"#NULO";-1;"#NULO";-1;"#NULO";-1;"#NULO";-1;"#NULO";"-1";"#NULO"
"15/08/2026";"19:30:51";2026;6259;250002533665;-3;"#NE";1;"BRASILEIRA NATA";-3;"SÃO PAULO";"62";"N";-1;"#NULO";"3176572.53";"#NE";"S";"-1";"06006887020266260000";"-3";"#NE";"-3";"#NE";"NÃO";"#NULO";-1;"#NULO";"N";"N";-1;-1;"2026-07-30 18:02:50";8;"AGUARDANDO JULGAMENTO";"-1";"#NULO";"-1";"#NULO";-1;"#NULO";-1;"#NULO";-1;"#NULO";-1;"#NULO";"-1";"#NULO"
"15/08/2026";"19:30:51";2026;6259;250002533666;-3;"#NE";1;"BRASILEIRA NATA";-3;"SÃO PAULO";"32";"N";-1;"#NULO";"3176572.53";"#NE";"S";"-1";"06006956220266260000";"-3";"#NE";"-3";"#NE";"NÃO";"#NULO";-1;"#NULO";"N";"N";-1;-1;"2026-07-30 18:02:50";8;"AGUARDANDO JULGAMENTO";"-1";"#NULO";"-1";"#NULO";-1;"#NULO";-1;"#NULO";-1;"#NULO";-1;"#NULO";"-1";"#NULO"
"15/08/2026";"19:30:51";2026;6259;250002533668;-3;"#NE";1;"BRASILEIRA NATA";-3;"SÃO PAULO";"39";"N";0;"NÃO INFORMADO";"3176572.53";"#NE";"S";"-1";"06007103120266260000";"-3";"#NE";"-3";"#NE";"NÃO";"#NULO";-1;"#NULO";"N";"N";-1;-1;"2026-07-30 18:02:50";8;"AGUARDANDO JULGAMENTO";"-1";"#NULO";"-1";"#NULO";-1;"#NULO";-1;"#NULO";-1;"#NULO";-1;"#NULO";"-1";"#NULO"
"15/08/2026";"19:30:51";2026;6259;250002533732;-3;"#NE";1;"BRASILEIRA NATA";-3;"RIO DE JANEIRO";"45";"N";-1;"#NULO";"1270629.01";"#NE";"S";"-1";"06005908520266260000";"-3";"#NE";"-3";"#NE";"NÃO";"#NULO";-1;"#NULO";"N";"N";-1;-1;"2026-07-30 13:42:57";8;"AGUARDANDO JULGAMENTO";"-1";"#NULO";"-1";"#NULO";-1;"#NULO";-1;"#NULO";-1;"#NULO";-1;"#NULO";"-1";"#NULO"
"15/08/2026";"19:30:51";2026;6259;250002533738;-3;"#NE";1;"BRASILEIRA NATA";-3;"RIBEIRÃO PRETO";"40";"N";-1;"#NULO";"1270629.01";"#NE";"S";"-1";"06005743420266260000";"-3";"#NE";"-3";"#NE";"NÃO";"#NULO";-1;"#NULO";"N";"N";-1;-1;"2026-07-30 13:42:57";8;"AGUARDANDO JULGAMENTO";"-1";"#NULO";"-1";"#NULO";-1;"#NULO";-1;"#NULO";-1;"#NULO";-1;"#NULO";"-1";"#NULO"
"15/08/2026";"19:30:51";2026;6259;250002533739;-3;"#NE";1;"BRASILEIRA NATA";-3;"CAMPOS DO JORDÃO";"44";"N";-1;"#NULO";"1270629.01";"#NE";"S";"-1";"06005864820266260000";"-3";"#NE";"-3";"#NE";"NÃO";"#NULO";-1;"#NULO";"N";"N";-1;-1;"2026-07-30 13:42:57";8;"AGUARDANDO JULGAMENTO";"-1";"#NULO";"-1";"#NULO";-1;"#NULO";-1;"#NULO";-1;"#NULO";-1;"#NULO";"-1";"#NULO"
"15/08/2026";"19:30:51";2026;6259;250002533748;-3;"#NE";1;"BRASILEIRA NATA";-3;"SÃO PAULO";"42";"N";-1;"#NULO";"1270629.01";"#NE";"S";"-1";"06005726420266260000";"-3";"#NE";"-3";"#NE";"NÃO";"#NULO";-1;"#NULO";"N";"N";-1;-1;"2026-07-30 13:42:57";8;"AGUARDANDO JULGAMENTO";"-1";"#NULO";"-1";"#NULO";-1;"#NULO";-1;"#NULO";-1;"#NULO";-1;"#NULO";"-1";"#NULO"
"15/08/2026";"19:30:51";2026;6259;250002533763;-3;"#NE";1;"BRASILEIRA NATA";-3;"SÃO PAULO";"40";"N";0;"NÃO INFORMADO";"1270629.01";"#NE";"S";"-1";"06005605020266260000";"-3";"#NE";"-3";"#NE";"NÃO";"#NULO";-1;"#NULO";"N";"N";-1;-1;"2026-07-30 13:42:57";8;"AGUARDANDO JULGAMENTO";"-1";"#NULO";"-1";"#NULO";-1;"#NULO";-1;"#NULO";-1;"#NULO";-1;"#NULO";"-1";"#NULO"
"15/08/2026";"19:30:51";2026;6259;250002533764;-3;"#NE";1;"BRASILEIRA NATA";-3;"OURINHOS";"46";"N";0;"NÃO INFORMADO";"1270629.01";"#NE";"S";"-1";"06005951020266260000";"-3";"#NE";"-3";"#NE";"NÃO";"#NULO";-1;"#NULO";"N";"N";-1;-1;"2026-07-30 13:42:57";8;"AGUARDANDO JULGAMENTO";"-1";"#NULO";"-1";"#NULO";-1;"#NULO";-1;"#NULO";-1;"#NULO";-1;"#NULO";"-1";"#NULO"
"15/08/2026";"19:30:51";2026;6259;250002533781;-3;"#NE";1;"BRASILEIRA NATA";-3;"CURITIBA";"50";"N";0;"NÃO INFORMADO";"1270629.01";"#NE";"S";"-1";"06005881820266260000";"-3";"#NE";"-3";"#NE";"NÃO";"#NULO";-1;"#NULO";"N";"N";-1;-1;"2026-07-30 13:42:57";8;"AGUARDANDO JULGAMENTO";"-1";"#NULO";"-1";"#NULO";-1;"#NULO";-1;"#NULO";-1;"#NULO";-1;"#NULO";"-1";"#NULO"
"15/08/2026";"19:30:51";2026;6259;250002533793;-3;"#NE";1;"BRASILEIRA NATA";-3;"SUMARÉ";"74";"N";-1;"#NULO";"1270629.01";"#NE";"S";"-1";"06005709420266260000";"-3";"#NE";"-3";"#NE";"NÃO";"#NULO";-1;"#NULO";"N";"N";-1;-1;"2026-07-30 13:42:57";8;"AGUARDANDO JULGAMENTO";"-1";"#NULO";"-1";"#NULO";-1;"#NULO";-1;"#NULO";-1;"#NULO";-1;"#NULO";"-1";"#NULO"
"15/08/2026";"19:30:51";2026;6259;250002533799;-3;"#NE";1;"BRASILEIRA NATA";-3;"SÃO PAULO";"59";"N";-1;"#NULO";"1270629.01";"#NE";"N";"-1";"06006141620266260000";"-3";"#NE";"-3";"#NE";"NÃO";"#NULO";-1;"#NULO";"N";"N";-1;-1;"2026-07-30 13:42:57";8;"AGUARDANDO JULGAMENTO";"-1";"#NULO";"-1";"#NULO";-1;"#NULO";-1;"#NULO";-1;"#NULO";-1;"#NULO";"-1";"#NULO"
"15/08/2026";"19:30:51";2026;6259;250002533807;-3;"#NE";1;"BRASILEIRA NATA";-3;"GLÓRIA DE DOURADOS";"46";"N";0;"NÃO INFORMADO";"1270629.01";"#NE";"N";"-1";"06005942520266260000";"-3";"#NE";"-3";"#NE";"NÃO";"#NULO";-1;"#NULO";"N";"N";-1;-1;"2026-07-30 13:42:57";8;"AGUARDANDO JULGAMENTO";"-1";"#NULO";"-1";"#NULO";-1;"#NULO";-1;"#NULO";-1;"#NULO";-1;"#NULO";"-1";"#NULO"
"15/08/2026";"19:30:51";2026;6259;250002533810;-3;"#NE";1;"BRASILEIRA NATA";-3;"SÃO PAULO";"68";"N";-1;"#NULO";"1270629.01";"#NE";"S";"-1";"06005934020266260000";"-3";"#NE";"-3";"#NE";"NÃO";"#NULO";-1;"#NULO";"N";"N";-1;-1;"2026-07-30 13:42:57";8;"AGUARDANDO JULGAMENTO";"-1";"#NULO";"-1";"#NULO";-1;"#NULO";-1;"#NULO";-1;"#NULO";-1;"#NULO";"-1";"#NULO"
"15/08/2026";"19:30:51";2026;6259;250002533812;-3;"#NE";1;"BRASILEIRA NATA";-3;"SÃO PAULO";"42";"N";-1;"#NULO";"1270629.01";"#NE";"S";"-1";"06005873320266260000";"-3";"#NE";"-3";"#NE";"NÃO";"#NULO";-1;"#NULO";"N";"N";-1;-1;"2026-07-30 13:42:57";8;"AGUARDANDO JULGAMENTO";"-1";"#NULO";"-1";"#NULO";-1;"#NULO";-1;"#NULO";-1;"#NULO";-1;"#NULO";"-1";"#NULO"
"15/08/2026";"19:30:51";2026;6259;250002533813;-3;"#NE";1;"BRASILEIRA NATA";-3;"SÃO LUÍS";"50";"N";0;"NÃO INFORMADO";"1270629.01";"#NE";"S";"-1";"06005751920266260000";"-3";"#NE";"-3";"#NE";"NÃO";"#NULO";-1;"#NULO";"N";"N";-1;-1;"2026-07-30 13:42:57";8;"AGUARDANDO JULGAMENTO";"-1";"#NULO";"-1";"#NULO";-1;"#NULO";-1;"#NULO";-1;"#NULO";-1;"#NULO";"-1";"#NULO"
"15/08/2026";"19:30:51";2026;6259;250002533950;-3;"#NE";1;"BRASILEIRA NATA";-3;"JERICÓ";"57";"S";-1;"#NULO";"1270629.01";"#NE";"S";"-1";"06007310720266260000";"-3";"#NE";"-3";"#NE";"NÃO";"#NULO";-1;"#NULO";"N";"N";-1;-1;"2026-07-30 18:39:36";8;"AGUARDANDO JULGAMENTO";"-1";"#NULO";"-1";"#NULO";-1;"#NULO";-1;"#NULO";-1;"#NULO";-1;"#NULO";"-1";"#NULO"
"15/08/2026";"19:30:51";2026;6259;250002533953;-3;"#NE";1;"BRASILEIRA NATA";-3;"JOAQUIM NABUCO";"60";"N";-1;"#NULO";"1270629.01";"#NE";"S";"-1";"06007440620266260000";"-3";"#NE";"-3";"#NE";"NÃO";"#NULO";-1;"#NULO";"N";"N";-1;-1;"2026-07-30 18:39:36";8;"AGUARDANDO JULGAMENTO";"-1";"#NULO";"-1";"#NULO";-1;"#NULO";-1;"#NULO";-1;"#NULO";-1;"#NULO";"-1";"#NULO"
"15/08/2026";"19:30:51";2026;6259;250002534128;-3;"#NE";1;"BRASILEIRA NATA";-3;"SOROCABA";"61";"N";-1;"#NULO";"1270629.01";"#NE";"S";"-1";"06009034620266260000";"-3";"#NE";"-3";"#NE";"NÃO";"#NULO";-1;"#NULO";"N";"N";-1;-1;"2026-07-31 18:08:08";8;"AGUARDANDO JULGAMENTO";"-1";"#NULO";"-1";"#NULO";-1;"#NULO";-1;"#NULO";-1;"#NULO";-1;"#NULO";"-1";"#NULO"
"15/08/2026";"19:30:51";2026;6259;250002534138;-3;"#NE";1;"BRASILEIRA NATA";-3;"PARANAPANEMA";"70";"N";0;"NÃO INFORMADO";"1270629.01";"#NE";"S";"-1";"06008879220266260000";"-3";"#NE";"-3";"#NE";"NÃO";"#NULO";-1;"#NULO";"N";"N";-1;-1;"2026-07-31 18:08:08";8;"AGUARDANDO JULGAMENTO";"-1";"#NULO";"-1";"#NULO";-1;"#NULO";-1;"#NULO";-1;"#NULO";-1;"#NULO";"-1";"#NULO"
"15/08/2026";"19:30:51";2026;6259;250002534141;-3;"#NE";1;"BRASILEIRA NATA";-3;"SÃO SEPÉ";"53";"N";0;"NÃO INFORMADO";"1270629.01";"#NE";"S";"-1";"06008636420266260000";"-3";"#NE";"-3";"#NE";"NÃO";"#NULO";-1;"#NULO";"N";"N";-1;-1;"2026-07-31 18:08:08";8;"AGUARDANDO JULGAMENTO";"-1";"#NULO";"-1";"#NULO";-1;"#NULO";-1;"#NULO";-1;"#NULO";-1;"#NULO";"-1";"#NULO"
"15/08/2026";"19:30:51";2026;6259;250002534145;-3;"#NE";1;"BRASILEIRA NATA";-3;"SANTO ANASTÁCIO";"64";"N";0;"NÃO INFORMADO";"1270629.01";"#NE";"S";"-1";"06008800320266260000";"-3";"#NE";"-3";"#NE";"NÃO";"#NULO";-1;"#NULO";"N";"N";-1;-1;"2026-07-31 18:08:08";8;"AGUARDANDO JULGAMENTO";"-1";"#NULO";"-1";"#NULO";-1;"#NULO";-1;"#NULO";-1;"#NULO";-1;"#NULO";"-1";"#NULO"
"15/08/2026";"19:30:51";2026;6259;250002534159;-3;"#NE";1;"BRASILEIRA NATA";-3;"SÃO PAULO";"61";"N";0;"NÃO INFORMADO";"1270629.01";"#NE";"N";"-1";"06009139020266260000";"-3";"#NE";"-3";"#NE";"NÃO";"#NULO";-1;"#NULO";"N";"N";-1;-1;"2026-07-31 18:08:08";8;"AGUARDANDO JULGAMENTO";"-1";"#NULO";"-1";"#NULO";-1;"#NULO";-1;"#NULO";-1;"#NULO";-1;"#NULO";"-1";"#NULO"
"15/08/2026";"19:30:51";2026;6259;250002534211;-3;"#NE";1;"BRASILEIRA NATA";-3;"PRESIDENTE PRUDENTE";"49";"N";0;"NÃO INFORMADO";"1270629.01";"#NE";"N";"-1";"06007475820266260000";"-3";"#NE";"-3";"#NE";"NÃO";"#NULO";-1;"#NULO";"N";"N";-1;-1;"2026-07-30 18:39:36";8;"AGUARDANDO JULGAMENTO";"-1";"#NULO";"-1";"#NULO";-1;"#NULO";-1;"#NULO";-1;"#NULO";-1;"#NULO";"-1";"#NULO"
"15/08/2026";"19:30:51";2026;6259;250002534216;-3;"#NE";1;"BRASILEIRA NATA";-3;"AMERICANA";"48";"N";-1;"#NULO";"1270629.01";"#NE";"S";"-1";"06007458820266260000";"-3";"#NE";"-3";"#NE";"NÃO";"#NULO";-1;"#NULO";"N";"N";-1;-1;"2026-07-30 18:39:36";8;"AGUARDANDO JULGAMENTO";"-1";"#NULO";"-1";"#NULO";-1;"#NULO";-1;"#NULO";-1;"#NULO";-1;"#NULO";"-1";"#NULO"
"15/08/2026";"19:30:51";2026;6259;250002534220;-3;"#NE";1;"BRASILEIRA NATA";-3;"BARRINHA";"62";"N";-1;"#NULO";"1270629.01";"#NE";"S";"-1";"06007337420266260000";"-3";"#NE";"-3";"#NE";"NÃO";"#NULO";-1;"#NULO";"N";"N";-1;-1;"2026-07-30 18:39:36";8;"AGUARDANDO JULGAMENTO";"-1";"#NULO";"-1";"#NULO";-1;"#NULO";-1;"#NULO";-1;"#NULO";-1;"#NULO";"-1";"#NULO"
"15/08/2026";"19:30:51";2026;6259;250002534222;-3;"#NE";1;"BRASILEIRA NATA";-3;"CARAPICUÍBA";"52";"N";0;"NÃO INFORMADO";"1270629.01";"#NE";"N";"-1";"06007545020266260000";"-3";"#NE";"-3";"#NE";"NÃO";"#NULO";-1;"#NULO";"N";"N";-1;-1;"2026-07-30 18:39:36";8;"AGUARDANDO JULGAMENTO";"-1";"#NULO";"-1";"#NULO";-1;"#NULO";-1;"#NULO";-1;"#NULO";-1;"#NULO";"-1";"#NULO"
"15/08/2026";"19:30:51";2026;6259;250002534227;-3;"#NE";1;"BRASILEIRA NATA";-3;"GUARULHOS";"44";"S";-1;"#NULO";"1270629.01";"#NE";"S";"-1";"06007172320266260000";"-3";"#NE";"-3";"#NE";"NÃO";"#NULO";-1;"#NULO";"N";"N";-1;-1;"2026-07-30 18:39:36";8;"AGUARDANDO JULGAMENTO";"-1";"#NULO";"-1";"#NULO";-1;"#NULO";-1;"#NULO";-1;"#NULO";-1;"#NULO";"-1";"#NULO"
"15/08/2026";"19:30:51";2026;6259;250002534228;-3;"#NE";1;"BRASILEIRA NATA";-3;"BAIXA GRANDE";"53";"N";0;"NÃO INFORMADO";"1270629.01";"#NE";"S";"-1";"06007657920266260000";"-3";"#NE";"-3";"#NE";"NÃO";"#NULO";-1;"#NULO";"N";"N";-1;-1;"2026-07-30 18:39:36";6;"RENÚNCIA";"-1";"#NULO";"-1";"#NULO";-1;"#NULO";-1;"#NULO";-1;"#NULO";-1;"#NULO";"-1";"#NULO"
"15/08/2026";"19:30:51";2026;6259;250002534234;-3;"#NE";1;"BRASILEIRA NATA";-3;"SANTOS";"69";"N";-1;"#NULO";"1270629.01";"#NE";"S";"-1";"06007649420266260000";"-3";"#NE";"-3";"#NE";"NÃO";"#NULO";-1;"#NULO";"N";"N";-1;-1;"2026-07-30 18:39:36";8;"AGUARDANDO JULGAMENTO";"-1";"#NULO";"-1";"#NULO";-1;"#NULO";-1;"#NULO";-1;"#NULO";-1;"#NULO";"-1";"#NULO"
"15/08/2026";"19:30:51";2026;6259;250002534248;-3;"#NE";1;"BRASILEIRA NATA";-3;"SÃO PAULO";"28";"N";-1;"#NULO";"1270629.01";"#NE";"N";"-1";"06007423620266260000";"-3";"#NE";"-3";"#NE";"NÃO";"#NULO";-1;"#NULO";"N";"N";-1;-1;"2026-07-30 18:39:36";8;"AGUARDANDO JULGAMENTO";"-1";"#NULO";"-1";"#NULO";-1;"#NULO";-1;"#NULO";-1;"#NULO";-1;"#NULO";"-1";"#NULO"
"15/08/2026";"19:30:51";2026;6259;250002534251;-3;"#NE";1;"BRASILEIRA NATA";-3;"SÃO PAULO";"46";"N";0;"NÃO INFORMADO";"1270629.01";"#NE";"S";"-1";"06007614220266260000";"-3";"#NE";"-3";"#NE";"NÃO";"#NULO";-1;"#NULO";"N";"N";-1;-1;"2026-07-30 18:39:36";8;"AGUARDANDO JULGAMENTO";"-1";"#NULO";"-1";"#NULO";-1;"#NULO";-1;"#NULO";-1;"#NULO";-1;"#NULO";"-1";"#NULO"
"15/08/2026";"19:30:51";2026;6259;250002534250;-3;"#NE";1;"BRASILEIRA NATA";-3;"SÃO PAULO";"54";"N";-1;"#NULO";"1270629.01";"#NE";"N";"-1";"06007233020266260000";"-3";"#NE";"-3";"#NE";"NÃO";"#NULO";-1;"#NULO";"N";"N";-1;-1;"2026-07-30 18:39:36";8;"AGUARDANDO JULGAMENTO";"-1";"#NULO";"-1";"#NULO";-1;"#NULO";-1;"#NULO";-1;"#NULO";-1;"#NULO";"-1";"#NULO"
"15/08/2026";"19:30:51";2026;6259;250002534254;-3;"#NE";1;"BRASILEIRA NATA";-3;"SÃO PAULO";"52";"S";-1;"#NULO";"1270629.01";"#NE";"S";"-1";"06007259720266260000";"-3";"#NE";"-3";"#NE";"NÃO";"#NULO";-1;"#NULO";"N";"N";-1;-1;"2026-07-30 18:39:36";8;"AGUARDANDO JULGAMENTO";"-1";"#NULO";"-1";"#NULO";-1;"#NULO";-1;"#NULO";-1;"#NULO";-1;"#NULO";"-1";"#NULO"
"15/08/2026";"19:30:51";2026;6259;250002534256;-3;"#NE";1;"BRASILEIRA NATA";-3;"SÃO PAULO";"59";"N";-1;"#NULO";"1270629.01";"#NE";"S";"-1";"06007804820266260000";"-3";"#NE";"-3";"#NE";"NÃO";"#NULO";-1;"#NULO";"N";"N";-1;-1;"2026-07-30 18:39:36";8;"AGUARDANDO JULGAMENTO";"-1";"#NULO";"-1";"#NULO";-1;"#NULO";-1;"#NULO";-1;"#NULO";-1;"#NULO";"-1";"#NULO"
"15/08/2026";"19:30:51";2026;6259;250002534260;-3;"#NE";1;"BRASILEIRA NATA";-3;"SÃO PAULO";"40";"N";0;"NÃO INFORMADO";"1270629.01";"#NE";"N";"-1";"06007562020266260000";"-3";"#NE";"-3";"#NE";"NÃO";"#NULO";-1;"#NULO";"N";"N";-1;-1;"2026-07-30 18:39:36";8;"AGUARDANDO JULGAMENTO";"-1";"#NULO";"-1";"#NULO";-1;"#NULO";-1;"#NULO";-1;"#NULO";-1;"#NULO";"-1";"#NULO"
"15/08/2026";"19:30:51";2026;6259;250002534396;-3;"#NE";1;"BRASILEIRA NATA";-3;"PALMINÓPOLIS";"56";"N";0;"NÃO INFORMADO";"3176572.53";"#NE";"N";"-1";"06008081620266260000";"-3";"#NE";"-3";"#NE";"NÃO";"#NULO";-1;"#NULO";"N";"N";-1;-1;"2026-07-31 17:30:56";8;"AGUARDANDO JULGAMENTO";"-1";"#NULO";"-1";"#NULO";-1;"#NULO";-1;"#NULO";-1;"#NULO";-1;"#NULO";"-1";"#NULO"
"15/08/2026";"19:30:51";2026;6259;250002534395;-3;"#NE";1;"BRASILEIRA NATA";-3;"COLATINA";"48";"N";-1;"#NULO";"3176572.53";"#NE";"S";"-1";"06008393620266260000";"-3";"#NE";"-3";"#NE";"NÃO";"#NULO";-1;"#NULO";"N";"N";-1;-1;"2026-07-31 17:30:56";8;"AGUARDANDO JULGAMENTO";"-1";"#NULO";"-1";"#NULO";-1;"#NULO";-1;"#NULO";-1;"#NULO";-1;"#NULO";"-1";"#NULO"
"15/08/2026";"19:30:51";2026;6259;250002534399;-3;"#NE";1;"BRASILEIRA NATA";-3;"CURITIBA";"61";"N";0;"NÃO INFORMADO";"3176572.53";"#NE";"S";"-1";"06008108320266260000";"-3";"#NE";"-3";"#NE";"NÃO";"#NULO";-1;"#NULO";"N";"N";-1;-1;"2026-07-31 17:30:56";8;"AGUARDANDO JULGAMENTO";"-1";"#NULO";"-1";"#NULO";-1;"#NULO";-1;"#NULO";-1;"#NULO";-1;"#NULO";"-1";"#NULO"
"15/08/2026";"19:30:51";2026;6259;250002534406;-3;"#NE";1;"BRASILEIRA NATA";-3;"LORENA";"70";"N";0;"NÃO INFORMADO";"3176572.53";"#NE";"S";"-1";"06008039120266260000";"-3";"#NE";"-3";"#NE";"NÃO";"#NULO";-1;"#NULO";"N";"N";-1;-1;"2026-07-31 17:30:56";8;"AGUARDANDO JULGAMENTO";"-1";"#NULO";"-1";"#NULO";-1;"#NULO";-1;"#NULO";-1;"#NULO";-1;"#NULO";"-1";"#NULO"
"15/08/2026";"19:30:51";2026;6259;250002534407;-3;"#NE";1;"BRASILEIRA NATA";-3;"MARÍLIA";"36";"N";-1;"#NULO";"3176572.53";"#NE";"N";"-1";"06008272220266260000";"-3";"#NE";"-3";"#NE";"NÃO";"#NULO";-1;"#NULO";"N";"N";-1;-1;"2026-07-31 17:30:56";8;"AGUARDANDO JULGAMENTO";"-1";"#NULO";"-1";"#NULO";-1;"#NULO";-1;"#NULO";-1;"#NULO";-1;"#NULO";"-1";"#NULO"
"15/08/2026";"19:30:51";2026;6259;250002534914;-3;"#NE";1;"BRASILEIRA NATA";-3;"POTIRENDABA";"38";"N";-1;"#NULO";"3176572.53";"#NE";"S";"-1";"06008263720266260000";"-3";"#NE";"-3";"#NE";"NÃO";"#NULO";-1;"#NULO";"N";"N";-1;-1;"2026-07-31 17:30:56";8;"AGUARDANDO JULGAMENTO";"-1";"#NULO";"-1";"#NULO";-1;"#NULO";-1;"#NULO";-1;"#NULO";-1;"#NULO";"-1";"#NULO"
"15/08/2026";"19:30:51";2026;6259;250002534917;-3;"#NE";1;"BRASILEIRA NATA";-3;"GAURAMA";"82";"N";0;"NÃO INFORMADO";"3176572.53";"#NE";"S";"-1";"06008099820266260000";"-3";"#NE";"-3";"#NE";"NÃO";"#NULO";-1;"#NULO";"N";"N";-1;-1;"2026-07-31 17:30:56";8;"AGUARDANDO JULGAMENTO";"-1";"#NULO";"-1";"#NULO";-1;"#NULO";-1;"#NULO";-1;"#NULO";-1;"#NULO";"-1";"#NULO"
"15/08/2026";"19:30:51";2026;6259;250002534923;-3;"#NE";1;"BRASILEIRA NATA";-3;"BAURU";"46";"N";-1;"#NULO";"3176572.53";"#NE";"S";"-1";"06008376620266260000";"-3";"#NE";"-3";"#NE";"NÃO";"#NULO";-1;"#NULO";"N";"N";-1;-1;"2026-07-31 17:30:56";8;"AGUARDANDO JULGAMENTO";"-1";"#NULO";"-1";"#NULO";-1;"#NULO";-1;"#NULO";-1;"#NULO";-1;"#NULO";"-1";"#NULO"
"15/08/2026";"19:30:51";2026;6259;250002534924;-3;"#NE";1;"BRASILEIRA NATA";-3;"CAIEIRAS";"46";"N";0;"NÃO INFORMADO";"3176572.53";"#NE";"S";"-1";"06008003920266260000";"-3";"#NE";"-3";"#NE";"NÃO";"#NULO";-1;"#NULO";"N";"N";-1;-1;"2026-07-31 17:30:56";8;"AGUARDANDO JULGAMENTO";"-1";"#NULO";"-1";"#NULO";-1;"#NULO";-1;"#NULO";-1;"#NULO";-1;"#NULO";"-1";"#NULO"
"15/08/2026";"19:30:51";2026;6259;250002534928;-3;"#NE";1;"BRASILEIRA NATA";-3;"SALTO";"51";"N";0;"NÃO INFORMADO";"3176572.53";"#NE";"S";"-1";"06008437320266260000";"-3";"#NE";"-3";"#NE";"NÃO";"#NULO";-1;"#NULO";"N";"N";-1;-1;"2026-07-31 17:30:56";8;"AGUARDANDO JULGAMENTO";"-1";"#NULO";"-1";"#NULO";-1;"#NULO";-1;"#NULO";-1;"#NULO";-1;"#NULO";"-1";"#NULO"
"15/08/2026";"19:30:51";2026;6259;250002535939;-3;"#NE";1;"BRASILEIRA NATA";-3;"PASSA TEMPO";"71";"N";0;"NÃO INFORMADO";"3176572.53";"#NE";"S";"-1";"06009485020266260000";"-3";"#NE";"-3";"#NE";"NÃO";"#NULO";-1;"#NULO";"N";"N";-1;-1;"2026-08-03 15:47:14";8;"AGUARDANDO JULGAMENTO";"-1";"#NULO";"-1";"#NULO";-1;"#NULO";-1;"#NULO";-1;"#NULO";-1;"#NULO";"-1";"#NULO"
"15/08/2026";"19:30:51";2026;6259;250002535940;-3;"#NE";1;"BRASILEIRA NATA";-3;"PATOS DE MINAS";"49";"N";-1;"#NULO";"3176572.53";"#NE";"S";"-1";"06009761820266260000";"-3";"#NE";"-3";"#NE";"NÃO";"#NULO";-1;"#NULO";"N";"N";-1;-1;"2026-08-03 15:47:14";8;"AGUARDANDO JULGAMENTO";"-1";"#NULO";"-1";"#NULO";-1;"#NULO";-1;"#NULO";-1;"#NULO";-1;"#NULO";"-1";"#NULO"
"15/08/2026";"19:30:51";2026;6259;250002535964;-3;"#NE";1;"BRASILEIRA NATA";-3;"FRANCO DA ROCHA";"60";"N";0;"NÃO INFORMADO";"3176572.53";"#NE";"S";"-1";"06009571220266260000";"-3";"#NE";"-3";"#NE";"NÃO";"#NULO";-1;"#NULO";"N";"N";-1;-1;"2026-08-03 15:47:14";8;"AGUARDANDO JULGAMENTO";"-1";"#NULO";"-1";"#NULO";-1;"#NULO";-1;"#NULO";-1;"#NULO";-1;"#NULO";"-1";"#NULO"
"15/08/2026";"19:30:51";2026;6259;250002535970;-3;"#NE";1;"BRASILEIRA NATA";-3;"RIO DAS PEDRAS";"44";"N";0;"NÃO INFORMADO";"3176572.53";"#NE";"S";"-1";"06009979120266260000";"-3";"#NE";"-3";"#NE";"NÃO";"#NULO";-1;"#NULO";"N";"N";-1;-1;"2026-08-03 15:47:14";8;"AGUARDANDO JULGAMENTO";"-1";"#NULO";"-1";"#NULO";-1;"#NULO";-1;"#NULO";-1;"#NULO";-1;"#NULO";"-1";"#NULO"
"15/08/2026";"19:30:51";2026;6259;250002535972;-3;"#NE";1;"BRASILEIRA NATA";-3;"SANTOS";"57";"N";0;"NÃO INFORMADO";"3176572.53";"#NE";"S";"-1";"06009883220266260000";"-3";"#NE";"-3";"#NE";"NÃO";"#NULO";-1;"#NULO";"N";"N";-1;-1;"2026-08-03 15:47:14";8;"AGUARDANDO JULGAMENTO";"-1";"#NULO";"-1";"#NULO";-1;"#NULO";-1;"#NULO";-1;"#NULO";-1;"#NULO";"-1";"#NULO"
"15/08/2026";"19:30:51";2026;6259;250002535998;-3;"#NE";1;"BRASILEIRA NATA";-3;"SALVADOR";"50";"N";-1;"#NULO";"3176572.53";"#NE";"S";"-1";"06009684120266260000";"-3";"#NE";"-3";"#NE";"NÃO";"#NULO";-1;"#NULO";"N";"N";-1;-1;"2026-08-03 15:47:14";8;"AGUARDANDO JULGAMENTO";"-1";"#NULO";"-1";"#NULO";-1;"#NULO";-1;"#NULO";-1;"#NULO";-1;"#NULO";"-1";"#NULO"
"15/08/2026";"19:30:51";2026;6259;250002536255;-3;"#NE";1;"BRASILEIRA NATA";-3;"ITAPORANGA";"60";"N";0;"NÃO INFORMADO";"1270629.01";"#NE";"N";"-1";"06011485720266260000";"-3";"#NE";"-3";"#NE";"NÃO";"#NULO";-1;"#NULO";"N";"N";-1;-1;"2026-08-04 11:54:14";8;"AGUARDANDO JULGAMENTO";"-1";"#NULO";"-1";"#NULO";-1;"#NULO";-1;"#NULO";-1;"#NULO";-1;"#NULO";"-1";"#NULO"
"15/08/2026";"19:30:51";2026;6259;250002536257;-3;"#NE";1;"BRASILEIRA NATA";-3;"MOGI DAS CRUZES";"49";"N";-1;"#NULO";"1270629.01";"#NE";"S";"-1";"06011477220266260000";"-3";"#NE";"-3";"#NE";"NÃO";"#NULO";-1;"#NULO";"N";"N";-1;-1;"2026-08-04 11:54:14";8;"AGUARDANDO JULGAMENTO";"-1";"#NULO";"-1";"#NULO";-1;"#NULO";-1;"#NULO";-1;"#NULO";-1;"#NULO";"-1";"#NULO"
"15/08/2026";"19:30:51";2026;6259;250002536261;-3;"#NE";1;"BRASILEIRA NATA";-3;"QUINTANA";"71";"N";-1;"#NULO";"1270629.01";"#NE";"N";"-1";"06011840220266260000";"-3";"#NE";"-3";"#NE";"NÃO";"#NULO";-1;"#NULO";"N";"N";-1;-1;"2026-08-04 11:54:14";8;"AGUARDANDO JULGAMENTO";"-1";"#NULO";"-1";"#NULO";-1;"#NULO";-1;"#NULO";-1;"#NULO";-1;"#NULO";"-1";"#NULO"
"15/08/2026";"19:30:51";2026;6259;250002536265;-3;"#NE";1;"BRASILEIRA NATA";-3;"ITANHÉM";"58";"N";-1;"#NULO";"1270629.01";"#NE";"S";"-1";"06011234420266260000";"-3";"#NE";"-3";"#NE";"NÃO";"#NULO";-1;"#NULO";"N";"N";-1;-1;"2026-08-04 11:54:14";8;"AGUARDANDO JULGAMENTO";"-1";"#NULO";"-1";"#NULO";-1;"#NULO";-1;"#NULO";-1;"#NULO";-1;"#NULO";"-1";"#NULO"
"15/08/2026";"19:30:51";2026;6259;250002536267;-3;"#NE";1;"BRASILEIRA NATA";-3;"PARELHAS";"60";"N";0;"NÃO INFORMADO";"1270629.01";"#NE";"S";"-1";"06011607120266260000";"-3";"#NE";"-3";"#NE";"NÃO";"#NULO";-1;"#NULO";"N";"N";-1;-1;"2026-08-04 11:54:14";8;"AGUARDANDO JULGAMENTO";"-1";"#NULO";"-1";"#NULO";-1;"#NULO";-1;"#NULO";-1;"#NULO";-1;"#NULO";"-1";"#NULO"
"15/08/2026";"19:30:51";2026;6259;250002536269;-3;"#NE";1;"BRASILEIRA NATA";-3;"ARACAJU";"37";"N";-1;"#NULO";"1270629.01";"#NE";"S";"-1";"06011468720266260000";"-3";"#NE";"-3";"#NE";"NÃO";"#NULO";-1;"#NULO";"N";"N";-1;-1;"2026-08-04 11:54:14";8;"AGUARDANDO JULGAMENTO";"-1";"#NULO";"-1";"#NULO";-1;"#NULO";-1;"#NULO";-1;"#NULO";-1;"#NULO";"-1";"#NULO"
"15/08/2026";"19:30:51";2026;6259;250002536270;-3;"#NE";1;"BRASILEIRA NATA";-3;"ÁGUAS DA PRATA";"64";"N";-1;"#NULO";"1270629.01";"#NE";"S";"-1";"06011295120266260000";"-3";"#NE";"-3";"#NE";"NÃO";"#NULO";-1;"#NULO";"N";"N";-1;-1;"2026-08-04 11:54:14";8;"AGUARDANDO JULGAMENTO";"-1";"#NULO";"-1";"#NULO";-1;"#NULO";-1;"#NULO";-1;"#NULO";-1;"#NULO";"-1";"#NULO"
"15/08/2026";"19:30:51";2026;6259;250002536344;-3;"#NE";1;"BRASILEIRA NATA";-3;"GRANJA";"57";"N";0;"NÃO INFORMADO";"1270629.01";"#NE";"S";"-1";"06010559420266260000";"-3";"#NE";"-3";"#NE";"NÃO";"#NULO";-1;"#NULO";"N";"N";-1;-1;"2026-08-03 16:14:03";8;"AGUARDANDO JULGAMENTO";"-1";"#NULO";"-1";"#NULO";-1;"#NULO";-1;"#NULO";-1;"#NULO";-1;"#NULO";"-1";"#NULO"
"15/08/2026";"19:30:51";2026;6259;250002536359;-3;"#NE";1;"BRASILEIRA NATA";-3;"MOCOCA";"46";"N";0;"NÃO INFORMADO";"1270629.01";"#NE";"S";"-1";"06010819220266260000";"-3";"#NE";"-3";"#NE";"NÃO";"#NULO";-1;"#NULO";"N";"N";-1;-1;"2026-08-03 16:14:03";8;"AGUARDANDO JULGAMENTO";"-1";"#NULO";"-1";"#NULO";-1;"#NULO";-1;"#NULO";-1;"#NULO";-1;"#NULO";"-1";"#NULO"
"15/08/2026";"19:30:51";2026;6259;250002536363;-3;"#NE";1;"BRASILEIRA NATA";-3;"NOVA ODESSA";"47";"N";-1;"#NULO";"1270629.01";"#NE";"S";"-1";"06010203720266260000";"-3";"#NE";"-3";"#NE";"NÃO";"#NULO";-1;"#NULO";"N";"N";-1;-1;"2026-08-03 16:14:03";8;"AGUARDANDO JULGAMENTO";"-1";"#NULO";"-1";"#NULO";-1;"#NULO";-1;"#NULO";-1;"#NULO";-1;"#NULO";"-1";"#NULO"
"15/08/2026";"19:30:51";2026;6259;250002536394;-3;"#NE";1;"BRASILEIRA NATA";-3;"SANTOS";"41";"N";0;"NÃO INFORMADO";"1270629.01";"#NE";"N";"-1";"06010195220266260000";"-3";"#NE";"-3";"#NE";"NÃO";"#NULO";-1;"#NULO";"N";"N";-1;-1;"2026-08-03 16:14:03";8;"AGUARDANDO JULGAMENTO";"-1";"#NULO";"-1";"#NULO";-1;"#NULO";-1;"#NULO";-1;"#NULO";-1;"#NULO";"-1";"#NULO"
"15/08/2026";"19:30:51";2026;6259;250002536417;-3;"#NE";1;"BRASILEIRA NATA";-3;"SÃO PAULO";"68";"N";0;"NÃO INFORMADO";"1270629.01";"#NE";"S";"-1";"06010507220266260000";"-3";"#NE";"-3";"#NE";"NÃO";"#NULO";-1;"#NULO";"N";"N";-1;-1;"2026-08-03 16:14:03";8;"AGUARDANDO JULGAMENTO";"-1";"#NULO";"-1";"#NULO";-1;"#NULO";-1;"#NULO";-1;"#NULO";-1;"#NULO";"-1";"#NULO"
"15/08/2026";"19:30:51";2026;6259;250002536430;-3;"#NE";1;"BRASILEIRA NATA";-3;"RIO DO ANTÔNIO";"53";"N";-1;"#NULO";"1270629.01";"#NE";"S";"-1";"06010255920266260000";"-3";"#NE";"-3";"#NE";"NÃO";"#NULO";-1;"#NULO";"N";"N";-1;-1;"2026-08-03 16:14:03";8;"AGUARDANDO JULGAMENTO";"-1";"#NULO";"-1";"#NULO";-1;"#NULO";-1;"#NULO";-1;"#NULO";-1;"#NULO";"-1";"#NULO"
"15/08/2026";"19:30:51";2026;6259;250002536431;-3;"#NE";1;"BRASILEIRA NATA";-3;"SALVADOR";"41";"N";-1;"#NULO";"1270629.01";"#NE";"S";"-1";"06010654120266260000";"-3";"#NE";"-3";"#NE";"NÃO";"#NULO";-1;"#NULO";"N";"N";-1;-1;"2026-08-03 16:14:03";8;"AGUARDANDO JULGAMENTO";"-1";"#NULO";"-1";"#NULO";-1;"#NULO";-1;"#NULO";-1;"#NULO";-1;"#NULO";"-1";"#NULO"
"15/08/2026";"19:30:51";2026;6259;250002536722;-3;"#NE";1;"BRASILEIRA NATA";-3;"SÃO PAULO";"42";"N";0;"NÃO INFORMADO";"3176572.53";"#NE";"S";"-1";"06012118220266260000";"-3";"#NE";"-3";"#NE";"NÃO";"#NULO";-1;"#NULO";"N";"N";-1;-1;"2026-08-04 12:03:50";8;"AGUARDANDO JULGAMENTO";"-1";"#NULO";"-1";"#NULO";-1;"#NULO";-1;"#NULO";-1;"#NULO";-1;"#NULO";"-1";"#NULO"
"15/08/2026";"19:30:51";2026;6259;250002536734;-3;"#NE";1;"BRASILEIRA NATA";-3;"SÃO PAULO";"47";"N";59;"TERENA";"3176572.53";"#NE";"S";"-1";"06012135220266260000";"-3";"#NE";"-3";"#NE";"NÃO";"#NULO";-1;"#NULO";"N";"N";-1;-1;"2026-08-04 12:03:50";8;"AGUARDANDO JULGAMENTO";"-1";"#NULO";"-1";"#NULO";-1;"#NULO";-1;"#NULO";-1;"#NULO";-1;"#NULO";"-1";"#NULO"
"15/08/2026";"19:30:51";2026;6259;250002536738;-3;"#NE";1;"BRASILEIRA NATA";-3;"SÃO CAETANO DO SUL";"60";"N";-1;"#NULO";"3176572.53";"#NE";"S";"-1";"06012256620266260000";"-3";"#NE";"-3";"#NE";"NÃO";"#NULO";-1;"#NULO";"N";"N";-1;-1;"2026-08-04 12:03:50";8;"AGUARDANDO JULGAMENTO";"-1";"#NULO";"-1";"#NULO";-1;"#NULO";-1;"#NULO";-1;"#NULO";-1;"#NULO";"-1";"#NULO"
"15/08/2026";"19:30:51";2026;6259;250002536750;-3;"#NE";1;"BRASILEIRA NATA";-3;"SÃO PAULO";"54";"N";-1;"#NULO";"3176572.53";"#NE";"N";"-1";"06012464220266260000";"-3";"#NE";"-3";"#NE";"NÃO";"#NULO";-1;"#NULO";"N";"N";-1;-1;"2026-08-04 12:03:50";8;"AGUARDANDO JULGAMENTO";"-1";"#NULO";"-1";"#NULO";-1;"#NULO";-1;"#NULO";-1;"#NULO";-1;"#NULO";"-1";"#NULO"
"15/08/2026";"19:30:51";2026;6259;250002536754;-3;"#NE";1;"BRASILEIRA NATA";-3;"GUARAQUEÇABA";"67";"N";-1;"#NULO";"3176572.53";"#NE";"N";"-1";"06012126720266260000";"-3";"#NE";"-3";"#NE";"NÃO";"#NULO";-1;"#NULO";"N";"N";-1;-1;"2026-08-04 12:03:50";8;"AGUARDANDO JULGAMENTO";"-1";"#NULO";"-1";"#NULO";-1;"#NULO";-1;"#NULO";-1;"#NULO";-1;"#NULO";"-1";"#NULO"
"15/08/2026";"19:30:51";2026;6259;250002536762;-3;"#NE";1;"BRASILEIRA NATA";-3;"PASSA QUATRO";"81";"N";-1;"#NULO";"3176572.53";"#NE";"S";"-1";"06012221420266260000";"-3";"#NE";"-3";"#NE";"NÃO";"#NULO";-1;"#NULO";"N";"N";-1;-1;"2026-08-04 12:03:50";8;"AGUARDANDO JULGAMENTO";"-1";"#NULO";"-1";"#NULO";-1;"#NULO";-1;"#NULO";-1;"#NULO";-1;"#NULO";"-1";"#NULO"
"15/08/2026";"19:30:51";2026;6259;250002536829;-3;"#NE";1;"BRASILEIRA NATA";-3;"GUARULHOS";"49";"N";-1;"#NULO";"1270629.01";"#NE";"S";"-1";"06011927620266260000";"-3";"#NE";"-3";"#NE";"NÃO";"#NULO";-1;"#NULO";"N";"N";-1;-1;"2026-08-04 11:54:14";8;"AGUARDANDO JULGAMENTO";"-1";"#NULO";"-1";"#NULO";-1;"#NULO";-1;"#NULO";-1;"#NULO";-1;"#NULO";"-1";"#NULO"
"15/08/2026";"19:30:51";2026;6259;250002536840;-3;"#NE";1;"BRASILEIRA NATA";-3;"SÃO JOSÉ DO RIO PRETO";"50";"N";-1;"#NULO";"1270629.01";"#NE";"S";"-1";"06011269620266260000";"-3";"#NE";"-3";"#NE";"NÃO";"#NULO";-1;"#NULO";"N";"N";-1;-1;"2026-08-04 11:54:14";8;"AGUARDANDO JULGAMENTO";"-1";"#NULO";"-1";"#NULO";-1;"#NULO";-1;"#NULO";-1;"#NULO";-1;"#NULO";"-1";"#NULO"
"15/08/2026";"19:30:51";2026;6259;250002536847;-3;"#NE";1;"BRASILEIRA NATA";-3;"SÃO PAULO";"74";"N";0;"NÃO INFORMADO";"1270629.01";"#NE";"S";"-1";"06011900920266260000";"-3";"#NE";"-3";"#NE";"NÃO";"#NULO";-1;"#NULO";"N";"N";-1;-1;"2026-08-04 11:54:14";8;"AGUARDANDO JULGAMENTO";"-1";"#NULO";"-1";"#NULO";-1;"#NULO";-1;"#NULO";-1;"#NULO";-1;"#NULO";"-1";"#NULO"
"15/08/2026";"19:30:51";2026;6259;250002536846;-3;"#NE";1;"BRASILEIRA NATA";-3;"SÃO PAULO";"66";"N";0;"NÃO INFORMADO";"1270629.01";"#NE";"S";"-1";"06011104520266260000";"-3";"#NE";"-3";"#NE";"NÃO";"#NULO";-1;"#NULO";"N";"N";-1;-1;"2026-08-04 11:54:14";8;"AGUARDANDO JULGAMENTO";"-1";"#NULO";"-1";"#NULO";-1;"#NULO";-1;"#NULO";-1;"#NULO";-1;"#NULO";"-1";"#NULO"
"15/08/2026";"19:30:51";2026;6259;250002536850;-3;"#NE";1;"BRASILEIRA NATA";-3;"SÃO PAULO";"45";"N";-1;"#NULO";"1270629.01";"#NE";"N";"-1";"06011347320266260000";"-3";"#NE";"-3";"#NE";"NÃO";"#NULO";-1;"#NULO";"N";"N";-1;-1;"2026-08-04 11:54:14";8;"AGUARDANDO JULGAMENTO";"-1";"#NULO";"-1";"#NULO";-1;"#NULO";-1;"#NULO";-1;"#NULO";-1;"#NULO";"-1";"#NULO"
"15/08/2026";"19:30:51";2026;6259;250002537941;-3;"#NE";1;"BRASILEIRA NATA";-3;"NANUQUE";"68";"N";-1;"#NULO";"3176572.53";"#NE";"N";"-1";"06012776220266260000";"-3";"#NE";"-3";"#NE";"NÃO";"#NULO";-1;"#NULO";"N";"N";-1;-1;"2026-08-05 15:07:31";8;"AGUARDANDO JULGAMENTO";"-1";"#NULO";"-1";"#NULO";-1;"#NULO";-1;"#NULO";-1;"#NULO";-1;"#NULO";"-1";"#NULO"
"15/08/2026";"19:30:51";2026;6259;250002537961;-3;"#NE";1;"BRASILEIRA NATA";-3;"CARAPICUÍBA";"44";"N";-1;"#NULO";"3176572.53";"#NE";"N";"-1";"06012958320266260000";"-3";"#NE";"-3";"#NE";"NÃO";"#NULO";-1;"#NULO";"N";"N";-1;-1;"2026-08-05 15:07:31";8;"AGUARDANDO JULGAMENTO";"-1";"#NULO";"-1";"#NULO";-1;"#NULO";-1;"#NULO";-1;"#NULO";-1;"#NULO";"-1";"#NULO"
"15/08/2026";"19:30:51";2026;6259;250002537964;-3;"#NE";1;"BRASILEIRA NATA";-3;"SOROCABA";"49";"N";-1;"#NULO";"3176572.53";"#NE";"S";"-1";"06012715520266260000";"-3";"#NE";"-3";"#NE";"NÃO";"#NULO";-1;"#NULO";"N";"N";-1;-1;"2026-08-05 15:07:31";8;"AGUARDANDO JULGAMENTO";"-1";"#NULO";"-1";"#NULO";-1;"#NULO";-1;"#NULO";-1;"#NULO";-1;"#NULO";"-1";"#NULO"
"15/08/2026";"19:30:51";2026;6259;250002537974;-3;"#NE";1;"BRASILEIRA NATA";-3;"PONTE SERRADA";"45";"N";-1;"#NULO";"3176572.53";"#NE";"N";"-1";"06013079720266260000";"-3";"#NE";"-3";"#NE";"NÃO";"#NULO";-1;"#NULO";"N";"N";-1;-1;"2026-08-05 15:07:31";8;"AGUARDANDO JULGAMENTO";"-1";"#NULO";"-1";"#NULO";-1;"#NULO";-1;"#NULO";-1;"#NULO";-1;"#NULO";"-1";"#NULO"
"15/08/2026";"19:30:51";2026;6259;250002537981;-3;"#NE";1;"BRASILEIRA NATA";-3;"FERNANDÓPOLIS";"74";"N";-1;"#NULO";"3176572.53";"#NE";"S";"-1";"06013061520266260000";"-3";"#NE";"-3";"#NE";"NÃO";"#NULO";-1;"#NULO";"N";"N";-1;-1;"2026-08-05 15:07:31";8;"AGUARDANDO JULGAMENTO";"-1";"#NULO";"-1";"#NULO";-1;"#NULO";-1;"#NULO";-1;"#NULO";-1;"#NULO";"-1";"#NULO"
"15/08/2026";"19:30:51";2026;6259;250002537985;-3;"#NE";1;"BRASILEIRA NATA";-3;"SANTOS";"48";"N";-1;"#NULO";"3176572.53";"#NE";"S";"-1";"06012983820266260000";"-3";"#NE";"-3";"#NE";"NÃO";"#NULO";-1;"#NULO";"N";"N";-1;-1;"2026-08-05 15:07:31";8;"AGUARDANDO JULGAMENTO";"-1";"#NULO";"-1";"#NULO";-1;"#NULO";-1;"#NULO";-1;"#NULO";-1;"#NULO";"-1";"#NULO"
"15/08/2026";"19:30:51";2026;6259;250002537988;-3;"#NE";1;"BRASILEIRA NATA";-3;"BUENO BRANDÃO";"71";"N";-1;"#NULO";"3176572.53";"#NE";"S";"-1";"06013105220266260000";"-3";"#NE";"-3";"#NE";"NÃO";"#NULO";-1;"#NULO";"N";"N";-1;-1;"2026-08-05 15:07:31";8;"AGUARDANDO JULGAMENTO";"-1";"#NULO";"-1";"#NULO";-1;"#NULO";-1;"#NULO";-1;"#NULO";-1;"#NULO";"-1";"#NULO"
"15/08/2026";"19:30:51";2026;6259;250002538891;-3;"#NE";1;"BRASILEIRA NATA";-3;"SERROLÂNDIA";"63";"N";-1;"#NULO";"1270629.01";"#NE";"S";"-1";"06015296520266260000";"-3";"#NE";"-3";"#NE";"NÃO";"#NULO";-1;"#NULO";"N";"N";-1;-1;"2026-08-06 15:55:28";8;"AGUARDANDO JULGAMENTO";"-1";"#NULO";"-1";"#NULO";-1;"#NULO";-1;"#NULO";-1;"#NULO";-1;"#NULO";"-1";"#NULO"
"15/08/2026";"19:30:51";2026;6259;250002538895;-3;"#NE";1;"BRASILEIRA NATA";-3;"CARATINGA";"51";"N";-1;"#NULO";"1270629.01";"#NE";"S";"-1";"06015357220266260000";"-3";"#NE";"-3";"#NE";"NÃO";"#NULO";-1;"#NULO";"N";"N";-1;-1;"2026-08-06 15:55:28";8;"AGUARDANDO JULGAMENTO";"-1";"#NULO";"-1";"#NULO";-1;"#NULO";-1;"#NULO";-1;"#NULO";-1;"#NULO";"-1";"#NULO"
"15/08/2026";"19:30:51";2026;6259;250002538906;-3;"#NE";1;"BRASILEIRA NATA";-3;"OURICURI";"48";"N";-1;"#NULO";"1270629.01";"#NE";"N";"-1";"06015227320266260000";"-3";"#NE";"-3";"#NE";"NÃO";"#NULO";-1;"#NULO";"N";"N";-1;-1;"2026-08-06 15:55:28";8;"AGUARDANDO JULGAMENTO";"-1";"#NULO";"-1";"#NULO";-1;"#NULO";-1;"#NULO";-1;"#NULO";-1;"#NULO";"-1";"#NULO"
"15/08/2026";"19:30:51";2026;6259;250002538907;-3;"#NE";1;"BRASILEIRA NATA";-3;"QUIPAPÁ";"43";"N";-1;"#NULO";"1270629.01";"#NE";"N";"-1";"06015252820266260000";"-3";"#NE";"-3";"#NE";"NÃO";"#NULO";-1;"#NULO";"N";"N";-1;-1;"2026-08-06 15:55:28";8;"AGUARDANDO JULGAMENTO";"-1";"#NULO";"-1";"#NULO";-1;"#NULO";-1;"#NULO";-1;"#NULO";-1;"#NULO";"-1";"#NULO"
"15/08/2026";"19:30:51";2026;6259;250002538912;-3;"#NE";1;"BRASILEIRA NATA";-3;"ARACATU";"57";"N";0;"NÃO INFORMADO";"1270629.01";"#NE";"S";"-1";"06015261320266260000";"-3";"#NE";"-3";"#NE";"NÃO";"#NULO";-1;"#NULO";"N";"N";-1;-1;"2026-08-06 15:55:28";8;"AGUARDANDO JULGAMENTO";"-1";"#NULO";"-1";"#NULO";-1;"#NULO";-1;"#NULO";-1;"#NULO";-1;"#NULO";"-1";"#NULO"
"15/08/2026";"19:30:51";2026;6259;250002538910;-3;"#NE";1;"BRASILEIRA NATA";-3;"SÃO JOÃO DO PIAUÍ";"46";"N";-1;"#NULO";"1270629.01";"#NE";"N";"-1";"06015114420266260000";"-3";"#NE";"-3";"#NE";"NÃO";"#NULO";-1;"#NULO";"N";"N";-1;-1;"2026-08-06 15:55:28";8;"AGUARDANDO JULGAMENTO";"-1";"#NULO";"-1";"#NULO";-1;"#NULO";-1;"#NULO";-1;"#NULO";-1;"#NULO";"-1";"#NULO"
"15/08/2026";"19:30:51";2026;6259;250002538926;-3;"#NE";1;"BRASILEIRA NATA";-3;"ARACAJU";"33";"N";-1;"#NULO";"1270629.01";"#NE";"S";"-1";"06015434920266260000";"-3";"#NE";"-3";"#NE";"NÃO";"#NULO";-1;"#NULO";"N";"N";-1;-1;"2026-08-06 15:55:28";8;"AGUARDANDO JULGAMENTO";"-1";"#NULO";"-1";"#NULO";-1;"#NULO";-1;"#NULO";-1;"#NULO";-1;"#NULO";"-1";"#NULO"
"15/08/2026";"19:30:51";2026;6259;250002538929;-3;"#NE";1;"BRASILEIRA NATA";-3;"CAMPINAS";"41";"N";-1;"#NULO";"1270629.01";"#NE";"S";"-1";"06015036720266260000";"-3";"#NE";"-3";"#NE";"NÃO";"#NULO";-1;"#NULO";"N";"N";-1;-1;"2026-08-06 15:55:28";8;"AGUARDANDO JULGAMENTO";"-1";"#NULO";"-1";"#NULO";-1;"#NULO";-1;"#NULO";-1;"#NULO";-1;"#NULO";"-1";"#NULO"
"15/08/2026";"19:30:51";2026;6259;250002538930;-3;"#NE";1;"BRASILEIRA NATA";-3;"CAMPINAS";"47";"N";-1;"#NULO";"1270629.01";"#NE";"S";"-1";"06014923820266260000";"-3";"#NE";"-3";"#NE";"NÃO";"#NULO";-1;"#NULO";"N";"N";-1;-1;"2026-08-06 15:55:28";8;"AGUARDANDO JULGAMENTO";"-1";"#NULO";"-1";"#NULO";-1;"#NULO";-1;"#NULO";-1;"#NULO";-1;"#NULO";"-1";"#NULO"
"15/08/2026";"19:30:51";2026;6259;250002538931;-3;"#NE";1;"BRASILEIRA NATA";-3;"PARATINGA";"56";"N";-1;"#NULO";"1270629.01";"#NE";"S";"-1";"06015417920266260000";"-3";"#NE";"-3";"#NE";"NÃO";"#NULO";-1;"#NULO";"N";"N";-1;-1;"2026-08-06 15:55:28";8;"AGUARDANDO JULGAMENTO";"-1";"#NULO";"-1";"#NULO";-1;"#NULO";-1;"#NULO";-1;"#NULO";-1;"#NULO";"-1";"#NULO"
"15/08/2026";"19:30:51";2026;6259;250002538957;-3;"#NE";1;"BRASILEIRA NATA";-3;"JACAREÍ";"53";"N";-1;"#NULO";"1270629.01";"#NE";"S";"-1";"06014802420266260000";"-3";"#NE";"-3";"#NE";"NÃO";"#NULO";-1;"#NULO";"N";"N";-1;-1;"2026-08-06 15:20:27";8;"AGUARDANDO JULGAMENTO";"-1";"#NULO";"-1";"#NULO";-1;"#NULO";-1;"#NULO";-1;"#NULO";-1;"#NULO";"-1";"#NULO"
"15/08/2026";"19:30:51";2026;6259;250002539245;-3;"#NE";1;"BRASILEIRA NATA";-3;"CAMPO GRANDE";"45";"N";0;"NÃO INFORMADO";"1270629.01";"#NE";"N";"-1";"06014031520266260000";"-3";"#NE";"-3";"#NE";"NÃO";"#NULO";-1;"#NULO";"N";"N";-1;-1;"2026-08-06 14:28:06";8;"AGUARDANDO JULGAMENTO";"-1";"#NULO";"-1";"#NULO";-1;"#NULO";-1;"#NULO";-1;"#NULO";-1;"#NULO";"-1";"#NULO"
"15/08/2026";"19:30:51";2026;6259;250002539251;-3;"#NE";1;"BRASILEIRA NATA";-3;"SOUSA";"62";"N";-1;"#NULO";"1270629.01";"#NE";"N";"-1";"06013442720266260000";"-3";"#NE";"-3";"#NE";"NÃO";"#NULO";-1;"#NULO";"N";"N";-1;-1;"2026-08-06 14:28:06";8;"AGUARDANDO JULGAMENTO";"-1";"#NULO";"-1";"#NULO";-1;"#NULO";-1;"#NULO";-1;"#NULO";-1;"#NULO";"-1";"#NULO"
"15/08/2026";"19:30:51";2026;6259;250002539272;-3;"#NE";1;"BRASILEIRA NATA";-3;"BOTUCATU";"37";"N";-1;"#NULO";"1270629.01";"#NE";"S";"-1";"06013702520266260000";"-3";"#NE";"-3";"#NE";"NÃO";"#NULO";-1;"#NULO";"N";"N";-1;-1;"2026-08-06 14:28:06";8;"AGUARDANDO JULGAMENTO";"-1";"#NULO";"-1";"#NULO";-1;"#NULO";-1;"#NULO";-1;"#NULO";-1;"#NULO";"-1";"#NULO"
"15/08/2026";"19:30:51";2026;6259;250002539281;-3;"#NE";1;"BRASILEIRA NATA";-3;"PAULISTA";"54";"N";-1;"#NULO";"1270629.01";"#NE";"S";"-1";"06013599320266260000";"-3";"#NE";"-3";"#NE";"NÃO";"#NULO";-1;"#NULO";"N";"N";-1;-1;"2026-08-06 14:28:06";8;"AGUARDANDO JULGAMENTO";"-1";"#NULO";"-1";"#NULO";-1;"#NULO";-1;"#NULO";-1;"#NULO";-1;"#NULO";"-1";"#NULO"
"15/08/2026";"19:30:51";2026;6259;250002539283;-3;"#NE";1;"BRASILEIRA NATA";-3;"RIBEIRÃO PRETO";"38";"N";-1;"#NULO";"1270629.01";"#NE";"S";"-1";"06014023020266260000";"-3";"#NE";"-3";"#NE";"NÃO";"#NULO";-1;"#NULO";"N";"N";-1;-1;"2026-08-06 14:28:06";8;"AGUARDANDO JULGAMENTO";"-1";"#NULO";"-1";"#NULO";-1;"#NULO";-1;"#NULO";-1;"#NULO";-1;"#NULO";"-1";"#NULO"
"15/08/2026";"19:30:51";2026;6259;250002539298;-3;"#NE";1;"BRASILEIRA NATA";-3;"SÃO JOSÉ DO RIO PRETO";"72";"N";-1;"#NULO";"1270629.01";"#NE";"S";"-1";"06013989020266260000";"-3";"#NE";"-3";"#NE";"NÃO";"#NULO";-1;"#NULO";"N";"N";-1;-1;"2026-08-06 14:28:06";8;"AGUARDANDO JULGAMENTO";"-1";"#NULO";"-1";"#NULO";-1;"#NULO";-1;"#NULO";-1;"#NULO";-1;"#NULO";"-1";"#NULO"
"15/08/2026";"19:30:51";2026;6259;250002539301;-3;"#NE";1;"BRASILEIRA NATA";-3;"SÃO PAULO";"58";"N";-1;"#NULO";"1270629.01";"#NE";"S";"-1";"06013494920266260000";"-3";"#NE";"-3";"#NE";"NÃO";"#NULO";-1;"#NULO";"N";"N";-1;-1;"2026-08-06 14:28:06";8;"AGUARDANDO JULGAMENTO";"-1";"#NULO";"-1";"#NULO";-1;"#NULO";-1;"#NULO";-1;"#NULO";-1;"#NULO";"-1";"#NULO"
"15/08/2026";"19:30:51";2026;6259;250002539302;-3;"#NE";1;"BRASILEIRA NATA";-3;"SÃO PAULO";"55";"N";-1;"#NULO";"1270629.01";"#NE";"S";"-1";"06013425720266260000";"-3";"#NE";"-3";"#NE";"NÃO";"#NULO";-1;"#NULO";"N";"N";-1;-1;"2026-08-06 14:28:06";8;"AGUARDANDO JULGAMENTO";"-1";"#NULO";"-1";"#NULO";-1;"#NULO";-1;"#NULO";-1;"#NULO";-1;"#NULO";"-1";"#NULO"
"15/08/2026";"19:30:51";2026;6259;250002539327;-3;"#NE";2;"BRASILEIRA (NATURALIZADA)";-3;"BUENOS AIRES";"40";"N";-1;"#NULO";"1270629.01";"#NE";"S";"-1";"06013962320266260000";"-3";"#NE";"-3";"#NE";"NÃO";"#NULO";-1;"#NULO";"N";"N";-1;-1;"2026-08-06 14:28:06";8;"AGUARDANDO JULGAMENTO";"-1";"#NULO";"-1";"#NULO";-1;"#NULO";-1;"#NULO";-1;"#NULO";-1;"#NULO";"-1";"#NULO"
"15/08/2026";"19:30:51";2026;6259;250002539393;-3;"#NE";1;"BRASILEIRA NATA";-3;"CAMPINA GRANDE";"45";"N";-1;"#NULO";"3176572.53";"#NE";"S";"-1";"06014161420266260000";"-3";"#NE";"-3";"#NE";"NÃO";"#NULO";-1;"#NULO";"N";"N";-1;-1;"2026-08-06 14:46:28";8;"AGUARDANDO JULGAMENTO";"-1";"#NULO";"-1";"#NULO";-1;"#NULO";-1;"#NULO";-1;"#NULO";-1;"#NULO";"-1";"#NULO"
"15/08/2026";"19:30:51";2026;6259;250002539397;-3;"#NE";1;"BRASILEIRA NATA";-3;"ITAJUBÁ";"79";"N";-1;"#NULO";"3176572.53";"#NE";"S";"-1";"06014447920266260000";"-3";"#NE";"-3";"#NE";"NÃO";"#NULO";-1;"#NULO";"N";"N";-1;-1;"2026-08-06 14:46:28";8;"AGUARDANDO JULGAMENTO";"-1";"#NULO";"-1";"#NULO";-1;"#NULO";-1;"#NULO";-1;"#NULO";-1;"#NULO";"-1";"#NULO"
"15/08/2026";"19:30:51";2026;6259;250002539405;-3;"#NE";1;"BRASILEIRA NATA";-3;"MAIRIPORÃ";"41";"N";-1;"#NULO";"3176572.53";"#NE";"S";"-1";"06014152920266260000";"-3";"#NE";"-3";"#NE";"NÃO";"#NULO";-1;"#NULO";"N";"N";-1;-1;"2026-08-06 14:46:28";8;"AGUARDANDO JULGAMENTO";"-1";"#NULO";"-1";"#NULO";-1;"#NULO";-1;"#NULO";-1;"#NULO";-1;"#NULO";"-1";"#NULO"
"15/08/2026";"19:30:51";2026;6259;250002539410;-3;"#NE";1;"BRASILEIRA NATA";-3;"OSASCO";"43";"N";0;"NÃO INFORMADO";"3176572.53";"#NE";"S";"-1";"06014274320266260000";"-3";"#NE";"-3";"#NE";"NÃO";"#NULO";-1;"#NULO";"N";"N";-1;-1;"2026-08-06 14:46:28";8;"AGUARDANDO JULGAMENTO";"-1";"#NULO";"-1";"#NULO";-1;"#NULO";-1;"#NULO";-1;"#NULO";-1;"#NULO";"-1";"#NULO"
"15/08/2026";"19:30:51";2026;6259;250002539417;-3;"#NE";1;"BRASILEIRA NATA";-3;"RIO DE JANEIRO";"56";"N";0;"NÃO INFORMADO";"3176572.53";"#NE";"N";"-1";"06014481920266260000";"-3";"#NE";"-3";"#NE";"NÃO";"#NULO";-1;"#NULO";"N";"N";-1;-1;"2026-08-06 14:46:28";8;"AGUARDANDO JULGAMENTO";"-1";"#NULO";"-1";"#NULO";-1;"#NULO";-1;"#NULO";-1;"#NULO";-1;"#NULO";"-1";"#NULO"
"15/08/2026";"19:30:51";2026;6259;250002539419;-3;"#NE";1;"BRASILEIRA NATA";-3;"CARIRA";"47";"N";0;"NÃO INFORMADO";"3176572.53";"#NE";"S";"-1";"06014456420266260000";"-3";"#NE";"-3";"#NE";"NÃO";"#NULO";-1;"#NULO";"N";"N";-1;-1;"2026-08-06 14:46:28";8;"AGUARDANDO JULGAMENTO";"-1";"#NULO";"-1";"#NULO";-1;"#NULO";-1;"#NULO";-1;"#NULO";-1;"#NULO";"-1";"#NULO"
"15/08/2026";"19:30:51";2026;6259;250002539430;-3;"#NE";1;"BRASILEIRA NATA";-3;"RIBEIRÃO PIRES";"37";"N";0;"NÃO INFORMADO";"3176572.53";"#NE";"S";"-1";"06014647020266260000";"-3";"#NE";"-3";"#NE";"NÃO";"#NULO";-1;"#NULO";"N";"N";-1;-1;"2026-08-06 14:46:28";8;"AGUARDANDO JULGAMENTO";"-1";"#NULO";"-1";"#NULO";-1;"#NULO";-1;"#NULO";-1;"#NULO";-1;"#NULO";"-1";"#NULO"
"15/08/2026";"19:30:51";2026;6259;250002539440;-3;"#NE";1;"BRASILEIRA NATA";-3;"SÃO PAULO";"57";"N";-1;"#NULO";"3176572.53";"#NE";"N";"-1";"06014707720266260000";"-3";"#NE";"-3";"#NE";"NÃO";"#NULO";-1;"#NULO";"N";"N";-1;-1;"2026-08-06 14:46:28";8;"AGUARDANDO JULGAMENTO";"-1";"#NULO";"-1";"#NULO";-1;"#NULO";-1;"#NULO";-1;"#NULO";-1;"#NULO";"-1";"#NULO"
"15/08/2026";"19:30:51";2026;6259;250002539592;-3;"#NE";1;"BRASILEIRA NATA";-3;"BRASÍLIA";"40";"N";0;"NÃO INFORMADO";"3176572.53";"#NE";"S";"-1";"06015780920266260000";"-3";"#NE";"-3";"#NE";"NÃO";"#NULO";-1;"#NULO";"N";"N";-1;-1;"2026-08-06 17:34:34";8;"AGUARDANDO JULGAMENTO";"-1";"#NULO";"-1";"#NULO";-1;"#NULO";-1;"#NULO";-1;"#NULO";-1;"#NULO";"-1";"#NULO"
"15/08/2026";"19:30:51";2026;6259;250002539599;-3;"#NE";1;"BRASILEIRA NATA";-3;"GANDU";"48";"N";-1;"#NULO";"3176572.53";"#NE";"S";"-1";"06015694720266260000";"-3";"#NE";"-3";"#NE";"NÃO";"#NULO";-1;"#NULO";"N";"N";-1;-1;"2026-08-06 17:34:34";8;"AGUARDANDO JULGAMENTO";"-1";"#NULO";"-1";"#NULO";-1;"#NULO";-1;"#NULO";-1;"#NULO";-1;"#NULO";"-1";"#NULO"
"15/08/2026";"19:30:51";2026;6259;250002539605;-3;"#NE";1;"BRASILEIRA NATA";-3;"RIO DE JANEIRO";"46";"N";-1;"#NULO";"3176572.53";"#NE";"S";"-1";"06015556320266260000";"-3";"#NE";"-3";"#NE";"NÃO";"#NULO";-1;"#NULO";"N";"N";-1;-1;"2026-08-06 17:34:34";8;"AGUARDANDO JULGAMENTO";"-1";"#NULO";"-1";"#NULO";-1;"#NULO";-1;"#NULO";-1;"#NULO";-1;"#NULO";"-1";"#NULO"
"15/08/2026";"19:30:51";2026;6259;250002539608;-3;"#NE";1;"BRASILEIRA NATA";-3;"TRÊS PASSOS";"28";"N";-1;"#NULO";"3176572.53";"#NE";"N";"-1";"06015669220266260000";"-3";"#NE";"-3";"#NE";"NÃO";"#NULO";-1;"#NULO";"N";"N";-1;-1;"2026-08-06 17:34:34";8;"AGUARDANDO JULGAMENTO";"-1";"#NULO";"-1";"#NULO";-1;"#NULO";-1;"#NULO";-1;"#NULO";-1;"#NULO";"-1";"#NULO"
"15/08/2026";"19:30:51";2026;6259;250002539622;-3;"#NE";1;"BRASILEIRA NATA";-3;"SÃO PAULO";"47";"N";-1;"#NULO";"3176572.53";"#NE";"S";"-1";"06015746920266260000";"-3";"#NE";"-3";"#NE";"NÃO";"#NULO";-1;"#NULO";"N";"N";-1;-1;"2026-08-06 17:34:34";8;"AGUARDANDO JULGAMENTO";"-1";"#NULO";"-1";"#NULO";-1;"#NULO";-1;"#NULO";-1;"#NULO";-1;"#NULO";"-1";"#NULO"
"15/08/2026";"19:30:51";2026;6259;250002539625;-3;"#NE";1;"BRASILEIRA NATA";-3;"SÃO PAULO";"37";"N";-1;"#NULO";"3176572.53";"#NE";"N";"-1";"06015617020266260000";"-3";"#NE";"-3";"#NE";"NÃO";"#NULO";-1;"#NULO";"N";"N";-1;-1;"2026-08-06 17:34:34";8;"AGUARDANDO JULGAMENTO";"-1";"#NULO";"-1";"#NULO";-1;"#NULO";-1;"#NULO";-1;"#NULO";-1;"#NULO";"-1";"#NULO"
"15/08/2026";"19:30:51";2026;6259;250002539630;-3;"#NE";1;"BRASILEIRA NATA";-3;"SERTÃOZINHO";"55";"N";0;"NÃO INFORMADO";"3176572.53";"#NE";"N";"-1";"06015608520266260000";"-3";"#NE";"-3";"#NE";"NÃO";"#NULO";-1;"#NULO";"N";"N";-1;-1;"2026-08-06 17:34:34";8;"AGUARDANDO JULGAMENTO";"-1";"#NULO";"-1";"#NULO";-1;"#NULO";-1;"#NULO";-1;"#NULO";-1;"#NULO";"-1";"#NULO"
"15/08/2026";"19:30:51";2026;6259;250002539713;-3;"#NE";1;"BRASILEIRA NATA";-3;"CURITIBA";"45";"N";0;"NÃO INFORMADO";"3176572.53";"#NE";"S";"-1";"06017391920266260000";"-3";"#NE";"-3";"#NE";"NÃO";"#NULO";-1;"#NULO";"N";"N";-1;-1;"2026-08-07 12:15:27";8;"AGUARDANDO JULGAMENTO";"-1";"#NULO";"-1";"#NULO";-1;"#NULO";-1;"#NULO";-1;"#NULO";-1;"#NULO";"-1";"#NULO"
"15/08/2026";"19:30:51";2026;6259;250002539942;-3;"#NE";1;"BRASILEIRA NATA";-3;"SÃO PAULO";"44";"N";0;"NÃO INFORMADO";"1270629.01";"#NE";"S";"-1";"06015001520266260000";"-3";"#NE";"-3";"#NE";"NÃO";"#NULO";-1;"#NULO";"N";"N";-1;-1;"2026-08-06 15:55:28";8;"AGUARDANDO JULGAMENTO";"-1";"#NULO";"-1";"#NULO";-1;"#NULO";-1;"#NULO";-1;"#NULO";-1;"#NULO";"-1";"#NULO"
"15/08/2026";"19:30:51";2026;6259;250002539944;-3;"#NE";1;"BRASILEIRA NATA";-3;"SÃO PAULO";"57";"N";-1;"#NULO";"1270629.01";"#NE";"S";"-1";"06014863120266260000";"-3";"#NE";"-3";"#NE";"NÃO";"#NULO";-1;"#NULO";"N";"N";-1;-1;"2026-08-06 15:55:28";8;"AGUARDANDO JULGAMENTO";"-1";"#NULO";"-1";"#NULO";-1;"#NULO";-1;"#NULO";-1;"#NULO";-1;"#NULO";"-1";"#NULO"
"15/08/2026";"19:30:51";2026;6259;250002540587;-3;"#NE";1;"BRASILEIRA NATA";-3;"CAMPINAS";"48";"N";0;"NÃO INFORMADO";"1270629.01";"#NE";"S";"-1";"06016587020266260000";"-3";"#NE";"-3";"#NE";"NÃO";"#NULO";-1;"#NULO";"N";"N";-1;-1;"2026-08-07 12:07:18";8;"AGUARDANDO JULGAMENTO";"-1";"#NULO";"-1";"#NULO";-1;"#NULO";-1;"#NULO";-1;"#NULO";-1;"#NULO";"-1";"#NULO"
"15/08/2026";"19:30:51";2026;6259;250002540690;-3;"#NE";1;"BRASILEIRA NATA";-3;"IPUIÚNA";"51";"N";-1;"#NULO";"3176572.53";"#NE";"S";"-1";"06017781620266260000";"-3";"#NE";"-3";"#NE";"NÃO";"#NULO";-1;"#NULO";"N";"N";-1;-1;"2026-08-07 13:45:26";8;"AGUARDANDO JULGAMENTO";"-1";"#NULO";"-1";"#NULO";-1;"#NULO";-1;"#NULO";-1;"#NULO";-1;"#NULO";"-1";"#NULO"
"15/08/2026";"19:30:51";2026;6259;250002540692;-3;"#NE";1;"BRASILEIRA NATA";-3;"AMERICANA";"46";"N";-1;"#NULO";"3176572.53";"#NE";"S";"-1";"06017808320266260000";"-3";"#NE";"-3";"#NE";"NÃO";"#NULO";-1;"#NULO";"N";"N";-1;-1;"2026-08-07 13:45:26";8;"AGUARDANDO JULGAMENTO";"-1";"#NULO";"-1";"#NULO";-1;"#NULO";-1;"#NULO";-1;"#NULO";-1;"#NULO";"-1";"#NULO"
"15/08/2026";"19:30:51";2026;6259;250002540882;-3;"#NE";1;"BRASILEIRA NATA";-3;"SANTA RITA DO PASSA QUATRO";"37";"N";-1;"#NULO";"1270629.01";"#NE";"S";"-1";"06016664720266260000";"-3";"#NE";"-3";"#NE";"NÃO";"#NULO";-1;"#NULO";"N";"N";-1;-1;"2026-08-07 12:07:18";8;"AGUARDANDO JULGAMENTO";"-1";"#NULO";"-1";"#NULO";-1;"#NULO";-1;"#NULO";-1;"#NULO";-1;"#NULO";"-1";"#NULO"
"15/08/2026";"19:30:51";2026;6259;250002540885;-3;"#NE";1;"BRASILEIRA NATA";-3;"POÁ";"38";"N";0;"NÃO INFORMADO";"1270629.01";"#NE";"N";"-1";"06016205820266260000";"-3";"#NE";"-3";"#NE";"NÃO";"#NULO";-1;"#NULO";"N";"N";-1;-1;"2026-08-07 12:07:18";8;"AGUARDANDO JULGAMENTO";"-1";"#NULO";"-1";"#NULO";-1;"#NULO";-1;"#NULO";-1;"#NULO";-1;"#NULO";"-1";"#NULO"
"15/08/2026";"19:30:51";2026;6259;250002540905;-3;"#NE";1;"BRASILEIRA NATA";-3;"NITERÓI";"51";"N";-1;"#NULO";"1270629.01";"#NE";"S";"-1";"06016690220266260000";"-3";"#NE";"-3";"#NE";"NÃO";"#NULO";-1;"#NULO";"N";"N";-1;-1;"2026-08-07 12:07:18";8;"AGUARDANDO JULGAMENTO";"-1";"#NULO";"-1";"#NULO";-1;"#NULO";-1;"#NULO";-1;"#NULO";-1;"#NULO";"-1";"#NULO"
"15/08/2026";"19:30:51";2026;6259;250002540917;-3;"#NE";1;"BRASILEIRA NATA";-3;"SANTOS";"51";"N";0;"NÃO INFORMADO";"1270629.01";"#NE";"S";"-1";"06016379420266260000";"-3";"#NE";"-3";"#NE";"NÃO";"#NULO";-1;"#NULO";"N";"N";-1;-1;"2026-08-07 12:07:18";8;"AGUARDANDO JULGAMENTO";"-1";"#NULO";"-1";"#NULO";-1;"#NULO";-1;"#NULO";-1;"#NULO";-1;"#NULO";"-1";"#NULO"
"15/08/2026";"19:30:51";2026;6259;250002540920;-3;"#NE";1;"BRASILEIRA NATA";-3;"VARGEM BONITA";"73";"N";0;"NÃO INFORMADO";"1270629.01";"#NE";"S";"-1";"06016361220266260000";"-3";"#NE";"-3";"#NE";"NÃO";"#NULO";-1;"#NULO";"N";"N";-1;-1;"2026-08-07 12:07:18";8;"AGUARDANDO JULGAMENTO";"-1";"#NULO";"-1";"#NULO";-1;"#NULO";-1;"#NULO";-1;"#NULO";-1;"#NULO";"-1";"#NULO"
"15/08/2026";"19:30:51";2026;6259;250002541108;-3;"#NE";1;"BRASILEIRA NATA";-3;"SANTOS";"48";"N";0;"NÃO INFORMADO";"3176572.53";"#NE";"N";"-1";"06017461120266260000";"-3";"#NE";"-3";"#NE";"NÃO";"#NULO";-1;"#NULO";"N";"N";-1;-1;"2026-08-07 12:15:27";8;"AGUARDANDO JULGAMENTO";"-1";"#NULO";"-1";"#NULO";-1;"#NULO";-1;"#NULO";-1;"#NULO";-1;"#NULO";"-1";"#NULO"
"15/08/2026";"19:30:51";2026;6259;250002541106;-3;"#NE";1;"BRASILEIRA NATA";-3;"ILHA SOLTEIRA";"40";"N";0;"NÃO INFORMADO";"3176572.53";"#NE";"S";"-1";"06017479320266260000";"-3";"#NE";"-3";"#NE";"NÃO";"#NULO";-1;"#NULO";"N";"N";-1;-1;"2026-08-07 12:15:27";8;"AGUARDANDO JULGAMENTO";"-1";"#NULO";"-1";"#NULO";-1;"#NULO";-1;"#NULO";-1;"#NULO";-1;"#NULO";"-1";"#NULO"
"15/08/2026";"19:30:51";2026;6259;250002541113;-3;"#NE";1;"BRASILEIRA NATA";-3;"SÃO JOSÉ DOS CAMPOS";"47";"N";0;"NÃO INFORMADO";"3176572.53";"#NE";"S";"-1";"06017314220266260000";"-3";"#NE";"-3";"#NE";"NÃO";"#NULO";-1;"#NULO";"N";"N";-1;-1;"2026-08-07 12:15:27";8;"AGUARDANDO JULGAMENTO";"-1";"#NULO";"-1";"#NULO";-1;"#NULO";-1;"#NULO";-1;"#NULO";-1;"#NULO";"-1";"#NULO"
"15/08/2026";"19:30:51";2026;6259;250002541116;-3;"#NE";1;"BRASILEIRA NATA";-3;"RIO DE JANEIRO";"36";"N";0;"NÃO INFORMADO";"3176572.53";"#NE";"N";"-1";"06017591020266260000";"-3";"#NE";"-3";"#NE";"NÃO";"#NULO";-1;"#NULO";"N";"N";-1;-1;"2026-08-07 12:15:27";8;"AGUARDANDO JULGAMENTO";"-1";"#NULO";"-1";"#NULO";-1;"#NULO";-1;"#NULO";-1;"#NULO";-1;"#NULO";"-1";"#NULO"
"15/08/2026";"19:30:51";2026;6259;250002541121;-3;"#NE";1;"BRASILEIRA NATA";-3;"SÃO PAULO";"58";"N";-1;"#NULO";"3176572.53";"#NE";"S";"-1";"06017565520266260000";"-3";"#NE";"-3";"#NE";"NÃO";"#NULO";-1;"#NULO";"N";"N";-1;-1;"2026-08-07 12:15:27";8;"AGUARDANDO JULGAMENTO";"-1";"#NULO";"-1";"#NULO";-1;"#NULO";-1;"#NULO";-1;"#NULO";-1;"#NULO";"-1";"#NULO"
"15/08/2026";"19:30:51";2026;6259;250002541129;-3;"#NE";1;"BRASILEIRA NATA";-3;"SÃO PAULO";"54";"N";-1;"#NULO";"3176572.53";"#NE";"S";"-1";"06017262020266260000";"-3";"#NE";"-3";"#NE";"NÃO";"#NULO";-1;"#NULO";"N";"N";-1;-1;"2026-08-07 12:15:27";8;"AGUARDANDO JULGAMENTO";"-1";"#NULO";"-1";"#NULO";-1;"#NULO";-1;"#NULO";-1;"#NULO";-1;"#NULO";"-1";"#NULO"
"15/08/2026";"19:30:51";2026;6259;250002541132;-3;"#NE";1;"BRASILEIRA NATA";-3;"BELA VISTA DO PARAÍSO";"58";"N";0;"NÃO INFORMADO";"3176572.53";"#NE";"S";"-1";"06017383420266260000";"-3";"#NE";"-3";"#NE";"NÃO";"#NULO";-1;"#NULO";"N";"N";-1;-1;"2026-08-07 12:15:27";8;"AGUARDANDO JULGAMENTO";"-1";"#NULO";"-1";"#NULO";-1;"#NULO";-1;"#NULO";-1;"#NULO";-1;"#NULO";"-1";"#NULO"
"15/08/2026";"19:30:51";2026;6259;250002541136;-3;"#NE";1;"BRASILEIRA NATA";-3;"SÃO JOSÉ DOS CAMPOS";"67";"N";0;"NÃO INFORMADO";"3176572.53";"#NE";"S";"-1";"06017184320266260000";"-3";"#NE";"-3";"#NE";"NÃO";"#NULO";-1;"#NULO";"N";"N";-1;-1;"2026-08-07 12:15:27";8;"AGUARDANDO JULGAMENTO";"-1";"#NULO";"-1";"#NULO";-1;"#NULO";-1;"#NULO";-1;"#NULO";-1;"#NULO";"-1";"#NULO"
"15/08/2026";"19:30:51";2026;6259;250002541143;-3;"#NE";1;"BRASILEIRA NATA";-3;"SÃO JOSÉ DO RIO PRETO";"37";"N";-1;"#NULO";"3176572.53";"#NE";"S";"-1";"06017366420266260000";"-3";"#NE";"-3";"#NE";"NÃO";"#NULO";-1;"#NULO";"N";"N";-1;-1;"2026-08-07 12:15:27";8;"AGUARDANDO JULGAMENTO";"-1";"#NULO";"-1";"#NULO";-1;"#NULO";-1;"#NULO";-1;"#NULO";-1;"#NULO";"-1";"#NULO"
"15/08/2026";"19:30:51";2026;6259;250002541149;-3;"#NE";1;"BRASILEIRA NATA";-3;"BRAGANÇA PAULISTA";"44";"N";0;"NÃO INFORMADO";"3176572.53";"#NE";"S";"-1";"06017504820266260000";"-3";"#NE";"-3";"#NE";"NÃO";"#NULO";-1;"#NULO";"N";"N";-1;-1;"2026-08-07 12:15:27";8;"AGUARDANDO JULGAMENTO";"-1";"#NULO";"-1";"#NULO";-1;"#NULO";-1;"#NULO";-1;"#NULO";-1;"#NULO";"-1";"#NULO"
"15/08/2026";"19:30:51";2026;6259;250002541153;-3;"#NE";1;"BRASILEIRA NATA";-3;"GUAPORÉ";"51";"N";-1;"#NULO";"3176572.53";"#NE";"S";"-1";"06017349420266260000";"-3";"#NE";"-3";"#NE";"NÃO";"#NULO";-1;"#NULO";"N";"N";-1;-1;"2026-08-07 12:15:27";8;"AGUARDANDO JULGAMENTO";"-1";"#NULO";"-1";"#NULO";-1;"#NULO";-1;"#NULO";-1;"#NULO";-1;"#NULO";"-1";"#NULO"
"15/08/2026";"19:30:51";2026;6259;250002541152;-3;"#NE";1;"BRASILEIRA NATA";-3;"SÃO PAULO";"65";"N";0;"NÃO INFORMADO";"3176572.53";"#NE";"S";"-1";"06017530320266260000";"-3";"#NE";"-3";"#NE";"NÃO";"#NULO";-1;"#NULO";"N";"N";-1;-1;"2026-08-07 12:15:27";8;"AGUARDANDO JULGAMENTO";"-1";"#NULO";"-1";"#NULO";-1;"#NULO";-1;"#NULO";-1;"#NULO";-1;"#NULO";"-1";"#NULO"
"15/08/2026";"19:30:51";2026;6259;250002541154;-3;"#NE";1;"BRASILEIRA NATA";-3;"PORTO ALEGRE";"35";"N";-1;"#NULO";"3176572.53";"#NE";"N";"-1";"06017609220266260000";"-3";"#NE";"-3";"#NE";"NÃO";"#NULO";-1;"#NULO";"N";"N";-1;-1;"2026-08-07 12:15:27";8;"AGUARDANDO JULGAMENTO";"-1";"#NULO";"-1";"#NULO";-1;"#NULO";-1;"#NULO";-1;"#NULO";-1;"#NULO";"-1";"#NULO"
"15/08/2026";"19:30:51";2026;6259;250002541155;-3;"#NE";1;"BRASILEIRA NATA";-3;"SANTO ÂNGELO";"29";"N";-1;"#NULO";"3176572.53";"#NE";"N";"-1";"06017548520266260000";"-3";"#NE";"-3";"#NE";"NÃO";"#NULO";-1;"#NULO";"N";"N";-1;-1;"2026-08-07 12:15:27";8;"AGUARDANDO JULGAMENTO";"-1";"#NULO";"-1";"#NULO";-1;"#NULO";-1;"#NULO";-1;"#NULO";-1;"#NULO";"-1";"#NULO"
"15/08/2026";"19:30:51";2026;6259;250002541165;-3;"#NE";1;"BRASILEIRA NATA";-3;"LIMEIRA";"61";"N";-1;"#NULO";"1270629.01";"#NE";"S";"-1";"06017712420266260000";"-3";"#NE";"-3";"#NE";"NÃO";"#NULO";-1;"#NULO";"N";"N";-1;-1;"2026-08-07 13:05:46";8;"AGUARDANDO JULGAMENTO";"-1";"#NULO";"-1";"#NULO";-1;"#NULO";-1;"#NULO";-1;"#NULO";-1;"#NULO";"-1";"#NULO"
"15/08/2026";"19:30:51";2026;6259;250002541303;-3;"#NE";1;"BRASILEIRA NATA";-3;"RIO DE JANEIRO";"51";"N";-1;"#NULO";"26683209.24";"#NE";"S";"-1";"06018656920266260000";"-3";"#NE";"-3";"#NE";"NÃO";"#NULO";-1;"#NULO";"N";"N";-1;-1;"2026-08-07 17:42:13";8;"AGUARDANDO JULGAMENTO";"-1";"#NULO";"-1";"#NULO";-1;"#NULO";-1;"#NULO";-1;"#NULO";-1;"#NULO";"-1";"#NULO"
"15/08/2026";"19:30:51";2026;6259;250002541309;-3;"#NE";1;"BRASILEIRA NATA";-3;"LINDÓIA";"60";"N";-1;"#NULO";"-1";"#NE";"S";"-1";"06018709120266260000";"-3";"#NE";"-3";"#NE";"NÃO";"#NULO";-1;"#NULO";"N";"N";-1;-1;"2026-08-07 18:01:41";8;"AGUARDANDO JULGAMENTO";"-1";"#NULO";"-1";"#NULO";-1;"#NULO";-1;"#NULO";-1;"#NULO";-1;"#NULO";"-1";"#NULO"
"15/08/2026";"19:30:51";2026;6259;250002541873;-3;"#NE";1;"BRASILEIRA NATA";-3;"SANTO ANDRÉ";"62";"N";0;"NÃO INFORMADO";"1270629.01";"#NE";"S";"-1";"06018414120266260000";"-3";"#NE";"-3";"#NE";"NÃO";"#NULO";-1;"#NULO";"N";"N";-1;-1;"2026-08-07 16:31:02";8;"AGUARDANDO JULGAMENTO";"-1";"#NULO";"-1";"#NULO";-1;"#NULO";-1;"#NULO";-1;"#NULO";-1;"#NULO";"-1";"#NULO"
"15/08/2026";"19:30:51";2026;6259;250002541871;-3;"#NE";1;"BRASILEIRA NATA";-3;"RIBEIRÃO PRETO";"61";"N";0;"NÃO INFORMADO";"1270629.01";"#NE";"S";"-1";"06018024420266260000";"-3";"#NE";"-3";"#NE";"NÃO";"#NULO";-1;"#NULO";"N";"N";-1;-1;"2026-08-07 16:31:02";8;"AGUARDANDO JULGAMENTO";"-1";"#NULO";"-1";"#NULO";-1;"#NULO";-1;"#NULO";-1;"#NULO";-1;"#NULO";"-1";"#NULO"
"15/08/2026";"19:30:51";2026;6259;250002541889;-3;"#NE";1;"BRASILEIRA NATA";-3;"SANTOS";"44";"N";-1;"#NULO";"1270629.01";"#NE";"S";"-1";"06018500320266260000";"-3";"#NE";"-3";"#NE";"NÃO";"#NULO";-1;"#NULO";"N";"N";-1;-1;"2026-08-07 16:31:02";8;"AGUARDANDO JULGAMENTO";"-1";"#NULO";"-1";"#NULO";-1;"#NULO";-1;"#NULO";-1;"#NULO";-1;"#NULO";"-1";"#NULO"
"15/08/2026";"19:30:51";2026;6259;250002541907;-3;"#NE";1;"BRASILEIRA NATA";-3;"SÃO PAULO";"24";"N";-1;"#NULO";"1270629.01";"#NE";"S";"-1";"06018327920266260000";"-3";"#NE";"-3";"#NE";"NÃO";"#NULO";-1;"#NULO";"N";"N";-1;-1;"2026-08-07 16:31:02";8;"AGUARDANDO JULGAMENTO";"-1";"#NULO";"-1";"#NULO";-1;"#NULO";-1;"#NULO";-1;"#NULO";-1;"#NULO";"-1";"#NULO"
"15/08/2026";"19:30:51";2026;6259;250002544287;-3;"#NE";1;"BRASILEIRA NATA";-3;"SANTO ANDRÉ";"44";"N";-1;"#NULO";"3176572.53";"#NE";"S";"-1";"06018812320266260000";"-3";"#NE";"-3";"#NE";"NÃO";"#NULO";-1;"#NULO";"N";"N";-1;-1;"2026-08-10 12:27:10";8;"AGUARDANDO JULGAMENTO";"-1";"#NULO";"-1";"#NULO";-1;"#NULO";-1;"#NULO";-1;"#NULO";-1;"#NULO";"-1";"#NULO"
"15/08/2026";"19:30:51";2026;6259;250002544323;-3;"#NE";1;"BRASILEIRA NATA";-3;"PRESIDENTE VENCESLAU";"51";"N";-1;"#NULO";"3176572.53";"#NE";"N";"-1";"06019011420266260000";"-3";"#NE";"-3";"#NE";"NÃO";"#NULO";-1;"#NULO";"N";"N";-1;-1;"2026-08-10 12:49:56";8;"AGUARDANDO JULGAMENTO";"-1";"#NULO";"-1";"#NULO";-1;"#NULO";-1;"#NULO";-1;"#NULO";-1;"#NULO";"-1";"#NULO"
"15/08/2026";"19:30:51";2026;6259;250002544327;-3;"#NE";1;"BRASILEIRA NATA";-3;"OSASCO";"51";"N";0;"NÃO INFORMADO";"3176572.53";"#NE";"S";"-1";"06019314920266260000";"-3";"#NE";"-3";"#NE";"NÃO";"#NULO";-1;"#NULO";"N";"N";-1;-1;"2026-08-10 12:49:56";8;"AGUARDANDO JULGAMENTO";"-1";"#NULO";"-1";"#NULO";-1;"#NULO";-1;"#NULO";-1;"#NULO";-1;"#NULO";"-1";"#NULO"
"15/08/2026";"19:30:51";2026;6259;250002544336;-3;"#NE";1;"BRASILEIRA NATA";-3;"SÃO PAULO";"60";"N";-1;"#NULO";"3176572.53";"#NE";"S";"-1";"06019202020266260000";"-3";"#NE";"-3";"#NE";"NÃO";"#NULO";-1;"#NULO";"N";"N";-1;-1;"2026-08-10 12:49:56";8;"AGUARDANDO JULGAMENTO";"-1";"#NULO";"-1";"#NULO";-1;"#NULO";-1;"#NULO";-1;"#NULO";-1;"#NULO";"-1";"#NULO"
"15/08/2026";"19:30:51";2026;6259;250002544337;-3;"#NE";1;"BRASILEIRA NATA";-3;"SÃO PAULO";"47";"N";0;"NÃO INFORMADO";"3176572.53";"#NE";"S";"-1";"06019046620266260000";"-3";"#NE";"-3";"#NE";"NÃO";"#NULO";-1;"#NULO";"N";"N";-1;-1;"2026-08-10 12:49:56";8;"AGUARDANDO JULGAMENTO";"-1";"#NULO";"-1";"#NULO";-1;"#NULO";-1;"#NULO";-1;"#NULO";-1;"#NULO";"-1";"#NULO"
"15/08/2026";"19:30:51";2026;6259;250002544349;-3;"#NE";1;"BRASILEIRA NATA";-3;"MAUÁ";"46";"N";-1;"#NULO";"3176572.53";"#NE";"S";"-1";"06019367120266260000";"-3";"#NE";"-3";"#NE";"NÃO";"#NULO";-1;"#NULO";"N";"N";-1;-1;"2026-08-10 12:49:56";8;"AGUARDANDO JULGAMENTO";"-1";"#NULO";"-1";"#NULO";-1;"#NULO";-1;"#NULO";-1;"#NULO";-1;"#NULO";"-1";"#NULO"
"15/08/2026";"19:30:51";2026;6259;250002544362;-3;"#NE";1;"BRASILEIRA NATA";-3;"GUARULHOS";"31";"N";0;"NÃO INFORMADO";"3176572.53";"#NE";"S";"-1";"06019185020266260000";"-3";"#NE";"-3";"#NE";"NÃO";"#NULO";-1;"#NULO";"N";"N";-1;-1;"2026-08-10 12:49:56";8;"AGUARDANDO JULGAMENTO";"-1";"#NULO";"-1";"#NULO";-1;"#NULO";-1;"#NULO";-1;"#NULO";-1;"#NULO";"-1";"#NULO"
"15/08/2026";"19:30:51";2026;6259;250002544367;-3;"#NE";1;"BRASILEIRA NATA";-3;"BARBOSA";"71";"N";-1;"#NULO";"3176572.53";"#NE";"S";"-1";"06018968920266260000";"-3";"#NE";"-3";"#NE";"NÃO";"#NULO";-1;"#NULO";"N";"N";-1;-1;"2026-08-10 12:49:56";8;"AGUARDANDO JULGAMENTO";"-1";"#NULO";"-1";"#NULO";-1;"#NULO";-1;"#NULO";-1;"#NULO";-1;"#NULO";"-1";"#NULO"
"15/08/2026";"19:30:51";2026;6259;250002544365;-3;"#NE";1;"BRASILEIRA NATA";-3;"CACONDE";"39";"N";-1;"#NULO";"3176572.53";"#NE";"S";"-1";"06019115820266260000";"-3";"#NE";"-3";"#NE";"NÃO";"#NULO";-1;"#NULO";"N";"N";-1;-1;"2026-08-10 12:49:56";8;"AGUARDANDO JULGAMENTO";"-1";"#NULO";"-1";"#NULO";-1;"#NULO";-1;"#NULO";-1;"#NULO";-1;"#NULO";"-1";"#NULO"
"15/08/2026";"19:30:51";2026;6259;250002544518;-3;"#NE";1;"BRASILEIRA NATA";-3;"SÃO PAULO";"37";"N";-1;"#NULO";"-1";"#NE";"N";"-1";"06020475520266260000";"-3";"#NE";"-3";"#NE";"NÃO";"#NULO";-1;"#NULO";"N";"N";-1;-1;"2026-08-10 14:22:30";8;"AGUARDANDO JULGAMENTO";"-1";"#NULO";"-1";"#NULO";-1;"#NULO";-1;"#NULO";-1;"#NULO";-1;"#NULO";"-1";"#NULO"
"15/08/2026";"19:30:51";2026;6259;250002544673;-3;"#NE";1;"BRASILEIRA NATA";-3;"CAMPOS ALTOS";"68";"N";0;"NÃO INFORMADO";"7115522.46";"#NE";"S";"-1";"06020362620266260000";"-3";"#NE";"-3";"#NE";"NÃO";"#NULO";-1;"#NULO";"N";"N";-1;-1;"2026-08-10 13:56:38";8;"AGUARDANDO JULGAMENTO";"-1";"#NULO";"-1";"#NULO";-1;"#NULO";-1;"#NULO";-1;"#NULO";-1;"#NULO";"-1";"#NULO"
"15/08/2026";"19:30:51";2026;6259;250002544837;-3;"#NE";1;"BRASILEIRA NATA";-3;"FLORIANO";"37";"N";-1;"#NULO";"3176572.53";"#NE";"S";"-1";"06019038120266260000";"-3";"#NE";"-3";"#NE";"NÃO";"#NULO";-1;"#NULO";"N";"N";-1;-1;"2026-08-10 12:49:56";8;"AGUARDANDO JULGAMENTO";"-1";"#NULO";"-1";"#NULO";-1;"#NULO";-1;"#NULO";-1;"#NULO";-1;"#NULO";"-1";"#NULO"
"15/08/2026";"19:30:51";2026;6259;250002544992;-3;"#NE";1;"BRASILEIRA NATA";-3;"SÃO PAULO";"48";"N";-1;"#NULO";"1270629.01";"#NE";"S";"-1";"06020622420266260000";"-3";"#NE";"-3";"#NE";"NÃO";"#NULO";-1;"#NULO";"N";"N";-1;-1;"2026-08-10 16:16:08";8;"AGUARDANDO JULGAMENTO";"-1";"#NULO";"-1";"#NULO";-1;"#NULO";-1;"#NULO";-1;"#NULO";-1;"#NULO";"-1";"#NULO"
"15/08/2026";"19:30:51";2026;6259;250002544993;-3;"#NE";1;"BRASILEIRA NATA";-3;"SÃO PAULO";"39";"N";-1;"#NULO";"1270629.01";"#NE";"S";"-1";"06020596920266260000";"-3";"#NE";"-3";"#NE";"NÃO";"#NULO";-1;"#NULO";"N";"N";-1;-1;"2026-08-10 16:16:08";8;"AGUARDANDO JULGAMENTO";"-1";"#NULO";"-1";"#NULO";-1;"#NULO";-1;"#NULO";-1;"#NULO";-1;"#NULO";"-1";"#NULO"
"15/08/2026";"19:30:51";2026;6259;250002545000;-3;"#NE";1;"BRASILEIRA NATA";-3;"SÃO PAULO";"46";"N";-1;"#NULO";"1270629.01";"#NE";"S";"-1";"06020630920266260000";"-3";"#NE";"-3";"#NE";"NÃO";"#NULO";-1;"#NULO";"N";"N";-1;-1;"2026-08-10 16:16:08";8;"AGUARDANDO JULGAMENTO";"-1";"#NULO";"-1";"#NULO";-1;"#NULO";-1;"#NULO";-1;"#NULO";-1;"#NULO";"-1";"#NULO"
"15/08/2026";"19:30:51";2026;6259;250002545001;-3;"#NE";1;"BRASILEIRA NATA";-3;"SANTOS";"43";"N";-1;"#NULO";"1270629.01";"#NE";"N";"-1";"06020613920266260000";"-3";"#NE";"-3";"#NE";"NÃO";"#NULO";-1;"#NULO";"N";"N";-1;-1;"2026-08-10 16:16:08";8;"AGUARDANDO JULGAMENTO";"-1";"#NULO";"-1";"#NULO";-1;"#NULO";-1;"#NULO";-1;"#NULO";-1;"#NULO";"-1";"#NULO"
"15/08/2026";"19:30:51";2026;6259;250002545021;-3;"#NE";1;"BRASILEIRA NATA";-3;"SÃO JOSÉ DOS CAMPOS";"28";"N";-1;"#NULO";"1270629.01";"#NE";"S";"-1";"06020839720266260000";"-3";"#NE";"-3";"#NE";"NÃO";"#NULO";-1;"#NULO";"N";"N";-1;-1;"2026-08-10 16:16:08";8;"AGUARDANDO JULGAMENTO";"-1";"#NULO";"-1";"#NULO";-1;"#NULO";-1;"#NULO";-1;"#NULO";-1;"#NULO";"-1";"#NULO"
"15/08/2026";"19:30:51";2026;6259;250002545034;-3;"#NE";1;"BRASILEIRA NATA";-3;"JUNDIAÍ";"39";"N";-1;"#NULO";"1270629.01";"#NE";"S";"-1";"06020536220266260000";"-3";"#NE";"-3";"#NE";"NÃO";"#NULO";-1;"#NULO";"N";"N";-1;-1;"2026-08-10 16:16:08";8;"AGUARDANDO JULGAMENTO";"-1";"#NULO";"-1";"#NULO";-1;"#NULO";-1;"#NULO";-1;"#NULO";-1;"#NULO";"-1";"#NULO"
"15/08/2026";"19:30:51";2026;6259;250002545042;-3;"#NE";1;"BRASILEIRA NATA";-3;"SANTOS";"42";"N";-1;"#NULO";"1270629.01";"#NE";"S";"-1";"06020760820266260000";"-3";"#NE";"-3";"#NE";"NÃO";"#NULO";-1;"#NULO";"N";"N";-1;-1;"2026-08-10 16:16:08";8;"AGUARDANDO JULGAMENTO";"-1";"#NULO";"-1";"#NULO";-1;"#NULO";-1;"#NULO";-1;"#NULO";-1;"#NULO";"-1";"#NULO"
"15/08/2026";"19:30:51";2026;6259;250002545046;-3;"#NE";1;"BRASILEIRA NATA";-3;"CUBATÃO";"34";"N";-1;"#NULO";"1270629.01";"#NE";"S";"-1";"06020848220266260000";"-3";"#NE";"-3";"#NE";"NÃO";"#NULO";-1;"#NULO";"N";"N";-1;-1;"2026-08-10 16:16:08";8;"AGUARDANDO JULGAMENTO";"-1";"#NULO";"-1";"#NULO";-1;"#NULO";-1;"#NULO";-1;"#NULO";-1;"#NULO";"-1";"#NULO"
"15/08/2026";"19:30:51";2026;6259;250002545049;-3;"#NE";1;"BRASILEIRA NATA";-3;"MAUÁ";"32";"N";-1;"#NULO";"1270629.01";"#NE";"N";"-1";"06020796020266260000";"-3";"#NE";"-3";"#NE";"NÃO";"#NULO";-1;"#NULO";"N";"N";-1;-1;"2026-08-10 16:16:08";8;"AGUARDANDO JULGAMENTO";"-1";"#NULO";"-1";"#NULO";-1;"#NULO";-1;"#NULO";-1;"#NULO";-1;"#NULO";"-1";"#NULO"
"15/08/2026";"19:30:51";2026;6259;250002545051;-3;"#NE";1;"BRASILEIRA NATA";-3;"SÃO PAULO";"41";"N";-1;"#NULO";"1270629.01";"#NE";"N";"-1";"06020856720266260000";"-3";"#NE";"-3";"#NE";"NÃO";"#NULO";-1;"#NULO";"N";"N";-1;-1;"2026-08-10 16:16:08";8;"AGUARDANDO JULGAMENTO";"-1";"#NULO";"-1";"#NULO";-1;"#NULO";-1;"#NULO";-1;"#NULO";-1;"#NULO";"-1";"#NULO"
"15/08/2026";"19:30:51";2026;6259;250002545055;-3;"#NE";1;"BRASILEIRA NATA";-3;"PIMENTEIRAS";"41";"N";0;"NÃO INFORMADO";"1270629.01";"#NE";"N";"-1";"06020519220266260000";"-3";"#NE";"-3";"#NE";"NÃO";"#NULO";-1;"#NULO";"N";"N";-1;-1;"2026-08-10 16:16:08";8;"AGUARDANDO JULGAMENTO";"-1";"#NULO";"-1";"#NULO";-1;"#NULO";-1;"#NULO";-1;"#NULO";-1;"#NULO";"-1";"#NULO"
"15/08/2026";"19:30:51";2026;6259;250002545139;-3;"#NE";1;"BRASILEIRA NATA";-3;"SENADOR POMPEU";"56";"N";-1;"#NULO";"1270629.01";"#NE";"S";"-1";"06019522520266260000";"-3";"#NE";"-3";"#NE";"NÃO";"#NULO";-1;"#NULO";"N";"N";-1;-1;"2026-08-10 13:29:39";8;"AGUARDANDO JULGAMENTO";"-1";"#NULO";"-1";"#NULO";-1;"#NULO";-1;"#NULO";-1;"#NULO";-1;"#NULO";"-1";"#NULO"
"15/08/2026";"19:30:51";2026;6259;250002545148;-3;"#NE";1;"BRASILEIRA NATA";-3;"LORENA";"46";"N";-1;"#NULO";"1270629.01";"#NE";"S";"-1";"06020111320266260000";"-3";"#NE";"-3";"#NE";"NÃO";"#NULO";-1;"#NULO";"N";"N";-1;-1;"2026-08-10 13:29:39";8;"AGUARDANDO JULGAMENTO";"-1";"#NULO";"-1";"#NULO";-1;"#NULO";-1;"#NULO";-1;"#NULO";-1;"#NULO";"-1";"#NULO"
"15/08/2026";"19:30:51";2026;6259;250002545157;-3;"#NE";1;"BRASILEIRA NATA";-3;"POLONI";"46";"N";0;"NÃO INFORMADO";"1270629.01";"#NE";"S";"-1";"06019591720266260000";"-3";"#NE";"-3";"#NE";"NÃO";"#NULO";-1;"#NULO";"N";"N";-1;-1;"2026-08-10 13:29:39";8;"AGUARDANDO JULGAMENTO";"-1";"#NULO";"-1";"#NULO";-1;"#NULO";-1;"#NULO";-1;"#NULO";-1;"#NULO";"-1";"#NULO"
"15/08/2026";"19:30:51";2026;6259;250002545161;-3;"#NE";1;"BRASILEIRA NATA";-3;"SÃO SEBASTIÃO DA AMOREIRA";"61";"N";0;"NÃO INFORMADO";"1270629.01";"#NE";"S";"-1";"06020232720266260000";"-3";"#NE";"-3";"#NE";"NÃO";"#NULO";-1;"#NULO";"N";"N";-1;-1;"2026-08-10 13:29:39";8;"AGUARDANDO JULGAMENTO";"-1";"#NULO";"-1";"#NULO";-1;"#NULO";-1;"#NULO";-1;"#NULO";-1;"#NULO";"-1";"#NULO"
"15/08/2026";"19:30:51";2026;6259;250002545184;-3;"#NE";1;"BRASILEIRA NATA";-3;"SANTO ANDRÉ";"59";"N";-1;"#NULO";"1270629.01";"#NE";"S";"-1";"06020180520266260000";"-3";"#NE";"-3";"#NE";"NÃO";"#NULO";-1;"#NULO";"N";"N";-1;-1;"2026-08-10 13:29:39";8;"AGUARDANDO JULGAMENTO";"-1";"#NULO";"-1";"#NULO";-1;"#NULO";-1;"#NULO";-1;"#NULO";-1;"#NULO";"-1";"#NULO"
"15/08/2026";"19:30:51";2026;6259;250002545186;-3;"#NE";1;"BRASILEIRA NATA";-3;"SANTOS";"50";"N";-1;"#NULO";"1270629.01";"#NE";"S";"-1";"06019748320266260000";"-3";"#NE";"-3";"#NE";"NÃO";"#NULO";-1;"#NULO";"N";"N";-1;-1;"2026-08-10 13:29:39";8;"AGUARDANDO JULGAMENTO";"-1";"#NULO";"-1";"#NULO";-1;"#NULO";-1;"#NULO";-1;"#NULO";-1;"#NULO";"-1";"#NULO"
"15/08/2026";"19:30:51";2026;6259;250002545196;-3;"#NE";1;"BRASILEIRA NATA";-3;"SÃO PAULO";"65";"N";-1;"#NULO";"1270629.01";"#NE";"S";"-1";"06020172020266260000";"-3";"#NE";"-3";"#NE";"NÃO";"#NULO";-1;"#NULO";"N";"N";-1;-1;"2026-08-10 13:29:39";8;"AGUARDANDO JULGAMENTO";"-1";"#NULO";"-1";"#NULO";-1;"#NULO";-1;"#NULO";-1;"#NULO";-1;"#NULO";"-1";"#NULO"
"15/08/2026";"19:30:51";2026;6259;250002545199;-3;"#NE";1;"BRASILEIRA NATA";-3;"SÃO PAULO";"50";"N";-1;"#NULO";"1270629.01";"#NE";"N";"-1";"06020042120266260000";"-3";"#NE";"-3";"#NE";"NÃO";"#NULO";-1;"#NULO";"N";"N";-1;-1;"2026-08-10 13:29:39";8;"AGUARDANDO JULGAMENTO";"-1";"#NULO";"-1";"#NULO";-1;"#NULO";-1;"#NULO";-1;"#NULO";-1;"#NULO";"-1";"#NULO"
"15/08/2026";"19:30:51";2026;6259;250002545204;-3;"#NE";1;"BRASILEIRA NATA";-3;"SÃO PAULO";"35";"N";-1;"#NULO";"1270629.01";"#NE";"S";"-1";"06020267920266260000";"-3";"#NE";"-3";"#NE";"NÃO";"#NULO";-1;"#NULO";"N";"N";-1;-1;"2026-08-10 13:29:39";8;"AGUARDANDO JULGAMENTO";"-1";"#NULO";"-1";"#NULO";-1;"#NULO";-1;"#NULO";-1;"#NULO";-1;"#NULO";"-1";"#NULO"
"15/08/2026";"19:30:51";2026;6259;250002545207;-3;"#NE";1;"BRASILEIRA NATA";-3;"SÃO PAULO";"45";"N";-1;"#NULO";"1270629.01";"#NE";"S";"-1";"06020016620266260000";"-3";"#NE";"-3";"#NE";"NÃO";"#NULO";-1;"#NULO";"N";"N";-1;-1;"2026-08-10 13:29:39";8;"AGUARDANDO JULGAMENTO";"-1";"#NULO";"-1";"#NULO";-1;"#NULO";-1;"#NULO";-1;"#NULO";-1;"#NULO";"-1";"#NULO"
"15/08/2026";"19:30:51";2026;6259;250002545213;-3;"#NE";1;"BRASILEIRA NATA";-3;"SÃO PAULO";"52";"N";-1;"#NULO";"1270629.01";"#NE";"S";"-1";"06019947420266260000";"-3";"#NE";"-3";"#NE";"NÃO";"#NULO";-1;"#NULO";"N";"N";-1;-1;"2026-08-10 13:29:39";8;"AGUARDANDO JULGAMENTO";"-1";"#NULO";"-1";"#NULO";-1;"#NULO";-1;"#NULO";-1;"#NULO";-1;"#NULO";"-1";"#NULO"
"15/08/2026";"19:30:51";2026;6259;250002545214;-3;"#NE";1;"BRASILEIRA NATA";-3;"SÃO PAULO";"78";"N";-1;"#NULO";"1270629.01";"#NE";"S";"-1";"06019531020266260000";"-3";"#NE";"-3";"#NE";"NÃO";"#NULO";-1;"#NULO";"N";"N";-1;-1;"2026-08-10 13:29:39";8;"AGUARDANDO JULGAMENTO";"-1";"#NULO";"-1";"#NULO";-1;"#NULO";-1;"#NULO";-1;"#NULO";-1;"#NULO";"-1";"#NULO"
"15/08/2026";"19:30:51";2026;6259;250002545217;-3;"#NE";1;"BRASILEIRA NATA";-3;"SÃO PAULO";"69";"N";-1;"#NULO";"1270629.01";"#NE";"S";"-1";"06019600220266260000";"-3";"#NE";"-3";"#NE";"NÃO";"#NULO";-1;"#NULO";"N";"N";-1;-1;"2026-08-10 13:29:39";8;"AGUARDANDO JULGAMENTO";"-1";"#NULO";"-1";"#NULO";-1;"#NULO";-1;"#NULO";-1;"#NULO";-1;"#NULO";"-1";"#NULO"
"15/08/2026";"19:30:51";2026;6259;250002546614;-3;"#NE";1;"BRASILEIRA NATA";-3;"RIBEIRÃO PIRES";"34";"N";-1;"#NULO";"3176572.53";"#NE";"N";"-1";"06021315620266260000";"-3";"#NE";"-3";"#NE";"NÃO";"#NULO";-1;"#NULO";"N";"N";-1;-1;"2026-08-10 16:50:13";8;"AGUARDANDO JULGAMENTO";"-1";"#NULO";"-1";"#NULO";-1;"#NULO";-1;"#NULO";-1;"#NULO";-1;"#NULO";"-1";"#NULO"
"15/08/2026";"19:30:51";2026;6259;250002546612;-3;"#NE";1;"BRASILEIRA NATA";-3;"SÃO PAULO";"41";"N";-1;"#NULO";"3176572.53";"#NE";"S";"-1";"06021194220266260000";"-3";"#NE";"-3";"#NE";"NÃO";"#NULO";-1;"#NULO";"N";"N";-1;-1;"2026-08-10 16:50:13";8;"AGUARDANDO JULGAMENTO";"-1";"#NULO";"-1";"#NULO";-1;"#NULO";-1;"#NULO";-1;"#NULO";-1;"#NULO";"-1";"#NULO"
"15/08/2026";"19:30:51";2026;6259;250002546630;-3;"#NE";1;"BRASILEIRA NATA";-3;"SÃO PAULO";"54";"N";-1;"#NULO";"3176572.53";"#NE";"N";"-1";"06021462520266260000";"-3";"#NE";"-3";"#NE";"NÃO";"#NULO";-1;"#NULO";"N";"N";-1;-1;"2026-08-10 16:50:13";8;"AGUARDANDO JULGAMENTO";"-1";"#NULO";"-1";"#NULO";-1;"#NULO";-1;"#NULO";-1;"#NULO";-1;"#NULO";"-1";"#NULO"
"15/08/2026";"19:30:51";2026;6259;250002546636;-3;"#NE";1;"BRASILEIRA NATA";-3;"SÃO PAULO";"30";"N";-1;"#NULO";"3176572.53";"#NE";"N";"-1";"06021558420266260000";"-3";"#NE";"-3";"#NE";"NÃO";"#NULO";-1;"#NULO";"N";"N";-1;-1;"2026-08-10 16:50:13";8;"AGUARDANDO JULGAMENTO";"-1";"#NULO";"-1";"#NULO";-1;"#NULO";-1;"#NULO";-1;"#NULO";-1;"#NULO";"-1";"#NULO"
"15/08/2026";"19:30:51";2026;6259;250002546639;-3;"#NE";1;"BRASILEIRA NATA";-3;"GUARULHOS";"35";"N";-1;"#NULO";"3176572.53";"#NE";"N";"-1";"06021437020266260000";"-3";"#NE";"-3";"#NE";"NÃO";"#NULO";-1;"#NULO";"N";"N";-1;-1;"2026-08-10 16:50:13";8;"AGUARDANDO JULGAMENTO";"-1";"#NULO";"-1";"#NULO";-1;"#NULO";-1;"#NULO";-1;"#NULO";-1;"#NULO";"-1";"#NULO"
"15/08/2026";"19:30:51";2026;6259;250002546642;-3;"#NE";1;"BRASILEIRA NATA";-3;"SALTO";"31";"N";0;"NÃO INFORMADO";"3176572.53";"#NE";"S";"-1";"06021575420266260000";"-3";"#NE";"-3";"#NE";"NÃO";"#NULO";-1;"#NULO";"N";"N";-1;-1;"2026-08-10 16:50:13";8;"AGUARDANDO JULGAMENTO";"-1";"#NULO";"-1";"#NULO";-1;"#NULO";-1;"#NULO";-1;"#NULO";-1;"#NULO";"-1";"#NULO"
"15/08/2026";"19:30:51";2026;6259;250002546650;-3;"#NE";1;"BRASILEIRA NATA";-3;"SÃO PAULO";"32";"N";-1;"#NULO";"3176572.53";"#NE";"N";"-1";"06021471020266260000";"-3";"#NE";"-3";"#NE";"NÃO";"#NULO";-1;"#NULO";"N";"N";-1;-1;"2026-08-10 16:50:13";8;"AGUARDANDO JULGAMENTO";"-1";"#NULO";"-1";"#NULO";-1;"#NULO";-1;"#NULO";-1;"#NULO";-1;"#NULO";"-1";"#NULO"
"15/08/2026";"19:30:51";2026;6259;250002546649;-3;"#NE";1;"BRASILEIRA NATA";-3;"SÃO PAULO";"33";"N";-1;"#NULO";"3176572.53";"#NE";"N";"-1";"06021497720266260000";"-3";"#NE";"-3";"#NE";"NÃO";"#NULO";-1;"#NULO";"N";"N";-1;-1;"2026-08-10 16:50:13";8;"AGUARDANDO JULGAMENTO";"-1";"#NULO";"-1";"#NULO";-1;"#NULO";-1;"#NULO";-1;"#NULO";-1;"#NULO";"-1";"#NULO"
"15/08/2026";"19:30:51";2026;6259;250002547455;-3;"#NE";1;"BRASILEIRA NATA";-3;"BRASÍLIA";"51";"N";-1;"#NULO";"1270629.01";"#NE";"N";"-1";"06022147220266260000";"-3";"#NE";"-3";"#NE";"NÃO";"#NULO";-1;"#NULO";"N";"N";-1;-1;"2026-08-11 13:13:22";8;"AGUARDANDO JULGAMENTO";"-1";"#NULO";"-1";"#NULO";-1;"#NULO";-1;"#NULO";-1;"#NULO";-1;"#NULO";"-1";"#NULO"
"15/08/2026";"19:30:51";2026;6259;250002547833;-3;"#NE";1;"BRASILEIRA NATA";-3;"SÃO BERNARDO DO CAMPO";"31";"N";-1;"#NULO";"3176572.53";"#NE";"S";"-1";"06023039520266260000";"-3";"#NE";"-3";"#NE";"NÃO";"#NULO";-1;"#NULO";"N";"N";-1;-1;"2026-08-11 15:22:38";8;"AGUARDANDO JULGAMENTO";"-1";"#NULO";"-1";"#NULO";-1;"#NULO";-1;"#NULO";-1;"#NULO";-1;"#NULO";"-1";"#NULO"
"15/08/2026";"19:30:51";2026;6259;250002547834;-3;"#NE";1;"BRASILEIRA NATA";-3;"SÃO PAULO";"40";"N";-1;"#NULO";"3176572.53";"#NE";"S";"-1";"06023048020266260000";"-3";"#NE";"-3";"#NE";"NÃO";"#NULO";-1;"#NULO";"N";"N";-1;-1;"2026-08-11 15:22:38";8;"AGUARDANDO JULGAMENTO";"-1";"#NULO";"-1";"#NULO";-1;"#NULO";-1;"#NULO";-1;"#NULO";-1;"#NULO";"-1";"#NULO"
"15/08/2026";"19:30:51";2026;6259;250002547838;-3;"#NE";1;"BRASILEIRA NATA";-3;"SOROCABA";"60";"N";-1;"#NULO";"1270629.01";"#NE";"N";"-1";"06023108720266260000";"-3";"#NE";"-3";"#NE";"NÃO";"#NULO";-1;"#NULO";"N";"N";-1;-1;"2026-08-11 15:51:18";8;"AGUARDANDO JULGAMENTO";"-1";"#NULO";"-1";"#NULO";-1;"#NULO";-1;"#NULO";-1;"#NULO";-1;"#NULO";"-1";"#NULO"
"15/08/2026";"19:30:51";2026;6259;250002547853;-3;"#NE";1;"BRASILEIRA NATA";-3;"GUARULHOS";"52";"N";-1;"#NULO";"3176572.53";"#NE";"N";"-1";"06023177920266260000";"-3";"#NE";"-3";"#NE";"NÃO";"#NULO";-1;"#NULO";"N";"N";-1;-1;"2026-08-11 16:08:12";8;"AGUARDANDO JULGAMENTO";"-1";"#NULO";"-1";"#NULO";-1;"#NULO";-1;"#NULO";-1;"#NULO";-1;"#NULO";"-1";"#NULO"
"15/08/2026";"19:30:51";2026;6259;250002547969;-3;"#NE";1;"BRASILEIRA NATA";-3;"CRUZEIRO";"52";"N";-1;"#NULO";"1270629.01";"#NE";"N";"-1";"06021982120266260000";"-3";"#NE";"-3";"#NE";"NÃO";"#NULO";-1;"#NULO";"N";"N";-1;-1;"2026-08-11 12:41:32";8;"AGUARDANDO JULGAMENTO";"-1";"#NULO";"-1";"#NULO";-1;"#NULO";-1;"#NULO";-1;"#NULO";-1;"#NULO";"-1";"#NULO"
"15/08/2026";"19:30:51";2026;6259;250002547980;-3;"#NE";1;"BRASILEIRA NATA";-3;"SÃO PAULO";"59";"N";-1;"#NULO";"1270629.01";"#NE";"S";"-1";"06022120520266260000";"-3";"#NE";"-3";"#NE";"NÃO";"#NULO";-1;"#NULO";"N";"N";-1;-1;"2026-08-11 12:41:32";8;"AGUARDANDO JULGAMENTO";"-1";"#NULO";"-1";"#NULO";-1;"#NULO";-1;"#NULO";-1;"#NULO";-1;"#NULO";"-1";"#NULO"
"15/08/2026";"19:30:51";2026;6259;250002547990;-3;"#NE";1;"BRASILEIRA NATA";-3;"SÃO CAETANO DO SUL";"39";"N";-1;"#NULO";"1270629.01";"#NE";"S";"-1";"06021826720266260000";"-3";"#NE";"-3";"#NE";"NÃO";"#NULO";-1;"#NULO";"N";"N";-1;-1;"2026-08-11 12:41:32";8;"AGUARDANDO JULGAMENTO";"-1";"#NULO";"-1";"#NULO";-1;"#NULO";-1;"#NULO";-1;"#NULO";-1;"#NULO";"-1";"#NULO"
"15/08/2026";"19:30:51";2026;6259;250002548000;-3;"#NE";1;"BRASILEIRA NATA";-3;"RIO DE JANEIRO";"55";"S";0;"NÃO INFORMADO";"1270629.01";"#NE";"N";"-1";"06021860720266260000";"-3";"#NE";"-3";"#NE";"NÃO";"#NULO";-1;"#NULO";"N";"N";-1;-1;"2026-08-11 12:41:32";8;"AGUARDANDO JULGAMENTO";"-1";"#NULO";"-1";"#NULO";-1;"#NULO";-1;"#NULO";-1;"#NULO";-1;"#NULO";"-1";"#NULO"
"15/08/2026";"19:30:51";2026;6259;250002548133;-3;"#NE";1;"BRASILEIRA NATA";-3;"RIO DE JANEIRO";"54";"N";-1;"#NULO";"1270629.01";"#NE";"S";"-1";"06023255620266260000";"-3";"#NE";"-3";"#NE";"NÃO";"#NULO";-1;"#NULO";"N";"N";-1;-1;"2026-08-11 17:36:06";8;"AGUARDANDO JULGAMENTO";"-1";"#NULO";"-1";"#NULO";-1;"#NULO";-1;"#NULO";-1;"#NULO";-1;"#NULO";"-1";"#NULO"
"15/08/2026";"19:30:51";2026;6259;250002548161;-3;"#NE";1;"BRASILEIRA NATA";-3;"MIRASSOL";"68";"N";-1;"#NULO";"1270629.01";"#NE";"N";"-1";"06022311120266260000";"-3";"#NE";"-3";"#NE";"NÃO";"#NULO";-1;"#NULO";"N";"N";-1;-1;"2026-08-11 13:13:22";8;"AGUARDANDO JULGAMENTO";"-1";"#NULO";"-1";"#NULO";-1;"#NULO";-1;"#NULO";-1;"#NULO";-1;"#NULO";"-1";"#NULO"
"15/08/2026";"19:30:51";2026;6259;250002548169;-3;"#NE";1;"BRASILEIRA NATA";-3;"GUARULHOS";"47";"N";-1;"#NULO";"1270629.01";"#NE";"N";"-1";"06022294120266260000";"-3";"#NE";"-3";"#NE";"NÃO";"#NULO";-1;"#NULO";"N";"N";-1;-1;"2026-08-11 13:13:22";8;"AGUARDANDO JULGAMENTO";"-1";"#NULO";"-1";"#NULO";-1;"#NULO";-1;"#NULO";-1;"#NULO";-1;"#NULO";"-1";"#NULO"
"15/08/2026";"19:30:51";2026;6259;250002548175;-3;"#NE";1;"BRASILEIRA NATA";-3;"SÃO PAULO";"50";"N";-1;"#NULO";"1270629.01";"#NE";"N";"-1";"06022233420266260000";"-3";"#NE";"-3";"#NE";"NÃO";"#NULO";-1;"#NULO";"N";"N";-1;-1;"2026-08-11 13:13:22";8;"AGUARDANDO JULGAMENTO";"-1";"#NULO";"-1";"#NULO";-1;"#NULO";-1;"#NULO";-1;"#NULO";-1;"#NULO";"-1";"#NULO"
"15/08/2026";"19:30:51";2026;6259;250002548461;-3;"#NE";1;"BRASILEIRA NATA";-3;"FORTALEZA";"72";"N";-1;"#NULO";"3176572.53";"#NE";"S";"-1";"06022424020266260000";"-3";"#NE";"-3";"#NE";"NÃO";"#NULO";-1;"#NULO";"N";"N";-1;-1;"2026-08-11 14:25:51";8;"AGUARDANDO JULGAMENTO";"-1";"#NULO";"-1";"#NULO";-1;"#NULO";-1;"#NULO";-1;"#NULO";-1;"#NULO";"-1";"#NULO"
"15/08/2026";"19:30:51";2026;6259;250002548464;-3;"#NE";1;"BRASILEIRA NATA";-3;"CARMO DO RIO VERDE";"52";"N";-1;"#NULO";"3176572.53";"#NE";"S";"-1";"06022952120266260000";"-3";"#NE";"-3";"#NE";"NÃO";"#NULO";-1;"#NULO";"N";"N";-1;-1;"2026-08-11 14:25:51";8;"AGUARDANDO JULGAMENTO";"-1";"#NULO";"-1";"#NULO";-1;"#NULO";-1;"#NULO";-1;"#NULO";-1;"#NULO";"-1";"#NULO"
"15/08/2026";"19:30:51";2026;6259;250002548470;-3;"#NE";1;"BRASILEIRA NATA";-3;"RECIFE";"39";"S";-1;"#NULO";"3176572.53";"#NE";"N";"-1";"06022545420266260000";"-3";"#NE";"-3";"#NE";"NÃO";"#NULO";-1;"#NULO";"N";"N";-1;-1;"2026-08-11 14:25:51";8;"AGUARDANDO JULGAMENTO";"-1";"#NULO";"-1";"#NULO";-1;"#NULO";-1;"#NULO";-1;"#NULO";-1;"#NULO";"-1";"#NULO"
"15/08/2026";"19:30:51";2026;6259;250002548474;-3;"#NE";1;"BRASILEIRA NATA";-3;"ITAPEVA";"29";"N";-1;"#NULO";"3176572.53";"#NE";"N";"-1";"06022935120266260000";"-3";"#NE";"-3";"#NE";"NÃO";"#NULO";-1;"#NULO";"N";"N";-1;-1;"2026-08-11 14:25:51";8;"AGUARDANDO JULGAMENTO";"-1";"#NULO";"-1";"#NULO";-1;"#NULO";-1;"#NULO";-1;"#NULO";-1;"#NULO";"-1";"#NULO"
"15/08/2026";"19:30:51";2026;6259;250002548483;-3;"#NE";1;"BRASILEIRA NATA";-3;"PASSO FUNDO";"52";"N";-1;"#NULO";"3176572.53";"#NE";"S";"-1";"06022553920266260000";"-3";"#NE";"-3";"#NE";"NÃO";"#NULO";-1;"#NULO";"N";"N";-1;-1;"2026-08-11 14:25:51";8;"AGUARDANDO JULGAMENTO";"-1";"#NULO";"-1";"#NULO";-1;"#NULO";-1;"#NULO";-1;"#NULO";-1;"#NULO";"-1";"#NULO"
"15/08/2026";"19:30:51";2026;6259;250002548487;-3;"#NE";1;"BRASILEIRA NATA";-3;"CAMPINAS";"44";"N";-1;"#NULO";"3176572.53";"#NE";"S";"-1";"06022589120266260000";"-3";"#NE";"-3";"#NE";"NÃO";"#NULO";-1;"#NULO";"N";"N";-1;-1;"2026-08-11 14:25:51";8;"AGUARDANDO JULGAMENTO";"-1";"#NULO";"-1";"#NULO";-1;"#NULO";-1;"#NULO";-1;"#NULO";-1;"#NULO";"-1";"#NULO"
"15/08/2026";"19:30:51";2026;6259;250002548489;-3;"#NE";1;"BRASILEIRA NATA";-3;"CASA BRANCA";"66";"N";-1;"#NULO";"3176572.53";"#NE";"S";"-1";"06022432520266260000";"-3";"#NE";"-3";"#NE";"NÃO";"#NULO";-1;"#NULO";"N";"N";-1;-1;"2026-08-11 14:25:51";8;"AGUARDANDO JULGAMENTO";"-1";"#NULO";"-1";"#NULO";-1;"#NULO";-1;"#NULO";-1;"#NULO";-1;"#NULO";"-1";"#NULO"
"15/08/2026";"19:30:51";2026;6259;250002548505;-3;"#NE";2;"BRASILEIRA (NATURALIZADA)";-3;"SÃO PAULO";"36";"N";-1;"#NULO";"3176572.53";"#NE";"S";"-1";"06022476220266260000";"-3";"#NE";"-3";"#NE";"NÃO";"#NULO";-1;"#NULO";"N";"N";-1;-1;"2026-08-11 14:25:51";8;"AGUARDANDO JULGAMENTO";"-1";"#NULO";"-1";"#NULO";-1;"#NULO";-1;"#NULO";-1;"#NULO";-1;"#NULO";"-1";"#NULO"
"15/08/2026";"19:30:51";2026;6259;250002548511;-3;"#NE";1;"BRASILEIRA NATA";-3;"SÃO PAULO";"42";"N";-1;"#NULO";"3176572.53";"#NE";"N";"-1";"06022441020266260000";"-3";"#NE";"-3";"#NE";"NÃO";"#NULO";-1;"#NULO";"N";"N";-1;-1;"2026-08-11 14:25:51";8;"AGUARDANDO JULGAMENTO";"-1";"#NULO";"-1";"#NULO";-1;"#NULO";-1;"#NULO";-1;"#NULO";-1;"#NULO";"-1";"#NULO"
"15/08/2026";"19:30:51";2026;6259;250002548510;-3;"#NE";1;"BRASILEIRA NATA";-3;"SÃO PAULO";"57";"N";-1;"#NULO";"3176572.53";"#NE";"S";"-1";"06022761520266260000";"-3";"#NE";"-3";"#NE";"NÃO";"#NULO";-1;"#NULO";"N";"N";-1;-1;"2026-08-11 14:25:51";8;"AGUARDANDO JULGAMENTO";"-1";"#NULO";"-1";"#NULO";-1;"#NULO";-1;"#NULO";-1;"#NULO";-1;"#NULO";"-1";"#NULO"
"15/08/2026";"19:30:51";2026;6259;250002548514;-3;"#NE";1;"BRASILEIRA NATA";-3;"SÃO PAULO";"63";"N";-1;"#NULO";"3176572.53";"#NE";"N";"-1";"06022683820266260000";"-3";"#NE";"-3";"#NE";"NÃO";"#NULO";-1;"#NULO";"N";"N";-1;-1;"2026-08-11 14:25:51";8;"AGUARDANDO JULGAMENTO";"-1";"#NULO";"-1";"#NULO";-1;"#NULO";-1;"#NULO";-1;"#NULO";-1;"#NULO";"-1";"#NULO"
"15/08/2026";"19:30:51";2026;6259;250002548865;-3;"#NE";1;"BRASILEIRA NATA";-3;"PÃO DE AÇÚCAR";"63";"N";-1;"#NULO";"1270629.01";"#NE";"N";"-1";"06023723020266260000";"-3";"#NE";"-3";"#NE";"NÃO";"#NULO";-1;"#NULO";"N";"N";-1;-1;"2026-08-12 13:11:44";8;"AGUARDANDO JULGAMENTO";"-1";"#NULO";"-1";"#NULO";-1;"#NULO";-1;"#NULO";-1;"#NULO";-1;"#NULO";"-1";"#NULO"
"15/08/2026";"19:30:51";2026;6259;250002548864;-3;"#NE";1;"BRASILEIRA NATA";-3;"FORTALEZA";"56";"N";-1;"#NULO";"1270629.01";"#NE";"N";"-1";"06023852920266260000";"-3";"#NE";"-3";"#NE";"NÃO";"#NULO";-1;"#NULO";"N";"N";-1;-1;"2026-08-12 13:11:44";8;"AGUARDANDO JULGAMENTO";"-1";"#NULO";"-1";"#NULO";-1;"#NULO";-1;"#NULO";-1;"#NULO";-1;"#NULO";"-1";"#NULO"
"15/08/2026";"19:30:51";2026;6259;250002548867;-3;"#NE";1;"BRASILEIRA NATA";-3;"PEREIRO";"59";"N";-1;"#NULO";"1270629.01";"#NE";"S";"-1";"06023567620266260000";"-3";"#NE";"-3";"#NE";"NÃO";"#NULO";-1;"#NULO";"N";"N";-1;-1;"2026-08-12 13:11:44";8;"AGUARDANDO JULGAMENTO";"-1";"#NULO";"-1";"#NULO";-1;"#NULO";-1;"#NULO";-1;"#NULO";-1;"#NULO";"-1";"#NULO"
"15/08/2026";"19:30:51";2026;6259;250002548889;-3;"#NE";1;"BRASILEIRA NATA";-3;"PIRAJU";"75";"N";-1;"#NULO";"1270629.01";"#NE";"S";"-1";"06023645320266260000";"-3";"#NE";"-3";"#NE";"NÃO";"#NULO";-1;"#NULO";"N";"N";-1;-1;"2026-08-12 13:11:44";8;"AGUARDANDO JULGAMENTO";"-1";"#NULO";"-1";"#NULO";-1;"#NULO";-1;"#NULO";-1;"#NULO";-1;"#NULO";"-1";"#NULO"
"15/08/2026";"19:30:51";2026;6259;250002548917;-3;"#NE";1;"BRASILEIRA NATA";-3;"SÃO CARLOS";"51";"N";-1;"#NULO";"1270629.01";"#NE";"N";"-1";"06023593120266260000";"-3";"#NE";"-3";"#NE";"NÃO";"#NULO";-1;"#NULO";"N";"N";-1;-1;"2026-08-12 13:11:44";8;"AGUARDANDO JULGAMENTO";"-1";"#NULO";"-1";"#NULO";-1;"#NULO";-1;"#NULO";-1;"#NULO";-1;"#NULO";"-1";"#NULO"
"15/08/2026";"19:30:51";2026;6259;250002550047;-3;"#NE";1;"BRASILEIRA NATA";-3;"SÃO PAULO";"42";"N";-1;"#NULO";"1270629.01";"#NE";"S";"-1";"06023662320266260000";"-3";"#NE";"-3";"#NE";"NÃO";"#NULO";-1;"#NULO";"N";"N";-1;-1;"2026-08-12 13:11:44";8;"AGUARDANDO JULGAMENTO";"-1";"#NULO";"-1";"#NULO";-1;"#NULO";-1;"#NULO";-1;"#NULO";-1;"#NULO";"-1";"#NULO"
"15/08/2026";"19:30:51";2026;6259;250002550051;-3;"#NE";1;"BRASILEIRA NATA";-3;"SÃO PAULO";"57";"N";-1;"#NULO";"1270629.01";"#NE";"S";"-1";"06023818920266260000";"-3";"#NE";"-3";"#NE";"NÃO";"#NULO";-1;"#NULO";"N";"N";-1;-1;"2026-08-12 13:11:44";8;"AGUARDANDO JULGAMENTO";"-1";"#NULO";"-1";"#NULO";-1;"#NULO";-1;"#NULO";-1;"#NULO";-1;"#NULO";"-1";"#NULO"
"15/08/2026";"19:30:51";2026;6259;250002550055;-3;"#NE";1;"BRASILEIRA NATA";-3;"SÃO PAULO";"57";"N";-1;"#NULO";"1270629.01";"#NE";"S";"-1";"06024078720266260000";"-3";"#NE";"-3";"#NE";"NÃO";"#NULO";-1;"#NULO";"N";"N";-1;-1;"2026-08-12 13:11:44";8;"AGUARDANDO JULGAMENTO";"-1";"#NULO";"-1";"#NULO";-1;"#NULO";-1;"#NULO";-1;"#NULO";-1;"#NULO";"-1";"#NULO"
"15/08/2026";"19:30:51";2026;6259;250002550068;-3;"#NE";1;"BRASILEIRA NATA";-3;"SÃO PAULO";"46";"N";-1;"#NULO";"1270629.01";"#NE";"S";"-1";"06024181920266260000";"-3";"#NE";"-3";"#NE";"NÃO";"#NULO";-1;"#NULO";"N";"N";-1;-1;"2026-08-12 13:11:44";8;"AGUARDANDO JULGAMENTO";"-1";"#NULO";"-1";"#NULO";-1;"#NULO";-1;"#NULO";-1;"#NULO";-1;"#NULO";"-1";"#NULO"
"15/08/2026";"19:30:51";2026;6259;250002550072;-3;"#NE";1;"BRASILEIRA NATA";-3;"TAUBATÉ";"50";"N";-1;"#NULO";"1270629.01";"#NE";"S";"-1";"06023402520266260000";"-3";"#NE";"-3";"#NE";"NÃO";"#NULO";-1;"#NULO";"N";"N";-1;-1;"2026-08-12 13:11:44";8;"AGUARDANDO JULGAMENTO";"-1";"#NULO";"-1";"#NULO";-1;"#NULO";-1;"#NULO";-1;"#NULO";-1;"#NULO";"-1";"#NULO"
"15/08/2026";"19:30:51";2026;6259;250002550242;-3;"#NE";2;"BRASILEIRA (NATURALIZADA)";-3;"SÃO PAULO";"41";"N";-1;"#NULO";"1270629.01";"#NE";"N";"-1";"06026061220266260000";"-3";"#NE";"-3";"#NE";"NÃO";"#NULO";-1;"#NULO";"N";"N";-1;-1;"2026-08-13 15:31:25";8;"AGUARDANDO JULGAMENTO";"-1";"#NULO";"-1";"#NULO";-1;"#NULO";-1;"#NULO";-1;"#NULO";-1;"#NULO";"-1";"#NULO"
"15/08/2026";"19:30:51";2026;6259;250002550250;-3;"#NE";1;"BRASILEIRA NATA";-3;"VARGEM GRANDE DO SUL";"36";"N";-1;"#NULO";"1270629.01";"#NE";"N";"-1";"06026408420266260000";"-3";"#NE";"-3";"#NE";"NÃO";"#NULO";-1;"#NULO";"N";"N";-1;-1;"2026-08-13 15:31:25";8;"AGUARDANDO JULGAMENTO";"-1";"#NULO";"-1";"#NULO";-1;"#NULO";-1;"#NULO";-1;"#NULO";-1;"#NULO";"-1";"#NULO"
"15/08/2026";"19:30:51";2026;6259;250002550248;-3;"#NE";1;"BRASILEIRA NATA";-3;"SÃO PAULO";"57";"N";-1;"#NULO";"1270629.01";"#NE";"S";"-1";"06026321020266260000";"-3";"#NE";"-3";"#NE";"NÃO";"#NULO";-1;"#NULO";"N";"N";-1;-1;"2026-08-13 15:31:25";8;"AGUARDANDO JULGAMENTO";"-1";"#NULO";"-1";"#NULO";-1;"#NULO";-1;"#NULO";-1;"#NULO";-1;"#NULO";"-1";"#NULO"
"15/08/2026";"19:30:51";2026;6259;250002550251;-3;"#NE";1;"BRASILEIRA NATA";-3;"JACUPIRANGA";"54";"N";-1;"#NULO";"1270629.01";"#NE";"N";"-1";"06026182620266260000";"-3";"#NE";"-3";"#NE";"NÃO";"#NULO";-1;"#NULO";"N";"N";-1;-1;"2026-08-13 15:31:25";8;"AGUARDANDO JULGAMENTO";"-1";"#NULO";"-1";"#NULO";-1;"#NULO";-1;"#NULO";-1;"#NULO";-1;"#NULO";"-1";"#NULO"
"15/08/2026";"19:30:51";2026;6259;250002550253;-3;"#NE";1;"BRASILEIRA NATA";-3;"PIRACICABA";"38";"N";-1;"#NULO";"1270629.01";"#NE";"S";"-1";"06026157120266260000";"-3";"#NE";"-3";"#NE";"NÃO";"#NULO";-1;"#NULO";"N";"N";-1;-1;"2026-08-13 15:31:25";8;"AGUARDANDO JULGAMENTO";"-1";"#NULO";"-1";"#NULO";-1;"#NULO";-1;"#NULO";-1;"#NULO";-1;"#NULO";"-1";"#NULO"
"15/08/2026";"19:30:51";2026;6259;250002550260;-3;"#NE";1;"BRASILEIRA NATA";-3;"AMERICANA";"41";"N";-1;"#NULO";"1270629.01";"#NE";"N";"-1";"06026113420266260000";"-3";"#NE";"-3";"#NE";"NÃO";"#NULO";-1;"#NULO";"N";"N";-1;-1;"2026-08-13 15:31:25";8;"AGUARDANDO JULGAMENTO";"-1";"#NULO";"-1";"#NULO";-1;"#NULO";-1;"#NULO";-1;"#NULO";-1;"#NULO";"-1";"#NULO"
"15/08/2026";"19:30:51";2026;6259;250002550353;-3;"#NE";1;"BRASILEIRA NATA";-3;"CAFARNAUM";"69";"N";-1;"#NULO";"3176572.53";"#NE";"S";"-1";"06024623820266260000";"-3";"#NE";"-3";"#NE";"NÃO";"#NULO";-1;"#NULO";"N";"N";-1;-1;"2026-08-12 14:34:24";8;"AGUARDANDO JULGAMENTO";"-1";"#NULO";"-1";"#NULO";-1;"#NULO";-1;"#NULO";-1;"#NULO";-1;"#NULO";"-1";"#NULO"
"15/08/2026";"19:30:51";2026;6259;250002550364;-3;"#NE";1;"BRASILEIRA NATA";-3;"ITU";"56";"N";0;"NÃO INFORMADO";"3176572.53";"#NE";"N";"-1";"06024935820266260000";"-3";"#NE";"-3";"#NE";"NÃO";"#NULO";-1;"#NULO";"N";"N";-1;-1;"2026-08-12 14:34:24";8;"AGUARDANDO JULGAMENTO";"-1";"#NULO";"-1";"#NULO";-1;"#NULO";-1;"#NULO";-1;"#NULO";-1;"#NULO";"-1";"#NULO"
"15/08/2026";"19:30:51";2026;6259;250002550363;-3;"#NE";1;"BRASILEIRA NATA";-3;"ITATIBA";"34";"N";-1;"#NULO";"3176572.53";"#NE";"S";"-1";"06024797420266260000";"-3";"#NE";"-3";"#NE";"NÃO";"#NULO";-1;"#NULO";"N";"N";-1;-1;"2026-08-12 14:34:24";8;"AGUARDANDO JULGAMENTO";"-1";"#NULO";"-1";"#NULO";-1;"#NULO";-1;"#NULO";-1;"#NULO";-1;"#NULO";"-1";"#NULO"
"15/08/2026";"19:30:51";2026;6259;250002550368;-3;"#NE";1;"BRASILEIRA NATA";-3;"MOCOCA";"51";"N";-1;"#NULO";"3176572.53";"#NE";"S";"-1";"06024875120266260000";"-3";"#NE";"-3";"#NE";"NÃO";"#NULO";-1;"#NULO";"N";"N";-1;-1;"2026-08-12 14:34:24";8;"AGUARDANDO JULGAMENTO";"-1";"#NULO";"-1";"#NULO";-1;"#NULO";-1;"#NULO";-1;"#NULO";-1;"#NULO";"-1";"#NULO"
"15/08/2026";"19:30:51";2026;6259;250002550367;-3;"#NE";1;"BRASILEIRA NATA";-3;"JAÚ";"66";"N";-1;"#NULO";"3176572.53";"#NE";"N";"-1";"06024606820266260000";"-3";"#NE";"-3";"#NE";"NÃO";"#NULO";-1;"#NULO";"N";"N";-1;-1;"2026-08-12 14:34:24";8;"AGUARDANDO JULGAMENTO";"-1";"#NULO";"-1";"#NULO";-1;"#NULO";-1;"#NULO";-1;"#NULO";-1;"#NULO";"-1";"#NULO"
"15/08/2026";"19:30:51";2026;6259;250002550393;-3;"#NE";1;"BRASILEIRA NATA";-3;"SANTA RITA DO PASSA QUATRO";"44";"N";-1;"#NULO";"3176572.53";"#NE";"S";"-1";"06024788920266260000";"-3";"#NE";"-3";"#NE";"NÃO";"#NULO";-1;"#NULO";"N";"N";-1;-1;"2026-08-12 14:34:24";8;"AGUARDANDO JULGAMENTO";"-1";"#NULO";"-1";"#NULO";-1;"#NULO";-1;"#NULO";-1;"#NULO";-1;"#NULO";"-1";"#NULO"
"15/08/2026";"19:30:51";2026;6259;250002550404;-3;"#NE";1;"BRASILEIRA NATA";-3;"SÃO PAULO";"56";"N";-1;"#NULO";"3176572.53";"#NE";"N";"-1";"06024927320266260000";"-3";"#NE";"-3";"#NE";"NÃO";"#NULO";-1;"#NULO";"N";"N";-1;-1;"2026-08-12 14:34:24";8;"AGUARDANDO JULGAMENTO";"-1";"#NULO";"-1";"#NULO";-1;"#NULO";-1;"#NULO";-1;"#NULO";-1;"#NULO";"-1";"#NULO"
"15/08/2026";"19:30:51";2026;6259;250002550411;-3;"#NE";1;"BRASILEIRA NATA";-3;"SÃO PAULO";"53";"N";-1;"#NULO";"3176572.53";"#NE";"S";"-1";"06024502420266260000";"-3";"#NE";"-3";"#NE";"NÃO";"#NULO";-1;"#NULO";"N";"N";-1;-1;"2026-08-12 14:34:24";8;"AGUARDANDO JULGAMENTO";"-1";"#NULO";"-1";"#NULO";-1;"#NULO";-1;"#NULO";-1;"#NULO";-1;"#NULO";"-1";"#NULO"
"15/08/2026";"19:30:51";2026;6259;250002550412;-3;"#NE";1;"BRASILEIRA NATA";-3;"SÃO PAULO";"31";"N";-1;"#NULO";"3176572.53";"#NE";"S";"-1";"06024615320266260000";"-3";"#NE";"-3";"#NE";"NÃO";"#NULO";-1;"#NULO";"N";"N";-1;-1;"2026-08-12 14:34:24";8;"AGUARDANDO JULGAMENTO";"-1";"#NULO";"-1";"#NULO";-1;"#NULO";-1;"#NULO";-1;"#NULO";-1;"#NULO";"-1";"#NULO"
"15/08/2026";"19:30:51";2026;6259;250002550777;-3;"#NE";1;"BRASILEIRA NATA";-3;"RIO DE JANEIRO";"56";"N";-1;"#NULO";"3176572.53";"#NE";"S";"-1";"06025065720266260000";"-3";"#NE";"-3";"#NE";"NÃO";"#NULO";-1;"#NULO";"N";"N";-1;-1;"2026-08-13 12:45:52";8;"AGUARDANDO JULGAMENTO";"-1";"#NULO";"-1";"#NULO";-1;"#NULO";-1;"#NULO";-1;"#NULO";-1;"#NULO";"-1";"#NULO"
"15/08/2026";"19:30:51";2026;6259;250002551049;-3;"#NE";1;"BRASILEIRA NATA";-3;"BALSAS";"57";"N";-1;"#NULO";"3176572.53";"#NE";"N";"-1";"06025732220266260000";"-3";"#NE";"-3";"#NE";"NÃO";"#NULO";-1;"#NULO";"N";"N";-1;-1;"2026-08-13 14:55:32";8;"AGUARDANDO JULGAMENTO";"-1";"#NULO";"-1";"#NULO";-1;"#NULO";-1;"#NULO";-1;"#NULO";-1;"#NULO";"-1";"#NULO"
"15/08/2026";"19:30:51";2026;6259;250002551053;-3;"#NE";1;"BRASILEIRA NATA";-3;"FÊNIX";"64";"N";-1;"#NULO";"3176572.53";"#NE";"S";"-1";"06025187120266260000";"-3";"#NE";"-3";"#NE";"NÃO";"#NULO";-1;"#NULO";"N";"N";-1;-1;"2026-08-13 14:55:32";8;"AGUARDANDO JULGAMENTO";"-1";"#NULO";"-1";"#NULO";-1;"#NULO";-1;"#NULO";-1;"#NULO";-1;"#NULO";"-1";"#NULO"
"15/08/2026";"19:30:51";2026;6259;250002551060;-3;"#NE";1;"BRASILEIRA NATA";-3;"ASTORGA";"60";"N";-1;"#NULO";"3176572.53";"#NE";"N";"-1";"06025706720266260000";"-3";"#NE";"-3";"#NE";"NÃO";"#NULO";-1;"#NULO";"N";"N";-1;-1;"2026-08-13 14:55:32";8;"AGUARDANDO JULGAMENTO";"-1";"#NULO";"-1";"#NULO";-1;"#NULO";-1;"#NULO";-1;"#NULO";-1;"#NULO";"-1";"#NULO"
"15/08/2026";"19:30:51";2026;6259;250002551064;-3;"#NE";1;"BRASILEIRA NATA";-3;"ITAQUAQUECETUBA";"57";"N";-1;"#NULO";"3176572.53";"#NE";"N";"-1";"06025723720266260000";"-3";"#NE";"-3";"#NE";"NÃO";"#NULO";-1;"#NULO";"N";"N";-1;-1;"2026-08-13 14:55:32";8;"AGUARDANDO JULGAMENTO";"-1";"#NULO";"-1";"#NULO";-1;"#NULO";-1;"#NULO";-1;"#NULO";-1;"#NULO";"-1";"#NULO"
"15/08/2026";"19:30:51";2026;6259;250002551078;-3;"#NE";1;"BRASILEIRA NATA";-3;"RIO DE JANEIRO";"57";"N";-1;"#NULO";"3176572.53";"#NE";"N";"-1";"06025559820266260000";"-3";"#NE";"-3";"#NE";"NÃO";"#NULO";-1;"#NULO";"N";"N";-1;-1;"2026-08-13 14:55:32";8;"AGUARDANDO JULGAMENTO";"-1";"#NULO";"-1";"#NULO";-1;"#NULO";-1;"#NULO";-1;"#NULO";-1;"#NULO";"-1";"#NULO"
"15/08/2026";"19:30:51";2026;6259;250002551085;-3;"#NE";1;"BRASILEIRA NATA";-3;"CAMPOS DO JORDÃO";"36";"N";-1;"#NULO";"3176572.53";"#NE";"N";"-1";"06025411720266260000";"-3";"#NE";"-3";"#NE";"NÃO";"#NULO";-1;"#NULO";"N";"N";-1;-1;"2026-08-13 14:55:32";8;"AGUARDANDO JULGAMENTO";"-1";"#NULO";"-1";"#NULO";-1;"#NULO";-1;"#NULO";-1;"#NULO";-1;"#NULO";"-1";"#NULO"
"15/08/2026";"19:30:51";2026;6259;250002551102;-3;"#NE";1;"BRASILEIRA NATA";-3;"SÃO PAULO";"46";"N";-1;"#NULO";"3176572.53";"#NE";"N";"-1";"06025637520266260000";"-3";"#NE";"-3";"#NE";"NÃO";"#NULO";-1;"#NULO";"N";"N";-1;-1;"2026-08-13 14:55:32";8;"AGUARDANDO JULGAMENTO";"-1";"#NULO";"-1";"#NULO";-1;"#NULO";-1;"#NULO";-1;"#NULO";-1;"#NULO";"-1";"#NULO"
"15/08/2026";"19:30:51";2026;6259;250002551111;-3;"#NE";1;"BRASILEIRA NATA";-3;"SÃO PAULO";"57";"N";-1;"#NULO";"3176572.53";"#NE";"N";"-1";"06025334020266260000";"-3";"#NE";"-3";"#NE";"NÃO";"#NULO";-1;"#NULO";"N";"N";-1;-1;"2026-08-13 14:55:32";8;"AGUARDANDO JULGAMENTO";"-1";"#NULO";"-1";"#NULO";-1;"#NULO";-1;"#NULO";-1;"#NULO";-1;"#NULO";"-1";"#NULO"
"15/08/2026";"19:30:51";2026;6259;250002551118;-3;"#NE";1;"BRASILEIRA NATA";-3;"UBIRAJARA";"42";"N";-1;"#NULO";"3176572.53";"#NE";"N";"-1";"06025801420266260000";"-3";"#NE";"-3";"#NE";"NÃO";"#NULO";-1;"#NULO";"N";"N";-1;-1;"2026-08-13 14:55:32";8;"AGUARDANDO JULGAMENTO";"-1";"#NULO";"-1";"#NULO";-1;"#NULO";-1;"#NULO";-1;"#NULO";-1;"#NULO";"-1";"#NULO"
"15/08/2026";"19:30:51";2026;6259;250002551231;-3;"#NE";1;"BRASILEIRA NATA";-3;"SÃO JOSÉ DOS CAMPOS";"42";"S";-1;"#NULO";"1270629.01";"#NE";"S";"-1";"06026174120266260000";"-3";"#NE";"-3";"#NE";"NÃO";"#NULO";-1;"#NULO";"N";"N";-1;-1;"2026-08-13 15:31:25";8;"AGUARDANDO JULGAMENTO";"-1";"#NULO";"-1";"#NULO";-1;"#NULO";-1;"#NULO";-1;"#NULO";-1;"#NULO";"-1";"#NULO"
"15/08/2026";"19:30:51";2026;6259;250002551234;-3;"#NE";1;"BRASILEIRA NATA";-3;"SÃO PAULO";"70";"N";-1;"#NULO";"1270629.01";"#NE";"N";"-1";"06026251820266260000";"-3";"#NE";"-3";"#NE";"NÃO";"#NULO";-1;"#NULO";"N";"N";-1;-1;"2026-08-13 15:31:25";8;"AGUARDANDO JULGAMENTO";"-1";"#NULO";"-1";"#NULO";-1;"#NULO";-1;"#NULO";-1;"#NULO";-1;"#NULO";"-1";"#NULO"
"15/08/2026";"19:30:51";2026;6259;250002551236;-3;"#NE";1;"BRASILEIRA NATA";-3;"ITAMARI";"51";"N";-1;"#NULO";"1270629.01";"#NE";"N";"-1";"06025975020266260000";"-3";"#NE";"-3";"#NE";"NÃO";"#NULO";-1;"#NULO";"N";"N";-1;-1;"2026-08-13 15:31:25";8;"AGUARDANDO JULGAMENTO";"-1";"#NULO";"-1";"#NULO";-1;"#NULO";-1;"#NULO";-1;"#NULO";-1;"#NULO";"-1";"#NULO"
"15/08/2026";"19:30:51";2026;6259;250002551240;-3;"#NE";1;"BRASILEIRA NATA";-3;"CEDRO";"60";"N";-1;"#NULO";"1270629.01";"#NE";"N";"-1";"06026347720266260000";"-3";"#NE";"-3";"#NE";"NÃO";"#NULO";-1;"#NULO";"N";"N";-1;-1;"2026-08-13 15:31:25";8;"AGUARDANDO JULGAMENTO";"-1";"#NULO";"-1";"#NULO";-1;"#NULO";-1;"#NULO";-1;"#NULO";-1;"#NULO";"-1";"#NULO"
"15/08/2026";"19:30:51";2026;6259;250002551242;-3;"#NE";1;"BRASILEIRA NATA";-3;"ARAPONGAS";"50";"N";-1;"#NULO";"1270629.01";"#NE";"N";"-1";"06026035720266260000";"-3";"#NE";"-3";"#NE";"NÃO";"#NULO";-1;"#NULO";"N";"N";-1;-1;"2026-08-13 15:31:25";8;"AGUARDANDO JULGAMENTO";"-1";"#NULO";"-1";"#NULO";-1;"#NULO";-1;"#NULO";-1;"#NULO";-1;"#NULO";"-1";"#NULO"
"15/08/2026";"19:30:51";2026;6259;250002551603;-3;"#NE";1;"BRASILEIRA NATA";-3;"ALMADINA";"60";"N";-1;"#NULO";"3176572.53";"#NE";"N";"-1";"06026858820266260000";"-3";"#NE";"-3";"#NE";"NÃO";"#NULO";-1;"#NULO";"N";"N";-1;-1;"2026-08-14 15:42:33";8;"AGUARDANDO JULGAMENTO";"-1";"#NULO";"-1";"#NULO";-1;"#NULO";-1;"#NULO";-1;"#NULO";-1;"#NULO";"-1";"#NULO"
"15/08/2026";"19:30:51";2026;6259;250002551618;-3;"#NE";1;"BRASILEIRA NATA";-3;"SÃO PAULO";"52";"N";-1;"#NULO";"3176572.53";"#NE";"N";"-1";"06027127120266260000";"-3";"#NE";"-3";"#NE";"NÃO";"#NULO";-1;"#NULO";"N";"N";-1;-1;"2026-08-14 15:42:33";8;"AGUARDANDO JULGAMENTO";"-1";"#NULO";"-1";"#NULO";-1;"#NULO";-1;"#NULO";-1;"#NULO";-1;"#NULO";"-1";"#NULO"
"15/08/2026";"19:30:51";2026;6259;250002551628;-3;"#NE";1;"BRASILEIRA NATA";-3;"SÃO PAULO";"54";"N";-1;"#NULO";"3176572.53";"#NE";"N";"-1";"06026997220266260000";"-3";"#NE";"-3";"#NE";"NÃO";"#NULO";-1;"#NULO";"N";"N";-1;-1;"2026-08-14 15:42:33";8;"AGUARDANDO JULGAMENTO";"-1";"#NULO";"-1";"#NULO";-1;"#NULO";-1;"#NULO";-1;"#NULO";-1;"#NULO";"-1";"#NULO"
"15/08/2026";"19:30:51";2026;6259;250002551632;-3;"#NE";1;"BRASILEIRA NATA";-3;"SÃO PAULO";"60";"N";-1;"#NULO";"3176572.53";"#NE";"N";"-1";"06027213320266260000";"-3";"#NE";"-3";"#NE";"NÃO";"#NULO";-1;"#NULO";"N";"N";-1;-1;"2026-08-14 15:42:33";8;"AGUARDANDO JULGAMENTO";"-1";"#NULO";"-1";"#NULO";-1;"#NULO";-1;"#NULO";-1;"#NULO";-1;"#NULO";"-1";"#NULO"
"15/08/2026";"19:30:51";2026;6259;250002551630;-3;"#NE";1;"BRASILEIRA NATA";-3;"ATALAIA";"64";"N";-1;"#NULO";"3176572.53";"#NE";"N";"-1";"06027083420266260000";"-3";"#NE";"-3";"#NE";"NÃO";"#NULO";-1;"#NULO";"N";"N";-1;-1;"2026-08-14 15:42:33";8;"AGUARDANDO JULGAMENTO";"-1";"#NULO";"-1";"#NULO";-1;"#NULO";-1;"#NULO";-1;"#NULO";-1;"#NULO";"-1";"#NULO"
"15/08/2026";"19:30:51";2026;6259;250002551635;-3;"#NE";1;"BRASILEIRA NATA";-3;"SÃO PAULO";"59";"N";-1;"#NULO";"3176572.53";"#NE";"N";"-1";"06026823620266260000";"-3";"#NE";"-3";"#NE";"NÃO";"#NULO";-1;"#NULO";"N";"N";-1;-1;"2026-08-14 15:42:33";8;"AGUARDANDO JULGAMENTO";"-1";"#NULO";"-1";"#NULO";-1;"#NULO";-1;"#NULO";-1;"#NULO";-1;"#NULO";"-1";"#NULO"
"15/08/2026";"19:30:51";2026;6259;250002551651;-3;"#NE";1;"BRASILEIRA NATA";-3;"VOLTA REDONDA";"59";"N";-1;"#NULO";"3176572.53";"#NE";"N";"-1";"06027057920266260000";"-3";"#NE";"-3";"#NE";"NÃO";"#NULO";-1;"#NULO";"N";"N";-1;-1;"2026-08-14 15:42:33";8;"AGUARDANDO JULGAMENTO";"-1";"#NULO";"-1";"#NULO";-1;"#NULO";-1;"#NULO";-1;"#NULO";-1;"#NULO";"-1";"#NULO"
"15/08/2026";"19:30:51";2026;6259;250002552371;-3;"#NE";1;"BRASILEIRA NATA";-3;"SÃO PAULO";"52";"N";-1;"#NULO";"-1";"#NE";"S";"-1";"06027334720266260000";"-3";"#NE";"-3";"#NE";"NÃO";"#NULO";-1;"#NULO";"N";"N";-1;-1;"2026-08-15 11:31:43";8;"AGUARDANDO JULGAMENTO";"-1";"#NULO";"-1";"#NULO";-1;"#NULO";-1;"#NULO";-1;"#NULO";-1;"#NULO";"-1";"#NULO"
"15/08/2026";"19:30:51";2026;6259;250002552611;-3;"#NE";1;"BRASILEIRA NATA";-3;"MACEIÓ";"54";"N";-1;"#NULO";"3176572.53";"#NE";"S";"-1";"06028677420266260000";"-3";"#NE";"-3";"#NE";"NÃO";"#NULO";-1;"#NULO";"N";"N";-1;-1;"2026-08-15 16:56:56";8;"AGUARDANDO JULGAMENTO";"-1";"#NULO";"-1";"#NULO";-1;"#NULO";-1;"#NULO";-1;"#NULO";-1;"#NULO";"-1";"#NULO"
"15/08/2026";"19:30:51";2026;6259;250002552613;-3;"#NE";1;"BRASILEIRA NATA";-3;"MANAUS";"51";"N";-1;"#NULO";"3176572.53";"#NE";"N";"-1";"06028200320266260000";"-3";"#NE";"-3";"#NE";"NÃO";"#NULO";-1;"#NULO";"N";"N";-1;-1;"2026-08-15 16:56:56";8;"AGUARDANDO JULGAMENTO";"-1";"#NULO";"-1";"#NULO";-1;"#NULO";-1;"#NULO";-1;"#NULO";-1;"#NULO";"-1";"#NULO"
"15/08/2026";"19:30:51";2026;6259;250002552628;-3;"#NE";1;"BRASILEIRA NATA";-3;"GOVERNADOR VALADARES";"62";"N";-1;"#NULO";"3176572.53";"#NE";"S";"-1";"06028348420266260000";"-3";"#NE";"-3";"#NE";"NÃO";"#NULO";-1;"#NULO";"N";"N";-1;-1;"2026-08-15 16:56:56";8;"AGUARDANDO JULGAMENTO";"-1";"#NULO";"-1";"#NULO";-1;"#NULO";-1;"#NULO";-1;"#NULO";-1;"#NULO";"-1";"#NULO"
"15/08/2026";"19:30:51";2026;6259;250002552633;-3;"#NE";1;"BRASILEIRA NATA";-3;"MOCOCA";"57";"N";-1;"#NULO";"3176572.53";"#NE";"N";"-1";"06028279220266260000";"-3";"#NE";"-3";"#NE";"NÃO";"#NULO";-1;"#NULO";"N";"N";-1;-1;"2026-08-15 16:56:56";8;"AGUARDANDO JULGAMENTO";"-1";"#NULO";"-1";"#NULO";-1;"#NULO";-1;"#NULO";-1;"#NULO";-1;"#NULO";"-1";"#NULO"
"15/08/2026";"19:30:51";2026;6259;250002552636;-3;"#NE";1;"BRASILEIRA NATA";-3;"OSASCO";"66";"N";-1;"#NULO";"3176572.53";"#NE";"N";"-1";"06028503820266260000";"-3";"#NE";"-3";"#NE";"NÃO";"#NULO";-1;"#NULO";"N";"N";-1;-1;"2026-08-15 16:56:56";8;"AGUARDANDO JULGAMENTO";"-1";"#NULO";"-1";"#NULO";-1;"#NULO";-1;"#NULO";-1;"#NULO";-1;"#NULO";"-1";"#NULO"
"15/08/2026";"19:30:51";2026;6259;250002552640;-3;"#NE";1;"BRASILEIRA NATA";-3;"CABO FRIO";"56";"N";-1;"#NULO";"3176572.53";"#NE";"N";"-1";"06028235520266260000";"-3";"#NE";"-3";"#NE";"NÃO";"#NULO";-1;"#NULO";"N";"N";-1;-1;"2026-08-15 16:56:56";8;"AGUARDANDO JULGAMENTO";"-1";"#NULO";"-1";"#NULO";-1;"#NULO";-1;"#NULO";-1;"#NULO";-1;"#NULO";"-1";"#NULO"
"15/08/2026";"19:30:51";2026;6259;250002552650;-3;"#NE";1;"BRASILEIRA NATA";-3;"GUARULHOS";"47";"N";-1;"#NULO";"3176572.53";"#NE";"N";"-1";"06028859520266260000";"-3";"#NE";"-3";"#NE";"NÃO";"#NULO";-1;"#NULO";"N";"N";-1;-1;"2026-08-15 16:56:56";8;"AGUARDANDO JULGAMENTO";"-1";"#NULO";"-1";"#NULO";-1;"#NULO";-1;"#NULO";-1;"#NULO";-1;"#NULO";"-1";"#NULO"
"15/08/2026";"19:30:51";2026;6259;250002552660;-3;"#NE";1;"BRASILEIRA NATA";-3;"SÃO PAULO";"48";"N";-1;"#NULO";"3176572.53";"#NE";"N";"-1";"06028287720266260000";"-3";"#NE";"-3";"#NE";"NÃO";"#NULO";-1;"#NULO";"N";"N";-1;-1;"2026-08-15 16:56:56";8;"AGUARDANDO JULGAMENTO";"-1";"#NULO";"-1";"#NULO";-1;"#NULO";-1;"#NULO";-1;"#NULO";-1;"#NULO";"-1";"#NULO"
"15/08/2026";"19:30:51";2026;6259;250002552665;-3;"#NE";1;"BRASILEIRA NATA";-3;"SÃO PAULO";"65";"N";-1;"#NULO";"3176572.53";"#NE";"N";"-1";"06028356920266260000";"-3";"#NE";"-3";"#NE";"NÃO";"#NULO";-1;"#NULO";"N";"N";-1;-1;"2026-08-15 16:56:56";8;"AGUARDANDO JULGAMENTO";"-1";"#NULO";"-1";"#NULO";-1;"#NULO";-1;"#NULO";-1;"#NULO";-1;"#NULO";"-1";"#NULO"
"15/08/2026";"19:30:51";2026;6259;250002552668;-3;"#NE";1;"BRASILEIRA NATA";-3;"SÃO PAULO";"67";"N";-1;"#NULO";"3176572.53";"#NE";"N";"-1";"06028738120266260000";"-3";"#NE";"-3";"#NE";"NÃO";"#NULO";-1;"#NULO";"N";"N";-1;-1;"2026-08-15 16:56:56";8;"AGUARDANDO JULGAMENTO";"-1";"#NULO";"-1";"#NULO";-1;"#NULO";-1;"#NULO";-1;"#NULO";-1;"#NULO";"-1";"#NULO"
"15/08/2026";"19:30:51";2026;6259;250002552671;-3;"#NE";1;"BRASILEIRA NATA";-3;"SÃO PAULO";"44";"N";-1;"#NULO";"3176572.53";"#NE";"N";"-1";"06028564520266260000";"-3";"#NE";"-3";"#NE";"NÃO";"#NULO";-1;"#NULO";"N";"N";-1;-1;"2026-08-15 16:56:56";8;"AGUARDANDO JULGAMENTO";"-1";"#NULO";"-1";"#NULO";-1;"#NULO";-1;"#NULO";-1;"#NULO";-1;"#NULO";"-1";"#NULO"
"15/08/2026";"19:30:51";2026;6259;250002552676;-3;"#NE";1;"BRASILEIRA NATA";-3;"SÃO PAULO";"55";"N";-1;"#NULO";"3176572.53";"#NE";"N";"-1";"06028330220266260000";"-3";"#NE";"-3";"#NE";"NÃO";"#NULO";-1;"#NULO";"N";"N";-1;-1;"2026-08-15 16:56:56";8;"AGUARDANDO JULGAMENTO";"-1";"#NULO";"-1";"#NULO";-1;"#NULO";-1;"#NULO";-1;"#NULO";-1;"#NULO";"-1";"#NULO"
"15/08/2026";"19:30:51";2026;6259;250002552678;-3;"#NE";1;"BRASILEIRA NATA";-3;"TABOÃO DA SERRA";"66";"N";-1;"#NULO";"3176572.53";"#NE";"N";"-1";"06028382420266260000";"-3";"#NE";"-3";"#NE";"NÃO";"#NULO";-1;"#NULO";"N";"N";-1;-1;"2026-08-15 16:56:56";8;"AGUARDANDO JULGAMENTO";"-1";"#NULO";"-1";"#NULO";-1;"#NULO";-1;"#NULO";-1;"#NULO";-1;"#NULO";"-1";"#NULO"
"15/08/2026";"19:30:51";2026;6259;250002552859;-3;"#NE";1;"BRASILEIRA NATA";-3;"OSASCO";"40";"N";-1;"#NULO";"1270629.01";"#NE";"N";"-1";"06027629720266260000";"-3";"#NE";"-3";"#NE";"NÃO";"#NULO";-1;"#NULO";"N";"N";-1;-1;"2026-08-15 16:08:59";8;"AGUARDANDO JULGAMENTO";"-1";"#NULO";"-1";"#NULO";-1;"#NULO";-1;"#NULO";-1;"#NULO";-1;"#NULO";"-1";"#NULO"
"15/08/2026";"19:30:51";2026;6259;250002552871;-3;"#NE";1;"BRASILEIRA NATA";-3;"SÃO PAULO";"48";"N";-1;"#NULO";"1270629.01";"#NE";"S";"-1";"06027611520266260000";"-3";"#NE";"-3";"#NE";"NÃO";"#NULO";-1;"#NULO";"N";"N";-1;-1;"2026-08-15 16:08:59";8;"AGUARDANDO JULGAMENTO";"-1";"#NULO";"-1";"#NULO";-1;"#NULO";-1;"#NULO";-1;"#NULO";-1;"#NULO";"-1";"#NULO"
"15/08/2026";"19:30:51";2026;6259;250002552875;-3;"#NE";1;"BRASILEIRA NATA";-3;"SERTÃOZINHO";"46";"N";-1;"#NULO";"1270629.01";"#NE";"S";"-1";"06027732920266260000";"-3";"#NE";"-3";"#NE";"NÃO";"#NULO";-1;"#NULO";"N";"N";-1;-1;"2026-08-15 16:08:59";8;"AGUARDANDO JULGAMENTO";"-1";"#NULO";"-1";"#NULO";-1;"#NULO";-1;"#NULO";-1;"#NULO";-1;"#NULO";"-1";"#NULO"
"15/08/2026";"19:30:51";2026;6259;250002552885;-3;"#NE";1;"BRASILEIRA NATA";-3;"GUARULHOS";"47";"N";-1;"#NULO";"1270629.01";"#NE";"S";"-1";"06027525320266260000";"-3";"#NE";"-3";"#NE";"NÃO";"#NULO";-1;"#NULO";"N";"N";-1;-1;"2026-08-15 16:08:59";8;"AGUARDANDO JULGAMENTO";"-1";"#NULO";"-1";"#NULO";-1;"#NULO";-1;"#NULO";-1;"#NULO";-1;"#NULO";"-1";"#NULO"
"15/08/2026";"19:30:51";2026;6259;250002552888;-3;"#NE";1;"BRASILEIRA NATA";-3;"DIADEMA";"36";"N";-1;"#NULO";"1270629.01";"#NE";"N";"-1";"06027992720266260000";"-3";"#NE";"-3";"#NE";"NÃO";"#NULO";-1;"#NULO";"N";"N";-1;-1;"2026-08-15 16:08:59";8;"AGUARDANDO JULGAMENTO";"-1";"#NULO";"-1";"#NULO";-1;"#NULO";-1;"#NULO";-1;"#NULO";-1;"#NULO";"-1";"#NULO"
"15/08/2026";"19:30:51";2026;6259;250002552887;-3;"#NE";1;"BRASILEIRA NATA";-3;"ITÁPOLIS";"66";"N";-1;"#NULO";"1270629.01";"#NE";"S";"-1";"06027759620266260000";"-3";"#NE";"-3";"#NE";"NÃO";"#NULO";-1;"#NULO";"N";"N";-1;-1;"2026-08-15 16:08:59";8;"AGUARDANDO JULGAMENTO";"-1";"#NULO";"-1";"#NULO";-1;"#NULO";-1;"#NULO";-1;"#NULO";-1;"#NULO";"-1";"#NULO"
"15/08/2026";"19:30:51";2026;6259;250002552890;-3;"#NE";1;"BRASILEIRA NATA";-3;"IGARAPAVA";"56";"N";-1;"#NULO";"1270629.01";"#NE";"N";"-1";"06027862820266260000";"-3";"#NE";"-3";"#NE";"NÃO";"#NULO";-1;"#NULO";"N";"N";-1;-1;"2026-08-15 16:08:59";8;"AGUARDANDO JULGAMENTO";"-1";"#NULO";"-1";"#NULO";-1;"#NULO";-1;"#NULO";-1;"#NULO";-1;"#NULO";"-1";"#NULO"
"15/08/2026";"19:30:51";2026;6259;250002552892;-3;"#NE";1;"BRASILEIRA NATA";-3;"SÃO PAULO";"39";"N";-1;"#NULO";"1270629.01";"#NE";"N";"-1";"06027889520266260000";"-3";"#NE";"-3";"#NE";"NÃO";"#NULO";-1;"#NULO";"N";"N";-1;-1;"2026-08-15 16:08:59";8;"AGUARDANDO JULGAMENTO";"-1";"#NULO";"-1";"#NULO";-1;"#NULO";-1;"#NULO";-1;"#NULO";-1;"#NULO";"-1";"#NULO"
"15/08/2026";"19:30:51";2026;6259;250002552909;-3;"#NE";1;"BRASILEIRA NATA";-3;"TERRA ROXA";"48";"N";-1;"#NULO";"1270629.01";"#NE";"N";"-1";"06027785120266260000";"-3";"#NE";"-3";"#NE";"NÃO";"#NULO";-1;"#NULO";"N";"N";-1;-1;"2026-08-15 16:08:59";8;"AGUARDANDO JULGAMENTO";"-1";"#NULO";"-1";"#NULO";-1;"#NULO";-1;"#NULO";-1;"#NULO";-1;"#NULO";"-1";"#NULO"
"15/08/2026";"19:30:51";2026;6259;250002552912;-3;"#NE";1;"BRASILEIRA NATA";-3;"GARANHUNS";"54";"N";-1;"#NULO";"1270629.01";"#NE";"S";"-1";"06028044920266260000";"-3";"#NE";"-3";"#NE";"NÃO";"#NULO";-1;"#NULO";"N";"N";-1;-1;"2026-08-15 16:08:59";8;"AGUARDANDO JULGAMENTO";"-1";"#NULO";"-1";"#NULO";-1;"#NULO";-1;"#NULO";-1;"#NULO";-1;"#NULO";"-1";"#NULO"
"15/08/2026";"19:30:51";2026;6259;250002553330;-3;"#NE";1;"BRASILEIRA NATA";-3;"SANTO ANDRÉ";"58";"N";-1;"#NULO";"3176572.53";"#NE";"S";"-1";"06028937220266260000";"-3";"#NE";"-3";"#NE";"NÃO";"#NULO";-1;"#NULO";"N";"N";-1;-1;"2026-08-15 17:41:45";8;"AGUARDANDO JULGAMENTO";"-1";"#NULO";"-1";"#NULO";-1;"#NULO";-1;"#NULO";-1;"#NULO";-1;"#NULO";"-1";"#NULO"
"15/08/2026";"19:30:51";2026;6259;250002553756;-3;"#NE";1;"BRASILEIRA NATA";-3;"SÃO PAULO";"65";"N";-1;"#NULO";"1270629.01";"#NE";"N";"-1";"06029136320266260000";"-3";"#NE";"-3";"#NE";"NÃO";"#NULO";-1;"#NULO";"N";"N";-1;-1;"2026-08-15 19:01:55";8;"AGUARDANDO JULGAMENTO";"-1";"#NULO";"-1";"#NULO";-1;"#NULO";-1;"#NULO";-1;"#NULO";-1;"#NULO";"-1";"#NULO"
"15/08/2026";"19:30:51";2026;6259;250002553761;-3;"#NE";1;"BRASILEIRA NATA";-3;"RIO CLARO";"60";"N";-1;"#NULO";"1270629.01";"#NE";"N";"-1";"06029421620266260000";"-3";"#NE";"-3";"#NE";"NÃO";"#NULO";-1;"#NULO";"N";"N";-1;-1;"2026-08-15 19:01:55";8;"AGUARDANDO JULGAMENTO";"-1";"#NULO";"-1";"#NULO";-1;"#NULO";-1;"#NULO";-1;"#NULO";-1;"#NULO";"-1";"#NULO"
"15/08/2026";"19:30:51";2026;6259;250002553765;-3;"#NE";1;"BRASILEIRA NATA";-3;"SÃO PAULO";"69";"N";-1;"#NULO";"1270629.01";"#NE";"N";"-1";"06029863520266260000";"-3";"#NE";"-3";"#NE";"NÃO";"#NULO";-1;"#NULO";"N";"N";-1;-1;"2026-08-15 19:01:55";8;"AGUARDANDO JULGAMENTO";"-1";"#NULO";"-1";"#NULO";-1;"#NULO";-1;"#NULO";-1;"#NULO";-1;"#NULO";"-1";"#NULO"
"15/08/2026";"19:30:51";2026;6259;250002553763;-3;"#NE";1;"BRASILEIRA NATA";-3;"SÃO PAULO";"53";"N";-1;"#NULO";"1270629.01";"#NE";"N";"-1";"06029249220266260000";"-3";"#NE";"-3";"#NE";"NÃO";"#NULO";-1;"#NULO";"N";"N";-1;-1;"2026-08-15 19:01:55";8;"AGUARDANDO JULGAMENTO";"-1";"#NULO";"-1";"#NULO";-1;"#NULO";-1;"#NULO";-1;"#NULO";-1;"#NULO";"-1";"#NULO"
"15/08/2026";"19:30:51";2026;6259;250002553768;-3;"#NE";1;"BRASILEIRA NATA";-3;"SÃO PAULO";"43";"N";-1;"#NULO";"1270629.01";"#NE";"N";"-1";"06029603720266260000";"-3";"#NE";"-3";"#NE";"NÃO";"#NULO";-1;"#NULO";"N";"N";-1;-1;"2026-08-15 19:01:55";8;"AGUARDANDO JULGAMENTO";"-1";"#NULO";"-1";"#NULO";-1;"#NULO";-1;"#NULO";-1;"#NULO";-1;"#NULO";"-1";"#NULO"
"15/08/2026";"19:30:51";2026;6259;250002553772;-3;"#NE";1;"BRASILEIRA NATA";-3;"SÃO PAULO";"40";"N";-1;"#NULO";"1270629.01";"#NE";"N";"-1";"06029880520266260000";"-3";"#NE";"-3";"#NE";"NÃO";"#NULO";-1;"#NULO";"N";"N";-1;-1;"2026-08-15 19:01:55";8;"AGUARDANDO JULGAMENTO";"-1";"#NULO";"-1";"#NULO";-1;"#NULO";-1;"#NULO";-1;"#NULO";-1;"#NULO";"-1";"#NULO"
"15/08/2026";"19:30:51";2026;6259;250002553773;-3;"#NE";1;"BRASILEIRA NATA";-3;"SÃO PAULO";"39";"N";-1;"#NULO";"1270629.01";"#NE";"N";"-1";"06029127820266260000";"-3";"#NE";"-3";"#NE";"NÃO";"#NULO";-1;"#NULO";"N";"N";-1;-1;"2026-08-15 19:01:55";8;"AGUARDANDO JULGAMENTO";"-1";"#NULO";"-1";"#NULO";-1;"#NULO";-1;"#NULO";-1;"#NULO";-1;"#NULO";"-1";"#NULO"
"15/08/2026";"19:30:51";2026;6259;250002553775;-3;"#NE";1;"BRASILEIRA NATA";-3;"SÃO PAULO";"50";"N";-1;"#NULO";"1270629.01";"#NE";"N";"-1";"06029360920266260000";"-3";"#NE";"-3";"#NE";"NÃO";"#NULO";-1;"#NULO";"N";"N";-1;-1;"2026-08-15 19:01:55";8;"AGUARDANDO JULGAMENTO";"-1";"#NULO";"-1";"#NULO";-1;"#NULO";-1;"#NULO";-1;"#NULO";-1;"#NULO";"-1";"#NULO"
"15/08/2026";"19:30:51";2026;6259;250002553786;-3;"#NE";1;"BRASILEIRA NATA";-3;"SÃO PAULO";"65";"N";-1;"#NULO";"1270629.01";"#NE";"N";"-1";"06029473820266260000";"-3";"#NE";"-3";"#NE";"NÃO";"#NULO";-1;"#NULO";"N";"N";-1;-1;"2026-08-15 19:01:55";8;"AGUARDANDO JULGAMENTO";"-1";"#NULO";"-1";"#NULO";-1;"#NULO";-1;"#NULO";-1;"#NULO";-1;"#NULO";"-1";"#NULO"
"15/08/2026";"19:30:51";2026;6259;250002553802;-3;"#NE";1;"BRASILEIRA NATA";-3;"MARÍLIA";"28";"N";-1;"#NULO";"1270629.01";"#NE";"N";"-1";"06029838020266260000";"-3";"#NE";"-3";"#NE";"NÃO";"#NULO";-1;"#NULO";"N";"N";-1;-1;"2026-08-15 19:01:55";8;"AGUARDANDO JULGAMENTO";"-1";"#NULO";"-1";"#NULO";-1;"#NULO";-1;"#NULO";-1;"#NULO";-1;"#NULO";"-1";"#NULO"
"15/08/2026";"19:30:51";2026;6259;250002553812;-3;"#NE";1;"BRASILEIRA NATA";-3;"SÃO PAULO";"62";"N";-1;"#NULO";"1270629.01";"#NE";"N";"-1";"06029811320266260000";"-3";"#NE";"-3";"#NE";"NÃO";"#NULO";-1;"#NULO";"N";"N";-1;-1;"2026-08-15 19:01:55";8;"AGUARDANDO JULGAMENTO";"-1";"#NULO";"-1";"#NULO";-1;"#NULO";-1;"#NULO";-1;"#NULO";-1;"#NULO";"-1";"#NULO"
"15/08/2026";"19:30:51";2026;6259;250002553819;-3;"#NE";1;"BRASILEIRA NATA";-3;"SÃO PAULO";"54";"N";-1;"#NULO";"1270629.01";"#NE";"N";"-1";"06029915720266260000";"-3";"#NE";"-3";"#NE";"NÃO";"#NULO";-1;"#NULO";"N";"N";-1;-1;"2026-08-15 19:01:55";8;"AGUARDANDO JULGAMENTO";"-1";"#NULO";"-1";"#NULO";-1;"#NULO";-1;"#NULO";-1;"#NULO";-1;"#NULO";"-1";"#NULO"
"15/08/2026";"19:30:51";2026;6259;250002553822;-3;"#NE";1;"BRASILEIRA NATA";-3;"PIRACICABA";"46";"N";-1;"#NULO";"1270629.01";"#NE";"N";"-1";"06029465320266260000";"-3";"#NE";"-3";"#NE";"NÃO";"#NULO";-1;"#NULO";"N";"N";-1;-1;"2026-08-15 19:01:55";8;"AGUARDANDO JULGAMENTO";"-1";"#NULO";"-1";"#NULO";-1;"#NULO";-1;"#NULO";-1;"#NULO";-1;"#NULO";"-1";"#NULO"
"15/08/2026";"19:30:51";2026;6259;250002553847;-3;"#NE";1;"BRASILEIRA NATA";-3;"PARAÍSO DO NORTE";"66";"N";-1;"#NULO";"1270629.01";"#NE";"S";"-1";"06029448320266260000";"-3";"#NE";"-3";"#NE";"NÃO";"#NULO";-1;"#NULO";"N";"N";-1;-1;"2026-08-15 19:01:55";8;"AGUARDANDO JULGAMENTO";"-1";"#NULO";"-1";"#NULO";-1;"#NULO";-1;"#NULO";-1;"#NULO";-1;"#NULO";"-1";"#NULO"
"15/08/2026";"19:30:51";2026;6259;250002553864;-3;"#NE";1;"BRASILEIRA NATA";-3;"RIBEIRÃO PRETO";"35";"N";-1;"#NULO";"1270629.01";"#NE";"N";"-1";"06030045620266260000";"-3";"#NE";"-3";"#NE";"NÃO";"#NULO";-1;"#NULO";"N";"N";-1;-1;"2026-08-15 19:14:09";8;"AGUARDANDO JULGAMENTO";"-1";"#NULO";"-1";"#NULO";-1;"#NULO";-1;"#NULO";-1;"#NULO";-1;"#NULO";"-1";"#NULO"
"15/08/2026";"19:30:51";2026;6259;250002553868;-3;"#NE";1;"BRASILEIRA NATA";-3;"SÃO PAULO";"52";"N";-1;"#NULO";"1270629.01";"#NE";"N";"-1";"06030131820266260000";"-3";"#NE";"-3";"#NE";"NÃO";"#NULO";-1;"#NULO";"N";"N";-1;-1;"2026-08-15 19:14:09";8;"AGUARDANDO JULGAMENTO";"-1";"#NULO";"-1";"#NULO";-1;"#NULO";-1;"#NULO";-1;"#NULO";-1;"#NULO";"-1";"#NULO"
"15/08/2026";"19:30:51";2026;6259;250002553870;-3;"#NE";1;"BRASILEIRA NATA";-3;"SÃO PAULO";"65";"N";-1;"#NULO";"1270629.01";"#NE";"N";"-1";"06030097820266260000";"-3";"#NE";"-3";"#NE";"NÃO";"#NULO";-1;"#NULO";"N";"N";-1;-1;"2026-08-15 19:14:09";8;"AGUARDANDO JULGAMENTO";"-1";"#NULO";"-1";"#NULO";-1;"#NULO";-1;"#NULO";-1;"#NULO";-1;"#NULO";"-1";"#NULO"
"15/08/2026";"19:30:51";2026;6259;250002553873;-3;"#NE";1;"BRASILEIRA NATA";-3;"SANTO ANDRÉ";"55";"N";-1;"#NULO";"1270629.01";"#NE";"N";"-1";"06030054120266260000";"-3";"#NE";"-3";"#NE";"NÃO";"#NULO";-1;"#NULO";"N";"N";-1;-1;"2026-08-15 19:14:09";8;"AGUARDANDO JULGAMENTO";"-1";"#NULO";"-1";"#NULO";-1;"#NULO";-1;"#NULO";-1;"#NULO";-1;"#NULO";"-1";"#NULO"
"15/08/2026";"19:30:51";2026;6259;250002530124;-3;"#NE";1;"BRASILEIRA NATA";-3;"LAMBARI";"37";"N";-1;"#NULO";"3176572.53";"#NE";"S";"-1";"06003327520266260000";"-3";"#NE";"-3";"#NE";"NÃO";"#NULO";-1;"#NULO";"N";"N";-1;-1;"2026-07-23 18:40:08";8;"AGUARDANDO JULGAMENTO";"-1";"#NULO";"-1";"#NULO";-1;"#NULO";-1;"#NULO";-1;"#NULO";-1;"#NULO";"-1";"#NULO"
"15/08/2026";"19:30:51";2026;6259;250002530128;-3;"#NE";2;"BRASILEIRA (NATURALIZADA)";-3;"IRECÊ";"46";"N";0;"NÃO INFORMADO";"3176572.53";"#NE";"S";"-1";"06003283820266260000";"-3";"#NE";"-3";"#NE";"NÃO";"#NULO";-1;"#NULO";"N";"N";-1;-1;"2026-07-23 18:40:08";8;"AGUARDANDO JULGAMENTO";"-1";"#NULO";"-1";"#NULO";-1;"#NULO";-1;"#NULO";-1;"#NULO";-1;"#NULO";"-1";"#NULO"
"15/08/2026";"19:30:51";2026;6259;250002530136;-3;"#NE";1;"BRASILEIRA NATA";-3;"BOITUVA";"46";"N";0;"NÃO INFORMADO";"3176572.53";"#NE";"S";"-1";"06003518120266260000";"-3";"#NE";"-3";"#NE";"NÃO";"#NULO";-1;"#NULO";"N";"N";-1;-1;"2026-07-23 18:40:08";8;"AGUARDANDO JULGAMENTO";"-1";"#NULO";"-1";"#NULO";-1;"#NULO";-1;"#NULO";-1;"#NULO";-1;"#NULO";"-1";"#NULO"
"15/08/2026";"19:30:51";2026;6259;250002530139;-3;"#NE";1;"BRASILEIRA NATA";-3;"CAMPINAS";"46";"N";-1;"#NULO";"3176572.53";"#NE";"N";"-1";"06003413720266260000";"-3";"#NE";"-3";"#NE";"NÃO";"#NULO";-1;"#NULO";"N";"N";-1;-1;"2026-07-23 18:40:08";8;"AGUARDANDO JULGAMENTO";"-1";"#NULO";"-1";"#NULO";-1;"#NULO";-1;"#NULO";-1;"#NULO";-1;"#NULO";"-1";"#NULO"
"15/08/2026";"19:30:51";2026;6259;250002530176;-3;"#NE";1;"BRASILEIRA NATA";-3;"SÃO PAULO";"36";"N";0;"NÃO INFORMADO";"3176572.53";"#NE";"N";"-1";"06003621320266260000";"-3";"#NE";"-3";"#NE";"NÃO";"#NULO";-1;"#NULO";"N";"N";-1;-1;"2026-07-23 18:40:08";8;"AGUARDANDO JULGAMENTO";"-1";"#NULO";"-1";"#NULO";-1;"#NULO";-1;"#NULO";-1;"#NULO";-1;"#NULO";"-1";"#NULO"
"15/08/2026";"19:30:51";2026;6259;250002530185;-3;"#NE";1;"BRASILEIRA NATA";-3;"SABÁUDIA";"49";"N";-1;"#NULO";"1270629.01";"#NE";"N";"-1";"06004695720266260000";"-3";"#NE";"-3";"#NE";"NÃO";"#NULO";-1;"#NULO";"N";"N";-1;-1;"2026-07-23 19:03:01";8;"AGUARDANDO JULGAMENTO";"-1";"#NULO";"-1";"#NULO";-1;"#NULO";-1;"#NULO";-1;"#NULO";-1;"#NULO";"-1";"#NULO"
"15/08/2026";"19:30:51";2026;6259;250002530183;-3;"#NE";1;"BRASILEIRA NATA";-3;"PARANAVAÍ";"59";"N";-1;"#NULO";"1270629.01";"#NE";"N";"-1";"06004383720266260000";"-3";"#NE";"-3";"#NE";"NÃO";"#NULO";-1;"#NULO";"N";"N";-1;-1;"2026-07-23 19:03:01";8;"AGUARDANDO JULGAMENTO";"-1";"#NULO";"-1";"#NULO";-1;"#NULO";-1;"#NULO";-1;"#NULO";-1;"#NULO";"-1";"#NULO"
"15/08/2026";"19:30:51";2026;6259;250002530188;-3;"#NE";2;"BRASILEIRA (NATURALIZADA)";-3;"AFOGADOS DA INGAZEIRA";"44";"N";-1;"#NULO";"1270629.01";"#NE";"S";"-1";"06004687220266260000";"-3";"#NE";"-3";"#NE";"NÃO";"#NULO";-1;"#NULO";"N";"N";-1;-1;"2026-07-23 19:03:01";8;"AGUARDANDO JULGAMENTO";"-1";"#NULO";"-1";"#NULO";-1;"#NULO";-1;"#NULO";-1;"#NULO";-1;"#NULO";"-1";"#NULO"
"15/08/2026";"19:30:51";2026;6259;250002530194;-3;"#NE";2;"BRASILEIRA (NATURALIZADA)";-3;"ITUVERAVA";"21";"N";0;"NÃO INFORMADO";"1270629.01";"#NE";"S";"-1";"06004790420266260000";"-3";"#NE";"-3";"#NE";"NÃO";"#NULO";-1;"#NULO";"N";"N";-1;-1;"2026-07-23 19:03:01";8;"AGUARDANDO JULGAMENTO";"-1";"#NULO";"-1";"#NULO";-1;"#NULO";-1;"#NULO";-1;"#NULO";-1;"#NULO";"-1";"#NULO"
"15/08/2026";"19:30:51";2026;6259;250002530204;-3;"#NE";1;"BRASILEIRA NATA";-3;"OSASCO";"43";"N";-1;"#NULO";"1270629.01";"#NE";"S";"-1";"06004011020266260000";"-3";"#NE";"-3";"#NE";"NÃO";"#NULO";-1;"#NULO";"N";"N";-1;-1;"2026-07-23 19:03:01";8;"AGUARDANDO JULGAMENTO";"-1";"#NULO";"-1";"#NULO";-1;"#NULO";-1;"#NULO";-1;"#NULO";-1;"#NULO";"-1";"#NULO"
"15/08/2026";"19:30:51";2026;6259;250002530216;-3;"#NE";1;"BRASILEIRA NATA";-3;"CAMPINAS";"58";"N";-1;"#NULO";"1270629.01";"#NE";"S";"-1";"06004123920266260000";"-3";"#NE";"-3";"#NE";"NÃO";"#NULO";-1;"#NULO";"N";"N";-1;-1;"2026-07-23 19:03:01";8;"AGUARDANDO JULGAMENTO";"-1";"#NULO";"-1";"#NULO";-1;"#NULO";-1;"#NULO";-1;"#NULO";-1;"#NULO";"-1";"#NULO"
"15/08/2026";"19:30:51";2026;6259;250002530220;-3;"#NE";1;"BRASILEIRA NATA";-3;"DIADEMA";"36";"N";-1;"#NULO";"1270629.01";"#NE";"S";"-1";"06004764920266260000";"-3";"#NE";"-3";"#NE";"NÃO";"#NULO";-1;"#NULO";"N";"N";-1;-1;"2026-07-23 19:03:01";8;"AGUARDANDO JULGAMENTO";"-1";"#NULO";"-1";"#NULO";-1;"#NULO";-1;"#NULO";-1;"#NULO";-1;"#NULO";"-1";"#NULO"
"15/08/2026";"19:30:51";2026;6259;250002530221;-3;"#NE";1;"BRASILEIRA NATA";-3;"DRACENA";"57";"N";-1;"#NULO";"1270629.01";"#NE";"S";"-1";"06003924820266260000";"-3";"#NE";"-3";"#NE";"NÃO";"#NULO";-1;"#NULO";"N";"N";-1;-1;"2026-07-23 19:03:01";8;"AGUARDANDO JULGAMENTO";"-1";"#NULO";"-1";"#NULO";-1;"#NULO";-1;"#NULO";-1;"#NULO";-1;"#NULO";"-1";"#NULO"
"15/08/2026";"19:30:51";2026;6259;250002530223;-3;"#NE";2;"BRASILEIRA (NATURALIZADA)";-3;"FRANCA";"70";"N";0;"NÃO INFORMADO";"1270629.01";"#NE";"N";"-1";"06004245320266260000";"-3";"#NE";"-3";"#NE";"NÃO";"#NULO";-1;"#NULO";"N";"N";-1;-1;"2026-07-23 19:03:01";8;"AGUARDANDO JULGAMENTO";"-1";"#NULO";"-1";"#NULO";-1;"#NULO";-1;"#NULO";-1;"#NULO";-1;"#NULO";"-1";"#NULO"
"15/08/2026";"19:30:51";2026;6259;250002530239;-3;"#NE";1;"BRASILEIRA NATA";-3;"SÃO PAULO";"35";"N";0;"NÃO INFORMADO";"1270629.01";"#NE";"N";"-1";"06004046220266260000";"-3";"#NE";"-3";"#NE";"NÃO";"#NULO";-1;"#NULO";"N";"N";-1;-1;"2026-07-23 19:03:01";8;"AGUARDANDO JULGAMENTO";"-1";"#NULO";"-1";"#NULO";-1;"#NULO";-1;"#NULO";-1;"#NULO";-1;"#NULO";"-1";"#NULO"
"15/08/2026";"19:30:51";2026;6259;250002530247;-3;"#NE";2;"BRASILEIRA (NATURALIZADA)";-3;"SÃO PAULO";"55";"N";-1;"#NULO";"1270629.01";"#NE";"N";"-1";"06003855620266260000";"-3";"#NE";"-3";"#NE";"NÃO";"#NULO";-1;"#NULO";"N";"N";-1;-1;"2026-07-23 19:03:01";8;"AGUARDANDO JULGAMENTO";"-1";"#NULO";"-1";"#NULO";-1;"#NULO";-1;"#NULO";-1;"#NULO";-1;"#NULO";"-1";"#NULO"
"15/08/2026";"19:30:51";2026;6259;250002530261;-3;"#NE";1;"BRASILEIRA NATA";-3;"SÃO PAULO";"40";"N";0;"NÃO INFORMADO";"1270629.01";"#NE";"S";"-1";"06004626520266260000";"-3";"#NE";"-3";"#NE";"NÃO";"#NULO";-1;"#NULO";"N";"N";-1;-1;"2026-07-23 19:03:01";8;"AGUARDANDO JULGAMENTO";"-1";"#NULO";"-1";"#NULO";-1;"#NULO";-1;"#NULO";-1;"#NULO";-1;"#NULO";"-1";"#NULO"
"15/08/2026";"19:30:51";2026;6259;250002530265;-3;"#NE";1;"BRASILEIRA NATA";-3;"SÃO PAULO";"36";"N";-1;"#NULO";"1270629.01";"#NE";"S";"-1";"06004115420266260000";"-3";"#NE";"-3";"#NE";"NÃO";"#NULO";-1;"#NULO";"N";"N";-1;-1;"2026-07-23 19:03:01";8;"AGUARDANDO JULGAMENTO";"-1";"#NULO";"-1";"#NULO";-1;"#NULO";-1;"#NULO";-1;"#NULO";-1;"#NULO";"-1";"#NULO"
"15/08/2026";"19:30:51";2026;6259;250002532322;-3;"#NE";1;"BRASILEIRA NATA";-3;"PORTO FELIZ";"60";"N";0;"NÃO INFORMADO";"3176572.53";"#NE";"S";"-1";"06005475120266260000";"-3";"#NE";"-3";"#NE";"NÃO";"#NULO";-1;"#NULO";"N";"N";-1;-1;"2026-07-27 18:23:24";8;"AGUARDANDO JULGAMENTO";"-1";"#NULO";"-1";"#NULO";-1;"#NULO";-1;"#NULO";-1;"#NULO";-1;"#NULO";"-1";"#NULO"
"15/08/2026";"19:30:51";2026;6259;250002532338;-3;"#NE";1;"BRASILEIRA NATA";-3;"FERNANDÓPOLIS";"49";"N";0;"NÃO INFORMADO";"3176572.53";"#NE";"S";"-1";"06004911820266260000";"-3";"#NE";"-3";"#NE";"NÃO";"#NULO";-1;"#NULO";"N";"N";-1;-1;"2026-07-27 18:23:24";8;"AGUARDANDO JULGAMENTO";"-1";"#NULO";"-1";"#NULO";-1;"#NULO";-1;"#NULO";-1;"#NULO";-1;"#NULO";"-1";"#NULO"
"15/08/2026";"19:30:51";2026;6259;250002532348;-3;"#NE";1;"BRASILEIRA NATA";-3;"PRESIDENTE PRUDENTE";"58";"N";0;"NÃO INFORMADO";"3176572.53";"#NE";"S";"-1";"06005129120266260000";"-3";"#NE";"-3";"#NE";"NÃO";"#NULO";-1;"#NULO";"N";"N";-1;-1;"2026-07-27 18:23:24";8;"AGUARDANDO JULGAMENTO";"-1";"#NULO";"-1";"#NULO";-1;"#NULO";-1;"#NULO";-1;"#NULO";-1;"#NULO";"-1";"#NULO"
"15/08/2026";"19:30:51";2026;6259;250002532351;-3;"#NE";1;"BRASILEIRA NATA";-3;"TAUBATÉ";"40";"N";-1;"#NULO";"3176572.53";"#NE";"S";"-1";"06005171620266260000";"-3";"#NE";"-3";"#NE";"NÃO";"#NULO";-1;"#NULO";"N";"N";-1;-1;"2026-07-27 18:23:24";8;"AGUARDANDO JULGAMENTO";"-1";"#NULO";"-1";"#NULO";-1;"#NULO";-1;"#NULO";-1;"#NULO";-1;"#NULO";"-1";"#NULO"
"15/08/2026";"19:30:51";2026;6259;250002532349;-3;"#NE";1;"BRASILEIRA NATA";-3;"JUNDIAÍ";"42";"N";0;"NÃO INFORMADO";"3176572.53";"#NE";"S";"-1";"06004972520266260000";"-3";"#NE";"-3";"#NE";"NÃO";"#NULO";-1;"#NULO";"N";"N";-1;-1;"2026-07-27 18:23:24";8;"AGUARDANDO JULGAMENTO";"-1";"#NULO";"-1";"#NULO";-1;"#NULO";-1;"#NULO";-1;"#NULO";-1;"#NULO";"-1";"#NULO"
"15/08/2026";"19:30:51";2026;6259;250002532369;-3;"#NE";1;"BRASILEIRA NATA";-3;"PINDAMONHANGABA";"52";"N";0;"NÃO INFORMADO";"3176572.53";"#NE";"S";"-1";"06005405920266260000";"-3";"#NE";"-3";"#NE";"NÃO";"#NULO";-1;"#NULO";"N";"N";-1;-1;"2026-07-27 18:23:24";8;"AGUARDANDO JULGAMENTO";"-1";"#NULO";"-1";"#NULO";-1;"#NULO";-1;"#NULO";-1;"#NULO";-1;"#NULO";"-1";"#NULO"
"15/08/2026";"19:30:51";2026;6259;250002532370;-3;"#NE";1;"BRASILEIRA NATA";-3;"VINHEDO";"38";"N";0;"NÃO INFORMADO";"3176572.53";"#NE";"S";"-1";"06005293020266260000";"-3";"#NE";"-3";"#NE";"NÃO";"#NULO";-1;"#NULO";"N";"N";-1;-1;"2026-07-27 18:23:24";8;"AGUARDANDO JULGAMENTO";"-1";"#NULO";"-1";"#NULO";-1;"#NULO";-1;"#NULO";-1;"#NULO";-1;"#NULO";"-1";"#NULO"
"15/08/2026";"19:30:51";2026;6259;250002532377;-3;"#NE";1;"BRASILEIRA NATA";-3;"BAURU";"40";"N";0;"NÃO INFORMADO";"3176572.53";"#NE";"S";"-1";"06005345220266260000";"-3";"#NE";"-3";"#NE";"NÃO";"#NULO";-1;"#NULO";"N";"N";-1;-1;"2026-07-27 18:23:24";8;"AGUARDANDO JULGAMENTO";"-1";"#NULO";"-1";"#NULO";-1;"#NULO";-1;"#NULO";-1;"#NULO";-1;"#NULO";"-1";"#NULO"
"15/08/2026";"19:30:51";2026;6259;250002532793;-3;"#NE";1;"BRASILEIRA NATA";-3;"SÃO PAULO";"48";"N";0;"NÃO INFORMADO";"-1";"#NE";"N";"-1";"06005500620266260000";"-3";"#NE";"-3";"#NE";"NÃO";"#NULO";-1;"#NULO";"N";"S";-1;-1;"2026-07-28 13:01:34";6;"RENÚNCIA";"-1";"#NULO";"-1";"#NULO";-1;"#NULO";-1;"#NULO";-1;"#NULO";-1;"#NULO";"-1";"#NULO"
"15/08/2026";"19:30:51";2026;6259;250002533614;-3;"#NE";1;"BRASILEIRA NATA";-3;"LUCÉLIA";"57";"N";-1;"#NULO";"3176572.53";"#NE";"S";"-1";"06006860320266260000";"-3";"#NE";"-3";"#NE";"NÃO";"#NULO";-1;"#NULO";"N";"N";-1;-1;"2026-07-30 18:02:50";8;"AGUARDANDO JULGAMENTO";"-1";"#NULO";"-1";"#NULO";-1;"#NULO";-1;"#NULO";-1;"#NULO";-1;"#NULO";"-1";"#NULO"
"15/08/2026";"19:30:51";2026;6259;250002533624;-3;"#NE";1;"BRASILEIRA NATA";-3;"BOTUCATU";"53";"N";0;"NÃO INFORMADO";"3176572.53";"#NE";"S";"-1";"06006878520266260000";"-3";"#NE";"-3";"#NE";"NÃO";"#NULO";-1;"#NULO";"N";"N";-1;-1;"2026-07-30 18:02:50";8;"AGUARDANDO JULGAMENTO";"-1";"#NULO";"-1";"#NULO";-1;"#NULO";-1;"#NULO";-1;"#NULO";-1;"#NULO";"-1";"#NULO"
"15/08/2026";"19:30:51";2026;6259;250002533634;-3;"#NE";1;"BRASILEIRA NATA";-3;"GUARULHOS";"50";"N";-1;"#NULO";"3176572.53";"#NE";"N";"-1";"06006826320266260000";"-3";"#NE";"-3";"#NE";"NÃO";"#NULO";-1;"#NULO";"N";"N";-1;-1;"2026-07-30 18:02:50";8;"AGUARDANDO JULGAMENTO";"-1";"#NULO";"-1";"#NULO";-1;"#NULO";-1;"#NULO";-1;"#NULO";-1;"#NULO";"-1";"#NULO"
"15/08/2026";"19:30:51";2026;6259;250002533632;-3;"#NE";1;"BRASILEIRA NATA";-3;"GUARACI";"41";"N";-1;"#NULO";"3176572.53";"#NE";"S";"-1";"06006757120266260000";"-3";"#NE";"-3";"#NE";"NÃO";"#NULO";-1;"#NULO";"N";"N";-1;-1;"2026-07-30 18:02:50";8;"AGUARDANDO JULGAMENTO";"-1";"#NULO";"-1";"#NULO";-1;"#NULO";-1;"#NULO";-1;"#NULO";-1;"#NULO";"-1";"#NULO"
"15/08/2026";"19:30:51";2026;6259;250002533646;-3;"#NE";1;"BRASILEIRA NATA";-3;"SÃO PAULO";"38";"N";-1;"#NULO";"3176572.53";"#NE";"S";"-1";"06006470620266260000";"-3";"#NE";"-3";"#NE";"NÃO";"#NULO";-1;"#NULO";"N";"N";-1;-1;"2026-07-30 18:02:50";8;"AGUARDANDO JULGAMENTO";"-1";"#NULO";"-1";"#NULO";-1;"#NULO";-1;"#NULO";-1;"#NULO";-1;"#NULO";"-1";"#NULO"
"15/08/2026";"19:30:51";2026;6259;250002533663;-3;"#NE";1;"BRASILEIRA NATA";-3;"SÃO PAULO";"46";"N";-1;"#NULO";"3176572.53";"#NE";"S";"-1";"06007094620266260000";"-3";"#NE";"-3";"#NE";"NÃO";"#NULO";-1;"#NULO";"N";"N";-1;-1;"2026-07-30 18:02:50";8;"AGUARDANDO JULGAMENTO";"-1";"#NULO";"-1";"#NULO";-1;"#NULO";-1;"#NULO";-1;"#NULO";-1;"#NULO";"-1";"#NULO"
"15/08/2026";"19:30:51";2026;6259;250002533733;-3;"#NE";1;"BRASILEIRA NATA";-3;"SÃO JOSÉ DOS CAMPOS";"56";"N";0;"NÃO INFORMADO";"1270629.01";"#NE";"S";"-1";"06006367420266260000";"-3";"#NE";"-3";"#NE";"NÃO";"#NULO";-1;"#NULO";"N";"N";-1;-1;"2026-07-30 13:42:57";8;"AGUARDANDO JULGAMENTO";"-1";"#NULO";"-1";"#NULO";-1;"#NULO";-1;"#NULO";-1;"#NULO";-1;"#NULO";"-1";"#NULO"
"15/08/2026";"19:30:51";2026;6259;250002533737;-3;"#NE";1;"BRASILEIRA NATA";-3;"BIRIGUI";"33";"N";0;"NÃO INFORMADO";"1270629.01";"#NE";"S";"-1";"06006116120266260000";"-3";"#NE";"-3";"#NE";"NÃO";"#NULO";-1;"#NULO";"N";"N";-1;-1;"2026-07-30 13:42:57";8;"AGUARDANDO JULGAMENTO";"-1";"#NULO";"-1";"#NULO";-1;"#NULO";-1;"#NULO";-1;"#NULO";-1;"#NULO";"-1";"#NULO"
"15/08/2026";"19:30:51";2026;6259;250002533741;-3;"#NE";1;"BRASILEIRA NATA";-3;"SÃO PAULO";"46";"N";-1;"#NULO";"1270629.01";"#NE";"S";"-1";"06005682720266260000";"-3";"#NE";"-3";"#NE";"NÃO";"#NULO";-1;"#NULO";"N";"N";-1;-1;"2026-07-30 13:42:57";8;"AGUARDANDO JULGAMENTO";"-1";"#NULO";"-1";"#NULO";-1;"#NULO";-1;"#NULO";-1;"#NULO";-1;"#NULO";"-1";"#NULO"
"15/08/2026";"19:30:51";2026;6259;250002533745;-3;"#NE";1;"BRASILEIRA NATA";-3;"RIBEIRÃO PRETO";"47";"N";0;"NÃO INFORMADO";"1270629.01";"#NE";"S";"-1";"06005613520266260000";"-3";"#NE";"-3";"#NE";"NÃO";"#NULO";-1;"#NULO";"N";"N";-1;-1;"2026-07-30 13:42:57";8;"AGUARDANDO JULGAMENTO";"-1";"#NULO";"-1";"#NULO";-1;"#NULO";-1;"#NULO";-1;"#NULO";-1;"#NULO";"-1";"#NULO"
"15/08/2026";"19:30:51";2026;6259;250002533746;-3;"#NE";1;"BRASILEIRA NATA";-3;"PORTO FELIZ";"67";"N";-1;"#NULO";"1270629.01";"#NE";"S";"-1";"06005969220266260000";"-3";"#NE";"-3";"#NE";"NÃO";"#NULO";-1;"#NULO";"N";"N";-1;-1;"2026-07-30 13:42:57";8;"AGUARDANDO JULGAMENTO";"-1";"#NULO";"-1";"#NULO";-1;"#NULO";-1;"#NULO";-1;"#NULO";-1;"#NULO";"-1";"#NULO"
"15/08/2026";"19:30:51";2026;6259;250002533749;-3;"#NE";1;"BRASILEIRA NATA";-3;"SÃO PAULO";"41";"N";-1;"#NULO";"1270629.01";"#NE";"S";"-1";"06006003220266260000";"-3";"#NE";"-3";"#NE";"NÃO";"#NULO";-1;"#NULO";"N";"N";-1;-1;"2026-07-30 13:42:57";8;"AGUARDANDO JULGAMENTO";"-1";"#NULO";"-1";"#NULO";-1;"#NULO";-1;"#NULO";-1;"#NULO";-1;"#NULO";"-1";"#NULO"
"15/08/2026";"19:30:51";2026;6259;250002533752;-3;"#NE";1;"BRASILEIRA NATA";-3;"GARÇA";"45";"N";-1;"#NULO";"1270629.01";"#NE";"S";"-1";"06005804120266260000";"-3";"#NE";"-3";"#NE";"NÃO";"#NULO";-1;"#NULO";"N";"N";-1;-1;"2026-07-30 13:42:57";8;"AGUARDANDO JULGAMENTO";"-1";"#NULO";"-1";"#NULO";-1;"#NULO";-1;"#NULO";-1;"#NULO";-1;"#NULO";"-1";"#NULO"
"15/08/2026";"19:30:51";2026;6259;250002533756;-3;"#NE";1;"BRASILEIRA NATA";-3;"RIO DE JANEIRO";"51";"N";-1;"#NULO";"1270629.01";"#NE";"S";"-1";"06005717920266260000";"-3";"#NE";"-3";"#NE";"NÃO";"#NULO";-1;"#NULO";"N";"N";-1;-1;"2026-07-30 13:42:57";8;"AGUARDANDO JULGAMENTO";"-1";"#NULO";"-1";"#NULO";-1;"#NULO";-1;"#NULO";-1;"#NULO";-1;"#NULO";"-1";"#NULO"
"15/08/2026";"19:30:51";2026;6259;250002533755;-3;"#NE";1;"BRASILEIRA NATA";-3;"SÃO PAULO";"50";"N";-1;"#NULO";"1270629.01";"#NE";"S";"-1";"06006332220266260000";"-3";"#NE";"-3";"#NE";"NÃO";"#NULO";-1;"#NULO";"N";"N";-1;-1;"2026-07-30 13:42:57";8;"AGUARDANDO JULGAMENTO";"-1";"#NULO";"-1";"#NULO";-1;"#NULO";-1;"#NULO";-1;"#NULO";-1;"#NULO";"-1";"#NULO"
"15/08/2026";"19:30:51";2026;6259;250002533760;-3;"#NE";1;"BRASILEIRA NATA";-3;"VINHEDO";"40";"N";-1;"#NULO";"1270629.01";"#NE";"S";"-1";"06005847820266260000";"-3";"#NE";"-3";"#NE";"NÃO";"#NULO";-1;"#NULO";"N";"N";-1;-1;"2026-07-30 13:42:57";8;"AGUARDANDO JULGAMENTO";"-1";"#NULO";"-1";"#NULO";-1;"#NULO";-1;"#NULO";-1;"#NULO";-1;"#NULO";"-1";"#NULO"
"15/08/2026";"19:30:51";2026;6259;250002533768;-3;"#NE";1;"BRASILEIRA NATA";-3;"GUARULHOS";"46";"N";-1;"#NULO";"1270629.01";"#NE";"S";"-1";"06006340720266260000";"-3";"#NE";"-3";"#NE";"NÃO";"#NULO";-1;"#NULO";"N";"N";-1;-1;"2026-07-30 13:42:57";8;"AGUARDANDO JULGAMENTO";"-1";"#NULO";"-1";"#NULO";-1;"#NULO";-1;"#NULO";-1;"#NULO";-1;"#NULO";"-1";"#NULO"
"15/08/2026";"19:30:51";2026;6259;250002533770;-3;"#NE";1;"BRASILEIRA NATA";-3;"SÃO PAULO";"35";"N";-1;"#NULO";"1270629.01";"#NE";"N";"-1";"06006133120266260000";"-3";"#NE";"-3";"#NE";"NÃO";"#NULO";-1;"#NULO";"N";"N";-1;-1;"2026-07-30 13:42:57";8;"AGUARDANDO JULGAMENTO";"-1";"#NULO";"-1";"#NULO";-1;"#NULO";-1;"#NULO";-1;"#NULO";-1;"#NULO";"-1";"#NULO"
"15/08/2026";"19:30:51";2026;6259;250002533771;-3;"#NE";1;"BRASILEIRA NATA";-3;"SÃO PAULO";"58";"N";-1;"#NULO";"1270629.01";"#NE";"N";"-1";"06006063920266260000";"-3";"#NE";"-3";"#NE";"NÃO";"#NULO";-1;"#NULO";"N";"N";-1;-1;"2026-07-30 13:42:57";8;"AGUARDANDO JULGAMENTO";"-1";"#NULO";"-1";"#NULO";-1;"#NULO";-1;"#NULO";-1;"#NULO";-1;"#NULO";"-1";"#NULO"
"15/08/2026";"19:30:51";2026;6259;250002533806;-3;"#NE";1;"BRASILEIRA NATA";-3;"FERRAZ DE VASCONCELOS";"51";"N";0;"NÃO INFORMADO";"1270629.01";"#NE";"S";"-1";"06005622020266260000";"-3";"#NE";"-3";"#NE";"NÃO";"#NULO";-1;"#NULO";"N";"N";-1;-1;"2026-07-30 13:42:57";8;"AGUARDANDO JULGAMENTO";"-1";"#NULO";"-1";"#NULO";-1;"#NULO";-1;"#NULO";-1;"#NULO";-1;"#NULO";"-1";"#NULO"
"15/08/2026";"19:30:51";2026;6259;250002533952;-3;"#NE";1;"BRASILEIRA NATA";-3;"EXU";"50";"N";0;"NÃO INFORMADO";"1270629.01";"#NE";"S";"-1";"06007553520266260000";"-3";"#NE";"-3";"#NE";"NÃO";"#NULO";-1;"#NULO";"N";"N";-1;-1;"2026-07-30 18:39:36";8;"AGUARDANDO JULGAMENTO";"-1";"#NULO";"-1";"#NULO";-1;"#NULO";-1;"#NULO";-1;"#NULO";-1;"#NULO";"-1";"#NULO"
"15/08/2026";"19:30:51";2026;6259;250002534135;-3;"#NE";1;"BRASILEIRA NATA";-3;"SÃO PAULO";"44";"N";-1;"#NULO";"1270629.01";"#NE";"S";"-1";"06008887720266260000";"-3";"#NE";"-3";"#NE";"NÃO";"#NULO";-1;"#NULO";"N";"N";-1;-1;"2026-07-31 18:08:08";8;"AGUARDANDO JULGAMENTO";"-1";"#NULO";"-1";"#NULO";-1;"#NULO";-1;"#NULO";-1;"#NULO";-1;"#NULO";"-1";"#NULO"
"15/08/2026";"19:30:51";2026;6259;250002534134;-3;"#NE";1;"BRASILEIRA NATA";-3;"SÃO PAULO";"49";"N";-1;"#NULO";"1270629.01";"#NE";"S";"-1";"06009156020266260000";"-3";"#NE";"-3";"#NE";"NÃO";"#NULO";-1;"#NULO";"N";"N";-1;-1;"2026-07-31 18:08:08";8;"AGUARDANDO JULGAMENTO";"-1";"#NULO";"-1";"#NULO";-1;"#NULO";-1;"#NULO";-1;"#NULO";-1;"#NULO";"-1";"#NULO"
"15/08/2026";"19:30:51";2026;6259;250002534139;-3;"#NE";1;"BRASILEIRA NATA";-3;"ITAPETININGA";"60";"N";-1;"#NULO";"1270629.01";"#NE";"S";"-1";"06008749320266260000";"-3";"#NE";"-3";"#NE";"NÃO";"#NULO";-1;"#NULO";"N";"N";-1;-1;"2026-07-31 18:08:08";8;"AGUARDANDO JULGAMENTO";"-1";"#NULO";"-1";"#NULO";-1;"#NULO";-1;"#NULO";-1;"#NULO";-1;"#NULO";"-1";"#NULO"
"15/08/2026";"19:30:51";2026;6259;250002534150;-3;"#NE";1;"BRASILEIRA NATA";-3;"PARAIBUNA";"65";"N";0;"NÃO INFORMADO";"1270629.01";"#NE";"S";"-1";"06009147520266260000";"-3";"#NE";"-3";"#NE";"NÃO";"#NULO";-1;"#NULO";"N";"N";-1;-1;"2026-07-31 18:08:08";8;"AGUARDANDO JULGAMENTO";"-1";"#NULO";"-1";"#NULO";-1;"#NULO";-1;"#NULO";-1;"#NULO";-1;"#NULO";"-1";"#NULO"
"15/08/2026";"19:30:51";2026;6259;250002534156;-3;"#NE";1;"BRASILEIRA NATA";-3;"SÃO PAULO";"52";"N";0;"NÃO INFORMADO";"1270629.01";"#NE";"S";"-1";"06009086820266260000";"-3";"#NE";"-3";"#NE";"NÃO";"#NULO";-1;"#NULO";"N";"N";-1;-1;"2026-07-31 18:08:08";8;"AGUARDANDO JULGAMENTO";"-1";"#NULO";"-1";"#NULO";-1;"#NULO";-1;"#NULO";-1;"#NULO";-1;"#NULO";"-1";"#NULO"
"15/08/2026";"19:30:51";2026;6259;250002534158;-3;"#NE";1;"BRASILEIRA NATA";-3;"SÃO PAULO";"66";"N";-1;"#NULO";"1270629.01";"#NE";"S";"-1";"06008844020266260000";"-3";"#NE";"-3";"#NE";"NÃO";"#NULO";-1;"#NULO";"N";"N";-1;-1;"2026-07-31 18:08:08";8;"AGUARDANDO JULGAMENTO";"-1";"#NULO";"-1";"#NULO";-1;"#NULO";-1;"#NULO";-1;"#NULO";-1;"#NULO";"-1";"#NULO"
"15/08/2026";"19:30:51";2026;6259;250002534162;-3;"#NE";1;"BRASILEIRA NATA";-3;"SÃO PAULO";"52";"N";0;"NÃO INFORMADO";"1270629.01";"#NE";"S";"-1";"06008827020266260000";"-3";"#NE";"-3";"#NE";"NÃO";"#NULO";-1;"#NULO";"N";"N";-1;-1;"2026-07-31 18:08:08";8;"AGUARDANDO JULGAMENTO";"-1";"#NULO";"-1";"#NULO";-1;"#NULO";-1;"#NULO";-1;"#NULO";-1;"#NULO";"-1";"#NULO"
"15/08/2026";"19:30:51";2026;6259;250002534168;-3;"#NE";1;"BRASILEIRA NATA";-3;"RIBEIRÃO PRETO";"74";"N";0;"NÃO INFORMADO";"1270629.01";"#NE";"S";"-1";"06008653420266260000";"-3";"#NE";"-3";"#NE";"NÃO";"#NULO";-1;"#NULO";"N";"N";-1;-1;"2026-07-31 18:08:08";8;"AGUARDANDO JULGAMENTO";"-1";"#NULO";"-1";"#NULO";-1;"#NULO";-1;"#NULO";-1;"#NULO";-1;"#NULO";"-1";"#NULO"
"15/08/2026";"19:30:51";2026;6259;250002534186;-3;"#NE";1;"BRASILEIRA NATA";-3;"SÃO PAULO";"60";"N";0;"NÃO INFORMADO";"1270629.01";"#NE";"N";"-1";"06009216720266260000";"-3";"#NE";"-3";"#NE";"NÃO";"#NULO";-1;"#NULO";"N";"N";-1;-1;"2026-07-31 18:08:08";8;"AGUARDANDO JULGAMENTO";"-1";"#NULO";"-1";"#NULO";-1;"#NULO";-1;"#NULO";-1;"#NULO";-1;"#NULO";"-1";"#NULO"
"15/08/2026";"19:30:51";2026;6259;250002534194;-3;"#NE";1;"BRASILEIRA NATA";-3;"NAZARÉ DA MATA";"53";"N";-1;"#NULO";"1270629.01";"#NE";"N";"-1";"06007631220266260000";"-3";"#NE";"-3";"#NE";"NÃO";"#NULO";-1;"#NULO";"N";"N";-1;-1;"2026-07-30 18:39:36";8;"AGUARDANDO JULGAMENTO";"-1";"#NULO";"-1";"#NULO";-1;"#NULO";-1;"#NULO";-1;"#NULO";-1;"#NULO";"-1";"#NULO"
"15/08/2026";"19:30:51";2026;6259;250002534196;-3;"#NE";1;"BRASILEIRA NATA";-3;"BOM JESUS";"65";"N";-1;"#NULO";"1270629.01";"#NE";"S";"-1";"06007406620266260000";"-3";"#NE";"-3";"#NE";"NÃO";"#NULO";-1;"#NULO";"N";"N";-1;-1;"2026-07-30 18:39:36";8;"AGUARDANDO JULGAMENTO";"-1";"#NULO";"-1";"#NULO";-1;"#NULO";-1;"#NULO";-1;"#NULO";-1;"#NULO";"-1";"#NULO"
"15/08/2026";"19:30:51";2026;6259;250002534197;-3;"#NE";1;"BRASILEIRA NATA";-3;"FORMIGA";"41";"N";-1;"#NULO";"1270629.01";"#NE";"S";"-1";"06007865520266260000";"-3";"#NE";"-3";"#NE";"NÃO";"#NULO";-1;"#NULO";"N";"N";-1;-1;"2026-07-30 18:39:36";8;"AGUARDANDO JULGAMENTO";"-1";"#NULO";"-1";"#NULO";-1;"#NULO";-1;"#NULO";-1;"#NULO";-1;"#NULO";"-1";"#NULO"
"15/08/2026";"19:30:51";2026;6259;250002534198;-3;"#NE";1;"BRASILEIRA NATA";-3;"LAVRAS";"40";"N";-1;"#NULO";"1270629.01";"#NE";"N";"-1";"06007926220266260000";"-3";"#NE";"-3";"#NE";"NÃO";"#NULO";-1;"#NULO";"N";"N";-1;-1;"2026-07-30 18:39:36";8;"AGUARDANDO JULGAMENTO";"-1";"#NULO";"-1";"#NULO";-1;"#NULO";-1;"#NULO";-1;"#NULO";-1;"#NULO";"-1";"#NULO"
"15/08/2026";"19:30:51";2026;6259;250002534200;-3;"#NE";1;"BRASILEIRA NATA";-3;"ITAPEVI";"41";"N";-1;"#NULO";"1270629.01";"#NE";"S";"-1";"06007960220266260000";"-3";"#NE";"-3";"#NE";"NÃO";"#NULO";-1;"#NULO";"N";"N";-1;-1;"2026-07-30 18:39:36";8;"AGUARDANDO JULGAMENTO";"-1";"#NULO";"-1";"#NULO";-1;"#NULO";-1;"#NULO";-1;"#NULO";-1;"#NULO";"-1";"#NULO"
"15/08/2026";"19:30:51";2026;6259;250002534205;-3;"#NE";1;"BRASILEIRA NATA";-3;"MOCOCA";"53";"N";-1;"#NULO";"1270629.01";"#NE";"S";"-1";"06007779320266260000";"-3";"#NE";"-3";"#NE";"NÃO";"#NULO";-1;"#NULO";"N";"N";-1;-1;"2026-07-30 18:39:36";8;"AGUARDANDO JULGAMENTO";"-1";"#NULO";"-1";"#NULO";-1;"#NULO";-1;"#NULO";-1;"#NULO";-1;"#NULO";"-1";"#NULO"
"15/08/2026";"19:30:51";2026;6259;250002534208;-3;"#NE";1;"BRASILEIRA NATA";-3;"PALMITAL";"57";"N";-1;"#NULO";"1270629.01";"#NE";"S";"-1";"06007700420266260000";"-3";"#NE";"-3";"#NE";"NÃO";"#NULO";-1;"#NULO";"N";"N";-1;-1;"2026-07-30 18:39:36";8;"AGUARDANDO JULGAMENTO";"-1";"#NULO";"-1";"#NULO";-1;"#NULO";-1;"#NULO";-1;"#NULO";-1;"#NULO";"-1";"#NULO"
"15/08/2026";"19:30:51";2026;6259;250002534207;-3;"#NE";1;"BRASILEIRA NATA";-3;"OSASCO";"47";"N";-1;"#NULO";"1270629.01";"#NE";"S";"-1";"06007199020266260000";"-3";"#NE";"-3";"#NE";"NÃO";"#NULO";-1;"#NULO";"N";"N";-1;-1;"2026-07-30 18:39:36";8;"AGUARDANDO JULGAMENTO";"-1";"#NULO";"-1";"#NULO";-1;"#NULO";-1;"#NULO";-1;"#NULO";-1;"#NULO";"-1";"#NULO"
"15/08/2026";"19:30:51";2026;6259;250002534213;-3;"#NE";1;"BRASILEIRA NATA";-3;"ITIÚBA";"45";"N";-1;"#NULO";"1270629.01";"#NE";"S";"-1";"06007398120266260000";"-3";"#NE";"-3";"#NE";"NÃO";"#NULO";-1;"#NULO";"N";"N";-1;-1;"2026-07-30 18:39:36";8;"AGUARDANDO JULGAMENTO";"-1";"#NULO";"-1";"#NULO";-1;"#NULO";-1;"#NULO";-1;"#NULO";-1;"#NULO";"-1";"#NULO"
"15/08/2026";"19:30:51";2026;6259;250002534218;-3;"#NE";1;"BRASILEIRA NATA";-3;"ARARAQUARA";"74";"N";-1;"#NULO";"1270629.01";"#NE";"S";"-1";"06007605720266260000";"-3";"#NE";"-3";"#NE";"NÃO";"#NULO";-1;"#NULO";"N";"N";-1;-1;"2026-07-30 18:39:36";8;"AGUARDANDO JULGAMENTO";"-1";"#NULO";"-1";"#NULO";-1;"#NULO";-1;"#NULO";-1;"#NULO";-1;"#NULO";"-1";"#NULO"
"15/08/2026";"19:30:51";2026;6259;250002534217;-3;"#NE";1;"BRASILEIRA NATA";-3;"ARARAQUARA";"29";"N";-1;"#NULO";"1270629.01";"#NE";"S";"-1";"06007674920266260000";"-3";"#NE";"-3";"#NE";"NÃO";"#NULO";-1;"#NULO";"N";"N";-1;-1;"2026-07-30 18:39:36";8;"AGUARDANDO JULGAMENTO";"-1";"#NULO";"-1";"#NULO";-1;"#NULO";-1;"#NULO";-1;"#NULO";-1;"#NULO";"-1";"#NULO"
"15/08/2026";"19:30:51";2026;6259;250002534253;-3;"#NE";1;"BRASILEIRA NATA";-3;"SÃO PAULO";"33";"N";0;"NÃO INFORMADO";"1270629.01";"#NE";"N";"-1";"06007501320266260000";"-3";"#NE";"-3";"#NE";"NÃO";"#NULO";-1;"#NULO";"N";"N";-1;-1;"2026-07-30 18:39:36";6;"RENÚNCIA";"-1";"#NULO";"-1";"#NULO";-1;"#NULO";-1;"#NULO";-1;"#NULO";-1;"#NULO";"-1";"#NULO"
"15/08/2026";"19:30:51";2026;6259;250002534265;-3;"#NE";1;"BRASILEIRA NATA";-3;"SÃO PAULO";"60";"N";-1;"#NULO";"1270629.01";"#NE";"S";"-1";"06007362920266260000";"-3";"#NE";"-3";"#NE";"NÃO";"#NULO";-1;"#NULO";"N";"N";-1;-1;"2026-07-30 18:39:36";8;"AGUARDANDO JULGAMENTO";"-1";"#NULO";"-1";"#NULO";-1;"#NULO";-1;"#NULO";-1;"#NULO";-1;"#NULO";"-1";"#NULO"
"15/08/2026";"19:30:51";2026;6259;250002534268;-3;"#NE";1;"BRASILEIRA NATA";-3;"SUMARÉ";"44";"N";-1;"#NULO";"1270629.01";"#NE";"S";"-1";"06007691920266260000";"-3";"#NE";"-3";"#NE";"NÃO";"#NULO";-1;"#NULO";"N";"N";-1;-1;"2026-07-30 18:39:36";8;"AGUARDANDO JULGAMENTO";"-1";"#NULO";"-1";"#NULO";-1;"#NULO";-1;"#NULO";-1;"#NULO";-1;"#NULO";"-1";"#NULO"
"15/08/2026";"19:30:51";2026;6259;250002534394;-3;"#NE";1;"BRASILEIRA NATA";-3;"CAMBUÍ";"44";"N";0;"NÃO INFORMADO";"3176572.53";"#NE";"S";"-1";"06008558720266260000";"-3";"#NE";"-3";"#NE";"NÃO";"#NULO";-1;"#NULO";"N";"N";-1;-1;"2026-07-31 17:30:56";8;"AGUARDANDO JULGAMENTO";"-1";"#NULO";"-1";"#NULO";-1;"#NULO";-1;"#NULO";-1;"#NULO";-1;"#NULO";"-1";"#NULO"
"15/08/2026";"19:30:51";2026;6259;250002534400;-3;"#NE";1;"BRASILEIRA NATA";-3;"IGARATÁ";"58";"N";0;"NÃO INFORMADO";"3176572.53";"#NE";"S";"-1";"06008341420266260000";"-3";"#NE";"-3";"#NE";"NÃO";"#NULO";-1;"#NULO";"N";"N";-1;-1;"2026-07-31 17:30:56";8;"AGUARDANDO JULGAMENTO";"-1";"#NULO";"-1";"#NULO";-1;"#NULO";-1;"#NULO";-1;"#NULO";-1;"#NULO";"-1";"#NULO"
"15/08/2026";"19:30:51";2026;6259;250002534402;-3;"#NE";1;"BRASILEIRA NATA";-3;"ITAPETININGA";"41";"N";0;"NÃO INFORMADO";"3176572.53";"#NE";"S";"-1";"06008298920266260000";"-3";"#NE";"-3";"#NE";"NÃO";"#NULO";-1;"#NULO";"N";"N";-1;-1;"2026-07-31 17:30:56";8;"AGUARDANDO JULGAMENTO";"-1";"#NULO";"-1";"#NULO";-1;"#NULO";-1;"#NULO";-1;"#NULO";-1;"#NULO";"-1";"#NULO"
"15/08/2026";"19:30:51";2026;6259;250002534929;-3;"#NE";1;"BRASILEIRA NATA";-3;"SANTA BÁRBARA D OESTE";"53";"N";-1;"#NULO";"3176572.53";"#NE";"S";"-1";"06008142320266260000";"-3";"#NE";"-3";"#NE";"NÃO";"#NULO";-1;"#NULO";"N";"N";-1;-1;"2026-07-31 17:30:56";8;"AGUARDANDO JULGAMENTO";"-1";"#NULO";"-1";"#NULO";-1;"#NULO";-1;"#NULO";-1;"#NULO";-1;"#NULO";"-1";"#NULO"
"15/08/2026";"19:30:51";2026;6259;250002534932;-3;"#NE";1;"BRASILEIRA NATA";-3;"SANTOS";"45";"N";-1;"#NULO";"3176572.53";"#NE";"S";"-1";"06008523520266260000";"-3";"#NE";"-3";"#NE";"NÃO";"#NULO";-1;"#NULO";"N";"N";-1;-1;"2026-07-31 17:30:56";8;"AGUARDANDO JULGAMENTO";"-1";"#NULO";"-1";"#NULO";-1;"#NULO";-1;"#NULO";-1;"#NULO";-1;"#NULO";"-1";"#NULO"
"15/08/2026";"19:30:51";2026;6259;250002534933;-3;"#NE";1;"BRASILEIRA NATA";-3;"SÃO BERNARDO DO CAMPO";"51";"N";-1;"#NULO";"3176572.53";"#NE";"S";"-1";"06008150820266260000";"-3";"#NE";"-3";"#NE";"NÃO";"#NULO";-1;"#NULO";"N";"N";-1;-1;"2026-07-31 17:30:56";8;"AGUARDANDO JULGAMENTO";"-1";"#NULO";"-1";"#NULO";-1;"#NULO";-1;"#NULO";-1;"#NULO";-1;"#NULO";"-1";"#NULO"
"15/08/2026";"19:30:51";2026;6259;250002534942;-3;"#NE";1;"BRASILEIRA NATA";-3;"SÃO PAULO";"50";"N";-1;"#NULO";"3176572.53";"#NE";"N";"-1";"06008255220266260000";"-3";"#NE";"-3";"#NE";"NÃO";"#NULO";-1;"#NULO";"N";"N";-1;-1;"2026-07-31 17:30:56";8;"AGUARDANDO JULGAMENTO";"-1";"#NULO";"-1";"#NULO";-1;"#NULO";-1;"#NULO";-1;"#NULO";-1;"#NULO";"-1";"#NULO"
"15/08/2026";"19:30:51";2026;6259;250002534944;-3;"#NE";1;"BRASILEIRA NATA";-3;"SÃO PAULO";"61";"N";-1;"#NULO";"3176572.53";"#NE";"S";"-1";"06008540520266260000";"-3";"#NE";"-3";"#NE";"NÃO";"#NULO";-1;"#NULO";"N";"N";-1;-1;"2026-07-31 17:30:56";8;"AGUARDANDO JULGAMENTO";"-1";"#NULO";"-1";"#NULO";-1;"#NULO";-1;"#NULO";-1;"#NULO";-1;"#NULO";"-1";"#NULO"
"15/08/2026";"19:30:51";2026;6259;250002534949;-3;"#NE";1;"BRASILEIRA NATA";-3;"TAUBATÉ";"35";"N";0;"NÃO INFORMADO";"3176572.53";"#NE";"S";"-1";"06008515020266260000";"-3";"#NE";"-3";"#NE";"NÃO";"#NULO";-1;"#NULO";"N";"N";-1;-1;"2026-07-31 17:30:56";8;"AGUARDANDO JULGAMENTO";"-1";"#NULO";"-1";"#NULO";-1;"#NULO";-1;"#NULO";-1;"#NULO";-1;"#NULO";"-1";"#NULO"
"15/08/2026";"19:30:51";2026;6259;250002535948;-3;"#NE";1;"BRASILEIRA NATA";-3;"LIMEIRA";"63";"N";0;"NÃO INFORMADO";"3176572.53";"#NE";"S";"-1";"06010065320266260000";"-3";"#NE";"-3";"#NE";"NÃO";"#NULO";-1;"#NULO";"N";"N";-1;-1;"2026-08-03 15:47:14";8;"AGUARDANDO JULGAMENTO";"-1";"#NULO";"-1";"#NULO";-1;"#NULO";-1;"#NULO";-1;"#NULO";-1;"#NULO";"-1";"#NULO"
"15/08/2026";"19:30:51";2026;6259;250002535954;-3;"#NE";1;"BRASILEIRA NATA";-3;"OURINHOS";"60";"N";-1;"#NULO";"3176572.53";"#NE";"S";"-1";"06009562720266260000";"-3";"#NE";"-3";"#NE";"NÃO";"#NULO";-1;"#NULO";"N";"N";-1;-1;"2026-08-03 15:47:14";8;"AGUARDANDO JULGAMENTO";"-1";"#NULO";"-1";"#NULO";-1;"#NULO";-1;"#NULO";-1;"#NULO";-1;"#NULO";"-1";"#NULO"
"15/08/2026";"19:30:51";2026;6259;250002535958;-3;"#NE";1;"BRASILEIRA NATA";-3;"RIO DE JANEIRO";"58";"N";-1;"#NULO";"3176572.53";"#NE";"S";"-1";"06009805520266260000";"-3";"#NE";"-3";"#NE";"NÃO";"#NULO";-1;"#NULO";"N";"N";-1;-1;"2026-08-03 15:47:14";8;"AGUARDANDO JULGAMENTO";"-1";"#NULO";"-1";"#NULO";-1;"#NULO";-1;"#NULO";-1;"#NULO";-1;"#NULO";"-1";"#NULO"
"15/08/2026";"19:30:51";2026;6259;250002535973;-3;"#NE";1;"BRASILEIRA NATA";-3;"SÃO BERNARDO DO CAMPO";"45";"N";-1;"#NULO";"3176572.53";"#NE";"S";"-1";"06009614920266260000";"-3";"#NE";"-3";"#NE";"NÃO";"#NULO";-1;"#NULO";"N";"N";-1;-1;"2026-08-03 15:47:14";8;"AGUARDANDO JULGAMENTO";"-1";"#NULO";"-1";"#NULO";-1;"#NULO";-1;"#NULO";-1;"#NULO";-1;"#NULO";"-1";"#NULO"
"15/08/2026";"19:30:51";2026;6259;250002535983;-3;"#NE";1;"BRASILEIRA NATA";-3;"SÃO PAULO";"41";"N";-1;"#NULO";"3176572.53";"#NE";"S";"-1";"06009528720266260000";"-3";"#NE";"-3";"#NE";"NÃO";"#NULO";-1;"#NULO";"N";"N";-1;-1;"2026-08-03 15:47:14";8;"AGUARDANDO JULGAMENTO";"-1";"#NULO";"-1";"#NULO";-1;"#NULO";-1;"#NULO";-1;"#NULO";-1;"#NULO";"-1";"#NULO"
"15/08/2026";"19:30:51";2026;6259;250002535991;-3;"#NE";1;"BRASILEIRA NATA";-3;"SÃO PAULO";"40";"N";0;"NÃO INFORMADO";"3176572.53";"#NE";"S";"-1";"06009744820266260000";"-3";"#NE";"-3";"#NE";"NÃO";"#NULO";-1;"#NULO";"N";"N";-1;-1;"2026-08-03 15:47:14";8;"AGUARDANDO JULGAMENTO";"-1";"#NULO";"-1";"#NULO";-1;"#NULO";-1;"#NULO";-1;"#NULO";-1;"#NULO";"-1";"#NULO"
"15/08/2026";"19:30:51";2026;6259;250002535992;-3;"#NE";1;"BRASILEIRA NATA";-3;"SÃO PAULO";"73";"N";-1;"#NULO";"3176572.53";"#NE";"S";"-1";"06009943920266260000";"-3";"#NE";"-3";"#NE";"NÃO";"#NULO";-1;"#NULO";"N";"N";-1;-1;"2026-08-03 15:47:14";8;"AGUARDANDO JULGAMENTO";"-1";"#NULO";"-1";"#NULO";-1;"#NULO";-1;"#NULO";-1;"#NULO";-1;"#NULO";"-1";"#NULO"
"15/08/2026";"19:30:51";2026;6259;250002536247;-3;"#NE";1;"BRASILEIRA NATA";-3;"MAURILÂNDIA";"55";"N";-1;"#NULO";"1270629.01";"#NE";"S";"-1";"06011408020266260000";"-3";"#NE";"-3";"#NE";"NÃO";"#NULO";-1;"#NULO";"N";"N";-1;-1;"2026-08-04 11:54:14";8;"AGUARDANDO JULGAMENTO";"-1";"#NULO";"-1";"#NULO";-1;"#NULO";-1;"#NULO";-1;"#NULO";-1;"#NULO";"-1";"#NULO"
"15/08/2026";"19:30:51";2026;6259;250002536251;-3;"#NE";1;"BRASILEIRA NATA";-3;"PUXINANÃ";"58";"N";0;"NÃO INFORMADO";"1270629.01";"#NE";"S";"-1";"06011087520266260000";"-3";"#NE";"-3";"#NE";"NÃO";"#NULO";-1;"#NULO";"N";"N";-1;-1;"2026-08-04 11:54:14";8;"AGUARDANDO JULGAMENTO";"-1";"#NULO";"-1";"#NULO";-1;"#NULO";-1;"#NULO";-1;"#NULO";-1;"#NULO";"-1";"#NULO"
"15/08/2026";"19:30:51";2026;6259;250002536252;-3;"#NE";1;"BRASILEIRA NATA";-3;"SÃO JOSÉ DO BELMONTE";"43";"N";-1;"#NULO";"1270629.01";"#NE";"S";"-1";"06011693320266260000";"-3";"#NE";"-3";"#NE";"NÃO";"#NULO";-1;"#NULO";"N";"N";-1;-1;"2026-08-04 11:54:14";8;"AGUARDANDO JULGAMENTO";"-1";"#NULO";"-1";"#NULO";-1;"#NULO";-1;"#NULO";-1;"#NULO";-1;"#NULO";"-1";"#NULO"
"15/08/2026";"19:30:51";2026;6259;250002536259;-3;"#NE";1;"BRASILEIRA NATA";-3;"PANORAMA";"62";"N";-1;"#NULO";"1270629.01";"#NE";"S";"-1";"06011251420266260000";"-3";"#NE";"-3";"#NE";"NÃO";"#NULO";-1;"#NULO";"N";"N";-1;-1;"2026-08-04 11:54:14";8;"AGUARDANDO JULGAMENTO";"-1";"#NULO";"-1";"#NULO";-1;"#NULO";-1;"#NULO";-1;"#NULO";-1;"#NULO";"-1";"#NULO"
"15/08/2026";"19:30:51";2026;6259;250002536271;-3;"#NE";1;"BRASILEIRA NATA";-3;"AMERICANA";"39";"N";0;"NÃO INFORMADO";"1270629.01";"#NE";"S";"-1";"06011442020266260000";"-3";"#NE";"-3";"#NE";"NÃO";"#NULO";-1;"#NULO";"N";"N";-1;-1;"2026-08-04 11:54:14";8;"AGUARDANDO JULGAMENTO";"-1";"#NULO";"-1";"#NULO";-1;"#NULO";-1;"#NULO";-1;"#NULO";-1;"#NULO";"-1";"#NULO"
"15/08/2026";"19:30:51";2026;6259;250002536273;-3;"#NE";1;"BRASILEIRA NATA";-3;"ARARAQUARA";"63";"N";0;"NÃO INFORMADO";"1270629.01";"#NE";"S";"-1";"06011433520266260000";"-3";"#NE";"-3";"#NE";"NÃO";"#NULO";-1;"#NULO";"N";"N";-1;-1;"2026-08-04 11:54:14";8;"AGUARDANDO JULGAMENTO";"-1";"#NULO";"-1";"#NULO";-1;"#NULO";-1;"#NULO";-1;"#NULO";-1;"#NULO";"-1";"#NULO"
"15/08/2026";"19:30:51";2026;6259;250002536358;-3;"#NE";1;"BRASILEIRA NATA";-3;"MARÍLIA";"38";"N";-1;"#NULO";"1270629.01";"#NE";"S";"-1";"06010991620266260000";"-3";"#NE";"-3";"#NE";"NÃO";"#NULO";-1;"#NULO";"N";"N";-1;-1;"2026-08-03 16:14:03";8;"AGUARDANDO JULGAMENTO";"-1";"#NULO";"-1";"#NULO";-1;"#NULO";-1;"#NULO";-1;"#NULO";-1;"#NULO";"-1";"#NULO"
"15/08/2026";"19:30:51";2026;6259;250002536368;-3;"#NE";1;"BRASILEIRA NATA";-3;"PIRACICABA";"38";"N";0;"NÃO INFORMADO";"1270629.01";"#NE";"S";"-1";"06010949120266260000";"-3";"#NE";"-3";"#NE";"NÃO";"#NULO";-1;"#NULO";"N";"N";-1;-1;"2026-08-03 16:14:03";8;"AGUARDANDO JULGAMENTO";"-1";"#NULO";"-1";"#NULO";-1;"#NULO";-1;"#NULO";-1;"#NULO";-1;"#NULO";"-1";"#NULO"
"15/08/2026";"19:30:51";2026;6259;250002536367;-3;"#NE";1;"BRASILEIRA NATA";-3;"PIRACICABA";"50";"N";-1;"#NULO";"1270629.01";"#NE";"S";"-1";"06010126020266260000";"-3";"#NE";"-3";"#NE";"NÃO";"#NULO";-1;"#NULO";"N";"N";-1;-1;"2026-08-03 16:14:03";8;"AGUARDANDO JULGAMENTO";"-1";"#NULO";"-1";"#NULO";-1;"#NULO";-1;"#NULO";-1;"#NULO";-1;"#NULO";"-1";"#NULO"
"15/08/2026";"19:30:51";2026;6259;250002536373;-3;"#NE";1;"BRASILEIRA NATA";-3;"RIO DE JANEIRO";"65";"N";-1;"#NULO";"1270629.01";"#NE";"S";"-1";"06010593420266260000";"-3";"#NE";"-3";"#NE";"NÃO";"#NULO";-1;"#NULO";"N";"N";-1;-1;"2026-08-03 16:14:03";8;"AGUARDANDO JULGAMENTO";"-1";"#NULO";"-1";"#NULO";-1;"#NULO";-1;"#NULO";-1;"#NULO";-1;"#NULO";"-1";"#NULO"
"15/08/2026";"19:30:51";2026;6259;250002536376;-3;"#NE";1;"BRASILEIRA NATA";-3;"GUARANI DAS MISSÕES";"37";"N";-1;"#NULO";"1270629.01";"#NE";"S";"-1";"06010446520266260000";"-3";"#NE";"-3";"#NE";"NÃO";"#NULO";-1;"#NULO";"N";"N";-1;-1;"2026-08-03 16:14:03";8;"AGUARDANDO JULGAMENTO";"-1";"#NULO";"-1";"#NULO";-1;"#NULO";-1;"#NULO";-1;"#NULO";-1;"#NULO";"-1";"#NULO"
"15/08/2026";"19:30:51";2026;6259;250002536412;-3;"#NE";1;"BRASILEIRA NATA";-3;"SÃO PAULO";"40";"N";-1;"#NULO";"1270629.01";"#NE";"S";"-1";"06010861720266260000";"-3";"#NE";"-3";"#NE";"NÃO";"#NULO";-1;"#NULO";"N";"N";-1;-1;"2026-08-03 16:14:03";8;"AGUARDANDO JULGAMENTO";"-1";"#NULO";"-1";"#NULO";-1;"#NULO";-1;"#NULO";-1;"#NULO";-1;"#NULO";"-1";"#NULO"
"15/08/2026";"19:30:51";2026;6259;250002536420;-3;"#NE";1;"BRASILEIRA NATA";-3;"SÃO PAULO";"47";"N";-1;"#NULO";"1270629.01";"#NE";"S";"-1";"06010775520266260000";"-3";"#NE";"-3";"#NE";"NÃO";"#NULO";-1;"#NULO";"N";"N";-1;-1;"2026-08-03 16:14:03";8;"AGUARDANDO JULGAMENTO";"-1";"#NULO";"-1";"#NULO";-1;"#NULO";-1;"#NULO";-1;"#NULO";-1;"#NULO";"-1";"#NULO"
"15/08/2026";"19:30:51";2026;6259;250002536719;-3;"#NE";1;"BRASILEIRA NATA";-3;"SERRA AZUL";"77";"N";-1;"#NULO";"3176572.53";"#NE";"S";"-1";"06012013820266260000";"-3";"#NE";"-3";"#NE";"NÃO";"#NULO";-1;"#NULO";"N";"N";-1;-1;"2026-08-04 12:03:50";8;"AGUARDANDO JULGAMENTO";"-1";"#NULO";"-1";"#NULO";-1;"#NULO";-1;"#NULO";-1;"#NULO";-1;"#NULO";"-1";"#NULO"
"15/08/2026";"19:30:51";2026;6259;250002536721;-3;"#NE";1;"BRASILEIRA NATA";-3;"CATANDUVA";"50";"N";0;"NÃO INFORMADO";"3176572.53";"#NE";"S";"-1";"06012083020266260000";"-3";"#NE";"-3";"#NE";"NÃO";"#NULO";-1;"#NULO";"N";"N";-1;-1;"2026-08-04 12:03:50";8;"AGUARDANDO JULGAMENTO";"-1";"#NULO";"-1";"#NULO";-1;"#NULO";-1;"#NULO";-1;"#NULO";-1;"#NULO";"-1";"#NULO"
"15/08/2026";"19:30:51";2026;6259;250002536725;-3;"#NE";1;"BRASILEIRA NATA";-3;"FLÓRIDA PAULISTA";"58";"N";-1;"#NULO";"3176572.53";"#NE";"S";"-1";"06012412020266260000";"-3";"#NE";"-3";"#NE";"NÃO";"#NULO";-1;"#NULO";"N";"N";-1;-1;"2026-08-04 12:03:50";8;"AGUARDANDO JULGAMENTO";"-1";"#NULO";"-1";"#NULO";-1;"#NULO";-1;"#NULO";-1;"#NULO";-1;"#NULO";"-1";"#NULO"
"15/08/2026";"19:30:51";2026;6259;250002536723;-3;"#NE";1;"BRASILEIRA NATA";-3;"SÃO PAULO";"63";"N";-1;"#NULO";"3176572.53";"#NE";"S";"-1";"06012334320266260000";"-3";"#NE";"-3";"#NE";"NÃO";"#NULO";-1;"#NULO";"N";"N";-1;-1;"2026-08-04 12:03:50";8;"AGUARDANDO JULGAMENTO";"-1";"#NULO";"-1";"#NULO";-1;"#NULO";-1;"#NULO";-1;"#NULO";-1;"#NULO";"-1";"#NULO"
"15/08/2026";"19:30:51";2026;6259;250002536730;-3;"#NE";1;"BRASILEIRA NATA";-3;"SÃO PAULO";"61";"N";-1;"#NULO";"3176572.53";"#NE";"S";"-1";"06012066020266260000";"-3";"#NE";"-3";"#NE";"NÃO";"#NULO";-1;"#NULO";"N";"N";-1;-1;"2026-08-04 12:03:50";8;"AGUARDANDO JULGAMENTO";"-1";"#NULO";"-1";"#NULO";-1;"#NULO";-1;"#NULO";-1;"#NULO";-1;"#NULO";"-1";"#NULO"
"15/08/2026";"19:30:51";2026;6259;250002536746;-3;"#NE";1;"BRASILEIRA NATA";-3;"SÃO PAULO";"49";"N";0;"NÃO INFORMADO";"3176572.53";"#NE";"S";"-1";"06012057520266260000";"-3";"#NE";"-3";"#NE";"NÃO";"#NULO";-1;"#NULO";"N";"N";-1;-1;"2026-08-04 12:03:50";8;"AGUARDANDO JULGAMENTO";"-1";"#NULO";"-1";"#NULO";-1;"#NULO";-1;"#NULO";-1;"#NULO";-1;"#NULO";"-1";"#NULO"
"15/08/2026";"19:30:51";2026;6259;250002536744;-3;"#NE";1;"BRASILEIRA NATA";-3;"ATIBAIA";"31";"N";0;"NÃO INFORMADO";"3176572.53";"#NE";"N";"-1";"06012386520266260000";"-3";"#NE";"-3";"#NE";"NÃO";"#NULO";-1;"#NULO";"N";"N";-1;-1;"2026-08-04 12:03:50";8;"AGUARDANDO JULGAMENTO";"-1";"#NULO";"-1";"#NULO";-1;"#NULO";-1;"#NULO";-1;"#NULO";-1;"#NULO";"-1";"#NULO"
"15/08/2026";"19:30:51";2026;6259;250002536758;-3;"#NE";1;"BRASILEIRA NATA";-3;"SANTA CRUZ";"71";"N";-1;"#NULO";"3176572.53";"#NE";"S";"-1";"06012290620266260000";"-3";"#NE";"-3";"#NE";"NÃO";"#NULO";-1;"#NULO";"N";"N";-1;-1;"2026-08-04 12:03:50";8;"AGUARDANDO JULGAMENTO";"-1";"#NULO";"-1";"#NULO";-1;"#NULO";-1;"#NULO";-1;"#NULO";-1;"#NULO";"-1";"#NULO"
"15/08/2026";"19:30:51";2026;6259;250002536814;-3;"#NE";1;"BRASILEIRA NATA";-3;"ARARAQUARA";"32";"N";-1;"#NULO";"1270629.01";"#NE";"S";"-1";"06011511220266260000";"-3";"#NE";"-3";"#NE";"NÃO";"#NULO";-1;"#NULO";"N";"N";-1;-1;"2026-08-04 11:54:14";8;"AGUARDANDO JULGAMENTO";"-1";"#NULO";"-1";"#NULO";-1;"#NULO";-1;"#NULO";-1;"#NULO";-1;"#NULO";"-1";"#NULO"
"15/08/2026";"19:30:51";2026;6259;250002536821;-3;"#NE";1;"BRASILEIRA NATA";-3;"CAMPINAS";"46";"N";-1;"#NULO";"1270629.01";"#NE";"S";"-1";"06011745520266260000";"-3";"#NE";"-3";"#NE";"NÃO";"#NULO";-1;"#NULO";"N";"N";-1;-1;"2026-08-04 11:54:14";8;"AGUARDANDO JULGAMENTO";"-1";"#NULO";"-1";"#NULO";-1;"#NULO";-1;"#NULO";-1;"#NULO";-1;"#NULO";"-1";"#NULO"
"15/08/2026";"19:30:51";2026;6259;250002536827;-3;"#NE";1;"BRASILEIRA NATA";-3;"GUARATINGUETÁ";"71";"N";0;"NÃO INFORMADO";"1270629.01";"#NE";"S";"-1";"06011494220266260000";"-3";"#NE";"-3";"#NE";"NÃO";"#NULO";-1;"#NULO";"N";"N";-1;-1;"2026-08-04 11:54:14";8;"AGUARDANDO JULGAMENTO";"-1";"#NULO";"-1";"#NULO";-1;"#NULO";-1;"#NULO";-1;"#NULO";-1;"#NULO";"-1";"#NULO"
"15/08/2026";"19:30:51";2026;6259;250002536835;-3;"#NE";3;"PORTUGUESA COM IGUALDADE DE DIREITOS";-3;"SANTA BÁRBARA D OESTE";"28";"N";-1;"#NULO";"1270629.01";"#NE";"N";"-1";"06011364320266260000";"-3";"#NE";"-3";"#NE";"NÃO";"#NULO";-1;"#NULO";"N";"N";-1;-1;"2026-08-04 11:54:14";8;"AGUARDANDO JULGAMENTO";"-1";"#NULO";"-1";"#NULO";-1;"#NULO";-1;"#NULO";-1;"#NULO";-1;"#NULO";"-1";"#NULO"
"15/08/2026";"19:30:51";2026;6259;250002537971;-3;"#NE";1;"BRASILEIRA NATA";-3;"SANTA ISABEL";"61";"N";0;"NÃO INFORMADO";"3176572.53";"#NE";"S";"-1";"06012810220266260000";"-3";"#NE";"-3";"#NE";"NÃO";"#NULO";-1;"#NULO";"N";"N";-1;-1;"2026-08-05 15:07:31";8;"AGUARDANDO JULGAMENTO";"-1";"#NULO";"-1";"#NULO";-1;"#NULO";-1;"#NULO";-1;"#NULO";-1;"#NULO";"-1";"#NULO"
"15/08/2026";"19:30:51";2026;6259;250002538893;-3;"#NE";1;"BRASILEIRA NATA";-3;"ARARI";"55";"S";-1;"#NULO";"1270629.01";"#NE";"S";"-1";"06015166620266260000";"-3";"#NE";"-3";"#NE";"NÃO";"#NULO";-1;"#NULO";"N";"N";-1;-1;"2026-08-06 15:55:28";8;"AGUARDANDO JULGAMENTO";"-1";"#NULO";"-1";"#NULO";-1;"#NULO";-1;"#NULO";-1;"#NULO";-1;"#NULO";"-1";"#NULO"
"15/08/2026";"19:30:51";2026;6259;250002538894;-3;"#NE";1;"BRASILEIRA NATA";-3;"ALMENARA";"56";"N";-1;"#NULO";"1270629.01";"#NE";"N";"-1";"06014976020266260000";"-3";"#NE";"-3";"#NE";"NÃO";"#NULO";-1;"#NULO";"N";"N";-1;-1;"2026-08-06 15:55:28";8;"AGUARDANDO JULGAMENTO";"-1";"#NULO";"-1";"#NULO";-1;"#NULO";-1;"#NULO";-1;"#NULO";-1;"#NULO";"-1";"#NULO"
"15/08/2026";"19:30:51";2026;6259;250002538900;-3;"#NE";1;"BRASILEIRA NATA";-3;"SANTARÉM";"58";"N";-1;"#NULO";"1270629.01";"#NE";"N";"-1";"06015313520266260000";"-3";"#NE";"-3";"#NE";"NÃO";"#NULO";-1;"#NULO";"N";"N";-1;-1;"2026-08-06 15:55:28";8;"AGUARDANDO JULGAMENTO";"-1";"#NULO";"-1";"#NULO";-1;"#NULO";-1;"#NULO";-1;"#NULO";-1;"#NULO";"-1";"#NULO"
"15/08/2026";"19:30:51";2026;6259;250002538905;-3;"#NE";1;"BRASILEIRA NATA";-3;"FLORESTA";"52";"N";114;"PANKARÁ";"1270629.01";"#NE";"S";"-1";"06015019720266260000";"-3";"#NE";"-3";"#NE";"NÃO";"#NULO";-1;"#NULO";"N";"N";-1;-1;"2026-08-06 15:55:28";8;"AGUARDANDO JULGAMENTO";"-1";"#NULO";"-1";"#NULO";-1;"#NULO";-1;"#NULO";-1;"#NULO";-1;"#NULO";"-1";"#NULO"
"15/08/2026";"19:30:51";2026;6259;250002538909;-3;"#NE";1;"BRASILEIRA NATA";-3;"VERDEJANTE";"58";"N";-1;"#NULO";"1270629.01";"#NE";"S";"-1";"06015097420266260000";"-3";"#NE";"-3";"#NE";"NÃO";"#NULO";-1;"#NULO";"N";"N";-1;-1;"2026-08-06 15:55:28";8;"AGUARDANDO JULGAMENTO";"-1";"#NULO";"-1";"#NULO";-1;"#NULO";-1;"#NULO";-1;"#NULO";-1;"#NULO";"-1";"#NULO"
"15/08/2026";"19:30:51";2026;6259;250002538913;-3;"#NE";1;"BRASILEIRA NATA";-3;"JANDIRA";"28";"N";-1;"#NULO";"1270629.01";"#NE";"S";"-1";"06015122920266260000";"-3";"#NE";"-3";"#NE";"NÃO";"#NULO";-1;"#NULO";"N";"N";-1;-1;"2026-08-06 15:55:28";8;"AGUARDANDO JULGAMENTO";"-1";"#NULO";"-1";"#NULO";-1;"#NULO";-1;"#NULO";-1;"#NULO";-1;"#NULO";"-1";"#NULO"
"15/08/2026";"19:30:51";2026;6259;250002538915;-3;"#NE";1;"BRASILEIRA NATA";-3;"LINS";"42";"N";-1;"#NULO";"1270629.01";"#NE";"S";"-1";"06014959020266260000";"-3";"#NE";"-3";"#NE";"NÃO";"#NULO";-1;"#NULO";"N";"N";-1;-1;"2026-08-06 15:55:28";8;"AGUARDANDO JULGAMENTO";"-1";"#NULO";"-1";"#NULO";-1;"#NULO";-1;"#NULO";-1;"#NULO";-1;"#NULO";"-1";"#NULO"
"15/08/2026";"19:30:51";2026;6259;250002538920;-3;"#NE";1;"BRASILEIRA NATA";-3;"POÁ";"55";"N";-1;"#NULO";"1270629.01";"#NE";"N";"-1";"06015391220266260000";"-3";"#NE";"-3";"#NE";"NÃO";"#NULO";-1;"#NULO";"N";"N";-1;-1;"2026-08-06 15:55:28";8;"AGUARDANDO JULGAMENTO";"-1";"#NULO";"-1";"#NULO";-1;"#NULO";-1;"#NULO";-1;"#NULO";-1;"#NULO";"-1";"#NULO"
"15/08/2026";"19:30:51";2026;6259;250002538923;-3;"#NE";1;"BRASILEIRA NATA";-3;"RIO DE JANEIRO";"36";"N";-1;"#NULO";"1270629.01";"#NE";"S";"-1";"06015495620266260000";"-3";"#NE";"-3";"#NE";"NÃO";"#NULO";-1;"#NULO";"N";"N";-1;-1;"2026-08-06 15:55:28";8;"AGUARDANDO JULGAMENTO";"-1";"#NULO";"-1";"#NULO";-1;"#NULO";-1;"#NULO";-1;"#NULO";-1;"#NULO";"-1";"#NULO"
"15/08/2026";"19:30:51";2026;6259;250002538925;-3;"#NE";1;"BRASILEIRA NATA";-3;"MAIRI";"75";"N";-1;"#NULO";"1270629.01";"#NE";"N";"-1";"06015487120266260000";"-3";"#NE";"-3";"#NE";"NÃO";"#NULO";-1;"#NULO";"N";"N";-1;-1;"2026-08-06 15:55:28";8;"AGUARDANDO JULGAMENTO";"-1";"#NULO";"-1";"#NULO";-1;"#NULO";-1;"#NULO";-1;"#NULO";-1;"#NULO";"-1";"#NULO"
"15/08/2026";"19:30:51";2026;6259;250002539244;-3;"#NE";1;"BRASILEIRA NATA";-3;"TEÓFILO OTONI";"56";"N";0;"NÃO INFORMADO";"1270629.01";"#NE";"S";"-1";"06013668520266260000";"-3";"#NE";"-3";"#NE";"NÃO";"#NULO";-1;"#NULO";"N";"N";-1;-1;"2026-08-06 14:28:06";8;"AGUARDANDO JULGAMENTO";"-1";"#NULO";"-1";"#NULO";-1;"#NULO";-1;"#NULO";-1;"#NULO";-1;"#NULO";"-1";"#NULO"
"15/08/2026";"19:30:51";2026;6259;250002539255;-3;"#NE";1;"BRASILEIRA NATA";-3;"GOVERNADOR VALADARES";"44";"N";-1;"#NULO";"1270629.01";"#NE";"S";"-1";"06013243620266260000";"-3";"#NE";"-3";"#NE";"NÃO";"#NULO";-1;"#NULO";"N";"N";-1;-1;"2026-08-06 14:28:06";8;"AGUARDANDO JULGAMENTO";"-1";"#NULO";"-1";"#NULO";-1;"#NULO";-1;"#NULO";-1;"#NULO";-1;"#NULO";"-1";"#NULO"
"15/08/2026";"19:30:51";2026;6259;250002539257;-3;"#NE";1;"BRASILEIRA NATA";-3;"PARAGUAÇU";"54";"N";-1;"#NULO";"1270629.01";"#NE";"S";"-1";"06013356520266260000";"-3";"#NE";"-3";"#NE";"NÃO";"#NULO";-1;"#NULO";"N";"N";-1;-1;"2026-08-06 14:28:06";8;"AGUARDANDO JULGAMENTO";"-1";"#NULO";"-1";"#NULO";-1;"#NULO";-1;"#NULO";-1;"#NULO";-1;"#NULO";"-1";"#NULO"
"15/08/2026";"19:30:51";2026;6259;250002539261;-3;"#NE";1;"BRASILEIRA NATA";-3;"LIMEIRA";"36";"N";-1;"#NULO";"1270629.01";"#NE";"S";"-1";"06013840920266260000";"-3";"#NE";"-3";"#NE";"NÃO";"#NULO";-1;"#NULO";"N";"N";-1;-1;"2026-08-06 14:28:06";8;"AGUARDANDO JULGAMENTO";"-1";"#NULO";"-1";"#NULO";-1;"#NULO";-1;"#NULO";-1;"#NULO";-1;"#NULO";"-1";"#NULO"
"15/08/2026";"19:30:51";2026;6259;250002539264;-3;"#NE";1;"BRASILEIRA NATA";-3;"PRESIDENTE PRUDENTE";"68";"N";-1;"#NULO";"1270629.01";"#NE";"S";"-1";"06013806920266260000";"-3";"#NE";"-3";"#NE";"NÃO";"#NULO";-1;"#NULO";"N";"N";-1;-1;"2026-08-06 14:28:06";8;"AGUARDANDO JULGAMENTO";"-1";"#NULO";"-1";"#NULO";-1;"#NULO";-1;"#NULO";-1;"#NULO";-1;"#NULO";"-1";"#NULO"
"15/08/2026";"19:30:51";2026;6259;250002539275;-3;"#NE";1;"BRASILEIRA NATA";-3;"CAMPINAS";"22";"N";-1;"#NULO";"1270629.01";"#NE";"S";"-1";"06013901620266260000";"-3";"#NE";"-3";"#NE";"NÃO";"#NULO";-1;"#NULO";"N";"N";-1;-1;"2026-08-06 14:28:06";8;"AGUARDANDO JULGAMENTO";"-1";"#NULO";"-1";"#NULO";-1;"#NULO";-1;"#NULO";-1;"#NULO";-1;"#NULO";"-1";"#NULO"
"15/08/2026";"19:30:51";2026;6259;250002539278;-3;"#NE";1;"BRASILEIRA NATA";-3;"GUARACI";"69";"N";-1;"#NULO";"1270629.01";"#NE";"N";"-1";"06013235120266260000";"-3";"#NE";"-3";"#NE";"NÃO";"#NULO";-1;"#NULO";"N";"N";-1;-1;"2026-08-06 14:28:06";8;"AGUARDANDO JULGAMENTO";"-1";"#NULO";"-1";"#NULO";-1;"#NULO";-1;"#NULO";-1;"#NULO";-1;"#NULO";"-1";"#NULO"
"15/08/2026";"19:30:51";2026;6259;250002539290;-3;"#NE";1;"BRASILEIRA NATA";-3;"SANTO ANDRÉ";"29";"N";-1;"#NULO";"1270629.01";"#NE";"S";"-1";"06014006020266260000";"-3";"#NE";"-3";"#NE";"NÃO";"#NULO";-1;"#NULO";"N";"N";-1;-1;"2026-08-06 14:28:06";8;"AGUARDANDO JULGAMENTO";"-1";"#NULO";"-1";"#NULO";-1;"#NULO";-1;"#NULO";-1;"#NULO";-1;"#NULO";"-1";"#NULO"
"15/08/2026";"19:30:51";2026;6259;250002539293;-3;"#NE";1;"BRASILEIRA NATA";-3;"SANTO ANDRÉ";"60";"N";-1;"#NULO";"1270629.01";"#NE";"S";"-1";"06013477920266260000";"-3";"#NE";"-3";"#NE";"NÃO";"#NULO";-1;"#NULO";"N";"N";-1;-1;"2026-08-06 14:28:06";8;"AGUARDANDO JULGAMENTO";"-1";"#NULO";"-1";"#NULO";-1;"#NULO";-1;"#NULO";-1;"#NULO";-1;"#NULO";"-1";"#NULO"
"15/08/2026";"19:30:51";2026;6259;250002539296;-3;"#NE";1;"BRASILEIRA NATA";-3;"SÃO CAETANO DO SUL";"69";"N";-1;"#NULO";"1270629.01";"#NE";"S";"-1";"06013226620266260000";"-3";"#NE";"-3";"#NE";"NÃO";"#NULO";-1;"#NULO";"N";"N";-1;-1;"2026-08-06 14:28:06";8;"AGUARDANDO JULGAMENTO";"-1";"#NULO";"-1";"#NULO";-1;"#NULO";-1;"#NULO";-1;"#NULO";-1;"#NULO";"-1";"#NULO"
"15/08/2026";"19:30:51";2026;6259;250002539314;-3;"#NE";1;"BRASILEIRA NATA";-3;"SÃO PAULO";"45";"N";0;"NÃO INFORMADO";"1270629.01";"#NE";"S";"-1";"06013945320266260000";"-3";"#NE";"-3";"#NE";"NÃO";"#NULO";-1;"#NULO";"N";"N";-1;-1;"2026-08-06 14:28:06";8;"AGUARDANDO JULGAMENTO";"-1";"#NULO";"-1";"#NULO";-1;"#NULO";-1;"#NULO";-1;"#NULO";-1;"#NULO";"-1";"#NULO"
"15/08/2026";"19:30:51";2026;6259;250002539316;-3;"#NE";1;"BRASILEIRA NATA";-3;"SÃO PAULO";"40";"N";0;"NÃO INFORMADO";"1270629.01";"#NE";"S";"-1";"06013564120266260000";"-3";"#NE";"-3";"#NE";"NÃO";"#NULO";-1;"#NULO";"N";"N";-1;-1;"2026-08-06 14:28:06";8;"AGUARDANDO JULGAMENTO";"-1";"#NULO";"-1";"#NULO";-1;"#NULO";-1;"#NULO";-1;"#NULO";-1;"#NULO";"-1";"#NULO"
"15/08/2026";"19:30:51";2026;6259;250002539386;-3;"#NE";1;"BRASILEIRA NATA";-3;"DELFINÓPOLIS";"71";"N";-1;"#NULO";"3176572.53";"#NE";"S";"-1";"06014179620266260000";"-3";"#NE";"-3";"#NE";"NÃO";"#NULO";-1;"#NULO";"N";"N";-1;-1;"2026-08-06 14:46:28";8;"AGUARDANDO JULGAMENTO";"-1";"#NULO";"-1";"#NULO";-1;"#NULO";-1;"#NULO";-1;"#NULO";-1;"#NULO";"-1";"#NULO"
"15/08/2026";"19:30:51";2026;6259;250002539400;-3;"#NE";1;"BRASILEIRA NATA";-3;"SALINAS";"53";"N";-1;"#NULO";"3176572.53";"#NE";"N";"-1";"06014490420266260000";"-3";"#NE";"-3";"#NE";"NÃO";"#NULO";-1;"#NULO";"N";"N";-1;-1;"2026-08-06 14:46:28";8;"AGUARDANDO JULGAMENTO";"-1";"#NULO";"-1";"#NULO";-1;"#NULO";-1;"#NULO";-1;"#NULO";-1;"#NULO";"-1";"#NULO"
"15/08/2026";"19:30:51";2026;6259;250002539420;-3;"#NE";1;"BRASILEIRA NATA";-3;"ADAMANTINA";"53";"N";0;"NÃO INFORMADO";"3176572.53";"#NE";"S";"-1";"06014620320266260000";"-3";"#NE";"-3";"#NE";"NÃO";"#NULO";-1;"#NULO";"N";"N";-1;-1;"2026-08-06 14:46:28";8;"AGUARDANDO JULGAMENTO";"-1";"#NULO";"-1";"#NULO";-1;"#NULO";-1;"#NULO";-1;"#NULO";-1;"#NULO";"-1";"#NULO"
"15/08/2026";"19:30:51";2026;6259;250002539432;-3;"#NE";1;"BRASILEIRA NATA";-3;"SANTA FÉ DO SUL";"27";"N";-1;"#NULO";"3176572.53";"#NE";"N";"-1";"06014075220266260000";"-3";"#NE";"-3";"#NE";"NÃO";"#NULO";-1;"#NULO";"N";"N";-1;-1;"2026-08-06 14:46:28";8;"AGUARDANDO JULGAMENTO";"-1";"#NULO";"-1";"#NULO";-1;"#NULO";-1;"#NULO";-1;"#NULO";-1;"#NULO";"-1";"#NULO"
"15/08/2026";"19:30:51";2026;6259;250002539442;-3;"#NE";1;"BRASILEIRA NATA";-3;"SÃO PAULO";"59";"N";0;"NÃO INFORMADO";"3176572.53";"#NE";"N";"-1";"06014768420266260000";"-3";"#NE";"-3";"#NE";"NÃO";"#NULO";-1;"#NULO";"N";"N";-1;-1;"2026-08-06 14:46:28";8;"AGUARDANDO JULGAMENTO";"-1";"#NULO";"-1";"#NULO";-1;"#NULO";-1;"#NULO";-1;"#NULO";-1;"#NULO";"-1";"#NULO"
"15/08/2026";"19:30:51";2026;6259;250002539596;-3;"#NE";1;"BRASILEIRA NATA";-3;"GRAVATÁ";"51";"N";-1;"#NULO";"3176572.53";"#NE";"N";"-1";"06015642520266260000";"-3";"#NE";"-3";"#NE";"NÃO";"#NULO";-1;"#NULO";"N";"N";-1;-1;"2026-08-06 17:34:34";8;"AGUARDANDO JULGAMENTO";"-1";"#NULO";"-1";"#NULO";-1;"#NULO";-1;"#NULO";-1;"#NULO";-1;"#NULO";"-1";"#NULO"
"15/08/2026";"19:30:51";2026;6259;250002539594;-3;"#NE";1;"BRASILEIRA NATA";-3;"GUAÍRA";"45";"N";-1;"#NULO";"3176572.53";"#NE";"N";"-1";"06015963020266260000";"-3";"#NE";"-3";"#NE";"NÃO";"#NULO";-1;"#NULO";"N";"N";-1;-1;"2026-08-06 17:34:34";8;"AGUARDANDO JULGAMENTO";"-1";"#NULO";"-1";"#NULO";-1;"#NULO";-1;"#NULO";-1;"#NULO";-1;"#NULO";"-1";"#NULO"
"15/08/2026";"19:30:51";2026;6259;250002539601;-3;"#NE";1;"BRASILEIRA NATA";-3;"LORENA";"43";"N";0;"NÃO INFORMADO";"3176572.53";"#NE";"S";"-1";"06015902320266260000";"-3";"#NE";"-3";"#NE";"NÃO";"#NULO";-1;"#NULO";"N";"N";-1;-1;"2026-08-06 17:34:34";8;"AGUARDANDO JULGAMENTO";"-1";"#NULO";"-1";"#NULO";-1;"#NULO";-1;"#NULO";-1;"#NULO";-1;"#NULO";"-1";"#NULO"
"15/08/2026";"19:30:51";2026;6259;250002539607;-3;"#NE";1;"BRASILEIRA NATA";-3;"SAPUCAIA DO SUL";"43";"N";-1;"#NULO";"3176572.53";"#NE";"S";"-1";"06015824620266260000";"-3";"#NE";"-3";"#NE";"NÃO";"#NULO";-1;"#NULO";"N";"N";-1;-1;"2026-08-06 17:34:34";8;"AGUARDANDO JULGAMENTO";"-1";"#NULO";"-1";"#NULO";-1;"#NULO";-1;"#NULO";-1;"#NULO";-1;"#NULO";"-1";"#NULO"
"15/08/2026";"19:30:51";2026;6259;250002539611;-3;"#NE";1;"BRASILEIRA NATA";-3;"CARAPICUÍBA";"47";"N";-1;"#NULO";"3176572.53";"#NE";"S";"-1";"06015910820266260000";"-3";"#NE";"-3";"#NE";"NÃO";"#NULO";-1;"#NULO";"N";"N";-1;-1;"2026-08-06 17:34:34";8;"AGUARDANDO JULGAMENTO";"-1";"#NULO";"-1";"#NULO";-1;"#NULO";-1;"#NULO";-1;"#NULO";-1;"#NULO";"-1";"#NULO"
"15/08/2026";"19:30:51";2026;6259;250002539631;-3;"#NE";1;"BRASILEIRA NATA";-3;"ITAGUATINS";"53";"N";-1;"#NULO";"3176572.53";"#NE";"N";"-1";"06015581820266260000";"-3";"#NE";"-3";"#NE";"NÃO";"#NULO";-1;"#NULO";"N";"N";-1;-1;"2026-08-06 17:34:34";8;"AGUARDANDO JULGAMENTO";"-1";"#NULO";"-1";"#NULO";-1;"#NULO";-1;"#NULO";-1;"#NULO";-1;"#NULO";"-1";"#NULO"
"15/08/2026";"19:30:51";2026;6259;250002539951;-3;"#NE";1;"BRASILEIRA NATA";-3;"SÃO PAULO";"73";"N";-1;"#NULO";"1270629.01";"#NE";"N";"-1";"06015070720266260000";"-3";"#NE";"-3";"#NE";"NÃO";"#NULO";-1;"#NULO";"N";"N";-1;-1;"2026-08-06 15:55:28";8;"AGUARDANDO JULGAMENTO";"-1";"#NULO";"-1";"#NULO";-1;"#NULO";-1;"#NULO";-1;"#NULO";-1;"#NULO";"-1";"#NULO"
"15/08/2026";"19:30:51";2026;6259;250002539954;-3;"#NE";1;"BRASILEIRA NATA";-3;"SOROCABA";"49";"N";-1;"#NULO";"1270629.01";"#NE";"S";"-1";"06015131420266260000";"-3";"#NE";"-3";"#NE";"NÃO";"#NULO";-1;"#NULO";"N";"N";-1;-1;"2026-08-06 15:55:28";8;"AGUARDANDO JULGAMENTO";"-1";"#NULO";"-1";"#NULO";-1;"#NULO";-1;"#NULO";-1;"#NULO";-1;"#NULO";"-1";"#NULO"
"15/08/2026";"19:30:51";2026;6259;250002540562;-3;"#NE";1;"BRASILEIRA NATA";-3;"SÃO CAETANO DO SUL";"52";"N";0;"NÃO INFORMADO";"1270629.01";"#NE";"S";"-1";"06016153620266260000";"-3";"#NE";"-3";"#NE";"NÃO";"#NULO";-1;"#NULO";"N";"N";-1;-1;"2026-08-07 12:07:18";8;"AGUARDANDO JULGAMENTO";"-1";"#NULO";"-1";"#NULO";-1;"#NULO";-1;"#NULO";-1;"#NULO";-1;"#NULO";"-1";"#NULO"
"15/08/2026";"19:30:51";2026;6259;250002540576;-3;"#NE";1;"BRASILEIRA NATA";-3;"SÃO CAETANO DO SUL";"41";"N";-1;"#NULO";"1270629.01";"#NE";"S";"-1";"06016300520266260000";"-3";"#NE";"-3";"#NE";"NÃO";"#NULO";-1;"#NULO";"N";"N";-1;-1;"2026-08-07 12:07:18";8;"AGUARDANDO JULGAMENTO";"-1";"#NULO";"-1";"#NULO";-1;"#NULO";-1;"#NULO";-1;"#NULO";-1;"#NULO";"-1";"#NULO"
"15/08/2026";"19:30:51";2026;6259;250002540579;-3;"#NE";1;"BRASILEIRA NATA";-3;"TUPÃ";"36";"N";0;"NÃO INFORMADO";"1270629.01";"#NE";"S";"-1";"06016750920266260000";"-3";"#NE";"-3";"#NE";"NÃO";"#NULO";-1;"#NULO";"N";"N";-1;-1;"2026-08-07 12:07:18";8;"AGUARDANDO JULGAMENTO";"-1";"#NULO";"-1";"#NULO";-1;"#NULO";-1;"#NULO";-1;"#NULO";-1;"#NULO";"-1";"#NULO"
"15/08/2026";"19:30:51";2026;6259;250002540583;-3;"#NE";1;"BRASILEIRA NATA";-3;"INÚBIA PAULISTA";"63";"N";0;"NÃO INFORMADO";"1270629.01";"#NE";"N";"-1";"06016231320266260000";"-3";"#NE";"-3";"#NE";"NÃO";"#NULO";-1;"#NULO";"N";"N";-1;-1;"2026-08-07 12:07:18";8;"AGUARDANDO JULGAMENTO";"-1";"#NULO";"-1";"#NULO";-1;"#NULO";-1;"#NULO";-1;"#NULO";-1;"#NULO";"-1";"#NULO"
"15/08/2026";"19:30:51";2026;6259;250002540585;-3;"#NE";1;"BRASILEIRA NATA";-3;"SÃO PAULO";"45";"N";0;"NÃO INFORMADO";"1270629.01";"#NE";"N";"-1";"06016136620266260000";"-3";"#NE";"-3";"#NE";"NÃO";"#NULO";-1;"#NULO";"N";"N";-1;-1;"2026-08-07 12:07:18";8;"AGUARDANDO JULGAMENTO";"-1";"#NULO";"-1";"#NULO";-1;"#NULO";-1;"#NULO";-1;"#NULO";-1;"#NULO";"-1";"#NULO"
"15/08/2026";"19:30:51";2026;6259;250002540691;-3;"#NE";1;"BRASILEIRA NATA";-3;"SÃO PAULO";"52";"N";-1;"#NULO";"3176572.53";"#NE";"S";"-1";"06017799820266260000";"-3";"#NE";"-3";"#NE";"NÃO";"#NULO";-1;"#NULO";"N";"N";-1;-1;"2026-08-07 13:45:26";8;"AGUARDANDO JULGAMENTO";"-1";"#NULO";"-1";"#NULO";-1;"#NULO";-1;"#NULO";-1;"#NULO";-1;"#NULO";"-1";"#NULO"
"15/08/2026";"19:30:51";2026;6259;250002540876;-3;"#NE";1;"BRASILEIRA NATA";-3;"SÃO PAULO";"52";"N";0;"NÃO INFORMADO";"1270629.01";"#NE";"S";"-1";"06016612520266260000";"-3";"#NE";"-3";"#NE";"NÃO";"#NULO";-1;"#NULO";"N";"N";-1;-1;"2026-08-07 12:07:18";8;"AGUARDANDO JULGAMENTO";"-1";"#NULO";"-1";"#NULO";-1;"#NULO";-1;"#NULO";-1;"#NULO";-1;"#NULO";"-1";"#NULO"
"15/08/2026";"19:30:51";2026;6259;250002540900;-3;"#NE";1;"BRASILEIRA NATA";-3;"MOGI DAS CRUZES";"51";"N";0;"NÃO INFORMADO";"1270629.01";"#NE";"S";"-1";"06016509320266260000";"-3";"#NE";"-3";"#NE";"NÃO";"#NULO";-1;"#NULO";"N";"N";-1;-1;"2026-08-07 12:07:18";8;"AGUARDANDO JULGAMENTO";"-1";"#NULO";"-1";"#NULO";-1;"#NULO";-1;"#NULO";-1;"#NULO";-1;"#NULO";"-1";"#NULO"
"15/08/2026";"19:30:51";2026;6259;250002540902;-3;"#NE";1;"BRASILEIRA NATA";-3;"SANTOS";"28";"N";-1;"#NULO";"1270629.01";"#NE";"S";"-1";"06016474120266260000";"-3";"#NE";"-3";"#NE";"NÃO";"#NULO";-1;"#NULO";"N";"N";-1;-1;"2026-08-07 12:07:18";8;"AGUARDANDO JULGAMENTO";"-1";"#NULO";"-1";"#NULO";-1;"#NULO";-1;"#NULO";-1;"#NULO";-1;"#NULO";"-1";"#NULO"
"15/08/2026";"19:30:51";2026;6259;250002540904;-3;"#NE";1;"BRASILEIRA NATA";-3;"PIRACICABA";"34";"N";-1;"#NULO";"1270629.01";"#NE";"N";"-1";"06016258020266260000";"-3";"#NE";"-3";"#NE";"NÃO";"#NULO";-1;"#NULO";"N";"N";-1;-1;"2026-08-07 12:07:18";8;"AGUARDANDO JULGAMENTO";"-1";"#NULO";"-1";"#NULO";-1;"#NULO";-1;"#NULO";-1;"#NULO";-1;"#NULO";"-1";"#NULO"
"15/08/2026";"19:30:51";2026;6259;250002540908;-3;"#NE";1;"BRASILEIRA NATA";-3;"BAURU";"36";"N";-1;"#NULO";"1270629.01";"#NE";"S";"-1";"06016872320266260000";"-3";"#NE";"-3";"#NE";"NÃO";"#NULO";-1;"#NULO";"N";"N";-1;-1;"2026-08-07 12:07:18";8;"AGUARDANDO JULGAMENTO";"-1";"#NULO";"-1";"#NULO";-1;"#NULO";-1;"#NULO";-1;"#NULO";-1;"#NULO";"-1";"#NULO"
"15/08/2026";"19:30:51";2026;6259;250002540913;-3;"#NE";1;"BRASILEIRA NATA";-3;"SERTÃOZINHO";"51";"N";-1;"#NULO";"1270629.01";"#NE";"S";"-1";"06016457120266260000";"-3";"#NE";"-3";"#NE";"NÃO";"#NULO";-1;"#NULO";"N";"N";-1;-1;"2026-08-07 12:07:18";8;"AGUARDANDO JULGAMENTO";"-1";"#NULO";"-1";"#NULO";-1;"#NULO";-1;"#NULO";-1;"#NULO";-1;"#NULO";"-1";"#NULO"
"15/08/2026";"19:30:51";2026;6259;250002540928;-3;"#NE";1;"BRASILEIRA NATA";-3;"BERIZAL";"39";"N";-1;"#NULO";"1270629.01";"#NE";"S";"-1";"06016101420266260000";"-3";"#NE";"-3";"#NE";"NÃO";"#NULO";-1;"#NULO";"N";"N";-1;-1;"2026-08-07 12:07:18";8;"AGUARDANDO JULGAMENTO";"-1";"#NULO";"-1";"#NULO";-1;"#NULO";-1;"#NULO";-1;"#NULO";-1;"#NULO";"-1";"#NULO"
"15/08/2026";"19:30:51";2026;6259;250002541124;-3;"#NE";1;"BRASILEIRA NATA";-3;"SANTO ANDRÉ";"48";"N";0;"NÃO INFORMADO";"3176572.53";"#NE";"S";"-1";"06017175820266260000";"-3";"#NE";"-3";"#NE";"NÃO";"#NULO";-1;"#NULO";"N";"N";-1;-1;"2026-08-07 12:15:27";8;"AGUARDANDO JULGAMENTO";"-1";"#NULO";"-1";"#NULO";-1;"#NULO";-1;"#NULO";-1;"#NULO";-1;"#NULO";"-1";"#NULO"
"15/08/2026";"19:30:51";2026;6259;250002541126;-3;"#NE";1;"BRASILEIRA NATA";-3;"FRANCA";"35";"N";0;"NÃO INFORMADO";"3176572.53";"#NE";"S";"-1";"06017098120266260000";"-3";"#NE";"-3";"#NE";"NÃO";"#NULO";-1;"#NULO";"N";"N";-1;-1;"2026-08-07 12:15:27";8;"AGUARDANDO JULGAMENTO";"-1";"#NULO";"-1";"#NULO";-1;"#NULO";-1;"#NULO";-1;"#NULO";-1;"#NULO";"-1";"#NULO"
"15/08/2026";"19:30:51";2026;6259;250002541138;-3;"#NE";1;"BRASILEIRA NATA";-3;"RIO CLARO";"50";"N";-1;"#NULO";"3176572.53";"#NE";"S";"-1";"06017201320266260000";"-3";"#NE";"-3";"#NE";"NÃO";"#NULO";-1;"#NULO";"N";"N";-1;-1;"2026-08-07 12:15:27";8;"AGUARDANDO JULGAMENTO";"-1";"#NULO";"-1";"#NULO";-1;"#NULO";-1;"#NULO";-1;"#NULO";-1;"#NULO";"-1";"#NULO"
"15/08/2026";"19:30:51";2026;6259;250002541156;-3;"#NE";1;"BRASILEIRA NATA";-3;"CAMPO GRANDE";"71";"N";-1;"#NULO";"3176572.53";"#NE";"S";"-1";"06017521820266260000";"-3";"#NE";"-3";"#NE";"NÃO";"#NULO";-1;"#NULO";"N";"N";-1;-1;"2026-08-07 12:15:27";8;"AGUARDANDO JULGAMENTO";"-1";"#NULO";"-1";"#NULO";-1;"#NULO";-1;"#NULO";-1;"#NULO";-1;"#NULO";"-1";"#NULO"
"15/08/2026";"19:30:51";2026;6259;250002541162;-3;"#NE";1;"BRASILEIRA NATA";-3;"NOVA ANDRADINA";"53";"N";-1;"#NULO";"3176572.53";"#NE";"S";"-1";"06017288720266260000";"-3";"#NE";"-3";"#NE";"NÃO";"#NULO";-1;"#NULO";"N";"N";-1;-1;"2026-08-07 12:15:27";8;"AGUARDANDO JULGAMENTO";"-1";"#NULO";"-1";"#NULO";-1;"#NULO";-1;"#NULO";-1;"#NULO";-1;"#NULO";"-1";"#NULO"
"15/08/2026";"19:30:51";2026;6259;250002541166;-3;"#NE";1;"BRASILEIRA NATA";-3;"SÃO PAULO";"61";"N";-1;"#NULO";"1270629.01";"#NE";"S";"-1";"06017703920266260000";"-3";"#NE";"-3";"#NE";"NÃO";"#NULO";-1;"#NULO";"N";"N";-1;-1;"2026-08-07 13:05:46";8;"AGUARDANDO JULGAMENTO";"-1";"#NULO";"-1";"#NULO";-1;"#NULO";-1;"#NULO";-1;"#NULO";-1;"#NULO";"-1";"#NULO"
"15/08/2026";"19:30:51";2026;6259;250002541168;-3;"#NE";1;"BRASILEIRA NATA";-3;"GUARULHOS";"68";"N";-1;"#NULO";"1270629.01";"#NE";"S";"-1";"06017747620266260000";"-3";"#NE";"-3";"#NE";"NÃO";"#NULO";-1;"#NULO";"N";"N";-1;-1;"2026-08-07 13:05:46";8;"AGUARDANDO JULGAMENTO";"-1";"#NULO";"-1";"#NULO";-1;"#NULO";-1;"#NULO";-1;"#NULO";-1;"#NULO";"-1";"#NULO"
"15/08/2026";"19:30:51";2026;6259;250002541313;-3;"#NE";1;"BRASILEIRA NATA";-3;"SÃO PAULO";"60";"N";-1;"#NULO";"-1";"#NE";"S";"-1";"06018726120266260000";"-3";"#NE";"-3";"#NE";"NÃO";"#NULO";-1;"#NULO";"N";"N";-1;-1;"2026-08-07 18:01:41";8;"AGUARDANDO JULGAMENTO";"-1";"#NULO";"-1";"#NULO";-1;"#NULO";-1;"#NULO";-1;"#NULO";-1;"#NULO";"-1";"#NULO"
"15/08/2026";"19:30:51";2026;6259;250002541845;-3;"#NE";1;"BRASILEIRA NATA";-3;"PÉROLA";"56";"N";-1;"#NULO";"1270629.01";"#NE";"S";"-1";"06018145820266260000";"-3";"#NE";"-3";"#NE";"NÃO";"#NULO";-1;"#NULO";"N";"N";-1;-1;"2026-08-07 16:31:02";8;"AGUARDANDO JULGAMENTO";"-1";"#NULO";"-1";"#NULO";-1;"#NULO";-1;"#NULO";-1;"#NULO";-1;"#NULO";"-1";"#NULO"
"15/08/2026";"19:30:51";2026;6259;250002541844;-3;"#NE";1;"BRASILEIRA NATA";-3;"ARARAQUARA";"50";"N";-1;"#NULO";"1270629.01";"#NE";"S";"-1";"06018527020266260000";"-3";"#NE";"-3";"#NE";"NÃO";"#NULO";-1;"#NULO";"N";"N";-1;-1;"2026-08-07 16:31:02";8;"AGUARDANDO JULGAMENTO";"-1";"#NULO";"-1";"#NULO";-1;"#NULO";-1;"#NULO";-1;"#NULO";-1;"#NULO";"-1";"#NULO"
"15/08/2026";"19:30:51";2026;6259;250002541851;-3;"#NE";1;"BRASILEIRA NATA";-3;"SANTOS";"51";"N";-1;"#NULO";"1270629.01";"#NE";"S";"-1";"06018232020266260000";"-3";"#NE";"-3";"#NE";"NÃO";"#NULO";-1;"#NULO";"N";"N";-1;-1;"2026-08-07 16:31:02";8;"AGUARDANDO JULGAMENTO";"-1";"#NULO";"-1";"#NULO";-1;"#NULO";-1;"#NULO";-1;"#NULO";-1;"#NULO";"-1";"#NULO"
"15/08/2026";"19:30:51";2026;6259;250002541863;-3;"#NE";1;"BRASILEIRA NATA";-3;"SANTOS";"37";"N";-1;"#NULO";"1270629.01";"#NE";"S";"-1";"06018518520266260000";"-3";"#NE";"-3";"#NE";"NÃO";"#NULO";-1;"#NULO";"N";"N";-1;-1;"2026-08-07 16:31:02";8;"AGUARDANDO JULGAMENTO";"-1";"#NULO";"-1";"#NULO";-1;"#NULO";-1;"#NULO";-1;"#NULO";-1;"#NULO";"-1";"#NULO"
"15/08/2026";"19:30:51";2026;6259;250002541872;-3;"#NE";1;"BRASILEIRA NATA";-3;"SÃO CAETANO DO SUL";"52";"N";-1;"#NULO";"1270629.01";"#NE";"S";"-1";"06018128820266260000";"-3";"#NE";"-3";"#NE";"NÃO";"#NULO";-1;"#NULO";"N";"N";-1;-1;"2026-08-07 16:31:02";8;"AGUARDANDO JULGAMENTO";"-1";"#NULO";"-1";"#NULO";-1;"#NULO";-1;"#NULO";-1;"#NULO";-1;"#NULO";"-1";"#NULO"
"15/08/2026";"19:30:51";2026;6259;250002541876;-3;"#NE";1;"BRASILEIRA NATA";-3;"CAMPO GRANDE";"39";"N";-1;"#NULO";"1270629.01";"#NE";"S";"-1";"06018370420266260000";"-3";"#NE";"-3";"#NE";"NÃO";"#NULO";-1;"#NULO";"N";"N";-1;-1;"2026-08-07 16:31:02";8;"AGUARDANDO JULGAMENTO";"-1";"#NULO";"-1";"#NULO";-1;"#NULO";-1;"#NULO";-1;"#NULO";-1;"#NULO";"-1";"#NULO"
"15/08/2026";"19:30:51";2026;6259;250002541885;-3;"#NE";1;"BRASILEIRA NATA";-3;"RIO DAS FLORES";"79";"N";0;"NÃO INFORMADO";"1270629.01";"#NE";"S";"-1";"06018162820266260000";"-3";"#NE";"-3";"#NE";"NÃO";"#NULO";-1;"#NULO";"N";"N";-1;-1;"2026-08-07 16:31:02";8;"AGUARDANDO JULGAMENTO";"-1";"#NULO";"-1";"#NULO";-1;"#NULO";-1;"#NULO";-1;"#NULO";-1;"#NULO";"-1";"#NULO"
"15/08/2026";"19:30:51";2026;6259;250002541891;-3;"#NE";1;"BRASILEIRA NATA";-3;"JOSÉ BONIFÁCIO";"60";"N";-1;"#NULO";"1270629.01";"#NE";"S";"-1";"06018579220266260000";"-3";"#NE";"-3";"#NE";"NÃO";"#NULO";-1;"#NULO";"N";"N";-1;-1;"2026-08-07 16:31:02";8;"AGUARDANDO JULGAMENTO";"-1";"#NULO";"-1";"#NULO";-1;"#NULO";-1;"#NULO";-1;"#NULO";-1;"#NULO";"-1";"#NULO"
"15/08/2026";"19:30:51";2026;6259;250002541895;-3;"#NE";1;"BRASILEIRA NATA";-3;"SÃO PAULO";"53";"N";0;"NÃO INFORMADO";"1270629.01";"#NE";"S";"-1";"06018397120266260000";"-3";"#NE";"-3";"#NE";"NÃO";"#NULO";-1;"#NULO";"N";"N";-1;-1;"2026-08-07 16:31:02";8;"AGUARDANDO JULGAMENTO";"-1";"#NULO";"-1";"#NULO";-1;"#NULO";-1;"#NULO";-1;"#NULO";-1;"#NULO";"-1";"#NULO"
"15/08/2026";"19:30:51";2026;6259;250002541898;-3;"#NE";1;"BRASILEIRA NATA";-3;"GUARULHOS";"47";"N";-1;"#NULO";"1270629.01";"#NE";"S";"-1";"06018301220266260000";"-3";"#NE";"-3";"#NE";"NÃO";"#NULO";-1;"#NULO";"N";"N";-1;-1;"2026-08-07 16:31:02";8;"AGUARDANDO JULGAMENTO";"-1";"#NULO";"-1";"#NULO";-1;"#NULO";-1;"#NULO";-1;"#NULO";-1;"#NULO";"-1";"#NULO"
"15/08/2026";"19:30:51";2026;6259;250002541901;-3;"#NE";1;"BRASILEIRA NATA";-3;"PRESIDENTE PRUDENTE";"60";"N";0;"NÃO INFORMADO";"1270629.01";"#NE";"S";"-1";"06018076620266260000";"-3";"#NE";"-3";"#NE";"NÃO";"#NULO";-1;"#NULO";"N";"N";-1;-1;"2026-08-07 16:31:02";8;"AGUARDANDO JULGAMENTO";"-1";"#NULO";"-1";"#NULO";-1;"#NULO";-1;"#NULO";-1;"#NULO";-1;"#NULO";"-1";"#NULO"
"15/08/2026";"19:30:51";2026;6259;250002541902;-3;"#NE";1;"BRASILEIRA NATA";-3;"DOURADOS";"66";"N";-1;"#NULO";"1270629.01";"#NE";"S";"-1";"06018137320266260000";"-3";"#NE";"-3";"#NE";"NÃO";"#NULO";-1;"#NULO";"N";"N";-1;-1;"2026-08-07 16:31:02";8;"AGUARDANDO JULGAMENTO";"-1";"#NULO";"-1";"#NULO";-1;"#NULO";-1;"#NULO";-1;"#NULO";-1;"#NULO";"-1";"#NULO"
"15/08/2026";"19:30:51";2026;6259;250002544285;-3;"#NE";1;"BRASILEIRA NATA";-3;"BRASÍLIA";"40";"N";-1;"#NULO";"3176572.53";"#NE";"N";"-1";"06018839020266260000";"-3";"#NE";"-3";"#NE";"NÃO";"#NULO";-1;"#NULO";"N";"N";-1;-1;"2026-08-10 12:27:10";8;"AGUARDANDO JULGAMENTO";"-1";"#NULO";"-1";"#NULO";-1;"#NULO";-1;"#NULO";-1;"#NULO";-1;"#NULO";"-1";"#NULO"
"15/08/2026";"19:30:51";2026;6259;250002544289;-3;"#NE";1;"BRASILEIRA NATA";-3;"BELO HORIZONTE";"41";"N";-1;"#NULO";"3176572.53";"#NE";"S";"-1";"06018820820266260000";"-3";"#NE";"-3";"#NE";"NÃO";"#NULO";-1;"#NULO";"N";"N";-1;-1;"2026-08-10 12:27:10";8;"AGUARDANDO JULGAMENTO";"-1";"#NULO";"-1";"#NULO";-1;"#NULO";-1;"#NULO";-1;"#NULO";-1;"#NULO";"-1";"#NULO"
"15/08/2026";"19:30:51";2026;6259;250002544326;-3;"#NE";1;"BRASILEIRA NATA";-3;"SÃO PAULO";"40";"N";-1;"#NULO";"3176572.53";"#NE";"S";"-1";"06019072120266260000";"-3";"#NE";"-3";"#NE";"NÃO";"#NULO";-1;"#NULO";"N";"N";-1;-1;"2026-08-10 12:49:56";8;"AGUARDANDO JULGAMENTO";"-1";"#NULO";"-1";"#NULO";-1;"#NULO";-1;"#NULO";-1;"#NULO";-1;"#NULO";"-1";"#NULO"
"15/08/2026";"19:30:51";2026;6259;250002544342;-3;"#NE";1;"BRASILEIRA NATA";-3;"VALINHOS";"82";"N";-1;"#NULO";"3176572.53";"#NE";"S";"-1";"06019193520266260000";"-3";"#NE";"-3";"#NE";"NÃO";"#NULO";-1;"#NULO";"N";"N";-1;-1;"2026-08-10 12:49:56";8;"AGUARDANDO JULGAMENTO";"-1";"#NULO";"-1";"#NULO";-1;"#NULO";-1;"#NULO";-1;"#NULO";-1;"#NULO";"-1";"#NULO"
"15/08/2026";"19:30:51";2026;6259;250002544345;-3;"#NE";1;"BRASILEIRA NATA";-3;"SÃO PAULO";"60";"N";-1;"#NULO";"3176572.53";"#NE";"S";"-1";"06019306420266260000";"-3";"#NE";"-3";"#NE";"NÃO";"#NULO";-1;"#NULO";"N";"N";-1;-1;"2026-08-10 12:49:56";8;"AGUARDANDO JULGAMENTO";"-1";"#NULO";"-1";"#NULO";-1;"#NULO";-1;"#NULO";-1;"#NULO";-1;"#NULO";"-1";"#NULO"
"15/08/2026";"19:30:51";2026;6259;250002544348;-3;"#NE";1;"BRASILEIRA NATA";-3;"FRUTAL";"30";"N";-1;"#NULO";"3176572.53";"#NE";"S";"-1";"06019132820266260000";"-3";"#NE";"-3";"#NE";"NÃO";"#NULO";-1;"#NULO";"N";"N";-1;-1;"2026-08-10 12:49:56";8;"AGUARDANDO JULGAMENTO";"-1";"#NULO";"-1";"#NULO";-1;"#NULO";-1;"#NULO";-1;"#NULO";-1;"#NULO";"-1";"#NULO"
"15/08/2026";"19:30:51";2026;6259;250002544352;-3;"#NE";1;"BRASILEIRA NATA";-3;"MONTE SANTO DE MINAS";"47";"N";-1;"#NULO";"3176572.53";"#NE";"S";"-1";"06019210520266260000";"-3";"#NE";"-3";"#NE";"NÃO";"#NULO";-1;"#NULO";"N";"N";-1;-1;"2026-08-10 12:49:56";8;"AGUARDANDO JULGAMENTO";"-1";"#NULO";"-1";"#NULO";-1;"#NULO";-1;"#NULO";-1;"#NULO";-1;"#NULO";"-1";"#NULO"
"15/08/2026";"19:30:51";2026;6259;250002544363;-3;"#NE";1;"BRASILEIRA NATA";-3;"CRUZEIRO";"66";"N";-1;"#NULO";"3176572.53";"#NE";"S";"-1";"06019159520266260000";"-3";"#NE";"-3";"#NE";"NÃO";"#NULO";-1;"#NULO";"N";"N";-1;-1;"2026-08-10 12:49:56";8;"AGUARDANDO JULGAMENTO";"-1";"#NULO";"-1";"#NULO";-1;"#NULO";-1;"#NULO";-1;"#NULO";-1;"#NULO";"-1";"#NULO"
"15/08/2026";"19:30:51";2026;6259;250002544368;-3;"#NE";1;"BRASILEIRA NATA";-3;"CAMPINAS";"62";"N";-1;"#NULO";"3176572.53";"#NE";"N";"-1";"06018994420266260000";"-3";"#NE";"-3";"#NE";"NÃO";"#NULO";-1;"#NULO";"N";"N";-1;-1;"2026-08-10 12:49:56";8;"AGUARDANDO JULGAMENTO";"-1";"#NULO";"-1";"#NULO";-1;"#NULO";-1;"#NULO";-1;"#NULO";-1;"#NULO";"-1";"#NULO"
"15/08/2026";"19:30:51";2026;6259;250002544514;-3;"#NE";1;"BRASILEIRA NATA";-3;"ILHÉUS";"43";"N";-1;"#NULO";"7115522.46";"#NE";"N";"-1";"06020458520266260000";"-3";"#NE";"-3";"#NE";"NÃO";"#NULO";-1;"#NULO";"N";"N";-1;-1;"2026-08-10 14:22:30";8;"AGUARDANDO JULGAMENTO";"-1";"#NULO";"-1";"#NULO";-1;"#NULO";-1;"#NULO";-1;"#NULO";-1;"#NULO";"-1";"#NULO"
"15/08/2026";"19:30:51";2026;6259;250002544912;-3;"#NE";1;"BRASILEIRA NATA";-3;"SÃO PAULO";"45";"N";-1;"#NULO";"26683209.24";"#NE";"S";"-1";"06020406320266260000";"-3";"#NE";"-3";"#NE";"NÃO";"#NULO";-1;"#NULO";"N";"N";-1;-1;"2026-08-10 14:11:12";8;"AGUARDANDO JULGAMENTO";"-1";"#NULO";"-1";"#NULO";-1;"#NULO";-1;"#NULO";-1;"#NULO";-1;"#NULO";"-1";"#NULO"
"15/08/2026";"19:30:51";2026;6259;250002544996;-3;"#NE";1;"BRASILEIRA NATA";-3;"SERRA NEGRA";"30";"N";-1;"#NULO";"1270629.01";"#NE";"N";"-1";"06021055820266260000";"-3";"#NE";"-3";"#NE";"NÃO";"#NULO";-1;"#NULO";"N";"N";-1;-1;"2026-08-10 16:16:08";8;"AGUARDANDO JULGAMENTO";"-1";"#NULO";"-1";"#NULO";-1;"#NULO";-1;"#NULO";-1;"#NULO";-1;"#NULO";"-1";"#NULO"
"15/08/2026";"19:30:51";2026;6259;250002545014;-3;"#NE";1;"BRASILEIRA NATA";-3;"SÃO PAULO";"46";"N";-1;"#NULO";"1270629.01";"#NE";"N";"-1";"06021081320266260000";"-3";"#NE";"-3";"#NE";"NÃO";"#NULO";-1;"#NULO";"N";"N";-1;-1;"2026-08-10 16:16:08";8;"AGUARDANDO JULGAMENTO";"-1";"#NULO";"-1";"#NULO";-1;"#NULO";-1;"#NULO";-1;"#NULO";-1;"#NULO";"-1";"#NULO"
"15/08/2026";"19:30:51";2026;6259;250002545020;-3;"#NE";1;"BRASILEIRA NATA";-3;"SÃO BERNARDO DO CAMPO";"32";"N";-1;"#NULO";"1270629.01";"#NE";"N";"-1";"06020986620266260000";"-3";"#NE";"-3";"#NE";"NÃO";"#NULO";-1;"#NULO";"N";"N";-1;-1;"2026-08-10 16:16:08";8;"AGUARDANDO JULGAMENTO";"-1";"#NULO";"-1";"#NULO";-1;"#NULO";-1;"#NULO";-1;"#NULO";-1;"#NULO";"-1";"#NULO"
"15/08/2026";"19:30:51";2026;6259;250002545025;-3;"#NE";1;"BRASILEIRA NATA";-3;"MOGI DAS CRUZES";"31";"N";-1;"#NULO";"1270629.01";"#NE";"N";"-1";"06020527720266260000";"-3";"#NE";"-3";"#NE";"NÃO";"#NULO";-1;"#NULO";"N";"N";-1;-1;"2026-08-10 16:16:08";8;"AGUARDANDO JULGAMENTO";"-1";"#NULO";"-1";"#NULO";-1;"#NULO";-1;"#NULO";-1;"#NULO";-1;"#NULO";"-1";"#NULO"
"15/08/2026";"19:30:51";2026;6259;250002545043;-3;"#NE";1;"BRASILEIRA NATA";-3;"VALINHOS";"40";"N";-1;"#NULO";"1270629.01";"#NE";"S";"-1";"06021125020266260000";"-3";"#NE";"-3";"#NE";"NÃO";"#NULO";-1;"#NULO";"N";"N";-1;-1;"2026-08-10 16:16:08";8;"AGUARDANDO JULGAMENTO";"-1";"#NULO";"-1";"#NULO";-1;"#NULO";-1;"#NULO";-1;"#NULO";-1;"#NULO";"-1";"#NULO"
"15/08/2026";"19:30:51";2026;6259;250002545134;-3;"#NE";1;"BRASILEIRA NATA";-3;"BELO HORIZONTE";"57";"N";-1;"#NULO";"1270629.01";"#NE";"S";"-1";"06019583220266260000";"-3";"#NE";"-3";"#NE";"NÃO";"#NULO";-1;"#NULO";"N";"N";-1;-1;"2026-08-10 13:29:39";8;"AGUARDANDO JULGAMENTO";"-1";"#NULO";"-1";"#NULO";-1;"#NULO";-1;"#NULO";-1;"#NULO";-1;"#NULO";"-1";"#NULO"
"15/08/2026";"19:30:51";2026;6259;250002545146;-3;"#NE";1;"BRASILEIRA NATA";-3;"ITARARÉ";"40";"N";-1;"#NULO";"1270629.01";"#NE";"S";"-1";"06019809020266260000";"-3";"#NE";"-3";"#NE";"NÃO";"#NULO";-1;"#NULO";"N";"N";-1;-1;"2026-08-10 13:29:39";8;"AGUARDANDO JULGAMENTO";"-1";"#NULO";"-1";"#NULO";-1;"#NULO";-1;"#NULO";-1;"#NULO";-1;"#NULO";"-1";"#NULO"
"15/08/2026";"19:30:51";2026;6259;250002545152;-3;"#NE";1;"BRASILEIRA NATA";-3;"MOGI DAS CRUZES";"24";"N";-1;"#NULO";"1270629.01";"#NE";"N";"-1";"06019920720266260000";"-3";"#NE";"-3";"#NE";"NÃO";"#NULO";-1;"#NULO";"N";"N";-1;-1;"2026-08-10 13:29:39";8;"AGUARDANDO JULGAMENTO";"-1";"#NULO";"-1";"#NULO";-1;"#NULO";-1;"#NULO";-1;"#NULO";-1;"#NULO";"-1";"#NULO"
"15/08/2026";"19:30:51";2026;6259;250002545154;-3;"#NE";1;"BRASILEIRA NATA";-3;"MONTE APRAZÍVEL";"78";"N";-1;"#NULO";"1270629.01";"#NE";"S";"-1";"06019635420266260000";"-3";"#NE";"-3";"#NE";"NÃO";"#NULO";-1;"#NULO";"N";"N";-1;-1;"2026-08-10 13:29:39";8;"AGUARDANDO JULGAMENTO";"-1";"#NULO";"-1";"#NULO";-1;"#NULO";-1;"#NULO";-1;"#NULO";-1;"#NULO";"-1";"#NULO"
"15/08/2026";"19:30:51";2026;6259;250002545168;-3;"#NE";1;"BRASILEIRA NATA";-3;"CAMPINAS";"51";"N";-1;"#NULO";"1270629.01";"#NE";"S";"-1";"06019549220266260000";"-3";"#NE";"-3";"#NE";"NÃO";"#NULO";-1;"#NULO";"N";"N";-1;-1;"2026-08-10 13:29:39";8;"AGUARDANDO JULGAMENTO";"-1";"#NULO";"-1";"#NULO";-1;"#NULO";-1;"#NULO";-1;"#NULO";-1;"#NULO";"-1";"#NULO"
"15/08/2026";"19:30:51";2026;6259;250002545175;-3;"#NE";1;"BRASILEIRA NATA";-3;"FRANCA";"30";"N";-1;"#NULO";"1270629.01";"#NE";"S";"-1";"06020241220266260000";"-3";"#NE";"-3";"#NE";"NÃO";"#NULO";-1;"#NULO";"N";"N";-1;-1;"2026-08-10 13:29:39";8;"AGUARDANDO JULGAMENTO";"-1";"#NULO";"-1";"#NULO";-1;"#NULO";-1;"#NULO";-1;"#NULO";-1;"#NULO";"-1";"#NULO"
"15/08/2026";"19:30:51";2026;6259;250002545206;-3;"#NE";1;"BRASILEIRA NATA";-3;"SÃO PAULO";"50";"N";-1;"#NULO";"1270629.01";"#NE";"S";"-1";"06019834520266260000";"-3";"#NE";"-3";"#NE";"NÃO";"#NULO";-1;"#NULO";"N";"N";-1;-1;"2026-08-10 13:29:39";8;"AGUARDANDO JULGAMENTO";"-1";"#NULO";"-1";"#NULO";-1;"#NULO";-1;"#NULO";-1;"#NULO";-1;"#NULO";"-1";"#NULO"
"15/08/2026";"19:30:51";2026;6259;250002545216;-3;"#NE";1;"BRASILEIRA NATA";-3;"SÃO PAULO";"47";"N";-1;"#NULO";"1270629.01";"#NE";"N";"-1";"06019696120266260000";"-3";"#NE";"-3";"#NE";"NÃO";"#NULO";-1;"#NULO";"N";"N";-1;-1;"2026-08-10 13:29:39";8;"AGUARDANDO JULGAMENTO";"-1";"#NULO";"-1";"#NULO";-1;"#NULO";-1;"#NULO";-1;"#NULO";-1;"#NULO";"-1";"#NULO"
"15/08/2026";"19:30:51";2026;6259;250002546611;-3;"#NE";1;"BRASILEIRA NATA";-3;"SÃO PAULO";"30";"N";-1;"#NULO";"3176572.53";"#NE";"N";"-1";"06021168720266260000";"-3";"#NE";"-3";"#NE";"NÃO";"#NULO";-1;"#NULO";"N";"N";-1;-1;"2026-08-10 16:50:13";8;"AGUARDANDO JULGAMENTO";"-1";"#NULO";"-1";"#NULO";-1;"#NULO";-1;"#NULO";-1;"#NULO";-1;"#NULO";"-1";"#NULO"
"15/08/2026";"19:30:51";2026;6259;250002546622;-3;"#NE";1;"BRASILEIRA NATA";-3;"SÃO PAULO";"41";"N";-1;"#NULO";"3176572.53";"#NE";"S";"-1";"06021410320266260000";"-3";"#NE";"-3";"#NE";"NÃO";"#NULO";-1;"#NULO";"N";"N";-1;-1;"2026-08-10 16:50:13";8;"AGUARDANDO JULGAMENTO";"-1";"#NULO";"-1";"#NULO";-1;"#NULO";-1;"#NULO";-1;"#NULO";-1;"#NULO";"-1";"#NULO"
"15/08/2026";"19:30:51";2026;6259;250002546637;-3;"#NE";1;"BRASILEIRA NATA";-3;"FRANCA";"50";"N";-1;"#NULO";"3176572.53";"#NE";"S";"-1";"06021619120266260000";"-3";"#NE";"-3";"#NE";"NÃO";"#NULO";-1;"#NULO";"N";"N";-1;-1;"2026-08-10 16:50:13";8;"AGUARDANDO JULGAMENTO";"-1";"#NULO";"-1";"#NULO";-1;"#NULO";-1;"#NULO";-1;"#NULO";-1;"#NULO";"-1";"#NULO"
"15/08/2026";"19:30:51";2026;6259;250002546647;-3;"#NE";1;"BRASILEIRA NATA";-3;"SÃO PAULO";"27";"N";-1;"#NULO";"3176572.53";"#NE";"N";"-1";"06021280420266260000";"-3";"#NE";"-3";"#NE";"NÃO";"#NULO";-1;"#NULO";"N";"N";-1;-1;"2026-08-10 16:50:13";8;"AGUARDANDO JULGAMENTO";"-1";"#NULO";"-1";"#NULO";-1;"#NULO";-1;"#NULO";-1;"#NULO";-1;"#NULO";"-1";"#NULO"
"15/08/2026";"19:30:51";2026;6259;250002546651;-3;"#NE";1;"BRASILEIRA NATA";-3;"SOROCABA";"65";"N";-1;"#NULO";"3176572.53";"#NE";"S";"-1";"06021237920266260000";"-3";"#NE";"-3";"#NE";"NÃO";"#NULO";-1;"#NULO";"N";"N";-1;-1;"2026-08-10 16:50:13";8;"AGUARDANDO JULGAMENTO";"-1";"#NULO";"-1";"#NULO";-1;"#NULO";-1;"#NULO";-1;"#NULO";-1;"#NULO";"-1";"#NULO"
"15/08/2026";"19:30:51";2026;6259;250002546654;-3;"#NE";1;"BRASILEIRA NATA";-3;"ATIBAIA";"45";"N";0;"NÃO INFORMADO";"3176572.53";"#NE";"S";"-1";"06021428520266260000";"-3";"#NE";"-3";"#NE";"NÃO";"#NULO";-1;"#NULO";"N";"N";-1;-1;"2026-08-10 16:50:13";8;"AGUARDANDO JULGAMENTO";"-1";"#NULO";"-1";"#NULO";-1;"#NULO";-1;"#NULO";-1;"#NULO";-1;"#NULO";"-1";"#NULO"
"15/08/2026";"19:30:51";2026;6259;250002547459;-3;"#NE";1;"BRASILEIRA NATA";-3;"MUZAMBINHO";"65";"N";-1;"#NULO";"1270629.01";"#NE";"N";"-1";"06022371820266260000";"-3";"#NE";"-3";"#NE";"NÃO";"#NULO";-1;"#NULO";"N";"N";-1;-1;"2026-08-11 13:13:22";8;"AGUARDANDO JULGAMENTO";"-1";"#NULO";"-1";"#NULO";-1;"#NULO";-1;"#NULO";-1;"#NULO";-1;"#NULO";"-1";"#NULO"
"15/08/2026";"19:30:51";2026;6259;250002547458;-3;"#NE";1;"BRASILEIRA NATA";-3;"OEIRAS";"45";"N";-1;"#NULO";"1270629.01";"#NE";"N";"-1";"06022329320266260000";"-3";"#NE";"-3";"#NE";"NÃO";"#NULO";-1;"#NULO";"N";"N";-1;-1;"2026-08-11 13:13:22";8;"AGUARDANDO JULGAMENTO";"-1";"#NULO";"-1";"#NULO";-1;"#NULO";-1;"#NULO";-1;"#NULO";-1;"#NULO";"-1";"#NULO"
"15/08/2026";"19:30:51";2026;6259;250002547852;-3;"#NE";1;"BRASILEIRA NATA";-3;"CUBATÃO";"44";"N";-1;"#NULO";"3176572.53";"#NE";"S";"-1";"06023151220266260000";"-3";"#NE";"-3";"#NE";"NÃO";"#NULO";-1;"#NULO";"N";"N";-1;-1;"2026-08-11 16:08:12";8;"AGUARDANDO JULGAMENTO";"-1";"#NULO";"-1";"#NULO";-1;"#NULO";-1;"#NULO";-1;"#NULO";-1;"#NULO";"-1";"#NULO"
"15/08/2026";"19:30:51";2026;6259;250002547855;-3;"#NE";1;"BRASILEIRA NATA";-3;"SÃO PAULO";"50";"N";-1;"#NULO";"3176572.53";"#NE";"N";"-1";"06023142720266260000";"-3";"#NE";"-3";"#NE";"NÃO";"#NULO";-1;"#NULO";"N";"N";-1;-1;"2026-08-11 16:08:12";8;"AGUARDANDO JULGAMENTO";"-1";"#NULO";"-1";"#NULO";-1;"#NULO";-1;"#NULO";-1;"#NULO";-1;"#NULO";"-1";"#NULO"
"15/08/2026";"19:30:51";2026;6259;250002547965;-3;"#NE";1;"BRASILEIRA NATA";-3;"SÃO PAULO";"54";"N";0;"NÃO INFORMADO";"1270629.01";"#NE";"S";"-1";"06021722320266260000";"-3";"#NE";"-3";"#NE";"NÃO";"#NULO";-1;"#NULO";"N";"N";-1;-1;"2026-08-11 12:41:32";8;"AGUARDANDO JULGAMENTO";"-1";"#NULO";"-1";"#NULO";-1;"#NULO";-1;"#NULO";-1;"#NULO";-1;"#NULO";"-1";"#NULO"
"15/08/2026";"19:30:51";2026;6259;250002547972;-3;"#NE";1;"BRASILEIRA NATA";-3;"PIRASSUNUNGA";"35";"N";-1;"#NULO";"1270629.01";"#NE";"N";"-1";"06021921420266260000";"-3";"#NE";"-3";"#NE";"NÃO";"#NULO";-1;"#NULO";"N";"N";-1;-1;"2026-08-11 12:41:32";8;"AGUARDANDO JULGAMENTO";"-1";"#NULO";"-1";"#NULO";-1;"#NULO";-1;"#NULO";-1;"#NULO";-1;"#NULO";"-1";"#NULO"
"15/08/2026";"19:30:51";2026;6259;250002547974;-3;"#NE";1;"BRASILEIRA NATA";-3;"SÃO PAULO";"51";"N";-1;"#NULO";"1270629.01";"#NE";"S";"-1";"06021887420266260000";"-3";"#NE";"-3";"#NE";"NÃO";"#NULO";-1;"#NULO";"N";"N";-1;-1;"2026-08-11 12:41:32";8;"AGUARDANDO JULGAMENTO";"-1";"#NULO";"-1";"#NULO";-1;"#NULO";-1;"#NULO";-1;"#NULO";-1;"#NULO";"-1";"#NULO"
"15/08/2026";"19:30:51";2026;6259;250002547988;-3;"#NE";1;"BRASILEIRA NATA";-3;"SÃO PAULO";"57";"N";0;"NÃO INFORMADO";"1270629.01";"#NE";"S";"-1";"06022051320266260000";"-3";"#NE";"-3";"#NE";"NÃO";"#NULO";-1;"#NULO";"N";"N";-1;-1;"2026-08-11 12:41:32";8;"AGUARDANDO JULGAMENTO";"-1";"#NULO";"-1";"#NULO";-1;"#NULO";-1;"#NULO";-1;"#NULO";-1;"#NULO";"-1";"#NULO"
"15/08/2026";"19:30:51";2026;6259;250002547994;-3;"#NE";1;"BRASILEIRA NATA";-3;"TABOÃO DA SERRA";"54";"N";-1;"#NULO";"1270629.01";"#NE";"N";"-1";"06021843720266260000";"-3";"#NE";"-3";"#NE";"NÃO";"#NULO";-1;"#NULO";"N";"N";-1;-1;"2026-08-11 12:41:32";8;"AGUARDANDO JULGAMENTO";"-1";"#NULO";"-1";"#NULO";-1;"#NULO";-1;"#NULO";-1;"#NULO";-1;"#NULO";"-1";"#NULO"
"15/08/2026";"19:30:51";2026;6259;250002548134;-3;"#NE";1;"BRASILEIRA NATA";-3;"CATANDUVA";"56";"N";-1;"#NULO";"1270629.01";"#NE";"S";"-1";"06023264120266260000";"-3";"#NE";"-3";"#NE";"NÃO";"#NULO";-1;"#NULO";"N";"N";-1;-1;"2026-08-11 17:36:06";8;"AGUARDANDO JULGAMENTO";"-1";"#NULO";"-1";"#NULO";-1;"#NULO";-1;"#NULO";-1;"#NULO";-1;"#NULO";"-1";"#NULO"
"15/08/2026";"19:30:51";2026;6259;250002548135;-3;"#NE";1;"BRASILEIRA NATA";-3;"ITURAMA";"51";"N";0;"NÃO INFORMADO";"1270629.01";"#NE";"S";"-1";"06023299320266260000";"-3";"#NE";"-3";"#NE";"NÃO";"#NULO";-1;"#NULO";"N";"N";-1;-1;"2026-08-11 17:36:06";8;"AGUARDANDO JULGAMENTO";"-1";"#NULO";"-1";"#NULO";-1;"#NULO";-1;"#NULO";-1;"#NULO";-1;"#NULO";"-1";"#NULO"
"15/08/2026";"19:30:51";2026;6259;250002548137;-3;"#NE";1;"BRASILEIRA NATA";-3;"SÃO PAULO";"36";"N";-1;"#NULO";"1270629.01";"#NE";"N";"-1";"06023272620266260000";"-3";"#NE";"-3";"#NE";"NÃO";"#NULO";-1;"#NULO";"N";"N";-1;-1;"2026-08-11 17:36:06";8;"AGUARDANDO JULGAMENTO";"-1";"#NULO";"-1";"#NULO";-1;"#NULO";-1;"#NULO";-1;"#NULO";-1;"#NULO";"-1";"#NULO"
"15/08/2026";"19:30:51";2026;6259;250002548171;-3;"#NE";1;"BRASILEIRA NATA";-3;"PETROLINA";"51";"N";-1;"#NULO";"1270629.01";"#NE";"N";"-1";"06022172720266260000";"-3";"#NE";"-3";"#NE";"NÃO";"#NULO";-1;"#NULO";"N";"N";-1;-1;"2026-08-11 13:13:22";8;"AGUARDANDO JULGAMENTO";"-1";"#NULO";"-1";"#NULO";-1;"#NULO";-1;"#NULO";-1;"#NULO";-1;"#NULO";"-1";"#NULO"
"15/08/2026";"19:30:51";2026;6259;250002548173;-3;"#NE";1;"BRASILEIRA NATA";-3;"SANTOS";"60";"N";-1;"#NULO";"1270629.01";"#NE";"N";"-1";"06022363320266260000";"-3";"#NE";"-3";"#NE";"NÃO";"#NULO";-1;"#NULO";"N";"N";-1;-1;"2026-08-11 13:13:22";8;"AGUARDANDO JULGAMENTO";"-1";"#NULO";"-1";"#NULO";-1;"#NULO";-1;"#NULO";-1;"#NULO";-1;"#NULO";"-1";"#NULO"
"15/08/2026";"19:30:51";2026;6259;250002548180;-3;"#NE";1;"BRASILEIRA NATA";-3;"TAUBATÉ";"47";"N";-1;"#NULO";"1270629.01";"#NE";"N";"-1";"06022346320266260000";"-3";"#NE";"-3";"#NE";"NÃO";"#NULO";-1;"#NULO";"N";"N";-1;-1;"2026-08-11 13:13:22";8;"AGUARDANDO JULGAMENTO";"-1";"#NULO";"-1";"#NULO";-1;"#NULO";-1;"#NULO";-1;"#NULO";-1;"#NULO";"-1";"#NULO"
"15/08/2026";"19:30:51";2026;6259;250002548465;-3;"#NE";1;"BRASILEIRA NATA";-3;"GOIÂNIA";"58";"N";-1;"#NULO";"3176572.53";"#NE";"S";"-1";"06022874420266260000";"-3";"#NE";"-3";"#NE";"NÃO";"#NULO";-1;"#NULO";"N";"N";-1;-1;"2026-08-11 14:25:51";8;"AGUARDANDO JULGAMENTO";"-1";"#NULO";"-1";"#NULO";-1;"#NULO";-1;"#NULO";-1;"#NULO";-1;"#NULO";"-1";"#NULO"
"15/08/2026";"19:30:51";2026;6259;250002548491;-3;"#NE";2;"BRASILEIRA (NATURALIZADA)";-3;"GUARULHOS";"46";"N";-1;"#NULO";"3176572.53";"#NE";"S";"-1";"06022484720266260000";"-3";"#NE";"-3";"#NE";"NÃO";"#NULO";-1;"#NULO";"N";"N";-1;-1;"2026-08-11 14:25:51";8;"AGUARDANDO JULGAMENTO";"-1";"#NULO";"-1";"#NULO";-1;"#NULO";-1;"#NULO";-1;"#NULO";-1;"#NULO";"-1";"#NULO"
"15/08/2026";"19:30:51";2026;6259;250002548497;-3;"#NE";2;"BRASILEIRA (NATURALIZADA)";-3;"SÃO BERNARDO DO CAMPO";"52";"N";-1;"#NULO";"3176572.53";"#NE";"S";"-1";"06022822220266260000";"-3";"#NE";"-3";"#NE";"NÃO";"#NULO";-1;"#NULO";"N";"N";-1;-1;"2026-08-11 14:25:51";8;"AGUARDANDO JULGAMENTO";"-1";"#NULO";"-1";"#NULO";-1;"#NULO";-1;"#NULO";-1;"#NULO";-1;"#NULO";"-1";"#NULO"
"15/08/2026";"19:30:51";2026;6259;250002548496;-3;"#NE";1;"BRASILEIRA NATA";-3;"SANTOS";"58";"N";-1;"#NULO";"3176572.53";"#NE";"N";"-1";"06022909620266260000";"-3";"#NE";"-3";"#NE";"NÃO";"#NULO";-1;"#NULO";"N";"N";-1;-1;"2026-08-11 14:25:51";8;"AGUARDANDO JULGAMENTO";"-1";"#NULO";"-1";"#NULO";-1;"#NULO";-1;"#NULO";-1;"#NULO";-1;"#NULO";"-1";"#NULO"
"15/08/2026";"19:30:51";2026;6259;250002548502;-3;"#NE";1;"BRASILEIRA NATA";-3;"SÃO PAULO";"59";"N";-1;"#NULO";"3176572.53";"#NE";"N";"-1";"06022658320266260000";"-3";"#NE";"-3";"#NE";"NÃO";"#NULO";-1;"#NULO";"N";"N";-1;-1;"2026-08-11 14:25:51";8;"AGUARDANDO JULGAMENTO";"-1";"#NULO";"-1";"#NULO";-1;"#NULO";-1;"#NULO";-1;"#NULO";-1;"#NULO";"-1";"#NULO"
"15/08/2026";"19:30:51";2026;6259;250002548874;-3;"#NE";1;"BRASILEIRA NATA";-3;"IBITITÁ";"71";"N";-1;"#NULO";"1270629.01";"#NE";"N";"-1";"06023861420266260000";"-3";"#NE";"-3";"#NE";"NÃO";"#NULO";-1;"#NULO";"N";"N";-1;-1;"2026-08-12 13:11:44";8;"AGUARDANDO JULGAMENTO";"-1";"#NULO";"-1";"#NULO";-1;"#NULO";-1;"#NULO";-1;"#NULO";-1;"#NULO";"-1";"#NULO"
"15/08/2026";"19:30:51";2026;6259;250002548882;-3;"#NE";1;"BRASILEIRA NATA";-3;"ITUPEVA";"37";"N";-1;"#NULO";"1270629.01";"#NE";"S";"-1";"06023506920266260000";"-3";"#NE";"-3";"#NE";"NÃO";"#NULO";-1;"#NULO";"N";"N";-1;-1;"2026-08-12 13:11:44";8;"AGUARDANDO JULGAMENTO";"-1";"#NULO";"-1";"#NULO";-1;"#NULO";-1;"#NULO";-1;"#NULO";-1;"#NULO";"-1";"#NULO"
"15/08/2026";"19:30:51";2026;6259;250002548883;-3;"#NE";1;"BRASILEIRA NATA";-3;"JACAREÍ";"55";"N";-1;"#NULO";"1270629.01";"#NE";"S";"-1";"06023619820266260000";"-3";"#NE";"-3";"#NE";"NÃO";"#NULO";-1;"#NULO";"N";"N";-1;-1;"2026-08-12 13:11:44";8;"AGUARDANDO JULGAMENTO";"-1";"#NULO";"-1";"#NULO";-1;"#NULO";-1;"#NULO";-1;"#NULO";-1;"#NULO";"-1";"#NULO"
"15/08/2026";"19:30:51";2026;6259;250002548885;-3;"#NE";1;"BRASILEIRA NATA";-3;"LINS";"50";"N";-1;"#NULO";"1270629.01";"#NE";"S";"-1";"06024242620266260000";"-3";"#NE";"-3";"#NE";"NÃO";"#NULO";-1;"#NULO";"N";"N";-1;-1;"2026-08-12 13:11:44";8;"AGUARDANDO JULGAMENTO";"-1";"#NULO";"-1";"#NULO";-1;"#NULO";-1;"#NULO";-1;"#NULO";-1;"#NULO";"-1";"#NULO"
"15/08/2026";"19:30:51";2026;6259;250002548893;-3;"#NE";1;"BRASILEIRA NATA";-3;"MANOEL VITORINO";"60";"N";-1;"#NULO";"1270629.01";"#NE";"S";"-1";"06023670820266260000";"-3";"#NE";"-3";"#NE";"NÃO";"#NULO";-1;"#NULO";"N";"N";-1;-1;"2026-08-12 13:11:44";8;"AGUARDANDO JULGAMENTO";"-1";"#NULO";"-1";"#NULO";-1;"#NULO";-1;"#NULO";-1;"#NULO";-1;"#NULO";"-1";"#NULO"
"15/08/2026";"19:30:51";2026;6259;250002548895;-3;"#NE";1;"BRASILEIRA NATA";-3;"NOSSA SENHORA DAS DORES";"69";"N";-1;"#NULO";"1270629.01";"#NE";"S";"-1";"06024095720266260000";"-3";"#NE";"-3";"#NE";"NÃO";"#NULO";-1;"#NULO";"N";"N";-1;-1;"2026-08-12 13:11:44";8;"AGUARDANDO JULGAMENTO";"-1";"#NULO";"-1";"#NULO";-1;"#NULO";-1;"#NULO";-1;"#NULO";-1;"#NULO";"-1";"#NULO"
"15/08/2026";"19:30:51";2026;6259;250002548914;-3;"#NE";1;"BRASILEIRA NATA";-3;"SANTOS";"51";"N";-1;"#NULO";"1270629.01";"#NE";"S";"-1";"06023628320266260000";"-3";"#NE";"-3";"#NE";"NÃO";"#NULO";-1;"#NULO";"N";"N";-1;-1;"2026-08-12 13:11:44";8;"AGUARDANDO JULGAMENTO";"-1";"#NULO";"-1";"#NULO";-1;"#NULO";-1;"#NULO";-1;"#NULO";-1;"#NULO";"-1";"#NULO"
"15/08/2026";"19:30:51";2026;6259;250002550046;-3;"#NE";1;"BRASILEIRA NATA";-3;"SÃO PAULO";"26";"N";-1;"#NULO";"1270629.01";"#NE";"S";"-1";"06024173420266260000";"-3";"#NE";"-3";"#NE";"NÃO";"#NULO";-1;"#NULO";"N";"N";-1;-1;"2026-08-12 13:11:44";8;"AGUARDANDO JULGAMENTO";"-1";"#NULO";"-1";"#NULO";-1;"#NULO";-1;"#NULO";-1;"#NULO";-1;"#NULO";"-1";"#NULO"
"15/08/2026";"19:30:51";2026;6259;250002550050;-3;"#NE";1;"BRASILEIRA NATA";-3;"SÃO PAULO";"54";"N";-1;"#NULO";"1270629.01";"#NE";"N";"-1";"06024009520266260000";"-3";"#NE";"-3";"#NE";"NÃO";"#NULO";-1;"#NULO";"N";"N";-1;-1;"2026-08-12 13:11:44";8;"AGUARDANDO JULGAMENTO";"-1";"#NULO";"-1";"#NULO";-1;"#NULO";-1;"#NULO";-1;"#NULO";-1;"#NULO";"-1";"#NULO"
"15/08/2026";"19:30:51";2026;6259;250002550240;-3;"#NE";1;"BRASILEIRA NATA";-3;"SÃO PAULO";"47";"N";-1;"#NULO";"1270629.01";"#NE";"N";"-1";"06025931320266260000";"-3";"#NE";"-3";"#NE";"NÃO";"#NULO";-1;"#NULO";"N";"N";-1;-1;"2026-08-13 15:31:25";8;"AGUARDANDO JULGAMENTO";"-1";"#NULO";"-1";"#NULO";-1;"#NULO";-1;"#NULO";-1;"#NULO";-1;"#NULO";"-1";"#NULO"
"15/08/2026";"19:30:51";2026;6259;250002550349;-3;"#NE";1;"BRASILEIRA NATA";-3;"VITÓRIA";"50";"N";-1;"#NULO";"3176572.53";"#NE";"S";"-1";"06024424720266260000";"-3";"#NE";"-3";"#NE";"NÃO";"#NULO";-1;"#NULO";"N";"N";-1;-1;"2026-08-12 14:34:24";8;"AGUARDANDO JULGAMENTO";"-1";"#NULO";"-1";"#NULO";-1;"#NULO";-1;"#NULO";-1;"#NULO";-1;"#NULO";"-1";"#NULO"
"15/08/2026";"19:30:51";2026;6259;250002550355;-3;"#NE";1;"BRASILEIRA NATA";-3;"BARRA DO JACARÉ";"60";"N";69;"BARÉ";"3176572.53";"#NE";"S";"-1";"06024416220266260000";"-3";"#NE";"-3";"#NE";"NÃO";"#NULO";-1;"#NULO";"N";"N";-1;-1;"2026-08-12 14:34:24";8;"AGUARDANDO JULGAMENTO";"-1";"#NULO";"-1";"#NULO";-1;"#NULO";-1;"#NULO";-1;"#NULO";-1;"#NULO";"-1";"#NULO"
"15/08/2026";"19:30:51";2026;6259;250002550372;-3;"#NE";1;"BRASILEIRA NATA";-3;"PEREIRA BARRETO";"39";"N";-1;"#NULO";"3176572.53";"#NE";"S";"-1";"06024364020266260000";"-3";"#NE";"-3";"#NE";"NÃO";"#NULO";-1;"#NULO";"N";"N";-1;-1;"2026-08-12 14:34:24";8;"AGUARDANDO JULGAMENTO";"-1";"#NULO";"-1";"#NULO";-1;"#NULO";-1;"#NULO";-1;"#NULO";-1;"#NULO";"-1";"#NULO"
"15/08/2026";"19:30:51";2026;6259;250002550387;-3;"#NE";1;"BRASILEIRA NATA";-3;"GUARUJÁ";"39";"S";-1;"#NULO";"3176572.53";"#NE";"S";"-1";"06024745220266260000";"-3";"#NE";"-3";"#NE";"NÃO";"#NULO";-1;"#NULO";"N";"N";-1;-1;"2026-08-12 14:34:24";8;"AGUARDANDO JULGAMENTO";"-1";"#NULO";"-1";"#NULO";-1;"#NULO";-1;"#NULO";-1;"#NULO";-1;"#NULO";"-1";"#NULO"
"15/08/2026";"19:30:51";2026;6259;250002550392;-3;"#NE";1;"BRASILEIRA NATA";-3;"RIBEIRÃO PRETO";"37";"S";-1;"#NULO";"3176572.53";"#NE";"N";"-1";"06024900620266260000";"-3";"#NE";"-3";"#NE";"NÃO";"#NULO";-1;"#NULO";"N";"N";-1;-1;"2026-08-12 14:34:24";8;"AGUARDANDO JULGAMENTO";"-1";"#NULO";"-1";"#NULO";-1;"#NULO";-1;"#NULO";-1;"#NULO";-1;"#NULO";"-1";"#NULO"
"15/08/2026";"19:30:51";2026;6259;250002550402;-3;"#NE";1;"BRASILEIRA NATA";-3;"SÃO PAULO";"59";"N";-1;"#NULO";"3176572.53";"#NE";"S";"-1";"06024468420266260000";"-3";"#NE";"-3";"#NE";"NÃO";"#NULO";-1;"#NULO";"N";"N";-1;-1;"2026-08-12 14:34:24";8;"AGUARDANDO JULGAMENTO";"-1";"#NULO";"-1";"#NULO";-1;"#NULO";-1;"#NULO";-1;"#NULO";-1;"#NULO";"-1";"#NULO"
"15/08/2026";"19:30:51";2026;6259;250002550406;-3;"#NE";1;"BRASILEIRA NATA";-3;"SÃO PAULO";"46";"N";-1;"#NULO";"3176572.53";"#NE";"S";"-1";"06024667520266260000";"-3";"#NE";"-3";"#NE";"NÃO";"#NULO";-1;"#NULO";"N";"N";-1;-1;"2026-08-12 14:34:24";8;"AGUARDANDO JULGAMENTO";"-1";"#NULO";"-1";"#NULO";-1;"#NULO";-1;"#NULO";-1;"#NULO";-1;"#NULO";"-1";"#NULO"
"15/08/2026";"19:30:51";2026;6259;250002550409;-3;"#NE";1;"BRASILEIRA NATA";-3;"SÃO PAULO";"55";"N";-1;"#NULO";"3176572.53";"#NE";"N";"-1";"06024546120266260000";"-3";"#NE";"-3";"#NE";"NÃO";"#NULO";-1;"#NULO";"N";"N";-1;-1;"2026-08-12 14:34:24";8;"AGUARDANDO JULGAMENTO";"-1";"#NULO";"-1";"#NULO";-1;"#NULO";-1;"#NULO";-1;"#NULO";-1;"#NULO";"-1";"#NULO"
"15/08/2026";"19:30:51";2026;6259;250002550415;-3;"#NE";1;"BRASILEIRA NATA";-3;"SERTÃOZINHO";"47";"N";-1;"#NULO";"3176572.53";"#NE";"N";"-1";"06024433220266260000";"-3";"#NE";"-3";"#NE";"NÃO";"#NULO";-1;"#NULO";"N";"N";-1;-1;"2026-08-12 14:34:24";8;"AGUARDANDO JULGAMENTO";"-1";"#NULO";"-1";"#NULO";-1;"#NULO";-1;"#NULO";-1;"#NULO";-1;"#NULO";"-1";"#NULO"
"15/08/2026";"19:30:51";2026;6259;250002551052;-3;"#NE";1;"BRASILEIRA NATA";-3;"BATALHA";"56";"N";-1;"#NULO";"3176572.53";"#NE";"N";"-1";"06025740720266260000";"-3";"#NE";"-3";"#NE";"NÃO";"#NULO";-1;"#NULO";"N";"N";-1;-1;"2026-08-13 14:55:32";8;"AGUARDANDO JULGAMENTO";"-1";"#NULO";"-1";"#NULO";-1;"#NULO";-1;"#NULO";-1;"#NULO";-1;"#NULO";"-1";"#NULO"
"15/08/2026";"19:30:51";2026;6259;250002551054;-3;"#NE";1;"BRASILEIRA NATA";-3;"PARANAVAÍ";"37";"N";-1;"#NULO";"3176572.53";"#NE";"N";"-1";"06025593820266260000";"-3";"#NE";"-3";"#NE";"NÃO";"#NULO";-1;"#NULO";"N";"N";-1;-1;"2026-08-13 14:55:32";8;"AGUARDANDO JULGAMENTO";"-1";"#NULO";"-1";"#NULO";-1;"#NULO";-1;"#NULO";-1;"#NULO";-1;"#NULO";"-1";"#NULO"
"15/08/2026";"19:30:51";2026;6259;250002551073;-3;"#NE";1;"BRASILEIRA NATA";-3;"PIRASSUNUNGA";"64";"N";-1;"#NULO";"3176572.53";"#NE";"N";"-1";"06025247820266260000";"-3";"#NE";"-3";"#NE";"NÃO";"#NULO";-1;"#NULO";"N";"N";-1;-1;"2026-08-13 14:55:32";8;"AGUARDANDO JULGAMENTO";"-1";"#NULO";"-1";"#NULO";-1;"#NULO";-1;"#NULO";-1;"#NULO";-1;"#NULO";"-1";"#NULO"
"15/08/2026";"19:30:51";2026;6259;250002551080;-3;"#NE";1;"BRASILEIRA NATA";-3;"JOÃO DIAS";"53";"N";-1;"#NULO";"3176572.53";"#NE";"S";"-1";"06025472420266260000";"-3";"#NE";"-3";"#NE";"NÃO";"#NULO";-1;"#NULO";"N";"N";-1;-1;"2026-08-13 14:55:32";8;"AGUARDANDO JULGAMENTO";"-1";"#NULO";"-1";"#NULO";-1;"#NULO";-1;"#NULO";-1;"#NULO";-1;"#NULO";"-1";"#NULO"
"15/08/2026";"19:30:51";2026;6259;250002551084;-3;"#NE";1;"BRASILEIRA NATA";-3;"CAMPINAS";"44";"N";-1;"#NULO";"3176572.53";"#NE";"S";"-1";"06025377720266260000";"-3";"#NE";"-3";"#NE";"NÃO";"#NULO";-1;"#NULO";"N";"N";-1;-1;"2026-08-13 14:55:32";8;"AGUARDANDO JULGAMENTO";"-1";"#NULO";"-1";"#NULO";-1;"#NULO";-1;"#NULO";-1;"#NULO";-1;"#NULO";"-1";"#NULO"
"15/08/2026";"19:30:51";2026;6259;250002551083;-3;"#NE";1;"BRASILEIRA NATA";-3;"AVARÉ";"70";"N";-1;"#NULO";"3176572.53";"#NE";"N";"-1";"06025663020266260000";"-3";"#NE";"-3";"#NE";"NÃO";"#NULO";-1;"#NULO";"N";"N";-1;-1;"2026-08-13 14:55:32";8;"AGUARDANDO JULGAMENTO";"-1";"#NULO";"-1";"#NULO";-1;"#NULO";-1;"#NULO";-1;"#NULO";-1;"#NULO";"-1";"#NULO"
"15/08/2026";"19:30:51";2026;6259;250002551100;-3;"#NE";1;"BRASILEIRA NATA";-3;"SÃO PAULO";"36";"N";-1;"#NULO";"3176572.53";"#NE";"N";"-1";"06025420220266260000";"-3";"#NE";"-3";"#NE";"NÃO";"#NULO";-1;"#NULO";"N";"N";-1;-1;"2026-08-13 14:55:32";8;"AGUARDANDO JULGAMENTO";"-1";"#NULO";"-1";"#NULO";-1;"#NULO";-1;"#NULO";-1;"#NULO";-1;"#NULO";"-1";"#NULO"
"15/08/2026";"19:30:51";2026;6259;250002551110;-3;"#NE";1;"BRASILEIRA NATA";-3;"SÃO PAULO";"32";"N";-1;"#NULO";"3176572.53";"#NE";"N";"-1";"06025239320266260000";"-3";"#NE";"-3";"#NE";"NÃO";"#NULO";-1;"#NULO";"N";"N";-1;-1;"2026-08-13 14:55:32";8;"AGUARDANDO JULGAMENTO";"-1";"#NULO";"-1";"#NULO";-1;"#NULO";-1;"#NULO";-1;"#NULO";-1;"#NULO";"-1";"#NULO"
"15/08/2026";"19:30:51";2026;6259;250002551222;-3;"#NE";1;"BRASILEIRA NATA";-3;"SANTOS";"61";"N";-1;"#NULO";"1270629.01";"#NE";"N";"-1";"06026295520266260000";"-3";"#NE";"-3";"#NE";"NÃO";"#NULO";-1;"#NULO";"N";"N";-1;-1;"2026-08-13 15:31:25";8;"AGUARDANDO JULGAMENTO";"-1";"#NULO";"-1";"#NULO";-1;"#NULO";-1;"#NULO";-1;"#NULO";-1;"#NULO";"-1";"#NULO"
"15/08/2026";"19:30:51";2026;6259;250002551244;-3;"#NE";2;"BRASILEIRA (NATURALIZADA)";-3;"COCAL";"53";"N";-1;"#NULO";"1270629.01";"#NE";"N";"-1";"06026442420266260000";"-3";"#NE";"-3";"#NE";"NÃO";"#NULO";-1;"#NULO";"N";"N";-1;-1;"2026-08-13 15:31:25";8;"AGUARDANDO JULGAMENTO";"-1";"#NULO";"-1";"#NULO";-1;"#NULO";-1;"#NULO";-1;"#NULO";-1;"#NULO";"-1";"#NULO"
"15/08/2026";"19:30:51";2026;6259;250002551247;-3;"#NE";1;"BRASILEIRA NATA";-3;"AREIA";"53";"N";-1;"#NULO";"1270629.01";"#NE";"N";"-1";"06026217820266260000";"-3";"#NE";"-3";"#NE";"NÃO";"#NULO";-1;"#NULO";"N";"N";-1;-1;"2026-08-13 15:31:25";8;"AGUARDANDO JULGAMENTO";"-1";"#NULO";"-1";"#NULO";-1;"#NULO";-1;"#NULO";-1;"#NULO";-1;"#NULO";"-1";"#NULO"
"15/08/2026";"19:30:51";2026;6259;250002551616;-3;"#NE";1;"BRASILEIRA NATA";-3;"SÃO PAULO";"32";"N";-1;"#NULO";"3176572.53";"#NE";"N";"-1";"06026901320266260000";"-3";"#NE";"-3";"#NE";"NÃO";"#NULO";-1;"#NULO";"N";"N";-1;-1;"2026-08-14 15:42:33";8;"AGUARDANDO JULGAMENTO";"-1";"#NULO";"-1";"#NULO";-1;"#NULO";-1;"#NULO";-1;"#NULO";-1;"#NULO";"-1";"#NULO"
"15/08/2026";"19:30:51";2026;6259;250002551615;-3;"#NE";1;"BRASILEIRA NATA";-3;"SÃO PAULO";"39";"N";-1;"#NULO";"3176572.53";"#NE";"N";"-1";"06026867320266260000";"-3";"#NE";"-3";"#NE";"NÃO";"#NULO";-1;"#NULO";"N";"N";-1;-1;"2026-08-14 15:42:33";8;"AGUARDANDO JULGAMENTO";"-1";"#NULO";"-1";"#NULO";-1;"#NULO";-1;"#NULO";-1;"#NULO";-1;"#NULO";"-1";"#NULO"
"15/08/2026";"19:30:51";2026;6259;250002551627;-3;"#NE";1;"BRASILEIRA NATA";-3;"SANTOS";"52";"N";-1;"#NULO";"3176572.53";"#NE";"N";"-1";"06027066420266260000";"-3";"#NE";"-3";"#NE";"NÃO";"#NULO";-1;"#NULO";"N";"N";-1;-1;"2026-08-14 15:42:33";8;"AGUARDANDO JULGAMENTO";"-1";"#NULO";"-1";"#NULO";-1;"#NULO";-1;"#NULO";-1;"#NULO";-1;"#NULO";"-1";"#NULO"
"15/08/2026";"19:30:51";2026;6259;250002551639;-3;"#NE";1;"BRASILEIRA NATA";-3;"PENALVA";"54";"N";-1;"#NULO";"3176572.53";"#NE";"N";"-1";"06027049420266260000";"-3";"#NE";"-3";"#NE";"NÃO";"#NULO";-1;"#NULO";"N";"N";-1;-1;"2026-08-14 15:42:33";8;"AGUARDANDO JULGAMENTO";"-1";"#NULO";"-1";"#NULO";-1;"#NULO";-1;"#NULO";-1;"#NULO";-1;"#NULO";"-1";"#NULO"
"15/08/2026";"19:30:51";2026;6259;250002551644;-3;"#NE";1;"BRASILEIRA NATA";-3;"TAPIRA";"52";"N";-1;"#NULO";"3176572.53";"#NE";"N";"-1";"06026806620266260000";"-3";"#NE";"-3";"#NE";"NÃO";"#NULO";-1;"#NULO";"N";"N";-1;-1;"2026-08-14 15:42:33";8;"AGUARDANDO JULGAMENTO";"-1";"#NULO";"-1";"#NULO";-1;"#NULO";-1;"#NULO";-1;"#NULO";-1;"#NULO";"-1";"#NULO"
"15/08/2026";"19:30:51";2026;6259;250002551643;-3;"#NE";1;"BRASILEIRA NATA";-3;"DIADEMA";"46";"N";-1;"#NULO";"3176572.53";"#NE";"N";"-1";"06027091920266260000";"-3";"#NE";"-3";"#NE";"NÃO";"#NULO";-1;"#NULO";"N";"N";-1;-1;"2026-08-14 15:42:33";8;"AGUARDANDO JULGAMENTO";"-1";"#NULO";"-1";"#NULO";-1;"#NULO";-1;"#NULO";-1;"#NULO";-1;"#NULO";"-1";"#NULO"
"15/08/2026";"19:30:51";2026;6259;250002551648;-3;"#NE";1;"BRASILEIRA NATA";-3;"AURIFLAMA";"72";"N";-1;"#NULO";"3176572.53";"#NE";"N";"-1";"06027118620266260000";"-3";"#NE";"-3";"#NE";"NÃO";"#NULO";-1;"#NULO";"N";"N";-1;-1;"2026-08-14 15:42:33";8;"AGUARDANDO JULGAMENTO";"-1";"#NULO";"-1";"#NULO";-1;"#NULO";-1;"#NULO";-1;"#NULO";-1;"#NULO";"-1";"#NULO"
"15/08/2026";"19:30:51";2026;6259;250002551656;-3;"#NE";1;"BRASILEIRA NATA";-3;"CONGO";"73";"N";-1;"#NULO";"3176572.53";"#NE";"N";"-1";"06026745920266260000";"-3";"#NE";"-3";"#NE";"NÃO";"#NULO";-1;"#NULO";"N";"N";-1;-1;"2026-08-14 15:42:33";8;"AGUARDANDO JULGAMENTO";"-1";"#NULO";"-1";"#NULO";-1;"#NULO";-1;"#NULO";-1;"#NULO";-1;"#NULO";"-1";"#NULO"
"15/08/2026";"19:30:51";2026;6259;250002551659;-3;"#NE";1;"BRASILEIRA NATA";-3;"FOZ DO IGUAÇU";"34";"N";-1;"#NULO";"3176572.53";"#NE";"N";"-1";"06026928020266260000";"-3";"#NE";"-3";"#NE";"NÃO";"#NULO";-1;"#NULO";"N";"N";-1;-1;"2026-08-14 15:42:33";8;"AGUARDANDO JULGAMENTO";"-1";"#NULO";"-1";"#NULO";-1;"#NULO";-1;"#NULO";-1;"#NULO";-1;"#NULO";"-1";"#NULO"
"15/08/2026";"19:30:51";2026;6259;250002552153;-3;"#NE";1;"BRASILEIRA NATA";-3;"RIO DE JANEIRO";"52";"N";0;"NÃO INFORMADO";"7115522.46";"#NE";"S";"-1";"06027257020266260000";"-3";"#NE";"-3";"#NE";"NÃO";"#NULO";-1;"#NULO";"N";"N";-1;-1;"2026-08-14 17:41:04";8;"AGUARDANDO JULGAMENTO";"-1";"#NULO";"-1";"#NULO";-1;"#NULO";-1;"#NULO";-1;"#NULO";-1;"#NULO";"-1";"#NULO"
"15/08/2026";"19:30:51";2026;6259;250002552370;-3;"#NE";1;"BRASILEIRA NATA";-3;"SÃO BERNARDO DO CAMPO";"38";"N";-1;"#NULO";"-1";"#NE";"S";"-1";"06027326220266260000";"-3";"#NE";"-3";"#NE";"NÃO";"#NULO";-1;"#NULO";"N";"N";-1;-1;"2026-08-15 11:31:43";8;"AGUARDANDO JULGAMENTO";"-1";"#NULO";"-1";"#NULO";-1;"#NULO";-1;"#NULO";-1;"#NULO";-1;"#NULO";"-1";"#NULO"
"15/08/2026";"19:30:51";2026;6259;250002552618;-3;"#NE";1;"BRASILEIRA NATA";-3;"LONDRINA";"61";"N";-1;"#NULO";"3176572.53";"#NE";"N";"-1";"06028321720266260000";"-3";"#NE";"-3";"#NE";"NÃO";"#NULO";-1;"#NULO";"N";"N";-1;-1;"2026-08-15 16:56:56";8;"AGUARDANDO JULGAMENTO";"-1";"#NULO";"-1";"#NULO";-1;"#NULO";-1;"#NULO";-1;"#NULO";-1;"#NULO";"-1";"#NULO"
"15/08/2026";"19:30:51";2026;6259;250002552622;-3;"#NE";1;"BRASILEIRA NATA";-3;"BARREIROS";"42";"N";-1;"#NULO";"3176572.53";"#NE";"N";"-1";"06028798820266260000";"-3";"#NE";"-3";"#NE";"NÃO";"#NULO";-1;"#NULO";"N";"N";-1;-1;"2026-08-15 16:56:56";8;"AGUARDANDO JULGAMENTO";"-1";"#NULO";"-1";"#NULO";-1;"#NULO";-1;"#NULO";-1;"#NULO";-1;"#NULO";"-1";"#NULO"
"15/08/2026";"19:30:51";2026;6259;250002552630;-3;"#NE";1;"BRASILEIRA NATA";-3;"ITAPETININGA";"59";"N";-1;"#NULO";"3176572.53";"#NE";"S";"-1";"06028807320266260000";"-3";"#NE";"-3";"#NE";"NÃO";"#NULO";-1;"#NULO";"N";"N";-1;-1;"2026-08-15 16:56:56";8;"AGUARDANDO JULGAMENTO";"-1";"#NULO";"-1";"#NULO";-1;"#NULO";-1;"#NULO";-1;"#NULO";-1;"#NULO";"-1";"#NULO"
"15/08/2026";"19:30:51";2026;6259;250002552637;-3;"#NE";1;"BRASILEIRA NATA";-3;"PALMEIRA D OESTE";"67";"N";-1;"#NULO";"3176572.53";"#NE";"N";"-1";"06028668920266260000";"-3";"#NE";"-3";"#NE";"NÃO";"#NULO";-1;"#NULO";"N";"N";-1;-1;"2026-08-15 16:56:56";8;"AGUARDANDO JULGAMENTO";"-1";"#NULO";"-1";"#NULO";-1;"#NULO";-1;"#NULO";-1;"#NULO";-1;"#NULO";"-1";"#NULO"
"15/08/2026";"19:30:51";2026;6259;250002552642;-3;"#NE";1;"BRASILEIRA NATA";-3;"RIO DE JANEIRO";"50";"N";-1;"#NULO";"3176572.53";"#NE";"N";"-1";"06028694420266260000";"-3";"#NE";"-3";"#NE";"NÃO";"#NULO";-1;"#NULO";"N";"N";-1;-1;"2026-08-15 16:56:56";8;"AGUARDANDO JULGAMENTO";"-1";"#NULO";"-1";"#NULO";-1;"#NULO";-1;"#NULO";-1;"#NULO";-1;"#NULO";"-1";"#NULO"
"15/08/2026";"19:30:51";2026;6259;250002552643;-3;"#NE";1;"BRASILEIRA NATA";-3;"ALEXANDRIA";"50";"N";-1;"#NULO";"3176572.53";"#NE";"N";"-1";"06028616720266260000";"-3";"#NE";"-3";"#NE";"NÃO";"#NULO";-1;"#NULO";"N";"N";-1;-1;"2026-08-15 16:56:56";8;"AGUARDANDO JULGAMENTO";"-1";"#NULO";"-1";"#NULO";-1;"#NULO";-1;"#NULO";-1;"#NULO";-1;"#NULO";"-1";"#NULO"
"15/08/2026";"19:30:51";2026;6259;250002552649;-3;"#NE";1;"BRASILEIRA NATA";-3;"DRACENA";"46";"N";-1;"#NULO";"3176572.53";"#NE";"S";"-1";"06028373920266260000";"-3";"#NE";"-3";"#NE";"NÃO";"#NULO";-1;"#NULO";"N";"N";-1;-1;"2026-08-15 16:56:56";8;"AGUARDANDO JULGAMENTO";"-1";"#NULO";"-1";"#NULO";-1;"#NULO";-1;"#NULO";-1;"#NULO";-1;"#NULO";"-1";"#NULO"
"15/08/2026";"19:30:51";2026;6259;250002552657;-3;"#NE";1;"BRASILEIRA NATA";-3;"SÃO CAETANO DO SUL";"53";"N";-1;"#NULO";"3176572.53";"#NE";"N";"-1";"06028451620266260000";"-3";"#NE";"-3";"#NE";"NÃO";"#NULO";-1;"#NULO";"N";"N";-1;-1;"2026-08-15 16:56:56";8;"AGUARDANDO JULGAMENTO";"-1";"#NULO";"-1";"#NULO";-1;"#NULO";-1;"#NULO";-1;"#NULO";-1;"#NULO";"-1";"#NULO"
"15/08/2026";"19:30:51";2026;6259;250002552662;-3;"#NE";1;"BRASILEIRA NATA";-3;"SÃO PAULO";"63";"N";-1;"#NULO";"3176572.53";"#NE";"N";"-1";"06028191820266260000";"-3";"#NE";"-3";"#NE";"NÃO";"#NULO";-1;"#NULO";"N";"N";-1;-1;"2026-08-15 16:56:56";8;"AGUARDANDO JULGAMENTO";"-1";"#NULO";"-1";"#NULO";-1;"#NULO";-1;"#NULO";-1;"#NULO";-1;"#NULO";"-1";"#NULO"
"15/08/2026";"19:30:51";2026;6259;250002552864;-3;"#NE";1;"BRASILEIRA NATA";-3;"PRADÓPOLIS";"65";"N";-1;"#NULO";"1270629.01";"#NE";"N";"-1";"06027707420266260000";"-3";"#NE";"-3";"#NE";"NÃO";"#NULO";-1;"#NULO";"N";"N";-1;-1;"2026-08-15 16:08:59";8;"AGUARDANDO JULGAMENTO";"-1";"#NULO";"-1";"#NULO";-1;"#NULO";-1;"#NULO";-1;"#NULO";-1;"#NULO";"-1";"#NULO"
"15/08/2026";"19:30:51";2026;6259;250002552867;-3;"#NE";1;"BRASILEIRA NATA";-3;"SÃO PAULO";"48";"N";-1;"#NULO";"1270629.01";"#NE";"N";"-1";"06027542320266260000";"-3";"#NE";"-3";"#NE";"NÃO";"#NULO";-1;"#NULO";"N";"N";-1;-1;"2026-08-15 16:08:59";8;"AGUARDANDO JULGAMENTO";"-1";"#NULO";"-1";"#NULO";-1;"#NULO";-1;"#NULO";-1;"#NULO";-1;"#NULO";"-1";"#NULO"
"15/08/2026";"19:30:51";2026;6259;250002552873;-3;"#NE";1;"BRASILEIRA NATA";-3;"SÃO PAULO";"52";"N";-1;"#NULO";"1270629.01";"#NE";"S";"-1";"06027793620266260000";"-3";"#NE";"-3";"#NE";"NÃO";"#NULO";-1;"#NULO";"N";"N";-1;-1;"2026-08-15 16:08:59";8;"AGUARDANDO JULGAMENTO";"-1";"#NULO";"-1";"#NULO";-1;"#NULO";-1;"#NULO";-1;"#NULO";-1;"#NULO";"-1";"#NULO"
"15/08/2026";"19:30:51";2026;6259;250002552878;-3;"#NE";1;"BRASILEIRA NATA";-3;"SÃO PAULO";"54";"N";-1;"#NULO";"1270629.01";"#NE";"N";"-1";"06027776620266260000";"-3";"#NE";"-3";"#NE";"NÃO";"#NULO";-1;"#NULO";"N";"N";-1;-1;"2026-08-15 16:08:59";8;"AGUARDANDO JULGAMENTO";"-1";"#NULO";"-1";"#NULO";-1;"#NULO";-1;"#NULO";-1;"#NULO";-1;"#NULO";"-1";"#NULO"
"15/08/2026";"19:30:51";2026;6259;250002552891;-3;"#NE";1;"BRASILEIRA NATA";-3;"SANTO ANDRÉ";"77";"N";-1;"#NULO";"1270629.01";"#NE";"N";"-1";"06027550820266260000";"-3";"#NE";"-3";"#NE";"NÃO";"#NULO";-1;"#NULO";"N";"N";-1;-1;"2026-08-15 16:08:59";8;"AGUARDANDO JULGAMENTO";"-1";"#NULO";"-1";"#NULO";-1;"#NULO";-1;"#NULO";-1;"#NULO";-1;"#NULO";"-1";"#NULO"
"15/08/2026";"19:30:51";2026;6259;250002552897;-3;"#NE";1;"BRASILEIRA NATA";-3;"SÃO PAULO";"60";"N";-1;"#NULO";"1270629.01";"#NE";"S";"-1";"06027940520266260000";"-3";"#NE";"-3";"#NE";"NÃO";"#NULO";-1;"#NULO";"N";"N";-1;-1;"2026-08-15 16:08:59";8;"AGUARDANDO JULGAMENTO";"-1";"#NULO";"-1";"#NULO";-1;"#NULO";-1;"#NULO";-1;"#NULO";-1;"#NULO";"-1";"#NULO"
"15/08/2026";"19:30:51";2026;6259;250002552898;-3;"#NE";1;"BRASILEIRA NATA";-3;"SÃO PAULO";"47";"N";-1;"#NULO";"1270629.01";"#NE";"N";"-1";"06027906520266260000";"-3";"#NE";"-3";"#NE";"NÃO";"#NULO";-1;"#NULO";"N";"N";-1;-1;"2026-08-15 16:08:59";8;"AGUARDANDO JULGAMENTO";"-1";"#NULO";"-1";"#NULO";-1;"#NULO";-1;"#NULO";-1;"#NULO";-1;"#NULO";"-1";"#NULO"
"15/08/2026";"19:30:51";2026;6259;250002552903;-3;"#NE";1;"BRASILEIRA NATA";-3;"MAIRIPORÃ";"51";"N";-1;"#NULO";"1270629.01";"#NE";"N";"-1";"06028001220266260000";"-3";"#NE";"-3";"#NE";"NÃO";"#NULO";-1;"#NULO";"N";"N";-1;-1;"2026-08-15 16:08:59";8;"AGUARDANDO JULGAMENTO";"-1";"#NULO";"-1";"#NULO";-1;"#NULO";-1;"#NULO";-1;"#NULO";-1;"#NULO";"-1";"#NULO"
"15/08/2026";"19:30:51";2026;6259;250002552907;-3;"#NE";1;"BRASILEIRA NATA";-3;"MARTINS";"57";"N";-1;"#NULO";"1270629.01";"#NE";"S";"-1";"06027871320266260000";"-3";"#NE";"-3";"#NE";"NÃO";"#NULO";-1;"#NULO";"N";"N";-1;-1;"2026-08-15 16:08:59";8;"AGUARDANDO JULGAMENTO";"-1";"#NULO";"-1";"#NULO";-1;"#NULO";-1;"#NULO";-1;"#NULO";-1;"#NULO";"-1";"#NULO"
"15/08/2026";"19:30:51";2026;6259;250002552918;-3;"#NE";1;"BRASILEIRA NATA";-3;"SOUSA";"55";"N";-1;"#NULO";"1270629.01";"#NE";"N";"-1";"06027724420266260000";"-3";"#NE";"-3";"#NE";"NÃO";"#NULO";-1;"#NULO";"N";"N";-1;-1;"2026-08-15 16:08:59";8;"AGUARDANDO JULGAMENTO";"-1";"#NULO";"-1";"#NULO";-1;"#NULO";-1;"#NULO";-1;"#NULO";-1;"#NULO";"-1";"#NULO"
"15/08/2026";"19:30:51";2026;6259;250002552916;-3;"#NE";1;"BRASILEIRA NATA";-3;"ALMENARA";"58";"N";-1;"#NULO";"1270629.01";"#NE";"N";"-1";"06028036420266260000";"-3";"#NE";"-3";"#NE";"NÃO";"#NULO";-1;"#NULO";"N";"N";-1;-1;"2026-08-15 16:08:59";8;"AGUARDANDO JULGAMENTO";"-1";"#NULO";"-1";"#NULO";-1;"#NULO";-1;"#NULO";-1;"#NULO";-1;"#NULO";"-1";"#NULO"
"15/08/2026";"19:30:51";2026;6259;250002553252;-3;"#NE";1;"BRASILEIRA NATA";-3;"SÃO PAULO";"41";"N";-1;"#NULO";"7115522.46";"#NE";"N";"-1";"06029040420266260000";"-3";"#NE";"-3";"#NE";"NÃO";"#NULO";-1;"#NULO";"N";"N";-1;-1;"2026-08-15 17:59:26";8;"AGUARDANDO JULGAMENTO";"-1";"#NULO";"-1";"#NULO";-1;"#NULO";-1;"#NULO";-1;"#NULO";-1;"#NULO";"-1";"#NULO"
"15/08/2026";"19:30:51";2026;6259;250002553327;-3;"#NE";1;"BRASILEIRA NATA";-3;"MAUÁ";"46";"N";-1;"#NULO";"3176572.53";"#NE";"N";"-1";"06028989420266260000";"-3";"#NE";"-3";"#NE";"NÃO";"#NULO";-1;"#NULO";"N";"N";-1;-1;"2026-08-15 17:41:45";8;"AGUARDANDO JULGAMENTO";"-1";"#NULO";"-1";"#NULO";-1;"#NULO";-1;"#NULO";-1;"#NULO";-1;"#NULO";"-1";"#NULO"
"15/08/2026";"19:30:51";2026;6259;250002553328;-3;"#NE";1;"BRASILEIRA NATA";-3;"ÁGUAS DE SANTA BÁRBARA";"68";"N";-1;"#NULO";"3176572.53";"#NE";"S";"-1";"06028997920266260000";"-3";"#NE";"-3";"#NE";"NÃO";"#NULO";-1;"#NULO";"N";"N";-1;-1;"2026-08-15 17:41:45";8;"AGUARDANDO JULGAMENTO";"-1";"#NULO";"-1";"#NULO";-1;"#NULO";-1;"#NULO";-1;"#NULO";-1;"#NULO";"-1";"#NULO"
"15/08/2026";"19:30:51";2026;6259;250002553332;-3;"#NE";1;"BRASILEIRA NATA";-3;"SÃO PAULO";"50";"N";-1;"#NULO";"3176572.53";"#NE";"S";"-1";"06028945720266260000";"-3";"#NE";"-3";"#NE";"NÃO";"#NULO";-1;"#NULO";"N";"N";-1;-1;"2026-08-15 17:41:45";8;"AGUARDANDO JULGAMENTO";"-1";"#NULO";"-1";"#NULO";-1;"#NULO";-1;"#NULO";-1;"#NULO";-1;"#NULO";"-1";"#NULO"
"15/08/2026";"19:30:51";2026;6259;250002553770;-3;"#NE";1;"BRASILEIRA NATA";-3;"SANTOS";"57";"N";-1;"#NULO";"1270629.01";"#NE";"N";"-1";"06029846520266260000";"-3";"#NE";"-3";"#NE";"NÃO";"#NULO";-1;"#NULO";"N";"N";-1;-1;"2026-08-15 19:01:55";8;"AGUARDANDO JULGAMENTO";"-1";"#NULO";"-1";"#NULO";-1;"#NULO";-1;"#NULO";-1;"#NULO";-1;"#NULO";"-1";"#NULO"
"15/08/2026";"19:30:51";2026;6259;250002553771;-3;"#NE";1;"BRASILEIRA NATA";-3;"SANTO ANDRÉ";"47";"N";-1;"#NULO";"1270629.01";"#NE";"N";"-1";"06029161820266260000";"-3";"#NE";"-3";"#NE";"NÃO";"#NULO";-1;"#NULO";"N";"N";-1;-1;"2026-08-15 19:01:55";8;"AGUARDANDO JULGAMENTO";"-1";"#NULO";"-1";"#NULO";-1;"#NULO";-1;"#NULO";-1;"#NULO";-1;"#NULO";"-1";"#NULO"
"15/08/2026";"19:30:51";2026;6259;250002553776;-3;"#NE";1;"BRASILEIRA NATA";-3;"SÃO PAULO";"61";"N";-1;"#NULO";"1270629.01";"#NE";"N";"-1";"06029490820266260000";"-3";"#NE";"-3";"#NE";"NÃO";"#NULO";-1;"#NULO";"N";"N";-1;-1;"2026-08-15 19:01:55";8;"AGUARDANDO JULGAMENTO";"-1";"#NULO";"-1";"#NULO";-1;"#NULO";-1;"#NULO";-1;"#NULO";-1;"#NULO";"-1";"#NULO"
"15/08/2026";"19:30:51";2026;6259;250002553781;-3;"#NE";1;"BRASILEIRA NATA";-3;"SÃO PAULO";"52";"N";-1;"#NULO";"1270629.01";"#NE";"N";"-1";"06029153320266260000";"-3";"#NE";"-3";"#NE";"NÃO";"#NULO";-1;"#NULO";"N";"N";-1;-1;"2026-08-15 19:01:55";8;"AGUARDANDO JULGAMENTO";"-1";"#NULO";"-1";"#NULO";-1;"#NULO";-1;"#NULO";-1;"#NULO";-1;"#NULO";"-1";"#NULO"
"15/08/2026";"19:30:51";2026;6259;250002553791;-3;"#NE";1;"BRASILEIRA NATA";-3;"SALVADOR";"63";"N";-1;"#NULO";"1270629.01";"#NE";"N";"-1";"06029335420266260000";"-3";"#NE";"-3";"#NE";"NÃO";"#NULO";-1;"#NULO";"N";"N";-1;-1;"2026-08-15 19:01:55";8;"AGUARDANDO JULGAMENTO";"-1";"#NULO";"-1";"#NULO";-1;"#NULO";-1;"#NULO";-1;"#NULO";-1;"#NULO";"-1";"#NULO"
"15/08/2026";"19:30:51";2026;6259;250002553794;-3;"#NE";1;"BRASILEIRA NATA";-3;"BARUERI";"54";"N";-1;"#NULO";"1270629.01";"#NE";"N";"-1";"06029526020266260000";"-3";"#NE";"-3";"#NE";"NÃO";"#NULO";-1;"#NULO";"N";"N";-1;-1;"2026-08-15 19:01:55";8;"AGUARDANDO JULGAMENTO";"-1";"#NULO";"-1";"#NULO";-1;"#NULO";-1;"#NULO";-1;"#NULO";-1;"#NULO";"-1";"#NULO"
"15/08/2026";"19:30:51";2026;6259;250002553795;-3;"#NE";1;"BRASILEIRA NATA";-3;"BARUERI";"60";"N";-1;"#NULO";"1270629.01";"#NE";"N";"-1";"06029993420266260000";"-3";"#NE";"-3";"#NE";"NÃO";"#NULO";-1;"#NULO";"N";"N";-1;-1;"2026-08-15 19:01:55";8;"AGUARDANDO JULGAMENTO";"-1";"#NULO";"-1";"#NULO";-1;"#NULO";-1;"#NULO";-1;"#NULO";-1;"#NULO";"-1";"#NULO"
"15/08/2026";"19:30:51";2026;6259;250002553797;-3;"#NE";1;"BRASILEIRA NATA";-3;"BARRETOS";"56";"N";-1;"#NULO";"1270629.01";"#NE";"N";"-1";"06029283220266260000";"-3";"#NE";"-3";"#NE";"NÃO";"#NULO";-1;"#NULO";"N";"N";-1;-1;"2026-08-15 19:01:55";8;"AGUARDANDO JULGAMENTO";"-1";"#NULO";"-1";"#NULO";-1;"#NULO";-1;"#NULO";-1;"#NULO";-1;"#NULO";"-1";"#NULO"
"15/08/2026";"19:30:51";2026;6259;250002553800;-3;"#NE";1;"BRASILEIRA NATA";-3;"MACEIÓ";"67";"N";-1;"#NULO";"1270629.01";"#NE";"N";"-1";"06029387620266260000";"-3";"#NE";"-3";"#NE";"NÃO";"#NULO";-1;"#NULO";"N";"N";-1;-1;"2026-08-15 19:01:55";8;"AGUARDANDO JULGAMENTO";"-1";"#NULO";"-1";"#NULO";-1;"#NULO";-1;"#NULO";-1;"#NULO";-1;"#NULO";"-1";"#NULO"
"15/08/2026";"19:30:51";2026;6259;250002553816;-3;"#NE";1;"BRASILEIRA NATA";-3;"SÃO CAETANO DO SUL";"51";"N";-1;"#NULO";"1270629.01";"#NE";"N";"-1";"06029214020266260000";"-3";"#NE";"-3";"#NE";"NÃO";"#NULO";-1;"#NULO";"N";"N";-1;-1;"2026-08-15 19:01:55";8;"AGUARDANDO JULGAMENTO";"-1";"#NULO";"-1";"#NULO";-1;"#NULO";-1;"#NULO";-1;"#NULO";-1;"#NULO";"-1";"#NULO"
"15/08/2026";"19:30:51";2026;6259;250002553834;-3;"#NE";1;"BRASILEIRA NATA";-3;"AMERICANA";"25";"N";-1;"#NULO";"1270629.01";"#NE";"N";"-1";"06029413120266260000";"-3";"#NE";"-3";"#NE";"NÃO";"#NULO";-1;"#NULO";"N";"N";-1;-1;"2026-08-15 19:01:55";8;"AGUARDANDO JULGAMENTO";"-1";"#NULO";"-1";"#NULO";-1;"#NULO";-1;"#NULO";-1;"#NULO";-1;"#NULO";"-1";"#NULO"
"15/08/2026";"19:30:51";2026;6259;250002553838;-3;"#NE";1;"BRASILEIRA NATA";-3;"BOM CONSELHO";"61";"N";-1;"#NULO";"1270629.01";"#NE";"N";"-1";"06029326920266260000";"-3";"#NE";"-3";"#NE";"NÃO";"#NULO";-1;"#NULO";"N";"N";-1;-1;"2026-08-15 19:01:55";8;"AGUARDANDO JULGAMENTO";"-1";"#NULO";"-1";"#NULO";-1;"#NULO";-1;"#NULO";-1;"#NULO";-1;"#NULO";"-1";"#NULO"
"15/08/2026";"19:30:51";2026;6259;250002530116;-3;"#NE";1;"BRASILEIRA NATA";-3;"UBERABA";"47";"N";-1;"#NULO";"3176572.53";"#NE";"S";"-1";"06003223120266260000";"-3";"#NE";"-3";"#NE";"NÃO";"#NULO";-1;"#NULO";"N";"N";-1;-1;"2026-07-23 18:40:08";8;"AGUARDANDO JULGAMENTO";"-1";"#NULO";"-1";"#NULO";-1;"#NULO";-1;"#NULO";-1;"#NULO";-1;"#NULO";"-1";"#NULO"
"15/08/2026";"19:30:51";2026;6259;250002530122;-3;"#NE";1;"BRASILEIRA NATA";-3;"CONSELHEIRO MAIRINCK";"55";"N";0;"NÃO INFORMADO";"3176572.53";"#NE";"S";"-1";"06003552120266260000";"-3";"#NE";"-3";"#NE";"NÃO";"#NULO";-1;"#NULO";"N";"N";-1;-1;"2026-07-23 18:40:08";8;"AGUARDANDO JULGAMENTO";"-1";"#NULO";"-1";"#NULO";-1;"#NULO";-1;"#NULO";-1;"#NULO";-1;"#NULO";"-1";"#NULO"
"15/08/2026";"19:30:51";2026;6259;250002530126;-3;"#NE";1;"BRASILEIRA NATA";-3;"MINEIROS DO TIETÊ";"61";"N";-1;"#NULO";"3176572.53";"#NE";"S";"-1";"06003820420266260000";"-3";"#NE";"-3";"#NE";"NÃO";"#NULO";-1;"#NULO";"N";"N";-1;-1;"2026-07-23 18:40:08";8;"AGUARDANDO JULGAMENTO";"-1";"#NULO";"-1";"#NULO";-1;"#NULO";-1;"#NULO";-1;"#NULO";-1;"#NULO";"-1";"#NULO"
"15/08/2026";"19:30:51";2026;6259;250002530133;-3;"#NE";1;"BRASILEIRA NATA";-3;"MORRO DO CHAPÉU";"48";"N";0;"NÃO INFORMADO";"3176572.53";"#NE";"S";"-1";"06003786420266260000";"-3";"#NE";"-3";"#NE";"NÃO";"#NULO";-1;"#NULO";"N";"N";-1;-1;"2026-07-23 18:40:08";8;"AGUARDANDO JULGAMENTO";"-1";"#NULO";"-1";"#NULO";-1;"#NULO";-1;"#NULO";-1;"#NULO";-1;"#NULO";"-1";"#NULO"
"15/08/2026";"19:30:51";2026;6259;250002530134;-3;"#NE";2;"BRASILEIRA (NATURALIZADA)";-3;"AMERICANA";"54";"N";-1;"#NULO";"3176572.53";"#NE";"N";"-1";"06003474420266260000";"-3";"#NE";"-3";"#NE";"NÃO";"#NULO";-1;"#NULO";"N";"N";-1;-1;"2026-07-23 18:40:08";8;"AGUARDANDO JULGAMENTO";"-1";"#NULO";"-1";"#NULO";-1;"#NULO";-1;"#NULO";-1;"#NULO";-1;"#NULO";"-1";"#NULO"
"15/08/2026";"19:30:51";2026;6259;250002530140;-3;"#NE";1;"BRASILEIRA NATA";-3;"COTIA";"23";"N";-1;"#NULO";"3176572.53";"#NE";"N";"-1";"06003734220266260000";"-3";"#NE";"-3";"#NE";"NÃO";"#NULO";-1;"#NULO";"N";"N";-1;-1;"2026-07-23 18:40:08";8;"AGUARDANDO JULGAMENTO";"-1";"#NULO";"-1";"#NULO";-1;"#NULO";-1;"#NULO";-1;"#NULO";-1;"#NULO";"-1";"#NULO"
"15/08/2026";"19:30:51";2026;6259;250002530141;-3;"#NE";1;"BRASILEIRA NATA";-3;"COTIA";"56";"N";-1;"#NULO";"3176572.53";"#NE";"N";"-1";"06003319020266260000";"-3";"#NE";"-3";"#NE";"NÃO";"#NULO";-1;"#NULO";"N";"N";-1;-1;"2026-07-23 18:40:08";8;"AGUARDANDO JULGAMENTO";"-1";"#NULO";"-1";"#NULO";-1;"#NULO";-1;"#NULO";-1;"#NULO";-1;"#NULO";"-1";"#NULO"
"15/08/2026";"19:30:51";2026;6259;250002530148;-3;"#NE";1;"BRASILEIRA NATA";-3;"GUARULHOS";"37";"N";0;"NÃO INFORMADO";"3176572.53";"#NE";"N";"-1";"06003249820266260000";"-3";"#NE";"-3";"#NE";"NÃO";"#NULO";-1;"#NULO";"N";"N";-1;-1;"2026-07-23 18:40:08";8;"AGUARDANDO JULGAMENTO";"-1";"#NULO";"-1";"#NULO";-1;"#NULO";-1;"#NULO";-1;"#NULO";-1;"#NULO";"-1";"#NULO"
"15/08/2026";"19:30:51";2026;6259;250002530151;-3;"#NE";1;"BRASILEIRA NATA";-3;"SALTO GRANDE";"61";"N";-1;"#NULO";"3176572.53";"#NE";"N";"-1";"06003803420266260000";"-3";"#NE";"-3";"#NE";"NÃO";"#NULO";-1;"#NULO";"N";"N";-1;-1;"2026-07-23 18:40:08";8;"AGUARDANDO JULGAMENTO";"-1";"#NULO";"-1";"#NULO";-1;"#NULO";-1;"#NULO";-1;"#NULO";-1;"#NULO";"-1";"#NULO"
"15/08/2026";"19:30:51";2026;6259;250002530154;-3;"#NE";1;"BRASILEIRA NATA";-3;"SANTO ANDRÉ";"44";"N";0;"NÃO INFORMADO";"3176572.53";"#NE";"S";"-1";"06003604320266260000";"-3";"#NE";"-3";"#NE";"NÃO";"#NULO";-1;"#NULO";"N";"N";-1;-1;"2026-07-23 18:40:08";8;"AGUARDANDO JULGAMENTO";"-1";"#NULO";"-1";"#NULO";-1;"#NULO";-1;"#NULO";-1;"#NULO";-1;"#NULO";"-1";"#NULO"
"15/08/2026";"19:30:51";2026;6259;250002530161;-3;"#NE";1;"BRASILEIRA NATA";-3;"SÃO PAULO";"44";"N";-1;"#NULO";"3176572.53";"#NE";"N";"-1";"06003353020266260000";"-3";"#NE";"-3";"#NE";"NÃO";"#NULO";-1;"#NULO";"N";"N";-1;-1;"2026-07-23 18:40:08";8;"AGUARDANDO JULGAMENTO";"-1";"#NULO";"-1";"#NULO";-1;"#NULO";-1;"#NULO";-1;"#NULO";-1;"#NULO";"-1";"#NULO"
"15/08/2026";"19:30:51";2026;6259;250002530174;-3;"#NE";1;"BRASILEIRA NATA";-3;"SÃO PAULO";"57";"N";0;"NÃO INFORMADO";"3176572.53";"#NE";"S";"-1";"06003595820266260000";"-3";"#NE";"-3";"#NE";"NÃO";"#NULO";-1;"#NULO";"N";"N";-1;-1;"2026-07-23 18:40:08";8;"AGUARDANDO JULGAMENTO";"-1";"#NULO";"-1";"#NULO";-1;"#NULO";-1;"#NULO";-1;"#NULO";-1;"#NULO";"-1";"#NULO"
"15/08/2026";"19:30:51";2026;6259;250002530181;-3;"#NE";1;"BRASILEIRA NATA";-3;"IPAPORANGA";"47";"N";0;"NÃO INFORMADO";"1270629.01";"#NE";"S";"-1";"06004781920266260000";"-3";"#NE";"-3";"#NE";"NÃO";"#NULO";-1;"#NULO";"N";"N";-1;-1;"2026-07-23 19:03:01";8;"AGUARDANDO JULGAMENTO";"-1";"#NULO";"-1";"#NULO";-1;"#NULO";-1;"#NULO";-1;"#NULO";-1;"#NULO";"-1";"#NULO"
"15/08/2026";"19:30:51";2026;6259;250002530203;-3;"#NE";1;"BRASILEIRA NATA";-3;"OSASCO";"57";"N";-1;"#NULO";"1270629.01";"#NE";"S";"-1";"06004660520266260000";"-3";"#NE";"-3";"#NE";"NÃO";"#NULO";-1;"#NULO";"N";"N";-1;-1;"2026-07-23 19:03:01";8;"AGUARDANDO JULGAMENTO";"-1";"#NULO";"-1";"#NULO";-1;"#NULO";-1;"#NULO";-1;"#NULO";-1;"#NULO";"-1";"#NULO"
"15/08/2026";"19:30:51";2026;6259;250002530209;-3;"#NE";1;"BRASILEIRA NATA";-3;"RIO DE JANEIRO";"54";"N";-1;"#NULO";"1270629.01";"#NE";"S";"-1";"06004582820266260000";"-3";"#NE";"-3";"#NE";"NÃO";"#NULO";-1;"#NULO";"N";"N";-1;-1;"2026-07-23 19:03:01";8;"AGUARDANDO JULGAMENTO";"-1";"#NULO";"-1";"#NULO";-1;"#NULO";-1;"#NULO";-1;"#NULO";-1;"#NULO";"-1";"#NULO"
"15/08/2026";"19:30:51";2026;6259;250002530218;-3;"#NE";1;"BRASILEIRA NATA";-3;"CAMPOS DO JORDÃO";"33";"N";0;"NÃO INFORMADO";"1270629.01";"#NE";"N";"-1";"06004219820266260000";"-3";"#NE";"-3";"#NE";"NÃO";"#NULO";-1;"#NULO";"N";"N";-1;-1;"2026-07-23 19:03:01";8;"AGUARDANDO JULGAMENTO";"-1";"#NULO";"-1";"#NULO";-1;"#NULO";-1;"#NULO";-1;"#NULO";-1;"#NULO";"-1";"#NULO"
"15/08/2026";"19:30:51";2026;6259;250002530227;-3;"#NE";1;"BRASILEIRA NATA";-3;"ROMA";"40";"N";-1;"#NULO";"1270629.01";"#NE";"S";"-1";"06003864120266260000";"-3";"#NE";"-3";"#NE";"NÃO";"#NULO";-1;"#NULO";"N";"N";-1;-1;"2026-07-23 19:03:01";8;"AGUARDANDO JULGAMENTO";"-1";"#NULO";"-1";"#NULO";-1;"#NULO";-1;"#NULO";-1;"#NULO";-1;"#NULO";"-1";"#NULO"
"15/08/2026";"19:30:51";2026;6259;250002530232;-3;"#NE";1;"BRASILEIRA NATA";-3;"SANTOS";"39";"N";0;"NÃO INFORMADO";"1270629.01";"#NE";"S";"-1";"06003950320266260000";"-3";"#NE";"-3";"#NE";"NÃO";"#NULO";-1;"#NULO";"N";"N";-1;-1;"2026-07-23 19:03:01";8;"AGUARDANDO JULGAMENTO";"-1";"#NULO";"-1";"#NULO";-1;"#NULO";-1;"#NULO";-1;"#NULO";-1;"#NULO";"-1";"#NULO"
"15/08/2026";"19:30:51";2026;6259;250002530236;-3;"#NE";1;"BRASILEIRA NATA";-3;"SÃO PAULO";"37";"N";0;"NÃO INFORMADO";"1270629.01";"#NE";"N";"-1";"06004496620266260000";"-3";"#NE";"-3";"#NE";"NÃO";"#NULO";-1;"#NULO";"N";"N";-1;-1;"2026-07-23 19:03:01";8;"AGUARDANDO JULGAMENTO";"-1";"#NULO";"-1";"#NULO";-1;"#NULO";-1;"#NULO";-1;"#NULO";-1;"#NULO";"-1";"#NULO"
"15/08/2026";"19:30:51";2026;6259;250002530253;-3;"#NE";1;"BRASILEIRA NATA";-3;"SÃO PAULO";"68";"N";0;"NÃO INFORMADO";"1270629.01";"#NE";"N";"-1";"06004747920266260000";"-3";"#NE";"-3";"#NE";"NÃO";"#NULO";-1;"#NULO";"N";"N";-1;-1;"2026-07-23 19:03:01";8;"AGUARDANDO JULGAMENTO";"-1";"#NULO";"-1";"#NULO";-1;"#NULO";-1;"#NULO";-1;"#NULO";-1;"#NULO";"-1";"#NULO"
"15/08/2026";"19:30:51";2026;6259;250002530252;-3;"#NE";1;"BRASILEIRA NATA";-3;"SÃO PAULO";"33";"N";-1;"#NULO";"1270629.01";"#NE";"S";"-1";"06004375220266260000";"-3";"#NE";"-3";"#NE";"NÃO";"#NULO";-1;"#NULO";"N";"N";-1;-1;"2026-07-23 19:03:01";8;"AGUARDANDO JULGAMENTO";"-1";"#NULO";"-1";"#NULO";-1;"#NULO";-1;"#NULO";-1;"#NULO";-1;"#NULO";"-1";"#NULO"
"15/08/2026";"19:30:51";2026;6259;250002530263;-3;"#NE";1;"BRASILEIRA NATA";-3;"SÃO PAULO";"66";"N";0;"NÃO INFORMADO";"1270629.01";"#NE";"S";"-1";"06004479620266260000";"-3";"#NE";"-3";"#NE";"NÃO";"#NULO";-1;"#NULO";"N";"N";-1;-1;"2026-07-23 19:03:01";8;"AGUARDANDO JULGAMENTO";"-1";"#NULO";"-1";"#NULO";-1;"#NULO";-1;"#NULO";-1;"#NULO";-1;"#NULO";"-1";"#NULO"
"15/08/2026";"19:30:51";2026;6259;250002530270;-3;"#NE";1;"BRASILEIRA NATA";-3;"SÃO ROQUE";"43";"N";-1;"#NULO";"1270629.01";"#NE";"N";"-1";"06004071720266260000";"-3";"#NE";"-3";"#NE";"NÃO";"#NULO";-1;"#NULO";"N";"N";-1;-1;"2026-07-23 19:03:01";8;"AGUARDANDO JULGAMENTO";"-1";"#NULO";"-1";"#NULO";-1;"#NULO";-1;"#NULO";-1;"#NULO";-1;"#NULO";"-1";"#NULO"
"15/08/2026";"19:30:51";2026;6259;250002532327;-3;"#NE";1;"BRASILEIRA NATA";-3;"SÃO PAULO";"53";"N";-1;"#NULO";"3176572.53";"#NE";"S";"-1";"06005431420266260000";"-3";"#NE";"-3";"#NE";"NÃO";"#NULO";-1;"#NULO";"N";"N";-1;-1;"2026-07-27 18:23:24";8;"AGUARDANDO JULGAMENTO";"-1";"#NULO";"-1";"#NULO";-1;"#NULO";-1;"#NULO";-1;"#NULO";-1;"#NULO";"-1";"#NULO"
"15/08/2026";"19:30:51";2026;6259;250002532329;-3;"#NE";1;"BRASILEIRA NATA";-3;"GUARUJÁ";"49";"N";-1;"#NULO";"3176572.53";"#NE";"S";"-1";"06005458120266260000";"-3";"#NE";"-3";"#NE";"NÃO";"#NULO";-1;"#NULO";"N";"N";-1;-1;"2026-07-27 18:23:24";8;"AGUARDANDO JULGAMENTO";"-1";"#NULO";"-1";"#NULO";-1;"#NULO";-1;"#NULO";-1;"#NULO";-1;"#NULO";"-1";"#NULO"
"15/08/2026";"19:30:51";2026;6259;250002532330;-3;"#NE";1;"BRASILEIRA NATA";-3;"CUBATÃO";"52";"N";-1;"#NULO";"3176572.53";"#NE";"S";"-1";"06005388920266260000";"-3";"#NE";"-3";"#NE";"NÃO";"#NULO";-1;"#NULO";"N";"N";-1;-1;"2026-07-27 18:23:24";8;"AGUARDANDO JULGAMENTO";"-1";"#NULO";"-1";"#NULO";-1;"#NULO";-1;"#NULO";-1;"#NULO";-1;"#NULO";"-1";"#NULO"
"15/08/2026";"19:30:51";2026;6259;250002532335;-3;"#NE";1;"BRASILEIRA NATA";-3;"SÃO PAULO";"50";"N";0;"NÃO INFORMADO";"3176572.53";"#NE";"S";"-1";"06005422920266260000";"-3";"#NE";"-3";"#NE";"NÃO";"#NULO";-1;"#NULO";"N";"N";-1;-1;"2026-07-27 18:23:24";8;"AGUARDANDO JULGAMENTO";"-1";"#NULO";"-1";"#NULO";-1;"#NULO";-1;"#NULO";-1;"#NULO";-1;"#NULO";"-1";"#NULO"
"15/08/2026";"19:30:51";2026;6259;250002532340;-3;"#NE";1;"BRASILEIRA NATA";-3;"BURI";"39";"N";0;"NÃO INFORMADO";"3176572.53";"#NE";"S";"-1";"06005223820266260000";"-3";"#NE";"-3";"#NE";"NÃO";"#NULO";-1;"#NULO";"N";"N";-1;-1;"2026-07-27 18:23:24";8;"AGUARDANDO JULGAMENTO";"-1";"#NULO";"-1";"#NULO";-1;"#NULO";-1;"#NULO";-1;"#NULO";-1;"#NULO";"-1";"#NULO"
"15/08/2026";"19:30:51";2026;6259;250002532345;-3;"#NE";1;"BRASILEIRA NATA";-3;"CACHOEIRA PAULISTA";"38";"N";0;"NÃO INFORMADO";"3176572.53";"#NE";"N";"-1";"06005041720266260000";"-3";"#NE";"-3";"#NE";"NÃO";"#NULO";-1;"#NULO";"N";"N";-1;-1;"2026-07-27 18:23:24";8;"AGUARDANDO JULGAMENTO";"-1";"#NULO";"-1";"#NULO";-1;"#NULO";-1;"#NULO";-1;"#NULO";-1;"#NULO";"-1";"#NULO"
"15/08/2026";"19:30:51";2026;6259;250002532354;-3;"#NE";1;"BRASILEIRA NATA";-3;"VOTORANTIM";"38";"N";0;"NÃO INFORMADO";"3176572.53";"#NE";"N";"-1";"06005466620266260000";"-3";"#NE";"-3";"#NE";"NÃO";"#NULO";-1;"#NULO";"N";"N";-1;-1;"2026-07-27 18:23:24";8;"AGUARDANDO JULGAMENTO";"-1";"#NULO";"-1";"#NULO";-1;"#NULO";-1;"#NULO";-1;"#NULO";-1;"#NULO";"-1";"#NULO"
"15/08/2026";"19:30:51";2026;6259;250002532359;-3;"#NE";1;"BRASILEIRA NATA";-3;"ANDRADINA";"47";"N";0;"NÃO INFORMADO";"3176572.53";"#NE";"S";"-1";"06005016220266260000";"-3";"#NE";"-3";"#NE";"NÃO";"#NULO";-1;"#NULO";"N";"N";-1;-1;"2026-07-27 18:23:24";8;"AGUARDANDO JULGAMENTO";"-1";"#NULO";"-1";"#NULO";-1;"#NULO";-1;"#NULO";-1;"#NULO";-1;"#NULO";"-1";"#NULO"
"15/08/2026";"19:30:51";2026;6259;250002532371;-3;"#NE";1;"BRASILEIRA NATA";-3;"JUNDIAÍ";"52";"N";0;"NÃO INFORMADO";"3176572.53";"#NE";"S";"-1";"06004886320266260000";"-3";"#NE";"-3";"#NE";"NÃO";"#NULO";-1;"#NULO";"N";"N";-1;-1;"2026-07-27 18:23:24";8;"AGUARDANDO JULGAMENTO";"-1";"#NULO";"-1";"#NULO";-1;"#NULO";-1;"#NULO";-1;"#NULO";-1;"#NULO";"-1";"#NULO"
"15/08/2026";"19:30:51";2026;6259;250002533611;-3;"#NE";1;"BRASILEIRA NATA";-3;"INDAIATUBA";"30";"N";-1;"#NULO";"3176572.53";"#NE";"N";"-1";"06006583520266260000";"-3";"#NE";"-3";"#NE";"NÃO";"#NULO";-1;"#NULO";"N";"N";-1;-1;"2026-07-30 18:02:50";8;"AGUARDANDO JULGAMENTO";"-1";"#NULO";"-1";"#NULO";-1;"#NULO";-1;"#NULO";-1;"#NULO";-1;"#NULO";"-1";"#NULO"
"15/08/2026";"19:30:51";2026;6259;250002533619;-3;"#NE";1;"BRASILEIRA NATA";-3;"PIRACICABA";"40";"N";-1;"#NULO";"3176572.53";"#NE";"S";"-1";"06006748620266260000";"-3";"#NE";"-3";"#NE";"NÃO";"#NULO";-1;"#NULO";"N";"N";-1;-1;"2026-07-30 18:02:50";8;"AGUARDANDO JULGAMENTO";"-1";"#NULO";"-1";"#NULO";-1;"#NULO";-1;"#NULO";-1;"#NULO";-1;"#NULO";"-1";"#NULO"
"15/08/2026";"19:30:51";2026;6259;250002533622;-3;"#NE";1;"BRASILEIRA NATA";-3;"JEQUIÉ";"45";"N";-1;"#NULO";"3176572.53";"#NE";"S";"-1";"06006497320266260000";"-3";"#NE";"-3";"#NE";"NÃO";"#NULO";-1;"#NULO";"N";"N";-1;-1;"2026-07-30 18:02:50";8;"AGUARDANDO JULGAMENTO";"-1";"#NULO";"-1";"#NULO";-1;"#NULO";-1;"#NULO";-1;"#NULO";-1;"#NULO";"-1";"#NULO"
"15/08/2026";"19:30:51";2026;6259;250002533644;-3;"#NE";1;"BRASILEIRA NATA";-3;"SÃO PAULO";"46";"N";-1;"#NULO";"3176572.53";"#NE";"S";"-1";"06006809320266260000";"-3";"#NE";"-3";"#NE";"NÃO";"#NULO";-1;"#NULO";"N";"N";-1;-1;"2026-07-30 18:02:50";8;"AGUARDANDO JULGAMENTO";"-1";"#NULO";"-1";"#NULO";-1;"#NULO";-1;"#NULO";-1;"#NULO";-1;"#NULO";"-1";"#NULO"
"15/08/2026";"19:30:51";2026;6259;250002533649;-3;"#NE";1;"BRASILEIRA NATA";-3;"SÃO PAULO";"48";"N";0;"NÃO INFORMADO";"3176572.53";"#NE";"S";"-1";"06006990220266260000";"-3";"#NE";"-3";"#NE";"NÃO";"#NULO";-1;"#NULO";"N";"N";-1;-1;"2026-07-30 18:02:50";8;"AGUARDANDO JULGAMENTO";"-1";"#NULO";"-1";"#NULO";-1;"#NULO";-1;"#NULO";-1;"#NULO";-1;"#NULO";"-1";"#NULO"
"15/08/2026";"19:30:51";2026;6259;250002533650;-3;"#NE";1;"BRASILEIRA NATA";-3;"SÃO PAULO";"37";"N";-1;"#NULO";"3176572.53";"#NE";"S";"-1";"06007050920266260000";"-3";"#NE";"-3";"#NE";"NÃO";"#NULO";-1;"#NULO";"N";"N";-1;-1;"2026-07-30 18:02:50";8;"AGUARDANDO JULGAMENTO";"-1";"#NULO";"-1";"#NULO";-1;"#NULO";-1;"#NULO";-1;"#NULO";-1;"#NULO";"-1";"#NULO"
"15/08/2026";"19:30:51";2026;6259;250002533653;-3;"#NE";1;"BRASILEIRA NATA";-3;"SÃO PAULO";"36";"N";-1;"#NULO";"3176572.53";"#NE";"N";"-1";"06006687920266260000";"-3";"#NE";"-3";"#NE";"NÃO";"#NULO";-1;"#NULO";"N";"N";-1;-1;"2026-07-30 18:02:50";8;"AGUARDANDO JULGAMENTO";"-1";"#NULO";"-1";"#NULO";-1;"#NULO";-1;"#NULO";-1;"#NULO";-1;"#NULO";"-1";"#NULO"
"15/08/2026";"19:30:51";2026;6259;250002533658;-3;"#NE";1;"BRASILEIRA NATA";-3;"SÃO PAULO";"45";"N";0;"NÃO INFORMADO";"3176572.53";"#NE";"S";"-1";"06006549520266260000";"-3";"#NE";"-3";"#NE";"NÃO";"#NULO";-1;"#NULO";"N";"N";-1;-1;"2026-07-30 18:02:50";8;"AGUARDANDO JULGAMENTO";"-1";"#NULO";"-1";"#NULO";-1;"#NULO";-1;"#NULO";-1;"#NULO";-1;"#NULO";"-1";"#NULO"
"15/08/2026";"19:30:51";2026;6259;250002533670;-3;"#NE";1;"BRASILEIRA NATA";-3;"SÃO PAULO";"41";"N";-1;"#NULO";"3176572.53";"#NE";"S";"-1";"06006635720266260000";"-3";"#NE";"-3";"#NE";"NÃO";"#NULO";-1;"#NULO";"N";"N";-1;-1;"2026-07-30 18:02:50";8;"AGUARDANDO JULGAMENTO";"-1";"#NULO";"-1";"#NULO";-1;"#NULO";-1;"#NULO";-1;"#NULO";-1;"#NULO";"-1";"#NULO"
"15/08/2026";"19:30:51";2026;6259;250002533673;-3;"#NE";1;"BRASILEIRA NATA";-3;"VOTUPORANGA";"50";"N";-1;"#NULO";"3176572.53";"#NE";"S";"-1";"06006964720266260000";"-3";"#NE";"-3";"#NE";"NÃO";"#NULO";-1;"#NULO";"N";"N";-1;-1;"2026-07-30 18:02:50";8;"AGUARDANDO JULGAMENTO";"-1";"#NULO";"-1";"#NULO";-1;"#NULO";-1;"#NULO";-1;"#NULO";-1;"#NULO";"-1";"#NULO"
"15/08/2026";"19:30:51";2026;6259;250002533735;-3;"#NE";1;"BRASILEIRA NATA";-3;"ITAPETININGA";"74";"N";-1;"#NULO";"1270629.01";"#NE";"S";"-1";"06006107620266260000";"-3";"#NE";"-3";"#NE";"NÃO";"#NULO";-1;"#NULO";"N";"N";-1;-1;"2026-07-30 13:42:57";8;"AGUARDANDO JULGAMENTO";"-1";"#NULO";"-1";"#NULO";-1;"#NULO";-1;"#NULO";-1;"#NULO";-1;"#NULO";"-1";"#NULO"
"15/08/2026";"19:30:51";2026;6259;250002533740;-3;"#NE";1;"BRASILEIRA NATA";-3;"JUNDIAÍ";"44";"N";-1;"#NULO";"1270629.01";"#NE";"S";"-1";"06005812620266260000";"-3";"#NE";"-3";"#NE";"NÃO";"#NULO";-1;"#NULO";"N";"N";-1;-1;"2026-07-30 13:42:57";8;"AGUARDANDO JULGAMENTO";"-1";"#NULO";"-1";"#NULO";-1;"#NULO";-1;"#NULO";-1;"#NULO";-1;"#NULO";"-1";"#NULO"
"15/08/2026";"19:30:51";2026;6259;250002533767;-3;"#NE";1;"BRASILEIRA NATA";-3;"GUARUJÁ";"39";"N";0;"NÃO INFORMADO";"1270629.01";"#NE";"N";"-1";"06006159820266260000";"-3";"#NE";"-3";"#NE";"NÃO";"#NULO";-1;"#NULO";"N";"N";-1;-1;"2026-07-30 13:42:57";8;"AGUARDANDO JULGAMENTO";"-1";"#NULO";"-1";"#NULO";-1;"#NULO";-1;"#NULO";-1;"#NULO";-1;"#NULO";"-1";"#NULO"
"15/08/2026";"19:30:51";2026;6259;250002533777;-3;"#NE";1;"BRASILEIRA NATA";-3;"SÃO PAULO";"39";"N";-1;"#NULO";"1270629.01";"#NE";"S";"-1";"06005856320266260000";"-3";"#NE";"-3";"#NE";"NÃO";"#NULO";-1;"#NULO";"N";"N";-1;-1;"2026-07-30 13:42:57";8;"AGUARDANDO JULGAMENTO";"-1";"#NULO";"-1";"#NULO";-1;"#NULO";-1;"#NULO";-1;"#NULO";-1;"#NULO";"-1";"#NULO"
"15/08/2026";"19:30:51";2026;6259;250002533780;-3;"#NE";1;"BRASILEIRA NATA";-3;"BOM SUCESSO";"61";"N";-1;"#NULO";"1270629.01";"#NE";"S";"-1";"06005596520266260000";"-3";"#NE";"-3";"#NE";"NÃO";"#NULO";-1;"#NULO";"N";"N";-1;-1;"2026-07-30 13:42:57";8;"AGUARDANDO JULGAMENTO";"-1";"#NULO";"-1";"#NULO";-1;"#NULO";-1;"#NULO";-1;"#NULO";-1;"#NULO";"-1";"#NULO"
"15/08/2026";"19:30:51";2026;6259;250002533809;-3;"#NE";1;"BRASILEIRA NATA";-3;"SÃO PAULO";"33";"N";-1;"#NULO";"1270629.01";"#NE";"N";"-1";"06005795620266260000";"-3";"#NE";"-3";"#NE";"NÃO";"#NULO";-1;"#NULO";"N";"N";-1;-1;"2026-07-30 13:42:57";8;"AGUARDANDO JULGAMENTO";"-1";"#NULO";"-1";"#NULO";-1;"#NULO";-1;"#NULO";-1;"#NULO";-1;"#NULO";"-1";"#NULO"
"15/08/2026";"19:30:51";2026;6259;250002533948;-3;"#NE";1;"BRASILEIRA NATA";-3;"URUBURETAMA";"69";"N";-1;"#NULO";"1270629.01";"#NE";"S";"-1";"06007528020266260000";"-3";"#NE";"-3";"#NE";"NÃO";"#NULO";-1;"#NULO";"N";"N";-1;-1;"2026-07-30 18:39:36";8;"AGUARDANDO JULGAMENTO";"-1";"#NULO";"-1";"#NULO";-1;"#NULO";-1;"#NULO";-1;"#NULO";-1;"#NULO";"-1";"#NULO"
"15/08/2026";"19:30:51";2026;6259;250002534137;-3;"#NE";1;"BRASILEIRA NATA";-3;"DIADEMA";"55";"N";0;"NÃO INFORMADO";"1270629.01";"#NE";"N";"-1";"06008852520266260000";"-3";"#NE";"-3";"#NE";"NÃO";"#NULO";-1;"#NULO";"N";"N";-1;-1;"2026-07-31 18:08:08";8;"AGUARDANDO JULGAMENTO";"-1";"#NULO";"-1";"#NULO";-1;"#NULO";-1;"#NULO";-1;"#NULO";-1;"#NULO";"-1";"#NULO"
"15/08/2026";"19:30:51";2026;6259;250002534160;-3;"#NE";1;"BRASILEIRA NATA";-3;"PIRACICABA";"50";"N";0;"NÃO INFORMADO";"1270629.01";"#NE";"S";"-1";"06008661920266260000";"-3";"#NE";"-3";"#NE";"NÃO";"#NULO";-1;"#NULO";"N";"N";-1;-1;"2026-07-31 18:08:08";8;"AGUARDANDO JULGAMENTO";"-1";"#NULO";"-1";"#NULO";-1;"#NULO";-1;"#NULO";-1;"#NULO";-1;"#NULO";"-1";"#NULO"
"15/08/2026";"19:30:51";2026;6259;250002534163;-3;"#NE";1;"BRASILEIRA NATA";-3;"GUARULHOS";"39";"N";0;"NÃO INFORMADO";"1270629.01";"#NE";"N";"-1";"06008982420266260000";"-3";"#NE";"-3";"#NE";"NÃO";"#NULO";-1;"#NULO";"N";"N";-1;-1;"2026-07-31 18:08:08";8;"AGUARDANDO JULGAMENTO";"-1";"#NULO";"-1";"#NULO";-1;"#NULO";-1;"#NULO";-1;"#NULO";-1;"#NULO";"-1";"#NULO"
"15/08/2026";"19:30:51";2026;6259;250002534164;-3;"#NE";1;"BRASILEIRA NATA";-3;"SÃO PAULO";"66";"N";-1;"#NULO";"1270629.01";"#NE";"S";"-1";"06009181520266260000";"-3";"#NE";"-3";"#NE";"NÃO";"#NULO";-1;"#NULO";"N";"N";-1;-1;"2026-07-31 18:08:08";8;"AGUARDANDO JULGAMENTO";"-1";"#NULO";"-1";"#NULO";-1;"#NULO";-1;"#NULO";-1;"#NULO";-1;"#NULO";"-1";"#NULO"
"15/08/2026";"19:30:51";2026;6259;250002534165;-3;"#NE";1;"BRASILEIRA NATA";-3;"SANTO ANDRÉ";"58";"N";0;"NÃO INFORMADO";"1270629.01";"#NE";"S";"-1";"06008948420266260000";"-3";"#NE";"-3";"#NE";"NÃO";"#NULO";-1;"#NULO";"N";"N";-1;-1;"2026-07-31 18:08:08";8;"AGUARDANDO JULGAMENTO";"-1";"#NULO";"-1";"#NULO";-1;"#NULO";-1;"#NULO";-1;"#NULO";-1;"#NULO";"-1";"#NULO"
"15/08/2026";"19:30:51";2026;6259;250002534172;-3;"#NE";1;"BRASILEIRA NATA";-3;"SANTA BÁRBARA D OESTE";"51";"N";0;"NÃO INFORMADO";"1270629.01";"#NE";"S";"-1";"06008644920266260000";"-3";"#NE";"-3";"#NE";"NÃO";"#NULO";-1;"#NULO";"N";"N";-1;-1;"2026-07-31 18:08:08";8;"AGUARDANDO JULGAMENTO";"-1";"#NULO";"-1";"#NULO";-1;"#NULO";-1;"#NULO";-1;"#NULO";-1;"#NULO";"-1";"#NULO"
"15/08/2026";"19:30:51";2026;6259;250002534183;-3;"#NE";1;"BRASILEIRA NATA";-3;"SÃO PAULO";"47";"N";0;"NÃO INFORMADO";"1270629.01";"#NE";"S";"-1";"06008592720266260000";"-3";"#NE";"-3";"#NE";"NÃO";"#NULO";-1;"#NULO";"N";"N";-1;-1;"2026-07-31 18:08:08";8;"AGUARDANDO JULGAMENTO";"-1";"#NULO";"-1";"#NULO";-1;"#NULO";-1;"#NULO";-1;"#NULO";-1;"#NULO";"-1";"#NULO"
"15/08/2026";"19:30:51";2026;6259;250002534188;-3;"#NE";1;"BRASILEIRA NATA";-3;"KALORÉ";"56";"N";0;"NÃO INFORMADO";"1270629.01";"#NE";"N";"-1";"06009173020266260000";"-3";"#NE";"-3";"#NE";"NÃO";"#NULO";-1;"#NULO";"N";"N";-1;-1;"2026-07-31 18:08:08";8;"AGUARDANDO JULGAMENTO";"-1";"#NULO";"-1";"#NULO";-1;"#NULO";-1;"#NULO";-1;"#NULO";-1;"#NULO";"-1";"#NULO"
"15/08/2026";"19:30:51";2026;6259;250002534195;-3;"#NE";1;"BRASILEIRA NATA";-3;"RECIFE";"48";"N";113;"XUCURU - KARIRI";"1270629.01";"#NE";"N";"-1";"06007302220266260000";"-3";"#NE";"-3";"#NE";"NÃO";"#NULO";-1;"#NULO";"N";"N";-1;-1;"2026-07-30 18:39:36";8;"AGUARDANDO JULGAMENTO";"-1";"#NULO";"-1";"#NULO";-1;"#NULO";-1;"#NULO";-1;"#NULO";-1;"#NULO";"-1";"#NULO"
"15/08/2026";"19:30:51";2026;6259;250002534202;-3;"#NE";1;"BRASILEIRA NATA";-3;"ITU";"45";"N";-1;"#NULO";"1270629.01";"#NE";"S";"-1";"06007622720266260000";"-3";"#NE";"-3";"#NE";"NÃO";"#NULO";-1;"#NULO";"N";"N";-1;-1;"2026-07-30 18:39:36";8;"AGUARDANDO JULGAMENTO";"-1";"#NULO";"-1";"#NULO";-1;"#NULO";-1;"#NULO";-1;"#NULO";-1;"#NULO";"-1";"#NULO"
"15/08/2026";"19:30:51";2026;6259;250002534204;-3;"#NE";1;"BRASILEIRA NATA";-3;"LENÇÓIS PAULISTA";"49";"N";-1;"#NULO";"1270629.01";"#NE";"S";"-1";"06007207520266260000";"-3";"#NE";"-3";"#NE";"NÃO";"#NULO";-1;"#NULO";"N";"N";-1;-1;"2026-07-30 18:39:36";8;"AGUARDANDO JULGAMENTO";"-1";"#NULO";"-1";"#NULO";-1;"#NULO";-1;"#NULO";-1;"#NULO";-1;"#NULO";"-1";"#NULO"
"15/08/2026";"19:30:51";2026;6259;250002534224;-3;"#NE";1;"BRASILEIRA NATA";-3;"CHARQUEADA";"42";"N";-1;"#NULO";"1270629.01";"#NE";"S";"-1";"06007415120266260000";"-3";"#NE";"-3";"#NE";"NÃO";"#NULO";-1;"#NULO";"N";"N";-1;-1;"2026-07-30 18:39:36";8;"AGUARDANDO JULGAMENTO";"-1";"#NULO";"-1";"#NULO";-1;"#NULO";-1;"#NULO";-1;"#NULO";-1;"#NULO";"-1";"#NULO"
"15/08/2026";"19:30:51";2026;6259;250002534236;-3;"#NE";1;"BRASILEIRA NATA";-3;"SÃO CARLOS";"61";"N";-1;"#NULO";"1270629.01";"#NE";"S";"-1";"06007268220266260000";"-3";"#NE";"-3";"#NE";"NÃO";"#NULO";-1;"#NULO";"N";"N";-1;-1;"2026-07-30 18:39:36";8;"AGUARDANDO JULGAMENTO";"-1";"#NULO";"-1";"#NULO";-1;"#NULO";-1;"#NULO";-1;"#NULO";-1;"#NULO";"-1";"#NULO"
"15/08/2026";"19:30:51";2026;6259;250002534238;-3;"#NE";1;"BRASILEIRA NATA";-3;"SÃO PAULO";"70";"N";-1;"#NULO";"1270629.01";"#NE";"S";"-1";"06007917720266260000";"-3";"#NE";"-3";"#NE";"NÃO";"#NULO";-1;"#NULO";"N";"N";-1;-1;"2026-07-30 18:39:36";8;"AGUARDANDO JULGAMENTO";"-1";"#NULO";"-1";"#NULO";-1;"#NULO";-1;"#NULO";-1;"#NULO";-1;"#NULO";"-1";"#NULO"
"15/08/2026";"19:30:51";2026;6259;250002534249;-3;"#NE";1;"BRASILEIRA NATA";-3;"SÃO PAULO";"56";"N";-1;"#NULO";"1270629.01";"#NE";"N";"-1";"06007735620266260000";"-3";"#NE";"-3";"#NE";"NÃO";"#NULO";-1;"#NULO";"N";"N";-1;-1;"2026-07-30 18:39:36";8;"AGUARDANDO JULGAMENTO";"-1";"#NULO";"-1";"#NULO";-1;"#NULO";-1;"#NULO";-1;"#NULO";-1;"#NULO";"-1";"#NULO"
"15/08/2026";"19:30:51";2026;6259;250002534261;-3;"#NE";1;"BRASILEIRA NATA";-3;"SÃO PAULO";"43";"N";-1;"#NULO";"1270629.01";"#NE";"S";"-1";"06007354420266260000";"-3";"#NE";"-3";"#NE";"NÃO";"#NULO";-1;"#NULO";"N";"N";-1;-1;"2026-07-30 18:39:36";8;"AGUARDANDO JULGAMENTO";"-1";"#NULO";"-1";"#NULO";-1;"#NULO";-1;"#NULO";-1;"#NULO";-1;"#NULO";"-1";"#NULO"
"15/08/2026";"19:30:51";2026;6259;250002534264;-3;"#NE";1;"BRASILEIRA NATA";-3;"SÃO PAULO";"43";"N";-1;"#NULO";"1270629.01";"#NE";"S";"-1";"06007787820266260000";"-3";"#NE";"-3";"#NE";"NÃO";"#NULO";-1;"#NULO";"N";"N";-1;-1;"2026-07-30 18:39:36";8;"AGUARDANDO JULGAMENTO";"-1";"#NULO";"-1";"#NULO";-1;"#NULO";-1;"#NULO";-1;"#NULO";-1;"#NULO";"-1";"#NULO"
"15/08/2026";"19:30:51";2026;6259;250002534269;-3;"#NE";1;"BRASILEIRA NATA";-3;"TUPÃ";"64";"N";-1;"#NULO";"1270629.01";"#NE";"S";"-1";"06007727120266260000";"-3";"#NE";"-3";"#NE";"NÃO";"#NULO";-1;"#NULO";"N";"N";-1;-1;"2026-07-30 18:39:36";8;"AGUARDANDO JULGAMENTO";"-1";"#NULO";"-1";"#NULO";-1;"#NULO";-1;"#NULO";-1;"#NULO";-1;"#NULO";"-1";"#NULO"
"15/08/2026";"19:30:51";2026;6259;250002534397;-3;"#NE";1;"BRASILEIRA NATA";-3;"CAMPO GRANDE";"60";"N";-1;"#NULO";"3176572.53";"#NE";"S";"-1";"06008211520266260000";"-3";"#NE";"-3";"#NE";"NÃO";"#NULO";-1;"#NULO";"N";"N";-1;-1;"2026-07-31 17:30:56";8;"AGUARDANDO JULGAMENTO";"-1";"#NULO";"-1";"#NULO";-1;"#NULO";-1;"#NULO";-1;"#NULO";-1;"#NULO";"-1";"#NULO"
"15/08/2026";"19:30:51";2026;6259;250002534398;-3;"#NE";1;"BRASILEIRA NATA";-3;"IBIPITANGA";"46";"N";0;"NÃO INFORMADO";"3176572.53";"#NE";"S";"-1";"06008194520266260000";"-3";"#NE";"-3";"#NE";"NÃO";"#NULO";-1;"#NULO";"N";"N";-1;-1;"2026-07-31 17:30:56";8;"AGUARDANDO JULGAMENTO";"-1";"#NULO";"-1";"#NULO";-1;"#NULO";-1;"#NULO";-1;"#NULO";-1;"#NULO";"-1";"#NULO"
"15/08/2026";"19:30:51";2026;6259;250002534921;-3;"#NE";1;"BRASILEIRA NATA";-3;"ARARAS";"62";"N";-1;"#NULO";"3176572.53";"#NE";"S";"-1";"06008471320266260000";"-3";"#NE";"-3";"#NE";"NÃO";"#NULO";-1;"#NULO";"N";"N";-1;-1;"2026-07-31 17:30:56";8;"AGUARDANDO JULGAMENTO";"-1";"#NULO";"-1";"#NULO";-1;"#NULO";-1;"#NULO";-1;"#NULO";-1;"#NULO";"-1";"#NULO"
"15/08/2026";"19:30:51";2026;6259;250002534935;-3;"#NE";1;"BRASILEIRA NATA";-3;"SÃO JOSÉ DOS CAMPOS";"33";"N";0;"NÃO INFORMADO";"3176572.53";"#NE";"S";"-1";"06008246720266260000";"-3";"#NE";"-3";"#NE";"NÃO";"#NULO";-1;"#NULO";"N";"N";-1;-1;"2026-07-31 17:30:56";8;"AGUARDANDO JULGAMENTO";"-1";"#NULO";"-1";"#NULO";-1;"#NULO";-1;"#NULO";-1;"#NULO";-1;"#NULO";"-1";"#NULO"
"15/08/2026";"19:30:51";2026;6259;250002534939;-3;"#NE";1;"BRASILEIRA NATA";-3;"SÃO PAULO";"53";"N";-1;"#NULO";"3176572.53";"#NE";"N";"-1";"06008454320266260000";"-3";"#NE";"-3";"#NE";"NÃO";"#NULO";-1;"#NULO";"N";"N";-1;-1;"2026-07-31 17:30:56";8;"AGUARDANDO JULGAMENTO";"-1";"#NULO";"-1";"#NULO";-1;"#NULO";-1;"#NULO";-1;"#NULO";-1;"#NULO";"-1";"#NULO"
"15/08/2026";"19:30:51";2026;6259;250002535935;-3;"#NE";1;"BRASILEIRA NATA";-3;"MARINGÁ";"67";"N";-1;"#NULO";"3176572.53";"#NE";"S";"-1";"06009658620266260000";"-3";"#NE";"-3";"#NE";"NÃO";"#NULO";-1;"#NULO";"N";"N";-1;-1;"2026-08-03 15:47:14";8;"AGUARDANDO JULGAMENTO";"-1";"#NULO";"-1";"#NULO";-1;"#NULO";-1;"#NULO";-1;"#NULO";-1;"#NULO";"-1";"#NULO"
"15/08/2026";"19:30:51";2026;6259;250002535938;-3;"#NE";1;"BRASILEIRA NATA";-3;"LEME DO PRADO";"62";"N";0;"NÃO INFORMADO";"3176572.53";"#NE";"S";"-1";"06009432820266260000";"-3";"#NE";"-3";"#NE";"NÃO";"#NULO";-1;"#NULO";"N";"N";-1;-1;"2026-08-03 15:47:14";8;"AGUARDANDO JULGAMENTO";"-1";"#NULO";"-1";"#NULO";-1;"#NULO";-1;"#NULO";-1;"#NULO";-1;"#NULO";"-1";"#NULO"
"15/08/2026";"19:30:51";2026;6259;250002535941;-3;"#NE";2;"BRASILEIRA (NATURALIZADA)";-3;"IBITINGA";"47";"N";-1;"#NULO";"3176572.53";"#NE";"N";"-1";"06009441320266260000";"-3";"#NE";"-3";"#NE";"NÃO";"#NULO";-1;"#NULO";"N";"N";-1;-1;"2026-08-03 15:47:14";8;"AGUARDANDO JULGAMENTO";"-1";"#NULO";"-1";"#NULO";-1;"#NULO";-1;"#NULO";-1;"#NULO";-1;"#NULO";"-1";"#NULO"
"15/08/2026";"19:30:51";2026;6259;250002535945;-3;"#NE";1;"BRASILEIRA NATA";-3;"JAÚ";"52";"N";-1;"#NULO";"3176572.53";"#NE";"S";"-1";"06009597920266260000";"-3";"#NE";"-3";"#NE";"NÃO";"#NULO";-1;"#NULO";"N";"N";-1;-1;"2026-08-03 15:47:14";8;"AGUARDANDO JULGAMENTO";"-1";"#NULO";"-1";"#NULO";-1;"#NULO";-1;"#NULO";-1;"#NULO";-1;"#NULO";"-1";"#NULO"
"15/08/2026";"19:30:51";2026;6259;250002535952;-3;"#NE";1;"BRASILEIRA NATA";-3;"OSASCO";"54";"N";-1;"#NULO";"3176572.53";"#NE";"S";"-1";"06010073820266260000";"-3";"#NE";"-3";"#NE";"NÃO";"#NULO";-1;"#NULO";"N";"N";-1;-1;"2026-08-03 15:47:14";8;"AGUARDANDO JULGAMENTO";"-1";"#NULO";"-1";"#NULO";-1;"#NULO";-1;"#NULO";-1;"#NULO";-1;"#NULO";"-1";"#NULO"
"15/08/2026";"19:30:51";2026;6259;250002535963;-3;"#NE";1;"BRASILEIRA NATA";-3;"CRUZEIRO";"74";"N";-1;"#NULO";"3176572.53";"#NE";"S";"-1";"06009753320266260000";"-3";"#NE";"-3";"#NE";"NÃO";"#NULO";-1;"#NULO";"N";"N";-1;-1;"2026-08-03 15:47:14";8;"AGUARDANDO JULGAMENTO";"-1";"#NULO";"-1";"#NULO";-1;"#NULO";-1;"#NULO";-1;"#NULO";-1;"#NULO";"-1";"#NULO"
"15/08/2026";"19:30:51";2026;6259;250002535967;-3;"#NE";1;"BRASILEIRA NATA";-3;"GUARULHOS";"58";"N";-1;"#NULO";"3176572.53";"#NE";"S";"-1";"06009667120266260000";"-3";"#NE";"-3";"#NE";"NÃO";"#NULO";-1;"#NULO";"N";"N";-1;-1;"2026-08-03 15:47:14";8;"AGUARDANDO JULGAMENTO";"-1";"#NULO";"-1";"#NULO";-1;"#NULO";-1;"#NULO";-1;"#NULO";-1;"#NULO";"-1";"#NULO"
"15/08/2026";"19:30:51";2026;6259;250002535980;-3;"#NE";1;"BRASILEIRA NATA";-3;"SÃO PAULO";"57";"N";-1;"#NULO";"3176572.53";"#NE";"S";"-1";"06009623420266260000";"-3";"#NE";"-3";"#NE";"NÃO";"#NULO";-1;"#NULO";"N";"N";-1;-1;"2026-08-03 15:47:14";8;"AGUARDANDO JULGAMENTO";"-1";"#NULO";"-1";"#NULO";-1;"#NULO";-1;"#NULO";-1;"#NULO";-1;"#NULO";"-1";"#NULO"
"15/08/2026";"19:30:51";2026;6259;250002535984;-3;"#NE";1;"BRASILEIRA NATA";-3;"SÃO PAULO";"47";"N";-1;"#NULO";"3176572.53";"#NE";"S";"-1";"06009701120266260000";"-3";"#NE";"-3";"#NE";"NÃO";"#NULO";-1;"#NULO";"N";"N";-1;-1;"2026-08-03 15:47:14";8;"AGUARDANDO JULGAMENTO";"-1";"#NULO";"-1";"#NULO";-1;"#NULO";-1;"#NULO";-1;"#NULO";-1;"#NULO";"-1";"#NULO"
"15/08/2026";"19:30:51";2026;6259;250002535987;-3;"#NE";1;"BRASILEIRA NATA";-3;"SÃO PAULO";"29";"N";-1;"#NULO";"3176572.53";"#NE";"N";"-1";"06010082320266260000";"-3";"#NE";"-3";"#NE";"NÃO";"#NULO";-1;"#NULO";"N";"N";-1;-1;"2026-08-03 15:47:14";8;"AGUARDANDO JULGAMENTO";"-1";"#NULO";"-1";"#NULO";-1;"#NULO";-1;"#NULO";-1;"#NULO";-1;"#NULO";"-1";"#NULO"
"15/08/2026";"19:30:51";2026;6259;250002535993;-3;"#NE";1;"BRASILEIRA NATA";-3;"SÃO PAULO";"50";"N";-1;"#NULO";"3176572.53";"#NE";"S";"-1";"06009476520266260000";"-3";"#NE";"-3";"#NE";"NÃO";"#NULO";-1;"#NULO";"N";"N";-1;-1;"2026-08-03 15:47:14";8;"AGUARDANDO JULGAMENTO";"-1";"#NULO";"-1";"#NULO";-1;"#NULO";-1;"#NULO";-1;"#NULO";-1;"#NULO";"-1";"#NULO"
"15/08/2026";"19:30:51";2026;6259;250002536237;-3;"#NE";1;"BRASILEIRA NATA";-3;"FORTALEZA";"68";"N";0;"NÃO INFORMADO";"1270629.01";"#NE";"S";"-1";"06011320620266260000";"-3";"#NE";"-3";"#NE";"NÃO";"#NULO";-1;"#NULO";"N";"N";-1;-1;"2026-08-04 11:54:14";8;"AGUARDANDO JULGAMENTO";"-1";"#NULO";"-1";"#NULO";-1;"#NULO";-1;"#NULO";-1;"#NULO";-1;"#NULO";"-1";"#NULO"
"15/08/2026";"19:30:51";2026;6259;250002536249;-3;"#NE";1;"BRASILEIRA NATA";-3;"AREIA";"73";"N";0;"NÃO INFORMADO";"1270629.01";"#NE";"S";"-1";"06011554920266260000";"-3";"#NE";"-3";"#NE";"NÃO";"#NULO";-1;"#NULO";"N";"N";-1;-1;"2026-08-04 11:54:14";8;"AGUARDANDO JULGAMENTO";"-1";"#NULO";"-1";"#NULO";-1;"#NULO";-1;"#NULO";-1;"#NULO";-1;"#NULO";"-1";"#NULO"
"15/08/2026";"19:30:51";2026;6259;250002536248;-3;"#NE";1;"BRASILEIRA NATA";-3;"BOA NOVA";"60";"N";0;"NÃO INFORMADO";"1270629.01";"#NE";"S";"-1";"06011936120266260000";"-3";"#NE";"-3";"#NE";"NÃO";"#NULO";-1;"#NULO";"N";"N";-1;-1;"2026-08-04 11:54:14";8;"AGUARDANDO JULGAMENTO";"-1";"#NULO";"-1";"#NULO";-1;"#NULO";-1;"#NULO";-1;"#NULO";-1;"#NULO";"-1";"#NULO"
"15/08/2026";"19:30:51";2026;6259;250002536256;-3;"#NE";1;"BRASILEIRA NATA";-3;"JUNDIAÍ";"67";"N";-1;"#NULO";"1270629.01";"#NE";"N";"-1";"06011571920266260000";"-3";"#NE";"-3";"#NE";"NÃO";"#NULO";-1;"#NULO";"N";"N";-1;-1;"2026-08-04 11:54:14";8;"AGUARDANDO JULGAMENTO";"-1";"#NULO";"-1";"#NULO";-1;"#NULO";-1;"#NULO";-1;"#NULO";-1;"#NULO";"-1";"#NULO"
"15/08/2026";"19:30:51";2026;6259;250002536263;-3;"#NE";1;"BRASILEIRA NATA";-3;"NOVA IGUAÇU";"56";"N";-1;"#NULO";"1270629.01";"#NE";"S";"-1";"06011537920266260000";"-3";"#NE";"-3";"#NE";"NÃO";"#NULO";-1;"#NULO";"N";"N";-1;-1;"2026-08-04 11:54:14";8;"AGUARDANDO JULGAMENTO";"-1";"#NULO";"-1";"#NULO";-1;"#NULO";-1;"#NULO";-1;"#NULO";-1;"#NULO";"-1";"#NULO"
"15/08/2026";"19:30:51";2026;6259;250002536272;-3;"#NE";1;"BRASILEIRA NATA";-3;"ARARAQUARA";"48";"N";-1;"#NULO";"1270629.01";"#NE";"S";"-1";"06011831720266260000";"-3";"#NE";"-3";"#NE";"NÃO";"#NULO";-1;"#NULO";"N";"N";-1;-1;"2026-08-04 11:54:14";8;"AGUARDANDO JULGAMENTO";"-1";"#NULO";"-1";"#NULO";-1;"#NULO";-1;"#NULO";-1;"#NULO";-1;"#NULO";"-1";"#NULO"
"15/08/2026";"19:30:51";2026;6259;250002536347;-3;"#NE";1;"BRASILEIRA NATA";-3;"BRASÍLIA";"51";"N";-1;"#NULO";"1270629.01";"#NE";"S";"-1";"06010385820266260000";"-3";"#NE";"-3";"#NE";"NÃO";"#NULO";-1;"#NULO";"N";"N";-1;-1;"2026-08-03 16:14:03";8;"AGUARDANDO JULGAMENTO";"-1";"#NULO";"-1";"#NULO";-1;"#NULO";-1;"#NULO";-1;"#NULO";-1;"#NULO";"-1";"#NULO"
"15/08/2026";"19:30:51";2026;6259;250002536346;-3;"#NE";1;"BRASILEIRA NATA";-3;"CARMO DE MINAS";"52";"N";-1;"#NULO";"1270629.01";"#NE";"S";"-1";"06010463520266260000";"-3";"#NE";"-3";"#NE";"NÃO";"#NULO";-1;"#NULO";"N";"N";-1;-1;"2026-08-03 16:14:03";8;"AGUARDANDO JULGAMENTO";"-1";"#NULO";"-1";"#NULO";-1;"#NULO";-1;"#NULO";-1;"#NULO";-1;"#NULO";"-1";"#NULO"
"15/08/2026";"19:30:51";2026;6259;250002536348;-3;"#NE";1;"BRASILEIRA NATA";-3;"BREJOLÂNDIA";"52";"N";-1;"#NULO";"1270629.01";"#NE";"N";"-1";"06010498720266260000";"-3";"#NE";"-3";"#NE";"NÃO";"#NULO";-1;"#NULO";"N";"N";-1;-1;"2026-08-03 16:14:03";8;"AGUARDANDO JULGAMENTO";"-1";"#NULO";"-1";"#NULO";-1;"#NULO";-1;"#NULO";-1;"#NULO";-1;"#NULO";"-1";"#NULO"
"15/08/2026";"19:30:51";2026;6259;250002536350;-3;"#NE";1;"BRASILEIRA NATA";-3;"SÃO JOÃO DO RIO DO PEIXE";"52";"N";-1;"#NULO";"1270629.01";"#NE";"S";"-1";"06010281420266260000";"-3";"#NE";"-3";"#NE";"NÃO";"#NULO";-1;"#NULO";"N";"N";-1;-1;"2026-08-03 16:14:03";8;"AGUARDANDO JULGAMENTO";"-1";"#NULO";"-1";"#NULO";-1;"#NULO";-1;"#NULO";-1;"#NULO";-1;"#NULO";"-1";"#NULO"
"15/08/2026";"19:30:51";2026;6259;250002536366;-3;"#NE";1;"BRASILEIRA NATA";-3;"PEDREGULHO";"62";"N";-1;"#NULO";"1270629.01";"#NE";"S";"-1";"06010472020266260000";"-3";"#NE";"-3";"#NE";"NÃO";"#NULO";-1;"#NULO";"N";"N";-1;-1;"2026-08-03 16:14:03";8;"AGUARDANDO JULGAMENTO";"-1";"#NULO";"-1";"#NULO";-1;"#NULO";-1;"#NULO";-1;"#NULO";-1;"#NULO";"-1";"#NULO"
"15/08/2026";"19:30:51";2026;6259;250002536371;-3;"#NE";1;"BRASILEIRA NATA";-3;"PRESIDENTE PRUDENTE";"59";"S";0;"NÃO INFORMADO";"1270629.01";"#NE";"S";"-1";"06010117520266260000";"-3";"#NE";"-3";"#NE";"NÃO";"#NULO";-1;"#NULO";"N";"N";-1;-1;"2026-08-03 16:14:03";8;"AGUARDANDO JULGAMENTO";"-1";"#NULO";"-1";"#NULO";-1;"#NULO";-1;"#NULO";-1;"#NULO";-1;"#NULO";"-1";"#NULO"
"15/08/2026";"19:30:51";2026;6259;250002536375;-3;"#NE";1;"BRASILEIRA NATA";-3;"GUAÍBA";"43";"N";0;"NÃO INFORMADO";"1270629.01";"#NE";"S";"-1";"06010541220266260000";"-3";"#NE";"-3";"#NE";"NÃO";"#NULO";-1;"#NULO";"N";"N";-1;-1;"2026-08-03 16:14:03";8;"AGUARDANDO JULGAMENTO";"-1";"#NULO";"-1";"#NULO";-1;"#NULO";-1;"#NULO";-1;"#NULO";-1;"#NULO";"-1";"#NULO"
"15/08/2026";"19:30:51";2026;6259;250002536393;-3;"#NE";1;"BRASILEIRA NATA";-3;"SANTOS";"45";"N";-1;"#NULO";"1270629.01";"#NE";"S";"-1";"06010714820266260000";"-3";"#NE";"-3";"#NE";"NÃO";"#NULO";-1;"#NULO";"N";"N";-1;-1;"2026-08-03 16:14:03";8;"AGUARDANDO JULGAMENTO";"-1";"#NULO";"-1";"#NULO";-1;"#NULO";-1;"#NULO";-1;"#NULO";-1;"#NULO";"-1";"#NULO"
"15/08/2026";"19:30:51";2026;6259;250002536391;-3;"#NE";1;"BRASILEIRA NATA";-3;"RIO CLARO";"56";"N";-1;"#NULO";"1270629.01";"#NE";"S";"-1";"06011009820266260000";"-3";"#NE";"-3";"#NE";"NÃO";"#NULO";-1;"#NULO";"N";"N";-1;-1;"2026-08-03 16:14:03";8;"AGUARDANDO JULGAMENTO";"-1";"#NULO";"-1";"#NULO";-1;"#NULO";-1;"#NULO";-1;"#NULO";-1;"#NULO";"-1";"#NULO"
"15/08/2026";"19:30:51";2026;6259;250002536401;-3;"#NE";1;"BRASILEIRA NATA";-3;"SÃO JOSÉ DO RIO PRETO";"65";"N";-1;"#NULO";"1270629.01";"#NE";"S";"-1";"06010308120266260000";"-3";"#NE";"-3";"#NE";"NÃO";"#NULO";-1;"#NULO";"N";"N";-1;-1;"2026-08-03 16:14:03";8;"AGUARDANDO JULGAMENTO";"-1";"#NULO";"-1";"#NULO";-1;"#NULO";-1;"#NULO";-1;"#NULO";-1;"#NULO";"-1";"#NULO"
"15/08/2026";"19:30:51";2026;6259;250002536418;-3;"#NE";1;"BRASILEIRA NATA";-3;"SÃO PAULO";"47";"N";-1;"#NULO";"1270629.01";"#NE";"S";"-1";"06010870220266260000";"-3";"#NE";"-3";"#NE";"NÃO";"#NULO";-1;"#NULO";"N";"N";-1;-1;"2026-08-03 16:14:03";8;"AGUARDANDO JULGAMENTO";"-1";"#NULO";"-1";"#NULO";-1;"#NULO";-1;"#NULO";-1;"#NULO";-1;"#NULO";"-1";"#NULO"
"15/08/2026";"19:30:51";2026;6259;250002536426;-3;"#NE";1;"BRASILEIRA NATA";-3;"SÃO PAULO";"60";"N";-1;"#NULO";"1270629.01";"#NE";"S";"-1";"06010966120266260000";"-3";"#NE";"-3";"#NE";"NÃO";"#NULO";-1;"#NULO";"N";"N";-1;-1;"2026-08-03 16:14:03";8;"AGUARDANDO JULGAMENTO";"-1";"#NULO";"-1";"#NULO";-1;"#NULO";-1;"#NULO";-1;"#NULO";-1;"#NULO";"-1";"#NULO"
"15/08/2026";"19:30:51";2026;6259;250002536716;-3;"#NE";1;"BRASILEIRA NATA";-3;"SÃO PAULO";"44";"N";-1;"#NULO";"3176572.53";"#NE";"S";"-1";"06012420520266260000";"-3";"#NE";"-3";"#NE";"NÃO";"#NULO";-1;"#NULO";"N";"N";-1;-1;"2026-08-04 12:03:50";8;"AGUARDANDO JULGAMENTO";"-1";"#NULO";"-1";"#NULO";-1;"#NULO";-1;"#NULO";-1;"#NULO";-1;"#NULO";"-1";"#NULO"
"15/08/2026";"19:30:51";2026;6259;250002536724;-3;"#NE";1;"BRASILEIRA NATA";-3;"CARAGUATATUBA";"32";"N";-1;"#NULO";"3176572.53";"#NE";"S";"-1";"06011996820266260000";"-3";"#NE";"-3";"#NE";"NÃO";"#NULO";-1;"#NULO";"N";"N";-1;-1;"2026-08-04 12:03:50";8;"AGUARDANDO JULGAMENTO";"-1";"#NULO";"-1";"#NULO";-1;"#NULO";-1;"#NULO";-1;"#NULO";-1;"#NULO";"-1";"#NULO"
"15/08/2026";"19:30:51";2026;6259;250002536727;-3;"#NE";1;"BRASILEIRA NATA";-3;"SÃO PAULO";"33";"N";-1;"#NULO";"3176572.53";"#NE";"S";"-1";"06012378020266260000";"-3";"#NE";"-3";"#NE";"NÃO";"#NULO";-1;"#NULO";"N";"N";-1;-1;"2026-08-04 12:03:50";8;"AGUARDANDO JULGAMENTO";"-1";"#NULO";"-1";"#NULO";-1;"#NULO";-1;"#NULO";-1;"#NULO";-1;"#NULO";"-1";"#NULO"
"15/08/2026";"19:30:51";2026;6259;250002536736;-3;"#NE";1;"BRASILEIRA NATA";-3;"SÃO PAULO";"51";"N";0;"NÃO INFORMADO";"3176572.53";"#NE";"S";"-1";"06011961620266260000";"-3";"#NE";"-3";"#NE";"NÃO";"#NULO";-1;"#NULO";"N";"N";-1;-1;"2026-08-04 12:03:50";8;"AGUARDANDO JULGAMENTO";"-1";"#NULO";"-1";"#NULO";-1;"#NULO";-1;"#NULO";-1;"#NULO";-1;"#NULO";"-1";"#NULO"
"15/08/2026";"19:30:51";2026;6259;250002536735;-3;"#NE";1;"BRASILEIRA NATA";-3;"SÃO PAULO";"51";"N";0;"NÃO INFORMADO";"3176572.53";"#NE";"S";"-1";"06012248120266260000";"-3";"#NE";"-3";"#NE";"NÃO";"#NULO";-1;"#NULO";"N";"N";-1;-1;"2026-08-04 12:03:50";8;"AGUARDANDO JULGAMENTO";"-1";"#NULO";"-1";"#NULO";-1;"#NULO";-1;"#NULO";-1;"#NULO";-1;"#NULO";"-1";"#NULO"
"15/08/2026";"19:30:51";2026;6259;250002536740;-3;"#NE";1;"BRASILEIRA NATA";-3;"PARANAIGUARA";"51";"N";-1;"#NULO";"3176572.53";"#NE";"S";"-1";"06011953120266260000";"-3";"#NE";"-3";"#NE";"NÃO";"#NULO";-1;"#NULO";"N";"N";-1;-1;"2026-08-04 12:03:50";8;"AGUARDANDO JULGAMENTO";"-1";"#NULO";"-1";"#NULO";-1;"#NULO";-1;"#NULO";-1;"#NULO";-1;"#NULO";"-1";"#NULO"
"15/08/2026";"19:30:51";2026;6259;250002536747;-3;"#NE";1;"BRASILEIRA NATA";-3;"SÃO CAETANO DO SUL";"41";"N";-1;"#NULO";"3176572.53";"#NE";"S";"-1";"06012369520266260000";"-3";"#NE";"-3";"#NE";"NÃO";"#NULO";-1;"#NULO";"N";"N";-1;-1;"2026-08-04 12:03:50";8;"AGUARDANDO JULGAMENTO";"-1";"#NULO";"-1";"#NULO";-1;"#NULO";-1;"#NULO";-1;"#NULO";-1;"#NULO";"-1";"#NULO"
"15/08/2026";"19:30:51";2026;6259;250002536752;-3;"#NE";1;"BRASILEIRA NATA";-3;"SÃO PAULO";"39";"N";-1;"#NULO";"3176572.53";"#NE";"S";"-1";"06012317320266260000";"-3";"#NE";"-3";"#NE";"NÃO";"#NULO";-1;"#NULO";"N";"N";-1;-1;"2026-08-04 12:03:50";8;"AGUARDANDO JULGAMENTO";"-1";"#NULO";"-1";"#NULO";-1;"#NULO";-1;"#NULO";-1;"#NULO";-1;"#NULO";"-1";"#NULO"
"15/08/2026";"19:30:51";2026;6259;250002536816;-3;"#NE";1;"BRASILEIRA NATA";-3;"AVARÉ";"67";"N";0;"NÃO INFORMADO";"1270629.01";"#NE";"S";"-1";"06011667820266260000";"-3";"#NE";"-3";"#NE";"NÃO";"#NULO";-1;"#NULO";"N";"N";-1;-1;"2026-08-04 11:54:14";8;"AGUARDANDO JULGAMENTO";"-1";"#NULO";"-1";"#NULO";-1;"#NULO";-1;"#NULO";-1;"#NULO";-1;"#NULO";"-1";"#NULO"
"15/08/2026";"19:30:51";2026;6259;250002536824;-3;"#NE";1;"BRASILEIRA NATA";-3;"CAMPINAS";"39";"N";0;"NÃO INFORMADO";"1270629.01";"#NE";"S";"-1";"06011615620266260000";"-3";"#NE";"-3";"#NE";"NÃO";"#NULO";-1;"#NULO";"N";"N";-1;-1;"2026-08-04 11:54:14";8;"AGUARDANDO JULGAMENTO";"-1";"#NULO";"-1";"#NULO";-1;"#NULO";-1;"#NULO";-1;"#NULO";-1;"#NULO";"-1";"#NULO"
"15/08/2026";"19:30:51";2026;6259;250002536828;-3;"#NE";1;"BRASILEIRA NATA";-3;"GUARULHOS";"56";"N";-1;"#NULO";"1270629.01";"#NE";"N";"-1";"06011399520266260000";"-3";"#NE";"-3";"#NE";"NÃO";"#NULO";-1;"#NULO";"N";"N";-1;-1;"2026-08-04 11:54:14";8;"AGUARDANDO JULGAMENTO";"-1";"#NULO";"-1";"#NULO";-1;"#NULO";-1;"#NULO";-1;"#NULO";-1;"#NULO";"-1";"#NULO"
"15/08/2026";"19:30:51";2026;6259;250002536848;-3;"#NE";1;"BRASILEIRA NATA";-3;"SÃO PAULO";"49";"N";-1;"#NULO";"1270629.01";"#NE";"S";"-1";"06011416520266260000";"-3";"#NE";"-3";"#NE";"NÃO";"#NULO";-1;"#NULO";"N";"N";-1;-1;"2026-08-04 11:54:14";8;"AGUARDANDO JULGAMENTO";"-1";"#NULO";"-1";"#NULO";-1;"#NULO";-1;"#NULO";-1;"#NULO";-1;"#NULO";"-1";"#NULO"
"15/08/2026";"19:30:51";2026;6259;250002536853;-3;"#NE";1;"BRASILEIRA NATA";-3;"SÃO PAULO";"50";"N";0;"NÃO INFORMADO";"1270629.01";"#NE";"S";"-1";"06011182220266260000";"-3";"#NE";"-3";"#NE";"NÃO";"#NULO";-1;"#NULO";"N";"N";-1;-1;"2026-08-04 11:54:14";8;"AGUARDANDO JULGAMENTO";"-1";"#NULO";"-1";"#NULO";-1;"#NULO";-1;"#NULO";-1;"#NULO";-1;"#NULO";"-1";"#NULO"
"15/08/2026";"19:30:51";2026;6259;250002536858;-3;"#NE";1;"BRASILEIRA NATA";-3;"SÃO PAULO";"57";"N";-1;"#NULO";"1270629.01";"#NE";"S";"-1";"06011096020266260000";"-3";"#NE";"-3";"#NE";"NÃO";"#NULO";-1;"#NULO";"N";"N";-1;-1;"2026-08-04 11:54:14";8;"AGUARDANDO JULGAMENTO";"-1";"#NULO";"-1";"#NULO";-1;"#NULO";-1;"#NULO";-1;"#NULO";-1;"#NULO";"-1";"#NULO"
"15/08/2026";"19:30:51";2026;6259;250002536857;-3;"#NE";1;"BRASILEIRA NATA";-3;"SÃO PAULO";"46";"N";-1;"#NULO";"1270629.01";"#NE";"S";"-1";"06011919120266260000";"-3";"#NE";"-3";"#NE";"NÃO";"#NULO";-1;"#NULO";"N";"N";-1;-1;"2026-08-04 11:54:14";8;"AGUARDANDO JULGAMENTO";"-1";"#NULO";"-1";"#NULO";-1;"#NULO";-1;"#NULO";-1;"#NULO";-1;"#NULO";"-1";"#NULO"
"15/08/2026";"19:30:51";2026;6259;250002536861;-3;"#NE";1;"BRASILEIRA NATA";-3;"URUPÊS";"70";"N";-1;"#NULO";"1270629.01";"#NE";"S";"-1";"06011312120266260000";"-3";"#NE";"-3";"#NE";"NÃO";"#NULO";-1;"#NULO";"N";"N";-1;-1;"2026-08-04 11:54:14";8;"AGUARDANDO JULGAMENTO";"-1";"#NULO";"-1";"#NULO";-1;"#NULO";-1;"#NULO";-1;"#NULO";-1;"#NULO";"-1";"#NULO"
"15/08/2026";"19:30:51";2026;6259;250002537946;-3;"#NE";1;"BRASILEIRA NATA";-3;"TAUBATÉ";"48";"N";-1;"#NULO";"3176572.53";"#NE";"S";"-1";"06012724020266260000";"-3";"#NE";"-3";"#NE";"NÃO";"#NULO";-1;"#NULO";"N";"N";-1;-1;"2026-08-05 15:07:31";8;"AGUARDANDO JULGAMENTO";"-1";"#NULO";"-1";"#NULO";-1;"#NULO";-1;"#NULO";-1;"#NULO";-1;"#NULO";"-1";"#NULO"
"15/08/2026";"19:30:51";2026;6259;250002537949;-3;"#NE";1;"BRASILEIRA NATA";-3;"SÃO PAULO";"41";"N";-1;"#NULO";"3176572.53";"#NE";"S";"-1";"06012663320266260000";"-3";"#NE";"-3";"#NE";"NÃO";"#NULO";-1;"#NULO";"N";"N";-1;-1;"2026-08-05 15:07:31";8;"AGUARDANDO JULGAMENTO";"-1";"#NULO";"-1";"#NULO";-1;"#NULO";-1;"#NULO";-1;"#NULO";-1;"#NULO";"-1";"#NULO"
"15/08/2026";"19:30:51";2026;6259;250002537950;-3;"#NE";1;"BRASILEIRA NATA";-3;"SÃO VICENTE";"45";"N";-1;"#NULO";"3176572.53";"#NE";"N";"-1";"06012889120266260000";"-3";"#NE";"-3";"#NE";"NÃO";"#NULO";-1;"#NULO";"N";"N";-1;-1;"2026-08-05 15:07:31";8;"AGUARDANDO JULGAMENTO";"-1";"#NULO";"-1";"#NULO";-1;"#NULO";-1;"#NULO";-1;"#NULO";-1;"#NULO";"-1";"#NULO"
"15/08/2026";"19:30:51";2026;6259;250002537954;-3;"#NE";1;"BRASILEIRA NATA";-3;"RIBEIRÃO PIRES";"39";"N";-1;"#NULO";"3176572.53";"#NE";"S";"-1";"06012949820266260000";"-3";"#NE";"-3";"#NE";"NÃO";"#NULO";-1;"#NULO";"N";"N";-1;-1;"2026-08-05 15:07:31";8;"AGUARDANDO JULGAMENTO";"-1";"#NULO";"-1";"#NULO";-1;"#NULO";-1;"#NULO";-1;"#NULO";-1;"#NULO";"-1";"#NULO"
"15/08/2026";"19:30:51";2026;6259;250002537957;-3;"#NE";1;"BRASILEIRA NATA";-3;"DOLCINÓPOLIS";"66";"N";-1;"#NULO";"3176572.53";"#NE";"N";"-1";"06013027520266260000";"-3";"#NE";"-3";"#NE";"NÃO";"#NULO";-1;"#NULO";"N";"N";-1;-1;"2026-08-05 15:07:31";8;"AGUARDANDO JULGAMENTO";"-1";"#NULO";"-1";"#NULO";-1;"#NULO";-1;"#NULO";-1;"#NULO";-1;"#NULO";"-1";"#NULO"
"15/08/2026";"19:30:51";2026;6259;250002537966;-3;"#NE";1;"BRASILEIRA NATA";-3;"SÃO CARLOS";"34";"N";0;"NÃO INFORMADO";"3176572.53";"#NE";"S";"-1";"06012707020266260000";"-3";"#NE";"-3";"#NE";"NÃO";"#NULO";-1;"#NULO";"N";"N";-1;-1;"2026-08-05 15:07:31";8;"AGUARDANDO JULGAMENTO";"-1";"#NULO";"-1";"#NULO";-1;"#NULO";-1;"#NULO";-1;"#NULO";-1;"#NULO";"-1";"#NULO"
"15/08/2026";"19:30:51";2026;6259;250002537967;-3;"#NE";1;"BRASILEIRA NATA";-3;"TAUBATÉ";"50";"N";-1;"#NULO";"3176572.53";"#NE";"S";"-1";"06013088220266260000";"-3";"#NE";"-3";"#NE";"NÃO";"#NULO";-1;"#NULO";"N";"N";-1;-1;"2026-08-05 15:07:31";8;"AGUARDANDO JULGAMENTO";"-1";"#NULO";"-1";"#NULO";-1;"#NULO";-1;"#NULO";-1;"#NULO";-1;"#NULO";"-1";"#NULO"
"15/08/2026";"19:30:51";2026;6259;250002537970;-3;"#NE";1;"BRASILEIRA NATA";-3;"SÃO PAULO";"51";"N";0;"NÃO INFORMADO";"3176572.53";"#NE";"S";"-1";"06012975320266260000";"-3";"#NE";"-3";"#NE";"NÃO";"#NULO";-1;"#NULO";"N";"N";-1;-1;"2026-08-05 15:07:31";8;"AGUARDANDO JULGAMENTO";"-1";"#NULO";"-1";"#NULO";-1;"#NULO";-1;"#NULO";-1;"#NULO";-1;"#NULO";"-1";"#NULO"
"15/08/2026";"19:30:51";2026;6259;250002537976;-3;"#NE";1;"BRASILEIRA NATA";-3;"IEPÊ";"64";"N";-1;"#NULO";"3176572.53";"#NE";"N";"-1";"06013122220266260000";"-3";"#NE";"-3";"#NE";"NÃO";"#NULO";-1;"#NULO";"N";"N";-1;-1;"2026-08-05 15:07:31";8;"AGUARDANDO JULGAMENTO";"-1";"#NULO";"-1";"#NULO";-1;"#NULO";-1;"#NULO";-1;"#NULO";-1;"#NULO";"-1";"#NULO"
"15/08/2026";"19:30:51";2026;6259;250002538892;-3;"#NE";1;"BRASILEIRA NATA";-3;"PALMEIRA DOS ÍNDIOS";"53";"N";-1;"#NULO";"1270629.01";"#NE";"N";"-1";"06015348720266260000";"-3";"#NE";"-3";"#NE";"NÃO";"#NULO";-1;"#NULO";"N";"N";-1;-1;"2026-08-06 15:55:28";8;"AGUARDANDO JULGAMENTO";"-1";"#NULO";"-1";"#NULO";-1;"#NULO";-1;"#NULO";-1;"#NULO";-1;"#NULO";"-1";"#NULO"
"15/08/2026";"19:30:51";2026;6259;250002538896;-3;"#NE";1;"BRASILEIRA NATA";-3;"RIO LARGO";"33";"N";0;"NÃO INFORMADO";"1270629.01";"#NE";"N";"-1";"06014871620266260000";"-3";"#NE";"-3";"#NE";"NÃO";"#NULO";-1;"#NULO";"N";"N";-1;-1;"2026-08-06 15:55:28";8;"AGUARDANDO JULGAMENTO";"-1";"#NULO";"-1";"#NULO";-1;"#NULO";-1;"#NULO";-1;"#NULO";-1;"#NULO";"-1";"#NULO"
"15/08/2026";"19:30:51";2026;6259;250002538908;-3;"#NE";1;"BRASILEIRA NATA";-3;"RECIFE";"36";"N";0;"NÃO INFORMADO";"1270629.01";"#NE";"S";"-1";"06015062220266260000";"-3";"#NE";"-3";"#NE";"NÃO";"#NULO";-1;"#NULO";"N";"N";-1;-1;"2026-08-06 15:55:28";8;"AGUARDANDO JULGAMENTO";"-1";"#NULO";"-1";"#NULO";-1;"#NULO";-1;"#NULO";-1;"#NULO";-1;"#NULO";"-1";"#NULO"
"15/08/2026";"19:30:51";2026;6259;250002538911;-3;"#NE";1;"BRASILEIRA NATA";-3;"CURITIBA";"57";"N";-1;"#NULO";"1270629.01";"#NE";"S";"-1";"06014846120266260000";"-3";"#NE";"-3";"#NE";"NÃO";"#NULO";-1;"#NULO";"N";"N";-1;-1;"2026-08-06 15:55:28";8;"AGUARDANDO JULGAMENTO";"-1";"#NULO";"-1";"#NULO";-1;"#NULO";-1;"#NULO";-1;"#NULO";-1;"#NULO";"-1";"#NULO"
"15/08/2026";"19:30:51";2026;6259;250002538924;-3;"#NE";1;"BRASILEIRA NATA";-3;"JEQUIÉ";"53";"N";-1;"#NULO";"1270629.01";"#NE";"S";"-1";"06015218820266260000";"-3";"#NE";"-3";"#NE";"NÃO";"#NULO";-1;"#NULO";"N";"N";-1;-1;"2026-08-06 15:55:28";8;"AGUARDANDO JULGAMENTO";"-1";"#NULO";"-1";"#NULO";-1;"#NULO";-1;"#NULO";-1;"#NULO";-1;"#NULO";"-1";"#NULO"
"15/08/2026";"19:30:51";2026;6259;250002538927;-3;"#NE";1;"BRASILEIRA NATA";-3;"ARARAS";"22";"N";-1;"#NULO";"1270629.01";"#NE";"N";"-1";"06015088920266260000";"-3";"#NE";"-3";"#NE";"NÃO";"#NULO";-1;"#NULO";"N";"N";-1;-1;"2026-08-06 15:55:28";8;"AGUARDANDO JULGAMENTO";"-1";"#NULO";"-1";"#NULO";-1;"#NULO";-1;"#NULO";-1;"#NULO";-1;"#NULO";"-1";"#NULO"
"15/08/2026";"19:30:51";2026;6259;250002538928;-3;"#NE";1;"BRASILEIRA NATA";-3;"BARRA BONITA";"38";"N";-1;"#NULO";"1270629.01";"#NE";"S";"-1";"06015382720266260000";"-3";"#NE";"-3";"#NE";"NÃO";"#NULO";-1;"#NULO";"N";"N";-1;-1;"2026-08-06 15:55:28";8;"AGUARDANDO JULGAMENTO";"-1";"#NULO";"-1";"#NULO";-1;"#NULO";-1;"#NULO";-1;"#NULO";-1;"#NULO";"-1";"#NULO"
"15/08/2026";"19:30:51";2026;6259;250002539242;-3;"#NE";1;"BRASILEIRA NATA";-3;"SANTO ESTEVÃO";"66";"N";0;"NÃO INFORMADO";"1270629.01";"#NE";"S";"-1";"06014058220266260000";"-3";"#NE";"-3";"#NE";"NÃO";"#NULO";-1;"#NULO";"N";"N";-1;-1;"2026-08-06 14:28:06";8;"AGUARDANDO JULGAMENTO";"-1";"#NULO";"-1";"#NULO";-1;"#NULO";-1;"#NULO";-1;"#NULO";-1;"#NULO";"-1";"#NULO"
"15/08/2026";"19:30:51";2026;6259;250002539254;-3;"#NE";1;"BRASILEIRA NATA";-3;"GLÓRIA";"60";"N";-1;"#NULO";"1270629.01";"#NE";"S";"-1";"06013650320266260000";"-3";"#NE";"-3";"#NE";"NÃO";"#NULO";-1;"#NULO";"N";"N";-1;-1;"2026-08-06 14:28:06";8;"AGUARDANDO JULGAMENTO";"-1";"#NULO";"-1";"#NULO";-1;"#NULO";-1;"#NULO";-1;"#NULO";-1;"#NULO";"-1";"#NULO"
"15/08/2026";"19:30:51";2026;6259;250002539256;-3;"#NE";1;"BRASILEIRA NATA";-3;"ALAGOINHAS";"51";"S";-1;"#NULO";"1270629.01";"#NE";"N";"-1";"06013260620266260000";"-3";"#NE";"-3";"#NE";"NÃO";"#NULO";-1;"#NULO";"N";"N";-1;-1;"2026-08-06 14:28:06";8;"AGUARDANDO JULGAMENTO";"-1";"#NULO";"-1";"#NULO";-1;"#NULO";-1;"#NULO";-1;"#NULO";-1;"#NULO";"-1";"#NULO"
"15/08/2026";"19:30:51";2026;6259;250002539268;-3;"#NE";1;"BRASILEIRA NATA";-3;"MONTE SANTO";"49";"N";-1;"#NULO";"1270629.01";"#NE";"N";"-1";"06013547120266260000";"-3";"#NE";"-3";"#NE";"NÃO";"#NULO";-1;"#NULO";"N";"N";-1;-1;"2026-08-06 14:28:06";8;"AGUARDANDO JULGAMENTO";"-1";"#NULO";"-1";"#NULO";-1;"#NULO";-1;"#NULO";-1;"#NULO";-1;"#NULO";"-1";"#NULO"
"15/08/2026";"19:30:51";2026;6259;250002539269;-3;"#NE";1;"BRASILEIRA NATA";-3;"ANHUMAS";"72";"N";0;"NÃO INFORMADO";"1270629.01";"#NE";"S";"-1";"06013287320266260000";"-3";"#NE";"-3";"#NE";"NÃO";"#NULO";-1;"#NULO";"N";"N";-1;-1;"2026-08-06 14:28:06";8;"AGUARDANDO JULGAMENTO";"-1";"#NULO";"-1";"#NULO";-1;"#NULO";-1;"#NULO";-1;"#NULO";-1;"#NULO";"-1";"#NULO"
"15/08/2026";"19:30:51";2026;6259;250002539271;-3;"#NE";1;"BRASILEIRA NATA";-3;"BAURU";"42";"N";0;"NÃO INFORMADO";"1270629.01";"#NE";"S";"-1";"06014014520266260000";"-3";"#NE";"-3";"#NE";"NÃO";"#NULO";-1;"#NULO";"N";"N";-1;-1;"2026-08-06 14:28:06";8;"AGUARDANDO JULGAMENTO";"-1";"#NULO";"-1";"#NULO";-1;"#NULO";-1;"#NULO";-1;"#NULO";-1;"#NULO";"-1";"#NULO"
"15/08/2026";"19:30:51";2026;6259;250002539299;-3;"#NE";1;"BRASILEIRA NATA";-3;"SÃO PAULO";"48";"N";0;"NÃO INFORMADO";"1270629.01";"#NE";"S";"-1";"06013823920266260000";"-3";"#NE";"-3";"#NE";"NÃO";"#NULO";-1;"#NULO";"N";"N";-1;-1;"2026-08-06 14:28:06";8;"AGUARDANDO JULGAMENTO";"-1";"#NULO";"-1";"#NULO";-1;"#NULO";-1;"#NULO";-1;"#NULO";-1;"#NULO";"-1";"#NULO"
"15/08/2026";"19:30:51";2026;6259;250002539319;-3;"#NE";1;"BRASILEIRA NATA";-3;"SÃO PAULO";"49";"N";-1;"#NULO";"1270629.01";"#NE";"S";"-1";"06013469420266260000";"-3";"#NE";"-3";"#NE";"NÃO";"#NULO";-1;"#NULO";"N";"N";-1;-1;"2026-08-06 14:28:06";8;"AGUARDANDO JULGAMENTO";"-1";"#NULO";"-1";"#NULO";-1;"#NULO";-1;"#NULO";-1;"#NULO";-1;"#NULO";"-1";"#NULO"
"15/08/2026";"19:30:51";2026;6259;250002539320;-3;"#NE";1;"BRASILEIRA NATA";-3;"SÃO PAULO";"62";"N";-1;"#NULO";"1270629.01";"#NE";"S";"-1";"06013373520266260000";"-3";"#NE";"-3";"#NE";"NÃO";"#NULO";-1;"#NULO";"N";"N";-1;-1;"2026-08-06 14:28:06";8;"AGUARDANDO JULGAMENTO";"-1";"#NULO";"-1";"#NULO";-1;"#NULO";-1;"#NULO";-1;"#NULO";-1;"#NULO";"-1";"#NULO"
"15/08/2026";"19:30:51";2026;6259;250002539321;-3;"#NE";1;"BRASILEIRA NATA";-3;"SÃO PAULO";"62";"N";-1;"#NULO";"1270629.01";"#NE";"S";"-1";"06013997520266260000";"-3";"#NE";"-3";"#NE";"NÃO";"#NULO";-1;"#NULO";"N";"N";-1;-1;"2026-08-06 14:28:06";8;"AGUARDANDO JULGAMENTO";"-1";"#NULO";"-1";"#NULO";-1;"#NULO";-1;"#NULO";-1;"#NULO";-1;"#NULO";"-1";"#NULO"
"15/08/2026";"19:30:51";2026;6259;250002539328;-3;"#NE";2;"BRASILEIRA (NATURALIZADA)";-3;"DAMASCO";"37";"N";-1;"#NULO";"1270629.01";"#NE";"S";"-1";"06013191420266260000";"-3";"#NE";"-3";"#NE";"NÃO";"#NULO";-1;"#NULO";"N";"N";-1;-1;"2026-08-06 14:28:06";8;"AGUARDANDO JULGAMENTO";"-1";"#NULO";"-1";"#NULO";-1;"#NULO";-1;"#NULO";-1;"#NULO";-1;"#NULO";"-1";"#NULO"
"15/08/2026";"19:30:51";2026;6259;250002539394;-3;"#NE";4;"ESTRANGEIRO";-3;"MIRANDIBA";"55";"N";0;"NÃO INFORMADO";"3176572.53";"#NE";"S";"-1";"06014395720266260000";"-3";"#NE";"-3";"#NE";"NÃO";"#NULO";-1;"#NULO";"N";"N";-1;-1;"2026-08-06 14:46:28";8;"AGUARDANDO JULGAMENTO";"-1";"#NULO";"-1";"#NULO";-1;"#NULO";-1;"#NULO";-1;"#NULO";-1;"#NULO";"-1";"#NULO"
"15/08/2026";"19:30:51";2026;6259;250002539398;-3;"#NE";1;"BRASILEIRA NATA";-3;"JEQUERI";"54";"N";0;"NÃO INFORMADO";"3176572.53";"#NE";"S";"-1";"06014464920266260000";"-3";"#NE";"-3";"#NE";"NÃO";"#NULO";-1;"#NULO";"N";"N";-1;-1;"2026-08-06 14:46:28";8;"AGUARDANDO JULGAMENTO";"-1";"#NULO";"-1";"#NULO";-1;"#NULO";-1;"#NULO";-1;"#NULO";-1;"#NULO";"-1";"#NULO"
"15/08/2026";"19:30:51";2026;6259;250002539406;-3;"#NE";1;"BRASILEIRA NATA";-3;"MAUÁ";"53";"N";0;"NÃO INFORMADO";"3176572.53";"#NE";"S";"-1";"06014534120266260000";"-3";"#NE";"-3";"#NE";"NÃO";"#NULO";-1;"#NULO";"N";"N";-1;-1;"2026-08-06 14:46:28";8;"AGUARDANDO JULGAMENTO";"-1";"#NULO";"-1";"#NULO";-1;"#NULO";-1;"#NULO";-1;"#NULO";-1;"#NULO";"-1";"#NULO"
"15/08/2026";"19:30:51";2026;6259;250002539407;-3;"#NE";1;"BRASILEIRA NATA";-3;"OLÍMPIA";"70";"N";0;"NÃO INFORMADO";"3176572.53";"#NE";"S";"-1";"06014655520266260000";"-3";"#NE";"-3";"#NE";"NÃO";"#NULO";-1;"#NULO";"N";"N";-1;-1;"2026-08-06 14:46:28";8;"AGUARDANDO JULGAMENTO";"-1";"#NULO";"-1";"#NULO";-1;"#NULO";-1;"#NULO";-1;"#NULO";-1;"#NULO";"-1";"#NULO"
"15/08/2026";"19:30:51";2026;6259;250002539413;-3;"#NE";1;"BRASILEIRA NATA";-3;"PARIQUERA-AÇU";"33";"N";-1;"#NULO";"3176572.53";"#NE";"S";"-1";"06014421220266260000";"-3";"#NE";"-3";"#NE";"NÃO";"#NULO";-1;"#NULO";"N";"N";-1;-1;"2026-08-06 14:46:28";8;"AGUARDANDO JULGAMENTO";"-1";"#NULO";"-1";"#NULO";-1;"#NULO";-1;"#NULO";-1;"#NULO";-1;"#NULO";"-1";"#NULO"
"15/08/2026";"19:30:51";2026;6259;250002539428;-3;"#NE";1;"BRASILEIRA NATA";-3;"CASA BRANCA";"41";"N";0;"NÃO INFORMADO";"3176572.53";"#NE";"N";"-1";"06014699220266260000";"-3";"#NE";"-3";"#NE";"NÃO";"#NULO";-1;"#NULO";"N";"N";-1;-1;"2026-08-06 14:46:28";8;"AGUARDANDO JULGAMENTO";"-1";"#NULO";"-1";"#NULO";-1;"#NULO";-1;"#NULO";-1;"#NULO";-1;"#NULO";"-1";"#NULO"
"15/08/2026";"19:30:51";2026;6259;250002539434;-3;"#NE";1;"BRASILEIRA NATA";-3;"SÃO CAETANO DO SUL";"45";"N";-1;"#NULO";"3176572.53";"#NE";"N";"-1";"06014335020266260000";"-3";"#NE";"-3";"#NE";"NÃO";"#NULO";-1;"#NULO";"N";"N";-1;-1;"2026-08-06 14:46:28";8;"AGUARDANDO JULGAMENTO";"-1";"#NULO";"-1";"#NULO";-1;"#NULO";-1;"#NULO";-1;"#NULO";-1;"#NULO";"-1";"#NULO"
"15/08/2026";"19:30:51";2026;6259;250002539438;-3;"#NE";1;"BRASILEIRA NATA";-3;"SÃO PAULO";"60";"N";-1;"#NULO";"3176572.53";"#NE";"S";"-1";"06014508620266260000";"-3";"#NE";"-3";"#NE";"NÃO";"#NULO";-1;"#NULO";"N";"N";-1;-1;"2026-08-06 14:46:28";8;"AGUARDANDO JULGAMENTO";"-1";"#NULO";"-1";"#NULO";-1;"#NULO";-1;"#NULO";-1;"#NULO";-1;"#NULO";"-1";"#NULO"
"15/08/2026";"19:30:51";2026;6259;250002539436;-3;"#NE";1;"BRASILEIRA NATA";-3;"SÃO PAULO";"44";"N";-1;"#NULO";"3176572.53";"#NE";"N";"-1";"06014412720266260000";"-3";"#NE";"-3";"#NE";"NÃO";"#NULO";-1;"#NULO";"N";"N";-1;-1;"2026-08-06 14:46:28";8;"AGUARDANDO JULGAMENTO";"-1";"#NULO";"-1";"#NULO";-1;"#NULO";-1;"#NULO";-1;"#NULO";-1;"#NULO";"-1";"#NULO"
"15/08/2026";"19:30:51";2026;6259;250002539444;-3;"#NE";1;"BRASILEIRA NATA";-3;"SÃO PAULO";"49";"N";-1;"#NULO";"3176572.53";"#NE";"S";"-1";"06014291320266260000";"-3";"#NE";"-3";"#NE";"NÃO";"#NULO";-1;"#NULO";"N";"N";-1;-1;"2026-08-06 14:46:28";8;"AGUARDANDO JULGAMENTO";"-1";"#NULO";"-1";"#NULO";-1;"#NULO";-1;"#NULO";-1;"#NULO";-1;"#NULO";"-1";"#NULO"
"15/08/2026";"19:30:51";2026;6259;250002539590;-3;"#NE";1;"BRASILEIRA NATA";-3;"BELO HORIZONTE";"67";"N";-1;"#NULO";"3176572.53";"#NE";"N";"-1";"06015971520266260000";"-3";"#NE";"-3";"#NE";"NÃO";"#NULO";-1;"#NULO";"N";"N";-1;-1;"2026-08-06 17:34:34";8;"AGUARDANDO JULGAMENTO";"-1";"#NULO";"-1";"#NULO";-1;"#NULO";-1;"#NULO";-1;"#NULO";-1;"#NULO";"-1";"#NULO"
"15/08/2026";"19:30:51";2026;6259;250002539597;-3;"#NE";1;"BRASILEIRA NATA";-3;"ESPERANTINA";"42";"N";0;"NÃO INFORMADO";"3176572.53";"#NE";"S";"-1";"06015772420266260000";"-3";"#NE";"-3";"#NE";"NÃO";"#NULO";-1;"#NULO";"N";"N";-1;-1;"2026-08-06 17:34:34";8;"AGUARDANDO JULGAMENTO";"-1";"#NULO";"-1";"#NULO";-1;"#NULO";-1;"#NULO";-1;"#NULO";-1;"#NULO";"-1";"#NULO"
"15/08/2026";"19:30:51";2026;6259;250002539604;-3;"#NE";1;"BRASILEIRA NATA";-3;"PRESIDENTE PRUDENTE";"37";"N";-1;"#NULO";"3176572.53";"#NE";"S";"-1";"06015738420266260000";"-3";"#NE";"-3";"#NE";"NÃO";"#NULO";-1;"#NULO";"N";"N";-1;-1;"2026-08-06 17:34:34";8;"AGUARDANDO JULGAMENTO";"-1";"#NULO";"-1";"#NULO";-1;"#NULO";-1;"#NULO";-1;"#NULO";-1;"#NULO";"-1";"#NULO"
"15/08/2026";"19:30:51";2026;6259;250002539618;-3;"#NE";1;"BRASILEIRA NATA";-3;"SÃO PAULO";"49";"N";-1;"#NULO";"3176572.53";"#NE";"N";"-1";"06015998220266260000";"-3";"#NE";"-3";"#NE";"NÃO";"#NULO";-1;"#NULO";"N";"N";-1;-1;"2026-08-06 17:34:34";8;"AGUARDANDO JULGAMENTO";"-1";"#NULO";"-1";"#NULO";-1;"#NULO";-1;"#NULO";-1;"#NULO";-1;"#NULO";"-1";"#NULO"
"15/08/2026";"19:30:51";2026;6259;250002539620;-3;"#NE";1;"BRASILEIRA NATA";-3;"SÃO PAULO";"29";"N";0;"NÃO INFORMADO";"3176572.53";"#NE";"S";"-1";"06015841620266260000";"-3";"#NE";"-3";"#NE";"NÃO";"#NULO";-1;"#NULO";"N";"N";-1;-1;"2026-08-06 17:34:34";8;"AGUARDANDO JULGAMENTO";"-1";"#NULO";"-1";"#NULO";-1;"#NULO";-1;"#NULO";-1;"#NULO";-1;"#NULO";"-1";"#NULO"
"15/08/2026";"19:30:51";2026;6259;250002539632;-3;"#NE";1;"BRASILEIRA NATA";-3;"PEDRO AFONSO";"57";"N";-1;"#NULO";"3176572.53";"#NE";"S";"-1";"06015929020266260000";"-3";"#NE";"-3";"#NE";"NÃO";"#NULO";-1;"#NULO";"N";"N";-1;-1;"2026-08-06 17:34:34";8;"AGUARDANDO JULGAMENTO";"-1";"#NULO";"-1";"#NULO";-1;"#NULO";-1;"#NULO";-1;"#NULO";-1;"#NULO";"-1";"#NULO"
"15/08/2026";"19:30:51";2026;6259;250002539941;-3;"#NE";1;"BRASILEIRA NATA";-3;"SÃO JOAQUIM DA BARRA";"53";"N";-1;"#NULO";"1270629.01";"#NE";"S";"-1";"06015105920266260000";"-3";"#NE";"-3";"#NE";"NÃO";"#NULO";-1;"#NULO";"N";"N";-1;-1;"2026-08-06 15:55:28";8;"AGUARDANDO JULGAMENTO";"-1";"#NULO";"-1";"#NULO";-1;"#NULO";-1;"#NULO";-1;"#NULO";-1;"#NULO";"-1";"#NULO"
"15/08/2026";"19:30:51";2026;6259;250002539950;-3;"#NE";1;"BRASILEIRA NATA";-3;"SÃO PAULO";"57";"N";-1;"#NULO";"1270629.01";"#NE";"N";"-1";"06015443420266260000";"-3";"#NE";"-3";"#NE";"NÃO";"#NULO";-1;"#NULO";"N";"N";-1;-1;"2026-08-06 15:55:28";8;"AGUARDANDO JULGAMENTO";"-1";"#NULO";"-1";"#NULO";-1;"#NULO";-1;"#NULO";-1;"#NULO";-1;"#NULO";"-1";"#NULO"
"15/08/2026";"19:30:51";2026;6259;250002539952;-3;"#NE";1;"BRASILEIRA NATA";-3;"SÃO PAULO";"33";"N";-1;"#NULO";"1270629.01";"#NE";"S";"-1";"06015460420266260000";"-3";"#NE";"-3";"#NE";"NÃO";"#NULO";-1;"#NULO";"N";"N";-1;-1;"2026-08-06 15:55:28";8;"AGUARDANDO JULGAMENTO";"-1";"#NULO";"-1";"#NULO";-1;"#NULO";-1;"#NULO";-1;"#NULO";-1;"#NULO";"-1";"#NULO"
"15/08/2026";"19:30:51";2026;6259;250002540571;-3;"#NE";1;"BRASILEIRA NATA";-3;"SÃO PAULO";"51";"N";-1;"#NULO";"1270629.01";"#NE";"S";"-1";"06016907520266260000";"-3";"#NE";"-3";"#NE";"NÃO";"#NULO";-1;"#NULO";"N";"N";-1;-1;"2026-08-07 12:07:18";8;"AGUARDANDO JULGAMENTO";"-1";"#NULO";"-1";"#NULO";-1;"#NULO";-1;"#NULO";-1;"#NULO";-1;"#NULO";"-1";"#NULO"
"15/08/2026";"19:30:51";2026;6259;250002540874;-3;"#NE";1;"BRASILEIRA NATA";-3;"SÃO CARLOS";"59";"N";0;"NÃO INFORMADO";"1270629.01";"#NE";"S";"-1";"06016560320266260000";"-3";"#NE";"-3";"#NE";"NÃO";"#NULO";-1;"#NULO";"N";"N";-1;-1;"2026-08-07 12:07:18";8;"AGUARDANDO JULGAMENTO";"-1";"#NULO";"-1";"#NULO";-1;"#NULO";-1;"#NULO";-1;"#NULO";-1;"#NULO";"-1";"#NULO"
"15/08/2026";"19:30:51";2026;6259;250002540877;-3;"#NE";1;"BRASILEIRA NATA";-3;"RIO DE JANEIRO";"41";"N";0;"NÃO INFORMADO";"1270629.01";"#NE";"S";"-1";"06016551820266260000";"-3";"#NE";"-3";"#NE";"NÃO";"#NULO";-1;"#NULO";"N";"N";-1;-1;"2026-08-07 12:07:18";8;"AGUARDANDO JULGAMENTO";"-1";"#NULO";"-1";"#NULO";-1;"#NULO";-1;"#NULO";-1;"#NULO";-1;"#NULO";"-1";"#NULO"
"15/08/2026";"19:30:51";2026;6259;250002540884;-3;"#NE";1;"BRASILEIRA NATA";-3;"UBATUBA";"62";"N";0;"NÃO INFORMADO";"1270629.01";"#NE";"N";"-1";"06016119620266260000";"-3";"#NE";"-3";"#NE";"NÃO";"#NULO";-1;"#NULO";"N";"N";-1;-1;"2026-08-07 12:07:18";8;"AGUARDANDO JULGAMENTO";"-1";"#NULO";"-1";"#NULO";-1;"#NULO";-1;"#NULO";-1;"#NULO";-1;"#NULO";"-1";"#NULO"
"15/08/2026";"19:30:51";2026;6259;250002540887;-3;"#NE";1;"BRASILEIRA NATA";-3;"CAMPINAS";"62";"N";0;"NÃO INFORMADO";"1270629.01";"#NE";"S";"-1";"06016145120266260000";"-3";"#NE";"-3";"#NE";"NÃO";"#NULO";-1;"#NULO";"N";"N";-1;-1;"2026-08-07 12:07:18";8;"AGUARDANDO JULGAMENTO";"-1";"#NULO";"-1";"#NULO";-1;"#NULO";-1;"#NULO";-1;"#NULO";-1;"#NULO";"-1";"#NULO"
"15/08/2026";"19:30:51";2026;6259;250002540888;-3;"#NE";1;"BRASILEIRA NATA";-3;"SÃO PAULO";"67";"N";-1;"#NULO";"1270629.01";"#NE";"S";"-1";"06016855320266260000";"-3";"#NE";"-3";"#NE";"NÃO";"#NULO";-1;"#NULO";"N";"N";-1;-1;"2026-08-07 12:07:18";8;"AGUARDANDO JULGAMENTO";"-1";"#NULO";"-1";"#NULO";-1;"#NULO";-1;"#NULO";-1;"#NULO";-1;"#NULO";"-1";"#NULO"
"15/08/2026";"19:30:51";2026;6259;250002540895;-3;"#NE";1;"BRASILEIRA NATA";-3;"SÃO PAULO";"56";"N";0;"NÃO INFORMADO";"1270629.01";"#NE";"N";"-1";"06016197320266260000";"-3";"#NE";"-3";"#NE";"NÃO";"#NULO";-1;"#NULO";"N";"N";-1;-1;"2026-08-07 12:07:18";8;"AGUARDANDO JULGAMENTO";"-1";"#NULO";"-1";"#NULO";-1;"#NULO";-1;"#NULO";-1;"#NULO";-1;"#NULO";"-1";"#NULO"
"15/08/2026";"19:30:51";2026;6259;250002540894;-3;"#NE";1;"BRASILEIRA NATA";-3;"JUNDIAÍ";"38";"N";-1;"#NULO";"1270629.01";"#NE";"S";"-1";"06016708420266260000";"-3";"#NE";"-3";"#NE";"NÃO";"#NULO";-1;"#NULO";"N";"N";-1;-1;"2026-08-07 12:07:18";8;"AGUARDANDO JULGAMENTO";"-1";"#NULO";"-1";"#NULO";-1;"#NULO";-1;"#NULO";-1;"#NULO";-1;"#NULO";"-1";"#NULO"
"15/08/2026";"19:30:51";2026;6259;250002540918;-3;"#NE";1;"BRASILEIRA NATA";-3;"CAMPINAS";"59";"N";-1;"#NULO";"1270629.01";"#NE";"S";"-1";"06016794620266260000";"-3";"#NE";"-3";"#NE";"NÃO";"#NULO";-1;"#NULO";"N";"N";-1;-1;"2026-08-07 12:07:18";8;"AGUARDANDO JULGAMENTO";"-1";"#NULO";"-1";"#NULO";-1;"#NULO";-1;"#NULO";-1;"#NULO";-1;"#NULO";"-1";"#NULO"
"15/08/2026";"19:30:51";2026;6259;250002540926;-3;"#NE";1;"BRASILEIRA NATA";-3;"SALVADOR";"56";"N";0;"NÃO INFORMADO";"1270629.01";"#NE";"S";"-1";"06016352720266260000";"-3";"#NE";"-3";"#NE";"NÃO";"#NULO";-1;"#NULO";"N";"N";-1;-1;"2026-08-07 12:07:18";8;"AGUARDANDO JULGAMENTO";"-1";"#NULO";"-1";"#NULO";-1;"#NULO";-1;"#NULO";-1;"#NULO";-1;"#NULO";"-1";"#NULO"
"15/08/2026";"19:30:51";2026;6259;250002540927;-3;"#NE";1;"BRASILEIRA NATA";-3;"BUENO BRANDÃO";"87";"N";0;"NÃO INFORMADO";"1270629.01";"#NE";"S";"-1";"06016933020266260000";"-3";"#NE";"-3";"#NE";"NÃO";"#NULO";-1;"#NULO";"N";"N";-1;-1;"2026-08-07 12:07:18";8;"AGUARDANDO JULGAMENTO";"-1";"#NULO";"-1";"#NULO";-1;"#NULO";-1;"#NULO";-1;"#NULO";-1;"#NULO";"-1";"#NULO"
"15/08/2026";"19:30:51";2026;6259;250002540931;-3;"#NE";1;"BRASILEIRA NATA";-3;"ITAPAGIPE";"73";"N";0;"NÃO INFORMADO";"1270629.01";"#NE";"S";"-1";"06016292020266260000";"-3";"#NE";"-3";"#NE";"NÃO";"#NULO";-1;"#NULO";"N";"N";-1;-1;"2026-08-07 12:07:18";8;"AGUARDANDO JULGAMENTO";"-1";"#NULO";"-1";"#NULO";-1;"#NULO";-1;"#NULO";-1;"#NULO";-1;"#NULO";"-1";"#NULO"
"15/08/2026";"19:30:51";2026;6259;250002540932;-3;"#NE";1;"BRASILEIRA NATA";-3;"ESTEIO";"70";"N";0;"NÃO INFORMADO";"1270629.01";"#NE";"N";"-1";"06016517820266260000";"-3";"#NE";"-3";"#NE";"NÃO";"#NULO";-1;"#NULO";"N";"N";-1;-1;"2026-08-07 12:07:18";8;"AGUARDANDO JULGAMENTO";"-1";"#NULO";"-1";"#NULO";-1;"#NULO";-1;"#NULO";-1;"#NULO";-1;"#NULO";"-1";"#NULO"
"15/08/2026";"19:30:51";2026;6259;250002541096;-3;"#NE";1;"BRASILEIRA NATA";-3;"RIO DE JANEIRO";"55";"N";0;"NÃO INFORMADO";"3176572.53";"#NE";"S";"-1";"06017236520266260000";"-3";"#NE";"-3";"#NE";"NÃO";"#NULO";-1;"#NULO";"N";"N";-1;-1;"2026-08-07 12:15:27";8;"AGUARDANDO JULGAMENTO";"-1";"#NULO";"-1";"#NULO";-1;"#NULO";-1;"#NULO";-1;"#NULO";-1;"#NULO";"-1";"#NULO"
"15/08/2026";"19:30:51";2026;6259;250002541102;-3;"#NE";1;"BRASILEIRA NATA";-3;"SÃO PAULO";"52";"N";0;"NÃO INFORMADO";"3176572.53";"#NE";"S";"-1";"06017140620266260000";"-3";"#NE";"-3";"#NE";"NÃO";"#NULO";-1;"#NULO";"N";"N";-1;-1;"2026-08-07 12:15:27";8;"AGUARDANDO JULGAMENTO";"-1";"#NULO";"-1";"#NULO";-1;"#NULO";-1;"#NULO";-1;"#NULO";-1;"#NULO";"-1";"#NULO"
"15/08/2026";"19:30:51";2026;6259;250002541115;-3;"#NE";1;"BRASILEIRA NATA";-3;"AVARÉ";"53";"N";0;"NÃO INFORMADO";"3176572.53";"#NE";"N";"-1";"06017002220266260000";"-3";"#NE";"-3";"#NE";"NÃO";"#NULO";-1;"#NULO";"N";"N";-1;-1;"2026-08-07 12:15:27";8;"AGUARDANDO JULGAMENTO";"-1";"#NULO";"-1";"#NULO";-1;"#NULO";-1;"#NULO";-1;"#NULO";-1;"#NULO";"-1";"#NULO"
"15/08/2026";"19:30:51";2026;6259;250002541147;-3;"#NE";1;"BRASILEIRA NATA";-3;"SÃO PAULO";"76";"N";0;"NÃO INFORMADO";"3176572.53";"#NE";"S";"-1";"06017167320266260000";"-3";"#NE";"-3";"#NE";"NÃO";"#NULO";-1;"#NULO";"N";"N";-1;-1;"2026-08-07 12:15:27";8;"AGUARDANDO JULGAMENTO";"-1";"#NULO";"-1";"#NULO";-1;"#NULO";-1;"#NULO";-1;"#NULO";-1;"#NULO";"-1";"#NULO"
"15/08/2026";"19:30:51";2026;6259;250002541148;-3;"#NE";1;"BRASILEIRA NATA";-3;"SÃO JOSÉ DOS CAMPOS";"48";"N";-1;"#NULO";"3176572.53";"#NE";"S";"-1";"06017418620266260000";"-3";"#NE";"-3";"#NE";"NÃO";"#NULO";-1;"#NULO";"N";"N";-1;-1;"2026-08-07 12:15:27";8;"AGUARDANDO JULGAMENTO";"-1";"#NULO";"-1";"#NULO";-1;"#NULO";-1;"#NULO";-1;"#NULO";-1;"#NULO";"-1";"#NULO"
"15/08/2026";"19:30:51";2026;6259;250002541158;-3;"#NE";1;"BRASILEIRA NATA";-3;"JOÃO PESSOA";"53";"N";-1;"#NULO";"3176572.53";"#NE";"S";"-1";"06017374920266260000";"-3";"#NE";"-3";"#NE";"NÃO";"#NULO";-1;"#NULO";"N";"N";-1;-1;"2026-08-07 12:15:27";8;"AGUARDANDO JULGAMENTO";"-1";"#NULO";"-1";"#NULO";-1;"#NULO";-1;"#NULO";-1;"#NULO";-1;"#NULO";"-1";"#NULO"
"15/08/2026";"19:30:51";2026;6259;250002541362;-3;"#NE";1;"BRASILEIRA NATA";-3;"SÃO BERNARDO DO CAMPO";"59";"N";-1;"#NULO";"7115522.46";"#NE";"S";"-1";"06017842320266260000";"-3";"#NE";"-3";"#NE";"NÃO";"#NULO";-1;"#NULO";"N";"N";-1;-1;"2026-08-07 14:24:24";8;"AGUARDANDO JULGAMENTO";"-1";"#NULO";"-1";"#NULO";-1;"#NULO";-1;"#NULO";-1;"#NULO";-1;"#NULO";"-1";"#NULO"
"15/08/2026";"19:30:51";2026;6259;250002541366;-3;"#NE";1;"BRASILEIRA NATA";-3;"SOROCABA";"66";"N";-1;"#NULO";"-1";"#NE";"N";"-1";"06017850820266260000";"-3";"#NE";"-3";"#NE";"NÃO";"#NULO";-1;"#NULO";"N";"N";-1;-1;"2026-08-07 14:24:24";8;"AGUARDANDO JULGAMENTO";"-1";"#NULO";"-1";"#NULO";-1;"#NULO";-1;"#NULO";-1;"#NULO";-1;"#NULO";"-1";"#NULO"
"15/08/2026";"19:30:51";2026;6259;250002541849;-3;"#NE";1;"BRASILEIRA NATA";-3;"SUZANO";"49";"N";-1;"#NULO";"1270629.01";"#NE";"N";"-1";"06018483320266260000";"-3";"#NE";"-3";"#NE";"NÃO";"#NULO";-1;"#NULO";"N";"N";-1;-1;"2026-08-07 16:31:02";8;"AGUARDANDO JULGAMENTO";"-1";"#NULO";"-1";"#NULO";-1;"#NULO";-1;"#NULO";-1;"#NULO";-1;"#NULO";"-1";"#NULO"
"15/08/2026";"19:30:51";2026;6259;250002541856;-3;"#NE";1;"BRASILEIRA NATA";-3;"SÃO PAULO";"60";"N";-1;"#NULO";"1270629.01";"#NE";"S";"-1";"06018258720266260000";"-3";"#NE";"-3";"#NE";"NÃO";"#NULO";-1;"#NULO";"N";"N";-1;-1;"2026-08-07 16:31:02";8;"AGUARDANDO JULGAMENTO";"-1";"#NULO";"-1";"#NULO";-1;"#NULO";-1;"#NULO";-1;"#NULO";-1;"#NULO";"-1";"#NULO"
"15/08/2026";"19:30:51";2026;6259;250002541861;-3;"#NE";1;"BRASILEIRA NATA";-3;"VOTUPORANGA";"49";"N";-1;"#NULO";"1270629.01";"#NE";"S";"-1";"06018449320266260000";"-3";"#NE";"-3";"#NE";"NÃO";"#NULO";-1;"#NULO";"N";"N";-1;-1;"2026-08-07 16:31:02";8;"AGUARDANDO JULGAMENTO";"-1";"#NULO";"-1";"#NULO";-1;"#NULO";-1;"#NULO";-1;"#NULO";-1;"#NULO";"-1";"#NULO"
"15/08/2026";"19:30:51";2026;6259;250002541867;-3;"#NE";1;"BRASILEIRA NATA";-3;"SÃO PAULO";"50";"N";-1;"#NULO";"1270629.01";"#NE";"S";"-1";"06018604720266260000";"-3";"#NE";"-3";"#NE";"NÃO";"#NULO";-1;"#NULO";"N";"N";-1;-1;"2026-08-07 16:31:02";8;"AGUARDANDO JULGAMENTO";"-1";"#NULO";"-1";"#NULO";-1;"#NULO";-1;"#NULO";-1;"#NULO";-1;"#NULO";"-1";"#NULO"
"15/08/2026";"19:30:51";2026;6259;250002541886;-3;"#NE";1;"BRASILEIRA NATA";-3;"MARÍLIA";"51";"N";0;"NÃO INFORMADO";"1270629.01";"#NE";"S";"-1";"06018466320266260000";"-3";"#NE";"-3";"#NE";"NÃO";"#NULO";-1;"#NULO";"N";"N";-1;-1;"2026-08-07 16:31:02";8;"AGUARDANDO JULGAMENTO";"-1";"#NULO";"-1";"#NULO";-1;"#NULO";-1;"#NULO";-1;"#NULO";-1;"#NULO";"-1";"#NULO"
"15/08/2026";"19:30:51";2026;6259;250002541909;-3;"#NE";1;"BRASILEIRA NATA";-3;"LONDRINA";"58";"N";-1;"#NULO";"1270629.01";"#NE";"N";"-1";"06018587720266260000";"-3";"#NE";"-3";"#NE";"NÃO";"#NULO";-1;"#NULO";"N";"N";-1;-1;"2026-08-07 16:31:02";8;"AGUARDANDO JULGAMENTO";"-1";"#NULO";"-1";"#NULO";-1;"#NULO";-1;"#NULO";-1;"#NULO";-1;"#NULO";"-1";"#NULO"
"15/08/2026";"19:30:51";2026;6259;250002541908;-3;"#NE";1;"BRASILEIRA NATA";-3;"URANDI";"40";"N";-1;"#NULO";"1270629.01";"#NE";"S";"-1";"06018267220266260000";"-3";"#NE";"-3";"#NE";"NÃO";"#NULO";-1;"#NULO";"N";"N";-1;-1;"2026-08-07 16:31:02";8;"AGUARDANDO JULGAMENTO";"-1";"#NULO";"-1";"#NULO";-1;"#NULO";-1;"#NULO";-1;"#NULO";-1;"#NULO";"-1";"#NULO"
"15/08/2026";"19:30:51";2026;6259;250002544332;-3;"#NE";1;"BRASILEIRA NATA";-3;"SÃO PAULO";"76";"N";-1;"#NULO";"3176572.53";"#NE";"S";"-1";"06018916720266260000";"-3";"#NE";"-3";"#NE";"NÃO";"#NULO";-1;"#NULO";"N";"N";-1;-1;"2026-08-10 12:49:56";8;"AGUARDANDO JULGAMENTO";"-1";"#NULO";"-1";"#NULO";-1;"#NULO";-1;"#NULO";-1;"#NULO";-1;"#NULO";"-1";"#NULO"
"15/08/2026";"19:30:51";2026;6259;250002544338;-3;"#NE";1;"BRASILEIRA NATA";-3;"SÃO PAULO";"60";"N";-1;"#NULO";"3176572.53";"#NE";"S";"-1";"06019358620266260000";"-3";"#NE";"-3";"#NE";"NÃO";"#NULO";-1;"#NULO";"N";"N";-1;-1;"2026-08-10 12:49:56";8;"AGUARDANDO JULGAMENTO";"-1";"#NULO";"-1";"#NULO";-1;"#NULO";-1;"#NULO";-1;"#NULO";-1;"#NULO";"-1";"#NULO"
"15/08/2026";"19:30:51";2026;6259;250002544339;-3;"#NE";1;"BRASILEIRA NATA";-3;"SÃO JOSÉ DO RIO PRETO";"36";"N";-1;"#NULO";"3176572.53";"#NE";"S";"-1";"06019254220266260000";"-3";"#NE";"-3";"#NE";"NÃO";"#NULO";-1;"#NULO";"N";"N";-1;-1;"2026-08-10 12:49:56";8;"AGUARDANDO JULGAMENTO";"-1";"#NULO";"-1";"#NULO";-1;"#NULO";-1;"#NULO";-1;"#NULO";-1;"#NULO";"-1";"#NULO"
"15/08/2026";"19:30:51";2026;6259;250002544341;-3;"#NE";1;"BRASILEIRA NATA";-3;"SÃO PAULO";"40";"N";-1;"#NULO";"3176572.53";"#NE";"S";"-1";"06018950720266260000";"-3";"#NE";"-3";"#NE";"NÃO";"#NULO";-1;"#NULO";"N";"N";-1;-1;"2026-08-10 12:49:56";8;"AGUARDANDO JULGAMENTO";"-1";"#NULO";"-1";"#NULO";-1;"#NULO";-1;"#NULO";-1;"#NULO";-1;"#NULO";"-1";"#NULO"
"15/08/2026";"19:30:51";2026;6259;250002544344;-3;"#NE";1;"BRASILEIRA NATA";-3;"SÃO PAULO";"58";"N";-1;"#NULO";"3176572.53";"#NE";"S";"-1";"06019340420266260000";"-3";"#NE";"-3";"#NE";"NÃO";"#NULO";-1;"#NULO";"N";"N";-1;-1;"2026-08-10 12:49:56";8;"AGUARDANDO JULGAMENTO";"-1";"#NULO";"-1";"#NULO";-1;"#NULO";-1;"#NULO";-1;"#NULO";-1;"#NULO";"-1";"#NULO"
"15/08/2026";"19:30:51";2026;6259;250002544513;-3;"#NE";1;"BRASILEIRA NATA";-3;"BENEDITINOS";"61";"N";-1;"#NULO";"-1";"#NE";"N";"-1";"06020431820266260000";"-3";"#NE";"-3";"#NE";"NÃO";"#NULO";-1;"#NULO";"N";"N";-1;-1;"2026-08-10 14:22:30";8;"AGUARDANDO JULGAMENTO";"-1";"#NULO";"-1";"#NULO";-1;"#NULO";-1;"#NULO";-1;"#NULO";-1;"#NULO";"-1";"#NULO"
"15/08/2026";"19:30:51";2026;6259;250002544516;-3;"#NE";1;"BRASILEIRA NATA";-3;"JAÚ";"47";"N";-1;"#NULO";"7115522.46";"#NE";"S";"-1";"06020467020266260000";"-3";"#NE";"-3";"#NE";"NÃO";"#NULO";-1;"#NULO";"N";"N";-1;-1;"2026-08-10 14:22:30";8;"AGUARDANDO JULGAMENTO";"-1";"#NULO";"-1";"#NULO";-1;"#NULO";-1;"#NULO";-1;"#NULO";-1;"#NULO";"-1";"#NULO"
"15/08/2026";"19:30:51";2026;6259;250002544515;-3;"#NE";1;"BRASILEIRA NATA";-3;"MONTE ALEGRE DO SUL";"59";"N";-1;"#NULO";"-1";"#NE";"S";"-1";"06020440320266260000";"-3";"#NE";"-3";"#NE";"NÃO";"#NULO";-1;"#NULO";"N";"N";-1;-1;"2026-08-10 14:22:30";8;"AGUARDANDO JULGAMENTO";"-1";"#NULO";"-1";"#NULO";-1;"#NULO";-1;"#NULO";-1;"#NULO";-1;"#NULO";"-1";"#NULO"
"15/08/2026";"19:30:51";2026;6259;250002544672;-3;"#NE";1;"BRASILEIRA NATA";-3;"CAMBORIÚ";"39";"N";-1;"#NULO";"-1";"#NE";"S";"-1";"06020371120266260000";"-3";"#NE";"-3";"#NE";"NÃO";"#NULO";-1;"#NULO";"N";"N";-1;-1;"2026-08-10 13:56:38";8;"AGUARDANDO JULGAMENTO";"-1";"#NULO";"-1";"#NULO";-1;"#NULO";-1;"#NULO";-1;"#NULO";-1;"#NULO";"-1";"#NULO"
"15/08/2026";"19:30:51";2026;6259;250002544911;-3;"#NE";1;"BRASILEIRA NATA";-3;"SÃO PAULO";"43";"N";-1;"#NULO";"-1";"#NE";"S";"-1";"06020397820266260000";"-3";"#NE";"-3";"#NE";"NÃO";"#NULO";-1;"#NULO";"N";"S";-1;-1;"2026-08-10 14:11:12";6;"RENÚNCIA";"-1";"#NULO";"-1";"#NULO";-1;"#NULO";-1;"#NULO";-1;"#NULO";-1;"#NULO";"-1";"#NULO"
"15/08/2026";"19:30:51";2026;6259;250002544998;-3;"#NE";1;"BRASILEIRA NATA";-3;"SANTO ANDRÉ";"21";"N";-1;"#NULO";"1270629.01";"#NE";"N";"-1";"06021020620266260000";"-3";"#NE";"-3";"#NE";"NÃO";"#NULO";-1;"#NULO";"N";"N";-1;-1;"2026-08-10 16:16:08";8;"AGUARDANDO JULGAMENTO";"-1";"#NULO";"-1";"#NULO";-1;"#NULO";-1;"#NULO";-1;"#NULO";-1;"#NULO";"-1";"#NULO"
"15/08/2026";"19:30:51";2026;6259;250002545002;-3;"#NE";1;"BRASILEIRA NATA";-3;"SÃO PAULO";"26";"N";-1;"#NULO";"1270629.01";"#NE";"N";"-1";"06020787520266260000";"-3";"#NE";"-3";"#NE";"NÃO";"#NULO";-1;"#NULO";"N";"N";-1;-1;"2026-08-10 16:16:08";8;"AGUARDANDO JULGAMENTO";"-1";"#NULO";"-1";"#NULO";-1;"#NULO";-1;"#NULO";-1;"#NULO";-1;"#NULO";"-1";"#NULO"
"15/08/2026";"19:30:51";2026;6259;250002545005;-3;"#NE";1;"BRASILEIRA NATA";-3;"SANTOS";"46";"N";-1;"#NULO";"1270629.01";"#NE";"S";"-1";"06020588420266260000";"-3";"#NE";"-3";"#NE";"NÃO";"#NULO";-1;"#NULO";"N";"N";-1;-1;"2026-08-10 16:16:08";8;"AGUARDANDO JULGAMENTO";"-1";"#NULO";"-1";"#NULO";-1;"#NULO";-1;"#NULO";-1;"#NULO";-1;"#NULO";"-1";"#NULO"
"15/08/2026";"19:30:51";2026;6259;250002545011;-3;"#NE";1;"BRASILEIRA NATA";-3;"SÃO PAULO";"36";"N";-1;"#NULO";"1270629.01";"#NE";"N";"-1";"06020873720266260000";"-3";"#NE";"-3";"#NE";"NÃO";"#NULO";-1;"#NULO";"N";"N";-1;-1;"2026-08-10 16:16:08";8;"AGUARDANDO JULGAMENTO";"-1";"#NULO";"-1";"#NULO";-1;"#NULO";-1;"#NULO";-1;"#NULO";-1;"#NULO";"-1";"#NULO"
"15/08/2026";"19:30:51";2026;6259;250002545013;-3;"#NE";1;"BRASILEIRA NATA";-3;"SÃO PAULO";"48";"N";-1;"#NULO";"1270629.01";"#NE";"N";"-1";"06020882220266260000";"-3";"#NE";"-3";"#NE";"NÃO";"#NULO";-1;"#NULO";"N";"N";-1;-1;"2026-08-10 16:16:08";8;"AGUARDANDO JULGAMENTO";"-1";"#NULO";"-1";"#NULO";-1;"#NULO";-1;"#NULO";-1;"#NULO";-1;"#NULO";"-1";"#NULO"
"15/08/2026";"19:30:51";2026;6259;250002545032;-3;"#NE";1;"BRASILEIRA NATA";-3;"SÃO JOSÉ DO RIO PARDO";"31";"N";-1;"#NULO";"1270629.01";"#NE";"S";"-1";"06020942920266260000";"-3";"#NE";"-3";"#NE";"NÃO";"#NULO";-1;"#NULO";"N";"N";-1;-1;"2026-08-10 16:16:08";8;"AGUARDANDO JULGAMENTO";"-1";"#NULO";"-1";"#NULO";-1;"#NULO";-1;"#NULO";-1;"#NULO";-1;"#NULO";"-1";"#NULO"
"15/08/2026";"19:30:51";2026;6259;250002545036;-3;"#NE";1;"BRASILEIRA NATA";-3;"SÃO BERNARDO DO CAMPO";"27";"N";-1;"#NULO";"1270629.01";"#NE";"N";"-1";"06020969620266260000";"-3";"#NE";"-3";"#NE";"NÃO";"#NULO";-1;"#NULO";"N";"N";-1;-1;"2026-08-10 16:16:08";8;"AGUARDANDO JULGAMENTO";"-1";"#NULO";"-1";"#NULO";-1;"#NULO";-1;"#NULO";-1;"#NULO";-1;"#NULO";"-1";"#NULO"
"15/08/2026";"19:30:51";2026;6259;250002545048;-3;"#NE";1;"BRASILEIRA NATA";-3;"SÃO PAULO";"39";"N";-1;"#NULO";"1270629.01";"#NE";"S";"-1";"06021108020266260000";"-3";"#NE";"-3";"#NE";"NÃO";"#NULO";-1;"#NULO";"N";"N";-1;-1;"2026-08-10 16:16:08";8;"AGUARDANDO JULGAMENTO";"-1";"#NULO";"-1";"#NULO";-1;"#NULO";-1;"#NULO";-1;"#NULO";-1;"#NULO";"-1";"#NULO"
"15/08/2026";"19:30:51";2026;6259;250002545054;-3;"#NE";1;"BRASILEIRA NATA";-3;"BARRA MANSA";"35";"N";0;"NÃO INFORMADO";"1270629.01";"#NE";"S";"-1";"06021072820266260000";"-3";"#NE";"-3";"#NE";"NÃO";"#NULO";-1;"#NULO";"N";"N";-1;-1;"2026-08-10 16:16:08";8;"AGUARDANDO JULGAMENTO";"-1";"#NULO";"-1";"#NULO";-1;"#NULO";-1;"#NULO";-1;"#NULO";-1;"#NULO";"-1";"#NULO"
"15/08/2026";"19:30:51";2026;6259;250002545135;-3;"#NE";1;"BRASILEIRA NATA";-3;"BELO HORIZONTE";"55";"N";-1;"#NULO";"1270629.01";"#NE";"N";"-1";"06019687620266260000";"-3";"#NE";"-3";"#NE";"NÃO";"#NULO";-1;"#NULO";"N";"N";-1;-1;"2026-08-10 13:29:39";8;"AGUARDANDO JULGAMENTO";"-1";"#NULO";"-1";"#NULO";-1;"#NULO";-1;"#NULO";-1;"#NULO";-1;"#NULO";"-1";"#NULO"
"15/08/2026";"19:30:51";2026;6259;250002545144;-3;"#NE";1;"BRASILEIRA NATA";-3;"ITAPETININGA";"59";"N";-1;"#NULO";"1270629.01";"#NE";"S";"-1";"06020094320266260000";"-3";"#NE";"-3";"#NE";"NÃO";"#NULO";-1;"#NULO";"N";"N";-1;-1;"2026-08-10 13:29:39";8;"AGUARDANDO JULGAMENTO";"-1";"#NULO";"-1";"#NULO";-1;"#NULO";-1;"#NULO";-1;"#NULO";-1;"#NULO";"-1";"#NULO"
"15/08/2026";"19:30:51";2026;6259;250002545160;-3;"#NE";1;"BRASILEIRA NATA";-3;"SÃO MIGUEL DO IGUAÇU";"53";"N";-1;"#NULO";"1270629.01";"#NE";"S";"-1";"06019903720266260000";"-3";"#NE";"-3";"#NE";"NÃO";"#NULO";-1;"#NULO";"N";"N";-1;-1;"2026-08-10 13:29:39";8;"AGUARDANDO JULGAMENTO";"-1";"#NULO";"-1";"#NULO";-1;"#NULO";-1;"#NULO";-1;"#NULO";-1;"#NULO";"-1";"#NULO"
"15/08/2026";"19:30:51";2026;6259;250002545159;-3;"#NE";1;"BRASILEIRA NATA";-3;"PRESIDENTE PRUDENTE";"40";"N";-1;"#NULO";"1270629.01";"#NE";"S";"-1";"06019886720266260000";"-3";"#NE";"-3";"#NE";"NÃO";"#NULO";-1;"#NULO";"N";"N";-1;-1;"2026-08-10 13:29:39";8;"AGUARDANDO JULGAMENTO";"-1";"#NULO";"-1";"#NULO";-1;"#NULO";-1;"#NULO";-1;"#NULO";-1;"#NULO";"-1";"#NULO"
"15/08/2026";"19:30:51";2026;6259;250002545173;-3;"#NE";1;"BRASILEIRA NATA";-3;"DIADEMA";"27";"N";-1;"#NULO";"1270629.01";"#NE";"N";"-1";"06020033620266260000";"-3";"#NE";"-3";"#NE";"NÃO";"#NULO";-1;"#NULO";"N";"N";-1;-1;"2026-08-10 13:29:39";8;"AGUARDANDO JULGAMENTO";"-1";"#NULO";"-1";"#NULO";-1;"#NULO";-1;"#NULO";-1;"#NULO";-1;"#NULO";"-1";"#NULO"
"15/08/2026";"19:30:51";2026;6259;250002545179;-3;"#NE";1;"BRASILEIRA NATA";-3;"GUARULHOS";"44";"N";-1;"#NULO";"1270629.01";"#NE";"S";"-1";"06019470320266260000";"-3";"#NE";"-3";"#NE";"NÃO";"#NULO";-1;"#NULO";"N";"N";-1;-1;"2026-08-10 13:29:39";8;"AGUARDANDO JULGAMENTO";"-1";"#NULO";"-1";"#NULO";-1;"#NULO";-1;"#NULO";-1;"#NULO";-1;"#NULO";"-1";"#NULO"
"15/08/2026";"19:30:51";2026;6259;250002545177;-3;"#NE";2;"BRASILEIRA (NATURALIZADA)";-3;"SEUL";"45";"N";-1;"#NULO";"1270629.01";"#NE";"S";"-1";"06020129520266260000";"-3";"#NE";"-3";"#NE";"NÃO";"#NULO";-1;"#NULO";"N";"N";-1;-1;"2026-08-10 13:29:39";8;"AGUARDANDO JULGAMENTO";"-1";"#NULO";"-1";"#NULO";-1;"#NULO";-1;"#NULO";-1;"#NULO";-1;"#NULO";"-1";"#NULO"
"15/08/2026";"19:30:51";2026;6259;250002545178;-3;"#NE";1;"BRASILEIRA NATA";-3;"GUARULHOS";"49";"N";-1;"#NULO";"1270629.01";"#NE";"N";"-1";"06019955920266260000";"-3";"#NE";"-3";"#NE";"NÃO";"#NULO";-1;"#NULO";"N";"N";-1;-1;"2026-08-10 13:29:39";8;"AGUARDANDO JULGAMENTO";"-1";"#NULO";"-1";"#NULO";-1;"#NULO";-1;"#NULO";-1;"#NULO";-1;"#NULO";"-1";"#NULO"
"15/08/2026";"19:30:51";2026;6259;250002545183;-3;"#NE";1;"BRASILEIRA NATA";-3;"SANTO ANDRÉ";"48";"N";-1;"#NULO";"1270629.01";"#NE";"S";"-1";"06019721620266260000";"-3";"#NE";"-3";"#NE";"NÃO";"#NULO";-1;"#NULO";"N";"N";-1;-1;"2026-08-10 13:29:39";8;"AGUARDANDO JULGAMENTO";"-1";"#NULO";"-1";"#NULO";-1;"#NULO";-1;"#NULO";-1;"#NULO";-1;"#NULO";"-1";"#NULO"
"15/08/2026";"19:30:51";2026;6259;250002545191;-3;"#NE";1;"BRASILEIRA NATA";-3;"SÃO PAULO";"56";"N";-1;"#NULO";"1270629.01";"#NE";"S";"-1";"06020310420266260000";"-3";"#NE";"-3";"#NE";"NÃO";"#NULO";-1;"#NULO";"N";"N";-1;-1;"2026-08-10 13:29:39";8;"AGUARDANDO JULGAMENTO";"-1";"#NULO";"-1";"#NULO";-1;"#NULO";-1;"#NULO";-1;"#NULO";-1;"#NULO";"-1";"#NULO"
"15/08/2026";"19:30:51";2026;6259;250002545197;-3;"#NE";1;"BRASILEIRA NATA";-3;"SÃO PAULO";"43";"N";-1;"#NULO";"1270629.01";"#NE";"S";"-1";"06020293420266260000";"-3";"#NE";"-3";"#NE";"NÃO";"#NULO";-1;"#NULO";"N";"N";-1;-1;"2026-08-10 13:29:39";8;"AGUARDANDO JULGAMENTO";"-1";"#NULO";"-1";"#NULO";-1;"#NULO";-1;"#NULO";-1;"#NULO";-1;"#NULO";"-1";"#NULO"
"15/08/2026";"19:30:51";2026;6259;250002545205;-3;"#NE";1;"BRASILEIRA NATA";-3;"SÃO PAULO";"59";"N";-1;"#NULO";"1270629.01";"#NE";"S";"-1";"06019817520266260000";"-3";"#NE";"-3";"#NE";"NÃO";"#NULO";-1;"#NULO";"N";"N";-1;-1;"2026-08-10 13:29:39";8;"AGUARDANDO JULGAMENTO";"-1";"#NULO";"-1";"#NULO";-1;"#NULO";-1;"#NULO";-1;"#NULO";-1;"#NULO";"-1";"#NULO"
"15/08/2026";"19:30:51";2026;6259;250002545209;-3;"#NE";1;"BRASILEIRA NATA";-3;"SÃO PAULO";"49";"N";-1;"#NULO";"1270629.01";"#NE";"S";"-1";"06019869720266260000";"-3";"#NE";"-3";"#NE";"NÃO";"#NULO";-1;"#NULO";"N";"N";-1;-1;"2026-08-10 13:29:39";8;"AGUARDANDO JULGAMENTO";"-1";"#NULO";"-1";"#NULO";-1;"#NULO";-1;"#NULO";-1;"#NULO";-1;"#NULO";"-1";"#NULO"
"15/08/2026";"19:30:51";2026;6259;250002545211;-3;"#NE";1;"BRASILEIRA NATA";-3;"SÃO PAULO";"46";"N";-1;"#NULO";"1270629.01";"#NE";"S";"-1";"06020328620266260000";"-3";"#NE";"-3";"#NE";"NÃO";"#NULO";-1;"#NULO";"N";"N";-1;-1;"2026-08-10 13:29:39";8;"AGUARDANDO JULGAMENTO";"-1";"#NULO";"-1";"#NULO";-1;"#NULO";-1;"#NULO";-1;"#NULO";-1;"#NULO";"-1";"#NULO"
"15/08/2026";"19:30:51";2026;6259;250002545215;-3;"#NE";1;"BRASILEIRA NATA";-3;"SÃO PAULO";"56";"N";-1;"#NULO";"1270629.01";"#NE";"S";"-1";"06020068820266260000";"-3";"#NE";"-3";"#NE";"NÃO";"#NULO";-1;"#NULO";"N";"N";-1;-1;"2026-08-10 13:29:39";8;"AGUARDANDO JULGAMENTO";"-1";"#NULO";"-1";"#NULO";-1;"#NULO";-1;"#NULO";-1;"#NULO";-1;"#NULO";"-1";"#NULO"
"15/08/2026";"19:30:51";2026;6259;250002546610;-3;"#NE";1;"BRASILEIRA NATA";-3;"JUNDIAÍ";"53";"N";-1;"#NULO";"3176572.53";"#NE";"S";"-1";"06021324120266260000";"-3";"#NE";"-3";"#NE";"NÃO";"#NULO";-1;"#NULO";"N";"N";-1;-1;"2026-08-10 16:50:13";8;"AGUARDANDO JULGAMENTO";"-1";"#NULO";"-1";"#NULO";-1;"#NULO";-1;"#NULO";-1;"#NULO";-1;"#NULO";"-1";"#NULO"
"15/08/2026";"19:30:51";2026;6259;250002546623;-3;"#NE";1;"BRASILEIRA NATA";-3;"SÃO PAULO";"42";"N";-1;"#NULO";"3176572.53";"#NE";"N";"-1";"06021177220266260000";"-3";"#NE";"-3";"#NE";"NÃO";"#NULO";-1;"#NULO";"N";"N";-1;-1;"2026-08-10 16:50:13";8;"AGUARDANDO JULGAMENTO";"-1";"#NULO";"-1";"#NULO";-1;"#NULO";-1;"#NULO";-1;"#NULO";-1;"#NULO";"-1";"#NULO"
"15/08/2026";"19:30:51";2026;6259;250002546625;-3;"#NE";1;"BRASILEIRA NATA";-3;"PRAIA GRANDE";"37";"N";-1;"#NULO";"3176572.53";"#NE";"S";"-1";"06021540220266260000";"-3";"#NE";"-3";"#NE";"NÃO";"#NULO";-1;"#NULO";"N";"N";-1;-1;"2026-08-10 16:50:13";8;"AGUARDANDO JULGAMENTO";"-1";"#NULO";"-1";"#NULO";-1;"#NULO";-1;"#NULO";-1;"#NULO";-1;"#NULO";"-1";"#NULO"
"15/08/2026";"19:30:51";2026;6259;250002546628;-3;"#NE";1;"BRASILEIRA NATA";-3;"SÃO PAULO";"53";"N";-1;"#NULO";"3176572.53";"#NE";"S";"-1";"06021298620266260000";"-3";"#NE";"-3";"#NE";"NÃO";"#NULO";-1;"#NULO";"N";"N";-1;-1;"2026-08-10 16:50:13";8;"AGUARDANDO JULGAMENTO";"-1";"#NULO";"-1";"#NULO";-1;"#NULO";-1;"#NULO";-1;"#NULO";-1;"#NULO";"-1";"#NULO"
"15/08/2026";"19:30:51";2026;6259;250002546631;-3;"#NE";1;"BRASILEIRA NATA";-3;"SÃO PAULO";"28";"N";0;"NÃO INFORMADO";"3176572.53";"#NE";"S";"-1";"06021150520266260000";"-3";"#NE";"-3";"#NE";"NÃO";"#NULO";-1;"#NULO";"N";"N";-1;-1;"2026-08-10 16:50:13";8;"AGUARDANDO JULGAMENTO";"-1";"#NULO";"-1";"#NULO";-1;"#NULO";-1;"#NULO";-1;"#NULO";-1;"#NULO";"-1";"#NULO"
"15/08/2026";"19:30:51";2026;6259;250002546633;-3;"#NE";1;"BRASILEIRA NATA";-3;"RIO CLARO";"28";"N";-1;"#NULO";"3176572.53";"#NE";"N";"-1";"06021445520266260000";"-3";"#NE";"-3";"#NE";"NÃO";"#NULO";-1;"#NULO";"N";"N";-1;-1;"2026-08-10 16:50:13";8;"AGUARDANDO JULGAMENTO";"-1";"#NULO";"-1";"#NULO";-1;"#NULO";-1;"#NULO";-1;"#NULO";-1;"#NULO";"-1";"#NULO"
"15/08/2026";"19:30:51";2026;6259;250002546635;-3;"#NE";1;"BRASILEIRA NATA";-3;"SÃO PAULO";"49";"N";-1;"#NULO";"3176572.53";"#NE";"N";"-1";"06021523220266260000";"-3";"#NE";"-3";"#NE";"NÃO";"#NULO";-1;"#NULO";"N";"N";-1;-1;"2026-08-10 16:50:13";8;"AGUARDANDO JULGAMENTO";"-1";"#NULO";"-1";"#NULO";-1;"#NULO";-1;"#NULO";-1;"#NULO";-1;"#NULO";"-1";"#NULO"
"15/08/2026";"19:30:51";2026;6259;250002546658;-3;"#NE";1;"BRASILEIRA NATA";-3;"ARAÇATUBA";"34";"N";-1;"#NULO";"3176572.53";"#NE";"S";"-1";"06021263420266260000";"-3";"#NE";"-3";"#NE";"NÃO";"#NULO";-1;"#NULO";"N";"N";-1;-1;"2026-08-10 16:50:13";8;"AGUARDANDO JULGAMENTO";"-1";"#NULO";"-1";"#NULO";-1;"#NULO";-1;"#NULO";-1;"#NULO";-1;"#NULO";"-1";"#NULO"
"15/08/2026";"19:30:51";2026;6259;250002547457;-3;"#NE";1;"BRASILEIRA NATA";-3;"MUNHOZ DE MELO";"56";"N";-1;"#NULO";"1270629.01";"#NE";"N";"-1";"06022380320266260000";"-3";"#NE";"-3";"#NE";"NÃO";"#NULO";-1;"#NULO";"N";"N";-1;-1;"2026-08-11 13:13:22";8;"AGUARDANDO JULGAMENTO";"-1";"#NULO";"-1";"#NULO";-1;"#NULO";-1;"#NULO";-1;"#NULO";-1;"#NULO";"-1";"#NULO"
"15/08/2026";"19:30:51";2026;6259;250002547456;-3;"#NE";1;"BRASILEIRA NATA";-3;"JAURU";"47";"N";-1;"#NULO";"1270629.01";"#NE";"N";"-1";"06022199420266260000";"-3";"#NE";"-3";"#NE";"NÃO";"#NULO";-1;"#NULO";"N";"N";-1;-1;"2026-08-11 13:13:22";8;"AGUARDANDO JULGAMENTO";"-1";"#NULO";"-1";"#NULO";-1;"#NULO";-1;"#NULO";-1;"#NULO";-1;"#NULO";"-1";"#NULO"
"15/08/2026";"19:30:51";2026;6259;250002547831;-3;"#NE";1;"BRASILEIRA NATA";-3;"OSASCO";"31";"N";-1;"#NULO";"3176572.53";"#NE";"N";"-1";"06023021320266260000";"-3";"#NE";"-3";"#NE";"NÃO";"#NULO";-1;"#NULO";"N";"N";-1;-1;"2026-08-11 15:22:38";8;"AGUARDANDO JULGAMENTO";"-1";"#NULO";"-1";"#NULO";-1;"#NULO";-1;"#NULO";-1;"#NULO";-1;"#NULO";"-1";"#NULO"
"15/08/2026";"19:30:51";2026;6259;250002547836;-3;"#NE";1;"BRASILEIRA NATA";-3;"MANOEL VITORINO";"66";"N";-1;"#NULO";"1270629.01";"#NE";"S";"-1";"06023082020266260000";"-3";"#NE";"-3";"#NE";"NÃO";"#NULO";-1;"#NULO";"N";"N";-1;-1;"2026-08-11 15:51:18";8;"AGUARDANDO JULGAMENTO";"-1";"#NULO";"-1";"#NULO";-1;"#NULO";-1;"#NULO";-1;"#NULO";-1;"#NULO";"-1";"#NULO"
"15/08/2026";"19:30:51";2026;6259;250002547966;-3;"#NE";1;"BRASILEIRA NATA";-3;"RIBEIRÃO PRETO";"31";"N";-1;"#NULO";"1270629.01";"#NE";"N";"-1";"06021878920266260000";"-3";"#NE";"-3";"#NE";"NÃO";"#NULO";-1;"#NULO";"N";"N";-1;-1;"2026-08-11 12:41:32";8;"AGUARDANDO JULGAMENTO";"-1";"#NULO";"-1";"#NULO";-1;"#NULO";-1;"#NULO";-1;"#NULO";-1;"#NULO";"-1";"#NULO"
"15/08/2026";"19:30:51";2026;6259;250002547976;-3;"#NE";1;"BRASILEIRA NATA";-3;"SÃO PAULO";"55";"N";-1;"#NULO";"1270629.01";"#NE";"S";"-1";"06021705320266260000";"-3";"#NE";"-3";"#NE";"NÃO";"#NULO";-1;"#NULO";"N";"N";-1;-1;"2026-08-11 12:41:32";8;"AGUARDANDO JULGAMENTO";"-1";"#NULO";"-1";"#NULO";-1;"#NULO";-1;"#NULO";-1;"#NULO";-1;"#NULO";"-1";"#NULO"
"15/08/2026";"19:30:51";2026;6259;250002548163;-3;"#NE";1;"BRASILEIRA NATA";-3;"OSASCO";"62";"N";-1;"#NULO";"1270629.01";"#NE";"N";"-1";"06022216420266260000";"-3";"#NE";"-3";"#NE";"NÃO";"#NULO";-1;"#NULO";"N";"N";-1;-1;"2026-08-11 13:13:22";8;"AGUARDANDO JULGAMENTO";"-1";"#NULO";"-1";"#NULO";-1;"#NULO";-1;"#NULO";-1;"#NULO";-1;"#NULO";"-1";"#NULO"
"15/08/2026";"19:30:51";2026;6259;250002548166;-3;"#NE";1;"BRASILEIRA NATA";-3;"CARAPICUÍBA";"42";"N";-1;"#NULO";"1270629.01";"#NE";"N";"-1";"06022241920266260000";"-3";"#NE";"-3";"#NE";"NÃO";"#NULO";-1;"#NULO";"N";"N";-1;-1;"2026-08-11 13:13:22";8;"AGUARDANDO JULGAMENTO";"-1";"#NULO";"-1";"#NULO";-1;"#NULO";-1;"#NULO";-1;"#NULO";-1;"#NULO";"-1";"#NULO"
"15/08/2026";"19:30:51";2026;6259;250002548164;-3;"#NE";1;"BRASILEIRA NATA";-3;"RIO DE JANEIRO";"58";"N";-1;"#NULO";"1270629.01";"#NE";"N";"-1";"06022407020266260000";"-3";"#NE";"-3";"#NE";"NÃO";"#NULO";-1;"#NULO";"N";"N";-1;-1;"2026-08-11 13:13:22";8;"AGUARDANDO JULGAMENTO";"-1";"#NULO";"-1";"#NULO";-1;"#NULO";-1;"#NULO";-1;"#NULO";-1;"#NULO";"-1";"#NULO"
"15/08/2026";"19:30:51";2026;6259;250002548172;-3;"#NE";1;"BRASILEIRA NATA";-3;"SANTO ANDRÉ";"45";"N";-1;"#NULO";"1270629.01";"#NE";"N";"-1";"06022354820266260000";"-3";"#NE";"-3";"#NE";"NÃO";"#NULO";-1;"#NULO";"N";"N";-1;-1;"2026-08-11 13:13:22";8;"AGUARDANDO JULGAMENTO";"-1";"#NULO";"-1";"#NULO";-1;"#NULO";-1;"#NULO";-1;"#NULO";-1;"#NULO";"-1";"#NULO"
"15/08/2026";"19:30:51";2026;6259;250002548177;-3;"#NE";1;"BRASILEIRA NATA";-3;"SÃO PAULO";"57";"N";-1;"#NULO";"1270629.01";"#NE";"N";"-1";"06022207920266260000";"-3";"#NE";"-3";"#NE";"NÃO";"#NULO";-1;"#NULO";"N";"N";-1;-1;"2026-08-11 13:13:22";8;"AGUARDANDO JULGAMENTO";"-1";"#NULO";"-1";"#NULO";-1;"#NULO";-1;"#NULO";-1;"#NULO";-1;"#NULO";"-1";"#NULO"
"15/08/2026";"19:30:51";2026;6259;250002548176;-3;"#NE";1;"BRASILEIRA NATA";-3;"SÃO PAULO";"57";"N";-1;"#NULO";"1270629.01";"#NE";"N";"-1";"06022224920266260000";"-3";"#NE";"-3";"#NE";"NÃO";"#NULO";-1;"#NULO";"N";"N";-1;-1;"2026-08-11 13:13:22";8;"AGUARDANDO JULGAMENTO";"-1";"#NULO";"-1";"#NULO";-1;"#NULO";-1;"#NULO";-1;"#NULO";-1;"#NULO";"-1";"#NULO"
"15/08/2026";"19:30:51";2026;6259;250002548340;-3;"#NE";1;"BRASILEIRA NATA";-3;"BARRA BONITA";"67";"N";-1;"#NULO";"3176572.53";"#NE";"S";"-1";"06023203420266260000";"-3";"#NE";"-3";"#NE";"NÃO";"#NULO";-1;"#NULO";"N";"N";-1;-1;"2026-08-11 16:41:09";8;"AGUARDANDO JULGAMENTO";"-1";"#NULO";"-1";"#NULO";-1;"#NULO";-1;"#NULO";-1;"#NULO";-1;"#NULO";"-1";"#NULO"
"15/08/2026";"19:30:51";2026;6259;250002548466;-3;"#NE";1;"BRASILEIRA NATA";-3;"PARANAÍBA";"43";"N";-1;"#NULO";"3176572.53";"#NE";"N";"-1";"06022987320266260000";"-3";"#NE";"-3";"#NE";"NÃO";"#NULO";-1;"#NULO";"N";"N";-1;-1;"2026-08-11 14:25:51";8;"AGUARDANDO JULGAMENTO";"-1";"#NULO";"-1";"#NULO";-1;"#NULO";-1;"#NULO";-1;"#NULO";-1;"#NULO";"-1";"#NULO"
"15/08/2026";"19:30:51";2026;6259;250002548486;-3;"#NE";1;"BRASILEIRA NATA";-3;"BARRETOS";"42";"N";-1;"#NULO";"3176572.53";"#NE";"S";"-1";"06022744520266260000";"-3";"#NE";"-3";"#NE";"NÃO";"#NULO";-1;"#NULO";"N";"N";-1;-1;"2026-08-11 14:25:51";8;"AGUARDANDO JULGAMENTO";"-1";"#NULO";"-1";"#NULO";-1;"#NULO";-1;"#NULO";-1;"#NULO";-1;"#NULO";"-1";"#NULO"
"15/08/2026";"19:30:51";2026;6259;250002548508;-3;"#NE";1;"BRASILEIRA NATA";-3;"SÃO PAULO";"56";"N";-1;"#NULO";"3176572.53";"#NE";"N";"-1";"06022467720266260000";"-3";"#NE";"-3";"#NE";"NÃO";"#NULO";-1;"#NULO";"N";"N";-1;-1;"2026-08-11 14:25:51";8;"AGUARDANDO JULGAMENTO";"-1";"#NULO";"-1";"#NULO";-1;"#NULO";-1;"#NULO";-1;"#NULO";-1;"#NULO";"-1";"#NULO"
"15/08/2026";"19:30:51";2026;6259;250002548518;-3;"#NE";1;"BRASILEIRA NATA";-3;"SALVADOR";"44";"N";-1;"#NULO";"3176572.53";"#NE";"N";"-1";"06022830720266260000";"-3";"#NE";"-3";"#NE";"NÃO";"#NULO";-1;"#NULO";"N";"N";-1;-1;"2026-08-11 14:25:51";8;"AGUARDANDO JULGAMENTO";"-1";"#NULO";"-1";"#NULO";-1;"#NULO";-1;"#NULO";-1;"#NULO";-1;"#NULO";"-1";"#NULO"
"15/08/2026";"19:30:51";2026;6259;250002548891;-3;"#NE";1;"BRASILEIRA NATA";-3;"IPECAETÁ";"58";"N";-1;"#NULO";"1270629.01";"#NE";"S";"-1";"06023532420266260000";"-3";"#NE";"-3";"#NE";"NÃO";"#NULO";-1;"#NULO";"N";"N";-1;-1;"2026-08-12 13:11:44";8;"AGUARDANDO JULGAMENTO";"-1";"#NULO";"-1";"#NULO";-1;"#NULO";-1;"#NULO";-1;"#NULO";-1;"#NULO";"-1";"#NULO"
"15/08/2026";"19:30:51";2026;6259;250002548892;-3;"#NE";1;"BRASILEIRA NATA";-3;"BARRA MANSA";"43";"N";-1;"#NULO";"1270629.01";"#NE";"N";"-1";"06023689020266260000";"-3";"#NE";"-3";"#NE";"NÃO";"#NULO";-1;"#NULO";"N";"N";-1;-1;"2026-08-12 13:11:44";8;"AGUARDANDO JULGAMENTO";"-1";"#NULO";"-1";"#NULO";-1;"#NULO";-1;"#NULO";-1;"#NULO";-1;"#NULO";"-1";"#NULO"
"15/08/2026";"19:30:51";2026;6259;250002548901;-3;"#NE";1;"BRASILEIRA NATA";-3;"DRACENA";"59";"N";-1;"#NULO";"1270629.01";"#NE";"N";"-1";"06023350320266260000";"-3";"#NE";"-3";"#NE";"NÃO";"#NULO";-1;"#NULO";"N";"N";-1;-1;"2026-08-12 13:11:44";8;"AGUARDANDO JULGAMENTO";"-1";"#NULO";"-1";"#NULO";-1;"#NULO";-1;"#NULO";-1;"#NULO";-1;"#NULO";"-1";"#NULO"
"15/08/2026";"19:30:51";2026;6259;250002548904;-3;"#NE";1;"BRASILEIRA NATA";-3;"GUARUJÁ";"63";"N";0;"NÃO INFORMADO";"1270629.01";"#NE";"S";"-1";"06023827420266260000";"-3";"#NE";"-3";"#NE";"NÃO";"#NULO";-1;"#NULO";"N";"N";-1;-1;"2026-08-12 13:11:44";8;"AGUARDANDO JULGAMENTO";"-1";"#NULO";"-1";"#NULO";-1;"#NULO";-1;"#NULO";-1;"#NULO";-1;"#NULO";"-1";"#NULO"
"15/08/2026";"19:30:51";2026;6259;250002549705;-3;"#NE";1;"BRASILEIRA NATA";-3;"SÃO PAULO";"63";"N";-1;"#NULO";"26683209.24";"#NE";"S";"-1";"06024979520266260000";"-3";"#NE";"-3";"#NE";"NÃO";"#NULO";-1;"#NULO";"N";"N";-1;-1;"2026-08-12 17:21:46";8;"AGUARDANDO JULGAMENTO";"-1";"#NULO";"-1";"#NULO";-1;"#NULO";-1;"#NULO";-1;"#NULO";-1;"#NULO";"-1";"#NULO"
"15/08/2026";"19:30:51";2026;6259;250002550043;-3;"#NE";1;"BRASILEIRA NATA";-3;"SÃO PAULO";"57";"N";-1;"#NULO";"1270629.01";"#NE";"N";"-1";"06023706020266260000";"-3";"#NE";"-3";"#NE";"NÃO";"#NULO";-1;"#NULO";"N";"N";-1;-1;"2026-08-12 13:11:44";8;"AGUARDANDO JULGAMENTO";"-1";"#NULO";"-1";"#NULO";-1;"#NULO";-1;"#NULO";-1;"#NULO";-1;"#NULO";"-1";"#NULO"
"15/08/2026";"19:30:51";2026;6259;250002550062;-3;"#NE";1;"BRASILEIRA NATA";-3;"SÃO PAULO";"54";"N";56;"GUARANI KAIOWÁ";"1270629.01";"#NE";"S";"-1";"06023888120266260000";"-3";"#NE";"-3";"#NE";"NÃO";"#NULO";-1;"#NULO";"N";"N";-1;-1;"2026-08-12 13:11:44";8;"AGUARDANDO JULGAMENTO";"-1";"#NULO";"-1";"#NULO";-1;"#NULO";-1;"#NULO";-1;"#NULO";-1;"#NULO";"-1";"#NULO"
"15/08/2026";"19:30:51";2026;6259;250002550066;-3;"#NE";1;"BRASILEIRA NATA";-3;"SÃO PAULO";"43";"N";-1;"#NULO";"1270629.01";"#NE";"S";"-1";"06024060520266260000";"-3";"#NE";"-3";"#NE";"NÃO";"#NULO";-1;"#NULO";"N";"N";-1;-1;"2026-08-12 13:11:44";8;"AGUARDANDO JULGAMENTO";"-1";"#NULO";"-1";"#NULO";-1;"#NULO";-1;"#NULO";-1;"#NULO";-1;"#NULO";"-1";"#NULO"
"15/08/2026";"19:30:51";2026;6259;250002550070;-3;"#NE";1;"BRASILEIRA NATA";-3;"SOROCABA";"39";"N";-1;"#NULO";"1270629.01";"#NE";"S";"-1";"06023540920266260000";"-3";"#NE";"-3";"#NE";"NÃO";"#NULO";-1;"#NULO";"N";"N";-1;-1;"2026-08-12 13:11:44";8;"AGUARDANDO JULGAMENTO";"-1";"#NULO";"-1";"#NULO";-1;"#NULO";-1;"#NULO";-1;"#NULO";-1;"#NULO";"-1";"#NULO"
"15/08/2026";"19:30:51";2026;6259;250002550231;-3;"#NE";1;"BRASILEIRA NATA";-3;"RIBEIRÃO PRETO";"44";"N";-1;"#NULO";"1270629.01";"#NE";"S";"-1";"06026390220266260000";"-3";"#NE";"-3";"#NE";"NÃO";"#NULO";-1;"#NULO";"N";"N";-1;-1;"2026-08-13 15:31:25";8;"AGUARDANDO JULGAMENTO";"-1";"#NULO";"-1";"#NULO";-1;"#NULO";-1;"#NULO";-1;"#NULO";-1;"#NULO";"-1";"#NULO"
"15/08/2026";"19:30:51";2026;6259;250002550237;-3;"#NE";1;"BRASILEIRA NATA";-3;"SÃO BERNARDO DO CAMPO";"60";"N";-1;"#NULO";"1270629.01";"#NE";"S";"-1";"06026304020266260000";"-3";"#NE";"-3";"#NE";"NÃO";"#NULO";-1;"#NULO";"N";"N";-1;-1;"2026-08-13 15:31:25";8;"AGUARDANDO JULGAMENTO";"-1";"#NULO";"-1";"#NULO";-1;"#NULO";-1;"#NULO";-1;"#NULO";-1;"#NULO";"-1";"#NULO"
"15/08/2026";"19:30:51";2026;6259;250002550238;-3;"#NE";1;"BRASILEIRA NATA";-3;"SÃO PAULO";"57";"N";-1;"#NULO";"1270629.01";"#NE";"N";"-1";"06026079420266260000";"-3";"#NE";"-3";"#NE";"NÃO";"#NULO";-1;"#NULO";"N";"N";-1;-1;"2026-08-13 15:31:25";8;"AGUARDANDO JULGAMENTO";"-1";"#NULO";"-1";"#NULO";-1;"#NULO";-1;"#NULO";-1;"#NULO";-1;"#NULO";"-1";"#NULO"
"15/08/2026";"19:30:51";2026;6259;250002550245;-3;"#NE";1;"BRASILEIRA NATA";-3;"DIADEMA";"45";"N";-1;"#NULO";"1270629.01";"#NE";"N";"-1";"06025897320266260000";"-3";"#NE";"-3";"#NE";"NÃO";"#NULO";-1;"#NULO";"N";"N";-1;-1;"2026-08-13 15:31:25";8;"AGUARDANDO JULGAMENTO";"-1";"#NULO";"-1";"#NULO";-1;"#NULO";-1;"#NULO";-1;"#NULO";-1;"#NULO";"-1";"#NULO"
"15/08/2026";"19:30:51";2026;6259;250002550256;-3;"#NE";1;"BRASILEIRA NATA";-3;"JALES";"48";"N";-1;"#NULO";"1270629.01";"#NE";"S";"-1";"06025845120266260000";"-3";"#NE";"-3";"#NE";"NÃO";"#NULO";-1;"#NULO";"N";"N";-1;-1;"2026-08-13 15:31:25";8;"AGUARDANDO JULGAMENTO";"-1";"#NULO";"-1";"#NULO";-1;"#NULO";-1;"#NULO";-1;"#NULO";-1;"#NULO";"-1";"#NULO"
"15/08/2026";"19:30:51";2026;6259;250002550258;-3;"#NE";1;"BRASILEIRA NATA";-3;"CAIABU";"60";"N";-1;"#NULO";"1270629.01";"#NE";"N";"-1";"06026096420266260000";"-3";"#NE";"-3";"#NE";"NÃO";"#NULO";-1;"#NULO";"N";"N";-1;-1;"2026-08-13 15:31:25";8;"AGUARDANDO JULGAMENTO";"-1";"#NULO";"-1";"#NULO";-1;"#NULO";-1;"#NULO";-1;"#NULO";-1;"#NULO";"-1";"#NULO"
"15/08/2026";"19:30:51";2026;6259;250002550358;-3;"#NE";1;"BRASILEIRA NATA";-3;"CURITIBA";"39";"N";-1;"#NULO";"3176572.53";"#NE";"S";"-1";"06024684520266260000";"-3";"#NE";"-3";"#NE";"NÃO";"#NULO";-1;"#NULO";"N";"N";-1;-1;"2026-08-12 14:34:24";8;"AGUARDANDO JULGAMENTO";"-1";"#NULO";"-1";"#NULO";-1;"#NULO";-1;"#NULO";-1;"#NULO";-1;"#NULO";"-1";"#NULO"
"15/08/2026";"19:30:51";2026;6259;250002550361;-3;"#NE";1;"BRASILEIRA NATA";-3;"ITAPETININGA";"52";"N";-1;"#NULO";"3176572.53";"#NE";"S";"-1";"06024294820266260000";"-3";"#NE";"-3";"#NE";"NÃO";"#NULO";-1;"#NULO";"N";"N";-1;-1;"2026-08-12 14:34:24";8;"AGUARDANDO JULGAMENTO";"-1";"#NULO";"-1";"#NULO";-1;"#NULO";-1;"#NULO";-1;"#NULO";-1;"#NULO";"-1";"#NULO"
"15/08/2026";"19:30:51";2026;6259;250002550375;-3;"#NE";1;"BRASILEIRA NATA";-3;"ARARAQUARA";"34";"N";-1;"#NULO";"3176572.53";"#NE";"N";"-1";"06024311820266260000";"-3";"#NE";"-3";"#NE";"NÃO";"#NULO";-1;"#NULO";"N";"N";-1;-1;"2026-08-12 14:34:24";8;"AGUARDANDO JULGAMENTO";"-1";"#NULO";"-1";"#NULO";-1;"#NULO";-1;"#NULO";-1;"#NULO";-1;"#NULO";"-1";"#NULO"
"15/08/2026";"19:30:51";2026;6259;250002550379;-3;"#NE";1;"BRASILEIRA NATA";-3;"BARIRI";"49";"N";-1;"#NULO";"3176572.53";"#NE";"N";"-1";"06024589820266260000";"-3";"#NE";"-3";"#NE";"NÃO";"#NULO";-1;"#NULO";"N";"N";-1;-1;"2026-08-12 14:34:24";8;"AGUARDANDO JULGAMENTO";"-1";"#NULO";"-1";"#NULO";-1;"#NULO";-1;"#NULO";-1;"#NULO";-1;"#NULO";"-1";"#NULO"
"15/08/2026";"19:30:51";2026;6259;250002550382;-3;"#NE";1;"BRASILEIRA NATA";-3;"CAÇAPAVA";"47";"N";-1;"#NULO";"3176572.53";"#NE";"S";"-1";"06024286320266260000";"-3";"#NE";"-3";"#NE";"NÃO";"#NULO";-1;"#NULO";"N";"N";-1;-1;"2026-08-12 14:34:24";8;"AGUARDANDO JULGAMENTO";"-1";"#NULO";"-1";"#NULO";-1;"#NULO";-1;"#NULO";-1;"#NULO";-1;"#NULO";"-1";"#NULO"
"15/08/2026";"19:30:51";2026;6259;250002550389;-3;"#NE";1;"BRASILEIRA NATA";-3;"ILHABELA";"52";"N";-1;"#NULO";"3176572.53";"#NE";"S";"-1";"06024701520266260000";"-3";"#NE";"-3";"#NE";"NÃO";"#NULO";-1;"#NULO";"N";"N";-1;-1;"2026-08-12 14:34:24";8;"AGUARDANDO JULGAMENTO";"-1";"#NULO";"-1";"#NULO";-1;"#NULO";-1;"#NULO";-1;"#NULO";-1;"#NULO";"-1";"#NULO"
"15/08/2026";"19:30:51";2026;6259;250002550403;-3;"#NE";1;"BRASILEIRA NATA";-3;"SÃO PAULO";"25";"N";-1;"#NULO";"3176572.53";"#NE";"N";"-1";"06024805920266260000";"-3";"#NE";"-3";"#NE";"NÃO";"#NULO";-1;"#NULO";"N";"N";-1;-1;"2026-08-12 14:34:24";8;"AGUARDANDO JULGAMENTO";"-1";"#NULO";"-1";"#NULO";-1;"#NULO";-1;"#NULO";-1;"#NULO";-1;"#NULO";"-1";"#NULO"
"15/08/2026";"19:30:51";2026;6259;250002550912;-3;"#NE";1;"BRASILEIRA NATA";-3;"CUBATÃO";"42";"N";-1;"#NULO";"-1";"#NE";"S";"-1";"06025109420266260000";"-3";"#NE";"-3";"#NE";"NÃO";"#NULO";-1;"#NULO";"N";"N";-1;-1;"2026-08-13 13:49:36";8;"AGUARDANDO JULGAMENTO";"-1";"#NULO";"-1";"#NULO";-1;"#NULO";-1;"#NULO";-1;"#NULO";-1;"#NULO";"-1";"#NULO"
"15/08/2026";"19:30:51";2026;6259;250002550861;-3;"#NE";2;"BRASILEIRA (NATURALIZADA)";-3;"GUARATINGA";"42";"N";-1;"#NULO";"1270629.01";"#NE";"S";"-1";"06025057220266260000";"-3";"#NE";"-3";"#NE";"NÃO";"#NULO";-1;"#NULO";"N";"N";250002530260;-1;"2026-08-13 12:19:10";8;"AGUARDANDO JULGAMENTO";"-1";"#NULO";"-1";"#NULO";-1;"#NULO";-1;"#NULO";-1;"#NULO";-1;"#NULO";"-1";"#NULO"
"15/08/2026";"19:30:51";2026;6259;250002551058;-3;"#NE";1;"BRASILEIRA NATA";-3;"RECIFE";"57";"N";-1;"#NULO";"3176572.53";"#NE";"S";"-1";"06025775920266260000";"-3";"#NE";"-3";"#NE";"NÃO";"#NULO";-1;"#NULO";"N";"N";-1;-1;"2026-08-13 14:55:32";8;"AGUARDANDO JULGAMENTO";"-1";"#NULO";"-1";"#NULO";-1;"#NULO";-1;"#NULO";-1;"#NULO";-1;"#NULO";"-1";"#NULO"
"15/08/2026";"19:30:51";2026;6259;250002551057;-3;"#NE";1;"BRASILEIRA NATA";-3;"ESCADA";"50";"N";-1;"#NULO";"3176572.53";"#NE";"S";"-1";"06025317020266260000";"-3";"#NE";"-3";"#NE";"NÃO";"#NULO";-1;"#NULO";"N";"N";-1;-1;"2026-08-13 14:55:32";8;"AGUARDANDO JULGAMENTO";"-1";"#NULO";"-1";"#NULO";-1;"#NULO";-1;"#NULO";-1;"#NULO";-1;"#NULO";"-1";"#NULO"
"15/08/2026";"19:30:51";2026;6259;250002551070;-3;"#NE";1;"BRASILEIRA NATA";-3;"MAUÁ";"60";"N";-1;"#NULO";"3176572.53";"#NE";"N";"-1";"06025403220266260000";"-3";"#NE";"-3";"#NE";"NÃO";"#NULO";-1;"#NULO";"N";"N";-1;-1;"2026-08-13 14:55:32";8;"AGUARDANDO JULGAMENTO";"-1";"#NULO";"-1";"#NULO";-1;"#NULO";-1;"#NULO";-1;"#NULO";-1;"#NULO";"-1";"#NULO"
"15/08/2026";"19:30:51";2026;6259;250002551076;-3;"#NE";1;"BRASILEIRA NATA";-3;"NITERÓI";"49";"N";-1;"#NULO";"3176572.53";"#NE";"N";"-1";"06025273320266260000";"-3";"#NE";"-3";"#NE";"NÃO";"#NULO";-1;"#NULO";"N";"N";-1;-1;"2026-08-13 14:55:32";8;"AGUARDANDO JULGAMENTO";"-1";"#NULO";"-1";"#NULO";-1;"#NULO";-1;"#NULO";-1;"#NULO";-1;"#NULO";"-1";"#NULO"
"15/08/2026";"19:30:51";2026;6259;250002551081;-3;"#NE";1;"BRASILEIRA NATA";-3;"ARACAJU";"33";"N";-1;"#NULO";"3176572.53";"#NE";"S";"-1";"06025221120266260000";"-3";"#NE";"-3";"#NE";"NÃO";"#NULO";-1;"#NULO";"N";"N";-1;-1;"2026-08-13 14:55:32";8;"AGUARDANDO JULGAMENTO";"-1";"#NULO";"-1";"#NULO";-1;"#NULO";-1;"#NULO";-1;"#NULO";-1;"#NULO";"-1";"#NULO"
"15/08/2026";"19:30:51";2026;6259;250002551086;-3;"#NE";1;"BRASILEIRA NATA";-3;"CASTILHO";"56";"N";-1;"#NULO";"3176572.53";"#NE";"N";"-1";"06025394720266260000";"-3";"#NE";"-3";"#NE";"NÃO";"#NULO";-1;"#NULO";"N";"N";-1;-1;"2026-08-13 14:55:32";8;"AGUARDANDO JULGAMENTO";"-1";"#NULO";"-1";"#NULO";-1;"#NULO";-1;"#NULO";-1;"#NULO";-1;"#NULO";"-1";"#NULO"
"15/08/2026";"19:30:51";2026;6259;250002551092;-3;"#NE";1;"BRASILEIRA NATA";-3;"SANTO ANDRÉ";"58";"N";-1;"#NULO";"3176572.53";"#NE";"S";"-1";"06025463920266260000";"-3";"#NE";"-3";"#NE";"NÃO";"#NULO";-1;"#NULO";"N";"N";-1;-1;"2026-08-13 14:55:32";8;"AGUARDANDO JULGAMENTO";"-1";"#NULO";"-1";"#NULO";-1;"#NULO";-1;"#NULO";-1;"#NULO";-1;"#NULO";"-1";"#NULO"
"15/08/2026";"19:30:51";2026;6259;250002551093;-3;"#NE";1;"BRASILEIRA NATA";-3;"SANTO ANTÔNIO DO ARACANGUÁ";"57";"N";-1;"#NULO";"3176572.53";"#NE";"N";"-1";"06025767420266260000";"-3";"#NE";"-3";"#NE";"NÃO";"#NULO";-1;"#NULO";"N";"N";-1;-1;"2026-08-13 14:55:32";8;"AGUARDANDO JULGAMENTO";"-1";"#NULO";"-1";"#NULO";-1;"#NULO";-1;"#NULO";-1;"#NULO";-1;"#NULO";"-1";"#NULO"
"15/08/2026";"19:30:51";2026;6259;250002551098;-3;"#NE";1;"BRASILEIRA NATA";-3;"SÃO PAULO";"39";"N";-1;"#NULO";"3176572.53";"#NE";"S";"-1";"06025828120266260000";"-3";"#NE";"-3";"#NE";"NÃO";"#NULO";-1;"#NULO";"N";"N";-1;-1;"2026-08-13 14:55:32";8;"AGUARDANDO JULGAMENTO";"-1";"#NULO";"-1";"#NULO";-1;"#NULO";-1;"#NULO";-1;"#NULO";-1;"#NULO";"-1";"#NULO"
"15/08/2026";"19:30:51";2026;6259;250002551101;-3;"#NE";1;"BRASILEIRA NATA";-3;"SÃO PAULO";"45";"N";-1;"#NULO";"3176572.53";"#NE";"N";"-1";"06025256320266260000";"-3";"#NE";"-3";"#NE";"NÃO";"#NULO";-1;"#NULO";"N";"N";-1;-1;"2026-08-13 14:55:32";8;"AGUARDANDO JULGAMENTO";"-1";"#NULO";"-1";"#NULO";-1;"#NULO";-1;"#NULO";-1;"#NULO";-1;"#NULO";"-1";"#NULO"
"15/08/2026";"19:30:51";2026;6259;250002551109;-3;"#NE";1;"BRASILEIRA NATA";-3;"SÃO PAULO";"35";"N";-1;"#NULO";"3176572.53";"#NE";"S";"-1";"06025281820266260000";"-3";"#NE";"-3";"#NE";"NÃO";"#NULO";-1;"#NULO";"N";"N";-1;-1;"2026-08-13 14:55:32";8;"AGUARDANDO JULGAMENTO";"-1";"#NULO";"-1";"#NULO";-1;"#NULO";-1;"#NULO";-1;"#NULO";-1;"#NULO";"-1";"#NULO"
"15/08/2026";"19:30:51";2026;6259;250002551224;-3;"#NE";1;"BRASILEIRA NATA";-3;"SÃO PAULO";"56";"N";-1;"#NULO";"1270629.01";"#NE";"N";"-1";"06025905820266260000";"-3";"#NE";"-3";"#NE";"NÃO";"#NULO";-1;"#NULO";"N";"N";-1;-1;"2026-08-13 15:31:25";8;"AGUARDANDO JULGAMENTO";"-1";"#NULO";"-1";"#NULO";-1;"#NULO";-1;"#NULO";-1;"#NULO";-1;"#NULO";"-1";"#NULO"
"15/08/2026";"19:30:51";2026;6259;250002551229;-3;"#NE";1;"BRASILEIRA NATA";-3;"SÃO PAULO";"25";"N";-1;"#NULO";"1270629.01";"#NE";"N";"-1";"06026278520266260000";"-3";"#NE";"-3";"#NE";"NÃO";"#NULO";-1;"#NULO";"N";"N";-1;-1;"2026-08-13 15:31:25";8;"AGUARDANDO JULGAMENTO";"-1";"#NULO";"-1";"#NULO";-1;"#NULO";-1;"#NULO";-1;"#NULO";-1;"#NULO";"-1";"#NULO"
"15/08/2026";"19:30:51";2026;6259;250002551237;-3;"#NE";1;"BRASILEIRA NATA";-3;"ITAPETINGA";"51";"N";-1;"#NULO";"1270629.01";"#NE";"N";"-1";"06025853620266260000";"-3";"#NE";"-3";"#NE";"NÃO";"#NULO";-1;"#NULO";"N";"N";-1;-1;"2026-08-13 15:31:25";8;"AGUARDANDO JULGAMENTO";"-1";"#NULO";"-1";"#NULO";-1;"#NULO";-1;"#NULO";-1;"#NULO";-1;"#NULO";"-1";"#NULO"
"15/08/2026";"19:30:51";2026;6259;250002551246;-3;"#NE";1;"BRASILEIRA NATA";-3;"CAXIAS";"53";"N";-1;"#NULO";"1270629.01";"#NE";"S";"-1";"06026243320266260000";"-3";"#NE";"-3";"#NE";"NÃO";"#NULO";-1;"#NULO";"N";"N";-1;-1;"2026-08-13 15:31:25";8;"AGUARDANDO JULGAMENTO";"-1";"#NULO";"-1";"#NULO";-1;"#NULO";-1;"#NULO";-1;"#NULO";-1;"#NULO";"-1";"#NULO"
"15/08/2026";"19:30:51";2026;6259;250002551606;-3;"#NE";1;"BRASILEIRA NATA";-3;"SÃO PAULO";"47";"N";-1;"#NULO";"3176572.53";"#NE";"N";"-1";"06026832120266260000";"-3";"#NE";"-3";"#NE";"NÃO";"#NULO";-1;"#NULO";"N";"N";-1;-1;"2026-08-14 15:42:33";8;"AGUARDANDO JULGAMENTO";"-1";"#NULO";"-1";"#NULO";-1;"#NULO";-1;"#NULO";-1;"#NULO";-1;"#NULO";"-1";"#NULO"
"15/08/2026";"19:30:51";2026;6259;250002551636;-3;"#NE";1;"BRASILEIRA NATA";-3;"SÃO BERNARDO DO CAMPO";"56";"N";-1;"#NULO";"3176572.53";"#NE";"N";"-1";"06027135620266260000";"-3";"#NE";"-3";"#NE";"NÃO";"#NULO";-1;"#NULO";"N";"N";-1;-1;"2026-08-14 15:42:33";8;"AGUARDANDO JULGAMENTO";"-1";"#NULO";"-1";"#NULO";-1;"#NULO";-1;"#NULO";-1;"#NULO";-1;"#NULO";"-1";"#NULO"
"15/08/2026";"19:30:51";2026;6259;250002551649;-3;"#NE";1;"BRASILEIRA NATA";-3;"COTEGIPE";"60";"N";-1;"#NULO";"3176572.53";"#NE";"N";"-1";"06026702220266260000";"-3";"#NE";"-3";"#NE";"NÃO";"#NULO";-1;"#NULO";"N";"N";-1;-1;"2026-08-14 15:42:33";8;"AGUARDANDO JULGAMENTO";"-1";"#NULO";"-1";"#NULO";-1;"#NULO";-1;"#NULO";-1;"#NULO";-1;"#NULO";"-1";"#NULO"
"15/08/2026";"19:30:51";2026;6259;250002552152;-3;"#NE";1;"BRASILEIRA NATA";-3;"CRUZEIRO";"36";"N";0;"NÃO INFORMADO";"-1";"#NE";"S";"-1";"06027265520266260000";"-3";"#NE";"-3";"#NE";"NÃO";"#NULO";-1;"#NULO";"N";"N";-1;-1;"2026-08-14 17:41:04";8;"AGUARDANDO JULGAMENTO";"-1";"#NULO";"-1";"#NULO";-1;"#NULO";-1;"#NULO";-1;"#NULO";-1;"#NULO";"-1";"#NULO"
"15/08/2026";"19:30:51";2026;6259;250002552612;-3;"#NE";1;"BRASILEIRA NATA";-3;"BOA VIAGEM";"49";"N";-1;"#NULO";"3176572.53";"#NE";"N";"-1";"06028625220266260000";"-3";"#NE";"-3";"#NE";"NÃO";"#NULO";-1;"#NULO";"N";"N";-1;-1;"2026-08-15 16:56:56";8;"AGUARDANDO JULGAMENTO";"-1";"#NULO";"-1";"#NULO";-1;"#NULO";-1;"#NULO";-1;"#NULO";-1;"#NULO";"-1";"#NULO"
"15/08/2026";"19:30:51";2026;6259;250002552620;-3;"#NE";1;"BRASILEIRA NATA";-3;"CAJAZEIRAS";"56";"N";-1;"#NULO";"3176572.53";"#NE";"S";"-1";"06028608220266260000";"-3";"#NE";"-3";"#NE";"NÃO";"#NULO";-1;"#NULO";"N";"N";-1;-1;"2026-08-15 16:56:56";8;"AGUARDANDO JULGAMENTO";"-1";"#NULO";"-1";"#NULO";-1;"#NULO";-1;"#NULO";-1;"#NULO";-1;"#NULO";"-1";"#NULO"
"15/08/2026";"19:30:51";2026;6259;250002552627;-3;"#NE";1;"BRASILEIRA NATA";-3;"RIO GRANDE DO PIAUÍ";"50";"N";-1;"#NULO";"3176572.53";"#NE";"N";"-1";"06028746620266260000";"-3";"#NE";"-3";"#NE";"NÃO";"#NULO";-1;"#NULO";"N";"N";-1;-1;"2026-08-15 16:56:56";8;"AGUARDANDO JULGAMENTO";"-1";"#NULO";"-1";"#NULO";-1;"#NULO";-1;"#NULO";-1;"#NULO";-1;"#NULO";"-1";"#NULO"
"15/08/2026";"19:30:51";2026;6259;250002552645;-3;"#NE";1;"BRASILEIRA NATA";-3;"ADOLFO";"70";"N";-1;"#NULO";"3176572.53";"#NE";"N";"-1";"06028780620266260000";"-3";"#NE";"-3";"#NE";"NÃO";"#NULO";-1;"#NULO";"N";"N";-1;-1;"2026-08-15 16:56:56";8;"AGUARDANDO JULGAMENTO";"-1";"#NULO";"-1";"#NULO";-1;"#NULO";-1;"#NULO";-1;"#NULO";-1;"#NULO";"-1";"#NULO"
"15/08/2026";"19:30:51";2026;6259;250002552646;-3;"#NE";1;"BRASILEIRA NATA";-3;"CAIEIRAS";"48";"N";-1;"#NULO";"3176572.53";"#NE";"N";"-1";"06028824320266260000";"-3";"#NE";"-3";"#NE";"NÃO";"#NULO";-1;"#NULO";"N";"N";-1;-1;"2026-08-15 16:56:56";8;"AGUARDANDO JULGAMENTO";"-1";"#NULO";"-1";"#NULO";-1;"#NULO";-1;"#NULO";-1;"#NULO";-1;"#NULO";"-1";"#NULO"
"15/08/2026";"19:30:51";2026;6259;250002552667;-3;"#NE";4;"ESTRANGEIRO";-3;"SÃO PAULO";"63";"N";-1;"#NULO";"3176572.53";"#NE";"N";"-1";"06028512320266260000";"-3";"#NE";"-3";"#NE";"NÃO";"#NULO";-1;"#NULO";"N";"N";-1;-1;"2026-08-15 16:56:56";8;"AGUARDANDO JULGAMENTO";"-1";"#NULO";"-1";"#NULO";-1;"#NULO";-1;"#NULO";-1;"#NULO";-1;"#NULO";"-1";"#NULO"
"15/08/2026";"19:30:51";2026;6259;250002552782;-3;"#NE";1;"BRASILEIRA NATA";-3;"BRASILÂNDIA DE MINAS";"70";"N";-1;"#NULO";"1270629.01";"#NE";"S";"-1";"06027403920266260000";"-3";"#NE";"-3";"#NE";"NÃO";"#NULO";-1;"#NULO";"N";"N";-1;-1;"2026-08-15 14:26:42";8;"AGUARDANDO JULGAMENTO";"-1";"#NULO";"-1";"#NULO";-1;"#NULO";-1;"#NULO";-1;"#NULO";-1;"#NULO";"-1";"#NULO"
"15/08/2026";"19:30:51";2026;6259;250002552869;-3;"#NE";1;"BRASILEIRA NATA";-3;"SÃO PAULO";"72";"N";-1;"#NULO";"1270629.01";"#NE";"S";"-1";"06027975720266260000";"-3";"#NE";"-3";"#NE";"NÃO";"#NULO";-1;"#NULO";"N";"N";-1;-1;"2026-08-15 16:08:59";8;"AGUARDANDO JULGAMENTO";"-1";"#NULO";"-1";"#NULO";-1;"#NULO";-1;"#NULO";-1;"#NULO";-1;"#NULO";"-1";"#NULO"
"15/08/2026";"19:30:51";2026;6259;250002552872;-3;"#NE";1;"BRASILEIRA NATA";-3;"SÃO PAULO";"60";"N";-1;"#NULO";"1270629.01";"#NE";"S";"-1";"06027655220266260000";"-3";"#NE";"-3";"#NE";"NÃO";"#NULO";-1;"#NULO";"N";"N";-1;-1;"2026-08-15 16:08:59";8;"AGUARDANDO JULGAMENTO";"-1";"#NULO";"-1";"#NULO";-1;"#NULO";-1;"#NULO";-1;"#NULO";-1;"#NULO";"-1";"#NULO"
"15/08/2026";"19:30:51";2026;6259;250002552874;-3;"#NE";1;"BRASILEIRA NATA";-3;"SÃO PAULO";"66";"N";-1;"#NULO";"1270629.01";"#NE";"N";"-1";"06027741420266260000";"-3";"#NE";"-3";"#NE";"NÃO";"#NULO";-1;"#NULO";"N";"N";-1;-1;"2026-08-15 16:08:59";8;"AGUARDANDO JULGAMENTO";"-1";"#NULO";"-1";"#NULO";-1;"#NULO";-1;"#NULO";-1;"#NULO";-1;"#NULO";"-1";"#NULO"
"15/08/2026";"19:30:51";2026;6259;250002552883;-3;"#NE";1;"BRASILEIRA NATA";-3;"CUBATÃO";"44";"N";-1;"#NULO";"1270629.01";"#NE";"N";"-1";"06027499820266260000";"-3";"#NE";"-3";"#NE";"NÃO";"#NULO";-1;"#NULO";"N";"N";-1;-1;"2026-08-15 16:08:59";8;"AGUARDANDO JULGAMENTO";"-1";"#NULO";"-1";"#NULO";-1;"#NULO";-1;"#NULO";-1;"#NULO";-1;"#NULO";"-1";"#NULO"
"15/08/2026";"19:30:51";2026;6259;250002552899;-3;"#NE";1;"BRASILEIRA NATA";-3;"JABOTICABAL";"55";"N";-1;"#NULO";"1270629.01";"#NE";"S";"-1";"06027698920266260000";"-3";"#NE";"-3";"#NE";"NÃO";"#NULO";-1;"#NULO";"N";"N";-1;-1;"2026-08-15 16:08:59";8;"AGUARDANDO JULGAMENTO";"-1";"#NULO";"-1";"#NULO";-1;"#NULO";-1;"#NULO";-1;"#NULO";-1;"#NULO";"-1";"#NULO"
"15/08/2026";"19:30:51";2026;6259;250002552913;-3;"#NE";1;"BRASILEIRA NATA";-3;"PETROLINA";"33";"N";0;"NÃO INFORMADO";"1270629.01";"#NE";"N";"-1";"06027473120266260000";"-3";"#NE";"-3";"#NE";"NÃO";"#NULO";-1;"#NULO";"N";"N";-1;-1;"2026-08-15 16:08:59";8;"AGUARDANDO JULGAMENTO";"-1";"#NULO";"-1";"#NULO";-1;"#NULO";-1;"#NULO";-1;"#NULO";-1;"#NULO";"-1";"#NULO"
"15/08/2026";"19:30:51";2026;6259;250002552915;-3;"#NE";1;"BRASILEIRA NATA";-3;"CURITIBA";"49";"N";-1;"#NULO";"1270629.01";"#NE";"N";"-1";"06027481620266260000";"-3";"#NE";"-3";"#NE";"NÃO";"#NULO";-1;"#NULO";"N";"N";-1;-1;"2026-08-15 16:08:59";8;"AGUARDANDO JULGAMENTO";"-1";"#NULO";"-1";"#NULO";-1;"#NULO";-1;"#NULO";-1;"#NULO";-1;"#NULO";"-1";"#NULO"
"15/08/2026";"19:30:51";2026;6259;250002552955;-3;"#NE";1;"BRASILEIRA NATA";-3;"SÃO PAULO";"57";"N";-1;"#NULO";"7115522.46";"#NE";"N";"-1";"06028149320266260000";"-3";"#NE";"-3";"#NE";"NÃO";"#NULO";-1;"#NULO";"N";"N";-1;-1;"2026-08-15 16:36:42";8;"AGUARDANDO JULGAMENTO";"-1";"#NULO";"-1";"#NULO";-1;"#NULO";-1;"#NULO";-1;"#NULO";-1;"#NULO";"-1";"#NULO"
"15/08/2026";"19:30:51";2026;6259;250002552956;-3;"#NE";1;"BRASILEIRA NATA";-3;"RIO DE JANEIRO";"77";"N";-1;"#NULO";"-1";"#NE";"S";"-1";"06028122620266260000";"-3";"#NE";"-3";"#NE";"NÃO";"#NULO";-1;"#NULO";"N";"N";-1;-1;"2026-08-15 16:36:42";8;"AGUARDANDO JULGAMENTO";"-1";"#NULO";"-1";"#NULO";-1;"#NULO";-1;"#NULO";-1;"#NULO";-1;"#NULO";"-1";"#NULO"
"15/08/2026";"19:30:51";2026;6259;250002553326;-3;"#NE";1;"BRASILEIRA NATA";-3;"MARÍLIA";"42";"N";-1;"#NULO";"3176572.53";"#NE";"N";"-1";"06029006420266260000";"-3";"#NE";"-3";"#NE";"NÃO";"#NULO";-1;"#NULO";"N";"N";-1;-1;"2026-08-15 17:41:45";8;"AGUARDANDO JULGAMENTO";"-1";"#NULO";"-1";"#NULO";-1;"#NULO";-1;"#NULO";-1;"#NULO";-1;"#NULO";"-1";"#NULO"
"15/08/2026";"19:30:51";2026;6259;250002553335;-3;"#NE";1;"BRASILEIRA NATA";-3;"SÃO PAULO";"59";"N";-1;"#NULO";"3176572.53";"#NE";"N";"-1";"06028910520266260000";"-3";"#NE";"-3";"#NE";"NÃO";"#NULO";-1;"#NULO";"N";"N";-1;-1;"2026-08-15 17:41:45";8;"AGUARDANDO JULGAMENTO";"-1";"#NULO";"-1";"#NULO";-1;"#NULO";-1;"#NULO";-1;"#NULO";-1;"#NULO";"-1";"#NULO"
"15/08/2026";"19:30:51";2026;6259;250002553334;-3;"#NE";1;"BRASILEIRA NATA";-3;"SÃO PAULO";"44";"N";-1;"#NULO";"3176572.53";"#NE";"N";"-1";"06028962720266260000";"-3";"#NE";"-3";"#NE";"NÃO";"#NULO";-1;"#NULO";"N";"N";-1;-1;"2026-08-15 17:41:45";8;"AGUARDANDO JULGAMENTO";"-1";"#NULO";"-1";"#NULO";-1;"#NULO";-1;"#NULO";-1;"#NULO";-1;"#NULO";"-1";"#NULO"
"15/08/2026";"19:30:51";2026;6259;250002553758;-3;"#NE";1;"BRASILEIRA NATA";-3;"SAÚDE";"69";"N";-1;"#NULO";"1270629.01";"#NE";"N";"-1";"06029699620266260000";"-3";"#NE";"-3";"#NE";"NÃO";"#NULO";-1;"#NULO";"N";"N";-1;-1;"2026-08-15 19:01:55";8;"AGUARDANDO JULGAMENTO";"-1";"#NULO";"-1";"#NULO";-1;"#NULO";-1;"#NULO";-1;"#NULO";-1;"#NULO";"-1";"#NULO"
"15/08/2026";"19:30:51";2026;6259;250002553762;-3;"#NE";1;"BRASILEIRA NATA";-3;"SÃO PAULO";"56";"N";-1;"#NULO";"1270629.01";"#NE";"N";"-1";"06029170320266260000";"-3";"#NE";"-3";"#NE";"NÃO";"#NULO";-1;"#NULO";"N";"N";-1;-1;"2026-08-15 19:01:55";8;"AGUARDANDO JULGAMENTO";"-1";"#NULO";"-1";"#NULO";-1;"#NULO";-1;"#NULO";-1;"#NULO";-1;"#NULO";"-1";"#NULO"
"15/08/2026";"19:30:51";2026;6259;250002553764;-3;"#NE";1;"BRASILEIRA NATA";-3;"SÃO PAULO";"46";"N";-1;"#NULO";"1270629.01";"#NE";"N";"-1";"06029578220266260000";"-3";"#NE";"-3";"#NE";"NÃO";"#NULO";-1;"#NULO";"N";"N";-1;-1;"2026-08-15 19:01:55";8;"AGUARDANDO JULGAMENTO";"-1";"#NULO";"-1";"#NULO";-1;"#NULO";-1;"#NULO";-1;"#NULO";-1;"#NULO";"-1";"#NULO"
"15/08/2026";"19:30:51";2026;6259;250002553783;-3;"#NE";1;"BRASILEIRA NATA";-3;"SÃO PAULO";"77";"N";-1;"#NULO";"1270629.01";"#NE";"S";"-1";"06029932720266260000";"-3";"#NE";"-3";"#NE";"NÃO";"#NULO";-1;"#NULO";"N";"N";-1;-1;"2026-08-15 19:01:55";8;"AGUARDANDO JULGAMENTO";"-1";"#NULO";"-1";"#NULO";-1;"#NULO";-1;"#NULO";-1;"#NULO";-1;"#NULO";"-1";"#NULO"
"15/08/2026";"19:30:51";2026;6259;250002553785;-3;"#NE";1;"BRASILEIRA NATA";-3;"SÃO PAULO";"54";"N";-1;"#NULO";"1270629.01";"#NE";"N";"-1";"06029785820266260000";"-3";"#NE";"-3";"#NE";"NÃO";"#NULO";-1;"#NULO";"N";"N";-1;-1;"2026-08-15 19:01:55";8;"AGUARDANDO JULGAMENTO";"-1";"#NULO";"-1";"#NULO";-1;"#NULO";-1;"#NULO";-1;"#NULO";-1;"#NULO";"-1";"#NULO"
"15/08/2026";"19:30:51";2026;6259;250002553784;-3;"#NE";1;"BRASILEIRA NATA";-3;"SÃO PAULO";"63";"N";-1;"#NULO";"1270629.01";"#NE";"N";"-1";"06029404620266260000";"-3";"#NE";"-3";"#NE";"NÃO";"#NULO";-1;"#NULO";"N";"N";-1;-1;"2026-08-15 19:01:55";8;"AGUARDANDO JULGAMENTO";"-1";"#NULO";"-1";"#NULO";-1;"#NULO";-1;"#NULO";-1;"#NULO";-1;"#NULO";"-1";"#NULO"
"15/08/2026";"19:30:51";2026;6259;250002553789;-3;"#NE";1;"BRASILEIRA NATA";-3;"UBAITABA";"54";"N";-1;"#NULO";"1270629.01";"#NE";"N";"-1";"06029084120266260000";"-3";"#NE";"-3";"#NE";"NÃO";"#NULO";-1;"#NULO";"N";"N";-1;-1;"2026-08-15 19:01:55";8;"AGUARDANDO JULGAMENTO";"-1";"#NULO";"-1";"#NULO";-1;"#NULO";-1;"#NULO";-1;"#NULO";-1;"#NULO";"-1";"#NULO"
"15/08/2026";"19:30:51";2026;6259;250002553808;-3;"#NE";1;"BRASILEIRA NATA";-3;"UBAÍRA";"67";"N";-1;"#NULO";"1270629.01";"#NE";"N";"-1";"06029941220266260000";"-3";"#NE";"-3";"#NE";"NÃO";"#NULO";-1;"#NULO";"N";"N";-1;-1;"2026-08-15 19:01:55";8;"AGUARDANDO JULGAMENTO";"-1";"#NULO";"-1";"#NULO";-1;"#NULO";-1;"#NULO";-1;"#NULO";-1;"#NULO";"-1";"#NULO"
"15/08/2026";"19:30:51";2026;6259;250002553813;-3;"#NE";1;"BRASILEIRA NATA";-3;"SÃO PAULO";"32";"N";-1;"#NULO";"1270629.01";"#NE";"N";"-1";"06029898720266260000";"-3";"#NE";"-3";"#NE";"NÃO";"#NULO";-1;"#NULO";"N";"N";-1;-1;"2026-08-15 19:01:55";8;"AGUARDANDO JULGAMENTO";"-1";"#NULO";"-1";"#NULO";-1;"#NULO";-1;"#NULO";-1;"#NULO";-1;"#NULO";"-1";"#NULO"
"15/08/2026";"19:30:51";2026;6259;250002553833;-3;"#NE";1;"BRASILEIRA NATA";-3;"UBATUBA";"54";"N";-1;"#NULO";"1270629.01";"#NE";"N";"-1";"06029092620266260000";"-3";"#NE";"-3";"#NE";"NÃO";"#NULO";-1;"#NULO";"N";"N";-1;-1;"2026-08-15 19:01:55";8;"AGUARDANDO JULGAMENTO";"-1";"#NULO";"-1";"#NULO";-1;"#NULO";-1;"#NULO";-1;"#NULO";-1;"#NULO";"-1";"#NULO"
"15/08/2026";"19:30:51";2026;6259;250002553837;-3;"#NE";1;"BRASILEIRA NATA";-3;"CORTÊS";"51";"N";-1;"#NULO";"1270629.01";"#NE";"N";"-1";"06029352420266260000";"-3";"#NE";"-3";"#NE";"NÃO";"#NULO";-1;"#NULO";"N";"N";-1;-1;"2026-08-15 19:01:55";8;"AGUARDANDO JULGAMENTO";"-1";"#NULO";"-1";"#NULO";-1;"#NULO";-1;"#NULO";-1;"#NULO";-1;"#NULO";"-1";"#NULO"
"15/08/2026";"19:30:51";2026;6259;250002553840;-3;"#NE";1;"BRASILEIRA NATA";-3;"SÃO SEBASTIÃO";"35";"N";-1;"#NULO";"1270629.01";"#NE";"N";"-1";"06029750620266260000";"-3";"#NE";"-3";"#NE";"NÃO";"#NULO";-1;"#NULO";"N";"N";-1;-1;"2026-08-15 19:01:55";8;"AGUARDANDO JULGAMENTO";"-1";"#NULO";"-1";"#NULO";-1;"#NULO";-1;"#NULO";-1;"#NULO";-1;"#NULO";"-1";"#NULO"
"15/08/2026";"19:30:51";2026;6259;250002553841;-3;"#NE";1;"BRASILEIRA NATA";-3;"VITÓRIA";"62";"N";-1;"#NULO";"1270629.01";"#NE";"N";"-1";"06029534520266260000";"-3";"#NE";"-3";"#NE";"NÃO";"#NULO";-1;"#NULO";"N";"N";-1;-1;"2026-08-15 19:01:55";8;"AGUARDANDO JULGAMENTO";"-1";"#NULO";"-1";"#NULO";-1;"#NULO";-1;"#NULO";-1;"#NULO";-1;"#NULO";"-1";"#NULO"
"15/08/2026";"19:30:51";2026;6259;250002553844;-3;"#NE";1;"BRASILEIRA NATA";-3;"PORTEIRINHA";"68";"N";-1;"#NULO";"1270629.01";"#NE";"N";"-1";"06029343920266260000";"-3";"#NE";"-3";"#NE";"NÃO";"#NULO";-1;"#NULO";"N";"N";-1;-1;"2026-08-15 19:01:55";8;"AGUARDANDO JULGAMENTO";"-1";"#NULO";"-1";"#NULO";-1;"#NULO";-1;"#NULO";-1;"#NULO";-1;"#NULO";"-1";"#NULO"
"15/08/2026";"19:30:51";2026;6259;250002553846;-3;"#NE";1;"BRASILEIRA NATA";-3;"CAMPO ALEGRE DE LOURDES";"49";"N";-1;"#NULO";"1270629.01";"#NE";"N";"-1";"06029794320266260000";"-3";"#NE";"-3";"#NE";"NÃO";"#NULO";-1;"#NULO";"N";"N";-1;-1;"2026-08-15 19:01:55";8;"AGUARDANDO JULGAMENTO";"-1";"#NULO";"-1";"#NULO";-1;"#NULO";-1;"#NULO";-1;"#NULO";-1;"#NULO";"-1";"#NULO"
"15/08/2026";"19:30:51";2026;6259;250002553849;-3;"#NE";1;"BRASILEIRA NATA";-3;"MAIQUINIQUE";"53";"N";-1;"#NULO";"1270629.01";"#NE";"N";"-1";"06029768820266260000";"-3";"#NE";"-3";"#NE";"NÃO";"#NULO";-1;"#NULO";"N";"N";-1;-1;"2026-08-15 19:01:55";8;"AGUARDANDO JULGAMENTO";"-1";"#NULO";"-1";"#NULO";-1;"#NULO";-1;"#NULO";-1;"#NULO";-1;"#NULO";"-1";"#NULO"
"15/08/2026";"19:30:51";2026;6259;250002553865;-3;"#NE";1;"BRASILEIRA NATA";-3;"SANTA MARIA DA VITÓRIA";"49";"N";-1;"#NULO";"1270629.01";"#NE";"N";"-1";"06030106320266260000";"-3";"#NE";"-3";"#NE";"NÃO";"#NULO";-1;"#NULO";"N";"N";-1;-1;"2026-08-15 19:14:09";8;"AGUARDANDO JULGAMENTO";"-1";"#NULO";"-1";"#NULO";-1;"#NULO";-1;"#NULO";-1;"#NULO";-1;"#NULO";"-1";"#NULO"
"15/08/2026";"19:30:51";2026;6259;250002553867;-3;"#NE";1;"BRASILEIRA NATA";-3;"SÃO PAULO";"37";"N";-1;"#NULO";"1270629.01";"#NE";"N";"-1";"06030071120266260000";"-3";"#NE";"-3";"#NE";"NÃO";"#NULO";-1;"#NULO";"N";"N";-1;-1;"2026-08-15 19:14:09";8;"AGUARDANDO JULGAMENTO";"-1";"#NULO";"-1";"#NULO";-1;"#NULO";-1;"#NULO";-1;"#NULO";-1;"#NULO";"-1";"#NULO"
"15/08/2026";"19:30:51";2026;6259;250002530117;-3;"#NE";1;"BRASILEIRA NATA";-3;"JACIARA";"35";"N";0;"NÃO INFORMADO";"3176572.53";"#NE";"S";"-1";"06003388220266260000";"-3";"#NE";"-3";"#NE";"NÃO";"#NULO";-1;"#NULO";"N";"N";-1;-1;"2026-07-23 18:40:08";8;"AGUARDANDO JULGAMENTO";"-1";"#NULO";"-1";"#NULO";-1;"#NULO";-1;"#NULO";-1;"#NULO";-1;"#NULO";"-1";"#NULO"
"15/08/2026";"19:30:51";2026;6259;250002530146;-3;"#NE";1;"BRASILEIRA NATA";-3;"GUARULHOS";"58";"N";-1;"#NULO";"3176572.53";"#NE";"S";"-1";"06003543620266260000";"-3";"#NE";"-3";"#NE";"NÃO";"#NULO";-1;"#NULO";"N";"N";-1;-1;"2026-07-23 18:40:08";8;"AGUARDANDO JULGAMENTO";"-1";"#NULO";"-1";"#NULO";-1;"#NULO";-1;"#NULO";-1;"#NULO";-1;"#NULO";"-1";"#NULO"
"15/08/2026";"19:30:51";2026;6259;250002530147;-3;"#NE";1;"BRASILEIRA NATA";-3;"GUARULHOS";"44";"N";-1;"#NULO";"3176572.53";"#NE";"S";"-1";"06003794920266260000";"-3";"#NE";"-3";"#NE";"NÃO";"#NULO";-1;"#NULO";"N";"N";-1;-1;"2026-07-23 18:40:08";8;"AGUARDANDO JULGAMENTO";"-1";"#NULO";"-1";"#NULO";-1;"#NULO";-1;"#NULO";-1;"#NULO";-1;"#NULO";"-1";"#NULO"
"15/08/2026";"19:30:51";2026;6259;250002530152;-3;"#NE";2;"BRASILEIRA (NATURALIZADA)";-3;"SANTO ANDRÉ";"40";"N";-1;"#NULO";"3176572.53";"#NE";"S";"-1";"06003673520266260000";"-3";"#NE";"-3";"#NE";"NÃO";"#NULO";-1;"#NULO";"N";"N";-1;-1;"2026-07-23 18:40:08";8;"AGUARDANDO JULGAMENTO";"-1";"#NULO";"-1";"#NULO";-1;"#NULO";-1;"#NULO";-1;"#NULO";-1;"#NULO";"-1";"#NULO"
"15/08/2026";"19:30:51";2026;6259;250002530164;-3;"#NE";1;"BRASILEIRA NATA";-3;"SÃO PAULO";"46";"N";-1;"#NULO";"3176572.53";"#NE";"S";"-1";"06003578820266260000";"-3";"#NE";"-3";"#NE";"NÃO";"#NULO";-1;"#NULO";"N";"N";-1;-1;"2026-07-23 18:40:08";8;"AGUARDANDO JULGAMENTO";"-1";"#NULO";"-1";"#NULO";-1;"#NULO";-1;"#NULO";-1;"#NULO";-1;"#NULO";"-1";"#NULO"
"15/08/2026";"19:30:51";2026;6259;250002530166;-3;"#NE";1;"BRASILEIRA NATA";-3;"SÃO PAULO";"44";"N";-1;"#NULO";"3176572.53";"#NE";"S";"-1";"06003336020266260000";"-3";"#NE";"-3";"#NE";"NÃO";"#NULO";-1;"#NULO";"N";"N";-1;-1;"2026-07-23 18:40:08";8;"AGUARDANDO JULGAMENTO";"-1";"#NULO";"-1";"#NULO";-1;"#NULO";-1;"#NULO";-1;"#NULO";-1;"#NULO";"-1";"#NULO"
"15/08/2026";"19:30:51";2026;6259;250002530172;-3;"#NE";1;"BRASILEIRA NATA";-3;"SÃO PAULO";"41";"N";-1;"#NULO";"3176572.53";"#NE";"N";"-1";"06003189120266260000";"-3";"#NE";"-3";"#NE";"NÃO";"#NULO";-1;"#NULO";"N";"N";-1;-1;"2026-07-23 18:40:08";8;"AGUARDANDO JULGAMENTO";"-1";"#NULO";"-1";"#NULO";-1;"#NULO";-1;"#NULO";-1;"#NULO";-1;"#NULO";"-1";"#NULO"
"15/08/2026";"19:30:51";2026;6259;250002530180;-3;"#NE";2;"BRASILEIRA (NATURALIZADA)";-3;"SALVADOR";"68";"N";-1;"#NULO";"3176572.53";"#NE";"S";"-1";"06003777920266260000";"-3";"#NE";"-3";"#NE";"NÃO";"#NULO";-1;"#NULO";"N";"N";-1;-1;"2026-07-23 18:40:08";8;"AGUARDANDO JULGAMENTO";"-1";"#NULO";"-1";"#NULO";-1;"#NULO";-1;"#NULO";-1;"#NULO";-1;"#NULO";"-1";"#NULO"
"15/08/2026";"19:30:51";2026;6259;250002530182;-3;"#NE";1;"BRASILEIRA NATA";-3;"BARRA";"38";"N";0;"NÃO INFORMADO";"1270629.01";"#NE";"N";"-1";"06004488120266260000";"-3";"#NE";"-3";"#NE";"NÃO";"#NULO";-1;"#NULO";"N";"N";-1;-1;"2026-07-23 19:03:01";8;"AGUARDANDO JULGAMENTO";"-1";"#NULO";"-1";"#NULO";-1;"#NULO";-1;"#NULO";-1;"#NULO";-1;"#NULO";"-1";"#NULO"
"15/08/2026";"19:30:51";2026;6259;250002530190;-3;"#NE";2;"BRASILEIRA (NATURALIZADA)";-3;"MOREILÂNDIA";"49";"N";-1;"#NULO";"1270629.01";"#NE";"N";"-1";"06004029220266260000";"-3";"#NE";"-3";"#NE";"NÃO";"#NULO";-1;"#NULO";"N";"N";-1;-1;"2026-07-23 19:03:01";8;"AGUARDANDO JULGAMENTO";"-1";"#NULO";"-1";"#NULO";-1;"#NULO";-1;"#NULO";-1;"#NULO";-1;"#NULO";"-1";"#NULO"
"15/08/2026";"19:30:51";2026;6259;250002530196;-3;"#NE";1;"BRASILEIRA NATA";-3;"JOSÉ BONIFÁCIO";"62";"N";-1;"#NULO";"1270629.01";"#NE";"S";"-1";"06004530620266260000";"-3";"#NE";"-3";"#NE";"NÃO";"#NULO";-1;"#NULO";"N";"N";-1;-1;"2026-07-23 19:03:01";8;"AGUARDANDO JULGAMENTO";"-1";"#NULO";"-1";"#NULO";-1;"#NULO";-1;"#NULO";-1;"#NULO";-1;"#NULO";"-1";"#NULO"
"15/08/2026";"19:30:51";2026;6259;250002530199;-3;"#NE";1;"BRASILEIRA NATA";-3;"MOGI DAS CRUZES";"60";"N";-1;"#NULO";"1270629.01";"#NE";"S";"-1";"06004591320266260000";"-3";"#NE";"-3";"#NE";"NÃO";"#NULO";-1;"#NULO";"N";"N";-1;-1;"2026-07-23 19:03:01";8;"AGUARDANDO JULGAMENTO";"-1";"#NULO";"-1";"#NULO";-1;"#NULO";-1;"#NULO";-1;"#NULO";-1;"#NULO";"-1";"#NULO"
"15/08/2026";"19:30:51";2026;6259;250002530225;-3;"#NE";1;"BRASILEIRA NATA";-3;"GUARATINGUETÁ";"38";"N";0;"NÃO INFORMADO";"1270629.01";"#NE";"S";"-1";"06004522120266260000";"-3";"#NE";"-3";"#NE";"NÃO";"#NULO";-1;"#NULO";"N";"N";-1;-1;"2026-07-23 19:03:01";8;"AGUARDANDO JULGAMENTO";"-1";"#NULO";"-1";"#NULO";-1;"#NULO";-1;"#NULO";-1;"#NULO";-1;"#NULO";"-1";"#NULO"
"15/08/2026";"19:30:51";2026;6259;250002530233;-3;"#NE";2;"BRASILEIRA (NATURALIZADA)";-3;"SÃO JOSÉ DO RIO PRETO";"43";"N";0;"NÃO INFORMADO";"1270629.01";"#NE";"S";"-1";"06004678720266260000";"-3";"#NE";"-3";"#NE";"NÃO";"#NULO";-1;"#NULO";"N";"N";-1;-1;"2026-07-23 19:03:01";8;"AGUARDANDO JULGAMENTO";"-1";"#NULO";"-1";"#NULO";-1;"#NULO";-1;"#NULO";-1;"#NULO";-1;"#NULO";"-1";"#NULO"
"15/08/2026";"19:30:51";2026;6259;250002530237;-3;"#NE";1;"BRASILEIRA NATA";-3;"SÃO PAULO";"66";"N";-1;"#NULO";"1270629.01";"#NE";"S";"-1";"06004643520266260000";"-3";"#NE";"-3";"#NE";"NÃO";"#NULO";-1;"#NULO";"N";"N";-1;-1;"2026-07-23 19:03:01";8;"AGUARDANDO JULGAMENTO";"-1";"#NULO";"-1";"#NULO";-1;"#NULO";-1;"#NULO";-1;"#NULO";-1;"#NULO";"-1";"#NULO"
"15/08/2026";"19:30:51";2026;6259;250002530248;-3;"#NE";1;"BRASILEIRA NATA";-3;"SÃO PAULO";"53";"N";0;"NÃO INFORMADO";"1270629.01";"#NE";"S";"-1";"06004609520266260000";"-3";"#NE";"-3";"#NE";"NÃO";"#NULO";-1;"#NULO";"N";"N";-1;-1;"2026-07-23 19:03:01";8;"AGUARDANDO JULGAMENTO";"-1";"#NULO";"-1";"#NULO";-1;"#NULO";-1;"#NULO";-1;"#NULO";-1;"#NULO";"-1";"#NULO"
"15/08/2026";"19:30:51";2026;6259;250002530256;-3;"#NE";1;"BRASILEIRA NATA";-3;"SÃO PAULO";"57";"N";0;"NÃO INFORMADO";"1270629.01";"#NE";"N";"-1";"06004106920266260000";"-3";"#NE";"-3";"#NE";"NÃO";"#NULO";-1;"#NULO";"N";"N";-1;-1;"2026-07-23 19:03:01";8;"AGUARDANDO JULGAMENTO";"-1";"#NULO";"-1";"#NULO";-1;"#NULO";-1;"#NULO";-1;"#NULO";-1;"#NULO";"-1";"#NULO"
"15/08/2026";"19:30:51";2026;6259;250002530259;-3;"#NE";1;"BRASILEIRA NATA";-3;"SÃO PAULO";"37";"N";0;"NÃO INFORMADO";"1270629.01";"#NE";"S";"-1";"06004184620266260000";"-3";"#NE";"-3";"#NE";"NÃO";"#NULO";-1;"#NULO";"N";"N";-1;-1;"2026-07-23 19:03:01";8;"AGUARDANDO JULGAMENTO";"-1";"#NULO";"-1";"#NULO";-1;"#NULO";-1;"#NULO";-1;"#NULO";-1;"#NULO";"-1";"#NULO"
"15/08/2026";"19:30:51";2026;6259;250002530262;-3;"#NE";1;"BRASILEIRA NATA";-3;"SÃO PAULO";"55";"N";-1;"#NULO";"1270629.01";"#NE";"S";"-1";"06004314520266260000";"-3";"#NE";"-3";"#NE";"NÃO";"#NULO";-1;"#NULO";"N";"N";-1;-1;"2026-07-23 19:03:01";8;"AGUARDANDO JULGAMENTO";"-1";"#NULO";"-1";"#NULO";-1;"#NULO";-1;"#NULO";-1;"#NULO";-1;"#NULO";"-1";"#NULO"
"15/08/2026";"19:30:51";2026;6259;250002532323;-3;"#NE";1;"BRASILEIRA NATA";-3;"JUNDIAÍ";"37";"N";-1;"#NULO";"3176572.53";"#NE";"S";"-1";"06005284520266260000";"-3";"#NE";"-3";"#NE";"NÃO";"#NULO";-1;"#NULO";"N";"N";-1;-1;"2026-07-27 18:23:24";8;"AGUARDANDO JULGAMENTO";"-1";"#NULO";"-1";"#NULO";-1;"#NULO";-1;"#NULO";-1;"#NULO";-1;"#NULO";"-1";"#NULO"
"15/08/2026";"19:30:51";2026;6259;250002532326;-3;"#NE";1;"BRASILEIRA NATA";-3;"SÃO JOSÉ DOS CAMPOS";"52";"N";-1;"#NULO";"3176572.53";"#NE";"S";"-1";"06005362220266260000";"-3";"#NE";"-3";"#NE";"NÃO";"#NULO";-1;"#NULO";"N";"N";-1;-1;"2026-07-27 18:23:24";8;"AGUARDANDO JULGAMENTO";"-1";"#NULO";"-1";"#NULO";-1;"#NULO";-1;"#NULO";-1;"#NULO";-1;"#NULO";"-1";"#NULO"
"15/08/2026";"19:30:51";2026;6259;250002532339;-3;"#NE";1;"BRASILEIRA NATA";-3;"SÃO PAULO";"48";"N";0;"NÃO INFORMADO";"3176572.53";"#NE";"N";"-1";"06005449620266260000";"-3";"#NE";"-3";"#NE";"NÃO";"#NULO";-1;"#NULO";"N";"N";-1;-1;"2026-07-27 18:23:24";8;"AGUARDANDO JULGAMENTO";"-1";"#NULO";"-1";"#NULO";-1;"#NULO";-1;"#NULO";-1;"#NULO";-1;"#NULO";"-1";"#NULO"
"15/08/2026";"19:30:51";2026;6259;250002532346;-3;"#NE";1;"BRASILEIRA NATA";-3;"ITAPETININGA";"32";"N";0;"NÃO INFORMADO";"3176572.53";"#NE";"N";"-1";"06004947020266260000";"-3";"#NE";"-3";"#NE";"NÃO";"#NULO";-1;"#NULO";"N";"N";-1;-1;"2026-07-27 18:23:24";8;"AGUARDANDO JULGAMENTO";"-1";"#NULO";"-1";"#NULO";-1;"#NULO";-1;"#NULO";-1;"#NULO";-1;"#NULO";"-1";"#NULO"
"15/08/2026";"19:30:51";2026;6259;250002532350;-3;"#NE";2;"BRASILEIRA (NATURALIZADA)";-3;"FLORIANÓPOLIS";"50";"N";0;"NÃO INFORMADO";"3176572.53";"#NE";"S";"-1";"06005076920266260000";"-3";"#NE";"-3";"#NE";"NÃO";"#NULO";-1;"#NULO";"N";"N";-1;-1;"2026-07-27 18:23:24";8;"AGUARDANDO JULGAMENTO";"-1";"#NULO";"-1";"#NULO";-1;"#NULO";-1;"#NULO";-1;"#NULO";-1;"#NULO";"-1";"#NULO"
"15/08/2026";"19:30:51";2026;6259;250002532357;-3;"#NE";1;"BRASILEIRA NATA";-3;"VOTUPORANGA";"21";"N";0;"NÃO INFORMADO";"3176572.53";"#NE";"N";"-1";"06005189820266260000";"-3";"#NE";"-3";"#NE";"NÃO";"#NULO";-1;"#NULO";"N";"N";-1;-1;"2026-07-27 18:23:24";8;"AGUARDANDO JULGAMENTO";"-1";"#NULO";"-1";"#NULO";-1;"#NULO";-1;"#NULO";-1;"#NULO";-1;"#NULO";"-1";"#NULO"
"15/08/2026";"19:30:51";2026;6259;250002532361;-3;"#NE";1;"BRASILEIRA NATA";-3;"XIQUE-XIQUE";"52";"N";0;"NÃO INFORMADO";"3176572.53";"#NE";"S";"-1";"06005154620266260000";"-3";"#NE";"-3";"#NE";"NÃO";"#NULO";-1;"#NULO";"N";"N";-1;-1;"2026-07-27 18:23:24";8;"AGUARDANDO JULGAMENTO";"-1";"#NULO";"-1";"#NULO";-1;"#NULO";-1;"#NULO";-1;"#NULO";-1;"#NULO";"-1";"#NULO"
"15/08/2026";"19:30:51";2026;6259;250002532368;-3;"#NE";1;"BRASILEIRA NATA";-3;"SANTOS";"49";"N";0;"NÃO INFORMADO";"3176572.53";"#NE";"S";"-1";"06005206820266260000";"-3";"#NE";"-3";"#NE";"NÃO";"#NULO";-1;"#NULO";"N";"N";-1;-1;"2026-07-27 18:23:24";8;"AGUARDANDO JULGAMENTO";"-1";"#NULO";"-1";"#NULO";-1;"#NULO";-1;"#NULO";-1;"#NULO";-1;"#NULO";"-1";"#NULO"
"15/08/2026";"19:30:51";2026;6259;250002532373;-3;"#NE";1;"BRASILEIRA NATA";-3;"RIO DE JANEIRO";"49";"N";0;"NÃO INFORMADO";"3176572.53";"#NE";"S";"-1";"06004869320266260000";"-3";"#NE";"-3";"#NE";"NÃO";"#NULO";-1;"#NULO";"N";"N";-1;-1;"2026-07-27 18:23:24";8;"AGUARDANDO JULGAMENTO";"-1";"#NULO";"-1";"#NULO";-1;"#NULO";-1;"#NULO";-1;"#NULO";-1;"#NULO";"-1";"#NULO"
"15/08/2026";"19:30:51";2026;6259;250002533616;-3;"#NE";1;"BRASILEIRA NATA";-3;"MAUÁ";"41";"N";-1;"#NULO";"3176572.53";"#NE";"S";"-1";"06006721920266260000";"-3";"#NE";"-3";"#NE";"NÃO";"#NULO";-1;"#NULO";"N";"N";-1;-1;"2026-07-30 18:02:50";8;"AGUARDANDO JULGAMENTO";"-1";"#NULO";"-1";"#NULO";-1;"#NULO";-1;"#NULO";-1;"#NULO";-1;"#NULO";"-1";"#NULO"
"15/08/2026";"19:30:51";2026;6259;250002533640;-3;"#NE";1;"BRASILEIRA NATA";-3;"SÃO BERNARDO DO CAMPO";"52";"N";0;"NÃO INFORMADO";"3176572.53";"#NE";"S";"-1";"06007025420266260000";"-3";"#NE";"-3";"#NE";"NÃO";"#NULO";-1;"#NULO";"N";"N";-1;-1;"2026-07-30 18:02:50";8;"AGUARDANDO JULGAMENTO";"-1";"#NULO";"-1";"#NULO";-1;"#NULO";-1;"#NULO";-1;"#NULO";-1;"#NULO";"-1";"#NULO"
"15/08/2026";"19:30:51";2026;6259;250002533643;-3;"#NE";1;"BRASILEIRA NATA";-3;"SÃO JOSÉ DO RIO PRETO";"51";"N";-1;"#NULO";"3176572.53";"#NE";"S";"-1";"06006765620266260000";"-3";"#NE";"-3";"#NE";"NÃO";"#NULO";-1;"#NULO";"N";"N";-1;-1;"2026-07-30 18:02:50";8;"AGUARDANDO JULGAMENTO";"-1";"#NULO";"-1";"#NULO";-1;"#NULO";-1;"#NULO";-1;"#NULO";-1;"#NULO";"-1";"#NULO"
"15/08/2026";"19:30:51";2026;6259;250002533657;-3;"#NE";1;"BRASILEIRA NATA";-3;"SÃO PAULO";"49";"N";-1;"#NULO";"3176572.53";"#NE";"S";"-1";"06006912520266260000";"-3";"#NE";"-3";"#NE";"NÃO";"#NULO";-1;"#NULO";"N";"N";-1;-1;"2026-07-30 18:02:50";8;"AGUARDANDO JULGAMENTO";"-1";"#NULO";"-1";"#NULO";-1;"#NULO";-1;"#NULO";-1;"#NULO";-1;"#NULO";"-1";"#NULO"
"15/08/2026";"19:30:51";2026;6259;250002533661;-3;"#NE";1;"BRASILEIRA NATA";-3;"SÃO PAULO";"39";"N";-1;"#NULO";"3176572.53";"#NE";"S";"-1";"06007111620266260000";"-3";"#NE";"-3";"#NE";"NÃO";"#NULO";-1;"#NULO";"N";"N";-1;-1;"2026-07-30 18:02:50";8;"AGUARDANDO JULGAMENTO";"-1";"#NULO";"-1";"#NULO";-1;"#NULO";-1;"#NULO";-1;"#NULO";-1;"#NULO";"-1";"#NULO"
"15/08/2026";"19:30:51";2026;6259;250002533667;-3;"#NE";1;"BRASILEIRA NATA";-3;"SÃO PAULO";"45";"N";-1;"#NULO";"3176572.53";"#NE";"N";"-1";"06006600520266260000";"-3";"#NE";"-3";"#NE";"NÃO";"#NULO";-1;"#NULO";"N";"N";-1;-1;"2026-07-30 18:02:50";8;"AGUARDANDO JULGAMENTO";"-1";"#NULO";"-1";"#NULO";-1;"#NULO";-1;"#NULO";-1;"#NULO";-1;"#NULO";"-1";"#NULO"
"15/08/2026";"19:30:51";2026;6259;250002533734;-3;"#NE";1;"BRASILEIRA NATA";-3;"CAMPOS DO JORDÃO";"76";"N";0;"NÃO INFORMADO";"1270629.01";"#NE";"S";"-1";"06005691220266260000";"-3";"#NE";"-3";"#NE";"NÃO";"#NULO";-1;"#NULO";"N";"N";-1;-1;"2026-07-30 13:42:57";8;"AGUARDANDO JULGAMENTO";"-1";"#NULO";"-1";"#NULO";-1;"#NULO";-1;"#NULO";-1;"#NULO";-1;"#NULO";"-1";"#NULO"
"15/08/2026";"19:30:51";2026;6259;250002533742;-3;"#NE";1;"BRASILEIRA NATA";-3;"SÃO BERNARDO DO CAMPO";"49";"N";-1;"#NULO";"1270629.01";"#NE";"S";"-1";"06006185320266260000";"-3";"#NE";"-3";"#NE";"NÃO";"#NULO";-1;"#NULO";"N";"N";-1;-1;"2026-07-30 13:42:57";8;"AGUARDANDO JULGAMENTO";"-1";"#NULO";"-1";"#NULO";-1;"#NULO";-1;"#NULO";-1;"#NULO";-1;"#NULO";"-1";"#NULO"
"15/08/2026";"19:30:51";2026;6259;250002533744;-3;"#NE";1;"BRASILEIRA NATA";-3;"SOROCABA";"40";"N";-1;"#NULO";"1270629.01";"#NE";"S";"-1";"06006384420266260000";"-3";"#NE";"-3";"#NE";"NÃO";"#NULO";-1;"#NULO";"N";"N";-1;-1;"2026-07-30 13:42:57";8;"AGUARDANDO JULGAMENTO";"-1";"#NULO";"-1";"#NULO";-1;"#NULO";-1;"#NULO";-1;"#NULO";-1;"#NULO";"-1";"#NULO"
"15/08/2026";"19:30:51";2026;6259;250002533754;-3;"#NE";1;"BRASILEIRA NATA";-3;"SÃO PAULO";"30";"N";0;"NÃO INFORMADO";"1270629.01";"#NE";"S";"-1";"06006072420266260000";"-3";"#NE";"-3";"#NE";"NÃO";"#NULO";-1;"#NULO";"N";"N";-1;-1;"2026-07-30 13:42:57";8;"AGUARDANDO JULGAMENTO";"-1";"#NULO";"-1";"#NULO";-1;"#NULO";-1;"#NULO";-1;"#NULO";-1;"#NULO";"-1";"#NULO"
"15/08/2026";"19:30:51";2026;6259;250002533778;-3;"#NE";1;"BRASILEIRA NATA";-3;"SÃO PAULO";"60";"N";-1;"#NULO";"1270629.01";"#NE";"S";"-1";"06006210820266260000";"-3";"#NE";"-3";"#NE";"NÃO";"#NULO";-1;"#NULO";"N";"N";-1;-1;"2026-07-30 13:42:57";8;"AGUARDANDO JULGAMENTO";"-1";"#NULO";"-1";"#NULO";-1;"#NULO";-1;"#NULO";-1;"#NULO";-1;"#NULO";"-1";"#NULO"
"15/08/2026";"19:30:51";2026;6259;250002533792;-3;"#NE";1;"BRASILEIRA NATA";-3;"ITU";"65";"N";0;"NÃO INFORMADO";"1270629.01";"#NE";"S";"-1";"06005760420266260000";"-3";"#NE";"-3";"#NE";"NÃO";"#NULO";-1;"#NULO";"N";"N";-1;-1;"2026-07-30 13:42:57";8;"AGUARDANDO JULGAMENTO";"-1";"#NULO";"-1";"#NULO";-1;"#NULO";-1;"#NULO";-1;"#NULO";-1;"#NULO";"-1";"#NULO"
"15/08/2026";"19:30:51";2026;6259;250002533797;-3;"#NE";1;"BRASILEIRA NATA";-3;"ARAÇATUBA";"62";"N";-1;"#NULO";"1270629.01";"#NE";"S";"-1";"06006055420266260000";"-3";"#NE";"-3";"#NE";"NÃO";"#NULO";-1;"#NULO";"N";"N";-1;-1;"2026-07-30 13:42:57";8;"AGUARDANDO JULGAMENTO";"-1";"#NULO";"-1";"#NULO";-1;"#NULO";-1;"#NULO";-1;"#NULO";-1;"#NULO";"-1";"#NULO"
"15/08/2026";"19:30:51";2026;6259;250002533947;-3;"#NE";1;"BRASILEIRA NATA";-3;"BOCAIÚVA";"50";"N";0;"NÃO INFORMADO";"1270629.01";"#NE";"S";"-1";"06007216020266260000";"-3";"#NE";"-3";"#NE";"NÃO";"#NULO";-1;"#NULO";"N";"N";-1;-1;"2026-07-30 18:39:36";8;"AGUARDANDO JULGAMENTO";"-1";"#NULO";"-1";"#NULO";-1;"#NULO";-1;"#NULO";-1;"#NULO";-1;"#NULO";"-1";"#NULO"
"15/08/2026";"19:30:51";2026;6259;250002533949;-3;"#NE";1;"BRASILEIRA NATA";-3;"PRIMEIRO DE MAIO";"44";"N";0;"NÃO INFORMADO";"1270629.01";"#NE";"S";"-1";"06007943220266260000";"-3";"#NE";"-3";"#NE";"NÃO";"#NULO";-1;"#NULO";"N";"N";-1;-1;"2026-07-30 18:39:36";8;"AGUARDANDO JULGAMENTO";"-1";"#NULO";"-1";"#NULO";-1;"#NULO";-1;"#NULO";-1;"#NULO";-1;"#NULO";"-1";"#NULO"
"15/08/2026";"19:30:51";2026;6259;250002534153;-3;"#NE";1;"BRASILEIRA NATA";-3;"ADAMANTINA";"28";"N";-1;"#NULO";"1270629.01";"#NE";"S";"-1";"06008861020266260000";"-3";"#NE";"-3";"#NE";"NÃO";"#NULO";-1;"#NULO";"N";"N";-1;-1;"2026-07-31 18:08:08";8;"AGUARDANDO JULGAMENTO";"-1";"#NULO";"-1";"#NULO";-1;"#NULO";-1;"#NULO";-1;"#NULO";-1;"#NULO";"-1";"#NULO"
"15/08/2026";"19:30:51";2026;6259;250002534155;-3;"#NE";1;"BRASILEIRA NATA";-3;"FERNANDÓPOLIS";"49";"N";0;"NÃO INFORMADO";"1270629.01";"#NE";"S";"-1";"06008930220266260000";"-3";"#NE";"-3";"#NE";"NÃO";"#NULO";-1;"#NULO";"N";"N";-1;-1;"2026-07-31 18:08:08";8;"AGUARDANDO JULGAMENTO";"-1";"#NULO";"-1";"#NULO";-1;"#NULO";-1;"#NULO";-1;"#NULO";-1;"#NULO";"-1";"#NULO"
"15/08/2026";"19:30:51";2026;6259;250002534171;-3;"#NE";1;"BRASILEIRA NATA";-3;"SÃO BERNARDO DO CAMPO";"38";"N";0;"NÃO INFORMADO";"1270629.01";"#NE";"S";"-1";"06008757820266260000";"-3";"#NE";"-3";"#NE";"NÃO";"#NULO";-1;"#NULO";"N";"N";-1;-1;"2026-07-31 18:08:08";8;"AGUARDANDO JULGAMENTO";"-1";"#NULO";"-1";"#NULO";-1;"#NULO";-1;"#NULO";-1;"#NULO";-1;"#NULO";"-1";"#NULO"
"15/08/2026";"19:30:51";2026;6259;250002534180;-3;"#NE";1;"BRASILEIRA NATA";-3;"BAURU";"32";"N";-1;"#NULO";"1270629.01";"#NE";"S";"-1";"06008913220266260000";"-3";"#NE";"-3";"#NE";"NÃO";"#NULO";-1;"#NULO";"N";"N";-1;-1;"2026-07-31 18:08:08";8;"AGUARDANDO JULGAMENTO";"-1";"#NULO";"-1";"#NULO";-1;"#NULO";-1;"#NULO";-1;"#NULO";-1;"#NULO";"-1";"#NULO"
"15/08/2026";"19:30:51";2026;6259;250002534184;-3;"#NE";1;"BRASILEIRA NATA";-3;"BAURU";"33";"N";-1;"#NULO";"1270629.01";"#NE";"S";"-1";"06009103820266260000";"-3";"#NE";"-3";"#NE";"NÃO";"#NULO";-1;"#NULO";"N";"N";-1;-1;"2026-07-31 18:08:08";8;"AGUARDANDO JULGAMENTO";"-1";"#NULO";"-1";"#NULO";-1;"#NULO";-1;"#NULO";-1;"#NULO";-1;"#NULO";"-1";"#NULO"
"15/08/2026";"19:30:51";2026;6259;250002534187;-3;"#NE";1;"BRASILEIRA NATA";-3;"BELÉM";"46";"N";0;"NÃO INFORMADO";"1270629.01";"#NE";"S";"-1";"06008818520266260000";"-3";"#NE";"-3";"#NE";"NÃO";"#NULO";-1;"#NULO";"N";"N";-1;-1;"2026-07-31 18:08:08";8;"AGUARDANDO JULGAMENTO";"-1";"#NULO";"-1";"#NULO";-1;"#NULO";-1;"#NULO";-1;"#NULO";-1;"#NULO";"-1";"#NULO"
"15/08/2026";"19:30:51";2026;6259;250002534185;-3;"#NE";1;"BRASILEIRA NATA";-3;"SÃO PAULO";"31";"N";-1;"#NULO";"1270629.01";"#NE";"S";"-1";"06008619420266260000";"-3";"#NE";"-3";"#NE";"NÃO";"#NULO";-1;"#NULO";"N";"N";-1;-1;"2026-07-31 18:08:08";8;"AGUARDANDO JULGAMENTO";"-1";"#NULO";"-1";"#NULO";-1;"#NULO";-1;"#NULO";-1;"#NULO";-1;"#NULO";"-1";"#NULO"
"15/08/2026";"19:30:51";2026;6259;250002534199;-3;"#NE";1;"BRASILEIRA NATA";-3;"IBITINGA";"41";"N";-1;"#NULO";"1270629.01";"#NE";"S";"-1";"06007180820266260000";"-3";"#NE";"-3";"#NE";"NÃO";"#NULO";-1;"#NULO";"N";"N";-1;-1;"2026-07-30 18:39:36";8;"AGUARDANDO JULGAMENTO";"-1";"#NULO";"-1";"#NULO";-1;"#NULO";-1;"#NULO";-1;"#NULO";-1;"#NULO";"-1";"#NULO"
"15/08/2026";"19:30:51";2026;6259;250002534212;-3;"#NE";1;"BRASILEIRA NATA";-3;"ITAMBÉ";"56";"N";0;"NÃO INFORMADO";"1270629.01";"#NE";"S";"-1";"06007874020266260000";"-3";"#NE";"-3";"#NE";"NÃO";"#NULO";-1;"#NULO";"N";"N";-1;-1;"2026-07-30 18:39:36";8;"AGUARDANDO JULGAMENTO";"-1";"#NULO";"-1";"#NULO";-1;"#NULO";-1;"#NULO";-1;"#NULO";-1;"#NULO";"-1";"#NULO"
"15/08/2026";"19:30:51";2026;6259;250002534240;-3;"#NE";1;"BRASILEIRA NATA";-3;"SÃO PAULO";"47";"N";-1;"#NULO";"1270629.01";"#NE";"N";"-1";"06007224520266260000";"-3";"#NE";"-3";"#NE";"NÃO";"#NULO";-1;"#NULO";"N";"N";-1;-1;"2026-07-30 18:39:36";8;"AGUARDANDO JULGAMENTO";"-1";"#NULO";"-1";"#NULO";-1;"#NULO";-1;"#NULO";-1;"#NULO";-1;"#NULO";"-1";"#NULO"
"15/08/2026";"19:30:51";2026;6259;250002534247;-3;"#NE";1;"BRASILEIRA NATA";-3;"SÃO PAULO";"49";"N";-1;"#NULO";"1270629.01";"#NE";"S";"-1";"06007328920266260000";"-3";"#NE";"-3";"#NE";"NÃO";"#NULO";-1;"#NULO";"N";"N";-1;-1;"2026-07-30 18:39:36";8;"AGUARDANDO JULGAMENTO";"-1";"#NULO";"-1";"#NULO";-1;"#NULO";-1;"#NULO";-1;"#NULO";-1;"#NULO";"-1";"#NULO"
"15/08/2026";"19:30:51";2026;6259;250002534257;-3;"#NE";1;"BRASILEIRA NATA";-3;"SÃO PAULO";"75";"N";-1;"#NULO";"1270629.01";"#NE";"S";"-1";"06007276720266260000";"-3";"#NE";"-3";"#NE";"NÃO";"#NULO";-1;"#NULO";"N";"N";-1;-1;"2026-07-30 18:39:36";8;"AGUARDANDO JULGAMENTO";"-1";"#NULO";"-1";"#NULO";-1;"#NULO";-1;"#NULO";-1;"#NULO";-1;"#NULO";"-1";"#NULO"
"15/08/2026";"19:30:51";2026;6259;250002534259;-3;"#NE";1;"BRASILEIRA NATA";-3;"SÃO PAULO";"37";"N";0;"NÃO INFORMADO";"1270629.01";"#NE";"S";"-1";"06007536520266260000";"-3";"#NE";"-3";"#NE";"NÃO";"#NULO";-1;"#NULO";"N";"N";-1;-1;"2026-07-30 18:39:36";8;"AGUARDANDO JULGAMENTO";"-1";"#NULO";"-1";"#NULO";-1;"#NULO";-1;"#NULO";-1;"#NULO";-1;"#NULO";"-1";"#NULO"
"15/08/2026";"19:30:51";2026;6259;250002534267;-3;"#NE";1;"BRASILEIRA NATA";-3;"SÃO PAULO";"64";"N";-1;"#NULO";"1270629.01";"#NE";"S";"-1";"06007752620266260000";"-3";"#NE";"-3";"#NE";"NÃO";"#NULO";-1;"#NULO";"N";"N";-1;-1;"2026-07-30 18:39:36";8;"AGUARDANDO JULGAMENTO";"-1";"#NULO";"-1";"#NULO";-1;"#NULO";-1;"#NULO";-1;"#NULO";-1;"#NULO";"-1";"#NULO"
"15/08/2026";"19:30:51";2026;6259;250002534401;-3;"#NE";1;"BRASILEIRA NATA";-3;"ITABERÁ";"51";"N";0;"NÃO INFORMADO";"3176572.53";"#NE";"S";"-1";"06008133820266260000";"-3";"#NE";"-3";"#NE";"NÃO";"#NULO";-1;"#NULO";"N";"N";-1;-1;"2026-07-31 17:30:56";8;"AGUARDANDO JULGAMENTO";"-1";"#NULO";"-1";"#NULO";-1;"#NULO";-1;"#NULO";-1;"#NULO";-1;"#NULO";"-1";"#NULO"
"15/08/2026";"19:30:51";2026;6259;250002534405;-3;"#NE";1;"BRASILEIRA NATA";-3;"JABOTICABAL";"46";"N";-1;"#NULO";"3176572.53";"#NE";"S";"-1";"06008575720266260000";"-3";"#NE";"-3";"#NE";"NÃO";"#NULO";-1;"#NULO";"N";"N";-1;-1;"2026-07-31 17:30:56";8;"AGUARDANDO JULGAMENTO";"-1";"#NULO";"-1";"#NULO";-1;"#NULO";-1;"#NULO";-1;"#NULO";-1;"#NULO";"-1";"#NULO"
"15/08/2026";"19:30:51";2026;6259;250002534410;-3;"#NE";1;"BRASILEIRA NATA";-3;"OSASCO";"52";"N";0;"NÃO INFORMADO";"3176572.53";"#NE";"S";"-1";"06008368120266260000";"-3";"#NE";"-3";"#NE";"NÃO";"#NULO";-1;"#NULO";"N";"N";-1;-1;"2026-07-31 17:30:56";8;"AGUARDANDO JULGAMENTO";"-1";"#NULO";"-1";"#NULO";-1;"#NULO";-1;"#NULO";-1;"#NULO";-1;"#NULO";"-1";"#NULO"
"15/08/2026";"19:30:51";2026;6259;250002534926;-3;"#NE";1;"BRASILEIRA NATA";-3;"CAMPINAS";"41";"N";0;"NÃO INFORMADO";"3176572.53";"#NE";"N";"-1";"06008315920266260000";"-3";"#NE";"-3";"#NE";"NÃO";"#NULO";-1;"#NULO";"N";"N";-1;-1;"2026-07-31 17:30:56";8;"AGUARDANDO JULGAMENTO";"-1";"#NULO";"-1";"#NULO";-1;"#NULO";-1;"#NULO";-1;"#NULO";-1;"#NULO";"-1";"#NULO"
"15/08/2026";"19:30:51";2026;6259;250002534937;-3;"#NE";1;"BRASILEIRA NATA";-3;"SÃO PAULO";"48";"N";-1;"#NULO";"3176572.53";"#NE";"S";"-1";"06008169020266260000";"-3";"#NE";"-3";"#NE";"NÃO";"#NULO";-1;"#NULO";"N";"N";-1;-1;"2026-07-31 17:30:56";8;"AGUARDANDO JULGAMENTO";"-1";"#NULO";"-1";"#NULO";-1;"#NULO";-1;"#NULO";-1;"#NULO";-1;"#NULO";"-1";"#NULO"
"15/08/2026";"19:30:51";2026;6259;250002534938;-3;"#NE";1;"BRASILEIRA NATA";-3;"SÃO PAULO";"54";"N";-1;"#NULO";"3176572.53";"#NE";"S";"-1";"06008229720266260000";"-3";"#NE";"-3";"#NE";"NÃO";"#NULO";-1;"#NULO";"N";"N";-1;-1;"2026-07-31 17:30:56";8;"AGUARDANDO JULGAMENTO";"-1";"#NULO";"-1";"#NULO";-1;"#NULO";-1;"#NULO";-1;"#NULO";-1;"#NULO";"-1";"#NULO"
"15/08/2026";"19:30:51";2026;6259;250002534947;-3;"#NE";1;"BRASILEIRA NATA";-3;"SÃO VICENTE";"38";"N";-1;"#NULO";"3176572.53";"#NE";"S";"-1";"06008307420266260000";"-3";"#NE";"-3";"#NE";"NÃO";"#NULO";-1;"#NULO";"N";"N";-1;-1;"2026-07-31 17:30:56";8;"AGUARDANDO JULGAMENTO";"-1";"#NULO";"-1";"#NULO";-1;"#NULO";-1;"#NULO";-1;"#NULO";-1;"#NULO";"-1";"#NULO"
"15/08/2026";"19:30:51";2026;6259;250002535933;-3;"#NE";1;"BRASILEIRA NATA";-3;"INDEPENDÊNCIA";"50";"N";-1;"#NULO";"3176572.53";"#NE";"S";"-1";"06009589420266260000";"-3";"#NE";"-3";"#NE";"NÃO";"#NULO";-1;"#NULO";"N";"N";-1;-1;"2026-08-03 15:47:14";8;"AGUARDANDO JULGAMENTO";"-1";"#NULO";"-1";"#NULO";-1;"#NULO";-1;"#NULO";-1;"#NULO";-1;"#NULO";"-1";"#NULO"
"15/08/2026";"19:30:51";2026;6259;250002535957;-3;"#NE";1;"BRASILEIRA NATA";-3;"IPIAÚ";"53";"N";-1;"#NULO";"3176572.53";"#NE";"S";"-1";"06009891720266260000";"-3";"#NE";"-3";"#NE";"NÃO";"#NULO";-1;"#NULO";"N";"N";-1;-1;"2026-08-03 15:47:14";8;"AGUARDANDO JULGAMENTO";"-1";"#NULO";"-1";"#NULO";-1;"#NULO";-1;"#NULO";-1;"#NULO";-1;"#NULO";"-1";"#NULO"
"15/08/2026";"19:30:51";2026;6259;250002535959;-3;"#NE";1;"BRASILEIRA NATA";-3;"RIO DE JANEIRO";"55";"N";-1;"#NULO";"3176572.53";"#NE";"S";"-1";"06009719320266260000";"-3";"#NE";"-3";"#NE";"NÃO";"#NULO";-1;"#NULO";"N";"N";-1;-1;"2026-08-03 15:47:14";8;"AGUARDANDO JULGAMENTO";"-1";"#NULO";"-1";"#NULO";-1;"#NULO";-1;"#NULO";-1;"#NULO";-1;"#NULO";"-1";"#NULO"
"15/08/2026";"19:30:51";2026;6259;250002535960;-3;"#NE";1;"BRASILEIRA NATA";-3;"RIO DE JANEIRO";"43";"N";0;"NÃO INFORMADO";"3176572.53";"#NE";"S";"-1";"06009960920266260000";"-3";"#NE";"-3";"#NE";"NÃO";"#NULO";-1;"#NULO";"N";"N";-1;-1;"2026-08-03 15:47:14";8;"AGUARDANDO JULGAMENTO";"-1";"#NULO";"-1";"#NULO";-1;"#NULO";-1;"#NULO";-1;"#NULO";-1;"#NULO";"-1";"#NULO"
"15/08/2026";"19:30:51";2026;6259;250002535966;-3;"#NE";1;"BRASILEIRA NATA";-3;"GUARULHOS";"27";"N";-1;"#NULO";"3176572.53";"#NE";"N";"-1";"06010039820266260000";"-3";"#NE";"-3";"#NE";"NÃO";"#NULO";-1;"#NULO";"N";"N";-1;-1;"2026-08-03 15:47:14";8;"AGUARDANDO JULGAMENTO";"-1";"#NULO";"-1";"#NULO";-1;"#NULO";-1;"#NULO";-1;"#NULO";-1;"#NULO";"-1";"#NULO"
"15/08/2026";"19:30:51";2026;6259;250002535968;-3;"#NE";1;"BRASILEIRA NATA";-3;"RIBEIRÃO PRETO";"68";"N";-1;"#NULO";"3176572.53";"#NE";"S";"-1";"06009788520266260000";"-3";"#NE";"-3";"#NE";"NÃO";"#NULO";-1;"#NULO";"N";"N";-1;-1;"2026-08-03 15:47:14";8;"AGUARDANDO JULGAMENTO";"-1";"#NULO";"-1";"#NULO";-1;"#NULO";-1;"#NULO";-1;"#NULO";-1;"#NULO";"-1";"#NULO"
"15/08/2026";"19:30:51";2026;6259;250002535995;-3;"#NE";1;"BRASILEIRA NATA";-3;"SOROCABA";"28";"N";0;"NÃO INFORMADO";"3176572.53";"#NE";"S";"-1";"06009866220266260000";"-3";"#NE";"-3";"#NE";"NÃO";"#NULO";-1;"#NULO";"N";"N";-1;-1;"2026-08-03 15:47:14";8;"AGUARDANDO JULGAMENTO";"-1";"#NULO";"-1";"#NULO";-1;"#NULO";-1;"#NULO";-1;"#NULO";-1;"#NULO";"-1";"#NULO"
"15/08/2026";"19:30:51";2026;6259;250002536238;-3;"#NE";1;"BRASILEIRA NATA";-3;"SANTA INÊS";"65";"N";-1;"#NULO";"1270629.01";"#NE";"S";"-1";"06011217420266260000";"-3";"#NE";"-3";"#NE";"NÃO";"#NULO";-1;"#NULO";"N";"N";-1;-1;"2026-08-04 11:54:14";8;"AGUARDANDO JULGAMENTO";"-1";"#NULO";"-1";"#NULO";-1;"#NULO";-1;"#NULO";-1;"#NULO";-1;"#NULO";"-1";"#NULO"
"15/08/2026";"19:30:51";2026;6259;250002536239;-3;"#NE";1;"BRASILEIRA NATA";-3;"ANADIA";"60";"N";-1;"#NULO";"1270629.01";"#NE";"S";"-1";"06011737020266260000";"-3";"#NE";"-3";"#NE";"NÃO";"#NULO";-1;"#NULO";"N";"N";-1;-1;"2026-08-04 11:54:14";8;"AGUARDANDO JULGAMENTO";"-1";"#NULO";"-1";"#NULO";-1;"#NULO";-1;"#NULO";-1;"#NULO";-1;"#NULO";"-1";"#NULO"
"15/08/2026";"19:30:51";2026;6259;250002536241;-3;"#NE";1;"BRASILEIRA NATA";-3;"BELO HORIZONTE";"57";"N";-1;"#NULO";"1270629.01";"#NE";"N";"-1";"06011701820266260000";"-3";"#NE";"-3";"#NE";"NÃO";"#NULO";-1;"#NULO";"N";"N";-1;-1;"2026-08-04 11:54:14";8;"AGUARDANDO JULGAMENTO";"-1";"#NULO";"-1";"#NULO";-1;"#NULO";-1;"#NULO";-1;"#NULO";-1;"#NULO";"-1";"#NULO"
"15/08/2026";"19:30:51";2026;6259;250002536253;-3;"#NE";1;"BRASILEIRA NATA";-3;"CRISÓPOLIS";"42";"N";-1;"#NULO";"1270629.01";"#NE";"S";"-1";"06011684820266260000";"-3";"#NE";"-3";"#NE";"NÃO";"#NULO";-1;"#NULO";"N";"N";-1;-1;"2026-08-04 11:54:14";8;"AGUARDANDO JULGAMENTO";"-1";"#NULO";"-1";"#NULO";-1;"#NULO";-1;"#NULO";-1;"#NULO";-1;"#NULO";"-1";"#NULO"
"15/08/2026";"19:30:51";2026;6259;250002536360;-3;"#NE";1;"BRASILEIRA NATA";-3;"MOGI DAS CRUZES";"27";"N";0;"NÃO INFORMADO";"1270629.01";"#NE";"N";"-1";"06010827720266260000";"-3";"#NE";"-3";"#NE";"NÃO";"#NULO";-1;"#NULO";"N";"N";-1;-1;"2026-08-03 16:14:03";8;"AGUARDANDO JULGAMENTO";"-1";"#NULO";"-1";"#NULO";-1;"#NULO";-1;"#NULO";-1;"#NULO";-1;"#NULO";"-1";"#NULO"
"15/08/2026";"19:30:51";2026;6259;250002536362;-3;"#NE";1;"BRASILEIRA NATA";-3;"MONÇÕES";"61";"N";-1;"#NULO";"1270629.01";"#NE";"N";"-1";"06010455020266260000";"-3";"#NE";"-3";"#NE";"NÃO";"#NULO";-1;"#NULO";"N";"N";-1;-1;"2026-08-03 16:14:03";8;"AGUARDANDO JULGAMENTO";"-1";"#NULO";"-1";"#NULO";-1;"#NULO";-1;"#NULO";-1;"#NULO";-1;"#NULO";"-1";"#NULO"
"15/08/2026";"19:30:51";2026;6259;250002536400;-3;"#NE";1;"BRASILEIRA NATA";-3;"SÃO JOSÉ DO RIO PRETO";"40";"N";-1;"#NULO";"1270629.01";"#NE";"N";"-1";"06010169720266260000";"-3";"#NE";"-3";"#NE";"NÃO";"#NULO";-1;"#NULO";"N";"N";-1;-1;"2026-08-03 16:14:03";8;"AGUARDANDO JULGAMENTO";"-1";"#NULO";"-1";"#NULO";-1;"#NULO";-1;"#NULO";-1;"#NULO";-1;"#NULO";"-1";"#NULO"
"15/08/2026";"19:30:51";2026;6259;250002536404;-3;"#NE";1;"BRASILEIRA NATA";-3;"SÃO JOSÉ DOS CAMPOS";"46";"N";-1;"#NULO";"1270629.01";"#NE";"S";"-1";"06010628620266260000";"-3";"#NE";"-3";"#NE";"NÃO";"#NULO";-1;"#NULO";"N";"N";-1;-1;"2026-08-03 16:14:03";8;"AGUARDANDO JULGAMENTO";"-1";"#NULO";"-1";"#NULO";-1;"#NULO";-1;"#NULO";-1;"#NULO";-1;"#NULO";"-1";"#NULO"
"15/08/2026";"19:30:51";2026;6259;250002536405;-3;"#NE";1;"BRASILEIRA NATA";-3;"SÃO PAULO";"49";"N";-1;"#NULO";"1270629.01";"#NE";"S";"-1";"06010758520266260000";"-3";"#NE";"-3";"#NE";"NÃO";"#NULO";-1;"#NULO";"N";"N";-1;-1;"2026-08-03 16:14:03";8;"AGUARDANDO JULGAMENTO";"-1";"#NULO";"-1";"#NULO";-1;"#NULO";-1;"#NULO";-1;"#NULO";-1;"#NULO";"-1";"#NULO"
"15/08/2026";"19:30:51";2026;6259;250002536406;-3;"#NE";1;"BRASILEIRA NATA";-3;"SÃO PAULO";"63";"N";-1;"#NULO";"1270629.01";"#NE";"S";"-1";"06010922420266260000";"-3";"#NE";"-3";"#NE";"NÃO";"#NULO";-1;"#NULO";"N";"N";-1;-1;"2026-08-03 16:14:03";8;"AGUARDANDO JULGAMENTO";"-1";"#NULO";"-1";"#NULO";-1;"#NULO";-1;"#NULO";-1;"#NULO";-1;"#NULO";"-1";"#NULO"
"15/08/2026";"19:30:51";2026;6259;250002536424;-3;"#NE";1;"BRASILEIRA NATA";-3;"SÃO PAULO";"53";"N";-1;"#NULO";"1270629.01";"#NE";"S";"-1";"06010567920266260000";"-3";"#NE";"-3";"#NE";"NÃO";"#NULO";-1;"#NULO";"N";"N";-1;-1;"2026-08-03 16:14:03";8;"AGUARDANDO JULGAMENTO";"-1";"#NULO";"-1";"#NULO";-1;"#NULO";-1;"#NULO";-1;"#NULO";-1;"#NULO";"-1";"#NULO"
"15/08/2026";"19:30:51";2026;6259;250002536726;-3;"#NE";1;"BRASILEIRA NATA";-3;"VINHEDO";"59";"N";-1;"#NULO";"3176572.53";"#NE";"S";"-1";"06012481220266260000";"-3";"#NE";"-3";"#NE";"NÃO";"#NULO";-1;"#NULO";"N";"N";-1;-1;"2026-08-04 12:03:50";8;"AGUARDANDO JULGAMENTO";"-1";"#NULO";"-1";"#NULO";-1;"#NULO";-1;"#NULO";-1;"#NULO";-1;"#NULO";"-1";"#NULO"
"15/08/2026";"19:30:51";2026;6259;250002536737;-3;"#NE";1;"BRASILEIRA NATA";-3;"SÃO PAULO";"67";"N";0;"NÃO INFORMADO";"3176572.53";"#NE";"S";"-1";"06011979820266260000";"-3";"#NE";"-3";"#NE";"NÃO";"#NULO";-1;"#NULO";"N";"N";-1;-1;"2026-08-04 12:03:50";8;"AGUARDANDO JULGAMENTO";"-1";"#NULO";"-1";"#NULO";-1;"#NULO";-1;"#NULO";-1;"#NULO";-1;"#NULO";"-1";"#NULO"
"15/08/2026";"19:30:51";2026;6259;250002536741;-3;"#NE";1;"BRASILEIRA NATA";-3;"PIRACICABA";"50";"N";0;"NÃO INFORMADO";"3176572.53";"#NE";"S";"-1";"06012195920266260000";"-3";"#NE";"-3";"#NE";"NÃO";"#NULO";-1;"#NULO";"N";"N";-1;-1;"2026-08-04 12:03:50";8;"AGUARDANDO JULGAMENTO";"-1";"#NULO";"-1";"#NULO";-1;"#NULO";-1;"#NULO";-1;"#NULO";-1;"#NULO";"-1";"#NULO"
"15/08/2026";"19:30:51";2026;6259;250002536751;-3;"#NE";1;"BRASILEIRA NATA";-3;"SANTOS";"56";"N";-1;"#NULO";"3176572.53";"#NE";"S";"-1";"06012212920266260000";"-3";"#NE";"-3";"#NE";"NÃO";"#NULO";-1;"#NULO";"N";"N";-1;-1;"2026-08-04 12:03:50";8;"AGUARDANDO JULGAMENTO";"-1";"#NULO";"-1";"#NULO";-1;"#NULO";-1;"#NULO";-1;"#NULO";-1;"#NULO";"-1";"#NULO"
"15/08/2026";"19:30:51";2026;6259;250002536755;-3;"#NE";1;"BRASILEIRA NATA";-3;"SALVADOR";"55";"N";0;"NÃO INFORMADO";"3176572.53";"#NE";"S";"-1";"06012455720266260000";"-3";"#NE";"-3";"#NE";"NÃO";"#NULO";-1;"#NULO";"N";"N";-1;-1;"2026-08-04 12:03:50";8;"AGUARDANDO JULGAMENTO";"-1";"#NULO";"-1";"#NULO";-1;"#NULO";-1;"#NULO";-1;"#NULO";-1;"#NULO";"-1";"#NULO"
"15/08/2026";"19:30:51";2026;6259;250002536817;-3;"#NE";1;"BRASILEIRA NATA";-3;"BAURU";"55";"N";0;"NÃO INFORMADO";"1270629.01";"#NE";"N";"-1";"06011113020266260000";"-3";"#NE";"-3";"#NE";"NÃO";"#NULO";-1;"#NULO";"N";"N";-1;-1;"2026-08-04 11:54:14";8;"AGUARDANDO JULGAMENTO";"-1";"#NULO";"-1";"#NULO";-1;"#NULO";-1;"#NULO";-1;"#NULO";-1;"#NULO";"-1";"#NULO"
"15/08/2026";"19:30:51";2026;6259;250002536823;-3;"#NE";1;"BRASILEIRA NATA";-3;"CAMPINAS";"37";"N";-1;"#NULO";"1270629.01";"#NE";"N";"-1";"06011242920266260000";"-3";"#NE";"-3";"#NE";"NÃO";"#NULO";-1;"#NULO";"N";"N";-1;-1;"2026-08-04 11:54:14";8;"AGUARDANDO JULGAMENTO";"-1";"#NULO";"-1";"#NULO";-1;"#NULO";-1;"#NULO";-1;"#NULO";-1;"#NULO";"-1";"#NULO"
"15/08/2026";"19:30:51";2026;6259;250002536831;-3;"#NE";1;"BRASILEIRA NATA";-3;"INÚBIA PAULISTA";"67";"N";-1;"#NULO";"1270629.01";"#NE";"S";"-1";"06011875420266260000";"-3";"#NE";"-3";"#NE";"NÃO";"#NULO";-1;"#NULO";"N";"N";-1;-1;"2026-08-04 11:54:14";8;"AGUARDANDO JULGAMENTO";"-1";"#NULO";"-1";"#NULO";-1;"#NULO";-1;"#NULO";-1;"#NULO";-1;"#NULO";"-1";"#NULO"
"15/08/2026";"19:30:51";2026;6259;250002536833;-3;"#NE";1;"BRASILEIRA NATA";-3;"RIBEIRÃO PRETO";"27";"N";-1;"#NULO";"1270629.01";"#NE";"S";"-1";"06011355820266260000";"-3";"#NE";"-3";"#NE";"NÃO";"#NULO";-1;"#NULO";"N";"N";-1;-1;"2026-08-04 11:54:14";8;"AGUARDANDO JULGAMENTO";"-1";"#NULO";"-1";"#NULO";-1;"#NULO";-1;"#NULO";-1;"#NULO";-1;"#NULO";"-1";"#NULO"
"15/08/2026";"19:30:51";2026;6259;250002536838;-3;"#NE";1;"BRASILEIRA NATA";-3;"SANTOS";"54";"N";0;"NÃO INFORMADO";"1270629.01";"#NE";"S";"-1";"06011156720266260000";"-3";"#NE";"-3";"#NE";"NÃO";"#NULO";-1;"#NULO";"N";"N";-1;-1;"2026-08-04 11:54:14";8;"AGUARDANDO JULGAMENTO";"-1";"#NULO";"-1";"#NULO";-1;"#NULO";-1;"#NULO";-1;"#NULO";-1;"#NULO";"-1";"#NULO"
"15/08/2026";"19:30:51";2026;6259;250002536845;-3;"#NE";1;"BRASILEIRA NATA";-3;"SÃO PAULO";"44";"N";0;"NÃO INFORMADO";"1270629.01";"#NE";"S";"-1";"06011676320266260000";"-3";"#NE";"-3";"#NE";"NÃO";"#NULO";-1;"#NULO";"N";"N";-1;-1;"2026-08-04 11:54:14";8;"AGUARDANDO JULGAMENTO";"-1";"#NULO";"-1";"#NULO";-1;"#NULO";-1;"#NULO";-1;"#NULO";-1;"#NULO";"-1";"#NULO"
"15/08/2026";"19:30:51";2026;6259;250002536860;-3;"#NE";1;"BRASILEIRA NATA";-3;"TABOÃO DA SERRA";"46";"N";-1;"#NULO";"1270629.01";"#NE";"S";"-1";"06011563420266260000";"-3";"#NE";"-3";"#NE";"NÃO";"#NULO";-1;"#NULO";"N";"N";-1;-1;"2026-08-04 11:54:14";8;"AGUARDANDO JULGAMENTO";"-1";"#NULO";"-1";"#NULO";-1;"#NULO";-1;"#NULO";-1;"#NULO";-1;"#NULO";"-1";"#NULO"
"15/08/2026";"19:30:51";2026;6259;250002537940;-3;"#NE";1;"BRASILEIRA NATA";-3;"AMERICANA";"35";"N";-1;"#NULO";"3176572.53";"#NE";"S";"-1";"06013053020266260000";"-3";"#NE";"-3";"#NE";"NÃO";"#NULO";-1;"#NULO";"N";"N";-1;-1;"2026-08-05 15:07:31";8;"AGUARDANDO JULGAMENTO";"-1";"#NULO";"-1";"#NULO";-1;"#NULO";-1;"#NULO";-1;"#NULO";-1;"#NULO";"-1";"#NULO"
"15/08/2026";"19:30:51";2026;6259;250002537953;-3;"#NE";1;"BRASILEIRA NATA";-3;"SÃO PAULO";"46";"N";0;"NÃO INFORMADO";"3176572.53";"#NE";"S";"-1";"06012759220266260000";"-3";"#NE";"-3";"#NE";"NÃO";"#NULO";-1;"#NULO";"N";"N";-1;-1;"2026-08-05 15:07:31";8;"AGUARDANDO JULGAMENTO";"-1";"#NULO";"-1";"#NULO";-1;"#NULO";-1;"#NULO";-1;"#NULO";-1;"#NULO";"-1";"#NULO"
"15/08/2026";"19:30:51";2026;6259;250002537979;-3;"#NE";1;"BRASILEIRA NATA";-3;"PRESIDENTE PRUDENTE";"37";"N";0;"NÃO INFORMADO";"3176572.53";"#NE";"S";"-1";"06012767720266260000";"-3";"#NE";"-3";"#NE";"NÃO";"#NULO";-1;"#NULO";"N";"N";-1;-1;"2026-08-05 15:07:31";8;"AGUARDANDO JULGAMENTO";"-1";"#NULO";"-1";"#NULO";-1;"#NULO";-1;"#NULO";-1;"#NULO";-1;"#NULO";"-1";"#NULO"
"15/08/2026";"19:30:51";2026;6259;250002538899;-3;"#NE";1;"BRASILEIRA NATA";-3;"CACULÉ";"53";"N";0;"NÃO INFORMADO";"1270629.01";"#NE";"S";"-1";"06015053720266260000";"-3";"#NE";"-3";"#NE";"NÃO";"#NULO";-1;"#NULO";"N";"N";-1;-1;"2026-08-06 15:55:28";8;"AGUARDANDO JULGAMENTO";"-1";"#NULO";"-1";"#NULO";-1;"#NULO";-1;"#NULO";-1;"#NULO";-1;"#NULO";"-1";"#NULO"
"15/08/2026";"19:30:51";2026;6259;250002538902;-3;"#NE";1;"BRASILEIRA NATA";-3;"PATOS";"46";"N";-1;"#NULO";"1270629.01";"#NE";"N";"-1";"06014854620266260000";"-3";"#NE";"-3";"#NE";"NÃO";"#NULO";-1;"#NULO";"N";"N";-1;-1;"2026-08-06 15:55:28";8;"AGUARDANDO JULGAMENTO";"-1";"#NULO";"-1";"#NULO";-1;"#NULO";-1;"#NULO";-1;"#NULO";-1;"#NULO";"-1";"#NULO"
"15/08/2026";"19:30:51";2026;6259;250002538922;-3;"#NE";1;"BRASILEIRA NATA";-3;"RIO DE JANEIRO";"80";"N";-1;"#NULO";"1270629.01";"#NE";"S";"-1";"06015288020266260000";"-3";"#NE";"-3";"#NE";"NÃO";"#NULO";-1;"#NULO";"N";"N";-1;-1;"2026-08-06 15:55:28";8;"AGUARDANDO JULGAMENTO";"-1";"#NULO";"-1";"#NULO";-1;"#NULO";-1;"#NULO";-1;"#NULO";-1;"#NULO";"-1";"#NULO"
"15/08/2026";"19:30:51";2026;6259;250002538932;-3;"#NE";1;"BRASILEIRA NATA";-3;"CASA BRANCA";"36";"N";-1;"#NULO";"1270629.01";"#NE";"S";"-1";"06014984520266260000";"-3";"#NE";"-3";"#NE";"NÃO";"#NULO";-1;"#NULO";"N";"N";-1;-1;"2026-08-06 15:55:28";8;"AGUARDANDO JULGAMENTO";"-1";"#NULO";"-1";"#NULO";-1;"#NULO";-1;"#NULO";-1;"#NULO";-1;"#NULO";"-1";"#NULO"
"15/08/2026";"19:30:51";2026;6259;250002539248;-3;"#NE";1;"BRASILEIRA NATA";-3;"BELÉM";"57";"N";0;"NÃO INFORMADO";"1270629.01";"#NE";"S";"-1";"06013746220266260000";"-3";"#NE";"-3";"#NE";"NÃO";"#NULO";-1;"#NULO";"N";"N";-1;-1;"2026-08-06 14:28:06";8;"AGUARDANDO JULGAMENTO";"-1";"#NULO";"-1";"#NULO";-1;"#NULO";-1;"#NULO";-1;"#NULO";-1;"#NULO";"-1";"#NULO"
"15/08/2026";"19:30:51";2026;6259;250002539249;-3;"#NE";1;"BRASILEIRA NATA";-3;"CATOLÉ DO ROCHA";"47";"N";0;"NÃO INFORMADO";"1270629.01";"#NE";"N";"-1";"06013304320266260000";"-3";"#NE";"-3";"#NE";"NÃO";"#NULO";-1;"#NULO";"N";"N";-1;-1;"2026-08-06 14:28:06";8;"AGUARDANDO JULGAMENTO";"-1";"#NULO";"-1";"#NULO";-1;"#NULO";-1;"#NULO";-1;"#NULO";-1;"#NULO";"-1";"#NULO"
"15/08/2026";"19:30:51";2026;6259;250002539250;-3;"#NE";1;"BRASILEIRA NATA";-3;"CONCEIÇÃO";"77";"N";0;"NÃO INFORMADO";"1270629.01";"#NE";"S";"-1";"06013538620266260000";"-3";"#NE";"-3";"#NE";"NÃO";"#NULO";-1;"#NULO";"N";"N";-1;-1;"2026-08-06 14:28:06";8;"AGUARDANDO JULGAMENTO";"-1";"#NULO";"-1";"#NULO";-1;"#NULO";-1;"#NULO";-1;"#NULO";-1;"#NULO";"-1";"#NULO"
"15/08/2026";"19:30:51";2026;6259;250002539262;-3;"#NE";1;"BRASILEIRA NATA";-3;"MIRANDÓPOLIS";"48";"N";-1;"#NULO";"1270629.01";"#NE";"S";"-1";"06013641820266260000";"-3";"#NE";"-3";"#NE";"NÃO";"#NULO";-1;"#NULO";"N";"N";-1;-1;"2026-08-06 14:28:06";8;"AGUARDANDO JULGAMENTO";"-1";"#NULO";"-1";"#NULO";-1;"#NULO";-1;"#NULO";-1;"#NULO";-1;"#NULO";"-1";"#NULO"
"15/08/2026";"19:30:51";2026;6259;250002539277;-3;"#NE";1;"BRASILEIRA NATA";-3;"FRANCA";"55";"N";0;"NÃO INFORMADO";"1270629.01";"#NE";"S";"-1";"06013771720266260000";"-3";"#NE";"-3";"#NE";"NÃO";"#NULO";-1;"#NULO";"N";"N";-1;-1;"2026-08-06 14:28:06";8;"AGUARDANDO JULGAMENTO";"-1";"#NULO";"-1";"#NULO";-1;"#NULO";-1;"#NULO";-1;"#NULO";-1;"#NULO";"-1";"#NULO"
"15/08/2026";"19:30:51";2026;6259;250002539276;-3;"#NE";1;"BRASILEIRA NATA";-3;"CUBATÃO";"35";"N";0;"NÃO INFORMADO";"1270629.01";"#NE";"S";"-1";"06013520420266260000";"-3";"#NE";"-3";"#NE";"NÃO";"#NULO";-1;"#NULO";"N";"N";-1;-1;"2026-08-06 14:28:06";8;"AGUARDANDO JULGAMENTO";"-1";"#NULO";"-1";"#NULO";-1;"#NULO";-1;"#NULO";-1;"#NULO";-1;"#NULO";"-1";"#NULO"
"15/08/2026";"19:30:51";2026;6259;250002539285;-3;"#NE";1;"BRASILEIRA NATA";-3;"RIBEIRÃO PRETO";"61";"N";-1;"#NULO";"1270629.01";"#NE";"S";"-1";"06013763220266260000";"-3";"#NE";"-3";"#NE";"NÃO";"#NULO";-1;"#NULO";"N";"N";-1;-1;"2026-08-06 14:28:06";8;"AGUARDANDO JULGAMENTO";"-1";"#NULO";"-1";"#NULO";-1;"#NULO";-1;"#NULO";-1;"#NULO";-1;"#NULO";"-1";"#NULO"
"15/08/2026";"19:30:51";2026;6259;250002539287;-3;"#NE";1;"BRASILEIRA NATA";-3;"RIO DAS PEDRAS";"72";"N";-1;"#NULO";"1270629.01";"#NE";"S";"-1";"06013876120266260000";"-3";"#NE";"-3";"#NE";"NÃO";"#NULO";-1;"#NULO";"N";"N";-1;-1;"2026-08-06 14:28:06";8;"AGUARDANDO JULGAMENTO";"-1";"#NULO";"-1";"#NULO";-1;"#NULO";-1;"#NULO";-1;"#NULO";-1;"#NULO";"-1";"#NULO"
"15/08/2026";"19:30:51";2026;6259;250002539291;-3;"#NE";1;"BRASILEIRA NATA";-3;"SANTO ANDRÉ";"56";"N";-1;"#NULO";"1270629.01";"#NE";"S";"-1";"06013511920266260000";"-3";"#NE";"-3";"#NE";"NÃO";"#NULO";-1;"#NULO";"N";"N";-1;-1;"2026-08-06 14:28:06";8;"AGUARDANDO JULGAMENTO";"-1";"#NULO";"-1";"#NULO";-1;"#NULO";-1;"#NULO";-1;"#NULO";-1;"#NULO";"-1";"#NULO"
"15/08/2026";"19:30:51";2026;6259;250002539295;-3;"#NE";1;"BRASILEIRA NATA";-3;"SÃO BERNARDO DO CAMPO";"56";"N";-1;"#NULO";"1270629.01";"#NE";"N";"-1";"06013339520266260000";"-3";"#NE";"-3";"#NE";"NÃO";"#NULO";-1;"#NULO";"N";"N";-1;-1;"2026-08-06 14:28:06";8;"AGUARDANDO JULGAMENTO";"-1";"#NULO";"-1";"#NULO";-1;"#NULO";-1;"#NULO";-1;"#NULO";-1;"#NULO";"-1";"#NULO"
"15/08/2026";"19:30:51";2026;6259;250002539297;-3;"#NE";1;"BRASILEIRA NATA";-3;"SÃO CARLOS";"60";"N";-1;"#NULO";"1270629.01";"#NE";"N";"-1";"06013798420266260000";"-3";"#NE";"-3";"#NE";"NÃO";"#NULO";-1;"#NULO";"N";"N";-1;-1;"2026-08-06 14:28:06";8;"AGUARDANDO JULGAMENTO";"-1";"#NULO";"-1";"#NULO";-1;"#NULO";-1;"#NULO";-1;"#NULO";-1;"#NULO";"-1";"#NULO"
"15/08/2026";"19:30:51";2026;6259;250002539300;-3;"#NE";1;"BRASILEIRA NATA";-3;"SÃO PAULO";"53";"N";-1;"#NULO";"1270629.01";"#NE";"S";"-1";"06013417220266260000";"-3";"#NE";"-3";"#NE";"NÃO";"#NULO";-1;"#NULO";"N";"N";-1;-1;"2026-08-06 14:28:06";8;"AGUARDANDO JULGAMENTO";"-1";"#NULO";"-1";"#NULO";-1;"#NULO";-1;"#NULO";-1;"#NULO";-1;"#NULO";"-1";"#NULO"
"15/08/2026";"19:30:51";2026;6259;250002539323;-3;"#NE";1;"BRASILEIRA NATA";-3;"TAUBATÉ";"29";"N";0;"NÃO INFORMADO";"1270629.01";"#NE";"N";"-1";"06013970820266260000";"-3";"#NE";"-3";"#NE";"NÃO";"#NULO";-1;"#NULO";"N";"N";-1;-1;"2026-08-06 14:28:06";8;"AGUARDANDO JULGAMENTO";"-1";"#NULO";"-1";"#NULO";-1;"#NULO";-1;"#NULO";-1;"#NULO";-1;"#NULO";"-1";"#NULO"
"15/08/2026";"19:30:51";2026;6259;250002539326;-3;"#NE";1;"BRASILEIRA NATA";-3;"SALVADOR";"59";"N";-1;"#NULO";"1270629.01";"#NE";"N";"-1";"06013936820266260000";"-3";"#NE";"-3";"#NE";"NÃO";"#NULO";-1;"#NULO";"N";"N";-1;-1;"2026-08-06 14:28:06";8;"AGUARDANDO JULGAMENTO";"-1";"#NULO";"-1";"#NULO";-1;"#NULO";-1;"#NULO";-1;"#NULO";-1;"#NULO";"-1";"#NULO"
"15/08/2026";"19:30:51";2026;6259;250002539395;-3;"#NE";1;"BRASILEIRA NATA";-3;"RECIFE";"59";"N";-1;"#NULO";"3176572.53";"#NE";"N";"-1";"06014282820266260000";"-3";"#NE";"-3";"#NE";"NÃO";"#NULO";-1;"#NULO";"N";"N";-1;-1;"2026-08-06 14:46:28";8;"AGUARDANDO JULGAMENTO";"-1";"#NULO";"-1";"#NULO";-1;"#NULO";-1;"#NULO";-1;"#NULO";-1;"#NULO";"-1";"#NULO"
"15/08/2026";"19:30:51";2026;6259;250002539404;-3;"#NE";1;"BRASILEIRA NATA";-3;"MAIRINQUE";"49";"N";0;"NÃO INFORMADO";"3176572.53";"#NE";"S";"-1";"06014594820266260000";"-3";"#NE";"-3";"#NE";"NÃO";"#NULO";-1;"#NULO";"N";"N";-1;-1;"2026-08-06 14:46:28";8;"AGUARDANDO JULGAMENTO";"-1";"#NULO";"-1";"#NULO";-1;"#NULO";-1;"#NULO";-1;"#NULO";-1;"#NULO";"-1";"#NULO"
"15/08/2026";"19:30:51";2026;6259;250002539418;-3;"#NE";1;"BRASILEIRA NATA";-3;"MILAGRES";"57";"N";0;"NÃO INFORMADO";"3176572.53";"#NE";"N";"-1";"06014222120266260000";"-3";"#NE";"-3";"#NE";"NÃO";"#NULO";-1;"#NULO";"N";"N";-1;-1;"2026-08-06 14:46:28";8;"AGUARDANDO JULGAMENTO";"-1";"#NULO";"-1";"#NULO";-1;"#NULO";-1;"#NULO";-1;"#NULO";-1;"#NULO";"-1";"#NULO"
"15/08/2026";"19:30:51";2026;6259;250002539435;-3;"#NE";1;"BRASILEIRA NATA";-3;"SÃO PAULO";"33";"N";0;"NÃO INFORMADO";"3176572.53";"#NE";"S";"-1";"06014551120266260000";"-3";"#NE";"-3";"#NE";"NÃO";"#NULO";-1;"#NULO";"N";"N";-1;-1;"2026-08-06 14:46:28";8;"AGUARDANDO JULGAMENTO";"-1";"#NULO";"-1";"#NULO";-1;"#NULO";-1;"#NULO";-1;"#NULO";-1;"#NULO";"-1";"#NULO"
"15/08/2026";"19:30:51";2026;6259;250002539446;-3;"#NE";1;"BRASILEIRA NATA";-3;"SÃO PAULO";"35";"N";0;"NÃO INFORMADO";"3176572.53";"#NE";"N";"-1";"06014118920266260000";"-3";"#NE";"-3";"#NE";"NÃO";"#NULO";-1;"#NULO";"N";"N";-1;-1;"2026-08-06 14:46:28";8;"AGUARDANDO JULGAMENTO";"-1";"#NULO";"-1";"#NULO";-1;"#NULO";-1;"#NULO";-1;"#NULO";-1;"#NULO";"-1";"#NULO"
"15/08/2026";"19:30:51";2026;6259;250002539453;-3;"#NE";1;"BRASILEIRA NATA";-3;"SUZANO";"29";"N";-1;"#NULO";"3176572.53";"#NE";"S";"-1";"06014439420266260000";"-3";"#NE";"-3";"#NE";"NÃO";"#NULO";-1;"#NULO";"N";"N";-1;-1;"2026-08-06 14:46:28";8;"AGUARDANDO JULGAMENTO";"-1";"#NULO";"-1";"#NULO";-1;"#NULO";-1;"#NULO";-1;"#NULO";-1;"#NULO";"-1";"#NULO"
"15/08/2026";"19:30:51";2026;6259;250002539454;-3;"#NE";1;"BRASILEIRA NATA";-3;"SUZANO";"34";"N";0;"NÃO INFORMADO";"3176572.53";"#NE";"S";"-1";"06014517120266260000";"-3";"#NE";"-3";"#NE";"NÃO";"#NULO";-1;"#NULO";"N";"N";-1;-1;"2026-08-06 14:46:28";8;"AGUARDANDO JULGAMENTO";"-1";"#NULO";"-1";"#NULO";-1;"#NULO";-1;"#NULO";-1;"#NULO";-1;"#NULO";"-1";"#NULO"
"15/08/2026";"19:30:51";2026;6259;250002539593;-3;"#NE";1;"BRASILEIRA NATA";-3;"AMARANTE DO MARANHÃO";"53";"N";0;"NÃO INFORMADO";"3176572.53";"#NE";"S";"-1";"06015937520266260000";"-3";"#NE";"-3";"#NE";"NÃO";"#NULO";-1;"#NULO";"N";"N";-1;-1;"2026-08-06 17:34:34";8;"AGUARDANDO JULGAMENTO";"-1";"#NULO";"-1";"#NULO";-1;"#NULO";-1;"#NULO";-1;"#NULO";-1;"#NULO";"-1";"#NULO"
"15/08/2026";"19:30:51";2026;6259;250002539600;-3;"#NE";1;"BRASILEIRA NATA";-3;"JAÚ";"66";"N";-1;"#NULO";"3176572.53";"#NE";"S";"-1";"06015651020266260000";"-3";"#NE";"-3";"#NE";"NÃO";"#NULO";-1;"#NULO";"N";"N";-1;-1;"2026-08-06 17:34:34";8;"AGUARDANDO JULGAMENTO";"-1";"#NULO";"-1";"#NULO";-1;"#NULO";-1;"#NULO";-1;"#NULO";-1;"#NULO";"-1";"#NULO"
"15/08/2026";"19:30:51";2026;6259;250002539606;-3;"#NE";1;"BRASILEIRA NATA";-3;"RIO DE JANEIRO";"33";"N";0;"NÃO INFORMADO";"3176572.53";"#NE";"N";"-1";"06015590320266260000";"-3";"#NE";"-3";"#NE";"NÃO";"#NULO";-1;"#NULO";"N";"N";-1;-1;"2026-08-06 17:34:34";8;"AGUARDANDO JULGAMENTO";"-1";"#NULO";"-1";"#NULO";-1;"#NULO";-1;"#NULO";-1;"#NULO";-1;"#NULO";"-1";"#NULO"
"15/08/2026";"19:30:51";2026;6259;250002539610;-3;"#NE";1;"BRASILEIRA NATA";-3;"ATIBAIA";"38";"N";0;"NÃO INFORMADO";"3176572.53";"#NE";"N";"-1";"06015946020266260000";"-3";"#NE";"-3";"#NE";"NÃO";"#NULO";-1;"#NULO";"N";"N";-1;-1;"2026-08-06 17:34:34";8;"AGUARDANDO JULGAMENTO";"-1";"#NULO";"-1";"#NULO";-1;"#NULO";-1;"#NULO";-1;"#NULO";-1;"#NULO";"-1";"#NULO"
"15/08/2026";"19:30:51";2026;6259;250002539609;-3;"#NE";1;"BRASILEIRA NATA";-3;"ANDRADINA";"63";"N";-1;"#NULO";"3176572.53";"#NE";"S";"-1";"06015816120266260000";"-3";"#NE";"-3";"#NE";"NÃO";"#NULO";-1;"#NULO";"N";"N";-1;-1;"2026-08-06 17:34:34";8;"AGUARDANDO JULGAMENTO";"-1";"#NULO";"-1";"#NULO";-1;"#NULO";-1;"#NULO";-1;"#NULO";-1;"#NULO";"-1";"#NULO"
"15/08/2026";"19:30:51";2026;6259;250002539616;-3;"#NE";1;"BRASILEIRA NATA";-3;"SANTOS";"52";"N";-1;"#NULO";"3176572.53";"#NE";"N";"-1";"06015564820266260000";"-3";"#NE";"-3";"#NE";"NÃO";"#NULO";-1;"#NULO";"N";"N";-1;-1;"2026-08-06 17:34:34";8;"AGUARDANDO JULGAMENTO";"-1";"#NULO";"-1";"#NULO";-1;"#NULO";-1;"#NULO";-1;"#NULO";-1;"#NULO";"-1";"#NULO"
"15/08/2026";"19:30:51";2026;6259;250002539619;-3;"#NE";1;"BRASILEIRA NATA";-3;"SÃO PAULO";"41";"N";-1;"#NULO";"3176572.53";"#NE";"N";"-1";"06015677720266260000";"-3";"#NE";"-3";"#NE";"NÃO";"#NULO";-1;"#NULO";"N";"N";-1;-1;"2026-08-06 17:34:34";8;"AGUARDANDO JULGAMENTO";"-1";"#NULO";"-1";"#NULO";-1;"#NULO";-1;"#NULO";-1;"#NULO";-1;"#NULO";"-1";"#NULO"
"15/08/2026";"19:30:51";2026;6259;250002539626;-3;"#NE";1;"BRASILEIRA NATA";-3;"SÃO PAULO";"35";"N";0;"NÃO INFORMADO";"3176572.53";"#NE";"S";"-1";"06015833120266260000";"-3";"#NE";"-3";"#NE";"NÃO";"#NULO";-1;"#NULO";"N";"N";-1;-1;"2026-08-06 17:34:34";8;"AGUARDANDO JULGAMENTO";"-1";"#NULO";"-1";"#NULO";-1;"#NULO";-1;"#NULO";-1;"#NULO";-1;"#NULO";"-1";"#NULO"
"15/08/2026";"19:30:51";2026;6259;250002539934;-3;"#NE";1;"BRASILEIRA NATA";-3;"UIRAÚNA";"92";"N";-1;"#NULO";"1270629.01";"#NE";"S";"-1";"06014967520266260000";"-3";"#NE";"-3";"#NE";"NÃO";"#NULO";-1;"#NULO";"N";"N";-1;-1;"2026-08-06 15:55:28";8;"AGUARDANDO JULGAMENTO";"-1";"#NULO";"-1";"#NULO";-1;"#NULO";-1;"#NULO";-1;"#NULO";-1;"#NULO";"-1";"#NULO"
"15/08/2026";"19:30:51";2026;6259;250002540561;-3;"#NE";1;"BRASILEIRA NATA";-3;"CAMPINAS";"35";"N";0;"NÃO INFORMADO";"1270629.01";"#NE";"N";"-1";"06016128120266260000";"-3";"#NE";"-3";"#NE";"NÃO";"#NULO";-1;"#NULO";"N";"N";-1;-1;"2026-08-07 12:07:18";8;"AGUARDANDO JULGAMENTO";"-1";"#NULO";"-1";"#NULO";-1;"#NULO";-1;"#NULO";-1;"#NULO";-1;"#NULO";"-1";"#NULO"
"15/08/2026";"19:30:51";2026;6259;250002540564;-3;"#NE";1;"BRASILEIRA NATA";-3;"SÃO PAULO";"59";"N";0;"NÃO INFORMADO";"1270629.01";"#NE";"S";"-1";"06016742420266260000";"-3";"#NE";"-3";"#NE";"NÃO";"#NULO";-1;"#NULO";"N";"N";-1;-1;"2026-08-07 12:07:18";8;"AGUARDANDO JULGAMENTO";"-1";"#NULO";"-1";"#NULO";-1;"#NULO";-1;"#NULO";-1;"#NULO";-1;"#NULO";"-1";"#NULO"
"15/08/2026";"19:30:51";2026;6259;250002540572;-3;"#NE";1;"BRASILEIRA NATA";-3;"RIO DE JANEIRO";"56";"N";-1;"#NULO";"1270629.01";"#NE";"N";"-1";"06016803120266260000";"-3";"#NE";"-3";"#NE";"NÃO";"#NULO";-1;"#NULO";"N";"N";-1;-1;"2026-08-07 12:07:18";8;"AGUARDANDO JULGAMENTO";"-1";"#NULO";"-1";"#NULO";-1;"#NULO";-1;"#NULO";-1;"#NULO";-1;"#NULO";"-1";"#NULO"
"15/08/2026";"19:30:51";2026;6259;250002540580;-3;"#NE";1;"BRASILEIRA NATA";-3;"SÃO PAULO";"82";"N";0;"NÃO INFORMADO";"1270629.01";"#NE";"S";"-1";"06016327220266260000";"-3";"#NE";"-3";"#NE";"NÃO";"#NULO";-1;"#NULO";"N";"N";-1;-1;"2026-08-07 12:07:18";8;"AGUARDANDO JULGAMENTO";"-1";"#NULO";"-1";"#NULO";-1;"#NULO";-1;"#NULO";-1;"#NULO";-1;"#NULO";"-1";"#NULO"
"15/08/2026";"19:30:51";2026;6259;250002540589;-3;"#NE";1;"BRASILEIRA NATA";-3;"CRUZEIRO";"41";"N";0;"NÃO INFORMADO";"1270629.01";"#NE";"S";"-1";"06016941520266260000";"-3";"#NE";"-3";"#NE";"NÃO";"#NULO";-1;"#NULO";"N";"N";-1;-1;"2026-08-07 12:07:18";8;"AGUARDANDO JULGAMENTO";"-1";"#NULO";"-1";"#NULO";-1;"#NULO";-1;"#NULO";-1;"#NULO";-1;"#NULO";"-1";"#NULO"
"15/08/2026";"19:30:51";2026;6259;250002540588;-3;"#NE";1;"BRASILEIRA NATA";-3;"SÃO PAULO";"47";"N";-1;"#NULO";"1270629.01";"#NE";"S";"-1";"06016976720266260000";"-3";"#NE";"-3";"#NE";"NÃO";"#NULO";-1;"#NULO";"N";"N";-1;-1;"2026-08-07 12:07:18";8;"AGUARDANDO JULGAMENTO";"-1";"#NULO";"-1";"#NULO";-1;"#NULO";-1;"#NULO";-1;"#NULO";-1;"#NULO";"-1";"#NULO"
"15/08/2026";"19:30:51";2026;6259;250002540879;-3;"#NE";1;"BRASILEIRA NATA";-3;"CAIEIRAS";"42";"N";-1;"#NULO";"1270629.01";"#NE";"S";"-1";"06016924520266260000";"-3";"#NE";"-3";"#NE";"NÃO";"#NULO";-1;"#NULO";"N";"N";-1;-1;"2026-08-07 12:07:18";8;"AGUARDANDO JULGAMENTO";"-1";"#NULO";"-1";"#NULO";-1;"#NULO";-1;"#NULO";-1;"#NULO";-1;"#NULO";"-1";"#NULO"
"15/08/2026";"19:30:51";2026;6259;250002540883;-3;"#NE";1;"BRASILEIRA NATA";-3;"SÃO JOSÉ DO RIO PRETO";"57";"N";0;"NÃO INFORMADO";"1270629.01";"#NE";"S";"-1";"06016318720266260000";"-3";"#NE";"-3";"#NE";"NÃO";"#NULO";-1;"#NULO";"N";"N";-1;-1;"2026-08-07 12:07:18";8;"AGUARDANDO JULGAMENTO";"-1";"#NULO";"-1";"#NULO";-1;"#NULO";-1;"#NULO";-1;"#NULO";-1;"#NULO";"-1";"#NULO"
"15/08/2026";"19:30:51";2026;6259;250002540886;-3;"#NE";1;"BRASILEIRA NATA";-3;"SÃO PAULO";"41";"N";0;"NÃO INFORMADO";"1270629.01";"#NE";"S";"-1";"06016067420266260000";"-3";"#NE";"-3";"#NE";"NÃO";"#NULO";-1;"#NULO";"N";"N";-1;-1;"2026-08-07 12:07:18";8;"AGUARDANDO JULGAMENTO";"-1";"#NULO";"-1";"#NULO";-1;"#NULO";-1;"#NULO";-1;"#NULO";-1;"#NULO";"-1";"#NULO"
"15/08/2026";"19:30:51";2026;6259;250002540889;-3;"#NE";1;"BRASILEIRA NATA";-3;"CARAPICUÍBA";"49";"N";0;"NÃO INFORMADO";"1270629.01";"#NE";"S";"-1";"06016769120266260000";"-3";"#NE";"-3";"#NE";"NÃO";"#NULO";-1;"#NULO";"N";"N";-1;-1;"2026-08-07 12:07:18";8;"AGUARDANDO JULGAMENTO";"-1";"#NULO";"-1";"#NULO";-1;"#NULO";-1;"#NULO";-1;"#NULO";-1;"#NULO";"-1";"#NULO"
"15/08/2026";"19:30:51";2026;6259;250002540890;-3;"#NE";1;"BRASILEIRA NATA";-3;"SANTOS";"56";"N";0;"NÃO INFORMADO";"1270629.01";"#NE";"S";"-1";"06016578520266260000";"-3";"#NE";"-3";"#NE";"NÃO";"#NULO";-1;"#NULO";"N";"N";-1;-1;"2026-08-07 12:07:18";8;"AGUARDANDO JULGAMENTO";"-1";"#NULO";"-1";"#NULO";-1;"#NULO";-1;"#NULO";-1;"#NULO";-1;"#NULO";"-1";"#NULO"
"15/08/2026";"19:30:51";2026;6259;250002540892;-3;"#NE";1;"BRASILEIRA NATA";-3;"SÃO PAULO";"49";"N";0;"NÃO INFORMADO";"1270629.01";"#NE";"S";"-1";"06016639220266260000";"-3";"#NE";"-3";"#NE";"NÃO";"#NULO";-1;"#NULO";"N";"N";-1;-1;"2026-08-07 12:07:18";8;"AGUARDANDO JULGAMENTO";"-1";"#NULO";"-1";"#NULO";-1;"#NULO";-1;"#NULO";-1;"#NULO";-1;"#NULO";"-1";"#NULO"
"15/08/2026";"19:30:51";2026;6259;250002540901;-3;"#NE";1;"BRASILEIRA NATA";-3;"SANTOS";"76";"N";-1;"#NULO";"1270629.01";"#NE";"S";"-1";"06016621020266260000";"-3";"#NE";"-3";"#NE";"NÃO";"#NULO";-1;"#NULO";"N";"N";-1;-1;"2026-08-07 12:07:18";8;"AGUARDANDO JULGAMENTO";"-1";"#NULO";"-1";"#NULO";-1;"#NULO";-1;"#NULO";-1;"#NULO";-1;"#NULO";"-1";"#NULO"
"15/08/2026";"19:30:51";2026;6259;250002540907;-3;"#NE";1;"BRASILEIRA NATA";-3;"SÃO PAULO";"78";"N";-1;"#NULO";"1270629.01";"#NE";"S";"-1";"06016899020266260000";"-3";"#NE";"-3";"#NE";"NÃO";"#NULO";-1;"#NULO";"N";"N";-1;-1;"2026-08-07 12:07:18";8;"AGUARDANDO JULGAMENTO";"-1";"#NULO";"-1";"#NULO";-1;"#NULO";-1;"#NULO";-1;"#NULO";-1;"#NULO";"-1";"#NULO"
"15/08/2026";"19:30:51";2026;6259;250002540924;-3;"#NE";1;"BRASILEIRA NATA";-3;"PORTO RICO";"56";"N";0;"NÃO INFORMADO";"1270629.01";"#NE";"S";"-1";"06016656220266260000";"-3";"#NE";"-3";"#NE";"NÃO";"#NULO";-1;"#NULO";"N";"N";-1;-1;"2026-08-07 12:07:18";8;"AGUARDANDO JULGAMENTO";"-1";"#NULO";"-1";"#NULO";-1;"#NULO";-1;"#NULO";-1;"#NULO";-1;"#NULO";"-1";"#NULO"
"15/08/2026";"19:30:51";2026;6259;250002541094;-3;"#NE";1;"BRASILEIRA NATA";-3;"PIRASSUNUNGA";"42";"N";0;"NÃO INFORMADO";"3176572.53";"#NE";"N";"-1";"06017331220266260000";"-3";"#NE";"-3";"#NE";"NÃO";"#NULO";-1;"#NULO";"N";"N";-1;-1;"2026-08-07 12:15:27";8;"AGUARDANDO JULGAMENTO";"-1";"#NULO";"-1";"#NULO";-1;"#NULO";-1;"#NULO";-1;"#NULO";-1;"#NULO";"-1";"#NULO"
"15/08/2026";"19:30:51";2026;6259;250002541114;-3;"#NE";1;"BRASILEIRA NATA";-3;"CAMPINAS";"64";"N";0;"NÃO INFORMADO";"3176572.53";"#NE";"S";"-1";"06017496320266260000";"-3";"#NE";"-3";"#NE";"NÃO";"#NULO";-1;"#NULO";"N";"N";-1;-1;"2026-08-07 12:15:27";8;"AGUARDANDO JULGAMENTO";"-1";"#NULO";"-1";"#NULO";-1;"#NULO";-1;"#NULO";-1;"#NULO";-1;"#NULO";"-1";"#NULO"
"15/08/2026";"19:30:51";2026;6259;250002541127;-3;"#NE";1;"BRASILEIRA NATA";-3;"SANTA BÁRBARA D OESTE";"44";"N";0;"NÃO INFORMADO";"3176572.53";"#NE";"S";"-1";"06017037420266260000";"-3";"#NE";"-3";"#NE";"NÃO";"#NULO";-1;"#NULO";"N";"N";-1;-1;"2026-08-07 12:15:27";8;"AGUARDANDO JULGAMENTO";"-1";"#NULO";"-1";"#NULO";-1;"#NULO";-1;"#NULO";-1;"#NULO";-1;"#NULO";"-1";"#NULO"
"15/08/2026";"19:30:51";2026;6259;250002541134;-3;"#NE";1;"BRASILEIRA NATA";-3;"SÃO PAULO";"30";"N";0;"NÃO INFORMADO";"3176572.53";"#NE";"N";"-1";"06017322720266260000";"-3";"#NE";"-3";"#NE";"NÃO";"#NULO";-1;"#NULO";"N";"N";-1;-1;"2026-08-07 12:15:27";8;"AGUARDANDO JULGAMENTO";"-1";"#NULO";"-1";"#NULO";-1;"#NULO";-1;"#NULO";-1;"#NULO";-1;"#NULO";"-1";"#NULO"
"15/08/2026";"19:30:51";2026;6259;250002541141;-3;"#NE";1;"BRASILEIRA NATA";-3;"SÃO PAULO";"49";"N";-1;"#NULO";"3176572.53";"#NE";"S";"-1";"06017253520266260000";"-3";"#NE";"-3";"#NE";"NÃO";"#NULO";-1;"#NULO";"N";"N";-1;-1;"2026-08-07 12:15:27";8;"AGUARDANDO JULGAMENTO";"-1";"#NULO";"-1";"#NULO";-1;"#NULO";-1;"#NULO";-1;"#NULO";-1;"#NULO";"-1";"#NULO"
"15/08/2026";"19:30:51";2026;6259;250002541142;-3;"#NE";1;"BRASILEIRA NATA";-3;"SÃO PAULO";"51";"N";0;"NÃO INFORMADO";"3176572.53";"#NE";"S";"-1";"06017557020266260000";"-3";"#NE";"-3";"#NE";"NÃO";"#NULO";-1;"#NULO";"N";"N";-1;-1;"2026-08-07 12:15:27";8;"AGUARDANDO JULGAMENTO";"-1";"#NULO";"-1";"#NULO";-1;"#NULO";-1;"#NULO";-1;"#NULO";-1;"#NULO";"-1";"#NULO"
"15/08/2026";"19:30:51";2026;6259;250002541145;-3;"#NE";1;"BRASILEIRA NATA";-3;"SOROCABA";"67";"N";-1;"#NULO";"3176572.53";"#NE";"S";"-1";"06017651720266260000";"-3";"#NE";"-3";"#NE";"NÃO";"#NULO";-1;"#NULO";"N";"N";-1;-1;"2026-08-07 12:15:27";8;"AGUARDANDO JULGAMENTO";"-1";"#NULO";"-1";"#NULO";-1;"#NULO";-1;"#NULO";-1;"#NULO";-1;"#NULO";"-1";"#NULO"
"15/08/2026";"19:30:51";2026;6259;250002541151;-3;"#NE";1;"BRASILEIRA NATA";-3;"SÃO PAULO";"56";"N";-1;"#NULO";"3176572.53";"#NE";"S";"-1";"06017435620266260000";"-3";"#NE";"-3";"#NE";"NÃO";"#NULO";-1;"#NULO";"N";"N";-1;-1;"2026-08-07 12:15:27";8;"AGUARDANDO JULGAMENTO";"-1";"#NULO";"-1";"#NULO";-1;"#NULO";-1;"#NULO";-1;"#NULO";-1;"#NULO";"-1";"#NULO"
"15/08/2026";"19:30:51";2026;6259;250002541167;-3;"#NE";1;"BRASILEIRA NATA";-3;"SÃO PAULO";"53";"N";-1;"#NULO";"1270629.01";"#NE";"S";"-1";"06017739120266260000";"-3";"#NE";"-3";"#NE";"NÃO";"#NULO";-1;"#NULO";"N";"N";-1;-1;"2026-08-07 13:05:46";8;"AGUARDANDO JULGAMENTO";"-1";"#NULO";"-1";"#NULO";-1;"#NULO";-1;"#NULO";-1;"#NULO";-1;"#NULO";"-1";"#NULO"
"15/08/2026";"19:30:51";2026;6259;250002541169;-3;"#NE";1;"BRASILEIRA NATA";-3;"JEQUITINHONHA";"36";"N";-1;"#NULO";"1270629.01";"#NE";"N";"-1";"06017720920266260000";"-3";"#NE";"-3";"#NE";"NÃO";"#NULO";-1;"#NULO";"N";"N";-1;-1;"2026-08-07 13:05:46";8;"AGUARDANDO JULGAMENTO";"-1";"#NULO";"-1";"#NULO";-1;"#NULO";-1;"#NULO";-1;"#NULO";-1;"#NULO";"-1";"#NULO"
"15/08/2026";"19:30:51";2026;6259;250002541302;-3;"#NE";1;"BRASILEIRA NATA";-3;"SÃO PAULO";"58";"N";-1;"#NULO";"-1";"#NE";"S";"-1";"06018648420266260000";"-3";"#NE";"-3";"#NE";"NÃO";"#NULO";-1;"#NULO";"N";"N";-1;-1;"2026-08-07 17:42:13";8;"AGUARDANDO JULGAMENTO";"-1";"#NULO";"-1";"#NULO";-1;"#NULO";-1;"#NULO";-1;"#NULO";-1;"#NULO";"-1";"#NULO"
"15/08/2026";"19:30:51";2026;6259;250002541311;-3;"#NE";1;"BRASILEIRA NATA";-3;"ITU";"44";"N";-1;"#NULO";"-1";"#NE";"S";"-1";"06018717620266260000";"-3";"#NE";"-3";"#NE";"NÃO";"#NULO";-1;"#NULO";"N";"N";-1;-1;"2026-08-07 18:01:41";8;"AGUARDANDO JULGAMENTO";"-1";"#NULO";"-1";"#NULO";-1;"#NULO";-1;"#NULO";-1;"#NULO";-1;"#NULO";"-1";"#NULO"
"15/08/2026";"19:30:51";2026;6259;250002541847;-3;"#NE";1;"BRASILEIRA NATA";-3;"BAURU";"63";"N";0;"NÃO INFORMADO";"1270629.01";"#NE";"S";"-1";"06018041420266260000";"-3";"#NE";"-3";"#NE";"NÃO";"#NULO";-1;"#NULO";"N";"N";-1;-1;"2026-08-07 16:31:02";8;"AGUARDANDO JULGAMENTO";"-1";"#NULO";"-1";"#NULO";-1;"#NULO";-1;"#NULO";-1;"#NULO";-1;"#NULO";"-1";"#NULO"
"15/08/2026";"19:30:51";2026;6259;250002541865;-3;"#NE";1;"BRASILEIRA NATA";-3;"SÃO PAULO";"41";"N";-1;"#NULO";"1270629.01";"#NE";"S";"-1";"06018353420266260000";"-3";"#NE";"-3";"#NE";"NÃO";"#NULO";-1;"#NULO";"N";"N";-1;-1;"2026-08-07 16:31:02";8;"AGUARDANDO JULGAMENTO";"-1";"#NULO";"-1";"#NULO";-1;"#NULO";-1;"#NULO";-1;"#NULO";-1;"#NULO";"-1";"#NULO"
"15/08/2026";"19:30:51";2026;6259;250002541866;-3;"#NE";1;"BRASILEIRA NATA";-3;"CAMPINAS";"28";"N";-1;"#NULO";"1270629.01";"#NE";"S";"-1";"06018032920266260000";"-3";"#NE";"-3";"#NE";"NÃO";"#NULO";-1;"#NULO";"N";"N";-1;-1;"2026-08-07 16:31:02";8;"AGUARDANDO JULGAMENTO";"-1";"#NULO";"-1";"#NULO";-1;"#NULO";-1;"#NULO";-1;"#NULO";-1;"#NULO";"-1";"#NULO"
"15/08/2026";"19:30:51";2026;6259;250002541869;-3;"#NE";1;"BRASILEIRA NATA";-3;"PINDOBAÇU";"45";"N";-1;"#NULO";"1270629.01";"#NE";"S";"-1";"06018198020266260000";"-3";"#NE";"-3";"#NE";"NÃO";"#NULO";-1;"#NULO";"N";"N";-1;-1;"2026-08-07 16:31:02";8;"AGUARDANDO JULGAMENTO";"-1";"#NULO";"-1";"#NULO";-1;"#NULO";-1;"#NULO";-1;"#NULO";-1;"#NULO";"-1";"#NULO"
"15/08/2026";"19:30:51";2026;6259;250002541870;-3;"#NE";1;"BRASILEIRA NATA";-3;"BARUERI";"44";"N";-1;"#NULO";"1270629.01";"#NE";"S";"-1";"06017955220266260000";"-3";"#NE";"-3";"#NE";"NÃO";"#NULO";-1;"#NULO";"N";"N";-1;-1;"2026-08-07 16:31:02";8;"AGUARDANDO JULGAMENTO";"-1";"#NULO";"-1";"#NULO";-1;"#NULO";-1;"#NULO";-1;"#NULO";-1;"#NULO";"-1";"#NULO"
"15/08/2026";"19:30:51";2026;6259;250002541868;-3;"#NE";1;"BRASILEIRA NATA";-3;"ARARUAMA";"44";"N";-1;"#NULO";"1270629.01";"#NE";"S";"-1";"06017963720266260000";"-3";"#NE";"-3";"#NE";"NÃO";"#NULO";-1;"#NULO";"N";"N";-1;-1;"2026-08-07 16:31:02";8;"AGUARDANDO JULGAMENTO";"-1";"#NULO";"-1";"#NULO";-1;"#NULO";-1;"#NULO";-1;"#NULO";-1;"#NULO";"-1";"#NULO"
"15/08/2026";"19:30:51";2026;6259;250002541887;-3;"#NE";1;"BRASILEIRA NATA";-3;"JABOTICABAL";"36";"N";-1;"#NULO";"1270629.01";"#NE";"S";"-1";"06017972220266260000";"-3";"#NE";"-3";"#NE";"NÃO";"#NULO";-1;"#NULO";"N";"N";-1;-1;"2026-08-07 16:31:02";8;"AGUARDANDO JULGAMENTO";"-1";"#NULO";"-1";"#NULO";-1;"#NULO";-1;"#NULO";-1;"#NULO";-1;"#NULO";"-1";"#NULO"
"15/08/2026";"19:30:51";2026;6259;250002541894;-3;"#NE";1;"BRASILEIRA NATA";-3;"CARATINGA";"60";"N";-1;"#NULO";"1270629.01";"#NE";"S";"-1";"06018240520266260000";"-3";"#NE";"-3";"#NE";"NÃO";"#NULO";-1;"#NULO";"N";"N";-1;-1;"2026-08-07 16:31:02";8;"AGUARDANDO JULGAMENTO";"-1";"#NULO";"-1";"#NULO";-1;"#NULO";-1;"#NULO";-1;"#NULO";-1;"#NULO";"-1";"#NULO"
"15/08/2026";"19:30:51";2026;6259;250002544288;-3;"#NE";1;"BRASILEIRA NATA";-3;"SÃO PAULO";"34";"N";-1;"#NULO";"3176572.53";"#NE";"S";"-1";"06018803820266260000";"-3";"#NE";"-3";"#NE";"NÃO";"#NULO";-1;"#NULO";"N";"N";-1;-1;"2026-08-10 12:27:10";8;"AGUARDANDO JULGAMENTO";"-1";"#NULO";"-1";"#NULO";-1;"#NULO";-1;"#NULO";-1;"#NULO";-1;"#NULO";"-1";"#NULO"
"15/08/2026";"19:30:51";2026;6259;250002544333;-3;"#NE";1;"BRASILEIRA NATA";-3;"SÃO PAULO";"53";"N";-1;"#NULO";"3176572.53";"#NE";"S";"-1";"06018873020266260000";"-3";"#NE";"-3";"#NE";"NÃO";"#NULO";-1;"#NULO";"N";"N";-1;-1;"2026-08-10 12:49:56";8;"AGUARDANDO JULGAMENTO";"-1";"#NULO";"-1";"#NULO";-1;"#NULO";-1;"#NULO";-1;"#NULO";-1;"#NULO";"-1";"#NULO"
"15/08/2026";"19:30:51";2026;6259;250002544334;-3;"#NE";1;"BRASILEIRA NATA";-3;"SANTO ANDRÉ";"47";"N";-1;"#NULO";"3176572.53";"#NE";"S";"-1";"06019063620266260000";"-3";"#NE";"-3";"#NE";"NÃO";"#NULO";-1;"#NULO";"N";"N";-1;-1;"2026-08-10 12:49:56";8;"AGUARDANDO JULGAMENTO";"-1";"#NULO";"-1";"#NULO";-1;"#NULO";-1;"#NULO";-1;"#NULO";-1;"#NULO";"-1";"#NULO"
"15/08/2026";"19:30:51";2026;6259;250002544335;-3;"#NE";1;"BRASILEIRA NATA";-3;"SANTOS";"49";"N";-1;"#NULO";"3176572.53";"#NE";"S";"-1";"06018942220266260000";"-3";"#NE";"-3";"#NE";"NÃO";"#NULO";-1;"#NULO";"N";"N";-1;-1;"2026-08-10 12:49:56";8;"AGUARDANDO JULGAMENTO";"-1";"#NULO";"-1";"#NULO";-1;"#NULO";-1;"#NULO";-1;"#NULO";-1;"#NULO";"-1";"#NULO"
"15/08/2026";"19:30:51";2026;6259;250002544353;-3;"#NE";1;"BRASILEIRA NATA";-3;"SÃO PAULO";"59";"N";-1;"#NULO";"3176572.53";"#NE";"S";"-1";"06019427820266260000";"-3";"#NE";"-3";"#NE";"NÃO";"#NULO";-1;"#NULO";"N";"N";-1;-1;"2026-08-10 12:49:56";8;"AGUARDANDO JULGAMENTO";"-1";"#NULO";"-1";"#NULO";-1;"#NULO";-1;"#NULO";-1;"#NULO";-1;"#NULO";"-1";"#NULO"
"15/08/2026";"19:30:51";2026;6259;250002544354;-3;"#NE";1;"BRASILEIRA NATA";-3;"SÃO VICENTE";"42";"N";-1;"#NULO";"3176572.53";"#NE";"S";"-1";"06018864520266260000";"-3";"#NE";"-3";"#NE";"NÃO";"#NULO";-1;"#NULO";"N";"N";-1;-1;"2026-08-10 12:49:56";8;"AGUARDANDO JULGAMENTO";"-1";"#NULO";"-1";"#NULO";-1;"#NULO";-1;"#NULO";-1;"#NULO";-1;"#NULO";"-1";"#NULO"
"15/08/2026";"19:30:51";2026;6259;250002544355;-3;"#NE";1;"BRASILEIRA NATA";-3;"MOGI DAS CRUZES";"43";"N";-1;"#NULO";"3176572.53";"#NE";"S";"-1";"06019401120266260000";"-3";"#NE";"-3";"#NE";"NÃO";"#NULO";-1;"#NULO";"N";"N";-1;-1;"2026-08-10 12:49:56";8;"AGUARDANDO JULGAMENTO";"-1";"#NULO";"-1";"#NULO";-1;"#NULO";-1;"#NULO";-1;"#NULO";-1;"#NULO";"-1";"#NULO"
"15/08/2026";"19:30:51";2026;6259;250002544358;-3;"#NE";1;"BRASILEIRA NATA";-3;"SÃO JOÃO DO PAU D ALHO";"53";"N";-1;"#NULO";"3176572.53";"#NE";"S";"-1";"06019237220266260000";"-3";"#NE";"-3";"#NE";"NÃO";"#NULO";-1;"#NULO";"N";"N";-1;-1;"2026-08-10 12:49:56";8;"AGUARDANDO JULGAMENTO";"-1";"#NULO";"-1";"#NULO";-1;"#NULO";-1;"#NULO";-1;"#NULO";-1;"#NULO";"-1";"#NULO"
"15/08/2026";"19:30:51";2026;6259;250002544359;-3;"#NE";1;"BRASILEIRA NATA";-3;"SÃO PAULO";"34";"N";-1;"#NULO";"3176572.53";"#NE";"N";"-1";"06019124320266260000";"-3";"#NE";"-3";"#NE";"NÃO";"#NULO";-1;"#NULO";"N";"N";-1;-1;"2026-08-10 12:49:56";8;"AGUARDANDO JULGAMENTO";"-1";"#NULO";"-1";"#NULO";-1;"#NULO";-1;"#NULO";-1;"#NULO";-1;"#NULO";"-1";"#NULO"
"15/08/2026";"19:30:51";2026;6259;250002544361;-3;"#NE";1;"BRASILEIRA NATA";-3;"ASTORGA";"43";"N";-1;"#NULO";"3176572.53";"#NE";"S";"-1";"06018985920266260000";"-3";"#NE";"-3";"#NE";"NÃO";"#NULO";-1;"#NULO";"N";"N";-1;-1;"2026-08-10 12:49:56";8;"AGUARDANDO JULGAMENTO";"-1";"#NULO";"-1";"#NULO";-1;"#NULO";-1;"#NULO";-1;"#NULO";-1;"#NULO";"-1";"#NULO"
"15/08/2026";"19:30:51";2026;6259;250002544370;-3;"#NE";1;"BRASILEIRA NATA";-3;"CATOLÉ DO ROCHA";"56";"N";-1;"#NULO";"3176572.53";"#NE";"S";"-1";"06019331920266260000";"-3";"#NE";"-3";"#NE";"NÃO";"#NULO";-1;"#NULO";"N";"N";-1;-1;"2026-08-10 12:49:56";8;"AGUARDANDO JULGAMENTO";"-1";"#NULO";"-1";"#NULO";-1;"#NULO";-1;"#NULO";-1;"#NULO";-1;"#NULO";"-1";"#NULO"
"15/08/2026";"19:30:51";2026;6259;250002545003;-3;"#NE";1;"BRASILEIRA NATA";-3;"SÃO PAULO";"38";"N";-1;"#NULO";"1270629.01";"#NE";"S";"-1";"06020561720266260000";"-3";"#NE";"-3";"#NE";"NÃO";"#NULO";-1;"#NULO";"N";"N";-1;-1;"2026-08-10 16:16:08";8;"AGUARDANDO JULGAMENTO";"-1";"#NULO";"-1";"#NULO";-1;"#NULO";-1;"#NULO";-1;"#NULO";-1;"#NULO";"-1";"#NULO"
"15/08/2026";"19:30:51";2026;6259;250002545009;-3;"#NE";1;"BRASILEIRA NATA";-3;"SÃO PAULO";"28";"N";-1;"#NULO";"1270629.01";"#NE";"N";"-1";"06020890720266260000";"-3";"#NE";"-3";"#NE";"NÃO";"#NULO";-1;"#NULO";"N";"N";-1;-1;"2026-08-10 16:16:08";8;"AGUARDANDO JULGAMENTO";"-1";"#NULO";"-1";"#NULO";-1;"#NULO";-1;"#NULO";-1;"#NULO";-1;"#NULO";"-1";"#NULO"
"15/08/2026";"19:30:51";2026;6259;250002545012;-3;"#NE";1;"BRASILEIRA NATA";-3;"SÃO PAULO";"58";"N";-1;"#NULO";"1270629.01";"#NE";"S";"-1";"06020544720266260000";"-3";"#NE";"-3";"#NE";"NÃO";"#NULO";-1;"#NULO";"N";"N";-1;-1;"2026-08-10 16:16:08";8;"AGUARDANDO JULGAMENTO";"-1";"#NULO";"-1";"#NULO";-1;"#NULO";-1;"#NULO";-1;"#NULO";-1;"#NULO";"-1";"#NULO"
"15/08/2026";"19:30:51";2026;6259;250002545018;-3;"#NE";1;"BRASILEIRA NATA";-3;"SÃO PAULO";"57";"N";-1;"#NULO";"1270629.01";"#NE";"S";"-1";"06020501020266260000";"-3";"#NE";"-3";"#NE";"NÃO";"#NULO";-1;"#NULO";"N";"N";-1;-1;"2026-08-10 16:16:08";8;"AGUARDANDO JULGAMENTO";"-1";"#NULO";"-1";"#NULO";-1;"#NULO";-1;"#NULO";-1;"#NULO";-1;"#NULO";"-1";"#NULO"
"15/08/2026";"19:30:51";2026;6259;250002545039;-3;"#NE";1;"BRASILEIRA NATA";-3;"COTIA";"27";"N";-1;"#NULO";"1270629.01";"#NE";"N";"-1";"06021003620266260000";"-3";"#NE";"-3";"#NE";"NÃO";"#NULO";-1;"#NULO";"N";"N";-1;-1;"2026-08-10 16:16:08";8;"AGUARDANDO JULGAMENTO";"-1";"#NULO";"-1";"#NULO";-1;"#NULO";-1;"#NULO";-1;"#NULO";-1;"#NULO";"-1";"#NULO"
"15/08/2026";"19:30:51";2026;6259;250002545045;-3;"#NE";1;"BRASILEIRA NATA";-3;"FRANCA";"28";"N";0;"NÃO INFORMADO";"1270629.01";"#NE";"N";"-1";"06020735320266260000";"-3";"#NE";"-3";"#NE";"NÃO";"#NULO";-1;"#NULO";"N";"N";-1;-1;"2026-08-10 16:16:08";8;"AGUARDANDO JULGAMENTO";"-1";"#NULO";"-1";"#NULO";-1;"#NULO";-1;"#NULO";-1;"#NULO";-1;"#NULO";"-1";"#NULO"
"15/08/2026";"19:30:51";2026;6259;250002545047;-3;"#NE";1;"BRASILEIRA NATA";-3;"SÃO PAULO";"32";"N";0;"NÃO INFORMADO";"1270629.01";"#NE";"S";"-1";"06021064320266260000";"-3";"#NE";"-3";"#NE";"NÃO";"#NULO";-1;"#NULO";"N";"N";-1;-1;"2026-08-10 16:16:08";8;"AGUARDANDO JULGAMENTO";"-1";"#NULO";"-1";"#NULO";-1;"#NULO";-1;"#NULO";-1;"#NULO";-1;"#NULO";"-1";"#NULO"
"15/08/2026";"19:30:51";2026;6259;250002545052;-3;"#NE";1;"BRASILEIRA NATA";-3;"IMPERATRIZ";"42";"N";-1;"#NULO";"1270629.01";"#NE";"N";"-1";"06020553220266260000";"-3";"#NE";"-3";"#NE";"NÃO";"#NULO";-1;"#NULO";"N";"N";-1;-1;"2026-08-10 16:16:08";8;"AGUARDANDO JULGAMENTO";"-1";"#NULO";"-1";"#NULO";-1;"#NULO";-1;"#NULO";-1;"#NULO";-1;"#NULO";"-1";"#NULO"
"15/08/2026";"19:30:51";2026;6259;250002545141;-3;"#NE";1;"BRASILEIRA NATA";-3;"AMARGOSA";"55";"N";-1;"#NULO";"1270629.01";"#NE";"N";"-1";"06019679120266260000";"-3";"#NE";"-3";"#NE";"NÃO";"#NULO";-1;"#NULO";"N";"N";-1;-1;"2026-08-10 13:29:39";8;"AGUARDANDO JULGAMENTO";"-1";"#NULO";"-1";"#NULO";-1;"#NULO";-1;"#NULO";-1;"#NULO";-1;"#NULO";"-1";"#NULO"
"15/08/2026";"19:30:51";2026;6259;250002545149;-3;"#NE";1;"BRASILEIRA NATA";-3;"MARÍLIA";"49";"N";-1;"#NULO";"1270629.01";"#NE";"S";"-1";"06020224220266260000";"-3";"#NE";"-3";"#NE";"NÃO";"#NULO";-1;"#NULO";"N";"N";-1;-1;"2026-08-10 13:29:39";8;"AGUARDANDO JULGAMENTO";"-1";"#NULO";"-1";"#NULO";-1;"#NULO";-1;"#NULO";-1;"#NULO";-1;"#NULO";"-1";"#NULO"
"15/08/2026";"19:30:51";2026;6259;250002545156;-3;"#NE";1;"BRASILEIRA NATA";-3;"OSASCO";"48";"N";-1;"#NULO";"1270629.01";"#NE";"S";"-1";"06020215720266260000";"-3";"#NE";"-3";"#NE";"NÃO";"#NULO";-1;"#NULO";"N";"N";-1;-1;"2026-08-10 13:29:39";8;"AGUARDANDO JULGAMENTO";"-1";"#NULO";"-1";"#NULO";-1;"#NULO";-1;"#NULO";-1;"#NULO";-1;"#NULO";"-1";"#NULO"
"15/08/2026";"19:30:51";2026;6259;250002545169;-3;"#NE";1;"BRASILEIRA NATA";-3;"CAMPINAS";"55";"N";0;"NÃO INFORMADO";"1270629.01";"#NE";"S";"-1";"06019895220266260000";"-3";"#NE";"-3";"#NE";"NÃO";"#NULO";-1;"#NULO";"N";"N";-1;-1;"2026-08-10 13:29:39";8;"AGUARDANDO JULGAMENTO";"-1";"#NULO";"-1";"#NULO";-1;"#NULO";-1;"#NULO";-1;"#NULO";-1;"#NULO";"-1";"#NULO"
"15/08/2026";"19:30:51";2026;6259;250002545174;-3;"#NE";1;"BRASILEIRA NATA";-3;"FERNANDÓPOLIS";"40";"N";-1;"#NULO";"1270629.01";"#NE";"N";"-1";"06020337120266260000";"-3";"#NE";"-3";"#NE";"NÃO";"#NULO";-1;"#NULO";"N";"N";-1;-1;"2026-08-10 13:29:39";8;"AGUARDANDO JULGAMENTO";"-1";"#NULO";"-1";"#NULO";-1;"#NULO";-1;"#NULO";-1;"#NULO";-1;"#NULO";"-1";"#NULO"
"15/08/2026";"19:30:51";2026;6259;250002545188;-3;"#NE";1;"BRASILEIRA NATA";-3;"SÃO BERNARDO DO CAMPO";"53";"N";-1;"#NULO";"1270629.01";"#NE";"S";"-1";"06019756820266260000";"-3";"#NE";"-3";"#NE";"NÃO";"#NULO";-1;"#NULO";"N";"N";-1;-1;"2026-08-10 13:29:39";8;"AGUARDANDO JULGAMENTO";"-1";"#NULO";"-1";"#NULO";-1;"#NULO";-1;"#NULO";-1;"#NULO";-1;"#NULO";"-1";"#NULO"
"15/08/2026";"19:30:51";2026;6259;250002545189;-3;"#NE";1;"BRASILEIRA NATA";-3;"SÃO BERNARDO DO CAMPO";"49";"N";-1;"#NULO";"1270629.01";"#NE";"S";"-1";"06019514020266260000";"-3";"#NE";"-3";"#NE";"NÃO";"#NULO";-1;"#NULO";"N";"N";-1;-1;"2026-08-10 13:29:39";8;"AGUARDANDO JULGAMENTO";"-1";"#NULO";"-1";"#NULO";-1;"#NULO";-1;"#NULO";-1;"#NULO";-1;"#NULO";"-1";"#NULO"
"15/08/2026";"19:30:51";2026;6259;250002545194;-3;"#NE";1;"BRASILEIRA NATA";-3;"SÃO PAULO";"53";"N";-1;"#NULO";"1270629.01";"#NE";"S";"-1";"06019461820266260000";"-3";"#NE";"-3";"#NE";"NÃO";"#NULO";-1;"#NULO";"N";"N";-1;-1;"2026-08-10 13:29:39";8;"AGUARDANDO JULGAMENTO";"-1";"#NULO";"-1";"#NULO";-1;"#NULO";-1;"#NULO";-1;"#NULO";-1;"#NULO";"-1";"#NULO"
"15/08/2026";"19:30:51";2026;6259;250002545198;-3;"#NE";1;"BRASILEIRA NATA";-3;"SÃO PAULO";"44";"N";-1;"#NULO";"1270629.01";"#NE";"N";"-1";"06020259420266260000";"-3";"#NE";"-3";"#NE";"NÃO";"#NULO";-1;"#NULO";"N";"N";-1;-1;"2026-08-10 13:29:39";8;"AGUARDANDO JULGAMENTO";"-1";"#NULO";"-1";"#NULO";-1;"#NULO";-1;"#NULO";-1;"#NULO";-1;"#NULO";"-1";"#NULO"
"15/08/2026";"19:30:51";2026;6259;250002546613;-3;"#NE";1;"BRASILEIRA NATA";-3;"SÃO PAULO";"23";"N";-1;"#NULO";"3176572.53";"#NE";"N";"-1";"06021367820266260000";"-3";"#NE";"-3";"#NE";"NÃO";"#NULO";-1;"#NULO";"N";"N";-1;-1;"2026-08-10 16:50:13";8;"AGUARDANDO JULGAMENTO";"-1";"#NULO";"-1";"#NULO";-1;"#NULO";-1;"#NULO";-1;"#NULO";-1;"#NULO";"-1";"#NULO"
"15/08/2026";"19:30:51";2026;6259;250002546620;-3;"#NE";1;"BRASILEIRA NATA";-3;"SÃO CAETANO DO SUL";"36";"N";-1;"#NULO";"3176572.53";"#NE";"N";"-1";"06021583920266260000";"-3";"#NE";"-3";"#NE";"NÃO";"#NULO";-1;"#NULO";"N";"N";-1;-1;"2026-08-10 16:50:13";8;"AGUARDANDO JULGAMENTO";"-1";"#NULO";"-1";"#NULO";-1;"#NULO";-1;"#NULO";-1;"#NULO";-1;"#NULO";"-1";"#NULO"
"15/08/2026";"19:30:51";2026;6259;250002546621;-3;"#NE";1;"BRASILEIRA NATA";-3;"SÃO PAULO";"33";"N";-1;"#NULO";"3176572.53";"#NE";"S";"-1";"06021566920266260000";"-3";"#NE";"-3";"#NE";"NÃO";"#NULO";-1;"#NULO";"N";"N";-1;-1;"2026-08-10 16:50:13";8;"AGUARDANDO JULGAMENTO";"-1";"#NULO";"-1";"#NULO";-1;"#NULO";-1;"#NULO";-1;"#NULO";-1;"#NULO";"-1";"#NULO"
"15/08/2026";"19:30:51";2026;6259;250002546638;-3;"#NE";1;"BRASILEIRA NATA";-3;"CAMPINAS";"39";"N";-1;"#NULO";"3176572.53";"#NE";"S";"-1";"06021202720266260000";"-3";"#NE";"-3";"#NE";"NÃO";"#NULO";-1;"#NULO";"N";"N";-1;-1;"2026-08-10 16:50:13";8;"AGUARDANDO JULGAMENTO";"-1";"#NULO";"-1";"#NULO";-1;"#NULO";-1;"#NULO";-1;"#NULO";-1;"#NULO";"-1";"#NULO"
"15/08/2026";"19:30:51";2026;6259;250002546644;-3;"#NE";1;"BRASILEIRA NATA";-3;"SÃO PAULO";"63";"N";-1;"#NULO";"3176572.53";"#NE";"S";"-1";"06021627620266260000";"-3";"#NE";"-3";"#NE";"NÃO";"#NULO";-1;"#NULO";"N";"N";-1;-1;"2026-08-10 16:50:13";8;"AGUARDANDO JULGAMENTO";"-1";"#NULO";"-1";"#NULO";-1;"#NULO";-1;"#NULO";-1;"#NULO";-1;"#NULO";"-1";"#NULO"
"15/08/2026";"19:30:51";2026;6259;250002546652;-3;"#NE";2;"BRASILEIRA (NATURALIZADA)";-3;"SÃO PAULO";"37";"N";-1;"#NULO";"3176572.53";"#NE";"S";"-1";"06021393320266260000";"-3";"#NE";"-3";"#NE";"NÃO";"#NULO";-1;"#NULO";"N";"N";-1;-1;"2026-08-10 16:50:13";8;"AGUARDANDO JULGAMENTO";"-1";"#NULO";"-1";"#NULO";-1;"#NULO";-1;"#NULO";-1;"#NULO";-1;"#NULO";"-1";"#NULO"
"15/08/2026";"19:30:51";2026;6259;250002546656;-3;"#NE";1;"BRASILEIRA NATA";-3;"ARUJÁ";"21";"N";-1;"#NULO";"3176572.53";"#NE";"N";"-1";"06021506220266260000";"-3";"#NE";"-3";"#NE";"NÃO";"#NULO";-1;"#NULO";"N";"N";-1;-1;"2026-08-10 16:50:13";8;"AGUARDANDO JULGAMENTO";"-1";"#NULO";"-1";"#NULO";-1;"#NULO";-1;"#NULO";-1;"#NULO";-1;"#NULO";"-1";"#NULO"
"15/08/2026";"19:30:51";2026;6259;250002546655;-3;"#NE";1;"BRASILEIRA NATA";-3;"CAMPESTRE";"64";"S";-1;"#NULO";"3176572.53";"#NE";"S";"-1";"06021246420266260000";"-3";"#NE";"-3";"#NE";"NÃO";"#NULO";-1;"#NULO";"N";"N";-1;-1;"2026-08-10 16:50:13";8;"AGUARDANDO JULGAMENTO";"-1";"#NULO";"-1";"#NULO";-1;"#NULO";-1;"#NULO";-1;"#NULO";-1;"#NULO";"-1";"#NULO"
"15/08/2026";"19:30:51";2026;6259;250002547460;-3;"#NE";1;"BRASILEIRA NATA";-3;"LINS";"70";"N";-1;"#NULO";"1270629.01";"#NE";"N";"-1";"06022277120266260000";"-3";"#NE";"-3";"#NE";"NÃO";"#NULO";-1;"#NULO";"N";"N";-1;-1;"2026-08-11 13:13:22";8;"AGUARDANDO JULGAMENTO";"-1";"#NULO";"-1";"#NULO";-1;"#NULO";-1;"#NULO";-1;"#NULO";-1;"#NULO";"-1";"#NULO"
"15/08/2026";"19:30:51";2026;6259;250002547851;-3;"#NE";1;"BRASILEIRA NATA";-3;"LAJINHA";"46";"N";-1;"#NULO";"3176572.53";"#NE";"N";"-1";"06023169420266260000";"-3";"#NE";"-3";"#NE";"NÃO";"#NULO";-1;"#NULO";"N";"N";-1;-1;"2026-08-11 16:08:12";8;"AGUARDANDO JULGAMENTO";"-1";"#NULO";"-1";"#NULO";-1;"#NULO";-1;"#NULO";-1;"#NULO";-1;"#NULO";"-1";"#NULO"
"15/08/2026";"19:30:51";2026;6259;250002547978;-3;"#NE";1;"BRASILEIRA NATA";-3;"SANTOS";"54";"N";-1;"#NULO";"1270629.01";"#NE";"N";"-1";"06021783020266260000";"-3";"#NE";"-3";"#NE";"NÃO";"#NULO";-1;"#NULO";"N";"N";-1;-1;"2026-08-11 12:41:32";8;"AGUARDANDO JULGAMENTO";"-1";"#NULO";"-1";"#NULO";-1;"#NULO";-1;"#NULO";-1;"#NULO";-1;"#NULO";"-1";"#NULO"
"15/08/2026";"19:30:51";2026;6259;250002547983;-3;"#NE";1;"BRASILEIRA NATA";-3;"SÃO PAULO";"36";"N";-1;"#NULO";"1270629.01";"#NE";"N";"-1";"06021809720266260000";"-3";"#NE";"-3";"#NE";"NÃO";"#NULO";-1;"#NULO";"N";"N";-1;-1;"2026-08-11 12:41:32";8;"AGUARDANDO JULGAMENTO";"-1";"#NULO";"-1";"#NULO";-1;"#NULO";-1;"#NULO";-1;"#NULO";-1;"#NULO";"-1";"#NULO"
"15/08/2026";"19:30:51";2026;6259;250002547987;-3;"#NE";1;"BRASILEIRA NATA";-3;"SUZANO";"47";"N";-1;"#NULO";"1270629.01";"#NE";"N";"-1";"06022042820266260000";"-3";"#NE";"-3";"#NE";"NÃO";"#NULO";-1;"#NULO";"N";"N";-1;-1;"2026-08-11 12:41:32";8;"AGUARDANDO JULGAMENTO";"-1";"#NULO";"-1";"#NULO";-1;"#NULO";-1;"#NULO";-1;"#NULO";-1;"#NULO";"-1";"#NULO"
"15/08/2026";"19:30:51";2026;6259;250002547995;-3;"#NE";1;"BRASILEIRA NATA";-3;"TREMEDAL";"77";"N";-1;"#NULO";"1270629.01";"#NE";"N";"-1";"06022017320266260000";"-3";"#NE";"-3";"#NE";"NÃO";"#NULO";-1;"#NULO";"N";"N";-1;-1;"2026-08-11 12:41:32";8;"AGUARDANDO JULGAMENTO";"-1";"#NULO";"-1";"#NULO";-1;"#NULO";-1;"#NULO";-1;"#NULO";-1;"#NULO";"-1";"#NULO"
"15/08/2026";"19:30:51";2026;6259;250002547998;-3;"#NE";1;"BRASILEIRA NATA";-3;"ASSIS";"29";"N";-1;"#NULO";"1270629.01";"#NE";"S";"-1";"06021757520266260000";"-3";"#NE";"-3";"#NE";"NÃO";"#NULO";-1;"#NULO";"N";"N";-1;-1;"2026-08-11 12:41:32";8;"AGUARDANDO JULGAMENTO";"-1";"#NULO";"-1";"#NULO";-1;"#NULO";-1;"#NULO";-1;"#NULO";-1;"#NULO";"-1";"#NULO"
"15/08/2026";"19:30:51";2026;6259;250002548178;-3;"#NE";1;"BRASILEIRA NATA";-3;"SÃO PAULO";"53";"N";-1;"#NULO";"1270629.01";"#NE";"N";"-1";"06022337820266260000";"-3";"#NE";"-3";"#NE";"NÃO";"#NULO";-1;"#NULO";"N";"N";-1;-1;"2026-08-11 13:13:22";8;"AGUARDANDO JULGAMENTO";"-1";"#NULO";"-1";"#NULO";-1;"#NULO";-1;"#NULO";-1;"#NULO";-1;"#NULO";"-1";"#NULO"
"15/08/2026";"19:30:51";2026;6259;250002548179;-3;"#NE";1;"BRASILEIRA NATA";-3;"SÃO PAULO";"29";"N";-1;"#NULO";"1270629.01";"#NE";"N";"-1";"06022302620266260000";"-3";"#NE";"-3";"#NE";"NÃO";"#NULO";-1;"#NULO";"N";"N";-1;-1;"2026-08-11 13:13:22";8;"AGUARDANDO JULGAMENTO";"-1";"#NULO";"-1";"#NULO";-1;"#NULO";-1;"#NULO";-1;"#NULO";-1;"#NULO";"-1";"#NULO"
"15/08/2026";"19:30:51";2026;6259;250002548468;-3;"#NE";1;"BRASILEIRA NATA";-3;"BELÉM";"63";"N";66;"MUNDURUKÚ";"3176572.53";"#NE";"S";"-1";"06022501720266260000";"-3";"#NE";"-3";"#NE";"NÃO";"#NULO";-1;"#NULO";"N";"N";-1;-1;"2026-08-11 14:25:51";8;"AGUARDANDO JULGAMENTO";"-1";"#NULO";"-1";"#NULO";-1;"#NULO";-1;"#NULO";-1;"#NULO";-1;"#NULO";"-1";"#NULO"
"15/08/2026";"19:30:51";2026;6259;250002548473;-3;"#NE";1;"BRASILEIRA NATA";-3;"INDAIATUBA";"46";"N";-1;"#NULO";"3176572.53";"#NE";"N";"-1";"06022675320266260000";"-3";"#NE";"-3";"#NE";"NÃO";"#NULO";-1;"#NULO";"N";"N";-1;-1;"2026-08-11 14:25:51";8;"AGUARDANDO JULGAMENTO";"-1";"#NULO";"-1";"#NULO";-1;"#NULO";-1;"#NULO";-1;"#NULO";-1;"#NULO";"-1";"#NULO"
"15/08/2026";"19:30:51";2026;6259;250002548484;-3;"#NE";1;"BRASILEIRA NATA";-3;"CAMPO DO BRITO";"53";"N";-1;"#NULO";"3176572.53";"#NE";"S";"-1";"06022848920266260000";"-3";"#NE";"-3";"#NE";"NÃO";"#NULO";-1;"#NULO";"N";"N";-1;-1;"2026-08-11 14:25:51";8;"AGUARDANDO JULGAMENTO";"-1";"#NULO";"-1";"#NULO";-1;"#NULO";-1;"#NULO";-1;"#NULO";-1;"#NULO";"-1";"#NULO"
"15/08/2026";"19:30:51";2026;6259;250002548504;-3;"#NE";1;"BRASILEIRA NATA";-3;"SÃO PAULO";"42";"N";-1;"#NULO";"3176572.53";"#NE";"N";"-1";"06022960620266260000";"-3";"#NE";"-3";"#NE";"NÃO";"#NULO";-1;"#NULO";"N";"N";-1;-1;"2026-08-11 14:25:51";8;"AGUARDANDO JULGAMENTO";"-1";"#NULO";"-1";"#NULO";-1;"#NULO";-1;"#NULO";-1;"#NULO";-1;"#NULO";"-1";"#NULO"
"15/08/2026";"19:30:51";2026;6259;250002548507;-3;"#NE";1;"BRASILEIRA NATA";-3;"SÃO PAULO";"36";"N";-1;"#NULO";"3176572.53";"#NE";"N";"-1";"06022779720266260000";"-3";"#NE";"-3";"#NE";"NÃO";"#NULO";-1;"#NULO";"N";"N";-1;-1;"2026-08-11 14:25:51";8;"AGUARDANDO JULGAMENTO";"-1";"#NULO";"-1";"#NULO";-1;"#NULO";-1;"#NULO";-1;"#NULO";-1;"#NULO";"-1";"#NULO"
"15/08/2026";"19:30:51";2026;6259;250002548513;-3;"#NE";1;"BRASILEIRA NATA";-3;"SÃO PAULO";"55";"N";0;"NÃO INFORMADO";"3176572.53";"#NE";"S";"-1";"06022528420266260000";"-3";"#NE";"-3";"#NE";"NÃO";"#NULO";-1;"#NULO";"N";"N";-1;-1;"2026-08-11 14:25:51";8;"AGUARDANDO JULGAMENTO";"-1";"#NULO";"-1";"#NULO";-1;"#NULO";-1;"#NULO";-1;"#NULO";-1;"#NULO";"-1";"#NULO"
"15/08/2026";"19:30:51";2026;6259;250002548862;-3;"#NE";1;"BRASILEIRA NATA";-3;"VITÓRIA DA CONQUISTA";"55";"N";-1;"#NULO";"1270629.01";"#NE";"S";"-1";"06023974320266260000";"-3";"#NE";"-3";"#NE";"NÃO";"#NULO";-1;"#NULO";"N";"N";-1;-1;"2026-08-12 13:11:44";8;"AGUARDANDO JULGAMENTO";"-1";"#NULO";"-1";"#NULO";-1;"#NULO";-1;"#NULO";-1;"#NULO";-1;"#NULO";"-1";"#NULO"
"15/08/2026";"19:30:51";2026;6259;250002548872;-3;"#NE";1;"BRASILEIRA NATA";-3;"LONDRINA";"46";"N";-1;"#NULO";"1270629.01";"#NE";"N";"-1";"06024208620266260000";"-3";"#NE";"-3";"#NE";"NÃO";"#NULO";-1;"#NULO";"N";"N";-1;-1;"2026-08-12 13:11:44";8;"AGUARDANDO JULGAMENTO";"-1";"#NULO";"-1";"#NULO";-1;"#NULO";-1;"#NULO";-1;"#NULO";-1;"#NULO";"-1";"#NULO"
"15/08/2026";"19:30:51";2026;6259;250002548876;-3;"#NE";1;"BRASILEIRA NATA";-3;"PAULISTANA";"34";"N";-1;"#NULO";"1270629.01";"#NE";"S";"-1";"06023766720266260000";"-3";"#NE";"-3";"#NE";"NÃO";"#NULO";-1;"#NULO";"N";"N";-1;-1;"2026-08-12 13:11:44";8;"AGUARDANDO JULGAMENTO";"-1";"#NULO";"-1";"#NULO";-1;"#NULO";-1;"#NULO";-1;"#NULO";-1;"#NULO";"-1";"#NULO"
"15/08/2026";"19:30:51";2026;6259;250002548890;-3;"#NE";1;"BRASILEIRA NATA";-3;"REGINÓPOLIS";"59";"N";0;"NÃO INFORMADO";"1270629.01";"#NE";"S";"-1";"06023714520266260000";"-3";"#NE";"-3";"#NE";"NÃO";"#NULO";-1;"#NULO";"N";"N";-1;-1;"2026-08-12 13:11:44";8;"AGUARDANDO JULGAMENTO";"-1";"#NULO";"-1";"#NULO";-1;"#NULO";-1;"#NULO";-1;"#NULO";-1;"#NULO";"-1";"#NULO"
"15/08/2026";"19:30:51";2026;6259;250002548894;-3;"#NE";1;"BRASILEIRA NATA";-3;"MEDEIROS NETO";"51";"N";-1;"#NULO";"1270629.01";"#NE";"S";"-1";"06023377020266260000";"-3";"#NE";"-3";"#NE";"NÃO";"#NULO";-1;"#NULO";"N";"N";-1;-1;"2026-08-12 13:11:44";8;"AGUARDANDO JULGAMENTO";"-1";"#NULO";"-1";"#NULO";-1;"#NULO";-1;"#NULO";-1;"#NULO";-1;"#NULO";"-1";"#NULO"
"15/08/2026";"19:30:51";2026;6259;250002548903;-3;"#NE";1;"BRASILEIRA NATA";-3;"GUARATINGUETÁ";"45";"N";-1;"#NULO";"1270629.01";"#NE";"S";"-1";"06023584620266260000";"-3";"#NE";"-3";"#NE";"NÃO";"#NULO";-1;"#NULO";"N";"N";-1;-1;"2026-08-12 13:11:44";8;"AGUARDANDO JULGAMENTO";"-1";"#NULO";"-1";"#NULO";-1;"#NULO";-1;"#NULO";-1;"#NULO";-1;"#NULO";"-1";"#NULO"
"15/08/2026";"19:30:51";2026;6259;250002548913;-3;"#NE";1;"BRASILEIRA NATA";-3;"SANTO ANDRÉ";"46";"N";-1;"#NULO";"1270629.01";"#NE";"S";"-1";"06024190420266260000";"-3";"#NE";"-3";"#NE";"NÃO";"#NULO";-1;"#NULO";"N";"N";-1;-1;"2026-08-12 13:11:44";8;"AGUARDANDO JULGAMENTO";"-1";"#NULO";"-1";"#NULO";-1;"#NULO";-1;"#NULO";-1;"#NULO";-1;"#NULO";"-1";"#NULO"
"15/08/2026";"19:30:51";2026;6259;250002548915;-3;"#NE";1;"BRASILEIRA NATA";-3;"SANTOS";"71";"N";-1;"#NULO";"1270629.01";"#NE";"S";"-1";"06023454720266260000";"-3";"#NE";"-3";"#NE";"NÃO";"#NULO";-1;"#NULO";"N";"N";-1;-1;"2026-08-12 13:11:44";8;"AGUARDANDO JULGAMENTO";"-1";"#NULO";"-1";"#NULO";-1;"#NULO";-1;"#NULO";-1;"#NULO";-1;"#NULO";"-1";"#NULO"
"15/08/2026";"19:30:51";2026;6259;250002550054;-3;"#NE";1;"BRASILEIRA NATA";-3;"SÃO PAULO";"32";"N";-1;"#NULO";"1270629.01";"#NE";"S";"-1";"06023576120266260000";"-3";"#NE";"-3";"#NE";"NÃO";"#NULO";-1;"#NULO";"N";"N";-1;-1;"2026-08-12 13:11:44";8;"AGUARDANDO JULGAMENTO";"-1";"#NULO";"-1";"#NULO";-1;"#NULO";-1;"#NULO";-1;"#NULO";-1;"#NULO";"-1";"#NULO"
"15/08/2026";"19:30:51";2026;6259;250002550060;-3;"#NE";1;"BRASILEIRA NATA";-3;"SÃO PAULO";"50";"N";-1;"#NULO";"1270629.01";"#NE";"N";"-1";"06023965820266260000";"-3";"#NE";"-3";"#NE";"NÃO";"#NULO";-1;"#NULO";"N";"N";-1;-1;"2026-08-12 13:11:44";8;"AGUARDANDO JULGAMENTO";"-1";"#NULO";"-1";"#NULO";-1;"#NULO";-1;"#NULO";-1;"#NULO";-1;"#NULO";"-1";"#NULO"
"15/08/2026";"19:30:51";2026;6259;250002550063;-3;"#NE";1;"BRASILEIRA NATA";-3;"SÃO PAULO";"43";"N";-1;"#NULO";"1270629.01";"#NE";"N";"-1";"06023368520266260000";"-3";"#NE";"-3";"#NE";"NÃO";"#NULO";-1;"#NULO";"N";"N";-1;-1;"2026-08-12 13:11:44";8;"AGUARDANDO JULGAMENTO";"-1";"#NULO";"-1";"#NULO";-1;"#NULO";-1;"#NULO";-1;"#NULO";-1;"#NULO";"-1";"#NULO"
"15/08/2026";"19:30:51";2026;6259;250002550233;-3;"#NE";1;"BRASILEIRA NATA";-3;"CARAPICUÍBA";"45";"N";-1;"#NULO";"1270629.01";"#NE";"S";"-1";"06026381720266260000";"-3";"#NE";"-3";"#NE";"NÃO";"#NULO";-1;"#NULO";"N";"N";-1;-1;"2026-08-13 15:31:25";8;"AGUARDANDO JULGAMENTO";"-1";"#NULO";"-1";"#NULO";-1;"#NULO";-1;"#NULO";-1;"#NULO";-1;"#NULO";"-1";"#NULO"
"15/08/2026";"19:30:51";2026;6259;250002550244;-3;"#NE";1;"BRASILEIRA NATA";-3;"FERNANDÓPOLIS";"50";"N";-1;"#NULO";"1270629.01";"#NE";"N";"-1";"06026000520266260000";"-3";"#NE";"-3";"#NE";"NÃO";"#NULO";-1;"#NULO";"N";"N";-1;-1;"2026-08-13 15:31:25";8;"AGUARDANDO JULGAMENTO";"-1";"#NULO";"-1";"#NULO";-1;"#NULO";-1;"#NULO";-1;"#NULO";-1;"#NULO";"-1";"#NULO"
"15/08/2026";"19:30:51";2026;6259;250002550252;-3;"#NE";1;"BRASILEIRA NATA";-3;"SÃO PAULO";"39";"N";-1;"#NULO";"1270629.01";"#NE";"N";"-1";"06025862120266260000";"-3";"#NE";"-3";"#NE";"NÃO";"#NULO";-1;"#NULO";"N";"N";-1;-1;"2026-08-13 15:31:25";8;"AGUARDANDO JULGAMENTO";"-1";"#NULO";"-1";"#NULO";-1;"#NULO";-1;"#NULO";-1;"#NULO";-1;"#NULO";"-1";"#NULO"
"15/08/2026";"19:30:51";2026;6259;250002550259;-3;"#NE";1;"BRASILEIRA NATA";-3;"BIRIGUI";"50";"N";-1;"#NULO";"1270629.01";"#NE";"N";"-1";"06026018720266260000";"-3";"#NE";"-3";"#NE";"NÃO";"#NULO";-1;"#NULO";"N";"N";-1;-1;"2026-08-13 15:31:25";8;"AGUARDANDO JULGAMENTO";"-1";"#NULO";"-1";"#NULO";-1;"#NULO";-1;"#NULO";-1;"#NULO";-1;"#NULO";"-1";"#NULO"
"15/08/2026";"19:30:51";2026;6259;250002550354;-3;"#NE";1;"BRASILEIRA NATA";-3;"APUCARANA";"68";"N";-1;"#NULO";"3176572.53";"#NE";"S";"-1";"06024892120266260000";"-3";"#NE";"-3";"#NE";"NÃO";"#NULO";-1;"#NULO";"N";"N";-1;-1;"2026-08-12 14:34:24";8;"AGUARDANDO JULGAMENTO";"-1";"#NULO";"-1";"#NULO";-1;"#NULO";-1;"#NULO";-1;"#NULO";-1;"#NULO";"-1";"#NULO"
"15/08/2026";"19:30:51";2026;6259;250002550362;-3;"#NE";1;"BRASILEIRA NATA";-3;"ITAPEVA";"38";"N";-1;"#NULO";"3176572.53";"#NE";"S";"-1";"06024822920266260000";"-3";"#NE";"-3";"#NE";"NÃO";"#NULO";-1;"#NULO";"N";"N";-1;-1;"2026-08-12 14:34:24";8;"AGUARDANDO JULGAMENTO";"-1";"#NULO";"-1";"#NULO";-1;"#NULO";-1;"#NULO";-1;"#NULO";-1;"#NULO";"-1";"#NULO"
"15/08/2026";"19:30:51";2026;6259;250002550366;-3;"#NE";1;"BRASILEIRA NATA";-3;"JANDIRA";"30";"N";-1;"#NULO";"3176572.53";"#NE";"S";"-1";"06024347020266260000";"-3";"#NE";"-3";"#NE";"NÃO";"#NULO";-1;"#NULO";"N";"N";-1;-1;"2026-08-12 14:34:24";8;"AGUARDANDO JULGAMENTO";"-1";"#NULO";"-1";"#NULO";-1;"#NULO";-1;"#NULO";-1;"#NULO";-1;"#NULO";"-1";"#NULO"
"15/08/2026";"19:30:51";2026;6259;250002550373;-3;"#NE";1;"BRASILEIRA NATA";-3;"PORTO FERREIRA";"52";"N";-1;"#NULO";"3176572.53";"#NE";"N";"-1";"06024866620266260000";"-3";"#NE";"-3";"#NE";"NÃO";"#NULO";-1;"#NULO";"N";"N";-1;-1;"2026-08-12 14:34:24";8;"AGUARDANDO JULGAMENTO";"-1";"#NULO";"-1";"#NULO";-1;"#NULO";-1;"#NULO";-1;"#NULO";-1;"#NULO";"-1";"#NULO"
"15/08/2026";"19:30:51";2026;6259;250002550377;-3;"#NE";1;"BRASILEIRA NATA";-3;"ARARAS";"45";"N";-1;"#NULO";"3176572.53";"#NE";"S";"-1";"06024849620266260000";"-3";"#NE";"-3";"#NE";"NÃO";"#NULO";-1;"#NULO";"N";"N";-1;-1;"2026-08-12 14:34:24";8;"AGUARDANDO JULGAMENTO";"-1";"#NULO";"-1";"#NULO";-1;"#NULO";-1;"#NULO";-1;"#NULO";-1;"#NULO";"-1";"#NULO"
"15/08/2026";"19:30:51";2026;6259;250002550381;-3;"#NE";1;"BRASILEIRA NATA";-3;"BAURU";"65";"N";-1;"#NULO";"3176572.53";"#NE";"S";"-1";"06024510920266260000";"-3";"#NE";"-3";"#NE";"NÃO";"#NULO";-1;"#NULO";"N";"N";-1;-1;"2026-08-12 14:34:24";8;"AGUARDANDO JULGAMENTO";"-1";"#NULO";"-1";"#NULO";-1;"#NULO";-1;"#NULO";-1;"#NULO";-1;"#NULO";"-1";"#NULO"
"15/08/2026";"19:30:51";2026;6259;250002550386;-3;"#NE";1;"BRASILEIRA NATA";-3;"FRANCA";"40";"N";-1;"#NULO";"3176572.53";"#NE";"S";"-1";"06024693020266260000";"-3";"#NE";"-3";"#NE";"NÃO";"#NULO";-1;"#NULO";"N";"N";-1;-1;"2026-08-12 14:34:24";8;"AGUARDANDO JULGAMENTO";"-1";"#NULO";"-1";"#NULO";-1;"#NULO";-1;"#NULO";-1;"#NULO";-1;"#NULO";"-1";"#NULO"
"15/08/2026";"19:30:51";2026;6259;250002550391;-3;"#NE";1;"BRASILEIRA NATA";-3;"SANTA CRUZ DO RIO PARDO";"31";"N";-1;"#NULO";"3176572.53";"#NE";"S";"-1";"06024632320266260000";"-3";"#NE";"-3";"#NE";"NÃO";"#NULO";-1;"#NULO";"N";"N";-1;-1;"2026-08-12 14:34:24";8;"AGUARDANDO JULGAMENTO";"-1";"#NULO";"-1";"#NULO";-1;"#NULO";-1;"#NULO";-1;"#NULO";-1;"#NULO";"-1";"#NULO"
"15/08/2026";"19:30:51";2026;6259;250002550413;-3;"#NE";1;"BRASILEIRA NATA";-3;"SÃO PAULO";"52";"N";-1;"#NULO";"3176572.53";"#NE";"S";"-1";"06024598320266260000";"-3";"#NE";"-3";"#NE";"NÃO";"#NULO";-1;"#NULO";"N";"N";-1;-1;"2026-08-12 14:34:24";8;"AGUARDANDO JULGAMENTO";"-1";"#NULO";"-1";"#NULO";-1;"#NULO";-1;"#NULO";-1;"#NULO";-1;"#NULO";"-1";"#NULO"
"15/08/2026";"19:30:51";2026;6259;250002550414;-3;"#NE";1;"BRASILEIRA NATA";-3;"SÃO ROQUE";"51";"N";-1;"#NULO";"3176572.53";"#NE";"S";"-1";"06024814420266260000";"-3";"#NE";"-3";"#NE";"NÃO";"#NULO";-1;"#NULO";"N";"N";-1;-1;"2026-08-12 14:34:24";8;"AGUARDANDO JULGAMENTO";"-1";"#NULO";"-1";"#NULO";-1;"#NULO";-1;"#NULO";-1;"#NULO";-1;"#NULO";"-1";"#NULO"
"15/08/2026";"19:30:51";2026;6259;250002551065;-3;"#NE";1;"BRASILEIRA NATA";-3;"ITU";"46";"N";-1;"#NULO";"3176572.53";"#NE";"S";"-1";"06025576820266260000";"-3";"#NE";"-3";"#NE";"NÃO";"#NULO";-1;"#NULO";"N";"N";-1;-1;"2026-08-13 14:55:32";8;"AGUARDANDO JULGAMENTO";"-1";"#NULO";"-1";"#NULO";-1;"#NULO";-1;"#NULO";-1;"#NULO";-1;"#NULO";"-1";"#NULO"
"15/08/2026";"19:30:51";2026;6259;250002551067;-3;"#NE";1;"BRASILEIRA NATA";-3;"JUNDIAÍ";"46";"N";-1;"#NULO";"3176572.53";"#NE";"N";"-1";"06025715220266260000";"-3";"#NE";"-3";"#NE";"NÃO";"#NULO";-1;"#NULO";"N";"N";-1;-1;"2026-08-13 14:55:32";8;"AGUARDANDO JULGAMENTO";"-1";"#NULO";"-1";"#NULO";-1;"#NULO";-1;"#NULO";-1;"#NULO";-1;"#NULO";"-1";"#NULO"
"15/08/2026";"19:30:51";2026;6259;250002551066;-3;"#NE";1;"BRASILEIRA NATA";-3;"JAÚ";"56";"N";-1;"#NULO";"3176572.53";"#NE";"S";"-1";"06025386220266260000";"-3";"#NE";"-3";"#NE";"NÃO";"#NULO";-1;"#NULO";"N";"N";-1;-1;"2026-08-13 14:55:32";8;"AGUARDANDO JULGAMENTO";"-1";"#NULO";"-1";"#NULO";-1;"#NULO";-1;"#NULO";-1;"#NULO";-1;"#NULO";"-1";"#NULO"
"15/08/2026";"19:30:51";2026;6259;250002551069;-3;"#NE";1;"BRASILEIRA NATA";-3;"LIMEIRA";"40";"N";-1;"#NULO";"3176572.53";"#NE";"N";"-1";"06025646020266260000";"-3";"#NE";"-3";"#NE";"NÃO";"#NULO";-1;"#NULO";"N";"N";-1;-1;"2026-08-13 14:55:32";8;"AGUARDANDO JULGAMENTO";"-1";"#NULO";"-1";"#NULO";-1;"#NULO";-1;"#NULO";-1;"#NULO";-1;"#NULO";"-1";"#NULO"
"15/08/2026";"19:30:51";2026;6259;250002551088;-3;"#NE";1;"BRASILEIRA NATA";-3;"EMBU DAS ARTES";"46";"N";-1;"#NULO";"3176572.53";"#NE";"S";"-1";"06025654520266260000";"-3";"#NE";"-3";"#NE";"NÃO";"#NULO";-1;"#NULO";"N";"N";-1;-1;"2026-08-13 14:55:32";8;"AGUARDANDO JULGAMENTO";"-1";"#NULO";"-1";"#NULO";-1;"#NULO";-1;"#NULO";-1;"#NULO";-1;"#NULO";"-1";"#NULO"
"15/08/2026";"19:30:51";2026;6259;250002551087;-3;"#NE";1;"BRASILEIRA NATA";-3;"COLINA";"47";"N";-1;"#NULO";"3176572.53";"#NE";"N";"-1";"06025585320266260000";"-3";"#NE";"-3";"#NE";"NÃO";"#NULO";-1;"#NULO";"N";"N";-1;-1;"2026-08-13 14:55:32";8;"AGUARDANDO JULGAMENTO";"-1";"#NULO";"-1";"#NULO";-1;"#NULO";-1;"#NULO";-1;"#NULO";-1;"#NULO";"-1";"#NULO"
"15/08/2026";"19:30:51";2026;6259;250002551091;-3;"#NE";1;"BRASILEIRA NATA";-3;"SANTO ANASTÁCIO";"42";"N";-1;"#NULO";"3176572.53";"#NE";"N";"-1";"06025204120266260000";"-3";"#NE";"-3";"#NE";"NÃO";"#NULO";-1;"#NULO";"N";"N";-1;-1;"2026-08-13 14:55:32";8;"AGUARDANDO JULGAMENTO";"-1";"#NULO";"-1";"#NULO";-1;"#NULO";-1;"#NULO";-1;"#NULO";-1;"#NULO";"-1";"#NULO"
"15/08/2026";"19:30:51";2026;6259;250002551094;-3;"#NE";1;"BRASILEIRA NATA";-3;"SANTOS";"61";"N";-1;"#NULO";"3176572.53";"#NE";"N";"-1";"06025524620266260000";"-3";"#NE";"-3";"#NE";"NÃO";"#NULO";-1;"#NULO";"N";"N";-1;-1;"2026-08-13 14:55:32";8;"AGUARDANDO JULGAMENTO";"-1";"#NULO";"-1";"#NULO";-1;"#NULO";-1;"#NULO";-1;"#NULO";-1;"#NULO";"-1";"#NULO"
"15/08/2026";"19:30:51";2026;6259;250002551105;-3;"#NE";1;"BRASILEIRA NATA";-3;"SÃO PAULO";"56";"N";-1;"#NULO";"3176572.53";"#NE";"N";"-1";"06025671520266260000";"-3";"#NE";"-3";"#NE";"NÃO";"#NULO";-1;"#NULO";"N";"N";-1;-1;"2026-08-13 14:55:32";8;"AGUARDANDO JULGAMENTO";"-1";"#NULO";"-1";"#NULO";-1;"#NULO";-1;"#NULO";-1;"#NULO";-1;"#NULO";"-1";"#NULO"
"15/08/2026";"19:30:51";2026;6259;250002551115;-3;"#NE";1;"BRASILEIRA NATA";-3;"TAUBATÉ";"39";"N";-1;"#NULO";"3176572.53";"#NE";"N";"-1";"06025516120266260000";"-3";"#NE";"-3";"#NE";"NÃO";"#NULO";-1;"#NULO";"N";"N";-1;-1;"2026-08-13 14:55:32";8;"AGUARDANDO JULGAMENTO";"-1";"#NULO";"-1";"#NULO";-1;"#NULO";-1;"#NULO";-1;"#NULO";-1;"#NULO";"-1";"#NULO"
"15/08/2026";"19:30:51";2026;6259;250002551113;-3;"#NE";2;"BRASILEIRA (NATURALIZADA)";-3;"SÃO PAULO";"58";"S";-1;"#NULO";"3176572.53";"#NE";"N";"-1";"06025212620266260000";"-3";"#NE";"-3";"#NE";"NÃO";"#NULO";-1;"#NULO";"N";"N";-1;-1;"2026-08-13 14:55:32";8;"AGUARDANDO JULGAMENTO";"-1";"#NULO";"-1";"#NULO";-1;"#NULO";-1;"#NULO";-1;"#NULO";-1;"#NULO";"-1";"#NULO"
"15/08/2026";"19:30:51";2026;6259;250002551226;-3;"#NE";1;"BRASILEIRA NATA";-3;"INDIAPORÃ";"35";"N";-1;"#NULO";"1270629.01";"#NE";"N";"-1";"06026104920266260000";"-3";"#NE";"-3";"#NE";"NÃO";"#NULO";-1;"#NULO";"N";"N";-1;-1;"2026-08-13 15:31:25";8;"AGUARDANDO JULGAMENTO";"-1";"#NULO";"-1";"#NULO";-1;"#NULO";-1;"#NULO";-1;"#NULO";-1;"#NULO";"-1";"#NULO"
"15/08/2026";"19:30:51";2026;6259;250002551233;-3;"#NE";1;"BRASILEIRA NATA";-3;"SÃO PAULO";"52";"N";-1;"#NULO";"1270629.01";"#NE";"S";"-1";"06026356220266260000";"-3";"#NE";"-3";"#NE";"NÃO";"#NULO";-1;"#NULO";"N";"N";-1;-1;"2026-08-13 15:31:25";8;"AGUARDANDO JULGAMENTO";"-1";"#NULO";"-1";"#NULO";-1;"#NULO";-1;"#NULO";-1;"#NULO";-1;"#NULO";"-1";"#NULO"
"15/08/2026";"19:30:51";2026;6259;250002551502;-3;"#NE";1;"BRASILEIRA NATA";-3;"TRÊS LAGOAS";"57";"N";0;"NÃO INFORMADO";"7115522.46";"#NE";"S";"-1";"06026538320266260000";"-3";"#NE";"-3";"#NE";"NÃO";"#NULO";-1;"#NULO";"N";"N";-1;-1;"2026-08-13 18:03:55";8;"AGUARDANDO JULGAMENTO";"-1";"#NULO";"-1";"#NULO";-1;"#NULO";-1;"#NULO";-1;"#NULO";-1;"#NULO";"-1";"#NULO"
"15/08/2026";"19:30:51";2026;6259;250002551501;-3;"#NE";1;"BRASILEIRA NATA";-3;"RIO BRANCO";"69";"N";-1;"#NULO";"7115522.46";"#NE";"S";"-1";"06026529820266260000";"-3";"#NE";"-3";"#NE";"NÃO";"#NULO";-1;"#NULO";"N";"N";-1;-1;"2026-08-13 18:03:55";8;"AGUARDANDO JULGAMENTO";"-1";"#NULO";"-1";"#NULO";-1;"#NULO";-1;"#NULO";-1;"#NULO";-1;"#NULO";"-1";"#NULO"
"15/08/2026";"19:30:51";2026;6259;250002551505;-3;"#NE";1;"BRASILEIRA NATA";-3;"SÃO PAULO";"35";"N";-1;"#NULO";"-1";"#NE";"S";"-1";"06026511620266260000";"-3";"#NE";"-3";"#NE";"NÃO";"#NULO";-1;"#NULO";"N";"N";-1;-1;"2026-08-13 18:03:55";8;"AGUARDANDO JULGAMENTO";"-1";"#NULO";"-1";"#NULO";-1;"#NULO";-1;"#NULO";-1;"#NULO";-1;"#NULO";"-1";"#NULO"
"15/08/2026";"19:30:51";2026;6259;250002551605;-3;"#NE";1;"BRASILEIRA NATA";-3;"SÃO PAULO";"41";"N";-1;"#NULO";"3176572.53";"#NE";"N";"-1";"06027204820266260000";"-3";"#NE";"-3";"#NE";"NÃO";"#NULO";-1;"#NULO";"N";"N";-1;-1;"2026-08-14 15:42:33";8;"AGUARDANDO JULGAMENTO";"-1";"#NULO";"-1";"#NULO";-1;"#NULO";-1;"#NULO";-1;"#NULO";-1;"#NULO";"-1";"#NULO"
"15/08/2026";"19:30:51";2026;6259;250002551607;-3;"#NE";1;"BRASILEIRA NATA";-3;"SÃO PAULO";"61";"N";-1;"#NULO";"3176572.53";"#NE";"N";"-1";"06027144120266260000";"-3";"#NE";"-3";"#NE";"NÃO";"#NULO";-1;"#NULO";"N";"N";-1;-1;"2026-08-14 15:42:33";8;"AGUARDANDO JULGAMENTO";"-1";"#NULO";"-1";"#NULO";-1;"#NULO";-1;"#NULO";-1;"#NULO";-1;"#NULO";"-1";"#NULO"
"15/08/2026";"19:30:51";2026;6259;250002551614;-3;"#NE";1;"BRASILEIRA NATA";-3;"MARTINÓPOLIS";"61";"N";-1;"#NULO";"3176572.53";"#NE";"N";"-1";"06026693720266260000";"-3";"#NE";"-3";"#NE";"NÃO";"#NULO";-1;"#NULO";"N";"N";-1;-1;"2026-08-14 15:42:33";8;"AGUARDANDO JULGAMENTO";"-1";"#NULO";"-1";"#NULO";-1;"#NULO";-1;"#NULO";-1;"#NULO";-1;"#NULO";"-1";"#NULO"
"15/08/2026";"19:30:51";2026;6259;250002551613;-3;"#NE";1;"BRASILEIRA NATA";-3;"SANTOS";"68";"N";-1;"#NULO";"3176572.53";"#NE";"N";"-1";"06026633020266260000";"-3";"#NE";"-3";"#NE";"NÃO";"#NULO";-1;"#NULO";"N";"N";-1;-1;"2026-08-14 15:42:33";8;"AGUARDANDO JULGAMENTO";"-1";"#NULO";"-1";"#NULO";-1;"#NULO";-1;"#NULO";-1;"#NULO";-1;"#NULO";"-1";"#NULO"
"15/08/2026";"19:30:51";2026;6259;250002551626;-3;"#NE";1;"BRASILEIRA NATA";-3;"SÃO PAULO";"43";"N";-1;"#NULO";"3176572.53";"#NE";"N";"-1";"06027022720266260000";"-3";"#NE";"-3";"#NE";"NÃO";"#NULO";-1;"#NULO";"N";"N";-1;-1;"2026-08-14 15:42:33";8;"AGUARDANDO JULGAMENTO";"-1";"#NULO";"-1";"#NULO";-1;"#NULO";-1;"#NULO";-1;"#NULO";-1;"#NULO";"-1";"#NULO"
"15/08/2026";"19:30:51";2026;6259;250002551637;-3;"#NE";1;"BRASILEIRA NATA";-3;"SÃO PAULO";"65";"N";-1;"#NULO";"3176572.53";"#NE";"N";"-1";"06026892820266260000";"-3";"#NE";"-3";"#NE";"NÃO";"#NULO";-1;"#NULO";"N";"N";-1;-1;"2026-08-14 15:42:33";8;"AGUARDANDO JULGAMENTO";"-1";"#NULO";"-1";"#NULO";-1;"#NULO";-1;"#NULO";-1;"#NULO";-1;"#NULO";"-1";"#NULO"
"15/08/2026";"19:30:51";2026;6259;250002551642;-3;"#NE";1;"BRASILEIRA NATA";-3;"FERRAZ DE VASCONCELOS";"38";"N";-1;"#NULO";"3176572.53";"#NE";"N";"-1";"06027005720266260000";"-3";"#NE";"-3";"#NE";"NÃO";"#NULO";-1;"#NULO";"N";"N";-1;-1;"2026-08-14 15:42:33";8;"AGUARDANDO JULGAMENTO";"-1";"#NULO";"-1";"#NULO";-1;"#NULO";-1;"#NULO";-1;"#NULO";-1;"#NULO";"-1";"#NULO"
"15/08/2026";"19:30:51";2026;6259;250002551657;-3;"#NE";1;"BRASILEIRA NATA";-3;"APUCARANA";"71";"N";-1;"#NULO";"3176572.53";"#NE";"N";"-1";"06026685220266260000";"-3";"#NE";"-3";"#NE";"NÃO";"#NULO";-1;"#NULO";"N";"N";-1;-1;"2026-08-14 15:42:33";8;"AGUARDANDO JULGAMENTO";"-1";"#NULO";"-1";"#NULO";-1;"#NULO";-1;"#NULO";-1;"#NULO";-1;"#NULO";"-1";"#NULO"
"15/08/2026";"19:30:51";2026;6259;250002551729;-3;"#NE";1;"BRASILEIRA NATA";-3;"SÃO PAULO";"26";"N";-1;"#NULO";"1270629.01";"#NE";"N";"-1";"06027274020266260000";"-3";"#NE";"-3";"#NE";"NÃO";"#NULO";-1;"#NULO";"N";"N";-1;-1;"2026-08-14 18:02:55";8;"AGUARDANDO JULGAMENTO";"-1";"#NULO";"-1";"#NULO";-1;"#NULO";-1;"#NULO";-1;"#NULO";-1;"#NULO";"-1";"#NULO"
"15/08/2026";"19:30:51";2026;6259;250002552594;-3;"#NE";1;"BRASILEIRA NATA";-3;"RECIFE";"42";"N";-1;"#NULO";"3176572.53";"#NE";"S";"-1";"06027386920266260000";"-3";"#NE";"-3";"#NE";"NÃO";"#NULO";-1;"#NULO";"N";"N";-1;-1;"2026-08-15 14:13:01";8;"AGUARDANDO JULGAMENTO";"-1";"#NULO";"-1";"#NULO";-1;"#NULO";-1;"#NULO";-1;"#NULO";-1;"#NULO";"-1";"#NULO"
"15/08/2026";"19:30:51";2026;6259;250002552595;-3;"#NE";1;"BRASILEIRA NATA";-3;"SÃO PAULO";"38";"N";-1;"#NULO";"3176572.53";"#NE";"N";"-1";"06027378420266260000";"-3";"#NE";"-3";"#NE";"NÃO";"#NULO";-1;"#NULO";"N";"N";-1;-1;"2026-08-15 14:13:01";8;"AGUARDANDO JULGAMENTO";"-1";"#NULO";"-1";"#NULO";-1;"#NULO";-1;"#NULO";-1;"#NULO";-1;"#NULO";"-1";"#NULO"
"15/08/2026";"19:30:51";2026;6259;250002552614;-3;"#NE";1;"BRASILEIRA NATA";-3;"NOVA OLINDA DO NORTE";"53";"N";-1;"#NULO";"3176572.53";"#NE";"N";"-1";"06028409120266260000";"-3";"#NE";"-3";"#NE";"NÃO";"#NULO";-1;"#NULO";"N";"N";-1;-1;"2026-08-15 16:56:56";8;"AGUARDANDO JULGAMENTO";"-1";"#NULO";"-1";"#NULO";-1;"#NULO";-1;"#NULO";-1;"#NULO";-1;"#NULO";"-1";"#NULO"
"15/08/2026";"19:30:51";2026;6259;250002552629;-3;"#NE";1;"BRASILEIRA NATA";-3;"ALAGOINHAS";"66";"N";-1;"#NULO";"3176572.53";"#NE";"N";"-1";"06028832820266260000";"-3";"#NE";"-3";"#NE";"NÃO";"#NULO";-1;"#NULO";"N";"N";-1;-1;"2026-08-15 16:56:56";8;"AGUARDANDO JULGAMENTO";"-1";"#NULO";"-1";"#NULO";-1;"#NULO";-1;"#NULO";-1;"#NULO";-1;"#NULO";"-1";"#NULO"
"15/08/2026";"19:30:51";2026;6259;250002552635;-3;"#NE";1;"BRASILEIRA NATA";-3;"OSASCO";"57";"N";-1;"#NULO";"3176572.53";"#NE";"N";"-1";"06028495320266260000";"-3";"#NE";"-3";"#NE";"NÃO";"#NULO";-1;"#NULO";"N";"N";-1;-1;"2026-08-15 16:56:56";8;"AGUARDANDO JULGAMENTO";"-1";"#NULO";"-1";"#NULO";-1;"#NULO";-1;"#NULO";-1;"#NULO";-1;"#NULO";"-1";"#NULO"
"15/08/2026";"19:30:51";2026;6259;250002552639;-3;"#NE";1;"BRASILEIRA NATA";-3;"PIRASSUNUNGA";"69";"N";-1;"#NULO";"3176572.53";"#NE";"N";"-1";"06028434620266260000";"-3";"#NE";"-3";"#NE";"NÃO";"#NULO";-1;"#NULO";"N";"N";-1;-1;"2026-08-15 16:56:56";8;"AGUARDANDO JULGAMENTO";"-1";"#NULO";"-1";"#NULO";-1;"#NULO";-1;"#NULO";-1;"#NULO";-1;"#NULO";"-1";"#NULO"
"15/08/2026";"19:30:51";2026;6259;250002552648;-3;"#NE";1;"BRASILEIRA NATA";-3;"COTIA";"52";"N";-1;"#NULO";"3176572.53";"#NE";"S";"-1";"06028642220266260000";"-3";"#NE";"-3";"#NE";"NÃO";"#NULO";-1;"#NULO";"N";"N";-1;-1;"2026-08-15 16:56:56";8;"AGUARDANDO JULGAMENTO";"-1";"#NULO";"-1";"#NULO";-1;"#NULO";-1;"#NULO";-1;"#NULO";-1;"#NULO";"-1";"#NULO"
"15/08/2026";"19:30:51";2026;6259;250002552654;-3;"#NE";1;"BRASILEIRA NATA";-3;"SANTO ANDRÉ";"69";"N";-1;"#NULO";"3176572.53";"#NE";"N";"-1";"06028547520266260000";"-3";"#NE";"-3";"#NE";"NÃO";"#NULO";-1;"#NULO";"N";"N";-1;-1;"2026-08-15 16:56:56";8;"AGUARDANDO JULGAMENTO";"-1";"#NULO";"-1";"#NULO";-1;"#NULO";-1;"#NULO";-1;"#NULO";-1;"#NULO";"-1";"#NULO"
"15/08/2026";"19:30:51";2026;6259;250002552661;-3;"#NE";1;"BRASILEIRA NATA";-3;"SÃO PAULO";"51";"N";-1;"#NULO";"3176572.53";"#NE";"N";"-1";"06028218520266260000";"-3";"#NE";"-3";"#NE";"NÃO";"#NULO";-1;"#NULO";"N";"N";-1;-1;"2026-08-15 16:56:56";8;"AGUARDANDO JULGAMENTO";"-1";"#NULO";"-1";"#NULO";-1;"#NULO";-1;"#NULO";-1;"#NULO";-1;"#NULO";"-1";"#NULO"
"15/08/2026";"19:30:51";2026;6259;250002552669;-3;"#NE";1;"BRASILEIRA NATA";-3;"SÃO PAULO";"80";"N";-1;"#NULO";"3176572.53";"#NE";"N";"-1";"06028763620266260000";"-3";"#NE";"-3";"#NE";"NÃO";"#NULO";-1;"#NULO";"N";"N";-1;-1;"2026-08-15 16:56:56";8;"AGUARDANDO JULGAMENTO";"-1";"#NULO";"-1";"#NULO";-1;"#NULO";-1;"#NULO";-1;"#NULO";-1;"#NULO";"-1";"#NULO"
"15/08/2026";"19:30:51";2026;6259;250002552673;-3;"#NE";1;"BRASILEIRA NATA";-3;"SÃO PAULO";"56";"N";-1;"#NULO";"3176572.53";"#NE";"N";"-1";"06028520820266260000";"-3";"#NE";"-3";"#NE";"NÃO";"#NULO";-1;"#NULO";"N";"N";-1;-1;"2026-08-15 16:56:56";8;"AGUARDANDO JULGAMENTO";"-1";"#NULO";"-1";"#NULO";-1;"#NULO";-1;"#NULO";-1;"#NULO";-1;"#NULO";"-1";"#NULO"
"15/08/2026";"19:30:51";2026;6259;250002552674;-3;"#NE";1;"BRASILEIRA NATA";-3;"SÃO PAULO";"55";"N";-1;"#NULO";"3176572.53";"#NE";"N";"-1";"06028711420266260000";"-3";"#NE";"-3";"#NE";"NÃO";"#NULO";-1;"#NULO";"N";"N";-1;-1;"2026-08-15 16:56:56";8;"AGUARDANDO JULGAMENTO";"-1";"#NULO";"-1";"#NULO";-1;"#NULO";-1;"#NULO";-1;"#NULO";-1;"#NULO";"-1";"#NULO"
"15/08/2026";"19:30:51";2026;6259;250002552861;-3;"#NE";1;"BRASILEIRA NATA";-3;"BARRETOS";"64";"N";-1;"#NULO";"1270629.01";"#NE";"S";"-1";"06027898020266260000";"-3";"#NE";"-3";"#NE";"NÃO";"#NULO";-1;"#NULO";"N";"N";-1;-1;"2026-08-15 16:08:59";8;"AGUARDANDO JULGAMENTO";"-1";"#NULO";"-1";"#NULO";-1;"#NULO";-1;"#NULO";-1;"#NULO";-1;"#NULO";"-1";"#NULO"
"15/08/2026";"19:30:51";2026;6259;250002552862;-3;"#NE";1;"BRASILEIRA NATA";-3;"SÃO PAULO";"55";"N";-1;"#NULO";"1270629.01";"#NE";"N";"-1";"06028061920266260000";"-3";"#NE";"-3";"#NE";"NÃO";"#NULO";-1;"#NULO";"N";"N";-1;-1;"2026-08-15 16:08:59";8;"AGUARDANDO JULGAMENTO";"-1";"#NULO";"-1";"#NULO";-1;"#NULO";-1;"#NULO";-1;"#NULO";-1;"#NULO";"-1";"#NULO"
"15/08/2026";"19:30:51";2026;6259;250002552902;-3;"#NE";1;"BRASILEIRA NATA";-3;"SÃO PAULO";"60";"N";-1;"#NULO";"1270629.01";"#NE";"S";"-1";"06027845820266260000";"-3";"#NE";"-3";"#NE";"NÃO";"#NULO";-1;"#NULO";"N";"N";-1;-1;"2026-08-15 16:08:59";8;"AGUARDANDO JULGAMENTO";"-1";"#NULO";"-1";"#NULO";-1;"#NULO";-1;"#NULO";-1;"#NULO";-1;"#NULO";"-1";"#NULO"
"15/08/2026";"19:30:51";2026;6259;250002552910;-3;"#NE";1;"BRASILEIRA NATA";-3;"SOLONÓPOLE";"58";"N";-1;"#NULO";"1270629.01";"#NE";"S";"-1";"06027594520266260000";"-3";"#NE";"-3";"#NE";"NÃO";"#NULO";-1;"#NULO";"N";"N";-1;-1;"2026-08-15 16:08:59";8;"AGUARDANDO JULGAMENTO";"-1";"#NULO";"-1";"#NULO";-1;"#NULO";-1;"#NULO";-1;"#NULO";-1;"#NULO";"-1";"#NULO"
"15/08/2026";"19:30:51";2026;6259;250002553251;-3;"#NE";1;"BRASILEIRA NATA";-3;"QUEIMADAS";"74";"N";-1;"#NULO";"-1";"#NE";"N";"-1";"06029023420266260000";"-3";"#NE";"-3";"#NE";"NÃO";"#NULO";-1;"#NULO";"N";"N";-1;-1;"2026-08-15 17:59:26";8;"AGUARDANDO JULGAMENTO";"-1";"#NULO";"-1";"#NULO";-1;"#NULO";-1;"#NULO";-1;"#NULO";-1;"#NULO";"-1";"#NULO"
"15/08/2026";"19:30:51";2026;6259;250002553790;-3;"#NE";1;"BRASILEIRA NATA";-3;"ENCRUZILHADA";"73";"N";-1;"#NULO";"1270629.01";"#NE";"N";"-1";"06029543020266260000";"-3";"#NE";"-3";"#NE";"NÃO";"#NULO";-1;"#NULO";"N";"N";-1;-1;"2026-08-15 19:01:55";8;"AGUARDANDO JULGAMENTO";"-1";"#NULO";"-1";"#NULO";-1;"#NULO";-1;"#NULO";-1;"#NULO";-1;"#NULO";"-1";"#NULO"
"15/08/2026";"19:30:51";2026;6259;250002553796;-3;"#NE";1;"BRASILEIRA NATA";-3;"ARAÇATUBA";"54";"N";-1;"#NULO";"1270629.01";"#NE";"N";"-1";"06029777320266260000";"-3";"#NE";"-3";"#NE";"NÃO";"#NULO";-1;"#NULO";"N";"N";-1;-1;"2026-08-15 19:01:55";8;"AGUARDANDO JULGAMENTO";"-1";"#NULO";"-1";"#NULO";-1;"#NULO";-1;"#NULO";-1;"#NULO";-1;"#NULO";"-1";"#NULO"
"15/08/2026";"19:30:51";2026;6259;250002553817;-3;"#NE";1;"BRASILEIRA NATA";-3;"SÃO PAULO";"53";"N";-1;"#NULO";"1270629.01";"#NE";"N";"-1";"06029119320266260000";"-3";"#NE";"-3";"#NE";"NÃO";"#NULO";-1;"#NULO";"N";"N";-1;-1;"2026-08-15 19:01:55";8;"AGUARDANDO JULGAMENTO";"-1";"#NULO";"-1";"#NULO";-1;"#NULO";-1;"#NULO";-1;"#NULO";-1;"#NULO";"-1";"#NULO"
"15/08/2026";"19:30:51";2026;6259;250002553826;-3;"#NE";1;"BRASILEIRA NATA";-3;"CASA BRANCA";"55";"N";-1;"#NULO";"1270629.01";"#NE";"N";"-1";"06029742120266260000";"-3";"#NE";"-3";"#NE";"NÃO";"#NULO";-1;"#NULO";"N";"N";-1;-1;"2026-08-15 19:01:55";8;"AGUARDANDO JULGAMENTO";"-1";"#NULO";"-1";"#NULO";-1;"#NULO";-1;"#NULO";-1;"#NULO";-1;"#NULO";"-1";"#NULO"
"15/08/2026";"19:30:51";2026;6259;250002553835;-3;"#NE";1;"BRASILEIRA NATA";-3;"CARATINGA";"49";"N";-1;"#NULO";"1270629.01";"#NE";"N";"-1";"06029266220266260000";"-3";"#NE";"-3";"#NE";"NÃO";"#NULO";-1;"#NULO";"N";"N";-1;-1;"2026-08-15 19:01:55";8;"AGUARDANDO JULGAMENTO";"-1";"#NULO";"-1";"#NULO";-1;"#NULO";-1;"#NULO";-1;"#NULO";-1;"#NULO";"-1";"#NULO"
"15/08/2026";"19:30:51";2026;6259;250002553836;-3;"#NE";1;"BRASILEIRA NATA";-3;"ARARIPINA";"53";"N";-1;"#NULO";"1270629.01";"#NE";"N";"-1";"06029551520266260000";"-3";"#NE";"-3";"#NE";"NÃO";"#NULO";-1;"#NULO";"N";"N";-1;-1;"2026-08-15 19:01:55";8;"AGUARDANDO JULGAMENTO";"-1";"#NULO";"-1";"#NULO";-1;"#NULO";-1;"#NULO";-1;"#NULO";-1;"#NULO";"-1";"#NULO"
"15/08/2026";"19:30:51";2026;6259;250002553839;-3;"#NE";1;"BRASILEIRA NATA";-3;"ITAPAJÉ";"37";"N";-1;"#NULO";"1270629.01";"#NE";"N";"-1";"06029716620266260000";"-3";"#NE";"-3";"#NE";"NÃO";"#NULO";-1;"#NULO";"N";"N";-1;-1;"2026-08-15 19:01:55";8;"AGUARDANDO JULGAMENTO";"-1";"#NULO";"-1";"#NULO";-1;"#NULO";-1;"#NULO";-1;"#NULO";-1;"#NULO";"-1";"#NULO"
"15/08/2026";"19:30:51";2026;6259;250002553843;-3;"#NE";1;"BRASILEIRA NATA";-3;"GUARANÉSIA";"64";"N";-1;"#NULO";"1270629.01";"#NE";"N";"-1";"06029318420266260000";"-3";"#NE";"-3";"#NE";"NÃO";"#NULO";-1;"#NULO";"N";"N";-1;-1;"2026-08-15 19:01:55";8;"AGUARDANDO JULGAMENTO";"-1";"#NULO";"-1";"#NULO";-1;"#NULO";-1;"#NULO";-1;"#NULO";-1;"#NULO";"-1";"#NULO"
"15/08/2026";"19:30:51";2026;6259;250002553866;-3;"#NE";1;"BRASILEIRA NATA";-3;"SÃO JOAQUIM DA BARRA";"32";"N";-1;"#NULO";"1270629.01";"#NE";"N";"-1";"06030140320266260000";"-3";"#NE";"-3";"#NE";"NÃO";"#NULO";-1;"#NULO";"N";"N";-1;-1;"2026-08-15 19:14:09";8;"AGUARDANDO JULGAMENTO";"-1";"#NULO";"-1";"#NULO";-1;"#NULO";-1;"#NULO";-1;"#NULO";-1;"#NULO";"-1";"#NULO"
"15/08/2026";"19:30:51";2026;6259;250002530093;-3;"#NE";1;"BRASILEIRA NATA";-3;"BELO HORIZONTE";"55";"N";0;"NÃO INFORMADO";"3176572.53";"#NE";"N";"-1";"06003162420266260000";"-3";"#NE";"-3";"#NE";"NÃO";"#NULO";-1;"#NULO";"N";"N";-1;-1;"2026-07-23 18:40:08";8;"AGUARDANDO JULGAMENTO";"-1";"#NULO";"-1";"#NULO";-1;"#NULO";-1;"#NULO";-1;"#NULO";-1;"#NULO";"-1";"#NULO"
"15/08/2026";"19:30:51";2026;6259;250002530120;-3;"#NE";1;"BRASILEIRA NATA";-3;"SANTA RITA";"50";"N";0;"NÃO INFORMADO";"3176572.53";"#NE";"S";"-1";"06003379720266260000";"-3";"#NE";"-3";"#NE";"NÃO";"#NULO";-1;"#NULO";"N";"N";-1;-1;"2026-07-23 18:40:08";8;"AGUARDANDO JULGAMENTO";"-1";"#NULO";"-1";"#NULO";-1;"#NULO";-1;"#NULO";-1;"#NULO";-1;"#NULO";"-1";"#NULO"
"15/08/2026";"19:30:51";2026;6259;250002530137;-3;"#NE";2;"BRASILEIRA (NATURALIZADA)";-3;"Itu";"48";"N";0;"NÃO INFORMADO";"3176572.53";"#NE";"S";"-1";"06003448920266260000";"-3";"#NE";"-3";"#NE";"NÃO";"#NULO";-1;"#NULO";"N";"N";-1;-1;"2026-07-23 18:40:08";8;"AGUARDANDO JULGAMENTO";"-1";"#NULO";"-1";"#NULO";-1;"#NULO";-1;"#NULO";-1;"#NULO";-1;"#NULO";"-1";"#NULO"
"15/08/2026";"19:30:51";2026;6259;250002530145;-3;"#NE";1;"BRASILEIRA NATA";-3;"REGENTE FEIJÓ";"57";"N";-1;"#NULO";"3176572.53";"#NE";"S";"-1";"06003491420266260000";"-3";"#NE";"-3";"#NE";"NÃO";"#NULO";-1;"#NULO";"N";"N";-1;-1;"2026-07-23 18:40:08";8;"AGUARDANDO JULGAMENTO";"-1";"#NULO";"-1";"#NULO";-1;"#NULO";-1;"#NULO";-1;"#NULO";-1;"#NULO";"-1";"#NULO"
"15/08/2026";"19:30:51";2026;6259;250002530163;-3;"#NE";1;"BRASILEIRA NATA";-3;"SÃO PAULO";"47";"N";-1;"#NULO";"3176572.53";"#NE";"S";"-1";"06003396720266260000";"-3";"#NE";"-3";"#NE";"NÃO";"#NULO";-1;"#NULO";"N";"N";-1;-1;"2026-07-23 18:40:08";8;"AGUARDANDO JULGAMENTO";"-1";"#NULO";"-1";"#NULO";-1;"#NULO";-1;"#NULO";-1;"#NULO";-1;"#NULO";"-1";"#NULO"
"15/08/2026";"19:30:51";2026;6259;250002530167;-3;"#NE";1;"BRASILEIRA NATA";-3;"SÃO PAULO";"58";"N";0;"NÃO INFORMADO";"3176572.53";"#NE";"S";"-1";"06003145420266260000";"-3";"#NE";"-3";"#NE";"NÃO";"#NULO";-1;"#NULO";"N";"N";-1;-1;"2026-07-23 18:40:08";8;"AGUARDANDO JULGAMENTO";"-1";"#NULO";"-1";"#NULO";-1;"#NULO";-1;"#NULO";-1;"#NULO";-1;"#NULO";"-1";"#NULO"
"15/08/2026";"19:30:51";2026;6259;250002530191;-3;"#NE";1;"BRASILEIRA NATA";-3;"SÃO JULIÃO";"33";"N";-1;"#NULO";"1270629.01";"#NE";"S";"-1";"06004002520266260000";"-3";"#NE";"-3";"#NE";"NÃO";"#NULO";-1;"#NULO";"N";"N";-1;-1;"2026-07-23 19:03:01";8;"AGUARDANDO JULGAMENTO";"-1";"#NULO";"-1";"#NULO";-1;"#NULO";-1;"#NULO";-1;"#NULO";-1;"#NULO";"-1";"#NULO"
"15/08/2026";"19:30:51";2026;6259;250002530195;-3;"#NE";2;"BRASILEIRA (NATURALIZADA)";-3;"JABORANDI";"53";"N";-1;"#NULO";"1270629.01";"#NE";"N";"-1";"06004176120266260000";"-3";"#NE";"-3";"#NE";"NÃO";"#NULO";-1;"#NULO";"N";"N";-1;-1;"2026-07-23 19:03:01";8;"AGUARDANDO JULGAMENTO";"-1";"#NULO";"-1";"#NULO";-1;"#NULO";-1;"#NULO";-1;"#NULO";-1;"#NULO";"-1";"#NULO"
"15/08/2026";"19:30:51";2026;6259;250002530201;-3;"#NE";1;"BRASILEIRA NATA";-3;"MOGI MIRIM";"44";"N";-1;"#NULO";"1270629.01";"#NE";"S";"-1";"06004323020266260000";"-3";"#NE";"-3";"#NE";"NÃO";"#NULO";-1;"#NULO";"N";"S";-1;-1;"2026-07-23 19:03:01";6;"RENÚNCIA";"-1";"#NULO";"-1";"#NULO";-1;"#NULO";-1;"#NULO";-1;"#NULO";-1;"#NULO";"-1";"#NULO"
"15/08/2026";"19:30:51";2026;6259;250002530212;-3;"#NE";1;"BRASILEIRA NATA";-3;"BOTUCATU";"53";"N";0;"NÃO INFORMADO";"1270629.01";"#NE";"S";"-1";"06004712720266260000";"-3";"#NE";"-3";"#NE";"NÃO";"#NULO";-1;"#NULO";"N";"N";-1;-1;"2026-07-23 19:03:01";8;"AGUARDANDO JULGAMENTO";"-1";"#NULO";"-1";"#NULO";-1;"#NULO";-1;"#NULO";-1;"#NULO";-1;"#NULO";"-1";"#NULO"
"15/08/2026";"19:30:51";2026;6259;250002530215;-3;"#NE";1;"BRASILEIRA NATA";-3;"CAMPINAS";"34";"N";0;"NÃO INFORMADO";"1270629.01";"#NE";"S";"-1";"06004444420266260000";"-3";"#NE";"-3";"#NE";"NÃO";"#NULO";-1;"#NULO";"N";"N";-1;-1;"2026-07-23 19:03:01";8;"AGUARDANDO JULGAMENTO";"-1";"#NULO";"-1";"#NULO";-1;"#NULO";-1;"#NULO";-1;"#NULO";-1;"#NULO";"-1";"#NULO"
"15/08/2026";"19:30:51";2026;6259;250002530226;-3;"#NE";1;"BRASILEIRA NATA";-3;"GUARUJÁ";"35";"N";-1;"#NULO";"1270629.01";"#NE";"N";"-1";"06003872620266260000";"-3";"#NE";"-3";"#NE";"NÃO";"#NULO";-1;"#NULO";"N";"N";-1;-1;"2026-07-23 19:03:01";8;"AGUARDANDO JULGAMENTO";"-1";"#NULO";"-1";"#NULO";-1;"#NULO";-1;"#NULO";-1;"#NULO";-1;"#NULO";"-1";"#NULO"
"15/08/2026";"19:30:51";2026;6259;250002530238;-3;"#NE";1;"BRASILEIRA NATA";-3;"SÃO PAULO";"47";"N";0;"NÃO INFORMADO";"1270629.01";"#NE";"S";"-1";"06004159120266260000";"-3";"#NE";"-3";"#NE";"NÃO";"#NULO";-1;"#NULO";"N";"N";-1;-1;"2026-07-23 19:03:01";8;"AGUARDANDO JULGAMENTO";"-1";"#NULO";"-1";"#NULO";-1;"#NULO";-1;"#NULO";-1;"#NULO";-1;"#NULO";"-1";"#NULO"
"15/08/2026";"19:30:51";2026;6259;250002530240;-3;"#NE";1;"BRASILEIRA NATA";-3;"SÃO PAULO";"25";"N";-1;"#NULO";"1270629.01";"#NE";"N";"-1";"06004140920266260000";"-3";"#NE";"-3";"#NE";"NÃO";"#NULO";-1;"#NULO";"N";"N";-1;-1;"2026-07-23 19:03:01";8;"AGUARDANDO JULGAMENTO";"-1";"#NULO";"-1";"#NULO";-1;"#NULO";-1;"#NULO";-1;"#NULO";-1;"#NULO";"-1";"#NULO"
"15/08/2026";"19:30:51";2026;6259;250002530243;-3;"#NE";1;"BRASILEIRA NATA";-3;"SÃO PAULO";"59";"N";0;"NÃO INFORMADO";"1270629.01";"#NE";"S";"-1";"06004574320266260000";"-3";"#NE";"-3";"#NE";"NÃO";"#NULO";-1;"#NULO";"N";"N";-1;-1;"2026-07-23 19:03:01";8;"AGUARDANDO JULGAMENTO";"-1";"#NULO";"-1";"#NULO";-1;"#NULO";-1;"#NULO";-1;"#NULO";-1;"#NULO";"-1";"#NULO"
"15/08/2026";"19:30:51";2026;6259;250002530254;-3;"#NE";1;"BRASILEIRA NATA";-3;"SÃO PAULO";"72";"N";-1;"#NULO";"1270629.01";"#NE";"N";"-1";"06004297520266260000";"-3";"#NE";"-3";"#NE";"NÃO";"#NULO";-1;"#NULO";"N";"N";-1;-1;"2026-07-23 19:03:01";8;"AGUARDANDO JULGAMENTO";"-1";"#NULO";"-1";"#NULO";-1;"#NULO";-1;"#NULO";-1;"#NULO";-1;"#NULO";"-1";"#NULO"
"15/08/2026";"19:30:51";2026;6259;250002530258;-3;"#NE";1;"BRASILEIRA NATA";-3;"SÃO PAULO";"55";"N";-1;"#NULO";"1270629.01";"#NE";"S";"-1";"06004366720266260000";"-3";"#NE";"-3";"#NE";"NÃO";"#NULO";-1;"#NULO";"N";"N";-1;-1;"2026-07-23 19:03:01";8;"AGUARDANDO JULGAMENTO";"-1";"#NULO";"-1";"#NULO";-1;"#NULO";-1;"#NULO";-1;"#NULO";-1;"#NULO";"-1";"#NULO"
"15/08/2026";"19:30:51";2026;6259;250002530267;-3;"#NE";1;"BRASILEIRA NATA";-3;"SÃO PAULO";"57";"N";-1;"#NULO";"1270629.01";"#NE";"S";"-1";"06004167620266260000";"-3";"#NE";"-3";"#NE";"NÃO";"#NULO";-1;"#NULO";"N";"N";-1;-1;"2026-07-23 19:03:01";8;"AGUARDANDO JULGAMENTO";"-1";"#NULO";"-1";"#NULO";-1;"#NULO";-1;"#NULO";-1;"#NULO";-1;"#NULO";"-1";"#NULO"
"15/08/2026";"19:30:51";2026;6259;250002530272;-3;"#NE";2;"BRASILEIRA (NATURALIZADA)";-3;"SOROCABA";"48";"N";-1;"#NULO";"1270629.01";"#NE";"N";"-1";"06004193120266260000";"-3";"#NE";"-3";"#NE";"NÃO";"#NULO";-1;"#NULO";"N";"N";-1;-1;"2026-07-23 19:03:01";8;"AGUARDANDO JULGAMENTO";"-1";"#NULO";"-1";"#NULO";-1;"#NULO";-1;"#NULO";-1;"#NULO";-1;"#NULO";"-1";"#NULO"
"15/08/2026";"19:30:51";2026;6259;250002532324;-3;"#NE";1;"BRASILEIRA NATA";-3;"SOROCABA";"49";"N";-1;"#NULO";"3176572.53";"#NE";"S";"-1";"06005301520266260000";"-3";"#NE";"-3";"#NE";"NÃO";"#NULO";-1;"#NULO";"N";"N";-1;-1;"2026-07-27 18:23:24";8;"AGUARDANDO JULGAMENTO";"-1";"#NULO";"-1";"#NULO";-1;"#NULO";-1;"#NULO";-1;"#NULO";-1;"#NULO";"-1";"#NULO"
"15/08/2026";"19:30:51";2026;6259;250002532347;-3;"#NE";1;"BRASILEIRA NATA";-3;"SÃO JOSÉ DO RIO PRETO";"58";"N";0;"NÃO INFORMADO";"3176572.53";"#NE";"S";"-1";"06005024720266260000";"-3";"#NE";"-3";"#NE";"NÃO";"#NULO";-1;"#NULO";"N";"N";-1;-1;"2026-07-27 18:23:24";8;"AGUARDANDO JULGAMENTO";"-1";"#NULO";"-1";"#NULO";-1;"#NULO";-1;"#NULO";-1;"#NULO";-1;"#NULO";"-1";"#NULO"
"15/08/2026";"19:30:51";2026;6259;250002532365;-3;"#NE";1;"BRASILEIRA NATA";-3;"CAMPINAS";"45";"N";0;"NÃO INFORMADO";"3176572.53";"#NE";"S";"-1";"06004981020266260000";"-3";"#NE";"-3";"#NE";"NÃO";"#NULO";-1;"#NULO";"N";"N";-1;-1;"2026-07-27 18:23:24";8;"AGUARDANDO JULGAMENTO";"-1";"#NULO";"-1";"#NULO";-1;"#NULO";-1;"#NULO";-1;"#NULO";-1;"#NULO";"-1";"#NULO"
"15/08/2026";"19:30:51";2026;6259;250002532364;-3;"#NE";1;"BRASILEIRA NATA";-3;"SÃO PAULO";"45";"N";0;"NÃO INFORMADO";"3176572.53";"#NE";"S";"-1";"06005328220266260000";"-3";"#NE";"-3";"#NE";"NÃO";"#NULO";-1;"#NULO";"N";"N";-1;-1;"2026-07-27 18:23:24";8;"AGUARDANDO JULGAMENTO";"-1";"#NULO";"-1";"#NULO";-1;"#NULO";-1;"#NULO";-1;"#NULO";-1;"#NULO";"-1";"#NULO"
"15/08/2026";"19:30:51";2026;6259;250002532792;-3;"#NE";1;"BRASILEIRA NATA";-3;"OURINHOS";"50";"N";0;"NÃO INFORMADO";"-1";"#NE";"N";"-1";"06005527320266260000";"-3";"#NE";"-3";"#NE";"NÃO";"#NULO";-1;"#NULO";"N";"N";-1;-1;"2026-07-28 13:01:34";8;"AGUARDANDO JULGAMENTO";"-1";"#NULO";"-1";"#NULO";-1;"#NULO";-1;"#NULO";-1;"#NULO";-1;"#NULO";"-1";"#NULO"
"15/08/2026";"19:30:51";2026;6259;250002532383;-3;"#NE";1;"BRASILEIRA NATA";-3;"PASSOS";"69";"N";-1;"#NULO";"3176572.53";"#NE";"S";"-1";"06005215320266260000";"-3";"#NE";"-3";"#NE";"NÃO";"#NULO";-1;"#NULO";"N";"N";-1;-1;"2026-07-27 18:23:24";8;"AGUARDANDO JULGAMENTO";"-1";"#NULO";"-1";"#NULO";-1;"#NULO";-1;"#NULO";-1;"#NULO";-1;"#NULO";"-1";"#NULO"
"15/08/2026";"19:30:51";2026;6259;250002533615;-3;"#NE";1;"BRASILEIRA NATA";-3;"LUPÉRCIO";"53";"N";0;"NÃO INFORMADO";"3176572.53";"#NE";"S";"-1";"06007042420266260000";"-3";"#NE";"-3";"#NE";"NÃO";"#NULO";-1;"#NULO";"N";"N";-1;-1;"2026-07-30 18:02:50";8;"AGUARDANDO JULGAMENTO";"-1";"#NULO";"-1";"#NULO";-1;"#NULO";-1;"#NULO";-1;"#NULO";-1;"#NULO";"-1";"#NULO"
"15/08/2026";"19:30:51";2026;6259;250002533623;-3;"#NE";1;"BRASILEIRA NATA";-3;"ARAÇATUBA";"31";"N";-1;"#NULO";"3176572.53";"#NE";"N";"-1";"06006895520266260000";"-3";"#NE";"-3";"#NE";"NÃO";"#NULO";-1;"#NULO";"N";"N";-1;-1;"2026-07-30 18:02:50";8;"AGUARDANDO JULGAMENTO";"-1";"#NULO";"-1";"#NULO";-1;"#NULO";-1;"#NULO";-1;"#NULO";-1;"#NULO";"-1";"#NULO"
"15/08/2026";"19:30:51";2026;6259;250002533625;-3;"#NE";1;"BRASILEIRA NATA";-3;"CAFELÂNDIA";"25";"N";-1;"#NULO";"3176572.53";"#NE";"N";"-1";"06006661220266260000";"-3";"#NE";"-3";"#NE";"NÃO";"#NULO";-1;"#NULO";"N";"N";-1;-1;"2026-07-30 18:02:50";8;"AGUARDANDO JULGAMENTO";"-1";"#NULO";"-1";"#NULO";-1;"#NULO";-1;"#NULO";-1;"#NULO";-1;"#NULO";"-1";"#NULO"
"15/08/2026";"19:30:51";2026;6259;250002533633;-3;"#NE";1;"BRASILEIRA NATA";-3;"GUARULHOS";"40";"N";-1;"#NULO";"3176572.53";"#NE";"S";"-1";"06006488820266260000";"-3";"#NE";"-3";"#NE";"NÃO";"#NULO";-1;"#NULO";"N";"N";-1;-1;"2026-07-30 18:02:50";8;"AGUARDANDO JULGAMENTO";"-1";"#NULO";"-1";"#NULO";-1;"#NULO";-1;"#NULO";-1;"#NULO";-1;"#NULO";"-1";"#NULO"
"15/08/2026";"19:30:51";2026;6259;250002533636;-3;"#NE";1;"BRASILEIRA NATA";-3;"SANTALUZ";"40";"N";-1;"#NULO";"3176572.53";"#NE";"S";"-1";"06007016920266260000";"-3";"#NE";"-3";"#NE";"NÃO";"#NULO";-1;"#NULO";"N";"N";-1;-1;"2026-07-30 18:02:50";8;"AGUARDANDO JULGAMENTO";"-1";"#NULO";"-1";"#NULO";-1;"#NULO";-1;"#NULO";-1;"#NULO";-1;"#NULO";"-1";"#NULO"
"15/08/2026";"19:30:51";2026;6259;250002533637;-3;"#NE";1;"BRASILEIRA NATA";-3;"SANTA BÁRBARA D OESTE";"55";"N";0;"NÃO INFORMADO";"3176572.53";"#NE";"S";"-1";"06006575020266260000";"-3";"#NE";"-3";"#NE";"NÃO";"#NULO";-1;"#NULO";"N";"N";-1;-1;"2026-07-30 18:02:50";8;"AGUARDANDO JULGAMENTO";"-1";"#NULO";"-1";"#NULO";-1;"#NULO";-1;"#NULO";-1;"#NULO";-1;"#NULO";"-1";"#NULO"
"15/08/2026";"19:30:51";2026;6259;250002533645;-3;"#NE";1;"BRASILEIRA NATA";-3;"SÃO PAULO";"61";"N";-1;"#NULO";"3176572.53";"#NE";"S";"-1";"06006704920266260000";"-3";"#NE";"-3";"#NE";"NÃO";"#NULO";-1;"#NULO";"N";"N";-1;-1;"2026-07-30 18:02:50";8;"AGUARDANDO JULGAMENTO";"-1";"#NULO";"-1";"#NULO";-1;"#NULO";-1;"#NULO";-1;"#NULO";-1;"#NULO";"-1";"#NULO"
"15/08/2026";"19:30:51";2026;6259;250002533647;-3;"#NE";1;"BRASILEIRA NATA";-3;"SÃO PAULO";"54";"N";0;"NÃO INFORMADO";"3176572.53";"#NE";"S";"-1";"06006696420266260000";"-3";"#NE";"-3";"#NE";"NÃO";"#NULO";-1;"#NULO";"N";"N";-1;-1;"2026-07-30 18:02:50";8;"AGUARDANDO JULGAMENTO";"-1";"#NULO";"-1";"#NULO";-1;"#NULO";-1;"#NULO";-1;"#NULO";-1;"#NULO";"-1";"#NULO"
"15/08/2026";"19:30:51";2026;6259;250002533651;-3;"#NE";1;"BRASILEIRA NATA";-3;"SÃO PAULO";"52";"N";-1;"#NULO";"3176572.53";"#NE";"N";"-1";"06006981720266260000";"-3";"#NE";"-3";"#NE";"NÃO";"#NULO";-1;"#NULO";"N";"N";-1;-1;"2026-07-30 18:02:50";8;"AGUARDANDO JULGAMENTO";"-1";"#NULO";"-1";"#NULO";-1;"#NULO";-1;"#NULO";-1;"#NULO";-1;"#NULO";"-1";"#NULO"
"15/08/2026";"19:30:51";2026;6259;250002533656;-3;"#NE";1;"BRASILEIRA NATA";-3;"SÃO PAULO";"45";"N";-1;"#NULO";"3176572.53";"#NE";"S";"-1";"06006713420266260000";"-3";"#NE";"-3";"#NE";"NÃO";"#NULO";-1;"#NULO";"N";"N";-1;-1;"2026-07-30 18:02:50";8;"AGUARDANDO JULGAMENTO";"-1";"#NULO";"-1";"#NULO";-1;"#NULO";-1;"#NULO";-1;"#NULO";-1;"#NULO";"-1";"#NULO"
"15/08/2026";"19:30:51";2026;6259;250002533731;-3;"#NE";1;"BRASILEIRA NATA";-3;"SÃO PAULO";"62";"N";0;"NÃO INFORMADO";"1270629.01";"#NE";"S";"-1";"06005665720266260000";"-3";"#NE";"-3";"#NE";"NÃO";"#NULO";-1;"#NULO";"N";"N";-1;-1;"2026-07-30 13:42:57";8;"AGUARDANDO JULGAMENTO";"-1";"#NULO";"-1";"#NULO";-1;"#NULO";-1;"#NULO";-1;"#NULO";-1;"#NULO";"-1";"#NULO"
"15/08/2026";"19:30:51";2026;6259;250002533743;-3;"#NE";1;"BRASILEIRA NATA";-3;"MARÍLIA";"54";"N";0;"NÃO INFORMADO";"1270629.01";"#NE";"S";"-1";"06005890320266260000";"-3";"#NE";"-3";"#NE";"NÃO";"#NULO";-1;"#NULO";"N";"N";-1;-1;"2026-07-30 13:42:57";8;"AGUARDANDO JULGAMENTO";"-1";"#NULO";"-1";"#NULO";-1;"#NULO";-1;"#NULO";-1;"#NULO";-1;"#NULO";"-1";"#NULO"
"15/08/2026";"19:30:51";2026;6259;250002533769;-3;"#NE";1;"BRASILEIRA NATA";-3;"MOGI GUAÇU";"56";"N";-1;"#NULO";"1270629.01";"#NE";"S";"-1";"06005925520266260000";"-3";"#NE";"-3";"#NE";"NÃO";"#NULO";-1;"#NULO";"N";"N";-1;-1;"2026-07-30 13:42:57";8;"AGUARDANDO JULGAMENTO";"-1";"#NULO";"-1";"#NULO";-1;"#NULO";-1;"#NULO";-1;"#NULO";-1;"#NULO";"-1";"#NULO"
"15/08/2026";"19:30:51";2026;6259;250002533774;-3;"#NE";1;"BRASILEIRA NATA";-3;"SÃO PAULO";"33";"N";-1;"#NULO";"1270629.01";"#NE";"S";"-1";"06005648720266260000";"-3";"#NE";"-3";"#NE";"NÃO";"#NULO";-1;"#NULO";"N";"N";-1;-1;"2026-07-30 13:42:57";8;"AGUARDANDO JULGAMENTO";"-1";"#NULO";"-1";"#NULO";-1;"#NULO";-1;"#NULO";-1;"#NULO";-1;"#NULO";"-1";"#NULO"
"15/08/2026";"19:30:51";2026;6259;250002533782;-3;"#NE";1;"BRASILEIRA NATA";-3;"GUARANIAÇU";"48";"N";-1;"#NULO";"1270629.01";"#NE";"S";"-1";"06006401420266260000";"-3";"#NE";"-3";"#NE";"NÃO";"#NULO";-1;"#NULO";"N";"N";-1;-1;"2026-07-30 13:42:57";8;"AGUARDANDO JULGAMENTO";"-1";"#NULO";"-1";"#NULO";-1;"#NULO";-1;"#NULO";-1;"#NULO";-1;"#NULO";"-1";"#NULO"
"15/08/2026";"19:30:51";2026;6259;250002533783;-3;"#NE";1;"BRASILEIRA NATA";-3;"PASSOS";"50";"N";-1;"#NULO";"1270629.01";"#NE";"S";"-1";"06005778620266260000";"-3";"#NE";"-3";"#NE";"NÃO";"#NULO";-1;"#NULO";"N";"N";-1;-1;"2026-07-30 13:42:57";8;"AGUARDANDO JULGAMENTO";"-1";"#NULO";"-1";"#NULO";-1;"#NULO";-1;"#NULO";-1;"#NULO";-1;"#NULO";"-1";"#NULO"
"15/08/2026";"19:30:51";2026;6259;250002533788;-3;"#NE";1;"BRASILEIRA NATA";-3;"CATANDUVA";"36";"N";-1;"#NULO";"1270629.01";"#NE";"S";"-1";"06006419620266260000";"-3";"#NE";"-3";"#NE";"NÃO";"#NULO";-1;"#NULO";"N";"N";-1;-1;"2026-07-30 13:42:57";8;"AGUARDANDO JULGAMENTO";"-1";"#NULO";"-1";"#NULO";-1;"#NULO";-1;"#NULO";-1;"#NULO";-1;"#NULO";"-1";"#NULO"
"15/08/2026";"19:30:51";2026;6259;250002533794;-3;"#NE";1;"BRASILEIRA NATA";-3;"SÃO PAULO";"51";"N";-1;"#NULO";"1270629.01";"#NE";"S";"-1";"06006237520266260000";"-3";"#NE";"-3";"#NE";"NÃO";"#NULO";-1;"#NULO";"N";"N";-1;-1;"2026-07-30 13:42:57";8;"AGUARDANDO JULGAMENTO";"-1";"#NULO";"-1";"#NULO";-1;"#NULO";-1;"#NULO";-1;"#NULO";-1;"#NULO";"-1";"#NULO"
"15/08/2026";"19:30:51";2026;6259;250002533796;-3;"#NE";1;"BRASILEIRA NATA";-3;"CASA BRANCA";"44";"N";-1;"#NULO";"1270629.01";"#NE";"S";"-1";"06006358920266260000";"-3";"#NE";"-3";"#NE";"NÃO";"#NULO";-1;"#NULO";"N";"N";-1;-1;"2026-07-30 13:42:57";8;"AGUARDANDO JULGAMENTO";"-1";"#NULO";"-1";"#NULO";-1;"#NULO";-1;"#NULO";-1;"#NULO";-1;"#NULO";"-1";"#NULO"
"15/08/2026";"19:30:51";2026;6259;250002533795;-3;"#NE";1;"BRASILEIRA NATA";-3;"VOTORANTIM";"45";"N";-1;"#NULO";"1270629.01";"#NE";"S";"-1";"06006202320266260000";"-3";"#NE";"-3";"#NE";"NÃO";"#NULO";-1;"#NULO";"N";"N";-1;-1;"2026-07-30 13:42:57";8;"AGUARDANDO JULGAMENTO";"-1";"#NULO";"-1";"#NULO";-1;"#NULO";-1;"#NULO";-1;"#NULO";-1;"#NULO";"-1";"#NULO"
"15/08/2026";"19:30:51";2026;6259;250002533798;-3;"#NE";1;"BRASILEIRA NATA";-3;"SANTOS";"56";"N";-1;"#NULO";"1270629.01";"#NE";"S";"-1";"06006176820266260000";"-3";"#NE";"-3";"#NE";"NÃO";"#NULO";-1;"#NULO";"N";"N";-1;-1;"2026-07-30 13:42:57";8;"AGUARDANDO JULGAMENTO";"-1";"#NULO";"-1";"#NULO";-1;"#NULO";-1;"#NULO";-1;"#NULO";-1;"#NULO";"-1";"#NULO"
"15/08/2026";"19:30:51";2026;6259;250002533951;-3;"#NE";1;"BRASILEIRA NATA";-3;"BEZERROS";"59";"N";-1;"#NULO";"1270629.01";"#NE";"N";"-1";"06007683420266260000";"-3";"#NE";"-3";"#NE";"NÃO";"#NULO";-1;"#NULO";"N";"N";-1;-1;"2026-07-30 18:39:36";8;"AGUARDANDO JULGAMENTO";"-1";"#NULO";"-1";"#NULO";-1;"#NULO";-1;"#NULO";-1;"#NULO";-1;"#NULO";"-1";"#NULO"
"15/08/2026";"19:30:51";2026;6259;250002534132;-3;"#NE";1;"BRASILEIRA NATA";-3;"CAMPINAS";"51";"N";-1;"#NULO";"1270629.01";"#NE";"N";"-1";"06008921720266260000";"-3";"#NE";"-3";"#NE";"NÃO";"#NULO";-1;"#NULO";"N";"N";-1;-1;"2026-07-31 18:08:08";8;"AGUARDANDO JULGAMENTO";"-1";"#NULO";"-1";"#NULO";-1;"#NULO";-1;"#NULO";-1;"#NULO";-1;"#NULO";"-1";"#NULO"
"15/08/2026";"19:30:51";2026;6259;250002534142;-3;"#NE";1;"BRASILEIRA NATA";-3;"IACRI";"60";"N";-1;"#NULO";"1270629.01";"#NE";"S";"-1";"06008688620266260000";"-3";"#NE";"-3";"#NE";"NÃO";"#NULO";-1;"#NULO";"N";"N";-1;-1;"2026-07-31 18:08:08";8;"AGUARDANDO JULGAMENTO";"-1";"#NULO";"-1";"#NULO";-1;"#NULO";-1;"#NULO";-1;"#NULO";-1;"#NULO";"-1";"#NULO"
"15/08/2026";"19:30:51";2026;6259;250002534144;-3;"#NE";1;"BRASILEIRA NATA";-3;"ITAÍ";"46";"N";0;"NÃO INFORMADO";"1270629.01";"#NE";"S";"-1";"06008705620266260000";"-3";"#NE";"-3";"#NE";"NÃO";"#NULO";-1;"#NULO";"N";"N";-1;-1;"2026-07-31 18:08:08";8;"AGUARDANDO JULGAMENTO";"-1";"#NULO";"-1";"#NULO";-1;"#NULO";-1;"#NULO";-1;"#NULO";-1;"#NULO";"-1";"#NULO"
"15/08/2026";"19:30:51";2026;6259;250002534167;-3;"#NE";1;"BRASILEIRA NATA";-3;"MATÃO";"45";"N";0;"NÃO INFORMADO";"1270629.01";"#NE";"S";"-1";"06009120820266260000";"-3";"#NE";"-3";"#NE";"NÃO";"#NULO";-1;"#NULO";"N";"N";-1;-1;"2026-07-31 18:08:08";8;"AGUARDANDO JULGAMENTO";"-1";"#NULO";"-1";"#NULO";-1;"#NULO";-1;"#NULO";-1;"#NULO";-1;"#NULO";"-1";"#NULO"
"15/08/2026";"19:30:51";2026;6259;250002534170;-3;"#NE";1;"BRASILEIRA NATA";-3;"SÃO JOSÉ DOS CAMPOS";"43";"N";0;"NÃO INFORMADO";"1270629.01";"#NE";"S";"-1";"06009199720266260000";"-3";"#NE";"-3";"#NE";"NÃO";"#NULO";-1;"#NULO";"N";"N";-1;-1;"2026-07-31 18:08:08";8;"AGUARDANDO JULGAMENTO";"-1";"#NULO";"-1";"#NULO";-1;"#NULO";-1;"#NULO";-1;"#NULO";-1;"#NULO";"-1";"#NULO"
"15/08/2026";"19:30:51";2026;6259;250002534206;-3;"#NE";1;"BRASILEIRA NATA";-3;"NOVA ODESSA";"63";"N";-1;"#NULO";"1270629.01";"#NE";"N";"-1";"06007293720266260000";"-3";"#NE";"-3";"#NE";"NÃO";"#NULO";-1;"#NULO";"N";"N";-1;-1;"2026-07-30 18:39:36";8;"AGUARDANDO JULGAMENTO";"-1";"#NULO";"-1";"#NULO";-1;"#NULO";-1;"#NULO";-1;"#NULO";-1;"#NULO";"-1";"#NULO"
"15/08/2026";"19:30:51";2026;6259;250002534221;-3;"#NE";1;"BRASILEIRA NATA";-3;"BRAÚNA";"64";"N";-1;"#NULO";"1270629.01";"#NE";"S";"-1";"06007163820266260000";"-3";"#NE";"-3";"#NE";"NÃO";"#NULO";-1;"#NULO";"N";"N";-1;-1;"2026-07-30 18:39:36";8;"AGUARDANDO JULGAMENTO";"-1";"#NULO";"-1";"#NULO";-1;"#NULO";-1;"#NULO";-1;"#NULO";-1;"#NULO";"-1";"#NULO"
"15/08/2026";"19:30:51";2026;6259;250002534225;-3;"#NE";1;"BRASILEIRA NATA";-3;"COSMÓPOLIS";"31";"N";-1;"#NULO";"1270629.01";"#NE";"S";"-1";"06007951720266260000";"-3";"#NE";"-3";"#NE";"NÃO";"#NULO";-1;"#NULO";"N";"N";-1;-1;"2026-07-30 18:39:36";8;"AGUARDANDO JULGAMENTO";"-1";"#NULO";"-1";"#NULO";-1;"#NULO";-1;"#NULO";-1;"#NULO";-1;"#NULO";"-1";"#NULO"
"15/08/2026";"19:30:51";2026;6259;250002534235;-3;"#NE";1;"BRASILEIRA NATA";-3;"SÃO CAETANO DO SUL";"33";"N";77;"NÃO DETERMINADAS	";"1270629.01";"#NE";"N";"-1";"06007570520266260000";"-3";"#NE";"-3";"#NE";"NÃO";"#NULO";-1;"#NULO";"N";"N";-1;-1;"2026-07-30 18:39:36";8;"AGUARDANDO JULGAMENTO";"-1";"#NULO";"-1";"#NULO";-1;"#NULO";-1;"#NULO";-1;"#NULO";-1;"#NULO";"-1";"#NULO"
"15/08/2026";"19:30:51";2026;6259;250002534243;-3;"#NE";1;"BRASILEIRA NATA";-3;"SÃO PAULO";"48";"N";-1;"#NULO";"1270629.01";"#NE";"N";"-1";"06007492820266260000";"-3";"#NE";"-3";"#NE";"NÃO";"#NULO";-1;"#NULO";"N";"N";-1;-1;"2026-07-30 18:39:36";8;"AGUARDANDO JULGAMENTO";"-1";"#NULO";"-1";"#NULO";-1;"#NULO";-1;"#NULO";-1;"#NULO";-1;"#NULO";"-1";"#NULO"
"15/08/2026";"19:30:51";2026;6259;250002534915;-3;"#NE";1;"BRASILEIRA NATA";-3;"ITABUNA";"40";"N";-1;"#NULO";"3176572.53";"#NE";"S";"-1";"06008064620266260000";"-3";"#NE";"-3";"#NE";"NÃO";"#NULO";-1;"#NULO";"N";"N";-1;-1;"2026-07-31 17:30:56";8;"AGUARDANDO JULGAMENTO";"-1";"#NULO";"-1";"#NULO";-1;"#NULO";-1;"#NULO";-1;"#NULO";-1;"#NULO";"-1";"#NULO"
"15/08/2026";"19:30:51";2026;6259;250002534931;-3;"#NE";1;"BRASILEIRA NATA";-3;"SANTO ANDRÉ";"44";"N";0;"NÃO INFORMADO";"3176572.53";"#NE";"S";"-1";"06008280720266260000";"-3";"#NE";"-3";"#NE";"NÃO";"#NULO";-1;"#NULO";"N";"N";-1;-1;"2026-07-31 17:30:56";8;"AGUARDANDO JULGAMENTO";"-1";"#NULO";"-1";"#NULO";-1;"#NULO";-1;"#NULO";-1;"#NULO";-1;"#NULO";"-1";"#NULO"
"15/08/2026";"19:30:51";2026;6259;250002534936;-3;"#NE";1;"BRASILEIRA NATA";-3;"SÃO PAULO";"47";"N";0;"NÃO INFORMADO";"3176572.53";"#NE";"S";"-1";"06008186020266260000";"-3";"#NE";"-3";"#NE";"NÃO";"#NULO";-1;"#NULO";"N";"N";-1;-1;"2026-07-31 17:30:56";8;"AGUARDANDO JULGAMENTO";"-1";"#NULO";"-1";"#NULO";-1;"#NULO";-1;"#NULO";-1;"#NULO";-1;"#NULO";"-1";"#NULO"
"15/08/2026";"19:30:51";2026;6259;250002534941;-3;"#NE";1;"BRASILEIRA NATA";-3;"SÃO PAULO";"50";"N";-1;"#NULO";"3176572.53";"#NE";"N";"-1";"06008324420266260000";"-3";"#NE";"-3";"#NE";"NÃO";"#NULO";-1;"#NULO";"N";"N";-1;-1;"2026-07-31 17:30:56";8;"AGUARDANDO JULGAMENTO";"-1";"#NULO";"-1";"#NULO";-1;"#NULO";-1;"#NULO";-1;"#NULO";-1;"#NULO";"-1";"#NULO"
"15/08/2026";"19:30:51";2026;6259;250002534945;-3;"#NE";1;"BRASILEIRA NATA";-3;"SÃO PAULO";"47";"N";0;"NÃO INFORMADO";"3176572.53";"#NE";"N";"-1";"06008056120266260000";"-3";"#NE";"-3";"#NE";"NÃO";"#NULO";-1;"#NULO";"N";"N";-1;-1;"2026-07-31 17:30:56";8;"AGUARDANDO JULGAMENTO";"-1";"#NULO";"-1";"#NULO";-1;"#NULO";-1;"#NULO";-1;"#NULO";-1;"#NULO";"-1";"#NULO"
"15/08/2026";"19:30:51";2026;6259;250002534950;-3;"#NE";1;"BRASILEIRA NATA";-3;"VALENTIM GENTIL";"55";"N";0;"NÃO INFORMADO";"3176572.53";"#NE";"S";"-1";"06008047620266260000";"-3";"#NE";"-3";"#NE";"NÃO";"#NULO";-1;"#NULO";"N";"N";-1;-1;"2026-07-31 17:30:56";8;"AGUARDANDO JULGAMENTO";"-1";"#NULO";"-1";"#NULO";-1;"#NULO";-1;"#NULO";-1;"#NULO";-1;"#NULO";"-1";"#NULO"
"15/08/2026";"19:30:51";2026;6259;250002535942;-3;"#NE";1;"BRASILEIRA NATA";-3;"ITAPEVA";"26";"N";-1;"#NULO";"3176572.53";"#NE";"N";"-1";"06009849220266260000";"-3";"#NE";"-3";"#NE";"NÃO";"#NULO";-1;"#NULO";"N";"N";-1;-1;"2026-08-03 15:47:14";8;"AGUARDANDO JULGAMENTO";"-1";"#NULO";"-1";"#NULO";-1;"#NULO";-1;"#NULO";-1;"#NULO";-1;"#NULO";"-1";"#NULO"
"15/08/2026";"19:30:51";2026;6259;250002535944;-3;"#NE";1;"BRASILEIRA NATA";-3;"JAÚ";"77";"N";-1;"#NULO";"3176572.53";"#NE";"S";"-1";"06009797020266260000";"-3";"#NE";"-3";"#NE";"NÃO";"#NULO";-1;"#NULO";"N";"N";-1;-1;"2026-08-03 15:47:14";8;"AGUARDANDO JULGAMENTO";"-1";"#NULO";"-1";"#NULO";-1;"#NULO";-1;"#NULO";-1;"#NULO";-1;"#NULO";"-1";"#NULO"
"15/08/2026";"19:30:51";2026;6259;250002535947;-3;"#NE";1;"BRASILEIRA NATA";-3;"JUNDIAÍ";"62";"N";0;"NÃO INFORMADO";"3176572.53";"#NE";"S";"-1";"06009874720266260000";"-3";"#NE";"-3";"#NE";"NÃO";"#NULO";-1;"#NULO";"N";"N";-1;-1;"2026-08-03 15:47:14";8;"AGUARDANDO JULGAMENTO";"-1";"#NULO";"-1";"#NULO";-1;"#NULO";-1;"#NULO";-1;"#NULO";-1;"#NULO";"-1";"#NULO"
"15/08/2026";"19:30:51";2026;6259;250002535949;-3;"#NE";1;"BRASILEIRA NATA";-3;"MOCOCA";"53";"N";-1;"#NULO";"3176572.53";"#NE";"S";"-1";"06009770320266260000";"-3";"#NE";"-3";"#NE";"NÃO";"#NULO";-1;"#NULO";"N";"N";-1;-1;"2026-08-03 15:47:14";8;"AGUARDANDO JULGAMENTO";"-1";"#NULO";"-1";"#NULO";-1;"#NULO";-1;"#NULO";-1;"#NULO";-1;"#NULO";"-1";"#NULO"
"15/08/2026";"19:30:51";2026;6259;250002535956;-3;"#NE";1;"BRASILEIRA NATA";-3;"PIRACICABA";"49";"N";-1;"#NULO";"3176572.53";"#NE";"S";"-1";"06009459520266260000";"-3";"#NE";"-3";"#NE";"NÃO";"#NULO";-1;"#NULO";"N";"N";-1;-1;"2026-08-03 15:47:14";8;"AGUARDANDO JULGAMENTO";"-1";"#NULO";"-1";"#NULO";-1;"#NULO";-1;"#NULO";-1;"#NULO";-1;"#NULO";"-1";"#NULO"
"15/08/2026";"19:30:51";2026;6259;250002535961;-3;"#NE";1;"BRASILEIRA NATA";-3;"RIO DE JANEIRO";"61";"N";-1;"#NULO";"3176572.53";"#NE";"S";"-1";"06010021620266260000";"-3";"#NE";"-3";"#NE";"NÃO";"#NULO";-1;"#NULO";"N";"N";-1;-1;"2026-08-03 15:47:14";8;"AGUARDANDO JULGAMENTO";"-1";"#NULO";"-1";"#NULO";-1;"#NULO";-1;"#NULO";-1;"#NULO";-1;"#NULO";"-1";"#NULO"
"15/08/2026";"19:30:51";2026;6259;250002535969;-3;"#NE";1;"BRASILEIRA NATA";-3;"RIO CLARO";"42";"N";-1;"#NULO";"3176572.53";"#NE";"S";"-1";"06009545720266260000";"-3";"#NE";"-3";"#NE";"NÃO";"#NULO";-1;"#NULO";"N";"N";-1;-1;"2026-08-03 15:47:14";8;"AGUARDANDO JULGAMENTO";"-1";"#NULO";"-1";"#NULO";-1;"#NULO";-1;"#NULO";-1;"#NULO";-1;"#NULO";"-1";"#NULO"
"15/08/2026";"19:30:51";2026;6259;250002535975;-3;"#NE";1;"BRASILEIRA NATA";-3;"SÃO JOSÉ DOS CAMPOS";"63";"N";0;"NÃO INFORMADO";"3176572.53";"#NE";"S";"-1";"06009502020266260000";"-3";"#NE";"-3";"#NE";"NÃO";"#NULO";-1;"#NULO";"N";"N";-1;-1;"2026-08-03 15:47:14";8;"AGUARDANDO JULGAMENTO";"-1";"#NULO";"-1";"#NULO";-1;"#NULO";-1;"#NULO";-1;"#NULO";-1;"#NULO";"-1";"#NULO"
"15/08/2026";"19:30:51";2026;6259;250002535979;-3;"#NE";1;"BRASILEIRA NATA";-3;"SÃO PAULO";"45";"N";0;"NÃO INFORMADO";"3176572.53";"#NE";"S";"-1";"06009606420266260000";"-3";"#NE";"-3";"#NE";"NÃO";"#NULO";-1;"#NULO";"N";"N";-1;-1;"2026-08-03 15:47:14";8;"AGUARDANDO JULGAMENTO";"-1";"#NULO";"-1";"#NULO";-1;"#NULO";-1;"#NULO";-1;"#NULO";-1;"#NULO";"-1";"#NULO"
"15/08/2026";"19:30:51";2026;6259;250002535989;-3;"#NE";1;"BRASILEIRA NATA";-3;"SÃO PAULO";"42";"N";0;"NÃO INFORMADO";"3176572.53";"#NE";"N";"-1";"06010004620266260000";"-3";"#NE";"-3";"#NE";"NÃO";"#NULO";-1;"#NULO";"N";"N";-1;-1;"2026-08-03 15:47:14";8;"AGUARDANDO JULGAMENTO";"-1";"#NULO";"-1";"#NULO";-1;"#NULO";-1;"#NULO";-1;"#NULO";-1;"#NULO";"-1";"#NULO"
"15/08/2026";"19:30:51";2026;6259;250002535994;-3;"#NE";1;"BRASILEIRA NATA";-3;"SÃO PAULO";"45";"N";0;"NÃO INFORMADO";"3176572.53";"#NE";"S";"-1";"06010013120266260000";"-3";"#NE";"-3";"#NE";"NÃO";"#NULO";-1;"#NULO";"N";"N";-1;-1;"2026-08-03 15:47:14";8;"AGUARDANDO JULGAMENTO";"-1";"#NULO";"-1";"#NULO";-1;"#NULO";-1;"#NULO";-1;"#NULO";-1;"#NULO";"-1";"#NULO"
"15/08/2026";"19:30:51";2026;6259;250002536240;-3;"#NE";1;"BRASILEIRA NATA";-3;"ÁGUA BOA";"68";"N";-1;"#NULO";"1270629.01";"#NE";"S";"-1";"06011659320266260000";"-3";"#NE";"-3";"#NE";"NÃO";"#NULO";-1;"#NULO";"N";"N";-1;-1;"2026-08-04 11:54:14";8;"AGUARDANDO JULGAMENTO";"-1";"#NULO";"-1";"#NULO";-1;"#NULO";-1;"#NULO";-1;"#NULO";-1;"#NULO";"-1";"#NULO"
"15/08/2026";"19:30:51";2026;6259;250002536244;-3;"#NE";1;"BRASILEIRA NATA";-3;"BRASÍLIA";"50";"N";-1;"#NULO";"1270629.01";"#NE";"S";"-1";"06011728520266260000";"-3";"#NE";"-3";"#NE";"NÃO";"#NULO";-1;"#NULO";"N";"N";-1;-1;"2026-08-04 11:54:14";8;"AGUARDANDO JULGAMENTO";"-1";"#NULO";"-1";"#NULO";-1;"#NULO";-1;"#NULO";-1;"#NULO";-1;"#NULO";"-1";"#NULO"
"15/08/2026";"19:30:51";2026;6259;250002536254;-3;"#NE";1;"BRASILEIRA NATA";-3;"FRANCISCO BADARÓ";"61";"N";-1;"#NULO";"1270629.01";"#NE";"N";"-1";"06011883920266260000";"-3";"#NE";"-3";"#NE";"NÃO";"#NULO";-1;"#NULO";"N";"N";-1;-1;"2026-08-04 11:54:14";8;"AGUARDANDO JULGAMENTO";"-1";"#NULO";"-1";"#NULO";-1;"#NULO";-1;"#NULO";-1;"#NULO";-1;"#NULO";"-1";"#NULO"
"15/08/2026";"19:30:51";2026;6259;250002536260;-3;"#NE";1;"BRASILEIRA NATA";-3;"PIRACICABA";"67";"N";-1;"#NULO";"1270629.01";"#NE";"S";"-1";"06011797720266260000";"-3";"#NE";"-3";"#NE";"NÃO";"#NULO";-1;"#NULO";"N";"N";-1;-1;"2026-08-04 11:54:14";8;"AGUARDANDO JULGAMENTO";"-1";"#NULO";"-1";"#NULO";-1;"#NULO";-1;"#NULO";-1;"#NULO";-1;"#NULO";"-1";"#NULO"
"15/08/2026";"19:30:51";2026;6259;250002536342;-3;"#NE";1;"BRASILEIRA NATA";-3;"UBATÃ";"47";"N";-1;"#NULO";"1270629.01";"#NE";"S";"-1";"06010178220266260000";"-3";"#NE";"-3";"#NE";"NÃO";"#NULO";-1;"#NULO";"N";"N";-1;-1;"2026-08-03 16:14:03";8;"AGUARDANDO JULGAMENTO";"-1";"#NULO";"-1";"#NULO";-1;"#NULO";-1;"#NULO";-1;"#NULO";-1;"#NULO";"-1";"#NULO"
"15/08/2026";"19:30:51";2026;6259;250002536345;-3;"#NE";1;"BRASILEIRA NATA";-3;"BELO HORIZONTE";"41";"N";0;"NÃO INFORMADO";"1270629.01";"#NE";"N";"-1";"06010974620266260000";"-3";"#NE";"-3";"#NE";"NÃO";"#NULO";-1;"#NULO";"N";"N";-1;-1;"2026-08-03 16:14:03";8;"AGUARDANDO JULGAMENTO";"-1";"#NULO";"-1";"#NULO";-1;"#NULO";-1;"#NULO";-1;"#NULO";-1;"#NULO";"-1";"#NULO"
"15/08/2026";"19:30:51";2026;6259;250002536372;-3;"#NE";1;"BRASILEIRA NATA";-3;"RIO DE JANEIRO";"74";"N";-1;"#NULO";"1270629.01";"#NE";"S";"-1";"06010238920266260000";"-3";"#NE";"-3";"#NE";"NÃO";"#NULO";-1;"#NULO";"N";"N";-1;-1;"2026-08-03 16:14:03";8;"AGUARDANDO JULGAMENTO";"-1";"#NULO";"-1";"#NULO";-1;"#NULO";-1;"#NULO";-1;"#NULO";-1;"#NULO";"-1";"#NULO"
"15/08/2026";"19:30:51";2026;6259;250002536381;-3;"#NE";1;"BRASILEIRA NATA";-3;"BOITUVA";"42";"N";-1;"#NULO";"1270629.01";"#NE";"S";"-1";"06010662620266260000";"-3";"#NE";"-3";"#NE";"NÃO";"#NULO";-1;"#NULO";"N";"N";-1;-1;"2026-08-03 16:14:03";8;"AGUARDANDO JULGAMENTO";"-1";"#NULO";"-1";"#NULO";-1;"#NULO";-1;"#NULO";-1;"#NULO";-1;"#NULO";"-1";"#NULO"
"15/08/2026";"19:30:51";2026;6259;250002536380;-3;"#NE";1;"BRASILEIRA NATA";-3;"BARRINHA";"34";"N";0;"NÃO INFORMADO";"1270629.01";"#NE";"S";"-1";"06010272920266260000";"-3";"#NE";"-3";"#NE";"NÃO";"#NULO";-1;"#NULO";"N";"N";-1;-1;"2026-08-03 16:14:03";8;"AGUARDANDO JULGAMENTO";"-1";"#NULO";"-1";"#NULO";-1;"#NULO";-1;"#NULO";-1;"#NULO";-1;"#NULO";"-1";"#NULO"
"15/08/2026";"19:30:51";2026;6259;250002536385;-3;"#NE";1;"BRASILEIRA NATA";-3;"CAMPINAS";"52";"N";-1;"#NULO";"1270629.01";"#NE";"S";"-1";"06010584920266260000";"-3";"#NE";"-3";"#NE";"NÃO";"#NULO";-1;"#NULO";"N";"N";-1;-1;"2026-08-03 16:14:03";8;"AGUARDANDO JULGAMENTO";"-1";"#NULO";"-1";"#NULO";-1;"#NULO";-1;"#NULO";-1;"#NULO";-1;"#NULO";"-1";"#NULO"
"15/08/2026";"19:30:51";2026;6259;250002536386;-3;"#NE";1;"BRASILEIRA NATA";-3;"CRUZEIRO";"57";"N";0;"NÃO INFORMADO";"1270629.01";"#NE";"S";"-1";"06010957620266260000";"-3";"#NE";"-3";"#NE";"NÃO";"#NULO";-1;"#NULO";"N";"N";-1;-1;"2026-08-03 16:14:03";8;"AGUARDANDO JULGAMENTO";"-1";"#NULO";"-1";"#NULO";-1;"#NULO";-1;"#NULO";-1;"#NULO";-1;"#NULO";"-1";"#NULO"
"15/08/2026";"19:30:51";2026;6259;250002536397;-3;"#NE";1;"BRASILEIRA NATA";-3;"SÃO BERNARDO DO CAMPO";"53";"N";-1;"#NULO";"1270629.01";"#NE";"S";"-1";"06010601920266260000";"-3";"#NE";"-3";"#NE";"NÃO";"#NULO";-1;"#NULO";"N";"N";-1;-1;"2026-08-03 16:14:03";8;"AGUARDANDO JULGAMENTO";"-1";"#NULO";"-1";"#NULO";-1;"#NULO";-1;"#NULO";-1;"#NULO";-1;"#NULO";"-1";"#NULO"
"15/08/2026";"19:30:51";2026;6259;250002536399;-3;"#NE";1;"BRASILEIRA NATA";-3;"SÃO JOSÉ DO RIO PRETO";"48";"N";0;"NÃO INFORMADO";"1270629.01";"#NE";"S";"-1";"06010333620266260000";"-3";"#NE";"-3";"#NE";"NÃO";"#NULO";-1;"#NULO";"N";"N";-1;-1;"2026-08-03 16:14:03";8;"AGUARDANDO JULGAMENTO";"-1";"#NULO";"-1";"#NULO";-1;"#NULO";-1;"#NULO";-1;"#NULO";-1;"#NULO";"-1";"#NULO"
"15/08/2026";"19:30:51";2026;6259;250002536410;-3;"#NE";1;"BRASILEIRA NATA";-3;"SÃO PAULO";"39";"N";-1;"#NULO";"1270629.01";"#NE";"S";"-1";"06010515720266260000";"-3";"#NE";"-3";"#NE";"NÃO";"#NULO";-1;"#NULO";"N";"N";-1;-1;"2026-08-03 16:14:03";8;"AGUARDANDO JULGAMENTO";"-1";"#NULO";"-1";"#NULO";-1;"#NULO";-1;"#NULO";-1;"#NULO";-1;"#NULO";"-1";"#NULO"
"15/08/2026";"19:30:51";2026;6259;250002536717;-3;"#NE";1;"BRASILEIRA NATA";-3;"SÃO PAULO";"37";"N";-1;"#NULO";"3176572.53";"#NE";"S";"-1";"06012325820266260000";"-3";"#NE";"-3";"#NE";"NÃO";"#NULO";-1;"#NULO";"N";"N";-1;-1;"2026-08-04 12:03:50";8;"AGUARDANDO JULGAMENTO";"-1";"#NULO";"-1";"#NULO";-1;"#NULO";-1;"#NULO";-1;"#NULO";-1;"#NULO";"-1";"#NULO"
"15/08/2026";"19:30:51";2026;6259;250002536720;-3;"#NE";1;"BRASILEIRA NATA";-3;"SÃO PAULO";"64";"N";0;"NÃO INFORMADO";"3176572.53";"#NE";"S";"-1";"06012447220266260000";"-3";"#NE";"-3";"#NE";"NÃO";"#NULO";-1;"#NULO";"N";"N";-1;-1;"2026-08-04 12:03:50";8;"AGUARDANDO JULGAMENTO";"-1";"#NULO";"-1";"#NULO";-1;"#NULO";-1;"#NULO";-1;"#NULO";-1;"#NULO";"-1";"#NULO"
"15/08/2026";"19:30:51";2026;6259;250002536732;-3;"#NE";1;"BRASILEIRA NATA";-3;"SÃO PAULO";"52";"N";-1;"#NULO";"3176572.53";"#NE";"N";"-1";"06012109720266260000";"-3";"#NE";"-3";"#NE";"NÃO";"#NULO";-1;"#NULO";"N";"N";-1;-1;"2026-08-04 12:03:50";8;"AGUARDANDO JULGAMENTO";"-1";"#NULO";"-1";"#NULO";-1;"#NULO";-1;"#NULO";-1;"#NULO";-1;"#NULO";"-1";"#NULO"
"15/08/2026";"19:30:51";2026;6259;250002536749;-3;"#NE";1;"BRASILEIRA NATA";-3;"ARARAQUARA";"69";"N";-1;"#NULO";"3176572.53";"#NE";"S";"-1";"06012472720266260000";"-3";"#NE";"-3";"#NE";"NÃO";"#NULO";-1;"#NULO";"N";"N";-1;-1;"2026-08-04 12:03:50";8;"AGUARDANDO JULGAMENTO";"-1";"#NULO";"-1";"#NULO";-1;"#NULO";-1;"#NULO";-1;"#NULO";-1;"#NULO";"-1";"#NULO"
"15/08/2026";"19:30:51";2026;6259;250002536760;-3;"#NE";1;"BRASILEIRA NATA";-3;"ALAGOINHAS";"53";"N";-1;"#NULO";"3176572.53";"#NE";"S";"-1";"06012143720266260000";"-3";"#NE";"-3";"#NE";"NÃO";"#NULO";-1;"#NULO";"N";"N";-1;-1;"2026-08-04 12:03:50";8;"AGUARDANDO JULGAMENTO";"-1";"#NULO";"-1";"#NULO";-1;"#NULO";-1;"#NULO";-1;"#NULO";-1;"#NULO";"-1";"#NULO"
"15/08/2026";"19:30:51";2026;6259;250002536765;-3;"#NE";1;"BRASILEIRA NATA";-3;"BONITO";"61";"N";-1;"#NULO";"3176572.53";"#NE";"N";"-1";"06012005320266260000";"-3";"#NE";"-3";"#NE";"NÃO";"#NULO";-1;"#NULO";"N";"N";-1;-1;"2026-08-04 12:03:50";8;"AGUARDANDO JULGAMENTO";"-1";"#NULO";"-1";"#NULO";-1;"#NULO";-1;"#NULO";-1;"#NULO";-1;"#NULO";"-1";"#NULO"
"15/08/2026";"19:30:51";2026;6259;250002536815;-3;"#NE";1;"BRASILEIRA NATA";-3;"ASSIS";"53";"N";0;"NÃO INFORMADO";"1270629.01";"#NE";"S";"-1";"06011754020266260000";"-3";"#NE";"-3";"#NE";"NÃO";"#NULO";-1;"#NULO";"N";"N";-1;-1;"2026-08-04 11:54:14";8;"AGUARDANDO JULGAMENTO";"-1";"#NULO";"-1";"#NULO";-1;"#NULO";-1;"#NULO";-1;"#NULO";-1;"#NULO";"-1";"#NULO"
"15/08/2026";"19:30:51";2026;6259;250002536822;-3;"#NE";1;"BRASILEIRA NATA";-3;"CAMPINAS";"49";"N";0;"NÃO INFORMADO";"1270629.01";"#NE";"N";"-1";"06011580420266260000";"-3";"#NE";"-3";"#NE";"NÃO";"#NULO";-1;"#NULO";"N";"N";-1;-1;"2026-08-04 11:54:14";8;"AGUARDANDO JULGAMENTO";"-1";"#NULO";"-1";"#NULO";-1;"#NULO";-1;"#NULO";-1;"#NULO";-1;"#NULO";"-1";"#NULO"
"15/08/2026";"19:30:51";2026;6259;250002536832;-3;"#NE";1;"BRASILEIRA NATA";-3;"IBICOARA";"57";"N";0;"NÃO INFORMADO";"1270629.01";"#NE";"N";"-1";"06011278120266260000";"-3";"#NE";"-3";"#NE";"NÃO";"#NULO";-1;"#NULO";"N";"N";-1;-1;"2026-08-04 11:54:14";8;"AGUARDANDO JULGAMENTO";"-1";"#NULO";"-1";"#NULO";-1;"#NULO";-1;"#NULO";-1;"#NULO";-1;"#NULO";"-1";"#NULO"
"15/08/2026";"19:30:51";2026;6259;250002536830;-3;"#NE";1;"BRASILEIRA NATA";-3;"GUARULHOS";"32";"N";0;"NÃO INFORMADO";"1270629.01";"#NE";"S";"-1";"06011303620266260000";"-3";"#NE";"-3";"#NE";"NÃO";"#NULO";-1;"#NULO";"N";"N";-1;-1;"2026-08-04 11:54:14";8;"AGUARDANDO JULGAMENTO";"-1";"#NULO";"-1";"#NULO";-1;"#NULO";-1;"#NULO";-1;"#NULO";-1;"#NULO";"-1";"#NULO"
"15/08/2026";"19:30:51";2026;6259;250002536837;-3;"#NE";1;"BRASILEIRA NATA";-3;"SANTO ANDRÉ";"57";"N";0;"NÃO INFORMADO";"1270629.01";"#NE";"S";"-1";"06011190720266260000";"-3";"#NE";"-3";"#NE";"NÃO";"#NULO";-1;"#NULO";"N";"N";-1;-1;"2026-08-04 11:54:14";8;"AGUARDANDO JULGAMENTO";"-1";"#NULO";"-1";"#NULO";-1;"#NULO";-1;"#NULO";-1;"#NULO";-1;"#NULO";"-1";"#NULO"
"15/08/2026";"19:30:51";2026;6259;250002536841;-3;"#NE";1;"BRASILEIRA NATA";-3;"SÃO PAULO";"24";"N";-1;"#NULO";"1270629.01";"#NE";"N";"-1";"06011762520266260000";"-3";"#NE";"-3";"#NE";"NÃO";"#NULO";-1;"#NULO";"N";"N";-1;-1;"2026-08-04 11:54:14";8;"AGUARDANDO JULGAMENTO";"-1";"#NULO";"-1";"#NULO";-1;"#NULO";-1;"#NULO";-1;"#NULO";-1;"#NULO";"-1";"#NULO"
"15/08/2026";"19:30:51";2026;6259;250002536856;-3;"#NE";1;"BRASILEIRA NATA";-3;"SÃO PAULO";"42";"N";-1;"#NULO";"1270629.01";"#NE";"S";"-1";"06011814720266260000";"-3";"#NE";"-3";"#NE";"NÃO";"#NULO";-1;"#NULO";"N";"N";-1;-1;"2026-08-04 11:54:14";8;"AGUARDANDO JULGAMENTO";"-1";"#NULO";"-1";"#NULO";-1;"#NULO";-1;"#NULO";-1;"#NULO";-1;"#NULO";"-1";"#NULO"
"15/08/2026";"19:30:51";2026;6259;250002536854;-3;"#NE";1;"BRASILEIRA NATA";-3;"SÃO PAULO";"58";"N";-1;"#NULO";"1270629.01";"#NE";"S";"-1";"06011121520266260000";"-3";"#NE";"-3";"#NE";"NÃO";"#NULO";-1;"#NULO";"N";"N";-1;-1;"2026-08-04 11:54:14";8;"AGUARDANDO JULGAMENTO";"-1";"#NULO";"-1";"#NULO";-1;"#NULO";-1;"#NULO";-1;"#NULO";-1;"#NULO";"-1";"#NULO"
"15/08/2026";"19:30:51";2026;6259;250002536916;-3;"#NE";1;"BRASILEIRA NATA";-3;"INDAIATUBA";"40";"N";-1;"#NULO";"-1";"#NE";"S";"-1";"06012541920266260000";"-3";"#NE";"-3";"#NE";"NÃO";"#NULO";-1;"#NULO";"N";"N";-1;-1;"2026-08-04 16:35:15";8;"AGUARDANDO JULGAMENTO";"-1";"#NULO";"-1";"#NULO";-1;"#NULO";-1;"#NULO";-1;"#NULO";-1;"#NULO";"-1";"#NULO"
"15/08/2026";"19:30:51";2026;6259;250002536890;-3;"#NE";1;"BRASILEIRA NATA";-3;"MOCOCA";"34";"N";-1;"#NULO";"1270629.01";"#NE";"S";"-1";"06012516420266260000";"-3";"#NE";"-3";"#NE";"NÃO";"#NULO";-1;"#NULO";"N";"S";-1;-1;"2026-08-04 16:18:09";6;"RENÚNCIA";"-1";"#NULO";"-1";"#NULO";-1;"#NULO";-1;"#NULO";-1;"#NULO";-1;"#NULO";"-1";"#NULO"
"15/08/2026";"19:30:51";2026;6259;250002537943;-3;"#NE";1;"BRASILEIRA NATA";-3;"ANGRA DOS REIS";"61";"N";-1;"#NULO";"3176572.53";"#NE";"S";"-1";"06013130720266260000";"-3";"#NE";"-3";"#NE";"NÃO";"#NULO";-1;"#NULO";"N";"N";-1;-1;"2026-08-05 15:07:31";8;"AGUARDANDO JULGAMENTO";"-1";"#NULO";"-1";"#NULO";-1;"#NULO";-1;"#NULO";-1;"#NULO";-1;"#NULO";"-1";"#NULO"
"15/08/2026";"19:30:51";2026;6259;250002537948;-3;"#NE";1;"BRASILEIRA NATA";-3;"SÃO PAULO";"39";"N";-1;"#NULO";"3176572.53";"#NE";"N";"-1";"06012698520266260000";"-3";"#NE";"-3";"#NE";"NÃO";"#NULO";-1;"#NULO";"N";"N";-1;-1;"2026-08-05 15:07:31";8;"AGUARDANDO JULGAMENTO";"-1";"#NULO";"-1";"#NULO";-1;"#NULO";-1;"#NULO";-1;"#NULO";-1;"#NULO";"-1";"#NULO"
"15/08/2026";"19:30:51";2026;6259;250002537956;-3;"#NE";1;"BRASILEIRA NATA";-3;"CAMPINAS";"53";"N";-1;"#NULO";"3176572.53";"#NE";"S";"-1";"06012801720266260000";"-3";"#NE";"-3";"#NE";"NÃO";"#NULO";-1;"#NULO";"N";"N";-1;-1;"2026-08-05 15:07:31";8;"AGUARDANDO JULGAMENTO";"-1";"#NULO";"-1";"#NULO";-1;"#NULO";-1;"#NULO";-1;"#NULO";-1;"#NULO";"-1";"#NULO"
"15/08/2026";"19:30:51";2026;6259;250002537962;-3;"#NE";1;"BRASILEIRA NATA";-3;"SALTO";"34";"N";0;"NÃO INFORMADO";"3176572.53";"#NE";"S";"-1";"06013044520266260000";"-3";"#NE";"-3";"#NE";"NÃO";"#NULO";-1;"#NULO";"N";"N";-1;-1;"2026-08-05 15:07:31";8;"AGUARDANDO JULGAMENTO";"-1";"#NULO";"-1";"#NULO";-1;"#NULO";-1;"#NULO";-1;"#NULO";-1;"#NULO";"-1";"#NULO"
"15/08/2026";"19:30:51";2026;6259;250002537969;-3;"#NE";1;"BRASILEIRA NATA";-3;"SÃO PAULO";"70";"N";-1;"#NULO";"3176572.53";"#NE";"S";"-1";"06012732520266260000";"-3";"#NE";"-3";"#NE";"NÃO";"#NULO";-1;"#NULO";"N";"N";-1;-1;"2026-08-05 15:07:31";8;"AGUARDANDO JULGAMENTO";"-1";"#NULO";"-1";"#NULO";-1;"#NULO";-1;"#NULO";-1;"#NULO";-1;"#NULO";"-1";"#NULO"
"15/08/2026";"19:30:51";2026;6259;250002537973;-3;"#NE";1;"BRASILEIRA NATA";-3;"RECIFE";"57";"N";-1;"#NULO";"3176572.53";"#NE";"S";"-1";"06012671820266260000";"-3";"#NE";"-3";"#NE";"NÃO";"#NULO";-1;"#NULO";"N";"N";-1;-1;"2026-08-05 15:07:31";8;"AGUARDANDO JULGAMENTO";"-1";"#NULO";"-1";"#NULO";-1;"#NULO";-1;"#NULO";-1;"#NULO";-1;"#NULO";"-1";"#NULO"
"15/08/2026";"19:30:51";2026;6259;250002537975;-3;"#NE";1;"BRASILEIRA NATA";-3;"LIMEIRA";"38";"N";-1;"#NULO";"3176572.53";"#NE";"S";"-1";"06012654820266260000";"-3";"#NE";"-3";"#NE";"NÃO";"#NULO";-1;"#NULO";"N";"N";-1;-1;"2026-08-05 15:07:31";8;"AGUARDANDO JULGAMENTO";"-1";"#NULO";"-1";"#NULO";-1;"#NULO";-1;"#NULO";-1;"#NULO";-1;"#NULO";"-1";"#NULO"
"15/08/2026";"19:30:51";2026;6259;250002537982;-3;"#NE";1;"BRASILEIRA NATA";-3;"CAPIVARI";"32";"N";0;"NÃO INFORMADO";"3176572.53";"#NE";"N";"-1";"06012741020266260000";"-3";"#NE";"-3";"#NE";"NÃO";"#NULO";-1;"#NULO";"N";"N";-1;-1;"2026-08-05 15:07:31";8;"AGUARDANDO JULGAMENTO";"-1";"#NULO";"-1";"#NULO";-1;"#NULO";-1;"#NULO";-1;"#NULO";-1;"#NULO";"-1";"#NULO"
"15/08/2026";"19:30:51";2026;6259;250002537984;-3;"#NE";1;"BRASILEIRA NATA";-3;"SÃO PAULO";"42";"N";0;"NÃO INFORMADO";"3176572.53";"#NE";"S";"-1";"06012828420266260000";"-3";"#NE";"-3";"#NE";"NÃO";"#NULO";-1;"#NULO";"N";"N";-1;-1;"2026-08-05 15:07:31";8;"AGUARDANDO JULGAMENTO";"-1";"#NULO";"-1";"#NULO";-1;"#NULO";-1;"#NULO";-1;"#NULO";-1;"#NULO";"-1";"#NULO"
"15/08/2026";"19:30:51";2026;6259;250002538901;-3;"#NE";1;"BRASILEIRA NATA";-3;"CATOLÉ DO ROCHA";"32";"N";0;"NÃO INFORMADO";"1270629.01";"#NE";"N";"-1";"06015279520266260000";"-3";"#NE";"-3";"#NE";"NÃO";"#NULO";-1;"#NULO";"N";"N";-1;-1;"2026-08-06 15:55:28";8;"AGUARDANDO JULGAMENTO";"-1";"#NULO";"-1";"#NULO";-1;"#NULO";-1;"#NULO";-1;"#NULO";-1;"#NULO";"-1";"#NULO"
"15/08/2026";"19:30:51";2026;6259;250002538917;-3;"#NE";1;"BRASILEIRA NATA";-3;"MAUÁ";"46";"N";0;"NÃO INFORMADO";"1270629.01";"#NE";"S";"-1";"06015192120266260000";"-3";"#NE";"-3";"#NE";"NÃO";"#NULO";-1;"#NULO";"N";"N";-1;-1;"2026-08-06 15:55:28";8;"AGUARDANDO JULGAMENTO";"-1";"#NULO";"-1";"#NULO";-1;"#NULO";-1;"#NULO";-1;"#NULO";-1;"#NULO";"-1";"#NULO"
"15/08/2026";"19:30:51";2026;6259;250002538916;-3;"#NE";1;"BRASILEIRA NATA";-3;"MARTINÓPOLIS";"71";"N";-1;"#NULO";"1270629.01";"#NE";"S";"-1";"06014993020266260000";"-3";"#NE";"-3";"#NE";"NÃO";"#NULO";-1;"#NULO";"N";"N";-1;-1;"2026-08-06 15:55:28";8;"AGUARDANDO JULGAMENTO";"-1";"#NULO";"-1";"#NULO";-1;"#NULO";-1;"#NULO";-1;"#NULO";-1;"#NULO";"-1";"#NULO"
"15/08/2026";"19:30:51";2026;6259;250002538933;-3;"#NE";1;"BRASILEIRA NATA";-3;"GUARARAPES";"62";"N";-1;"#NULO";"1270629.01";"#NE";"S";"-1";"06015200620266260000";"-3";"#NE";"-3";"#NE";"NÃO";"#NULO";-1;"#NULO";"N";"N";-1;-1;"2026-08-06 15:55:28";8;"AGUARDANDO JULGAMENTO";"-1";"#NULO";"-1";"#NULO";-1;"#NULO";-1;"#NULO";-1;"#NULO";-1;"#NULO";"-1";"#NULO"
"15/08/2026";"19:30:51";2026;6259;250002539246;-3;"#NE";1;"BRASILEIRA NATA";-3;"NOVA AURORA";"63";"N";-1;"#NULO";"1270629.01";"#NE";"S";"-1";"06013893120266260000";"-3";"#NE";"-3";"#NE";"NÃO";"#NULO";-1;"#NULO";"N";"N";-1;-1;"2026-08-06 14:28:06";8;"AGUARDANDO JULGAMENTO";"-1";"#NULO";"-1";"#NULO";-1;"#NULO";-1;"#NULO";-1;"#NULO";-1;"#NULO";"-1";"#NULO"
"15/08/2026";"19:30:51";2026;6259;250002539253;-3;"#NE";1;"BRASILEIRA NATA";-3;"ALVORADA DO SUL";"63";"N";-1;"#NULO";"1270629.01";"#NE";"S";"-1";"06013607820266260000";"-3";"#NE";"-3";"#NE";"NÃO";"#NULO";-1;"#NULO";"N";"N";-1;-1;"2026-08-06 14:28:06";8;"AGUARDANDO JULGAMENTO";"-1";"#NULO";"-1";"#NULO";-1;"#NULO";-1;"#NULO";-1;"#NULO";-1;"#NULO";"-1";"#NULO"
"15/08/2026";"19:30:51";2026;6259;250002539260;-3;"#NE";1;"BRASILEIRA NATA";-3;"JAÚ";"56";"N";0;"NÃO INFORMADO";"1270629.01";"#NE";"N";"-1";"06013321320266260000";"-3";"#NE";"-3";"#NE";"NÃO";"#NULO";-1;"#NULO";"N";"N";-1;-1;"2026-08-06 14:28:06";8;"AGUARDANDO JULGAMENTO";"-1";"#NULO";"-1";"#NULO";-1;"#NULO";-1;"#NULO";-1;"#NULO";-1;"#NULO";"-1";"#NULO"
"15/08/2026";"19:30:51";2026;6259;250002539265;-3;"#NE";1;"BRASILEIRA NATA";-3;"PRESIDENTE VENCESLAU";"73";"N";0;"NÃO INFORMADO";"1270629.01";"#NE";"S";"-1";"06013815420266260000";"-3";"#NE";"-3";"#NE";"NÃO";"#NULO";-1;"#NULO";"N";"N";-1;-1;"2026-08-06 14:28:06";8;"AGUARDANDO JULGAMENTO";"-1";"#NULO";"-1";"#NULO";-1;"#NULO";-1;"#NULO";-1;"#NULO";-1;"#NULO";"-1";"#NULO"
"15/08/2026";"19:30:51";2026;6259;250002539288;-3;"#NE";1;"BRASILEIRA NATA";-3;"SALTO";"45";"N";-1;"#NULO";"1270629.01";"#NE";"S";"-1";"06013572620266260000";"-3";"#NE";"-3";"#NE";"NÃO";"#NULO";-1;"#NULO";"N";"N";-1;-1;"2026-08-06 14:28:06";8;"AGUARDANDO JULGAMENTO";"-1";"#NULO";"-1";"#NULO";-1;"#NULO";-1;"#NULO";-1;"#NULO";-1;"#NULO";"-1";"#NULO"
"15/08/2026";"19:30:51";2026;6259;250002539289;-3;"#NE";1;"BRASILEIRA NATA";-3;"SALTO GRANDE";"68";"N";0;"NÃO INFORMADO";"1270629.01";"#NE";"S";"-1";"06013859120266260000";"-3";"#NE";"-3";"#NE";"NÃO";"#NULO";-1;"#NULO";"N";"N";-1;-1;"2026-08-06 14:28:06";8;"AGUARDANDO JULGAMENTO";"-1";"#NULO";"-1";"#NULO";-1;"#NULO";-1;"#NULO";-1;"#NULO";-1;"#NULO";"-1";"#NULO"
"15/08/2026";"19:30:51";2026;6259;250002539304;-3;"#NE";1;"BRASILEIRA NATA";-3;"SÃO PAULO";"52";"N";-1;"#NULO";"1270629.01";"#NE";"S";"-1";"06013780220266260000";"-3";"#NE";"-3";"#NE";"NÃO";"#NULO";-1;"#NULO";"N";"N";-1;-1;"2026-08-06 14:28:06";8;"AGUARDANDO JULGAMENTO";"-1";"#NULO";"-1";"#NULO";-1;"#NULO";-1;"#NULO";-1;"#NULO";-1;"#NULO";"-1";"#NULO"
"15/08/2026";"19:30:51";2026;6259;250002539310;-3;"#NE";1;"BRASILEIRA NATA";-3;"SÃO PAULO";"33";"N";-1;"#NULO";"1270629.01";"#NE";"S";"-1";"06013737720266260000";"-3";"#NE";"-3";"#NE";"NÃO";"#NULO";-1;"#NULO";"N";"N";-1;-1;"2026-08-06 14:28:06";8;"AGUARDANDO JULGAMENTO";"-1";"#NULO";"-1";"#NULO";-1;"#NULO";-1;"#NULO";-1;"#NULO";-1;"#NULO";"-1";"#NULO"
"15/08/2026";"19:30:51";2026;6259;250002539313;-3;"#NE";1;"BRASILEIRA NATA";-3;"SÃO PAULO";"36";"N";-1;"#NULO";"1270629.01";"#NE";"N";"-1";"06013711020266260000";"-3";"#NE";"-3";"#NE";"NÃO";"#NULO";-1;"#NULO";"N";"N";-1;-1;"2026-08-06 14:28:06";8;"AGUARDANDO JULGAMENTO";"-1";"#NULO";"-1";"#NULO";-1;"#NULO";-1;"#NULO";-1;"#NULO";-1;"#NULO";"-1";"#NULO"
"15/08/2026";"19:30:51";2026;6259;250002539325;-3;"#NE";1;"BRASILEIRA NATA";-3;"VERA CRUZ";"61";"N";0;"NÃO INFORMADO";"1270629.01";"#NE";"S";"-1";"06013434220266260000";"-3";"#NE";"-3";"#NE";"NÃO";"#NULO";-1;"#NULO";"N";"N";-1;-1;"2026-08-06 14:28:06";8;"AGUARDANDO JULGAMENTO";"-1";"#NULO";"-1";"#NULO";-1;"#NULO";-1;"#NULO";-1;"#NULO";-1;"#NULO";"-1";"#NULO"
"15/08/2026";"19:30:51";2026;6259;250002539324;-3;"#NE";1;"BRASILEIRA NATA";-3;"TRÊS FRONTEIRAS";"54";"N";0;"NÃO INFORMADO";"1270629.01";"#NE";"S";"-1";"06013919820266260000";"-3";"#NE";"-3";"#NE";"NÃO";"#NULO";-1;"#NULO";"N";"N";-1;-1;"2026-08-06 14:28:06";8;"AGUARDANDO JULGAMENTO";"-1";"#NULO";"-1";"#NULO";-1;"#NULO";-1;"#NULO";-1;"#NULO";-1;"#NULO";"-1";"#NULO"
"15/08/2026";"19:30:51";2026;6259;250002539388;-3;"#NE";1;"BRASILEIRA NATA";-3;"TRÊS LAGOAS";"60";"N";0;"NÃO INFORMADO";"3176572.53";"#NE";"S";"-1";"06014603320266260000";"-3";"#NE";"-3";"#NE";"NÃO";"#NULO";-1;"#NULO";"N";"N";-1;-1;"2026-08-06 14:46:28";8;"AGUARDANDO JULGAMENTO";"-1";"#NULO";"-1";"#NULO";-1;"#NULO";-1;"#NULO";-1;"#NULO";-1;"#NULO";"-1";"#NULO"
"15/08/2026";"19:30:51";2026;6259;250002539408;-3;"#NE";1;"BRASILEIRA NATA";-3;"OSASCO";"50";"N";-1;"#NULO";"3176572.53";"#NE";"S";"-1";"06014378720266260000";"-3";"#NE";"-3";"#NE";"NÃO";"#NULO";-1;"#NULO";"N";"N";-1;-1;"2026-08-06 14:46:28";8;"AGUARDANDO JULGAMENTO";"-1";"#NULO";"-1";"#NULO";-1;"#NULO";-1;"#NULO";-1;"#NULO";-1;"#NULO";"-1";"#NULO"
"15/08/2026";"19:30:51";2026;6259;250002539423;-3;"#NE";1;"BRASILEIRA NATA";-3;"BANANAL";"59";"N";0;"NÃO INFORMADO";"3176572.53";"#NE";"N";"-1";"06014083720266260000";"-3";"#NE";"-3";"#NE";"NÃO";"#NULO";-1;"#NULO";"N";"N";-1;-1;"2026-08-06 14:46:28";8;"AGUARDANDO JULGAMENTO";"-1";"#NULO";"-1";"#NULO";-1;"#NULO";-1;"#NULO";-1;"#NULO";-1;"#NULO";"-1";"#NULO"
"15/08/2026";"19:30:51";2026;6259;250002539439;-3;"#NE";1;"BRASILEIRA NATA";-3;"SÃO PAULO";"52";"N";-1;"#NULO";"3176572.53";"#NE";"N";"-1";"06014144420266260000";"-3";"#NE";"-3";"#NE";"NÃO";"#NULO";-1;"#NULO";"N";"N";-1;-1;"2026-08-06 14:46:28";8;"AGUARDANDO JULGAMENTO";"-1";"#NULO";"-1";"#NULO";-1;"#NULO";-1;"#NULO";-1;"#NULO";-1;"#NULO";"-1";"#NULO"
"15/08/2026";"19:30:51";2026;6259;250002539451;-3;"#NE";1;"BRASILEIRA NATA";-3;"SÃO PAULO";"40";"N";0;"NÃO INFORMADO";"3176572.53";"#NE";"S";"-1";"06014716220266260000";"-3";"#NE";"-3";"#NE";"NÃO";"#NULO";-1;"#NULO";"N";"N";-1;-1;"2026-08-06 14:46:28";8;"AGUARDANDO JULGAMENTO";"-1";"#NULO";"-1";"#NULO";-1;"#NULO";-1;"#NULO";-1;"#NULO";-1;"#NULO";"-1";"#NULO"
"15/08/2026";"19:30:51";2026;6259;250002539589;-3;"#NE";1;"BRASILEIRA NATA";-3;"MIRINZAL";"61";"N";-1;"#NULO";"3176572.53";"#NE";"N";"-1";"06015807620266260000";"-3";"#NE";"-3";"#NE";"NÃO";"#NULO";-1;"#NULO";"N";"N";-1;-1;"2026-08-06 17:34:34";8;"AGUARDANDO JULGAMENTO";"-1";"#NULO";"-1";"#NULO";-1;"#NULO";-1;"#NULO";-1;"#NULO";-1;"#NULO";"-1";"#NULO"
"15/08/2026";"19:30:51";2026;6259;250002539588;-3;"#NE";1;"BRASILEIRA NATA";-3;"MATA GRANDE";"65";"N";-1;"#NULO";"3176572.53";"#NE";"N";"-1";"06015573320266260000";"-3";"#NE";"-3";"#NE";"NÃO";"#NULO";-1;"#NULO";"N";"N";-1;-1;"2026-08-06 17:34:34";8;"AGUARDANDO JULGAMENTO";"-1";"#NULO";"-1";"#NULO";-1;"#NULO";-1;"#NULO";-1;"#NULO";-1;"#NULO";"-1";"#NULO"
"15/08/2026";"19:30:51";2026;6259;250002539591;-3;"#NE";1;"BRASILEIRA NATA";-3;"BELO HORIZONTE";"62";"N";-1;"#NULO";"3176572.53";"#NE";"N";"-1";"06015799120266260000";"-3";"#NE";"-3";"#NE";"NÃO";"#NULO";-1;"#NULO";"N";"N";-1;-1;"2026-08-06 17:34:34";8;"AGUARDANDO JULGAMENTO";"-1";"#NULO";"-1";"#NULO";-1;"#NULO";-1;"#NULO";-1;"#NULO";-1;"#NULO";"-1";"#NULO"
"15/08/2026";"19:30:51";2026;6259;250002539621;-3;"#NE";1;"BRASILEIRA NATA";-3;"SÃO PAULO";"42";"N";-1;"#NULO";"3176572.53";"#NE";"N";"-1";"06015954520266260000";"-3";"#NE";"-3";"#NE";"NÃO";"#NULO";-1;"#NULO";"N";"N";-1;-1;"2026-08-06 17:34:34";8;"AGUARDANDO JULGAMENTO";"-1";"#NULO";"-1";"#NULO";-1;"#NULO";-1;"#NULO";-1;"#NULO";-1;"#NULO";"-1";"#NULO"
"15/08/2026";"19:30:51";2026;6259;250002539936;-3;"#NE";1;"BRASILEIRA NATA";-3;"SANTO ANASTÁCIO";"64";"N";-1;"#NULO";"1270629.01";"#NE";"S";"-1";"06015183620266260000";"-3";"#NE";"-3";"#NE";"NÃO";"#NULO";-1;"#NULO";"N";"N";-1;-1;"2026-08-06 15:55:28";8;"AGUARDANDO JULGAMENTO";"-1";"#NULO";"-1";"#NULO";-1;"#NULO";-1;"#NULO";-1;"#NULO";-1;"#NULO";"-1";"#NULO"
"15/08/2026";"19:30:51";2026;6259;250002539943;-3;"#NE";1;"BRASILEIRA NATA";-3;"SÃO PAULO";"66";"N";0;"NÃO INFORMADO";"1270629.01";"#NE";"S";"-1";"06015175120266260000";"-3";"#NE";"-3";"#NE";"NÃO";"#NULO";-1;"#NULO";"N";"N";-1;-1;"2026-08-06 15:55:28";8;"AGUARDANDO JULGAMENTO";"-1";"#NULO";"-1";"#NULO";-1;"#NULO";-1;"#NULO";-1;"#NULO";-1;"#NULO";"-1";"#NULO"
"15/08/2026";"19:30:51";2026;6259;250002539955;-3;"#NE";1;"BRASILEIRA NATA";-3;"TABOÃO DA SERRA";"44";"N";-1;"#NULO";"1270629.01";"#NE";"S";"-1";"06014940820266260000";"-3";"#NE";"-3";"#NE";"NÃO";"#NULO";-1;"#NULO";"N";"N";-1;-1;"2026-08-06 15:55:28";8;"AGUARDANDO JULGAMENTO";"-1";"#NULO";"-1";"#NULO";-1;"#NULO";-1;"#NULO";-1;"#NULO";-1;"#NULO";"-1";"#NULO"
"15/08/2026";"19:30:51";2026;6259;250002540565;-3;"#NE";1;"BRASILEIRA NATA";-3;"SÃO PAULO";"53";"N";-1;"#NULO";"1270629.01";"#NE";"S";"-1";"06016092920266260000";"-3";"#NE";"-3";"#NE";"NÃO";"#NULO";-1;"#NULO";"N";"N";-1;-1;"2026-08-07 12:07:18";8;"AGUARDANDO JULGAMENTO";"-1";"#NULO";"-1";"#NULO";-1;"#NULO";-1;"#NULO";-1;"#NULO";-1;"#NULO";"-1";"#NULO"
"15/08/2026";"19:30:51";2026;6259;250002540563;-3;"#NE";1;"BRASILEIRA NATA";-3;"BARRETOS";"58";"N";0;"NÃO INFORMADO";"1270629.01";"#NE";"N";"-1";"06016838320266260000";"-3";"#NE";"-3";"#NE";"NÃO";"#NULO";-1;"#NULO";"N";"N";-1;-1;"2026-08-07 12:07:18";8;"AGUARDANDO JULGAMENTO";"-1";"#NULO";"-1";"#NULO";-1;"#NULO";-1;"#NULO";-1;"#NULO";-1;"#NULO";"-1";"#NULO"
"15/08/2026";"19:30:51";2026;6259;250002540586;-3;"#NE";1;"BRASILEIRA NATA";-3;"BEBEDOURO";"60";"N";-1;"#NULO";"1270629.01";"#NE";"S";"-1";"06016275020266260000";"-3";"#NE";"-3";"#NE";"NÃO";"#NULO";-1;"#NULO";"N";"N";-1;-1;"2026-08-07 12:07:18";8;"AGUARDANDO JULGAMENTO";"-1";"#NULO";"-1";"#NULO";-1;"#NULO";-1;"#NULO";-1;"#NULO";-1;"#NULO";"-1";"#NULO"
"15/08/2026";"19:30:51";2026;6259;250002540590;-3;"#NE";1;"BRASILEIRA NATA";-3;"ITAPETININGA";"37";"N";-1;"#NULO";"1270629.01";"#NE";"S";"-1";"06016786120266260000";"-3";"#NE";"-3";"#NE";"NÃO";"#NULO";-1;"#NULO";"N";"N";-1;-1;"2026-08-07 12:07:18";8;"AGUARDANDO JULGAMENTO";"-1";"#NULO";"-1";"#NULO";-1;"#NULO";-1;"#NULO";-1;"#NULO";-1;"#NULO";"-1";"#NULO"
"15/08/2026";"19:30:51";2026;6259;250002540591;-3;"#NE";1;"BRASILEIRA NATA";-3;"PIRACICABA";"56";"N";-1;"#NULO";"1270629.01";"#NE";"N";"-1";"06016959720266260000";"-3";"#NE";"-3";"#NE";"NÃO";"#NULO";-1;"#NULO";"N";"N";-1;-1;"2026-08-07 12:07:18";8;"AGUARDANDO JULGAMENTO";"-1";"#NULO";"-1";"#NULO";-1;"#NULO";-1;"#NULO";-1;"#NULO";-1;"#NULO";"-1";"#NULO"
"15/08/2026";"19:30:51";2026;6259;250002540878;-3;"#NE";1;"BRASILEIRA NATA";-3;"SÃO PAULO";"70";"N";0;"NÃO INFORMADO";"1270629.01";"#NE";"S";"-1";"06016916020266260000";"-3";"#NE";"-3";"#NE";"NÃO";"#NULO";-1;"#NULO";"N";"N";-1;-1;"2026-08-07 12:07:18";8;"AGUARDANDO JULGAMENTO";"-1";"#NULO";"-1";"#NULO";-1;"#NULO";-1;"#NULO";-1;"#NULO";-1;"#NULO";"-1";"#NULO"
"15/08/2026";"19:30:51";2026;6259;250002540891;-3;"#NE";1;"BRASILEIRA NATA";-3;"SÃO PAULO";"58";"N";0;"NÃO INFORMADO";"1270629.01";"#NE";"S";"-1";"06016491120266260000";"-3";"#NE";"-3";"#NE";"NÃO";"#NULO";-1;"#NULO";"N";"N";-1;-1;"2026-08-07 12:07:18";8;"AGUARDANDO JULGAMENTO";"-1";"#NULO";"-1";"#NULO";-1;"#NULO";-1;"#NULO";-1;"#NULO";-1;"#NULO";"-1";"#NULO"
"15/08/2026";"19:30:51";2026;6259;250002540899;-3;"#NE";1;"BRASILEIRA NATA";-3;"SANTA BÁRBARA D OESTE";"44";"N";0;"NÃO INFORMADO";"1270629.01";"#NE";"S";"-1";"06016404920266260000";"-3";"#NE";"-3";"#NE";"NÃO";"#NULO";-1;"#NULO";"N";"N";-1;-1;"2026-08-07 12:07:18";8;"AGUARDANDO JULGAMENTO";"-1";"#NULO";"-1";"#NULO";-1;"#NULO";-1;"#NULO";-1;"#NULO";-1;"#NULO";"-1";"#NULO"
"15/08/2026";"19:30:51";2026;6259;250002540897;-3;"#NE";1;"BRASILEIRA NATA";-3;"RIBEIRÃO PRETO";"55";"N";-1;"#NULO";"1270629.01";"#NE";"S";"-1";"06016604020266260000";"-3";"#NE";"-3";"#NE";"NÃO";"#NULO";-1;"#NULO";"N";"N";-1;-1;"2026-08-07 12:07:18";8;"AGUARDANDO JULGAMENTO";"-1";"#NULO";"-1";"#NULO";-1;"#NULO";-1;"#NULO";-1;"#NULO";-1;"#NULO";"-1";"#NULO"
"15/08/2026";"19:30:51";2026;6259;250002540906;-3;"#NE";1;"BRASILEIRA NATA";-3;"TUPI PAULISTA";"53";"N";-1;"#NULO";"1270629.01";"#NE";"S";"-1";"06016725420266260000";"-3";"#NE";"-3";"#NE";"NÃO";"#NULO";-1;"#NULO";"N";"N";-1;-1;"2026-08-07 12:07:18";8;"AGUARDANDO JULGAMENTO";"-1";"#NULO";"-1";"#NULO";-1;"#NULO";-1;"#NULO";-1;"#NULO";-1;"#NULO";"-1";"#NULO"
"15/08/2026";"19:30:51";2026;6259;250002540909;-3;"#NE";1;"BRASILEIRA NATA";-3;"INDAIATUBA";"65";"N";0;"NÃO INFORMADO";"1270629.01";"#NE";"S";"-1";"06016681720266260000";"-3";"#NE";"-3";"#NE";"NÃO";"#NULO";-1;"#NULO";"N";"N";-1;-1;"2026-08-07 12:07:18";8;"AGUARDANDO JULGAMENTO";"-1";"#NULO";"-1";"#NULO";-1;"#NULO";-1;"#NULO";-1;"#NULO";-1;"#NULO";"-1";"#NULO"
"15/08/2026";"19:30:51";2026;6259;250002540921;-3;"#NE";1;"BRASILEIRA NATA";-3;"UBERLÂNDIA";"49";"N";-1;"#NULO";"1270629.01";"#NE";"S";"-1";"06016387920266260000";"-3";"#NE";"-3";"#NE";"NÃO";"#NULO";-1;"#NULO";"N";"N";-1;-1;"2026-08-07 12:07:18";8;"AGUARDANDO JULGAMENTO";"-1";"#NULO";"-1";"#NULO";-1;"#NULO";-1;"#NULO";-1;"#NULO";-1;"#NULO";"-1";"#NULO"
"15/08/2026";"19:30:51";2026;6259;250002541097;-3;"#NE";1;"BRASILEIRA NATA";-3;"BARUERI";"57";"N";0;"NÃO INFORMADO";"3176572.53";"#NE";"S";"-1";"06017270520266260000";"-3";"#NE";"-3";"#NE";"NÃO";"#NULO";-1;"#NULO";"N";"N";-1;-1;"2026-08-07 12:15:27";8;"AGUARDANDO JULGAMENTO";"-1";"#NULO";"-1";"#NULO";-1;"#NULO";-1;"#NULO";-1;"#NULO";-1;"#NULO";"-1";"#NULO"
"15/08/2026";"19:30:51";2026;6259;250002541099;-3;"#NE";1;"BRASILEIRA NATA";-3;"SÃO PAULO";"44";"N";0;"NÃO INFORMADO";"3176572.53";"#NE";"S";"-1";"06017513320266260000";"-3";"#NE";"-3";"#NE";"NÃO";"#NULO";-1;"#NULO";"N";"N";-1;-1;"2026-08-07 12:15:27";8;"AGUARDANDO JULGAMENTO";"-1";"#NULO";"-1";"#NULO";-1;"#NULO";-1;"#NULO";-1;"#NULO";-1;"#NULO";"-1";"#NULO"
"15/08/2026";"19:30:51";2026;6259;250002541100;-3;"#NE";1;"BRASILEIRA NATA";-3;"SÃO PAULO";"50";"N";0;"NÃO INFORMADO";"3176572.53";"#NE";"S";"-1";"06017487820266260000";"-3";"#NE";"-3";"#NE";"NÃO";"#NULO";-1;"#NULO";"N";"N";-1;-1;"2026-08-07 12:15:27";8;"AGUARDANDO JULGAMENTO";"-1";"#NULO";"-1";"#NULO";-1;"#NULO";-1;"#NULO";-1;"#NULO";-1;"#NULO";"-1";"#NULO"
"15/08/2026";"19:30:51";2026;6259;250002541104;-3;"#NE";1;"BRASILEIRA NATA";-3;"CAMPINAS";"44";"N";0;"NÃO INFORMADO";"3176572.53";"#NE";"N";"-1";"06017028920266260000";"-3";"#NE";"-3";"#NE";"NÃO";"#NULO";-1;"#NULO";"N";"N";-1;-1;"2026-08-07 12:15:27";8;"AGUARDANDO JULGAMENTO";"-1";"#NULO";"-1";"#NULO";-1;"#NULO";-1;"#NULO";-1;"#NULO";-1;"#NULO";"-1";"#NULO"
"15/08/2026";"19:30:51";2026;6259;250002541112;-3;"#NE";1;"BRASILEIRA NATA";-3;"SÃO PAULO";"59";"N";0;"NÃO INFORMADO";"3176572.53";"#NE";"S";"-1";"06017695420266260000";"-3";"#NE";"-3";"#NE";"NÃO";"#NULO";-1;"#NULO";"N";"N";-1;-1;"2026-08-07 12:15:27";8;"AGUARDANDO JULGAMENTO";"-1";"#NULO";"-1";"#NULO";-1;"#NULO";-1;"#NULO";-1;"#NULO";-1;"#NULO";"-1";"#NULO"
"15/08/2026";"19:30:51";2026;6259;250002541139;-3;"#NE";1;"BRASILEIRA NATA";-3;"SÃO PAULO";"62";"N";-1;"#NULO";"3176572.53";"#NE";"S";"-1";"06017400420266260000";"-3";"#NE";"-3";"#NE";"NÃO";"#NULO";-1;"#NULO";"N";"N";-1;-1;"2026-08-07 12:15:27";8;"AGUARDANDO JULGAMENTO";"-1";"#NULO";"-1";"#NULO";-1;"#NULO";-1;"#NULO";-1;"#NULO";-1;"#NULO";"-1";"#NULO"
"15/08/2026";"19:30:51";2026;6259;250002541150;-3;"#NE";1;"BRASILEIRA NATA";-3;"CAMPINAS";"37";"N";-1;"#NULO";"3176572.53";"#NE";"S";"-1";"06017686920266260000";"-3";"#NE";"-3";"#NE";"NÃO";"#NULO";-1;"#NULO";"N";"N";-1;-1;"2026-08-07 12:15:27";8;"AGUARDANDO JULGAMENTO";"-1";"#NULO";"-1";"#NULO";-1;"#NULO";-1;"#NULO";-1;"#NULO";-1;"#NULO";"-1";"#NULO"
"15/08/2026";"19:30:51";2026;6259;250002541157;-3;"#NE";1;"BRASILEIRA NATA";-3;"MUZAMBINHO";"68";"N";-1;"#NULO";"3176572.53";"#NE";"S";"-1";"06017582520266260000";"-3";"#NE";"-3";"#NE";"NÃO";"#NULO";-1;"#NULO";"N";"N";-1;-1;"2026-08-07 12:15:27";8;"AGUARDANDO JULGAMENTO";"-1";"#NULO";"-1";"#NULO";-1;"#NULO";-1;"#NULO";-1;"#NULO";-1;"#NULO";"-1";"#NULO"
"15/08/2026";"19:30:51";2026;6259;250002541170;-3;"#NE";1;"BRASILEIRA NATA";-3;"MARÍLIA";"47";"N";-1;"#NULO";"1270629.01";"#NE";"S";"-1";"06017764620266260000";"-3";"#NE";"-3";"#NE";"NÃO";"#NULO";-1;"#NULO";"N";"N";-1;-1;"2026-08-07 13:27:16";8;"AGUARDANDO JULGAMENTO";"-1";"#NULO";"-1";"#NULO";-1;"#NULO";-1;"#NULO";-1;"#NULO";-1;"#NULO";"-1";"#NULO"
"15/08/2026";"19:30:51";2026;6259;250002541171;-3;"#NE";1;"BRASILEIRA NATA";-3;"TAUBATÉ";"73";"N";-1;"#NULO";"1270629.01";"#NE";"S";"-1";"06017773120266260000";"-3";"#NE";"-3";"#NE";"NÃO";"#NULO";-1;"#NULO";"N";"N";-1;-1;"2026-08-07 13:27:16";8;"AGUARDANDO JULGAMENTO";"-1";"#NULO";"-1";"#NULO";-1;"#NULO";-1;"#NULO";-1;"#NULO";-1;"#NULO";"-1";"#NULO"
"15/08/2026";"19:30:51";2026;6259;250002541853;-3;"#NE";1;"BRASILEIRA NATA";-3;"OLÍMPIA";"55";"N";-1;"#NULO";"1270629.01";"#NE";"S";"-1";"06018561020266260000";"-3";"#NE";"-3";"#NE";"NÃO";"#NULO";-1;"#NULO";"N";"N";-1;-1;"2026-08-07 16:31:02";8;"AGUARDANDO JULGAMENTO";"-1";"#NULO";"-1";"#NULO";-1;"#NULO";-1;"#NULO";-1;"#NULO";-1;"#NULO";"-1";"#NULO"
"15/08/2026";"19:30:51";2026;6259;250002541855;-3;"#NE";1;"BRASILEIRA NATA";-3;"SANTOS";"44";"N";-1;"#NULO";"1270629.01";"#NE";"S";"-1";"06018007420266260000";"-3";"#NE";"-3";"#NE";"NÃO";"#NULO";-1;"#NULO";"N";"N";-1;-1;"2026-08-07 16:31:02";8;"AGUARDANDO JULGAMENTO";"-1";"#NULO";"-1";"#NULO";-1;"#NULO";-1;"#NULO";-1;"#NULO";-1;"#NULO";"-1";"#NULO"
"15/08/2026";"19:30:51";2026;6259;250002541857;-3;"#NE";1;"BRASILEIRA NATA";-3;"SÃO PAULO";"50";"N";-1;"#NULO";"1270629.01";"#NE";"S";"-1";"06018059620266260000";"-3";"#NE";"-3";"#NE";"NÃO";"#NULO";-1;"#NULO";"N";"N";-1;-1;"2026-08-07 16:31:02";8;"AGUARDANDO JULGAMENTO";"-1";"#NULO";"-1";"#NULO";-1;"#NULO";-1;"#NULO";-1;"#NULO";-1;"#NULO";"-1";"#NULO"
"15/08/2026";"19:30:51";2026;6259;250002541880;-3;"#NE";1;"BRASILEIRA NATA";-3;"SÃO JOSÉ DOS CAMPOS";"50";"N";-1;"#NULO";"1270629.01";"#NE";"N";"-1";"06017998920266260000";"-3";"#NE";"-3";"#NE";"NÃO";"#NULO";-1;"#NULO";"N";"N";-1;-1;"2026-08-07 16:31:02";8;"AGUARDANDO JULGAMENTO";"-1";"#NULO";"-1";"#NULO";-1;"#NULO";-1;"#NULO";-1;"#NULO";-1;"#NULO";"-1";"#NULO"
"15/08/2026";"19:30:51";2026;6259;250002541884;-3;"#NE";1;"BRASILEIRA NATA";-3;"SÃO PAULO";"33";"N";-1;"#NULO";"1270629.01";"#NE";"S";"-1";"06018154320266260000";"-3";"#NE";"-3";"#NE";"NÃO";"#NULO";-1;"#NULO";"N";"N";-1;-1;"2026-08-07 16:31:02";8;"AGUARDANDO JULGAMENTO";"-1";"#NULO";"-1";"#NULO";-1;"#NULO";-1;"#NULO";-1;"#NULO";-1;"#NULO";"-1";"#NULO"
"15/08/2026";"19:30:51";2026;6259;250002541896;-3;"#NE";1;"BRASILEIRA NATA";-3;"DUQUE DE CAXIAS";"54";"N";-1;"#NULO";"1270629.01";"#NE";"S";"-1";"06018110620266260000";"-3";"#NE";"-3";"#NE";"NÃO";"#NULO";-1;"#NULO";"N";"N";-1;-1;"2026-08-07 16:31:02";8;"AGUARDANDO JULGAMENTO";"-1";"#NULO";"-1";"#NULO";-1;"#NULO";-1;"#NULO";-1;"#NULO";-1;"#NULO";"-1";"#NULO"
"15/08/2026";"19:30:51";2026;6259;250002541904;-3;"#NE";1;"BRASILEIRA NATA";-3;"ESTRELA D OESTE";"49";"N";-1;"#NULO";"1270629.01";"#NE";"S";"-1";"06018388620266260000";"-3";"#NE";"-3";"#NE";"NÃO";"#NULO";-1;"#NULO";"N";"N";-1;-1;"2026-08-07 16:31:02";8;"AGUARDANDO JULGAMENTO";"-1";"#NULO";"-1";"#NULO";-1;"#NULO";-1;"#NULO";-1;"#NULO";-1;"#NULO";"-1";"#NULO"
"15/08/2026";"19:30:51";2026;6259;250002544286;-3;"#NE";1;"BRASILEIRA NATA";-3;"CAMPO LARGO";"31";"N";-1;"#NULO";"3176572.53";"#NE";"N";"-1";"06018795320266260000";"-3";"#NE";"-3";"#NE";"NÃO";"#NULO";-1;"#NULO";"N";"N";-1;-1;"2026-08-10 12:27:10";8;"AGUARDANDO JULGAMENTO";"-1";"#NULO";"-1";"#NULO";-1;"#NULO";-1;"#NULO";-1;"#NULO";-1;"#NULO";"-1";"#NULO"
"15/08/2026";"19:30:51";2026;6259;250002544343;-3;"#NE";1;"BRASILEIRA NATA";-3;"SÃO VICENTE";"37";"N";0;"NÃO INFORMADO";"3176572.53";"#NE";"S";"-1";"06019107320266260000";"-3";"#NE";"-3";"#NE";"NÃO";"#NULO";-1;"#NULO";"N";"N";-1;-1;"2026-08-10 12:49:56";8;"AGUARDANDO JULGAMENTO";"-1";"#NULO";"-1";"#NULO";-1;"#NULO";-1;"#NULO";-1;"#NULO";-1;"#NULO";"-1";"#NULO"
"15/08/2026";"19:30:51";2026;6259;250002544347;-3;"#NE";1;"BRASILEIRA NATA";-3;"JACAREÍ";"40";"N";-1;"#NULO";"3176572.53";"#NE";"N";"-1";"06019176520266260000";"-3";"#NE";"-3";"#NE";"NÃO";"#NULO";-1;"#NULO";"N";"N";-1;-1;"2026-08-10 12:49:56";8;"AGUARDANDO JULGAMENTO";"-1";"#NULO";"-1";"#NULO";-1;"#NULO";-1;"#NULO";-1;"#NULO";-1;"#NULO";"-1";"#NULO"
"15/08/2026";"19:30:51";2026;6259;250002544350;-3;"#NE";1;"BRASILEIRA NATA";-3;"MOGI DAS CRUZES";"49";"N";-1;"#NULO";"3176572.53";"#NE";"S";"-1";"06018933720266260000";"-3";"#NE";"-3";"#NE";"NÃO";"#NULO";-1;"#NULO";"N";"N";-1;-1;"2026-08-10 12:49:56";8;"AGUARDANDO JULGAMENTO";"-1";"#NULO";"-1";"#NULO";-1;"#NULO";-1;"#NULO";-1;"#NULO";-1;"#NULO";"-1";"#NULO"
"15/08/2026";"19:30:51";2026;6259;250002544360;-3;"#NE";1;"BRASILEIRA NATA";-3;"SÃO PAULO";"70";"N";-1;"#NULO";"3176572.53";"#NE";"S";"-1";"06019098820266260000";"-3";"#NE";"-3";"#NE";"NÃO";"#NULO";-1;"#NULO";"N";"N";-1;-1;"2026-08-10 12:49:56";8;"AGUARDANDO JULGAMENTO";"-1";"#NULO";"-1";"#NULO";-1;"#NULO";-1;"#NULO";-1;"#NULO";-1;"#NULO";"-1";"#NULO"
"15/08/2026";"19:30:51";2026;6259;250002544366;-3;"#NE";1;"BRASILEIRA NATA";-3;"APARECIDA D OESTE";"63";"N";-1;"#NULO";"3176572.53";"#NE";"S";"-1";"06019289420266260000";"-3";"#NE";"-3";"#NE";"NÃO";"#NULO";-1;"#NULO";"N";"N";-1;-1;"2026-08-10 12:49:56";8;"AGUARDANDO JULGAMENTO";"-1";"#NULO";"-1";"#NULO";-1;"#NULO";-1;"#NULO";-1;"#NULO";-1;"#NULO";"-1";"#NULO"
"15/08/2026";"19:30:51";2026;6259;250002544371;-3;"#NE";1;"BRASILEIRA NATA";-3;"EUNÁPOLIS";"41";"N";-1;"#NULO";"3176572.53";"#NE";"S";"-1";"06018908220266260000";"-3";"#NE";"-3";"#NE";"NÃO";"#NULO";-1;"#NULO";"N";"N";-1;-1;"2026-08-10 12:49:56";8;"AGUARDANDO JULGAMENTO";"-1";"#NULO";"-1";"#NULO";-1;"#NULO";-1;"#NULO";-1;"#NULO";-1;"#NULO";"-1";"#NULO"
"15/08/2026";"19:30:51";2026;6259;250002544834;-3;"#NE";1;"BRASILEIRA NATA";-3;"RIO DE JANEIRO";"53";"N";-1;"#NULO";"3176572.53";"#NE";"S";"-1";"06019055120266260000";"-3";"#NE";"-3";"#NE";"NÃO";"#NULO";-1;"#NULO";"N";"N";-1;-1;"2026-08-10 12:49:56";8;"AGUARDANDO JULGAMENTO";"-1";"#NULO";"-1";"#NULO";-1;"#NULO";-1;"#NULO";-1;"#NULO";-1;"#NULO";"-1";"#NULO"
"15/08/2026";"19:30:51";2026;6259;250002544994;-3;"#NE";2;"BRASILEIRA (NATURALIZADA)";-3;"SÃO PAULO";"30";"N";-1;"#NULO";"1270629.01";"#NE";"N";"-1";"06020649120266260000";"-3";"#NE";"-3";"#NE";"NÃO";"#NULO";-1;"#NULO";"N";"N";-1;-1;"2026-08-10 16:16:08";8;"AGUARDANDO JULGAMENTO";"-1";"#NULO";"-1";"#NULO";-1;"#NULO";-1;"#NULO";-1;"#NULO";-1;"#NULO";"-1";"#NULO"
"15/08/2026";"19:30:51";2026;6259;250002545024;-3;"#NE";2;"BRASILEIRA (NATURALIZADA)";-3;"MARÍLIA";"38";"N";-1;"#NULO";"1270629.01";"#NE";"S";"-1";"06020674620266260000";"-3";"#NE";"-3";"#NE";"NÃO";"#NULO";-1;"#NULO";"N";"N";-1;-1;"2026-08-10 16:16:08";8;"AGUARDANDO JULGAMENTO";"-1";"#NULO";"-1";"#NULO";-1;"#NULO";-1;"#NULO";-1;"#NULO";-1;"#NULO";"-1";"#NULO"
"15/08/2026";"19:30:51";2026;6259;250002545030;-3;"#NE";1;"BRASILEIRA NATA";-3;"DIADEMA";"27";"N";0;"NÃO INFORMADO";"1270629.01";"#NE";"N";"-1";"06020691620266260000";"-3";"#NE";"-3";"#NE";"NÃO";"#NULO";-1;"#NULO";"N";"N";-1;-1;"2026-08-10 16:16:08";8;"AGUARDANDO JULGAMENTO";"-1";"#NULO";"-1";"#NULO";-1;"#NULO";-1;"#NULO";-1;"#NULO";-1;"#NULO";"-1";"#NULO"
"15/08/2026";"19:30:51";2026;6259;250002545035;-3;"#NE";2;"BRASILEIRA (NATURALIZADA)";-3;"SÃO PAULO";"35";"N";-1;"#NULO";"1270629.01";"#NE";"S";"-1";"06021099520266260000";"-3";"#NE";"-3";"#NE";"NÃO";"#NULO";-1;"#NULO";"N";"N";-1;-1;"2026-08-10 16:16:08";8;"AGUARDANDO JULGAMENTO";"-1";"#NULO";"-1";"#NULO";-1;"#NULO";-1;"#NULO";-1;"#NULO";-1;"#NULO";"-1";"#NULO"
"15/08/2026";"19:30:51";2026;6259;250002545044;-3;"#NE";1;"BRASILEIRA NATA";-3;"TAUBATÉ";"36";"N";-1;"#NULO";"1270629.01";"#NE";"S";"-1";"06020908920266260000";"-3";"#NE";"-3";"#NE";"NÃO";"#NULO";-1;"#NULO";"N";"N";-1;-1;"2026-08-10 16:16:08";8;"AGUARDANDO JULGAMENTO";"-1";"#NULO";"-1";"#NULO";-1;"#NULO";-1;"#NULO";-1;"#NULO";-1;"#NULO";"-1";"#NULO"
"15/08/2026";"19:30:51";2026;6259;250002545137;-3;"#NE";1;"BRASILEIRA NATA";-3;"CORONEL FABRICIANO";"52";"N";0;"NÃO INFORMADO";"1270629.01";"#NE";"S";"-1";"06019739820266260000";"-3";"#NE";"-3";"#NE";"NÃO";"#NULO";-1;"#NULO";"N";"N";-1;-1;"2026-08-10 13:29:39";8;"AGUARDANDO JULGAMENTO";"-1";"#NULO";"-1";"#NULO";-1;"#NULO";-1;"#NULO";-1;"#NULO";-1;"#NULO";"-1";"#NULO"
"15/08/2026";"19:30:51";2026;6259;250002545138;-3;"#NE";1;"BRASILEIRA NATA";-3;"SANTA LUZIA DO NORTE";"58";"N";-1;"#NULO";"1270629.01";"#NE";"S";"-1";"06019453320266260000";"-3";"#NE";"-3";"#NE";"NÃO";"#NULO";-1;"#NULO";"N";"N";-1;-1;"2026-08-10 13:29:39";8;"AGUARDANDO JULGAMENTO";"-1";"#NULO";"-1";"#NULO";-1;"#NULO";-1;"#NULO";-1;"#NULO";-1;"#NULO";"-1";"#NULO"
"15/08/2026";"19:30:51";2026;6259;250002545143;-3;"#NE";1;"BRASILEIRA NATA";-3;"INDAIATUBA";"34";"N";-1;"#NULO";"1270629.01";"#NE";"S";"-1";"06019566220266260000";"-3";"#NE";"-3";"#NE";"NÃO";"#NULO";-1;"#NULO";"N";"N";-1;-1;"2026-08-10 13:29:39";8;"AGUARDANDO JULGAMENTO";"-1";"#NULO";"-1";"#NULO";-1;"#NULO";-1;"#NULO";-1;"#NULO";-1;"#NULO";"-1";"#NULO"
"15/08/2026";"19:30:51";2026;6259;250002545155;-3;"#NE";1;"BRASILEIRA NATA";-3;"ORLÂNDIA";"67";"N";-1;"#NULO";"1270629.01";"#NE";"S";"-1";"06019878220266260000";"-3";"#NE";"-3";"#NE";"NÃO";"#NULO";-1;"#NULO";"N";"N";-1;-1;"2026-08-10 13:29:39";8;"AGUARDANDO JULGAMENTO";"-1";"#NULO";"-1";"#NULO";-1;"#NULO";-1;"#NULO";-1;"#NULO";-1;"#NULO";"-1";"#NULO"
"15/08/2026";"19:30:51";2026;6259;250002545153;-3;"#NE";1;"BRASILEIRA NATA";-3;"MOGI MIRIM";"52";"N";0;"NÃO INFORMADO";"1270629.01";"#NE";"S";"-1";"06020301920266260000";"-3";"#NE";"-3";"#NE";"NÃO";"#NULO";-1;"#NULO";"N";"N";-1;-1;"2026-08-10 13:29:39";8;"AGUARDANDO JULGAMENTO";"-1";"#NULO";"-1";"#NULO";-1;"#NULO";-1;"#NULO";-1;"#NULO";-1;"#NULO";"-1";"#NULO"
"15/08/2026";"19:30:51";2026;6259;250002545163;-3;"#NE";1;"BRASILEIRA NATA";-3;"ARARAQUARA";"53";"N";-1;"#NULO";"1270629.01";"#NE";"S";"-1";"06019652420266260000";"-3";"#NE";"-3";"#NE";"NÃO";"#NULO";-1;"#NULO";"N";"N";-1;-1;"2026-08-10 13:29:39";8;"AGUARDANDO JULGAMENTO";"-1";"#NULO";"-1";"#NULO";-1;"#NULO";-1;"#NULO";-1;"#NULO";-1;"#NULO";"-1";"#NULO"
"15/08/2026";"19:30:51";2026;6259;250002545170;-3;"#NE";1;"BRASILEIRA NATA";-3;"CAMPINAS";"45";"N";-1;"#NULO";"1270629.01";"#NE";"S";"-1";"06019713120266260000";"-3";"#NE";"-3";"#NE";"NÃO";"#NULO";-1;"#NULO";"N";"N";-1;-1;"2026-08-10 13:29:39";8;"AGUARDANDO JULGAMENTO";"-1";"#NULO";"-1";"#NULO";-1;"#NULO";-1;"#NULO";-1;"#NULO";-1;"#NULO";"-1";"#NULO"
"15/08/2026";"19:30:51";2026;6259;250002545181;-3;"#NE";1;"BRASILEIRA NATA";-3;"RIBEIRÃO PRETO";"41";"N";-1;"#NULO";"1270629.01";"#NE";"S";"-1";"06019964420266260000";"-3";"#NE";"-3";"#NE";"NÃO";"#NULO";-1;"#NULO";"N";"N";-1;-1;"2026-08-10 13:29:39";8;"AGUARDANDO JULGAMENTO";"-1";"#NULO";"-1";"#NULO";-1;"#NULO";-1;"#NULO";-1;"#NULO";-1;"#NULO";"-1";"#NULO"
"15/08/2026";"19:30:51";2026;6259;250002545190;-3;"#NE";1;"BRASILEIRA NATA";-3;"SÃO CAETANO DO SUL";"65";"N";-1;"#NULO";"1270629.01";"#NE";"S";"-1";"06019843020266260000";"-3";"#NE";"-3";"#NE";"NÃO";"#NULO";-1;"#NULO";"N";"N";-1;-1;"2026-08-10 13:29:39";8;"AGUARDANDO JULGAMENTO";"-1";"#NULO";"-1";"#NULO";-1;"#NULO";-1;"#NULO";-1;"#NULO";-1;"#NULO";"-1";"#NULO"
"15/08/2026";"19:30:51";2026;6259;250002545193;-3;"#NE";1;"BRASILEIRA NATA";-3;"SÃO PAULO";"66";"N";-1;"#NULO";"1270629.01";"#NE";"S";"-1";"06019704620266260000";"-3";"#NE";"-3";"#NE";"NÃO";"#NULO";-1;"#NULO";"N";"N";-1;-1;"2026-08-10 13:29:39";8;"AGUARDANDO JULGAMENTO";"-1";"#NULO";"-1";"#NULO";-1;"#NULO";-1;"#NULO";-1;"#NULO";-1;"#NULO";"-1";"#NULO"
"15/08/2026";"19:30:51";2026;6259;250002545200;-3;"#NE";1;"BRASILEIRA NATA";-3;"SÃO PAULO";"58";"N";-1;"#NULO";"1270629.01";"#NE";"S";"-1";"06020025120266260000";"-3";"#NE";"-3";"#NE";"NÃO";"#NULO";-1;"#NULO";"N";"N";-1;-1;"2026-08-10 13:29:39";8;"AGUARDANDO JULGAMENTO";"-1";"#NULO";"-1";"#NULO";-1;"#NULO";-1;"#NULO";-1;"#NULO";-1;"#NULO";"-1";"#NULO"
"15/08/2026";"19:30:51";2026;6259;250002545202;-3;"#NE";1;"BRASILEIRA NATA";-3;"SÃO PAULO";"35";"N";-1;"#NULO";"1270629.01";"#NE";"S";"-1";"06019782320266260000";"-3";"#NE";"-3";"#NE";"NÃO";"#NULO";-1;"#NULO";"N";"N";-1;-1;"2026-08-10 13:29:39";8;"AGUARDANDO JULGAMENTO";"-1";"#NULO";"-1";"#NULO";-1;"#NULO";-1;"#NULO";-1;"#NULO";-1;"#NULO";"-1";"#NULO"
"15/08/2026";"19:30:51";2026;6259;250002545220;-3;"#NE";1;"BRASILEIRA NATA";-3;"SÃO ROQUE";"44";"N";-1;"#NULO";"1270629.01";"#NE";"S";"-1";"06020138020266260000";"-3";"#NE";"-3";"#NE";"NÃO";"#NULO";-1;"#NULO";"N";"N";-1;-1;"2026-08-10 13:29:39";8;"AGUARDANDO JULGAMENTO";"-1";"#NULO";"-1";"#NULO";-1;"#NULO";-1;"#NULO";-1;"#NULO";-1;"#NULO";"-1";"#NULO"
"15/08/2026";"19:30:51";2026;6259;250002545219;-3;"#NE";1;"BRASILEIRA NATA";-3;"SÃO PAULO";"49";"N";-1;"#NULO";"1270629.01";"#NE";"S";"-1";"06019981420266260000";"-3";"#NE";"-3";"#NE";"NÃO";"#NULO";-1;"#NULO";"N";"N";-1;-1;"2026-08-10 13:29:39";8;"AGUARDANDO JULGAMENTO";"-1";"#NULO";"-1";"#NULO";-1;"#NULO";-1;"#NULO";-1;"#NULO";-1;"#NULO";"-1";"#NULO"
"15/08/2026";"19:30:51";2026;6259;250002546616;-3;"#NE";1;"BRASILEIRA NATA";-3;"SÃO PAULO";"38";"N";-1;"#NULO";"3176572.53";"#NE";"S";"-1";"06021271920266260000";"-3";"#NE";"-3";"#NE";"NÃO";"#NULO";-1;"#NULO";"N";"N";-1;-1;"2026-08-10 16:50:13";8;"AGUARDANDO JULGAMENTO";"-1";"#NULO";"-1";"#NULO";-1;"#NULO";-1;"#NULO";-1;"#NULO";-1;"#NULO";"-1";"#NULO"
"15/08/2026";"19:30:51";2026;6259;250002546627;-3;"#NE";1;"BRASILEIRA NATA";-3;"SÃO PAULO";"30";"N";-1;"#NULO";"3176572.53";"#NE";"S";"-1";"06021211220266260000";"-3";"#NE";"-3";"#NE";"NÃO";"#NULO";-1;"#NULO";"N";"N";-1;-1;"2026-08-10 16:50:13";8;"AGUARDANDO JULGAMENTO";"-1";"#NULO";"-1";"#NULO";-1;"#NULO";-1;"#NULO";-1;"#NULO";-1;"#NULO";"-1";"#NULO"
"15/08/2026";"19:30:51";2026;6259;250002546629;-3;"#NE";1;"BRASILEIRA NATA";-3;"LIMEIRA";"45";"N";-1;"#NULO";"3176572.53";"#NE";"S";"-1";"06021489220266260000";"-3";"#NE";"-3";"#NE";"NÃO";"#NULO";-1;"#NULO";"N";"N";-1;-1;"2026-08-10 16:50:13";8;"AGUARDANDO JULGAMENTO";"-1";"#NULO";"-1";"#NULO";-1;"#NULO";-1;"#NULO";-1;"#NULO";-1;"#NULO";"-1";"#NULO"
"15/08/2026";"19:30:51";2026;6259;250002546634;-3;"#NE";1;"BRASILEIRA NATA";-3;"SÃO PAULO";"40";"N";-1;"#NULO";"3176572.53";"#NE";"N";"-1";"06021600920266260000";"-3";"#NE";"-3";"#NE";"NÃO";"#NULO";-1;"#NULO";"N";"N";-1;-1;"2026-08-10 16:50:13";8;"AGUARDANDO JULGAMENTO";"-1";"#NULO";"-1";"#NULO";-1;"#NULO";-1;"#NULO";-1;"#NULO";-1;"#NULO";"-1";"#NULO"
"15/08/2026";"19:30:51";2026;6259;250002546643;-3;"#NE";1;"BRASILEIRA NATA";-3;"SÃO PAULO";"43";"N";-1;"#NULO";"3176572.53";"#NE";"S";"-1";"06021254920266260000";"-3";"#NE";"-3";"#NE";"NÃO";"#NULO";-1;"#NULO";"N";"N";-1;-1;"2026-08-10 16:50:13";8;"AGUARDANDO JULGAMENTO";"-1";"#NULO";"-1";"#NULO";-1;"#NULO";-1;"#NULO";-1;"#NULO";-1;"#NULO";"-1";"#NULO"
"15/08/2026";"19:30:51";2026;6259;250002547832;-3;"#NE";1;"BRASILEIRA NATA";-3;"RIBEIRÃO PRETO";"37";"N";-1;"#NULO";"3176572.53";"#NE";"S";"-1";"06023056520266260000";"-3";"#NE";"-3";"#NE";"NÃO";"#NULO";-1;"#NULO";"N";"N";-1;-1;"2026-08-11 15:22:38";8;"AGUARDANDO JULGAMENTO";"-1";"#NULO";"-1";"#NULO";-1;"#NULO";-1;"#NULO";-1;"#NULO";-1;"#NULO";"-1";"#NULO"
"15/08/2026";"19:30:51";2026;6259;250002547837;-3;"#NE";1;"BRASILEIRA NATA";-3;"ARARAQUARA";"72";"N";-1;"#NULO";"1270629.01";"#NE";"N";"-1";"06023090520266260000";"-3";"#NE";"-3";"#NE";"NÃO";"#NULO";-1;"#NULO";"N";"N";-1;-1;"2026-08-11 15:51:18";8;"AGUARDANDO JULGAMENTO";"-1";"#NULO";"-1";"#NULO";-1;"#NULO";-1;"#NULO";-1;"#NULO";-1;"#NULO";"-1";"#NULO"
"15/08/2026";"19:30:51";2026;6259;250002547856;-3;"#NE";1;"BRASILEIRA NATA";-3;"TUPÃ";"57";"N";-1;"#NULO";"3176572.53";"#NE";"N";"-1";"06023134220266260000";"-3";"#NE";"-3";"#NE";"NÃO";"#NULO";-1;"#NULO";"N";"N";-1;-1;"2026-08-11 16:08:12";8;"AGUARDANDO JULGAMENTO";"-1";"#NULO";"-1";"#NULO";-1;"#NULO";-1;"#NULO";-1;"#NULO";-1;"#NULO";"-1";"#NULO"
"15/08/2026";"19:30:51";2026;6259;250002547973;-3;"#NE";1;"BRASILEIRA NATA";-3;"GUARULHOS";"45";"N";-1;"#NULO";"1270629.01";"#NE";"S";"-1";"06021749020266260000";"-3";"#NE";"-3";"#NE";"NÃO";"#NULO";-1;"#NULO";"N";"N";-1;-1;"2026-08-11 12:41:32";8;"AGUARDANDO JULGAMENTO";"-1";"#NULO";"-1";"#NULO";-1;"#NULO";-1;"#NULO";-1;"#NULO";-1;"#NULO";"-1";"#NULO"
"15/08/2026";"19:30:51";2026;6259;250002547977;-3;"#NE";1;"BRASILEIRA NATA";-3;"CARAGUATATUBA";"41";"N";-1;"#NULO";"1270629.01";"#NE";"S";"-1";"06021791520266260000";"-3";"#NE";"-3";"#NE";"NÃO";"#NULO";-1;"#NULO";"N";"N";-1;-1;"2026-08-11 12:41:32";8;"AGUARDANDO JULGAMENTO";"-1";"#NULO";"-1";"#NULO";-1;"#NULO";-1;"#NULO";-1;"#NULO";-1;"#NULO";"-1";"#NULO"
"15/08/2026";"19:30:51";2026;6259;250002547985;-3;"#NE";1;"BRASILEIRA NATA";-3;"SÃO PAULO";"46";"N";-1;"#NULO";"1270629.01";"#NE";"S";"-1";"06021766020266260000";"-3";"#NE";"-3";"#NE";"NÃO";"#NULO";-1;"#NULO";"N";"N";-1;-1;"2026-08-11 12:41:32";8;"AGUARDANDO JULGAMENTO";"-1";"#NULO";"-1";"#NULO";-1;"#NULO";-1;"#NULO";-1;"#NULO";-1;"#NULO";"-1";"#NULO"
"15/08/2026";"19:30:51";2026;6259;250002547991;-3;"#NE";1;"BRASILEIRA NATA";-3;"SANTO ANDRÉ";"48";"N";-1;"#NULO";"1270629.01";"#NE";"N";"-1";"06022025820266260000";"-3";"#NE";"-3";"#NE";"NÃO";"#NULO";-1;"#NULO";"N";"N";-1;-1;"2026-08-11 12:41:32";8;"AGUARDANDO JULGAMENTO";"-1";"#NULO";"-1";"#NULO";-1;"#NULO";-1;"#NULO";-1;"#NULO";-1;"#NULO";"-1";"#NULO"
"15/08/2026";"19:30:51";2026;6259;250002547993;-3;"#NE";2;"BRASILEIRA (NATURALIZADA)";-3;"SÃO PAULO";"51";"N";-1;"#NULO";"1270629.01";"#NE";"S";"-1";"06021939620266260000";"-3";"#NE";"-3";"#NE";"NÃO";"#NULO";-1;"#NULO";"N";"N";-1;-1;"2026-08-11 12:41:32";8;"AGUARDANDO JULGAMENTO";"-1";"#NULO";"-1";"#NULO";-1;"#NULO";-1;"#NULO";-1;"#NULO";-1;"#NULO";"-1";"#NULO"
"15/08/2026";"19:30:51";2026;6259;250002547996;-3;"#NE";1;"BRASILEIRA NATA";-3;"JOAQUIM GOMES";"42";"N";112;"WASSÚ";"1270629.01";"#NE";"N";"-1";"06021696820266260000";"-3";"#NE";"-3";"#NE";"NÃO";"#NULO";-1;"#NULO";"N";"N";-1;-1;"2026-08-11 12:41:32";8;"AGUARDANDO JULGAMENTO";"-1";"#NULO";"-1";"#NULO";-1;"#NULO";-1;"#NULO";-1;"#NULO";-1;"#NULO";"-1";"#NULO"
"15/08/2026";"19:30:51";2026;6259;250002548002;-3;"#NE";1;"BRASILEIRA NATA";-3;"CAJAZEIRAS";"58";"N";-1;"#NULO";"1270629.01";"#NE";"S";"-1";"06021835220266260000";"-3";"#NE";"-3";"#NE";"NÃO";"#NULO";-1;"#NULO";"N";"N";-1;-1;"2026-08-11 12:41:32";8;"AGUARDANDO JULGAMENTO";"-1";"#NULO";"-1";"#NULO";-1;"#NULO";-1;"#NULO";-1;"#NULO";-1;"#NULO";"-1";"#NULO"
"15/08/2026";"19:30:51";2026;6259;250002548007;-3;"#NE";2;"BRASILEIRA (NATURALIZADA)";-3;"JUIZ DE FORA";"26";"N";-1;"#NULO";"1270629.01";"#NE";"N";"-1";"06022069520266260000";"-3";"#NE";"-3";"#NE";"NÃO";"#NULO";-1;"#NULO";"N";"N";-1;-1;"2026-08-11 12:41:32";8;"AGUARDANDO JULGAMENTO";"-1";"#NULO";"-1";"#NULO";-1;"#NULO";-1;"#NULO";-1;"#NULO";-1;"#NULO";"-1";"#NULO"
"15/08/2026";"19:30:51";2026;6259;250002548005;-3;"#NE";1;"BRASILEIRA NATA";-3;"TERESINA";"35";"N";-1;"#NULO";"1270629.01";"#NE";"N";"-1";"06022086520266260000";"-3";"#NE";"-3";"#NE";"NÃO";"#NULO";-1;"#NULO";"N";"N";-1;-1;"2026-08-11 12:41:32";8;"AGUARDANDO JULGAMENTO";"-1";"#NULO";"-1";"#NULO";-1;"#NULO";-1;"#NULO";-1;"#NULO";-1;"#NULO";"-1";"#NULO"
"15/08/2026";"19:30:51";2026;6259;250002548080;-3;"#NE";1;"BRASILEIRA NATA";-3;"SURUBIM";"49";"N";-1;"#NULO";"26683209.24";"#NE";"N";"-1";"06023238620266260000";"-3";"#NE";"-3";"#NE";"NÃO";"#NULO";-1;"#NULO";"N";"N";-1;-1;"2026-08-11 17:16:40";8;"AGUARDANDO JULGAMENTO";"-1";"#NULO";"-1";"#NULO";-1;"#NULO";-1;"#NULO";-1;"#NULO";-1;"#NULO";"-1";"#NULO"
"15/08/2026";"19:30:51";2026;6259;250002548079;-3;"#NE";1;"BRASILEIRA NATA";-3;"TAQUARITINGA";"50";"N";-1;"#NULO";"-1";"#NE";"N";"-1";"06023247120266260000";"-3";"#NE";"-3";"#NE";"NÃO";"#NULO";-1;"#NULO";"N";"N";-1;-1;"2026-08-11 17:16:40";8;"AGUARDANDO JULGAMENTO";"-1";"#NULO";"-1";"#NULO";-1;"#NULO";-1;"#NULO";-1;"#NULO";-1;"#NULO";"-1";"#NULO"
"15/08/2026";"19:30:51";2026;6259;250002548008;-3;"#NE";2;"BRASILEIRA (NATURALIZADA)";-3;"SÃO LUÍS";"59";"S";-1;"#NULO";"1270629.01";"#NE";"N";"-1";"06021912920266260000";"-3";"#NE";"-3";"#NE";"NÃO";"#NULO";-1;"#NULO";"N";"N";-1;-1;"2026-08-11 12:41:32";8;"AGUARDANDO JULGAMENTO";"-1";"#NULO";"-1";"#NULO";-1;"#NULO";-1;"#NULO";-1;"#NULO";-1;"#NULO";"-1";"#NULO"
"15/08/2026";"19:30:51";2026;6259;250002548162;-3;"#NE";1;"BRASILEIRA NATA";-3;"MOGI DAS CRUZES";"68";"N";-1;"#NULO";"1270629.01";"#NE";"N";"-1";"06022164220266260000";"-3";"#NE";"-3";"#NE";"NÃO";"#NULO";-1;"#NULO";"N";"N";-1;-1;"2026-08-11 13:13:22";8;"AGUARDANDO JULGAMENTO";"-1";"#NULO";"-1";"#NULO";-1;"#NULO";-1;"#NULO";-1;"#NULO";-1;"#NULO";"-1";"#NULO"
"15/08/2026";"19:30:51";2026;6259;250002548174;-3;"#NE";1;"BRASILEIRA NATA";-3;"SÃO JOSÉ DO RIO PRETO";"57";"N";-1;"#NULO";"1270629.01";"#NE";"N";"-1";"06022268620266260000";"-3";"#NE";"-3";"#NE";"NÃO";"#NULO";-1;"#NULO";"N";"N";-1;-1;"2026-08-11 13:13:22";8;"AGUARDANDO JULGAMENTO";"-1";"#NULO";"-1";"#NULO";-1;"#NULO";-1;"#NULO";-1;"#NULO";-1;"#NULO";"-1";"#NULO"
"15/08/2026";"19:30:51";2026;6259;250002548463;-3;"#NE";1;"BRASILEIRA NATA";-3;"NOVO ORIENTE";"56";"N";-1;"#NULO";"3176572.53";"#NE";"S";"-1";"06022926620266260000";"-3";"#NE";"-3";"#NE";"NÃO";"#NULO";-1;"#NULO";"N";"N";-1;-1;"2026-08-11 14:25:51";8;"AGUARDANDO JULGAMENTO";"-1";"#NULO";"-1";"#NULO";-1;"#NULO";-1;"#NULO";-1;"#NULO";-1;"#NULO";"-1";"#NULO"
"15/08/2026";"19:30:51";2026;6259;250002548481;-3;"#NE";1;"BRASILEIRA NATA";-3;"PIRACICABA";"53";"N";-1;"#NULO";"3176572.53";"#NE";"S";"-1";"06022597620266260000";"-3";"#NE";"-3";"#NE";"NÃO";"#NULO";-1;"#NULO";"N";"N";-1;-1;"2026-08-11 14:25:51";8;"AGUARDANDO JULGAMENTO";"-1";"#NULO";"-1";"#NULO";-1;"#NULO";-1;"#NULO";-1;"#NULO";-1;"#NULO";"-1";"#NULO"
"15/08/2026";"19:30:51";2026;6259;250002548480;-3;"#NE";1;"BRASILEIRA NATA";-3;"OSASCO";"64";"N";-1;"#NULO";"3176572.53";"#NE";"N";"-1";"06022882920266260000";"-3";"#NE";"-3";"#NE";"NÃO";"#NULO";-1;"#NULO";"N";"N";-1;-1;"2026-08-11 14:25:51";8;"AGUARDANDO JULGAMENTO";"-1";"#NULO";"-1";"#NULO";-1;"#NULO";-1;"#NULO";-1;"#NULO";-1;"#NULO";"-1";"#NULO"
"15/08/2026";"19:30:51";2026;6259;250002548485;-3;"#NE";1;"BRASILEIRA NATA";-3;"ANDRADINA";"55";"N";-1;"#NULO";"3176572.53";"#NE";"S";"-1";"06022666820266260000";"-3";"#NE";"-3";"#NE";"NÃO";"#NULO";-1;"#NULO";"N";"N";-1;-1;"2026-08-11 14:25:51";8;"AGUARDANDO JULGAMENTO";"-1";"#NULO";"-1";"#NULO";-1;"#NULO";-1;"#NULO";-1;"#NULO";-1;"#NULO";"-1";"#NULO"
"15/08/2026";"19:30:51";2026;6259;250002548500;-3;"#NE";1;"BRASILEIRA NATA";-3;"SÃO PAULO";"40";"N";-1;"#NULO";"3176572.53";"#NE";"N";"-1";"06022614620266260000";"-3";"#NE";"-3";"#NE";"NÃO";"#NULO";-1;"#NULO";"N";"N";-1;-1;"2026-08-11 14:25:51";8;"AGUARDANDO JULGAMENTO";"-1";"#NULO";"-1";"#NULO";-1;"#NULO";-1;"#NULO";-1;"#NULO";-1;"#NULO";"-1";"#NULO"
"15/08/2026";"19:30:51";2026;6259;250002548512;-3;"#NE";1;"BRASILEIRA NATA";-3;"SÃO PAULO";"46";"N";-1;"#NULO";"3176572.53";"#NE";"N";"-1";"06022865920266260000";"-3";"#NE";"-3";"#NE";"NÃO";"#NULO";-1;"#NULO";"N";"N";-1;-1;"2026-08-11 14:25:51";8;"AGUARDANDO JULGAMENTO";"-1";"#NULO";"-1";"#NULO";-1;"#NULO";-1;"#NULO";-1;"#NULO";-1;"#NULO";"-1";"#NULO"
"15/08/2026";"19:30:51";2026;6259;250002548516;-3;"#NE";1;"BRASILEIRA NATA";-3;"TABAPUÃ";"51";"N";-1;"#NULO";"3176572.53";"#NE";"S";"-1";"06022813720266260000";"-3";"#NE";"-3";"#NE";"NÃO";"#NULO";-1;"#NULO";"N";"N";-1;-1;"2026-08-11 14:25:51";8;"AGUARDANDO JULGAMENTO";"-1";"#NULO";"-1";"#NULO";-1;"#NULO";-1;"#NULO";-1;"#NULO";-1;"#NULO";"-1";"#NULO"
"15/08/2026";"19:30:51";2026;6259;250002548873;-3;"#NE";1;"BRASILEIRA NATA";-3;"IBIPEBA";"60";"N";-1;"#NULO";"1270629.01";"#NE";"S";"-1";"06023783720266260000";"-3";"#NE";"-3";"#NE";"NÃO";"#NULO";-1;"#NULO";"N";"N";-1;-1;"2026-08-12 13:11:44";8;"AGUARDANDO JULGAMENTO";"-1";"#NULO";"-1";"#NULO";-1;"#NULO";-1;"#NULO";-1;"#NULO";-1;"#NULO";"-1";"#NULO"
"15/08/2026";"19:30:51";2026;6259;250002548877;-3;"#NE";1;"BRASILEIRA NATA";-3;"ESPLANADA";"56";"N";-1;"#NULO";"1270629.01";"#NE";"N";"-1";"06023800720266260000";"-3";"#NE";"-3";"#NE";"NÃO";"#NULO";-1;"#NULO";"N";"N";-1;-1;"2026-08-12 13:11:44";8;"AGUARDANDO JULGAMENTO";"-1";"#NULO";"-1";"#NULO";-1;"#NULO";-1;"#NULO";-1;"#NULO";-1;"#NULO";"-1";"#NULO"
"15/08/2026";"19:30:51";2026;6259;250002548896;-3;"#NE";1;"BRASILEIRA NATA";-3;"BARUERI";"42";"N";-1;"#NULO";"1270629.01";"#NE";"S";"-1";"06024164920266260000";"-3";"#NE";"-3";"#NE";"NÃO";"#NULO";-1;"#NULO";"N";"N";-1;-1;"2026-08-12 13:11:44";8;"AGUARDANDO JULGAMENTO";"-1";"#NULO";"-1";"#NULO";-1;"#NULO";-1;"#NULO";-1;"#NULO";-1;"#NULO";"-1";"#NULO"
"15/08/2026";"19:30:51";2026;6259;250002548898;-3;"#NE";1;"BRASILEIRA NATA";-3;"CACHOEIRA PAULISTA";"54";"N";-1;"#NULO";"1270629.01";"#NE";"S";"-1";"06023471720266260000";"-3";"#NE";"-3";"#NE";"NÃO";"#NULO";-1;"#NULO";"N";"N";-1;-1;"2026-08-12 13:11:44";8;"AGUARDANDO JULGAMENTO";"-1";"#NULO";"-1";"#NULO";-1;"#NULO";-1;"#NULO";-1;"#NULO";-1;"#NULO";"-1";"#NULO"
"15/08/2026";"19:30:51";2026;6259;250002548902;-3;"#NE";1;"BRASILEIRA NATA";-3;"FRANCA";"60";"N";-1;"#NULO";"1270629.01";"#NE";"S";"-1";"06024121220266260000";"-3";"#NE";"-3";"#NE";"NÃO";"#NULO";-1;"#NULO";"N";"N";-1;-1;"2026-08-12 13:11:44";8;"AGUARDANDO JULGAMENTO";"-1";"#NULO";"-1";"#NULO";-1;"#NULO";-1;"#NULO";-1;"#NULO";-1;"#NULO";"-1";"#NULO"
"15/08/2026";"19:30:51";2026;6259;250002548905;-3;"#NE";1;"BRASILEIRA NATA";-3;"GUARULHOS";"45";"N";-1;"#NULO";"1270629.01";"#NE";"N";"-1";"06023463220266260000";"-3";"#NE";"-3";"#NE";"NÃO";"#NULO";-1;"#NULO";"N";"N";-1;-1;"2026-08-12 13:11:44";8;"AGUARDANDO JULGAMENTO";"-1";"#NULO";"-1";"#NULO";-1;"#NULO";-1;"#NULO";-1;"#NULO";-1;"#NULO";"-1";"#NULO"
"15/08/2026";"19:30:51";2026;6259;250002548908;-3;"#NE";1;"BRASILEIRA NATA";-3;"RIBEIRÃO PRETO";"56";"N";-1;"#NULO";"1270629.01";"#NE";"S";"-1";"06024234120266260000";"-3";"#NE";"-3";"#NE";"NÃO";"#NULO";-1;"#NULO";"N";"N";-1;-1;"2026-08-12 13:11:44";8;"AGUARDANDO JULGAMENTO";"-1";"#NULO";"-1";"#NULO";-1;"#NULO";-1;"#NULO";-1;"#NULO";-1;"#NULO";"-1";"#NULO"
"15/08/2026";"19:30:51";2026;6259;250002548909;-3;"#NE";1;"BRASILEIRA NATA";-3;"RETIROLÂNDIA";"51";"N";-1;"#NULO";"1270629.01";"#NE";"S";"-1";"06023446220266260000";"-3";"#NE";"-3";"#NE";"NÃO";"#NULO";-1;"#NULO";"N";"N";-1;-1;"2026-08-12 13:11:44";8;"AGUARDANDO JULGAMENTO";"-1";"#NULO";"-1";"#NULO";-1;"#NULO";-1;"#NULO";-1;"#NULO";-1;"#NULO";"-1";"#NULO"
"15/08/2026";"19:30:51";2026;6259;250002548920;-3;"#NE";1;"BRASILEIRA NATA";-3;"SÃO PAULO";"58";"N";-1;"#NULO";"1270629.01";"#NE";"S";"-1";"06024217120266260000";"-3";"#NE";"-3";"#NE";"NÃO";"#NULO";-1;"#NULO";"N";"N";-1;-1;"2026-08-12 13:11:44";8;"AGUARDANDO JULGAMENTO";"-1";"#NULO";"-1";"#NULO";-1;"#NULO";-1;"#NULO";-1;"#NULO";-1;"#NULO";"-1";"#NULO"
"15/08/2026";"19:30:51";2026;6259;250002550042;-3;"#NE";1;"BRASILEIRA NATA";-3;"SÃO PAULO";"33";"N";-1;"#NULO";"1270629.01";"#NE";"S";"-1";"06024156420266260000";"-3";"#NE";"-3";"#NE";"NÃO";"#NULO";-1;"#NULO";"N";"N";-1;-1;"2026-08-12 13:11:44";8;"AGUARDANDO JULGAMENTO";"-1";"#NULO";"-1";"#NULO";-1;"#NULO";-1;"#NULO";-1;"#NULO";-1;"#NULO";"-1";"#NULO"
"15/08/2026";"19:30:51";2026;6259;250002550048;-3;"#NE";1;"BRASILEIRA NATA";-3;"SÃO PAULO";"58";"N";-1;"#NULO";"1270629.01";"#NE";"S";"-1";"06023333320266260000";"-3";"#NE";"-3";"#NE";"NÃO";"#NULO";-1;"#NULO";"N";"N";-1;-1;"2026-08-12 13:11:44";8;"AGUARDANDO JULGAMENTO";"-1";"#NULO";"-1";"#NULO";-1;"#NULO";-1;"#NULO";-1;"#NULO";-1;"#NULO";"-1";"#NULO"
"15/08/2026";"19:30:51";2026;6259;250002550058;-3;"#NE";1;"BRASILEIRA NATA";-3;"SÃO PAULO";"55";"S";-1;"#NULO";"1270629.01";"#NE";"S";"-1";"06023844420266260000";"-3";"#NE";"-3";"#NE";"NÃO";"#NULO";-1;"#NULO";"N";"N";-1;-1;"2026-08-12 13:11:44";8;"AGUARDANDO JULGAMENTO";"-1";"#NULO";"-1";"#NULO";-1;"#NULO";-1;"#NULO";-1;"#NULO";-1;"#NULO";"-1";"#NULO"
"15/08/2026";"19:30:51";2026;6259;250002550064;-3;"#NE";1;"BRASILEIRA NATA";-3;"SÃO PAULO";"36";"N";-1;"#NULO";"1270629.01";"#NE";"S";"-1";"06023749720266260000";"-3";"#NE";"-3";"#NE";"NÃO";"#NULO";-1;"#NULO";"N";"N";-1;-1;"2026-08-12 13:11:44";8;"AGUARDANDO JULGAMENTO";"-1";"#NULO";"-1";"#NULO";-1;"#NULO";-1;"#NULO";-1;"#NULO";-1;"#NULO";"-1";"#NULO"
"15/08/2026";"19:30:51";2026;6259;250002550235;-3;"#NE";1;"BRASILEIRA NATA";-3;"SÃO JOSÉ DO RIO PRETO";"44";"N";-1;"#NULO";"1270629.01";"#NE";"N";"-1";"06026191120266260000";"-3";"#NE";"-3";"#NE";"NÃO";"#NULO";-1;"#NULO";"N";"N";-1;-1;"2026-08-13 15:31:25";8;"AGUARDANDO JULGAMENTO";"-1";"#NULO";"-1";"#NULO";-1;"#NULO";-1;"#NULO";-1;"#NULO";-1;"#NULO";"-1";"#NULO"
"15/08/2026";"19:30:51";2026;6259;250002550257;-3;"#NE";2;"BRASILEIRA (NATURALIZADA)";-3;"AMPARO";"58";"N";-1;"#NULO";"1270629.01";"#NE";"S";"-1";"06026234820266260000";"-3";"#NE";"-3";"#NE";"NÃO";"#NULO";-1;"#NULO";"N";"N";-1;-1;"2026-08-13 15:31:25";8;"AGUARDANDO JULGAMENTO";"-1";"#NULO";"-1";"#NULO";-1;"#NULO";-1;"#NULO";-1;"#NULO";-1;"#NULO";"-1";"#NULO"
"15/08/2026";"19:30:51";2026;6259;250002550388;-3;"#NE";1;"BRASILEIRA NATA";-3;"GUARULHOS";"45";"N";-1;"#NULO";"3176572.53";"#NE";"N";"-1";"06024441720266260000";"-3";"#NE";"-3";"#NE";"NÃO";"#NULO";-1;"#NULO";"N";"N";-1;-1;"2026-08-12 14:34:24";8;"AGUARDANDO JULGAMENTO";"-1";"#NULO";"-1";"#NULO";-1;"#NULO";-1;"#NULO";-1;"#NULO";-1;"#NULO";"-1";"#NULO"
"15/08/2026";"19:30:51";2026;6259;250002550396;-3;"#NE";1;"BRASILEIRA NATA";-3;"SÃO CAETANO DO SUL";"33";"N";-1;"#NULO";"3176572.53";"#NE";"S";"-1";"06024493920266260000";"-3";"#NE";"-3";"#NE";"NÃO";"#NULO";-1;"#NULO";"N";"N";-1;-1;"2026-08-12 14:34:24";8;"AGUARDANDO JULGAMENTO";"-1";"#NULO";"-1";"#NULO";-1;"#NULO";-1;"#NULO";-1;"#NULO";-1;"#NULO";"-1";"#NULO"
"15/08/2026";"19:30:51";2026;6259;250002550397;-3;"#NE";1;"BRASILEIRA NATA";-3;"SÃO CAETANO DO SUL";"52";"N";-1;"#NULO";"3176572.53";"#NE";"N";"-1";"06024728220266260000";"-3";"#NE";"-3";"#NE";"NÃO";"#NULO";-1;"#NULO";"N";"N";-1;-1;"2026-08-12 14:34:24";8;"AGUARDANDO JULGAMENTO";"-1";"#NULO";"-1";"#NULO";-1;"#NULO";-1;"#NULO";-1;"#NULO";-1;"#NULO";"-1";"#NULO"
"15/08/2026";"19:30:51";2026;6259;250002550399;-3;"#NE";1;"BRASILEIRA NATA";-3;"SÃO PAULO";"58";"N";-1;"#NULO";"3176572.53";"#NE";"S";"-1";"06024476920266260000";"-3";"#NE";"-3";"#NE";"NÃO";"#NULO";-1;"#NULO";"N";"N";-1;-1;"2026-08-12 14:34:24";8;"AGUARDANDO JULGAMENTO";"-1";"#NULO";"-1";"#NULO";-1;"#NULO";-1;"#NULO";-1;"#NULO";-1;"#NULO";"-1";"#NULO"
"15/08/2026";"19:30:51";2026;6259;250002550408;-3;"#NE";1;"BRASILEIRA NATA";-3;"SÃO PAULO";"39";"N";-1;"#NULO";"3176572.53";"#NE";"S";"-1";"06024719720266260000";"-3";"#NE";"-3";"#NE";"NÃO";"#NULO";-1;"#NULO";"N";"N";-1;-1;"2026-08-12 14:34:24";8;"AGUARDANDO JULGAMENTO";"-1";"#NULO";"-1";"#NULO";-1;"#NULO";-1;"#NULO";-1;"#NULO";-1;"#NULO";"-1";"#NULO"
"15/08/2026";"19:30:51";2026;6259;250002550913;-3;"#NE";1;"BRASILEIRA NATA";-3;"FRANCA";"41";"N";-1;"#NULO";"26683209.24";"#NE";"S";"-1";"06025091220266260000";"-3";"#NE";"-3";"#NE";"NÃO";"#NULO";-1;"#NULO";"N";"N";-1;-1;"2026-08-13 13:49:36";8;"AGUARDANDO JULGAMENTO";"-1";"#NULO";"-1";"#NULO";-1;"#NULO";-1;"#NULO";-1;"#NULO";-1;"#NULO";"-1";"#NULO"
"15/08/2026";"19:30:51";2026;6259;250002551050;-3;"#NE";1;"BRASILEIRA NATA";-3;"BELO HORIZONTE";"38";"N";-1;"#NULO";"3176572.53";"#NE";"S";"-1";"06025568320266260000";"-3";"#NE";"-3";"#NE";"NÃO";"#NULO";-1;"#NULO";"N";"N";-1;-1;"2026-08-13 14:55:32";8;"AGUARDANDO JULGAMENTO";"-1";"#NULO";"-1";"#NULO";-1;"#NULO";-1;"#NULO";-1;"#NULO";-1;"#NULO";"-1";"#NULO"
"15/08/2026";"19:30:51";2026;6259;250002551059;-3;"#NE";1;"BRASILEIRA NATA";-3;"TERESINA";"67";"N";-1;"#NULO";"3176572.53";"#NE";"N";"-1";"06025689720266260000";"-3";"#NE";"-3";"#NE";"NÃO";"#NULO";-1;"#NULO";"N";"N";-1;-1;"2026-08-13 14:55:32";8;"AGUARDANDO JULGAMENTO";"-1";"#NULO";"-1";"#NULO";-1;"#NULO";-1;"#NULO";-1;"#NULO";-1;"#NULO";"-1";"#NULO"
"15/08/2026";"19:30:51";2026;6259;250002551079;-3;"#NE";1;"BRASILEIRA NATA";-3;"FLORÂNIA";"49";"N";-1;"#NULO";"3176572.53";"#NE";"N";"-1";"06025438420266260000";"-3";"#NE";"-3";"#NE";"NÃO";"#NULO";-1;"#NULO";"N";"N";-1;-1;"2026-08-13 14:55:32";8;"AGUARDANDO JULGAMENTO";"-1";"#NULO";"-1";"#NULO";-1;"#NULO";-1;"#NULO";-1;"#NULO";-1;"#NULO";"-1";"#NULO"
"15/08/2026";"19:30:51";2026;6259;250002551077;-3;"#NE";1;"BRASILEIRA NATA";-3;"RIO DE JANEIRO";"52";"N";-1;"#NULO";"3176572.53";"#NE";"N";"-1";"06025629020266260000";"-3";"#NE";"-3";"#NE";"NÃO";"#NULO";-1;"#NULO";"N";"N";-1;-1;"2026-08-13 14:55:32";8;"AGUARDANDO JULGAMENTO";"-1";"#NULO";"-1";"#NULO";-1;"#NULO";-1;"#NULO";-1;"#NULO";-1;"#NULO";"-1";"#NULO"
"15/08/2026";"19:30:51";2026;6259;250002551082;-3;"#NE";1;"BRASILEIRA NATA";-3;"ASSIS";"52";"N";-1;"#NULO";"3176572.53";"#NE";"S";"-1";"06025151920266260000";"-3";"#NE";"-3";"#NE";"NÃO";"#NULO";-1;"#NULO";"N";"N";-1;-1;"2026-08-13 14:55:32";8;"AGUARDANDO JULGAMENTO";"-1";"#NULO";"-1";"#NULO";-1;"#NULO";-1;"#NULO";-1;"#NULO";-1;"#NULO";"-1";"#NULO"
"15/08/2026";"19:30:51";2026;6259;250002551089;-3;"#NE";1;"BRASILEIRA NATA";-3;"SALOÁ";"48";"N";-1;"#NULO";"3176572.53";"#NE";"N";"-1";"06025351020266260000";"-3";"#NE";"-3";"#NE";"NÃO";"#NULO";-1;"#NULO";"N";"N";-1;-1;"2026-08-13 14:55:32";8;"AGUARDANDO JULGAMENTO";"-1";"#NULO";"-1";"#NULO";-1;"#NULO";-1;"#NULO";-1;"#NULO";-1;"#NULO";"-1";"#NULO"
"15/08/2026";"19:30:51";2026;6259;250002551095;-3;"#NE";1;"BRASILEIRA NATA";-3;"SÃO BERNARDO DO CAMPO";"37";"N";-1;"#NULO";"3176572.53";"#NE";"N";"-1";"06025290320266260000";"-3";"#NE";"-3";"#NE";"NÃO";"#NULO";-1;"#NULO";"N";"N";-1;-1;"2026-08-13 14:55:32";8;"AGUARDANDO JULGAMENTO";"-1";"#NULO";"-1";"#NULO";-1;"#NULO";-1;"#NULO";-1;"#NULO";-1;"#NULO";"-1";"#NULO"
"15/08/2026";"19:30:51";2026;6259;250002551106;-3;"#NE";1;"BRASILEIRA NATA";-3;"SÃO PAULO";"55";"N";-1;"#NULO";"3176572.53";"#NE";"S";"-1";"06025792920266260000";"-3";"#NE";"-3";"#NE";"NÃO";"#NULO";-1;"#NULO";"N";"N";-1;-1;"2026-08-13 14:55:32";8;"AGUARDANDO JULGAMENTO";"-1";"#NULO";"-1";"#NULO";-1;"#NULO";-1;"#NULO";-1;"#NULO";-1;"#NULO";"-1";"#NULO"
"15/08/2026";"19:30:51";2026;6259;250002551107;-3;"#NE";1;"BRASILEIRA NATA";-3;"SÃO PAULO";"44";"N";-1;"#NULO";"3176572.53";"#NE";"N";"-1";"06025533120266260000";"-3";"#NE";"-3";"#NE";"NÃO";"#NULO";-1;"#NULO";"N";"N";-1;-1;"2026-08-13 14:55:32";8;"AGUARDANDO JULGAMENTO";"-1";"#NULO";"-1";"#NULO";-1;"#NULO";-1;"#NULO";-1;"#NULO";-1;"#NULO";"-1";"#NULO"
"15/08/2026";"19:30:51";2026;6259;250002551112;-3;"#NE";1;"BRASILEIRA NATA";-3;"SÃO PAULO";"55";"N";-1;"#NULO";"3176572.53";"#NE";"N";"-1";"06025308520266260000";"-3";"#NE";"-3";"#NE";"NÃO";"#NULO";-1;"#NULO";"N";"N";-1;-1;"2026-08-13 14:55:32";8;"AGUARDANDO JULGAMENTO";"-1";"#NULO";"-1";"#NULO";-1;"#NULO";-1;"#NULO";-1;"#NULO";-1;"#NULO";"-1";"#NULO"
"15/08/2026";"19:30:51";2026;6259;250002551232;-3;"#NE";1;"BRASILEIRA NATA";-3;"SÃO PAULO";"42";"N";-1;"#NULO";"1270629.01";"#NE";"N";"-1";"06026260320266260000";"-3";"#NE";"-3";"#NE";"NÃO";"#NULO";-1;"#NULO";"N";"N";-1;-1;"2026-08-13 15:31:25";8;"AGUARDANDO JULGAMENTO";"-1";"#NULO";"-1";"#NULO";-1;"#NULO";-1;"#NULO";-1;"#NULO";-1;"#NULO";"-1";"#NULO"
"15/08/2026";"19:30:51";2026;6259;250002551250;-3;"#NE";1;"BRASILEIRA NATA";-3;"JI-PARANÁ";"39";"N";-1;"#NULO";"1270629.01";"#NE";"N";"-1";"06026373220266260000";"-3";"#NE";"-3";"#NE";"NÃO";"#NULO";-1;"#NULO";"N";"N";-1;-1;"2026-08-13 15:31:25";8;"AGUARDANDO JULGAMENTO";"-1";"#NULO";"-1";"#NULO";-1;"#NULO";-1;"#NULO";-1;"#NULO";-1;"#NULO";"-1";"#NULO"
"15/08/2026";"19:30:51";2026;6259;250002551600;-3;"#NE";2;"BRASILEIRA (NATURALIZADA)";-3;"PORTO";"75";"N";-1;"#NULO";"3176572.53";"#NE";"N";"-1";"06026970520266260000";"-3";"#NE";"-3";"#NE";"NÃO";"#NULO";-1;"#NULO";"N";"N";-1;-1;"2026-08-14 15:42:33";8;"AGUARDANDO JULGAMENTO";"-1";"#NULO";"-1";"#NULO";-1;"#NULO";-1;"#NULO";-1;"#NULO";-1;"#NULO";"-1";"#NULO"
"15/08/2026";"19:30:51";2026;6259;250002551602;-3;"#NE";1;"BRASILEIRA NATA";-3;"TUPÃ";"54";"N";-1;"#NULO";"3176572.53";"#NE";"N";"-1";"06026624520266260000";"-3";"#NE";"-3";"#NE";"NÃO";"#NULO";-1;"#NULO";"N";"N";-1;-1;"2026-08-14 15:42:33";8;"AGUARDANDO JULGAMENTO";"-1";"#NULO";"-1";"#NULO";-1;"#NULO";-1;"#NULO";-1;"#NULO";-1;"#NULO";"-1";"#NULO"
"15/08/2026";"19:30:51";2026;6259;250002551608;-3;"#NE";1;"BRASILEIRA NATA";-3;"PERUÍBE";"63";"N";-1;"#NULO";"3176572.53";"#NE";"N";"-1";"06026875820266260000";"-3";"#NE";"-3";"#NE";"NÃO";"#NULO";-1;"#NULO";"N";"N";-1;-1;"2026-08-14 15:42:33";8;"AGUARDANDO JULGAMENTO";"-1";"#NULO";"-1";"#NULO";-1;"#NULO";-1;"#NULO";-1;"#NULO";-1;"#NULO";"-1";"#NULO"
"15/08/2026";"19:30:51";2026;6259;250002551612;-3;"#NE";2;"BRASILEIRA (NATURALIZADA)";-3;"VARGEM GRANDE PAULISTA";"53";"N";-1;"#NULO";"3176572.53";"#NE";"N";"-1";"06026762920266260000";"-3";"#NE";"-3";"#NE";"NÃO";"#NULO";-1;"#NULO";"N";"N";-1;-1;"2026-08-14 15:42:33";8;"AGUARDANDO JULGAMENTO";"-1";"#NULO";"-1";"#NULO";-1;"#NULO";-1;"#NULO";-1;"#NULO";-1;"#NULO";"-1";"#NULO"
"15/08/2026";"19:30:51";2026;6259;250002551640;-3;"#NE";1;"BRASILEIRA NATA";-3;"RIO FORMOSO";"44";"N";-1;"#NULO";"3176572.53";"#NE";"N";"-1";"06026840620266260000";"-3";"#NE";"-3";"#NE";"NÃO";"#NULO";-1;"#NULO";"N";"N";-1;-1;"2026-08-14 15:42:33";8;"AGUARDANDO JULGAMENTO";"-1";"#NULO";"-1";"#NULO";-1;"#NULO";-1;"#NULO";-1;"#NULO";-1;"#NULO";"-1";"#NULO"
"15/08/2026";"19:30:51";2026;6259;250002551641;-3;"#NE";1;"BRASILEIRA NATA";-3;"RECIFE";"47";"N";-1;"#NULO";"3176572.53";"#NE";"N";"-1";"06026668220266260000";"-3";"#NE";"-3";"#NE";"NÃO";"#NULO";-1;"#NULO";"N";"N";-1;-1;"2026-08-14 15:42:33";8;"AGUARDANDO JULGAMENTO";"-1";"#NULO";"-1";"#NULO";-1;"#NULO";-1;"#NULO";-1;"#NULO";-1;"#NULO";"-1";"#NULO"
"15/08/2026";"19:30:51";2026;6259;250002551658;-3;"#NE";1;"BRASILEIRA NATA";-3;"CARLÓPOLIS";"62";"N";-1;"#NULO";"3176572.53";"#NE";"N";"-1";"06026988720266260000";"-3";"#NE";"-3";"#NE";"NÃO";"#NULO";-1;"#NULO";"N";"N";-1;-1;"2026-08-14 15:42:33";8;"AGUARDANDO JULGAMENTO";"-1";"#NULO";"-1";"#NULO";-1;"#NULO";-1;"#NULO";-1;"#NULO";-1;"#NULO";"-1";"#NULO"
"15/08/2026";"19:30:51";2026;6259;250002552369;-3;"#NE";1;"BRASILEIRA NATA";-3;"SÃO PAULO";"59";"N";-1;"#NULO";"7115522.46";"#NE";"S";"-1";"06027343220266260000";"-3";"#NE";"-3";"#NE";"NÃO";"#NULO";-1;"#NULO";"N";"N";-1;-1;"2026-08-15 11:31:43";8;"AGUARDANDO JULGAMENTO";"-1";"#NULO";"-1";"#NULO";-1;"#NULO";-1;"#NULO";-1;"#NULO";-1;"#NULO";"-1";"#NULO"
"15/08/2026";"19:30:51";2026;6259;250002552372;-3;"#NE";1;"BRASILEIRA NATA";-3;"DIADEMA";"52";"N";-1;"#NULO";"-1";"#NE";"N";"-1";"06027351720266260000";"-3";"#NE";"-3";"#NE";"NÃO";"#NULO";-1;"#NULO";"N";"N";250002544911;-1;"2026-08-15 11:57:38";8;"AGUARDANDO JULGAMENTO";"-1";"#NULO";"-1";"#NULO";-1;"#NULO";-1;"#NULO";-1;"#NULO";-1;"#NULO";"-1";"#NULO"
"15/08/2026";"19:30:51";2026;6259;250002552624;-3;"#NE";1;"BRASILEIRA NATA";-3;"PANELAS";"56";"N";-1;"#NULO";"3176572.53";"#NE";"N";"-1";"06028426120266260000";"-3";"#NE";"-3";"#NE";"NÃO";"#NULO";-1;"#NULO";"N";"N";-1;-1;"2026-08-15 16:56:56";8;"AGUARDANDO JULGAMENTO";"-1";"#NULO";"-1";"#NULO";-1;"#NULO";-1;"#NULO";-1;"#NULO";-1;"#NULO";"-1";"#NULO"
"15/08/2026";"19:30:51";2026;6259;250002552641;-3;"#NE";1;"BRASILEIRA NATA";-3;"ITAJUÍPE";"54";"N";-1;"#NULO";"3176572.53";"#NE";"N";"-1";"06028573020266260000";"-3";"#NE";"-3";"#NE";"NÃO";"#NULO";-1;"#NULO";"N";"N";-1;-1;"2026-08-15 16:56:56";8;"AGUARDANDO JULGAMENTO";"-1";"#NULO";"-1";"#NULO";-1;"#NULO";-1;"#NULO";-1;"#NULO";-1;"#NULO";"-1";"#NULO"
"15/08/2026";"19:30:51";2026;6259;250002552644;-3;"#NE";1;"BRASILEIRA NATA";-3;"PORTO VELHO";"45";"N";-1;"#NULO";"3176572.53";"#NE";"S";"-1";"06028685920266260000";"-3";"#NE";"-3";"#NE";"NÃO";"#NULO";-1;"#NULO";"N";"N";-1;-1;"2026-08-15 16:56:56";8;"AGUARDANDO JULGAMENTO";"-1";"#NULO";"-1";"#NULO";-1;"#NULO";-1;"#NULO";-1;"#NULO";-1;"#NULO";"-1";"#NULO"
"15/08/2026";"19:30:51";2026;6259;250002552651;-3;"#NE";1;"BRASILEIRA NATA";-3;"BRANQUINHA";"57";"N";-1;"#NULO";"3176572.53";"#NE";"S";"-1";"06028841320266260000";"-3";"#NE";"-3";"#NE";"NÃO";"#NULO";-1;"#NULO";"N";"N";-1;-1;"2026-08-15 16:56:56";8;"AGUARDANDO JULGAMENTO";"-1";"#NULO";"-1";"#NULO";-1;"#NULO";-1;"#NULO";-1;"#NULO";-1;"#NULO";"-1";"#NULO"
"15/08/2026";"19:30:51";2026;6259;250002552653;-3;"#NE";1;"BRASILEIRA NATA";-3;"RINÓPOLIS";"63";"N";-1;"#NULO";"3176572.53";"#NE";"N";"-1";"06028478320266260000";"-3";"#NE";"-3";"#NE";"NÃO";"#NULO";-1;"#NULO";"N";"N";-1;-1;"2026-08-15 16:56:56";8;"AGUARDANDO JULGAMENTO";"-1";"#NULO";"-1";"#NULO";-1;"#NULO";-1;"#NULO";-1;"#NULO";-1;"#NULO";"-1";"#NULO"
"15/08/2026";"19:30:51";2026;6259;250002552655;-3;"#NE";1;"BRASILEIRA NATA";-3;"SÃO BERNARDO DO CAMPO";"52";"N";-1;"#NULO";"3176572.53";"#NE";"S";"-1";"06028304720266260000";"-3";"#NE";"-3";"#NE";"NÃO";"#NULO";-1;"#NULO";"N";"N";-1;-1;"2026-08-15 16:56:56";8;"AGUARDANDO JULGAMENTO";"-1";"#NULO";"-1";"#NULO";-1;"#NULO";-1;"#NULO";-1;"#NULO";-1;"#NULO";"-1";"#NULO"
"15/08/2026";"19:30:51";2026;6259;250002552659;-3;"#NE";1;"BRASILEIRA NATA";-3;"SÃO PAULO";"49";"N";-1;"#NULO";"3176572.53";"#NE";"N";"-1";"06028443120266260000";"-3";"#NE";"-3";"#NE";"NÃO";"#NULO";-1;"#NULO";"N";"N";-1;-1;"2026-08-15 16:56:56";8;"AGUARDANDO JULGAMENTO";"-1";"#NULO";"-1";"#NULO";-1;"#NULO";-1;"#NULO";-1;"#NULO";-1;"#NULO";"-1";"#NULO"
"15/08/2026";"19:30:51";2026;6259;250002552670;-3;"#NE";1;"BRASILEIRA NATA";-3;"SÃO PAULO";"62";"N";-1;"#NULO";"3176572.53";"#NE";"N";"-1";"06028313220266260000";"-3";"#NE";"-3";"#NE";"NÃO";"#NULO";-1;"#NULO";"N";"N";-1;-1;"2026-08-15 16:56:56";8;"AGUARDANDO JULGAMENTO";"-1";"#NULO";"-1";"#NULO";-1;"#NULO";-1;"#NULO";-1;"#NULO";-1;"#NULO";"-1";"#NULO"
"15/08/2026";"19:30:51";2026;6259;250002552680;-3;"#NE";1;"BRASILEIRA NATA";-3;"TIETÊ";"48";"N";-1;"#NULO";"3176572.53";"#NE";"S";"-1";"06028227020266260000";"-3";"#NE";"-3";"#NE";"NÃO";"#NULO";-1;"#NULO";"N";"N";-1;-1;"2026-08-15 16:56:56";8;"AGUARDANDO JULGAMENTO";"-1";"#NULO";"-1";"#NULO";-1;"#NULO";-1;"#NULO";-1;"#NULO";-1;"#NULO";"-1";"#NULO"
"15/08/2026";"19:30:51";2026;6259;250002552863;-3;"#NE";1;"BRASILEIRA NATA";-3;"SÃO PAULO";"76";"N";-1;"#NULO";"1270629.01";"#NE";"N";"-1";"06027967220266260000";"-3";"#NE";"-3";"#NE";"NÃO";"#NULO";-1;"#NULO";"N";"N";-1;-1;"2026-08-15 16:08:59";8;"AGUARDANDO JULGAMENTO";"-1";"#NULO";"-1";"#NULO";-1;"#NULO";-1;"#NULO";-1;"#NULO";-1;"#NULO";"-1";"#NULO"
"15/08/2026";"19:30:51";2026;6259;250002552870;-3;"#NE";1;"BRASILEIRA NATA";-3;"OSASCO";"36";"N";-1;"#NULO";"1270629.01";"#NE";"N";"-1";"06027923520266260000";"-3";"#NE";"-3";"#NE";"NÃO";"#NULO";-1;"#NULO";"N";"N";-1;-1;"2026-08-15 16:08:59";8;"AGUARDANDO JULGAMENTO";"-1";"#NULO";"-1";"#NULO";-1;"#NULO";-1;"#NULO";-1;"#NULO";-1;"#NULO";"-1";"#NULO"
"15/08/2026";"19:30:51";2026;6259;250002552880;-3;"#NE";1;"BRASILEIRA NATA";-3;"SÃO PAULO";"53";"N";-1;"#NULO";"1270629.01";"#NE";"N";"-1";"06027915020266260000";"-3";"#NE";"-3";"#NE";"NÃO";"#NULO";-1;"#NULO";"N";"N";-1;-1;"2026-08-15 16:08:59";8;"AGUARDANDO JULGAMENTO";"-1";"#NULO";"-1";"#NULO";-1;"#NULO";-1;"#NULO";-1;"#NULO";-1;"#NULO";"-1";"#NULO"
"15/08/2026";"19:30:51";2026;6259;250002552881;-3;"#NE";1;"BRASILEIRA NATA";-3;"SÃO PAULO";"34";"N";-1;"#NULO";"1270629.01";"#NE";"N";"-1";"06027569020266260000";"-3";"#NE";"-3";"#NE";"NÃO";"#NULO";-1;"#NULO";"N";"N";-1;-1;"2026-08-15 16:08:59";8;"AGUARDANDO JULGAMENTO";"-1";"#NULO";"-1";"#NULO";-1;"#NULO";-1;"#NULO";-1;"#NULO";-1;"#NULO";"-1";"#NULO"
"15/08/2026";"19:30:51";2026;6259;250002552908;-3;"#NE";1;"BRASILEIRA NATA";-3;"IRECÊ";"53";"N";0;"NÃO INFORMADO";"1270629.01";"#NE";"N";"-1";"06027828820266260000";"-3";"#NE";"-3";"#NE";"NÃO";"#NULO";-1;"#NULO";"N";"N";-1;-1;"2026-08-15 16:08:59";8;"AGUARDANDO JULGAMENTO";"-1";"#NULO";"-1";"#NULO";-1;"#NULO";-1;"#NULO";-1;"#NULO";-1;"#NULO";"-1";"#NULO"
"15/08/2026";"19:30:51";2026;6259;250002552914;-3;"#NE";1;"BRASILEIRA NATA";-3;"SÃO BENTO DO UNA";"78";"N";-1;"#NULO";"1270629.01";"#NE";"N";"-1";"06027984220266260000";"-3";"#NE";"-3";"#NE";"NÃO";"#NULO";-1;"#NULO";"N";"N";-1;-1;"2026-08-15 16:08:59";8;"AGUARDANDO JULGAMENTO";"-1";"#NULO";"-1";"#NULO";-1;"#NULO";-1;"#NULO";-1;"#NULO";-1;"#NULO";"-1";"#NULO"
"15/08/2026";"19:30:51";2026;6259;250002552917;-3;"#NE";1;"BRASILEIRA NATA";-3;"VITÓRIA DA CONQUISTA";"63";"N";-1;"#NULO";"1270629.01";"#NE";"N";"-1";"06027768120266260000";"-3";"#NE";"-3";"#NE";"NÃO";"#NULO";-1;"#NULO";"N";"N";-1;-1;"2026-08-15 16:08:59";8;"AGUARDANDO JULGAMENTO";"-1";"#NULO";"-1";"#NULO";-1;"#NULO";-1;"#NULO";-1;"#NULO";-1;"#NULO";"-1";"#NULO"
"15/08/2026";"19:30:51";2026;6259;250002553331;-3;"#NE";1;"BRASILEIRA NATA";-3;"SÃO PAULO";"29";"N";-1;"#NULO";"3176572.53";"#NE";"N";"-1";"06028928720266260000";"-3";"#NE";"-3";"#NE";"NÃO";"#NULO";-1;"#NULO";"N";"N";-1;-1;"2026-08-15 17:41:45";8;"AGUARDANDO JULGAMENTO";"-1";"#NULO";"-1";"#NULO";-1;"#NULO";-1;"#NULO";-1;"#NULO";-1;"#NULO";"-1";"#NULO"
"15/08/2026";"19:30:51";2026;6259;250002553757;-3;"#NE";1;"BRASILEIRA NATA";-3;"SÃO CAETANO DO SUL";"34";"N";-1;"#NULO";"1270629.01";"#NE";"N";"-1";"06029274720266260000";"-3";"#NE";"-3";"#NE";"NÃO";"#NULO";-1;"#NULO";"N";"N";-1;-1;"2026-08-15 19:01:55";8;"AGUARDANDO JULGAMENTO";"-1";"#NULO";"-1";"#NULO";-1;"#NULO";-1;"#NULO";-1;"#NULO";-1;"#NULO";"-1";"#NULO"
"15/08/2026";"19:30:51";2026;6259;250002553778;-3;"#NE";1;"BRASILEIRA NATA";-3;"SÃO BERNARDO DO CAMPO";"50";"N";-1;"#NULO";"1270629.01";"#NE";"N";"-1";"06029681420266260000";"-3";"#NE";"-3";"#NE";"NÃO";"#NULO";-1;"#NULO";"N";"N";-1;-1;"2026-08-15 19:01:55";8;"AGUARDANDO JULGAMENTO";"-1";"#NULO";"-1";"#NULO";-1;"#NULO";-1;"#NULO";-1;"#NULO";-1;"#NULO";"-1";"#NULO"
"15/08/2026";"19:30:51";2026;6259;250002553780;-3;"#NE";1;"BRASILEIRA NATA";-3;"TREMEMBÉ";"54";"N";-1;"#NULO";"1270629.01";"#NE";"N";"-1";"06029188520266260000";"-3";"#NE";"-3";"#NE";"NÃO";"#NULO";-1;"#NULO";"N";"N";-1;-1;"2026-08-15 19:01:55";8;"AGUARDANDO JULGAMENTO";"-1";"#NULO";"-1";"#NULO";-1;"#NULO";-1;"#NULO";-1;"#NULO";-1;"#NULO";"-1";"#NULO"
"15/08/2026";"19:30:51";2026;6259;250002553779;-3;"#NE";1;"BRASILEIRA NATA";-3;"SANTOS";"60";"N";-1;"#NULO";"1270629.01";"#NE";"N";"-1";"06029396120266260000";"-3";"#NE";"-3";"#NE";"NÃO";"#NULO";-1;"#NULO";"N";"N";-1;-1;"2026-08-15 19:01:55";8;"AGUARDANDO JULGAMENTO";"-1";"#NULO";"-1";"#NULO";-1;"#NULO";-1;"#NULO";-1;"#NULO";-1;"#NULO";"-1";"#NULO"
"15/08/2026";"19:30:51";2026;6259;250002553787;-3;"#NE";1;"BRASILEIRA NATA";-3;"SANTOS";"58";"N";-1;"#NULO";"1270629.01";"#NE";"N";"-1";"06029907220266260000";"-3";"#NE";"-3";"#NE";"NÃO";"#NULO";-1;"#NULO";"N";"N";-1;-1;"2026-08-15 19:01:55";8;"AGUARDANDO JULGAMENTO";"-1";"#NULO";"-1";"#NULO";-1;"#NULO";-1;"#NULO";-1;"#NULO";-1;"#NULO";"-1";"#NULO"
"15/08/2026";"19:30:51";2026;6259;250002553792;-3;"#NE";1;"BRASILEIRA NATA";-3;"PIRATININGA";"52";"N";-1;"#NULO";"1270629.01";"#NE";"N";"-1";"06029612220266260000";"-3";"#NE";"-3";"#NE";"NÃO";"#NULO";-1;"#NULO";"N";"N";-1;-1;"2026-08-15 19:01:55";8;"AGUARDANDO JULGAMENTO";"-1";"#NULO";"-1";"#NULO";-1;"#NULO";-1;"#NULO";-1;"#NULO";-1;"#NULO";"-1";"#NULO"
"15/08/2026";"19:30:51";2026;6259;250002553799;-3;"#NE";1;"BRASILEIRA NATA";-3;"MATA GRANDE";"41";"N";-1;"#NULO";"1270629.01";"#NE";"S";"-1";"06029482320266260000";"-3";"#NE";"-3";"#NE";"NÃO";"#NULO";-1;"#NULO";"N";"N";-1;-1;"2026-08-15 19:01:55";8;"AGUARDANDO JULGAMENTO";"-1";"#NULO";"-1";"#NULO";-1;"#NULO";-1;"#NULO";-1;"#NULO";-1;"#NULO";"-1";"#NULO"
"15/08/2026";"19:30:51";2026;6259;250002553811;-3;"#NE";1;"BRASILEIRA NATA";-3;"SÃO JOSÉ DO RIO PRETO";"43";"N";-1;"#NULO";"1270629.01";"#NE";"N";"-1";"06029144820266260000";"-3";"#NE";"-3";"#NE";"NÃO";"#NULO";-1;"#NULO";"N";"N";-1;-1;"2026-08-15 19:01:55";8;"AGUARDANDO JULGAMENTO";"-1";"#NULO";"-1";"#NULO";-1;"#NULO";-1;"#NULO";-1;"#NULO";-1;"#NULO";"-1";"#NULO"
"15/08/2026";"19:30:51";2026;6259;250002553814;-3;"#NE";1;"BRASILEIRA NATA";-3;"RIBEIRÃO PRETO";"58";"N";-1;"#NULO";"1270629.01";"#NE";"N";"-1";"06029205520266260000";"-3";"#NE";"-3";"#NE";"NÃO";"#NULO";-1;"#NULO";"N";"N";-1;-1;"2026-08-15 19:01:55";8;"AGUARDANDO JULGAMENTO";"-1";"#NULO";"-1";"#NULO";-1;"#NULO";-1;"#NULO";-1;"#NULO";-1;"#NULO";"-1";"#NULO"
"15/08/2026";"19:30:51";2026;6259;250002553818;-3;"#NE";1;"BRASILEIRA NATA";-3;"ARARAQUARA";"52";"N";-1;"#NULO";"1270629.01";"#NE";"N";"-1";"06029517520266260000";"-3";"#NE";"-3";"#NE";"NÃO";"#NULO";-1;"#NULO";"N";"N";-1;-1;"2026-08-15 19:01:55";8;"AGUARDANDO JULGAMENTO";"-1";"#NULO";"-1";"#NULO";-1;"#NULO";-1;"#NULO";-1;"#NULO";-1;"#NULO";"-1";"#NULO"
"15/08/2026";"19:30:51";2026;6259;250002553820;-3;"#NE";1;"BRASILEIRA NATA";-3;"SÃO PAULO";"49";"N";-1;"#NULO";"1270629.01";"#NE";"N";"-1";"06029456820266260000";"-3";"#NE";"-3";"#NE";"NÃO";"#NULO";-1;"#NULO";"N";"N";-1;-1;"2026-08-15 19:01:55";8;"AGUARDANDO JULGAMENTO";"-1";"#NULO";"-1";"#NULO";-1;"#NULO";-1;"#NULO";-1;"#NULO";-1;"#NULO";"-1";"#NULO"
"15/08/2026";"19:30:51";2026;6259;250002553825;-3;"#NE";1;"BRASILEIRA NATA";-3;"SÃO JOSÉ DO RIO PRETO";"39";"N";-1;"#NULO";"1270629.01";"#NE";"N";"-1";"06029655920266260000";"-3";"#NE";"-3";"#NE";"NÃO";"#NULO";-1;"#NULO";"N";"N";-1;-1;"2026-08-15 19:01:55";8;"AGUARDANDO JULGAMENTO";"-1";"#NULO";"-1";"#NULO";-1;"#NULO";-1;"#NULO";-1;"#NULO";-1;"#NULO";"-1";"#NULO"
"15/08/2026";"19:30:51";2026;6259;250002553827;-3;"#NE";1;"BRASILEIRA NATA";-3;"SÃO PAULO";"59";"N";-1;"#NULO";"1270629.01";"#NE";"N";"-1";"06029924220266260000";"-3";"#NE";"-3";"#NE";"NÃO";"#NULO";-1;"#NULO";"N";"N";-1;-1;"2026-08-15 19:01:55";8;"AGUARDANDO JULGAMENTO";"-1";"#NULO";"-1";"#NULO";-1;"#NULO";-1;"#NULO";-1;"#NULO";-1;"#NULO";"-1";"#NULO"
"15/08/2026";"19:30:51";2026;6259;250002553830;-3;"#NE";1;"BRASILEIRA NATA";-3;"RIBEIRÃO PIRES";"54";"N";-1;"#NULO";"1270629.01";"#NE";"N";"-1";"06029620720266260000";"-3";"#NE";"-3";"#NE";"NÃO";"#NULO";-1;"#NULO";"N";"N";-1;-1;"2026-08-15 19:01:55";8;"AGUARDANDO JULGAMENTO";"-1";"#NULO";"-1";"#NULO";-1;"#NULO";-1;"#NULO";-1;"#NULO";-1;"#NULO";"-1";"#NULO"
"15/08/2026";"19:30:51";2026;6259;250002553848;-3;"#NE";1;"BRASILEIRA NATA";-3;"IBIRATAIA";"43";"N";-1;"#NULO";"1270629.01";"#NE";"N";"-1";"06029967920266260000";"-3";"#NE";"-3";"#NE";"NÃO";"#NULO";-1;"#NULO";"N";"N";-1;-1;"2026-08-15 19:01:55";8;"AGUARDANDO JULGAMENTO";"-1";"#NULO";"-1";"#NULO";-1;"#NULO";-1;"#NULO";-1;"#NULO";-1;"#NULO";"-1";"#NULO"
"15/08/2026";"19:30:51";2026;6259;250002553869;-3;"#NE";1;"BRASILEIRA NATA";-3;"SÃO JOSÉ DOS CAMPOS";"37";"N";-1;"#NULO";"1270629.01";"#NE";"N";"-1";"06030089320266260000";"-3";"#NE";"-3";"#NE";"NÃO";"#NULO";-1;"#NULO";"N";"N";-1;-1;"2026-08-15 19:14:09";8;"AGUARDANDO JULGAMENTO";"-1";"#NULO";"-1";"#NULO";-1;"#NULO";-1;"#NULO";-1;"#NULO";-1;"#NULO";"-1";"#NULO"
"15/08/2026";"19:30:51";2026;6259;250002553872;-3;"#NE";1;"BRASILEIRA NATA";-3;"SERTÃOZINHO";"53";"N";-1;"#NULO";"1270629.01";"#NE";"N";"-1";"06030123320266260000";"-3";"#NE";"-3";"#NE";"NÃO";"#NULO";-1;"#NULO";"N";"N";-1;-1;"2026-08-15 19:14:09";8;"AGUARDANDO JULGAMENTO";"-1";"#NULO";"-1";"#NULO";-1;"#NULO";-1;"#NULO";-1;"#NULO";-1;"#NULO";"-1";"#NULO"
"15/08/2026";"19:30:51";2026;6259;250002553874;-3;"#NE";1;"BRASILEIRA NATA";-3;"BARRA BONITA";"64";"N";-1;"#NULO";"1270629.01";"#NE";"N";"-1";"06030158520266260000";"-3";"#NE";"-3";"#NE";"NÃO";"#NULO";-1;"#NULO";"N";"N";-1;-1;"2026-08-15 19:14:09";8;"AGUARDANDO JULGAMENTO";"-1";"#NULO";"-1";"#NULO";-1;"#NULO";-1;"#NULO";-1;"#NULO";-1;"#NULO";"-1";"#NULO"
"15/08/2026";"19:30:51";2026;6259;250002553876;-3;"#NE";1;"BRASILEIRA NATA";-3;"ITIRAPUÃ";"64";"N";-1;"#NULO";"1270629.01";"#NE";"S";"-1";"06030062620266260000";"-3";"#NE";"-3";"#NE";"NÃO";"#NULO";-1;"#NULO";"N";"N";-1;-1;"2026-08-15 19:14:09";8;"AGUARDANDO JULGAMENTO";"-1";"#NULO";"-1";"#NULO";-1;"#NULO";-1;"#NULO";-1;"#NULO";-1;"#NULO";"-1";"#NULO"
"15/08/2026";"19:30:51";2026;6259;250002530123;-3;"#NE";1;"BRASILEIRA NATA";-3;"INHAPIM";"51";"N";0;"NÃO INFORMADO";"3176572.53";"#NE";"S";"-1";"06003153920266260000";"-3";"#NE";"-3";"#NE";"NÃO";"#NULO";-1;"#NULO";"N";"N";-1;-1;"2026-07-23 18:40:08";8;"AGUARDANDO JULGAMENTO";"-1";"#NULO";"-1";"#NULO";-1;"#NULO";-1;"#NULO";-1;"#NULO";-1;"#NULO";"-1";"#NULO"
"15/08/2026";"19:30:51";2026;6259;250002530127;-3;"#NE";1;"BRASILEIRA NATA";-3;"MOGI GUAÇU";"49";"N";-1;"#NULO";"3176572.53";"#NE";"S";"-1";"06003266820266260000";"-3";"#NE";"-3";"#NE";"NÃO";"#NULO";-1;"#NULO";"N";"N";-1;-1;"2026-07-23 18:40:08";8;"AGUARDANDO JULGAMENTO";"-1";"#NULO";"-1";"#NULO";-1;"#NULO";-1;"#NULO";-1;"#NULO";-1;"#NULO";"-1";"#NULO"
"15/08/2026";"19:30:51";2026;6259;250002530131;-3;"#NE";1;"BRASILEIRA NATA";-3;"RIO DE JANEIRO";"45";"N";-1;"#NULO";"3176572.53";"#NE";"S";"-1";"06003717220266260000";"-3";"#NE";"-3";"#NE";"NÃO";"#NULO";-1;"#NULO";"N";"N";-1;-1;"2026-07-23 18:40:08";8;"AGUARDANDO JULGAMENTO";"-1";"#NULO";"-1";"#NULO";-1;"#NULO";-1;"#NULO";-1;"#NULO";-1;"#NULO";"-1";"#NULO"
"15/08/2026";"19:30:51";2026;6259;250002530142;-3;"#NE";1;"BRASILEIRA NATA";-3;"COTIA";"30";"N";0;"NÃO INFORMADO";"3176572.53";"#NE";"S";"-1";"06003648020266260000";"-3";"#NE";"-3";"#NE";"NÃO";"#NULO";-1;"#NULO";"N";"N";-1;-1;"2026-07-23 18:40:08";8;"AGUARDANDO JULGAMENTO";"-1";"#NULO";"-1";"#NULO";-1;"#NULO";-1;"#NULO";-1;"#NULO";-1;"#NULO";"-1";"#NULO"
"15/08/2026";"19:30:51";2026;6259;250002530149;-3;"#NE";1;"BRASILEIRA NATA";-3;"CONCEIÇÃO DO COITÉ";"41";"N";-1;"#NULO";"3176572.53";"#NE";"S";"-1";"06003422220266260000";"-3";"#NE";"-3";"#NE";"NÃO";"#NULO";-1;"#NULO";"N";"N";-1;-1;"2026-07-23 18:40:08";8;"AGUARDANDO JULGAMENTO";"-1";"#NULO";"-1";"#NULO";-1;"#NULO";-1;"#NULO";-1;"#NULO";-1;"#NULO";"-1";"#NULO"
"15/08/2026";"19:30:51";2026;6259;250002530158;-3;"#NE";1;"BRASILEIRA NATA";-3;"SÃO PAULO";"41";"N";-1;"#NULO";"3176572.53";"#NE";"N";"-1";"06003639520266260000";"-3";"#NE";"-3";"#NE";"NÃO";"#NULO";-1;"#NULO";"N";"N";-1;-1;"2026-07-23 18:40:08";6;"RENÚNCIA";"-1";"#NULO";"-1";"#NULO";-1;"#NULO";-1;"#NULO";-1;"#NULO";-1;"#NULO";"-1";"#NULO"
"15/08/2026";"19:30:51";2026;6259;250002530173;-3;"#NE";1;"BRASILEIRA NATA";-3;"SÃO PAULO";"54";"N";-1;"#NULO";"3176572.53";"#NE";"S";"-1";"06003509620266260000";"-3";"#NE";"-3";"#NE";"NÃO";"#NULO";-1;"#NULO";"N";"N";-1;-1;"2026-07-23 18:40:08";8;"AGUARDANDO JULGAMENTO";"-1";"#NULO";"-1";"#NULO";-1;"#NULO";-1;"#NULO";-1;"#NULO";-1;"#NULO";"-1";"#NULO"
"15/08/2026";"19:30:51";2026;6259;250002530192;-3;"#NE";1;"BRASILEIRA NATA";-3;"IBIRAREMA";"48";"N";-1;"#NULO";"1270629.01";"#NE";"S";"-1";"06004635020266260000";"-3";"#NE";"-3";"#NE";"NÃO";"#NULO";-1;"#NULO";"N";"N";-1;-1;"2026-07-23 19:03:01";8;"AGUARDANDO JULGAMENTO";"-1";"#NULO";"-1";"#NULO";-1;"#NULO";-1;"#NULO";-1;"#NULO";-1;"#NULO";"-1";"#NULO"
"15/08/2026";"19:30:51";2026;6259;250002530200;-3;"#NE";1;"BRASILEIRA NATA";-3;"MOGI DAS CRUZES";"46";"N";0;"NÃO INFORMADO";"1270629.01";"#NE";"S";"-1";"06004618020266260000";"-3";"#NE";"-3";"#NE";"NÃO";"#NULO";-1;"#NULO";"N";"N";-1;-1;"2026-07-23 19:03:01";8;"AGUARDANDO JULGAMENTO";"-1";"#NULO";"-1";"#NULO";-1;"#NULO";-1;"#NULO";-1;"#NULO";-1;"#NULO";"-1";"#NULO"
"15/08/2026";"19:30:51";2026;6259;250002530210;-3;"#NE";1;"BRASILEIRA NATA";-3;"ARACAJU";"37";"N";0;"NÃO INFORMADO";"1270629.01";"#NE";"N";"-1";"06004054720266260000";"-3";"#NE";"-3";"#NE";"NÃO";"#NULO";-1;"#NULO";"N";"N";-1;-1;"2026-07-23 19:03:01";8;"AGUARDANDO JULGAMENTO";"-1";"#NULO";"-1";"#NULO";-1;"#NULO";-1;"#NULO";-1;"#NULO";-1;"#NULO";"-1";"#NULO"
"15/08/2026";"19:30:51";2026;6259;250002530213;-3;"#NE";1;"BRASILEIRA NATA";-3;"CAMPINAS";"60";"N";-1;"#NULO";"1270629.01";"#NE";"S";"-1";"06004435920266260000";"-3";"#NE";"-3";"#NE";"NÃO";"#NULO";-1;"#NULO";"N";"N";-1;-1;"2026-07-23 19:03:01";8;"AGUARDANDO JULGAMENTO";"-1";"#NULO";"-1";"#NULO";-1;"#NULO";-1;"#NULO";-1;"#NULO";-1;"#NULO";"-1";"#NULO"
"15/08/2026";"19:30:51";2026;6259;250002530214;-3;"#NE";1;"BRASILEIRA NATA";-3;"CAMPINAS";"45";"N";-1;"#NULO";"1270629.01";"#NE";"N";"-1";"06003977020266260000";"-3";"#NE";"-3";"#NE";"NÃO";"#NULO";-1;"#NULO";"N";"N";-1;-1;"2026-07-23 19:03:01";8;"AGUARDANDO JULGAMENTO";"-1";"#NULO";"-1";"#NULO";-1;"#NULO";-1;"#NULO";-1;"#NULO";-1;"#NULO";"-1";"#NULO"
"15/08/2026";"19:30:51";2026;6259;250002530228;-3;"#NE";1;"BRASILEIRA NATA";-3;"RIBEIRÃO PRETO";"46";"N";-1;"#NULO";"1270629.01";"#NE";"S";"-1";"06003985520266260000";"-3";"#NE";"-3";"#NE";"NÃO";"#NULO";-1;"#NULO";"N";"N";-1;-1;"2026-07-23 19:03:01";8;"AGUARDANDO JULGAMENTO";"-1";"#NULO";"-1";"#NULO";-1;"#NULO";-1;"#NULO";-1;"#NULO";-1;"#NULO";"-1";"#NULO"
"15/08/2026";"19:30:51";2026;6259;250002530230;-3;"#NE";1;"BRASILEIRA NATA";-3;"SANTO ANDRÉ";"49";"N";-1;"#NULO";"1270629.01";"#NE";"S";"-1";"06004201620266260000";"-3";"#NE";"-3";"#NE";"NÃO";"#NULO";-1;"#NULO";"N";"N";-1;-1;"2026-07-23 19:03:01";8;"AGUARDANDO JULGAMENTO";"-1";"#NULO";"-1";"#NULO";-1;"#NULO";-1;"#NULO";-1;"#NULO";-1;"#NULO";"-1";"#NULO"
"15/08/2026";"19:30:51";2026;6259;250002530235;-3;"#NE";1;"BRASILEIRA NATA";-3;"SÃO PAULO";"57";"N";-1;"#NULO";"1270629.01";"#NE";"S";"-1";"06004080220266260000";"-3";"#NE";"-3";"#NE";"NÃO";"#NULO";-1;"#NULO";"N";"N";-1;-1;"2026-07-23 19:03:01";8;"AGUARDANDO JULGAMENTO";"-1";"#NULO";"-1";"#NULO";-1;"#NULO";-1;"#NULO";-1;"#NULO";-1;"#NULO";"-1";"#NULO"
"15/08/2026";"19:30:51";2026;6259;250002530245;-3;"#NE";1;"BRASILEIRA NATA";-3;"SÃO PAULO";"51";"N";0;"NÃO INFORMADO";"1270629.01";"#NE";"N";"-1";"06004721220266260000";"-3";"#NE";"-3";"#NE";"NÃO";"#NULO";-1;"#NULO";"N";"N";-1;-1;"2026-07-23 19:03:01";8;"AGUARDANDO JULGAMENTO";"-1";"#NULO";"-1";"#NULO";-1;"#NULO";-1;"#NULO";-1;"#NULO";-1;"#NULO";"-1";"#NULO"
"15/08/2026";"19:30:51";2026;6259;250002530246;-3;"#NE";1;"BRASILEIRA NATA";-3;"SÃO PAULO";"58";"N";0;"NÃO INFORMADO";"1270629.01";"#NE";"S";"-1";"06004773420266260000";"-3";"#NE";"-3";"#NE";"NÃO";"#NULO";-1;"#NULO";"N";"N";-1;-1;"2026-07-23 19:03:01";8;"AGUARDANDO JULGAMENTO";"-1";"#NULO";"-1";"#NULO";-1;"#NULO";-1;"#NULO";-1;"#NULO";-1;"#NULO";"-1";"#NULO"
"15/08/2026";"19:30:51";2026;6259;250002530251;-3;"#NE";1;"BRASILEIRA NATA";-3;"SÃO PAULO";"65";"N";-1;"#NULO";"1270629.01";"#NE";"S";"-1";"06004063220266260000";"-3";"#NE";"-3";"#NE";"NÃO";"#NULO";-1;"#NULO";"N";"N";-1;-1;"2026-07-23 19:03:01";8;"AGUARDANDO JULGAMENTO";"-1";"#NULO";"-1";"#NULO";-1;"#NULO";-1;"#NULO";-1;"#NULO";-1;"#NULO";"-1";"#NULO"
"15/08/2026";"19:30:51";2026;6259;250002530255;-3;"#NE";1;"BRASILEIRA NATA";-3;"SÃO PAULO";"48";"N";0;"NÃO INFORMADO";"1270629.01";"#NE";"S";"-1";"06004270820266260000";"-3";"#NE";"-3";"#NE";"NÃO";"#NULO";-1;"#NULO";"N";"N";-1;-1;"2026-07-23 19:03:01";8;"AGUARDANDO JULGAMENTO";"-1";"#NULO";"-1";"#NULO";-1;"#NULO";-1;"#NULO";-1;"#NULO";-1;"#NULO";"-1";"#NULO"
"15/08/2026";"19:30:51";2026;6259;250002530264;-3;"#NE";1;"BRASILEIRA NATA";-3;"SÃO PAULO";"52";"N";0;"NÃO INFORMADO";"1270629.01";"#NE";"S";"-1";"06004392220266260000";"-3";"#NE";"-3";"#NE";"NÃO";"#NULO";-1;"#NULO";"N";"N";-1;-1;"2026-07-23 19:03:01";8;"AGUARDANDO JULGAMENTO";"-1";"#NULO";"-1";"#NULO";-1;"#NULO";-1;"#NULO";-1;"#NULO";-1;"#NULO";"-1";"#NULO"
"15/08/2026";"19:30:51";2026;6259;250002530271;-3;"#NE";1;"BRASILEIRA NATA";-3;"SOROCABA";"46";"N";-1;"#NULO";"1270629.01";"#NE";"S";"-1";"06003933320266260000";"-3";"#NE";"-3";"#NE";"NÃO";"#NULO";-1;"#NULO";"N";"N";-1;-1;"2026-07-23 19:03:01";8;"AGUARDANDO JULGAMENTO";"-1";"#NULO";"-1";"#NULO";-1;"#NULO";-1;"#NULO";-1;"#NULO";-1;"#NULO";"-1";"#NULO"
"15/08/2026";"19:30:51";2026;6259;250002530274;-3;"#NE";1;"BRASILEIRA NATA";-3;"TUPÃ";"58";"N";0;"NÃO INFORMADO";"1270629.01";"#NE";"S";"-1";"06004400720266260000";"-3";"#NE";"-3";"#NE";"NÃO";"#NULO";-1;"#NULO";"N";"N";-1;-1;"2026-07-23 19:03:01";8;"AGUARDANDO JULGAMENTO";"-1";"#NULO";"-1";"#NULO";-1;"#NULO";-1;"#NULO";-1;"#NULO";-1;"#NULO";"-1";"#NULO"
"15/08/2026";"19:30:51";2026;6259;250002532328;-3;"#NE";1;"BRASILEIRA NATA";-3;"ADAMANTINA";"48";"N";-1;"#NULO";"3176572.53";"#NE";"S";"-1";"06005198320266260000";"-3";"#NE";"-3";"#NE";"NÃO";"#NULO";-1;"#NULO";"N";"N";-1;-1;"2026-07-27 18:23:24";8;"AGUARDANDO JULGAMENTO";"-1";"#NULO";"-1";"#NULO";-1;"#NULO";-1;"#NULO";-1;"#NULO";-1;"#NULO";"-1";"#NULO"
"15/08/2026";"19:30:51";2026;6259;250002532337;-3;"#NE";1;"BRASILEIRA NATA";-3;"SÃO PAULO";"46";"N";0;"NÃO INFORMADO";"3176572.53";"#NE";"S";"-1";"06005068420266260000";"-3";"#NE";"-3";"#NE";"NÃO";"#NULO";-1;"#NULO";"N";"N";-1;-1;"2026-07-27 18:23:24";8;"AGUARDANDO JULGAMENTO";"-1";"#NULO";"-1";"#NULO";-1;"#NULO";-1;"#NULO";-1;"#NULO";-1;"#NULO";"-1";"#NULO"
"15/08/2026";"19:30:51";2026;6259;250002532342;-3;"#NE";1;"BRASILEIRA NATA";-3;"SÃO PAULO";"43";"N";0;"NÃO INFORMADO";"3176572.53";"#NE";"S";"-1";"06005146120266260000";"-3";"#NE";"-3";"#NE";"NÃO";"#NULO";-1;"#NULO";"N";"N";-1;-1;"2026-07-27 18:23:24";8;"AGUARDANDO JULGAMENTO";"-1";"#NULO";"-1";"#NULO";-1;"#NULO";-1;"#NULO";-1;"#NULO";-1;"#NULO";"-1";"#NULO"
"15/08/2026";"19:30:51";2026;6259;250002532341;-3;"#NE";1;"BRASILEIRA NATA";-3;"TAUBATÉ";"70";"N";0;"NÃO INFORMADO";"3176572.53";"#NE";"N";"-1";"06005319720266260000";"-3";"#NE";"-3";"#NE";"NÃO";"#NULO";-1;"#NULO";"N";"N";-1;-1;"2026-07-27 18:23:24";8;"AGUARDANDO JULGAMENTO";"-1";"#NULO";"-1";"#NULO";-1;"#NULO";-1;"#NULO";-1;"#NULO";-1;"#NULO";"-1";"#NULO"
"15/08/2026";"19:30:51";2026;6259;250002532344;-3;"#NE";1;"BRASILEIRA NATA";-3;"BARRETOS";"63";"N";0;"NÃO INFORMADO";"3176572.53";"#NE";"S";"-1";"06004938520266260000";"-3";"#NE";"-3";"#NE";"NÃO";"#NULO";-1;"#NULO";"N";"N";-1;-1;"2026-07-27 18:23:24";8;"AGUARDANDO JULGAMENTO";"-1";"#NULO";"-1";"#NULO";-1;"#NULO";-1;"#NULO";-1;"#NULO";-1;"#NULO";"-1";"#NULO"
"15/08/2026";"19:30:51";2026;6259;250002532355;-3;"#NE";1;"BRASILEIRA NATA";-3;"SOROCABA";"48";"N";0;"NÃO INFORMADO";"3176572.53";"#NE";"S";"-1";"06005414420266260000";"-3";"#NE";"-3";"#NE";"NÃO";"#NULO";-1;"#NULO";"N";"N";-1;-1;"2026-07-27 18:23:24";8;"AGUARDANDO JULGAMENTO";"-1";"#NULO";"-1";"#NULO";-1;"#NULO";-1;"#NULO";-1;"#NULO";-1;"#NULO";"-1";"#NULO"
"15/08/2026";"19:30:51";2026;6259;250002532378;-3;"#NE";1;"BRASILEIRA NATA";-3;"SÃO PAULO";"48";"N";-1;"#NULO";"3176572.53";"#NE";"S";"-1";"06005110920266260000";"-3";"#NE";"-3";"#NE";"NÃO";"#NULO";-1;"#NULO";"N";"N";-1;-1;"2026-07-27 18:23:24";8;"AGUARDANDO JULGAMENTO";"-1";"#NULO";"-1";"#NULO";-1;"#NULO";-1;"#NULO";-1;"#NULO";-1;"#NULO";"-1";"#NULO"
"15/08/2026";"19:30:51";2026;6259;250002532382;-3;"#NE";1;"BRASILEIRA NATA";-3;"TERESINA";"50";"N";0;"NÃO INFORMADO";"3176572.53";"#NE";"N";"-1";"06005259020266260000";"-3";"#NE";"-3";"#NE";"NÃO";"#NULO";-1;"#NULO";"N";"N";-1;-1;"2026-07-27 18:23:24";8;"AGUARDANDO JULGAMENTO";"-1";"#NULO";"-1";"#NULO";-1;"#NULO";-1;"#NULO";-1;"#NULO";-1;"#NULO";"-1";"#NULO"
"15/08/2026";"19:30:51";2026;6259;250002533610;-3;"#NE";1;"BRASILEIRA NATA";-3;"CIANORTE";"38";"N";0;"NÃO INFORMADO";"3176572.53";"#NE";"S";"-1";"06007086120266260000";"-3";"#NE";"-3";"#NE";"NÃO";"#NULO";-1;"#NULO";"N";"N";-1;-1;"2026-07-30 18:02:50";8;"AGUARDANDO JULGAMENTO";"-1";"#NULO";"-1";"#NULO";-1;"#NULO";-1;"#NULO";-1;"#NULO";-1;"#NULO";"-1";"#NULO"
"15/08/2026";"19:30:51";2026;6259;250002533617;-3;"#NE";1;"BRASILEIRA NATA";-3;"MOGI DAS CRUZES";"48";"N";-1;"#NULO";"3176572.53";"#NE";"S";"-1";"06007033920266260000";"-3";"#NE";"-3";"#NE";"NÃO";"#NULO";-1;"#NULO";"N";"N";-1;-1;"2026-07-30 18:02:50";8;"AGUARDANDO JULGAMENTO";"-1";"#NULO";"-1";"#NULO";-1;"#NULO";-1;"#NULO";-1;"#NULO";-1;"#NULO";"-1";"#NULO"
"15/08/2026";"19:30:51";2026;6259;250002533627;-3;"#NE";1;"BRASILEIRA NATA";-3;"CAMPINAS";"69";"N";0;"NÃO INFORMADO";"3176572.53";"#NE";"S";"-1";"06006522820266260000";"-3";"#NE";"-3";"#NE";"NÃO";"#NULO";-1;"#NULO";"N";"N";-1;-1;"2026-07-30 18:02:50";8;"AGUARDANDO JULGAMENTO";"-1";"#NULO";"-1";"#NULO";-1;"#NULO";-1;"#NULO";-1;"#NULO";-1;"#NULO";"-1";"#NULO"
"15/08/2026";"19:30:51";2026;6259;250002533629;-3;"#NE";1;"BRASILEIRA NATA";-3;"DIADEMA";"47";"N";0;"NÃO INFORMADO";"3176572.53";"#NE";"S";"-1";"06006730420266260000";"-3";"#NE";"-3";"#NE";"NÃO";"#NULO";-1;"#NULO";"N";"N";-1;-1;"2026-07-30 18:02:50";8;"AGUARDANDO JULGAMENTO";"-1";"#NULO";"-1";"#NULO";-1;"#NULO";-1;"#NULO";-1;"#NULO";-1;"#NULO";"-1";"#NULO"
"15/08/2026";"19:30:51";2026;6259;250002533652;-3;"#NE";1;"BRASILEIRA NATA";-3;"SÃO PAULO";"41";"N";-1;"#NULO";"3176572.53";"#NE";"S";"-1";"06007129820266260000";"-3";"#NE";"-3";"#NE";"NÃO";"#NULO";-1;"#NULO";"N";"N";-1;-1;"2026-07-30 18:02:50";8;"AGUARDANDO JULGAMENTO";"-1";"#NULO";"-1";"#NULO";-1;"#NULO";-1;"#NULO";-1;"#NULO";-1;"#NULO";"-1";"#NULO"
"15/08/2026";"19:30:51";2026;6259;250002533654;-3;"#NE";1;"BRASILEIRA NATA";-3;"SÃO PAULO";"27";"N";-1;"#NULO";"3176572.53";"#NE";"S";"-1";"06006679420266260000";"-3";"#NE";"-3";"#NE";"NÃO";"#NULO";-1;"#NULO";"N";"N";-1;-1;"2026-07-30 18:02:50";8;"AGUARDANDO JULGAMENTO";"-1";"#NULO";"-1";"#NULO";-1;"#NULO";-1;"#NULO";-1;"#NULO";-1;"#NULO";"-1";"#NULO"
"15/08/2026";"19:30:51";2026;6259;250002533659;-3;"#NE";1;"BRASILEIRA NATA";-3;"SÃO PAULO";"57";"N";0;"NÃO INFORMADO";"3176572.53";"#NE";"S";"-1";"06006973220266260000";"-3";"#NE";"-3";"#NE";"NÃO";"#NULO";-1;"#NULO";"N";"N";-1;-1;"2026-07-30 18:02:50";8;"AGUARDANDO JULGAMENTO";"-1";"#NULO";"-1";"#NULO";-1;"#NULO";-1;"#NULO";-1;"#NULO";-1;"#NULO";"-1";"#NULO"
"15/08/2026";"19:30:51";2026;6259;250002533662;-3;"#NE";1;"BRASILEIRA NATA";-3;"SÃO PAULO";"45";"N";-1;"#NULO";"3176572.53";"#NE";"S";"-1";"06006505820266260000";"-3";"#NE";"-3";"#NE";"NÃO";"#NULO";-1;"#NULO";"N";"N";-1;-1;"2026-07-30 18:02:50";8;"AGUARDANDO JULGAMENTO";"-1";"#NULO";"-1";"#NULO";-1;"#NULO";-1;"#NULO";-1;"#NULO";-1;"#NULO";"-1";"#NULO"
"15/08/2026";"19:30:51";2026;6259;250002533664;-3;"#NE";1;"BRASILEIRA NATA";-3;"SÃO PAULO";"54";"N";-1;"#NULO";"3176572.53";"#NE";"S";"-1";"06006843320266260000";"-3";"#NE";"-3";"#NE";"NÃO";"#NULO";-1;"#NULO";"N";"N";-1;-1;"2026-07-30 18:02:50";8;"AGUARDANDO JULGAMENTO";"-1";"#NULO";"-1";"#NULO";-1;"#NULO";-1;"#NULO";-1;"#NULO";-1;"#NULO";"-1";"#NULO"
"15/08/2026";"19:30:51";2026;6259;250002533671;-3;"#NE";1;"BRASILEIRA NATA";-3;"TAUBATÉ";"66";"N";-1;"#NULO";"3176572.53";"#NE";"S";"-1";"06007077620266260000";"-3";"#NE";"-3";"#NE";"NÃO";"#NULO";-1;"#NULO";"N";"N";-1;-1;"2026-07-30 18:02:50";8;"AGUARDANDO JULGAMENTO";"-1";"#NULO";"-1";"#NULO";-1;"#NULO";-1;"#NULO";-1;"#NULO";-1;"#NULO";"-1";"#NULO"
"15/08/2026";"19:30:51";2026;6259;250002533753;-3;"#NE";1;"BRASILEIRA NATA";-3;"LORENA";"34";"N";0;"NÃO INFORMADO";"1270629.01";"#NE";"N";"-1";"06006246020266260000";"-3";"#NE";"-3";"#NE";"NÃO";"#NULO";-1;"#NULO";"N";"N";-1;-1;"2026-07-30 13:42:57";8;"AGUARDANDO JULGAMENTO";"-1";"#NULO";"-1";"#NULO";-1;"#NULO";-1;"#NULO";-1;"#NULO";-1;"#NULO";"-1";"#NULO"
"15/08/2026";"19:30:51";2026;6259;250002533757;-3;"#NE";1;"BRASILEIRA NATA";-3;"SÃO PAULO";"40";"N";0;"NÃO INFORMADO";"1270629.01";"#NE";"S";"-1";"06006020220266260000";"-3";"#NE";"-3";"#NE";"NÃO";"#NULO";-1;"#NULO";"N";"N";-1;-1;"2026-07-30 13:42:57";8;"AGUARDANDO JULGAMENTO";"-1";"#NULO";"-1";"#NULO";-1;"#NULO";-1;"#NULO";-1;"#NULO";-1;"#NULO";"-1";"#NULO"
"15/08/2026";"19:30:51";2026;6259;250002533758;-3;"#NE";1;"BRASILEIRA NATA";-3;"SÃO PAULO";"33";"N";-1;"#NULO";"1270629.01";"#NE";"S";"-1";"06006289720266260000";"-3";"#NE";"-3";"#NE";"NÃO";"#NULO";-1;"#NULO";"N";"N";-1;-1;"2026-07-30 13:42:57";8;"AGUARDANDO JULGAMENTO";"-1";"#NULO";"-1";"#NULO";-1;"#NULO";-1;"#NULO";-1;"#NULO";-1;"#NULO";"-1";"#NULO"
"15/08/2026";"19:30:51";2026;6259;250002533759;-3;"#NE";1;"BRASILEIRA NATA";-3;"SÃO PAULO";"41";"N";0;"NÃO INFORMADO";"1270629.01";"#NE";"S";"-1";"06006038420266260000";"-3";"#NE";"-3";"#NE";"NÃO";"#NULO";-1;"#NULO";"N";"N";-1;-1;"2026-07-30 13:42:57";8;"AGUARDANDO JULGAMENTO";"-1";"#NULO";"-1";"#NULO";-1;"#NULO";-1;"#NULO";-1;"#NULO";-1;"#NULO";"-1";"#NULO"
"15/08/2026";"19:30:51";2026;6259;250002533761;-3;"#NE";1;"BRASILEIRA NATA";-3;"SÃO PAULO";"38";"N";0;"NÃO INFORMADO";"1270629.01";"#NE";"S";"-1";"06005657220266260000";"-3";"#NE";"-3";"#NE";"NÃO";"#NULO";-1;"#NULO";"N";"N";-1;-1;"2026-07-30 13:42:57";8;"AGUARDANDO JULGAMENTO";"-1";"#NULO";"-1";"#NULO";-1;"#NULO";-1;"#NULO";-1;"#NULO";-1;"#NULO";"-1";"#NULO"
"15/08/2026";"19:30:51";2026;6259;250002533772;-3;"#NE";1;"BRASILEIRA NATA";-3;"SÃO PAULO";"62";"N";-1;"#NULO";"1270629.01";"#NE";"N";"-1";"06006271520266260000";"-3";"#NE";"-3";"#NE";"NÃO";"#NULO";-1;"#NULO";"N";"N";-1;-1;"2026-07-30 13:42:57";8;"AGUARDANDO JULGAMENTO";"-1";"#NULO";"-1";"#NULO";-1;"#NULO";-1;"#NULO";-1;"#NULO";-1;"#NULO";"-1";"#NULO"
"15/08/2026";"19:30:51";2026;6259;250002533784;-3;"#NE";1;"BRASILEIRA NATA";-3;"SÃO FRANCISCO DO PIAUÍ";"51";"N";-1;"#NULO";"1270629.01";"#NE";"S";"-1";"06005821120266260000";"-3";"#NE";"-3";"#NE";"NÃO";"#NULO";-1;"#NULO";"N";"N";-1;-1;"2026-07-30 13:42:57";8;"AGUARDANDO JULGAMENTO";"-1";"#NULO";"-1";"#NULO";-1;"#NULO";-1;"#NULO";-1;"#NULO";-1;"#NULO";"-1";"#NULO"
"15/08/2026";"19:30:51";2026;6259;250002533785;-3;"#NE";1;"BRASILEIRA NATA";-3;"BARRINHA";"37";"N";0;"NÃO INFORMADO";"1270629.01";"#NE";"S";"-1";"06006124620266260000";"-3";"#NE";"-3";"#NE";"NÃO";"#NULO";-1;"#NULO";"N";"N";-1;-1;"2026-07-30 13:42:57";8;"AGUARDANDO JULGAMENTO";"-1";"#NULO";"-1";"#NULO";-1;"#NULO";-1;"#NULO";-1;"#NULO";-1;"#NULO";"-1";"#NULO"
"15/08/2026";"19:30:51";2026;6259;250002533786;-3;"#NE";1;"BRASILEIRA NATA";-3;"PIRASSUNUNGA";"55";"N";-1;"#NULO";"1270629.01";"#NE";"S";"-1";"06006254520266260000";"-3";"#NE";"-3";"#NE";"NÃO";"#NULO";-1;"#NULO";"N";"N";-1;-1;"2026-07-30 13:42:57";8;"AGUARDANDO JULGAMENTO";"-1";"#NULO";"-1";"#NULO";-1;"#NULO";-1;"#NULO";-1;"#NULO";-1;"#NULO";"-1";"#NULO"
"15/08/2026";"19:30:51";2026;6259;250002533790;-3;"#NE";1;"BRASILEIRA NATA";-3;"SÃO CAETANO DO SUL";"48";"N";-1;"#NULO";"1270629.01";"#NE";"N";"-1";"06006298220266260000";"-3";"#NE";"-3";"#NE";"NÃO";"#NULO";-1;"#NULO";"N";"N";-1;-1;"2026-07-30 13:42:57";8;"AGUARDANDO JULGAMENTO";"-1";"#NULO";"-1";"#NULO";-1;"#NULO";-1;"#NULO";-1;"#NULO";-1;"#NULO";"-1";"#NULO"
"15/08/2026";"19:30:51";2026;6259;250002533791;-3;"#NE";1;"BRASILEIRA NATA";-3;"GUARULHOS";"57";"N";0;"NÃO INFORMADO";"1270629.01";"#NE";"S";"-1";"06006392920266260000";"-3";"#NE";"-3";"#NE";"NÃO";"#NULO";-1;"#NULO";"N";"N";-1;-1;"2026-07-30 13:42:57";8;"AGUARDANDO JULGAMENTO";"-1";"#NULO";"-1";"#NULO";-1;"#NULO";-1;"#NULO";-1;"#NULO";-1;"#NULO";"-1";"#NULO"
"15/08/2026";"19:30:51";2026;6259;250002533802;-3;"#NE";1;"BRASILEIRA NATA";-3;"PRESIDENTE PRUDENTE";"61";"N";0;"NÃO INFORMADO";"1270629.01";"#NE";"S";"-1";"06006263020266260000";"-3";"#NE";"-3";"#NE";"NÃO";"#NULO";-1;"#NULO";"N";"N";-1;-1;"2026-07-30 13:42:57";8;"AGUARDANDO JULGAMENTO";"-1";"#NULO";"-1";"#NULO";-1;"#NULO";-1;"#NULO";-1;"#NULO";-1;"#NULO";"-1";"#NULO"
"15/08/2026";"19:30:51";2026;6259;250002533804;-3;"#NE";1;"BRASILEIRA NATA";-3;"ILHABELA";"66";"N";0;"NÃO INFORMADO";"1270629.01";"#NE";"S";"-1";"06006193820266260000";"-3";"#NE";"-3";"#NE";"NÃO";"#NULO";-1;"#NULO";"N";"N";-1;-1;"2026-07-30 13:42:57";8;"AGUARDANDO JULGAMENTO";"-1";"#NULO";"-1";"#NULO";-1;"#NULO";-1;"#NULO";-1;"#NULO";-1;"#NULO";"-1";"#NULO"
"15/08/2026";"19:30:51";2026;6259;250002533808;-3;"#NE";1;"BRASILEIRA NATA";-3;"PORTO ALEGRE";"46";"N";-1;"#NULO";"1270629.01";"#NE";"S";"-1";"06005917020266260000";"-3";"#NE";"-3";"#NE";"NÃO";"#NULO";-1;"#NULO";"N";"N";-1;-1;"2026-07-30 13:42:57";8;"AGUARDANDO JULGAMENTO";"-1";"#NULO";"-1";"#NULO";-1;"#NULO";-1;"#NULO";-1;"#NULO";-1;"#NULO";"-1";"#NULO"
"15/08/2026";"19:30:51";2026;6259;250002534125;-3;"#NE";1;"BRASILEIRA NATA";-3;"TAPIRA";"33";"N";-1;"#NULO";"1270629.01";"#NE";"N";"-1";"06008722620266260000";"-3";"#NE";"-3";"#NE";"NÃO";"#NULO";-1;"#NULO";"N";"N";-1;-1;"2026-07-31 18:08:08";8;"AGUARDANDO JULGAMENTO";"-1";"#NULO";"-1";"#NULO";-1;"#NULO";-1;"#NULO";-1;"#NULO";-1;"#NULO";"-1";"#NULO"
"15/08/2026";"19:30:51";2026;6259;250002534127;-3;"#NE";1;"BRASILEIRA NATA";-3;"SÃO JOSÉ DO RIO PRETO";"47";"N";-1;"#NULO";"1270629.01";"#NE";"S";"-1";"06009095320266260000";"-3";"#NE";"-3";"#NE";"NÃO";"#NULO";-1;"#NULO";"N";"N";-1;-1;"2026-07-31 18:08:08";8;"AGUARDANDO JULGAMENTO";"-1";"#NULO";"-1";"#NULO";-1;"#NULO";-1;"#NULO";-1;"#NULO";-1;"#NULO";"-1";"#NULO"
"15/08/2026";"19:30:51";2026;6259;250002534130;-3;"#NE";1;"BRASILEIRA NATA";-3;"SÃO BERNARDO DO CAMPO";"32";"N";-1;"#NULO";"1270629.01";"#NE";"S";"-1";"06009009120266260000";"-3";"#NE";"-3";"#NE";"NÃO";"#NULO";-1;"#NULO";"N";"N";-1;-1;"2026-07-31 18:08:08";8;"AGUARDANDO JULGAMENTO";"-1";"#NULO";"-1";"#NULO";-1;"#NULO";-1;"#NULO";-1;"#NULO";-1;"#NULO";"-1";"#NULO"
"15/08/2026";"19:30:51";2026;6259;250002534133;-3;"#NE";1;"BRASILEIRA NATA";-3;"SÃO VICENTE";"64";"N";0;"NÃO INFORMADO";"1270629.01";"#NE";"S";"-1";"06009017620266260000";"-3";"#NE";"-3";"#NE";"NÃO";"#NULO";-1;"#NULO";"N";"N";-1;-1;"2026-07-31 18:08:08";8;"AGUARDANDO JULGAMENTO";"-1";"#NULO";"-1";"#NULO";-1;"#NULO";-1;"#NULO";-1;"#NULO";-1;"#NULO";"-1";"#NULO"
"15/08/2026";"19:30:51";2026;6259;250002534140;-3;"#NE";1;"BRASILEIRA NATA";-3;"JOANÓPOLIS";"38";"N";0;"NÃO INFORMADO";"1270629.01";"#NE";"S";"-1";"06008697120266260000";"-3";"#NE";"-3";"#NE";"NÃO";"#NULO";-1;"#NULO";"N";"N";-1;-1;"2026-07-31 18:08:08";8;"AGUARDANDO JULGAMENTO";"-1";"#NULO";"-1";"#NULO";-1;"#NULO";-1;"#NULO";-1;"#NULO";-1;"#NULO";"-1";"#NULO"
"15/08/2026";"19:30:51";2026;6259;250002534146;-3;"#NE";1;"BRASILEIRA NATA";-3;"SÃO PAULO";"47";"N";-1;"#NULO";"1270629.01";"#NE";"S";"-1";"06008956920266260000";"-3";"#NE";"-3";"#NE";"NÃO";"#NULO";-1;"#NULO";"N";"N";-1;-1;"2026-07-31 18:08:08";8;"AGUARDANDO JULGAMENTO";"-1";"#NULO";"-1";"#NULO";-1;"#NULO";-1;"#NULO";-1;"#NULO";-1;"#NULO";"-1";"#NULO"
"15/08/2026";"19:30:51";2026;6259;250002534147;-3;"#NE";1;"BRASILEIRA NATA";-3;"SÃO PAULO";"64";"N";-1;"#NULO";"1270629.01";"#NE";"N";"-1";"06008990920266260000";"-3";"#NE";"-3";"#NE";"NÃO";"#NULO";-1;"#NULO";"N";"N";-1;-1;"2026-07-31 18:08:08";8;"AGUARDANDO JULGAMENTO";"-1";"#NULO";"-1";"#NULO";-1;"#NULO";-1;"#NULO";-1;"#NULO";-1;"#NULO";"-1";"#NULO"
"15/08/2026";"19:30:51";2026;6259;250002534151;-3;"#NE";1;"BRASILEIRA NATA";-3;"CAMPINAS";"55";"N";0;"NÃO INFORMADO";"1270629.01";"#NE";"S";"-1";"06008835520266260000";"-3";"#NE";"-3";"#NE";"NÃO";"#NULO";-1;"#NULO";"N";"N";-1;-1;"2026-07-31 18:08:08";8;"AGUARDANDO JULGAMENTO";"-1";"#NULO";"-1";"#NULO";-1;"#NULO";-1;"#NULO";-1;"#NULO";-1;"#NULO";"-1";"#NULO"
"15/08/2026";"19:30:51";2026;6259;250002534152;-3;"#NE";1;"BRASILEIRA NATA";-3;"PRESIDENTE EPITÁCIO";"41";"N";-1;"#NULO";"1270629.01";"#NE";"N";"-1";"06009225220266260000";"-3";"#NE";"-3";"#NE";"NÃO";"#NULO";-1;"#NULO";"N";"N";-1;-1;"2026-07-31 18:08:08";8;"AGUARDANDO JULGAMENTO";"-1";"#NULO";"-1";"#NULO";-1;"#NULO";-1;"#NULO";-1;"#NULO";-1;"#NULO";"-1";"#NULO"
"15/08/2026";"19:30:51";2026;6259;250002534161;-3;"#NE";1;"BRASILEIRA NATA";-3;"SÃO PAULO";"51";"N";0;"NÃO INFORMADO";"1270629.01";"#NE";"S";"-1";"06008714120266260000";"-3";"#NE";"-3";"#NE";"NÃO";"#NULO";-1;"#NULO";"N";"N";-1;-1;"2026-07-31 18:08:08";8;"AGUARDANDO JULGAMENTO";"-1";"#NULO";"-1";"#NULO";-1;"#NULO";-1;"#NULO";-1;"#NULO";-1;"#NULO";"-1";"#NULO"
"15/08/2026";"19:30:51";2026;6259;250002534166;-3;"#NE";1;"BRASILEIRA NATA";-3;"SÃO JOSÉ DO RIO PRETO";"49";"N";0;"NÃO INFORMADO";"1270629.01";"#NE";"S";"-1";"06009112320266260000";"-3";"#NE";"-3";"#NE";"NÃO";"#NULO";-1;"#NULO";"N";"N";-1;-1;"2026-07-31 18:08:08";8;"AGUARDANDO JULGAMENTO";"-1";"#NULO";"-1";"#NULO";-1;"#NULO";-1;"#NULO";-1;"#NULO";-1;"#NULO";"-1";"#NULO"
"15/08/2026";"19:30:51";2026;6259;250002534175;-3;"#NE";1;"BRASILEIRA NATA";-3;"PALMEIRA D OESTE";"67";"N";-1;"#NULO";"1270629.01";"#NE";"S";"-1";"06008601220266260000";"-3";"#NE";"-3";"#NE";"NÃO";"#NULO";-1;"#NULO";"N";"N";-1;-1;"2026-07-31 18:08:08";8;"AGUARDANDO JULGAMENTO";"-1";"#NULO";"-1";"#NULO";-1;"#NULO";-1;"#NULO";-1;"#NULO";-1;"#NULO";"-1";"#NULO"
"15/08/2026";"19:30:51";2026;6259;250002534178;-3;"#NE";1;"BRASILEIRA NATA";-3;"MAUÁ";"53";"N";0;"NÃO INFORMADO";"1270629.01";"#NE";"S";"-1";"06009026120266260000";"-3";"#NE";"-3";"#NE";"NÃO";"#NULO";-1;"#NULO";"N";"N";-1;-1;"2026-07-31 18:08:08";8;"AGUARDANDO JULGAMENTO";"-1";"#NULO";"-1";"#NULO";-1;"#NULO";-1;"#NULO";-1;"#NULO";-1;"#NULO";"-1";"#NULO"
"15/08/2026";"19:30:51";2026;6259;250002534201;-3;"#NE";1;"BRASILEIRA NATA";-3;"ITAQUAQUECETUBA";"43";"N";-1;"#NULO";"1270629.01";"#NE";"N";"-1";"06007718620266260000";"-3";"#NE";"-3";"#NE";"NÃO";"#NULO";-1;"#NULO";"N";"N";-1;-1;"2026-07-30 18:39:36";8;"AGUARDANDO JULGAMENTO";"-1";"#NULO";"-1";"#NULO";-1;"#NULO";-1;"#NULO";-1;"#NULO";-1;"#NULO";"-1";"#NULO"
"15/08/2026";"19:30:51";2026;6259;250002534203;-3;"#NE";1;"BRASILEIRA NATA";-3;"JACAREÍ";"48";"N";-1;"#NULO";"1270629.01";"#NE";"N";"-1";"06007345920266260000";"-3";"#NE";"-3";"#NE";"NÃO";"#NULO";-1;"#NULO";"N";"N";-1;-1;"2026-07-30 18:39:36";8;"AGUARDANDO JULGAMENTO";"-1";"#NULO";"-1";"#NULO";-1;"#NULO";-1;"#NULO";-1;"#NULO";-1;"#NULO";"-1";"#NULO"
"15/08/2026";"19:30:51";2026;6259;250002534215;-3;"#NE";1;"BRASILEIRA NATA";-3;"PORTO ALEGRE";"53";"N";-1;"#NULO";"1270629.01";"#NE";"N";"-1";"06007241520266260000";"-3";"#NE";"-3";"#NE";"NÃO";"#NULO";-1;"#NULO";"N";"N";-1;-1;"2026-07-30 18:39:36";8;"AGUARDANDO JULGAMENTO";"-1";"#NULO";"-1";"#NULO";-1;"#NULO";-1;"#NULO";-1;"#NULO";-1;"#NULO";"-1";"#NULO"
"15/08/2026";"19:30:51";2026;6259;250002534219;-3;"#NE";1;"BRASILEIRA NATA";-3;"ATIBAIA";"48";"N";0;"NÃO INFORMADO";"1270629.01";"#NE";"S";"-1";"06007432120266260000";"-3";"#NE";"-3";"#NE";"NÃO";"#NULO";-1;"#NULO";"N";"N";-1;-1;"2026-07-30 18:39:36";8;"AGUARDANDO JULGAMENTO";"-1";"#NULO";"-1";"#NULO";-1;"#NULO";-1;"#NULO";-1;"#NULO";-1;"#NULO";"-1";"#NULO"
"15/08/2026";"19:30:51";2026;6259;250002534245;-3;"#NE";1;"BRASILEIRA NATA";-3;"SÃO PAULO";"56";"N";-1;"#NULO";"1270629.01";"#NE";"S";"-1";"06007796320266260000";"-3";"#NE";"-3";"#NE";"NÃO";"#NULO";-1;"#NULO";"N";"N";-1;-1;"2026-07-30 18:39:36";8;"AGUARDANDO JULGAMENTO";"-1";"#NULO";"-1";"#NULO";-1;"#NULO";-1;"#NULO";-1;"#NULO";-1;"#NULO";"-1";"#NULO"
"15/08/2026";"19:30:51";2026;6259;250002534246;-3;"#NE";1;"BRASILEIRA NATA";-3;"SÃO PAULO";"30";"N";0;"NÃO INFORMADO";"1270629.01";"#NE";"S";"-1";"06007519520266260000";"-3";"#NE";"-3";"#NE";"NÃO";"#NULO";-1;"#NULO";"N";"N";-1;-1;"2026-07-30 18:39:36";8;"AGUARDANDO JULGAMENTO";"-1";"#NULO";"-1";"#NULO";-1;"#NULO";-1;"#NULO";-1;"#NULO";-1;"#NULO";"-1";"#NULO"
"15/08/2026";"19:30:51";2026;6259;250002534252;-3;"#NE";1;"BRASILEIRA NATA";-3;"SÃO PAULO";"59";"N";0;"NÃO INFORMADO";"1270629.01";"#NE";"N";"-1";"06007666420266260000";"-3";"#NE";"-3";"#NE";"NÃO";"#NULO";-1;"#NULO";"N";"N";-1;-1;"2026-07-30 18:39:36";8;"AGUARDANDO JULGAMENTO";"-1";"#NULO";"-1";"#NULO";-1;"#NULO";-1;"#NULO";-1;"#NULO";-1;"#NULO";"-1";"#NULO"
"15/08/2026";"19:30:51";2026;6259;250002534262;-3;"#NE";1;"BRASILEIRA NATA";-3;"SÃO PAULO";"27";"N";-1;"#NULO";"1270629.01";"#NE";"S";"-1";"06007371420266260000";"-3";"#NE";"-3";"#NE";"NÃO";"#NULO";-1;"#NULO";"N";"N";-1;-1;"2026-07-30 18:39:36";8;"AGUARDANDO JULGAMENTO";"-1";"#NULO";"-1";"#NULO";-1;"#NULO";-1;"#NULO";-1;"#NULO";-1;"#NULO";"-1";"#NULO"
"15/08/2026";"19:30:51";2026;6259;250002534404;-3;"#NE";1;"BRASILEIRA NATA";-3;"JABOTICABAL";"44";"N";0;"NÃO INFORMADO";"3176572.53";"#NE";"N";"-1";"06008238220266260000";"-3";"#NE";"-3";"#NE";"NÃO";"#NULO";-1;"#NULO";"N";"N";-1;-1;"2026-07-31 17:30:56";8;"AGUARDANDO JULGAMENTO";"-1";"#NULO";"-1";"#NULO";-1;"#NULO";-1;"#NULO";-1;"#NULO";-1;"#NULO";"-1";"#NULO"
"15/08/2026";"19:30:51";2026;6259;250002534920;-3;"#NE";1;"BRASILEIRA NATA";-3;"ARARAS";"71";"N";-1;"#NULO";"3176572.53";"#NE";"S";"-1";"06008203020266260000";"-3";"#NE";"-3";"#NE";"NÃO";"#NULO";-1;"#NULO";"N";"N";-1;-1;"2026-07-31 17:30:56";8;"AGUARDANDO JULGAMENTO";"-1";"#NULO";"-1";"#NULO";-1;"#NULO";-1;"#NULO";-1;"#NULO";-1;"#NULO";"-1";"#NULO"
"15/08/2026";"19:30:51";2026;6259;250002534918;-3;"#NE";1;"BRASILEIRA NATA";-3;"IJUÍ";"60";"N";0;"NÃO INFORMADO";"3176572.53";"#NE";"S";"-1";"06008177520266260000";"-3";"#NE";"-3";"#NE";"NÃO";"#NULO";-1;"#NULO";"N";"N";-1;-1;"2026-07-31 17:30:56";8;"AGUARDANDO JULGAMENTO";"-1";"#NULO";"-1";"#NULO";-1;"#NULO";-1;"#NULO";-1;"#NULO";-1;"#NULO";"-1";"#NULO"
"15/08/2026";"19:30:51";2026;6259;250002534940;-3;"#NE";1;"BRASILEIRA NATA";-3;"SÃO PAULO";"52";"N";-1;"#NULO";"3176572.53";"#NE";"S";"-1";"06008125320266260000";"-3";"#NE";"-3";"#NE";"NÃO";"#NULO";-1;"#NULO";"N";"N";-1;-1;"2026-07-31 17:30:56";8;"AGUARDANDO JULGAMENTO";"-1";"#NULO";"-1";"#NULO";-1;"#NULO";-1;"#NULO";-1;"#NULO";-1;"#NULO";"-1";"#NULO"
"15/08/2026";"19:30:51";2026;6259;250002534943;-3;"#NE";1;"BRASILEIRA NATA";-3;"SÃO PAULO";"45";"N";0;"NÃO INFORMADO";"3176572.53";"#NE";"S";"-1";"06008428820266260000";"-3";"#NE";"-3";"#NE";"NÃO";"#NULO";-1;"#NULO";"N";"N";-1;-1;"2026-07-31 17:30:56";8;"AGUARDANDO JULGAMENTO";"-1";"#NULO";"-1";"#NULO";-1;"#NULO";-1;"#NULO";-1;"#NULO";-1;"#NULO";"-1";"#NULO"
"15/08/2026";"19:30:51";2026;6259;250002535932;-3;"#NE";1;"BRASILEIRA NATA";-3;"BELO HORIZONTE";"44";"N";0;"NÃO INFORMADO";"3176572.53";"#NE";"N";"-1";"06009468020266260000";"-3";"#NE";"-3";"#NE";"NÃO";"#NULO";-1;"#NULO";"N";"N";-1;-1;"2026-08-03 15:47:14";8;"AGUARDANDO JULGAMENTO";"-1";"#NULO";"-1";"#NULO";-1;"#NULO";-1;"#NULO";-1;"#NULO";-1;"#NULO";"-1";"#NULO"
"15/08/2026";"19:30:51";2026;6259;250002535936;-3;"#NE";1;"BRASILEIRA NATA";-3;"SERRA TALHADA";"40";"N";-1;"#NULO";"3176572.53";"#NE";"S";"-1";"06009952420266260000";"-3";"#NE";"-3";"#NE";"NÃO";"#NULO";-1;"#NULO";"N";"N";-1;-1;"2026-08-03 15:47:14";8;"AGUARDANDO JULGAMENTO";"-1";"#NULO";"-1";"#NULO";-1;"#NULO";-1;"#NULO";-1;"#NULO";-1;"#NULO";"-1";"#NULO"
"15/08/2026";"19:30:51";2026;6259;250002535937;-3;"#NE";1;"BRASILEIRA NATA";-3;"TERESINA";"46";"N";-1;"#NULO";"3176572.53";"#NE";"S";"-1";"06009554220266260000";"-3";"#NE";"-3";"#NE";"NÃO";"#NULO";-1;"#NULO";"N";"N";-1;-1;"2026-08-03 15:47:14";8;"AGUARDANDO JULGAMENTO";"-1";"#NULO";"-1";"#NULO";-1;"#NULO";-1;"#NULO";-1;"#NULO";-1;"#NULO";"-1";"#NULO"
"15/08/2026";"19:30:51";2026;6259;250002535951;-3;"#NE";1;"BRASILEIRA NATA";-3;"ORLÂNDIA";"54";"N";-1;"#NULO";"3176572.53";"#NE";"S";"-1";"06009640420266260000";"-3";"#NE";"-3";"#NE";"NÃO";"#NULO";-1;"#NULO";"N";"N";-1;-1;"2026-08-03 15:47:14";8;"AGUARDANDO JULGAMENTO";"-1";"#NULO";"-1";"#NULO";-1;"#NULO";-1;"#NULO";-1;"#NULO";-1;"#NULO";"-1";"#NULO"
"15/08/2026";"19:30:51";2026;6259;250002535950;-3;"#NE";1;"BRASILEIRA NATA";-3;"MOGI DAS CRUZES";"31";"N";-1;"#NULO";"3176572.53";"#NE";"N";"-1";"06009493520266260000";"-3";"#NE";"-3";"#NE";"NÃO";"#NULO";-1;"#NULO";"N";"N";-1;-1;"2026-08-03 15:47:14";8;"AGUARDANDO JULGAMENTO";"-1";"#NULO";"-1";"#NULO";-1;"#NULO";-1;"#NULO";-1;"#NULO";-1;"#NULO";"-1";"#NULO"
"15/08/2026";"19:30:51";2026;6259;250002535971;-3;"#NE";1;"BRASILEIRA NATA";-3;"SANTA ALBERTINA";"59";"N";-1;"#NULO";"3176572.53";"#NE";"S";"-1";"06009987620266260000";"-3";"#NE";"-3";"#NE";"NÃO";"#NULO";-1;"#NULO";"N";"N";-1;-1;"2026-08-03 15:47:14";8;"AGUARDANDO JULGAMENTO";"-1";"#NULO";"-1";"#NULO";-1;"#NULO";-1;"#NULO";-1;"#NULO";-1;"#NULO";"-1";"#NULO"
"15/08/2026";"19:30:51";2026;6259;250002535976;-3;"#NE";1;"BRASILEIRA NATA";-3;"SÃO PAULO";"51";"N";0;"NÃO INFORMADO";"3176572.53";"#NE";"S";"-1";"06009822520266260000";"-3";"#NE";"-3";"#NE";"NÃO";"#NULO";-1;"#NULO";"N";"N";-1;-1;"2026-08-03 15:47:14";8;"AGUARDANDO JULGAMENTO";"-1";"#NULO";"-1";"#NULO";-1;"#NULO";-1;"#NULO";-1;"#NULO";-1;"#NULO";"-1";"#NULO"
"15/08/2026";"19:30:51";2026;6259;250002535986;-3;"#NE";1;"BRASILEIRA NATA";-3;"SÃO PAULO";"44";"N";0;"NÃO INFORMADO";"3176572.53";"#NE";"S";"-1";"06009900220266260000";"-3";"#NE";"-3";"#NE";"NÃO";"#NULO";-1;"#NULO";"N";"N";-1;-1;"2026-08-03 15:47:14";8;"AGUARDANDO JULGAMENTO";"-1";"#NULO";"-1";"#NULO";-1;"#NULO";-1;"#NULO";-1;"#NULO";-1;"#NULO";"-1";"#NULO"
"15/08/2026";"19:30:51";2026;6259;250002535990;-3;"#NE";1;"BRASILEIRA NATA";-3;"SÃO PAULO";"50";"N";-1;"#NULO";"3176572.53";"#NE";"S";"-1";"06009424320266260000";"-3";"#NE";"-3";"#NE";"NÃO";"#NULO";-1;"#NULO";"N";"N";-1;-1;"2026-08-03 15:47:14";8;"AGUARDANDO JULGAMENTO";"-1";"#NULO";"-1";"#NULO";-1;"#NULO";-1;"#NULO";-1;"#NULO";-1;"#NULO";"-1";"#NULO"
"15/08/2026";"19:30:51";2026;6259;250002535996;-3;"#NE";1;"BRASILEIRA NATA";-3;"SOROCABA";"30";"N";-1;"#NULO";"3176572.53";"#NE";"S";"-1";"06009831020266260000";"-3";"#NE";"-3";"#NE";"NÃO";"#NULO";-1;"#NULO";"N";"N";-1;-1;"2026-08-03 15:47:14";8;"AGUARDANDO JULGAMENTO";"-1";"#NULO";"-1";"#NULO";-1;"#NULO";-1;"#NULO";-1;"#NULO";-1;"#NULO";"-1";"#NULO"
"15/08/2026";"19:30:51";2026;6259;250002535999;-3;"#NE";2;"BRASILEIRA (NATURALIZADA)";-3;"HAVANA";"27";"N";0;"NÃO INFORMADO";"3176572.53";"#NE";"S";"-1";"06009935420266260000";"-3";"#NE";"-3";"#NE";"NÃO";"#NULO";-1;"#NULO";"N";"N";-1;-1;"2026-08-03 15:47:14";8;"AGUARDANDO JULGAMENTO";"-1";"#NULO";"-1";"#NULO";-1;"#NULO";-1;"#NULO";-1;"#NULO";-1;"#NULO";"-1";"#NULO"
"15/08/2026";"19:30:51";2026;6259;250002536250;-3;"#NE";1;"BRASILEIRA NATA";-3;"CACHOEIRA DOS ÍNDIOS";"48";"N";0;"NÃO INFORMADO";"1270629.01";"#NE";"S";"-1";"06011641120266260000";"-3";"#NE";"-3";"#NE";"NÃO";"#NULO";-1;"#NULO";"N";"N";-1;-1;"2026-08-04 11:54:14";8;"AGUARDANDO JULGAMENTO";"-1";"#NULO";"-1";"#NULO";-1;"#NULO";-1;"#NULO";-1;"#NULO";-1;"#NULO";"-1";"#NULO"
"15/08/2026";"19:30:51";2026;6259;250002536266;-3;"#NE";1;"BRASILEIRA NATA";-3;"NATAL";"51";"N";80;"GUARANÍ";"1270629.01";"#NE";"N";"-1";"06011139720266260000";"-3";"#NE";"-3";"#NE";"NÃO";"#NULO";-1;"#NULO";"N";"N";-1;-1;"2026-08-04 11:54:14";8;"AGUARDANDO JULGAMENTO";"-1";"#NULO";"-1";"#NULO";-1;"#NULO";-1;"#NULO";-1;"#NULO";-1;"#NULO";"-1";"#NULO"
"15/08/2026";"19:30:51";2026;6259;250002536349;-3;"#NE";1;"BRASILEIRA NATA";-3;"BELÉM";"33";"N";-1;"#NULO";"1270629.01";"#NE";"S";"-1";"06010325120266260000";"-3";"#NE";"-3";"#NE";"NÃO";"#NULO";-1;"#NULO";"N";"N";-1;-1;"2026-08-03 16:14:03";8;"AGUARDANDO JULGAMENTO";"-1";"#NULO";"-1";"#NULO";-1;"#NULO";-1;"#NULO";-1;"#NULO";-1;"#NULO";"-1";"#NULO"
"15/08/2026";"19:30:51";2026;6259;250002536355;-3;"#NE";1;"BRASILEIRA NATA";-3;"JALES";"47";"N";0;"NÃO INFORMADO";"1270629.01";"#NE";"S";"-1";"06010264420266260000";"-3";"#NE";"-3";"#NE";"NÃO";"#NULO";-1;"#NULO";"N";"N";-1;-1;"2026-08-03 16:14:03";8;"AGUARDANDO JULGAMENTO";"-1";"#NULO";"-1";"#NULO";-1;"#NULO";-1;"#NULO";-1;"#NULO";-1;"#NULO";"-1";"#NULO"
"15/08/2026";"19:30:51";2026;6259;250002536361;-3;"#NE";1;"BRASILEIRA NATA";-3;"MOGI DAS CRUZES";"47";"N";-1;"#NULO";"1270629.01";"#NE";"S";"-1";"06010637120266260000";"-3";"#NE";"-3";"#NE";"NÃO";"#NULO";-1;"#NULO";"N";"N";-1;-1;"2026-08-03 16:14:03";8;"AGUARDANDO JULGAMENTO";"-1";"#NULO";"-1";"#NULO";-1;"#NULO";-1;"#NULO";-1;"#NULO";-1;"#NULO";"-1";"#NULO"
"15/08/2026";"19:30:51";2026;6259;250002536374;-3;"#NE";1;"BRASILEIRA NATA";-3;"JEQUIÉ";"39";"N";0;"NÃO INFORMADO";"1270629.01";"#NE";"S";"-1";"06010905420266260000";"-3";"#NE";"-3";"#NE";"NÃO";"#NULO";-1;"#NULO";"N";"N";-1;-1;"2026-08-03 16:14:03";8;"AGUARDANDO JULGAMENTO";"-1";"#NULO";"-1";"#NULO";-1;"#NULO";-1;"#NULO";-1;"#NULO";-1;"#NULO";"-1";"#NULO"
"15/08/2026";"19:30:51";2026;6259;250002536378;-3;"#NE";1;"BRASILEIRA NATA";-3;"ARAÇATUBA";"26";"N";-1;"#NULO";"1270629.01";"#NE";"N";"-1";"06010524220266260000";"-3";"#NE";"-3";"#NE";"NÃO";"#NULO";-1;"#NULO";"N";"N";-1;-1;"2026-08-03 16:14:03";8;"AGUARDANDO JULGAMENTO";"-1";"#NULO";"-1";"#NULO";-1;"#NULO";-1;"#NULO";-1;"#NULO";-1;"#NULO";"-1";"#NULO"
"15/08/2026";"19:30:51";2026;6259;250002536379;-3;"#NE";1;"BRASILEIRA NATA";-3;"BARRETOS";"47";"N";-1;"#NULO";"1270629.01";"#NE";"N";"-1";"06010853220266260000";"-3";"#NE";"-3";"#NE";"NÃO";"#NULO";-1;"#NULO";"N";"N";-1;-1;"2026-08-03 16:14:03";8;"AGUARDANDO JULGAMENTO";"-1";"#NULO";"-1";"#NULO";-1;"#NULO";-1;"#NULO";-1;"#NULO";-1;"#NULO";"-1";"#NULO"
"15/08/2026";"19:30:51";2026;6259;250002536382;-3;"#NE";1;"BRASILEIRA NATA";-3;"BRAGANÇA PAULISTA";"55";"N";0;"NÃO INFORMADO";"1270629.01";"#NE";"S";"-1";"06010836220266260000";"-3";"#NE";"-3";"#NE";"NÃO";"#NULO";-1;"#NULO";"N";"N";-1;-1;"2026-08-03 16:14:03";8;"AGUARDANDO JULGAMENTO";"-1";"#NULO";"-1";"#NULO";-1;"#NULO";-1;"#NULO";-1;"#NULO";-1;"#NULO";"-1";"#NULO"
"15/08/2026";"19:30:51";2026;6259;250002536384;-3;"#NE";1;"BRASILEIRA NATA";-3;"CAMPINAS";"23";"N";0;"NÃO INFORMADO";"1270629.01";"#NE";"N";"-1";"06010610420266260000";"-3";"#NE";"-3";"#NE";"NÃO";"#NULO";-1;"#NULO";"N";"N";-1;-1;"2026-08-03 16:14:03";8;"AGUARDANDO JULGAMENTO";"-1";"#NULO";"-1";"#NULO";-1;"#NULO";-1;"#NULO";-1;"#NULO";-1;"#NULO";"-1";"#NULO"
"15/08/2026";"19:30:51";2026;6259;250002536390;-3;"#NE";1;"BRASILEIRA NATA";-3;"RIO CLARO";"57";"N";-1;"#NULO";"1270629.01";"#NE";"N";"-1";"06010247420266260000";"-3";"#NE";"-3";"#NE";"NÃO";"#NULO";-1;"#NULO";"N";"N";-1;-1;"2026-08-03 16:14:03";8;"AGUARDANDO JULGAMENTO";"-1";"#NULO";"-1";"#NULO";-1;"#NULO";-1;"#NULO";-1;"#NULO";-1;"#NULO";"-1";"#NULO"
"15/08/2026";"19:30:51";2026;6259;250002536396;-3;"#NE";1;"BRASILEIRA NATA";-3;"RIACHÃO DO JACUÍPE";"37";"N";-1;"#NULO";"1270629.01";"#NE";"S";"-1";"06010731820266260000";"-3";"#NE";"-3";"#NE";"NÃO";"#NULO";-1;"#NULO";"N";"N";-1;-1;"2026-08-03 16:14:03";8;"AGUARDANDO JULGAMENTO";"-1";"#NULO";"-1";"#NULO";-1;"#NULO";-1;"#NULO";-1;"#NULO";-1;"#NULO";"-1";"#NULO"
"15/08/2026";"19:30:51";2026;6259;250002536398;-3;"#NE";1;"BRASILEIRA NATA";-3;"SÃO CARLOS";"56";"N";-1;"#NULO";"1270629.01";"#NE";"S";"-1";"06010801020266260000";"-3";"#NE";"-3";"#NE";"NÃO";"#NULO";-1;"#NULO";"N";"N";-1;-1;"2026-08-03 16:14:03";8;"AGUARDANDO JULGAMENTO";"-1";"#NULO";"-1";"#NULO";-1;"#NULO";-1;"#NULO";-1;"#NULO";-1;"#NULO";"-1";"#NULO"
"15/08/2026";"19:30:51";2026;6259;250002536413;-3;"#NE";1;"BRASILEIRA NATA";-3;"SÃO PAULO";"39";"N";0;"NÃO INFORMADO";"1270629.01";"#NE";"S";"-1";"06010316620266260000";"-3";"#NE";"-3";"#NE";"NÃO";"#NULO";-1;"#NULO";"N";"N";-1;-1;"2026-08-03 16:14:03";8;"AGUARDANDO JULGAMENTO";"-1";"#NULO";"-1";"#NULO";-1;"#NULO";-1;"#NULO";-1;"#NULO";-1;"#NULO";"-1";"#NULO"
"15/08/2026";"19:30:51";2026;6259;250002536422;-3;"#NE";1;"BRASILEIRA NATA";-3;"SÃO PAULO";"47";"N";-1;"#NULO";"1270629.01";"#NE";"S";"-1";"06010342120266260000";"-3";"#NE";"-3";"#NE";"NÃO";"#NULO";-1;"#NULO";"N";"N";-1;-1;"2026-08-03 16:14:03";8;"AGUARDANDO JULGAMENTO";"-1";"#NULO";"-1";"#NULO";-1;"#NULO";-1;"#NULO";-1;"#NULO";-1;"#NULO";"-1";"#NULO"
"15/08/2026";"19:30:51";2026;6259;250002536423;-3;"#NE";1;"BRASILEIRA NATA";-3;"SÃO PAULO";"34";"N";0;"NÃO INFORMADO";"1270629.01";"#NE";"S";"-1";"06010784020266260000";"-3";"#NE";"-3";"#NE";"NÃO";"#NULO";-1;"#NULO";"N";"N";-1;-1;"2026-08-03 16:14:03";8;"AGUARDANDO JULGAMENTO";"-1";"#NULO";"-1";"#NULO";-1;"#NULO";-1;"#NULO";-1;"#NULO";-1;"#NULO";"-1";"#NULO"
"15/08/2026";"19:30:51";2026;6259;250002536718;-3;"#NE";1;"BRASILEIRA NATA";-3;"SÃO PAULO";"67";"N";-1;"#NULO";"3176572.53";"#NE";"S";"-1";"06011988320266260000";"-3";"#NE";"-3";"#NE";"NÃO";"#NULO";-1;"#NULO";"N";"N";-1;-1;"2026-08-04 12:03:50";8;"AGUARDANDO JULGAMENTO";"-1";"#NULO";"-1";"#NULO";-1;"#NULO";-1;"#NULO";-1;"#NULO";-1;"#NULO";"-1";"#NULO"
"15/08/2026";"19:30:51";2026;6259;250002536729;-3;"#NE";1;"BRASILEIRA NATA";-3;"SÃO PAULO";"25";"N";0;"NÃO INFORMADO";"3176572.53";"#NE";"S";"-1";"06012342820266260000";"-3";"#NE";"-3";"#NE";"NÃO";"#NULO";-1;"#NULO";"N";"N";-1;-1;"2026-08-04 12:03:50";8;"AGUARDANDO JULGAMENTO";"-1";"#NULO";"-1";"#NULO";-1;"#NULO";-1;"#NULO";-1;"#NULO";-1;"#NULO";"-1";"#NULO"
"15/08/2026";"19:30:51";2026;6259;250002536742;-3;"#NE";1;"BRASILEIRA NATA";-3;"LUCÉLIA";"68";"N";0;"NÃO INFORMADO";"3176572.53";"#NE";"S";"-1";"06012187420266260000";"-3";"#NE";"-3";"#NE";"NÃO";"#NULO";-1;"#NULO";"N";"N";-1;-1;"2026-08-04 12:03:50";8;"AGUARDANDO JULGAMENTO";"-1";"#NULO";"-1";"#NULO";-1;"#NULO";-1;"#NULO";-1;"#NULO";-1;"#NULO";"-1";"#NULO"
"15/08/2026";"19:30:51";2026;6259;250002536748;-3;"#NE";1;"BRASILEIRA NATA";-3;"SÃO PAULO";"72";"N";-1;"#NULO";"3176572.53";"#NE";"S";"-1";"06012273620266260000";"-3";"#NE";"-3";"#NE";"NÃO";"#NULO";-1;"#NULO";"N";"N";-1;-1;"2026-08-04 12:03:50";8;"AGUARDANDO JULGAMENTO";"-1";"#NULO";"-1";"#NULO";-1;"#NULO";-1;"#NULO";-1;"#NULO";-1;"#NULO";"-1";"#NULO"
"15/08/2026";"19:30:51";2026;6259;250002536756;-3;"#NE";1;"BRASILEIRA NATA";-3;"OEIRAS";"67";"N";0;"NÃO INFORMADO";"3176572.53";"#NE";"S";"-1";"06012030820266260000";"-3";"#NE";"-3";"#NE";"NÃO";"#NULO";-1;"#NULO";"N";"N";-1;-1;"2026-08-04 12:03:50";8;"AGUARDANDO JULGAMENTO";"-1";"#NULO";"-1";"#NULO";-1;"#NULO";-1;"#NULO";-1;"#NULO";-1;"#NULO";"-1";"#NULO"
"15/08/2026";"19:30:51";2026;6259;250002536759;-3;"#NE";1;"BRASILEIRA NATA";-3;"QUEBRANGULO";"74";"N";-1;"#NULO";"3176572.53";"#NE";"S";"-1";"06012074520266260000";"-3";"#NE";"-3";"#NE";"NÃO";"#NULO";-1;"#NULO";"N";"N";-1;-1;"2026-08-04 12:03:50";8;"AGUARDANDO JULGAMENTO";"-1";"#NULO";"-1";"#NULO";-1;"#NULO";-1;"#NULO";-1;"#NULO";-1;"#NULO";"-1";"#NULO"
"15/08/2026";"19:30:51";2026;6259;250002536818;-3;"#NE";1;"BRASILEIRA NATA";-3;"CACHOEIRA PAULISTA";"27";"N";-1;"#NULO";"1270629.01";"#NE";"S";"-1";"06011806220266260000";"-3";"#NE";"-3";"#NE";"NÃO";"#NULO";-1;"#NULO";"N";"N";-1;-1;"2026-08-04 11:54:14";8;"AGUARDANDO JULGAMENTO";"-1";"#NULO";"-1";"#NULO";-1;"#NULO";-1;"#NULO";-1;"#NULO";-1;"#NULO";"-1";"#NULO"
"15/08/2026";"19:30:51";2026;6259;250002536825;-3;"#NE";1;"BRASILEIRA NATA";-3;"FRANCA";"43";"N";-1;"#NULO";"1270629.01";"#NE";"S";"-1";"06011624120266260000";"-3";"#NE";"-3";"#NE";"NÃO";"#NULO";-1;"#NULO";"N";"N";-1;-1;"2026-08-04 11:54:14";8;"AGUARDANDO JULGAMENTO";"-1";"#NULO";"-1";"#NULO";-1;"#NULO";-1;"#NULO";-1;"#NULO";-1;"#NULO";"-1";"#NULO"
"15/08/2026";"19:30:51";2026;6259;250002536844;-3;"#NE";1;"BRASILEIRA NATA";-3;"SÃO PAULO";"70";"N";-1;"#NULO";"1270629.01";"#NE";"S";"-1";"06011173720266260000";"-3";"#NE";"-3";"#NE";"NÃO";"#NULO";-1;"#NULO";"N";"N";-1;-1;"2026-08-04 11:54:14";8;"AGUARDANDO JULGAMENTO";"-1";"#NULO";"-1";"#NULO";-1;"#NULO";-1;"#NULO";-1;"#NULO";-1;"#NULO";"-1";"#NULO"
"15/08/2026";"19:30:51";2026;6259;250002536855;-3;"#NE";1;"BRASILEIRA NATA";-3;"SÃO PAULO";"31";"N";-1;"#NULO";"1270629.01";"#NE";"S";"-1";"06011450520266260000";"-3";"#NE";"-3";"#NE";"NÃO";"#NULO";-1;"#NULO";"N";"N";-1;-1;"2026-08-04 11:54:14";8;"AGUARDANDO JULGAMENTO";"-1";"#NULO";"-1";"#NULO";-1;"#NULO";-1;"#NULO";-1;"#NULO";-1;"#NULO";"-1";"#NULO"
"15/08/2026";"19:30:51";2026;6259;250002537944;-3;"#NE";1;"BRASILEIRA NATA";-3;"SÃO PAULO";"39";"N";-1;"#NULO";"3176572.53";"#NE";"S";"-1";"06012870920266260000";"-3";"#NE";"-3";"#NE";"NÃO";"#NULO";-1;"#NULO";"N";"N";-1;-1;"2026-08-05 15:07:31";8;"AGUARDANDO JULGAMENTO";"-1";"#NULO";"-1";"#NULO";-1;"#NULO";-1;"#NULO";-1;"#NULO";-1;"#NULO";"-1";"#NULO"
"15/08/2026";"19:30:51";2026;6259;250002537947;-3;"#NE";1;"BRASILEIRA NATA";-3;"SÃO PAULO";"52";"N";-1;"#NULO";"3176572.53";"#NE";"N";"-1";"06013113720266260000";"-3";"#NE";"-3";"#NE";"NÃO";"#NULO";-1;"#NULO";"N";"N";-1;-1;"2026-08-05 15:07:31";8;"AGUARDANDO JULGAMENTO";"-1";"#NULO";"-1";"#NULO";-1;"#NULO";-1;"#NULO";-1;"#NULO";-1;"#NULO";"-1";"#NULO"
"15/08/2026";"19:30:51";2026;6259;250002537955;-3;"#NE";1;"BRASILEIRA NATA";-3;"CAMPINAS";"59";"N";-1;"#NULO";"3176572.53";"#NE";"S";"-1";"06012906120266260000";"-3";"#NE";"-3";"#NE";"NÃO";"#NULO";-1;"#NULO";"N";"N";-1;-1;"2026-08-05 15:07:31";8;"AGUARDANDO JULGAMENTO";"-1";"#NULO";"-1";"#NULO";-1;"#NULO";-1;"#NULO";-1;"#NULO";-1;"#NULO";"-1";"#NULO"
"15/08/2026";"19:30:51";2026;6259;250002537958;-3;"#NE";1;"BRASILEIRA NATA";-3;"ESPÍRITO SANTO DO PINHAL";"68";"N";0;"NÃO INFORMADO";"3176572.53";"#NE";"S";"-1";"06012931620266260000";"-3";"#NE";"-3";"#NE";"NÃO";"#NULO";-1;"#NULO";"N";"N";-1;-1;"2026-08-05 15:07:31";8;"AGUARDANDO JULGAMENTO";"-1";"#NULO";"-1";"#NULO";-1;"#NULO";-1;"#NULO";-1;"#NULO";-1;"#NULO";"-1";"#NULO"
"15/08/2026";"19:30:51";2026;6259;250002537968;-3;"#NE";1;"BRASILEIRA NATA";-3;"NILÓPOLIS";"55";"N";-1;"#NULO";"3176572.53";"#NE";"S";"-1";"06012680320266260000";"-3";"#NE";"-3";"#NE";"NÃO";"#NULO";-1;"#NULO";"N";"N";-1;-1;"2026-08-05 15:07:31";8;"AGUARDANDO JULGAMENTO";"-1";"#NULO";"-1";"#NULO";-1;"#NULO";-1;"#NULO";-1;"#NULO";-1;"#NULO";"-1";"#NULO"
"15/08/2026";"19:30:51";2026;6259;250002537972;-3;"#NE";1;"BRASILEIRA NATA";-3;"PALMARES";"60";"N";-1;"#NULO";"3176572.53";"#NE";"N";"-1";"06012784720266260000";"-3";"#NE";"-3";"#NE";"NÃO";"#NULO";-1;"#NULO";"N";"N";-1;-1;"2026-08-05 15:07:31";8;"AGUARDANDO JULGAMENTO";"-1";"#NULO";"-1";"#NULO";-1;"#NULO";-1;"#NULO";-1;"#NULO";-1;"#NULO";"-1";"#NULO"
"15/08/2026";"19:30:51";2026;6259;250002537989;-3;"#NE";1;"BRASILEIRA NATA";-3;"GOIÂNIA";"63";"N";-1;"#NULO";"3176572.53";"#NE";"S";"-1";"06012966820266260000";"-3";"#NE";"-3";"#NE";"NÃO";"#NULO";-1;"#NULO";"N";"N";-1;-1;"2026-08-05 15:07:31";8;"AGUARDANDO JULGAMENTO";"-1";"#NULO";"-1";"#NULO";-1;"#NULO";-1;"#NULO";-1;"#NULO";-1;"#NULO";"-1";"#NULO"
"15/08/2026";"19:30:51";2026;6259;250002538904;-3;"#NE";1;"BRASILEIRA NATA";-3;"FLORESTA";"43";"N";-1;"#NULO";"1270629.01";"#NE";"S";"-1";"06015158120266260000";"-3";"#NE";"-3";"#NE";"NÃO";"#NULO";-1;"#NULO";"N";"N";-1;-1;"2026-08-06 15:55:28";8;"AGUARDANDO JULGAMENTO";"-1";"#NULO";"-1";"#NULO";-1;"#NULO";-1;"#NULO";-1;"#NULO";-1;"#NULO";"-1";"#NULO"
"15/08/2026";"19:30:51";2026;6259;250002539243;-3;"#NE";1;"BRASILEIRA NATA";-3;"LINHARES";"54";"N";-1;"#NULO";"1270629.01";"#NE";"N";"-1";"06013616320266260000";"-3";"#NE";"-3";"#NE";"NÃO";"#NULO";-1;"#NULO";"N";"N";-1;-1;"2026-08-06 14:28:06";8;"AGUARDANDO JULGAMENTO";"-1";"#NULO";"-1";"#NULO";-1;"#NULO";-1;"#NULO";-1;"#NULO";-1;"#NULO";"-1";"#NULO"
"15/08/2026";"19:30:51";2026;6259;250002539252;-3;"#NE";1;"BRASILEIRA NATA";-3;"SÃO JOSÉ DO BELMONTE";"55";"N";-1;"#NULO";"1270629.01";"#NE";"S";"-1";"06013408720266260000";"-3";"#NE";"-3";"#NE";"NÃO";"#NULO";-1;"#NULO";"N";"N";-1;-1;"2026-08-06 14:28:06";8;"AGUARDANDO JULGAMENTO";"-1";"#NULO";"-1";"#NULO";-1;"#NULO";-1;"#NULO";-1;"#NULO";-1;"#NULO";"-1";"#NULO"
"15/08/2026";"19:30:51";2026;6259;250002539273;-3;"#NE";1;"BRASILEIRA NATA";-3;"BRAGANÇA PAULISTA";"44";"N";-1;"#NULO";"1270629.01";"#NE";"S";"-1";"06013295820266260000";"-3";"#NE";"-3";"#NE";"NÃO";"#NULO";-1;"#NULO";"N";"N";-1;-1;"2026-08-06 14:28:06";8;"AGUARDANDO JULGAMENTO";"-1";"#NULO";"-1";"#NULO";-1;"#NULO";-1;"#NULO";-1;"#NULO";-1;"#NULO";"-1";"#NULO"
"15/08/2026";"19:30:51";2026;6259;250002539274;-3;"#NE";1;"BRASILEIRA NATA";-3;"CAMPINAS";"50";"N";-1;"#NULO";"1270629.01";"#NE";"S";"-1";"06013555620266260000";"-3";"#NE";"-3";"#NE";"NÃO";"#NULO";-1;"#NULO";"N";"N";-1;-1;"2026-08-06 14:28:06";8;"AGUARDANDO JULGAMENTO";"-1";"#NULO";"-1";"#NULO";-1;"#NULO";-1;"#NULO";-1;"#NULO";-1;"#NULO";"-1";"#NULO"
"15/08/2026";"19:30:51";2026;6259;250002539282;-3;"#NE";1;"BRASILEIRA NATA";-3;"POJUCA";"60";"N";-1;"#NULO";"1270629.01";"#NE";"S";"-1";"06013451220266260000";"-3";"#NE";"-3";"#NE";"NÃO";"#NULO";-1;"#NULO";"N";"N";-1;-1;"2026-08-06 14:28:06";8;"AGUARDANDO JULGAMENTO";"-1";"#NULO";"-1";"#NULO";-1;"#NULO";-1;"#NULO";-1;"#NULO";-1;"#NULO";"-1";"#NULO"
"15/08/2026";"19:30:51";2026;6259;250002539292;-3;"#NE";1;"BRASILEIRA NATA";-3;"SANTO ANDRÉ";"48";"N";-1;"#NULO";"1270629.01";"#NE";"S";"-1";"06013633320266260000";"-3";"#NE";"-3";"#NE";"NÃO";"#NULO";-1;"#NULO";"N";"N";-1;-1;"2026-08-06 14:28:06";8;"AGUARDANDO JULGAMENTO";"-1";"#NULO";"-1";"#NULO";-1;"#NULO";-1;"#NULO";-1;"#NULO";-1;"#NULO";"-1";"#NULO"
"15/08/2026";"19:30:51";2026;6259;250002539294;-3;"#NE";1;"BRASILEIRA NATA";-3;"SANTOS";"38";"N";-1;"#NULO";"1270629.01";"#NE";"S";"-1";"06013252120266260000";"-3";"#NE";"-3";"#NE";"NÃO";"#NULO";-1;"#NULO";"N";"N";-1;-1;"2026-08-06 14:28:06";8;"AGUARDANDO JULGAMENTO";"-1";"#NULO";"-1";"#NULO";-1;"#NULO";-1;"#NULO";-1;"#NULO";-1;"#NULO";"-1";"#NULO"
"15/08/2026";"19:30:51";2026;6259;250002539306;-3;"#NE";1;"BRASILEIRA NATA";-3;"SÃO PAULO";"47";"N";-1;"#NULO";"1270629.01";"#NE";"S";"-1";"06013953820266260000";"-3";"#NE";"-3";"#NE";"NÃO";"#NULO";-1;"#NULO";"N";"N";-1;-1;"2026-08-06 14:28:06";8;"AGUARDANDO JULGAMENTO";"-1";"#NULO";"-1";"#NULO";-1;"#NULO";-1;"#NULO";-1;"#NULO";-1;"#NULO";"-1";"#NULO"
"15/08/2026";"19:30:51";2026;6259;250002539305;-3;"#NE";1;"BRASILEIRA NATA";-3;"SÃO PAULO";"35";"N";-1;"#NULO";"1270629.01";"#NE";"S";"-1";"06013503420266260000";"-3";"#NE";"-3";"#NE";"NÃO";"#NULO";-1;"#NULO";"N";"N";-1;-1;"2026-08-06 14:28:06";8;"AGUARDANDO JULGAMENTO";"-1";"#NULO";"-1";"#NULO";-1;"#NULO";-1;"#NULO";-1;"#NULO";-1;"#NULO";"-1";"#NULO"
"15/08/2026";"19:30:51";2026;6259;250002539308;-3;"#NE";1;"BRASILEIRA NATA";-3;"SÃO PAULO";"52";"N";0;"NÃO INFORMADO";"1270629.01";"#NE";"S";"-1";"06013928320266260000";"-3";"#NE";"-3";"#NE";"NÃO";"#NULO";-1;"#NULO";"N";"N";-1;-1;"2026-08-06 14:28:06";8;"AGUARDANDO JULGAMENTO";"-1";"#NULO";"-1";"#NULO";-1;"#NULO";-1;"#NULO";-1;"#NULO";-1;"#NULO";"-1";"#NULO"
"15/08/2026";"19:30:51";2026;6259;250002539390;-3;"#NE";1;"BRASILEIRA NATA";-3;"GUARAPUAVA";"47";"N";-1;"#NULO";"3176572.53";"#NE";"S";"-1";"06014230620266260000";"-3";"#NE";"-3";"#NE";"NÃO";"#NULO";-1;"#NULO";"N";"N";-1;-1;"2026-08-06 14:46:28";8;"AGUARDANDO JULGAMENTO";"-1";"#NULO";"-1";"#NULO";-1;"#NULO";-1;"#NULO";-1;"#NULO";-1;"#NULO";"-1";"#NULO"
"15/08/2026";"19:30:51";2026;6259;250002539392;-3;"#NE";1;"BRASILEIRA NATA";-3;"CAETITÉ";"54";"N";0;"NÃO INFORMADO";"3176572.53";"#NE";"S";"-1";"06014100720266260000";"-3";"#NE";"-3";"#NE";"NÃO";"#NULO";-1;"#NULO";"N";"N";-1;-1;"2026-08-06 14:46:28";8;"AGUARDANDO JULGAMENTO";"-1";"#NULO";"-1";"#NULO";-1;"#NULO";-1;"#NULO";-1;"#NULO";-1;"#NULO";"-1";"#NULO"
"15/08/2026";"19:30:51";2026;6259;250002539396;-3;"#NE";1;"BRASILEIRA NATA";-3;"GOVERNADOR VALADARES";"34";"N";-1;"#NULO";"3176572.53";"#NE";"S";"-1";"06014577820266260000";"-3";"#NE";"-3";"#NE";"NÃO";"#NULO";-1;"#NULO";"N";"N";-1;-1;"2026-08-06 14:46:28";8;"AGUARDANDO JULGAMENTO";"-1";"#NULO";"-1";"#NULO";-1;"#NULO";-1;"#NULO";-1;"#NULO";-1;"#NULO";"-1";"#NULO"
"15/08/2026";"19:30:51";2026;6259;250002539416;-3;"#NE";1;"BRASILEIRA NATA";-3;"RIO DE JANEIRO";"43";"N";0;"NÃO INFORMADO";"3176572.53";"#NE";"S";"-1";"06014776920266260000";"-3";"#NE";"-3";"#NE";"NÃO";"#NULO";-1;"#NULO";"N";"N";-1;-1;"2026-08-06 14:46:28";8;"AGUARDANDO JULGAMENTO";"-1";"#NULO";"-1";"#NULO";-1;"#NULO";-1;"#NULO";-1;"#NULO";-1;"#NULO";"-1";"#NULO"
"15/08/2026";"19:30:51";2026;6259;250002539415;-3;"#NE";1;"BRASILEIRA NATA";-3;"PIRAJU";"35";"N";-1;"#NULO";"3176572.53";"#NE";"S";"-1";"06014473420266260000";"-3";"#NE";"-3";"#NE";"NÃO";"#NULO";-1;"#NULO";"N";"N";-1;-1;"2026-08-06 14:46:28";8;"AGUARDANDO JULGAMENTO";"-1";"#NULO";"-1";"#NULO";-1;"#NULO";-1;"#NULO";-1;"#NULO";-1;"#NULO";"-1";"#NULO"
"15/08/2026";"19:30:51";2026;6259;250002539421;-3;"#NE";1;"BRASILEIRA NATA";-3;"ARAÇATUBA";"36";"N";0;"NÃO INFORMADO";"3176572.53";"#NE";"S";"-1";"06014360520266260000";"-3";"#NE";"-3";"#NE";"NÃO";"#NULO";-1;"#NULO";"N";"N";-1;-1;"2026-08-06 14:46:28";8;"AGUARDANDO JULGAMENTO";"-1";"#NULO";"-1";"#NULO";-1;"#NULO";-1;"#NULO";-1;"#NULO";-1;"#NULO";"-1";"#NULO"
"15/08/2026";"19:30:51";2026;6259;250002539424;-3;"#NE";1;"BRASILEIRA NATA";-3;"BARRETOS";"60";"N";0;"NÃO INFORMADO";"3176572.53";"#NE";"S";"-1";"06014387220266260000";"-3";"#NE";"-3";"#NE";"NÃO";"#NULO";-1;"#NULO";"N";"N";-1;-1;"2026-08-06 14:46:28";8;"AGUARDANDO JULGAMENTO";"-1";"#NULO";"-1";"#NULO";-1;"#NULO";-1;"#NULO";-1;"#NULO";-1;"#NULO";"-1";"#NULO"
"15/08/2026";"19:30:51";2026;6259;250002539425;-3;"#NE";1;"BRASILEIRA NATA";-3;"BAURU";"66";"N";-1;"#NULO";"3176572.53";"#NE";"S";"-1";"06014092220266260000";"-3";"#NE";"-3";"#NE";"NÃO";"#NULO";-1;"#NULO";"N";"N";-1;-1;"2026-08-06 14:46:28";8;"AGUARDANDO JULGAMENTO";"-1";"#NULO";"-1";"#NULO";-1;"#NULO";-1;"#NULO";-1;"#NULO";-1;"#NULO";"-1";"#NULO"
"15/08/2026";"19:30:51";2026;6259;250002539450;-3;"#NE";1;"BRASILEIRA NATA";-3;"SÃO PAULO";"61";"N";-1;"#NULO";"3176572.53";"#NE";"S";"-1";"06014611820266260000";"-3";"#NE";"-3";"#NE";"NÃO";"#NULO";-1;"#NULO";"N";"N";-1;-1;"2026-08-06 14:46:28";8;"AGUARDANDO JULGAMENTO";"-1";"#NULO";"-1";"#NULO";-1;"#NULO";-1;"#NULO";-1;"#NULO";-1;"#NULO";"-1";"#NULO"
"15/08/2026";"19:30:51";2026;6259;250002539449;-3;"#NE";1;"BRASILEIRA NATA";-3;"SÃO PAULO";"54";"N";-1;"#NULO";"3176572.53";"#NE";"S";"-1";"06014681020266260000";"-3";"#NE";"-3";"#NE";"NÃO";"#NULO";-1;"#NULO";"N";"N";-1;-1;"2026-08-06 14:46:28";8;"AGUARDANDO JULGAMENTO";"-1";"#NULO";"-1";"#NULO";-1;"#NULO";-1;"#NULO";-1;"#NULO";-1;"#NULO";"-1";"#NULO"
"15/08/2026";"19:30:51";2026;6259;250002539455;-3;"#NE";1;"BRASILEIRA NATA";-3;"SALVADOR";"38";"N";0;"NÃO INFORMADO";"3176572.53";"#NE";"N";"-1";"06014525620266260000";"-3";"#NE";"-3";"#NE";"NÃO";"#NULO";-1;"#NULO";"N";"N";-1;-1;"2026-08-06 14:46:28";8;"AGUARDANDO JULGAMENTO";"-1";"#NULO";"-1";"#NULO";-1;"#NULO";-1;"#NULO";-1;"#NULO";-1;"#NULO";"-1";"#NULO"
"15/08/2026";"19:30:51";2026;6259;250002539595;-3;"#NE";1;"BRASILEIRA NATA";-3;"SÃO JOÃO DO RIO DO PEIXE";"67";"N";-1;"#NULO";"3176572.53";"#NE";"S";"-1";"06015686220266260000";"-3";"#NE";"-3";"#NE";"NÃO";"#NULO";-1;"#NULO";"N";"N";-1;-1;"2026-08-06 17:34:34";8;"AGUARDANDO JULGAMENTO";"-1";"#NULO";"-1";"#NULO";-1;"#NULO";-1;"#NULO";-1;"#NULO";-1;"#NULO";"-1";"#NULO"
"15/08/2026";"19:30:51";2026;6259;250002539602;-3;"#NE";1;"BRASILEIRA NATA";-3;"PINDAMONHANGABA";"35";"N";0;"NÃO INFORMADO";"3176572.53";"#NE";"N";"-1";"06015989720266260000";"-3";"#NE";"-3";"#NE";"NÃO";"#NULO";-1;"#NULO";"N";"N";-1;-1;"2026-08-06 17:34:34";8;"AGUARDANDO JULGAMENTO";"-1";"#NULO";"-1";"#NULO";-1;"#NULO";-1;"#NULO";-1;"#NULO";-1;"#NULO";"-1";"#NULO"
"15/08/2026";"19:30:51";2026;6259;250002539617;-3;"#NE";1;"BRASILEIRA NATA";-3;"SÃO MIGUEL ARCANJO";"60";"N";-1;"#NULO";"3176572.53";"#NE";"S";"-1";"06015868320266260000";"-3";"#NE";"-3";"#NE";"NÃO";"#NULO";-1;"#NULO";"N";"N";-1;-1;"2026-08-06 17:34:34";8;"AGUARDANDO JULGAMENTO";"-1";"#NULO";"-1";"#NULO";-1;"#NULO";-1;"#NULO";-1;"#NULO";-1;"#NULO";"-1";"#NULO"
"15/08/2026";"19:30:51";2026;6259;250002539624;-3;"#NE";1;"BRASILEIRA NATA";-3;"SÃO PAULO";"39";"N";0;"NÃO INFORMADO";"3176572.53";"#NE";"S";"-1";"06015876820266260000";"-3";"#NE";"-3";"#NE";"NÃO";"#NULO";-1;"#NULO";"N";"N";-1;-1;"2026-08-06 17:34:34";8;"AGUARDANDO JULGAMENTO";"-1";"#NULO";"-1";"#NULO";-1;"#NULO";-1;"#NULO";-1;"#NULO";-1;"#NULO";"-1";"#NULO"
"15/08/2026";"19:30:51";2026;6259;250002539627;-3;"#NE";1;"BRASILEIRA NATA";-3;"SÃO PAULO";"47";"N";-1;"#NULO";"3176572.53";"#NE";"S";"-1";"06015893820266260000";"-3";"#NE";"-3";"#NE";"NÃO";"#NULO";-1;"#NULO";"N";"N";-1;-1;"2026-08-06 17:34:34";8;"AGUARDANDO JULGAMENTO";"-1";"#NULO";"-1";"#NULO";-1;"#NULO";-1;"#NULO";-1;"#NULO";-1;"#NULO";"-1";"#NULO"
"15/08/2026";"19:30:51";2026;6259;250002539628;-3;"#NE";1;"BRASILEIRA NATA";-3;"SÃO PAULO";"55";"N";-1;"#NULO";"3176572.53";"#NE";"N";"-1";"06015711720266260000";"-3";"#NE";"-3";"#NE";"NÃO";"#NULO";-1;"#NULO";"N";"N";-1;-1;"2026-08-06 17:34:34";8;"AGUARDANDO JULGAMENTO";"-1";"#NULO";"-1";"#NULO";-1;"#NULO";-1;"#NULO";-1;"#NULO";-1;"#NULO";"-1";"#NULO"
"15/08/2026";"19:30:51";2026;6259;250002539940;-3;"#NE";1;"BRASILEIRA NATA";-3;"SÃO JOÃO DA BOA VISTA";"32";"N";-1;"#NULO";"1270629.01";"#NE";"S";"-1";"06014889820266260000";"-3";"#NE";"-3";"#NE";"NÃO";"#NULO";-1;"#NULO";"N";"N";-1;-1;"2026-08-06 15:55:28";8;"AGUARDANDO JULGAMENTO";"-1";"#NULO";"-1";"#NULO";-1;"#NULO";-1;"#NULO";-1;"#NULO";-1;"#NULO";"-1";"#NULO"
"15/08/2026";"19:30:51";2026;6259;250002539939;-3;"#NE";1;"BRASILEIRA NATA";-3;"SÃO BERNARDO DO CAMPO";"41";"N";-1;"#NULO";"1270629.01";"#NE";"S";"-1";"06015045220266260000";"-3";"#NE";"-3";"#NE";"NÃO";"#NULO";-1;"#NULO";"N";"N";-1;-1;"2026-08-06 15:55:28";8;"AGUARDANDO JULGAMENTO";"-1";"#NULO";"-1";"#NULO";-1;"#NULO";-1;"#NULO";-1;"#NULO";-1;"#NULO";"-1";"#NULO"
"15/08/2026";"19:30:51";2026;6259;250002539949;-3;"#NE";1;"BRASILEIRA NATA";-3;"SÃO PAULO";"25";"N";0;"NÃO INFORMADO";"1270629.01";"#NE";"S";"-1";"06015330520266260000";"-3";"#NE";"-3";"#NE";"NÃO";"#NULO";-1;"#NULO";"N";"N";-1;-1;"2026-08-06 15:55:28";8;"AGUARDANDO JULGAMENTO";"-1";"#NULO";"-1";"#NULO";-1;"#NULO";-1;"#NULO";-1;"#NULO";-1;"#NULO";"-1";"#NULO"
"15/08/2026";"19:30:51";2026;6259;250002539956;-3;"#NE";1;"BRASILEIRA NATA";-3;"TAUBATÉ";"35";"N";-1;"#NULO";"1270629.01";"#NE";"S";"-1";"06015426420266260000";"-3";"#NE";"-3";"#NE";"NÃO";"#NULO";-1;"#NULO";"N";"N";-1;-1;"2026-08-06 15:55:28";8;"AGUARDANDO JULGAMENTO";"-1";"#NULO";"-1";"#NULO";-1;"#NULO";-1;"#NULO";-1;"#NULO";-1;"#NULO";"-1";"#NULO"
"15/08/2026";"19:30:51";2026;6259;250002540568;-3;"#NE";1;"BRASILEIRA NATA";-3;"SÃO PAULO";"46";"N";-1;"#NULO";"1270629.01";"#NE";"S";"-1";"06016846820266260000";"-3";"#NE";"-3";"#NE";"NÃO";"#NULO";-1;"#NULO";"N";"N";-1;-1;"2026-08-07 12:07:18";8;"AGUARDANDO JULGAMENTO";"-1";"#NULO";"-1";"#NULO";-1;"#NULO";-1;"#NULO";-1;"#NULO";-1;"#NULO";"-1";"#NULO"
"15/08/2026";"19:30:51";2026;6259;250002540570;-3;"#NE";1;"BRASILEIRA NATA";-3;"SALESÓPOLIS";"42";"N";-1;"#NULO";"1270629.01";"#NE";"S";"-1";"06016084420266260000";"-3";"#NE";"-3";"#NE";"NÃO";"#NULO";-1;"#NULO";"N";"N";-1;-1;"2026-08-07 12:07:18";8;"AGUARDANDO JULGAMENTO";"-1";"#NULO";"-1";"#NULO";-1;"#NULO";-1;"#NULO";-1;"#NULO";-1;"#NULO";"-1";"#NULO"
"15/08/2026";"19:30:51";2026;6259;250002540575;-3;"#NE";1;"BRASILEIRA NATA";-3;"ITABERABA";"45";"N";0;"NÃO INFORMADO";"1270629.01";"#NE";"S";"-1";"06016543320266260000";"-3";"#NE";"-3";"#NE";"NÃO";"#NULO";-1;"#NULO";"N";"N";-1;-1;"2026-08-07 12:07:18";8;"AGUARDANDO JULGAMENTO";"-1";"#NULO";"-1";"#NULO";-1;"#NULO";-1;"#NULO";-1;"#NULO";-1;"#NULO";"-1";"#NULO"
"15/08/2026";"19:30:51";2026;6259;250002540578;-3;"#NE";1;"BRASILEIRA NATA";-3;"GUARULHOS";"60";"N";-1;"#NULO";"1270629.01";"#NE";"S";"-1";"06016170620266260000";"-3";"#NE";"-3";"#NE";"NÃO";"#NULO";-1;"#NULO";"N";"N";-1;-1;"2026-08-07 12:07:18";8;"AGUARDANDO JULGAMENTO";"-1";"#NULO";"-1";"#NULO";-1;"#NULO";-1;"#NULO";-1;"#NULO";-1;"#NULO";"-1";"#NULO"
"15/08/2026";"19:30:51";2026;6259;250002540582;-3;"#NE";1;"BRASILEIRA NATA";-3;"MARÍLIA";"69";"N";-1;"#NULO";"1270629.01";"#NE";"S";"-1";"06016482620266260000";"-3";"#NE";"-3";"#NE";"NÃO";"#NULO";-1;"#NULO";"N";"N";-1;-1;"2026-08-07 12:07:18";8;"AGUARDANDO JULGAMENTO";"-1";"#NULO";"-1";"#NULO";-1;"#NULO";-1;"#NULO";-1;"#NULO";-1;"#NULO";"-1";"#NULO"
"15/08/2026";"19:30:51";2026;6259;250002540584;-3;"#NE";1;"BRASILEIRA NATA";-3;"JALES";"66";"N";-1;"#NULO";"1270629.01";"#NE";"S";"-1";"06016534820266260000";"-3";"#NE";"-3";"#NE";"NÃO";"#NULO";-1;"#NULO";"N";"N";-1;-1;"2026-08-07 12:07:18";8;"AGUARDANDO JULGAMENTO";"-1";"#NULO";"-1";"#NULO";-1;"#NULO";-1;"#NULO";-1;"#NULO";-1;"#NULO";"-1";"#NULO"
"15/08/2026";"19:30:51";2026;6259;250002540593;-3;"#NE";1;"BRASILEIRA NATA";-3;"SANTOS";"55";"N";0;"NÃO INFORMADO";"1270629.01";"#NE";"S";"-1";"06016266520266260000";"-3";"#NE";"-3";"#NE";"NÃO";"#NULO";-1;"#NULO";"N";"N";-1;-1;"2026-08-07 12:07:18";8;"AGUARDANDO JULGAMENTO";"-1";"#NULO";"-1";"#NULO";-1;"#NULO";-1;"#NULO";-1;"#NULO";-1;"#NULO";"-1";"#NULO"
"15/08/2026";"19:30:51";2026;6259;250002540881;-3;"#NE";1;"BRASILEIRA NATA";-3;"CARAPICUÍBA";"62";"N";-1;"#NULO";"1270629.01";"#NE";"S";"-1";"06016673220266260000";"-3";"#NE";"-3";"#NE";"NÃO";"#NULO";-1;"#NULO";"N";"N";-1;-1;"2026-08-07 12:07:18";8;"AGUARDANDO JULGAMENTO";"-1";"#NULO";"-1";"#NULO";-1;"#NULO";-1;"#NULO";-1;"#NULO";-1;"#NULO";"-1";"#NULO"
"15/08/2026";"19:30:51";2026;6259;250002540880;-3;"#NE";1;"BRASILEIRA NATA";-3;"INDAIATUBA";"58";"N";0;"NÃO INFORMADO";"1270629.01";"#NE";"S";"-1";"06016647720266260000";"-3";"#NE";"-3";"#NE";"NÃO";"#NULO";-1;"#NULO";"N";"N";-1;-1;"2026-08-07 12:07:18";8;"AGUARDANDO JULGAMENTO";"-1";"#NULO";"-1";"#NULO";-1;"#NULO";-1;"#NULO";-1;"#NULO";-1;"#NULO";"-1";"#NULO"
"15/08/2026";"19:30:51";2026;6259;250002540896;-3;"#NE";1;"BRASILEIRA NATA";-3;"OURINHOS";"41";"N";0;"NÃO INFORMADO";"1270629.01";"#NE";"S";"-1";"06016413420266260000";"-3";"#NE";"-3";"#NE";"NÃO";"#NULO";-1;"#NULO";"N";"N";-1;-1;"2026-08-07 12:07:18";8;"AGUARDANDO JULGAMENTO";"-1";"#NULO";"-1";"#NULO";-1;"#NULO";-1;"#NULO";-1;"#NULO";-1;"#NULO";"-1";"#NULO"
"15/08/2026";"19:30:51";2026;6259;250002540910;-3;"#NE";1;"BRASILEIRA NATA";-3;"SÃO PAULO";"45";"N";-1;"#NULO";"1270629.01";"#NE";"S";"-1";"06016829820266260000";"-3";"#NE";"-3";"#NE";"NÃO";"#NULO";-1;"#NULO";"N";"N";-1;-1;"2026-08-07 12:07:18";8;"AGUARDANDO JULGAMENTO";"-1";"#NULO";"-1";"#NULO";-1;"#NULO";-1;"#NULO";-1;"#NULO";-1;"#NULO";"-1";"#NULO"
"15/08/2026";"19:30:51";2026;6259;250002540914;-3;"#NE";1;"BRASILEIRA NATA";-3;"ARARAQUARA";"65";"N";-1;"#NULO";"1270629.01";"#NE";"S";"-1";"06016863820266260000";"-3";"#NE";"-3";"#NE";"NÃO";"#NULO";-1;"#NULO";"N";"N";-1;-1;"2026-08-07 12:07:18";8;"AGUARDANDO JULGAMENTO";"-1";"#NULO";"-1";"#NULO";-1;"#NULO";-1;"#NULO";-1;"#NULO";-1;"#NULO";"-1";"#NULO"
"15/08/2026";"19:30:51";2026;6259;250002540915;-3;"#NE";1;"BRASILEIRA NATA";-3;"RANCHARIA";"79";"N";0;"NÃO INFORMADO";"1270629.01";"#NE";"S";"-1";"06016188820266260000";"-3";"#NE";"-3";"#NE";"NÃO";"#NULO";-1;"#NULO";"N";"N";-1;-1;"2026-08-07 12:07:18";8;"AGUARDANDO JULGAMENTO";"-1";"#NULO";"-1";"#NULO";-1;"#NULO";-1;"#NULO";-1;"#NULO";-1;"#NULO";"-1";"#NULO"
"15/08/2026";"19:30:51";2026;6259;250002540916;-3;"#NE";1;"BRASILEIRA NATA";-3;"SÃO PAULO";"52";"N";0;"NÃO INFORMADO";"1270629.01";"#NE";"S";"-1";"06016595520266260000";"-3";"#NE";"-3";"#NE";"NÃO";"#NULO";-1;"#NULO";"N";"N";-1;-1;"2026-08-07 12:07:18";8;"AGUARDANDO JULGAMENTO";"-1";"#NULO";"-1";"#NULO";-1;"#NULO";-1;"#NULO";-1;"#NULO";-1;"#NULO";"-1";"#NULO"
"15/08/2026";"19:30:51";2026;6259;250002540919;-3;"#NE";1;"BRASILEIRA NATA";-3;"NATAL";"68";"N";0;"NÃO INFORMADO";"1270629.01";"#NE";"S";"-1";"06016526320266260000";"-3";"#NE";"-3";"#NE";"NÃO";"#NULO";-1;"#NULO";"N";"N";-1;-1;"2026-08-07 12:07:18";8;"AGUARDANDO JULGAMENTO";"-1";"#NULO";"-1";"#NULO";-1;"#NULO";-1;"#NULO";-1;"#NULO";-1;"#NULO";"-1";"#NULO"
"15/08/2026";"19:30:51";2026;6259;250002540922;-3;"#NE";1;"BRASILEIRA NATA";-3;"CAMPINA VERDE";"57";"N";0;"NÃO INFORMADO";"1270629.01";"#NE";"S";"-1";"06016396420266260000";"-3";"#NE";"-3";"#NE";"NÃO";"#NULO";-1;"#NULO";"N";"N";-1;-1;"2026-08-07 12:07:18";8;"AGUARDANDO JULGAMENTO";"-1";"#NULO";"-1";"#NULO";-1;"#NULO";-1;"#NULO";-1;"#NULO";-1;"#NULO";"-1";"#NULO"
"15/08/2026";"19:30:51";2026;6259;250002540923;-3;"#NE";1;"BRASILEIRA NATA";-3;"CAMPINA GRANDE";"57";"N";-1;"#NULO";"1270629.01";"#NE";"S";"-1";"06016716920266260000";"-3";"#NE";"-3";"#NE";"NÃO";"#NULO";-1;"#NULO";"N";"N";-1;-1;"2026-08-07 12:07:18";8;"AGUARDANDO JULGAMENTO";"-1";"#NULO";"-1";"#NULO";-1;"#NULO";-1;"#NULO";-1;"#NULO";-1;"#NULO";"-1";"#NULO"
"15/08/2026";"19:30:51";2026;6259;250002540930;-3;"#NE";1;"BRASILEIRA NATA";-3;"IVAIPORÃ";"63";"N";0;"NÃO INFORMADO";"1270629.01";"#NE";"S";"-1";"06016162120266260000";"-3";"#NE";"-3";"#NE";"NÃO";"#NULO";-1;"#NULO";"N";"N";-1;-1;"2026-08-07 12:07:18";8;"AGUARDANDO JULGAMENTO";"-1";"#NULO";"-1";"#NULO";-1;"#NULO";-1;"#NULO";-1;"#NULO";-1;"#NULO";"-1";"#NULO"
"15/08/2026";"19:30:51";2026;6259;250002541101;-3;"#NE";1;"BRASILEIRA NATA";-3;"SÃO PAULO";"30";"N";0;"NÃO INFORMADO";"3176572.53";"#NE";"S";"-1";"06017617720266260000";"-3";"#NE";"-3";"#NE";"NÃO";"#NULO";-1;"#NULO";"N";"N";-1;-1;"2026-08-07 12:15:27";8;"AGUARDANDO JULGAMENTO";"-1";"#NULO";"-1";"#NULO";-1;"#NULO";-1;"#NULO";-1;"#NULO";-1;"#NULO";"-1";"#NULO"
"15/08/2026";"19:30:51";2026;6259;250002541111;-3;"#NE";1;"BRASILEIRA NATA";-3;"MARÍLIA";"41";"N";0;"NÃO INFORMADO";"3176572.53";"#NE";"S";"-1";"06017634720266260000";"-3";"#NE";"-3";"#NE";"NÃO";"#NULO";-1;"#NULO";"N";"N";-1;-1;"2026-08-07 12:15:27";8;"AGUARDANDO JULGAMENTO";"-1";"#NULO";"-1";"#NULO";-1;"#NULO";-1;"#NULO";-1;"#NULO";-1;"#NULO";"-1";"#NULO"
"15/08/2026";"19:30:51";2026;6259;250002541119;-3;"#NE";1;"BRASILEIRA NATA";-3;"SÃO PAULO";"42";"N";0;"NÃO INFORMADO";"3176572.53";"#NE";"S";"-1";"06017054420266260000";"-3";"#NE";"-3";"#NE";"NÃO";"#NULO";-1;"#NULO";"N";"N";-1;-1;"2026-08-07 12:15:27";8;"AGUARDANDO JULGAMENTO";"-1";"#NULO";"-1";"#NULO";-1;"#NULO";-1;"#NULO";-1;"#NULO";-1;"#NULO";"-1";"#NULO"
"15/08/2026";"19:30:51";2026;6259;250002541128;-3;"#NE";1;"BRASILEIRA NATA";-3;"SÃO PAULO";"44";"N";0;"NÃO INFORMADO";"3176572.53";"#NE";"N";"-1";"06017192820266260000";"-3";"#NE";"-3";"#NE";"NÃO";"#NULO";-1;"#NULO";"N";"N";-1;-1;"2026-08-07 12:15:27";8;"AGUARDANDO JULGAMENTO";"-1";"#NULO";"-1";"#NULO";-1;"#NULO";-1;"#NULO";-1;"#NULO";-1;"#NULO";"-1";"#NULO"
"15/08/2026";"19:30:51";2026;6259;250002541131;-3;"#NE";1;"BRASILEIRA NATA";-3;"MARÍLIA";"58";"N";0;"NÃO INFORMADO";"3176572.53";"#NE";"S";"-1";"06017071420266260000";"-3";"#NE";"-3";"#NE";"NÃO";"#NULO";-1;"#NULO";"N";"N";-1;-1;"2026-08-07 12:15:27";8;"AGUARDANDO JULGAMENTO";"-1";"#NULO";"-1";"#NULO";-1;"#NULO";-1;"#NULO";-1;"#NULO";-1;"#NULO";"-1";"#NULO"
"15/08/2026";"19:30:51";2026;6259;250002541133;-3;"#NE";1;"BRASILEIRA NATA";-3;"SÃO JOSÉ DO RIO PRETO";"47";"N";0;"NÃO INFORMADO";"3176572.53";"#NE";"S";"-1";"06017123620266260000";"-3";"#NE";"-3";"#NE";"NÃO";"#NULO";-1;"#NULO";"N";"N";-1;-1;"2026-08-07 12:15:27";8;"AGUARDANDO JULGAMENTO";"-1";"#NULO";"-1";"#NULO";-1;"#NULO";-1;"#NULO";-1;"#NULO";-1;"#NULO";"-1";"#NULO"
"15/08/2026";"19:30:51";2026;6259;250002541140;-3;"#NE";1;"BRASILEIRA NATA";-3;"RIO DE JANEIRO";"46";"N";0;"NÃO INFORMADO";"3176572.53";"#NE";"S";"-1";"06017228020266260000";"-3";"#NE";"-3";"#NE";"NÃO";"#NULO";-1;"#NULO";"N";"N";-1;-1;"2026-08-07 12:15:27";8;"AGUARDANDO JULGAMENTO";"-1";"#NULO";"-1";"#NULO";-1;"#NULO";-1;"#NULO";-1;"#NULO";-1;"#NULO";"-1";"#NULO"
"15/08/2026";"19:30:51";2026;6259;250002541159;-3;"#NE";1;"BRASILEIRA NATA";-3;"GRANITO";"51";"N";-1;"#NULO";"3176572.53";"#NE";"S";"-1";"06017045920266260000";"-3";"#NE";"-3";"#NE";"NÃO";"#NULO";-1;"#NULO";"N";"N";-1;-1;"2026-08-07 12:15:27";8;"AGUARDANDO JULGAMENTO";"-1";"#NULO";"-1";"#NULO";-1;"#NULO";-1;"#NULO";-1;"#NULO";-1;"#NULO";"-1";"#NULO"
"15/08/2026";"19:30:51";2026;6259;250002541310;-3;"#NE";1;"BRASILEIRA NATA";-3;"SÃO PAULO";"65";"N";-1;"#NULO";"-1";"#NE";"S";"-1";"06018690920266260000";"-3";"#NE";"-3";"#NE";"NÃO";"#NULO";-1;"#NULO";"N";"N";-1;-1;"2026-08-07 18:01:41";8;"AGUARDANDO JULGAMENTO";"-1";"#NULO";"-1";"#NULO";-1;"#NULO";-1;"#NULO";-1;"#NULO";-1;"#NULO";"-1";"#NULO"
"15/08/2026";"19:30:51";2026;6259;250002541312;-3;"#NE";1;"BRASILEIRA NATA";-3;"SOROCABA";"42";"N";-1;"#NULO";"7115522.46";"#NE";"S";"-1";"06018682420266260000";"-3";"#NE";"-3";"#NE";"NÃO";"#NULO";-1;"#NULO";"N";"N";-1;-1;"2026-08-07 18:01:41";8;"AGUARDANDO JULGAMENTO";"-1";"#NULO";"-1";"#NULO";-1;"#NULO";-1;"#NULO";-1;"#NULO";-1;"#NULO";"-1";"#NULO"
"15/08/2026";"19:30:51";2026;6259;250002541365;-3;"#NE";1;"BRASILEIRA NATA";-3;"SÃO PAULO";"40";"N";-1;"#NULO";"7115522.46";"#NE";"S";"-1";"06017886020266260000";"-3";"#NE";"-3";"#NE";"NÃO";"#NULO";-1;"#NULO";"N";"N";-1;-1;"2026-08-07 14:24:24";8;"AGUARDANDO JULGAMENTO";"-1";"#NULO";"-1";"#NULO";-1;"#NULO";-1;"#NULO";-1;"#NULO";-1;"#NULO";"-1";"#NULO"
"15/08/2026";"19:30:51";2026;6259;250002541850;-3;"#NE";1;"BRASILEIRA NATA";-3;"SANTOS";"50";"N";-1;"#NULO";"1270629.01";"#NE";"N";"-1";"06018068120266260000";"-3";"#NE";"-3";"#NE";"NÃO";"#NULO";-1;"#NULO";"N";"N";-1;-1;"2026-08-07 16:31:02";8;"AGUARDANDO JULGAMENTO";"-1";"#NULO";"-1";"#NULO";-1;"#NULO";-1;"#NULO";-1;"#NULO";-1;"#NULO";"-1";"#NULO"
"15/08/2026";"19:30:51";2026;6259;250002541860;-3;"#NE";1;"BRASILEIRA NATA";-3;"ARAÇATUBA";"41";"N";-1;"#NULO";"1270629.01";"#NE";"S";"-1";"06018223520266260000";"-3";"#NE";"-3";"#NE";"NÃO";"#NULO";-1;"#NULO";"N";"N";-1;-1;"2026-08-07 16:31:02";8;"AGUARDANDO JULGAMENTO";"-1";"#NULO";"-1";"#NULO";-1;"#NULO";-1;"#NULO";-1;"#NULO";-1;"#NULO";"-1";"#NULO"
"15/08/2026";"19:30:51";2026;6259;250002541864;-3;"#NE";1;"BRASILEIRA NATA";-3;"FRANCISCO MORATO";"48";"N";0;"NÃO INFORMADO";"1270629.01";"#NE";"S";"-1";"06018189520266260000";"-3";"#NE";"-3";"#NE";"NÃO";"#NULO";-1;"#NULO";"N";"N";-1;-1;"2026-08-07 16:31:02";8;"AGUARDANDO JULGAMENTO";"-1";"#NULO";"-1";"#NULO";-1;"#NULO";-1;"#NULO";-1;"#NULO";-1;"#NULO";"-1";"#NULO"
"15/08/2026";"19:30:51";2026;6259;250002541882;-3;"#NE";1;"BRASILEIRA NATA";-3;"PIRACICABA";"56";"N";-1;"#NULO";"1270629.01";"#NE";"S";"-1";"06018319420266260000";"-3";"#NE";"-3";"#NE";"NÃO";"#NULO";-1;"#NULO";"N";"N";-1;-1;"2026-08-07 16:31:02";8;"AGUARDANDO JULGAMENTO";"-1";"#NULO";"-1";"#NULO";-1;"#NULO";-1;"#NULO";-1;"#NULO";-1;"#NULO";"-1";"#NULO"
"15/08/2026";"19:30:51";2026;6259;250002541881;-3;"#NE";1;"BRASILEIRA NATA";-3;"SÃO VICENTE";"45";"N";-1;"#NULO";"1270629.01";"#NE";"S";"-1";"06018552520266260000";"-3";"#NE";"-3";"#NE";"NÃO";"#NULO";-1;"#NULO";"N";"N";-1;-1;"2026-08-07 16:31:02";8;"AGUARDANDO JULGAMENTO";"-1";"#NULO";"-1";"#NULO";-1;"#NULO";-1;"#NULO";-1;"#NULO";-1;"#NULO";"-1";"#NULO"
"15/08/2026";"19:30:51";2026;6259;250002541883;-3;"#NE";1;"BRASILEIRA NATA";-3;"TAUBATÉ";"53";"N";0;"NÃO INFORMADO";"1270629.01";"#NE";"S";"-1";"06018015920266260000";"-3";"#NE";"-3";"#NE";"NÃO";"#NULO";-1;"#NULO";"N";"N";-1;-1;"2026-08-07 16:31:02";8;"AGUARDANDO JULGAMENTO";"-1";"#NULO";"-1";"#NULO";-1;"#NULO";-1;"#NULO";-1;"#NULO";-1;"#NULO";"-1";"#NULO"
"15/08/2026";"19:30:51";2026;6259;250002541888;-3;"#NE";1;"BRASILEIRA NATA";-3;"SÃO PAULO";"42";"N";-1;"#NULO";"1270629.01";"#NE";"S";"-1";"06018275720266260000";"-3";"#NE";"-3";"#NE";"NÃO";"#NULO";-1;"#NULO";"N";"N";-1;-1;"2026-08-07 16:31:02";8;"AGUARDANDO JULGAMENTO";"-1";"#NULO";"-1";"#NULO";-1;"#NULO";-1;"#NULO";-1;"#NULO";-1;"#NULO";"-1";"#NULO"
"15/08/2026";"19:30:51";2026;6259;250002541890;-3;"#NE";1;"BRASILEIRA NATA";-3;"BAURU";"42";"N";-1;"#NULO";"1270629.01";"#NE";"N";"-1";"06018215020266260000";"-3";"#NE";"-3";"#NE";"NÃO";"#NULO";-1;"#NULO";"N";"N";-1;-1;"2026-08-07 16:31:02";8;"AGUARDANDO JULGAMENTO";"-1";"#NULO";"-1";"#NULO";-1;"#NULO";-1;"#NULO";-1;"#NULO";-1;"#NULO";"-1";"#NULO"
"15/08/2026";"19:30:51";2026;6259;250002541893;-3;"#NE";1;"BRASILEIRA NATA";-3;"BAURU";"62";"N";-1;"#NULO";"1270629.01";"#NE";"S";"-1";"06017946720266260000";"-3";"#NE";"-3";"#NE";"NÃO";"#NULO";-1;"#NULO";"N";"N";-1;-1;"2026-08-07 16:31:02";8;"AGUARDANDO JULGAMENTO";"-1";"#NULO";"-1";"#NULO";-1;"#NULO";-1;"#NULO";-1;"#NULO";-1;"#NULO";"-1";"#NULO"
"15/08/2026";"19:30:51";2026;6259;250002541910;-3;"#NE";1;"BRASILEIRA NATA";-3;"CIANORTE";"58";"N";-1;"#NULO";"1270629.01";"#NE";"S";"-1";"06017980720266260000";"-3";"#NE";"-3";"#NE";"NÃO";"#NULO";-1;"#NULO";"N";"N";-1;-1;"2026-08-07 16:31:02";8;"AGUARDANDO JULGAMENTO";"-1";"#NULO";"-1";"#NULO";-1;"#NULO";-1;"#NULO";-1;"#NULO";-1;"#NULO";"-1";"#NULO"
"15/08/2026";"19:30:51";2026;6259;250002544321;-3;"#NE";1;"BRASILEIRA NATA";-3;"SÃO PAULO";"57";"N";-1;"#NULO";"3176572.53";"#NE";"S";"-1";"06018925220266260000";"-3";"#NE";"-3";"#NE";"NÃO";"#NULO";-1;"#NULO";"N";"N";-1;-1;"2026-08-10 12:49:56";8;"AGUARDANDO JULGAMENTO";"-1";"#NULO";"-1";"#NULO";-1;"#NULO";-1;"#NULO";-1;"#NULO";-1;"#NULO";"-1";"#NULO"
"15/08/2026";"19:30:51";2026;6259;250002544320;-3;"#NE";1;"BRASILEIRA NATA";-3;"SÃO PAULO";"44";"N";-1;"#NULO";"3176572.53";"#NE";"S";"-1";"06018977420266260000";"-3";"#NE";"-3";"#NE";"NÃO";"#NULO";-1;"#NULO";"N";"N";-1;-1;"2026-08-10 12:49:56";8;"AGUARDANDO JULGAMENTO";"-1";"#NULO";"-1";"#NULO";-1;"#NULO";-1;"#NULO";-1;"#NULO";-1;"#NULO";"-1";"#NULO"
"15/08/2026";"19:30:51";2026;6259;250002544324;-3;"#NE";1;"BRASILEIRA NATA";-3;"SÃO PAULO";"28";"N";-1;"#NULO";"3176572.53";"#NE";"S";"-1";"06019375620266260000";"-3";"#NE";"-3";"#NE";"NÃO";"#NULO";-1;"#NULO";"N";"N";-1;-1;"2026-08-10 12:49:56";8;"AGUARDANDO JULGAMENTO";"-1";"#NULO";"-1";"#NULO";-1;"#NULO";-1;"#NULO";-1;"#NULO";-1;"#NULO";"-1";"#NULO"
"15/08/2026";"19:30:51";2026;6259;250002544328;-3;"#NE";1;"BRASILEIRA NATA";-3;"CAMPO BELO";"51";"N";-1;"#NULO";"3176572.53";"#NE";"S";"-1";"06019168020266260000";"-3";"#NE";"-3";"#NE";"NÃO";"#NULO";-1;"#NULO";"N";"N";-1;-1;"2026-08-10 12:49:56";8;"AGUARDANDO JULGAMENTO";"-1";"#NULO";"-1";"#NULO";-1;"#NULO";-1;"#NULO";-1;"#NULO";-1;"#NULO";"-1";"#NULO"
"15/08/2026";"19:30:51";2026;6259;250002544330;-3;"#NE";1;"BRASILEIRA NATA";-3;"SÃO PAULO";"43";"N";-1;"#NULO";"3176572.53";"#NE";"S";"-1";"06018881520266260000";"-3";"#NE";"-3";"#NE";"NÃO";"#NULO";-1;"#NULO";"N";"N";-1;-1;"2026-08-10 12:49:56";8;"AGUARDANDO JULGAMENTO";"-1";"#NULO";"-1";"#NULO";-1;"#NULO";-1;"#NULO";-1;"#NULO";-1;"#NULO";"-1";"#NULO"
"15/08/2026";"19:30:51";2026;6259;250002544329;-3;"#NE";1;"BRASILEIRA NATA";-3;"SÃO PAULO";"50";"N";-1;"#NULO";"3176572.53";"#NE";"S";"-1";"06019245720266260000";"-3";"#NE";"-3";"#NE";"NÃO";"#NULO";-1;"#NULO";"N";"N";-1;-1;"2026-08-10 12:49:56";8;"AGUARDANDO JULGAMENTO";"-1";"#NULO";"-1";"#NULO";-1;"#NULO";-1;"#NULO";-1;"#NULO";-1;"#NULO";"-1";"#NULO"
"15/08/2026";"19:30:51";2026;6259;250002544340;-3;"#NE";1;"BRASILEIRA NATA";-3;"SÃO PAULO";"45";"N";-1;"#NULO";"3176572.53";"#NE";"S";"-1";"06019392620266260000";"-3";"#NE";"-3";"#NE";"NÃO";"#NULO";-1;"#NULO";"N";"N";-1;-1;"2026-08-10 12:49:56";8;"AGUARDANDO JULGAMENTO";"-1";"#NULO";"-1";"#NULO";-1;"#NULO";-1;"#NULO";-1;"#NULO";-1;"#NULO";"-1";"#NULO"
"15/08/2026";"19:30:51";2026;6259;250002544356;-3;"#NE";1;"BRASILEIRA NATA";-3;"SÃO PAULO";"47";"N";-1;"#NULO";"3176572.53";"#NE";"S";"-1";"06019080620266260000";"-3";"#NE";"-3";"#NE";"NÃO";"#NULO";-1;"#NULO";"N";"N";-1;-1;"2026-08-10 12:49:56";8;"AGUARDANDO JULGAMENTO";"-1";"#NULO";"-1";"#NULO";-1;"#NULO";-1;"#NULO";-1;"#NULO";-1;"#NULO";"-1";"#NULO"
"15/08/2026";"19:30:51";2026;6259;250002544364;-3;"#NE";1;"BRASILEIRA NATA";-3;"AVARÉ";"49";"N";0;"NÃO INFORMADO";"3176572.53";"#NE";"S";"-1";"06019262720266260000";"-3";"#NE";"-3";"#NE";"NÃO";"#NULO";-1;"#NULO";"N";"N";-1;-1;"2026-08-10 12:49:56";8;"AGUARDANDO JULGAMENTO";"-1";"#NULO";"-1";"#NULO";-1;"#NULO";-1;"#NULO";-1;"#NULO";-1;"#NULO";"-1";"#NULO"
"15/08/2026";"19:30:51";2026;6259;250002544372;-3;"#NE";1;"BRASILEIRA NATA";-3;"FORTALEZA";"44";"N";-1;"#NULO";"3176572.53";"#NE";"S";"-1";"06018856020266260000";"-3";"#NE";"-3";"#NE";"NÃO";"#NULO";-1;"#NULO";"N";"N";-1;-1;"2026-08-10 12:49:56";8;"AGUARDANDO JULGAMENTO";"-1";"#NULO";"-1";"#NULO";-1;"#NULO";-1;"#NULO";-1;"#NULO";-1;"#NULO";"-1";"#NULO"
"15/08/2026";"19:30:51";2026;6259;250002544671;-3;"#NE";1;"BRASILEIRA NATA";-3;"SÃO PAULO";"56";"N";-1;"#NULO";"-1";"#NE";"S";"-1";"06020354120266260000";"-3";"#NE";"-3";"#NE";"NÃO";"#NULO";-1;"#NULO";"N";"N";-1;-1;"2026-08-10 13:56:38";8;"AGUARDANDO JULGAMENTO";"-1";"#NULO";"-1";"#NULO";-1;"#NULO";-1;"#NULO";-1;"#NULO";-1;"#NULO";"-1";"#NULO"
"15/08/2026";"19:30:51";2026;6259;250002544517;-3;"#NE";1;"BRASILEIRA NATA";-3;"RIO DE JANEIRO";"37";"N";-1;"#NULO";"-1";"#NE";"N";"-1";"06020423320266260000";"-3";"#NE";"-3";"#NE";"NÃO";"#NULO";-1;"#NULO";"N";"N";-1;-1;"2026-08-10 14:22:30";8;"AGUARDANDO JULGAMENTO";"-1";"#NULO";"-1";"#NULO";-1;"#NULO";-1;"#NULO";-1;"#NULO";-1;"#NULO";"-1";"#NULO"
"15/08/2026";"19:30:51";2026;6259;250002544833;-3;"#NE";1;"BRASILEIRA NATA";-3;"SÃO BENEDITO";"48";"N";-1;"#NULO";"3176572.53";"#NE";"S";"-1";"06019271220266260000";"-3";"#NE";"-3";"#NE";"NÃO";"#NULO";-1;"#NULO";"N";"N";-1;-1;"2026-08-10 12:49:56";8;"AGUARDANDO JULGAMENTO";"-1";"#NULO";"-1";"#NULO";-1;"#NULO";-1;"#NULO";-1;"#NULO";-1;"#NULO";"-1";"#NULO"
"15/08/2026";"19:30:51";2026;6259;250002545006;-3;"#NE";1;"BRASILEIRA NATA";-3;"SÃO PAULO";"41";"N";-1;"#NULO";"1270629.01";"#NE";"N";"-1";"06020666120266260000";"-3";"#NE";"-3";"#NE";"NÃO";"#NULO";-1;"#NULO";"N";"N";-1;-1;"2026-08-10 16:16:08";8;"AGUARDANDO JULGAMENTO";"-1";"#NULO";"-1";"#NULO";-1;"#NULO";-1;"#NULO";-1;"#NULO";-1;"#NULO";"-1";"#NULO"
"15/08/2026";"19:30:51";2026;6259;250002545008;-3;"#NE";1;"BRASILEIRA NATA";-3;"SÃO PAULO";"30";"N";-1;"#NULO";"1270629.01";"#NE";"S";"-1";"06020934420266260000";"-3";"#NE";"-3";"#NE";"NÃO";"#NULO";-1;"#NULO";"N";"N";-1;-1;"2026-08-10 16:16:08";8;"AGUARDANDO JULGAMENTO";"-1";"#NULO";"-1";"#NULO";-1;"#NULO";-1;"#NULO";-1;"#NULO";-1;"#NULO";"-1";"#NULO"
"15/08/2026";"19:30:51";2026;6259;250002545007;-3;"#NE";1;"BRASILEIRA NATA";-3;"SÃO PAULO";"47";"N";-1;"#NULO";"1270629.01";"#NE";"S";"-1";"06020813020266260000";"-3";"#NE";"-3";"#NE";"NÃO";"#NULO";-1;"#NULO";"N";"N";-1;-1;"2026-08-10 16:16:08";8;"AGUARDANDO JULGAMENTO";"-1";"#NULO";"-1";"#NULO";-1;"#NULO";-1;"#NULO";-1;"#NULO";-1;"#NULO";"-1";"#NULO"
"15/08/2026";"19:30:51";2026;6259;250002545010;-3;"#NE";1;"BRASILEIRA NATA";-3;"SÃO PAULO";"38";"N";0;"NÃO INFORMADO";"1270629.01";"#NE";"N";"-1";"06021012120266260000";"-3";"#NE";"-3";"#NE";"NÃO";"#NULO";-1;"#NULO";"N";"N";-1;-1;"2026-08-10 16:16:08";8;"AGUARDANDO JULGAMENTO";"-1";"#NULO";"-1";"#NULO";-1;"#NULO";-1;"#NULO";-1;"#NULO";-1;"#NULO";"-1";"#NULO"
"15/08/2026";"19:30:51";2026;6259;250002545017;-3;"#NE";1;"BRASILEIRA NATA";-3;"SÃO PAULO";"38";"N";-1;"#NULO";"1270629.01";"#NE";"S";"-1";"06021047320266260000";"-3";"#NE";"-3";"#NE";"NÃO";"#NULO";-1;"#NULO";"N";"N";-1;-1;"2026-08-10 16:16:08";8;"AGUARDANDO JULGAMENTO";"-1";"#NULO";"-1";"#NULO";-1;"#NULO";-1;"#NULO";-1;"#NULO";-1;"#NULO";"-1";"#NULO"
"15/08/2026";"19:30:51";2026;6259;250002545019;-3;"#NE";1;"BRASILEIRA NATA";-3;"SÃO PAULO";"36";"N";-1;"#NULO";"1270629.01";"#NE";"N";"-1";"06021116520266260000";"-3";"#NE";"-3";"#NE";"NÃO";"#NULO";-1;"#NULO";"N";"N";-1;-1;"2026-08-10 16:16:08";8;"AGUARDANDO JULGAMENTO";"-1";"#NULO";"-1";"#NULO";-1;"#NULO";-1;"#NULO";-1;"#NULO";-1;"#NULO";"-1";"#NULO"
"15/08/2026";"19:30:51";2026;6259;250002545022;-3;"#NE";1;"BRASILEIRA NATA";-3;"SÃO PAULO";"21";"N";-1;"#NULO";"1270629.01";"#NE";"S";"-1";"06020570220266260000";"-3";"#NE";"-3";"#NE";"NÃO";"#NULO";-1;"#NULO";"N";"N";-1;-1;"2026-08-10 16:16:08";8;"AGUARDANDO JULGAMENTO";"-1";"#NULO";"-1";"#NULO";-1;"#NULO";-1;"#NULO";-1;"#NULO";-1;"#NULO";"-1";"#NULO"
"15/08/2026";"19:30:51";2026;6259;250002545028;-3;"#NE";1;"BRASILEIRA NATA";-3;"BARRETOS";"40";"N";0;"NÃO INFORMADO";"1270629.01";"#NE";"S";"-1";"06020492520266260000";"-3";"#NE";"-3";"#NE";"NÃO";"#NULO";-1;"#NULO";"N";"N";-1;-1;"2026-08-10 16:16:08";8;"AGUARDANDO JULGAMENTO";"-1";"#NULO";"-1";"#NULO";-1;"#NULO";-1;"#NULO";-1;"#NULO";-1;"#NULO";"-1";"#NULO"
"15/08/2026";"19:30:51";2026;6259;250002545029;-3;"#NE";1;"BRASILEIRA NATA";-3;"DIADEMA";"22";"N";0;"NÃO INFORMADO";"1270629.01";"#NE";"N";"-1";"06020917420266260000";"-3";"#NE";"-3";"#NE";"NÃO";"#NULO";-1;"#NULO";"N";"N";-1;-1;"2026-08-10 16:16:08";8;"AGUARDANDO JULGAMENTO";"-1";"#NULO";"-1";"#NULO";-1;"#NULO";-1;"#NULO";-1;"#NULO";-1;"#NULO";"-1";"#NULO"
"15/08/2026";"19:30:51";2026;6259;250002545033;-3;"#NE";1;"BRASILEIRA NATA";-3;"SÃO PAULO";"51";"N";-1;"#NULO";"1270629.01";"#NE";"N";"-1";"06020865220266260000";"-3";"#NE";"-3";"#NE";"NÃO";"#NULO";-1;"#NULO";"N";"N";-1;-1;"2026-08-10 16:16:08";8;"AGUARDANDO JULGAMENTO";"-1";"#NULO";"-1";"#NULO";-1;"#NULO";-1;"#NULO";-1;"#NULO";-1;"#NULO";"-1";"#NULO"
"15/08/2026";"19:30:51";2026;6259;250002545041;-3;"#NE";1;"BRASILEIRA NATA";-3;"SÃO PAULO";"32";"N";-1;"#NULO";"1270629.01";"#NE";"S";"-1";"06020605420266260000";"-3";"#NE";"-3";"#NE";"NÃO";"#NULO";-1;"#NULO";"N";"N";-1;-1;"2026-08-10 16:16:08";8;"AGUARDANDO JULGAMENTO";"-1";"#NULO";"-1";"#NULO";-1;"#NULO";-1;"#NULO";-1;"#NULO";-1;"#NULO";"-1";"#NULO"
"15/08/2026";"19:30:51";2026;6259;250002545050;-3;"#NE";1;"BRASILEIRA NATA";-3;"REGISTRO";"27";"N";-1;"#NULO";"1270629.01";"#NE";"N";"-1";"06020726820266260000";"-3";"#NE";"-3";"#NE";"NÃO";"#NULO";-1;"#NULO";"N";"N";-1;-1;"2026-08-10 16:16:08";8;"AGUARDANDO JULGAMENTO";"-1";"#NULO";"-1";"#NULO";-1;"#NULO";-1;"#NULO";-1;"#NULO";-1;"#NULO";"-1";"#NULO"
"15/08/2026";"19:30:51";2026;6259;250002545053;-3;"#NE";1;"BRASILEIRA NATA";-3;"ITAGIMIRIM";"50";"N";-1;"#NULO";"1270629.01";"#NE";"N";"-1";"06020779020266260000";"-3";"#NE";"-3";"#NE";"NÃO";"#NULO";-1;"#NULO";"N";"N";-1;-1;"2026-08-10 16:16:08";8;"AGUARDANDO JULGAMENTO";"-1";"#NULO";"-1";"#NULO";-1;"#NULO";-1;"#NULO";-1;"#NULO";-1;"#NULO";"-1";"#NULO"
"15/08/2026";"19:30:51";2026;6259;250002545133;-3;"#NE";1;"BRASILEIRA NATA";-3;"XIQUE-XIQUE";"51";"N";-1;"#NULO";"1270629.01";"#NE";"S";"-1";"06019444820266260000";"-3";"#NE";"-3";"#NE";"NÃO";"#NULO";-1;"#NULO";"N";"N";-1;-1;"2026-08-10 13:29:39";8;"AGUARDANDO JULGAMENTO";"-1";"#NULO";"-1";"#NULO";-1;"#NULO";-1;"#NULO";-1;"#NULO";-1;"#NULO";"-1";"#NULO"
"15/08/2026";"19:30:51";2026;6259;250002545140;-3;"#NE";1;"BRASILEIRA NATA";-3;"GOIÂNIA";"50";"N";-1;"#NULO";"1270629.01";"#NE";"S";"-1";"06020146520266260000";"-3";"#NE";"-3";"#NE";"NÃO";"#NULO";-1;"#NULO";"N";"N";-1;-1;"2026-08-10 13:29:39";8;"AGUARDANDO JULGAMENTO";"-1";"#NULO";"-1";"#NULO";-1;"#NULO";-1;"#NULO";-1;"#NULO";-1;"#NULO";"-1";"#NULO"
"15/08/2026";"19:30:51";2026;6259;250002545147;-3;"#NE";1;"BRASILEIRA NATA";-3;"JUNDIAÍ";"50";"N";0;"NÃO INFORMADO";"1270629.01";"#NE";"S";"-1";"06019938920266260000";"-3";"#NE";"-3";"#NE";"NÃO";"#NULO";-1;"#NULO";"N";"N";-1;-1;"2026-08-10 13:29:39";8;"AGUARDANDO JULGAMENTO";"-1";"#NULO";"-1";"#NULO";-1;"#NULO";-1;"#NULO";-1;"#NULO";-1;"#NULO";"-1";"#NULO"
"15/08/2026";"19:30:51";2026;6259;250002545171;-3;"#NE";1;"BRASILEIRA NATA";-3;"CARAPICUÍBA";"51";"N";0;"NÃO INFORMADO";"1270629.01";"#NE";"S";"-1";"06019557720266260000";"-3";"#NE";"-3";"#NE";"NÃO";"#NULO";-1;"#NULO";"N";"N";-1;-1;"2026-08-10 13:29:39";8;"AGUARDANDO JULGAMENTO";"-1";"#NULO";"-1";"#NULO";-1;"#NULO";-1;"#NULO";-1;"#NULO";-1;"#NULO";"-1";"#NULO"
"15/08/2026";"19:30:51";2026;6259;250002545172;-3;"#NE";1;"BRASILEIRA NATA";-3;"CUBATÃO";"33";"N";0;"NÃO INFORMADO";"1270629.01";"#NE";"S";"-1";"06019488520266260000";"-3";"#NE";"-3";"#NE";"NÃO";"#NULO";-1;"#NULO";"N";"N";-1;-1;"2026-08-10 13:29:39";8;"AGUARDANDO JULGAMENTO";"-1";"#NULO";"-1";"#NULO";-1;"#NULO";-1;"#NULO";-1;"#NULO";-1;"#NULO";"-1";"#NULO"
"15/08/2026";"19:30:51";2026;6259;250002545187;-3;"#NE";1;"BRASILEIRA NATA";-3;"SANTOS";"50";"N";0;"NÃO INFORMADO";"1270629.01";"#NE";"S";"-1";"06019660920266260000";"-3";"#NE";"-3";"#NE";"NÃO";"#NULO";-1;"#NULO";"N";"N";-1;-1;"2026-08-10 13:29:39";8;"AGUARDANDO JULGAMENTO";"-1";"#NULO";"-1";"#NULO";-1;"#NULO";-1;"#NULO";-1;"#NULO";-1;"#NULO";"-1";"#NULO"
"15/08/2026";"19:30:51";2026;6259;250002545192;-3;"#NE";1;"BRASILEIRA NATA";-3;"SÃO PAULO";"50";"N";-1;"#NULO";"1270629.01";"#NE";"S";"-1";"06020077320266260000";"-3";"#NE";"-3";"#NE";"NÃO";"#NULO";-1;"#NULO";"N";"N";-1;-1;"2026-08-10 13:29:39";8;"AGUARDANDO JULGAMENTO";"-1";"#NULO";"-1";"#NULO";-1;"#NULO";-1;"#NULO";-1;"#NULO";-1;"#NULO";"-1";"#NULO"
"15/08/2026";"19:30:51";2026;6259;250002545201;-3;"#NE";1;"BRASILEIRA NATA";-3;"SÃO PAULO";"57";"N";-1;"#NULO";"1270629.01";"#NE";"S";"-1";"06019626920266260000";"-3";"#NE";"-3";"#NE";"NÃO";"#NULO";-1;"#NULO";"N";"N";-1;-1;"2026-08-10 13:29:39";8;"AGUARDANDO JULGAMENTO";"-1";"#NULO";"-1";"#NULO";-1;"#NULO";-1;"#NULO";-1;"#NULO";-1;"#NULO";"-1";"#NULO"
"15/08/2026";"19:30:51";2026;6259;250002545210;-3;"#NE";1;"BRASILEIRA NATA";-3;"SÃO PAULO";"39";"N";-1;"#NULO";"1270629.01";"#NE";"S";"-1";"06020163520266260000";"-3";"#NE";"-3";"#NE";"NÃO";"#NULO";-1;"#NULO";"N";"N";-1;-1;"2026-08-10 13:29:39";8;"AGUARDANDO JULGAMENTO";"-1";"#NULO";"-1";"#NULO";-1;"#NULO";-1;"#NULO";-1;"#NULO";-1;"#NULO";"-1";"#NULO"
"15/08/2026";"19:30:51";2026;6259;250002546640;-3;"#NE";1;"BRASILEIRA NATA";-3;"BELMONTE";"26";"N";-1;"#NULO";"3176572.53";"#NE";"N";"-1";"06021185720266260000";"-3";"#NE";"-3";"#NE";"NÃO";"#NULO";-1;"#NULO";"N";"N";-1;-1;"2026-08-10 16:50:13";8;"AGUARDANDO JULGAMENTO";"-1";"#NULO";"-1";"#NULO";-1;"#NULO";-1;"#NULO";-1;"#NULO";-1;"#NULO";"-1";"#NULO"
"15/08/2026";"19:30:51";2026;6259;250002546645;-3;"#NE";1;"BRASILEIRA NATA";-3;"CUBATÃO";"41";"N";-1;"#NULO";"3176572.53";"#NE";"S";"-1";"06021307120266260000";"-3";"#NE";"-3";"#NE";"NÃO";"#NULO";-1;"#NULO";"N";"N";-1;-1;"2026-08-10 16:50:13";8;"AGUARDANDO JULGAMENTO";"-1";"#NULO";"-1";"#NULO";-1;"#NULO";-1;"#NULO";-1;"#NULO";-1;"#NULO";"-1";"#NULO"
"15/08/2026";"19:30:51";2026;6259;250002546648;-3;"#NE";1;"BRASILEIRA NATA";-3;"SÃO PAULO";"25";"N";-1;"#NULO";"3176572.53";"#NE";"N";"-1";"06021376320266260000";"-3";"#NE";"-3";"#NE";"NÃO";"#NULO";-1;"#NULO";"N";"N";-1;-1;"2026-08-10 16:50:13";8;"AGUARDANDO JULGAMENTO";"-1";"#NULO";"-1";"#NULO";-1;"#NULO";-1;"#NULO";-1;"#NULO";-1;"#NULO";"-1";"#NULO"
"15/08/2026";"19:30:51";2026;6259;250002546657;-3;"#NE";1;"BRASILEIRA NATA";-3;"AMERICANA";"56";"N";-1;"#NULO";"3176572.53";"#NE";"S";"-1";"06021229420266260000";"-3";"#NE";"-3";"#NE";"NÃO";"#NULO";-1;"#NULO";"N";"N";-1;-1;"2026-08-10 16:50:13";8;"AGUARDANDO JULGAMENTO";"-1";"#NULO";"-1";"#NULO";-1;"#NULO";-1;"#NULO";-1;"#NULO";-1;"#NULO";"-1";"#NULO"
"15/08/2026";"19:30:51";2026;6259;250002547968;-3;"#NE";1;"BRASILEIRA NATA";-3;"SÃO PAULO";"35";"S";-1;"#NULO";"1270629.01";"#NE";"S";"-1";"06022095020266260000";"-3";"#NE";"-3";"#NE";"NÃO";"#NULO";-1;"#NULO";"N";"N";-1;-1;"2026-08-11 12:41:32";8;"AGUARDANDO JULGAMENTO";"-1";"#NULO";"-1";"#NULO";-1;"#NULO";-1;"#NULO";-1;"#NULO";-1;"#NULO";"-1";"#NULO"
"15/08/2026";"19:30:51";2026;6259;250002547970;-3;"#NE";2;"BRASILEIRA (NATURALIZADA)";-3;"SÃO CAETANO DO SUL";"41";"N";-1;"#NULO";"1270629.01";"#NE";"N";"-1";"06021713820266260000";"-3";"#NE";"-3";"#NE";"NÃO";"#NULO";-1;"#NULO";"N";"N";-1;-1;"2026-08-11 12:41:32";8;"AGUARDANDO JULGAMENTO";"-1";"#NULO";"-1";"#NULO";-1;"#NULO";-1;"#NULO";-1;"#NULO";-1;"#NULO";"-1";"#NULO"
"15/08/2026";"19:30:51";2026;6259;250002547982;-3;"#NE";1;"BRASILEIRA NATA";-3;"SÃO CAETANO DO SUL";"45";"N";-1;"#NULO";"1270629.01";"#NE";"N";"-1";"06021818220266260000";"-3";"#NE";"-3";"#NE";"NÃO";"#NULO";-1;"#NULO";"N";"N";-1;-1;"2026-08-11 12:41:32";8;"AGUARDANDO JULGAMENTO";"-1";"#NULO";"-1";"#NULO";-1;"#NULO";-1;"#NULO";-1;"#NULO";-1;"#NULO";"-1";"#NULO"
"15/08/2026";"19:30:51";2026;6259;250002547997;-3;"#NE";1;"BRASILEIRA NATA";-3;"BAURU";"37";"N";0;"NÃO INFORMADO";"1270629.01";"#NE";"S";"-1";"06021852220266260000";"-3";"#NE";"-3";"#NE";"NÃO";"#NULO";-1;"#NULO";"N";"N";-1;-1;"2026-08-11 12:41:32";8;"AGUARDANDO JULGAMENTO";"-1";"#NULO";"-1";"#NULO";-1;"#NULO";-1;"#NULO";-1;"#NULO";-1;"#NULO";"-1";"#NULO"
"15/08/2026";"19:30:51";2026;6259;250002547999;-3;"#NE";1;"BRASILEIRA NATA";-3;"ALFREDO MARCONDES";"63";"N";-1;"#NULO";"1270629.01";"#NE";"S";"-1";"06021730820266260000";"-3";"#NE";"-3";"#NE";"NÃO";"#NULO";-1;"#NULO";"N";"N";-1;-1;"2026-08-11 12:41:32";8;"AGUARDANDO JULGAMENTO";"-1";"#NULO";"-1";"#NULO";-1;"#NULO";-1;"#NULO";-1;"#NULO";-1;"#NULO";"-1";"#NULO"
"15/08/2026";"19:30:51";2026;6259;250002548004;-3;"#NE";1;"BRASILEIRA NATA";-3;"QUIPAPÁ";"39";"N";-1;"#NULO";"1270629.01";"#NE";"S";"-1";"06022008820266260000";"-3";"#NE";"-3";"#NE";"NÃO";"#NULO";-1;"#NULO";"N";"N";-1;-1;"2026-08-11 12:41:32";8;"AGUARDANDO JULGAMENTO";"-1";"#NULO";"-1";"#NULO";-1;"#NULO";-1;"#NULO";-1;"#NULO";-1;"#NULO";"-1";"#NULO"
"15/08/2026";"19:30:51";2026;6259;250002548003;-3;"#NE";1;"BRASILEIRA NATA";-3;"CHÃ GRANDE";"49";"N";0;"NÃO INFORMADO";"1270629.01";"#NE";"N";"-1";"06022103520266260000";"-3";"#NE";"-3";"#NE";"NÃO";"#NULO";-1;"#NULO";"N";"N";-1;-1;"2026-08-11 12:41:32";8;"AGUARDANDO JULGAMENTO";"-1";"#NULO";"-1";"#NULO";-1;"#NULO";-1;"#NULO";-1;"#NULO";-1;"#NULO";"-1";"#NULO"
"15/08/2026";"19:30:51";2026;6259;250002548168;-3;"#NE";1;"BRASILEIRA NATA";-3;"GUARULHOS";"51";"N";-1;"#NULO";"1270629.01";"#NE";"N";"-1";"06022181220266260000";"-3";"#NE";"-3";"#NE";"NÃO";"#NULO";-1;"#NULO";"N";"N";-1;-1;"2026-08-11 13:13:22";8;"AGUARDANDO JULGAMENTO";"-1";"#NULO";"-1";"#NULO";-1;"#NULO";-1;"#NULO";-1;"#NULO";-1;"#NULO";"-1";"#NULO"
"15/08/2026";"19:30:51";2026;6259;250002548467;-3;"#NE";1;"BRASILEIRA NATA";-3;"BRUMADO";"49";"N";-1;"#NULO";"3176572.53";"#NE";"N";"-1";"06022943620266260000";"-3";"#NE";"-3";"#NE";"NÃO";"#NULO";-1;"#NULO";"N";"N";-1;-1;"2026-08-11 14:25:51";8;"AGUARDANDO JULGAMENTO";"-1";"#NULO";"-1";"#NULO";-1;"#NULO";-1;"#NULO";-1;"#NULO";-1;"#NULO";"-1";"#NULO"
"15/08/2026";"19:30:51";2026;6259;250002548479;-3;"#NE";1;"BRASILEIRA NATA";-3;"MAUÁ";"52";"N";-1;"#NULO";"3176572.53";"#NE";"S";"-1";"06022995820266260000";"-3";"#NE";"-3";"#NE";"NÃO";"#NULO";-1;"#NULO";"N";"N";-1;-1;"2026-08-11 14:25:51";8;"AGUARDANDO JULGAMENTO";"-1";"#NULO";"-1";"#NULO";-1;"#NULO";-1;"#NULO";-1;"#NULO";-1;"#NULO";"-1";"#NULO"
"15/08/2026";"19:30:51";2026;6259;250002548482;-3;"#NE";1;"BRASILEIRA NATA";-3;"PRESIDENTE BERNARDES";"67";"N";-1;"#NULO";"3176572.53";"#NE";"N";"-1";"06022978820266260000";"-3";"#NE";"-3";"#NE";"NÃO";"#NULO";-1;"#NULO";"N";"N";-1;-1;"2026-08-11 14:25:51";8;"AGUARDANDO JULGAMENTO";"-1";"#NULO";"-1";"#NULO";-1;"#NULO";-1;"#NULO";-1;"#NULO";-1;"#NULO";"-1";"#NULO"
"15/08/2026";"19:30:51";2026;6259;250002548488;-3;"#NE";2;"BRASILEIRA (NATURALIZADA)";-3;"CARAPICUÍBA";"45";"N";-1;"#NULO";"3176572.53";"#NE";"S";"-1";"06022736020266260000";"-3";"#NE";"-3";"#NE";"NÃO";"#NULO";-1;"#NULO";"N";"N";-1;-1;"2026-08-11 14:25:51";8;"AGUARDANDO JULGAMENTO";"-1";"#NULO";"-1";"#NULO";-1;"#NULO";-1;"#NULO";-1;"#NULO";-1;"#NULO";"-1";"#NULO"
"15/08/2026";"19:30:51";2026;6259;250002548490;-3;"#NE";1;"BRASILEIRA NATA";-3;"CHAVANTES";"48";"N";-1;"#NULO";"3176572.53";"#NE";"S";"-1";"06022753020266260000";"-3";"#NE";"-3";"#NE";"NÃO";"#NULO";-1;"#NULO";"N";"N";-1;-1;"2026-08-11 14:25:51";8;"AGUARDANDO JULGAMENTO";"-1";"#NULO";"-1";"#NULO";-1;"#NULO";-1;"#NULO";-1;"#NULO";-1;"#NULO";"-1";"#NULO"
"15/08/2026";"19:30:51";2026;6259;250002548493;-3;"#NE";1;"BRASILEIRA NATA";-3;"COARACI";"80";"N";-1;"#NULO";"3176572.53";"#NE";"S";"-1";"06022570920266260000";"-3";"#NE";"-3";"#NE";"NÃO";"#NULO";-1;"#NULO";"N";"N";-1;-1;"2026-08-11 14:25:51";8;"AGUARDANDO JULGAMENTO";"-1";"#NULO";"-1";"#NULO";-1;"#NULO";-1;"#NULO";-1;"#NULO";-1;"#NULO";"-1";"#NULO"
"15/08/2026";"19:30:51";2026;6259;250002548495;-3;"#NE";1;"BRASILEIRA NATA";-3;"SANTA FÉ DO SUL";"46";"N";-1;"#NULO";"3176572.53";"#NE";"N";"-1";"06022631620266260000";"-3";"#NE";"-3";"#NE";"NÃO";"#NULO";-1;"#NULO";"N";"N";-1;-1;"2026-08-11 14:25:51";8;"AGUARDANDO JULGAMENTO";"-1";"#NULO";"-1";"#NULO";-1;"#NULO";-1;"#NULO";-1;"#NULO";-1;"#NULO";"-1";"#NULO"
"15/08/2026";"19:30:51";2026;6259;250002548515;-3;"#NE";1;"BRASILEIRA NATA";-3;"SÃO SEBASTIÃO";"45";"N";-1;"#NULO";"3176572.53";"#NE";"S";"-1";"06022606120266260000";"-3";"#NE";"-3";"#NE";"NÃO";"#NULO";-1;"#NULO";"N";"N";-1;-1;"2026-08-11 14:25:51";8;"AGUARDANDO JULGAMENTO";"-1";"#NULO";"-1";"#NULO";-1;"#NULO";-1;"#NULO";-1;"#NULO";-1;"#NULO";"-1";"#NULO"
"15/08/2026";"19:30:51";2026;6259;250002548868;-3;"#NE";1;"BRASILEIRA NATA";-3;"QUIXADÁ";"53";"N";-1;"#NULO";"1270629.01";"#NE";"S";"-1";"06023636820266260000";"-3";"#NE";"-3";"#NE";"NÃO";"#NULO";-1;"#NULO";"N";"N";-1;-1;"2026-08-12 13:11:44";8;"AGUARDANDO JULGAMENTO";"-1";"#NULO";"-1";"#NULO";-1;"#NULO";-1;"#NULO";-1;"#NULO";-1;"#NULO";"-1";"#NULO"
"15/08/2026";"19:30:51";2026;6259;250002548870;-3;"#NE";1;"BRASILEIRA NATA";-3;"CAMPO GRANDE";"52";"N";-1;"#NULO";"1270629.01";"#NE";"N";"-1";"06023922120266260000";"-3";"#NE";"-3";"#NE";"NÃO";"#NULO";-1;"#NULO";"N";"N";-1;-1;"2026-08-12 13:11:44";8;"AGUARDANDO JULGAMENTO";"-1";"#NULO";"-1";"#NULO";-1;"#NULO";-1;"#NULO";-1;"#NULO";-1;"#NULO";"-1";"#NULO"
"15/08/2026";"19:30:51";2026;6259;250002548878;-3;"#NE";1;"BRASILEIRA NATA";-3;"BARRA DO JACARÉ";"58";"N";-1;"#NULO";"1270629.01";"#NE";"S";"-1";"06023697520266260000";"-3";"#NE";"-3";"#NE";"NÃO";"#NULO";-1;"#NULO";"N";"N";-1;-1;"2026-08-12 13:11:44";8;"AGUARDANDO JULGAMENTO";"-1";"#NULO";"-1";"#NULO";-1;"#NULO";-1;"#NULO";-1;"#NULO";-1;"#NULO";"-1";"#NULO"
"15/08/2026";"19:30:51";2026;6259;250002548880;-3;"#NE";1;"BRASILEIRA NATA";-3;"IBATÉ";"49";"N";-1;"#NULO";"1270629.01";"#NE";"S";"-1";"06024018020266260000";"-3";"#NE";"-3";"#NE";"NÃO";"#NULO";-1;"#NULO";"N";"N";-1;-1;"2026-08-12 13:11:44";8;"AGUARDANDO JULGAMENTO";"-1";"#NULO";"-1";"#NULO";-1;"#NULO";-1;"#NULO";-1;"#NULO";-1;"#NULO";"-1";"#NULO"
"15/08/2026";"19:30:51";2026;6259;250002548887;-3;"#NE";1;"BRASILEIRA NATA";-3;"PALMEIRA D OESTE";"48";"N";-1;"#NULO";"1270629.01";"#NE";"S";"-1";"06024087220266260000";"-3";"#NE";"-3";"#NE";"NÃO";"#NULO";-1;"#NULO";"N";"N";-1;-1;"2026-08-12 13:11:44";8;"AGUARDANDO JULGAMENTO";"-1";"#NULO";"-1";"#NULO";-1;"#NULO";-1;"#NULO";-1;"#NULO";-1;"#NULO";"-1";"#NULO"
"15/08/2026";"19:30:51";2026;6259;250002548886;-3;"#NE";1;"BRASILEIRA NATA";-3;"MOCOCA";"32";"N";0;"NÃO INFORMADO";"1270629.01";"#NE";"N";"-1";"06024043520266260000";"-3";"#NE";"-3";"#NE";"NÃO";"#NULO";-1;"#NULO";"N";"N";-1;-1;"2026-08-12 13:11:44";8;"AGUARDANDO JULGAMENTO";"-1";"#NULO";"-1";"#NULO";-1;"#NULO";-1;"#NULO";-1;"#NULO";-1;"#NULO";"-1";"#NULO"
"15/08/2026";"19:30:51";2026;6259;250002548888;-3;"#NE";1;"BRASILEIRA NATA";-3;"PIRACICABA";"52";"N";-1;"#NULO";"1270629.01";"#NE";"S";"-1";"06023559120266260000";"-3";"#NE";"-3";"#NE";"NÃO";"#NULO";-1;"#NULO";"N";"N";-1;-1;"2026-08-12 13:11:44";8;"AGUARDANDO JULGAMENTO";"-1";"#NULO";"-1";"#NULO";-1;"#NULO";-1;"#NULO";-1;"#NULO";-1;"#NULO";"-1";"#NULO"
"15/08/2026";"19:30:51";2026;6259;250002548899;-3;"#NE";1;"BRASILEIRA NATA";-3;"CAMPINAS";"24";"N";-1;"#NULO";"1270629.01";"#NE";"N";"-1";"06024139420266260000";"-3";"#NE";"-3";"#NE";"NÃO";"#NULO";-1;"#NULO";"N";"N";-1;-1;"2026-08-12 13:11:44";8;"AGUARDANDO JULGAMENTO";"-1";"#NULO";"-1";"#NULO";-1;"#NULO";-1;"#NULO";-1;"#NULO";-1;"#NULO";"-1";"#NULO"
"15/08/2026";"19:30:51";2026;6259;250002548907;-3;"#NE";1;"BRASILEIRA NATA";-3;"RIBEIRÃO PIRES";"55";"N";0;"NÃO INFORMADO";"1270629.01";"#NE";"S";"-1";"06023480220266260000";"-3";"#NE";"-3";"#NE";"NÃO";"#NULO";-1;"#NULO";"N";"N";-1;-1;"2026-08-12 13:11:44";8;"AGUARDANDO JULGAMENTO";"-1";"#NULO";"-1";"#NULO";-1;"#NULO";-1;"#NULO";-1;"#NULO";-1;"#NULO";"-1";"#NULO"
"15/08/2026";"19:30:51";2026;6259;250002548906;-3;"#NE";1;"BRASILEIRA NATA";-3;"GUARULHOS";"40";"N";-1;"#NULO";"1270629.01";"#NE";"N";"-1";"06024147920266260000";"-3";"#NE";"-3";"#NE";"NÃO";"#NULO";-1;"#NULO";"N";"N";-1;-1;"2026-08-12 13:11:44";8;"AGUARDANDO JULGAMENTO";"-1";"#NULO";"-1";"#NULO";-1;"#NULO";-1;"#NULO";-1;"#NULO";-1;"#NULO";"-1";"#NULO"
"15/08/2026";"19:30:51";2026;6259;250002548910;-3;"#NE";1;"BRASILEIRA NATA";-3;"SANTO ANDRÉ";"48";"N";-1;"#NULO";"1270629.01";"#NE";"S";"-1";"06023523920266260000";"-3";"#NE";"-3";"#NE";"NÃO";"#NULO";-1;"#NULO";"N";"N";-1;-1;"2026-08-12 13:11:44";8;"AGUARDANDO JULGAMENTO";"-1";"#NULO";"-1";"#NULO";-1;"#NULO";-1;"#NULO";-1;"#NULO";-1;"#NULO";"-1";"#NULO"
"15/08/2026";"19:30:51";2026;6259;250002548912;-3;"#NE";1;"BRASILEIRA NATA";-3;"SANTO ANDRÉ";"43";"S";0;"NÃO INFORMADO";"1270629.01";"#NE";"N";"-1";"06023930620266260000";"-3";"#NE";"-3";"#NE";"NÃO";"#NULO";-1;"#NULO";"N";"N";-1;-1;"2026-08-12 13:11:44";8;"AGUARDANDO JULGAMENTO";"-1";"#NULO";"-1";"#NULO";-1;"#NULO";-1;"#NULO";-1;"#NULO";-1;"#NULO";"-1";"#NULO"
"15/08/2026";"19:30:51";2026;6259;250002549704;-3;"#NE";1;"BRASILEIRA NATA";-3;"SANTOS";"63";"N";-1;"#NULO";"-1";"#NE";"S";"-1";"06024988020266260000";"-3";"#NE";"-3";"#NE";"NÃO";"#NULO";-1;"#NULO";"N";"N";-1;-1;"2026-08-12 17:21:46";8;"AGUARDANDO JULGAMENTO";"-1";"#NULO";"-1";"#NULO";-1;"#NULO";-1;"#NULO";-1;"#NULO";-1;"#NULO";"-1";"#NULO"
"15/08/2026";"19:30:51";2026;6259;250002550052;-3;"#NE";1;"BRASILEIRA NATA";-3;"SÃO PAULO";"40";"N";-1;"#NULO";"1270629.01";"#NE";"S";"-1";"06023515420266260000";"-3";"#NE";"-3";"#NE";"NÃO";"#NULO";-1;"#NULO";"N";"N";-1;-1;"2026-08-12 13:11:44";8;"AGUARDANDO JULGAMENTO";"-1";"#NULO";"-1";"#NULO";-1;"#NULO";-1;"#NULO";-1;"#NULO";-1;"#NULO";"-1";"#NULO"
"15/08/2026";"19:30:51";2026;6259;250002550056;-3;"#NE";1;"BRASILEIRA NATA";-3;"SÃO PAULO";"51";"N";-1;"#NULO";"1270629.01";"#NE";"N";"-1";"06023792220266260000";"-3";"#NE";"-3";"#NE";"NÃO";"#NULO";-1;"#NULO";"N";"N";-1;-1;"2026-08-12 13:11:44";8;"AGUARDANDO JULGAMENTO";"-1";"#NULO";"-1";"#NULO";-1;"#NULO";-1;"#NULO";-1;"#NULO";-1;"#NULO";"-1";"#NULO"
"15/08/2026";"19:30:51";2026;6259;250002550059;-3;"#NE";1;"BRASILEIRA NATA";-3;"SÃO PAULO";"40";"N";-1;"#NULO";"1270629.01";"#NE";"N";"-1";"06023982820266260000";"-3";"#NE";"-3";"#NE";"NÃO";"#NULO";-1;"#NULO";"N";"N";-1;-1;"2026-08-12 13:11:44";8;"AGUARDANDO JULGAMENTO";"-1";"#NULO";"-1";"#NULO";-1;"#NULO";-1;"#NULO";-1;"#NULO";-1;"#NULO";"-1";"#NULO"
"15/08/2026";"19:30:51";2026;6259;250002550067;-3;"#NE";1;"BRASILEIRA NATA";-3;"SÃO PAULO";"56";"N";-1;"#NULO";"1270629.01";"#NE";"S";"-1";"06023948820266260000";"-3";"#NE";"-3";"#NE";"NÃO";"#NULO";-1;"#NULO";"N";"N";-1;-1;"2026-08-12 13:11:44";8;"AGUARDANDO JULGAMENTO";"-1";"#NULO";"-1";"#NULO";-1;"#NULO";-1;"#NULO";-1;"#NULO";-1;"#NULO";"-1";"#NULO"
"15/08/2026";"19:30:51";2026;6259;250002550243;-3;"#NE";1;"BRASILEIRA NATA";-3;"SÃO PAULO";"56";"S";-1;"#NULO";"1270629.01";"#NE";"N";"-1";"06025958020266260000";"-3";"#NE";"-3";"#NE";"NÃO";"#NULO";-1;"#NULO";"N";"N";-1;-1;"2026-08-13 15:31:25";8;"AGUARDANDO JULGAMENTO";"-1";"#NULO";"-1";"#NULO";-1;"#NULO";-1;"#NULO";-1;"#NULO";-1;"#NULO";"-1";"#NULO"
"15/08/2026";"19:30:51";2026;6259;250002550247;-3;"#NE";1;"BRASILEIRA NATA";-3;"SÃO PAULO";"51";"N";-1;"#NULO";"1270629.01";"#NE";"N";"-1";"06026339220266260000";"-3";"#NE";"-3";"#NE";"NÃO";"#NULO";-1;"#NULO";"N";"N";-1;-1;"2026-08-13 15:31:25";8;"AGUARDANDO JULGAMENTO";"-1";"#NULO";"-1";"#NULO";-1;"#NULO";-1;"#NULO";-1;"#NULO";-1;"#NULO";"-1";"#NULO"
"15/08/2026";"19:30:51";2026;6259;250002550351;-3;"#NE";1;"BRASILEIRA NATA";-3;"UBERABA";"50";"N";-1;"#NULO";"3176572.53";"#NE";"N";"-1";"06024338520266260000";"-3";"#NE";"-3";"#NE";"NÃO";"#NULO";-1;"#NULO";"N";"N";-1;-1;"2026-08-12 14:34:24";8;"AGUARDANDO JULGAMENTO";"-1";"#NULO";"-1";"#NULO";-1;"#NULO";-1;"#NULO";-1;"#NULO";-1;"#NULO";"-1";"#NULO"
"15/08/2026";"19:30:51";2026;6259;250002550371;-3;"#NE";1;"BRASILEIRA NATA";-3;"PEDERNEIRAS";"27";"N";-1;"#NULO";"3176572.53";"#NE";"N";"-1";"06024762220266260000";"-3";"#NE";"-3";"#NE";"NÃO";"#NULO";-1;"#NULO";"N";"N";-1;-1;"2026-08-12 14:34:24";8;"AGUARDANDO JULGAMENTO";"-1";"#NULO";"-1";"#NULO";-1;"#NULO";-1;"#NULO";-1;"#NULO";-1;"#NULO";"-1";"#NULO"
"15/08/2026";"19:30:51";2026;6259;250002550369;-3;"#NE";1;"BRASILEIRA NATA";-3;"OURINHOS";"57";"N";0;"NÃO INFORMADO";"3176572.53";"#NE";"S";"-1";"06024676020266260000";"-3";"#NE";"-3";"#NE";"NÃO";"#NULO";-1;"#NULO";"N";"N";-1;-1;"2026-08-12 14:34:24";8;"AGUARDANDO JULGAMENTO";"-1";"#NULO";"-1";"#NULO";-1;"#NULO";-1;"#NULO";-1;"#NULO";-1;"#NULO";"-1";"#NULO"
"15/08/2026";"19:30:51";2026;6259;250002550378;-3;"#NE";1;"BRASILEIRA NATA";-3;"AVARÉ";"53";"N";-1;"#NULO";"3176572.53";"#NE";"S";"-1";"06024659020266260000";"-3";"#NE";"-3";"#NE";"NÃO";"#NULO";-1;"#NULO";"N";"N";-1;-1;"2026-08-12 14:34:24";8;"AGUARDANDO JULGAMENTO";"-1";"#NULO";"-1";"#NULO";-1;"#NULO";-1;"#NULO";-1;"#NULO";-1;"#NULO";"-1";"#NULO"
"15/08/2026";"19:30:51";2026;6259;250002550380;-3;"#NE";1;"BRASILEIRA NATA";-3;"BAURU";"46";"N";-1;"#NULO";"3176572.53";"#NE";"S";"-1";"06024883620266260000";"-3";"#NE";"-3";"#NE";"NÃO";"#NULO";-1;"#NULO";"N";"N";-1;-1;"2026-08-12 14:34:24";8;"AGUARDANDO JULGAMENTO";"-1";"#NULO";"-1";"#NULO";-1;"#NULO";-1;"#NULO";-1;"#NULO";-1;"#NULO";"-1";"#NULO"
"15/08/2026";"19:30:51";2026;6259;250002550385;-3;"#NE";1;"BRASILEIRA NATA";-3;"DIADEMA";"48";"N";-1;"#NULO";"3176572.53";"#NE";"N";"-1";"06024736720266260000";"-3";"#NE";"-3";"#NE";"NÃO";"#NULO";-1;"#NULO";"N";"N";-1;-1;"2026-08-12 14:34:24";8;"AGUARDANDO JULGAMENTO";"-1";"#NULO";"-1";"#NULO";-1;"#NULO";-1;"#NULO";-1;"#NULO";-1;"#NULO";"-1";"#NULO"
"15/08/2026";"19:30:51";2026;6259;250002550400;-3;"#NE";1;"BRASILEIRA NATA";-3;"SÃO PAULO";"50";"N";-1;"#NULO";"3176572.53";"#NE";"S";"-1";"06024320320266260000";"-3";"#NE";"-3";"#NE";"NÃO";"#NULO";-1;"#NULO";"N";"N";-1;-1;"2026-08-12 14:34:24";8;"AGUARDANDO JULGAMENTO";"-1";"#NULO";"-1";"#NULO";-1;"#NULO";-1;"#NULO";-1;"#NULO";-1;"#NULO";"-1";"#NULO"
"15/08/2026";"19:30:51";2026;6259;250002550401;-3;"#NE";1;"BRASILEIRA NATA";-3;"SÃO PAULO";"62";"N";-1;"#NULO";"3176572.53";"#NE";"S";"-1";"06024355520266260000";"-3";"#NE";"-3";"#NE";"NÃO";"#NULO";-1;"#NULO";"N";"N";-1;-1;"2026-08-12 14:34:24";8;"AGUARDANDO JULGAMENTO";"-1";"#NULO";"-1";"#NULO";-1;"#NULO";-1;"#NULO";-1;"#NULO";-1;"#NULO";"-1";"#NULO"
"15/08/2026";"19:30:51";2026;6259;250002550407;-3;"#NE";1;"BRASILEIRA NATA";-3;"SÃO PAULO";"44";"N";-1;"#NULO";"3176572.53";"#NE";"N";"-1";"06024407720266260000";"-3";"#NE";"-3";"#NE";"NÃO";"#NULO";-1;"#NULO";"N";"N";-1;-1;"2026-08-12 14:34:24";8;"AGUARDANDO JULGAMENTO";"-1";"#NULO";"-1";"#NULO";-1;"#NULO";-1;"#NULO";-1;"#NULO";-1;"#NULO";"-1";"#NULO"
"15/08/2026";"19:30:51";2026;6259;250002550405;-3;"#NE";1;"BRASILEIRA NATA";-3;"SÃO PAULO";"70";"N";-1;"#NULO";"3176572.53";"#NE";"S";"-1";"06024753720266260000";"-3";"#NE";"-3";"#NE";"NÃO";"#NULO";-1;"#NULO";"N";"N";-1;-1;"2026-08-12 14:34:24";8;"AGUARDANDO JULGAMENTO";"-1";"#NULO";"-1";"#NULO";-1;"#NULO";-1;"#NULO";-1;"#NULO";-1;"#NULO";"-1";"#NULO"
"15/08/2026";"19:30:51";2026;6259;250002550417;-3;"#NE";1;"BRASILEIRA NATA";-3;"TAUBATÉ";"49";"N";-1;"#NULO";"3176572.53";"#NE";"S";"-1";"06024944320266260000";"-3";"#NE";"-3";"#NE";"NÃO";"#NULO";-1;"#NULO";"N";"N";-1;-1;"2026-08-12 14:34:24";8;"AGUARDANDO JULGAMENTO";"-1";"#NULO";"-1";"#NULO";-1;"#NULO";-1;"#NULO";-1;"#NULO";-1;"#NULO";"-1";"#NULO"
"15/08/2026";"19:30:51";2026;6259;250002551048;-3;"#NE";1;"BRASILEIRA NATA";-3;"FORTALEZA";"64";"N";-1;"#NULO";"3176572.53";"#NE";"S";"-1";"06025455420266260000";"-3";"#NE";"-3";"#NE";"NÃO";"#NULO";-1;"#NULO";"N";"N";-1;-1;"2026-08-13 14:55:32";8;"AGUARDANDO JULGAMENTO";"-1";"#NULO";"-1";"#NULO";-1;"#NULO";-1;"#NULO";-1;"#NULO";-1;"#NULO";"-1";"#NULO"
"15/08/2026";"19:30:51";2026;6259;250002551051;-3;"#NE";1;"BRASILEIRA NATA";-3;"SOBRAL";"60";"S";-1;"#NULO";"3176572.53";"#NE";"S";"-1";"06025325520266260000";"-3";"#NE";"-3";"#NE";"NÃO";"#NULO";-1;"#NULO";"N";"N";-1;-1;"2026-08-13 14:55:32";8;"AGUARDANDO JULGAMENTO";"-1";"#NULO";"-1";"#NULO";-1;"#NULO";-1;"#NULO";-1;"#NULO";-1;"#NULO";"-1";"#NULO"
"15/08/2026";"19:30:51";2026;6259;250002551056;-3;"#NE";1;"BRASILEIRA NATA";-3;"ESCADA";"54";"N";-1;"#NULO";"3176572.53";"#NE";"N";"-1";"06025160420266260000";"-3";"#NE";"-3";"#NE";"NÃO";"#NULO";-1;"#NULO";"N";"N";-1;-1;"2026-08-13 14:55:32";8;"AGUARDANDO JULGAMENTO";"-1";"#NULO";"-1";"#NULO";-1;"#NULO";-1;"#NULO";-1;"#NULO";-1;"#NULO";"-1";"#NULO"
"15/08/2026";"19:30:51";2026;6259;250002551062;-3;"#NE";1;"BRASILEIRA NATA";-3;"RAUL SOARES";"52";"N";-1;"#NULO";"3176572.53";"#NE";"N";"-1";"06025541620266260000";"-3";"#NE";"-3";"#NE";"NÃO";"#NULO";-1;"#NULO";"N";"N";-1;-1;"2026-08-13 14:55:32";8;"AGUARDANDO JULGAMENTO";"-1";"#NULO";"-1";"#NULO";-1;"#NULO";-1;"#NULO";-1;"#NULO";-1;"#NULO";"-1";"#NULO"
"15/08/2026";"19:30:51";2026;6259;250002551075;-3;"#NE";1;"BRASILEIRA NATA";-3;"URAÍ";"57";"N";-1;"#NULO";"3176572.53";"#NE";"N";"-1";"06025784420266260000";"-3";"#NE";"-3";"#NE";"NÃO";"#NULO";-1;"#NULO";"N";"N";-1;-1;"2026-08-13 14:55:32";8;"AGUARDANDO JULGAMENTO";"-1";"#NULO";"-1";"#NULO";-1;"#NULO";-1;"#NULO";-1;"#NULO";-1;"#NULO";"-1";"#NULO"
"15/08/2026";"19:30:51";2026;6259;250002551099;-3;"#NE";1;"BRASILEIRA NATA";-3;"SÃO PAULO";"47";"N";-1;"#NULO";"3176572.53";"#NE";"N";"-1";"06025369220266260000";"-3";"#NE";"-3";"#NE";"NÃO";"#NULO";-1;"#NULO";"N";"N";-1;-1;"2026-08-13 14:55:32";8;"AGUARDANDO JULGAMENTO";"-1";"#NULO";"-1";"#NULO";-1;"#NULO";-1;"#NULO";-1;"#NULO";-1;"#NULO";"-1";"#NULO"
"15/08/2026";"19:30:51";2026;6259;250002551103;-3;"#NE";1;"BRASILEIRA NATA";-3;"SÃO PAULO";"58";"N";-1;"#NULO";"3176572.53";"#NE";"N";"-1";"06025480920266260000";"-3";"#NE";"-3";"#NE";"NÃO";"#NULO";-1;"#NULO";"N";"N";-1;-1;"2026-08-13 14:55:32";8;"AGUARDANDO JULGAMENTO";"-1";"#NULO";"-1";"#NULO";-1;"#NULO";-1;"#NULO";-1;"#NULO";-1;"#NULO";"-1";"#NULO"
"15/08/2026";"19:30:51";2026;6259;250002551104;-3;"#NE";1;"BRASILEIRA NATA";-3;"SÃO PAULO";"59";"N";-1;"#NULO";"3176572.53";"#NE";"S";"-1";"06025446920266260000";"-3";"#NE";"-3";"#NE";"NÃO";"#NULO";-1;"#NULO";"N";"N";-1;-1;"2026-08-13 14:55:32";8;"AGUARDANDO JULGAMENTO";"-1";"#NULO";"-1";"#NULO";-1;"#NULO";-1;"#NULO";-1;"#NULO";-1;"#NULO";"-1";"#NULO"
"15/08/2026";"19:30:51";2026;6259;250002551108;-3;"#NE";1;"BRASILEIRA NATA";-3;"SÃO PAULO";"65";"N";-1;"#NULO";"3176572.53";"#NE";"S";"-1";"06025134920266260000";"-3";"#NE";"-3";"#NE";"NÃO";"#NULO";-1;"#NULO";"N";"N";-1;-1;"2026-08-13 14:55:32";8;"AGUARDANDO JULGAMENTO";"-1";"#NULO";"-1";"#NULO";-1;"#NULO";-1;"#NULO";-1;"#NULO";-1;"#NULO";"-1";"#NULO"
"15/08/2026";"19:30:51";2026;6259;250002551114;-3;"#NE";2;"BRASILEIRA (NATURALIZADA)";-3;"TABOÃO DA SERRA";"54";"N";-1;"#NULO";"3176572.53";"#NE";"S";"-1";"06025758920266260000";"-3";"#NE";"-3";"#NE";"NÃO";"#NULO";-1;"#NULO";"N";"N";-1;-1;"2026-08-13 14:55:32";8;"AGUARDANDO JULGAMENTO";"-1";"#NULO";"-1";"#NULO";-1;"#NULO";-1;"#NULO";-1;"#NULO";-1;"#NULO";"-1";"#NULO"
"15/08/2026";"19:30:51";2026;6259;250002551117;-3;"#NE";1;"BRASILEIRA NATA";-3;"TUPI PAULISTA";"53";"N";-1;"#NULO";"3176572.53";"#NE";"N";"-1";"06025143420266260000";"-3";"#NE";"-3";"#NE";"NÃO";"#NULO";-1;"#NULO";"N";"N";-1;-1;"2026-08-13 14:55:32";8;"AGUARDANDO JULGAMENTO";"-1";"#NULO";"-1";"#NULO";-1;"#NULO";-1;"#NULO";-1;"#NULO";-1;"#NULO";"-1";"#NULO"
"15/08/2026";"19:30:51";2026;6259;250002551228;-3;"#NE";1;"BRASILEIRA NATA";-3;"MAUÁ";"54";"N";-1;"#NULO";"1270629.01";"#NE";"S";"-1";"06026226320266260000";"-3";"#NE";"-3";"#NE";"NÃO";"#NULO";-1;"#NULO";"N";"N";-1;-1;"2026-08-13 15:31:25";8;"AGUARDANDO JULGAMENTO";"-1";"#NULO";"-1";"#NULO";-1;"#NULO";-1;"#NULO";-1;"#NULO";-1;"#NULO";"-1";"#NULO"
"15/08/2026";"19:30:51";2026;6259;250002551230;-3;"#NE";1;"BRASILEIRA NATA";-3;"TAUBATÉ";"61";"S";-1;"#NULO";"1270629.01";"#NE";"N";"-1";"06026416920266260000";"-3";"#NE";"-3";"#NE";"NÃO";"#NULO";-1;"#NULO";"N";"N";-1;-1;"2026-08-13 15:31:25";8;"AGUARDANDO JULGAMENTO";"-1";"#NULO";"-1";"#NULO";-1;"#NULO";-1;"#NULO";-1;"#NULO";-1;"#NULO";"-1";"#NULO"
"15/08/2026";"19:30:51";2026;6259;250002551235;-3;"#NE";1;"BRASILEIRA NATA";-3;"BARRETOS";"36";"N";-1;"#NULO";"1270629.01";"#NE";"N";"-1";"06025870620266260000";"-3";"#NE";"-3";"#NE";"NÃO";"#NULO";-1;"#NULO";"N";"N";-1;-1;"2026-08-13 15:31:25";8;"AGUARDANDO JULGAMENTO";"-1";"#NULO";"-1";"#NULO";-1;"#NULO";-1;"#NULO";-1;"#NULO";-1;"#NULO";"-1";"#NULO"
"15/08/2026";"19:30:51";2026;6259;250002551239;-3;"#NE";1;"BRASILEIRA NATA";-3;"ASSARÉ";"58";"N";-1;"#NULO";"1270629.01";"#NE";"N";"-1";"06026209320266260000";"-3";"#NE";"-3";"#NE";"NÃO";"#NULO";-1;"#NULO";"N";"N";-1;-1;"2026-08-13 15:31:25";8;"AGUARDANDO JULGAMENTO";"-1";"#NULO";"-1";"#NULO";-1;"#NULO";-1;"#NULO";-1;"#NULO";-1;"#NULO";"-1";"#NULO"
"15/08/2026";"19:30:51";2026;6259;250002551243;-3;"#NE";1;"BRASILEIRA NATA";-3;"ARACAJU";"36";"N";-1;"#NULO";"1270629.01";"#NE";"N";"-1";"06025992020266260000";"-3";"#NE";"-3";"#NE";"NÃO";"#NULO";-1;"#NULO";"N";"N";-1;-1;"2026-08-13 15:31:25";8;"AGUARDANDO JULGAMENTO";"-1";"#NULO";"-1";"#NULO";-1;"#NULO";-1;"#NULO";-1;"#NULO";-1;"#NULO";"-1";"#NULO"
"15/08/2026";"19:30:51";2026;6259;250002551248;-3;"#NE";1;"BRASILEIRA NATA";-3;"FRUTAL";"38";"N";-1;"#NULO";"1270629.01";"#NE";"N";"-1";"06025983520266260000";"-3";"#NE";"-3";"#NE";"NÃO";"#NULO";-1;"#NULO";"N";"N";-1;-1;"2026-08-13 15:31:25";8;"AGUARDANDO JULGAMENTO";"-1";"#NULO";"-1";"#NULO";-1;"#NULO";-1;"#NULO";-1;"#NULO";-1;"#NULO";"-1";"#NULO"
"15/08/2026";"19:30:51";2026;6259;250002551610;-3;"#NE";1;"BRASILEIRA NATA";-3;"IRAPUÃ";"65";"N";-1;"#NULO";"3176572.53";"#NE";"N";"-1";"06026771420266260000";"-3";"#NE";"-3";"#NE";"NÃO";"#NULO";-1;"#NULO";"N";"N";-1;-1;"2026-08-14 15:42:33";8;"AGUARDANDO JULGAMENTO";"-1";"#NULO";"-1";"#NULO";-1;"#NULO";-1;"#NULO";-1;"#NULO";-1;"#NULO";"-1";"#NULO"
"15/08/2026";"19:30:51";2026;6259;250002551623;-3;"#NE";1;"BRASILEIRA NATA";-3;"SÃO PAULO";"47";"N";-1;"#NULO";"3176572.53";"#NE";"N";"-1";"06026798120266260000";"-3";"#NE";"-3";"#NE";"NÃO";"#NULO";-1;"#NULO";"N";"N";-1;-1;"2026-08-14 15:42:33";8;"AGUARDANDO JULGAMENTO";"-1";"#NULO";"-1";"#NULO";-1;"#NULO";-1;"#NULO";-1;"#NULO";-1;"#NULO";"-1";"#NULO"
"15/08/2026";"19:30:51";2026;6259;250002551629;-3;"#NE";1;"BRASILEIRA NATA";-3;"SÃO CAETANO DO SUL";"79";"N";-1;"#NULO";"3176572.53";"#NE";"N";"-1";"06026641520266260000";"-3";"#NE";"-3";"#NE";"NÃO";"#NULO";-1;"#NULO";"N";"N";-1;-1;"2026-08-14 15:42:33";8;"AGUARDANDO JULGAMENTO";"-1";"#NULO";"-1";"#NULO";-1;"#NULO";-1;"#NULO";-1;"#NULO";-1;"#NULO";"-1";"#NULO"
"15/08/2026";"19:30:51";2026;6259;250002551631;-3;"#NE";1;"BRASILEIRA NATA";-3;"SERTÃOZINHO";"73";"N";-1;"#NULO";"3176572.53";"#NE";"N";"-1";"06026710720266260000";"-3";"#NE";"-3";"#NE";"NÃO";"#NULO";-1;"#NULO";"N";"N";-1;-1;"2026-08-14 15:42:33";8;"AGUARDANDO JULGAMENTO";"-1";"#NULO";"-1";"#NULO";-1;"#NULO";-1;"#NULO";-1;"#NULO";-1;"#NULO";"-1";"#NULO"
"15/08/2026";"19:30:51";2026;6259;250002551646;-3;"#NE";1;"BRASILEIRA NATA";-3;"RIO DE JANEIRO";"64";"N";-1;"#NULO";"3176572.53";"#NE";"N";"-1";"06026607520266260000";"-3";"#NE";"-3";"#NE";"NÃO";"#NULO";-1;"#NULO";"N";"N";-1;-1;"2026-08-14 15:42:33";8;"AGUARDANDO JULGAMENTO";"-1";"#NULO";"-1";"#NULO";-1;"#NULO";-1;"#NULO";-1;"#NULO";-1;"#NULO";"-1";"#NULO"
"15/08/2026";"19:30:51";2026;6259;250002551653;-3;"#NE";1;"BRASILEIRA NATA";-3;"SÃO JOSÉ DOS CAMPOS";"45";"N";-1;"#NULO";"3176572.53";"#NE";"N";"-1";"06027031220266260000";"-3";"#NE";"-3";"#NE";"NÃO";"#NULO";-1;"#NULO";"N";"N";-1;-1;"2026-08-14 15:42:33";8;"AGUARDANDO JULGAMENTO";"-1";"#NULO";"-1";"#NULO";-1;"#NULO";-1;"#NULO";-1;"#NULO";-1;"#NULO";"-1";"#NULO"
"15/08/2026";"19:30:51";2026;6259;250002551655;-3;"#NE";1;"BRASILEIRA NATA";-3;"SÃO GABRIEL DA PALHA";"38";"N";-1;"#NULO";"3176572.53";"#NE";"N";"-1";"06026676720266260000";"-3";"#NE";"-3";"#NE";"NÃO";"#NULO";-1;"#NULO";"N";"N";-1;-1;"2026-08-14 15:42:33";8;"AGUARDANDO JULGAMENTO";"-1";"#NULO";"-1";"#NULO";-1;"#NULO";-1;"#NULO";-1;"#NULO";-1;"#NULO";"-1";"#NULO"
"15/08/2026";"19:30:51";2026;6259;250002552151;-3;"#NE";1;"BRASILEIRA NATA";-3;"SÃO PAULO";"71";"N";0;"NÃO INFORMADO";"-1";"#NE";"S";"-1";"06027248520266260000";"-3";"#NE";"-3";"#NE";"NÃO";"#NULO";-1;"#NULO";"N";"N";-1;-1;"2026-08-14 17:41:04";8;"AGUARDANDO JULGAMENTO";"-1";"#NULO";"-1";"#NULO";-1;"#NULO";-1;"#NULO";-1;"#NULO";-1;"#NULO";"-1";"#NULO"
"15/08/2026";"19:30:51";2026;6259;250002552616;-3;"#NE";1;"BRASILEIRA NATA";-3;"FORMOSA";"72";"N";-1;"#NULO";"3176572.53";"#NE";"N";"-1";"06028772120266260000";"-3";"#NE";"-3";"#NE";"NÃO";"#NULO";-1;"#NULO";"N";"N";-1;-1;"2026-08-15 16:56:56";8;"AGUARDANDO JULGAMENTO";"-1";"#NULO";"-1";"#NULO";-1;"#NULO";-1;"#NULO";-1;"#NULO";-1;"#NULO";"-1";"#NULO"
"15/08/2026";"19:30:51";2026;6259;250002552621;-3;"#NE";1;"BRASILEIRA NATA";-3;"SERRARIA";"58";"N";-1;"#NULO";"3176572.53";"#NE";"N";"-1";"06028365420266260000";"-3";"#NE";"-3";"#NE";"NÃO";"#NULO";-1;"#NULO";"N";"N";-1;-1;"2026-08-15 16:56:56";8;"AGUARDANDO JULGAMENTO";"-1";"#NULO";"-1";"#NULO";-1;"#NULO";-1;"#NULO";-1;"#NULO";-1;"#NULO";"-1";"#NULO"
"15/08/2026";"19:30:51";2026;6259;250002552619;-3;"#NE";1;"BRASILEIRA NATA";-3;"CAMETÁ";"68";"N";-1;"#NULO";"3176572.53";"#NE";"S";"-1";"06028244020266260000";"-3";"#NE";"-3";"#NE";"NÃO";"#NULO";-1;"#NULO";"N";"N";-1;-1;"2026-08-15 16:56:56";8;"AGUARDANDO JULGAMENTO";"-1";"#NULO";"-1";"#NULO";-1;"#NULO";-1;"#NULO";-1;"#NULO";-1;"#NULO";"-1";"#NULO"
"15/08/2026";"19:30:51";2026;6259;250002552631;-3;"#NE";1;"BRASILEIRA NATA";-3;"ITU";"41";"N";-1;"#NULO";"3176572.53";"#NE";"N";"-1";"06028755120266260000";"-3";"#NE";"-3";"#NE";"NÃO";"#NULO";-1;"#NULO";"N";"N";-1;-1;"2026-08-15 16:56:56";8;"AGUARDANDO JULGAMENTO";"-1";"#NULO";"-1";"#NULO";-1;"#NULO";-1;"#NULO";-1;"#NULO";-1;"#NULO";"-1";"#NULO"
"15/08/2026";"19:30:51";2026;6259;250002552638;-3;"#NE";1;"BRASILEIRA NATA";-3;"PAULÍNIA";"33";"N";-1;"#NULO";"3176572.53";"#NE";"S";"-1";"06028556020266260000";"-3";"#NE";"-3";"#NE";"NÃO";"#NULO";-1;"#NULO";"N";"N";-1;-1;"2026-08-15 16:56:56";8;"AGUARDANDO JULGAMENTO";"-1";"#NULO";"-1";"#NULO";-1;"#NULO";-1;"#NULO";-1;"#NULO";-1;"#NULO";"-1";"#NULO"
"15/08/2026";"19:30:51";2026;6259;250002552647;-3;"#NE";1;"BRASILEIRA NATA";-3;"CATANDUVA";"48";"N";-1;"#NULO";"3176572.53";"#NE";"S";"-1";"06028650720266260000";"-3";"#NE";"-3";"#NE";"NÃO";"#NULO";-1;"#NULO";"N";"N";-1;-1;"2026-08-15 16:56:56";8;"AGUARDANDO JULGAMENTO";"-1";"#NULO";"-1";"#NULO";-1;"#NULO";-1;"#NULO";-1;"#NULO";-1;"#NULO";"-1";"#NULO"
"15/08/2026";"19:30:51";2026;6259;250002552652;-3;"#NE";1;"BRASILEIRA NATA";-3;"CACHOEIRO DE ITAPEMIRIM";"54";"N";-1;"#NULO";"3176572.53";"#NE";"N";"-1";"06028539020266260000";"-3";"#NE";"-3";"#NE";"NÃO";"#NULO";-1;"#NULO";"N";"N";-1;-1;"2026-08-15 16:56:56";8;"AGUARDANDO JULGAMENTO";"-1";"#NULO";"-1";"#NULO";-1;"#NULO";-1;"#NULO";-1;"#NULO";-1;"#NULO";"-1";"#NULO"
"15/08/2026";"19:30:51";2026;6259;250002552666;-3;"#NE";1;"BRASILEIRA NATA";-3;"SÃO PAULO";"51";"N";-1;"#NULO";"3176572.53";"#NE";"S";"-1";"06028296220266260000";"-3";"#NE";"-3";"#NE";"NÃO";"#NULO";-1;"#NULO";"N";"N";-1;-1;"2026-08-15 16:56:56";8;"AGUARDANDO JULGAMENTO";"-1";"#NULO";"-1";"#NULO";-1;"#NULO";-1;"#NULO";-1;"#NULO";-1;"#NULO";"-1";"#NULO"
"15/08/2026";"19:30:51";2026;6259;250002552672;-3;"#NE";1;"BRASILEIRA NATA";-3;"SÃO PAULO";"60";"N";-1;"#NULO";"3176572.53";"#NE";"S";"-1";"06028729620266260000";"-3";"#NE";"-3";"#NE";"NÃO";"#NULO";-1;"#NULO";"N";"N";-1;-1;"2026-08-15 16:56:56";8;"AGUARDANDO JULGAMENTO";"-1";"#NULO";"-1";"#NULO";-1;"#NULO";-1;"#NULO";-1;"#NULO";-1;"#NULO";"-1";"#NULO"
"15/08/2026";"19:30:51";2026;6259;250002552681;-3;"#NE";1;"BRASILEIRA NATA";-3;"SALVADOR";"77";"N";-1;"#NULO";"3176572.53";"#NE";"N";"-1";"06028815820266260000";"-3";"#NE";"-3";"#NE";"NÃO";"#NULO";-1;"#NULO";"N";"N";-1;-1;"2026-08-15 16:56:56";8;"AGUARDANDO JULGAMENTO";"-1";"#NULO";"-1";"#NULO";-1;"#NULO";-1;"#NULO";-1;"#NULO";-1;"#NULO";"-1";"#NULO"
"15/08/2026";"19:30:51";2026;6259;250002552876;-3;"#NE";1;"BRASILEIRA NATA";-3;"SÃO PAULO";"60";"N";-1;"#NULO";"1270629.01";"#NE";"N";"-1";"06027958720266260000";"-3";"#NE";"-3";"#NE";"NÃO";"#NULO";-1;"#NULO";"N";"N";-1;-1;"2026-08-15 16:08:59";8;"AGUARDANDO JULGAMENTO";"-1";"#NULO";"-1";"#NULO";-1;"#NULO";-1;"#NULO";-1;"#NULO";-1;"#NULO";"-1";"#NULO"
"15/08/2026";"19:30:51";2026;6259;250002552879;-3;"#NE";1;"BRASILEIRA NATA";-3;"SÃO PAULO";"60";"N";-1;"#NULO";"1270629.01";"#NE";"N";"-1";"06027577520266260000";"-3";"#NE";"-3";"#NE";"NÃO";"#NULO";-1;"#NULO";"N";"N";-1;-1;"2026-08-15 16:08:59";8;"AGUARDANDO JULGAMENTO";"-1";"#NULO";"-1";"#NULO";-1;"#NULO";-1;"#NULO";-1;"#NULO";-1;"#NULO";"-1";"#NULO"
"15/08/2026";"19:30:51";2026;6259;250002552884;-3;"#NE";1;"BRASILEIRA NATA";-3;"LOUVEIRA";"60";"N";-1;"#NULO";"1270629.01";"#NE";"N";"-1";"06027802120266260000";"-3";"#NE";"-3";"#NE";"NÃO";"#NULO";-1;"#NULO";"N";"N";-1;-1;"2026-08-15 16:08:59";8;"AGUARDANDO JULGAMENTO";"-1";"#NULO";"-1";"#NULO";-1;"#NULO";-1;"#NULO";-1;"#NULO";-1;"#NULO";"-1";"#NULO"
"15/08/2026";"19:30:51";2026;6259;250002552886;-3;"#NE";1;"BRASILEIRA NATA";-3;"MOGI DAS CRUZES";"46";"N";-1;"#NULO";"1270629.01";"#NE";"N";"-1";"06027663720266260000";"-3";"#NE";"-3";"#NE";"NÃO";"#NULO";-1;"#NULO";"N";"N";-1;-1;"2026-08-15 16:08:59";8;"AGUARDANDO JULGAMENTO";"-1";"#NULO";"-1";"#NULO";-1;"#NULO";-1;"#NULO";-1;"#NULO";-1;"#NULO";"-1";"#NULO"
"15/08/2026";"19:30:51";2026;6259;250002552889;-3;"#NE";1;"BRASILEIRA NATA";-3;"JABOTICABAL";"42";"N";-1;"#NULO";"1270629.01";"#NE";"N";"-1";"06027837320266260000";"-3";"#NE";"-3";"#NE";"NÃO";"#NULO";-1;"#NULO";"N";"N";-1;-1;"2026-08-15 16:08:59";8;"AGUARDANDO JULGAMENTO";"-1";"#NULO";"-1";"#NULO";-1;"#NULO";-1;"#NULO";-1;"#NULO";-1;"#NULO";"-1";"#NULO"
"15/08/2026";"19:30:51";2026;6259;250002552894;-3;"#NE";1;"BRASILEIRA NATA";-3;"SÃO PAULO";"48";"N";-1;"#NULO";"1270629.01";"#NE";"N";"-1";"06027672220266260000";"-3";"#NE";"-3";"#NE";"NÃO";"#NULO";-1;"#NULO";"N";"N";-1;-1;"2026-08-15 16:08:59";8;"AGUARDANDO JULGAMENTO";"-1";"#NULO";"-1";"#NULO";-1;"#NULO";-1;"#NULO";-1;"#NULO";-1;"#NULO";"-1";"#NULO"
"15/08/2026";"19:30:51";2026;6259;250002552900;-3;"#NE";1;"BRASILEIRA NATA";-3;"SÃO PAULO";"46";"N";-1;"#NULO";"1270629.01";"#NE";"S";"-1";"06027715920266260000";"-3";"#NE";"-3";"#NE";"NÃO";"#NULO";-1;"#NULO";"N";"N";-1;-1;"2026-08-15 16:08:59";8;"AGUARDANDO JULGAMENTO";"-1";"#NULO";"-1";"#NULO";-1;"#NULO";-1;"#NULO";-1;"#NULO";-1;"#NULO";"-1";"#NULO"
"15/08/2026";"19:30:51";2026;6259;250002552905;-3;"#NE";1;"BRASILEIRA NATA";-3;"SÃO JERÔNIMO DA SERRA";"63";"N";-1;"#NULO";"1270629.01";"#NE";"S";"-1";"06028070420266260000";"-3";"#NE";"-3";"#NE";"NÃO";"#NULO";-1;"#NULO";"N";"N";-1;-1;"2026-08-15 16:08:59";8;"AGUARDANDO JULGAMENTO";"-1";"#NULO";"-1";"#NULO";-1;"#NULO";-1;"#NULO";-1;"#NULO";-1;"#NULO";"-1";"#NULO"
"15/08/2026";"19:30:51";2026;6259;250002552954;-3;"#NE";1;"BRASILEIRA NATA";-3;"SÃO PAULO";"68";"N";-1;"#NULO";"-1";"#NE";"S";"-1";"06028131120266260000";"-3";"#NE";"-3";"#NE";"NÃO";"#NULO";-1;"#NULO";"N";"N";-1;-1;"2026-08-15 16:36:42";8;"AGUARDANDO JULGAMENTO";"-1";"#NULO";"-1";"#NULO";-1;"#NULO";-1;"#NULO";-1;"#NULO";-1;"#NULO";"-1";"#NULO"
"15/08/2026";"19:30:51";2026;6259;250002552920;-3;"#NE";1;"BRASILEIRA NATA";-3;"GUARANÉSIA";"81";"N";-1;"#NULO";"1270629.01";"#NE";"N";"-1";"06028019420266260000";"-3";"#NE";"-3";"#NE";"NÃO";"#NULO";-1;"#NULO";"N";"N";-1;-1;"2026-08-15 16:08:59";8;"AGUARDANDO JULGAMENTO";"-1";"#NULO";"-1";"#NULO";-1;"#NULO";-1;"#NULO";-1;"#NULO";-1;"#NULO";"-1";"#NULO"
"15/08/2026";"19:30:51";2026;6259;250002552919;-3;"#NE";1;"BRASILEIRA NATA";-3;"LEOPOLDINA";"72";"N";-1;"#NULO";"1270629.01";"#NE";"S";"-1";"06027680720266260000";"-3";"#NE";"-3";"#NE";"NÃO";"#NULO";-1;"#NULO";"N";"N";-1;-1;"2026-08-15 16:08:59";8;"AGUARDANDO JULGAMENTO";"-1";"#NULO";"-1";"#NULO";-1;"#NULO";-1;"#NULO";-1;"#NULO";-1;"#NULO";"-1";"#NULO"
"15/08/2026";"19:30:51";2026;6259;250002553061;-3;"#NE";1;"BRASILEIRA NATA";-3;"FRANCISCO BELTRÃO";"71";"N";-1;"#NULO";"-1";"#NE";"S";"-1";"06027439120266260000";"-3";"#NE";"-3";"#NE";"NÃO";"#NULO";-1;"#NULO";"N";"N";-1;-1;"2026-08-15 15:49:55";8;"AGUARDANDO JULGAMENTO";"-1";"#NULO";"-1";"#NULO";-1;"#NULO";-1;"#NULO";-1;"#NULO";-1;"#NULO";"-1";"#NULO"
"15/08/2026";"19:30:51";2026;6259;250002553062;-3;"#NE";1;"BRASILEIRA NATA";-3;"BARRA BONITA";"31";"N";-1;"#NULO";"26683209.24";"#NE";"N";"-1";"06027420920266260000";"-3";"#NE";"-3";"#NE";"NÃO";"#NULO";-1;"#NULO";"N";"N";-1;-1;"2026-08-15 15:49:55";8;"AGUARDANDO JULGAMENTO";"-1";"#NULO";"-1";"#NULO";-1;"#NULO";-1;"#NULO";-1;"#NULO";-1;"#NULO";"-1";"#NULO"
"15/08/2026";"19:30:51";2026;6259;250002553760;-3;"#NE";1;"BRASILEIRA NATA";-3;"SÃO PAULO";"44";"N";-1;"#NULO";"1270629.01";"#NE";"N";"-1";"06029300220266260000";"-3";"#NE";"-3";"#NE";"NÃO";"#NULO";-1;"#NULO";"N";"N";-1;-1;"2026-08-15 19:01:55";8;"AGUARDANDO JULGAMENTO";"-1";"#NULO";"-1";"#NULO";-1;"#NULO";-1;"#NULO";-1;"#NULO";-1;"#NULO";"-1";"#NULO"
"15/08/2026";"19:30:51";2026;6259;250002553798;-3;"#NE";1;"BRASILEIRA NATA";-3;"ARARAQUARA";"68";"N";-1;"#NULO";"1270629.01";"#NE";"N";"-1";"06029829520266260000";"-3";"#NE";"-3";"#NE";"NÃO";"#NULO";-1;"#NULO";"N";"N";-1;-1;"2026-08-15 19:01:55";8;"AGUARDANDO JULGAMENTO";"-1";"#NULO";"-1";"#NULO";-1;"#NULO";-1;"#NULO";-1;"#NULO";-1;"#NULO";"-1";"#NULO"
"15/08/2026";"19:30:51";2026;6259;250002553803;-3;"#NE";1;"BRASILEIRA NATA";-3;"EMBU DAS ARTES";"48";"N";-1;"#NULO";"1270629.01";"#NE";"N";"-1";"06029647420266260000";"-3";"#NE";"-3";"#NE";"NÃO";"#NULO";-1;"#NULO";"N";"N";-1;-1;"2026-08-15 19:01:55";8;"AGUARDANDO JULGAMENTO";"-1";"#NULO";"-1";"#NULO";-1;"#NULO";-1;"#NULO";-1;"#NULO";-1;"#NULO";"-1";"#NULO"
"15/08/2026";"19:30:51";2026;6259;250002553805;-3;"#NE";1;"BRASILEIRA NATA";-3;"MARÍLIA";"62";"N";-1;"#NULO";"1270629.01";"#NE";"N";"-1";"06029509020266260000";"-3";"#NE";"-3";"#NE";"NÃO";"#NULO";-1;"#NULO";"N";"N";-1;-1;"2026-08-15 19:01:55";8;"AGUARDANDO JULGAMENTO";"-1";"#NULO";"-1";"#NULO";-1;"#NULO";-1;"#NULO";-1;"#NULO";-1;"#NULO";"-1";"#NULO"
"15/08/2026";"19:30:51";2026;6259;250002553806;-3;"#NE";1;"BRASILEIRA NATA";-3;"GUARUJÁ";"56";"N";-1;"#NULO";"1270629.01";"#NE";"N";"-1";"06029101120266260000";"-3";"#NE";"-3";"#NE";"NÃO";"#NULO";-1;"#NULO";"N";"N";-1;-1;"2026-08-15 19:01:55";8;"AGUARDANDO JULGAMENTO";"-1";"#NULO";"-1";"#NULO";-1;"#NULO";-1;"#NULO";-1;"#NULO";-1;"#NULO";"-1";"#NULO"
"15/08/2026";"19:30:51";2026;6259;250002553809;-3;"#NE";1;"BRASILEIRA NATA";-3;"ARAPOTI";"60";"N";-1;"#NULO";"1270629.01";"#NE";"N";"-1";"06029672920266260000";"-3";"#NE";"-3";"#NE";"NÃO";"#NULO";-1;"#NULO";"N";"N";-1;-1;"2026-08-15 19:01:55";8;"AGUARDANDO JULGAMENTO";"-1";"#NULO";"-1";"#NULO";-1;"#NULO";-1;"#NULO";-1;"#NULO";-1;"#NULO";"-1";"#NULO"
"15/08/2026";"19:30:51";2026;6259;250002553815;-3;"#NE";1;"BRASILEIRA NATA";-3;"SÃO PAULO";"52";"N";-1;"#NULO";"1270629.01";"#NE";"N";"-1";"06029257720266260000";"-3";"#NE";"-3";"#NE";"NÃO";"#NULO";-1;"#NULO";"N";"N";-1;-1;"2026-08-15 19:01:55";8;"AGUARDANDO JULGAMENTO";"-1";"#NULO";"-1";"#NULO";-1;"#NULO";-1;"#NULO";-1;"#NULO";-1;"#NULO";"-1";"#NULO"
"15/08/2026";"19:30:51";2026;6259;250002553821;-3;"#NE";1;"BRASILEIRA NATA";-3;"SÃO PAULO";"54";"N";-1;"#NULO";"1270629.01";"#NE";"N";"-1";"06029802820266260000";"-3";"#NE";"-3";"#NE";"NÃO";"#NULO";-1;"#NULO";"N";"N";-1;-1;"2026-08-15 19:01:55";8;"AGUARDANDO JULGAMENTO";"-1";"#NULO";"-1";"#NULO";-1;"#NULO";-1;"#NULO";-1;"#NULO";-1;"#NULO";"-1";"#NULO"
"15/08/2026";"19:30:51";2026;6259;250002553831;-3;"#NE";1;"BRASILEIRA NATA";-3;"POMPÉIA";"21";"N";-1;"#NULO";"1270629.01";"#NE";"N";"-1";"06029231020266260000";"-3";"#NE";"-3";"#NE";"NÃO";"#NULO";-1;"#NULO";"N";"N";-1;-1;"2026-08-15 19:01:55";8;"AGUARDANDO JULGAMENTO";"-1";"#NULO";"-1";"#NULO";-1;"#NULO";-1;"#NULO";-1;"#NULO";-1;"#NULO";"-1";"#NULO"
"15/08/2026";"19:30:51";2026;6259;250002553842;-3;"#NE";1;"BRASILEIRA NATA";-3;"MIRABELA";"72";"N";-1;"#NULO";"1270629.01";"#NE";"N";"-1";"06029197020266260000";"-3";"#NE";"-3";"#NE";"NÃO";"#NULO";-1;"#NULO";"N";"N";-1;-1;"2026-08-15 19:01:55";8;"AGUARDANDO JULGAMENTO";"-1";"#NULO";"-1";"#NULO";-1;"#NULO";-1;"#NULO";-1;"#NULO";-1;"#NULO";"-1";"#NULO"
"15/08/2026";"19:30:51";2026;6259;250002553850;-3;"#NE";1;"BRASILEIRA NATA";-3;"BELO HORIZONTE";"55";"N";-1;"#NULO";"1270629.01";"#NE";"N";"-1";"06029984920266260000";"-3";"#NE";"-3";"#NE";"NÃO";"#NULO";-1;"#NULO";"N";"N";-1;-1;"2026-08-15 19:01:55";8;"AGUARDANDO JULGAMENTO";"-1";"#NULO";"-1";"#NULO";-1;"#NULO";-1;"#NULO";-1;"#NULO";-1;"#NULO";"-1";"#NULO"
"15/08/2026";"19:30:51";2026;6259;250002530091;-3;"#NE";1;"BRASILEIRA NATA";-3;"CANINDÉ";"55";"N";-1;"#NULO";"3176572.53";"#NE";"N";"-1";"06003300820266260000";"-3";"#NE";"-3";"#NE";"NÃO";"#NULO";-1;"#NULO";"N";"N";-1;-1;"2026-07-23 18:40:08";8;"AGUARDANDO JULGAMENTO";"-1";"#NULO";"-1";"#NULO";-1;"#NULO";-1;"#NULO";-1;"#NULO";-1;"#NULO";"-1";"#NULO"
"15/08/2026";"19:30:51";2026;6259;250002530092;-3;"#NE";1;"BRASILEIRA NATA";-3;"IMPERATRIZ";"45";"N";-1;"#NULO";"3176572.53";"#NE";"N";"-1";"06003725720266260000";"-3";"#NE";"-3";"#NE";"NÃO";"#NULO";-1;"#NULO";"N";"N";-1;-1;"2026-07-23 18:40:08";8;"AGUARDANDO JULGAMENTO";"-1";"#NULO";"-1";"#NULO";-1;"#NULO";-1;"#NULO";-1;"#NULO";-1;"#NULO";"-1";"#NULO"
"15/08/2026";"19:30:51";2026;6259;250002530115;-3;"#NE";1;"BRASILEIRA NATA";-3;"BRASÍLIA";"46";"N";-1;"#NULO";"3176572.53";"#NE";"S";"-1";"06003656520266260000";"-3";"#NE";"-3";"#NE";"NÃO";"#NULO";-1;"#NULO";"N";"N";-1;-1;"2026-07-23 18:40:08";8;"AGUARDANDO JULGAMENTO";"-1";"#NULO";"-1";"#NULO";-1;"#NULO";-1;"#NULO";-1;"#NULO";-1;"#NULO";"-1";"#NULO"
"15/08/2026";"19:30:51";2026;6259;250002530132;-3;"#NE";1;"BRASILEIRA NATA";-3;"FLORIANÓPOLIS";"48";"N";0;"NÃO INFORMADO";"3176572.53";"#NE";"S";"-1";"06003742720266260000";"-3";"#NE";"-3";"#NE";"NÃO";"#NULO";-1;"#NULO";"N";"N";-1;-1;"2026-07-23 18:40:08";8;"AGUARDANDO JULGAMENTO";"-1";"#NULO";"-1";"#NULO";-1;"#NULO";-1;"#NULO";-1;"#NULO";-1;"#NULO";"-1";"#NULO"
"15/08/2026";"19:30:51";2026;6259;250002530143;-3;"#NE";1;"BRASILEIRA NATA";-3;"PAULO AFONSO";"55";"N";-1;"#NULO";"3176572.53";"#NE";"S";"-1";"06003587320266260000";"-3";"#NE";"-3";"#NE";"NÃO";"#NULO";-1;"#NULO";"N";"N";-1;-1;"2026-07-23 18:40:08";8;"AGUARDANDO JULGAMENTO";"-1";"#NULO";"-1";"#NULO";-1;"#NULO";-1;"#NULO";-1;"#NULO";-1;"#NULO";"-1";"#NULO"
"15/08/2026";"19:30:51";2026;6259;250002530150;-3;"#NE";1;"BRASILEIRA NATA";-3;"SALESÓPOLIS";"37";"N";0;"NÃO INFORMADO";"3176572.53";"#NE";"N";"-1";"06003811920266260000";"-3";"#NE";"-3";"#NE";"NÃO";"#NULO";-1;"#NULO";"N";"N";-1;-1;"2026-07-23 18:40:08";8;"AGUARDANDO JULGAMENTO";"-1";"#NULO";"-1";"#NULO";-1;"#NULO";-1;"#NULO";-1;"#NULO";-1;"#NULO";"-1";"#NULO"
"15/08/2026";"19:30:51";2026;6259;250002530157;-3;"#NE";1;"BRASILEIRA NATA";-3;"SÃO JOSÉ DOS CAMPOS";"52";"N";-1;"#NULO";"3176572.53";"#NE";"S";"-1";"06003838620266260000";"-3";"#NE";"-3";"#NE";"NÃO";"#NULO";-1;"#NULO";"N";"N";-1;-1;"2026-07-23 18:40:08";8;"AGUARDANDO JULGAMENTO";"-1";"#NULO";"-1";"#NULO";-1;"#NULO";-1;"#NULO";-1;"#NULO";-1;"#NULO";"-1";"#NULO"
"15/08/2026";"19:30:51";2026;6259;250002530156;-3;"#NE";1;"BRASILEIRA NATA";-3;"SÃO CARLOS";"57";"N";-1;"#NULO";"3176572.53";"#NE";"N";"-1";"06003197620266260000";"-3";"#NE";"-3";"#NE";"NÃO";"#NULO";-1;"#NULO";"N";"N";-1;-1;"2026-07-23 18:40:08";8;"AGUARDANDO JULGAMENTO";"-1";"#NULO";"-1";"#NULO";-1;"#NULO";-1;"#NULO";-1;"#NULO";-1;"#NULO";"-1";"#NULO"
"15/08/2026";"19:30:51";2026;6259;250002530159;-3;"#NE";1;"BRASILEIRA NATA";-3;"SÃO PAULO";"50";"N";0;"NÃO INFORMADO";"3176572.53";"#NE";"N";"-1";"06003430720266260000";"-3";"#NE";"-3";"#NE";"NÃO";"#NULO";-1;"#NULO";"N";"N";-1;-1;"2026-07-23 18:40:08";8;"AGUARDANDO JULGAMENTO";"-1";"#NULO";"-1";"#NULO";-1;"#NULO";-1;"#NULO";-1;"#NULO";-1;"#NULO";"-1";"#NULO"
"15/08/2026";"19:30:51";2026;6259;250002530169;-3;"#NE";1;"BRASILEIRA NATA";-3;"SÃO PAULO";"56";"N";-1;"#NULO";"3176572.53";"#NE";"S";"-1";"06003526620266260000";"-3";"#NE";"-3";"#NE";"NÃO";"#NULO";-1;"#NULO";"N";"N";-1;-1;"2026-07-23 18:40:08";8;"AGUARDANDO JULGAMENTO";"-1";"#NULO";"-1";"#NULO";-1;"#NULO";-1;"#NULO";-1;"#NULO";-1;"#NULO";"-1";"#NULO"
"15/08/2026";"19:30:51";2026;6259;250002530171;-3;"#NE";1;"BRASILEIRA NATA";-3;"SÃO PAULO";"81";"N";0;"NÃO INFORMADO";"3176572.53";"#NE";"S";"-1";"06003690520266260000";"-3";"#NE";"-3";"#NE";"NÃO";"#NULO";-1;"#NULO";"N";"N";-1;-1;"2026-07-23 18:40:08";8;"AGUARDANDO JULGAMENTO";"-1";"#NULO";"-1";"#NULO";-1;"#NULO";-1;"#NULO";-1;"#NULO";-1;"#NULO";"-1";"#NULO"
"15/08/2026";"19:30:51";2026;6259;250002530175;-3;"#NE";1;"BRASILEIRA NATA";-3;"SÃO PAULO";"44";"N";-1;"#NULO";"3176572.53";"#NE";"N";"-1";"06003457420266260000";"-3";"#NE";"-3";"#NE";"NÃO";"#NULO";-1;"#NULO";"N";"N";-1;-1;"2026-07-23 18:40:08";8;"AGUARDANDO JULGAMENTO";"-1";"#NULO";"-1";"#NULO";-1;"#NULO";-1;"#NULO";-1;"#NULO";-1;"#NULO";"-1";"#NULO"
"15/08/2026";"19:30:51";2026;6259;250002530186;-3;"#NE";1;"BRASILEIRA NATA";-3;"NOVA OLÍMPIA";"38";"N";-1;"#NULO";"1270629.01";"#NE";"S";"-1";"06003941820266260000";"-3";"#NE";"-3";"#NE";"NÃO";"#NULO";-1;"#NULO";"N";"N";-1;-1;"2026-07-23 19:03:01";8;"AGUARDANDO JULGAMENTO";"-1";"#NULO";"-1";"#NULO";-1;"#NULO";-1;"#NULO";-1;"#NULO";-1;"#NULO";"-1";"#NULO"
"15/08/2026";"19:30:51";2026;6259;250002530202;-3;"#NE";1;"BRASILEIRA NATA";-3;"OCAUÇU";"62";"N";0;"NÃO INFORMADO";"1270629.01";"#NE";"S";"-1";"06004505120266260000";"-3";"#NE";"-3";"#NE";"NÃO";"#NULO";-1;"#NULO";"N";"N";-1;-1;"2026-07-23 19:03:01";8;"AGUARDANDO JULGAMENTO";"-1";"#NULO";"-1";"#NULO";-1;"#NULO";-1;"#NULO";-1;"#NULO";-1;"#NULO";"-1";"#NULO"
"15/08/2026";"19:30:51";2026;6259;250002530206;-3;"#NE";1;"BRASILEIRA NATA";-3;"PINDAMONHANGABA";"51";"N";-1;"#NULO";"1270629.01";"#NE";"N";"-1";"06004452920266260000";"-3";"#NE";"-3";"#NE";"NÃO";"#NULO";-1;"#NULO";"N";"N";-1;-1;"2026-07-23 19:03:01";8;"AGUARDANDO JULGAMENTO";"-1";"#NULO";"-1";"#NULO";-1;"#NULO";-1;"#NULO";-1;"#NULO";-1;"#NULO";"-1";"#NULO"
"15/08/2026";"19:30:51";2026;6259;250002530208;-3;"#NE";1;"BRASILEIRA NATA";-3;"RIO DE JANEIRO";"55";"N";-1;"#NULO";"1270629.01";"#NE";"N";"-1";"06004756420266260000";"-3";"#NE";"-3";"#NE";"NÃO";"#NULO";-1;"#NULO";"N";"N";-1;-1;"2026-07-23 19:03:01";8;"AGUARDANDO JULGAMENTO";"-1";"#NULO";"-1";"#NULO";-1;"#NULO";-1;"#NULO";-1;"#NULO";-1;"#NULO";"-1";"#NULO"
"15/08/2026";"19:30:51";2026;6259;250002530211;-3;"#NE";1;"BRASILEIRA NATA";-3;"BAURU";"62";"N";0;"NÃO INFORMADO";"1270629.01";"#NE";"S";"-1";"06004513620266260000";"-3";"#NE";"-3";"#NE";"NÃO";"#NULO";-1;"#NULO";"N";"N";-1;-1;"2026-07-23 19:03:01";8;"AGUARDANDO JULGAMENTO";"-1";"#NULO";"-1";"#NULO";-1;"#NULO";-1;"#NULO";-1;"#NULO";-1;"#NULO";"-1";"#NULO"
"15/08/2026";"19:30:51";2026;6259;250002530219;-3;"#NE";1;"BRASILEIRA NATA";-3;"CRUZEIRO";"55";"N";0;"NÃO INFORMADO";"1270629.01";"#NE";"S";"-1";"06004306020266260000";"-3";"#NE";"-3";"#NE";"NÃO";"#NULO";-1;"#NULO";"N";"N";-1;-1;"2026-07-23 19:03:01";8;"AGUARDANDO JULGAMENTO";"-1";"#NULO";"-1";"#NULO";-1;"#NULO";-1;"#NULO";-1;"#NULO";-1;"#NULO";"-1";"#NULO"
"15/08/2026";"19:30:51";2026;6259;250002530224;-3;"#NE";1;"BRASILEIRA NATA";-3;"GUARATINGUETÁ";"44";"N";-1;"#NULO";"1270629.01";"#NE";"S";"-1";"06004349720266260000";"-3";"#NE";"-3";"#NE";"NÃO";"#NULO";-1;"#NULO";"N";"N";-1;-1;"2026-07-23 19:03:01";8;"AGUARDANDO JULGAMENTO";"-1";"#NULO";"-1";"#NULO";-1;"#NULO";-1;"#NULO";-1;"#NULO";-1;"#NULO";"-1";"#NULO"
"15/08/2026";"19:30:51";2026;6259;250002530229;-3;"#NE";1;"BRASILEIRA NATA";-3;"RIO CLARO";"45";"N";-1;"#NULO";"1270629.01";"#NE";"S";"-1";"06004289020266260000";"-3";"#NE";"-3";"#NE";"NÃO";"#NULO";-1;"#NULO";"N";"N";-1;-1;"2026-07-23 19:03:01";6;"RENÚNCIA";"-1";"#NULO";"-1";"#NULO";-1;"#NULO";-1;"#NULO";-1;"#NULO";-1;"#NULO";"-1";"#NULO"
"15/08/2026";"19:30:51";2026;6259;250002530231;-3;"#NE";2;"BRASILEIRA (NATURALIZADA)";-3;"SANTO ANDRÉ";"54";"N";-1;"#NULO";"1270629.01";"#NE";"N";"-1";"06003916320266260000";"-3";"#NE";"-3";"#NE";"NÃO";"#NULO";-1;"#NULO";"N";"N";-1;-1;"2026-07-23 19:03:01";8;"AGUARDANDO JULGAMENTO";"-1";"#NULO";"-1";"#NULO";-1;"#NULO";-1;"#NULO";-1;"#NULO";-1;"#NULO";"-1";"#NULO"
"15/08/2026";"19:30:51";2026;6259;250002530241;-3;"#NE";1;"BRASILEIRA NATA";-3;"SÃO PAULO";"51";"N";-1;"#NULO";"1270629.01";"#NE";"S";"-1";"06004548820266260000";"-3";"#NE";"-3";"#NE";"NÃO";"#NULO";-1;"#NULO";"N";"N";-1;-1;"2026-07-23 19:03:01";8;"AGUARDANDO JULGAMENTO";"-1";"#NULO";"-1";"#NULO";-1;"#NULO";-1;"#NULO";-1;"#NULO";-1;"#NULO";"-1";"#NULO"
"15/08/2026";"19:30:51";2026;6259;250002530249;-3;"#NE";1;"BRASILEIRA NATA";-3;"SÃO PAULO";"39";"N";-1;"#NULO";"1270629.01";"#NE";"N";"-1";"06004132420266260000";"-3";"#NE";"-3";"#NE";"NÃO";"#NULO";-1;"#NULO";"N";"N";-1;-1;"2026-07-23 19:03:01";8;"AGUARDANDO JULGAMENTO";"-1";"#NULO";"-1";"#NULO";-1;"#NULO";-1;"#NULO";-1;"#NULO";-1;"#NULO";"-1";"#NULO"
"15/08/2026";"19:30:51";2026;6259;250002530257;-3;"#NE";1;"BRASILEIRA NATA";-3;"SÃO PAULO";"68";"N";-1;"#NULO";"1270629.01";"#NE";"S";"-1";"06004236820266260000";"-3";"#NE";"-3";"#NE";"NÃO";"#NULO";-1;"#NULO";"N";"N";-1;-1;"2026-07-23 19:03:01";8;"AGUARDANDO JULGAMENTO";"-1";"#NULO";"-1";"#NULO";-1;"#NULO";-1;"#NULO";-1;"#NULO";-1;"#NULO";"-1";"#NULO"
"15/08/2026";"19:30:51";2026;6259;250002532325;-3;"#NE";1;"BRASILEIRA NATA";-3;"MAUÁ";"51";"N";-1;"#NULO";"3176572.53";"#NE";"S";"-1";"06004903320266260000";"-3";"#NE";"-3";"#NE";"NÃO";"#NULO";-1;"#NULO";"N";"N";-1;-1;"2026-07-27 18:23:24";8;"AGUARDANDO JULGAMENTO";"-1";"#NULO";"-1";"#NULO";-1;"#NULO";-1;"#NULO";-1;"#NULO";-1;"#NULO";"-1";"#NULO"
"15/08/2026";"19:30:51";2026;6259;250002532332;-3;"#NE";1;"BRASILEIRA NATA";-3;"SÃO PAULO";"51";"N";-1;"#NULO";"3176572.53";"#NE";"S";"-1";"06004877820266260000";"-3";"#NE";"-3";"#NE";"NÃO";"#NULO";-1;"#NULO";"N";"N";-1;-1;"2026-07-27 18:23:24";8;"AGUARDANDO JULGAMENTO";"-1";"#NULO";"-1";"#NULO";-1;"#NULO";-1;"#NULO";-1;"#NULO";-1;"#NULO";"-1";"#NULO"
"15/08/2026";"19:30:51";2026;6259;250002532333;-3;"#NE";1;"BRASILEIRA NATA";-3;"SÃO PAULO";"47";"N";-1;"#NULO";"3176572.53";"#NE";"S";"-1";"06005240820266260000";"-3";"#NE";"-3";"#NE";"NÃO";"#NULO";-1;"#NULO";"N";"N";-1;-1;"2026-07-27 18:23:24";8;"AGUARDANDO JULGAMENTO";"-1";"#NULO";"-1";"#NULO";-1;"#NULO";-1;"#NULO";-1;"#NULO";-1;"#NULO";"-1";"#NULO"
"15/08/2026";"19:30:51";2026;6259;250002532343;-3;"#NE";1;"BRASILEIRA NATA";-3;"COTIA";"30";"N";0;"NÃO INFORMADO";"3176572.53";"#NE";"S";"-1";"06005397420266260000";"-3";"#NE";"-3";"#NE";"NÃO";"#NULO";-1;"#NULO";"N";"N";-1;-1;"2026-07-27 18:23:24";8;"AGUARDANDO JULGAMENTO";"-1";"#NULO";"-1";"#NULO";-1;"#NULO";-1;"#NULO";-1;"#NULO";-1;"#NULO";"-1";"#NULO"
"15/08/2026";"19:30:51";2026;6259;250002532363;-3;"#NE";1;"BRASILEIRA NATA";-3;"PAULO AFONSO";"53";"N";0;"NÃO INFORMADO";"3176572.53";"#NE";"S";"-1";"06005033220266260000";"-3";"#NE";"-3";"#NE";"NÃO";"#NULO";-1;"#NULO";"N";"N";-1;-1;"2026-07-27 18:23:24";8;"AGUARDANDO JULGAMENTO";"-1";"#NULO";"-1";"#NULO";-1;"#NULO";-1;"#NULO";-1;"#NULO";-1;"#NULO";"-1";"#NULO"
"15/08/2026";"19:30:51";2026;6259;250002532367;-3;"#NE";1;"BRASILEIRA NATA";-3;"SÃO PAULO";"71";"N";0;"NÃO INFORMADO";"3176572.53";"#NE";"S";"-1";"06004955520266260000";"-3";"#NE";"-3";"#NE";"NÃO";"#NULO";-1;"#NULO";"N";"N";-1;-1;"2026-07-27 18:23:24";8;"AGUARDANDO JULGAMENTO";"-1";"#NULO";"-1";"#NULO";-1;"#NULO";-1;"#NULO";-1;"#NULO";-1;"#NULO";"-1";"#NULO"
"15/08/2026";"19:30:51";2026;6259;250002532381;-3;"#NE";1;"BRASILEIRA NATA";-3;"CAMPOS GERAIS";"52";"N";-1;"#NULO";"3176572.53";"#NE";"S";"-1";"06004920320266260000";"-3";"#NE";"-3";"#NE";"NÃO";"#NULO";-1;"#NULO";"N";"N";-1;-1;"2026-07-27 18:23:24";8;"AGUARDANDO JULGAMENTO";"-1";"#NULO";"-1";"#NULO";-1;"#NULO";-1;"#NULO";-1;"#NULO";-1;"#NULO";"-1";"#NULO"
"15/08/2026";"19:30:51";2026;6259;250002532794;-3;"#NE";1;"BRASILEIRA NATA";-3;"SÃO PAULO";"51";"N";0;"NÃO INFORMADO";"7115522.46";"#NE";"S";"-1";"06005518820266260000";"-3";"#NE";"-3";"#NE";"NÃO";"#NULO";-1;"#NULO";"N";"N";-1;-1;"2026-07-28 13:01:34";8;"AGUARDANDO JULGAMENTO";"-1";"#NULO";"-1";"#NULO";-1;"#NULO";-1;"#NULO";-1;"#NULO";-1;"#NULO";"-1";"#NULO"
"15/08/2026";"19:30:51";2026;6259;250002533607;-3;"#NE";1;"BRASILEIRA NATA";-3;"MARAGOGI";"62";"N";-1;"#NULO";"3176572.53";"#NE";"S";"-1";"06006566520266260000";"-3";"#NE";"-3";"#NE";"NÃO";"#NULO";-1;"#NULO";"N";"N";-1;-1;"2026-07-30 18:02:50";8;"AGUARDANDO JULGAMENTO";"-1";"#NULO";"-1";"#NULO";-1;"#NULO";-1;"#NULO";-1;"#NULO";-1;"#NULO";"-1";"#NULO"
"15/08/2026";"19:30:51";2026;6259;250002533608;-3;"#NE";1;"BRASILEIRA NATA";-3;"TAMBORIL";"45";"N";-1;"#NULO";"3176572.53";"#NE";"S";"-1";"06006592020266260000";"-3";"#NE";"-3";"#NE";"NÃO";"#NULO";-1;"#NULO";"N";"N";-1;-1;"2026-07-30 18:02:50";8;"AGUARDANDO JULGAMENTO";"-1";"#NULO";"-1";"#NULO";-1;"#NULO";-1;"#NULO";-1;"#NULO";-1;"#NULO";"-1";"#NULO"
"15/08/2026";"19:30:51";2026;6259;250002533618;-3;"#NE";1;"BRASILEIRA NATA";-3;"PEDRO DE TOLEDO";"47";"N";0;"NÃO INFORMADO";"3176572.53";"#NE";"S";"-1";"06006904020266260000";"-3";"#NE";"-3";"#NE";"NÃO";"#NULO";-1;"#NULO";"N";"N";-1;-1;"2026-07-30 18:02:50";8;"AGUARDANDO JULGAMENTO";"-1";"#NULO";"-1";"#NULO";-1;"#NULO";-1;"#NULO";-1;"#NULO";-1;"#NULO";"-1";"#NULO"
"15/08/2026";"19:30:51";2026;6259;250002533620;-3;"#NE";1;"BRASILEIRA NATA";-3;"PRESIDENTE PRUDENTE";"74";"N";-1;"#NULO";"3176572.53";"#NE";"S";"-1";"06006782620266260000";"-3";"#NE";"-3";"#NE";"NÃO";"#NULO";-1;"#NULO";"N";"N";-1;-1;"2026-07-30 18:02:50";8;"AGUARDANDO JULGAMENTO";"-1";"#NULO";"-1";"#NULO";-1;"#NULO";-1;"#NULO";-1;"#NULO";-1;"#NULO";"-1";"#NULO"
"15/08/2026";"19:30:51";2026;6259;250002533630;-3;"#NE";1;"BRASILEIRA NATA";-3;"FRANCA";"49";"N";-1;"#NULO";"3176572.53";"#NE";"S";"-1";"06006774120266260000";"-3";"#NE";"-3";"#NE";"NÃO";"#NULO";-1;"#NULO";"N";"N";-1;-1;"2026-07-30 18:02:50";8;"AGUARDANDO JULGAMENTO";"-1";"#NULO";"-1";"#NULO";-1;"#NULO";-1;"#NULO";-1;"#NULO";-1;"#NULO";"-1";"#NULO"
"15/08/2026";"19:30:51";2026;6259;250002533642;-3;"#NE";1;"BRASILEIRA NATA";-3;"SÃO JOSÉ DO RIO PRETO";"71";"N";0;"NÃO INFORMADO";"3176572.53";"#NE";"N";"-1";"06006947720266260000";"-3";"#NE";"-3";"#NE";"NÃO";"#NULO";-1;"#NULO";"N";"N";-1;-1;"2026-07-30 18:02:50";8;"AGUARDANDO JULGAMENTO";"-1";"#NULO";"-1";"#NULO";-1;"#NULO";-1;"#NULO";-1;"#NULO";-1;"#NULO";"-1";"#NULO"
"15/08/2026";"19:30:51";2026;6259;250002533641;-3;"#NE";1;"BRASILEIRA NATA";-3;"SÃO JOÃO DA BOA VISTA";"53";"N";-1;"#NULO";"3176572.53";"#NE";"S";"-1";"06006939220266260000";"-3";"#NE";"-3";"#NE";"NÃO";"#NULO";-1;"#NULO";"N";"N";-1;-1;"2026-07-30 18:02:50";8;"AGUARDANDO JULGAMENTO";"-1";"#NULO";"-1";"#NULO";-1;"#NULO";-1;"#NULO";-1;"#NULO";-1;"#NULO";"-1";"#NULO"
"15/08/2026";"19:30:51";2026;6259;250002533648;-3;"#NE";1;"BRASILEIRA NATA";-3;"SÃO PAULO";"48";"N";-1;"#NULO";"3176572.53";"#NE";"S";"-1";"06006558020266260000";"-3";"#NE";"-3";"#NE";"NÃO";"#NULO";-1;"#NULO";"N";"N";-1;-1;"2026-07-30 18:02:50";8;"AGUARDANDO JULGAMENTO";"-1";"#NULO";"-1";"#NULO";-1;"#NULO";-1;"#NULO";-1;"#NULO";-1;"#NULO";"-1";"#NULO"
"15/08/2026";"19:30:51";2026;6259;250002533672;-3;"#NE";1;"BRASILEIRA NATA";-3;"VALINHOS";"49";"N";-1;"#NULO";"3176572.53";"#NE";"S";"-1";"06006514320266260000";"-3";"#NE";"-3";"#NE";"NÃO";"#NULO";-1;"#NULO";"N";"N";-1;-1;"2026-07-30 18:02:50";8;"AGUARDANDO JULGAMENTO";"-1";"#NULO";"-1";"#NULO";-1;"#NULO";-1;"#NULO";-1;"#NULO";-1;"#NULO";"-1";"#NULO"
"15/08/2026";"19:30:51";2026;6259;250002533736;-3;"#NE";1;"BRASILEIRA NATA";-3;"NOVA ODESSA";"46";"N";-1;"#NULO";"1270629.01";"#NE";"S";"-1";"06006168320266260000";"-3";"#NE";"-3";"#NE";"NÃO";"#NULO";-1;"#NULO";"N";"N";-1;-1;"2026-07-30 13:42:57";8;"AGUARDANDO JULGAMENTO";"-1";"#NULO";"-1";"#NULO";-1;"#NULO";-1;"#NULO";-1;"#NULO";-1;"#NULO";"-1";"#NULO"
"15/08/2026";"19:30:51";2026;6259;250002533750;-3;"#NE";1;"BRASILEIRA NATA";-3;"CAMPINAS";"45";"N";0;"NÃO INFORMADO";"1270629.01";"#NE";"S";"-1";"06006375920266260000";"-3";"#NE";"-3";"#NE";"NÃO";"#NULO";-1;"#NULO";"N";"N";-1;-1;"2026-07-30 13:42:57";8;"AGUARDANDO JULGAMENTO";"-1";"#NULO";"-1";"#NULO";-1;"#NULO";-1;"#NULO";-1;"#NULO";-1;"#NULO";"-1";"#NULO"
"15/08/2026";"19:30:51";2026;6259;250002533762;-3;"#NE";1;"BRASILEIRA NATA";-3;"SÃO PAULO";"50";"N";-1;"#NULO";"1270629.01";"#NE";"N";"-1";"06006306720266260000";"-3";"#NE";"-3";"#NE";"NÃO";"#NULO";-1;"#NULO";"N";"N";-1;-1;"2026-07-30 13:42:57";8;"AGUARDANDO JULGAMENTO";"-1";"#NULO";"-1";"#NULO";-1;"#NULO";-1;"#NULO";-1;"#NULO";-1;"#NULO";"-1";"#NULO"
"15/08/2026";"19:30:51";2026;6259;250002533765;-3;"#NE";1;"BRASILEIRA NATA";-3;"JAÚ";"49";"N";-1;"#NULO";"1270629.01";"#NE";"S";"-1";"06005787120266260000";"-3";"#NE";"-3";"#NE";"NÃO";"#NULO";-1;"#NULO";"N";"N";-1;-1;"2026-07-30 13:42:57";8;"AGUARDANDO JULGAMENTO";"-1";"#NULO";"-1";"#NULO";-1;"#NULO";-1;"#NULO";-1;"#NULO";-1;"#NULO";"-1";"#NULO"
"15/08/2026";"19:30:51";2026;6259;250002533773;-3;"#NE";1;"BRASILEIRA NATA";-3;"ITAPEVA";"42";"N";-1;"#NULO";"1270629.01";"#NE";"S";"-1";"06005734920266260000";"-3";"#NE";"-3";"#NE";"NÃO";"#NULO";-1;"#NULO";"N";"N";-1;-1;"2026-07-30 13:42:57";8;"AGUARDANDO JULGAMENTO";"-1";"#NULO";"-1";"#NULO";-1;"#NULO";-1;"#NULO";-1;"#NULO";-1;"#NULO";"-1";"#NULO"
"15/08/2026";"19:30:51";2026;6259;250002533779;-3;"#NE";1;"BRASILEIRA NATA";-3;"GRÃO MOGOL";"63";"N";-1;"#NULO";"1270629.01";"#NE";"S";"-1";"06006323720266260000";"-3";"#NE";"-3";"#NE";"NÃO";"#NULO";-1;"#NULO";"N";"N";-1;-1;"2026-07-30 13:42:57";8;"AGUARDANDO JULGAMENTO";"-1";"#NULO";"-1";"#NULO";-1;"#NULO";-1;"#NULO";-1;"#NULO";-1;"#NULO";"-1";"#NULO"
"15/08/2026";"19:30:51";2026;6259;250002533801;-3;"#NE";1;"BRASILEIRA NATA";-3;"POÁ";"57";"N";-1;"#NULO";"1270629.01";"#NE";"S";"-1";"06006315220266260000";"-3";"#NE";"-3";"#NE";"NÃO";"#NULO";-1;"#NULO";"N";"N";-1;-1;"2026-07-30 13:42:57";8;"AGUARDANDO JULGAMENTO";"-1";"#NULO";"-1";"#NULO";-1;"#NULO";-1;"#NULO";-1;"#NULO";-1;"#NULO";"-1";"#NULO"
"15/08/2026";"19:30:51";2026;6259;250002533800;-3;"#NE";1;"BRASILEIRA NATA";-3;"BEBEDOURO";"39";"N";-1;"#NULO";"1270629.01";"#NE";"S";"-1";"06005977720266260000";"-3";"#NE";"-3";"#NE";"NÃO";"#NULO";-1;"#NULO";"N";"N";-1;-1;"2026-07-30 13:42:57";6;"RENÚNCIA";"-1";"#NULO";"-1";"#NULO";-1;"#NULO";-1;"#NULO";-1;"#NULO";-1;"#NULO";"-1";"#NULO"
"15/08/2026";"19:30:51";2026;6259;250002533803;-3;"#NE";1;"BRASILEIRA NATA";-3;"BRAGANÇA PAULISTA";"52";"N";0;"NÃO INFORMADO";"1270629.01";"#NE";"N";"-1";"06006080920266260000";"-3";"#NE";"-3";"#NE";"NÃO";"#NULO";-1;"#NULO";"N";"N";-1;-1;"2026-07-30 13:42:57";8;"AGUARDANDO JULGAMENTO";"-1";"#NULO";"-1";"#NULO";-1;"#NULO";-1;"#NULO";-1;"#NULO";-1;"#NULO";"-1";"#NULO"
"15/08/2026";"19:30:51";2026;6259;250002533811;-3;"#NE";1;"BRASILEIRA NATA";-3;"SÃO PAULO";"43";"N";-1;"#NULO";"1270629.01";"#NE";"S";"-1";"06005839320266260000";"-3";"#NE";"-3";"#NE";"NÃO";"#NULO";-1;"#NULO";"N";"N";-1;-1;"2026-07-30 13:42:57";8;"AGUARDANDO JULGAMENTO";"-1";"#NULO";"-1";"#NULO";-1;"#NULO";-1;"#NULO";-1;"#NULO";-1;"#NULO";"-1";"#NULO"
"15/08/2026";"19:30:51";2026;6259;250002534136;-3;"#NE";1;"BRASILEIRA NATA";-3;"TAUBATÉ";"54";"N";-1;"#NULO";"1270629.01";"#NE";"S";"-1";"06008766320266260000";"-3";"#NE";"-3";"#NE";"NÃO";"#NULO";-1;"#NULO";"N";"N";-1;-1;"2026-07-31 18:08:08";8;"AGUARDANDO JULGAMENTO";"-1";"#NULO";"-1";"#NULO";-1;"#NULO";-1;"#NULO";-1;"#NULO";-1;"#NULO";"-1";"#NULO"
"15/08/2026";"19:30:51";2026;6259;250002534143;-3;"#NE";1;"BRASILEIRA NATA";-3;"ARTUR NOGUEIRA";"47";"N";0;"NÃO INFORMADO";"1270629.01";"#NE";"S";"-1";"06009051620266260000";"-3";"#NE";"-3";"#NE";"NÃO";"#NULO";-1;"#NULO";"N";"N";-1;-1;"2026-07-31 18:08:08";8;"AGUARDANDO JULGAMENTO";"-1";"#NULO";"-1";"#NULO";-1;"#NULO";-1;"#NULO";-1;"#NULO";-1;"#NULO";"-1";"#NULO"
"15/08/2026";"19:30:51";2026;6259;250002534169;-3;"#NE";1;"BRASILEIRA NATA";-3;"JALES";"42";"N";-1;"#NULO";"1270629.01";"#NE";"S";"-1";"06008670420266260000";"-3";"#NE";"-3";"#NE";"NÃO";"#NULO";-1;"#NULO";"N";"N";-1;-1;"2026-07-31 18:08:08";8;"AGUARDANDO JULGAMENTO";"-1";"#NULO";"-1";"#NULO";-1;"#NULO";-1;"#NULO";-1;"#NULO";-1;"#NULO";"-1";"#NULO"
"15/08/2026";"19:30:51";2026;6259;250002534174;-3;"#NE";1;"BRASILEIRA NATA";-3;"VOTUPORANGA";"57";"N";0;"NÃO INFORMADO";"1270629.01";"#NE";"N";"-1";"06009078320266260000";"-3";"#NE";"-3";"#NE";"NÃO";"#NULO";-1;"#NULO";"N";"N";-1;-1;"2026-07-31 18:08:08";8;"AGUARDANDO JULGAMENTO";"-1";"#NULO";"-1";"#NULO";-1;"#NULO";-1;"#NULO";-1;"#NULO";-1;"#NULO";"-1";"#NULO"
"15/08/2026";"19:30:51";2026;6259;250002534176;-3;"#NE";1;"BRASILEIRA NATA";-3;"SÃO JOSÉ DOS CAMPOS";"52";"N";-1;"#NULO";"1270629.01";"#NE";"S";"-1";"06008896220266260000";"-3";"#NE";"-3";"#NE";"NÃO";"#NULO";-1;"#NULO";"N";"N";-1;-1;"2026-07-31 18:08:08";8;"AGUARDANDO JULGAMENTO";"-1";"#NULO";"-1";"#NULO";-1;"#NULO";-1;"#NULO";-1;"#NULO";-1;"#NULO";"-1";"#NULO"
"15/08/2026";"19:30:51";2026;6259;250002534181;-3;"#NE";1;"BRASILEIRA NATA";-3;"REGISTRO";"37";"N";0;"NÃO INFORMADO";"1270629.01";"#NE";"S";"-1";"06008965420266260000";"-3";"#NE";"-3";"#NE";"NÃO";"#NULO";-1;"#NULO";"N";"N";-1;-1;"2026-07-31 18:08:08";8;"AGUARDANDO JULGAMENTO";"-1";"#NULO";"-1";"#NULO";-1;"#NULO";-1;"#NULO";-1;"#NULO";-1;"#NULO";"-1";"#NULO"
"15/08/2026";"19:30:51";2026;6259;250002534182;-3;"#NE";1;"BRASILEIRA NATA";-3;"SÃO PAULO";"46";"N";-1;"#NULO";"1270629.01";"#NE";"S";"-1";"06009069820266260000";"-3";"#NE";"-3";"#NE";"NÃO";"#NULO";-1;"#NULO";"N";"N";-1;-1;"2026-07-31 18:08:08";8;"AGUARDANDO JULGAMENTO";"-1";"#NULO";"-1";"#NULO";-1;"#NULO";-1;"#NULO";-1;"#NULO";-1;"#NULO";"-1";"#NULO"
"15/08/2026";"19:30:51";2026;6259;250002534209;-3;"#NE";1;"BRASILEIRA NATA";-3;"PINDAMONHANGABA";"36";"N";-1;"#NULO";"1270629.01";"#NE";"S";"-1";"06007744120266260000";"-3";"#NE";"-3";"#NE";"NÃO";"#NULO";-1;"#NULO";"N";"N";-1;-1;"2026-07-30 18:39:36";8;"AGUARDANDO JULGAMENTO";"-1";"#NULO";"-1";"#NULO";-1;"#NULO";-1;"#NULO";-1;"#NULO";-1;"#NULO";"-1";"#NULO"
"15/08/2026";"19:30:51";2026;6259;250002534223;-3;"#NE";1;"BRASILEIRA NATA";-3;"CERQUEIRA CÉSAR";"63";"N";-1;"#NULO";"1270629.01";"#NE";"S";"-1";"06007467320266260000";"-3";"#NE";"-3";"#NE";"NÃO";"#NULO";-1;"#NULO";"N";"N";-1;-1;"2026-07-30 18:39:36";8;"AGUARDANDO JULGAMENTO";"-1";"#NULO";"-1";"#NULO";-1;"#NULO";-1;"#NULO";-1;"#NULO";-1;"#NULO";"-1";"#NULO"
"15/08/2026";"19:30:51";2026;6259;250002534226;-3;"#NE";1;"BRASILEIRA NATA";-3;"PAULO AFONSO";"64";"N";-1;"#NULO";"1270629.01";"#NE";"S";"-1";"06007821820266260000";"-3";"#NE";"-3";"#NE";"NÃO";"#NULO";-1;"#NULO";"N";"N";-1;-1;"2026-07-30 18:39:36";8;"AGUARDANDO JULGAMENTO";"-1";"#NULO";"-1";"#NULO";-1;"#NULO";-1;"#NULO";-1;"#NULO";-1;"#NULO";"-1";"#NULO"
"15/08/2026";"19:30:51";2026;6259;250002534229;-3;"#NE";1;"BRASILEIRA NATA";-3;"RIBEIRÃO PIRES";"42";"N";-1;"#NULO";"1270629.01";"#NE";"S";"-1";"06007909220266260000";"-3";"#NE";"-3";"#NE";"NÃO";"#NULO";-1;"#NULO";"N";"N";-1;-1;"2026-07-30 18:39:36";8;"AGUARDANDO JULGAMENTO";"-1";"#NULO";"-1";"#NULO";-1;"#NULO";-1;"#NULO";-1;"#NULO";-1;"#NULO";"-1";"#NULO"
"15/08/2026";"19:30:51";2026;6259;250002534232;-3;"#NE";1;"BRASILEIRA NATA";-3;"SANTA FÉ DO SUL";"61";"N";-1;"#NULO";"1270629.01";"#NE";"S";"-1";"06007285220266260000";"-3";"#NE";"-3";"#NE";"NÃO";"#NULO";-1;"#NULO";"N";"N";-1;-1;"2026-07-30 18:39:36";8;"AGUARDANDO JULGAMENTO";"-1";"#NULO";"-1";"#NULO";-1;"#NULO";-1;"#NULO";-1;"#NULO";-1;"#NULO";"-1";"#NULO"
"15/08/2026";"19:30:51";2026;6259;250002534242;-3;"#NE";1;"BRASILEIRA NATA";-3;"SÃO PAULO";"61";"N";-1;"#NULO";"1270629.01";"#NE";"S";"-1";"06007389620266260000";"-3";"#NE";"-3";"#NE";"NÃO";"#NULO";-1;"#NULO";"N";"N";-1;-1;"2026-07-30 18:39:36";8;"AGUARDANDO JULGAMENTO";"-1";"#NULO";"-1";"#NULO";-1;"#NULO";-1;"#NULO";-1;"#NULO";-1;"#NULO";"-1";"#NULO"
"15/08/2026";"19:30:51";2026;6259;250002534244;-3;"#NE";1;"BRASILEIRA NATA";-3;"SÃO PAULO";"55";"N";-1;"#NULO";"1270629.01";"#NE";"S";"-1";"06007934720266260000";"-3";"#NE";"-3";"#NE";"NÃO";"#NULO";-1;"#NULO";"N";"N";-1;-1;"2026-07-30 18:39:36";8;"AGUARDANDO JULGAMENTO";"-1";"#NULO";"-1";"#NULO";-1;"#NULO";-1;"#NULO";-1;"#NULO";-1;"#NULO";"-1";"#NULO"
"15/08/2026";"19:30:51";2026;6259;250002534255;-3;"#NE";1;"BRASILEIRA NATA";-3;"SÃO PAULO";"46";"N";-1;"#NULO";"1270629.01";"#NE";"S";"-1";"06007588720266260000";"-3";"#NE";"-3";"#NE";"NÃO";"#NULO";-1;"#NULO";"N";"N";-1;-1;"2026-07-30 18:39:36";8;"AGUARDANDO JULGAMENTO";"-1";"#NULO";"-1";"#NULO";-1;"#NULO";-1;"#NULO";-1;"#NULO";-1;"#NULO";"-1";"#NULO"
"15/08/2026";"19:30:51";2026;6259;250002534409;-3;"#NE";1;"BRASILEIRA NATA";-3;"OSASCO";"44";"N";-1;"#NULO";"3176572.53";"#NE";"S";"-1";"06008506520266260000";"-3";"#NE";"-3";"#NE";"NÃO";"#NULO";-1;"#NULO";"N";"N";-1;-1;"2026-07-31 17:30:56";8;"AGUARDANDO JULGAMENTO";"-1";"#NULO";"-1";"#NULO";-1;"#NULO";-1;"#NULO";-1;"#NULO";-1;"#NULO";"-1";"#NULO"
"15/08/2026";"19:30:51";2026;6259;250002534413;-3;"#NE";1;"BRASILEIRA NATA";-3;"PIRACICABA";"47";"N";-1;"#NULO";"3176572.53";"#NE";"S";"-1";"06008498020266260000";"-3";"#NE";"-3";"#NE";"NÃO";"#NULO";-1;"#NULO";"N";"N";-1;-1;"2026-07-31 17:30:56";8;"AGUARDANDO JULGAMENTO";"-1";"#NULO";"-1";"#NULO";-1;"#NULO";-1;"#NULO";-1;"#NULO";-1;"#NULO";"-1";"#NULO"
"15/08/2026";"19:30:51";2026;6259;250002534412;-3;"#NE";1;"BRASILEIRA NATA";-3;"PIRACICABA";"49";"N";-1;"#NULO";"3176572.53";"#NE";"S";"-1";"06008020920266260000";"-3";"#NE";"-3";"#NE";"NÃO";"#NULO";-1;"#NULO";"N";"N";-1;-1;"2026-07-31 17:30:56";8;"AGUARDANDO JULGAMENTO";"-1";"#NULO";"-1";"#NULO";-1;"#NULO";-1;"#NULO";-1;"#NULO";-1;"#NULO";"-1";"#NULO"
"15/08/2026";"19:30:51";2026;6259;250002534919;-3;"#NE";1;"BRASILEIRA NATA";-3;"ARAÇATUBA";"55";"N";-1;"#NULO";"3176572.53";"#NE";"S";"-1";"06008567220266260000";"-3";"#NE";"-3";"#NE";"NÃO";"#NULO";-1;"#NULO";"N";"N";-1;-1;"2026-07-31 17:30:56";8;"AGUARDANDO JULGAMENTO";"-1";"#NULO";"-1";"#NULO";-1;"#NULO";-1;"#NULO";-1;"#NULO";-1;"#NULO";"-1";"#NULO"
"15/08/2026";"19:30:51";2026;6259;250002534925;-3;"#NE";1;"BRASILEIRA NATA";-3;"CAMPINAS";"43";"N";0;"NÃO INFORMADO";"3176572.53";"#NE";"N";"-1";"06008489520266260000";"-3";"#NE";"-3";"#NE";"NÃO";"#NULO";-1;"#NULO";"N";"N";-1;-1;"2026-07-31 17:30:56";8;"AGUARDANDO JULGAMENTO";"-1";"#NULO";"-1";"#NULO";-1;"#NULO";-1;"#NULO";-1;"#NULO";-1;"#NULO";"-1";"#NULO"
"15/08/2026";"19:30:51";2026;6259;250002534930;-3;"#NE";1;"BRASILEIRA NATA";-3;"SANTA FÉ DO SUL";"77";"N";-1;"#NULO";"3176572.53";"#NE";"S";"-1";"06008402120266260000";"-3";"#NE";"-3";"#NE";"NÃO";"#NULO";-1;"#NULO";"N";"N";-1;-1;"2026-07-31 17:30:56";8;"AGUARDANDO JULGAMENTO";"-1";"#NULO";"-1";"#NULO";-1;"#NULO";-1;"#NULO";-1;"#NULO";-1;"#NULO";"-1";"#NULO"
"15/08/2026";"19:30:51";2026;6259;250002534934;-3;"#NE";1;"BRASILEIRA NATA";-3;"SÃO CARLOS";"71";"N";-1;"#NULO";"3176572.53";"#NE";"S";"-1";"06008116820266260000";"-3";"#NE";"-3";"#NE";"NÃO";"#NULO";-1;"#NULO";"N";"N";-1;-1;"2026-07-31 17:30:56";8;"AGUARDANDO JULGAMENTO";"-1";"#NULO";"-1";"#NULO";-1;"#NULO";-1;"#NULO";-1;"#NULO";-1;"#NULO";"-1";"#NULO"
"15/08/2026";"19:30:51";2026;6259;250002534946;-3;"#NE";1;"BRASILEIRA NATA";-3;"SÃO SEBASTIÃO";"38";"N";-1;"#NULO";"3176572.53";"#NE";"N";"-1";"06008073120266260000";"-3";"#NE";"-3";"#NE";"NÃO";"#NULO";-1;"#NULO";"N";"N";-1;-1;"2026-07-31 17:30:56";8;"AGUARDANDO JULGAMENTO";"-1";"#NULO";"-1";"#NULO";-1;"#NULO";-1;"#NULO";-1;"#NULO";-1;"#NULO";"-1";"#NULO"
"15/08/2026";"19:30:51";2026;6259;250002534948;-3;"#NE";1;"BRASILEIRA NATA";-3;"TATUÍ";"65";"N";-1;"#NULO";"3176572.53";"#NE";"S";"-1";"06008532020266260000";"-3";"#NE";"-3";"#NE";"NÃO";"#NULO";-1;"#NULO";"N";"N";-1;-1;"2026-07-31 17:30:56";8;"AGUARDANDO JULGAMENTO";"-1";"#NULO";"-1";"#NULO";-1;"#NULO";-1;"#NULO";-1;"#NULO";-1;"#NULO";"-1";"#NULO"
"15/08/2026";"19:30:51";2026;6259;250002535943;-3;"#NE";1;"BRASILEIRA NATA";-3;"ITU";"70";"N";-1;"#NULO";"3176572.53";"#NE";"S";"-1";"06009537220266260000";"-3";"#NE";"-3";"#NE";"NÃO";"#NULO";-1;"#NULO";"N";"N";-1;-1;"2026-08-03 15:47:14";8;"AGUARDANDO JULGAMENTO";"-1";"#NULO";"-1";"#NULO";-1;"#NULO";-1;"#NULO";-1;"#NULO";-1;"#NULO";"-1";"#NULO"
"15/08/2026";"19:30:51";2026;6259;250002535946;-3;"#NE";1;"BRASILEIRA NATA";-3;"JAÚ";"37";"N";-1;"#NULO";"3176572.53";"#NE";"S";"-1";"06009918420266260000";"-3";"#NE";"-3";"#NE";"NÃO";"#NULO";-1;"#NULO";"N";"N";-1;-1;"2026-08-03 15:47:14";8;"AGUARDANDO JULGAMENTO";"-1";"#NULO";"-1";"#NULO";-1;"#NULO";-1;"#NULO";-1;"#NULO";-1;"#NULO";"-1";"#NULO"
"15/08/2026";"19:30:51";2026;6259;250002535962;-3;"#NE";1;"BRASILEIRA NATA";-3;"RIO DE JANEIRO";"50";"N";-1;"#NULO";"3176572.53";"#NE";"S";"-1";"06009926920266260000";"-3";"#NE";"-3";"#NE";"NÃO";"#NULO";-1;"#NULO";"N";"N";-1;-1;"2026-08-03 15:47:14";8;"AGUARDANDO JULGAMENTO";"-1";"#NULO";"-1";"#NULO";-1;"#NULO";-1;"#NULO";-1;"#NULO";-1;"#NULO";"-1";"#NULO"
"15/08/2026";"19:30:51";2026;6259;250002535965;-3;"#NE";1;"BRASILEIRA NATA";-3;"GUARULHOS";"71";"N";-1;"#NULO";"3176572.53";"#NE";"S";"-1";"06009857720266260000";"-3";"#NE";"-3";"#NE";"NÃO";"#NULO";-1;"#NULO";"N";"N";-1;-1;"2026-08-03 15:47:14";8;"AGUARDANDO JULGAMENTO";"-1";"#NULO";"-1";"#NULO";-1;"#NULO";-1;"#NULO";-1;"#NULO";-1;"#NULO";"-1";"#NULO"
"15/08/2026";"19:30:51";2026;6259;250002535974;-3;"#NE";1;"BRASILEIRA NATA";-3;"SÃO CAETANO DO SUL";"62";"N";-1;"#NULO";"3176572.53";"#NE";"S";"-1";"06009736320266260000";"-3";"#NE";"-3";"#NE";"NÃO";"#NULO";-1;"#NULO";"N";"N";-1;-1;"2026-08-03 15:47:14";8;"AGUARDANDO JULGAMENTO";"-1";"#NULO";"-1";"#NULO";-1;"#NULO";-1;"#NULO";-1;"#NULO";-1;"#NULO";"-1";"#NULO"
"15/08/2026";"19:30:51";2026;6259;250002535978;-3;"#NE";1;"BRASILEIRA NATA";-3;"SÃO PAULO";"41";"N";-1;"#NULO";"3176572.53";"#NE";"S";"-1";"06009675620266260000";"-3";"#NE";"-3";"#NE";"NÃO";"#NULO";-1;"#NULO";"N";"N";-1;-1;"2026-08-03 15:47:14";8;"AGUARDANDO JULGAMENTO";"-1";"#NULO";"-1";"#NULO";-1;"#NULO";-1;"#NULO";-1;"#NULO";-1;"#NULO";"-1";"#NULO"
"15/08/2026";"19:30:51";2026;6259;250002535977;-3;"#NE";1;"BRASILEIRA NATA";-3;"SÃO PAULO";"27";"N";-1;"#NULO";"3176572.53";"#NE";"N";"-1";"06010056820266260000";"-3";"#NE";"-3";"#NE";"NÃO";"#NULO";-1;"#NULO";"N";"N";-1;-1;"2026-08-03 15:47:14";8;"AGUARDANDO JULGAMENTO";"-1";"#NULO";"-1";"#NULO";-1;"#NULO";-1;"#NULO";-1;"#NULO";-1;"#NULO";"-1";"#NULO"
"15/08/2026";"19:30:51";2026;6259;250002535981;-3;"#NE";1;"BRASILEIRA NATA";-3;"SÃO PAULO";"56";"N";-1;"#NULO";"3176572.53";"#NE";"N";"-1";"06009510520266260000";"-3";"#NE";"-3";"#NE";"NÃO";"#NULO";-1;"#NULO";"N";"N";-1;-1;"2026-08-03 15:47:14";8;"AGUARDANDO JULGAMENTO";"-1";"#NULO";"-1";"#NULO";-1;"#NULO";-1;"#NULO";-1;"#NULO";-1;"#NULO";"-1";"#NULO"
"15/08/2026";"19:30:51";2026;6259;250002535982;-3;"#NE";1;"BRASILEIRA NATA";-3;"SÃO PAULO";"72";"N";-1;"#NULO";"3176572.53";"#NE";"S";"-1";"06009692620266260000";"-3";"#NE";"-3";"#NE";"NÃO";"#NULO";-1;"#NULO";"N";"N";-1;-1;"2026-08-03 15:47:14";8;"AGUARDANDO JULGAMENTO";"-1";"#NULO";"-1";"#NULO";-1;"#NULO";-1;"#NULO";-1;"#NULO";-1;"#NULO";"-1";"#NULO"
"15/08/2026";"19:30:51";2026;6259;250002535985;-3;"#NE";1;"BRASILEIRA NATA";-3;"SÃO PAULO";"76";"N";-1;"#NULO";"3176572.53";"#NE";"S";"-1";"06009996120266260000";"-3";"#NE";"-3";"#NE";"NÃO";"#NULO";-1;"#NULO";"N";"N";-1;-1;"2026-08-03 15:47:14";8;"AGUARDANDO JULGAMENTO";"-1";"#NULO";"-1";"#NULO";-1;"#NULO";-1;"#NULO";-1;"#NULO";-1;"#NULO";"-1";"#NULO"
"15/08/2026";"19:30:51";2026;6259;250002536236;-3;"#NE";1;"BRASILEIRA NATA";-3;"TUCANO";"54";"N";-1;"#NULO";"1270629.01";"#NE";"N";"-1";"06011165220266260000";"-3";"#NE";"-3";"#NE";"NÃO";"#NULO";-1;"#NULO";"N";"N";-1;-1;"2026-08-04 11:54:14";8;"AGUARDANDO JULGAMENTO";"-1";"#NULO";"-1";"#NULO";-1;"#NULO";-1;"#NULO";-1;"#NULO";-1;"#NULO";"-1";"#NULO"
"15/08/2026";"19:30:51";2026;6259;250002536258;-3;"#NE";1;"BRASILEIRA NATA";-3;"MOGI DAS CRUZES";"70";"N";-1;"#NULO";"1270629.01";"#NE";"S";"-1";"06011338820266260000";"-3";"#NE";"-3";"#NE";"NÃO";"#NULO";-1;"#NULO";"N";"N";-1;-1;"2026-08-04 11:54:14";8;"AGUARDANDO JULGAMENTO";"-1";"#NULO";"-1";"#NULO";-1;"#NULO";-1;"#NULO";-1;"#NULO";-1;"#NULO";"-1";"#NULO"
"15/08/2026";"19:30:51";2026;6259;250002536262;-3;"#NE";1;"BRASILEIRA NATA";-3;"TAPIRA";"62";"N";-1;"#NULO";"1270629.01";"#NE";"S";"-1";"06011771020266260000";"-3";"#NE";"-3";"#NE";"NÃO";"#NULO";-1;"#NULO";"N";"N";-1;-1;"2026-08-04 11:54:14";8;"AGUARDANDO JULGAMENTO";"-1";"#NULO";"-1";"#NULO";-1;"#NULO";-1;"#NULO";-1;"#NULO";-1;"#NULO";"-1";"#NULO"
"15/08/2026";"19:30:51";2026;6259;250002536268;-3;"#NE";1;"BRASILEIRA NATA";-3;"FREDERICO WESTPHALEN";"66";"N";0;"NÃO INFORMADO";"1270629.01";"#NE";"S";"-1";"06011225920266260000";"-3";"#NE";"-3";"#NE";"NÃO";"#NULO";-1;"#NULO";"N";"N";-1;-1;"2026-08-04 11:54:14";8;"AGUARDANDO JULGAMENTO";"-1";"#NULO";"-1";"#NULO";-1;"#NULO";-1;"#NULO";-1;"#NULO";-1;"#NULO";"-1";"#NULO"
"15/08/2026";"19:30:51";2026;6259;250002536343;-3;"#NE";1;"BRASILEIRA NATA";-3;"VITÓRIA DA CONQUISTA";"63";"N";-1;"#NULO";"1270629.01";"#NE";"S";"-1";"06010888420266260000";"-3";"#NE";"-3";"#NE";"NÃO";"#NULO";-1;"#NULO";"N";"N";-1;-1;"2026-08-03 16:14:03";8;"AGUARDANDO JULGAMENTO";"-1";"#NULO";"-1";"#NULO";-1;"#NULO";-1;"#NULO";-1;"#NULO";-1;"#NULO";"-1";"#NULO"
"15/08/2026";"19:30:51";2026;6259;250002536351;-3;"#NE";1;"BRASILEIRA NATA";-3;"SÃO JOSÉ DO EGITO";"40";"N";-1;"#NULO";"1270629.01";"#NE";"S";"-1";"06010689320266260000";"-3";"#NE";"-3";"#NE";"NÃO";"#NULO";-1;"#NULO";"N";"N";-1;-1;"2026-08-03 16:14:03";8;"AGUARDANDO JULGAMENTO";"-1";"#NULO";"-1";"#NULO";-1;"#NULO";-1;"#NULO";-1;"#NULO";-1;"#NULO";"-1";"#NULO"
"15/08/2026";"19:30:51";2026;6259;250002536352;-3;"#NE";1;"BRASILEIRA NATA";-3;"ITU";"42";"N";-1;"#NULO";"1270629.01";"#NE";"S";"-1";"06010576420266260000";"-3";"#NE";"-3";"#NE";"NÃO";"#NULO";-1;"#NULO";"N";"N";-1;-1;"2026-08-03 16:14:03";8;"AGUARDANDO JULGAMENTO";"-1";"#NULO";"-1";"#NULO";-1;"#NULO";-1;"#NULO";-1;"#NULO";-1;"#NULO";"-1";"#NULO"
"15/08/2026";"19:30:51";2026;6259;250002536353;-3;"#NE";1;"BRASILEIRA NATA";-3;"JACAREÍ";"36";"N";0;"NÃO INFORMADO";"1270629.01";"#NE";"S";"-1";"06010930920266260000";"-3";"#NE";"-3";"#NE";"NÃO";"#NULO";-1;"#NULO";"N";"N";-1;-1;"2026-08-03 16:14:03";8;"AGUARDANDO JULGAMENTO";"-1";"#NULO";"-1";"#NULO";-1;"#NULO";-1;"#NULO";-1;"#NULO";-1;"#NULO";"-1";"#NULO"
"15/08/2026";"19:30:51";2026;6259;250002536369;-3;"#NE";1;"BRASILEIRA NATA";-3;"PIRAPOZINHO";"65";"N";-1;"#NULO";"1270629.01";"#NE";"S";"-1";"06010429520266260000";"-3";"#NE";"-3";"#NE";"NÃO";"#NULO";-1;"#NULO";"N";"N";-1;-1;"2026-08-03 16:14:03";8;"AGUARDANDO JULGAMENTO";"-1";"#NULO";"-1";"#NULO";-1;"#NULO";-1;"#NULO";-1;"#NULO";-1;"#NULO";"-1";"#NULO"
"15/08/2026";"19:30:51";2026;6259;250002536370;-3;"#NE";1;"BRASILEIRA NATA";-3;"PRESIDENTE BERNARDES";"42";"N";-1;"#NULO";"1270629.01";"#NE";"S";"-1";"06010913920266260000";"-3";"#NE";"-3";"#NE";"NÃO";"#NULO";-1;"#NULO";"N";"N";-1;-1;"2026-08-03 16:14:03";8;"AGUARDANDO JULGAMENTO";"-1";"#NULO";"-1";"#NULO";-1;"#NULO";-1;"#NULO";-1;"#NULO";-1;"#NULO";"-1";"#NULO"
"15/08/2026";"19:30:51";2026;6259;250002536383;-3;"#NE";1;"BRASILEIRA NATA";-3;"CAMPINAS";"62";"N";-1;"#NULO";"1270629.01";"#NE";"N";"-1";"06010134520266260000";"-3";"#NE";"-3";"#NE";"NÃO";"#NULO";-1;"#NULO";"N";"N";-1;-1;"2026-08-03 16:14:03";8;"AGUARDANDO JULGAMENTO";"-1";"#NULO";"-1";"#NULO";-1;"#NULO";-1;"#NULO";-1;"#NULO";-1;"#NULO";"-1";"#NULO"
"15/08/2026";"19:30:51";2026;6259;250002536388;-3;"#NE";1;"BRASILEIRA NATA";-3;"GUARULHOS";"35";"N";0;"NÃO INFORMADO";"1270629.01";"#NE";"S";"-1";"06010438020266260000";"-3";"#NE";"-3";"#NE";"NÃO";"#NULO";-1;"#NULO";"N";"N";-1;-1;"2026-08-03 16:14:03";8;"AGUARDANDO JULGAMENTO";"-1";"#NULO";"-1";"#NULO";-1;"#NULO";-1;"#NULO";-1;"#NULO";-1;"#NULO";"-1";"#NULO"
"15/08/2026";"19:30:51";2026;6259;250002536392;-3;"#NE";1;"BRASILEIRA NATA";-3;"SANTOS";"57";"N";0;"NÃO INFORMADO";"1270629.01";"#NE";"S";"-1";"06010844720266260000";"-3";"#NE";"-3";"#NE";"NÃO";"#NULO";-1;"#NULO";"N";"N";-1;-1;"2026-08-03 16:14:03";8;"AGUARDANDO JULGAMENTO";"-1";"#NULO";"-1";"#NULO";-1;"#NULO";-1;"#NULO";-1;"#NULO";-1;"#NULO";"-1";"#NULO"
"15/08/2026";"19:30:51";2026;6259;250002536402;-3;"#NE";1;"BRASILEIRA NATA";-3;"SÃO JOSÉ DO RIO PRETO";"23";"N";-1;"#NULO";"1270629.01";"#NE";"N";"-1";"06010792520266260000";"-3";"#NE";"-3";"#NE";"NÃO";"#NULO";-1;"#NULO";"N";"N";-1;-1;"2026-08-03 16:14:03";8;"AGUARDANDO JULGAMENTO";"-1";"#NULO";"-1";"#NULO";-1;"#NULO";-1;"#NULO";-1;"#NULO";-1;"#NULO";"-1";"#NULO"
"15/08/2026";"19:30:51";2026;6259;250002536407;-3;"#NE";1;"BRASILEIRA NATA";-3;"SÃO PAULO";"79";"N";-1;"#NULO";"1270629.01";"#NE";"S";"-1";"06010896920266260000";"-3";"#NE";"-3";"#NE";"NÃO";"#NULO";-1;"#NULO";"N";"N";-1;-1;"2026-08-03 16:14:03";8;"AGUARDANDO JULGAMENTO";"-1";"#NULO";"-1";"#NULO";-1;"#NULO";-1;"#NULO";-1;"#NULO";-1;"#NULO";"-1";"#NULO"
"15/08/2026";"19:30:51";2026;6259;250002536409;-3;"#NE";1;"BRASILEIRA NATA";-3;"SÃO PAULO";"39";"N";0;"NÃO INFORMADO";"1270629.01";"#NE";"S";"-1";"06010350620266260000";"-3";"#NE";"-3";"#NE";"NÃO";"#NULO";-1;"#NULO";"N";"N";-1;-1;"2026-08-03 16:14:03";8;"AGUARDANDO JULGAMENTO";"-1";"#NULO";"-1";"#NULO";-1;"#NULO";-1;"#NULO";-1;"#NULO";-1;"#NULO";"-1";"#NULO"
"15/08/2026";"19:30:51";2026;6259;250002536421;-3;"#NE";1;"BRASILEIRA NATA";-3;"SÃO PAULO";"53";"N";0;"NÃO INFORMADO";"1270629.01";"#NE";"S";"-1";"06010645620266260000";"-3";"#NE";"-3";"#NE";"NÃO";"#NULO";-1;"#NULO";"N";"N";-1;-1;"2026-08-03 16:14:03";8;"AGUARDANDO JULGAMENTO";"-1";"#NULO";"-1";"#NULO";-1;"#NULO";-1;"#NULO";-1;"#NULO";-1;"#NULO";"-1";"#NULO"
"15/08/2026";"19:30:51";2026;6259;250002536425;-3;"#NE";1;"BRASILEIRA NATA";-3;"SÃO PAULO";"43";"N";-1;"#NULO";"1270629.01";"#NE";"S";"-1";"06010394320266260000";"-3";"#NE";"-3";"#NE";"NÃO";"#NULO";-1;"#NULO";"N";"N";-1;-1;"2026-08-03 16:14:03";8;"AGUARDANDO JULGAMENTO";"-1";"#NULO";"-1";"#NULO";-1;"#NULO";-1;"#NULO";-1;"#NULO";-1;"#NULO";"-1";"#NULO"
"15/08/2026";"19:30:51";2026;6259;250002536713;-3;"#NE";1;"BRASILEIRA NATA";-3;"CARDOSO";"62";"N";0;"NÃO INFORMADO";"3176572.53";"#NE";"S";"-1";"06012204420266260000";"-3";"#NE";"-3";"#NE";"NÃO";"#NULO";-1;"#NULO";"N";"N";-1;-1;"2026-08-04 12:03:50";8;"AGUARDANDO JULGAMENTO";"-1";"#NULO";"-1";"#NULO";-1;"#NULO";-1;"#NULO";-1;"#NULO";-1;"#NULO";"-1";"#NULO"
"15/08/2026";"19:30:51";2026;6259;250002536715;-3;"#NE";1;"BRASILEIRA NATA";-3;"SÃO VICENTE";"42";"N";-1;"#NULO";"3176572.53";"#NE";"S";"-1";"06012049020266260000";"-3";"#NE";"-3";"#NE";"NÃO";"#NULO";-1;"#NULO";"N";"N";-1;-1;"2026-08-04 12:03:50";8;"AGUARDANDO JULGAMENTO";"-1";"#NULO";"-1";"#NULO";-1;"#NULO";-1;"#NULO";-1;"#NULO";-1;"#NULO";"-1";"#NULO"
"15/08/2026";"19:30:51";2026;6259;250002536733;-3;"#NE";1;"BRASILEIRA NATA";-3;"CARAGUATATUBA";"68";"N";-1;"#NULO";"3176572.53";"#NE";"S";"-1";"06012160720266260000";"-3";"#NE";"-3";"#NE";"NÃO";"#NULO";-1;"#NULO";"N";"N";-1;-1;"2026-08-04 12:03:50";8;"AGUARDANDO JULGAMENTO";"-1";"#NULO";"-1";"#NULO";-1;"#NULO";-1;"#NULO";-1;"#NULO";-1;"#NULO";"-1";"#NULO"
"15/08/2026";"19:30:51";2026;6259;250002536739;-3;"#NE";1;"BRASILEIRA NATA";-3;"SÃO PAULO";"30";"N";-1;"#NULO";"3176572.53";"#NE";"S";"-1";"06012282120266260000";"-3";"#NE";"-3";"#NE";"NÃO";"#NULO";-1;"#NULO";"N";"N";-1;-1;"2026-08-04 12:03:50";8;"AGUARDANDO JULGAMENTO";"-1";"#NULO";"-1";"#NULO";-1;"#NULO";-1;"#NULO";-1;"#NULO";-1;"#NULO";"-1";"#NULO"
"15/08/2026";"19:30:51";2026;6259;250002536763;-3;"#NE";1;"BRASILEIRA NATA";-3;"PAPAGAIOS";"83";"N";-1;"#NULO";"3176572.53";"#NE";"S";"-1";"06012178920266260000";"-3";"#NE";"-3";"#NE";"NÃO";"#NULO";-1;"#NULO";"N";"N";-1;-1;"2026-08-04 12:03:50";8;"AGUARDANDO JULGAMENTO";"-1";"#NULO";"-1";"#NULO";-1;"#NULO";-1;"#NULO";-1;"#NULO";-1;"#NULO";"-1";"#NULO"
"15/08/2026";"19:30:51";2026;6259;250002536766;-3;"#NE";1;"BRASILEIRA NATA";-3;"SOUSA";"72";"N";0;"NÃO INFORMADO";"3176572.53";"#NE";"S";"-1";"06012239620266260000";"-3";"#NE";"-3";"#NE";"NÃO";"#NULO";-1;"#NULO";"N";"N";-1;-1;"2026-08-04 12:03:50";8;"AGUARDANDO JULGAMENTO";"-1";"#NULO";"-1";"#NULO";-1;"#NULO";-1;"#NULO";-1;"#NULO";-1;"#NULO";"-1";"#NULO"
"15/08/2026";"19:30:51";2026;6259;250002536819;-3;"#NE";1;"BRASILEIRA NATA";-3;"CAMPINAS";"40";"N";0;"NÃO INFORMADO";"1270629.01";"#NE";"S";"-1";"06011425020266260000";"-3";"#NE";"-3";"#NE";"NÃO";"#NULO";-1;"#NULO";"N";"N";-1;-1;"2026-08-04 11:54:14";8;"AGUARDANDO JULGAMENTO";"-1";"#NULO";"-1";"#NULO";-1;"#NULO";-1;"#NULO";-1;"#NULO";-1;"#NULO";"-1";"#NULO"
"15/08/2026";"19:30:51";2026;6259;250002536834;-3;"#NE";1;"BRASILEIRA NATA";-3;"SALTO";"37";"N";0;"NÃO INFORMADO";"1270629.01";"#NE";"S";"-1";"06011502720266260000";"-3";"#NE";"-3";"#NE";"NÃO";"#NULO";-1;"#NULO";"N";"N";-1;-1;"2026-08-04 11:54:14";8;"AGUARDANDO JULGAMENTO";"-1";"#NULO";"-1";"#NULO";-1;"#NULO";-1;"#NULO";-1;"#NULO";-1;"#NULO";"-1";"#NULO"
"15/08/2026";"19:30:51";2026;6259;250002536836;-3;"#NE";1;"BRASILEIRA NATA";-3;"SANTA FÉ DO SUL";"64";"N";0;"NÃO INFORMADO";"1270629.01";"#NE";"S";"-1";"06011866920266260000";"-3";"#NE";"-3";"#NE";"NÃO";"#NULO";-1;"#NULO";"N";"N";-1;-1;"2026-08-04 11:54:14";8;"AGUARDANDO JULGAMENTO";"-1";"#NULO";"-1";"#NULO";-1;"#NULO";-1;"#NULO";-1;"#NULO";-1;"#NULO";"-1";"#NULO"
"15/08/2026";"19:30:51";2026;6259;250002536839;-3;"#NE";1;"BRASILEIRA NATA";-3;"SÃO CAETANO DO SUL";"66";"N";0;"NÃO INFORMADO";"1270629.01";"#NE";"S";"-1";"06011546420266260000";"-3";"#NE";"-3";"#NE";"NÃO";"#NULO";-1;"#NULO";"N";"N";-1;-1;"2026-08-04 11:54:14";8;"AGUARDANDO JULGAMENTO";"-1";"#NULO";"-1";"#NULO";-1;"#NULO";-1;"#NULO";-1;"#NULO";-1;"#NULO";"-1";"#NULO"
"15/08/2026";"19:30:51";2026;6259;250002536842;-3;"#NE";1;"BRASILEIRA NATA";-3;"SÃO PAULO";"50";"N";0;"NÃO INFORMADO";"1270629.01";"#NE";"S";"-1";"06011372820266260000";"-3";"#NE";"-3";"#NE";"NÃO";"#NULO";-1;"#NULO";"N";"N";-1;-1;"2026-08-04 11:54:14";8;"AGUARDANDO JULGAMENTO";"-1";"#NULO";"-1";"#NULO";-1;"#NULO";-1;"#NULO";-1;"#NULO";-1;"#NULO";"-1";"#NULO"
"15/08/2026";"19:30:51";2026;6259;250002536843;-3;"#NE";1;"BRASILEIRA NATA";-3;"SÃO PAULO";"45";"N";0;"NÃO INFORMADO";"1270629.01";"#NE";"S";"-1";"06011286620266260000";"-3";"#NE";"-3";"#NE";"NÃO";"#NULO";-1;"#NULO";"N";"N";-1;-1;"2026-08-04 11:54:14";8;"AGUARDANDO JULGAMENTO";"-1";"#NULO";"-1";"#NULO";-1;"#NULO";-1;"#NULO";-1;"#NULO";-1;"#NULO";"-1";"#NULO"
"15/08/2026";"19:30:51";2026;6259;250002536851;-3;"#NE";1;"BRASILEIRA NATA";-3;"SÃO PAULO";"85";"N";-1;"#NULO";"1270629.01";"#NE";"S";"-1";"06011381320266260000";"-3";"#NE";"-3";"#NE";"NÃO";"#NULO";-1;"#NULO";"N";"N";-1;-1;"2026-08-04 11:54:14";8;"AGUARDANDO JULGAMENTO";"-1";"#NULO";"-1";"#NULO";-1;"#NULO";-1;"#NULO";-1;"#NULO";-1;"#NULO";"-1";"#NULO"
"15/08/2026";"19:30:51";2026;6259;250002537945;-3;"#NE";1;"BRASILEIRA NATA";-3;"SÃO PAULO";"56";"N";-1;"#NULO";"3176572.53";"#NE";"N";"-1";"06012914620266260000";"-3";"#NE";"-3";"#NE";"NÃO";"#NULO";-1;"#NULO";"N";"N";-1;-1;"2026-08-05 15:07:31";8;"AGUARDANDO JULGAMENTO";"-1";"#NULO";"-1";"#NULO";-1;"#NULO";-1;"#NULO";-1;"#NULO";-1;"#NULO";"-1";"#NULO"
"15/08/2026";"19:30:51";2026;6259;250002537959;-3;"#NE";1;"BRASILEIRA NATA";-3;"SÃO PAULO";"57";"N";0;"NÃO INFORMADO";"3176572.53";"#NE";"S";"-1";"06013036020266260000";"-3";"#NE";"-3";"#NE";"NÃO";"#NULO";-1;"#NULO";"N";"N";-1;-1;"2026-08-05 15:07:31";8;"AGUARDANDO JULGAMENTO";"-1";"#NULO";"-1";"#NULO";-1;"#NULO";-1;"#NULO";-1;"#NULO";-1;"#NULO";"-1";"#NULO"
"15/08/2026";"19:30:51";2026;6259;250002537963;-3;"#NE";1;"BRASILEIRA NATA";-3;"SÃO JOSÉ DOS CAMPOS";"37";"N";-1;"#NULO";"3176572.53";"#NE";"S";"-1";"06012862420266260000";"-3";"#NE";"-3";"#NE";"NÃO";"#NULO";-1;"#NULO";"N";"N";-1;-1;"2026-08-05 15:07:31";8;"AGUARDANDO JULGAMENTO";"-1";"#NULO";"-1";"#NULO";-1;"#NULO";-1;"#NULO";-1;"#NULO";-1;"#NULO";"-1";"#NULO"
"15/08/2026";"19:30:51";2026;6259;250002537978;-3;"#NE";1;"BRASILEIRA NATA";-3;"MARÍLIA";"48";"N";-1;"#NULO";"3176572.53";"#NE";"S";"-1";"06013000820266260000";"-3";"#NE";"-3";"#NE";"NÃO";"#NULO";-1;"#NULO";"N";"N";-1;-1;"2026-08-05 15:07:31";8;"AGUARDANDO JULGAMENTO";"-1";"#NULO";"-1";"#NULO";-1;"#NULO";-1;"#NULO";-1;"#NULO";-1;"#NULO";"-1";"#NULO"
"15/08/2026";"19:30:51";2026;6259;250002537983;-3;"#NE";1;"BRASILEIRA NATA";-3;"OSASCO";"40";"N";0;"NÃO INFORMADO";"3176572.53";"#NE";"S";"-1";"06013019020266260000";"-3";"#NE";"-3";"#NE";"NÃO";"#NULO";-1;"#NULO";"N";"N";-1;-1;"2026-08-05 15:07:31";8;"AGUARDANDO JULGAMENTO";"-1";"#NULO";"-1";"#NULO";-1;"#NULO";-1;"#NULO";-1;"#NULO";-1;"#NULO";"-1";"#NULO"
"15/08/2026";"19:30:51";2026;6259;250002537987;-3;"#NE";1;"BRASILEIRA NATA";-3;"LAGO DA PEDRA";"38";"N";-1;"#NULO";"3176572.53";"#NE";"S";"-1";"06012992320266260000";"-3";"#NE";"-3";"#NE";"NÃO";"#NULO";-1;"#NULO";"N";"N";-1;-1;"2026-08-05 15:07:31";8;"AGUARDANDO JULGAMENTO";"-1";"#NULO";"-1";"#NULO";-1;"#NULO";-1;"#NULO";-1;"#NULO";-1;"#NULO";"-1";"#NULO"
"15/08/2026";"19:30:51";2026;6259;250002537986;-3;"#NE";1;"BRASILEIRA NATA";-3;"ARAPONGAS";"52";"N";0;"NÃO INFORMADO";"3176572.53";"#NE";"S";"-1";"06012836920266260000";"-3";"#NE";"-3";"#NE";"NÃO";"#NULO";-1;"#NULO";"N";"N";-1;-1;"2026-08-05 15:07:31";8;"AGUARDANDO JULGAMENTO";"-1";"#NULO";"-1";"#NULO";-1;"#NULO";-1;"#NULO";-1;"#NULO";-1;"#NULO";"-1";"#NULO"
"15/08/2026";"19:30:51";2026;6259;250002538897;-3;"#NE";1;"BRASILEIRA NATA";-3;"TIMÓTEO";"57";"N";0;"NÃO INFORMADO";"1270629.01";"#NE";"N";"-1";"06015028220266260000";"-3";"#NE";"-3";"#NE";"NÃO";"#NULO";-1;"#NULO";"N";"N";-1;-1;"2026-08-06 15:55:28";8;"AGUARDANDO JULGAMENTO";"-1";"#NULO";"-1";"#NULO";-1;"#NULO";-1;"#NULO";-1;"#NULO";-1;"#NULO";"-1";"#NULO"
"15/08/2026";"19:30:51";2026;6259;250002538898;-3;"#NE";1;"BRASILEIRA NATA";-3;"UBERABA";"36";"N";-1;"#NULO";"1270629.01";"#NE";"S";"-1";"06015322020266260000";"-3";"#NE";"-3";"#NE";"NÃO";"#NULO";-1;"#NULO";"N";"N";-1;-1;"2026-08-06 15:55:28";8;"AGUARDANDO JULGAMENTO";"-1";"#NULO";"-1";"#NULO";-1;"#NULO";-1;"#NULO";-1;"#NULO";-1;"#NULO";"-1";"#NULO"
"15/08/2026";"19:30:51";2026;6259;250002538903;-3;"#NE";1;"BRASILEIRA NATA";-3;"SOLÂNEA";"51";"N";-1;"#NULO";"1270629.01";"#NE";"N";"-1";"06015374220266260000";"-3";"#NE";"-3";"#NE";"NÃO";"#NULO";-1;"#NULO";"N";"N";-1;-1;"2026-08-06 15:55:28";8;"AGUARDANDO JULGAMENTO";"-1";"#NULO";"-1";"#NULO";-1;"#NULO";-1;"#NULO";-1;"#NULO";-1;"#NULO";"-1";"#NULO"
"15/08/2026";"19:30:51";2026;6259;250002538914;-3;"#NE";1;"BRASILEIRA NATA";-3;"LIMEIRA";"46";"N";0;"NÃO INFORMADO";"1270629.01";"#NE";"S";"-1";"06014915320266260000";"-3";"#NE";"-3";"#NE";"NÃO";"#NULO";-1;"#NULO";"N";"N";-1;-1;"2026-08-06 15:55:28";8;"AGUARDANDO JULGAMENTO";"-1";"#NULO";"-1";"#NULO";-1;"#NULO";-1;"#NULO";-1;"#NULO";-1;"#NULO";"-1";"#NULO"
"15/08/2026";"19:30:51";2026;6259;250002538918;-3;"#NE";1;"BRASILEIRA NATA";-3;"MOGI DAS CRUZES";"40";"N";-1;"#NULO";"1270629.01";"#NE";"S";"-1";"06015244320266260000";"-3";"#NE";"-3";"#NE";"NÃO";"#NULO";-1;"#NULO";"N";"N";-1;-1;"2026-08-06 15:55:28";8;"AGUARDANDO JULGAMENTO";"-1";"#NULO";"-1";"#NULO";-1;"#NULO";-1;"#NULO";-1;"#NULO";-1;"#NULO";"-1";"#NULO"
"15/08/2026";"19:30:51";2026;6259;250002538921;-3;"#NE";1;"BRASILEIRA NATA";-3;"TAMARANA";"71";"N";0;"NÃO INFORMADO";"1270629.01";"#NE";"S";"-1";"06015478620266260000";"-3";"#NE";"-3";"#NE";"NÃO";"#NULO";-1;"#NULO";"N";"N";-1;-1;"2026-08-06 15:55:28";8;"AGUARDANDO JULGAMENTO";"-1";"#NULO";"-1";"#NULO";-1;"#NULO";-1;"#NULO";-1;"#NULO";-1;"#NULO";"-1";"#NULO"
"15/08/2026";"19:30:51";2026;6259;250002538956;-3;"#NE";1;"BRASILEIRA NATA";-3;"SÃO PAULO";"42";"N";-1;"#NULO";"1270629.01";"#NE";"S";"-1";"06014793920266260000";"-3";"#NE";"-3";"#NE";"NÃO";"#NULO";-1;"#NULO";"N";"N";-1;-1;"2026-08-06 15:20:27";8;"AGUARDANDO JULGAMENTO";"-1";"#NULO";"-1";"#NULO";-1;"#NULO";-1;"#NULO";-1;"#NULO";-1;"#NULO";"-1";"#NULO"
"15/08/2026";"19:30:51";2026;6259;250002539267;-3;"#NE";1;"BRASILEIRA NATA";-3;"MOSSORÓ";"61";"N";-1;"#NULO";"1270629.01";"#NE";"S";"-1";"06013694020266260000";"-3";"#NE";"-3";"#NE";"NÃO";"#NULO";-1;"#NULO";"N";"N";-1;-1;"2026-08-06 14:28:06";8;"AGUARDANDO JULGAMENTO";"-1";"#NULO";"-1";"#NULO";-1;"#NULO";-1;"#NULO";-1;"#NULO";-1;"#NULO";"-1";"#NULO"
"15/08/2026";"19:30:51";2026;6259;250002539286;-3;"#NE";1;"BRASILEIRA NATA";-3;"RIO CLARO";"74";"N";-1;"#NULO";"1270629.01";"#NE";"S";"-1";"06013677020266260000";"-3";"#NE";"-3";"#NE";"NÃO";"#NULO";-1;"#NULO";"N";"N";-1;-1;"2026-08-06 14:28:06";8;"AGUARDANDO JULGAMENTO";"-1";"#NULO";"-1";"#NULO";-1;"#NULO";-1;"#NULO";-1;"#NULO";-1;"#NULO";"-1";"#NULO"
"15/08/2026";"19:30:51";2026;6259;250002539322;-3;"#NE";1;"BRASILEIRA NATA";-3;"TAQUARITINGA";"47";"N";-1;"#NULO";"1270629.01";"#NE";"S";"-1";"06013624820266260000";"-3";"#NE";"-3";"#NE";"NÃO";"#NULO";-1;"#NULO";"N";"N";-1;-1;"2026-08-06 14:28:06";8;"AGUARDANDO JULGAMENTO";"-1";"#NULO";"-1";"#NULO";-1;"#NULO";-1;"#NULO";-1;"#NULO";-1;"#NULO";"-1";"#NULO"
"15/08/2026";"19:30:51";2026;6259;250002539387;-3;"#NE";1;"BRASILEIRA NATA";-3;"SOBRAL";"77";"N";0;"NÃO INFORMADO";"3176572.53";"#NE";"S";"-1";"06014664020266260000";"-3";"#NE";"-3";"#NE";"NÃO";"#NULO";-1;"#NULO";"N";"N";-1;-1;"2026-08-06 14:46:28";8;"AGUARDANDO JULGAMENTO";"-1";"#NULO";"-1";"#NULO";-1;"#NULO";-1;"#NULO";-1;"#NULO";-1;"#NULO";"-1";"#NULO"
"15/08/2026";"19:30:51";2026;6259;250002539391;-3;"#NE";1;"BRASILEIRA NATA";-3;"PATO BRANCO";"44";"N";0;"NÃO INFORMADO";"3176572.53";"#NE";"S";"-1";"06014724720266260000";"-3";"#NE";"-3";"#NE";"NÃO";"#NULO";-1;"#NULO";"N";"N";-1;-1;"2026-08-06 14:46:28";8;"AGUARDANDO JULGAMENTO";"-1";"#NULO";"-1";"#NULO";-1;"#NULO";-1;"#NULO";-1;"#NULO";-1;"#NULO";"-1";"#NULO"
"15/08/2026";"19:30:51";2026;6259;250002539402;-3;"#NE";1;"BRASILEIRA NATA";-3;"ITARARÉ";"54";"N";0;"NÃO INFORMADO";"3176572.53";"#NE";"S";"-1";"06014352020266260000";"-3";"#NE";"-3";"#NE";"NÃO";"#NULO";-1;"#NULO";"N";"N";-1;-1;"2026-08-06 14:46:28";8;"AGUARDANDO JULGAMENTO";"-1";"#NULO";"-1";"#NULO";-1;"#NULO";-1;"#NULO";-1;"#NULO";-1;"#NULO";"-1";"#NULO"
"15/08/2026";"19:30:51";2026;6259;250002539401;-3;"#NE";1;"BRASILEIRA NATA";-3;"ITAQUAQUECETUBA";"48";"N";-1;"#NULO";"3176572.53";"#NE";"S";"-1";"06014127420266260000";"-3";"#NE";"-3";"#NE";"NÃO";"#NULO";-1;"#NULO";"N";"N";-1;-1;"2026-08-06 14:46:28";8;"AGUARDANDO JULGAMENTO";"-1";"#NULO";"-1";"#NULO";-1;"#NULO";-1;"#NULO";-1;"#NULO";-1;"#NULO";"-1";"#NULO"
"15/08/2026";"19:30:51";2026;6259;250002539403;-3;"#NE";1;"BRASILEIRA NATA";-3;"LINS";"57";"N";0;"NÃO INFORMADO";"3176572.53";"#NE";"S";"-1";"06014750220266260000";"-3";"#NE";"-3";"#NE";"NÃO";"#NULO";-1;"#NULO";"N";"N";-1;-1;"2026-08-06 14:46:28";8;"AGUARDANDO JULGAMENTO";"-1";"#NULO";"-1";"#NULO";-1;"#NULO";-1;"#NULO";-1;"#NULO";-1;"#NULO";"-1";"#NULO"
"15/08/2026";"19:30:51";2026;6259;250002539409;-3;"#NE";1;"BRASILEIRA NATA";-3;"OSASCO";"42";"N";-1;"#NULO";"3176572.53";"#NE";"S";"-1";"06014741720266260000";"-3";"#NE";"-3";"#NE";"NÃO";"#NULO";-1;"#NULO";"N";"N";-1;-1;"2026-08-06 14:46:28";8;"AGUARDANDO JULGAMENTO";"-1";"#NULO";"-1";"#NULO";-1;"#NULO";-1;"#NULO";-1;"#NULO";-1;"#NULO";"-1";"#NULO"
"15/08/2026";"19:30:51";2026;6259;250002539412;-3;"#NE";1;"BRASILEIRA NATA";-3;"OURINHOS";"34";"N";0;"NÃO INFORMADO";"3176572.53";"#NE";"S";"-1";"06014326520266260000";"-3";"#NE";"-3";"#NE";"NÃO";"#NULO";-1;"#NULO";"N";"N";-1;-1;"2026-08-06 14:46:28";8;"AGUARDANDO JULGAMENTO";"-1";"#NULO";"-1";"#NULO";-1;"#NULO";-1;"#NULO";-1;"#NULO";-1;"#NULO";"-1";"#NULO"
"15/08/2026";"19:30:51";2026;6259;250002539422;-3;"#NE";1;"BRASILEIRA NATA";-3;"ARUJÁ";"35";"N";-1;"#NULO";"3176572.53";"#NE";"S";"-1";"06014196620266260000";"-3";"#NE";"-3";"#NE";"NÃO";"#NULO";-1;"#NULO";"N";"N";-1;-1;"2026-08-06 14:46:28";8;"AGUARDANDO JULGAMENTO";"-1";"#NULO";"-1";"#NULO";-1;"#NULO";-1;"#NULO";-1;"#NULO";-1;"#NULO";"-1";"#NULO"
"15/08/2026";"19:30:51";2026;6259;250002539426;-3;"#NE";1;"BRASILEIRA NATA";-3;"CACONDE";"37";"N";-1;"#NULO";"3176572.53";"#NE";"S";"-1";"06014733220266260000";"-3";"#NE";"-3";"#NE";"NÃO";"#NULO";-1;"#NULO";"N";"N";-1;-1;"2026-08-06 14:46:28";8;"AGUARDANDO JULGAMENTO";"-1";"#NULO";"-1";"#NULO";-1;"#NULO";-1;"#NULO";-1;"#NULO";-1;"#NULO";"-1";"#NULO"
"15/08/2026";"19:30:51";2026;6259;250002539431;-3;"#NE";1;"BRASILEIRA NATA";-3;"RIBEIRÃO PRETO";"69";"N";0;"NÃO INFORMADO";"3176572.53";"#NE";"S";"-1";"06014265820266260000";"-3";"#NE";"-3";"#NE";"NÃO";"#NULO";-1;"#NULO";"N";"N";-1;-1;"2026-08-06 14:46:28";8;"AGUARDANDO JULGAMENTO";"-1";"#NULO";"-1";"#NULO";-1;"#NULO";-1;"#NULO";-1;"#NULO";-1;"#NULO";"-1";"#NULO"
"15/08/2026";"19:30:51";2026;6259;250002539433;-3;"#NE";1;"BRASILEIRA NATA";-3;"SÃO BERNARDO DO CAMPO";"51";"N";-1;"#NULO";"3176572.53";"#NE";"S";"-1";"06014213620266260000";"-3";"#NE";"-3";"#NE";"NÃO";"#NULO";-1;"#NULO";"N";"N";-1;-1;"2026-08-06 14:46:28";8;"AGUARDANDO JULGAMENTO";"-1";"#NULO";"-1";"#NULO";-1;"#NULO";-1;"#NULO";-1;"#NULO";-1;"#NULO";"-1";"#NULO"
"15/08/2026";"19:30:51";2026;6259;250002539441;-3;"#NE";1;"BRASILEIRA NATA";-3;"SÃO PAULO";"64";"N";-1;"#NULO";"3176572.53";"#NE";"S";"-1";"06014309520266260000";"-3";"#NE";"-3";"#NE";"NÃO";"#NULO";-1;"#NULO";"N";"N";-1;-1;"2026-08-06 14:46:28";8;"AGUARDANDO JULGAMENTO";"-1";"#NULO";"-1";"#NULO";-1;"#NULO";-1;"#NULO";-1;"#NULO";-1;"#NULO";"-1";"#NULO"
"15/08/2026";"19:30:51";2026;6259;250002539447;-3;"#NE";1;"BRASILEIRA NATA";-3;"SÃO PAULO";"63";"N";-1;"#NULO";"3176572.53";"#NE";"S";"-1";"06014638520266260000";"-3";"#NE";"-3";"#NE";"NÃO";"#NULO";-1;"#NULO";"N";"N";-1;-1;"2026-08-06 14:46:28";8;"AGUARDANDO JULGAMENTO";"-1";"#NULO";"-1";"#NULO";-1;"#NULO";-1;"#NULO";-1;"#NULO";-1;"#NULO";"-1";"#NULO"
"15/08/2026";"19:30:51";2026;6259;250002539445;-3;"#NE";1;"BRASILEIRA NATA";-3;"SÃO PAULO";"79";"N";-1;"#NULO";"3176572.53";"#NE";"S";"-1";"06014135920266260000";"-3";"#NE";"-3";"#NE";"NÃO";"#NULO";-1;"#NULO";"N";"N";-1;-1;"2026-08-06 14:46:28";8;"AGUARDANDO JULGAMENTO";"-1";"#NULO";"-1";"#NULO";-1;"#NULO";-1;"#NULO";-1;"#NULO";-1;"#NULO";"-1";"#NULO"
"15/08/2026";"19:30:51";2026;6259;250002539448;-3;"#NE";1;"BRASILEIRA NATA";-3;"SÃO PAULO";"58";"N";-1;"#NULO";"3176572.53";"#NE";"S";"-1";"06014404220266260000";"-3";"#NE";"-3";"#NE";"NÃO";"#NULO";-1;"#NULO";"N";"N";-1;-1;"2026-08-06 14:46:28";8;"AGUARDANDO JULGAMENTO";"-1";"#NULO";"-1";"#NULO";-1;"#NULO";-1;"#NULO";-1;"#NULO";-1;"#NULO";"-1";"#NULO"
"15/08/2026";"19:30:51";2026;6259;250002539613;-3;"#NE";1;"BRASILEIRA NATA";-3;"BIRIGUI";"66";"N";-1;"#NULO";"3176572.53";"#NE";"S";"-1";"06015755420266260000";"-3";"#NE";"-3";"#NE";"NÃO";"#NULO";-1;"#NULO";"N";"N";-1;-1;"2026-08-06 17:34:34";8;"AGUARDANDO JULGAMENTO";"-1";"#NULO";"-1";"#NULO";-1;"#NULO";-1;"#NULO";-1;"#NULO";-1;"#NULO";"-1";"#NULO"
"15/08/2026";"19:30:51";2026;6259;250002539614;-3;"#NE";1;"BRASILEIRA NATA";-3;"ENGENHEIRO CALDAS";"68";"N";-1;"#NULO";"3176572.53";"#NE";"S";"-1";"06015720220266260000";"-3";"#NE";"-3";"#NE";"NÃO";"#NULO";-1;"#NULO";"N";"N";-1;-1;"2026-08-06 17:34:34";8;"AGUARDANDO JULGAMENTO";"-1";"#NULO";"-1";"#NULO";-1;"#NULO";-1;"#NULO";-1;"#NULO";-1;"#NULO";"-1";"#NULO"
"15/08/2026";"19:30:51";2026;6259;250002539615;-3;"#NE";1;"BRASILEIRA NATA";-3;"RIBEIRÃO PRETO";"83";"N";-1;"#NULO";"3176572.53";"#NE";"S";"-1";"06015859820266260000";"-3";"#NE";"-3";"#NE";"NÃO";"#NULO";-1;"#NULO";"N";"N";-1;-1;"2026-08-06 17:34:34";8;"AGUARDANDO JULGAMENTO";"-1";"#NULO";"-1";"#NULO";-1;"#NULO";-1;"#NULO";-1;"#NULO";-1;"#NULO";"-1";"#NULO"
"15/08/2026";"19:30:51";2026;6259;250002539937;-3;"#NE";1;"BRASILEIRA NATA";-3;"SANTOS";"47";"N";-1;"#NULO";"1270629.01";"#NE";"S";"-1";"06015149620266260000";"-3";"#NE";"-3";"#NE";"NÃO";"#NULO";-1;"#NULO";"N";"N";-1;-1;"2026-08-06 15:55:28";8;"AGUARDANDO JULGAMENTO";"-1";"#NULO";"-1";"#NULO";-1;"#NULO";-1;"#NULO";-1;"#NULO";-1;"#NULO";"-1";"#NULO"
"15/08/2026";"19:30:51";2026;6259;250002539938;-3;"#NE";1;"BRASILEIRA NATA";-3;"SÃO BERNARDO DO CAMPO";"47";"N";-1;"#NULO";"1270629.01";"#NE";"S";"-1";"06015451920266260000";"-3";"#NE";"-3";"#NE";"NÃO";"#NULO";-1;"#NULO";"N";"N";-1;-1;"2026-08-06 15:55:28";8;"AGUARDANDO JULGAMENTO";"-1";"#NULO";"-1";"#NULO";-1;"#NULO";-1;"#NULO";-1;"#NULO";-1;"#NULO";"-1";"#NULO"
"15/08/2026";"19:30:51";2026;6259;250002539947;-3;"#NE";1;"BRASILEIRA NATA";-3;"SÃO PAULO";"65";"N";-1;"#NULO";"1270629.01";"#NE";"S";"-1";"06015365720266260000";"-3";"#NE";"-3";"#NE";"NÃO";"#NULO";-1;"#NULO";"N";"N";-1;-1;"2026-08-06 15:55:28";8;"AGUARDANDO JULGAMENTO";"-1";"#NULO";"-1";"#NULO";-1;"#NULO";-1;"#NULO";-1;"#NULO";-1;"#NULO";"-1";"#NULO"
"15/08/2026";"19:30:51";2026;6259;250002539946;-3;"#NE";1;"BRASILEIRA NATA";-3;"SÃO PAULO";"50";"N";-1;"#NULO";"1270629.01";"#NE";"N";"-1";"06014932320266260000";"-3";"#NE";"-3";"#NE";"NÃO";"#NULO";-1;"#NULO";"N";"N";-1;-1;"2026-08-06 15:55:28";8;"AGUARDANDO JULGAMENTO";"-1";"#NULO";"-1";"#NULO";-1;"#NULO";-1;"#NULO";-1;"#NULO";-1;"#NULO";"-1";"#NULO"
"15/08/2026";"19:30:51";2026;6259;250002539945;-3;"#NE";1;"BRASILEIRA NATA";-3;"SÃO PAULO";"40";"N";-1;"#NULO";"1270629.01";"#NE";"N";"-1";"06014898320266260000";"-3";"#NE";"-3";"#NE";"NÃO";"#NULO";-1;"#NULO";"N";"N";-1;-1;"2026-08-06 15:55:28";8;"AGUARDANDO JULGAMENTO";"-1";"#NULO";"-1";"#NULO";-1;"#NULO";-1;"#NULO";-1;"#NULO";-1;"#NULO";"-1";"#NULO"
"15/08/2026";"19:30:51";2026;6259;250002539948;-3;"#NE";1;"BRASILEIRA NATA";-3;"SÃO PAULO";"47";"N";-1;"#NULO";"1270629.01";"#NE";"S";"-1";"06014906820266260000";"-3";"#NE";"-3";"#NE";"NÃO";"#NULO";-1;"#NULO";"N";"N";-1;-1;"2026-08-06 15:55:28";8;"AGUARDANDO JULGAMENTO";"-1";"#NULO";"-1";"#NULO";-1;"#NULO";-1;"#NULO";-1;"#NULO";-1;"#NULO";"-1";"#NULO"
"15/08/2026";"19:30:51";2026;6259;250002539953;-3;"#NE";1;"BRASILEIRA NATA";-3;"SÃO PAULO";"56";"N";0;"NÃO INFORMADO";"1270629.01";"#NE";"N";"-1";"06015235820266260000";"-3";"#NE";"-3";"#NE";"NÃO";"#NULO";-1;"#NULO";"N";"N";-1;-1;"2026-08-06 15:55:28";8;"AGUARDANDO JULGAMENTO";"-1";"#NULO";"-1";"#NULO";-1;"#NULO";-1;"#NULO";-1;"#NULO";-1;"#NULO";"-1";"#NULO"
"15/08/2026";"19:30:51";2026;6259;250002540567;-3;"#NE";1;"BRASILEIRA NATA";-3;"TURIÚBA";"65";"N";0;"NÃO INFORMADO";"1270629.01";"#NE";"S";"-1";"06016214320266260000";"-3";"#NE";"-3";"#NE";"NÃO";"#NULO";-1;"#NULO";"N";"N";-1;-1;"2026-08-07 12:07:18";8;"AGUARDANDO JULGAMENTO";"-1";"#NULO";"-1";"#NULO";-1;"#NULO";-1;"#NULO";-1;"#NULO";-1;"#NULO";"-1";"#NULO"
"15/08/2026";"19:30:51";2026;6259;250002540566;-3;"#NE";2;"BRASILEIRA (NATURALIZADA)";-3;"SÃO BERNARDO DO CAMPO";"42";"N";-1;"#NULO";"1270629.01";"#NE";"N";"-1";"06016249520266260000";"-3";"#NE";"-3";"#NE";"NÃO";"#NULO";-1;"#NULO";"N";"N";-1;-1;"2026-08-07 12:07:18";8;"AGUARDANDO JULGAMENTO";"-1";"#NULO";"-1";"#NULO";-1;"#NULO";-1;"#NULO";-1;"#NULO";-1;"#NULO";"-1";"#NULO"
"15/08/2026";"19:30:51";2026;6259;250002540898;-3;"#NE";1;"BRASILEIRA NATA";-3;"CATANDUVA";"49";"N";0;"NÃO INFORMADO";"1270629.01";"#NE";"S";"-1";"06016448620266260000";"-3";"#NE";"-3";"#NE";"NÃO";"#NULO";-1;"#NULO";"N";"N";-1;-1;"2026-08-07 12:07:18";8;"AGUARDANDO JULGAMENTO";"-1";"#NULO";"-1";"#NULO";-1;"#NULO";-1;"#NULO";-1;"#NULO";-1;"#NULO";"-1";"#NULO"
"15/08/2026";"19:30:51";2026;6259;250002541095;-3;"#NE";1;"BRASILEIRA NATA";-3;"ARAÇATUBA";"76";"N";0;"NÃO INFORMADO";"3176572.53";"#NE";"S";"-1";"06017219520266260000";"-3";"#NE";"-3";"#NE";"NÃO";"#NULO";-1;"#NULO";"N";"N";-1;-1;"2026-08-07 12:15:27";8;"AGUARDANDO JULGAMENTO";"-1";"#NULO";"-1";"#NULO";-1;"#NULO";-1;"#NULO";-1;"#NULO";-1;"#NULO";"-1";"#NULO"
"15/08/2026";"19:30:51";2026;6259;250002541105;-3;"#NE";1;"BRASILEIRA NATA";-3;"SÃO PAULO";"43";"N";0;"NÃO INFORMADO";"3176572.53";"#NE";"N";"-1";"06017643220266260000";"-3";"#NE";"-3";"#NE";"NÃO";"#NULO";-1;"#NULO";"N";"N";-1;-1;"2026-08-07 12:15:27";8;"AGUARDANDO JULGAMENTO";"-1";"#NULO";"-1";"#NULO";-1;"#NULO";-1;"#NULO";-1;"#NULO";-1;"#NULO";"-1";"#NULO"
"15/08/2026";"19:30:51";2026;6259;250002541109;-3;"#NE";1;"BRASILEIRA NATA";-3;"RIBEIRÃO PRETO";"62";"N";0;"NÃO INFORMADO";"3176572.53";"#NE";"S";"-1";"06017115120266260000";"-3";"#NE";"-3";"#NE";"NÃO";"#NULO";-1;"#NULO";"N";"N";-1;-1;"2026-08-07 12:15:27";8;"AGUARDANDO JULGAMENTO";"-1";"#NULO";"-1";"#NULO";-1;"#NULO";-1;"#NULO";-1;"#NULO";-1;"#NULO";"-1";"#NULO"
"15/08/2026";"19:30:51";2026;6259;250002541117;-3;"#NE";1;"BRASILEIRA NATA";-3;"SÃO PAULO";"45";"N";0;"NÃO INFORMADO";"3176572.53";"#NE";"S";"-1";"06017089620266260000";"-3";"#NE";"-3";"#NE";"NÃO";"#NULO";-1;"#NULO";"N";"N";-1;-1;"2026-08-07 12:15:27";8;"AGUARDANDO JULGAMENTO";"-1";"#NULO";"-1";"#NULO";-1;"#NULO";-1;"#NULO";-1;"#NULO";-1;"#NULO";"-1";"#NULO"
"15/08/2026";"19:30:51";2026;6259;250002541144;-3;"#NE";1;"BRASILEIRA NATA";-3;"SÃO PAULO";"41";"N";0;"NÃO INFORMADO";"3176572.53";"#NE";"N";"-1";"06017297220266260000";"-3";"#NE";"-3";"#NE";"NÃO";"#NULO";-1;"#NULO";"N";"N";-1;-1;"2026-08-07 12:15:27";8;"AGUARDANDO JULGAMENTO";"-1";"#NULO";"-1";"#NULO";-1;"#NULO";-1;"#NULO";-1;"#NULO";-1;"#NULO";"-1";"#NULO"
"15/08/2026";"19:30:51";2026;6259;250002541146;-3;"#NE";1;"BRASILEIRA NATA";-3;"MOGI GUAÇU";"43";"N";-1;"#NULO";"3176572.53";"#NE";"S";"-1";"06017444120266260000";"-3";"#NE";"-3";"#NE";"NÃO";"#NULO";-1;"#NULO";"N";"N";-1;-1;"2026-08-07 12:15:27";8;"AGUARDANDO JULGAMENTO";"-1";"#NULO";"-1";"#NULO";-1;"#NULO";-1;"#NULO";-1;"#NULO";-1;"#NULO";"-1";"#NULO"
"15/08/2026";"19:30:51";2026;6259;250002541161;-3;"#NE";1;"BRASILEIRA NATA";-3;"IPUEIRAS";"56";"N";-1;"#NULO";"3176572.53";"#NE";"S";"-1";"06017660220266260000";"-3";"#NE";"-3";"#NE";"NÃO";"#NULO";-1;"#NULO";"N";"N";-1;-1;"2026-08-07 12:15:27";8;"AGUARDANDO JULGAMENTO";"-1";"#NULO";"-1";"#NULO";-1;"#NULO";-1;"#NULO";-1;"#NULO";-1;"#NULO";"-1";"#NULO"
"15/08/2026";"19:30:51";2026;6259;250002541308;-3;"#NE";1;"BRASILEIRA NATA";-3;"GUARAREMA";"57";"N";-1;"#NULO";"7115522.46";"#NE";"S";"-1";"06018673920266260000";"-3";"#NE";"-3";"#NE";"NÃO";"#NULO";-1;"#NULO";"N";"N";-1;-1;"2026-08-07 18:01:41";8;"AGUARDANDO JULGAMENTO";"-1";"#NULO";"-1";"#NULO";-1;"#NULO";-1;"#NULO";-1;"#NULO";-1;"#NULO";"-1";"#NULO"
"15/08/2026";"19:30:51";2026;6259;250002541364;-3;"#NE";1;"BRASILEIRA NATA";-3;"SÃO PAULO";"40";"N";-1;"#NULO";"-1";"#NE";"S";"-1";"06017825320266260000";"-3";"#NE";"-3";"#NE";"NÃO";"#NULO";-1;"#NULO";"N";"N";-1;-1;"2026-08-07 14:24:24";8;"AGUARDANDO JULGAMENTO";"-1";"#NULO";"-1";"#NULO";-1;"#NULO";-1;"#NULO";-1;"#NULO";-1;"#NULO";"-1";"#NULO"
"15/08/2026";"19:30:51";2026;6259;250002541852;-3;"#NE";1;"BRASILEIRA NATA";-3;"ORLÂNDIA";"55";"N";0;"NÃO INFORMADO";"1270629.01";"#NE";"S";"-1";"06018102120266260000";"-3";"#NE";"-3";"#NE";"NÃO";"#NULO";-1;"#NULO";"N";"N";-1;-1;"2026-08-07 16:31:02";8;"AGUARDANDO JULGAMENTO";"-1";"#NULO";"-1";"#NULO";-1;"#NULO";-1;"#NULO";-1;"#NULO";-1;"#NULO";"-1";"#NULO"
"15/08/2026";"19:30:51";2026;6259;250002541854;-3;"#NE";1;"BRASILEIRA NATA";-3;"ITÁPOLIS";"42";"N";-1;"#NULO";"1270629.01";"#NE";"S";"-1";"06018361920266260000";"-3";"#NE";"-3";"#NE";"NÃO";"#NULO";-1;"#NULO";"N";"N";-1;-1;"2026-08-07 16:31:02";8;"AGUARDANDO JULGAMENTO";"-1";"#NULO";"-1";"#NULO";-1;"#NULO";-1;"#NULO";-1;"#NULO";-1;"#NULO";"-1";"#NULO"
"15/08/2026";"19:30:51";2026;6259;250002541858;-3;"#NE";1;"BRASILEIRA NATA";-3;"SANTO ANDRÉ";"54";"N";-1;"#NULO";"1270629.01";"#NE";"N";"-1";"06018171320266260000";"-3";"#NE";"-3";"#NE";"NÃO";"#NULO";-1;"#NULO";"N";"N";-1;-1;"2026-08-07 16:31:02";8;"AGUARDANDO JULGAMENTO";"-1";"#NULO";"-1";"#NULO";-1;"#NULO";-1;"#NULO";-1;"#NULO";-1;"#NULO";"-1";"#NULO"
"15/08/2026";"19:30:51";2026;6259;250002541862;-3;"#NE";1;"BRASILEIRA NATA";-3;"CORUMBÁ";"55";"N";-1;"#NULO";"1270629.01";"#NE";"S";"-1";"06018085120266260000";"-3";"#NE";"-3";"#NE";"NÃO";"#NULO";-1;"#NULO";"N";"N";-1;-1;"2026-08-07 16:31:02";8;"AGUARDANDO JULGAMENTO";"-1";"#NULO";"-1";"#NULO";-1;"#NULO";-1;"#NULO";-1;"#NULO";-1;"#NULO";"-1";"#NULO"
"15/08/2026";"19:30:51";2026;6259;250002541875;-3;"#NE";1;"BRASILEIRA NATA";-3;"CASA BRANCA";"36";"N";-1;"#NULO";"1270629.01";"#NE";"N";"-1";"06018457820266260000";"-3";"#NE";"-3";"#NE";"NÃO";"#NULO";-1;"#NULO";"N";"N";-1;-1;"2026-08-07 16:31:02";8;"AGUARDANDO JULGAMENTO";"-1";"#NULO";"-1";"#NULO";-1;"#NULO";-1;"#NULO";-1;"#NULO";-1;"#NULO";"-1";"#NULO"
"15/08/2026";"19:30:51";2026;6259;250002541877;-3;"#NE";1;"BRASILEIRA NATA";-3;"TAUBATÉ";"62";"N";0;"NÃO INFORMADO";"1270629.01";"#NE";"S";"-1";"06018544020266260000";"-3";"#NE";"-3";"#NE";"NÃO";"#NULO";-1;"#NULO";"N";"N";-1;-1;"2026-08-07 16:31:02";8;"AGUARDANDO JULGAMENTO";"-1";"#NULO";"-1";"#NULO";-1;"#NULO";-1;"#NULO";-1;"#NULO";-1;"#NULO";"-1";"#NULO"
"15/08/2026";"19:30:51";2026;6259;250002541878;-3;"#NE";1;"BRASILEIRA NATA";-3;"CRATEÚS";"44";"N";-1;"#NULO";"1270629.01";"#NE";"S";"-1";"06018093620266260000";"-3";"#NE";"-3";"#NE";"NÃO";"#NULO";-1;"#NULO";"N";"N";-1;-1;"2026-08-07 16:31:02";8;"AGUARDANDO JULGAMENTO";"-1";"#NULO";"-1";"#NULO";-1;"#NULO";-1;"#NULO";-1;"#NULO";-1;"#NULO";"-1";"#NULO"
"15/08/2026";"19:30:51";2026;6259;250002541897;-3;"#NE";1;"BRASILEIRA NATA";-3;"LIMOEIRO";"55";"N";-1;"#NULO";"1270629.01";"#NE";"N";"-1";"06018336420266260000";"-3";"#NE";"-3";"#NE";"NÃO";"#NULO";-1;"#NULO";"N";"N";-1;-1;"2026-08-07 16:31:02";8;"AGUARDANDO JULGAMENTO";"-1";"#NULO";"-1";"#NULO";-1;"#NULO";-1;"#NULO";-1;"#NULO";-1;"#NULO";"-1";"#NULO"
"15/08/2026";"19:30:51";2026;6259;250002541900;-3;"#NE";1;"BRASILEIRA NATA";-3;"SÃO PAULO";"38";"N";-1;"#NULO";"1270629.01";"#NE";"S";"-1";"06018431120266260000";"-3";"#NE";"-3";"#NE";"NÃO";"#NULO";-1;"#NULO";"N";"N";-1;-1;"2026-08-07 16:31:02";8;"AGUARDANDO JULGAMENTO";"-1";"#NULO";"-1";"#NULO";-1;"#NULO";-1;"#NULO";-1;"#NULO";-1;"#NULO";"-1";"#NULO"
"15/08/2026";"19:30:51";2026;6259;250002541899;-3;"#NE";1;"BRASILEIRA NATA";-3;"SÃO VICENTE";"49";"N";-1;"#NULO";"1270629.01";"#NE";"S";"-1";"06018474820266260000";"-3";"#NE";"-3";"#NE";"NÃO";"#NULO";-1;"#NULO";"N";"N";-1;-1;"2026-08-07 16:31:02";8;"AGUARDANDO JULGAMENTO";"-1";"#NULO";"-1";"#NULO";-1;"#NULO";-1;"#NULO";-1;"#NULO";-1;"#NULO";"-1";"#NULO"
"15/08/2026";"19:30:51";2026;6259;250002541903;-3;"#NE";1;"BRASILEIRA NATA";-3;"FORTALEZA";"79";"N";-1;"#NULO";"1270629.01";"#NE";"S";"-1";"06018292720266260000";"-3";"#NE";"-3";"#NE";"NÃO";"#NULO";-1;"#NULO";"N";"N";-1;-1;"2026-08-07 16:31:02";8;"AGUARDANDO JULGAMENTO";"-1";"#NULO";"-1";"#NULO";-1;"#NULO";-1;"#NULO";-1;"#NULO";-1;"#NULO";"-1";"#NULO"
"15/08/2026";"19:30:51";2026;6259;250002541905;-3;"#NE";1;"BRASILEIRA NATA";-3;"SÃO PAULO";"48";"N";0;"NÃO INFORMADO";"1270629.01";"#NE";"S";"-1";"06018206520266260000";"-3";"#NE";"-3";"#NE";"NÃO";"#NULO";-1;"#NULO";"N";"N";-1;-1;"2026-08-07 16:31:02";8;"AGUARDANDO JULGAMENTO";"-1";"#NULO";"-1";"#NULO";-1;"#NULO";-1;"#NULO";-1;"#NULO";-1;"#NULO";"-1";"#NULO"
"15/08/2026";"19:30:51";2026;6259;250002544322;-3;"#NE";1;"BRASILEIRA NATA";-3;"SÃO PAULO";"43";"N";0;"NÃO INFORMADO";"3176572.53";"#NE";"S";"-1";"06019029620266260000";"-3";"#NE";"-3";"#NE";"NÃO";"#NULO";-1;"#NULO";"N";"N";-1;-1;"2026-08-10 12:49:56";8;"AGUARDANDO JULGAMENTO";"-1";"#NULO";"-1";"#NULO";-1;"#NULO";-1;"#NULO";-1;"#NULO";-1;"#NULO";"-1";"#NULO"
"15/08/2026";"19:30:51";2026;6259;250002544325;-3;"#NE";1;"BRASILEIRA NATA";-3;"SÃO PAULO";"45";"N";-1;"#NULO";"3176572.53";"#NE";"S";"-1";"06019419320266260000";"-3";"#NE";"-3";"#NE";"NÃO";"#NULO";-1;"#NULO";"N";"N";-1;-1;"2026-08-10 12:49:56";8;"AGUARDANDO JULGAMENTO";"-1";"#NULO";"-1";"#NULO";-1;"#NULO";-1;"#NULO";-1;"#NULO";-1;"#NULO";"-1";"#NULO"
"15/08/2026";"19:30:51";2026;6259;250002544331;-3;"#NE";1;"BRASILEIRA NATA";-3;"SÃO PAULO";"52";"N";-1;"#NULO";"3176572.53";"#NE";"N";"-1";"06019323420266260000";"-3";"#NE";"-3";"#NE";"NÃO";"#NULO";-1;"#NULO";"N";"N";-1;-1;"2026-08-10 12:49:56";8;"AGUARDANDO JULGAMENTO";"-1";"#NULO";"-1";"#NULO";-1;"#NULO";-1;"#NULO";-1;"#NULO";-1;"#NULO";"-1";"#NULO"
"15/08/2026";"19:30:51";2026;6259;250002544346;-3;"#NE";1;"BRASILEIRA NATA";-3;"SÃO PAULO";"40";"N";0;"NÃO INFORMADO";"3176572.53";"#NE";"S";"-1";"06018899720266260000";"-3";"#NE";"-3";"#NE";"NÃO";"#NULO";-1;"#NULO";"N";"N";-1;-1;"2026-08-10 12:49:56";8;"AGUARDANDO JULGAMENTO";"-1";"#NULO";"-1";"#NULO";-1;"#NULO";-1;"#NULO";-1;"#NULO";-1;"#NULO";"-1";"#NULO"
"15/08/2026";"19:30:51";2026;6259;250002544351;-3;"#NE";1;"BRASILEIRA NATA";-3;"JAÚ";"42";"N";-1;"#NULO";"3176572.53";"#NE";"S";"-1";"06019384120266260000";"-3";"#NE";"-3";"#NE";"NÃO";"#NULO";-1;"#NULO";"N";"N";-1;-1;"2026-08-10 12:49:56";8;"AGUARDANDO JULGAMENTO";"-1";"#NULO";"-1";"#NULO";-1;"#NULO";-1;"#NULO";-1;"#NULO";-1;"#NULO";"-1";"#NULO"
"15/08/2026";"19:30:51";2026;6259;250002544369;-3;"#NE";1;"BRASILEIRA NATA";-3;"QUIPAPÁ";"47";"N";-1;"#NULO";"3176572.53";"#NE";"S";"-1";"06019002920266260000";"-3";"#NE";"-3";"#NE";"NÃO";"#NULO";-1;"#NULO";"N";"N";-1;-1;"2026-08-10 12:49:56";8;"AGUARDANDO JULGAMENTO";"-1";"#NULO";"-1";"#NULO";-1;"#NULO";-1;"#NULO";-1;"#NULO";-1;"#NULO";"-1";"#NULO"
"15/08/2026";"19:30:51";2026;6259;250002544836;-3;"#NE";1;"BRASILEIRA NATA";-3;"ITAINÓPOLIS";"56";"N";-1;"#NULO";"3176572.53";"#NE";"S";"-1";"06019141320266260000";"-3";"#NE";"-3";"#NE";"NÃO";"#NULO";-1;"#NULO";"N";"N";-1;-1;"2026-08-10 12:49:56";8;"AGUARDANDO JULGAMENTO";"-1";"#NULO";"-1";"#NULO";-1;"#NULO";-1;"#NULO";-1;"#NULO";-1;"#NULO";"-1";"#NULO"
"15/08/2026";"19:30:51";2026;6259;250002544995;-3;"#NE";1;"BRASILEIRA NATA";-3;"CAMPINAS";"24";"N";-1;"#NULO";"1270629.01";"#NE";"N";"-1";"06020752320266260000";"-3";"#NE";"-3";"#NE";"NÃO";"#NULO";-1;"#NULO";"N";"N";-1;-1;"2026-08-10 16:16:08";8;"AGUARDANDO JULGAMENTO";"-1";"#NULO";"-1";"#NULO";-1;"#NULO";-1;"#NULO";-1;"#NULO";-1;"#NULO";"-1";"#NULO"
"15/08/2026";"19:30:51";2026;6259;250002544997;-3;"#NE";1;"BRASILEIRA NATA";-3;"SÃO PAULO";"26";"N";-1;"#NULO";"1270629.01";"#NE";"S";"-1";"06021038820266260000";"-3";"#NE";"-3";"#NE";"NÃO";"#NULO";-1;"#NULO";"N";"N";-1;-1;"2026-08-10 16:16:08";8;"AGUARDANDO JULGAMENTO";"-1";"#NULO";"-1";"#NULO";-1;"#NULO";-1;"#NULO";-1;"#NULO";-1;"#NULO";"-1";"#NULO"
"15/08/2026";"19:30:51";2026;6259;250002544999;-3;"#NE";1;"BRASILEIRA NATA";-3;"SÃO PAULO";"48";"N";-1;"#NULO";"1270629.01";"#NE";"S";"-1";"06020743820266260000";"-3";"#NE";"-3";"#NE";"NÃO";"#NULO";-1;"#NULO";"N";"N";-1;-1;"2026-08-10 16:16:08";8;"AGUARDANDO JULGAMENTO";"-1";"#NULO";"-1";"#NULO";-1;"#NULO";-1;"#NULO";-1;"#NULO";-1;"#NULO";"-1";"#NULO"
"15/08/2026";"19:30:51";2026;6259;250002545015;-3;"#NE";1;"BRASILEIRA NATA";-3;"SÃO PAULO";"66";"N";-1;"#NULO";"1270629.01";"#NE";"S";"-1";"06020718320266260000";"-3";"#NE";"-3";"#NE";"NÃO";"#NULO";-1;"#NULO";"N";"N";-1;-1;"2026-08-10 16:16:08";8;"AGUARDANDO JULGAMENTO";"-1";"#NULO";"-1";"#NULO";-1;"#NULO";-1;"#NULO";-1;"#NULO";-1;"#NULO";"-1";"#NULO"
"15/08/2026";"19:30:51";2026;6259;250002545016;-3;"#NE";1;"BRASILEIRA NATA";-3;"SÃO PAULO";"35";"N";-1;"#NULO";"1270629.01";"#NE";"S";"-1";"06020951420266260000";"-3";"#NE";"-3";"#NE";"NÃO";"#NULO";-1;"#NULO";"N";"N";-1;-1;"2026-08-10 16:16:08";8;"AGUARDANDO JULGAMENTO";"-1";"#NULO";"-1";"#NULO";-1;"#NULO";-1;"#NULO";-1;"#NULO";-1;"#NULO";"-1";"#NULO"
"15/08/2026";"19:30:51";2026;6259;250002545023;-3;"#NE";1;"BRASILEIRA NATA";-3;"SÃO PAULO";"21";"N";0;"NÃO INFORMADO";"1270629.01";"#NE";"S";"-1";"06020925920266260000";"-3";"#NE";"-3";"#NE";"NÃO";"#NULO";-1;"#NULO";"N";"N";-1;-1;"2026-08-10 16:16:08";8;"AGUARDANDO JULGAMENTO";"-1";"#NULO";"-1";"#NULO";-1;"#NULO";-1;"#NULO";-1;"#NULO";-1;"#NULO";"-1";"#NULO"
"15/08/2026";"19:30:51";2026;6259;250002545026;-3;"#NE";1;"BRASILEIRA NATA";-3;"OLÍMPIA";"60";"N";-1;"#NULO";"1270629.01";"#NE";"N";"-1";"06020995120266260000";"-3";"#NE";"-3";"#NE";"NÃO";"#NULO";-1;"#NULO";"N";"N";-1;-1;"2026-08-10 16:16:08";8;"AGUARDANDO JULGAMENTO";"-1";"#NULO";"-1";"#NULO";-1;"#NULO";-1;"#NULO";-1;"#NULO";-1;"#NULO";"-1";"#NULO"
"15/08/2026";"19:30:51";2026;6259;250002545037;-3;"#NE";1;"BRASILEIRA NATA";-3;"AMERICANA";"31";"N";0;"NÃO INFORMADO";"1270629.01";"#NE";"S";"-1";"06020657620266260000";"-3";"#NE";"-3";"#NE";"NÃO";"#NULO";-1;"#NULO";"N";"N";-1;-1;"2026-08-10 16:16:08";8;"AGUARDANDO JULGAMENTO";"-1";"#NULO";"-1";"#NULO";-1;"#NULO";-1;"#NULO";-1;"#NULO";-1;"#NULO";"-1";"#NULO"
"15/08/2026";"19:30:51";2026;6259;250002545136;-3;"#NE";1;"BRASILEIRA NATA";-3;"CHAPADA DO NORTE";"41";"N";-1;"#NULO";"1270629.01";"#NE";"S";"-1";"06019790820266260000";"-3";"#NE";"-3";"#NE";"NÃO";"#NULO";-1;"#NULO";"N";"N";-1;-1;"2026-08-10 13:29:39";8;"AGUARDANDO JULGAMENTO";"-1";"#NULO";"-1";"#NULO";-1;"#NULO";-1;"#NULO";-1;"#NULO";-1;"#NULO";"-1";"#NULO"
"15/08/2026";"19:30:51";2026;6259;250002545162;-3;"#NE";1;"BRASILEIRA NATA";-3;"CARNAUBAIS";"58";"N";-1;"#NULO";"1270629.01";"#NE";"S";"-1";"06019643920266260000";"-3";"#NE";"-3";"#NE";"NÃO";"#NULO";-1;"#NULO";"N";"N";-1;-1;"2026-08-10 13:29:39";8;"AGUARDANDO JULGAMENTO";"-1";"#NULO";"-1";"#NULO";-1;"#NULO";-1;"#NULO";-1;"#NULO";-1;"#NULO";"-1";"#NULO"
"15/08/2026";"19:30:51";2026;6259;250002545166;-3;"#NE";1;"BRASILEIRA NATA";-3;"CAMPINAS";"64";"N";-1;"#NULO";"1270629.01";"#NE";"S";"-1";"06019826020266260000";"-3";"#NE";"-3";"#NE";"NÃO";"#NULO";-1;"#NULO";"N";"N";-1;-1;"2026-08-10 13:29:39";8;"AGUARDANDO JULGAMENTO";"-1";"#NULO";"-1";"#NULO";-1;"#NULO";-1;"#NULO";-1;"#NULO";-1;"#NULO";"-1";"#NULO"
"15/08/2026";"19:30:51";2026;6259;250002545165;-3;"#NE";1;"BRASILEIRA NATA";-3;"BAURU";"40";"N";-1;"#NULO";"1270629.01";"#NE";"S";"-1";"06019773820266260000";"-3";"#NE";"-3";"#NE";"NÃO";"#NULO";-1;"#NULO";"N";"N";-1;-1;"2026-08-10 13:29:39";8;"AGUARDANDO JULGAMENTO";"-1";"#NULO";"-1";"#NULO";-1;"#NULO";-1;"#NULO";-1;"#NULO";-1;"#NULO";"-1";"#NULO"
"15/08/2026";"19:30:51";2026;6259;250002545176;-3;"#NE";1;"BRASILEIRA NATA";-3;"GUARUJÁ";"52";"N";-1;"#NULO";"1270629.01";"#NE";"S";"-1";"06020276420266260000";"-3";"#NE";"-3";"#NE";"NÃO";"#NULO";-1;"#NULO";"N";"N";-1;-1;"2026-08-10 13:29:39";8;"AGUARDANDO JULGAMENTO";"-1";"#NULO";"-1";"#NULO";-1;"#NULO";-1;"#NULO";-1;"#NULO";-1;"#NULO";"-1";"#NULO"
"15/08/2026";"19:30:51";2026;6259;250002545182;-3;"#NE";1;"BRASILEIRA NATA";-3;"SALTO";"33";"N";-1;"#NULO";"1270629.01";"#NE";"S";"-1";"06019574720266260000";"-3";"#NE";"-3";"#NE";"NÃO";"#NULO";-1;"#NULO";"N";"N";-1;-1;"2026-08-10 13:29:39";8;"AGUARDANDO JULGAMENTO";"-1";"#NULO";"-1";"#NULO";-1;"#NULO";-1;"#NULO";-1;"#NULO";-1;"#NULO";"-1";"#NULO"
"15/08/2026";"19:30:51";2026;6259;250002545180;-3;"#NE";1;"BRASILEIRA NATA";-3;"RIBEIRÃO PRETO";"51";"N";-1;"#NULO";"1270629.01";"#NE";"S";"-1";"06020198720266260000";"-3";"#NE";"-3";"#NE";"NÃO";"#NULO";-1;"#NULO";"N";"N";-1;-1;"2026-08-10 13:29:39";8;"AGUARDANDO JULGAMENTO";"-1";"#NULO";"-1";"#NULO";-1;"#NULO";-1;"#NULO";-1;"#NULO";-1;"#NULO";"-1";"#NULO"
"15/08/2026";"19:30:51";2026;6259;250002545195;-3;"#NE";1;"BRASILEIRA NATA";-3;"SÃO PAULO";"27";"N";-1;"#NULO";"1270629.01";"#NE";"S";"-1";"06020008120266260000";"-3";"#NE";"-3";"#NE";"NÃO";"#NULO";-1;"#NULO";"N";"N";-1;-1;"2026-08-10 13:29:39";8;"AGUARDANDO JULGAMENTO";"-1";"#NULO";"-1";"#NULO";-1;"#NULO";-1;"#NULO";-1;"#NULO";-1;"#NULO";"-1";"#NULO"
"15/08/2026";"19:30:51";2026;6259;250002545203;-3;"#NE";1;"BRASILEIRA NATA";-3;"SÃO PAULO";"71";"N";-1;"#NULO";"1270629.01";"#NE";"S";"-1";"06019497020266260000";"-3";"#NE";"-3";"#NE";"NÃO";"#NULO";-1;"#NULO";"N";"N";-1;-1;"2026-08-10 13:29:39";8;"AGUARDANDO JULGAMENTO";"-1";"#NULO";"-1";"#NULO";-1;"#NULO";-1;"#NULO";-1;"#NULO";-1;"#NULO";"-1";"#NULO"
"15/08/2026";"19:30:51";2026;6259;250002545222;-3;"#NE";1;"BRASILEIRA NATA";-3;"TABOÃO DA SERRA";"44";"N";-1;"#NULO";"1270629.01";"#NE";"S";"-1";"06019912220266260000";"-3";"#NE";"-3";"#NE";"NÃO";"#NULO";-1;"#NULO";"N";"N";-1;-1;"2026-08-10 13:29:39";8;"AGUARDANDO JULGAMENTO";"-1";"#NULO";"-1";"#NULO";-1;"#NULO";-1;"#NULO";-1;"#NULO";-1;"#NULO";"-1";"#NULO"
"15/08/2026";"19:30:51";2026;6259;250002546615;-3;"#NE";1;"BRASILEIRA NATA";-3;"TAUBATÉ";"31";"N";-1;"#NULO";"3176572.53";"#NE";"S";"-1";"06021384820266260000";"-3";"#NE";"-3";"#NE";"NÃO";"#NULO";-1;"#NULO";"N";"N";-1;-1;"2026-08-10 16:50:13";8;"AGUARDANDO JULGAMENTO";"-1";"#NULO";"-1";"#NULO";-1;"#NULO";-1;"#NULO";-1;"#NULO";-1;"#NULO";"-1";"#NULO"
"15/08/2026";"19:30:51";2026;6259;250002546619;-3;"#NE";1;"BRASILEIRA NATA";-3;"SÃO BERNARDO DO CAMPO";"28";"N";-1;"#NULO";"3176572.53";"#NE";"N";"-1";"06021142020266260000";"-3";"#NE";"-3";"#NE";"NÃO";"#NULO";-1;"#NULO";"N";"N";-1;-1;"2026-08-10 16:50:13";8;"AGUARDANDO JULGAMENTO";"-1";"#NULO";"-1";"#NULO";-1;"#NULO";-1;"#NULO";-1;"#NULO";-1;"#NULO";"-1";"#NULO"
"15/08/2026";"19:30:51";2026;6259;250002546626;-3;"#NE";1;"BRASILEIRA NATA";-3;"SÃO PAULO";"42";"N";0;"NÃO INFORMADO";"3176572.53";"#NE";"S";"-1";"06021531720266260000";"-3";"#NE";"-3";"#NE";"NÃO";"#NULO";-1;"#NULO";"N";"N";-1;-1;"2026-08-10 16:50:13";8;"AGUARDANDO JULGAMENTO";"-1";"#NULO";"-1";"#NULO";-1;"#NULO";-1;"#NULO";-1;"#NULO";-1;"#NULO";"-1";"#NULO"
"15/08/2026";"19:30:51";2026;6259;250002546632;-3;"#NE";1;"BRASILEIRA NATA";-3;"PIRACICABA";"34";"N";-1;"#NULO";"3176572.53";"#NE";"S";"-1";"06021592420266260000";"-3";"#NE";"-3";"#NE";"NÃO";"#NULO";-1;"#NULO";"N";"N";-1;-1;"2026-08-10 16:50:13";8;"AGUARDANDO JULGAMENTO";"-1";"#NULO";"-1";"#NULO";-1;"#NULO";-1;"#NULO";-1;"#NULO";-1;"#NULO";"-1";"#NULO"
"15/08/2026";"19:30:51";2026;6259;250002546641;-3;"#NE";1;"BRASILEIRA NATA";-3;"SÃO BERNARDO DO CAMPO";"53";"N";-1;"#NULO";"3176572.53";"#NE";"S";"-1";"06021401820266260000";"-3";"#NE";"-3";"#NE";"NÃO";"#NULO";-1;"#NULO";"N";"N";-1;-1;"2026-08-10 16:50:13";8;"AGUARDANDO JULGAMENTO";"-1";"#NULO";"-1";"#NULO";-1;"#NULO";-1;"#NULO";-1;"#NULO";-1;"#NULO";"-1";"#NULO"
"15/08/2026";"19:30:51";2026;6259;250002546646;-3;"#NE";1;"BRASILEIRA NATA";-3;"SÃO PAULO";"48";"N";-1;"#NULO";"3176572.53";"#NE";"S";"-1";"06021332620266260000";"-3";"#NE";"-3";"#NE";"NÃO";"#NULO";-1;"#NULO";"N";"N";-1;-1;"2026-08-10 16:50:13";8;"AGUARDANDO JULGAMENTO";"-1";"#NULO";"-1";"#NULO";-1;"#NULO";-1;"#NULO";-1;"#NULO";-1;"#NULO";"-1";"#NULO"
"15/08/2026";"19:30:51";2026;6259;250002546653;-3;"#NE";2;"BRASILEIRA (NATURALIZADA)";-3;"SÃO PAULO";"46";"N";-1;"#NULO";"3176572.53";"#NE";"S";"-1";"06021359320266260000";"-3";"#NE";"-3";"#NE";"NÃO";"#NULO";-1;"#NULO";"N";"N";-1;-1;"2026-08-10 16:50:13";8;"AGUARDANDO JULGAMENTO";"-1";"#NULO";"-1";"#NULO";-1;"#NULO";-1;"#NULO";-1;"#NULO";-1;"#NULO";"-1";"#NULO"
"15/08/2026";"19:30:51";2026;6259;250002547454;-3;"#NE";1;"BRASILEIRA NATA";-3;"ARAGUARI";"82";"N";-1;"#NULO";"1270629.01";"#NE";"N";"-1";"06022155720266260000";"-3";"#NE";"-3";"#NE";"NÃO";"#NULO";-1;"#NULO";"N";"N";-1;-1;"2026-08-11 13:13:22";8;"AGUARDANDO JULGAMENTO";"-1";"#NULO";"-1";"#NULO";-1;"#NULO";-1;"#NULO";-1;"#NULO";-1;"#NULO";"-1";"#NULO"
"15/08/2026";"19:30:51";2026;6259;250002547835;-3;"#NE";1;"BRASILEIRA NATA";-3;"SÃO PAULO";"29";"N";-1;"#NULO";"3176572.53";"#NE";"N";"-1";"06023012820266260000";"-3";"#NE";"-3";"#NE";"NÃO";"#NULO";-1;"#NULO";"N";"N";-1;-1;"2026-08-11 15:22:38";8;"AGUARDANDO JULGAMENTO";"-1";"#NULO";"-1";"#NULO";-1;"#NULO";-1;"#NULO";-1;"#NULO";-1;"#NULO";"-1";"#NULO"
"15/08/2026";"19:30:51";2026;6259;250002547967;-3;"#NE";1;"BRASILEIRA NATA";-3;"CAMPINAS";"44";"N";-1;"#NULO";"1270629.01";"#NE";"S";"-1";"06021973620266260000";"-3";"#NE";"-3";"#NE";"NÃO";"#NULO";-1;"#NULO";"N";"N";-1;-1;"2026-08-11 12:41:32";8;"AGUARDANDO JULGAMENTO";"-1";"#NULO";"-1";"#NULO";-1;"#NULO";-1;"#NULO";-1;"#NULO";-1;"#NULO";"-1";"#NULO"
"15/08/2026";"19:30:51";2026;6259;250002547971;-3;"#NE";1;"BRASILEIRA NATA";-3;"SÃO PAULO";"39";"N";-1;"#NULO";"1270629.01";"#NE";"N";"-1";"06021956620266260000";"-3";"#NE";"-3";"#NE";"NÃO";"#NULO";-1;"#NULO";"N";"N";-1;-1;"2026-08-11 12:41:32";8;"AGUARDANDO JULGAMENTO";"-1";"#NULO";"-1";"#NULO";-1;"#NULO";-1;"#NULO";-1;"#NULO";-1;"#NULO";"-1";"#NULO"
"15/08/2026";"19:30:51";2026;6259;250002547975;-3;"#NE";1;"BRASILEIRA NATA";-3;"JUNDIAÍ";"46";"N";-1;"#NULO";"1270629.01";"#NE";"S";"-1";"06021774520266260000";"-3";"#NE";"-3";"#NE";"NÃO";"#NULO";-1;"#NULO";"N";"N";-1;-1;"2026-08-11 12:41:32";8;"AGUARDANDO JULGAMENTO";"-1";"#NULO";"-1";"#NULO";-1;"#NULO";-1;"#NULO";-1;"#NULO";-1;"#NULO";"-1";"#NULO"
"15/08/2026";"19:30:51";2026;6259;250002547981;-3;"#NE";1;"BRASILEIRA NATA";-3;"MONTE AZUL PAULISTA";"39";"N";-1;"#NULO";"1270629.01";"#NE";"S";"-1";"06021948120266260000";"-3";"#NE";"-3";"#NE";"NÃO";"#NULO";-1;"#NULO";"N";"N";-1;-1;"2026-08-11 12:41:32";8;"AGUARDANDO JULGAMENTO";"-1";"#NULO";"-1";"#NULO";-1;"#NULO";-1;"#NULO";-1;"#NULO";-1;"#NULO";"-1";"#NULO"
"15/08/2026";"19:30:51";2026;6259;250002547984;-3;"#NE";1;"BRASILEIRA NATA";-3;"GUARULHOS";"31";"N";-1;"#NULO";"1270629.01";"#NE";"S";"-1";"06021965120266260000";"-3";"#NE";"-3";"#NE";"NÃO";"#NULO";-1;"#NULO";"N";"N";-1;-1;"2026-08-11 12:41:32";8;"AGUARDANDO JULGAMENTO";"-1";"#NULO";"-1";"#NULO";-1;"#NULO";-1;"#NULO";-1;"#NULO";-1;"#NULO";"-1";"#NULO"
"15/08/2026";"19:30:51";2026;6259;250002547986;-3;"#NE";1;"BRASILEIRA NATA";-3;"CAMPINAS";"62";"N";0;"NÃO INFORMADO";"1270629.01";"#NE";"S";"-1";"06022078020266260000";"-3";"#NE";"-3";"#NE";"NÃO";"#NULO";-1;"#NULO";"N";"N";-1;-1;"2026-08-11 12:41:32";8;"AGUARDANDO JULGAMENTO";"-1";"#NULO";"-1";"#NULO";-1;"#NULO";-1;"#NULO";-1;"#NULO";-1;"#NULO";"-1";"#NULO"
"15/08/2026";"19:30:51";2026;6259;250002547992;-3;"#NE";1;"BRASILEIRA NATA";-3;"CARDOSO";"62";"N";-1;"#NULO";"1270629.01";"#NE";"S";"-1";"06021990620266260000";"-3";"#NE";"-3";"#NE";"NÃO";"#NULO";-1;"#NULO";"N";"N";-1;-1;"2026-08-11 12:41:32";8;"AGUARDANDO JULGAMENTO";"-1";"#NULO";"-1";"#NULO";-1;"#NULO";-1;"#NULO";-1;"#NULO";-1;"#NULO";"-1";"#NULO"
"15/08/2026";"19:30:51";2026;6259;250002548001;-3;"#NE";1;"BRASILEIRA NATA";-3;"CABACEIRAS DO PARAGUAÇU";"43";"S";-1;"#NULO";"1270629.01";"#NE";"S";"-1";"06021904420266260000";"-3";"#NE";"-3";"#NE";"NÃO";"#NULO";-1;"#NULO";"N";"N";-1;-1;"2026-08-11 12:41:32";8;"AGUARDANDO JULGAMENTO";"-1";"#NULO";"-1";"#NULO";-1;"#NULO";-1;"#NULO";-1;"#NULO";-1;"#NULO";"-1";"#NULO"
"15/08/2026";"19:30:51";2026;6259;250002548136;-3;"#NE";1;"BRASILEIRA NATA";-3;"SERTÃOZINHO";"44";"N";-1;"#NULO";"1270629.01";"#NE";"S";"-1";"06023281120266260000";"-3";"#NE";"-3";"#NE";"NÃO";"#NULO";-1;"#NULO";"N";"N";-1;-1;"2026-08-11 17:36:06";8;"AGUARDANDO JULGAMENTO";"-1";"#NULO";"-1";"#NULO";-1;"#NULO";-1;"#NULO";-1;"#NULO";-1;"#NULO";"-1";"#NULO"
"15/08/2026";"19:30:51";2026;6259;250002548165;-3;"#NE";1;"BRASILEIRA NATA";-3;"ARARAS";"43";"N";-1;"#NULO";"1270629.01";"#NE";"N";"-1";"06022285620266260000";"-3";"#NE";"-3";"#NE";"NÃO";"#NULO";-1;"#NULO";"N";"N";-1;-1;"2026-08-11 13:13:22";8;"AGUARDANDO JULGAMENTO";"-1";"#NULO";"-1";"#NULO";-1;"#NULO";-1;"#NULO";-1;"#NULO";-1;"#NULO";"-1";"#NULO"
"15/08/2026";"19:30:51";2026;6259;250002548341;-3;"#NE";1;"BRASILEIRA NATA";-3;"SÃO PAULO";"55";"N";-1;"#NULO";"3176572.53";"#NE";"S";"-1";"06023194920266260000";"-3";"#NE";"-3";"#NE";"NÃO";"#NULO";-1;"#NULO";"N";"N";-1;-1;"2026-08-11 16:41:09";8;"AGUARDANDO JULGAMENTO";"-1";"#NULO";"-1";"#NULO";-1;"#NULO";-1;"#NULO";-1;"#NULO";-1;"#NULO";"-1";"#NULO"
"15/08/2026";"19:30:51";2026;6259;250002548462;-3;"#NE";2;"BRASILEIRA (NATURALIZADA)";-3;"ALPINÓPOLIS";"43";"N";-1;"#NULO";"3176572.53";"#NE";"S";"-1";"06022805220266260000";"-3";"#NE";"-3";"#NE";"NÃO";"#NULO";-1;"#NULO";"N";"N";-1;-1;"2026-08-11 14:25:51";8;"AGUARDANDO JULGAMENTO";"-1";"#NULO";"-1";"#NULO";-1;"#NULO";-1;"#NULO";-1;"#NULO";-1;"#NULO";"-1";"#NULO"
"15/08/2026";"19:30:51";2026;6259;250002548469;-3;"#NE";1;"BRASILEIRA NATA";-3;"CATENDE";"58";"N";-1;"#NULO";"3176572.53";"#NE";"N";"-1";"06022562420266260000";"-3";"#NE";"-3";"#NE";"NÃO";"#NULO";-1;"#NULO";"N";"N";-1;-1;"2026-08-11 14:25:51";8;"AGUARDANDO JULGAMENTO";"-1";"#NULO";"-1";"#NULO";-1;"#NULO";-1;"#NULO";-1;"#NULO";-1;"#NULO";"-1";"#NULO"
"15/08/2026";"19:30:51";2026;6259;250002548472;-3;"#NE";1;"BRASILEIRA NATA";-3;"JANUÁRIA";"43";"N";-1;"#NULO";"3176572.53";"#NE";"S";"-1";"06022649820266260000";"-3";"#NE";"-3";"#NE";"NÃO";"#NULO";-1;"#NULO";"N";"N";-1;-1;"2026-08-11 14:25:51";8;"AGUARDANDO JULGAMENTO";"-1";"#NULO";"-1";"#NULO";-1;"#NULO";-1;"#NULO";-1;"#NULO";-1;"#NULO";"-1";"#NULO"
"15/08/2026";"19:30:51";2026;6259;250002548471;-3;"#NE";1;"BRASILEIRA NATA";-3;"DOM BASÍLIO";"59";"N";-1;"#NULO";"3176572.53";"#NE";"S";"-1";"06022727520266260000";"-3";"#NE";"-3";"#NE";"NÃO";"#NULO";-1;"#NULO";"N";"N";-1;-1;"2026-08-11 14:25:51";8;"AGUARDANDO JULGAMENTO";"-1";"#NULO";"-1";"#NULO";-1;"#NULO";-1;"#NULO";-1;"#NULO";-1;"#NULO";"-1";"#NULO"
"15/08/2026";"19:30:51";2026;6259;250002548475;-3;"#NE";2;"BRASILEIRA (NATURALIZADA)";-3;"JUNDIAÍ";"57";"N";-1;"#NULO";"3176572.53";"#NE";"S";"-1";"06022459220266260000";"-3";"#NE";"-3";"#NE";"NÃO";"#NULO";-1;"#NULO";"N";"N";-1;-1;"2026-08-11 14:25:51";8;"AGUARDANDO JULGAMENTO";"-1";"#NULO";"-1";"#NULO";-1;"#NULO";-1;"#NULO";-1;"#NULO";-1;"#NULO";"-1";"#NULO"
"15/08/2026";"19:30:51";2026;6259;250002548476;-3;"#NE";1;"BRASILEIRA NATA";-3;"JUNDIAÍ";"67";"N";-1;"#NULO";"3176572.53";"#NE";"N";"-1";"06022796720266260000";"-3";"#NE";"-3";"#NE";"NÃO";"#NULO";-1;"#NULO";"N";"N";-1;-1;"2026-08-11 14:25:51";8;"AGUARDANDO JULGAMENTO";"-1";"#NULO";"-1";"#NULO";-1;"#NULO";-1;"#NULO";-1;"#NULO";-1;"#NULO";"-1";"#NULO"
"15/08/2026";"19:30:51";2026;6259;250002548478;-3;"#NE";1;"BRASILEIRA NATA";-3;"LENÇÓIS PAULISTA";"45";"N";-1;"#NULO";"3176572.53";"#NE";"S";"-1";"06022510220266260000";"-3";"#NE";"-3";"#NE";"NÃO";"#NULO";-1;"#NULO";"N";"N";-1;-1;"2026-08-11 14:25:51";8;"AGUARDANDO JULGAMENTO";"-1";"#NULO";"-1";"#NULO";-1;"#NULO";-1;"#NULO";-1;"#NULO";-1;"#NULO";"-1";"#NULO"
"15/08/2026";"19:30:51";2026;6259;250002548477;-3;"#NE";1;"BRASILEIRA NATA";-3;"LAVÍNIA";"49";"N";-1;"#NULO";"3176572.53";"#NE";"N";"-1";"06022692320266260000";"-3";"#NE";"-3";"#NE";"NÃO";"#NULO";-1;"#NULO";"N";"N";-1;-1;"2026-08-11 14:25:51";8;"AGUARDANDO JULGAMENTO";"-1";"#NULO";"-1";"#NULO";-1;"#NULO";-1;"#NULO";-1;"#NULO";-1;"#NULO";"-1";"#NULO"
"15/08/2026";"19:30:51";2026;6259;250002548492;-3;"#NE";1;"BRASILEIRA NATA";-3;"SANTA CRUZ CABRÁLIA";"53";"N";-1;"#NULO";"3176572.53";"#NE";"N";"-1";"06022857420266260000";"-3";"#NE";"-3";"#NE";"NÃO";"#NULO";-1;"#NULO";"N";"N";-1;-1;"2026-08-11 14:25:51";8;"AGUARDANDO JULGAMENTO";"-1";"#NULO";"-1";"#NULO";-1;"#NULO";-1;"#NULO";-1;"#NULO";-1;"#NULO";"-1";"#NULO"
"15/08/2026";"19:30:51";2026;6259;250002548499;-3;"#NE";1;"BRASILEIRA NATA";-3;"SÃO PAULO";"43";"N";-1;"#NULO";"3176572.53";"#NE";"S";"-1";"06022891420266260000";"-3";"#NE";"-3";"#NE";"NÃO";"#NULO";-1;"#NULO";"N";"N";-1;-1;"2026-08-11 14:25:51";8;"AGUARDANDO JULGAMENTO";"-1";"#NULO";"-1";"#NULO";-1;"#NULO";-1;"#NULO";-1;"#NULO";-1;"#NULO";"-1";"#NULO"
"15/08/2026";"19:30:51";2026;6259;250002548503;-3;"#NE";1;"BRASILEIRA NATA";-3;"SÃO PAULO";"56";"N";-1;"#NULO";"3176572.53";"#NE";"S";"-1";"06022623120266260000";"-3";"#NE";"-3";"#NE";"NÃO";"#NULO";-1;"#NULO";"N";"N";-1;-1;"2026-08-11 14:25:51";8;"AGUARDANDO JULGAMENTO";"-1";"#NULO";"-1";"#NULO";-1;"#NULO";-1;"#NULO";-1;"#NULO";-1;"#NULO";"-1";"#NULO"
"15/08/2026";"19:30:51";2026;6259;250002548506;-3;"#NE";1;"BRASILEIRA NATA";-3;"SÃO PAULO";"38";"N";-1;"#NULO";"3176572.53";"#NE";"N";"-1";"06022788220266260000";"-3";"#NE";"-3";"#NE";"NÃO";"#NULO";-1;"#NULO";"N";"N";-1;-1;"2026-08-11 14:25:51";8;"AGUARDANDO JULGAMENTO";"-1";"#NULO";"-1";"#NULO";-1;"#NULO";-1;"#NULO";-1;"#NULO";-1;"#NULO";"-1";"#NULO"
"15/08/2026";"19:30:51";2026;6259;250002548863;-3;"#NE";1;"BRASILEIRA NATA";-3;"MARAVILHA";"40";"N";-1;"#NULO";"1270629.01";"#NE";"N";"-1";"06023991320266260000";"-3";"#NE";"-3";"#NE";"NÃO";"#NULO";-1;"#NULO";"N";"N";-1;-1;"2026-08-12 13:11:44";8;"AGUARDANDO JULGAMENTO";"-1";"#NULO";"-1";"#NULO";-1;"#NULO";-1;"#NULO";-1;"#NULO";-1;"#NULO";"-1";"#NULO"
"15/08/2026";"19:30:51";2026;6259;250002548861;-3;"#NE";1;"BRASILEIRA NATA";-3;"ÉRICO CARDOSO";"70";"N";-1;"#NULO";"1270629.01";"#NE";"S";"-1";"06023758220266260000";"-3";"#NE";"-3";"#NE";"NÃO";"#NULO";-1;"#NULO";"N";"N";-1;-1;"2026-08-12 13:11:44";8;"AGUARDANDO JULGAMENTO";"-1";"#NULO";"-1";"#NULO";-1;"#NULO";-1;"#NULO";-1;"#NULO";-1;"#NULO";"-1";"#NULO"
"15/08/2026";"19:30:51";2026;6259;250002548869;-3;"#NE";1;"BRASILEIRA NATA";-3;"SÃO PEDRO DA UNIÃO";"63";"N";-1;"#NULO";"1270629.01";"#NE";"S";"-1";"06024225620266260000";"-3";"#NE";"-3";"#NE";"NÃO";"#NULO";-1;"#NULO";"N";"N";-1;-1;"2026-08-12 13:11:44";8;"AGUARDANDO JULGAMENTO";"-1";"#NULO";"-1";"#NULO";-1;"#NULO";-1;"#NULO";-1;"#NULO";-1;"#NULO";"-1";"#NULO"
"15/08/2026";"19:30:51";2026;6259;250002548871;-3;"#NE";1;"BRASILEIRA NATA";-3;"IBAITI";"46";"N";-1;"#NULO";"1270629.01";"#NE";"S";"-1";"06023913620266260000";"-3";"#NE";"-3";"#NE";"NÃO";"#NULO";-1;"#NULO";"N";"N";-1;-1;"2026-08-12 13:11:44";8;"AGUARDANDO JULGAMENTO";"-1";"#NULO";"-1";"#NULO";-1;"#NULO";-1;"#NULO";-1;"#NULO";-1;"#NULO";"-1";"#NULO"
"15/08/2026";"19:30:51";2026;6259;250002548879;-3;"#NE";1;"BRASILEIRA NATA";-3;"JUIZ DE FORA";"63";"N";-1;"#NULO";"1270629.01";"#NE";"S";"-1";"06023394020266260000";"-3";"#NE";"-3";"#NE";"NÃO";"#NULO";-1;"#NULO";"N";"N";-1;-1;"2026-08-12 13:11:44";8;"AGUARDANDO JULGAMENTO";"-1";"#NULO";"-1";"#NULO";-1;"#NULO";-1;"#NULO";-1;"#NULO";-1;"#NULO";"-1";"#NULO"
"15/08/2026";"19:30:51";2026;6259;250002548900;-3;"#NE";1;"BRASILEIRA NATA";-3;"CASTILHO";"66";"N";-1;"#NULO";"1270629.01";"#NE";"S";"-1";"06023437720266260000";"-3";"#NE";"-3";"#NE";"NÃO";"#NULO";-1;"#NULO";"N";"N";-1;-1;"2026-08-12 13:11:44";8;"AGUARDANDO JULGAMENTO";"-1";"#NULO";"-1";"#NULO";-1;"#NULO";-1;"#NULO";-1;"#NULO";-1;"#NULO";"-1";"#NULO"
"15/08/2026";"19:30:51";2026;6259;250002548911;-3;"#NE";1;"BRASILEIRA NATA";-3;"SANTO ANDRÉ";"55";"N";-1;"#NULO";"1270629.01";"#NE";"S";"-1";"06024112720266260000";"-3";"#NE";"-3";"#NE";"NÃO";"#NULO";-1;"#NULO";"N";"N";-1;-1;"2026-08-12 13:11:44";8;"AGUARDANDO JULGAMENTO";"-1";"#NULO";"-1";"#NULO";-1;"#NULO";-1;"#NULO";-1;"#NULO";-1;"#NULO";"-1";"#NULO"
"15/08/2026";"19:30:51";2026;6259;250002548918;-3;"#NE";1;"BRASILEIRA NATA";-3;"SÃO JOSÉ DOS CAMPOS";"29";"N";-1;"#NULO";"1270629.01";"#NE";"N";"-1";"06023905120266260000";"-3";"#NE";"-3";"#NE";"NÃO";"#NULO";-1;"#NULO";"N";"N";-1;-1;"2026-08-12 13:11:44";8;"AGUARDANDO JULGAMENTO";"-1";"#NULO";"-1";"#NULO";-1;"#NULO";-1;"#NULO";-1;"#NULO";-1;"#NULO";"-1";"#NULO"
"15/08/2026";"19:30:51";2026;6259;250002550044;-3;"#NE";1;"BRASILEIRA NATA";-3;"SÃO PAULO";"51";"N";-1;"#NULO";"1270629.01";"#NE";"S";"-1";"06024035020266260000";"-3";"#NE";"-3";"#NE";"NÃO";"#NULO";-1;"#NULO";"N";"N";-1;-1;"2026-08-12 13:11:44";8;"AGUARDANDO JULGAMENTO";"-1";"#NULO";"-1";"#NULO";-1;"#NULO";-1;"#NULO";-1;"#NULO";-1;"#NULO";"-1";"#NULO"
"15/08/2026";"19:30:51";2026;6259;250002550057;-3;"#NE";1;"BRASILEIRA NATA";-3;"SÃO PAULO";"47";"N";-1;"#NULO";"1270629.01";"#NE";"S";"-1";"06023835920266260000";"-3";"#NE";"-3";"#NE";"NÃO";"#NULO";-1;"#NULO";"N";"N";-1;-1;"2026-08-12 13:11:44";8;"AGUARDANDO JULGAMENTO";"-1";"#NULO";"-1";"#NULO";-1;"#NULO";-1;"#NULO";-1;"#NULO";-1;"#NULO";"-1";"#NULO"
"15/08/2026";"19:30:51";2026;6259;250002550065;-3;"#NE";1;"BRASILEIRA NATA";-3;"SÃO PAULO";"60";"N";-1;"#NULO";"1270629.01";"#NE";"S";"-1";"06023957320266260000";"-3";"#NE";"-3";"#NE";"NÃO";"#NULO";-1;"#NULO";"N";"N";-1;-1;"2026-08-12 13:11:44";8;"AGUARDANDO JULGAMENTO";"-1";"#NULO";"-1";"#NULO";-1;"#NULO";-1;"#NULO";-1;"#NULO";-1;"#NULO";"-1";"#NULO"
"15/08/2026";"19:30:51";2026;6259;250002550069;-3;"#NE";1;"BRASILEIRA NATA";-3;"SÃO PAULO";"64";"N";-1;"#NULO";"1270629.01";"#NE";"N";"-1";"06024104220266260000";"-3";"#NE";"-3";"#NE";"NÃO";"#NULO";-1;"#NULO";"N";"N";-1;-1;"2026-08-12 13:11:44";8;"AGUARDANDO JULGAMENTO";"-1";"#NULO";"-1";"#NULO";-1;"#NULO";-1;"#NULO";-1;"#NULO";-1;"#NULO";"-1";"#NULO"
"15/08/2026";"19:30:51";2026;6259;250002550071;-3;"#NE";1;"BRASILEIRA NATA";-3;"TAQUARITUBA";"29";"N";-1;"#NULO";"1270629.01";"#NE";"N";"-1";"06024026520266260000";"-3";"#NE";"-3";"#NE";"NÃO";"#NULO";-1;"#NULO";"N";"N";-1;-1;"2026-08-12 13:11:44";8;"AGUARDANDO JULGAMENTO";"-1";"#NULO";"-1";"#NULO";-1;"#NULO";-1;"#NULO";-1;"#NULO";-1;"#NULO";"-1";"#NULO"
"15/08/2026";"19:30:51";2026;6259;250002550239;-3;"#NE";1;"BRASILEIRA NATA";-3;"SÃO PAULO";"52";"N";-1;"#NULO";"1270629.01";"#NE";"N";"-1";"06026312520266260000";"-3";"#NE";"-3";"#NE";"NÃO";"#NULO";-1;"#NULO";"N";"N";-1;-1;"2026-08-13 15:31:25";8;"AGUARDANDO JULGAMENTO";"-1";"#NULO";"-1";"#NULO";-1;"#NULO";-1;"#NULO";-1;"#NULO";-1;"#NULO";"-1";"#NULO"
"15/08/2026";"19:30:51";2026;6259;250002550246;-3;"#NE";1;"BRASILEIRA NATA";-3;"SÃO SEBASTIÃO";"59";"N";-1;"#NULO";"1270629.01";"#NE";"N";"-1";"06025914320266260000";"-3";"#NE";"-3";"#NE";"NÃO";"#NULO";-1;"#NULO";"N";"N";-1;-1;"2026-08-13 15:31:25";8;"AGUARDANDO JULGAMENTO";"-1";"#NULO";"-1";"#NULO";-1;"#NULO";-1;"#NULO";-1;"#NULO";-1;"#NULO";"-1";"#NULO"
"15/08/2026";"19:30:51";2026;6259;250002550255;-3;"#NE";1;"BRASILEIRA NATA";-3;"CAPIVARI";"49";"N";-1;"#NULO";"1270629.01";"#NE";"N";"-1";"06026287020266260000";"-3";"#NE";"-3";"#NE";"NÃO";"#NULO";-1;"#NULO";"N";"N";-1;-1;"2026-08-13 15:31:25";8;"AGUARDANDO JULGAMENTO";"-1";"#NULO";"-1";"#NULO";-1;"#NULO";-1;"#NULO";-1;"#NULO";-1;"#NULO";"-1";"#NULO"
"15/08/2026";"19:30:51";2026;6259;250002550359;-3;"#NE";1;"BRASILEIRA NATA";-3;"MONTES CLAROS";"44";"S";-1;"#NULO";"3176572.53";"#NE";"S";"-1";"06024269320266260000";"-3";"#NE";"-3";"#NE";"NÃO";"#NULO";-1;"#NULO";"N";"N";-1;-1;"2026-08-12 14:34:24";8;"AGUARDANDO JULGAMENTO";"-1";"#NULO";"-1";"#NULO";-1;"#NULO";-1;"#NULO";-1;"#NULO";-1;"#NULO";"-1";"#NULO"
"15/08/2026";"19:30:51";2026;6259;250002550374;-3;"#NE";1;"BRASILEIRA NATA";-3;"URUGUAIANA";"54";"N";-1;"#NULO";"3176572.53";"#NE";"S";"-1";"06024399220266260000";"-3";"#NE";"-3";"#NE";"NÃO";"#NULO";-1;"#NULO";"N";"N";-1;-1;"2026-08-12 14:34:24";8;"AGUARDANDO JULGAMENTO";"-1";"#NULO";"-1";"#NULO";-1;"#NULO";-1;"#NULO";-1;"#NULO";-1;"#NULO";"-1";"#NULO"
"15/08/2026";"19:30:51";2026;6259;250002550376;-3;"#NE";1;"BRASILEIRA NATA";-3;"ARARAQUARA";"82";"N";-1;"#NULO";"3176572.53";"#NE";"S";"-1";"06024563120266260000";"-3";"#NE";"-3";"#NE";"NÃO";"#NULO";-1;"#NULO";"N";"N";-1;-1;"2026-08-12 14:34:24";8;"AGUARDANDO JULGAMENTO";"-1";"#NULO";"-1";"#NULO";-1;"#NULO";-1;"#NULO";-1;"#NULO";-1;"#NULO";"-1";"#NULO"
"15/08/2026";"19:30:51";2026;6259;250002550395;-3;"#NE";1;"BRASILEIRA NATA";-3;"SÃO BERNARDO DO CAMPO";"47";"N";-1;"#NULO";"3176572.53";"#NE";"S";"-1";"06024277820266260000";"-3";"#NE";"-3";"#NE";"NÃO";"#NULO";-1;"#NULO";"N";"N";-1;-1;"2026-08-12 14:34:24";8;"AGUARDANDO JULGAMENTO";"-1";"#NULO";"-1";"#NULO";-1;"#NULO";-1;"#NULO";-1;"#NULO";-1;"#NULO";"-1";"#NULO"
"15/08/2026";"19:30:51";2026;6259;250002550410;-3;"#NE";1;"BRASILEIRA NATA";-3;"SÃO PAULO";"49";"N";-1;"#NULO";"3176572.53";"#NE";"N";"-1";"06024571620266260000";"-3";"#NE";"-3";"#NE";"NÃO";"#NULO";-1;"#NULO";"N";"N";-1;-1;"2026-08-12 14:34:24";8;"AGUARDANDO JULGAMENTO";"-1";"#NULO";"-1";"#NULO";-1;"#NULO";-1;"#NULO";-1;"#NULO";-1;"#NULO";"-1";"#NULO"
"15/08/2026";"19:30:51";2026;6259;250002550682;-3;"#NE";1;"BRASILEIRA NATA";-3;"SÃO PAULO";"49";"N";-1;"#NULO";"-1";"#NE";"S";"-1";"06025074220266260000";"-3";"#NE";"-3";"#NE";"NÃO";"#NULO";-1;"#NULO";"N";"N";250002532793;-1;"2026-08-13 13:13:14";8;"AGUARDANDO JULGAMENTO";"-1";"#NULO";"-1";"#NULO";-1;"#NULO";-1;"#NULO";-1;"#NULO";-1;"#NULO";"-1";"#NULO"
"15/08/2026";"19:30:51";2026;6259;250002551055;-3;"#NE";1;"BRASILEIRA NATA";-3;"CAMACÃ";"41";"N";-1;"#NULO";"3176572.53";"#NE";"N";"-1";"06025126420266260000";"-3";"#NE";"-3";"#NE";"NÃO";"#NULO";-1;"#NULO";"N";"N";-1;-1;"2026-08-13 14:55:32";8;"AGUARDANDO JULGAMENTO";"-1";"#NULO";"-1";"#NULO";-1;"#NULO";-1;"#NULO";-1;"#NULO";-1;"#NULO";"-1";"#NULO"
"15/08/2026";"19:30:51";2026;6259;250002551074;-3;"#NE";1;"BRASILEIRA NATA";-3;"UMUARAMA";"61";"N";-1;"#NULO";"3176572.53";"#NE";"N";"-1";"06025178620266260000";"-3";"#NE";"-3";"#NE";"NÃO";"#NULO";-1;"#NULO";"N";"N";-1;-1;"2026-08-13 14:55:32";8;"AGUARDANDO JULGAMENTO";"-1";"#NULO";"-1";"#NULO";-1;"#NULO";-1;"#NULO";-1;"#NULO";-1;"#NULO";"-1";"#NULO"
"15/08/2026";"19:30:51";2026;6259;250002551090;-3;"#NE";1;"BRASILEIRA NATA";-3;"RIBEIRÃO PRETO";"30";"N";-1;"#NULO";"3176572.53";"#NE";"N";"-1";"06025610820266260000";"-3";"#NE";"-3";"#NE";"NÃO";"#NULO";-1;"#NULO";"N";"N";-1;-1;"2026-08-13 14:55:32";8;"AGUARDANDO JULGAMENTO";"-1";"#NULO";"-1";"#NULO";-1;"#NULO";-1;"#NULO";-1;"#NULO";-1;"#NULO";"-1";"#NULO"
"15/08/2026";"19:30:51";2026;6259;250002551096;-3;"#NE";1;"BRASILEIRA NATA";-3;"SÃO BERNARDO DO CAMPO";"53";"N";-1;"#NULO";"3176572.53";"#NE";"N";"-1";"06025195620266260000";"-3";"#NE";"-3";"#NE";"NÃO";"#NULO";-1;"#NULO";"N";"N";-1;-1;"2026-08-13 14:55:32";8;"AGUARDANDO JULGAMENTO";"-1";"#NULO";"-1";"#NULO";-1;"#NULO";-1;"#NULO";-1;"#NULO";-1;"#NULO";"-1";"#NULO"
"15/08/2026";"19:30:51";2026;6259;250002551227;-3;"#NE";1;"BRASILEIRA NATA";-3;"SÃO PAULO";"43";"N";-1;"#NULO";"1270629.01";"#NE";"N";"-1";"06026044220266260000";"-3";"#NE";"-3";"#NE";"NÃO";"#NULO";-1;"#NULO";"N";"N";-1;-1;"2026-08-13 15:31:25";8;"AGUARDANDO JULGAMENTO";"-1";"#NULO";"-1";"#NULO";-1;"#NULO";-1;"#NULO";-1;"#NULO";-1;"#NULO";"-1";"#NULO"
"15/08/2026";"19:30:51";2026;6259;250002551241;-3;"#NE";1;"BRASILEIRA NATA";-3;"SALINAS";"63";"N";-1;"#NULO";"1270629.01";"#NE";"N";"-1";"06026425420266260000";"-3";"#NE";"-3";"#NE";"NÃO";"#NULO";-1;"#NULO";"N";"N";-1;-1;"2026-08-13 15:31:25";8;"AGUARDANDO JULGAMENTO";"-1";"#NULO";"-1";"#NULO";-1;"#NULO";-1;"#NULO";-1;"#NULO";-1;"#NULO";"-1";"#NULO"
"15/08/2026";"19:30:51";2026;6259;250002551245;-3;"#NE";1;"BRASILEIRA NATA";-3;"ALMENARA";"68";"N";-1;"#NULO";"1270629.01";"#NE";"N";"-1";"06025949520266260000";"-3";"#NE";"-3";"#NE";"NÃO";"#NULO";-1;"#NULO";"N";"N";-1;-1;"2026-08-13 15:31:25";8;"AGUARDANDO JULGAMENTO";"-1";"#NULO";"-1";"#NULO";-1;"#NULO";-1;"#NULO";-1;"#NULO";-1;"#NULO";"-1";"#NULO"
"15/08/2026";"19:30:51";2026;6259;250002551249;-3;"#NE";1;"BRASILEIRA NATA";-3;"CALDAS";"68";"N";-1;"#NULO";"1270629.01";"#NE";"N";"-1";"06026364720266260000";"-3";"#NE";"-3";"#NE";"NÃO";"#NULO";-1;"#NULO";"N";"N";-1;-1;"2026-08-13 15:31:25";8;"AGUARDANDO JULGAMENTO";"-1";"#NULO";"-1";"#NULO";-1;"#NULO";-1;"#NULO";-1;"#NULO";-1;"#NULO";"-1";"#NULO"
"15/08/2026";"19:30:51";2026;6259;250002551503;-3;"#NE";1;"BRASILEIRA NATA";-3;"ARARAQUARA";"70";"N";-1;"#NULO";"-1";"#NE";"S";"-1";"06026503120266260000";"-3";"#NE";"-3";"#NE";"NÃO";"#NULO";-1;"#NULO";"N";"N";-1;-1;"2026-08-13 18:03:55";8;"AGUARDANDO JULGAMENTO";"-1";"#NULO";"-1";"#NULO";-1;"#NULO";-1;"#NULO";-1;"#NULO";-1;"#NULO";"-1";"#NULO"
"15/08/2026";"19:30:51";2026;6259;250002551601;-3;"#NE";1;"BRASILEIRA NATA";-3;"ALAGOINHAS";"42";"N";-1;"#NULO";"3176572.53";"#NE";"N";"-1";"06026728920266260000";"-3";"#NE";"-3";"#NE";"NÃO";"#NULO";-1;"#NULO";"N";"N";-1;-1;"2026-08-14 15:42:33";8;"AGUARDANDO JULGAMENTO";"-1";"#NULO";"-1";"#NULO";-1;"#NULO";-1;"#NULO";-1;"#NULO";-1;"#NULO";"-1";"#NULO"
"15/08/2026";"19:30:51";2026;6259;250002551611;-3;"#NE";2;"BRASILEIRA (NATURALIZADA)";-3;"SÃO PAULO";"23";"N";-1;"#NULO";"3176572.53";"#NE";"S";"-1";"06027179320266260000";"-3";"#NE";"-3";"#NE";"NÃO";"#NULO";-1;"#NULO";"N";"N";-1;-1;"2026-08-14 15:42:33";8;"AGUARDANDO JULGAMENTO";"-1";"#NULO";"-1";"#NULO";-1;"#NULO";-1;"#NULO";-1;"#NULO";-1;"#NULO";"-1";"#NULO"
"15/08/2026";"19:30:51";2026;6259;250002551620;-3;"#NE";1;"BRASILEIRA NATA";-3;"SÃO PAULO";"55";"N";-1;"#NULO";"3176572.53";"#NE";"N";"-1";"06026789620266260000";"-3";"#NE";"-3";"#NE";"NÃO";"#NULO";-1;"#NULO";"N";"N";-1;-1;"2026-08-14 15:42:33";8;"AGUARDANDO JULGAMENTO";"-1";"#NULO";"-1";"#NULO";-1;"#NULO";-1;"#NULO";-1;"#NULO";-1;"#NULO";"-1";"#NULO"
"15/08/2026";"19:30:51";2026;6259;250002551621;-3;"#NE";1;"BRASILEIRA NATA";-3;"SÃO PAULO";"58";"N";-1;"#NULO";"3176572.53";"#NE";"S";"-1";"06027187820266260000";"-3";"#NE";"-3";"#NE";"NÃO";"#NULO";-1;"#NULO";"N";"N";-1;-1;"2026-08-14 15:42:33";8;"AGUARDANDO JULGAMENTO";"-1";"#NULO";"-1";"#NULO";-1;"#NULO";-1;"#NULO";-1;"#NULO";-1;"#NULO";"-1";"#NULO"
"15/08/2026";"19:30:51";2026;6259;250002551634;-3;"#NE";1;"BRASILEIRA NATA";-3;"PIRASSUNUNGA";"35";"N";-1;"#NULO";"3176572.53";"#NE";"N";"-1";"06026737420266260000";"-3";"#NE";"-3";"#NE";"NÃO";"#NULO";-1;"#NULO";"N";"N";-1;-1;"2026-08-14 15:42:33";8;"AGUARDANDO JULGAMENTO";"-1";"#NULO";"-1";"#NULO";-1;"#NULO";-1;"#NULO";-1;"#NULO";-1;"#NULO";"-1";"#NULO"
"15/08/2026";"19:30:51";2026;6259;250002551650;-3;"#NE";1;"BRASILEIRA NATA";-3;"RIO DE JANEIRO";"53";"N";-1;"#NULO";"3176572.53";"#NE";"N";"-1";"06026754420266260000";"-3";"#NE";"-3";"#NE";"NÃO";"#NULO";-1;"#NULO";"N";"N";-1;-1;"2026-08-14 15:42:33";8;"AGUARDANDO JULGAMENTO";"-1";"#NULO";"-1";"#NULO";-1;"#NULO";-1;"#NULO";-1;"#NULO";-1;"#NULO";"-1";"#NULO"
"15/08/2026";"19:30:51";2026;6259;250002551660;-3;"#NE";1;"BRASILEIRA NATA";-3;"ROSÁRIO DO SUL";"61";"N";-1;"#NULO";"3176572.53";"#NE";"N";"-1";"06026919520266260000";"-3";"#NE";"-3";"#NE";"NÃO";"#NULO";-1;"#NULO";"N";"N";-1;-1;"2026-08-14 15:42:33";8;"AGUARDANDO JULGAMENTO";"-1";"#NULO";"-1";"#NULO";-1;"#NULO";-1;"#NULO";-1;"#NULO";-1;"#NULO";"-1";"#NULO"
"15/08/2026";"19:30:51";2026;6259;250002551661;-3;"#NE";1;"BRASILEIRA NATA";-3;"DIAMANTINA";"58";"N";-1;"#NULO";"3176572.53";"#NE";"N";"-1";"06026953520266260000";"-3";"#NE";"-3";"#NE";"NÃO";"#NULO";-1;"#NULO";"N";"N";-1;-1;"2026-08-14 15:42:33";8;"AGUARDANDO JULGAMENTO";"-1";"#NULO";"-1";"#NULO";-1;"#NULO";-1;"#NULO";-1;"#NULO";-1;"#NULO";"-1";"#NULO"
"15/08/2026";"19:30:51";2026;6259;250002552506;-3;"#NE";1;"BRASILEIRA NATA";-3;"SÃO PAULO";"36";"N";-1;"#NULO";"1270629.01";"#NE";"N";"-1";"06027360220266260000";"-3";"#NE";"-3";"#NE";"NÃO";"#NULO";-1;"#NULO";"N";"N";250002536890;-1;"2026-08-15 12:55:17";8;"AGUARDANDO JULGAMENTO";"-1";"#NULO";"-1";"#NULO";-1;"#NULO";-1;"#NULO";-1;"#NULO";-1;"#NULO";"-1";"#NULO"
"15/08/2026";"19:30:51";2026;6259;250002552617;-3;"#NE";1;"BRASILEIRA NATA";-3;"SÃO SEBASTIÃO DO MARANHÃO";"54";"N";-1;"#NULO";"3176572.53";"#NE";"N";"-1";"06028599720266260000";"-3";"#NE";"-3";"#NE";"NÃO";"#NULO";-1;"#NULO";"N";"N";-1;-1;"2026-08-15 16:56:56";8;"AGUARDANDO JULGAMENTO";"-1";"#NULO";"-1";"#NULO";-1;"#NULO";-1;"#NULO";-1;"#NULO";-1;"#NULO";"-1";"#NULO"
"15/08/2026";"19:30:51";2026;6259;250002552623;-3;"#NE";1;"BRASILEIRA NATA";-3;"GARANHUNS";"53";"N";-1;"#NULO";"3176572.53";"#NE";"S";"-1";"06028174820266260000";"-3";"#NE";"-3";"#NE";"NÃO";"#NULO";-1;"#NULO";"N";"N";-1;-1;"2026-08-15 16:56:56";8;"AGUARDANDO JULGAMENTO";"-1";"#NULO";"-1";"#NULO";-1;"#NULO";-1;"#NULO";-1;"#NULO";-1;"#NULO";"-1";"#NULO"
"15/08/2026";"19:30:51";2026;6259;250002552625;-3;"#NE";1;"BRASILEIRA NATA";-3;"RECIFE";"57";"N";-1;"#NULO";"3176572.53";"#NE";"N";"-1";"06028469820266260000";"-3";"#NE";"-3";"#NE";"NÃO";"#NULO";-1;"#NULO";"N";"N";-1;-1;"2026-08-15 16:56:56";8;"AGUARDANDO JULGAMENTO";"-1";"#NULO";"-1";"#NULO";-1;"#NULO";-1;"#NULO";-1;"#NULO";-1;"#NULO";"-1";"#NULO"
"15/08/2026";"19:30:51";2026;6259;250002552626;-3;"#NE";1;"BRASILEIRA NATA";-3;"RECIFE";"59";"N";-1;"#NULO";"3176572.53";"#NE";"N";"-1";"06028581520266260000";"-3";"#NE";"-3";"#NE";"NÃO";"#NULO";-1;"#NULO";"N";"N";-1;-1;"2026-08-15 16:56:56";8;"AGUARDANDO JULGAMENTO";"-1";"#NULO";"-1";"#NULO";-1;"#NULO";-1;"#NULO";-1;"#NULO";-1;"#NULO";"-1";"#NULO"
"15/08/2026";"19:30:51";2026;6259;250002552632;-3;"#NE";1;"BRASILEIRA NATA";-3;"MIRANTE DO PARANAPANEMA";"60";"N";-1;"#NULO";"3176572.53";"#NE";"N";"-1";"06028702920266260000";"-3";"#NE";"-3";"#NE";"NÃO";"#NULO";-1;"#NULO";"N";"N";-1;-1;"2026-08-15 16:56:56";8;"AGUARDANDO JULGAMENTO";"-1";"#NULO";"-1";"#NULO";-1;"#NULO";-1;"#NULO";-1;"#NULO";-1;"#NULO";"-1";"#NULO"
"15/08/2026";"19:30:51";2026;6259;250002552656;-3;"#NE";1;"BRASILEIRA NATA";-3;"SÃO CAETANO DO SUL";"60";"N";-1;"#NULO";"3176572.53";"#NE";"N";"-1";"06028486820266260000";"-3";"#NE";"-3";"#NE";"NÃO";"#NULO";-1;"#NULO";"N";"N";-1;-1;"2026-08-15 16:56:56";8;"AGUARDANDO JULGAMENTO";"-1";"#NULO";"-1";"#NULO";-1;"#NULO";-1;"#NULO";-1;"#NULO";-1;"#NULO";"-1";"#NULO"
"15/08/2026";"19:30:51";2026;6259;250002552658;-3;"#NE";1;"BRASILEIRA NATA";-3;"SÃO PAULO";"75";"N";-1;"#NULO";"3176572.53";"#NE";"N";"-1";"06028417620266260000";"-3";"#NE";"-3";"#NE";"NÃO";"#NULO";-1;"#NULO";"N";"N";-1;-1;"2026-08-15 16:56:56";8;"AGUARDANDO JULGAMENTO";"-1";"#NULO";"-1";"#NULO";-1;"#NULO";-1;"#NULO";-1;"#NULO";-1;"#NULO";"-1";"#NULO"
"15/08/2026";"19:30:51";2026;6259;250002552663;-3;"#NE";1;"BRASILEIRA NATA";-3;"SÃO PAULO";"74";"N";-1;"#NULO";"3176572.53";"#NE";"S";"-1";"06028633720266260000";"-3";"#NE";"-3";"#NE";"NÃO";"#NULO";-1;"#NULO";"N";"N";-1;-1;"2026-08-15 16:56:56";8;"AGUARDANDO JULGAMENTO";"-1";"#NULO";"-1";"#NULO";-1;"#NULO";-1;"#NULO";-1;"#NULO";-1;"#NULO";"-1";"#NULO"
"15/08/2026";"19:30:51";2026;6259;250002552664;-3;"#NE";1;"BRASILEIRA NATA";-3;"SÃO PAULO";"68";"N";-1;"#NULO";"3176572.53";"#NE";"S";"-1";"06028868020266260000";"-3";"#NE";"-3";"#NE";"NÃO";"#NULO";-1;"#NULO";"N";"N";-1;-1;"2026-08-15 16:56:56";8;"AGUARDANDO JULGAMENTO";"-1";"#NULO";"-1";"#NULO";-1;"#NULO";-1;"#NULO";-1;"#NULO";-1;"#NULO";"-1";"#NULO"
"15/08/2026";"19:30:51";2026;6259;250002552677;-3;"#NE";1;"BRASILEIRA NATA";-3;"TABOÃO DA SERRA";"62";"N";-1;"#NULO";"3176572.53";"#NE";"N";"-1";"06028390920266260000";"-3";"#NE";"-3";"#NE";"NÃO";"#NULO";-1;"#NULO";"N";"N";-1;-1;"2026-08-15 16:56:56";8;"AGUARDANDO JULGAMENTO";"-1";"#NULO";"-1";"#NULO";-1;"#NULO";-1;"#NULO";-1;"#NULO";-1;"#NULO";"-1";"#NULO"
"15/08/2026";"19:30:51";2026;6259;250002552860;-3;"#NE";1;"BRASILEIRA NATA";-3;"BRAGANÇA PAULISTA";"52";"N";-1;"#NULO";"1270629.01";"#NE";"S";"-1";"06027508320266260000";"-3";"#NE";"-3";"#NE";"NÃO";"#NULO";-1;"#NULO";"N";"N";-1;-1;"2026-08-15 16:08:59";8;"AGUARDANDO JULGAMENTO";"-1";"#NULO";"-1";"#NULO";-1;"#NULO";-1;"#NULO";-1;"#NULO";-1;"#NULO";"-1";"#NULO"
"15/08/2026";"19:30:51";2026;6259;250002552865;-3;"#NE";1;"BRASILEIRA NATA";-3;"SÃO PAULO";"49";"N";-1;"#NULO";"1270629.01";"#NE";"N";"-1";"06028053420266260000";"-3";"#NE";"-3";"#NE";"NÃO";"#NULO";-1;"#NULO";"N";"N";-1;-1;"2026-08-15 16:08:59";8;"AGUARDANDO JULGAMENTO";"-1";"#NULO";"-1";"#NULO";-1;"#NULO";-1;"#NULO";-1;"#NULO";-1;"#NULO";"-1";"#NULO"
"15/08/2026";"19:30:51";2026;6259;250002552868;-3;"#NE";1;"BRASILEIRA NATA";-3;"SÃO PAULO";"53";"N";-1;"#NULO";"1270629.01";"#NE";"N";"-1";"06027586020266260000";"-3";"#NE";"-3";"#NE";"NÃO";"#NULO";-1;"#NULO";"N";"N";-1;-1;"2026-08-15 16:08:59";8;"AGUARDANDO JULGAMENTO";"-1";"#NULO";"-1";"#NULO";-1;"#NULO";-1;"#NULO";-1;"#NULO";-1;"#NULO";"-1";"#NULO"
"15/08/2026";"19:30:51";2026;6259;250002552893;-3;"#NE";1;"BRASILEIRA NATA";-3;"SÃO PAULO";"59";"N";-1;"#NULO";"1270629.01";"#NE";"S";"-1";"06027516820266260000";"-3";"#NE";"-3";"#NE";"NÃO";"#NULO";-1;"#NULO";"N";"N";-1;-1;"2026-08-15 16:08:59";8;"AGUARDANDO JULGAMENTO";"-1";"#NULO";"-1";"#NULO";-1;"#NULO";-1;"#NULO";-1;"#NULO";-1;"#NULO";"-1";"#NULO"
"15/08/2026";"19:30:51";2026;6259;250002552895;-3;"#NE";1;"BRASILEIRA NATA";-3;"JUNDIAÍ";"49";"N";-1;"#NULO";"1270629.01";"#NE";"N";"-1";"06027533820266260000";"-3";"#NE";"-3";"#NE";"NÃO";"#NULO";-1;"#NULO";"N";"N";-1;-1;"2026-08-15 16:08:59";8;"AGUARDANDO JULGAMENTO";"-1";"#NULO";"-1";"#NULO";-1;"#NULO";-1;"#NULO";-1;"#NULO";-1;"#NULO";"-1";"#NULO"
"15/08/2026";"19:30:51";2026;6259;250002552901;-3;"#NE";1;"BRASILEIRA NATA";-3;"MARÍLIA";"67";"N";-1;"#NULO";"1270629.01";"#NE";"S";"-1";"06027854320266260000";"-3";"#NE";"-3";"#NE";"NÃO";"#NULO";-1;"#NULO";"N";"N";-1;-1;"2026-08-15 16:08:59";8;"AGUARDANDO JULGAMENTO";"-1";"#NULO";"-1";"#NULO";-1;"#NULO";-1;"#NULO";-1;"#NULO";-1;"#NULO";"-1";"#NULO"
"15/08/2026";"19:30:51";2026;6259;250002552904;-3;"#NE";1;"BRASILEIRA NATA";-3;"PARAGUAÇU PAULISTA";"67";"N";-1;"#NULO";"1270629.01";"#NE";"S";"-1";"06027603020266260000";"-3";"#NE";"-3";"#NE";"NÃO";"#NULO";-1;"#NULO";"N";"N";-1;-1;"2026-08-15 16:08:59";8;"AGUARDANDO JULGAMENTO";"-1";"#NULO";"-1";"#NULO";-1;"#NULO";-1;"#NULO";-1;"#NULO";-1;"#NULO";"-1";"#NULO"
"15/08/2026";"19:30:51";2026;6259;250002552911;-3;"#NE";1;"BRASILEIRA NATA";-3;"ITUAÇU";"64";"N";-1;"#NULO";"1270629.01";"#NE";"N";"-1";"06027646720266260000";"-3";"#NE";"-3";"#NE";"NÃO";"#NULO";-1;"#NULO";"N";"N";-1;-1;"2026-08-15 16:08:59";8;"AGUARDANDO JULGAMENTO";"-1";"#NULO";"-1";"#NULO";-1;"#NULO";-1;"#NULO";-1;"#NULO";-1;"#NULO";"-1";"#NULO"
"15/08/2026";"19:30:51";2026;6259;250002553250;-3;"#NE";2;"BRASILEIRA (NATURALIZADA)";-3;"SÃO PAULO";"63";"N";-1;"#NULO";"-1";"#NE";"N";"-1";"06029031920266260000";"-3";"#NE";"-3";"#NE";"NÃO";"#NULO";-1;"#NULO";"N";"N";-1;-1;"2026-08-15 17:59:26";8;"AGUARDANDO JULGAMENTO";"-1";"#NULO";"-1";"#NULO";-1;"#NULO";-1;"#NULO";-1;"#NULO";-1;"#NULO";"-1";"#NULO"
"15/08/2026";"19:30:51";2026;6259;250002553333;-3;"#NE";1;"BRASILEIRA NATA";-3;"SÃO PAULO";"61";"N";-1;"#NULO";"3176572.53";"#NE";"S";"-1";"06028971220266260000";"-3";"#NE";"-3";"#NE";"NÃO";"#NULO";-1;"#NULO";"N";"N";-1;-1;"2026-08-15 17:41:45";8;"AGUARDANDO JULGAMENTO";"-1";"#NULO";"-1";"#NULO";-1;"#NULO";-1;"#NULO";-1;"#NULO";-1;"#NULO";"-1";"#NULO"
"15/08/2026";"19:30:51";2026;6259;250002553767;-3;"#NE";1;"BRASILEIRA NATA";-3;"TABOÃO DA SERRA";"37";"N";-1;"#NULO";"1270629.01";"#NE";"N";"-1";"06029725120266260000";"-3";"#NE";"-3";"#NE";"NÃO";"#NULO";-1;"#NULO";"N";"N";-1;-1;"2026-08-15 19:01:55";8;"AGUARDANDO JULGAMENTO";"-1";"#NULO";"-1";"#NULO";-1;"#NULO";-1;"#NULO";-1;"#NULO";-1;"#NULO";"-1";"#NULO"
"15/08/2026";"19:30:51";2026;6259;250002553766;-3;"#NE";1;"BRASILEIRA NATA";-3;"SANTO ANDRÉ";"68";"N";-1;"#NULO";"1270629.01";"#NE";"N";"-1";"06029708120266260000";"-3";"#NE";"-3";"#NE";"NÃO";"#NULO";-1;"#NULO";"N";"N";-1;-1;"2026-08-15 19:01:55";8;"AGUARDANDO JULGAMENTO";"-1";"#NULO";"-1";"#NULO";-1;"#NULO";-1;"#NULO";-1;"#NULO";-1;"#NULO";"-1";"#NULO"
"15/08/2026";"19:30:51";2026;6259;250002553769;-3;"#NE";1;"BRASILEIRA NATA";-3;"TABOÃO DA SERRA";"55";"N";-1;"#NULO";"1270629.01";"#NE";"N";"-1";"06029291720266260000";"-3";"#NE";"-3";"#NE";"NÃO";"#NULO";-1;"#NULO";"N";"N";-1;-1;"2026-08-15 19:01:55";8;"AGUARDANDO JULGAMENTO";"-1";"#NULO";"-1";"#NULO";-1;"#NULO";-1;"#NULO";-1;"#NULO";-1;"#NULO";"-1";"#NULO"
"15/08/2026";"19:30:51";2026;6259;250002553777;-3;"#NE";1;"BRASILEIRA NATA";-3;"SÃO PAULO";"47";"N";-1;"#NULO";"1270629.01";"#NE";"N";"-1";"06029595220266260000";"-3";"#NE";"-3";"#NE";"NÃO";"#NULO";-1;"#NULO";"N";"N";-1;-1;"2026-08-15 19:01:55";8;"AGUARDANDO JULGAMENTO";"-1";"#NULO";"-1";"#NULO";-1;"#NULO";-1;"#NULO";-1;"#NULO";-1;"#NULO";"-1";"#NULO"
"15/08/2026";"19:30:51";2026;6259;250002553788;-3;"#NE";1;"BRASILEIRA NATA";-3;"SÃO PAULO";"67";"N";-1;"#NULO";"1270629.01";"#NE";"N";"-1";"06029872020266260000";"-3";"#NE";"-3";"#NE";"NÃO";"#NULO";-1;"#NULO";"N";"N";-1;-1;"2026-08-15 19:01:55";8;"AGUARDANDO JULGAMENTO";"-1";"#NULO";"-1";"#NULO";-1;"#NULO";-1;"#NULO";-1;"#NULO";-1;"#NULO";"-1";"#NULO"
"15/08/2026";"19:30:51";2026;6259;250002553793;-3;"#NE";1;"BRASILEIRA NATA";-3;"NOVA ODESSA";"37";"N";-1;"#NULO";"1270629.01";"#NE";"N";"-1";"06029638920266260000";"-3";"#NE";"-3";"#NE";"NÃO";"#NULO";-1;"#NULO";"N";"N";-1;-1;"2026-08-15 19:01:55";8;"AGUARDANDO JULGAMENTO";"-1";"#NULO";"-1";"#NULO";-1;"#NULO";-1;"#NULO";-1;"#NULO";-1;"#NULO";"-1";"#NULO"
"15/08/2026";"19:30:51";2026;6259;250002553801;-3;"#NE";1;"BRASILEIRA NATA";-3;"IGUAPE";"82";"N";-1;"#NULO";"1270629.01";"#NE";"N";"-1";"06029586720266260000";"-3";"#NE";"-3";"#NE";"NÃO";"#NULO";-1;"#NULO";"N";"N";-1;-1;"2026-08-15 19:01:55";8;"AGUARDANDO JULGAMENTO";"-1";"#NULO";"-1";"#NULO";-1;"#NULO";-1;"#NULO";-1;"#NULO";-1;"#NULO";"-1";"#NULO"
"15/08/2026";"19:30:51";2026;6259;250002553810;-3;"#NE";1;"BRASILEIRA NATA";-3;"VERA CRUZ";"78";"N";-1;"#NULO";"1270629.01";"#NE";"S";"-1";"06029569720266260000";"-3";"#NE";"-3";"#NE";"NÃO";"#NULO";-1;"#NULO";"N";"N";-1;-1;"2026-08-15 19:01:55";8;"AGUARDANDO JULGAMENTO";"-1";"#NULO";"-1";"#NULO";-1;"#NULO";-1;"#NULO";-1;"#NULO";-1;"#NULO";"-1";"#NULO"
"15/08/2026";"19:30:51";2026;6259;250002553824;-3;"#NE";1;"BRASILEIRA NATA";-3;"SÃO PAULO";"59";"N";-1;"#NULO";"1270629.01";"#NE";"N";"-1";"06029855020266260000";"-3";"#NE";"-3";"#NE";"NÃO";"#NULO";-1;"#NULO";"N";"N";-1;-1;"2026-08-15 19:01:55";8;"AGUARDANDO JULGAMENTO";"-1";"#NULO";"-1";"#NULO";-1;"#NULO";-1;"#NULO";-1;"#NULO";-1;"#NULO";"-1";"#NULO"
"15/08/2026";"19:30:51";2026;6259;250002553823;-3;"#NE";1;"BRASILEIRA NATA";-3;"SANTA CRUZ DO RIO PARDO";"51";"N";-1;"#NULO";"1270629.01";"#NE";"N";"-1";"06029379120266260000";"-3";"#NE";"-3";"#NE";"NÃO";"#NULO";-1;"#NULO";"N";"N";-1;-1;"2026-08-15 19:01:55";8;"AGUARDANDO JULGAMENTO";"-1";"#NULO";"-1";"#NULO";-1;"#NULO";-1;"#NULO";-1;"#NULO";-1;"#NULO";"-1";"#NULO"
"15/08/2026";"19:30:51";2026;6259;250002553829;-3;"#NE";1;"BRASILEIRA NATA";-3;"CÂNDIDO MOTA";"62";"N";-1;"#NULO";"1270629.01";"#NE";"N";"-1";"06029733620266260000";"-3";"#NE";"-3";"#NE";"NÃO";"#NULO";-1;"#NULO";"N";"N";-1;-1;"2026-08-15 19:01:55";8;"AGUARDANDO JULGAMENTO";"-1";"#NULO";"-1";"#NULO";-1;"#NULO";-1;"#NULO";-1;"#NULO";-1;"#NULO";"-1";"#NULO"
"15/08/2026";"19:30:51";2026;6259;250002553871;-3;"#NE";1;"BRASILEIRA NATA";-3;"SANTO ANDRÉ";"66";"N";-1;"#NULO";"1270629.01";"#NE";"S";"-1";"06030037120266260000";"-3";"#NE";"-3";"#NE";"NÃO";"#NULO";-1;"#NULO";"N";"N";-1;-1;"2026-08-15 19:14:09";8;"AGUARDANDO JULGAMENTO";"-1";"#NULO";"-1";"#NULO";-1;"#NULO";-1;"#NULO";-1;"#NULO";-1;"#NULO";"-1";"#NULO"
"15/08/2026";"19:30:51";2026;6259;250002553875;-3;"#NE";1;"BRASILEIRA NATA";-3;"MANAUS";"42";"N";-1;"#NULO";"1270629.01";"#NE";"N";"-1";"06030114820266260000";"-3";"#NE";"-3";"#NE";"NÃO";"#NULO";-1;"#NULO";"N";"N";-1;-1;"2026-08-15 19:14:09";8;"AGUARDANDO JULGAMENTO";"-1";"#NULO";"-1";"#NULO";-1;"#NULO";-1;"#NULO";-1;"#NULO";-1;"#NULO";"-1";"#NULO"
"15/08/2026";"19:30:51";2026;6259;250002530119;-3;"#NE";2;"BRASILEIRA (NATURALIZADA)";-3;"LARANJEIRAS DO SUL";"47";"S";-1;"#NULO";"3176572.53";"#NE";"S";"-1";"06003482920266260000";"-3";"#NE";"-3";"#NE";"NÃO";"#NULO";-1;"#NULO";"N";"N";-1;-1;"2026-07-23 18:40:08";8;"AGUARDANDO JULGAMENTO";"-1";"#NULO";"-1";"#NULO";-1;"#NULO";-1;"#NULO";-1;"#NULO";-1;"#NULO";"-1";"#NULO"
"15/08/2026";"19:30:51";2026;6259;250002530130;-3;"#NE";1;"BRASILEIRA NATA";-3;"RIO DE JANEIRO";"53";"N";0;"NÃO INFORMADO";"3176572.53";"#NE";"S";"-1";"06003612820266260000";"-3";"#NE";"-3";"#NE";"NÃO";"#NULO";-1;"#NULO";"N";"N";-1;-1;"2026-07-23 18:40:08";8;"AGUARDANDO JULGAMENTO";"-1";"#NULO";"-1";"#NULO";-1;"#NULO";-1;"#NULO";-1;"#NULO";-1;"#NULO";"-1";"#NULO"
"15/08/2026";"19:30:51";2026;6259;250002530138;-3;"#NE";1;"BRASILEIRA NATA";-3;"CAMPINAS";"59";"N";-1;"#NULO";"3176572.53";"#NE";"S";"-1";"06003170920266260000";"-3";"#NE";"-3";"#NE";"NÃO";"#NULO";-1;"#NULO";"N";"N";-1;-1;"2026-07-23 18:40:08";8;"AGUARDANDO JULGAMENTO";"-1";"#NULO";"-1";"#NULO";-1;"#NULO";-1;"#NULO";-1;"#NULO";-1;"#NULO";"-1";"#NULO"
"15/08/2026";"19:30:51";2026;6259;250002530153;-3;"#NE";1;"BRASILEIRA NATA";-3;"SANTO ANDRÉ";"38";"N";0;"NÃO INFORMADO";"3176572.53";"#NE";"S";"-1";"06003665020266260000";"-3";"#NE";"-3";"#NE";"NÃO";"#NULO";-1;"#NULO";"N";"N";-1;-1;"2026-07-23 18:40:08";8;"AGUARDANDO JULGAMENTO";"-1";"#NULO";"-1";"#NULO";-1;"#NULO";-1;"#NULO";-1;"#NULO";-1;"#NULO";"-1";"#NULO"
"15/08/2026";"19:30:51";2026;6259;250002530155;-3;"#NE";1;"BRASILEIRA NATA";-3;"SANTOS";"45";"N";-1;"#NULO";"3176572.53";"#NE";"N";"-1";"06003206120266260000";"-3";"#NE";"-3";"#NE";"NÃO";"#NULO";-1;"#NULO";"N";"N";-1;-1;"2026-07-23 18:40:08";8;"AGUARDANDO JULGAMENTO";"-1";"#NULO";"-1";"#NULO";-1;"#NULO";-1;"#NULO";-1;"#NULO";-1;"#NULO";"-1";"#NULO"
"15/08/2026";"19:30:51";2026;6259;250002530162;-3;"#NE";1;"BRASILEIRA NATA";-3;"SÃO PAULO";"51";"N";0;"NÃO INFORMADO";"3176572.53";"#NE";"S";"-1";"06003465920266260000";"-3";"#NE";"-3";"#NE";"NÃO";"#NULO";-1;"#NULO";"N";"N";-1;-1;"2026-07-23 18:40:08";8;"AGUARDANDO JULGAMENTO";"-1";"#NULO";"-1";"#NULO";-1;"#NULO";-1;"#NULO";-1;"#NULO";-1;"#NULO";"-1";"#NULO"
"15/08/2026";"19:30:51";2026;6259;250002530165;-3;"#NE";1;"BRASILEIRA NATA";-3;"SÃO PAULO";"55";"N";-1;"#NULO";"3176572.53";"#NE";"S";"-1";"06003751220266260000";"-3";"#NE";"-3";"#NE";"NÃO";"#NULO";-1;"#NULO";"N";"N";-1;-1;"2026-07-23 18:40:08";8;"AGUARDANDO JULGAMENTO";"-1";"#NULO";"-1";"#NULO";-1;"#NULO";-1;"#NULO";-1;"#NULO";-1;"#NULO";"-1";"#NULO"
"15/08/2026";"19:30:51";2026;6259;250002530170;-3;"#NE";1;"BRASILEIRA NATA";-3;"SÃO PAULO";"60";"N";-1;"#NULO";"3176572.53";"#NE";"S";"-1";"06003405220266260000";"-3";"#NE";"-3";"#NE";"NÃO";"#NULO";-1;"#NULO";"N";"N";-1;-1;"2026-07-23 18:40:08";8;"AGUARDANDO JULGAMENTO";"-1";"#NULO";"-1";"#NULO";-1;"#NULO";-1;"#NULO";-1;"#NULO";-1;"#NULO";"-1";"#NULO"
"15/08/2026";"19:30:51";2026;6259;250002530178;-3;"#NE";1;"BRASILEIRA NATA";-3;"SERRANA";"56";"N";0;"NÃO INFORMADO";"3176572.53";"#NE";"S";"-1";"06003361520266260000";"-3";"#NE";"-3";"#NE";"NÃO";"#NULO";-1;"#NULO";"N";"N";-1;-1;"2026-07-23 18:40:08";8;"AGUARDANDO JULGAMENTO";"-1";"#NULO";"-1";"#NULO";-1;"#NULO";-1;"#NULO";-1;"#NULO";-1;"#NULO";"-1";"#NULO"
"15/08/2026";"19:30:51";2026;6259;250002530179;-3;"#NE";1;"BRASILEIRA NATA";-3;"TAUBATÉ";"57";"N";0;"NÃO INFORMADO";"3176572.53";"#NE";"S";"-1";"06003214620266260000";"-3";"#NE";"-3";"#NE";"NÃO";"#NULO";-1;"#NULO";"N";"N";-1;-1;"2026-07-23 18:40:08";8;"AGUARDANDO JULGAMENTO";"-1";"#NULO";"-1";"#NULO";-1;"#NULO";-1;"#NULO";-1;"#NULO";-1;"#NULO";"-1";"#NULO"
"15/08/2026";"19:30:51";2026;6259;250002530197;-3;"#NE";1;"BRASILEIRA NATA";-3;"LIMEIRA";"58";"N";0;"NÃO INFORMADO";"1270629.01";"#NE";"N";"-1";"06003907820266260000";"-3";"#NE";"-3";"#NE";"NÃO";"#NULO";-1;"#NULO";"N";"N";-1;-1;"2026-07-23 19:03:01";8;"AGUARDANDO JULGAMENTO";"-1";"#NULO";"-1";"#NULO";-1;"#NULO";-1;"#NULO";-1;"#NULO";-1;"#NULO";"-1";"#NULO"
"15/08/2026";"19:30:51";2026;6259;250002530217;-3;"#NE";1;"BRASILEIRA NATA";-3;"CAMPINAS";"47";"N";0;"NÃO INFORMADO";"1270629.01";"#NE";"N";"-1";"06004418920266260000";"-3";"#NE";"-3";"#NE";"NÃO";"#NULO";-1;"#NULO";"N";"N";-1;-1;"2026-07-23 19:03:01";8;"AGUARDANDO JULGAMENTO";"-1";"#NULO";"-1";"#NULO";-1;"#NULO";-1;"#NULO";-1;"#NULO";-1;"#NULO";"-1";"#NULO"
"15/08/2026";"19:30:51";2026;6259;250002530222;-3;"#NE";1;"BRASILEIRA NATA";-3;"FRANCA";"59";"N";-1;"#NULO";"1270629.01";"#NE";"S";"-1";"06004427420266260000";"-3";"#NE";"-3";"#NE";"NÃO";"#NULO";-1;"#NULO";"N";"N";-1;-1;"2026-07-23 19:03:01";8;"AGUARDANDO JULGAMENTO";"-1";"#NULO";"-1";"#NULO";-1;"#NULO";-1;"#NULO";-1;"#NULO";-1;"#NULO";"-1";"#NULO"
"15/08/2026";"19:30:51";2026;6259;250002530234;-3;"#NE";1;"BRASILEIRA NATA";-3;"SÃO PAULO";"49";"N";-1;"#NULO";"1270629.01";"#NE";"S";"-1";"06004358220266260000";"-3";"#NE";"-3";"#NE";"NÃO";"#NULO";-1;"#NULO";"N";"N";-1;-1;"2026-07-23 19:03:01";8;"AGUARDANDO JULGAMENTO";"-1";"#NULO";"-1";"#NULO";-1;"#NULO";-1;"#NULO";-1;"#NULO";-1;"#NULO";"-1";"#NULO"
"15/08/2026";"19:30:51";2026;6259;250002530242;-3;"#NE";1;"BRASILEIRA NATA";-3;"SÃO PAULO";"56";"N";-1;"#NULO";"1270629.01";"#NE";"S";"-1";"06004652020266260000";"-3";"#NE";"-3";"#NE";"NÃO";"#NULO";-1;"#NULO";"N";"N";-1;-1;"2026-07-23 19:03:01";8;"AGUARDANDO JULGAMENTO";"-1";"#NULO";"-1";"#NULO";-1;"#NULO";-1;"#NULO";-1;"#NULO";-1;"#NULO";"-1";"#NULO"
"15/08/2026";"19:30:51";2026;6259;250002530244;-3;"#NE";1;"BRASILEIRA NATA";-3;"SÃO PAULO";"51";"N";-1;"#NULO";"1270629.01";"#NE";"S";"-1";"06004565820266260000";"-3";"#NE";"-3";"#NE";"NÃO";"#NULO";-1;"#NULO";"N";"N";-1;-1;"2026-07-23 19:03:01";8;"AGUARDANDO JULGAMENTO";"-1";"#NULO";"-1";"#NULO";-1;"#NULO";-1;"#NULO";-1;"#NULO";-1;"#NULO";"-1";"#NULO"
"15/08/2026";"19:30:51";2026;6259;250002530250;-3;"#NE";1;"BRASILEIRA NATA";-3;"SÃO PAULO";"65";"N";0;"NÃO INFORMADO";"1270629.01";"#NE";"S";"-1";"06004262320266260000";"-3";"#NE";"-3";"#NE";"NÃO";"#NULO";-1;"#NULO";"N";"N";-1;-1;"2026-07-23 19:03:01";8;"AGUARDANDO JULGAMENTO";"-1";"#NULO";"-1";"#NULO";-1;"#NULO";-1;"#NULO";-1;"#NULO";-1;"#NULO";"-1";"#NULO"
"15/08/2026";"19:30:51";2026;6259;250002530268;-3;"#NE";1;"BRASILEIRA NATA";-3;"SÃO PAULO";"35";"N";-1;"#NULO";"1270629.01";"#NE";"S";"-1";"06003994020266260000";"-3";"#NE";"-3";"#NE";"NÃO";"#NULO";-1;"#NULO";"N";"N";-1;-1;"2026-07-23 19:03:01";8;"AGUARDANDO JULGAMENTO";"-1";"#NULO";"-1";"#NULO";-1;"#NULO";-1;"#NULO";-1;"#NULO";-1;"#NULO";"-1";"#NULO"
"15/08/2026";"19:30:51";2026;6259;250002532331;-3;"#NE";1;"BRASILEIRA NATA";-3;"DRACENA";"44";"N";0;"NÃO INFORMADO";"3176572.53";"#NE";"S";"-1";"06005137620266260000";"-3";"#NE";"-3";"#NE";"NÃO";"#NULO";-1;"#NULO";"N";"N";-1;-1;"2026-07-27 18:23:24";8;"AGUARDANDO JULGAMENTO";"-1";"#NULO";"-1";"#NULO";-1;"#NULO";-1;"#NULO";-1;"#NULO";-1;"#NULO";"-1";"#NULO"
"15/08/2026";"19:30:51";2026;6259;250002532336;-3;"#NE";1;"BRASILEIRA NATA";-3;"SÃO PAULO";"41";"N";-1;"#NULO";"3176572.53";"#NE";"S";"-1";"06004964020266260000";"-3";"#NE";"-3";"#NE";"NÃO";"#NULO";-1;"#NULO";"N";"N";-1;-1;"2026-07-27 18:23:24";8;"AGUARDANDO JULGAMENTO";"-1";"#NULO";"-1";"#NULO";-1;"#NULO";-1;"#NULO";-1;"#NULO";-1;"#NULO";"-1";"#NULO"
"15/08/2026";"19:30:51";2026;6259;250002532352;-3;"#NE";1;"BRASILEIRA NATA";-3;"SÃO PAULO";"46";"N";0;"NÃO INFORMADO";"3176572.53";"#NE";"S";"-1";"06005336720266260000";"-3";"#NE";"-3";"#NE";"NÃO";"#NULO";-1;"#NULO";"N";"N";-1;-1;"2026-07-27 18:23:24";8;"AGUARDANDO JULGAMENTO";"-1";"#NULO";"-1";"#NULO";-1;"#NULO";-1;"#NULO";-1;"#NULO";-1;"#NULO";"-1";"#NULO"
"15/08/2026";"19:30:51";2026;6259;250002532362;-3;"#NE";1;"BRASILEIRA NATA";-3;"NOVA IGUAÇU";"51";"N";0;"NÃO INFORMADO";"3176572.53";"#NE";"S";"-1";"06005102420266260000";"-3";"#NE";"-3";"#NE";"NÃO";"#NULO";-1;"#NULO";"N";"N";-1;-1;"2026-07-27 18:23:24";8;"AGUARDANDO JULGAMENTO";"-1";"#NULO";"-1";"#NULO";-1;"#NULO";-1;"#NULO";-1;"#NULO";-1;"#NULO";"-1";"#NULO"
"15/08/2026";"19:30:51";2026;6259;250002532372;-3;"#NE";1;"BRASILEIRA NATA";-3;"SÃO PAULO";"52";"N";0;"NÃO INFORMADO";"3176572.53";"#NE";"S";"-1";"06005370720266260000";"-3";"#NE";"-3";"#NE";"NÃO";"#NULO";-1;"#NULO";"N";"N";-1;-1;"2026-07-27 18:23:24";8;"AGUARDANDO JULGAMENTO";"-1";"#NULO";"-1";"#NULO";-1;"#NULO";-1;"#NULO";-1;"#NULO";-1;"#NULO";"-1";"#NULO"
"15/08/2026";"19:30:51";2026;6259;250002532379;-3;"#NE";1;"BRASILEIRA NATA";-3;"SÃO CAETANO DO SUL";"47";"N";0;"NÃO INFORMADO";"3176572.53";"#NE";"S";"-1";"06005007720266260000";"-3";"#NE";"-3";"#NE";"NÃO";"#NULO";-1;"#NULO";"N";"N";-1;-1;"2026-07-27 18:23:24";8;"AGUARDANDO JULGAMENTO";"-1";"#NULO";"-1";"#NULO";-1;"#NULO";-1;"#NULO";-1;"#NULO";-1;"#NULO";"-1";"#NULO"
"15/08/2026";"19:30:51";2026;6259;250002532380;-3;"#NE";1;"BRASILEIRA NATA";-3;"SALVADOR";"29";"N";-1;"#NULO";"3176572.53";"#NE";"S";"-1";"06004894820266260000";"-3";"#NE";"-3";"#NE";"NÃO";"#NULO";-1;"#NULO";"N";"N";-1;-1;"2026-07-27 18:23:24";8;"AGUARDANDO JULGAMENTO";"-1";"#NULO";"-1";"#NULO";-1;"#NULO";-1;"#NULO";-1;"#NULO";-1;"#NULO";"-1";"#NULO"
"15/08/2026";"19:30:51";2026;6259;250002533621;-3;"#NE";1;"BRASILEIRA NATA";-3;"RIO DE JANEIRO";"56";"N";-1;"#NULO";"3176572.53";"#NE";"N";"-1";"06006921020266260000";"-3";"#NE";"-3";"#NE";"NÃO";"#NULO";-1;"#NULO";"N";"N";-1;-1;"2026-07-30 18:02:50";8;"AGUARDANDO JULGAMENTO";"-1";"#NULO";"-1";"#NULO";-1;"#NULO";-1;"#NULO";-1;"#NULO";-1;"#NULO";"-1";"#NULO"
"15/08/2026";"19:30:51";2026;6259;250002533655;-3;"#NE";1;"BRASILEIRA NATA";-3;"SÃO PAULO";"48";"N";-1;"#NULO";"3176572.53";"#NE";"N";"-1";"06007069120266260000";"-3";"#NE";"-3";"#NE";"NÃO";"#NULO";-1;"#NULO";"N";"N";-1;-1;"2026-07-30 18:02:50";8;"AGUARDANDO JULGAMENTO";"-1";"#NULO";"-1";"#NULO";-1;"#NULO";-1;"#NULO";-1;"#NULO";-1;"#NULO";"-1";"#NULO"
"15/08/2026";"19:30:51";2026;6259;250002533660;-3;"#NE";1;"BRASILEIRA NATA";-3;"SÃO PAULO";"30";"N";-1;"#NULO";"3176572.53";"#NE";"S";"-1";"06006834820266260000";"-3";"#NE";"-3";"#NE";"NÃO";"#NULO";-1;"#NULO";"N";"N";-1;-1;"2026-07-30 18:02:50";8;"AGUARDANDO JULGAMENTO";"-1";"#NULO";"-1";"#NULO";-1;"#NULO";-1;"#NULO";-1;"#NULO";-1;"#NULO";"-1";"#NULO"
"15/08/2026";"19:30:51";2026;6259;250002533669;-3;"#NE";1;"BRASILEIRA NATA";-3;"SÃO PAULO";"69";"N";0;"NÃO INFORMADO";"3176572.53";"#NE";"S";"-1";"06006618720266260000";"-3";"#NE";"-3";"#NE";"NÃO";"#NULO";-1;"#NULO";"N";"N";-1;-1;"2026-07-30 18:02:50";8;"AGUARDANDO JULGAMENTO";"-1";"#NULO";"-1";"#NULO";-1;"#NULO";-1;"#NULO";-1;"#NULO";-1;"#NULO";"-1";"#NULO"
"15/08/2026";"19:30:51";2026;6259;250002533747;-3;"#NE";1;"BRASILEIRA NATA";-3;"SANTO ANDRÉ";"45";"N";-1;"#NULO";"1270629.01";"#NE";"S";"-1";"06005630520266260000";"-3";"#NE";"-3";"#NE";"NÃO";"#NULO";-1;"#NULO";"N";"N";-1;-1;"2026-07-30 13:42:57";8;"AGUARDANDO JULGAMENTO";"-1";"#NULO";"-1";"#NULO";-1;"#NULO";-1;"#NULO";-1;"#NULO";-1;"#NULO";"-1";"#NULO"
"15/08/2026";"19:30:51";2026;6259;250002533751;-3;"#NE";1;"BRASILEIRA NATA";-3;"GUARULHOS";"41";"N";0;"NÃO INFORMADO";"1270629.01";"#NE";"S";"-1";"06006229020266260000";"-3";"#NE";"-3";"#NE";"NÃO";"#NULO";-1;"#NULO";"N";"N";-1;-1;"2026-07-30 13:42:57";8;"AGUARDANDO JULGAMENTO";"-1";"#NULO";"-1";"#NULO";-1;"#NULO";-1;"#NULO";-1;"#NULO";-1;"#NULO";"-1";"#NULO"
"15/08/2026";"19:30:51";2026;6259;250002533766;-3;"#NE";1;"BRASILEIRA NATA";-3;"OLÍMPIA";"50";"N";-1;"#NULO";"1270629.01";"#NE";"N";"-1";"06006046920266260000";"-3";"#NE";"-3";"#NE";"NÃO";"#NULO";-1;"#NULO";"N";"N";-1;-1;"2026-07-30 13:42:57";8;"AGUARDANDO JULGAMENTO";"-1";"#NULO";"-1";"#NULO";-1;"#NULO";-1;"#NULO";-1;"#NULO";-1;"#NULO";"-1";"#NULO"
"15/08/2026";"19:30:51";2026;6259;250002533775;-3;"#NE";1;"BRASILEIRA NATA";-3;"SANTO ANDRÉ";"54";"N";-1;"#NULO";"1270629.01";"#NE";"S";"-1";"06005994720266260000";"-3";"#NE";"-3";"#NE";"NÃO";"#NULO";-1;"#NULO";"N";"N";-1;-1;"2026-07-30 13:42:57";8;"AGUARDANDO JULGAMENTO";"-1";"#NULO";"-1";"#NULO";-1;"#NULO";-1;"#NULO";-1;"#NULO";-1;"#NULO";"-1";"#NULO"
"15/08/2026";"19:30:51";2026;6259;250002533776;-3;"#NE";1;"BRASILEIRA NATA";-3;"SÃO PAULO";"68";"N";-1;"#NULO";"1270629.01";"#NE";"S";"-1";"06005674220266260000";"-3";"#NE";"-3";"#NE";"NÃO";"#NULO";-1;"#NULO";"N";"N";-1;-1;"2026-07-30 13:42:57";8;"AGUARDANDO JULGAMENTO";"-1";"#NULO";"-1";"#NULO";-1;"#NULO";-1;"#NULO";-1;"#NULO";-1;"#NULO";"-1";"#NULO"
"15/08/2026";"19:30:51";2026;6259;250002533787;-3;"#NE";1;"BRASILEIRA NATA";-3;"MARINGÁ";"54";"N";-1;"#NULO";"1270629.01";"#NE";"S";"-1";"06006011720266260000";"-3";"#NE";"-3";"#NE";"NÃO";"#NULO";-1;"#NULO";"N";"N";-1;-1;"2026-07-30 13:42:57";8;"AGUARDANDO JULGAMENTO";"-1";"#NULO";"-1";"#NULO";-1;"#NULO";-1;"#NULO";-1;"#NULO";-1;"#NULO";"-1";"#NULO"
"15/08/2026";"19:30:51";2026;6259;250002533789;-3;"#NE";1;"BRASILEIRA NATA";-3;"CAMPINAS";"38";"N";-1;"#NULO";"1270629.01";"#NE";"S";"-1";"06006099120266260000";"-3";"#NE";"-3";"#NE";"NÃO";"#NULO";-1;"#NULO";"N";"N";-1;-1;"2026-07-30 13:42:57";8;"AGUARDANDO JULGAMENTO";"-1";"#NULO";"-1";"#NULO";-1;"#NULO";-1;"#NULO";-1;"#NULO";-1;"#NULO";"-1";"#NULO"
"15/08/2026";"19:30:51";2026;6259;250002533805;-3;"#NE";1;"BRASILEIRA NATA";-3;"ITUVERAVA";"54";"N";-1;"#NULO";"1270629.01";"#NE";"S";"-1";"06005986220266260000";"-3";"#NE";"-3";"#NE";"NÃO";"#NULO";-1;"#NULO";"N";"N";-1;-1;"2026-07-30 13:42:57";8;"AGUARDANDO JULGAMENTO";"-1";"#NULO";"-1";"#NULO";-1;"#NULO";-1;"#NULO";-1;"#NULO";-1;"#NULO";"-1";"#NULO"
"15/08/2026";"19:30:51";2026;6259;250002534126;-3;"#NE";1;"BRASILEIRA NATA";-3;"COSMÓPOLIS";"48";"N";0;"NÃO INFORMADO";"1270629.01";"#NE";"N";"-1";"06008731120266260000";"-3";"#NE";"-3";"#NE";"NÃO";"#NULO";-1;"#NULO";"N";"N";-1;-1;"2026-07-31 18:08:08";8;"AGUARDANDO JULGAMENTO";"-1";"#NULO";"-1";"#NULO";-1;"#NULO";-1;"#NULO";-1;"#NULO";-1;"#NULO";"-1";"#NULO"
"15/08/2026";"19:30:51";2026;6259;250002534129;-3;"#NE";1;"BRASILEIRA NATA";-3;"SÃO PAULO";"42";"N";-1;"#NULO";"1270629.01";"#NE";"S";"-1";"06009164520266260000";"-3";"#NE";"-3";"#NE";"NÃO";"#NULO";-1;"#NULO";"N";"N";-1;-1;"2026-07-31 18:08:08";8;"AGUARDANDO JULGAMENTO";"-1";"#NULO";"-1";"#NULO";-1;"#NULO";-1;"#NULO";-1;"#NULO";-1;"#NULO";"-1";"#NULO"
"15/08/2026";"19:30:51";2026;6259;250002534131;-3;"#NE";1;"BRASILEIRA NATA";-3;"SÃO PAULO";"52";"N";-1;"#NULO";"1270629.01";"#NE";"S";"-1";"06008973920266260000";"-3";"#NE";"-3";"#NE";"NÃO";"#NULO";-1;"#NULO";"N";"N";-1;-1;"2026-07-31 18:08:08";8;"AGUARDANDO JULGAMENTO";"-1";"#NULO";"-1";"#NULO";-1;"#NULO";-1;"#NULO";-1;"#NULO";-1;"#NULO";"-1";"#NULO"
"15/08/2026";"19:30:51";2026;6259;250002534148;-3;"#NE";1;"BRASILEIRA NATA";-3;"SÃO PAULO";"58";"N";0;"NÃO INFORMADO";"1270629.01";"#NE";"S";"-1";"06009233720266260000";"-3";"#NE";"-3";"#NE";"NÃO";"#NULO";-1;"#NULO";"N";"N";-1;-1;"2026-07-31 18:08:08";8;"AGUARDANDO JULGAMENTO";"-1";"#NULO";"-1";"#NULO";-1;"#NULO";-1;"#NULO";-1;"#NULO";-1;"#NULO";"-1";"#NULO"
"15/08/2026";"19:30:51";2026;6259;250002534149;-3;"#NE";1;"BRASILEIRA NATA";-3;"SÃO JOSÉ DOS CAMPOS";"53";"N";0;"NÃO INFORMADO";"1270629.01";"#NE";"S";"-1";"06008774820266260000";"-3";"#NE";"-3";"#NE";"NÃO";"#NULO";-1;"#NULO";"N";"N";-1;-1;"2026-07-31 18:08:08";8;"AGUARDANDO JULGAMENTO";"-1";"#NULO";"-1";"#NULO";-1;"#NULO";-1;"#NULO";-1;"#NULO";-1;"#NULO";"-1";"#NULO"
"15/08/2026";"19:30:51";2026;6259;250002534154;-3;"#NE";1;"BRASILEIRA NATA";-3;"ARAÇATUBA";"39";"N";0;"NÃO INFORMADO";"1270629.01";"#NE";"S";"-1";"06009208220266260000";"-3";"#NE";"-3";"#NE";"NÃO";"#NULO";-1;"#NULO";"N";"N";-1;-1;"2026-07-31 18:08:08";8;"AGUARDANDO JULGAMENTO";"-1";"#NULO";"-1";"#NULO";-1;"#NULO";-1;"#NULO";-1;"#NULO";-1;"#NULO";"-1";"#NULO"
"15/08/2026";"19:30:51";2026;6259;250002534157;-3;"#NE";1;"BRASILEIRA NATA";-3;"GUARULHOS";"50";"N";0;"NÃO INFORMADO";"1270629.01";"#NE";"N";"-1";"06008627920266260000";"-3";"#NE";"-3";"#NE";"NÃO";"#NULO";-1;"#NULO";"N";"N";-1;-1;"2026-07-31 18:08:08";8;"AGUARDANDO JULGAMENTO";"-1";"#NULO";"-1";"#NULO";-1;"#NULO";-1;"#NULO";-1;"#NULO";-1;"#NULO";"-1";"#NULO"
"15/08/2026";"19:30:51";2026;6259;250002534173;-3;"#NE";1;"BRASILEIRA NATA";-3;"PRESIDENTE BERNARDES";"61";"N";0;"NÃO INFORMADO";"1270629.01";"#NE";"N";"-1";"06008904720266260000";"-3";"#NE";"-3";"#NE";"NÃO";"#NULO";-1;"#NULO";"N";"N";-1;-1;"2026-07-31 18:08:08";8;"AGUARDANDO JULGAMENTO";"-1";"#NULO";"-1";"#NULO";-1;"#NULO";-1;"#NULO";-1;"#NULO";-1;"#NULO";"-1";"#NULO"
"15/08/2026";"19:30:51";2026;6259;250002534177;-3;"#NE";1;"BRASILEIRA NATA";-3;"TRÊS PONTAS";"53";"N";-1;"#NULO";"1270629.01";"#NE";"S";"-1";"06008783320266260000";"-3";"#NE";"-3";"#NE";"NÃO";"#NULO";-1;"#NULO";"N";"N";-1;-1;"2026-07-31 18:08:08";8;"AGUARDANDO JULGAMENTO";"-1";"#NULO";"-1";"#NULO";-1;"#NULO";-1;"#NULO";-1;"#NULO";-1;"#NULO";"-1";"#NULO"
"15/08/2026";"19:30:51";2026;6259;250002534179;-3;"#NE";1;"BRASILEIRA NATA";-3;"ITAPETININGA";"55";"N";-1;"#NULO";"1270629.01";"#NE";"S";"-1";"06009043120266260000";"-3";"#NE";"-3";"#NE";"NÃO";"#NULO";-1;"#NULO";"N";"N";-1;-1;"2026-07-31 18:08:08";8;"AGUARDANDO JULGAMENTO";"-1";"#NULO";"-1";"#NULO";-1;"#NULO";-1;"#NULO";-1;"#NULO";-1;"#NULO";"-1";"#NULO"
"15/08/2026";"19:30:51";2026;6259;250002534189;-3;"#NE";1;"BRASILEIRA NATA";-3;"PORTEIRINHA";"52";"N";0;"NÃO INFORMADO";"1270629.01";"#NE";"N";"-1";"06008791820266260000";"-3";"#NE";"-3";"#NE";"NÃO";"#NULO";-1;"#NULO";"N";"N";-1;-1;"2026-07-31 18:08:08";8;"AGUARDANDO JULGAMENTO";"-1";"#NULO";"-1";"#NULO";-1;"#NULO";-1;"#NULO";-1;"#NULO";-1;"#NULO";"-1";"#NULO"
"15/08/2026";"19:30:51";2026;6259;250002534210;-3;"#NE";1;"BRASILEIRA NATA";-3;"PIRASSUNUNGA";"49";"N";-1;"#NULO";"1270629.01";"#NE";"S";"-1";"06007761120266260000";"-3";"#NE";"-3";"#NE";"NÃO";"#NULO";-1;"#NULO";"N";"N";-1;-1;"2026-07-30 18:39:36";8;"AGUARDANDO JULGAMENTO";"-1";"#NULO";"-1";"#NULO";-1;"#NULO";-1;"#NULO";-1;"#NULO";-1;"#NULO";"-1";"#NULO"
"15/08/2026";"19:30:51";2026;6259;250002534214;-3;"#NE";1;"BRASILEIRA NATA";-3;"PORTO ALEGRE";"66";"N";-1;"#NULO";"1270629.01";"#NE";"S";"-1";"06007146820266260000";"-3";"#NE";"-3";"#NE";"NÃO";"#NULO";-1;"#NULO";"N";"N";-1;-1;"2026-07-30 18:39:36";8;"AGUARDANDO JULGAMENTO";"-1";"#NULO";"-1";"#NULO";-1;"#NULO";-1;"#NULO";-1;"#NULO";-1;"#NULO";"-1";"#NULO"
"15/08/2026";"19:30:51";2026;6259;250002534230;-3;"#NE";1;"BRASILEIRA NATA";-3;"RIBEIRÃO PRETO";"42";"N";0;"NÃO INFORMADO";"1270629.01";"#NE";"S";"-1";"06007597220266260000";"-3";"#NE";"-3";"#NE";"NÃO";"#NULO";-1;"#NULO";"N";"N";-1;-1;"2026-07-30 18:39:36";8;"AGUARDANDO JULGAMENTO";"-1";"#NULO";"-1";"#NULO";-1;"#NULO";-1;"#NULO";-1;"#NULO";-1;"#NULO";"-1";"#NULO"
"15/08/2026";"19:30:51";2026;6259;250002534231;-3;"#NE";1;"BRASILEIRA NATA";-3;"RINCÃO";"35";"N";-1;"#NULO";"1270629.01";"#NE";"S";"-1";"06007155320266260000";"-3";"#NE";"-3";"#NE";"NÃO";"#NULO";-1;"#NULO";"N";"N";-1;-1;"2026-07-30 18:39:36";8;"AGUARDANDO JULGAMENTO";"-1";"#NULO";"-1";"#NULO";-1;"#NULO";-1;"#NULO";-1;"#NULO";-1;"#NULO";"-1";"#NULO"
"15/08/2026";"19:30:51";2026;6259;250002534233;-3;"#NE";1;"BRASILEIRA NATA";-3;"SANTO ANDRÉ";"51";"N";-1;"#NULO";"1270629.01";"#NE";"S";"-1";"06007830320266260000";"-3";"#NE";"-3";"#NE";"NÃO";"#NULO";-1;"#NULO";"N";"N";-1;-1;"2026-07-30 18:39:36";8;"AGUARDANDO JULGAMENTO";"-1";"#NULO";"-1";"#NULO";-1;"#NULO";-1;"#NULO";-1;"#NULO";-1;"#NULO";"-1";"#NULO"
"15/08/2026";"19:30:51";2026;6259;250002534239;-3;"#NE";1;"BRASILEIRA NATA";-3;"SÃO PAULO";"57";"N";-1;"#NULO";"1270629.01";"#NE";"S";"-1";"06007848520266260000";"-3";"#NE";"-3";"#NE";"NÃO";"#NULO";-1;"#NULO";"N";"N";-1;-1;"2026-07-30 18:39:36";8;"AGUARDANDO JULGAMENTO";"-1";"#NULO";"-1";"#NULO";-1;"#NULO";-1;"#NULO";-1;"#NULO";-1;"#NULO";"-1";"#NULO"
"15/08/2026";"19:30:51";2026;6259;250002534237;-3;"#NE";1;"BRASILEIRA NATA";-3;"SÃO PAULO";"52";"N";-1;"#NULO";"1270629.01";"#NE";"S";"-1";"06007857020266260000";"-3";"#NE";"-3";"#NE";"NÃO";"#NULO";-1;"#NULO";"N";"N";-1;-1;"2026-07-30 18:39:36";8;"AGUARDANDO JULGAMENTO";"-1";"#NULO";"-1";"#NULO";-1;"#NULO";-1;"#NULO";-1;"#NULO";-1;"#NULO";"-1";"#NULO"
"15/08/2026";"19:30:51";2026;6259;250002534241;-3;"#NE";1;"BRASILEIRA NATA";-3;"SÃO PAULO";"51";"N";-1;"#NULO";"1270629.01";"#NE";"S";"-1";"06007882520266260000";"-3";"#NE";"-3";"#NE";"NÃO";"#NULO";-1;"#NULO";"N";"N";-1;-1;"2026-07-30 18:39:36";8;"AGUARDANDO JULGAMENTO";"-1";"#NULO";"-1";"#NULO";-1;"#NULO";-1;"#NULO";-1;"#NULO";-1;"#NULO";"-1";"#NULO"
"15/08/2026";"19:30:51";2026;6259;250002534258;-3;"#NE";1;"BRASILEIRA NATA";-3;"SÃO PAULO";"32";"N";-1;"#NULO";"1270629.01";"#NE";"S";"-1";"06007484320266260000";"-3";"#NE";"-3";"#NE";"NÃO";"#NULO";-1;"#NULO";"N";"N";-1;-1;"2026-07-30 18:39:36";8;"AGUARDANDO JULGAMENTO";"-1";"#NULO";"-1";"#NULO";-1;"#NULO";-1;"#NULO";-1;"#NULO";-1;"#NULO";"-1";"#NULO"
"15/08/2026";"19:30:51";2026;6259;250002534263;-3;"#NE";1;"BRASILEIRA NATA";-3;"SÃO PAULO";"53";"N";-1;"#NULO";"1270629.01";"#NE";"S";"-1";"06007813320266260000";"-3";"#NE";"-3";"#NE";"NÃO";"#NULO";-1;"#NULO";"N";"N";-1;-1;"2026-07-30 18:39:36";8;"AGUARDANDO JULGAMENTO";"-1";"#NULO";"-1";"#NULO";-1;"#NULO";-1;"#NULO";-1;"#NULO";-1;"#NULO";"-1";"#NULO"
"15/08/2026";"19:30:51";2026;6259;250002534266;-3;"#NE";1;"BRASILEIRA NATA";-3;"SÃO PAULO";"42";"N";-1;"#NULO";"1270629.01";"#NE";"N";"-1";"06007891020266260000";"-3";"#NE";"-3";"#NE";"NÃO";"#NULO";-1;"#NULO";"N";"N";-1;-1;"2026-07-30 18:39:36";8;"AGUARDANDO JULGAMENTO";"-1";"#NULO";"-1";"#NULO";-1;"#NULO";-1;"#NULO";-1;"#NULO";-1;"#NULO";"-1";"#NULO"
"15/08/2026";"19:30:51";2026;6259;250002534403;-3;"#NE";1;"BRASILEIRA NATA";-3;"ITATIBA";"22";"N";0;"NÃO INFORMADO";"3176572.53";"#NE";"N";"-1";"06008359620266260000";"-3";"#NE";"-3";"#NE";"NÃO";"#NULO";-1;"#NULO";"N";"N";-1;-1;"2026-07-31 17:30:56";8;"AGUARDANDO JULGAMENTO";"-1";"#NULO";"-1";"#NULO";-1;"#NULO";-1;"#NULO";-1;"#NULO";-1;"#NULO";"-1";"#NULO"
"15/08/2026";"19:30:51";2026;6259;250002534408;-3;"#NE";1;"BRASILEIRA NATA";-3;"OSASCO";"47";"N";0;"NÃO INFORMADO";"3176572.53";"#NE";"S";"-1";"06008385120266260000";"-3";"#NE";"-3";"#NE";"NÃO";"#NULO";-1;"#NULO";"N";"N";-1;-1;"2026-07-31 17:30:56";8;"AGUARDANDO JULGAMENTO";"-1";"#NULO";"-1";"#NULO";-1;"#NULO";-1;"#NULO";-1;"#NULO";-1;"#NULO";"-1";"#NULO"
"15/08/2026";"19:30:51";2026;6259;250002534411;-3;"#NE";1;"BRASILEIRA NATA";-3;"PARAÍSO";"55";"N";0;"NÃO INFORMADO";"3176572.53";"#NE";"S";"-1";"06008462820266260000";"-3";"#NE";"-3";"#NE";"NÃO";"#NULO";-1;"#NULO";"N";"N";-1;-1;"2026-07-31 17:30:56";8;"AGUARDANDO JULGAMENTO";"-1";"#NULO";"-1";"#NULO";-1;"#NULO";-1;"#NULO";-1;"#NULO";-1;"#NULO";"-1";"#NULO"
"15/08/2026";"19:30:51";2026;6259;250002534916;-3;"#NE";1;"BRASILEIRA NATA";-3;"ITAMBÉ";"46";"N";0;"NÃO INFORMADO";"3176572.53";"#NE";"N";"-1";"06008012420266260000";"-3";"#NE";"-3";"#NE";"NÃO";"#NULO";-1;"#NULO";"N";"N";-1;-1;"2026-07-31 17:30:56";8;"AGUARDANDO JULGAMENTO";"-1";"#NULO";"-1";"#NULO";-1;"#NULO";-1;"#NULO";-1;"#NULO";-1;"#NULO";"-1";"#NULO"
"15/08/2026";"19:30:51";2026;6259;250002534922;-3;"#NE";1;"BRASILEIRA NATA";-3;"ATIBAIA";"31";"N";0;"NÃO INFORMADO";"3176572.53";"#NE";"S";"-1";"06008332920266260000";"-3";"#NE";"-3";"#NE";"NÃO";"#NULO";-1;"#NULO";"N";"N";-1;-1;"2026-07-31 17:30:56";8;"AGUARDANDO JULGAMENTO";"-1";"#NULO";"-1";"#NULO";-1;"#NULO";-1;"#NULO";-1;"#NULO";-1;"#NULO";"-1";"#NULO"
"15/08/2026";"19:30:51";2026;6259;250002534927;-3;"#NE";1;"BRASILEIRA NATA";-3;"GUARATINGUETÁ";"44";"N";0;"NÃO INFORMADO";"3176572.53";"#NE";"S";"-1";"06008410620266260000";"-3";"#NE";"-3";"#NE";"NÃO";"#NULO";-1;"#NULO";"N";"N";-1;-1;"2026-07-31 17:30:56";8;"AGUARDANDO JULGAMENTO";"-1";"#NULO";"-1";"#NULO";-1;"#NULO";-1;"#NULO";-1;"#NULO";-1;"#NULO";"-1";"#NULO"
"15/08/2026";"19:30:51";2026;6259;250002534951;-3;"#NE";1;"BRASILEIRA NATA";-3;"VOTUPORANGA";"47";"N";-1;"#NULO";"3176572.53";"#NE";"S";"-1";"06008445820266260000";"-3";"#NE";"-3";"#NE";"NÃO";"#NULO";-1;"#NULO";"N";"N";-1;-1;"2026-07-31 17:30:56";8;"AGUARDANDO JULGAMENTO";"-1";"#NULO";"-1";"#NULO";-1;"#NULO";-1;"#NULO";-1;"#NULO";-1;"#NULO";"-1";"#NULO"
"15/08/2026";"19:30:51";2026;6259;250002535934;-3;"#NE";1;"BRASILEIRA NATA";-3;"BRASÍLIA";"49";"N";-1;"#NULO";"3176572.53";"#NE";"S";"-1";"06010090820266260000";"-3";"#NE";"-3";"#NE";"NÃO";"#NULO";-1;"#NULO";"N";"N";-1;-1;"2026-08-03 15:47:14";8;"AGUARDANDO JULGAMENTO";"-1";"#NULO";"-1";"#NULO";-1;"#NULO";-1;"#NULO";-1;"#NULO";-1;"#NULO";"-1";"#NULO"
"15/08/2026";"19:30:51";2026;6259;250002535953;-3;"#NE";1;"BRASILEIRA NATA";-3;"OSASCO";"58";"N";-1;"#NULO";"3176572.53";"#NE";"S";"-1";"06009631920266260000";"-3";"#NE";"-3";"#NE";"NÃO";"#NULO";-1;"#NULO";"N";"N";-1;-1;"2026-08-03 15:47:14";8;"AGUARDANDO JULGAMENTO";"-1";"#NULO";"-1";"#NULO";-1;"#NULO";-1;"#NULO";-1;"#NULO";-1;"#NULO";"-1";"#NULO"
"15/08/2026";"19:30:51";2026;6259;250002535955;-3;"#NE";1;"BRASILEIRA NATA";-3;"OURINHOS";"62";"N";-1;"#NULO";"3176572.53";"#NE";"S";"-1";"06009814020266260000";"-3";"#NE";"-3";"#NE";"NÃO";"#NULO";-1;"#NULO";"N";"N";-1;-1;"2026-08-03 15:47:14";8;"AGUARDANDO JULGAMENTO";"-1";"#NULO";"-1";"#NULO";-1;"#NULO";-1;"#NULO";-1;"#NULO";-1;"#NULO";"-1";"#NULO"
"15/08/2026";"19:30:51";2026;6259;250002535988;-3;"#NE";1;"BRASILEIRA NATA";-3;"SÃO PAULO";"58";"N";-1;"#NULO";"3176572.53";"#NE";"S";"-1";"06010048320266260000";"-3";"#NE";"-3";"#NE";"NÃO";"#NULO";-1;"#NULO";"N";"N";-1;-1;"2026-08-03 15:47:14";8;"AGUARDANDO JULGAMENTO";"-1";"#NULO";"-1";"#NULO";-1;"#NULO";-1;"#NULO";-1;"#NULO";-1;"#NULO";"-1";"#NULO"
"15/08/2026";"19:30:51";2026;6259;250002535997;-3;"#NE";1;"BRASILEIRA NATA";-3;"SALVADOR";"43";"N";-1;"#NULO";"3176572.53";"#NE";"S";"-1";"06009727820266260000";"-3";"#NE";"-3";"#NE";"NÃO";"#NULO";-1;"#NULO";"N";"N";-1;-1;"2026-08-03 15:47:14";8;"AGUARDANDO JULGAMENTO";"-1";"#NULO";"-1";"#NULO";-1;"#NULO";-1;"#NULO";-1;"#NULO";-1;"#NULO";"-1";"#NULO"
"15/08/2026";"19:30:51";2026;6259;250002536243;-3;"#NE";1;"BRASILEIRA NATA";-3;"MOMBAÇA";"42";"N";-1;"#NULO";"1270629.01";"#NE";"S";"-1";"06011823220266260000";"-3";"#NE";"-3";"#NE";"NÃO";"#NULO";-1;"#NULO";"N";"N";-1;-1;"2026-08-04 11:54:14";8;"AGUARDANDO JULGAMENTO";"-1";"#NULO";"-1";"#NULO";-1;"#NULO";-1;"#NULO";-1;"#NULO";-1;"#NULO";"-1";"#NULO"
"15/08/2026";"19:30:51";2026;6259;250002536242;-3;"#NE";1;"BRASILEIRA NATA";-3;"JATI";"51";"N";-1;"#NULO";"1270629.01";"#NE";"S";"-1";"06011148220266260000";"-3";"#NE";"-3";"#NE";"NÃO";"#NULO";-1;"#NULO";"N";"N";-1;-1;"2026-08-04 11:54:14";8;"AGUARDANDO JULGAMENTO";"-1";"#NULO";"-1";"#NULO";-1;"#NULO";-1;"#NULO";-1;"#NULO";-1;"#NULO";"-1";"#NULO"
"15/08/2026";"19:30:51";2026;6259;250002536246;-3;"#NE";1;"BRASILEIRA NATA";-3;"BENJAMIN CONSTANT";"48";"N";0;"NÃO INFORMADO";"1270629.01";"#NE";"N";"-1";"06011598620266260000";"-3";"#NE";"-3";"#NE";"NÃO";"#NULO";-1;"#NULO";"N";"N";-1;-1;"2026-08-04 11:54:14";8;"AGUARDANDO JULGAMENTO";"-1";"#NULO";"-1";"#NULO";-1;"#NULO";-1;"#NULO";-1;"#NULO";-1;"#NULO";"-1";"#NULO"
"15/08/2026";"19:30:51";2026;6259;250002536245;-3;"#NE";1;"BRASILEIRA NATA";-3;"CARIACICA";"63";"N";0;"NÃO INFORMADO";"1270629.01";"#NE";"S";"-1";"06011208920266260000";"-3";"#NE";"-3";"#NE";"NÃO";"#NULO";-1;"#NULO";"N";"N";-1;-1;"2026-08-04 11:54:14";8;"AGUARDANDO JULGAMENTO";"-1";"#NULO";"-1";"#NULO";-1;"#NULO";-1;"#NULO";-1;"#NULO";-1;"#NULO";"-1";"#NULO"
"15/08/2026";"19:30:51";2026;6259;250002536264;-3;"#NE";1;"BRASILEIRA NATA";-3;"RIO DE JANEIRO";"82";"N";-1;"#NULO";"1270629.01";"#NE";"S";"-1";"06011632620266260000";"-3";"#NE";"-3";"#NE";"NÃO";"#NULO";-1;"#NULO";"N";"N";-1;-1;"2026-08-04 11:54:14";8;"AGUARDANDO JULGAMENTO";"-1";"#NULO";"-1";"#NULO";-1;"#NULO";-1;"#NULO";-1;"#NULO";-1;"#NULO";"-1";"#NULO"
"15/08/2026";"19:30:51";2026;6259;250002536354;-3;"#NE";1;"BRASILEIRA NATA";-3;"JALES";"38";"N";-1;"#NULO";"1270629.01";"#NE";"S";"-1";"06010377320266260000";"-3";"#NE";"-3";"#NE";"NÃO";"#NULO";-1;"#NULO";"N";"N";-1;-1;"2026-08-03 16:14:03";8;"AGUARDANDO JULGAMENTO";"-1";"#NULO";"-1";"#NULO";-1;"#NULO";-1;"#NULO";-1;"#NULO";-1;"#NULO";"-1";"#NULO"
"15/08/2026";"19:30:51";2026;6259;250002536356;-3;"#NE";1;"BRASILEIRA NATA";-3;"JUNDIAÍ";"39";"N";-1;"#NULO";"1270629.01";"#NE";"S";"-1";"06010480520266260000";"-3";"#NE";"-3";"#NE";"NÃO";"#NULO";-1;"#NULO";"N";"N";-1;-1;"2026-08-03 16:14:03";8;"AGUARDANDO JULGAMENTO";"-1";"#NULO";"-1";"#NULO";-1;"#NULO";-1;"#NULO";-1;"#NULO";-1;"#NULO";"-1";"#NULO"
"15/08/2026";"19:30:51";2026;6259;250002536357;-3;"#NE";1;"BRASILEIRA NATA";-3;"LEME";"67";"N";-1;"#NULO";"1270629.01";"#NE";"S";"-1";"06010723320266260000";"-3";"#NE";"-3";"#NE";"NÃO";"#NULO";-1;"#NULO";"N";"N";-1;-1;"2026-08-03 16:14:03";8;"AGUARDANDO JULGAMENTO";"-1";"#NULO";"-1";"#NULO";-1;"#NULO";-1;"#NULO";-1;"#NULO";-1;"#NULO";"-1";"#NULO"
"15/08/2026";"19:30:51";2026;6259;250002536364;-3;"#NE";1;"BRASILEIRA NATA";-3;"OSASCO";"40";"N";-1;"#NULO";"1270629.01";"#NE";"S";"-1";"06010697820266260000";"-3";"#NE";"-3";"#NE";"NÃO";"#NULO";-1;"#NULO";"N";"N";-1;-1;"2026-08-03 16:14:03";8;"AGUARDANDO JULGAMENTO";"-1";"#NULO";"-1";"#NULO";-1;"#NULO";-1;"#NULO";-1;"#NULO";-1;"#NULO";"-1";"#NULO"
"15/08/2026";"19:30:51";2026;6259;250002536365;-3;"#NE";1;"BRASILEIRA NATA";-3;"PARIQUERA-AÇU";"32";"N";-1;"#NULO";"1270629.01";"#NE";"S";"-1";"06010767020266260000";"-3";"#NE";"-3";"#NE";"NÃO";"#NULO";-1;"#NULO";"N";"N";-1;-1;"2026-08-03 16:14:03";8;"AGUARDANDO JULGAMENTO";"-1";"#NULO";"-1";"#NULO";-1;"#NULO";-1;"#NULO";-1;"#NULO";-1;"#NULO";"-1";"#NULO"
"15/08/2026";"19:30:51";2026;6259;250002536377;-3;"#NE";1;"BRASILEIRA NATA";-3;"AMERICANA";"35";"N";0;"NÃO INFORMADO";"1270629.01";"#NE";"S";"-1";"06010411320266260000";"-3";"#NE";"-3";"#NE";"NÃO";"#NULO";-1;"#NULO";"N";"N";-1;-1;"2026-08-03 16:14:03";8;"AGUARDANDO JULGAMENTO";"-1";"#NULO";"-1";"#NULO";-1;"#NULO";-1;"#NULO";-1;"#NULO";-1;"#NULO";"-1";"#NULO"
"15/08/2026";"19:30:51";2026;6259;250002536387;-3;"#NE";1;"BRASILEIRA NATA";-3;"GUARULHOS";"44";"N";-1;"#NULO";"1270629.01";"#NE";"S";"-1";"06010368820266260000";"-3";"#NE";"-3";"#NE";"NÃO";"#NULO";-1;"#NULO";"N";"N";-1;-1;"2026-08-03 16:14:03";8;"AGUARDANDO JULGAMENTO";"-1";"#NULO";"-1";"#NULO";-1;"#NULO";-1;"#NULO";-1;"#NULO";-1;"#NULO";"-1";"#NULO"
"15/08/2026";"19:30:51";2026;6259;250002536389;-3;"#NE";1;"BRASILEIRA NATA";-3;"SANTA CRUZ DO RIO PARDO";"62";"N";0;"NÃO INFORMADO";"1270629.01";"#NE";"S";"-1";"06010983120266260000";"-3";"#NE";"-3";"#NE";"NÃO";"#NULO";-1;"#NULO";"N";"N";-1;-1;"2026-08-03 16:14:03";8;"AGUARDANDO JULGAMENTO";"-1";"#NULO";"-1";"#NULO";-1;"#NULO";-1;"#NULO";-1;"#NULO";-1;"#NULO";"-1";"#NULO"
"15/08/2026";"19:30:51";2026;6259;250002536395;-3;"#NE";1;"BRASILEIRA NATA";-3;"SANTOS";"36";"N";-1;"#NULO";"1270629.01";"#NE";"S";"-1";"06010740320266260000";"-3";"#NE";"-3";"#NE";"NÃO";"#NULO";-1;"#NULO";"N";"N";-1;-1;"2026-08-03 16:14:03";8;"AGUARDANDO JULGAMENTO";"-1";"#NULO";"-1";"#NULO";-1;"#NULO";-1;"#NULO";-1;"#NULO";-1;"#NULO";"-1";"#NULO"
"15/08/2026";"19:30:51";2026;6259;250002536403;-3;"#NE";1;"BRASILEIRA NATA";-3;"SÃO JOSÉ DO RIO PRETO";"60";"N";-1;"#NULO";"1270629.01";"#NE";"S";"-1";"06010220720266260000";"-3";"#NE";"-3";"#NE";"NÃO";"#NULO";-1;"#NULO";"N";"N";-1;-1;"2026-08-03 16:14:03";8;"AGUARDANDO JULGAMENTO";"-1";"#NULO";"-1";"#NULO";-1;"#NULO";-1;"#NULO";-1;"#NULO";-1;"#NULO";"-1";"#NULO"
"15/08/2026";"19:30:51";2026;6259;250002536408;-3;"#NE";1;"BRASILEIRA NATA";-3;"SÃO PAULO";"44";"N";0;"NÃO INFORMADO";"1270629.01";"#NE";"S";"-1";"06010532720266260000";"-3";"#NE";"-3";"#NE";"NÃO";"#NULO";-1;"#NULO";"N";"N";-1;-1;"2026-08-03 16:14:03";8;"AGUARDANDO JULGAMENTO";"-1";"#NULO";"-1";"#NULO";-1;"#NULO";-1;"#NULO";-1;"#NULO";-1;"#NULO";"-1";"#NULO"
"15/08/2026";"19:30:51";2026;6259;250002536411;-3;"#NE";1;"BRASILEIRA NATA";-3;"SÃO PAULO";"60";"N";-1;"#NULO";"1270629.01";"#NE";"S";"-1";"06010151520266260000";"-3";"#NE";"-3";"#NE";"NÃO";"#NULO";-1;"#NULO";"N";"N";-1;-1;"2026-08-03 16:14:03";8;"AGUARDANDO JULGAMENTO";"-1";"#NULO";"-1";"#NULO";-1;"#NULO";-1;"#NULO";-1;"#NULO";-1;"#NULO";"-1";"#NULO"
"15/08/2026";"19:30:51";2026;6259;250002536414;-3;"#NE";1;"BRASILEIRA NATA";-3;"SÃO PAULO";"56";"N";0;"NÃO INFORMADO";"1270629.01";"#NE";"S";"-1";"06010671120266260000";"-3";"#NE";"-3";"#NE";"NÃO";"#NULO";-1;"#NULO";"N";"N";-1;-1;"2026-08-03 16:14:03";8;"AGUARDANDO JULGAMENTO";"-1";"#NULO";"-1";"#NULO";-1;"#NULO";-1;"#NULO";-1;"#NULO";-1;"#NULO";"-1";"#NULO"
"15/08/2026";"19:30:51";2026;6259;250002536415;-3;"#NE";1;"BRASILEIRA NATA";-3;"SÃO PAULO";"53";"N";-1;"#NULO";"1270629.01";"#NE";"S";"-1";"06010299620266260000";"-3";"#NE";"-3";"#NE";"NÃO";"#NULO";-1;"#NULO";"N";"N";-1;-1;"2026-08-03 16:14:03";8;"AGUARDANDO JULGAMENTO";"-1";"#NULO";"-1";"#NULO";-1;"#NULO";-1;"#NULO";-1;"#NULO";-1;"#NULO";"-1";"#NULO"
"15/08/2026";"19:30:51";2026;6259;250002536416;-3;"#NE";1;"BRASILEIRA NATA";-3;"SÃO PAULO";"50";"N";-1;"#NULO";"1270629.01";"#NE";"S";"-1";"06010186720266260000";"-3";"#NE";"-3";"#NE";"NÃO";"#NULO";-1;"#NULO";"N";"N";-1;-1;"2026-08-03 16:14:03";8;"AGUARDANDO JULGAMENTO";"-1";"#NULO";"-1";"#NULO";-1;"#NULO";-1;"#NULO";-1;"#NULO";-1;"#NULO";"-1";"#NULO"
"15/08/2026";"19:30:51";2026;6259;250002536419;-3;"#NE";1;"BRASILEIRA NATA";-3;"SÃO PAULO";"48";"N";-1;"#NULO";"1270629.01";"#NE";"N";"-1";"06010143020266260000";"-3";"#NE";"-3";"#NE";"NÃO";"#NULO";-1;"#NULO";"N";"N";-1;-1;"2026-08-03 16:14:03";8;"AGUARDANDO JULGAMENTO";"-1";"#NULO";"-1";"#NULO";-1;"#NULO";-1;"#NULO";-1;"#NULO";-1;"#NULO";"-1";"#NULO"
"15/08/2026";"19:30:51";2026;6259;250002536428;-3;"#NE";1;"BRASILEIRA NATA";-3;"SOCORRO";"49";"N";-1;"#NULO";"1270629.01";"#NE";"S";"-1";"06010706320266260000";"-3";"#NE";"-3";"#NE";"NÃO";"#NULO";-1;"#NULO";"N";"N";-1;-1;"2026-08-03 16:14:03";8;"AGUARDANDO JULGAMENTO";"-1";"#NULO";"-1";"#NULO";-1;"#NULO";-1;"#NULO";-1;"#NULO";-1;"#NULO";"-1";"#NULO"
"15/08/2026";"19:30:51";2026;6259;250002536427;-3;"#NE";1;"BRASILEIRA NATA";-3;"SÃO PAULO";"53";"N";-1;"#NULO";"1270629.01";"#NE";"S";"-1";"06010402820266260000";"-3";"#NE";"-3";"#NE";"NÃO";"#NULO";-1;"#NULO";"N";"N";-1;-1;"2026-08-03 16:14:03";8;"AGUARDANDO JULGAMENTO";"-1";"#NULO";"-1";"#NULO";-1;"#NULO";-1;"#NULO";-1;"#NULO";-1;"#NULO";"-1";"#NULO"
"15/08/2026";"19:30:51";2026;6259;250002536429;-3;"#NE";1;"BRASILEIRA NATA";-3;"SOROCABA";"50";"N";-1;"#NULO";"1270629.01";"#NE";"S";"-1";"06010212220266260000";"-3";"#NE";"-3";"#NE";"NÃO";"#NULO";-1;"#NULO";"N";"N";-1;-1;"2026-08-03 16:14:03";8;"AGUARDANDO JULGAMENTO";"-1";"#NULO";"-1";"#NULO";-1;"#NULO";-1;"#NULO";-1;"#NULO";-1;"#NULO";"-1";"#NULO"
"15/08/2026";"19:30:51";2026;6259;250002536714;-3;"#NE";1;"BRASILEIRA NATA";-3;"CAMPINAS";"43";"N";-1;"#NULO";"3176572.53";"#NE";"S";"-1";"06012403520266260000";"-3";"#NE";"-3";"#NE";"NÃO";"#NULO";-1;"#NULO";"N";"N";-1;-1;"2026-08-04 12:03:50";8;"AGUARDANDO JULGAMENTO";"-1";"#NULO";"-1";"#NULO";-1;"#NULO";-1;"#NULO";-1;"#NULO";-1;"#NULO";"-1";"#NULO"
"15/08/2026";"19:30:51";2026;6259;250002536728;-3;"#NE";1;"BRASILEIRA NATA";-3;"SÃO JOSÉ DO RIO PRETO";"45";"N";0;"NÃO INFORMADO";"3176572.53";"#NE";"S";"-1";"06012152220266260000";"-3";"#NE";"-3";"#NE";"NÃO";"#NULO";-1;"#NULO";"N";"N";-1;-1;"2026-08-04 12:03:50";8;"AGUARDANDO JULGAMENTO";"-1";"#NULO";"-1";"#NULO";-1;"#NULO";-1;"#NULO";-1;"#NULO";-1;"#NULO";"-1";"#NULO"
"15/08/2026";"19:30:51";2026;6259;250002536731;-3;"#NE";1;"BRASILEIRA NATA";-3;"SÃO PAULO";"51";"N";-1;"#NULO";"3176572.53";"#NE";"S";"-1";"06012022320266260000";"-3";"#NE";"-3";"#NE";"NÃO";"#NULO";-1;"#NULO";"N";"N";-1;-1;"2026-08-04 12:03:50";8;"AGUARDANDO JULGAMENTO";"-1";"#NULO";"-1";"#NULO";-1;"#NULO";-1;"#NULO";-1;"#NULO";-1;"#NULO";"-1";"#NULO"
"15/08/2026";"19:30:51";2026;6259;250002536743;-3;"#NE";1;"BRASILEIRA NATA";-3;"PONTES GESTAL";"61";"N";-1;"#NULO";"3176572.53";"#NE";"S";"-1";"06012091520266260000";"-3";"#NE";"-3";"#NE";"NÃO";"#NULO";-1;"#NULO";"N";"N";-1;-1;"2026-08-04 12:03:50";8;"AGUARDANDO JULGAMENTO";"-1";"#NULO";"-1";"#NULO";-1;"#NULO";-1;"#NULO";-1;"#NULO";-1;"#NULO";"-1";"#NULO"
"15/08/2026";"19:30:51";2026;6259;250002536745;-3;"#NE";1;"BRASILEIRA NATA";-3;"ÁGUAS DA PRATA";"65";"N";0;"NÃO INFORMADO";"3176572.53";"#NE";"S";"-1";"06012395020266260000";"-3";"#NE";"-3";"#NE";"NÃO";"#NULO";-1;"#NULO";"N";"N";-1;-1;"2026-08-04 12:03:50";8;"AGUARDANDO JULGAMENTO";"-1";"#NULO";"-1";"#NULO";-1;"#NULO";-1;"#NULO";-1;"#NULO";-1;"#NULO";"-1";"#NULO"
"15/08/2026";"19:30:51";2026;6259;250002536753;-3;"#NE";1;"BRASILEIRA NATA";-3;"SÃO PAULO";"65";"N";-1;"#NULO";"3176572.53";"#NE";"S";"-1";"06012308820266260000";"-3";"#NE";"-3";"#NE";"NÃO";"#NULO";-1;"#NULO";"N";"N";-1;-1;"2026-08-04 12:03:50";8;"AGUARDANDO JULGAMENTO";"-1";"#NULO";"-1";"#NULO";-1;"#NULO";-1;"#NULO";-1;"#NULO";-1;"#NULO";"-1";"#NULO"
"15/08/2026";"19:30:51";2026;6259;250002536757;-3;"#NE";1;"BRASILEIRA NATA";-3;"CORBÉLIA";"61";"N";0;"NÃO INFORMADO";"3176572.53";"#NE";"S";"-1";"06012351320266260000";"-3";"#NE";"-3";"#NE";"NÃO";"#NULO";-1;"#NULO";"N";"N";-1;-1;"2026-08-04 12:03:50";8;"AGUARDANDO JULGAMENTO";"-1";"#NULO";"-1";"#NULO";-1;"#NULO";-1;"#NULO";-1;"#NULO";-1;"#NULO";"-1";"#NULO"
"15/08/2026";"19:30:51";2026;6259;250002536761;-3;"#NE";1;"BRASILEIRA NATA";-3;"BELO HORIZONTE";"45";"N";-1;"#NULO";"3176572.53";"#NE";"S";"-1";"06012438720266260000";"-3";"#NE";"-3";"#NE";"NÃO";"#NULO";-1;"#NULO";"N";"N";-1;-1;"2026-08-04 12:03:50";8;"AGUARDANDO JULGAMENTO";"-1";"#NULO";"-1";"#NULO";-1;"#NULO";-1;"#NULO";-1;"#NULO";-1;"#NULO";"-1";"#NULO"
"15/08/2026";"19:30:51";2026;6259;250002536764;-3;"#NE";1;"BRASILEIRA NATA";-3;"FREDERICO WESTPHALEN";"63";"N";-1;"#NULO";"3176572.53";"#NE";"S";"-1";"06012265120266260000";"-3";"#NE";"-3";"#NE";"NÃO";"#NULO";-1;"#NULO";"N";"N";-1;-1;"2026-08-04 12:03:50";8;"AGUARDANDO JULGAMENTO";"-1";"#NULO";"-1";"#NULO";-1;"#NULO";-1;"#NULO";-1;"#NULO";-1;"#NULO";"-1";"#NULO"
"15/08/2026";"19:30:51";2026;6259;250002536820;-3;"#NE";1;"BRASILEIRA NATA";-3;"CAMPINAS";"39";"N";0;"NÃO INFORMADO";"1270629.01";"#NE";"S";"-1";"06011858420266260000";"-3";"#NE";"-3";"#NE";"NÃO";"#NULO";-1;"#NULO";"N";"N";-1;-1;"2026-08-04 11:54:14";8;"AGUARDANDO JULGAMENTO";"-1";"#NULO";"-1";"#NULO";-1;"#NULO";-1;"#NULO";-1;"#NULO";-1;"#NULO";"-1";"#NULO"
"15/08/2026";"19:30:51";2026;6259;250002536826;-3;"#NE";1;"BRASILEIRA NATA";-3;"FRANCO DA ROCHA";"65";"N";0;"NÃO INFORMADO";"1270629.01";"#NE";"S";"-1";"06011529420266260000";"-3";"#NE";"-3";"#NE";"NÃO";"#NULO";-1;"#NULO";"N";"N";-1;-1;"2026-08-04 11:54:14";8;"AGUARDANDO JULGAMENTO";"-1";"#NULO";"-1";"#NULO";-1;"#NULO";-1;"#NULO";-1;"#NULO";-1;"#NULO";"-1";"#NULO"
"15/08/2026";"19:30:51";2026;6259;250002536849;-3;"#NE";1;"BRASILEIRA NATA";-3;"SÃO PAULO";"30";"N";-1;"#NULO";"1270629.01";"#NE";"N";"-1";"06011789220266260000";"-3";"#NE";"-3";"#NE";"NÃO";"#NULO";-1;"#NULO";"N";"N";-1;-1;"2026-08-04 11:54:14";8;"AGUARDANDO JULGAMENTO";"-1";"#NULO";"-1";"#NULO";-1;"#NULO";-1;"#NULO";-1;"#NULO";-1;"#NULO";"-1";"#NULO"
"15/08/2026";"19:30:51";2026;6259;250002536852;-3;"#NE";1;"BRASILEIRA NATA";-3;"SÃO PAULO";"27";"N";-1;"#NULO";"1270629.01";"#NE";"S";"-1";"06011892420266260000";"-3";"#NE";"-3";"#NE";"NÃO";"#NULO";-1;"#NULO";"N";"N";-1;-1;"2026-08-04 11:54:14";8;"AGUARDANDO JULGAMENTO";"-1";"#NULO";"-1";"#NULO";-1;"#NULO";-1;"#NULO";-1;"#NULO";-1;"#NULO";"-1";"#NULO"
"15/08/2026";"19:30:51";2026;6259;250002536859;-3;"#NE";1;"BRASILEIRA NATA";-3;"SÃO PAULO";"51";"N";-1;"#NULO";"1270629.01";"#NE";"N";"-1";"06011710320266260000";"-3";"#NE";"-3";"#NE";"NÃO";"#NULO";-1;"#NULO";"N";"N";-1;-1;"2026-08-04 11:54:14";8;"AGUARDANDO JULGAMENTO";"-1";"#NULO";"-1";"#NULO";-1;"#NULO";-1;"#NULO";-1;"#NULO";-1;"#NULO";"-1";"#NULO"
"15/08/2026";"19:30:51";2026;6259;250002536889;-3;"#NE";1;"BRASILEIRA NATA";-3;"MAUÁ";"23";"N";-1;"#NULO";"1270629.01";"#NE";"N";"-1";"06012524920266260000";"-3";"#NE";"-3";"#NE";"NÃO";"#NULO";-1;"#NULO";"N";"N";-1;-1;"2026-08-04 16:18:09";8;"AGUARDANDO JULGAMENTO";"-1";"#NULO";"-1";"#NULO";-1;"#NULO";-1;"#NULO";-1;"#NULO";-1;"#NULO";"-1";"#NULO"
"15/08/2026";"19:30:51";2026;6259;250002536915;-3;"#NE";1;"BRASILEIRA NATA";-3;"INAJÁ";"59";"N";-1;"#NULO";"26683209.24";"#NE";"N";"-1";"06012550420266260000";"-3";"#NE";"-3";"#NE";"NÃO";"#NULO";-1;"#NULO";"N";"N";-1;-1;"2026-08-04 16:35:15";8;"AGUARDANDO JULGAMENTO";"-1";"#NULO";"-1";"#NULO";-1;"#NULO";-1;"#NULO";-1;"#NULO";-1;"#NULO";"-1";"#NULO"
"15/08/2026";"19:30:51";2026;6259;250002537942;-3;"#NE";1;"BRASILEIRA NATA";-3;"LINHARES";"55";"N";0;"NÃO INFORMADO";"3176572.53";"#NE";"S";"-1";"06012845420266260000";"-3";"#NE";"-3";"#NE";"NÃO";"#NULO";-1;"#NULO";"N";"N";-1;-1;"2026-08-05 15:07:31";8;"AGUARDANDO JULGAMENTO";"-1";"#NULO";"-1";"#NULO";-1;"#NULO";-1;"#NULO";-1;"#NULO";-1;"#NULO";"-1";"#NULO"
"15/08/2026";"19:30:51";2026;6259;250002537951;-3;"#NE";1;"BRASILEIRA NATA";-3;"TATUÍ";"57";"N";-1;"#NULO";"3176572.53";"#NE";"S";"-1";"06013096720266260000";"-3";"#NE";"-3";"#NE";"NÃO";"#NULO";-1;"#NULO";"N";"N";-1;-1;"2026-08-05 15:07:31";8;"AGUARDANDO JULGAMENTO";"-1";"#NULO";"-1";"#NULO";-1;"#NULO";-1;"#NULO";-1;"#NULO";-1;"#NULO";"-1";"#NULO"
"15/08/2026";"19:30:51";2026;6259;250002537952;-3;"#NE";1;"BRASILEIRA NATA";-3;"SÃO PAULO";"55";"N";-1;"#NULO";"3176572.53";"#NE";"N";"-1";"06012897620266260000";"-3";"#NE";"-3";"#NE";"NÃO";"#NULO";-1;"#NULO";"N";"N";-1;-1;"2026-08-05 15:07:31";8;"AGUARDANDO JULGAMENTO";"-1";"#NULO";"-1";"#NULO";-1;"#NULO";-1;"#NULO";-1;"#NULO";-1;"#NULO";"-1";"#NULO"
"15/08/2026";"19:30:51";2026;6259;250002537960;-3;"#NE";1;"BRASILEIRA NATA";-3;"RIBEIRÃO PIRES";"54";"N";-1;"#NULO";"3176572.53";"#NE";"N";"-1";"06012646320266260000";"-3";"#NE";"-3";"#NE";"NÃO";"#NULO";-1;"#NULO";"N";"N";-1;-1;"2026-08-05 15:07:31";8;"AGUARDANDO JULGAMENTO";"-1";"#NULO";"-1";"#NULO";-1;"#NULO";-1;"#NULO";-1;"#NULO";-1;"#NULO";"-1";"#NULO"
"15/08/2026";"19:30:51";2026;6259;250002537965;-3;"#NE";1;"BRASILEIRA NATA";-3;"GUARATINGUETÁ";"49";"N";-1;"#NULO";"3176572.53";"#NE";"S";"-1";"06012853920266260000";"-3";"#NE";"-3";"#NE";"NÃO";"#NULO";-1;"#NULO";"N";"N";-1;-1;"2026-08-05 15:07:31";8;"AGUARDANDO JULGAMENTO";"-1";"#NULO";"-1";"#NULO";-1;"#NULO";-1;"#NULO";-1;"#NULO";-1;"#NULO";"-1";"#NULO"
"15/08/2026";"19:30:51";2026;6259;250002537977;-3;"#NE";1;"BRASILEIRA NATA";-3;"MARÍLIA";"47";"N";-1;"#NULO";"3176572.53";"#NE";"S";"-1";"06012923120266260000";"-3";"#NE";"-3";"#NE";"NÃO";"#NULO";-1;"#NULO";"N";"N";-1;-1;"2026-08-05 15:07:31";8;"AGUARDANDO JULGAMENTO";"-1";"#NULO";"-1";"#NULO";-1;"#NULO";-1;"#NULO";-1;"#NULO";-1;"#NULO";"-1";"#NULO"
"15/08/2026";"19:30:51";2026;6259;250002537980;-3;"#NE";1;"BRASILEIRA NATA";-3;"ALCOBAÇA";"48";"N";0;"NÃO INFORMADO";"3176572.53";"#NE";"S";"-1";"06012793220266260000";"-3";"#NE";"-3";"#NE";"NÃO";"#NULO";-1;"#NULO";"N";"N";-1;-1;"2026-08-05 15:07:31";8;"AGUARDANDO JULGAMENTO";"-1";"#NULO";"-1";"#NULO";-1;"#NULO";-1;"#NULO";-1;"#NULO";-1;"#NULO";"-1";"#NULO"
"15/08/2026";"19:30:51";2026;6259;250002538919;-3;"#NE";1;"BRASILEIRA NATA";-3;"PEREIRA BARRETO";"42";"N";0;"NÃO INFORMADO";"1270629.01";"#NE";"N";"-1";"06015409420266260000";"-3";"#NE";"-3";"#NE";"NÃO";"#NULO";-1;"#NULO";"N";"N";-1;-1;"2026-08-06 15:55:28";8;"AGUARDANDO JULGAMENTO";"-1";"#NULO";"-1";"#NULO";-1;"#NULO";-1;"#NULO";-1;"#NULO";-1;"#NULO";"-1";"#NULO"
"15/08/2026";"19:30:51";2026;6259;250002538955;-3;"#NE";1;"BRASILEIRA NATA";-3;"BRODOWSKI";"67";"N";0;"NÃO INFORMADO";"1270629.01";"#NE";"S";"-1";"06014810920266260000";"-3";"#NE";"-3";"#NE";"NÃO";"#NULO";-1;"#NULO";"N";"N";-1;-1;"2026-08-06 15:20:27";8;"AGUARDANDO JULGAMENTO";"-1";"#NULO";"-1";"#NULO";-1;"#NULO";-1;"#NULO";-1;"#NULO";-1;"#NULO";"-1";"#NULO"
"15/08/2026";"19:30:51";2026;6259;250002539247;-3;"#NE";1;"BRASILEIRA NATA";-3;"PEABIRU";"49";"N";-1;"#NULO";"1270629.01";"#NE";"S";"-1";"06013209620266260000";"-3";"#NE";"-3";"#NE";"NÃO";"#NULO";-1;"#NULO";"N";"N";-1;-1;"2026-08-06 14:28:06";8;"AGUARDANDO JULGAMENTO";"-1";"#NULO";"-1";"#NULO";-1;"#NULO";-1;"#NULO";-1;"#NULO";-1;"#NULO";"-1";"#NULO"
"15/08/2026";"19:30:51";2026;6259;250002539258;-3;"#NE";1;"BRASILEIRA NATA";-3;"ITAPETININGA";"42";"N";0;"NÃO INFORMADO";"1270629.01";"#NE";"S";"-1";"06013581120266260000";"-3";"#NE";"-3";"#NE";"NÃO";"#NULO";-1;"#NULO";"N";"N";-1;-1;"2026-08-06 14:28:06";8;"AGUARDANDO JULGAMENTO";"-1";"#NULO";"-1";"#NULO";-1;"#NULO";-1;"#NULO";-1;"#NULO";-1;"#NULO";"-1";"#NULO"
"15/08/2026";"19:30:51";2026;6259;250002539259;-3;"#NE";1;"BRASILEIRA NATA";-3;"JACAREÍ";"27";"N";0;"NÃO INFORMADO";"1270629.01";"#NE";"S";"-1";"06013685520266260000";"-3";"#NE";"-3";"#NE";"NÃO";"#NULO";-1;"#NULO";"N";"N";-1;-1;"2026-08-06 14:28:06";8;"AGUARDANDO JULGAMENTO";"-1";"#NULO";"-1";"#NULO";-1;"#NULO";-1;"#NULO";-1;"#NULO";-1;"#NULO";"-1";"#NULO"
"15/08/2026";"19:30:51";2026;6259;250002539263;-3;"#NE";1;"BRASILEIRA NATA";-3;"PIRACICABA";"74";"N";-1;"#NULO";"1270629.01";"#NE";"S";"-1";"06013867620266260000";"-3";"#NE";"-3";"#NE";"NÃO";"#NULO";-1;"#NULO";"N";"N";-1;-1;"2026-08-06 14:28:06";8;"AGUARDANDO JULGAMENTO";"-1";"#NULO";"-1";"#NULO";-1;"#NULO";-1;"#NULO";-1;"#NULO";-1;"#NULO";"-1";"#NULO"
"15/08/2026";"19:30:51";2026;6259;250002539266;-3;"#NE";1;"BRASILEIRA NATA";-3;"RIO DE JANEIRO";"56";"N";-1;"#NULO";"1270629.01";"#NE";"S";"-1";"06014049720266260000";"-3";"#NE";"-3";"#NE";"NÃO";"#NULO";-1;"#NULO";"N";"N";-1;-1;"2026-08-06 14:28:06";8;"AGUARDANDO JULGAMENTO";"-1";"#NULO";"-1";"#NULO";-1;"#NULO";-1;"#NULO";-1;"#NULO";-1;"#NULO";"-1";"#NULO"
"15/08/2026";"19:30:51";2026;6259;250002539270;-3;"#NE";1;"BRASILEIRA NATA";-3;"BARRETOS";"46";"N";-1;"#NULO";"1270629.01";"#NE";"S";"-1";"06013382020266260000";"-3";"#NE";"-3";"#NE";"NÃO";"#NULO";-1;"#NULO";"N";"N";-1;-1;"2026-08-06 14:28:06";8;"AGUARDANDO JULGAMENTO";"-1";"#NULO";"-1";"#NULO";-1;"#NULO";-1;"#NULO";-1;"#NULO";-1;"#NULO";"-1";"#NULO"
"15/08/2026";"19:30:51";2026;6259;250002539280;-3;"#NE";1;"BRASILEIRA NATA";-3;"PIMENTEIRAS";"47";"N";-1;"#NULO";"1270629.01";"#NE";"S";"-1";"06013312820266260000";"-3";"#NE";"-3";"#NE";"NÃO";"#NULO";-1;"#NULO";"N";"N";-1;-1;"2026-08-06 14:28:06";8;"AGUARDANDO JULGAMENTO";"-1";"#NULO";"-1";"#NULO";-1;"#NULO";-1;"#NULO";-1;"#NULO";-1;"#NULO";"-1";"#NULO"
"15/08/2026";"19:30:51";2026;6259;250002539279;-3;"#NE";1;"BRASILEIRA NATA";-3;"OSVALDO CRUZ";"64";"N";0;"NÃO INFORMADO";"1270629.01";"#NE";"S";"-1";"06013218120266260000";"-3";"#NE";"-3";"#NE";"NÃO";"#NULO";-1;"#NULO";"N";"N";-1;-1;"2026-08-06 14:28:06";8;"AGUARDANDO JULGAMENTO";"-1";"#NULO";"-1";"#NULO";-1;"#NULO";-1;"#NULO";-1;"#NULO";-1;"#NULO";"-1";"#NULO"
"15/08/2026";"19:30:51";2026;6259;250002539284;-3;"#NE";1;"BRASILEIRA NATA";-3;"RIBEIRÃO PRETO";"54";"N";-1;"#NULO";"1270629.01";"#NE";"S";"-1";"06013348020266260000";"-3";"#NE";"-3";"#NE";"NÃO";"#NULO";-1;"#NULO";"N";"N";-1;-1;"2026-08-06 14:28:06";8;"AGUARDANDO JULGAMENTO";"-1";"#NULO";"-1";"#NULO";-1;"#NULO";-1;"#NULO";-1;"#NULO";-1;"#NULO";"-1";"#NULO"
"15/08/2026";"19:30:51";2026;6259;250002539303;-3;"#NE";1;"BRASILEIRA NATA";-3;"SÃO PAULO";"48";"N";-1;"#NULO";"1270629.01";"#NE";"N";"-1";"06013278820266260000";"-3";"#NE";"-3";"#NE";"NÃO";"#NULO";-1;"#NULO";"N";"N";-1;-1;"2026-08-06 14:28:06";8;"AGUARDANDO JULGAMENTO";"-1";"#NULO";"-1";"#NULO";-1;"#NULO";-1;"#NULO";-1;"#NULO";-1;"#NULO";"-1";"#NULO"
"15/08/2026";"19:30:51";2026;6259;250002539307;-3;"#NE";1;"BRASILEIRA NATA";-3;"SÃO PAULO";"53";"N";-1;"#NULO";"1270629.01";"#NE";"N";"-1";"06013486420266260000";"-3";"#NE";"-3";"#NE";"NÃO";"#NULO";-1;"#NULO";"N";"N";-1;-1;"2026-08-06 14:28:06";8;"AGUARDANDO JULGAMENTO";"-1";"#NULO";"-1";"#NULO";-1;"#NULO";-1;"#NULO";-1;"#NULO";-1;"#NULO";"-1";"#NULO"
"15/08/2026";"19:30:51";2026;6259;250002539309;-3;"#NE";1;"BRASILEIRA NATA";-3;"SÃO PAULO";"67";"N";-1;"#NULO";"1270629.01";"#NE";"S";"-1";"06013754720266260000";"-3";"#NE";"-3";"#NE";"NÃO";"#NULO";-1;"#NULO";"N";"N";-1;-1;"2026-08-06 14:28:06";8;"AGUARDANDO JULGAMENTO";"-1";"#NULO";"-1";"#NULO";-1;"#NULO";-1;"#NULO";-1;"#NULO";-1;"#NULO";"-1";"#NULO"
"15/08/2026";"19:30:51";2026;6259;250002539312;-3;"#NE";1;"BRASILEIRA NATA";-3;"SÃO PAULO";"29";"N";0;"NÃO INFORMADO";"1270629.01";"#NE";"S";"-1";"06013365020266260000";"-3";"#NE";"-3";"#NE";"NÃO";"#NULO";-1;"#NULO";"N";"N";-1;-1;"2026-08-06 14:28:06";8;"AGUARDANDO JULGAMENTO";"-1";"#NULO";"-1";"#NULO";-1;"#NULO";-1;"#NULO";-1;"#NULO";-1;"#NULO";"-1";"#NULO"
"15/08/2026";"19:30:51";2026;6259;250002539311;-3;"#NE";1;"BRASILEIRA NATA";-3;"SÃO PAULO";"43";"N";-1;"#NULO";"1270629.01";"#NE";"S";"-1";"06013729220266260000";"-3";"#NE";"-3";"#NE";"NÃO";"#NULO";-1;"#NULO";"N";"N";-1;-1;"2026-08-06 14:28:06";8;"AGUARDANDO JULGAMENTO";"-1";"#NULO";"-1";"#NULO";-1;"#NULO";-1;"#NULO";-1;"#NULO";-1;"#NULO";"-1";"#NULO"
"15/08/2026";"19:30:51";2026;6259;250002539315;-3;"#NE";1;"BRASILEIRA NATA";-3;"SÃO PAULO";"52";"N";-1;"#NULO";"1270629.01";"#NE";"S";"-1";"06013390520266260000";"-3";"#NE";"-3";"#NE";"NÃO";"#NULO";-1;"#NULO";"N";"N";-1;-1;"2026-08-06 14:28:06";8;"AGUARDANDO JULGAMENTO";"-1";"#NULO";"-1";"#NULO";-1;"#NULO";-1;"#NULO";-1;"#NULO";-1;"#NULO";"-1";"#NULO"
"15/08/2026";"19:30:51";2026;6259;250002539317;-3;"#NE";1;"BRASILEIRA NATA";-3;"SÃO PAULO";"44";"N";0;"NÃO INFORMADO";"1270629.01";"#NE";"S";"-1";"06013884620266260000";"-3";"#NE";"-3";"#NE";"NÃO";"#NULO";-1;"#NULO";"N";"N";-1;-1;"2026-08-06 14:28:06";8;"AGUARDANDO JULGAMENTO";"-1";"#NULO";"-1";"#NULO";-1;"#NULO";-1;"#NULO";-1;"#NULO";-1;"#NULO";"-1";"#NULO"
"15/08/2026";"19:30:51";2026;6259;250002539318;-3;"#NE";1;"BRASILEIRA NATA";-3;"SÃO PAULO";"64";"N";-1;"#NULO";"1270629.01";"#NE";"S";"-1";"06013832420266260000";"-3";"#NE";"-3";"#NE";"NÃO";"#NULO";-1;"#NULO";"N";"N";-1;-1;"2026-08-06 14:28:06";8;"AGUARDANDO JULGAMENTO";"-1";"#NULO";"-1";"#NULO";-1;"#NULO";-1;"#NULO";-1;"#NULO";-1;"#NULO";"-1";"#NULO"
"15/08/2026";"19:30:51";2026;6259;250002539385;-3;"#NE";1;"BRASILEIRA NATA";-3;"BELO HORIZONTE";"51";"N";0;"NÃO INFORMADO";"3176572.53";"#NE";"S";"-1";"06014586320266260000";"-3";"#NE";"-3";"#NE";"NÃO";"#NULO";-1;"#NULO";"N";"N";-1;-1;"2026-08-06 14:46:28";8;"AGUARDANDO JULGAMENTO";"-1";"#NULO";"-1";"#NULO";-1;"#NULO";-1;"#NULO";-1;"#NULO";-1;"#NULO";"-1";"#NULO"
"15/08/2026";"19:30:51";2026;6259;250002539389;-3;"#NE";1;"BRASILEIRA NATA";-3;"FOZ DO IGUAÇU";"40";"N";-1;"#NULO";"3176572.53";"#NE";"S";"-1";"06014248820266260000";"-3";"#NE";"-3";"#NE";"NÃO";"#NULO";-1;"#NULO";"N";"N";-1;-1;"2026-08-06 14:46:28";8;"AGUARDANDO JULGAMENTO";"-1";"#NULO";"-1";"#NULO";-1;"#NULO";-1;"#NULO";-1;"#NULO";-1;"#NULO";"-1";"#NULO"
"15/08/2026";"19:30:51";2026;6259;250002539399;-3;"#NE";1;"BRASILEIRA NATA";-3;"MONTE BELO";"61";"N";-1;"#NULO";"3176572.53";"#NE";"S";"-1";"06014188120266260000";"-3";"#NE";"-3";"#NE";"NÃO";"#NULO";-1;"#NULO";"N";"N";-1;-1;"2026-08-06 14:46:28";8;"AGUARDANDO JULGAMENTO";"-1";"#NULO";"-1";"#NULO";-1;"#NULO";-1;"#NULO";-1;"#NULO";-1;"#NULO";"-1";"#NULO"
"15/08/2026";"19:30:51";2026;6259;250002539411;-3;"#NE";1;"BRASILEIRA NATA";-3;"OSASCO";"50";"N";-1;"#NULO";"3176572.53";"#NE";"S";"-1";"06014318020266260000";"-3";"#NE";"-3";"#NE";"NÃO";"#NULO";-1;"#NULO";"N";"N";-1;-1;"2026-08-06 14:46:28";8;"AGUARDANDO JULGAMENTO";"-1";"#NULO";"-1";"#NULO";-1;"#NULO";-1;"#NULO";-1;"#NULO";-1;"#NULO";"-1";"#NULO"
"15/08/2026";"19:30:51";2026;6259;250002539414;-3;"#NE";1;"BRASILEIRA NATA";-3;"PINDAMONHANGABA";"49";"N";-1;"#NULO";"3176572.53";"#NE";"S";"-1";"06014257320266260000";"-3";"#NE";"-3";"#NE";"NÃO";"#NULO";-1;"#NULO";"N";"N";-1;-1;"2026-08-06 14:46:28";8;"AGUARDANDO JULGAMENTO";"-1";"#NULO";"-1";"#NULO";-1;"#NULO";-1;"#NULO";-1;"#NULO";-1;"#NULO";"-1";"#NULO"
"15/08/2026";"19:30:51";2026;6259;250002539427;-3;"#NE";1;"BRASILEIRA NATA";-3;"CAFELÂNDIA";"49";"N";0;"NÃO INFORMADO";"3176572.53";"#NE";"S";"-1";"06014672520266260000";"-3";"#NE";"-3";"#NE";"NÃO";"#NULO";-1;"#NULO";"N";"N";-1;-1;"2026-08-06 14:46:28";8;"AGUARDANDO JULGAMENTO";"-1";"#NULO";"-1";"#NULO";-1;"#NULO";-1;"#NULO";-1;"#NULO";-1;"#NULO";"-1";"#NULO"
"15/08/2026";"19:30:51";2026;6259;250002539429;-3;"#NE";1;"BRASILEIRA NATA";-3;"EMBU-GUAÇU";"53";"N";-1;"#NULO";"3176572.53";"#NE";"N";"-1";"06014205120266260000";"-3";"#NE";"-3";"#NE";"NÃO";"#NULO";-1;"#NULO";"N";"N";-1;-1;"2026-08-06 14:46:28";8;"AGUARDANDO JULGAMENTO";"-1";"#NULO";"-1";"#NULO";-1;"#NULO";-1;"#NULO";-1;"#NULO";-1;"#NULO";"-1";"#NULO"
"15/08/2026";"19:30:51";2026;6259;250002539437;-3;"#NE";1;"BRASILEIRA NATA";-3;"SÃO PAULO";"39";"N";-1;"#NULO";"3176572.53";"#NE";"S";"-1";"06014343520266260000";"-3";"#NE";"-3";"#NE";"NÃO";"#NULO";-1;"#NULO";"N";"N";-1;-1;"2026-08-06 14:46:28";8;"AGUARDANDO JULGAMENTO";"-1";"#NULO";"-1";"#NULO";-1;"#NULO";-1;"#NULO";-1;"#NULO";-1;"#NULO";"-1";"#NULO"
"15/08/2026";"19:30:51";2026;6259;250002539443;-3;"#NE";1;"BRASILEIRA NATA";-3;"SÃO PAULO";"49";"N";-1;"#NULO";"3176572.53";"#NE";"S";"-1";"06014569320266260000";"-3";"#NE";"-3";"#NE";"NÃO";"#NULO";-1;"#NULO";"N";"N";-1;-1;"2026-08-06 14:46:28";8;"AGUARDANDO JULGAMENTO";"-1";"#NULO";"-1";"#NULO";-1;"#NULO";-1;"#NULO";-1;"#NULO";-1;"#NULO";"-1";"#NULO"
"15/08/2026";"19:30:51";2026;6259;250002539452;-3;"#NE";1;"BRASILEIRA NATA";-3;"SÃO PAULO";"22";"N";-1;"#NULO";"3176572.53";"#NE";"N";"-1";"06014542620266260000";"-3";"#NE";"-3";"#NE";"NÃO";"#NULO";-1;"#NULO";"N";"N";-1;-1;"2026-08-06 14:46:28";8;"AGUARDANDO JULGAMENTO";"-1";"#NULO";"-1";"#NULO";-1;"#NULO";-1;"#NULO";-1;"#NULO";-1;"#NULO";"-1";"#NULO"
"15/08/2026";"19:30:51";2026;6259;250002539587;-3;"#NE";1;"BRASILEIRA NATA";-3;"AQUIRAZ";"68";"N";-1;"#NULO";"3176572.53";"#NE";"N";"-1";"06015763920266260000";"-3";"#NE";"-3";"#NE";"NÃO";"#NULO";-1;"#NULO";"N";"N";-1;-1;"2026-08-06 17:34:34";8;"AGUARDANDO JULGAMENTO";"-1";"#NULO";"-1";"#NULO";-1;"#NULO";-1;"#NULO";-1;"#NULO";-1;"#NULO";"-1";"#NULO"
"15/08/2026";"19:30:51";2026;6259;250002539598;-3;"#NE";1;"BRASILEIRA NATA";-3;"LUZILÂNDIA";"71";"N";-1;"#NULO";"3176572.53";"#NE";"S";"-1";"06015703220266260000";"-3";"#NE";"-3";"#NE";"NÃO";"#NULO";-1;"#NULO";"N";"N";-1;-1;"2026-08-06 17:34:34";8;"AGUARDANDO JULGAMENTO";"-1";"#NULO";"-1";"#NULO";-1;"#NULO";-1;"#NULO";-1;"#NULO";-1;"#NULO";"-1";"#NULO"
"15/08/2026";"19:30:51";2026;6259;250002539603;-3;"#NE";1;"BRASILEIRA NATA";-3;"POÁ";"50";"N";-1;"#NULO";"3176572.53";"#NE";"N";"-1";"06015547820266260000";"-3";"#NE";"-3";"#NE";"NÃO";"#NULO";-1;"#NULO";"N";"N";-1;-1;"2026-08-06 17:34:34";8;"AGUARDANDO JULGAMENTO";"-1";"#NULO";"-1";"#NULO";-1;"#NULO";-1;"#NULO";-1;"#NULO";-1;"#NULO";"-1";"#NULO"
"15/08/2026";"19:30:51";2026;6259;250002539612;-3;"#NE";1;"BRASILEIRA NATA";-3;"FRANCO DA ROCHA";"34";"N";-1;"#NULO";"3176572.53";"#NE";"S";"-1";"06015625520266260000";"-3";"#NE";"-3";"#NE";"NÃO";"#NULO";-1;"#NULO";"N";"N";-1;-1;"2026-08-06 17:34:34";8;"AGUARDANDO JULGAMENTO";"-1";"#NULO";"-1";"#NULO";-1;"#NULO";-1;"#NULO";-1;"#NULO";-1;"#NULO";"-1";"#NULO"
"15/08/2026";"19:30:51";2026;6259;250002539623;-3;"#NE";1;"BRASILEIRA NATA";-3;"SÃO PAULO";"46";"N";-1;"#NULO";"3176572.53";"#NE";"N";"-1";"06015634020266260000";"-3";"#NE";"-3";"#NE";"NÃO";"#NULO";-1;"#NULO";"N";"N";-1;-1;"2026-08-06 17:34:34";8;"AGUARDANDO JULGAMENTO";"-1";"#NULO";"-1";"#NULO";-1;"#NULO";-1;"#NULO";-1;"#NULO";-1;"#NULO";"-1";"#NULO"
"15/08/2026";"19:30:51";2026;6259;250002539629;-3;"#NE";1;"BRASILEIRA NATA";-3;"SÃO PEDRO DO TURVO";"47";"N";-1;"#NULO";"3176572.53";"#NE";"S";"-1";"06015885320266260000";"-3";"#NE";"-3";"#NE";"NÃO";"#NULO";-1;"#NULO";"N";"N";-1;-1;"2026-08-06 17:34:34";8;"AGUARDANDO JULGAMENTO";"-1";"#NULO";"-1";"#NULO";-1;"#NULO";-1;"#NULO";-1;"#NULO";-1;"#NULO";"-1";"#NULO"
"15/08/2026";"19:30:51";2026;6259;250002539935;-3;"#NE";1;"BRASILEIRA NATA";-3;"IGREJA NOVA";"66";"N";-1;"#NULO";"1270629.01";"#NE";"S";"-1";"06015305020266260000";"-3";"#NE";"-3";"#NE";"NÃO";"#NULO";-1;"#NULO";"N";"N";-1;-1;"2026-08-06 15:55:28";8;"AGUARDANDO JULGAMENTO";"-1";"#NULO";"-1";"#NULO";-1;"#NULO";-1;"#NULO";-1;"#NULO";-1;"#NULO";"-1";"#NULO"
"15/08/2026";"19:30:51";2026;6259;250002540560;-3;"#NE";1;"BRASILEIRA NATA";-3;"SÃO PAULO";"60";"N";0;"NÃO INFORMADO";"1270629.01";"#NE";"S";"-1";"06016075920266260000";"-3";"#NE";"-3";"#NE";"NÃO";"#NULO";-1;"#NULO";"N";"N";-1;-1;"2026-08-07 12:07:18";8;"AGUARDANDO JULGAMENTO";"-1";"#NULO";"-1";"#NULO";-1;"#NULO";-1;"#NULO";-1;"#NULO";-1;"#NULO";"-1";"#NULO"
"15/08/2026";"19:30:51";2026;6259;250002540569;-3;"#NE";1;"BRASILEIRA NATA";-3;"SÃO PAULO";"39";"N";0;"NÃO INFORMADO";"1270629.01";"#NE";"S";"-1";"06016880820266260000";"-3";"#NE";"-3";"#NE";"NÃO";"#NULO";-1;"#NULO";"N";"N";-1;-1;"2026-08-07 12:07:18";8;"AGUARDANDO JULGAMENTO";"-1";"#NULO";"-1";"#NULO";-1;"#NULO";-1;"#NULO";-1;"#NULO";-1;"#NULO";"-1";"#NULO"
"15/08/2026";"19:30:51";2026;6259;250002540574;-3;"#NE";1;"BRASILEIRA NATA";-3;"NOVO HORIZONTE";"72";"N";-1;"#NULO";"1270629.01";"#NE";"N";"-1";"06016777620266260000";"-3";"#NE";"-3";"#NE";"NÃO";"#NULO";-1;"#NULO";"N";"N";-1;-1;"2026-08-07 12:07:18";8;"AGUARDANDO JULGAMENTO";"-1";"#NULO";"-1";"#NULO";-1;"#NULO";-1;"#NULO";-1;"#NULO";-1;"#NULO";"-1";"#NULO"
"15/08/2026";"19:30:51";2026;6259;250002540573;-3;"#NE";1;"BRASILEIRA NATA";-3;"JACAREÍ";"70";"N";0;"NÃO INFORMADO";"1270629.01";"#NE";"S";"-1";"06016222820266260000";"-3";"#NE";"-3";"#NE";"NÃO";"#NULO";-1;"#NULO";"N";"N";-1;-1;"2026-08-07 12:07:18";8;"AGUARDANDO JULGAMENTO";"-1";"#NULO";"-1";"#NULO";-1;"#NULO";-1;"#NULO";-1;"#NULO";-1;"#NULO";"-1";"#NULO"
"15/08/2026";"19:30:51";2026;6259;250002540577;-3;"#NE";1;"BRASILEIRA NATA";-3;"RIBEIRÃO PRETO";"68";"N";-1;"#NULO";"1270629.01";"#NE";"S";"-1";"06016430420266260000";"-3";"#NE";"-3";"#NE";"NÃO";"#NULO";-1;"#NULO";"N";"N";-1;-1;"2026-08-07 12:07:18";8;"AGUARDANDO JULGAMENTO";"-1";"#NULO";"-1";"#NULO";-1;"#NULO";-1;"#NULO";-1;"#NULO";-1;"#NULO";"-1";"#NULO"
"15/08/2026";"19:30:51";2026;6259;250002540581;-3;"#NE";1;"BRASILEIRA NATA";-3;"SÃO PAULO";"75";"N";-1;"#NULO";"1270629.01";"#NE";"S";"-1";"06016421920266260000";"-3";"#NE";"-3";"#NE";"NÃO";"#NULO";-1;"#NULO";"N";"N";-1;-1;"2026-08-07 12:07:18";8;"AGUARDANDO JULGAMENTO";"-1";"#NULO";"-1";"#NULO";-1;"#NULO";-1;"#NULO";-1;"#NULO";-1;"#NULO";"-1";"#NULO"
"15/08/2026";"19:30:51";2026;6259;250002540592;-3;"#NE";1;"BRASILEIRA NATA";-3;"SÃO PAULO";"67";"N";-1;"#NULO";"1270629.01";"#NE";"S";"-1";"06016344220266260000";"-3";"#NE";"-3";"#NE";"NÃO";"#NULO";-1;"#NULO";"N";"N";-1;-1;"2026-08-07 12:07:18";8;"AGUARDANDO JULGAMENTO";"-1";"#NULO";"-1";"#NULO";-1;"#NULO";-1;"#NULO";-1;"#NULO";-1;"#NULO";"-1";"#NULO"
"15/08/2026";"19:30:51";2026;6259;250002540875;-3;"#NE";1;"BRASILEIRA NATA";-3;"LINS";"73";"N";0;"NÃO INFORMADO";"1270629.01";"#NE";"S";"-1";"06016733920266260000";"-3";"#NE";"-3";"#NE";"NÃO";"#NULO";-1;"#NULO";"N";"N";-1;-1;"2026-08-07 12:07:18";8;"AGUARDANDO JULGAMENTO";"-1";"#NULO";"-1";"#NULO";-1;"#NULO";-1;"#NULO";-1;"#NULO";-1;"#NULO";"-1";"#NULO"
"15/08/2026";"19:30:51";2026;6259;250002540893;-3;"#NE";1;"BRASILEIRA NATA";-3;"OLÍMPIA";"70";"N";0;"NÃO INFORMADO";"1270629.01";"#NE";"S";"-1";"06016335720266260000";"-3";"#NE";"-3";"#NE";"NÃO";"#NULO";-1;"#NULO";"N";"N";-1;-1;"2026-08-07 12:07:18";8;"AGUARDANDO JULGAMENTO";"-1";"#NULO";"-1";"#NULO";-1;"#NULO";-1;"#NULO";-1;"#NULO";-1;"#NULO";"-1";"#NULO"
"15/08/2026";"19:30:51";2026;6259;250002540903;-3;"#NE";1;"BRASILEIRA NATA";-3;"GUARULHOS";"49";"N";-1;"#NULO";"1270629.01";"#NE";"S";"-1";"06016283520266260000";"-3";"#NE";"-3";"#NE";"NÃO";"#NULO";-1;"#NULO";"N";"N";-1;-1;"2026-08-07 12:07:18";8;"AGUARDANDO JULGAMENTO";"-1";"#NULO";"-1";"#NULO";-1;"#NULO";-1;"#NULO";-1;"#NULO";-1;"#NULO";"-1";"#NULO"
"15/08/2026";"19:30:51";2026;6259;250002540911;-3;"#NE";1;"BRASILEIRA NATA";-3;"SÃO PAULO";"44";"N";-1;"#NULO";"1270629.01";"#NE";"S";"-1";"06016811620266260000";"-3";"#NE";"-3";"#NE";"NÃO";"#NULO";-1;"#NULO";"N";"N";-1;-1;"2026-08-07 12:07:18";8;"AGUARDANDO JULGAMENTO";"-1";"#NULO";"-1";"#NULO";-1;"#NULO";-1;"#NULO";-1;"#NULO";-1;"#NULO";"-1";"#NULO"
"15/08/2026";"19:30:51";2026;6259;250002540912;-3;"#NE";1;"BRASILEIRA NATA";-3;"REDENÇÃO DA SERRA";"54";"N";-1;"#NULO";"1270629.01";"#NE";"N";"-1";"06016985220266260000";"-3";"#NE";"-3";"#NE";"NÃO";"#NULO";-1;"#NULO";"N";"N";-1;-1;"2026-08-07 12:07:18";8;"AGUARDANDO JULGAMENTO";"-1";"#NULO";"-1";"#NULO";-1;"#NULO";-1;"#NULO";-1;"#NULO";-1;"#NULO";"-1";"#NULO"
"15/08/2026";"19:30:51";2026;6259;250002540925;-3;"#NE";1;"BRASILEIRA NATA";-3;"FORTALEZA";"55";"N";0;"NÃO INFORMADO";"1270629.01";"#NE";"N";"-1";"06016968220266260000";"-3";"#NE";"-3";"#NE";"NÃO";"#NULO";-1;"#NULO";"N";"N";-1;-1;"2026-08-07 12:07:18";8;"AGUARDANDO JULGAMENTO";"-1";"#NULO";"-1";"#NULO";-1;"#NULO";-1;"#NULO";-1;"#NULO";-1;"#NULO";"-1";"#NULO"
"15/08/2026";"19:30:51";2026;6259;250002540929;-3;"#NE";1;"BRASILEIRA NATA";-3;"GUAÍRA";"56";"N";0;"NÃO INFORMADO";"1270629.01";"#NE";"S";"-1";"06016465620266260000";"-3";"#NE";"-3";"#NE";"NÃO";"#NULO";-1;"#NULO";"N";"N";-1;-1;"2026-08-07 12:07:18";8;"AGUARDANDO JULGAMENTO";"-1";"#NULO";"-1";"#NULO";-1;"#NULO";-1;"#NULO";-1;"#NULO";-1;"#NULO";"-1";"#NULO"
"15/08/2026";"19:30:51";2026;6259;250002541098;-3;"#NE";1;"BRASILEIRA NATA";-3;"BEBEDOURO";"53";"N";0;"NÃO INFORMADO";"3176572.53";"#NE";"N";"-1";"06017357920266260000";"-3";"#NE";"-3";"#NE";"NÃO";"#NULO";-1;"#NULO";"N";"N";-1;-1;"2026-08-07 12:15:27";8;"AGUARDANDO JULGAMENTO";"-1";"#NULO";"-1";"#NULO";-1;"#NULO";-1;"#NULO";-1;"#NULO";-1;"#NULO";"-1";"#NULO"
"15/08/2026";"19:30:51";2026;6259;250002541103;-3;"#NE";1;"BRASILEIRA NATA";-3;"CARAGUATATUBA";"39";"N";0;"NÃO INFORMADO";"3176572.53";"#NE";"S";"-1";"06017305720266260000";"-3";"#NE";"-3";"#NE";"NÃO";"#NULO";-1;"#NULO";"N";"N";-1;-1;"2026-08-07 12:15:27";8;"AGUARDANDO JULGAMENTO";"-1";"#NULO";"-1";"#NULO";-1;"#NULO";-1;"#NULO";-1;"#NULO";-1;"#NULO";"-1";"#NULO"
"15/08/2026";"19:30:51";2026;6259;250002541107;-3;"#NE";1;"BRASILEIRA NATA";-3;"MARÍLIA";"40";"N";0;"NÃO INFORMADO";"3176572.53";"#NE";"S";"-1";"06017574020266260000";"-3";"#NE";"-3";"#NE";"NÃO";"#NULO";-1;"#NULO";"N";"N";-1;-1;"2026-08-07 12:15:27";8;"AGUARDANDO JULGAMENTO";"-1";"#NULO";"-1";"#NULO";-1;"#NULO";-1;"#NULO";-1;"#NULO";-1;"#NULO";"-1";"#NULO"
"15/08/2026";"19:30:51";2026;6259;250002541110;-3;"#NE";1;"BRASILEIRA NATA";-3;"GENERAL SALGADO";"60";"N";0;"NÃO INFORMADO";"3176572.53";"#NE";"S";"-1";"06017132120266260000";"-3";"#NE";"-3";"#NE";"NÃO";"#NULO";-1;"#NULO";"N";"N";-1;-1;"2026-08-07 12:15:27";8;"AGUARDANDO JULGAMENTO";"-1";"#NULO";"-1";"#NULO";-1;"#NULO";-1;"#NULO";-1;"#NULO";-1;"#NULO";"-1";"#NULO"
"15/08/2026";"19:30:51";2026;6259;250002541118;-3;"#NE";1;"BRASILEIRA NATA";-3;"SÃO PAULO";"28";"N";0;"NÃO INFORMADO";"3176572.53";"#NE";"S";"-1";"06017062920266260000";"-3";"#NE";"-3";"#NE";"NÃO";"#NULO";-1;"#NULO";"N";"N";-1;-1;"2026-08-07 12:15:27";8;"AGUARDANDO JULGAMENTO";"-1";"#NULO";"-1";"#NULO";-1;"#NULO";-1;"#NULO";-1;"#NULO";-1;"#NULO";"-1";"#NULO"
"15/08/2026";"19:30:51";2026;6259;250002541120;-3;"#NE";1;"BRASILEIRA NATA";-3;"SANTOS";"48";"N";0;"NÃO INFORMADO";"3176572.53";"#NE";"S";"-1";"06017427120266260000";"-3";"#NE";"-3";"#NE";"NÃO";"#NULO";-1;"#NULO";"N";"N";-1;-1;"2026-08-07 12:15:27";8;"AGUARDANDO JULGAMENTO";"-1";"#NULO";"-1";"#NULO";-1;"#NULO";-1;"#NULO";-1;"#NULO";-1;"#NULO";"-1";"#NULO"
"15/08/2026";"19:30:51";2026;6259;250002541123;-3;"#NE";1;"BRASILEIRA NATA";-3;"CRUZEIRO";"50";"N";0;"NÃO INFORMADO";"3176572.53";"#NE";"S";"-1";"06017626220266260000";"-3";"#NE";"-3";"#NE";"NÃO";"#NULO";-1;"#NULO";"N";"N";-1;-1;"2026-08-07 12:15:27";8;"AGUARDANDO JULGAMENTO";"-1";"#NULO";"-1";"#NULO";-1;"#NULO";-1;"#NULO";-1;"#NULO";-1;"#NULO";"-1";"#NULO"
"15/08/2026";"19:30:51";2026;6259;250002541122;-3;"#NE";1;"BRASILEIRA NATA";-3;"SANTO ANDRÉ";"45";"N";0;"NÃO INFORMADO";"3176572.53";"#NE";"S";"-1";"06017106620266260000";"-3";"#NE";"-3";"#NE";"NÃO";"#NULO";-1;"#NULO";"N";"N";-1;-1;"2026-08-07 12:15:27";8;"AGUARDANDO JULGAMENTO";"-1";"#NULO";"-1";"#NULO";-1;"#NULO";-1;"#NULO";-1;"#NULO";-1;"#NULO";"-1";"#NULO"
"15/08/2026";"19:30:51";2026;6259;250002541125;-3;"#NE";1;"BRASILEIRA NATA";-3;"SANTOS";"48";"N";0;"NÃO INFORMADO";"3176572.53";"#NE";"S";"-1";"06017010720266260000";"-3";"#NE";"-3";"#NE";"NÃO";"#NULO";-1;"#NULO";"N";"N";-1;-1;"2026-08-07 12:15:27";8;"AGUARDANDO JULGAMENTO";"-1";"#NULO";"-1";"#NULO";-1;"#NULO";-1;"#NULO";-1;"#NULO";-1;"#NULO";"-1";"#NULO"
"15/08/2026";"19:30:51";2026;6259;250002541130;-3;"#NE";1;"BRASILEIRA NATA";-3;"SÃO CAETANO DO SUL";"65";"N";0;"NÃO INFORMADO";"3176572.53";"#NE";"S";"-1";"06017678420266260000";"-3";"#NE";"-3";"#NE";"NÃO";"#NULO";-1;"#NULO";"N";"N";-1;-1;"2026-08-07 12:15:27";8;"AGUARDANDO JULGAMENTO";"-1";"#NULO";"-1";"#NULO";-1;"#NULO";-1;"#NULO";-1;"#NULO";-1;"#NULO";"-1";"#NULO"
"15/08/2026";"19:30:51";2026;6259;250002541135;-3;"#NE";1;"BRASILEIRA NATA";-3;"SÃO PAULO";"71";"N";-1;"#NULO";"3176572.53";"#NE";"N";"-1";"06017245020266260000";"-3";"#NE";"-3";"#NE";"NÃO";"#NULO";-1;"#NULO";"N";"N";-1;-1;"2026-08-07 12:15:27";8;"AGUARDANDO JULGAMENTO";"-1";"#NULO";"-1";"#NULO";-1;"#NULO";-1;"#NULO";-1;"#NULO";-1;"#NULO";"-1";"#NULO"
"15/08/2026";"19:30:51";2026;6259;250002541137;-3;"#NE";1;"BRASILEIRA NATA";-3;"SÃO PAULO";"69";"N";-1;"#NULO";"3176572.53";"#NE";"S";"-1";"06017452620266260000";"-3";"#NE";"-3";"#NE";"NÃO";"#NULO";-1;"#NULO";"N";"N";-1;-1;"2026-08-07 12:15:27";8;"AGUARDANDO JULGAMENTO";"-1";"#NULO";"-1";"#NULO";-1;"#NULO";-1;"#NULO";-1;"#NULO";-1;"#NULO";"-1";"#NULO"
"15/08/2026";"19:30:51";2026;6259;250002541160;-3;"#NE";1;"BRASILEIRA NATA";-3;"SERTÂNIA";"36";"N";-1;"#NULO";"3176572.53";"#NE";"N";"-1";"06017158820266260000";"-3";"#NE";"-3";"#NE";"NÃO";"#NULO";-1;"#NULO";"N";"N";-1;-1;"2026-08-07 12:15:27";8;"AGUARDANDO JULGAMENTO";"-1";"#NULO";"-1";"#NULO";-1;"#NULO";-1;"#NULO";-1;"#NULO";-1;"#NULO";"-1";"#NULO"
"15/08/2026";"19:30:51";2026;6259;250002541363;-3;"#NE";1;"BRASILEIRA NATA";-3;"SÃO BERNARDO DO CAMPO";"53";"N";-1;"#NULO";"-1";"#NE";"S";"-1";"06017833820266260000";"-3";"#NE";"-3";"#NE";"NÃO";"#NULO";-1;"#NULO";"N";"N";-1;-1;"2026-08-07 14:24:24";8;"AGUARDANDO JULGAMENTO";"-1";"#NULO";"-1";"#NULO";-1;"#NULO";-1;"#NULO";-1;"#NULO";-1;"#NULO";"-1";"#NULO"
"15/08/2026";"19:30:51";2026;6259;250002541361;-3;"#NE";1;"BRASILEIRA NATA";-3;"SANTOS";"53";"N";-1;"#NULO";"-1";"#NE";"N";"-1";"06017869020266260000";"-3";"#NE";"-3";"#NE";"NÃO";"#NULO";-1;"#NULO";"N";"N";-1;-1;"2026-08-07 14:24:24";8;"AGUARDANDO JULGAMENTO";"-1";"#NULO";"-1";"#NULO";-1;"#NULO";-1;"#NULO";-1;"#NULO";-1;"#NULO";"-1";"#NULO"
"15/08/2026";"19:30:51";2026;6259;250002541846;-3;"#NE";1;"BRASILEIRA NATA";-3;"CAMPO GRANDE";"59";"N";-1;"#NULO";"1270629.01";"#NE";"S";"-1";"06018535520266260000";"-3";"#NE";"-3";"#NE";"NÃO";"#NULO";-1;"#NULO";"N";"N";-1;-1;"2026-08-07 16:31:02";8;"AGUARDANDO JULGAMENTO";"-1";"#NULO";"-1";"#NULO";-1;"#NULO";-1;"#NULO";-1;"#NULO";-1;"#NULO";"-1";"#NULO"
"15/08/2026";"19:30:51";2026;6259;250002541848;-3;"#NE";1;"BRASILEIRA NATA";-3;"SÃO PAULO";"42";"N";0;"NÃO INFORMADO";"1270629.01";"#NE";"S";"-1";"06018344920266260000";"-3";"#NE";"-3";"#NE";"NÃO";"#NULO";-1;"#NULO";"N";"N";-1;-1;"2026-08-07 16:31:02";8;"AGUARDANDO JULGAMENTO";"-1";"#NULO";"-1";"#NULO";-1;"#NULO";-1;"#NULO";-1;"#NULO";-1;"#NULO";"-1";"#NULO"
"15/08/2026";"19:30:51";2026;6259;250002541859;-3;"#NE";1;"BRASILEIRA NATA";-3;"MACEIÓ";"60";"N";-1;"#NULO";"1270629.01";"#NE";"S";"-1";"06018422620266260000";"-3";"#NE";"-3";"#NE";"NÃO";"#NULO";-1;"#NULO";"N";"N";-1;-1;"2026-08-07 16:31:02";8;"AGUARDANDO JULGAMENTO";"-1";"#NULO";"-1";"#NULO";-1;"#NULO";-1;"#NULO";-1;"#NULO";-1;"#NULO";"-1";"#NULO"
"15/08/2026";"19:30:51";2026;6259;250002541874;-3;"#NE";1;"BRASILEIRA NATA";-3;"ARARAQUARA";"46";"N";0;"NÃO INFORMADO";"1270629.01";"#NE";"S";"-1";"06018491820266260000";"-3";"#NE";"-3";"#NE";"NÃO";"#NULO";-1;"#NULO";"N";"N";-1;-1;"2026-08-07 16:31:02";8;"AGUARDANDO JULGAMENTO";"-1";"#NULO";"-1";"#NULO";-1;"#NULO";-1;"#NULO";-1;"#NULO";-1;"#NULO";"-1";"#NULO"
"15/08/2026";"19:30:51";2026;6259;250002541879;-3;"#NE";1;"BRASILEIRA NATA";-3;"BARUERI";"53";"N";-1;"#NULO";"1270629.01";"#NE";"N";"-1";"06018284220266260000";"-3";"#NE";"-3";"#NE";"NÃO";"#NULO";-1;"#NULO";"N";"N";-1;-1;"2026-08-07 16:31:02";8;"AGUARDANDO JULGAMENTO";"-1";"#NULO";"-1";"#NULO";-1;"#NULO";-1;"#NULO";-1;"#NULO";-1;"#NULO";"-1";"#NULO"
"15/08/2026";"19:30:51";2026;6259;250002541892;-3;"#NE";1;"BRASILEIRA NATA";-3;"APARECIDA";"42";"N";0;"NÃO INFORMADO";"1270629.01";"#NE";"S";"-1";"06018405620266260000";"-3";"#NE";"-3";"#NE";"NÃO";"#NULO";-1;"#NULO";"N";"N";-1;-1;"2026-08-07 16:31:02";8;"AGUARDANDO JULGAMENTO";"-1";"#NULO";"-1";"#NULO";-1;"#NULO";-1;"#NULO";-1;"#NULO";-1;"#NULO";"-1";"#NULO"
"15/08/2026";"19:30:51";2026;6259;250002541906;-3;"#NE";1;"BRASILEIRA NATA";-3;"CAMPINAS";"40";"N";-1;"#NULO";"1270629.01";"#NE";"S";"-1";"06018596220266260000";"-3";"#NE";"-3";"#NE";"NÃO";"#NULO";-1;"#NULO";"N";"N";-1;-1;"2026-08-07 16:31:02";8;"AGUARDANDO JULGAMENTO";"-1";"#NULO";"-1";"#NULO";-1;"#NULO";-1;"#NULO";-1;"#NULO";-1;"#NULO";"-1";"#NULO"
"15/08/2026";"19:30:51";2026;6259;250002544357;-3;"#NE";1;"BRASILEIRA NATA";-3;"SÃO PAULO";"52";"N";-1;"#NULO";"3176572.53";"#NE";"S";"-1";"06019297920266260000";"-3";"#NE";"-3";"#NE";"NÃO";"#NULO";-1;"#NULO";"N";"N";-1;-1;"2026-08-10 12:49:56";8;"AGUARDANDO JULGAMENTO";"-1";"#NULO";"-1";"#NULO";-1;"#NULO";-1;"#NULO";-1;"#NULO";-1;"#NULO";"-1";"#NULO"
"15/08/2026";"19:30:51";2026;6259;250002544835;-3;"#NE";1;"BRASILEIRA NATA";-3;"TRÊS MARIAS";"43";"N";-1;"#NULO";"3176572.53";"#NE";"S";"-1";"06019228720266260000";"-3";"#NE";"-3";"#NE";"NÃO";"#NULO";-1;"#NULO";"N";"N";-1;-1;"2026-08-10 12:49:56";8;"AGUARDANDO JULGAMENTO";"-1";"#NULO";"-1";"#NULO";-1;"#NULO";-1;"#NULO";-1;"#NULO";-1;"#NULO";"-1";"#NULO"
"15/08/2026";"19:30:51";2026;6259;250002545004;-3;"#NE";1;"BRASILEIRA NATA";-3;"SÃO PAULO";"37";"N";0;"NÃO INFORMADO";"1270629.01";"#NE";"S";"-1";"06020709820266260000";"-3";"#NE";"-3";"#NE";"NÃO";"#NULO";-1;"#NULO";"N";"N";-1;-1;"2026-08-10 16:16:08";8;"AGUARDANDO JULGAMENTO";"-1";"#NULO";"-1";"#NULO";-1;"#NULO";-1;"#NULO";-1;"#NULO";-1;"#NULO";"-1";"#NULO"
"15/08/2026";"19:30:51";2026;6259;250002545027;-3;"#NE";1;"BRASILEIRA NATA";-3;"BARRETOS";"32";"N";-1;"#NULO";"1270629.01";"#NE";"N";"-1";"06020821520266260000";"-3";"#NE";"-3";"#NE";"NÃO";"#NULO";-1;"#NULO";"N";"N";-1;-1;"2026-08-10 16:16:08";8;"AGUARDANDO JULGAMENTO";"-1";"#NULO";"-1";"#NULO";-1;"#NULO";-1;"#NULO";-1;"#NULO";-1;"#NULO";"-1";"#NULO"
"15/08/2026";"19:30:51";2026;6259;250002545031;-3;"#NE";2;"BRASILEIRA (NATURALIZADA)";-3;"SÃO PAULO";"28";"N";-1;"#NULO";"1270629.01";"#NE";"S";"-1";"06020804520266260000";"-3";"#NE";"-3";"#NE";"NÃO";"#NULO";-1;"#NULO";"N";"N";-1;-1;"2026-08-10 16:16:08";8;"AGUARDANDO JULGAMENTO";"-1";"#NULO";"-1";"#NULO";-1;"#NULO";-1;"#NULO";-1;"#NULO";-1;"#NULO";"-1";"#NULO"
"15/08/2026";"19:30:51";2026;6259;250002545038;-3;"#NE";1;"BRASILEIRA NATA";-3;"JUNDIAÍ";"35";"N";-1;"#NULO";"1270629.01";"#NE";"S";"-1";"06020683120266260000";"-3";"#NE";"-3";"#NE";"NÃO";"#NULO";-1;"#NULO";"N";"N";-1;-1;"2026-08-10 16:16:08";8;"AGUARDANDO JULGAMENTO";"-1";"#NULO";"-1";"#NULO";-1;"#NULO";-1;"#NULO";-1;"#NULO";-1;"#NULO";"-1";"#NULO"
"15/08/2026";"19:30:51";2026;6259;250002545040;-3;"#NE";1;"BRASILEIRA NATA";-3;"SÃO JOÃO DA BOA VISTA";"29";"N";0;"NÃO INFORMADO";"1270629.01";"#NE";"N";"-1";"06020978120266260000";"-3";"#NE";"-3";"#NE";"NÃO";"#NULO";-1;"#NULO";"N";"N";-1;-1;"2026-08-10 16:16:08";8;"AGUARDANDO JULGAMENTO";"-1";"#NULO";"-1";"#NULO";-1;"#NULO";-1;"#NULO";-1;"#NULO";-1;"#NULO";"-1";"#NULO"
"15/08/2026";"19:30:51";2026;6259;250002545142;-3;"#NE";1;"BRASILEIRA NATA";-3;"INDAIATUBA";"35";"N";-1;"#NULO";"1270629.01";"#NE";"S";"-1";"06020207220266260000";"-3";"#NE";"-3";"#NE";"NÃO";"#NULO";-1;"#NULO";"N";"N";-1;-1;"2026-08-10 13:29:39";8;"AGUARDANDO JULGAMENTO";"-1";"#NULO";"-1";"#NULO";-1;"#NULO";-1;"#NULO";-1;"#NULO";-1;"#NULO";"-1";"#NULO"
"15/08/2026";"19:30:51";2026;6259;250002545145;-3;"#NE";1;"BRASILEIRA NATA";-3;"ITAQUAQUECETUBA";"43";"N";0;"NÃO INFORMADO";"1270629.01";"#NE";"S";"-1";"06020284920266260000";"-3";"#NE";"-3";"#NE";"NÃO";"#NULO";-1;"#NULO";"N";"N";-1;-1;"2026-08-10 13:29:39";8;"AGUARDANDO JULGAMENTO";"-1";"#NULO";"-1";"#NULO";-1;"#NULO";-1;"#NULO";-1;"#NULO";-1;"#NULO";"-1";"#NULO"
"15/08/2026";"19:30:51";2026;6259;250002545151;-3;"#NE";1;"BRASILEIRA NATA";-3;"MARTINÓPOLIS";"53";"N";-1;"#NULO";"1270629.01";"#NE";"S";"-1";"06019618420266260000";"-3";"#NE";"-3";"#NE";"NÃO";"#NULO";-1;"#NULO";"N";"N";-1;-1;"2026-08-10 13:29:39";8;"AGUARDANDO JULGAMENTO";"-1";"#NULO";"-1";"#NULO";-1;"#NULO";-1;"#NULO";-1;"#NULO";-1;"#NULO";"-1";"#NULO"
"15/08/2026";"19:30:51";2026;6259;250002545150;-3;"#NE";1;"BRASILEIRA NATA";-3;"MARÍLIA";"50";"N";-1;"#NULO";"1270629.01";"#NE";"S";"-1";"06019851520266260000";"-3";"#NE";"-3";"#NE";"NÃO";"#NULO";-1;"#NULO";"N";"N";-1;-1;"2026-08-10 13:29:39";8;"AGUARDANDO JULGAMENTO";"-1";"#NULO";"-1";"#NULO";-1;"#NULO";-1;"#NULO";-1;"#NULO";-1;"#NULO";"-1";"#NULO"
"15/08/2026";"19:30:51";2026;6259;250002545158;-3;"#NE";1;"BRASILEIRA NATA";-3;"PRESIDENTE BERNARDES";"55";"N";-1;"#NULO";"1270629.01";"#NE";"S";"-1";"06019505520266260000";"-3";"#NE";"-3";"#NE";"NÃO";"#NULO";-1;"#NULO";"N";"N";-1;-1;"2026-08-10 13:29:39";8;"AGUARDANDO JULGAMENTO";"-1";"#NULO";"-1";"#NULO";-1;"#NULO";-1;"#NULO";-1;"#NULO";-1;"#NULO";"-1";"#NULO"
"15/08/2026";"19:30:51";2026;6259;250002545164;-3;"#NE";1;"BRASILEIRA NATA";-3;"BARRETOS";"35";"N";-1;"#NULO";"1270629.01";"#NE";"S";"-1";"06020155020266260000";"-3";"#NE";"-3";"#NE";"NÃO";"#NULO";-1;"#NULO";"N";"N";-1;-1;"2026-08-10 13:29:39";8;"AGUARDANDO JULGAMENTO";"-1";"#NULO";"-1";"#NULO";-1;"#NULO";-1;"#NULO";-1;"#NULO";-1;"#NULO";"-1";"#NULO"
"15/08/2026";"19:30:51";2026;6259;250002545167;-3;"#NE";1;"BRASILEIRA NATA";-3;"CAMPINAS";"63";"N";-1;"#NULO";"1270629.01";"#NE";"S";"-1";"06019999620266260000";"-3";"#NE";"-3";"#NE";"NÃO";"#NULO";-1;"#NULO";"N";"N";-1;-1;"2026-08-10 13:29:39";8;"AGUARDANDO JULGAMENTO";"-1";"#NULO";"-1";"#NULO";-1;"#NULO";-1;"#NULO";-1;"#NULO";-1;"#NULO";"-1";"#NULO"
"15/08/2026";"19:30:51";2026;6259;250002545185;-3;"#NE";1;"BRASILEIRA NATA";-3;"SANTOS";"50";"N";-1;"#NULO";"1270629.01";"#NE";"S";"-1";"06020102820266260000";"-3";"#NE";"-3";"#NE";"NÃO";"#NULO";-1;"#NULO";"N";"N";-1;-1;"2026-08-10 13:29:39";8;"AGUARDANDO JULGAMENTO";"-1";"#NULO";"-1";"#NULO";-1;"#NULO";-1;"#NULO";-1;"#NULO";-1;"#NULO";"-1";"#NULO"
"15/08/2026";"19:30:51";2026;6259;250002545208;-3;"#NE";1;"BRASILEIRA NATA";-3;"SÃO PAULO";"56";"N";-1;"#NULO";"1270629.01";"#NE";"S";"-1";"06019972920266260000";"-3";"#NE";"-3";"#NE";"NÃO";"#NULO";-1;"#NULO";"N";"N";-1;-1;"2026-08-10 13:29:39";8;"AGUARDANDO JULGAMENTO";"-1";"#NULO";"-1";"#NULO";-1;"#NULO";-1;"#NULO";-1;"#NULO";-1;"#NULO";"-1";"#NULO"
"15/08/2026";"19:30:51";2026;6259;250002545212;-3;"#NE";1;"BRASILEIRA NATA";-3;"SÃO PAULO";"66";"N";-1;"#NULO";"1270629.01";"#NE";"S";"-1";"06019765320266260000";"-3";"#NE";"-3";"#NE";"NÃO";"#NULO";-1;"#NULO";"N";"N";-1;-1;"2026-08-10 13:29:39";8;"AGUARDANDO JULGAMENTO";"-1";"#NULO";"-1";"#NULO";-1;"#NULO";-1;"#NULO";-1;"#NULO";-1;"#NULO";"-1";"#NULO"
"15/08/2026";"19:30:51";2026;6259;250002545218;-3;"#NE";1;"BRASILEIRA NATA";-3;"SÃO PAULO";"52";"N";-1;"#NULO";"1270629.01";"#NE";"S";"-1";"06020050620266260000";"-3";"#NE";"-3";"#NE";"NÃO";"#NULO";-1;"#NULO";"N";"N";-1;-1;"2026-08-10 13:29:39";8;"AGUARDANDO JULGAMENTO";"-1";"#NULO";"-1";"#NULO";-1;"#NULO";-1;"#NULO";-1;"#NULO";-1;"#NULO";"-1";"#NULO"
"15/08/2026";"19:30:51";2026;6259;250002545221;-3;"#NE";1;"BRASILEIRA NATA";-3;"SOROCABA";"50";"N";-1;"#NULO";"1270629.01";"#NE";"S";"-1";"06020085820266260000";"-3";"#NE";"-3";"#NE";"NÃO";"#NULO";-1;"#NULO";"N";"N";-1;-1;"2026-08-10 13:29:39";8;"AGUARDANDO JULGAMENTO";"-1";"#NULO";"-1";"#NULO";-1;"#NULO";-1;"#NULO";-1;"#NULO";-1;"#NULO";"-1";"#NULO"
"15/08/2026";"19:30:51";2026;6259;250002546617;-3;"#NE";1;"BRASILEIRA NATA";-3;"SANTO ANDRÉ";"26";"N";-1;"#NULO";"3176572.53";"#NE";"N";"-1";"06021454020266260000";"-3";"#NE";"-3";"#NE";"NÃO";"#NULO";-1;"#NULO";"N";"N";-1;-1;"2026-08-10 16:50:13";8;"AGUARDANDO JULGAMENTO";"-1";"#NULO";"-1";"#NULO";-1;"#NULO";-1;"#NULO";-1;"#NULO";-1;"#NULO";"-1";"#NULO"
"15/08/2026";"19:30:51";2026;6259;250002546618;-3;"#NE";1;"BRASILEIRA NATA";-3;"SÃO PAULO";"37";"N";-1;"#NULO";"3176572.53";"#NE";"N";"-1";"06021341120266260000";"-3";"#NE";"-3";"#NE";"NÃO";"#NULO";-1;"#NULO";"N";"N";-1;-1;"2026-08-10 16:50:13";8;"AGUARDANDO JULGAMENTO";"-1";"#NULO";"-1";"#NULO";-1;"#NULO";-1;"#NULO";-1;"#NULO";-1;"#NULO";"-1";"#NULO"
"15/08/2026";"19:30:51";2026;6259;250002546624;-3;"#NE";1;"BRASILEIRA NATA";-3;"SÃO PAULO";"49";"N";-1;"#NULO";"3176572.53";"#NE";"N";"-1";"06021514720266260000";"-3";"#NE";"-3";"#NE";"NÃO";"#NULO";-1;"#NULO";"N";"N";-1;-1;"2026-08-10 16:50:13";8;"AGUARDANDO JULGAMENTO";"-1";"#NULO";"-1";"#NULO";-1;"#NULO";-1;"#NULO";-1;"#NULO";-1;"#NULO";"-1";"#NULO"
"15/08/2026";"19:30:51";2026;6259;250002547854;-3;"#NE";1;"BRASILEIRA NATA";-3;"SÃO PAULO";"57";"N";-1;"#NULO";"3176572.53";"#NE";"S";"-1";"06023125720266260000";"-3";"#NE";"-3";"#NE";"NÃO";"#NULO";-1;"#NULO";"N";"N";-1;-1;"2026-08-11 16:08:12";8;"AGUARDANDO JULGAMENTO";"-1";"#NULO";"-1";"#NULO";-1;"#NULO";-1;"#NULO";-1;"#NULO";-1;"#NULO";"-1";"#NULO"
"15/08/2026";"19:30:51";2026;6259;250002547979;-3;"#NE";1;"BRASILEIRA NATA";-3;"SANTO ANDRÉ";"48";"S";-1;"#NULO";"1270629.01";"#NE";"S";"-1";"06022112020266260000";"-3";"#NE";"-3";"#NE";"NÃO";"#NULO";-1;"#NULO";"N";"N";-1;-1;"2026-08-11 12:41:32";8;"AGUARDANDO JULGAMENTO";"-1";"#NULO";"-1";"#NULO";-1;"#NULO";-1;"#NULO";-1;"#NULO";-1;"#NULO";"-1";"#NULO"
"15/08/2026";"19:30:51";2026;6259;250002547989;-3;"#NE";1;"BRASILEIRA NATA";-3;"GUARATINGUETÁ";"44";"N";-1;"#NULO";"1270629.01";"#NE";"S";"-1";"06021895920266260000";"-3";"#NE";"-3";"#NE";"NÃO";"#NULO";-1;"#NULO";"N";"N";-1;-1;"2026-08-11 12:41:32";8;"AGUARDANDO JULGAMENTO";"-1";"#NULO";"-1";"#NULO";-1;"#NULO";-1;"#NULO";-1;"#NULO";-1;"#NULO";"-1";"#NULO"
"15/08/2026";"19:30:51";2026;6259;250002548006;-3;"#NE";1;"BRASILEIRA NATA";-3;"VALENÇA DO PIAUÍ";"42";"N";-1;"#NULO";"1270629.01";"#NE";"N";"-1";"06022034320266260000";"-3";"#NE";"-3";"#NE";"NÃO";"#NULO";-1;"#NULO";"N";"N";-1;-1;"2026-08-11 12:41:32";8;"AGUARDANDO JULGAMENTO";"-1";"#NULO";"-1";"#NULO";-1;"#NULO";-1;"#NULO";-1;"#NULO";-1;"#NULO";"-1";"#NULO"
"15/08/2026";"19:30:51";2026;6259;250002548138;-3;"#NE";1;"BRASILEIRA NATA";-3;"COXIM";"44";"N";-1;"#NULO";"1270629.01";"#NE";"S";"-1";"06023307820266260000";"-3";"#NE";"-3";"#NE";"NÃO";"#NULO";-1;"#NULO";"N";"N";-1;-1;"2026-08-11 17:48:04";8;"AGUARDANDO JULGAMENTO";"-1";"#NULO";"-1";"#NULO";-1;"#NULO";-1;"#NULO";-1;"#NULO";-1;"#NULO";"-1";"#NULO"
"15/08/2026";"19:30:51";2026;6259;250002548167;-3;"#NE";1;"BRASILEIRA NATA";-3;"CASTILHO";"66";"N";-1;"#NULO";"1270629.01";"#NE";"N";"-1";"06022250420266260000";"-3";"#NE";"-3";"#NE";"NÃO";"#NULO";-1;"#NULO";"N";"N";-1;-1;"2026-08-11 13:13:22";8;"AGUARDANDO JULGAMENTO";"-1";"#NULO";"-1";"#NULO";-1;"#NULO";-1;"#NULO";-1;"#NULO";-1;"#NULO";"-1";"#NULO"
"15/08/2026";"19:30:51";2026;6259;250002548170;-3;"#NE";1;"BRASILEIRA NATA";-3;"GUARULHOS";"53";"N";-1;"#NULO";"1270629.01";"#NE";"N";"-1";"06022398520266260000";"-3";"#NE";"-3";"#NE";"NÃO";"#NULO";-1;"#NULO";"N";"N";-1;-1;"2026-08-11 13:13:22";8;"AGUARDANDO JULGAMENTO";"-1";"#NULO";"-1";"#NULO";-1;"#NULO";-1;"#NULO";-1;"#NULO";-1;"#NULO";"-1";"#NULO"
"15/08/2026";"19:30:51";2026;6259;250002548339;-3;"#NE";1;"BRASILEIRA NATA";-3;"SANTO ESTEVÃO";"52";"N";-1;"#NULO";"3176572.53";"#NE";"S";"-1";"06023186420266260000";"-3";"#NE";"-3";"#NE";"NÃO";"#NULO";-1;"#NULO";"N";"N";-1;-1;"2026-08-11 16:41:09";8;"AGUARDANDO JULGAMENTO";"-1";"#NULO";"-1";"#NULO";-1;"#NULO";-1;"#NULO";-1;"#NULO";-1;"#NULO";"-1";"#NULO"
"15/08/2026";"19:30:51";2026;6259;250002548494;-3;"#NE";1;"BRASILEIRA NATA";-3;"RIBEIRÃO PRETO";"43";"N";-1;"#NULO";"3176572.53";"#NE";"S";"-1";"06022700820266260000";"-3";"#NE";"-3";"#NE";"NÃO";"#NULO";-1;"#NULO";"N";"N";-1;-1;"2026-08-11 14:25:51";8;"AGUARDANDO JULGAMENTO";"-1";"#NULO";"-1";"#NULO";-1;"#NULO";-1;"#NULO";-1;"#NULO";-1;"#NULO";"-1";"#NULO"
"15/08/2026";"19:30:51";2026;6259;250002548498;-3;"#NE";1;"BRASILEIRA NATA";-3;"SÃO PAULO";"53";"N";-1;"#NULO";"3176572.53";"#NE";"S";"-1";"06022536920266260000";"-3";"#NE";"-3";"#NE";"NÃO";"#NULO";-1;"#NULO";"N";"N";-1;-1;"2026-08-11 14:25:51";8;"AGUARDANDO JULGAMENTO";"-1";"#NULO";"-1";"#NULO";-1;"#NULO";-1;"#NULO";-1;"#NULO";-1;"#NULO";"-1";"#NULO"
"15/08/2026";"19:30:51";2026;6259;250002548501;-3;"#NE";1;"BRASILEIRA NATA";-3;"SÃO PAULO";"60";"N";-1;"#NULO";"3176572.53";"#NE";"N";"-1";"06022493220266260000";"-3";"#NE";"-3";"#NE";"NÃO";"#NULO";-1;"#NULO";"N";"N";-1;-1;"2026-08-11 14:25:51";8;"AGUARDANDO JULGAMENTO";"-1";"#NULO";"-1";"#NULO";-1;"#NULO";-1;"#NULO";-1;"#NULO";-1;"#NULO";"-1";"#NULO"
"15/08/2026";"19:30:51";2026;6259;250002548509;-3;"#NE";2;"BRASILEIRA (NATURALIZADA)";-3;"SÃO PAULO";"60";"N";-1;"#NULO";"3176572.53";"#NE";"S";"-1";"06022918120266260000";"-3";"#NE";"-3";"#NE";"NÃO";"#NULO";-1;"#NULO";"N";"N";-1;-1;"2026-08-11 14:25:51";8;"AGUARDANDO JULGAMENTO";"-1";"#NULO";"-1";"#NULO";-1;"#NULO";-1;"#NULO";-1;"#NULO";-1;"#NULO";"-1";"#NULO"
"15/08/2026";"19:30:51";2026;6259;250002548517;-3;"#NE";1;"BRASILEIRA NATA";-3;"TABOÃO DA SERRA";"46";"N";-1;"#NULO";"3176572.53";"#NE";"S";"-1";"06022719020266260000";"-3";"#NE";"-3";"#NE";"NÃO";"#NULO";-1;"#NULO";"N";"N";-1;-1;"2026-08-11 14:25:51";8;"AGUARDANDO JULGAMENTO";"-1";"#NULO";"-1";"#NULO";-1;"#NULO";-1;"#NULO";-1;"#NULO";-1;"#NULO";"-1";"#NULO"
"15/08/2026";"19:30:51";2026;6259;250002548866;-3;"#NE";1;"BRASILEIRA NATA";-3;"BELO HORIZONTE";"42";"N";-1;"#NULO";"1270629.01";"#NE";"S";"-1";"06023653820266260000";"-3";"#NE";"-3";"#NE";"NÃO";"#NULO";-1;"#NULO";"N";"N";-1;-1;"2026-08-12 13:11:44";8;"AGUARDANDO JULGAMENTO";"-1";"#NULO";"-1";"#NULO";-1;"#NULO";-1;"#NULO";-1;"#NULO";-1;"#NULO";"-1";"#NULO"
"15/08/2026";"19:30:51";2026;6259;250002548875;-3;"#NE";1;"BRASILEIRA NATA";-3;"RECIFE";"45";"N";-1;"#NULO";"1270629.01";"#NE";"N";"-1";"06023731520266260000";"-3";"#NE";"-3";"#NE";"NÃO";"#NULO";-1;"#NULO";"N";"N";-1;-1;"2026-08-12 13:11:44";8;"AGUARDANDO JULGAMENTO";"-1";"#NULO";"-1";"#NULO";-1;"#NULO";-1;"#NULO";-1;"#NULO";-1;"#NULO";"-1";"#NULO"
"15/08/2026";"19:30:51";2026;6259;250002548881;-3;"#NE";1;"BRASILEIRA NATA";-3;"IBITINGA";"50";"N";-1;"#NULO";"1270629.01";"#NE";"S";"-1";"06024052020266260000";"-3";"#NE";"-3";"#NE";"NÃO";"#NULO";-1;"#NULO";"N";"N";-1;-1;"2026-08-12 13:11:44";8;"AGUARDANDO JULGAMENTO";"-1";"#NULO";"-1";"#NULO";-1;"#NULO";-1;"#NULO";-1;"#NULO";-1;"#NULO";"-1";"#NULO"
"15/08/2026";"19:30:51";2026;6259;250002548884;-3;"#NE";1;"BRASILEIRA NATA";-3;"LARANJAL PAULISTA";"49";"N";-1;"#NULO";"1270629.01";"#NE";"S";"-1";"06023498420266260000";"-3";"#NE";"-3";"#NE";"NÃO";"#NULO";-1;"#NULO";"N";"N";-1;-1;"2026-08-12 13:11:44";8;"AGUARDANDO JULGAMENTO";"-1";"#NULO";"-1";"#NULO";-1;"#NULO";-1;"#NULO";-1;"#NULO";-1;"#NULO";"-1";"#NULO"
"15/08/2026";"19:30:51";2026;6259;250002548897;-3;"#NE";1;"BRASILEIRA NATA";-3;"BAURU";"54";"N";-1;"#NULO";"1270629.01";"#NE";"N";"-1";"06023429220266260000";"-3";"#NE";"-3";"#NE";"NÃO";"#NULO";-1;"#NULO";"N";"N";-1;-1;"2026-08-12 13:11:44";8;"AGUARDANDO JULGAMENTO";"-1";"#NULO";"-1";"#NULO";-1;"#NULO";-1;"#NULO";-1;"#NULO";-1;"#NULO";"-1";"#NULO"
"15/08/2026";"19:30:51";2026;6259;250002548916;-3;"#NE";1;"BRASILEIRA NATA";-3;"SÃO CAETANO DO SUL";"49";"N";-1;"#NULO";"1270629.01";"#NE";"N";"-1";"06023775220266260000";"-3";"#NE";"-3";"#NE";"NÃO";"#NULO";-1;"#NULO";"N";"N";-1;-1;"2026-08-12 13:11:44";8;"AGUARDANDO JULGAMENTO";"-1";"#NULO";"-1";"#NULO";-1;"#NULO";-1;"#NULO";-1;"#NULO";-1;"#NULO";"-1";"#NULO"
"15/08/2026";"19:30:51";2026;6259;250002548919;-3;"#NE";1;"BRASILEIRA NATA";-3;"SÃO PAULO";"51";"N";-1;"#NULO";"1270629.01";"#NE";"S";"-1";"06023879620266260000";"-3";"#NE";"-3";"#NE";"NÃO";"#NULO";-1;"#NULO";"N";"N";-1;-1;"2026-08-12 13:11:44";8;"AGUARDANDO JULGAMENTO";"-1";"#NULO";"-1";"#NULO";-1;"#NULO";-1;"#NULO";-1;"#NULO";-1;"#NULO";"-1";"#NULO"
"15/08/2026";"19:30:51";2026;6259;250002550041;-3;"#NE";1;"BRASILEIRA NATA";-3;"SÃO PAULO";"52";"N";-1;"#NULO";"1270629.01";"#NE";"S";"-1";"06023896620266260000";"-3";"#NE";"-3";"#NE";"NÃO";"#NULO";-1;"#NULO";"N";"N";-1;-1;"2026-08-12 13:11:44";8;"AGUARDANDO JULGAMENTO";"-1";"#NULO";"-1";"#NULO";-1;"#NULO";-1;"#NULO";-1;"#NULO";-1;"#NULO";"-1";"#NULO"
"15/08/2026";"19:30:51";2026;6259;250002550045;-3;"#NE";1;"BRASILEIRA NATA";-3;"SÃO PAULO";"47";"N";-1;"#NULO";"1270629.01";"#NE";"S";"-1";"06023385520266260000";"-3";"#NE";"-3";"#NE";"NÃO";"#NULO";-1;"#NULO";"N";"N";-1;-1;"2026-08-12 13:11:44";8;"AGUARDANDO JULGAMENTO";"-1";"#NULO";"-1";"#NULO";-1;"#NULO";-1;"#NULO";-1;"#NULO";-1;"#NULO";"-1";"#NULO"
"15/08/2026";"19:30:51";2026;6259;250002550049;-3;"#NE";1;"BRASILEIRA NATA";-3;"SÃO PAULO";"38";"N";-1;"#NULO";"1270629.01";"#NE";"N";"-1";"06023341820266260000";"-3";"#NE";"-3";"#NE";"NÃO";"#NULO";-1;"#NULO";"N";"N";-1;-1;"2026-08-12 13:11:44";8;"AGUARDANDO JULGAMENTO";"-1";"#NULO";"-1";"#NULO";-1;"#NULO";-1;"#NULO";-1;"#NULO";-1;"#NULO";"-1";"#NULO"
"15/08/2026";"19:30:51";2026;6259;250002550053;-3;"#NE";1;"BRASILEIRA NATA";-3;"SÃO PAULO";"49";"N";-1;"#NULO";"1270629.01";"#NE";"S";"-1";"06023601620266260000";"-3";"#NE";"-3";"#NE";"NÃO";"#NULO";-1;"#NULO";"N";"N";-1;-1;"2026-08-12 13:11:44";8;"AGUARDANDO JULGAMENTO";"-1";"#NULO";"-1";"#NULO";-1;"#NULO";-1;"#NULO";-1;"#NULO";-1;"#NULO";"-1";"#NULO"
"15/08/2026";"19:30:51";2026;6259;250002550061;-3;"#NE";1;"BRASILEIRA NATA";-3;"SÃO PAULO";"57";"N";-1;"#NULO";"1270629.01";"#NE";"S";"-1";"06023411020266260000";"-3";"#NE";"-3";"#NE";"NÃO";"#NULO";-1;"#NULO";"N";"N";-1;-1;"2026-08-12 13:11:44";8;"AGUARDANDO JULGAMENTO";"-1";"#NULO";"-1";"#NULO";-1;"#NULO";-1;"#NULO";-1;"#NULO";-1;"#NULO";"-1";"#NULO"
"15/08/2026";"19:30:51";2026;6259;250002550232;-3;"#NE";1;"BRASILEIRA NATA";-3;"PENÁPOLIS";"59";"N";-1;"#NULO";"1270629.01";"#NE";"N";"-1";"06026130420266260000";"-3";"#NE";"-3";"#NE";"NÃO";"#NULO";-1;"#NULO";"N";"N";-1;-1;"2026-08-13 15:31:25";8;"AGUARDANDO JULGAMENTO";"-1";"#NULO";"-1";"#NULO";-1;"#NULO";-1;"#NULO";-1;"#NULO";-1;"#NULO";"-1";"#NULO"
"15/08/2026";"19:30:51";2026;6259;250002550234;-3;"#NE";1;"BRASILEIRA NATA";-3;"SANTOS";"58";"N";-1;"#NULO";"1270629.01";"#NE";"S";"-1";"06025966520266260000";"-3";"#NE";"-3";"#NE";"NÃO";"#NULO";-1;"#NULO";"N";"N";-1;-1;"2026-08-13 15:31:25";8;"AGUARDANDO JULGAMENTO";"-1";"#NULO";"-1";"#NULO";-1;"#NULO";-1;"#NULO";-1;"#NULO";-1;"#NULO";"-1";"#NULO"
"15/08/2026";"19:30:51";2026;6259;250002550236;-3;"#NE";1;"BRASILEIRA NATA";-3;"OSASCO";"40";"N";-1;"#NULO";"1270629.01";"#NE";"N";"-1";"06026165620266260000";"-3";"#NE";"-3";"#NE";"NÃO";"#NULO";-1;"#NULO";"N";"N";-1;-1;"2026-08-13 15:31:25";8;"AGUARDANDO JULGAMENTO";"-1";"#NULO";"-1";"#NULO";-1;"#NULO";-1;"#NULO";-1;"#NULO";-1;"#NULO";"-1";"#NULO"
"15/08/2026";"19:30:51";2026;6259;250002550241;-3;"#NE";1;"BRASILEIRA NATA";-3;"SÃO JOAQUIM DA BARRA";"35";"N";-1;"#NULO";"1270629.01";"#NE";"N";"-1";"06025922820266260000";"-3";"#NE";"-3";"#NE";"NÃO";"#NULO";-1;"#NULO";"N";"N";-1;-1;"2026-08-13 15:31:25";8;"AGUARDANDO JULGAMENTO";"-1";"#NULO";"-1";"#NULO";-1;"#NULO";-1;"#NULO";-1;"#NULO";-1;"#NULO";"-1";"#NULO"
"15/08/2026";"19:30:51";2026;6259;250002550249;-3;"#NE";1;"BRASILEIRA NATA";-3;"CAMPINAS";"57";"N";-1;"#NULO";"1270629.01";"#NE";"N";"-1";"06026087920266260000";"-3";"#NE";"-3";"#NE";"NÃO";"#NULO";-1;"#NULO";"N";"N";-1;-1;"2026-08-13 15:31:25";8;"AGUARDANDO JULGAMENTO";"-1";"#NULO";"-1";"#NULO";-1;"#NULO";-1;"#NULO";-1;"#NULO";-1;"#NULO";"-1";"#NULO"
"15/08/2026";"19:30:51";2026;6259;250002550254;-3;"#NE";1;"BRASILEIRA NATA";-3;"SÃO PAULO";"28";"N";-1;"#NULO";"1270629.01";"#NE";"N";"-1";"06026121920266260000";"-3";"#NE";"-3";"#NE";"NÃO";"#NULO";-1;"#NULO";"N";"N";-1;-1;"2026-08-13 15:31:25";8;"AGUARDANDO JULGAMENTO";"-1";"#NULO";"-1";"#NULO";-1;"#NULO";-1;"#NULO";-1;"#NULO";-1;"#NULO";"-1";"#NULO"
"15/08/2026";"19:30:51";2026;6259;250002550350;-3;"#NE";1;"BRASILEIRA NATA";-3;"GOIÂNIA";"33";"N";-1;"#NULO";"3176572.53";"#NE";"S";"-1";"06024537620266260000";"-3";"#NE";"-3";"#NE";"NÃO";"#NULO";-1;"#NULO";"N";"N";-1;-1;"2026-08-12 14:34:24";8;"AGUARDANDO JULGAMENTO";"-1";"#NULO";"-1";"#NULO";-1;"#NULO";-1;"#NULO";-1;"#NULO";-1;"#NULO";"-1";"#NULO"
"15/08/2026";"19:30:51";2026;6259;250002550352;-3;"#NE";1;"BRASILEIRA NATA";-3;"JACAREZINHO";"61";"N";-1;"#NULO";"3176572.53";"#NE";"S";"-1";"06024485420266260000";"-3";"#NE";"-3";"#NE";"NÃO";"#NULO";-1;"#NULO";"N";"N";-1;-1;"2026-08-12 14:34:24";8;"AGUARDANDO JULGAMENTO";"-1";"#NULO";"-1";"#NULO";-1;"#NULO";-1;"#NULO";-1;"#NULO";-1;"#NULO";"-1";"#NULO"
"15/08/2026";"19:30:51";2026;6259;250002550356;-3;"#NE";1;"BRASILEIRA NATA";-3;"CÂNDIDO DE ABREU";"58";"S";-1;"#NULO";"3176572.53";"#NE";"S";"-1";"06024303320266260000";"-3";"#NE";"-3";"#NE";"NÃO";"#NULO";-1;"#NULO";"N";"N";-1;-1;"2026-08-12 14:34:24";8;"AGUARDANDO JULGAMENTO";"-1";"#NULO";"-1";"#NULO";-1;"#NULO";-1;"#NULO";-1;"#NULO";-1;"#NULO";"-1";"#NULO"
"15/08/2026";"19:30:51";2026;6259;250002550357;-3;"#NE";1;"BRASILEIRA NATA";-3;"CASCAVEL";"40";"N";-1;"#NULO";"3176572.53";"#NE";"N";"-1";"06024450220266260000";"-3";"#NE";"-3";"#NE";"NÃO";"#NULO";-1;"#NULO";"N";"N";-1;-1;"2026-08-12 14:34:24";8;"AGUARDANDO JULGAMENTO";"-1";"#NULO";"-1";"#NULO";-1;"#NULO";-1;"#NULO";-1;"#NULO";-1;"#NULO";"-1";"#NULO"
"15/08/2026";"19:30:51";2026;6259;250002550360;-3;"#NE";1;"BRASILEIRA NATA";-3;"PORTEIRINHA";"56";"N";-1;"#NULO";"3176572.53";"#NE";"S";"-1";"06024770720266260000";"-3";"#NE";"-3";"#NE";"NÃO";"#NULO";-1;"#NULO";"N";"N";-1;-1;"2026-08-12 14:34:24";8;"AGUARDANDO JULGAMENTO";"-1";"#NULO";"-1";"#NULO";-1;"#NULO";-1;"#NULO";-1;"#NULO";-1;"#NULO";"-1";"#NULO"
"15/08/2026";"19:30:51";2026;6259;250002550365;-3;"#NE";1;"BRASILEIRA NATA";-3;"JACAREÍ";"42";"N";-1;"#NULO";"3176572.53";"#NE";"S";"-1";"06024858120266260000";"-3";"#NE";"-3";"#NE";"NÃO";"#NULO";-1;"#NULO";"N";"N";-1;-1;"2026-08-12 14:34:24";8;"AGUARDANDO JULGAMENTO";"-1";"#NULO";"-1";"#NULO";-1;"#NULO";-1;"#NULO";-1;"#NULO";-1;"#NULO";"-1";"#NULO"
"15/08/2026";"19:30:51";2026;6259;250002550370;-3;"#NE";1;"BRASILEIRA NATA";-3;"PAULÍNIA";"39";"N";-1;"#NULO";"3176572.53";"#NE";"S";"-1";"06024640820266260000";"-3";"#NE";"-3";"#NE";"NÃO";"#NULO";-1;"#NULO";"N";"N";-1;-1;"2026-08-12 14:34:24";8;"AGUARDANDO JULGAMENTO";"-1";"#NULO";"-1";"#NULO";-1;"#NULO";-1;"#NULO";-1;"#NULO";-1;"#NULO";"-1";"#NULO"
"15/08/2026";"19:30:51";2026;6259;250002550383;-3;"#NE";1;"BRASILEIRA NATA";-3;"CAFELÂNDIA";"42";"N";-1;"#NULO";"3176572.53";"#NE";"N";"-1";"06024918820266260000";"-3";"#NE";"-3";"#NE";"NÃO";"#NULO";-1;"#NULO";"N";"N";-1;-1;"2026-08-12 14:34:24";8;"AGUARDANDO JULGAMENTO";"-1";"#NULO";"-1";"#NULO";-1;"#NULO";-1;"#NULO";-1;"#NULO";-1;"#NULO";"-1";"#NULO"
"15/08/2026";"19:30:51";2026;6259;250002550384;-3;"#NE";1;"BRASILEIRA NATA";-3;"CAMPINAS";"32";"N";-1;"#NULO";"3176572.53";"#NE";"S";"-1";"06024372520266260000";"-3";"#NE";"-3";"#NE";"NÃO";"#NULO";-1;"#NULO";"N";"N";-1;-1;"2026-08-12 14:34:24";8;"AGUARDANDO JULGAMENTO";"-1";"#NULO";"-1";"#NULO";-1;"#NULO";-1;"#NULO";-1;"#NULO";-1;"#NULO";"-1";"#NULO"
"15/08/2026";"19:30:51";2026;6259;250002550390;-3;"#NE";1;"BRASILEIRA NATA";-3;"IPUÃ";"34";"N";-1;"#NULO";"3176572.53";"#NE";"S";"-1";"06024381020266260000";"-3";"#NE";"-3";"#NE";"NÃO";"#NULO";-1;"#NULO";"N";"N";-1;-1;"2026-08-12 14:34:24";8;"AGUARDANDO JULGAMENTO";"-1";"#NULO";"-1";"#NULO";-1;"#NULO";-1;"#NULO";-1;"#NULO";-1;"#NULO";"-1";"#NULO"
"15/08/2026";"19:30:51";2026;6259;250002550394;-3;"#NE";1;"BRASILEIRA NATA";-3;"SANTO ANDRÉ";"53";"N";-1;"#NULO";"3176572.53";"#NE";"S";"-1";"06024554620266260000";"-3";"#NE";"-3";"#NE";"NÃO";"#NULO";-1;"#NULO";"N";"N";-1;-1;"2026-08-12 14:34:24";8;"AGUARDANDO JULGAMENTO";"-1";"#NULO";"-1";"#NULO";-1;"#NULO";-1;"#NULO";-1;"#NULO";-1;"#NULO";"-1";"#NULO"
"15/08/2026";"19:30:51";2026;6259;250002550398;-3;"#NE";1;"BRASILEIRA NATA";-3;"SÃO PAULO";"44";"N";-1;"#NULO";"3176572.53";"#NE";"N";"-1";"06024529120266260000";"-3";"#NE";"-3";"#NE";"NÃO";"#NULO";-1;"#NULO";"N";"N";-1;-1;"2026-08-12 14:34:24";8;"AGUARDANDO JULGAMENTO";"-1";"#NULO";"-1";"#NULO";-1;"#NULO";-1;"#NULO";-1;"#NULO";-1;"#NULO";"-1";"#NULO"
"15/08/2026";"19:30:51";2026;6259;250002550416;-3;"#NE";1;"BRASILEIRA NATA";-3;"TAQUARIVAÍ";"57";"N";-1;"#NULO";"3176572.53";"#NE";"N";"-1";"06024831420266260000";"-3";"#NE";"-3";"#NE";"NÃO";"#NULO";-1;"#NULO";"N";"N";-1;-1;"2026-08-12 14:34:24";8;"AGUARDANDO JULGAMENTO";"-1";"#NULO";"-1";"#NULO";-1;"#NULO";-1;"#NULO";-1;"#NULO";-1;"#NULO";"-1";"#NULO"
"15/08/2026";"19:30:51";2026;6259;250002550862;-3;"#NE";1;"BRASILEIRA NATA";-3;"SÃO PAULO";"37";"N";-1;"#NULO";"1270629.01";"#NE";"N";"-1";"06025048720266260000";"-3";"#NE";"-3";"#NE";"NÃO";"#NULO";-1;"#NULO";"N";"N";250002530201;-1;"2026-08-13 12:19:35";8;"AGUARDANDO JULGAMENTO";"-1";"#NULO";"-1";"#NULO";-1;"#NULO";-1;"#NULO";-1;"#NULO";-1;"#NULO";"-1";"#NULO"
"15/08/2026";"19:30:51";2026;6259;250002551061;-3;"#NE";1;"BRASILEIRA NATA";-3;"CURITIBA";"67";"N";-1;"#NULO";"3176572.53";"#NE";"N";"-1";"06025819620266260000";"-3";"#NE";"-3";"#NE";"NÃO";"#NULO";-1;"#NULO";"N";"N";-1;-1;"2026-08-13 14:55:32";8;"AGUARDANDO JULGAMENTO";"-1";"#NULO";"-1";"#NULO";-1;"#NULO";-1;"#NULO";-1;"#NULO";-1;"#NULO";"-1";"#NULO"
"15/08/2026";"19:30:51";2026;6259;250002551063;-3;"#NE";1;"BRASILEIRA NATA";-3;"SANTA VITÓRIA";"37";"N";-1;"#NULO";"3176572.53";"#NE";"S";"-1";"06025507620266260000";"-3";"#NE";"-3";"#NE";"NÃO";"#NULO";-1;"#NULO";"N";"N";-1;-1;"2026-08-13 14:55:32";8;"AGUARDANDO JULGAMENTO";"-1";"#NULO";"-1";"#NULO";-1;"#NULO";-1;"#NULO";-1;"#NULO";-1;"#NULO";"-1";"#NULO"
"15/08/2026";"19:30:51";2026;6259;250002551068;-3;"#NE";1;"BRASILEIRA NATA";-3;"LIMEIRA";"55";"N";-1;"#NULO";"3176572.53";"#NE";"N";"-1";"06025499120266260000";"-3";"#NE";"-3";"#NE";"NÃO";"#NULO";-1;"#NULO";"N";"N";-1;-1;"2026-08-13 14:55:32";8;"AGUARDANDO JULGAMENTO";"-1";"#NULO";"-1";"#NULO";-1;"#NULO";-1;"#NULO";-1;"#NULO";-1;"#NULO";"-1";"#NULO"
"15/08/2026";"19:30:51";2026;6259;250002551072;-3;"#NE";1;"BRASILEIRA NATA";-3;"PARAGUAÇU PAULISTA";"74";"N";-1;"#NULO";"3176572.53";"#NE";"S";"-1";"06025264820266260000";"-3";"#NE";"-3";"#NE";"NÃO";"#NULO";-1;"#NULO";"N";"N";-1;-1;"2026-08-13 14:55:32";8;"AGUARDANDO JULGAMENTO";"-1";"#NULO";"-1";"#NULO";-1;"#NULO";-1;"#NULO";-1;"#NULO";-1;"#NULO";"-1";"#NULO"
"15/08/2026";"19:30:51";2026;6259;250002551071;-3;"#NE";2;"BRASILEIRA (NATURALIZADA)";-3;"OSASCO";"39";"N";-1;"#NULO";"3176572.53";"#NE";"N";"-1";"06025698220266260000";"-3";"#NE";"-3";"#NE";"NÃO";"#NULO";-1;"#NULO";"N";"N";-1;-1;"2026-08-13 14:55:32";8;"AGUARDANDO JULGAMENTO";"-1";"#NULO";"-1";"#NULO";-1;"#NULO";-1;"#NULO";-1;"#NULO";-1;"#NULO";"-1";"#NULO"
"15/08/2026";"19:30:51";2026;6259;250002551097;-3;"#NE";1;"BRASILEIRA NATA";-3;"SÃO JOSÉ DOS CAMPOS";"45";"N";-1;"#NULO";"3176572.53";"#NE";"S";"-1";"06025342520266260000";"-3";"#NE";"-3";"#NE";"NÃO";"#NULO";-1;"#NULO";"N";"N";-1;-1;"2026-08-13 14:55:32";8;"AGUARDANDO JULGAMENTO";"-1";"#NULO";"-1";"#NULO";-1;"#NULO";-1;"#NULO";-1;"#NULO";-1;"#NULO";"-1";"#NULO"
"15/08/2026";"19:30:51";2026;6259;250002551116;-3;"#NE";1;"BRASILEIRA NATA";-3;"TAUBATÉ";"49";"N";-1;"#NULO";"3176572.53";"#NE";"N";"-1";"06025602320266260000";"-3";"#NE";"-3";"#NE";"NÃO";"#NULO";-1;"#NULO";"N";"N";-1;-1;"2026-08-13 14:55:32";8;"AGUARDANDO JULGAMENTO";"-1";"#NULO";"-1";"#NULO";-1;"#NULO";-1;"#NULO";-1;"#NULO";-1;"#NULO";"-1";"#NULO"
"15/08/2026";"19:30:51";2026;6259;250002551221;-3;"#NE";1;"BRASILEIRA NATA";-3;"PROPRIÁ";"60";"N";-1;"#NULO";"1270629.01";"#NE";"N";"-1";"06026027220266260000";"-3";"#NE";"-3";"#NE";"NÃO";"#NULO";-1;"#NULO";"N";"N";-1;-1;"2026-08-13 15:31:25";8;"AGUARDANDO JULGAMENTO";"-1";"#NULO";"-1";"#NULO";-1;"#NULO";-1;"#NULO";-1;"#NULO";-1;"#NULO";"-1";"#NULO"
"15/08/2026";"19:30:51";2026;6259;250002551223;-3;"#NE";1;"BRASILEIRA NATA";-3;"COTIA";"55";"N";-1;"#NULO";"1270629.01";"#NE";"N";"-1";"06026148620266260000";"-3";"#NE";"-3";"#NE";"NÃO";"#NULO";-1;"#NULO";"N";"N";-1;-1;"2026-08-13 15:31:25";8;"AGUARDANDO JULGAMENTO";"-1";"#NULO";"-1";"#NULO";-1;"#NULO";-1;"#NULO";-1;"#NULO";-1;"#NULO";"-1";"#NULO"
"15/08/2026";"19:30:51";2026;6259;250002551225;-3;"#NE";1;"BRASILEIRA NATA";-3;"SÃO PAULO";"47";"S";-1;"#NULO";"1270629.01";"#NE";"S";"-1";"06026052720266260000";"-3";"#NE";"-3";"#NE";"NÃO";"#NULO";-1;"#NULO";"N";"N";-1;-1;"2026-08-13 15:31:25";8;"AGUARDANDO JULGAMENTO";"-1";"#NULO";"-1";"#NULO";-1;"#NULO";-1;"#NULO";-1;"#NULO";-1;"#NULO";"-1";"#NULO"
"15/08/2026";"19:30:51";2026;6259;250002551238;-3;"#NE";1;"BRASILEIRA NATA";-3;"ACOPIARA";"39";"N";-1;"#NULO";"1270629.01";"#NE";"N";"-1";"06025888820266260000";"-3";"#NE";"-3";"#NE";"NÃO";"#NULO";-1;"#NULO";"N";"N";-1;-1;"2026-08-13 15:31:25";8;"AGUARDANDO JULGAMENTO";"-1";"#NULO";"-1";"#NULO";-1;"#NULO";-1;"#NULO";-1;"#NULO";-1;"#NULO";"-1";"#NULO"
"15/08/2026";"19:30:51";2026;6259;250002551504;-3;"#NE";1;"BRASILEIRA NATA";-3;"SÃO PAULO";"39";"N";-1;"#NULO";"-1";"#NE";"S";"-1";"06026494620266260000";"-3";"#NE";"-3";"#NE";"NÃO";"#NULO";-1;"#NULO";"N";"N";-1;-1;"2026-08-13 18:03:55";8;"AGUARDANDO JULGAMENTO";"-1";"#NULO";"-1";"#NULO";-1;"#NULO";-1;"#NULO";-1;"#NULO";-1;"#NULO";"-1";"#NULO"
"15/08/2026";"19:30:51";2026;6259;250002551506;-3;"#NE";1;"BRASILEIRA NATA";-3;"SOROCABA";"74";"N";-1;"#NULO";"-1";"#NE";"S";"-1";"06026486120266260000";"-3";"#NE";"-3";"#NE";"NÃO";"#NULO";-1;"#NULO";"N";"N";-1;-1;"2026-08-13 18:03:55";8;"AGUARDANDO JULGAMENTO";"-1";"#NULO";"-1";"#NULO";-1;"#NULO";-1;"#NULO";-1;"#NULO";-1;"#NULO";"-1";"#NULO"
"15/08/2026";"19:30:51";2026;6259;250002551604;-3;"#NE";1;"BRASILEIRA NATA";-3;"SÃO CAETANO DO SUL";"66";"N";-1;"#NULO";"3176572.53";"#NE";"N";"-1";"06026962020266260000";"-3";"#NE";"-3";"#NE";"NÃO";"#NULO";-1;"#NULO";"N";"N";-1;-1;"2026-08-14 15:42:33";8;"AGUARDANDO JULGAMENTO";"-1";"#NULO";"-1";"#NULO";-1;"#NULO";-1;"#NULO";-1;"#NULO";-1;"#NULO";"-1";"#NULO"
"15/08/2026";"19:30:51";2026;6259;250002551609;-3;"#NE";1;"BRASILEIRA NATA";-3;"MOGI DAS CRUZES";"45";"N";-1;"#NULO";"3176572.53";"#NE";"N";"-1";"06026659720266260000";"-3";"#NE";"-3";"#NE";"NÃO";"#NULO";-1;"#NULO";"N";"N";-1;-1;"2026-08-14 15:42:33";8;"AGUARDANDO JULGAMENTO";"-1";"#NULO";"-1";"#NULO";-1;"#NULO";-1;"#NULO";-1;"#NULO";-1;"#NULO";"-1";"#NULO"
"15/08/2026";"19:30:51";2026;6259;250002551617;-3;"#NE";2;"BRASILEIRA (NATURALIZADA)";-3;"PEQUIM";"69";"N";-1;"#NULO";"3176572.53";"#NE";"N";"-1";"06027161120266260000";"-3";"#NE";"-3";"#NE";"NÃO";"#NULO";-1;"#NULO";"N";"N";-1;-1;"2026-08-14 15:42:33";8;"AGUARDANDO JULGAMENTO";"-1";"#NULO";"-1";"#NULO";-1;"#NULO";-1;"#NULO";-1;"#NULO";-1;"#NULO";"-1";"#NULO"
"15/08/2026";"19:30:51";2026;6259;250002551619;-3;"#NE";1;"BRASILEIRA NATA";-3;"SÃO PAULO";"57";"N";-1;"#NULO";"3176572.53";"#NE";"N";"-1";"06027100420266260000";"-3";"#NE";"-3";"#NE";"NÃO";"#NULO";-1;"#NULO";"N";"N";-1;-1;"2026-08-14 15:42:33";8;"AGUARDANDO JULGAMENTO";"-1";"#NULO";"-1";"#NULO";-1;"#NULO";-1;"#NULO";-1;"#NULO";-1;"#NULO";"-1";"#NULO"
"15/08/2026";"19:30:51";2026;6259;250002551622;-3;"#NE";1;"BRASILEIRA NATA";-3;"SÃO JOSÉ DO RIO PARDO";"59";"N";-1;"#NULO";"3176572.53";"#NE";"N";"-1";"06027074920266260000";"-3";"#NE";"-3";"#NE";"NÃO";"#NULO";-1;"#NULO";"N";"N";-1;-1;"2026-08-14 15:42:33";8;"AGUARDANDO JULGAMENTO";"-1";"#NULO";"-1";"#NULO";-1;"#NULO";-1;"#NULO";-1;"#NULO";-1;"#NULO";"-1";"#NULO"
"15/08/2026";"19:30:51";2026;6259;250002551625;-3;"#NE";1;"BRASILEIRA NATA";-3;"ITAPEVI";"41";"N";-1;"#NULO";"3176572.53";"#NE";"N";"-1";"06027196320266260000";"-3";"#NE";"-3";"#NE";"NÃO";"#NULO";-1;"#NULO";"N";"N";-1;-1;"2026-08-14 15:42:33";8;"AGUARDANDO JULGAMENTO";"-1";"#NULO";"-1";"#NULO";-1;"#NULO";-1;"#NULO";-1;"#NULO";-1;"#NULO";"-1";"#NULO"
"15/08/2026";"19:30:51";2026;6259;250002551624;-3;"#NE";1;"BRASILEIRA NATA";-3;"SÃO PAULO";"40";"N";-1;"#NULO";"3176572.53";"#NE";"N";"-1";"06026945020266260000";"-3";"#NE";"-3";"#NE";"NÃO";"#NULO";-1;"#NULO";"N";"N";-1;-1;"2026-08-14 15:42:33";8;"AGUARDANDO JULGAMENTO";"-1";"#NULO";"-1";"#NULO";-1;"#NULO";-1;"#NULO";-1;"#NULO";-1;"#NULO";"-1";"#NULO"
"15/08/2026";"19:30:51";2026;6259;250002551633;-3;"#NE";1;"BRASILEIRA NATA";-3;"SÃO PAULO";"66";"N";-1;"#NULO";"3176572.53";"#NE";"N";"-1";"06026616020266260000";"-3";"#NE";"-3";"#NE";"NÃO";"#NULO";-1;"#NULO";"N";"N";-1;-1;"2026-08-14 15:42:33";8;"AGUARDANDO JULGAMENTO";"-1";"#NULO";"-1";"#NULO";-1;"#NULO";-1;"#NULO";-1;"#NULO";-1;"#NULO";"-1";"#NULO"
"15/08/2026";"19:30:51";2026;6259;250002551638;-3;"#NE";1;"BRASILEIRA NATA";-3;"BARRA DO CORDA";"45";"N";-1;"#NULO";"3176572.53";"#NE";"N";"-1";"06026884320266260000";"-3";"#NE";"-3";"#NE";"NÃO";"#NULO";-1;"#NULO";"N";"N";-1;-1;"2026-08-14 15:42:33";8;"AGUARDANDO JULGAMENTO";"-1";"#NULO";"-1";"#NULO";-1;"#NULO";-1;"#NULO";-1;"#NULO";-1;"#NULO";"-1";"#NULO"
"15/08/2026";"19:30:51";2026;6259;250002551645;-3;"#NE";1;"BRASILEIRA NATA";-3;"URAÍ";"49";"N";-1;"#NULO";"3176572.53";"#NE";"N";"-1";"06027014220266260000";"-3";"#NE";"-3";"#NE";"NÃO";"#NULO";-1;"#NULO";"N";"N";-1;-1;"2026-08-14 15:42:33";8;"AGUARDANDO JULGAMENTO";"-1";"#NULO";"-1";"#NULO";-1;"#NULO";-1;"#NULO";-1;"#NULO";-1;"#NULO";"-1";"#NULO"
"15/08/2026";"19:30:51";2026;6259;250002551647;-3;"#NE";1;"BRASILEIRA NATA";-3;"BARUERI";"52";"N";-1;"#NULO";"3176572.53";"#NE";"N";"-1";"06026815120266260000";"-3";"#NE";"-3";"#NE";"NÃO";"#NULO";-1;"#NULO";"N";"N";-1;-1;"2026-08-14 15:42:33";8;"AGUARDANDO JULGAMENTO";"-1";"#NULO";"-1";"#NULO";-1;"#NULO";-1;"#NULO";-1;"#NULO";-1;"#NULO";"-1";"#NULO"
"15/08/2026";"19:30:51";2026;6259;250002551652;-3;"#NE";1;"BRASILEIRA NATA";-3;"ACAJUTIBA";"54";"N";-1;"#NULO";"3176572.53";"#NE";"N";"-1";"06027152620266260000";"-3";"#NE";"-3";"#NE";"NÃO";"#NULO";-1;"#NULO";"N";"N";-1;-1;"2026-08-14 15:42:33";8;"AGUARDANDO JULGAMENTO";"-1";"#NULO";"-1";"#NULO";-1;"#NULO";-1;"#NULO";-1;"#NULO";-1;"#NULO";"-1";"#NULO"
"15/08/2026";"19:30:51";2026;6259;250002551654;-3;"#NE";1;"BRASILEIRA NATA";-3;"ITABERABA";"59";"N";-1;"#NULO";"3176572.53";"#NE";"N";"-1";"06026936520266260000";"-3";"#NE";"-3";"#NE";"NÃO";"#NULO";-1;"#NULO";"N";"N";-1;-1;"2026-08-14 15:42:33";8;"AGUARDANDO JULGAMENTO";"-1";"#NULO";"-1";"#NULO";-1;"#NULO";-1;"#NULO";-1;"#NULO";-1;"#NULO";"-1";"#NULO"
"15/08/2026";"19:30:51";2026;6259;250002552615;-3;"#NE";1;"BRASILEIRA NATA";-3;"SÃO LUÍS";"70";"N";-1;"#NULO";"3176572.53";"#NE";"S";"-1";"06028166320266260000";"-3";"#NE";"-3";"#NE";"NÃO";"#NULO";-1;"#NULO";"N";"N";-1;-1;"2026-08-15 16:56:56";8;"AGUARDANDO JULGAMENTO";"-1";"#NULO";"-1";"#NULO";-1;"#NULO";-1;"#NULO";-1;"#NULO";-1;"#NULO";"-1";"#NULO"
"15/08/2026";"19:30:51";2026;6259;250002552634;-3;"#NE";1;"BRASILEIRA NATA";-3;"MONTE MOR";"54";"N";-1;"#NULO";"3176572.53";"#NE";"S";"-1";"06028261020266260000";"-3";"#NE";"-3";"#NE";"NÃO";"#NULO";-1;"#NULO";"N";"N";-1;-1;"2026-08-15 16:56:56";8;"AGUARDANDO JULGAMENTO";"-1";"#NULO";"-1";"#NULO";-1;"#NULO";-1;"#NULO";-1;"#NULO";-1;"#NULO";"-1";"#NULO"
"15/08/2026";"19:30:51";2026;6259;250002552675;-3;"#NE";1;"BRASILEIRA NATA";-3;"SÃO PAULO";"47";"N";-1;"#NULO";"3176572.53";"#NE";"N";"-1";"06028252520266260000";"-3";"#NE";"-3";"#NE";"NÃO";"#NULO";-1;"#NULO";"N";"N";-1;-1;"2026-08-15 16:56:56";8;"AGUARDANDO JULGAMENTO";"-1";"#NULO";"-1";"#NULO";-1;"#NULO";-1;"#NULO";-1;"#NULO";-1;"#NULO";"-1";"#NULO"
"15/08/2026";"19:30:51";2026;6259;250002552679;-3;"#NE";1;"BRASILEIRA NATA";-3;"TABOÃO DA SERRA";"60";"N";-1;"#NULO";"3176572.53";"#NE";"N";"-1";"06028183320266260000";"-3";"#NE";"-3";"#NE";"NÃO";"#NULO";-1;"#NULO";"N";"N";-1;-1;"2026-08-15 16:56:56";8;"AGUARDANDO JULGAMENTO";"-1";"#NULO";"-1";"#NULO";-1;"#NULO";-1;"#NULO";-1;"#NULO";-1;"#NULO";"-1";"#NULO"
"15/08/2026";"19:30:51";2026;6259;250002552781;-3;"#NE";1;"BRASILEIRA NATA";-3;"SÃO PAULO";"64";"N";-1;"#NULO";"1270629.01";"#NE";"S";"-1";"06027395420266260000";"-3";"#NE";"-3";"#NE";"NÃO";"#NULO";-1;"#NULO";"N";"N";-1;-1;"2026-08-15 14:26:42";8;"AGUARDANDO JULGAMENTO";"-1";"#NULO";"-1";"#NULO";-1;"#NULO";-1;"#NULO";-1;"#NULO";-1;"#NULO";"-1";"#NULO"
"15/08/2026";"19:30:51";2026;6259;250002552858;-3;"#NE";1;"BRASILEIRA NATA";-3;"SÃO PAULO";"53";"N";-1;"#NULO";"1270629.01";"#NE";"N";"-1";"06027810620266260000";"-3";"#NE";"-3";"#NE";"NÃO";"#NULO";-1;"#NULO";"N";"N";-1;-1;"2026-08-15 16:08:59";8;"AGUARDANDO JULGAMENTO";"-1";"#NULO";"-1";"#NULO";-1;"#NULO";-1;"#NULO";-1;"#NULO";-1;"#NULO";"-1";"#NULO"
"15/08/2026";"19:30:51";2026;6259;250002552866;-3;"#NE";1;"BRASILEIRA NATA";-3;"RIBEIRÃO PRETO";"47";"N";-1;"#NULO";"1270629.01";"#NE";"N";"-1";"06027464620266260000";"-3";"#NE";"-3";"#NE";"NÃO";"#NULO";-1;"#NULO";"N";"N";-1;-1;"2026-08-15 16:08:59";8;"AGUARDANDO JULGAMENTO";"-1";"#NULO";"-1";"#NULO";-1;"#NULO";-1;"#NULO";-1;"#NULO";-1;"#NULO";"-1";"#NULO"
"15/08/2026";"19:30:51";2026;6259;250002552877;-3;"#NE";1;"BRASILEIRA NATA";-3;"SÃO CAETANO DO SUL";"54";"N";-1;"#NULO";"1270629.01";"#NE";"N";"-1";"06027638220266260000";"-3";"#NE";"-3";"#NE";"NÃO";"#NULO";-1;"#NULO";"N";"N";-1;-1;"2026-08-15 16:08:59";8;"AGUARDANDO JULGAMENTO";"-1";"#NULO";"-1";"#NULO";-1;"#NULO";-1;"#NULO";-1;"#NULO";-1;"#NULO";"-1";"#NULO"
"15/08/2026";"19:30:51";2026;6259;250002552882;-3;"#NE";1;"BRASILEIRA NATA";-3;"MARÍLIA";"64";"N";-1;"#NULO";"1270629.01";"#NE";"N";"-1";"06028027920266260000";"-3";"#NE";"-3";"#NE";"NÃO";"#NULO";-1;"#NULO";"N";"N";-1;-1;"2026-08-15 16:08:59";8;"AGUARDANDO JULGAMENTO";"-1";"#NULO";"-1";"#NULO";-1;"#NULO";-1;"#NULO";-1;"#NULO";-1;"#NULO";"-1";"#NULO"
"15/08/2026";"19:30:51";2026;6259;250002552896;-3;"#NE";1;"BRASILEIRA NATA";-3;"SANTOS";"51";"N";-1;"#NULO";"1270629.01";"#NE";"N";"-1";"06027932020266260000";"-3";"#NE";"-3";"#NE";"NÃO";"#NULO";-1;"#NULO";"N";"N";-1;-1;"2026-08-15 16:08:59";8;"AGUARDANDO JULGAMENTO";"-1";"#NULO";"-1";"#NULO";-1;"#NULO";-1;"#NULO";-1;"#NULO";-1;"#NULO";"-1";"#NULO"
"15/08/2026";"19:30:51";2026;6259;250002552906;-3;"#NE";1;"BRASILEIRA NATA";-3;"FRANCISCO ALVES";"51";"N";-1;"#NULO";"1270629.01";"#NE";"N";"-1";"06027456120266260000";"-3";"#NE";"-3";"#NE";"NÃO";"#NULO";-1;"#NULO";"N";"N";-1;-1;"2026-08-15 16:08:59";8;"AGUARDANDO JULGAMENTO";"-1";"#NULO";"-1";"#NULO";-1;"#NULO";-1;"#NULO";-1;"#NULO";-1;"#NULO";"-1";"#NULO"
"15/08/2026";"19:30:51";2026;6259;250002553329;-3;"#NE";1;"BRASILEIRA NATA";-3;"VALPARAÍSO";"64";"N";-1;"#NULO";"3176572.53";"#NE";"S";"-1";"06028954220266260000";"-3";"#NE";"-3";"#NE";"NÃO";"#NULO";-1;"#NULO";"N";"N";-1;-1;"2026-08-15 17:41:45";8;"AGUARDANDO JULGAMENTO";"-1";"#NULO";"-1";"#NULO";-1;"#NULO";-1;"#NULO";-1;"#NULO";-1;"#NULO";"-1";"#NULO"
"15/08/2026";"19:30:51";2026;6259;250002553759;-3;"#NE";1;"BRASILEIRA NATA";-3;"SANTO ANDRÉ";"45";"N";-1;"#NULO";"1270629.01";"#NE";"N";"-1";"06029222520266260000";"-3";"#NE";"-3";"#NE";"NÃO";"#NULO";-1;"#NULO";"N";"N";-1;-1;"2026-08-15 19:01:55";8;"AGUARDANDO JULGAMENTO";"-1";"#NULO";"-1";"#NULO";-1;"#NULO";-1;"#NULO";-1;"#NULO";-1;"#NULO";"-1";"#NULO"
"15/08/2026";"19:30:51";2026;6259;250002553774;-3;"#NE";1;"BRASILEIRA NATA";-3;"SÃO PAULO";"74";"N";-1;"#NULO";"1270629.01";"#NE";"N";"-1";"06030010420266260000";"-3";"#NE";"-3";"#NE";"NÃO";"#NULO";-1;"#NULO";"N";"N";-1;-1;"2026-08-15 19:01:55";8;"AGUARDANDO JULGAMENTO";"-1";"#NULO";"-1";"#NULO";-1;"#NULO";-1;"#NULO";-1;"#NULO";-1;"#NULO";"-1";"#NULO"
"15/08/2026";"19:30:51";2026;6259;250002553782;-3;"#NE";1;"BRASILEIRA NATA";-3;"SÃO PAULO";"61";"N";-1;"#NULO";"1270629.01";"#NE";"N";"-1";"06029664420266260000";"-3";"#NE";"-3";"#NE";"NÃO";"#NULO";-1;"#NULO";"N";"N";-1;-1;"2026-08-15 19:01:55";8;"AGUARDANDO JULGAMENTO";"-1";"#NULO";"-1";"#NULO";-1;"#NULO";-1;"#NULO";-1;"#NULO";-1;"#NULO";"-1";"#NULO"
"15/08/2026";"19:30:51";2026;6259;250002553804;-3;"#NE";1;"BRASILEIRA NATA";-3;"GUARARAPES";"77";"N";-1;"#NULO";"1270629.01";"#NE";"N";"-1";"06029976420266260000";"-3";"#NE";"-3";"#NE";"NÃO";"#NULO";-1;"#NULO";"N";"N";-1;-1;"2026-08-15 19:01:55";8;"AGUARDANDO JULGAMENTO";"-1";"#NULO";"-1";"#NULO";-1;"#NULO";-1;"#NULO";-1;"#NULO";-1;"#NULO";"-1";"#NULO"
"15/08/2026";"19:30:51";2026;6259;250002553807;-3;"#NE";1;"BRASILEIRA NATA";-3;"TUCANO";"48";"N";-1;"#NULO";"1270629.01";"#NE";"N";"-1";"06029959420266260000";"-3";"#NE";"-3";"#NE";"NÃO";"#NULO";-1;"#NULO";"N";"N";-1;-1;"2026-08-15 19:01:55";8;"AGUARDANDO JULGAMENTO";"-1";"#NULO";"-1";"#NULO";-1;"#NULO";-1;"#NULO";-1;"#NULO";-1;"#NULO";"-1";"#NULO"
"15/08/2026";"19:30:51";2026;6259;250002553828;-3;"#NE";1;"BRASILEIRA NATA";-3;"CENTENÁRIO DO SUL";"73";"N";-1;"#NULO";"1270629.01";"#NE";"N";"-1";"06030001920266260000";"-3";"#NE";"-3";"#NE";"NÃO";"#NULO";-1;"#NULO";"N";"N";-1;-1;"2026-08-15 19:01:55";8;"AGUARDANDO JULGAMENTO";"-1";"#NULO";"-1";"#NULO";-1;"#NULO";-1;"#NULO";-1;"#NULO";-1;"#NULO";"-1";"#NULO"
"15/08/2026";"19:30:51";2026;6259;250002553832;-3;"#NE";1;"BRASILEIRA NATA";-3;"ITAPECERICA DA SERRA";"35";"N";-1;"#NULO";"1270629.01";"#NE";"N";"-1";"06029439820266260000";"-3";"#NE";"-3";"#NE";"NÃO";"#NULO";-1;"#NULO";"N";"N";-1;-1;"2026-08-15 19:01:55";8;"AGUARDANDO JULGAMENTO";"-1";"#NULO";"-1";"#NULO";-1;"#NULO";-1;"#NULO";-1;"#NULO";-1;"#NULO";"-1";"#NULO"
"15/08/2026";"19:30:51";2026;6259;250002553845;-3;"#NE";1;"BRASILEIRA NATA";-3;"SANTA MARIA DO SUAÇUÍ";"66";"N";-1;"#NULO";"1270629.01";"#NE";"N";"-1";"06029075620266260000";"-3";"#NE";"-3";"#NE";"NÃO";"#NULO";-1;"#NULO";"N";"N";-1;-1;"2026-08-15 19:01:55";8;"AGUARDANDO JULGAMENTO";"-1";"#NULO";"-1";"#NULO";-1;"#NULO";-1;"#NULO";-1;"#NULO";-1;"#NULO";"-1";"#NULO"
