"DT_GERACAO";"HH_GERACAO";"ANO_ELEICAO";"CD_TIPO_ELEICAO";"NM_TIPO_ELEICAO";"CD_ELEICAO";"DS_ELEICAO";"SG_UF";"SG_UE";"NM_UE";"SQ_CANDIDATO";"NR_PROCESSO";"DS_TP_MOTIVO";"DS_MOTIVO"
"08/10/2026";"08:31:04";2026;2;"Eleição Ordinária";6257;"Eleição Geral Federal 2026";"BR";"BR";"BRASIL";"280002553884";"-1";"Fundamentos legais de julgamento";"Ausência de condição de elegibilidade"
"08/10/2026";"08:31:04";2026;2;"Eleição Ordinária";6259;"Eleições Gerais Estaduais 2026";"AC";"AC";"ACRE";"10002549520";"-1";"Fundamentos legais de julgamento";"Ausência de condição de elegibilidade"
"08/10/2026";"08:31:04";2026;2;"Eleição Ordinária";6259;"Eleições Gerais Estaduais 2026";"AL";"AL";"ALAGOAS";"20002548332";"-1";"Fundamentos legais de julgamento";"Ausência de condição de elegibilidade"
"08/10/2026";"08:31:04";2026;2;"Eleição Ordinária";6259;"Eleições Gerais Estaduais 2026";"AM";"AM";"AMAZONAS";"40002549858";"-1";"Fundamentos legais de julgamento";"Ausência de condição de elegibilidade"
"08/10/2026";"08:31:04";2026;2;"Eleição Ordinária";6259;"Eleições Gerais Estaduais 2026";"AM";"AM";"AMAZONAS";"40002536902";"-1";"Fundamentos legais de julgamento";"Ausência de condição de elegibilidade"
"08/10/2026";"08:31:04";2026;2;"Eleição Ordinária";6259;"Eleições Gerais Estaduais 2026";"BA";"BA";"BAHIA";"50002536633";"-1";"Fundamentos legais de julgamento";"Ausência de condição de elegibilidade"
"08/10/2026";"08:31:04";2026;2;"Eleição Ordinária";6259;"Eleições Gerais Estaduais 2026";"BA";"BA";"BAHIA";"50002537707";"-1";"Fundamentos legais de julgamento";"Ausência de condição de elegibilidade"
"08/10/2026";"08:31:04";2026;2;"Eleição Ordinária";6259;"Eleições Gerais Estaduais 2026";"BA";"BA";"BAHIA";"50002544902";"-1";"Fundamentos legais de julgamento";"Ausência de condição de elegibilidade"
"08/10/2026";"08:31:04";2026;2;"Eleição Ordinária";6259;"Eleições Gerais Estaduais 2026";"BA";"BA";"BAHIA";"50002554171";"-1";"Fundamentos legais de julgamento";"Ausência de condição de elegibilidade"
"08/10/2026";"08:31:04";2026;2;"Eleição Ordinária";6259;"Eleições Gerais Estaduais 2026";"BA";"BA";"BAHIA";"50002538747";"-1";"Fundamentos legais de julgamento";"Ausência de condição de elegibilidade"
"08/10/2026";"08:31:04";2026;2;"Eleição Ordinária";6259;"Eleições Gerais Estaduais 2026";"BA";"BA";"BAHIA";"50002549618";"-1";"Fundamentos legais de julgamento";"Ausência de condição de elegibilidade"
"08/10/2026";"08:31:04";2026;2;"Eleição Ordinária";6259;"Eleições Gerais Estaduais 2026";"BA";"BA";"BAHIA";"50002549658";"-1";"Fundamentos legais de julgamento";"Ausência de condição de elegibilidade"
"08/10/2026";"08:31:04";2026;2;"Eleição Ordinária";6259;"Eleições Gerais Estaduais 2026";"BA";"BA";"BAHIA";"50002553645";"-1";"Fundamentos legais de julgamento";"Ausência de condição de elegibilidade"
"08/10/2026";"08:31:04";2026;2;"Eleição Ordinária";6259;"Eleições Gerais Estaduais 2026";"CE";"CE";"CEARÁ";"60002535647";"-1";"Fundamentos legais de julgamento";"Ausência de condição de elegibilidade"
"08/10/2026";"08:31:04";2026;2;"Eleição Ordinária";6259;"Eleições Gerais Estaduais 2026";"DF";"DF";"DISTRITO FEDERAL";"70002531335";"-1";"Fundamentos legais de julgamento";"Ausência de condição de elegibilidade"
"08/10/2026";"08:31:04";2026;2;"Eleição Ordinária";6259;"Eleições Gerais Estaduais 2026";"GO";"GO";"GOIÁS";"90002543829";"-1";"Fundamentos legais de julgamento";"Ausência de condição de elegibilidade"
"08/10/2026";"08:31:04";2026;2;"Eleição Ordinária";6259;"Eleições Gerais Estaduais 2026";"GO";"GO";"GOIÁS";"90002543843";"-1";"Fundamentos legais de julgamento";"Ausência de condição de elegibilidade"
"08/10/2026";"08:31:04";2026;2;"Eleição Ordinária";6259;"Eleições Gerais Estaduais 2026";"GO";"GO";"GOIÁS";"90002551435";"-1";"Fundamentos legais de julgamento";"Ausência de condição de elegibilidade"
"08/10/2026";"08:31:04";2026;2;"Eleição Ordinária";6259;"Eleições Gerais Estaduais 2026";"MA";"MA";"MARANHÃO";"100002554372";"-1";"Fundamentos legais de julgamento";"Ausência de condição de elegibilidade"
"08/10/2026";"08:31:04";2026;2;"Eleição Ordinária";6259;"Eleições Gerais Estaduais 2026";"MA";"MA";"MARANHÃO";"100002554405";"-1";"Fundamentos legais de julgamento";"Ausência de condição de elegibilidade"
"08/10/2026";"08:31:04";2026;2;"Eleição Ordinária";6259;"Eleições Gerais Estaduais 2026";"MA";"MA";"MARANHÃO";"100002554406";"-1";"Fundamentos legais de julgamento";"Ausência de condição de elegibilidade"
"08/10/2026";"08:31:04";2026;2;"Eleição Ordinária";6259;"Eleições Gerais Estaduais 2026";"MA";"MA";"MARANHÃO";"100002554407";"-1";"Fundamentos legais de julgamento";"Ausência de condição de elegibilidade"
"08/10/2026";"08:31:04";2026;2;"Eleição Ordinária";6259;"Eleições Gerais Estaduais 2026";"MA";"MA";"MARANHÃO";"100002545722";"-1";"Fundamentos legais de julgamento";"Ausência de condição de elegibilidade"
"08/10/2026";"08:31:04";2026;2;"Eleição Ordinária";6259;"Eleições Gerais Estaduais 2026";"MA";"MA";"MARANHÃO";"100002553337";"-1";"Fundamentos legais de julgamento";"Ausência de condição de elegibilidade"
"08/10/2026";"08:31:04";2026;2;"Eleição Ordinária";6259;"Eleições Gerais Estaduais 2026";"MT";"MT";"MATO GROSSO";"110002551515";"-1";"Fundamentos legais de julgamento";"Ausência de condição de elegibilidade"
"08/10/2026";"08:31:04";2026;2;"Eleição Ordinária";6259;"Eleições Gerais Estaduais 2026";"MT";"MT";"MATO GROSSO";"110002551938";"-1";"Fundamentos legais de julgamento";"Ausência de condição de elegibilidade"
"08/10/2026";"08:31:04";2026;2;"Eleição Ordinária";6259;"Eleições Gerais Estaduais 2026";"MT";"MT";"MATO GROSSO";"110002547795";"-1";"Fundamentos legais de julgamento";"Ausência de condição de elegibilidade"
"08/10/2026";"08:31:04";2026;2;"Eleição Ordinária";6259;"Eleições Gerais Estaduais 2026";"PA";"PA";"PARÁ";"140002544303";"-1";"Fundamentos legais de julgamento";"Ausência de condição de elegibilidade"
"08/10/2026";"08:31:04";2026;2;"Eleição Ordinária";6259;"Eleições Gerais Estaduais 2026";"PA";"PA";"PARÁ";"140002546427";"-1";"Fundamentos legais de julgamento";"Ausência de condição de elegibilidade"
"08/10/2026";"08:31:04";2026;2;"Eleição Ordinária";6259;"Eleições Gerais Estaduais 2026";"PB";"PB";"PARAÍBA";"150002549763";"-1";"Fundamentos legais de julgamento";"Ausência de condição de elegibilidade"
"08/10/2026";"08:31:04";2026;2;"Eleição Ordinária";6259;"Eleições Gerais Estaduais 2026";"PB";"PB";"PARAÍBA";"150002553391";"-1";"Fundamentos legais de julgamento";"Ausência de condição de elegibilidade"
"08/10/2026";"08:31:04";2026;2;"Eleição Ordinária";6259;"Eleições Gerais Estaduais 2026";"PB";"PB";"PARAÍBA";"150002553619";"-1";"Fundamentos legais de julgamento";"Ausência de condição de elegibilidade"
"08/10/2026";"08:31:04";2026;2;"Eleição Ordinária";6259;"Eleições Gerais Estaduais 2026";"PI";"PI";"PIAUÍ";"180002549590";"-1";"Fundamentos legais de julgamento";"Ausência de condição de elegibilidade"
"08/10/2026";"08:31:04";2026;2;"Eleição Ordinária";6259;"Eleições Gerais Estaduais 2026";"PI";"PI";"PIAUÍ";"180002551951";"-1";"Fundamentos legais de julgamento";"Ausência de condição de elegibilidade"
"08/10/2026";"08:31:04";2026;2;"Eleição Ordinária";6259;"Eleições Gerais Estaduais 2026";"PI";"PI";"PIAUÍ";"180002552109";"-1";"Fundamentos legais de julgamento";"Ausência de condição de elegibilidade"
"08/10/2026";"08:31:04";2026;2;"Eleição Ordinária";6259;"Eleições Gerais Estaduais 2026";"PI";"PI";"PIAUÍ";"180002552114";"-1";"Fundamentos legais de julgamento";"Ausência de condição de elegibilidade"
"08/10/2026";"08:31:04";2026;2;"Eleição Ordinária";6259;"Eleições Gerais Estaduais 2026";"PR";"PR";"PARANÁ";"160002547709";"-1";"Fundamentos legais de julgamento";"Ausência de condição de elegibilidade"
"08/10/2026";"08:31:04";2026;2;"Eleição Ordinária";6259;"Eleições Gerais Estaduais 2026";"PR";"PR";"PARANÁ";"160002553962";"-1";"Fundamentos legais de julgamento";"Ausência de condição de elegibilidade"
"08/10/2026";"08:31:04";2026;2;"Eleição Ordinária";6259;"Eleições Gerais Estaduais 2026";"PR";"PR";"PARANÁ";"160002552814";"-1";"Fundamentos legais de julgamento";"Ausência de condição de elegibilidade"
"08/10/2026";"08:31:04";2026;2;"Eleição Ordinária";6259;"Eleições Gerais Estaduais 2026";"PR";"PR";"PARANÁ";"160002553672";"-1";"Fundamentos legais de julgamento";"Ausência de condição de elegibilidade"
"08/10/2026";"08:31:04";2026;2;"Eleição Ordinária";6259;"Eleições Gerais Estaduais 2026";"PR";"PR";"PARANÁ";"160002554286";"-1";"Fundamentos legais de julgamento";"Ausência de condição de elegibilidade"
"08/10/2026";"08:31:04";2026;2;"Eleição Ordinária";6259;"Eleições Gerais Estaduais 2026";"RJ";"RJ";"RIO DE JANEIRO";"190002554290";"-1";"Fundamentos legais de julgamento";"Ausência de condição de elegibilidade"
"08/10/2026";"08:31:04";2026;2;"Eleição Ordinária";6259;"Eleições Gerais Estaduais 2026";"RJ";"RJ";"RIO DE JANEIRO";"190002541090";"-1";"Fundamentos legais de julgamento";"Ausência de condição de elegibilidade"
"08/10/2026";"08:31:04";2026;2;"Eleição Ordinária";6259;"Eleições Gerais Estaduais 2026";"RJ";"RJ";"RIO DE JANEIRO";"190002543276";"-1";"Fundamentos legais de julgamento";"Ausência de condição de elegibilidade"
"08/10/2026";"08:31:04";2026;2;"Eleição Ordinária";6259;"Eleições Gerais Estaduais 2026";"RJ";"RJ";"RIO DE JANEIRO";"190002543373";"-1";"Fundamentos legais de julgamento";"Ausência de condição de elegibilidade"
"08/10/2026";"08:31:04";2026;2;"Eleição Ordinária";6259;"Eleições Gerais Estaduais 2026";"RJ";"RJ";"RIO DE JANEIRO";"190002543896";"-1";"Fundamentos legais de julgamento";"Ausência de condição de elegibilidade"
"08/10/2026";"08:31:04";2026;2;"Eleição Ordinária";6259;"Eleições Gerais Estaduais 2026";"RJ";"RJ";"RIO DE JANEIRO";"190002543911";"-1";"Fundamentos legais de julgamento";"Ausência de condição de elegibilidade"
"08/10/2026";"08:31:04";2026;2;"Eleição Ordinária";6259;"Eleições Gerais Estaduais 2026";"RJ";"RJ";"RIO DE JANEIRO";"190002547265";"-1";"Fundamentos legais de julgamento";"Ausência de condição de elegibilidade"
"08/10/2026";"08:31:04";2026;2;"Eleição Ordinária";6259;"Eleições Gerais Estaduais 2026";"RJ";"RJ";"RIO DE JANEIRO";"190002552530";"-1";"Fundamentos legais de julgamento";"Ausência de condição de elegibilidade"
"08/10/2026";"08:31:04";2026;2;"Eleição Ordinária";6259;"Eleições Gerais Estaduais 2026";"RJ";"RJ";"RIO DE JANEIRO";"190002534724";"-1";"Fundamentos legais de julgamento";"Ausência de condição de elegibilidade"
"08/10/2026";"08:31:04";2026;2;"Eleição Ordinária";6259;"Eleições Gerais Estaduais 2026";"RJ";"RJ";"RIO DE JANEIRO";"190002538580";"-1";"Fundamentos legais de julgamento";"Ausência de condição de elegibilidade"
"08/10/2026";"08:31:04";2026;2;"Eleição Ordinária";6259;"Eleições Gerais Estaduais 2026";"RJ";"RJ";"RIO DE JANEIRO";"190002538820";"-1";"Fundamentos legais de julgamento";"Ausência de condição de elegibilidade"
"08/10/2026";"08:31:04";2026;2;"Eleição Ordinária";6259;"Eleições Gerais Estaduais 2026";"RJ";"RJ";"RIO DE JANEIRO";"190002538831";"-1";"Fundamentos legais de julgamento";"Ausência de condição de elegibilidade"
"08/10/2026";"08:31:04";2026;2;"Eleição Ordinária";6259;"Eleições Gerais Estaduais 2026";"RJ";"RJ";"RIO DE JANEIRO";"190002543024";"-1";"Fundamentos legais de julgamento";"Ausência de condição de elegibilidade"
"08/10/2026";"08:31:04";2026;2;"Eleição Ordinária";6259;"Eleições Gerais Estaduais 2026";"RJ";"RJ";"RIO DE JANEIRO";"190002552278";"-1";"Fundamentos legais de julgamento";"Ausência de condição de elegibilidade"
"08/10/2026";"08:31:04";2026;2;"Eleição Ordinária";6259;"Eleições Gerais Estaduais 2026";"RJ";"RJ";"RIO DE JANEIRO";"190002554297";"-1";"Fundamentos legais de julgamento";"Ausência de condição de elegibilidade"
"08/10/2026";"08:31:04";2026;2;"Eleição Ordinária";6259;"Eleições Gerais Estaduais 2026";"RJ";"RJ";"RIO DE JANEIRO";"190002554324";"-1";"Fundamentos legais de julgamento";"Ausência de condição de elegibilidade"
"08/10/2026";"08:31:04";2026;2;"Eleição Ordinária";6259;"Eleições Gerais Estaduais 2026";"RJ";"RJ";"RIO DE JANEIRO";"190002554325";"-1";"Fundamentos legais de julgamento";"Ausência de condição de elegibilidade"
"08/10/2026";"08:31:04";2026;2;"Eleição Ordinária";6259;"Eleições Gerais Estaduais 2026";"RJ";"RJ";"RIO DE JANEIRO";"190002545554";"-1";"Fundamentos legais de julgamento";"Ausência de condição de elegibilidade"
"08/10/2026";"08:31:04";2026;2;"Eleição Ordinária";6259;"Eleições Gerais Estaduais 2026";"RN";"RN";"RIO GRANDE DO NORTE";"200002553301";"-1";"Fundamentos legais de julgamento";"Ausência de condição de elegibilidade"
"08/10/2026";"08:31:04";2026;2;"Eleição Ordinária";6259;"Eleições Gerais Estaduais 2026";"RO";"RO";"RONDÔNIA";"220002553283";"-1";"Fundamentos legais de julgamento";"Ausência de condição de elegibilidade"
"08/10/2026";"08:31:04";2026;2;"Eleição Ordinária";6259;"Eleições Gerais Estaduais 2026";"RO";"RO";"RONDÔNIA";"220002550929";"-1";"Fundamentos legais de julgamento";"Ausência de condição de elegibilidade"
"08/10/2026";"08:31:04";2026;2;"Eleição Ordinária";6259;"Eleições Gerais Estaduais 2026";"RS";"RS";"RIO GRANDE DO SUL";"210002549650";"-1";"Fundamentos legais de julgamento";"Ausência de condição de elegibilidade"
"08/10/2026";"08:31:04";2026;2;"Eleição Ordinária";6259;"Eleições Gerais Estaduais 2026";"RS";"RS";"RIO GRANDE DO SUL";"210002552764";"-1";"Fundamentos legais de julgamento";"Ausência de condição de elegibilidade"
"08/10/2026";"08:31:04";2026;2;"Eleição Ordinária";6259;"Eleições Gerais Estaduais 2026";"SC";"SC";"SANTA CATARINA";"240002537803";"-1";"Fundamentos legais de julgamento";"Ausência de condição de elegibilidade"
"08/10/2026";"08:31:04";2026;2;"Eleição Ordinária";6259;"Eleições Gerais Estaduais 2026";"SC";"SC";"SANTA CATARINA";"240002552228";"-1";"Fundamentos legais de julgamento";"Ausência de condição de elegibilidade"
"08/10/2026";"08:31:04";2026;2;"Eleição Ordinária";6259;"Eleições Gerais Estaduais 2026";"SE";"SE";"SERGIPE";"260002533999";"-1";"Fundamentos legais de julgamento";"Ausência de condição de elegibilidade"
"08/10/2026";"08:31:04";2026;2;"Eleição Ordinária";6259;"Eleições Gerais Estaduais 2026";"SE";"SE";"SERGIPE";"260002545639";"-1";"Fundamentos legais de julgamento";"Ausência de condição de elegibilidade"
"08/10/2026";"08:31:04";2026;2;"Eleição Ordinária";6259;"Eleições Gerais Estaduais 2026";"SP";"SP";"SÃO PAULO";"250002536916";"-1";"Fundamentos legais de julgamento";"Ausência de condição de elegibilidade"
"08/10/2026";"08:31:04";2026;2;"Eleição Ordinária";6259;"Eleições Gerais Estaduais 2026";"SP";"SP";"SÃO PAULO";"250002553061";"-1";"Fundamentos legais de julgamento";"Ausência de condição de elegibilidade"
"08/10/2026";"08:31:04";2026;2;"Eleição Ordinária";6259;"Eleições Gerais Estaduais 2026";"SP";"SP";"SÃO PAULO";"250002548504";"-1";"Fundamentos legais de julgamento";"Ausência de condição de elegibilidade"
"08/10/2026";"08:31:04";2026;2;"Eleição Ordinária";6259;"Eleições Gerais Estaduais 2026";"SP";"SP";"SÃO PAULO";"250002551632";"-1";"Fundamentos legais de julgamento";"Ausência de condição de elegibilidade"
"08/10/2026";"08:31:04";2026;2;"Eleição Ordinária";6259;"Eleições Gerais Estaduais 2026";"SP";"SP";"SÃO PAULO";"250002552673";"-1";"Fundamentos legais de julgamento";"Ausência de condição de elegibilidade"
"08/10/2026";"08:31:04";2026;2;"Eleição Ordinária";6259;"Eleições Gerais Estaduais 2026";"SP";"SP";"SÃO PAULO";"250002554019";"-1";"Fundamentos legais de julgamento";"Ausência de condição de elegibilidade"
"08/10/2026";"08:31:04";2026;2;"Eleição Ordinária";6259;"Eleições Gerais Estaduais 2026";"SP";"SP";"SÃO PAULO";"250002554022";"-1";"Fundamentos legais de julgamento";"Ausência de condição de elegibilidade"
"08/10/2026";"08:31:04";2026;2;"Eleição Ordinária";6259;"Eleições Gerais Estaduais 2026";"SP";"SP";"SÃO PAULO";"250002554028";"-1";"Fundamentos legais de julgamento";"Ausência de condição de elegibilidade"
"08/10/2026";"08:31:04";2026;2;"Eleição Ordinária";6259;"Eleições Gerais Estaduais 2026";"SP";"SP";"SÃO PAULO";"250002547838";"-1";"Fundamentos legais de julgamento";"Ausência de condição de elegibilidade"
"08/10/2026";"08:31:04";2026;2;"Eleição Ordinária";6259;"Eleições Gerais Estaduais 2026";"SP";"SP";"SÃO PAULO";"250002550236";"-1";"Fundamentos legais de julgamento";"Ausência de condição de elegibilidade"
"08/10/2026";"08:31:04";2026;2;"Eleição Ordinária";6259;"Eleições Gerais Estaduais 2026";"SP";"SP";"SÃO PAULO";"250002553766";"-1";"Fundamentos legais de julgamento";"Ausência de condição de elegibilidade"
"08/10/2026";"08:31:04";2026;2;"Eleição Ordinária";6259;"Eleições Gerais Estaduais 2026";"SP";"SP";"SÃO PAULO";"250002553771";"-1";"Fundamentos legais de julgamento";"Ausência de condição de elegibilidade"
"08/10/2026";"08:31:04";2026;2;"Eleição Ordinária";6259;"Eleições Gerais Estaduais 2026";"SP";"SP";"SÃO PAULO";"250002553788";"-1";"Fundamentos legais de julgamento";"Ausência de condição de elegibilidade"
"08/10/2026";"08:31:04";2026;2;"Eleição Ordinária";6259;"Eleições Gerais Estaduais 2026";"SP";"SP";"SÃO PAULO";"250002553801";"-1";"Fundamentos legais de julgamento";"Ausência de condição de elegibilidade"
"08/10/2026";"08:31:04";2026;2;"Eleição Ordinária";6259;"Eleições Gerais Estaduais 2026";"SP";"SP";"SÃO PAULO";"250002553868";"-1";"Fundamentos legais de julgamento";"Ausência de condição de elegibilidade"
"08/10/2026";"08:31:04";2026;2;"Eleição Ordinária";6259;"Eleições Gerais Estaduais 2026";"TO";"TO";"TOCANTINS";"270002551274";"-1";"Fundamentos legais de julgamento";"Ausência de condição de elegibilidade"
"08/10/2026";"08:31:04";2026;2;"Eleição Ordinária";6259;"Eleições Gerais Estaduais 2026";"AC";"AC";"ACRE";"10002550653";"-1";"Fundamentos legais de julgamento";"Inelegibilidade constitucional"
"08/10/2026";"08:31:04";2026;2;"Eleição Ordinária";6259;"Eleições Gerais Estaduais 2026";"AL";"AL";"ALAGOAS";"20002538204";"-1";"Fundamentos legais de julgamento";"Inelegibilidade constitucional"
"08/10/2026";"08:31:04";2026;2;"Eleição Ordinária";6259;"Eleições Gerais Estaduais 2026";"MG";"MG";"MINAS GERAIS";"130002539876";"-1";"Fundamentos legais de julgamento";"Inelegibilidade constitucional"
"08/10/2026";"08:31:04";2026;2;"Eleição Ordinária";6259;"Eleições Gerais Estaduais 2026";"MG";"MG";"MINAS GERAIS";"130002543629";"-1";"Fundamentos legais de julgamento";"Inelegibilidade constitucional"
"08/10/2026";"08:31:04";2026;2;"Eleição Ordinária";6259;"Eleições Gerais Estaduais 2026";"RJ";"RJ";"RIO DE JANEIRO";"190002541054";"-1";"Fundamentos legais de julgamento";"Inelegibilidade constitucional"
"08/10/2026";"08:31:04";2026;2;"Eleição Ordinária";6259;"Eleições Gerais Estaduais 2026";"SP";"SP";"SÃO PAULO";"250002534143";"-1";"Fundamentos legais de julgamento";"Inelegibilidade constitucional"
"08/10/2026";"08:31:04";2026;2;"Eleição Ordinária";6259;"Eleições Gerais Estaduais 2026";"SP";"SP";"SÃO PAULO";"250002541886";"-1";"Fundamentos legais de julgamento";"Inelegibilidade constitucional"
"08/10/2026";"08:31:04";2026;2;"Eleição Ordinária";6259;"Eleições Gerais Estaduais 2026";"SP";"SP";"SÃO PAULO";"250002554057";"-1";"Fundamentos legais de julgamento";"Inelegibilidade constitucional"
"08/10/2026";"08:31:04";2026;2;"Eleição Ordinária";6259;"Eleições Gerais Estaduais 2026";"AC";"AC";"ACRE";"10002545657";"-1";"Fundamentos legais de julgamento";"Inelegibilidade infraconstitucional(LC 64/90)"
"08/10/2026";"08:31:04";2026;2;"Eleição Ordinária";6259;"Eleições Gerais Estaduais 2026";"AL";"AL";"ALAGOAS";"20002554388";"-1";"Fundamentos legais de julgamento";"Inelegibilidade infraconstitucional(LC 64/90)"
"08/10/2026";"08:31:04";2026;2;"Eleição Ordinária";6259;"Eleições Gerais Estaduais 2026";"AP";"AP";"AMAPÁ";"30002533113";"-1";"Fundamentos legais de julgamento";"Inelegibilidade infraconstitucional(LC 64/90)"
"08/10/2026";"08:31:04";2026;2;"Eleição Ordinária";6259;"Eleições Gerais Estaduais 2026";"AP";"AP";"AMAPÁ";"30002549885";"-1";"Fundamentos legais de julgamento";"Inelegibilidade infraconstitucional(LC 64/90)"
"08/10/2026";"08:31:04";2026;2;"Eleição Ordinária";6259;"Eleições Gerais Estaduais 2026";"CE";"CE";"CEARÁ";"60002536995";"-1";"Fundamentos legais de julgamento";"Inelegibilidade infraconstitucional(LC 64/90)"
"08/10/2026";"08:31:04";2026;2;"Eleição Ordinária";6259;"Eleições Gerais Estaduais 2026";"CE";"CE";"CEARÁ";"60002542452";"-1";"Fundamentos legais de julgamento";"Inelegibilidade infraconstitucional(LC 64/90)"
"08/10/2026";"08:31:04";2026;2;"Eleição Ordinária";6259;"Eleições Gerais Estaduais 2026";"ES";"ES";"ESPÍRITO SANTO";"80002551808";"-1";"Fundamentos legais de julgamento";"Inelegibilidade infraconstitucional(LC 64/90)"
"08/10/2026";"08:31:04";2026;2;"Eleição Ordinária";6259;"Eleições Gerais Estaduais 2026";"MA";"MA";"MARANHÃO";"100002542874";"-1";"Fundamentos legais de julgamento";"Inelegibilidade infraconstitucional(LC 64/90)"
"08/10/2026";"08:31:04";2026;2;"Eleição Ordinária";6259;"Eleições Gerais Estaduais 2026";"MG";"MG";"MINAS GERAIS";"130002533235";"-1";"Fundamentos legais de julgamento";"Inelegibilidade infraconstitucional(LC 64/90)"
"08/10/2026";"08:31:04";2026;2;"Eleição Ordinária";6259;"Eleições Gerais Estaduais 2026";"MG";"MG";"MINAS GERAIS";"130002533265";"-1";"Fundamentos legais de julgamento";"Inelegibilidade infraconstitucional(LC 64/90)"
"08/10/2026";"08:31:04";2026;2;"Eleição Ordinária";6259;"Eleições Gerais Estaduais 2026";"MG";"MG";"MINAS GERAIS";"130002552304";"-1";"Fundamentos legais de julgamento";"Inelegibilidade infraconstitucional(LC 64/90)"
"08/10/2026";"08:31:04";2026;2;"Eleição Ordinária";6259;"Eleições Gerais Estaduais 2026";"MG";"MG";"MINAS GERAIS";"130002532938";"-1";"Fundamentos legais de julgamento";"Inelegibilidade infraconstitucional(LC 64/90)"
"08/10/2026";"08:31:04";2026;2;"Eleição Ordinária";6259;"Eleições Gerais Estaduais 2026";"PR";"PR";"PARANÁ";"160002542336";"-1";"Fundamentos legais de julgamento";"Inelegibilidade infraconstitucional(LC 64/90)"
"08/10/2026";"08:31:04";2026;2;"Eleição Ordinária";6259;"Eleições Gerais Estaduais 2026";"PR";"PR";"PARANÁ";"160002549530";"-1";"Fundamentos legais de julgamento";"Inelegibilidade infraconstitucional(LC 64/90)"
"08/10/2026";"08:31:04";2026;2;"Eleição Ordinária";6259;"Eleições Gerais Estaduais 2026";"PR";"PR";"PARANÁ";"160002546875";"-1";"Fundamentos legais de julgamento";"Inelegibilidade infraconstitucional(LC 64/90)"
"08/10/2026";"08:31:04";2026;2;"Eleição Ordinária";6259;"Eleições Gerais Estaduais 2026";"RO";"RO";"RONDÔNIA";"220002542938";"-1";"Fundamentos legais de julgamento";"Inelegibilidade infraconstitucional(LC 64/90)"
"08/10/2026";"08:31:04";2026;2;"Eleição Ordinária";6259;"Eleições Gerais Estaduais 2026";"RS";"RS";"RIO GRANDE DO SUL";"210002550536";"-1";"Fundamentos legais de julgamento";"Inelegibilidade infraconstitucional(LC 64/90)"
"08/10/2026";"08:31:04";2026;2;"Eleição Ordinária";6259;"Eleições Gerais Estaduais 2026";"RS";"RS";"RIO GRANDE DO SUL";"210002539097";"-1";"Fundamentos legais de julgamento";"Inelegibilidade infraconstitucional(LC 64/90)"
"08/10/2026";"08:31:04";2026;2;"Eleição Ordinária";6259;"Eleições Gerais Estaduais 2026";"SC";"SC";"SANTA CATARINA";"240002552192";"-1";"Fundamentos legais de julgamento";"Inelegibilidade infraconstitucional(LC 64/90)"
"08/10/2026";"08:31:04";2026;2;"Eleição Ordinária";6259;"Eleições Gerais Estaduais 2026";"SC";"SC";"SANTA CATARINA";"240002541372";"-1";"Fundamentos legais de julgamento";"Inelegibilidade infraconstitucional(LC 64/90)"
"08/10/2026";"08:31:04";2026;2;"Eleição Ordinária";6259;"Eleições Gerais Estaduais 2026";"SP";"SP";"SÃO PAULO";"250002552675";"-1";"Fundamentos legais de julgamento";"Inelegibilidade infraconstitucional(LC 64/90)"
"08/10/2026";"08:31:04";2026;2;"Eleição Ordinária";6259;"Eleições Gerais Estaduais 2026";"SP";"SP";"SÃO PAULO";"250002538920";"-1";"Fundamentos legais de julgamento";"Inelegibilidade infraconstitucional(LC 64/90)"
"08/10/2026";"08:31:04";2026;2;"Eleição Ordinária";6259;"Eleições Gerais Estaduais 2026";"SP";"SP";"SÃO PAULO";"250002552891";"-1";"Fundamentos legais de julgamento";"Inelegibilidade infraconstitucional(LC 64/90)"
"08/10/2026";"08:31:04";2026;2;"Eleição Ordinária";6259;"Eleições Gerais Estaduais 2026";"AL";"AL";"ALAGOAS";"20002538398";"-1";"Fundamentos legais de julgamento";"Ausência de desincompatibilização (LC 64/90)"
"08/10/2026";"08:31:04";2026;2;"Eleição Ordinária";6259;"Eleições Gerais Estaduais 2026";"AP";"AP";"AMAPÁ";"30002552021";"-1";"Fundamentos legais de julgamento";"Ausência de desincompatibilização (LC 64/90)"
"08/10/2026";"08:31:04";2026;2;"Eleição Ordinária";6259;"Eleições Gerais Estaduais 2026";"BA";"BA";"BAHIA";"50002536663";"-1";"Fundamentos legais de julgamento";"Ausência de desincompatibilização (LC 64/90)"
"08/10/2026";"08:31:04";2026;2;"Eleição Ordinária";6259;"Eleições Gerais Estaduais 2026";"CE";"CE";"CEARÁ";"60002542439";"-1";"Fundamentos legais de julgamento";"Ausência de desincompatibilização (LC 64/90)"
"08/10/2026";"08:31:04";2026;2;"Eleição Ordinária";6259;"Eleições Gerais Estaduais 2026";"DF";"DF";"DISTRITO FEDERAL";"70002546745";"-1";"Fundamentos legais de julgamento";"Ausência de desincompatibilização (LC 64/90)"
"08/10/2026";"08:31:04";2026;2;"Eleição Ordinária";6259;"Eleições Gerais Estaduais 2026";"DF";"DF";"DISTRITO FEDERAL";"70002548154";"-1";"Fundamentos legais de julgamento";"Ausência de desincompatibilização (LC 64/90)"
"08/10/2026";"08:31:04";2026;2;"Eleição Ordinária";6259;"Eleições Gerais Estaduais 2026";"DF";"DF";"DISTRITO FEDERAL";"70002550988";"-1";"Fundamentos legais de julgamento";"Ausência de desincompatibilização (LC 64/90)"
"08/10/2026";"08:31:04";2026;2;"Eleição Ordinária";6259;"Eleições Gerais Estaduais 2026";"PI";"PI";"PIAUÍ";"180002549594";"-1";"Fundamentos legais de julgamento";"Ausência de desincompatibilização (LC 64/90)"
"08/10/2026";"08:31:04";2026;2;"Eleição Ordinária";6259;"Eleições Gerais Estaduais 2026";"RR";"RR";"RORAIMA";"230002553857";"-1";"Fundamentos legais de julgamento";"Ausência de desincompatibilização (LC 64/90)"
"08/10/2026";"08:31:04";2026;2;"Eleição Ordinária";6259;"Eleições Gerais Estaduais 2026";"SP";"SP";"SÃO PAULO";"250002552884";"-1";"Fundamentos legais de julgamento";"Ausência de desincompatibilização (LC 64/90)"
"08/10/2026";"08:31:04";2026;2;"Eleição Ordinária";6259;"Eleições Gerais Estaduais 2026";"TO";"TO";"TOCANTINS";"270002550094";"-1";"Fundamentos legais de julgamento";"Ausência de desincompatibilização (LC 64/90)"
"08/10/2026";"08:31:04";2026;2;"Eleição Ordinária";6259;"Eleições Gerais Estaduais 2026";"AC";"AC";"ACRE";"10002552004";"-1";"Fundamentos legais de julgamento";"Ausência de quitação eleitoral (Lei 9.504/97)"
"08/10/2026";"08:31:04";2026;2;"Eleição Ordinária";6259;"Eleições Gerais Estaduais 2026";"BA";"BA";"BAHIA";"50002537707";"-1";"Fundamentos legais de julgamento";"Ausência de quitação eleitoral (Lei 9.504/97)"
"08/10/2026";"08:31:04";2026;2;"Eleição Ordinária";6259;"Eleições Gerais Estaduais 2026";"CE";"CE";"CEARÁ";"60002551397";"-1";"Fundamentos legais de julgamento";"Ausência de quitação eleitoral (Lei 9.504/97)"
"08/10/2026";"08:31:04";2026;2;"Eleição Ordinária";6259;"Eleições Gerais Estaduais 2026";"CE";"CE";"CEARÁ";"60002532970";"-1";"Fundamentos legais de julgamento";"Ausência de quitação eleitoral (Lei 9.504/97)"
"08/10/2026";"08:31:04";2026;2;"Eleição Ordinária";6259;"Eleições Gerais Estaduais 2026";"CE";"CE";"CEARÁ";"60002551884";"-1";"Fundamentos legais de julgamento";"Ausência de quitação eleitoral (Lei 9.504/97)"
"08/10/2026";"08:31:04";2026;2;"Eleição Ordinária";6259;"Eleições Gerais Estaduais 2026";"CE";"CE";"CEARÁ";"60002535629";"-1";"Fundamentos legais de julgamento";"Ausência de quitação eleitoral (Lei 9.504/97)"
"08/10/2026";"08:31:04";2026;2;"Eleição Ordinária";6259;"Eleições Gerais Estaduais 2026";"GO";"GO";"GOIÁS";"90002537642";"-1";"Fundamentos legais de julgamento";"Ausência de quitação eleitoral (Lei 9.504/97)"
"08/10/2026";"08:31:04";2026;2;"Eleição Ordinária";6259;"Eleições Gerais Estaduais 2026";"GO";"GO";"GOIÁS";"90002554263";"-1";"Fundamentos legais de julgamento";"Ausência de quitação eleitoral (Lei 9.504/97)"
"08/10/2026";"08:31:04";2026;2;"Eleição Ordinária";6259;"Eleições Gerais Estaduais 2026";"GO";"GO";"GOIÁS";"90002543839";"-1";"Fundamentos legais de julgamento";"Ausência de quitação eleitoral (Lei 9.504/97)"
"08/10/2026";"08:31:04";2026;2;"Eleição Ordinária";6259;"Eleições Gerais Estaduais 2026";"MA";"MA";"MARANHÃO";"100002545704";"-1";"Fundamentos legais de julgamento";"Ausência de quitação eleitoral (Lei 9.504/97)"
"08/10/2026";"08:31:04";2026;2;"Eleição Ordinária";6259;"Eleições Gerais Estaduais 2026";"MA";"MA";"MARANHÃO";"100002554371";"-1";"Fundamentos legais de julgamento";"Ausência de quitação eleitoral (Lei 9.504/97)"
"08/10/2026";"08:31:04";2026;2;"Eleição Ordinária";6259;"Eleições Gerais Estaduais 2026";"MA";"MA";"MARANHÃO";"100002545722";"-1";"Fundamentos legais de julgamento";"Ausência de quitação eleitoral (Lei 9.504/97)"
"08/10/2026";"08:31:04";2026;2;"Eleição Ordinária";6259;"Eleições Gerais Estaduais 2026";"MG";"MG";"MINAS GERAIS";"130002552449";"-1";"Fundamentos legais de julgamento";"Ausência de quitação eleitoral (Lei 9.504/97)"
"08/10/2026";"08:31:04";2026;2;"Eleição Ordinária";6259;"Eleições Gerais Estaduais 2026";"PA";"PA";"PARÁ";"140002548661";"-1";"Fundamentos legais de julgamento";"Ausência de quitação eleitoral (Lei 9.504/97)"
"08/10/2026";"08:31:04";2026;2;"Eleição Ordinária";6259;"Eleições Gerais Estaduais 2026";"PA";"PA";"PARÁ";"140002541321";"-1";"Fundamentos legais de julgamento";"Ausência de quitação eleitoral (Lei 9.504/97)"
"08/10/2026";"08:31:04";2026;2;"Eleição Ordinária";6259;"Eleições Gerais Estaduais 2026";"PA";"PA";"PARÁ";"140002551148";"-1";"Fundamentos legais de julgamento";"Ausência de quitação eleitoral (Lei 9.504/97)"
"08/10/2026";"08:31:04";2026;2;"Eleição Ordinária";6259;"Eleições Gerais Estaduais 2026";"PA";"PA";"PARÁ";"140002552353";"-1";"Fundamentos legais de julgamento";"Ausência de quitação eleitoral (Lei 9.504/97)"
"08/10/2026";"08:31:04";2026;2;"Eleição Ordinária";6259;"Eleições Gerais Estaduais 2026";"PB";"PB";"PARAÍBA";"150002552382";"-1";"Fundamentos legais de julgamento";"Ausência de quitação eleitoral (Lei 9.504/97)"
"08/10/2026";"08:31:04";2026;2;"Eleição Ordinária";6259;"Eleições Gerais Estaduais 2026";"PE";"PE";"PERNAMBUCO";"170002552518";"-1";"Fundamentos legais de julgamento";"Ausência de quitação eleitoral (Lei 9.504/97)"
"08/10/2026";"08:31:04";2026;2;"Eleição Ordinária";6259;"Eleições Gerais Estaduais 2026";"PE";"PE";"PERNAMBUCO";"170002552543";"-1";"Fundamentos legais de julgamento";"Ausência de quitação eleitoral (Lei 9.504/97)"
"08/10/2026";"08:31:04";2026;2;"Eleição Ordinária";6259;"Eleições Gerais Estaduais 2026";"PE";"PE";"PERNAMBUCO";"170002552995";"-1";"Fundamentos legais de julgamento";"Ausência de quitação eleitoral (Lei 9.504/97)"
"08/10/2026";"08:31:04";2026;2;"Eleição Ordinária";6259;"Eleições Gerais Estaduais 2026";"PI";"PI";"PIAUÍ";"180002554121";"-1";"Fundamentos legais de julgamento";"Ausência de quitação eleitoral (Lei 9.504/97)"
"08/10/2026";"08:31:04";2026;2;"Eleição Ordinária";6259;"Eleições Gerais Estaduais 2026";"PR";"PR";"PARANÁ";"160002542334";"-1";"Fundamentos legais de julgamento";"Ausência de quitação eleitoral (Lei 9.504/97)"
"08/10/2026";"08:31:04";2026;2;"Eleição Ordinária";6259;"Eleições Gerais Estaduais 2026";"PR";"PR";"PARANÁ";"160002547735";"-1";"Fundamentos legais de julgamento";"Ausência de quitação eleitoral (Lei 9.504/97)"
"08/10/2026";"08:31:04";2026;2;"Eleição Ordinária";6259;"Eleições Gerais Estaduais 2026";"PR";"PR";"PARANÁ";"160002549511";"-1";"Fundamentos legais de julgamento";"Ausência de quitação eleitoral (Lei 9.504/97)"
"08/10/2026";"08:31:04";2026;2;"Eleição Ordinária";6259;"Eleições Gerais Estaduais 2026";"RS";"RS";"RIO GRANDE DO SUL";"210002553410";"-1";"Fundamentos legais de julgamento";"Ausência de quitação eleitoral (Lei 9.504/97)"
"08/10/2026";"08:31:04";2026;2;"Eleição Ordinária";6259;"Eleições Gerais Estaduais 2026";"SC";"SC";"SANTA CATARINA";"240002537839";"-1";"Fundamentos legais de julgamento";"Ausência de quitação eleitoral (Lei 9.504/97)"
"08/10/2026";"08:31:04";2026;2;"Eleição Ordinária";6259;"Eleições Gerais Estaduais 2026";"SC";"SC";"SANTA CATARINA";"240002551665";"-1";"Fundamentos legais de julgamento";"Ausência de quitação eleitoral (Lei 9.504/97)"
"08/10/2026";"08:31:04";2026;2;"Eleição Ordinária";6259;"Eleições Gerais Estaduais 2026";"SP";"SP";"SÃO PAULO";"250002539588";"-1";"Fundamentos legais de julgamento";"Ausência de quitação eleitoral (Lei 9.504/97)"
"08/10/2026";"08:31:04";2026;2;"Eleição Ordinária";6259;"Eleições Gerais Estaduais 2026";"SP";"SP";"SÃO PAULO";"250002552627";"-1";"Fundamentos legais de julgamento";"Ausência de quitação eleitoral (Lei 9.504/97)"
"08/10/2026";"08:31:04";2026;2;"Eleição Ordinária";6259;"Eleições Gerais Estaduais 2026";"SP";"SP";"SÃO PAULO";"250002552641";"-1";"Fundamentos legais de julgamento";"Ausência de quitação eleitoral (Lei 9.504/97)"
"08/10/2026";"08:31:04";2026;2;"Eleição Ordinária";6259;"Eleições Gerais Estaduais 2026";"SP";"SP";"SÃO PAULO";"250002553335";"-1";"Fundamentos legais de julgamento";"Ausência de quitação eleitoral (Lei 9.504/97)"
"08/10/2026";"08:31:04";2026;2;"Eleição Ordinária";6259;"Eleições Gerais Estaduais 2026";"SP";"SP";"SÃO PAULO";"250002538921";"-1";"Fundamentos legais de julgamento";"Ausência de quitação eleitoral (Lei 9.504/97)"
"08/10/2026";"08:31:04";2026;2;"Eleição Ordinária";6259;"Eleições Gerais Estaduais 2026";"SP";"SP";"SÃO PAULO";"250002553784";"-1";"Fundamentos legais de julgamento";"Ausência de quitação eleitoral (Lei 9.504/97)"
"08/10/2026";"08:31:04";2026;2;"Eleição Ordinária";6259;"Eleições Gerais Estaduais 2026";"BA";"BA";"BAHIA";"50002549604";"-1";"Fundamentos legais de julgamento";"Desatendimento a requisito formal (Lei 9.504/97)"
"08/10/2026";"08:31:04";2026;2;"Eleição Ordinária";6259;"Eleições Gerais Estaduais 2026";"DF";"DF";"DISTRITO FEDERAL";"70002554528";"-1";"Fundamentos legais de julgamento";"Desatendimento a requisito formal (Lei 9.504/97)"
"08/10/2026";"08:31:04";2026;2;"Eleição Ordinária";6259;"Eleições Gerais Estaduais 2026";"GO";"GO";"GOIÁS";"90002543114";"-1";"Fundamentos legais de julgamento";"Desatendimento a requisito formal (Lei 9.504/97)"
"08/10/2026";"08:31:04";2026;2;"Eleição Ordinária";6259;"Eleições Gerais Estaduais 2026";"MG";"MG";"MINAS GERAIS";"130002553610";"-1";"Fundamentos legais de julgamento";"Desatendimento a requisito formal (Lei 9.504/97)"
"08/10/2026";"08:31:04";2026;2;"Eleição Ordinária";6259;"Eleições Gerais Estaduais 2026";"MG";"MG";"MINAS GERAIS";"130002532953";"-1";"Fundamentos legais de julgamento";"Desatendimento a requisito formal (Lei 9.504/97)"
"08/10/2026";"08:31:04";2026;2;"Eleição Ordinária";6259;"Eleições Gerais Estaduais 2026";"MG";"MG";"MINAS GERAIS";"130002544376";"-1";"Fundamentos legais de julgamento";"Desatendimento a requisito formal (Lei 9.504/97)"
"08/10/2026";"08:31:04";2026;2;"Eleição Ordinária";6259;"Eleições Gerais Estaduais 2026";"MS";"MS";"MATO GROSSO DO SUL";"120002532714";"-1";"Fundamentos legais de julgamento";"Desatendimento a requisito formal (Lei 9.504/97)"
"08/10/2026";"08:31:04";2026;2;"Eleição Ordinária";6259;"Eleições Gerais Estaduais 2026";"PA";"PA";"PARÁ";"140002551148";"-1";"Fundamentos legais de julgamento";"Desatendimento a requisito formal (Lei 9.504/97)"
"08/10/2026";"08:31:04";2026;2;"Eleição Ordinária";6259;"Eleições Gerais Estaduais 2026";"PA";"PA";"PARÁ";"140002553713";"-1";"Fundamentos legais de julgamento";"Desatendimento a requisito formal (Lei 9.504/97)"
"08/10/2026";"08:31:04";2026;2;"Eleição Ordinária";6259;"Eleições Gerais Estaduais 2026";"PB";"PB";"PARAÍBA";"150002553391";"-1";"Fundamentos legais de julgamento";"Desatendimento a requisito formal (Lei 9.504/97)"
"08/10/2026";"08:31:04";2026;2;"Eleição Ordinária";6259;"Eleições Gerais Estaduais 2026";"PE";"PE";"PERNAMBUCO";"170002541258";"-1";"Fundamentos legais de julgamento";"Desatendimento a requisito formal (Lei 9.504/97)"
"08/10/2026";"08:31:04";2026;2;"Eleição Ordinária";6259;"Eleições Gerais Estaduais 2026";"PE";"PE";"PERNAMBUCO";"170002544849";"-1";"Fundamentos legais de julgamento";"Desatendimento a requisito formal (Lei 9.504/97)"
"08/10/2026";"08:31:04";2026;2;"Eleição Ordinária";6259;"Eleições Gerais Estaduais 2026";"PE";"PE";"PERNAMBUCO";"170002544843";"-1";"Fundamentos legais de julgamento";"Desatendimento a requisito formal (Lei 9.504/97)"
"08/10/2026";"08:31:04";2026;2;"Eleição Ordinária";6259;"Eleições Gerais Estaduais 2026";"PE";"PE";"PERNAMBUCO";"170002544844";"-1";"Fundamentos legais de julgamento";"Desatendimento a requisito formal (Lei 9.504/97)"
"08/10/2026";"08:31:04";2026;2;"Eleição Ordinária";6259;"Eleições Gerais Estaduais 2026";"PE";"PE";"PERNAMBUCO";"170002551517";"-1";"Fundamentos legais de julgamento";"Desatendimento a requisito formal (Lei 9.504/97)"
"08/10/2026";"08:31:04";2026;2;"Eleição Ordinária";6259;"Eleições Gerais Estaduais 2026";"PR";"PR";"PARANÁ";"160002553962";"-1";"Fundamentos legais de julgamento";"Desatendimento a requisito formal (Lei 9.504/97)"
"08/10/2026";"08:31:04";2026;2;"Eleição Ordinária";6259;"Eleições Gerais Estaduais 2026";"PR";"PR";"PARANÁ";"160002554123";"-1";"Fundamentos legais de julgamento";"Desatendimento a requisito formal (Lei 9.504/97)"
"08/10/2026";"08:31:04";2026;2;"Eleição Ordinária";6259;"Eleições Gerais Estaduais 2026";"PR";"PR";"PARANÁ";"160002553668";"-1";"Fundamentos legais de julgamento";"Desatendimento a requisito formal (Lei 9.504/97)"
"08/10/2026";"08:31:04";2026;2;"Eleição Ordinária";6259;"Eleições Gerais Estaduais 2026";"RJ";"RJ";"RIO DE JANEIRO";"190002543366";"-1";"Fundamentos legais de julgamento";"Desatendimento a requisito formal (Lei 9.504/97)"
"08/10/2026";"08:31:04";2026;2;"Eleição Ordinária";6259;"Eleições Gerais Estaduais 2026";"RJ";"RJ";"RIO DE JANEIRO";"190002538579";"-1";"Fundamentos legais de julgamento";"Desatendimento a requisito formal (Lei 9.504/97)"
"08/10/2026";"08:31:04";2026;2;"Eleição Ordinária";6259;"Eleições Gerais Estaduais 2026";"RJ";"RJ";"RIO DE JANEIRO";"190002543034";"-1";"Fundamentos legais de julgamento";"Desatendimento a requisito formal (Lei 9.504/97)"
"08/10/2026";"08:31:04";2026;2;"Eleição Ordinária";6259;"Eleições Gerais Estaduais 2026";"RJ";"RJ";"RIO DE JANEIRO";"190002543383";"-1";"Fundamentos legais de julgamento";"Desatendimento a requisito formal (Lei 9.504/97)"
"08/10/2026";"08:31:04";2026;2;"Eleição Ordinária";6259;"Eleições Gerais Estaduais 2026";"RJ";"RJ";"RIO DE JANEIRO";"190002548082";"-1";"Fundamentos legais de julgamento";"Desatendimento a requisito formal (Lei 9.504/97)"
"08/10/2026";"08:31:04";2026;2;"Eleição Ordinária";6259;"Eleições Gerais Estaduais 2026";"RR";"RR";"RORAIMA";"230002552727";"-1";"Fundamentos legais de julgamento";"Desatendimento a requisito formal (Lei 9.504/97)"
"08/10/2026";"08:31:04";2026;2;"Eleição Ordinária";6259;"Eleições Gerais Estaduais 2026";"RS";"RS";"RIO GRANDE DO SUL";"210002552600";"-1";"Fundamentos legais de julgamento";"Desatendimento a requisito formal (Lei 9.504/97)"
"08/10/2026";"08:31:04";2026;2;"Eleição Ordinária";6259;"Eleições Gerais Estaduais 2026";"RS";"RS";"RIO GRANDE DO SUL";"210002553405";"-1";"Fundamentos legais de julgamento";"Desatendimento a requisito formal (Lei 9.504/97)"
"08/10/2026";"08:31:04";2026;2;"Eleição Ordinária";6259;"Eleições Gerais Estaduais 2026";"RS";"RS";"RIO GRANDE DO SUL";"210002553408";"-1";"Fundamentos legais de julgamento";"Desatendimento a requisito formal (Lei 9.504/97)"
"08/10/2026";"08:31:04";2026;2;"Eleição Ordinária";6259;"Eleições Gerais Estaduais 2026";"RS";"RS";"RIO GRANDE DO SUL";"210002552773";"-1";"Fundamentos legais de julgamento";"Desatendimento a requisito formal (Lei 9.504/97)"
"08/10/2026";"08:31:04";2026;2;"Eleição Ordinária";6259;"Eleições Gerais Estaduais 2026";"SP";"SP";"SÃO PAULO";"250002548080";"-1";"Fundamentos legais de julgamento";"Desatendimento a requisito formal (Lei 9.504/97)"
"08/10/2026";"08:31:04";2026;2;"Eleição Ordinária";6259;"Eleições Gerais Estaduais 2026";"SP";"SP";"SÃO PAULO";"250002553061";"-1";"Fundamentos legais de julgamento";"Desatendimento a requisito formal (Lei 9.504/97)"
"08/10/2026";"08:31:04";2026;2;"Eleição Ordinária";6259;"Eleições Gerais Estaduais 2026";"SP";"SP";"SÃO PAULO";"250002546650";"-1";"Fundamentos legais de julgamento";"Desatendimento a requisito formal (Lei 9.504/97)"
"08/10/2026";"08:31:04";2026;2;"Eleição Ordinária";6259;"Eleições Gerais Estaduais 2026";"SP";"SP";"SÃO PAULO";"250002551613";"-1";"Fundamentos legais de julgamento";"Desatendimento a requisito formal (Lei 9.504/97)"
"08/10/2026";"08:31:04";2026;2;"Eleição Ordinária";6259;"Eleições Gerais Estaduais 2026";"SP";"SP";"SÃO PAULO";"250002551614";"-1";"Fundamentos legais de julgamento";"Desatendimento a requisito formal (Lei 9.504/97)"
"08/10/2026";"08:31:04";2026;2;"Eleição Ordinária";6259;"Eleições Gerais Estaduais 2026";"SP";"SP";"SÃO PAULO";"250002551619";"-1";"Fundamentos legais de julgamento";"Desatendimento a requisito formal (Lei 9.504/97)"
"08/10/2026";"08:31:04";2026;2;"Eleição Ordinária";6259;"Eleições Gerais Estaduais 2026";"SP";"SP";"SÃO PAULO";"250002551634";"-1";"Fundamentos legais de julgamento";"Desatendimento a requisito formal (Lei 9.504/97)"
"08/10/2026";"08:31:04";2026;2;"Eleição Ordinária";6259;"Eleições Gerais Estaduais 2026";"SP";"SP";"SÃO PAULO";"250002551645";"-1";"Fundamentos legais de julgamento";"Desatendimento a requisito formal (Lei 9.504/97)"
"08/10/2026";"08:31:04";2026;2;"Eleição Ordinária";6259;"Eleições Gerais Estaduais 2026";"SP";"SP";"SÃO PAULO";"250002551653";"-1";"Fundamentos legais de julgamento";"Desatendimento a requisito formal (Lei 9.504/97)"
"08/10/2026";"08:31:04";2026;2;"Eleição Ordinária";6259;"Eleições Gerais Estaduais 2026";"SP";"SP";"SÃO PAULO";"250002551658";"-1";"Fundamentos legais de julgamento";"Desatendimento a requisito formal (Lei 9.504/97)"
"08/10/2026";"08:31:04";2026;2;"Eleição Ordinária";6259;"Eleições Gerais Estaduais 2026";"SP";"SP";"SÃO PAULO";"250002552633";"-1";"Fundamentos legais de julgamento";"Desatendimento a requisito formal (Lei 9.504/97)"
"08/10/2026";"08:31:04";2026;2;"Eleição Ordinária";6259;"Eleições Gerais Estaduais 2026";"SP";"SP";"SÃO PAULO";"250002552653";"-1";"Fundamentos legais de julgamento";"Desatendimento a requisito formal (Lei 9.504/97)"
"08/10/2026";"08:31:04";2026;2;"Eleição Ordinária";6259;"Eleições Gerais Estaduais 2026";"SP";"SP";"SÃO PAULO";"250002552673";"-1";"Fundamentos legais de julgamento";"Desatendimento a requisito formal (Lei 9.504/97)"
"08/10/2026";"08:31:04";2026;2;"Eleição Ordinária";6259;"Eleições Gerais Estaduais 2026";"SP";"SP";"SÃO PAULO";"250002552677";"-1";"Fundamentos legais de julgamento";"Desatendimento a requisito formal (Lei 9.504/97)"
"08/10/2026";"08:31:04";2026;2;"Eleição Ordinária";6259;"Eleições Gerais Estaduais 2026";"SP";"SP";"SÃO PAULO";"250002553328";"-1";"Fundamentos legais de julgamento";"Desatendimento a requisito formal (Lei 9.504/97)"
"08/10/2026";"08:31:04";2026;2;"Eleição Ordinária";6259;"Eleições Gerais Estaduais 2026";"SP";"SP";"SÃO PAULO";"250002553335";"-1";"Fundamentos legais de julgamento";"Desatendimento a requisito formal (Lei 9.504/97)"
"08/10/2026";"08:31:04";2026;2;"Eleição Ordinária";6259;"Eleições Gerais Estaduais 2026";"SP";"SP";"SÃO PAULO";"250002554023";"-1";"Fundamentos legais de julgamento";"Desatendimento a requisito formal (Lei 9.504/97)"
"08/10/2026";"08:31:04";2026;2;"Eleição Ordinária";6259;"Eleições Gerais Estaduais 2026";"SP";"SP";"SÃO PAULO";"250002554027";"-1";"Fundamentos legais de julgamento";"Desatendimento a requisito formal (Lei 9.504/97)"
"08/10/2026";"08:31:04";2026;2;"Eleição Ordinária";6259;"Eleições Gerais Estaduais 2026";"SP";"SP";"SÃO PAULO";"250002554238";"-1";"Fundamentos legais de julgamento";"Desatendimento a requisito formal (Lei 9.504/97)"
"08/10/2026";"08:31:04";2026;2;"Eleição Ordinária";6259;"Eleições Gerais Estaduais 2026";"SP";"SP";"SÃO PAULO";"250002545026";"-1";"Fundamentos legais de julgamento";"Desatendimento a requisito formal (Lei 9.504/97)"
"08/10/2026";"08:31:04";2026;2;"Eleição Ordinária";6259;"Eleições Gerais Estaduais 2026";"SP";"SP";"SÃO PAULO";"250002547460";"-1";"Fundamentos legais de julgamento";"Desatendimento a requisito formal (Lei 9.504/97)"
"08/10/2026";"08:31:04";2026;2;"Eleição Ordinária";6259;"Eleições Gerais Estaduais 2026";"SP";"SP";"SÃO PAULO";"250002547837";"-1";"Fundamentos legais de julgamento";"Desatendimento a requisito formal (Lei 9.504/97)"
"08/10/2026";"08:31:04";2026;2;"Eleição Ordinária";6259;"Eleições Gerais Estaduais 2026";"SP";"SP";"SÃO PAULO";"250002547838";"-1";"Fundamentos legais de julgamento";"Desatendimento a requisito formal (Lei 9.504/97)"
"08/10/2026";"08:31:04";2026;2;"Eleição Ordinária";6259;"Eleições Gerais Estaduais 2026";"SP";"SP";"SÃO PAULO";"250002548161";"-1";"Fundamentos legais de julgamento";"Desatendimento a requisito formal (Lei 9.504/97)"
"08/10/2026";"08:31:04";2026;2;"Eleição Ordinária";6259;"Eleições Gerais Estaduais 2026";"SP";"SP";"SÃO PAULO";"250002548162";"-1";"Fundamentos legais de julgamento";"Desatendimento a requisito formal (Lei 9.504/97)"
"08/10/2026";"08:31:04";2026;2;"Eleição Ordinária";6259;"Eleições Gerais Estaduais 2026";"SP";"SP";"SÃO PAULO";"250002548164";"-1";"Fundamentos legais de julgamento";"Desatendimento a requisito formal (Lei 9.504/97)"
"08/10/2026";"08:31:04";2026;2;"Eleição Ordinária";6259;"Eleições Gerais Estaduais 2026";"SP";"SP";"SÃO PAULO";"250002548166";"-1";"Fundamentos legais de julgamento";"Desatendimento a requisito formal (Lei 9.504/97)"
"08/10/2026";"08:31:04";2026;2;"Eleição Ordinária";6259;"Eleições Gerais Estaduais 2026";"SP";"SP";"SÃO PAULO";"250002548167";"-1";"Fundamentos legais de julgamento";"Desatendimento a requisito formal (Lei 9.504/97)"
"08/10/2026";"08:31:04";2026;2;"Eleição Ordinária";6259;"Eleições Gerais Estaduais 2026";"SP";"SP";"SÃO PAULO";"250002548170";"-1";"Fundamentos legais de julgamento";"Desatendimento a requisito formal (Lei 9.504/97)"
"08/10/2026";"08:31:04";2026;2;"Eleição Ordinária";6259;"Eleições Gerais Estaduais 2026";"SP";"SP";"SÃO PAULO";"250002548173";"-1";"Fundamentos legais de julgamento";"Desatendimento a requisito formal (Lei 9.504/97)"
"08/10/2026";"08:31:04";2026;2;"Eleição Ordinária";6259;"Eleições Gerais Estaduais 2026";"SP";"SP";"SÃO PAULO";"250002548176";"-1";"Fundamentos legais de julgamento";"Desatendimento a requisito formal (Lei 9.504/97)"
"08/10/2026";"08:31:04";2026;2;"Eleição Ordinária";6259;"Eleições Gerais Estaduais 2026";"SP";"SP";"SÃO PAULO";"250002548178";"-1";"Fundamentos legais de julgamento";"Desatendimento a requisito formal (Lei 9.504/97)"
"08/10/2026";"08:31:04";2026;2;"Eleição Ordinária";6259;"Eleições Gerais Estaduais 2026";"SP";"SP";"SÃO PAULO";"250002548179";"-1";"Fundamentos legais de julgamento";"Desatendimento a requisito formal (Lei 9.504/97)"
"08/10/2026";"08:31:04";2026;2;"Eleição Ordinária";6259;"Eleições Gerais Estaduais 2026";"SP";"SP";"SÃO PAULO";"250002553766";"-1";"Fundamentos legais de julgamento";"Desatendimento a requisito formal (Lei 9.504/97)"
"08/10/2026";"08:31:04";2026;2;"Eleição Ordinária";6259;"Eleições Gerais Estaduais 2026";"SP";"SP";"SÃO PAULO";"250002553816";"-1";"Fundamentos legais de julgamento";"Desatendimento a requisito formal (Lei 9.504/97)"
"08/10/2026";"08:31:04";2026;2;"Eleição Ordinária";6259;"Eleições Gerais Estaduais 2026";"SP";"SP";"SÃO PAULO";"250002553822";"-1";"Fundamentos legais de julgamento";"Desatendimento a requisito formal (Lei 9.504/97)"
"08/10/2026";"08:31:04";2026;2;"Eleição Ordinária";6259;"Eleições Gerais Estaduais 2026";"SP";"SP";"SÃO PAULO";"250002553830";"-1";"Fundamentos legais de julgamento";"Desatendimento a requisito formal (Lei 9.504/97)"
"08/10/2026";"08:31:04";2026;2;"Eleição Ordinária";6259;"Eleições Gerais Estaduais 2026";"SP";"SP";"SÃO PAULO";"250002553840";"-1";"Fundamentos legais de julgamento";"Desatendimento a requisito formal (Lei 9.504/97)"
"08/10/2026";"08:31:04";2026;2;"Eleição Ordinária";6259;"Eleições Gerais Estaduais 2026";"SP";"SP";"SÃO PAULO";"250002553843";"-1";"Fundamentos legais de julgamento";"Desatendimento a requisito formal (Lei 9.504/97)"
"08/10/2026";"08:31:04";2026;2;"Eleição Ordinária";6259;"Eleições Gerais Estaduais 2026";"SP";"SP";"SÃO PAULO";"250002553844";"-1";"Fundamentos legais de julgamento";"Desatendimento a requisito formal (Lei 9.504/97)"
"08/10/2026";"08:31:04";2026;2;"Eleição Ordinária";6259;"Eleições Gerais Estaduais 2026";"SP";"SP";"SÃO PAULO";"250002553876";"-1";"Fundamentos legais de julgamento";"Desatendimento a requisito formal (Lei 9.504/97)"
"08/10/2026";"08:31:04";2026;2;"Eleição Ordinária";6259;"Eleições Gerais Estaduais 2026";"SP";"SP";"SÃO PAULO";"250002554061";"-1";"Fundamentos legais de julgamento";"Desatendimento a requisito formal (Lei 9.504/97)"
"08/10/2026";"08:31:04";2026;2;"Eleição Ordinária";6259;"Eleições Gerais Estaduais 2026";"SP";"SP";"SÃO PAULO";"250002554147";"-1";"Fundamentos legais de julgamento";"Desatendimento a requisito formal (Lei 9.504/97)"
"08/10/2026";"08:31:04";2026;2;"Eleição Ordinária";6259;"Eleições Gerais Estaduais 2026";"SP";"SP";"SÃO PAULO";"250002554349";"-1";"Fundamentos legais de julgamento";"Desatendimento a requisito formal (Lei 9.504/97)"
"08/10/2026";"08:31:04";2026;2;"Eleição Ordinária";6259;"Eleições Gerais Estaduais 2026";"SP";"SP";"SÃO PAULO";"250002553251";"-1";"Fundamentos legais de julgamento";"Desatendimento a requisito formal (Lei 9.504/97)"
"08/10/2026";"08:31:04";2026;2;"Eleição Ordinária";6259;"Eleições Gerais Estaduais 2026";"SP";"SP";"SÃO PAULO";"250002553250";"-1";"Fundamentos legais de julgamento";"Desatendimento a requisito formal (Lei 9.504/97)"
"08/10/2026";"08:31:04";2026;2;"Eleição Ordinária";6259;"Eleições Gerais Estaduais 2026";"AC";"AC";"ACRE";"10002536767";"-1";"Fundamentos legais de julgamento";"Indeferimento do DRAP do partido político/federação/coligação"
"08/10/2026";"08:31:04";2026;2;"Eleição Ordinária";6259;"Eleições Gerais Estaduais 2026";"BA";"BA";"BAHIA";"50002542554";"-1";"Fundamentos legais de julgamento";"Indeferimento do DRAP do partido político/federação/coligação"
"08/10/2026";"08:31:04";2026;2;"Eleição Ordinária";6259;"Eleições Gerais Estaduais 2026";"BA";"BA";"BAHIA";"50002550346";"-1";"Fundamentos legais de julgamento";"Indeferimento do DRAP do partido político/federação/coligação"
"08/10/2026";"08:31:04";2026;2;"Eleição Ordinária";6259;"Eleições Gerais Estaduais 2026";"BA";"BA";"BAHIA";"50002550347";"-1";"Fundamentos legais de julgamento";"Indeferimento do DRAP do partido político/federação/coligação"
"08/10/2026";"08:31:04";2026;2;"Eleição Ordinária";6259;"Eleições Gerais Estaduais 2026";"DF";"DF";"DISTRITO FEDERAL";"70002554083";"-1";"Fundamentos legais de julgamento";"Indeferimento do DRAP do partido político/federação/coligação"
"08/10/2026";"08:31:04";2026;2;"Eleição Ordinária";6259;"Eleições Gerais Estaduais 2026";"DF";"DF";"DISTRITO FEDERAL";"70002553860";"-1";"Fundamentos legais de julgamento";"Indeferimento do DRAP do partido político/federação/coligação"
"08/10/2026";"08:31:04";2026;2;"Eleição Ordinária";6259;"Eleições Gerais Estaduais 2026";"MG";"MG";"MINAS GERAIS";"130002552312";"-1";"Fundamentos legais de julgamento";"Indeferimento do DRAP do partido político/federação/coligação"
"08/10/2026";"08:31:04";2026;2;"Eleição Ordinária";6259;"Eleições Gerais Estaduais 2026";"MG";"MG";"MINAS GERAIS";"130002552313";"-1";"Fundamentos legais de julgamento";"Indeferimento do DRAP do partido político/federação/coligação"
"08/10/2026";"08:31:04";2026;2;"Eleição Ordinária";6259;"Eleições Gerais Estaduais 2026";"MT";"MT";"MATO GROSSO";"110002553937";"-1";"Fundamentos legais de julgamento";"Indeferimento do DRAP do partido político/federação/coligação"
"08/10/2026";"08:31:04";2026;2;"Eleição Ordinária";6259;"Eleições Gerais Estaduais 2026";"PA";"PA";"PARÁ";"140002554434";"-1";"Fundamentos legais de julgamento";"Indeferimento do DRAP do partido político/federação/coligação"
"08/10/2026";"08:31:04";2026;2;"Eleição Ordinária";6259;"Eleições Gerais Estaduais 2026";"PA";"PA";"PARÁ";"140002553862";"-1";"Fundamentos legais de julgamento";"Indeferimento do DRAP do partido político/federação/coligação"
"08/10/2026";"08:31:04";2026;2;"Eleição Ordinária";6259;"Eleições Gerais Estaduais 2026";"PA";"PA";"PARÁ";"140002553863";"-1";"Fundamentos legais de julgamento";"Indeferimento do DRAP do partido político/federação/coligação"
"08/10/2026";"08:31:04";2026;2;"Eleição Ordinária";6259;"Eleições Gerais Estaduais 2026";"PA";"PA";"PARÁ";"140002553713";"-1";"Fundamentos legais de julgamento";"Indeferimento do DRAP do partido político/federação/coligação"
"08/10/2026";"08:31:04";2026;2;"Eleição Ordinária";6259;"Eleições Gerais Estaduais 2026";"PA";"PA";"PARÁ";"140002553714";"-1";"Fundamentos legais de julgamento";"Indeferimento do DRAP do partido político/federação/coligação"
"08/10/2026";"08:31:04";2026;2;"Eleição Ordinária";6259;"Eleições Gerais Estaduais 2026";"PA";"PA";"PARÁ";"140002548152";"-1";"Fundamentos legais de julgamento";"Indeferimento do DRAP do partido político/federação/coligação"
"08/10/2026";"08:31:04";2026;2;"Eleição Ordinária";6259;"Eleições Gerais Estaduais 2026";"PE";"PE";"PERNAMBUCO";"170002541258";"-1";"Fundamentos legais de julgamento";"Indeferimento do DRAP do partido político/federação/coligação"
"08/10/2026";"08:31:04";2026;2;"Eleição Ordinária";6259;"Eleições Gerais Estaduais 2026";"PE";"PE";"PERNAMBUCO";"170002544852";"-1";"Fundamentos legais de julgamento";"Indeferimento do DRAP do partido político/federação/coligação"
"08/10/2026";"08:31:04";2026;2;"Eleição Ordinária";6259;"Eleições Gerais Estaduais 2026";"PE";"PE";"PERNAMBUCO";"170002544853";"-1";"Fundamentos legais de julgamento";"Indeferimento do DRAP do partido político/federação/coligação"
"08/10/2026";"08:31:04";2026;2;"Eleição Ordinária";6259;"Eleições Gerais Estaduais 2026";"PE";"PE";"PERNAMBUCO";"170002544844";"-1";"Fundamentos legais de julgamento";"Indeferimento do DRAP do partido político/federação/coligação"
"08/10/2026";"08:31:04";2026;2;"Eleição Ordinária";6259;"Eleições Gerais Estaduais 2026";"PE";"PE";"PERNAMBUCO";"170002552972";"-1";"Fundamentos legais de julgamento";"Indeferimento do DRAP do partido político/federação/coligação"
"08/10/2026";"08:31:04";2026;2;"Eleição Ordinária";6259;"Eleições Gerais Estaduais 2026";"PE";"PE";"PERNAMBUCO";"170002552988";"-1";"Fundamentos legais de julgamento";"Indeferimento do DRAP do partido político/federação/coligação"
"08/10/2026";"08:31:04";2026;2;"Eleição Ordinária";6259;"Eleições Gerais Estaduais 2026";"PE";"PE";"PERNAMBUCO";"170002552989";"-1";"Fundamentos legais de julgamento";"Indeferimento do DRAP do partido político/federação/coligação"
"08/10/2026";"08:31:04";2026;2;"Eleição Ordinária";6259;"Eleições Gerais Estaduais 2026";"PE";"PE";"PERNAMBUCO";"170002552991";"-1";"Fundamentos legais de julgamento";"Indeferimento do DRAP do partido político/federação/coligação"
"08/10/2026";"08:31:04";2026;2;"Eleição Ordinária";6259;"Eleições Gerais Estaduais 2026";"PE";"PE";"PERNAMBUCO";"170002552993";"-1";"Fundamentos legais de julgamento";"Indeferimento do DRAP do partido político/federação/coligação"
"08/10/2026";"08:31:04";2026;2;"Eleição Ordinária";6259;"Eleições Gerais Estaduais 2026";"PE";"PE";"PERNAMBUCO";"170002552994";"-1";"Fundamentos legais de julgamento";"Indeferimento do DRAP do partido político/federação/coligação"
"08/10/2026";"08:31:04";2026;2;"Eleição Ordinária";6259;"Eleições Gerais Estaduais 2026";"PE";"PE";"PERNAMBUCO";"170002540419";"-1";"Fundamentos legais de julgamento";"Indeferimento do DRAP do partido político/federação/coligação"
"08/10/2026";"08:31:04";2026;2;"Eleição Ordinária";6259;"Eleições Gerais Estaduais 2026";"PI";"PI";"PIAUÍ";"180002548388";"-1";"Fundamentos legais de julgamento";"Indeferimento do DRAP do partido político/federação/coligação"
"08/10/2026";"08:31:04";2026;2;"Eleição Ordinária";6259;"Eleições Gerais Estaduais 2026";"PI";"PI";"PIAUÍ";"180002548565";"-1";"Fundamentos legais de julgamento";"Indeferimento do DRAP do partido político/federação/coligação"
"08/10/2026";"08:31:04";2026;2;"Eleição Ordinária";6259;"Eleições Gerais Estaduais 2026";"PI";"PI";"PIAUÍ";"180002553723";"-1";"Fundamentos legais de julgamento";"Indeferimento do DRAP do partido político/federação/coligação"
"08/10/2026";"08:31:04";2026;2;"Eleição Ordinária";6259;"Eleições Gerais Estaduais 2026";"PI";"PI";"PIAUÍ";"180002537340";"-1";"Fundamentos legais de julgamento";"Indeferimento do DRAP do partido político/federação/coligação"
"08/10/2026";"08:31:04";2026;2;"Eleição Ordinária";6259;"Eleições Gerais Estaduais 2026";"PI";"PI";"PIAUÍ";"180002544457";"-1";"Fundamentos legais de julgamento";"Indeferimento do DRAP do partido político/federação/coligação"
"08/10/2026";"08:31:04";2026;2;"Eleição Ordinária";6259;"Eleições Gerais Estaduais 2026";"PI";"PI";"PIAUÍ";"180002553753";"-1";"Fundamentos legais de julgamento";"Indeferimento do DRAP do partido político/federação/coligação"
"08/10/2026";"08:31:04";2026;2;"Eleição Ordinária";6259;"Eleições Gerais Estaduais 2026";"PI";"PI";"PIAUÍ";"180002540688";"-1";"Fundamentos legais de julgamento";"Indeferimento do DRAP do partido político/federação/coligação"
"08/10/2026";"08:31:04";2026;2;"Eleição Ordinária";6259;"Eleições Gerais Estaduais 2026";"PI";"PI";"PIAUÍ";"180002541418";"-1";"Fundamentos legais de julgamento";"Indeferimento do DRAP do partido político/federação/coligação"
"08/10/2026";"08:31:04";2026;2;"Eleição Ordinária";6259;"Eleições Gerais Estaduais 2026";"PI";"PI";"PIAUÍ";"180002549588";"-1";"Fundamentos legais de julgamento";"Indeferimento do DRAP do partido político/federação/coligação"
"08/10/2026";"08:31:04";2026;2;"Eleição Ordinária";6259;"Eleições Gerais Estaduais 2026";"PI";"PI";"PIAUÍ";"180002553748";"-1";"Fundamentos legais de julgamento";"Indeferimento do DRAP do partido político/federação/coligação"
"08/10/2026";"08:31:04";2026;2;"Eleição Ordinária";6259;"Eleições Gerais Estaduais 2026";"PI";"PI";"PIAUÍ";"180002553898";"-1";"Fundamentos legais de julgamento";"Indeferimento do DRAP do partido político/federação/coligação"
"08/10/2026";"08:31:04";2026;2;"Eleição Ordinária";6259;"Eleições Gerais Estaduais 2026";"PI";"PI";"PIAUÍ";"180002554095";"-1";"Fundamentos legais de julgamento";"Indeferimento do DRAP do partido político/federação/coligação"
"08/10/2026";"08:31:04";2026;2;"Eleição Ordinária";6259;"Eleições Gerais Estaduais 2026";"PI";"PI";"PIAUÍ";"180002552959";"-1";"Fundamentos legais de julgamento";"Indeferimento do DRAP do partido político/federação/coligação"
"08/10/2026";"08:31:04";2026;2;"Eleição Ordinária";6259;"Eleições Gerais Estaduais 2026";"PR";"PR";"PARANÁ";"160002552567";"-1";"Fundamentos legais de julgamento";"Indeferimento do DRAP do partido político/federação/coligação"
"08/10/2026";"08:31:04";2026;2;"Eleição Ordinária";6259;"Eleições Gerais Estaduais 2026";"PR";"PR";"PARANÁ";"160002552568";"-1";"Fundamentos legais de julgamento";"Indeferimento do DRAP do partido político/federação/coligação"
"08/10/2026";"08:31:04";2026;2;"Eleição Ordinária";6259;"Eleições Gerais Estaduais 2026";"PR";"PR";"PARANÁ";"160002552564";"-1";"Fundamentos legais de julgamento";"Indeferimento do DRAP do partido político/federação/coligação"
"08/10/2026";"08:31:04";2026;2;"Eleição Ordinária";6259;"Eleições Gerais Estaduais 2026";"RS";"RS";"RIO GRANDE DO SUL";"210002552593";"-1";"Fundamentos legais de julgamento";"Indeferimento do DRAP do partido político/federação/coligação"
"08/10/2026";"08:31:04";2026;2;"Eleição Ordinária";6259;"Eleições Gerais Estaduais 2026";"RS";"RS";"RIO GRANDE DO SUL";"210002550530";"-1";"Fundamentos legais de julgamento";"Indeferimento do DRAP do partido político/federação/coligação"
"08/10/2026";"08:31:04";2026;2;"Eleição Ordinária";6259;"Eleições Gerais Estaduais 2026";"RS";"RS";"RIO GRANDE DO SUL";"210002553401";"-1";"Fundamentos legais de julgamento";"Indeferimento do DRAP do partido político/federação/coligação"
"08/10/2026";"08:31:04";2026;2;"Eleição Ordinária";6259;"Eleições Gerais Estaduais 2026";"RS";"RS";"RIO GRANDE DO SUL";"210002553404";"-1";"Fundamentos legais de julgamento";"Indeferimento do DRAP do partido político/federação/coligação"
"08/10/2026";"08:31:04";2026;2;"Eleição Ordinária";6259;"Eleições Gerais Estaduais 2026";"RS";"RS";"RIO GRANDE DO SUL";"210002553405";"-1";"Fundamentos legais de julgamento";"Indeferimento do DRAP do partido político/federação/coligação"
"08/10/2026";"08:31:04";2026;2;"Eleição Ordinária";6259;"Eleições Gerais Estaduais 2026";"RS";"RS";"RIO GRANDE DO SUL";"210002553408";"-1";"Fundamentos legais de julgamento";"Indeferimento do DRAP do partido político/federação/coligação"
"08/10/2026";"08:31:04";2026;2;"Eleição Ordinária";6259;"Eleições Gerais Estaduais 2026";"RS";"RS";"RIO GRANDE DO SUL";"210002553410";"-1";"Fundamentos legais de julgamento";"Indeferimento do DRAP do partido político/federação/coligação"
"08/10/2026";"08:31:04";2026;2;"Eleição Ordinária";6259;"Eleições Gerais Estaduais 2026";"RS";"RS";"RIO GRANDE DO SUL";"210002552765";"-1";"Fundamentos legais de julgamento";"Indeferimento do DRAP do partido político/federação/coligação"
"08/10/2026";"08:31:04";2026;2;"Eleição Ordinária";6259;"Eleições Gerais Estaduais 2026";"RS";"RS";"RIO GRANDE DO SUL";"210002552767";"-1";"Fundamentos legais de julgamento";"Indeferimento do DRAP do partido político/federação/coligação"
"08/10/2026";"08:31:04";2026;2;"Eleição Ordinária";6259;"Eleições Gerais Estaduais 2026";"RS";"RS";"RIO GRANDE DO SUL";"210002552768";"-1";"Fundamentos legais de julgamento";"Indeferimento do DRAP do partido político/federação/coligação"
"08/10/2026";"08:31:04";2026;2;"Eleição Ordinária";6259;"Eleições Gerais Estaduais 2026";"RS";"RS";"RIO GRANDE DO SUL";"210002552769";"-1";"Fundamentos legais de julgamento";"Indeferimento do DRAP do partido político/federação/coligação"
"08/10/2026";"08:31:04";2026;2;"Eleição Ordinária";6259;"Eleições Gerais Estaduais 2026";"SE";"SE";"SERGIPE";"260002545677";"-1";"Fundamentos legais de julgamento";"Indeferimento do DRAP do partido político/federação/coligação"
"08/10/2026";"08:31:04";2026;2;"Eleição Ordinária";6259;"Eleições Gerais Estaduais 2026";"SE";"SE";"SERGIPE";"260002547416";"-1";"Fundamentos legais de julgamento";"Indeferimento do DRAP do partido político/federação/coligação"
"08/10/2026";"08:31:04";2026;2;"Eleição Ordinária";6259;"Eleições Gerais Estaduais 2026";"SE";"SE";"SERGIPE";"260002547417";"-1";"Fundamentos legais de julgamento";"Indeferimento do DRAP do partido político/federação/coligação"
"08/10/2026";"08:31:04";2026;2;"Eleição Ordinária";6259;"Eleições Gerais Estaduais 2026";"SE";"SE";"SERGIPE";"260002547419";"-1";"Fundamentos legais de julgamento";"Indeferimento do DRAP do partido político/federação/coligação"
"08/10/2026";"08:31:04";2026;2;"Eleição Ordinária";6259;"Eleições Gerais Estaduais 2026";"SE";"SE";"SERGIPE";"260002547423";"-1";"Fundamentos legais de julgamento";"Indeferimento do DRAP do partido político/federação/coligação"
"08/10/2026";"08:31:04";2026;2;"Eleição Ordinária";6259;"Eleições Gerais Estaduais 2026";"SE";"SE";"SERGIPE";"260002547426";"-1";"Fundamentos legais de julgamento";"Indeferimento do DRAP do partido político/federação/coligação"
"08/10/2026";"08:31:04";2026;2;"Eleição Ordinária";6259;"Eleições Gerais Estaduais 2026";"SE";"SE";"SERGIPE";"260002547427";"-1";"Fundamentos legais de julgamento";"Indeferimento do DRAP do partido político/federação/coligação"
"08/10/2026";"08:31:04";2026;2;"Eleição Ordinária";6259;"Eleições Gerais Estaduais 2026";"SE";"SE";"SERGIPE";"260002547432";"-1";"Fundamentos legais de julgamento";"Indeferimento do DRAP do partido político/federação/coligação"
"08/10/2026";"08:31:04";2026;2;"Eleição Ordinária";6259;"Eleições Gerais Estaduais 2026";"SE";"SE";"SERGIPE";"260002545676";"-1";"Fundamentos legais de julgamento";"Indeferimento do DRAP do partido político/federação/coligação"
"08/10/2026";"08:31:04";2026;2;"Eleição Ordinária";6259;"Eleições Gerais Estaduais 2026";"SP";"SP";"SÃO PAULO";"250002553867";"-1";"Fundamentos legais de julgamento";"Indeferimento do DRAP do partido político/federação/coligação"
"08/10/2026";"08:31:04";2026;2;"Eleição Ordinária";6259;"Eleições Gerais Estaduais 2026";"SP";"SP";"SÃO PAULO";"250002553875";"-1";"Fundamentos legais de julgamento";"Indeferimento do DRAP do partido político/federação/coligação"
"08/10/2026";"08:31:04";2026;2;"Eleição Ordinária";6259;"Eleições Gerais Estaduais 2026";"AC";"AC";"ACRE";"10002538250";"-1";"Fundamentos legais de julgamento";"Indeferimento do DRAP do partido político/federação/coligação por não cumprimento da cota de gênero"
"08/10/2026";"08:31:04";2026;2;"Eleição Ordinária";6259;"Eleições Gerais Estaduais 2026";"PB";"PB";"PARAÍBA";"150002553393";"-1";"Fundamentos legais de julgamento";"Indeferimento do DRAP do partido político/federação/coligação por não cumprimento da cota de gênero"
"08/10/2026";"08:31:04";2026;2;"Eleição Ordinária";6259;"Eleições Gerais Estaduais 2026";"PB";"PB";"PARAÍBA";"150002553397";"-1";"Fundamentos legais de julgamento";"Indeferimento do DRAP do partido político/federação/coligação por não cumprimento da cota de gênero"
"08/10/2026";"08:31:04";2026;2;"Eleição Ordinária";6259;"Eleições Gerais Estaduais 2026";"PE";"PE";"PERNAMBUCO";"170002544842";"-1";"Fundamentos legais de julgamento";"Indeferimento do DRAP do partido político/federação/coligação por não cumprimento da cota de gênero"
"08/10/2026";"08:31:04";2026;2;"Eleição Ordinária";6259;"Eleições Gerais Estaduais 2026";"PE";"PE";"PERNAMBUCO";"170002544844";"-1";"Fundamentos legais de julgamento";"Indeferimento do DRAP do partido político/federação/coligação por não cumprimento da cota de gênero"
"08/10/2026";"08:31:04";2026;2;"Eleição Ordinária";6259;"Eleições Gerais Estaduais 2026";"PE";"PE";"PERNAMBUCO";"170002544846";"-1";"Fundamentos legais de julgamento";"Indeferimento do DRAP do partido político/federação/coligação por não cumprimento da cota de gênero"
"08/10/2026";"08:31:04";2026;2;"Eleição Ordinária";6259;"Eleições Gerais Estaduais 2026";"PE";"PE";"PERNAMBUCO";"170002552972";"-1";"Fundamentos legais de julgamento";"Indeferimento do DRAP do partido político/federação/coligação por não cumprimento da cota de gênero"
"08/10/2026";"08:31:04";2026;2;"Eleição Ordinária";6259;"Eleições Gerais Estaduais 2026";"PE";"PE";"PERNAMBUCO";"170002552981";"-1";"Fundamentos legais de julgamento";"Indeferimento do DRAP do partido político/federação/coligação por não cumprimento da cota de gênero"
"08/10/2026";"08:31:04";2026;2;"Eleição Ordinária";6259;"Eleições Gerais Estaduais 2026";"PE";"PE";"PERNAMBUCO";"170002552984";"-1";"Fundamentos legais de julgamento";"Indeferimento do DRAP do partido político/federação/coligação por não cumprimento da cota de gênero"
"08/10/2026";"08:31:04";2026;2;"Eleição Ordinária";6259;"Eleições Gerais Estaduais 2026";"PE";"PE";"PERNAMBUCO";"170002552985";"-1";"Fundamentos legais de julgamento";"Indeferimento do DRAP do partido político/federação/coligação por não cumprimento da cota de gênero"
"08/10/2026";"08:31:04";2026;2;"Eleição Ordinária";6259;"Eleições Gerais Estaduais 2026";"PE";"PE";"PERNAMBUCO";"170002552990";"-1";"Fundamentos legais de julgamento";"Indeferimento do DRAP do partido político/federação/coligação por não cumprimento da cota de gênero"
"08/10/2026";"08:31:04";2026;2;"Eleição Ordinária";6259;"Eleições Gerais Estaduais 2026";"PE";"PE";"PERNAMBUCO";"170002553000";"-1";"Fundamentos legais de julgamento";"Indeferimento do DRAP do partido político/federação/coligação por não cumprimento da cota de gênero"
"08/10/2026";"08:31:04";2026;2;"Eleição Ordinária";6259;"Eleições Gerais Estaduais 2026";"BA";"BA";"BAHIA";"50002535013";"-1";"Fundamentos legais de julgamento";"Outros"
"08/10/2026";"08:31:04";2026;2;"Eleição Ordinária";6259;"Eleições Gerais Estaduais 2026";"BA";"BA";"BAHIA";"50002535216";"-1";"Fundamentos legais de julgamento";"Outros"
"08/10/2026";"08:31:04";2026;2;"Eleição Ordinária";6259;"Eleições Gerais Estaduais 2026";"CE";"CE";"CEARÁ";"60002549973";"-1";"Fundamentos legais de julgamento";"Outros"
"08/10/2026";"08:31:04";2026;2;"Eleição Ordinária";6259;"Eleições Gerais Estaduais 2026";"DF";"DF";"DISTRITO FEDERAL";"70002552587";"-1";"Fundamentos legais de julgamento";"Outros"
"08/10/2026";"08:31:04";2026;2;"Eleição Ordinária";6259;"Eleições Gerais Estaduais 2026";"DF";"DF";"DISTRITO FEDERAL";"70002551373";"-1";"Fundamentos legais de julgamento";"Outros"
"08/10/2026";"08:31:04";2026;2;"Eleição Ordinária";6259;"Eleições Gerais Estaduais 2026";"MA";"MA";"MARANHÃO";"100002550968";"-1";"Fundamentos legais de julgamento";"Outros"
"08/10/2026";"08:31:04";2026;2;"Eleição Ordinária";6259;"Eleições Gerais Estaduais 2026";"MS";"MS";"MATO GROSSO DO SUL";"120002534953";"-1";"Fundamentos legais de julgamento";"Outros"
"08/10/2026";"08:31:04";2026;2;"Eleição Ordinária";6259;"Eleições Gerais Estaduais 2026";"RJ";"RJ";"RIO DE JANEIRO";"190002541080";"-1";"Fundamentos legais de julgamento";"Outros"
"08/10/2026";"08:31:04";2026;2;"Eleição Ordinária";6259;"Eleições Gerais Estaduais 2026";"RJ";"RJ";"RIO DE JANEIRO";"190002534079";"-1";"Fundamentos legais de julgamento";"Outros"
"08/10/2026";"08:31:04";2026;2;"Eleição Ordinária";6259;"Eleições Gerais Estaduais 2026";"SE";"SE";"SERGIPE";"260002549466";"-1";"Fundamentos legais de julgamento";"Outros"
"08/10/2026";"08:31:04";2026;2;"Eleição Ordinária";6259;"Eleições Gerais Estaduais 2026";"SP";"SP";"SÃO PAULO";"250002548176";"-1";"Fundamentos legais de julgamento";"Outros"
"08/10/2026";"08:31:04";2026;2;"Eleição Ordinária";6259;"Eleições Gerais Estaduais 2026";"AC";"AC";"ACRE";"10002545654";"-1";"Fundamentos legais de julgamento";"Ausência de condição de elegibilidade"
"08/10/2026";"08:31:04";2026;2;"Eleição Ordinária";6259;"Eleições Gerais Estaduais 2026";"AL";"AL";"ALAGOAS";"20002553663";"-1";"Fundamentos legais de julgamento";"Ausência de condição de elegibilidade"
"08/10/2026";"08:31:04";2026;2;"Eleição Ordinária";6259;"Eleições Gerais Estaduais 2026";"AM";"AM";"AMAZONAS";"40002546985";"-1";"Fundamentos legais de julgamento";"Ausência de condição de elegibilidade"
"08/10/2026";"08:31:04";2026;2;"Eleição Ordinária";6259;"Eleições Gerais Estaduais 2026";"AM";"AM";"AMAZONAS";"40002553901";"-1";"Fundamentos legais de julgamento";"Ausência de condição de elegibilidade"
"08/10/2026";"08:31:04";2026;2;"Eleição Ordinária";6259;"Eleições Gerais Estaduais 2026";"BA";"BA";"BAHIA";"50002534964";"-1";"Fundamentos legais de julgamento";"Ausência de condição de elegibilidade"
"08/10/2026";"08:31:04";2026;2;"Eleição Ordinária";6259;"Eleições Gerais Estaduais 2026";"BA";"BA";"BAHIA";"50002536663";"-1";"Fundamentos legais de julgamento";"Ausência de condição de elegibilidade"
"08/10/2026";"08:31:04";2026;2;"Eleição Ordinária";6259;"Eleições Gerais Estaduais 2026";"BA";"BA";"BAHIA";"50002549604";"-1";"Fundamentos legais de julgamento";"Ausência de condição de elegibilidade"
"08/10/2026";"08:31:04";2026;2;"Eleição Ordinária";6259;"Eleições Gerais Estaduais 2026";"BA";"BA";"BAHIA";"50002549622";"-1";"Fundamentos legais de julgamento";"Ausência de condição de elegibilidade"
"08/10/2026";"08:31:04";2026;2;"Eleição Ordinária";6259;"Eleições Gerais Estaduais 2026";"BA";"BA";"BAHIA";"50002549668";"-1";"Fundamentos legais de julgamento";"Ausência de condição de elegibilidade"
"08/10/2026";"08:31:04";2026;2;"Eleição Ordinária";6259;"Eleições Gerais Estaduais 2026";"DF";"DF";"DISTRITO FEDERAL";"70002540848";"-1";"Fundamentos legais de julgamento";"Ausência de condição de elegibilidade"
"08/10/2026";"08:31:04";2026;2;"Eleição Ordinária";6259;"Eleições Gerais Estaduais 2026";"ES";"ES";"ESPÍRITO SANTO";"80002531661";"-1";"Fundamentos legais de julgamento";"Ausência de condição de elegibilidade"
"08/10/2026";"08:31:04";2026;2;"Eleição Ordinária";6259;"Eleições Gerais Estaduais 2026";"ES";"ES";"ESPÍRITO SANTO";"80002554268";"-1";"Fundamentos legais de julgamento";"Ausência de condição de elegibilidade"
"08/10/2026";"08:31:04";2026;2;"Eleição Ordinária";6259;"Eleições Gerais Estaduais 2026";"GO";"GO";"GOIÁS";"90002550209";"-1";"Fundamentos legais de julgamento";"Ausência de condição de elegibilidade"
"08/10/2026";"08:31:04";2026;2;"Eleição Ordinária";6259;"Eleições Gerais Estaduais 2026";"GO";"GO";"GOIÁS";"90002551400";"-1";"Fundamentos legais de julgamento";"Ausência de condição de elegibilidade"
"08/10/2026";"08:31:04";2026;2;"Eleição Ordinária";6259;"Eleições Gerais Estaduais 2026";"GO";"GO";"GOIÁS";"90002548070";"-1";"Fundamentos legais de julgamento";"Ausência de condição de elegibilidade"
"08/10/2026";"08:31:04";2026;2;"Eleição Ordinária";6259;"Eleições Gerais Estaduais 2026";"MA";"MA";"MARANHÃO";"100002546931";"-1";"Fundamentos legais de julgamento";"Ausência de condição de elegibilidade"
"08/10/2026";"08:31:04";2026;2;"Eleição Ordinária";6259;"Eleições Gerais Estaduais 2026";"MA";"MA";"MARANHÃO";"100002551391";"-1";"Fundamentos legais de julgamento";"Ausência de condição de elegibilidade"
"08/10/2026";"08:31:04";2026;2;"Eleição Ordinária";6259;"Eleições Gerais Estaduais 2026";"MA";"MA";"MARANHÃO";"100002554371";"-1";"Fundamentos legais de julgamento";"Ausência de condição de elegibilidade"
"08/10/2026";"08:31:04";2026;2;"Eleição Ordinária";6259;"Eleições Gerais Estaduais 2026";"MA";"MA";"MARANHÃO";"100002549208";"-1";"Fundamentos legais de julgamento";"Ausência de condição de elegibilidade"
"08/10/2026";"08:31:04";2026;2;"Eleição Ordinária";6259;"Eleições Gerais Estaduais 2026";"MG";"MG";"MINAS GERAIS";"130002542702";"-1";"Fundamentos legais de julgamento";"Ausência de condição de elegibilidade"
"08/10/2026";"08:31:04";2026;2;"Eleição Ordinária";6259;"Eleições Gerais Estaduais 2026";"MG";"MG";"MINAS GERAIS";"130002550160";"-1";"Fundamentos legais de julgamento";"Ausência de condição de elegibilidade"
"08/10/2026";"08:31:04";2026;2;"Eleição Ordinária";6259;"Eleições Gerais Estaduais 2026";"MG";"MG";"MINAS GERAIS";"130002554455";"-1";"Fundamentos legais de julgamento";"Ausência de condição de elegibilidade"
"08/10/2026";"08:31:04";2026;2;"Eleição Ordinária";6259;"Eleições Gerais Estaduais 2026";"PA";"PA";"PARÁ";"140002553852";"-1";"Fundamentos legais de julgamento";"Ausência de condição de elegibilidade"
"08/10/2026";"08:31:04";2026;2;"Eleição Ordinária";6259;"Eleições Gerais Estaduais 2026";"PA";"PA";"PARÁ";"140002550076";"-1";"Fundamentos legais de julgamento";"Ausência de condição de elegibilidade"
"08/10/2026";"08:31:04";2026;2;"Eleição Ordinária";6259;"Eleições Gerais Estaduais 2026";"PA";"PA";"PARÁ";"140002552075";"-1";"Fundamentos legais de julgamento";"Ausência de condição de elegibilidade"
"08/10/2026";"08:31:04";2026;2;"Eleição Ordinária";6259;"Eleições Gerais Estaduais 2026";"PA";"PA";"PARÁ";"140002553851";"-1";"Fundamentos legais de julgamento";"Ausência de condição de elegibilidade"
"08/10/2026";"08:31:04";2026;2;"Eleição Ordinária";6259;"Eleições Gerais Estaduais 2026";"PB";"PB";"PARAÍBA";"150002541176";"-1";"Fundamentos legais de julgamento";"Ausência de condição de elegibilidade"
"08/10/2026";"08:31:04";2026;2;"Eleição Ordinária";6259;"Eleições Gerais Estaduais 2026";"PB";"PB";"PARAÍBA";"150002544659";"-1";"Fundamentos legais de julgamento";"Ausência de condição de elegibilidade"
"08/10/2026";"08:31:04";2026;2;"Eleição Ordinária";6259;"Eleições Gerais Estaduais 2026";"PI";"PI";"PIAUÍ";"180002548579";"-1";"Fundamentos legais de julgamento";"Ausência de condição de elegibilidade"
"08/10/2026";"08:31:04";2026;2;"Eleição Ordinária";6259;"Eleições Gerais Estaduais 2026";"PR";"PR";"PARANÁ";"160002553657";"-1";"Fundamentos legais de julgamento";"Ausência de condição de elegibilidade"
"08/10/2026";"08:31:04";2026;2;"Eleição Ordinária";6259;"Eleições Gerais Estaduais 2026";"RJ";"RJ";"RIO DE JANEIRO";"190002552521";"-1";"Fundamentos legais de julgamento";"Ausência de condição de elegibilidade"
"08/10/2026";"08:31:04";2026;2;"Eleição Ordinária";6259;"Eleições Gerais Estaduais 2026";"RJ";"RJ";"RIO DE JANEIRO";"190002537151";"-1";"Fundamentos legais de julgamento";"Ausência de condição de elegibilidade"
"08/10/2026";"08:31:04";2026;2;"Eleição Ordinária";6259;"Eleições Gerais Estaduais 2026";"RJ";"RJ";"RIO DE JANEIRO";"190002537157";"-1";"Fundamentos legais de julgamento";"Ausência de condição de elegibilidade"
"08/10/2026";"08:31:04";2026;2;"Eleição Ordinária";6259;"Eleições Gerais Estaduais 2026";"RJ";"RJ";"RIO DE JANEIRO";"190002537179";"-1";"Fundamentos legais de julgamento";"Ausência de condição de elegibilidade"
"08/10/2026";"08:31:04";2026;2;"Eleição Ordinária";6259;"Eleições Gerais Estaduais 2026";"RJ";"RJ";"RIO DE JANEIRO";"190002539661";"-1";"Fundamentos legais de julgamento";"Ausência de condição de elegibilidade"
"08/10/2026";"08:31:04";2026;2;"Eleição Ordinária";6259;"Eleições Gerais Estaduais 2026";"RJ";"RJ";"RIO DE JANEIRO";"190002553944";"-1";"Fundamentos legais de julgamento";"Ausência de condição de elegibilidade"
"08/10/2026";"08:31:04";2026;2;"Eleição Ordinária";6259;"Eleições Gerais Estaduais 2026";"RJ";"RJ";"RIO DE JANEIRO";"190002534119";"-1";"Fundamentos legais de julgamento";"Ausência de condição de elegibilidade"
"08/10/2026";"08:31:04";2026;2;"Eleição Ordinária";6259;"Eleições Gerais Estaduais 2026";"RJ";"RJ";"RIO DE JANEIRO";"190002538846";"-1";"Fundamentos legais de julgamento";"Ausência de condição de elegibilidade"
"08/10/2026";"08:31:04";2026;2;"Eleição Ordinária";6259;"Eleições Gerais Estaduais 2026";"RJ";"RJ";"RIO DE JANEIRO";"190002543038";"-1";"Fundamentos legais de julgamento";"Ausência de condição de elegibilidade"
"08/10/2026";"08:31:04";2026;2;"Eleição Ordinária";6259;"Eleições Gerais Estaduais 2026";"RJ";"RJ";"RIO DE JANEIRO";"190002543383";"-1";"Fundamentos legais de julgamento";"Ausência de condição de elegibilidade"
"08/10/2026";"08:31:04";2026;2;"Eleição Ordinária";6259;"Eleições Gerais Estaduais 2026";"RJ";"RJ";"RIO DE JANEIRO";"190002552249";"-1";"Fundamentos legais de julgamento";"Ausência de condição de elegibilidade"
"08/10/2026";"08:31:04";2026;2;"Eleição Ordinária";6259;"Eleições Gerais Estaduais 2026";"RN";"RN";"RIO GRANDE DO NORTE";"200002552146";"-1";"Fundamentos legais de julgamento";"Ausência de condição de elegibilidade"
"08/10/2026";"08:31:04";2026;2;"Eleição Ordinária";6259;"Eleições Gerais Estaduais 2026";"RO";"RO";"RONDÔNIA";"220002550907";"-1";"Fundamentos legais de julgamento";"Ausência de condição de elegibilidade"
"08/10/2026";"08:31:04";2026;2;"Eleição Ordinária";6259;"Eleições Gerais Estaduais 2026";"RO";"RO";"RONDÔNIA";"220002539770";"-1";"Fundamentos legais de julgamento";"Ausência de condição de elegibilidade"
"08/10/2026";"08:31:04";2026;2;"Eleição Ordinária";6259;"Eleições Gerais Estaduais 2026";"RS";"RS";"RIO GRANDE DO SUL";"210002552768";"-1";"Fundamentos legais de julgamento";"Ausência de condição de elegibilidade"
"08/10/2026";"08:31:04";2026;2;"Eleição Ordinária";6259;"Eleições Gerais Estaduais 2026";"SC";"SC";"SANTA CATARINA";"240002537839";"-1";"Fundamentos legais de julgamento";"Ausência de condição de elegibilidade"
"08/10/2026";"08:31:04";2026;2;"Eleição Ordinária";6259;"Eleições Gerais Estaduais 2026";"SC";"SC";"SANTA CATARINA";"240002554185";"-1";"Fundamentos legais de julgamento";"Ausência de condição de elegibilidade"
"08/10/2026";"08:31:04";2026;2;"Eleição Ordinária";6259;"Eleições Gerais Estaduais 2026";"SP";"SP";"SÃO PAULO";"250002535990";"-1";"Fundamentos legais de julgamento";"Ausência de condição de elegibilidade"
"08/10/2026";"08:31:04";2026;2;"Eleição Ordinária";6259;"Eleições Gerais Estaduais 2026";"SP";"SP";"SÃO PAULO";"250002548512";"-1";"Fundamentos legais de julgamento";"Ausência de condição de elegibilidade"
"08/10/2026";"08:31:04";2026;2;"Eleição Ordinária";6259;"Eleições Gerais Estaduais 2026";"SP";"SP";"SÃO PAULO";"250002552652";"-1";"Fundamentos legais de julgamento";"Ausência de condição de elegibilidade"
"08/10/2026";"08:31:04";2026;2;"Eleição Ordinária";6259;"Eleições Gerais Estaduais 2026";"SP";"SP";"SÃO PAULO";"250002554013";"-1";"Fundamentos legais de julgamento";"Ausência de condição de elegibilidade"
"08/10/2026";"08:31:04";2026;2;"Eleição Ordinária";6259;"Eleições Gerais Estaduais 2026";"SP";"SP";"SÃO PAULO";"250002539245";"-1";"Fundamentos legais de julgamento";"Ausência de condição de elegibilidade"
"08/10/2026";"08:31:04";2026;2;"Eleição Ordinária";6259;"Eleições Gerais Estaduais 2026";"SP";"SP";"SÃO PAULO";"250002545040";"-1";"Fundamentos legais de julgamento";"Ausência de condição de elegibilidade"
"08/10/2026";"08:31:04";2026;2;"Eleição Ordinária";6259;"Eleições Gerais Estaduais 2026";"SP";"SP";"SÃO PAULO";"250002547836";"-1";"Fundamentos legais de julgamento";"Ausência de condição de elegibilidade"
"08/10/2026";"08:31:04";2026;2;"Eleição Ordinária";6259;"Eleições Gerais Estaduais 2026";"SP";"SP";"SÃO PAULO";"250002552868";"-1";"Fundamentos legais de julgamento";"Ausência de condição de elegibilidade"
"08/10/2026";"08:31:04";2026;2;"Eleição Ordinária";6259;"Eleições Gerais Estaduais 2026";"SP";"SP";"SÃO PAULO";"250002552882";"-1";"Fundamentos legais de julgamento";"Ausência de condição de elegibilidade"
"08/10/2026";"08:31:04";2026;2;"Eleição Ordinária";6259;"Eleições Gerais Estaduais 2026";"SP";"SP";"SÃO PAULO";"250002552890";"-1";"Fundamentos legais de julgamento";"Ausência de condição de elegibilidade"
"08/10/2026";"08:31:04";2026;2;"Eleição Ordinária";6259;"Eleições Gerais Estaduais 2026";"SP";"SP";"SÃO PAULO";"250002553806";"-1";"Fundamentos legais de julgamento";"Ausência de condição de elegibilidade"
"08/10/2026";"08:31:04";2026;2;"Eleição Ordinária";6259;"Eleições Gerais Estaduais 2026";"SP";"SP";"SÃO PAULO";"250002553815";"-1";"Fundamentos legais de julgamento";"Ausência de condição de elegibilidade"
"08/10/2026";"08:31:04";2026;2;"Eleição Ordinária";6259;"Eleições Gerais Estaduais 2026";"SP";"SP";"SÃO PAULO";"250002553864";"-1";"Fundamentos legais de julgamento";"Ausência de condição de elegibilidade"
"08/10/2026";"08:31:04";2026;2;"Eleição Ordinária";6259;"Eleições Gerais Estaduais 2026";"SP";"SP";"SÃO PAULO";"250002554059";"-1";"Fundamentos legais de julgamento";"Ausência de condição de elegibilidade"
"08/10/2026";"08:31:04";2026;2;"Eleição Ordinária";6259;"Eleições Gerais Estaduais 2026";"SP";"SP";"SÃO PAULO";"250002554061";"-1";"Fundamentos legais de julgamento";"Ausência de condição de elegibilidade"
"08/10/2026";"08:31:04";2026;2;"Eleição Ordinária";6259;"Eleições Gerais Estaduais 2026";"SP";"SP";"SÃO PAULO";"250002554147";"-1";"Fundamentos legais de julgamento";"Ausência de condição de elegibilidade"
"08/10/2026";"08:31:04";2026;2;"Eleição Ordinária";6259;"Eleições Gerais Estaduais 2026";"TO";"TO";"TOCANTINS";"270002551270";"-1";"Fundamentos legais de julgamento";"Ausência de condição de elegibilidade"
"08/10/2026";"08:31:04";2026;2;"Eleição Ordinária";6259;"Eleições Gerais Estaduais 2026";"AC";"AC";"ACRE";"10002552001";"-1";"Fundamentos legais de julgamento";"Inelegibilidade constitucional"
"08/10/2026";"08:31:04";2026;2;"Eleição Ordinária";6259;"Eleições Gerais Estaduais 2026";"DF";"DF";"DISTRITO FEDERAL";"70002542495";"-1";"Fundamentos legais de julgamento";"Inelegibilidade constitucional"
"08/10/2026";"08:31:04";2026;2;"Eleição Ordinária";6259;"Eleições Gerais Estaduais 2026";"RJ";"RJ";"RIO DE JANEIRO";"190002534079";"-1";"Fundamentos legais de julgamento";"Inelegibilidade constitucional"
"08/10/2026";"08:31:04";2026;2;"Eleição Ordinária";6259;"Eleições Gerais Estaduais 2026";"RR";"RR";"RORAIMA";"230002538177";"-1";"Fundamentos legais de julgamento";"Inelegibilidade constitucional"
"08/10/2026";"08:31:04";2026;2;"Eleição Ordinária";6259;"Eleições Gerais Estaduais 2026";"SP";"SP";"SÃO PAULO";"250002539423";"-1";"Fundamentos legais de julgamento";"Inelegibilidade constitucional"
"08/10/2026";"08:31:04";2026;2;"Eleição Ordinária";6259;"Eleições Gerais Estaduais 2026";"AC";"AC";"ACRE";"10002532419";"-1";"Fundamentos legais de julgamento";"Inelegibilidade infraconstitucional(LC 64/90)"
"08/10/2026";"08:31:04";2026;2;"Eleição Ordinária";6259;"Eleições Gerais Estaduais 2026";"AL";"AL";"ALAGOAS";"20002553663";"-1";"Fundamentos legais de julgamento";"Inelegibilidade infraconstitucional(LC 64/90)"
"08/10/2026";"08:31:04";2026;2;"Eleição Ordinária";6259;"Eleições Gerais Estaduais 2026";"AL";"AL";"ALAGOAS";"20002548332";"-1";"Fundamentos legais de julgamento";"Inelegibilidade infraconstitucional(LC 64/90)"
"08/10/2026";"08:31:04";2026;2;"Eleição Ordinária";6259;"Eleições Gerais Estaduais 2026";"AM";"AM";"AMAZONAS";"40002546985";"-1";"Fundamentos legais de julgamento";"Inelegibilidade infraconstitucional(LC 64/90)"
"08/10/2026";"08:31:04";2026;2;"Eleição Ordinária";6259;"Eleições Gerais Estaduais 2026";"AP";"AP";"AMAPÁ";"30002533725";"-1";"Fundamentos legais de julgamento";"Inelegibilidade infraconstitucional(LC 64/90)"
"08/10/2026";"08:31:04";2026;2;"Eleição Ordinária";6259;"Eleições Gerais Estaduais 2026";"BA";"BA";"BAHIA";"50002543995";"-1";"Fundamentos legais de julgamento";"Inelegibilidade infraconstitucional(LC 64/90)"
"08/10/2026";"08:31:04";2026;2;"Eleição Ordinária";6259;"Eleições Gerais Estaduais 2026";"GO";"GO";"GOIÁS";"90002537642";"-1";"Fundamentos legais de julgamento";"Inelegibilidade infraconstitucional(LC 64/90)"
"08/10/2026";"08:31:04";2026;2;"Eleição Ordinária";6259;"Eleições Gerais Estaduais 2026";"GO";"GO";"GOIÁS";"90002540937";"-1";"Fundamentos legais de julgamento";"Inelegibilidade infraconstitucional(LC 64/90)"
"08/10/2026";"08:31:04";2026;2;"Eleição Ordinária";6259;"Eleições Gerais Estaduais 2026";"GO";"GO";"GOIÁS";"90002543156";"-1";"Fundamentos legais de julgamento";"Inelegibilidade infraconstitucional(LC 64/90)"
"08/10/2026";"08:31:04";2026;2;"Eleição Ordinária";6259;"Eleições Gerais Estaduais 2026";"MG";"MG";"MINAS GERAIS";"130002538255";"-1";"Fundamentos legais de julgamento";"Inelegibilidade infraconstitucional(LC 64/90)"
"08/10/2026";"08:31:04";2026;2;"Eleição Ordinária";6259;"Eleições Gerais Estaduais 2026";"MG";"MG";"MINAS GERAIS";"130002543708";"-1";"Fundamentos legais de julgamento";"Inelegibilidade infraconstitucional(LC 64/90)"
"08/10/2026";"08:31:04";2026;2;"Eleição Ordinária";6259;"Eleições Gerais Estaduais 2026";"PR";"PR";"PARANÁ";"160002547495";"-1";"Fundamentos legais de julgamento";"Inelegibilidade infraconstitucional(LC 64/90)"
"08/10/2026";"08:31:04";2026;2;"Eleição Ordinária";6259;"Eleições Gerais Estaduais 2026";"RN";"RN";"RIO GRANDE DO NORTE";"200002534361";"-1";"Fundamentos legais de julgamento";"Inelegibilidade infraconstitucional(LC 64/90)"
"08/10/2026";"08:31:04";2026;2;"Eleição Ordinária";6259;"Eleições Gerais Estaduais 2026";"RR";"RR";"RORAIMA";"230002548828";"-1";"Fundamentos legais de julgamento";"Inelegibilidade infraconstitucional(LC 64/90)"
"08/10/2026";"08:31:04";2026;2;"Eleição Ordinária";6259;"Eleições Gerais Estaduais 2026";"RS";"RS";"RIO GRANDE DO SUL";"210002536918";"-1";"Fundamentos legais de julgamento";"Inelegibilidade infraconstitucional(LC 64/90)"
"08/10/2026";"08:31:04";2026;2;"Eleição Ordinária";6259;"Eleições Gerais Estaduais 2026";"SC";"SC";"SANTA CATARINA";"240002551663";"-1";"Fundamentos legais de julgamento";"Inelegibilidade infraconstitucional(LC 64/90)"
"08/10/2026";"08:31:04";2026;2;"Eleição Ordinária";6259;"Eleições Gerais Estaduais 2026";"SC";"SC";"SANTA CATARINA";"240002540081";"-1";"Fundamentos legais de julgamento";"Inelegibilidade infraconstitucional(LC 64/90)"
"08/10/2026";"08:31:04";2026;2;"Eleição Ordinária";6259;"Eleições Gerais Estaduais 2026";"SP";"SP";"SÃO PAULO";"250002532364";"-1";"Fundamentos legais de julgamento";"Inelegibilidade infraconstitucional(LC 64/90)"
"08/10/2026";"08:31:04";2026;2;"Eleição Ordinária";6259;"Eleições Gerais Estaduais 2026";"SP";"SP";"SÃO PAULO";"250002548512";"-1";"Fundamentos legais de julgamento";"Inelegibilidade infraconstitucional(LC 64/90)"
"08/10/2026";"08:31:04";2026;2;"Eleição Ordinária";6259;"Eleições Gerais Estaduais 2026";"AL";"AL";"ALAGOAS";"20002553958";"-1";"Fundamentos legais de julgamento";"Ausência de desincompatibilização (LC 64/90)"
"08/10/2026";"08:31:04";2026;2;"Eleição Ordinária";6259;"Eleições Gerais Estaduais 2026";"AM";"AM";"AMAZONAS";"40002534387";"-1";"Fundamentos legais de julgamento";"Ausência de desincompatibilização (LC 64/90)"
"08/10/2026";"08:31:04";2026;2;"Eleição Ordinária";6259;"Eleições Gerais Estaduais 2026";"AM";"AM";"AMAZONAS";"40002542684";"-1";"Fundamentos legais de julgamento";"Ausência de desincompatibilização (LC 64/90)"
"08/10/2026";"08:31:04";2026;2;"Eleição Ordinária";6259;"Eleições Gerais Estaduais 2026";"AP";"AP";"AMAPÁ";"30002549888";"-1";"Fundamentos legais de julgamento";"Ausência de desincompatibilização (LC 64/90)"
"08/10/2026";"08:31:04";2026;2;"Eleição Ordinária";6259;"Eleições Gerais Estaduais 2026";"DF";"DF";"DISTRITO FEDERAL";"70002538120";"-1";"Fundamentos legais de julgamento";"Ausência de desincompatibilização (LC 64/90)"
"08/10/2026";"08:31:04";2026;2;"Eleição Ordinária";6259;"Eleições Gerais Estaduais 2026";"MG";"MG";"MINAS GERAIS";"130002537182";"-1";"Fundamentos legais de julgamento";"Ausência de desincompatibilização (LC 64/90)"
"08/10/2026";"08:31:04";2026;2;"Eleição Ordinária";6259;"Eleições Gerais Estaduais 2026";"PE";"PE";"PERNAMBUCO";"170002532312";"-1";"Fundamentos legais de julgamento";"Ausência de desincompatibilização (LC 64/90)"
"08/10/2026";"08:31:04";2026;2;"Eleição Ordinária";6259;"Eleições Gerais Estaduais 2026";"PI";"PI";"PIAUÍ";"180002541691";"-1";"Fundamentos legais de julgamento";"Ausência de desincompatibilização (LC 64/90)"
"08/10/2026";"08:31:04";2026;2;"Eleição Ordinária";6259;"Eleições Gerais Estaduais 2026";"PI";"PI";"PIAUÍ";"180002548579";"-1";"Fundamentos legais de julgamento";"Ausência de desincompatibilização (LC 64/90)"
"08/10/2026";"08:31:04";2026;2;"Eleição Ordinária";6259;"Eleições Gerais Estaduais 2026";"RJ";"RJ";"RIO DE JANEIRO";"190002534687";"-1";"Fundamentos legais de julgamento";"Ausência de desincompatibilização (LC 64/90)"
"08/10/2026";"08:31:04";2026;2;"Eleição Ordinária";6259;"Eleições Gerais Estaduais 2026";"RJ";"RJ";"RIO DE JANEIRO";"190002537757";"-1";"Fundamentos legais de julgamento";"Ausência de desincompatibilização (LC 64/90)"
"08/10/2026";"08:31:04";2026;2;"Eleição Ordinária";6259;"Eleições Gerais Estaduais 2026";"RJ";"RJ";"RIO DE JANEIRO";"190002538619";"-1";"Fundamentos legais de julgamento";"Ausência de desincompatibilização (LC 64/90)"
"08/10/2026";"08:31:04";2026;2;"Eleição Ordinária";6259;"Eleições Gerais Estaduais 2026";"RN";"RN";"RIO GRANDE DO NORTE";"200002546793";"-1";"Fundamentos legais de julgamento";"Ausência de desincompatibilização (LC 64/90)"
"08/10/2026";"08:31:04";2026;2;"Eleição Ordinária";6259;"Eleições Gerais Estaduais 2026";"RO";"RO";"RONDÔNIA";"220002547318";"-1";"Fundamentos legais de julgamento";"Ausência de desincompatibilização (LC 64/90)"
"08/10/2026";"08:31:04";2026;2;"Eleição Ordinária";6259;"Eleições Gerais Estaduais 2026";"SP";"SP";"SÃO PAULO";"250002552869";"-1";"Fundamentos legais de julgamento";"Ausência de desincompatibilização (LC 64/90)"
"08/10/2026";"08:31:04";2026;2;"Eleição Ordinária";6259;"Eleições Gerais Estaduais 2026";"AL";"AL";"ALAGOAS";"20002538377";"-1";"Fundamentos legais de julgamento";"Ausência de quitação eleitoral (Lei 9.504/97)"
"08/10/2026";"08:31:04";2026;2;"Eleição Ordinária";6259;"Eleições Gerais Estaduais 2026";"AL";"AL";"ALAGOAS";"20002548332";"-1";"Fundamentos legais de julgamento";"Ausência de quitação eleitoral (Lei 9.504/97)"
"08/10/2026";"08:31:04";2026;2;"Eleição Ordinária";6259;"Eleições Gerais Estaduais 2026";"AL";"AL";"ALAGOAS";"20002554388";"-1";"Fundamentos legais de julgamento";"Ausência de quitação eleitoral (Lei 9.504/97)"
"08/10/2026";"08:31:04";2026;2;"Eleição Ordinária";6259;"Eleições Gerais Estaduais 2026";"AP";"AP";"AMAPÁ";"30002532253";"-1";"Fundamentos legais de julgamento";"Ausência de quitação eleitoral (Lei 9.504/97)"
"08/10/2026";"08:31:04";2026;2;"Eleição Ordinária";6259;"Eleições Gerais Estaduais 2026";"BA";"BA";"BAHIA";"50002532518";"-1";"Fundamentos legais de julgamento";"Ausência de quitação eleitoral (Lei 9.504/97)"
"08/10/2026";"08:31:04";2026;2;"Eleição Ordinária";6259;"Eleições Gerais Estaduais 2026";"BA";"BA";"BAHIA";"50002534964";"-1";"Fundamentos legais de julgamento";"Ausência de quitação eleitoral (Lei 9.504/97)"
"08/10/2026";"08:31:04";2026;2;"Eleição Ordinária";6259;"Eleições Gerais Estaduais 2026";"BA";"BA";"BAHIA";"50002544902";"-1";"Fundamentos legais de julgamento";"Ausência de quitação eleitoral (Lei 9.504/97)"
"08/10/2026";"08:31:04";2026;2;"Eleição Ordinária";6259;"Eleições Gerais Estaduais 2026";"BA";"BA";"BAHIA";"50002548858";"-1";"Fundamentos legais de julgamento";"Ausência de quitação eleitoral (Lei 9.504/97)"
"08/10/2026";"08:31:04";2026;2;"Eleição Ordinária";6259;"Eleições Gerais Estaduais 2026";"CE";"CE";"CEARÁ";"60002542211";"-1";"Fundamentos legais de julgamento";"Ausência de quitação eleitoral (Lei 9.504/97)"
"08/10/2026";"08:31:04";2026;2;"Eleição Ordinária";6259;"Eleições Gerais Estaduais 2026";"DF";"DF";"DISTRITO FEDERAL";"70002551373";"-1";"Fundamentos legais de julgamento";"Ausência de quitação eleitoral (Lei 9.504/97)"
"08/10/2026";"08:31:04";2026;2;"Eleição Ordinária";6259;"Eleições Gerais Estaduais 2026";"GO";"GO";"GOIÁS";"90002539145";"-1";"Fundamentos legais de julgamento";"Ausência de quitação eleitoral (Lei 9.504/97)"
"08/10/2026";"08:31:04";2026;2;"Eleição Ordinária";6259;"Eleições Gerais Estaduais 2026";"GO";"GO";"GOIÁS";"90002550209";"-1";"Fundamentos legais de julgamento";"Ausência de quitação eleitoral (Lei 9.504/97)"
"08/10/2026";"08:31:04";2026;2;"Eleição Ordinária";6259;"Eleições Gerais Estaduais 2026";"GO";"GO";"GOIÁS";"90002552476";"-1";"Fundamentos legais de julgamento";"Ausência de quitação eleitoral (Lei 9.504/97)"
"08/10/2026";"08:31:04";2026;2;"Eleição Ordinária";6259;"Eleições Gerais Estaduais 2026";"GO";"GO";"GOIÁS";"90002553736";"-1";"Fundamentos legais de julgamento";"Ausência de quitação eleitoral (Lei 9.504/97)"
"08/10/2026";"08:31:04";2026;2;"Eleição Ordinária";6259;"Eleições Gerais Estaduais 2026";"MA";"MA";"MARANHÃO";"100002537262";"-1";"Fundamentos legais de julgamento";"Ausência de quitação eleitoral (Lei 9.504/97)"
"08/10/2026";"08:31:04";2026;2;"Eleição Ordinária";6259;"Eleições Gerais Estaduais 2026";"MA";"MA";"MARANHÃO";"100002545278";"-1";"Fundamentos legais de julgamento";"Ausência de quitação eleitoral (Lei 9.504/97)"
"08/10/2026";"08:31:04";2026;2;"Eleição Ordinária";6259;"Eleições Gerais Estaduais 2026";"MG";"MG";"MINAS GERAIS";"130002547938";"-1";"Fundamentos legais de julgamento";"Ausência de quitação eleitoral (Lei 9.504/97)"
"08/10/2026";"08:31:04";2026;2;"Eleição Ordinária";6259;"Eleições Gerais Estaduais 2026";"MG";"MG";"MINAS GERAIS";"130002552456";"-1";"Fundamentos legais de julgamento";"Ausência de quitação eleitoral (Lei 9.504/97)"
"08/10/2026";"08:31:04";2026;2;"Eleição Ordinária";6259;"Eleições Gerais Estaduais 2026";"PA";"PA";"PARÁ";"140002550105";"-1";"Fundamentos legais de julgamento";"Ausência de quitação eleitoral (Lei 9.504/97)"
"08/10/2026";"08:31:04";2026;2;"Eleição Ordinária";6259;"Eleições Gerais Estaduais 2026";"PI";"PI";"PIAUÍ";"180002548645";"-1";"Fundamentos legais de julgamento";"Ausência de quitação eleitoral (Lei 9.504/97)"
"08/10/2026";"08:31:04";2026;2;"Eleição Ordinária";6259;"Eleições Gerais Estaduais 2026";"PR";"PR";"PARANÁ";"160002533448";"-1";"Fundamentos legais de julgamento";"Ausência de quitação eleitoral (Lei 9.504/97)"
"08/10/2026";"08:31:04";2026;2;"Eleição Ordinária";6259;"Eleições Gerais Estaduais 2026";"RJ";"RJ";"RIO DE JANEIRO";"190002552521";"-1";"Fundamentos legais de julgamento";"Ausência de quitação eleitoral (Lei 9.504/97)"
"08/10/2026";"08:31:04";2026;2;"Eleição Ordinária";6259;"Eleições Gerais Estaduais 2026";"RJ";"RJ";"RIO DE JANEIRO";"190002540177";"-1";"Fundamentos legais de julgamento";"Ausência de quitação eleitoral (Lei 9.504/97)"
"08/10/2026";"08:31:04";2026;2;"Eleição Ordinária";6259;"Eleições Gerais Estaduais 2026";"RJ";"RJ";"RIO DE JANEIRO";"190002543355";"-1";"Fundamentos legais de julgamento";"Ausência de quitação eleitoral (Lei 9.504/97)"
"08/10/2026";"08:31:04";2026;2;"Eleição Ordinária";6259;"Eleições Gerais Estaduais 2026";"RJ";"RJ";"RIO DE JANEIRO";"190002538823";"-1";"Fundamentos legais de julgamento";"Ausência de quitação eleitoral (Lei 9.504/97)"
"08/10/2026";"08:31:04";2026;2;"Eleição Ordinária";6259;"Eleições Gerais Estaduais 2026";"AL";"AL";"ALAGOAS";"20002538382";"-1";"Fundamentos legais de julgamento";"Desatendimento a requisito formal (Lei 9.504/97)"
"08/10/2026";"08:31:04";2026;2;"Eleição Ordinária";6259;"Eleições Gerais Estaduais 2026";"MG";"MG";"MINAS GERAIS";"130002554467";"-1";"Fundamentos legais de julgamento";"Desatendimento a requisito formal (Lei 9.504/97)"
"08/10/2026";"08:31:04";2026;2;"Eleição Ordinária";6259;"Eleições Gerais Estaduais 2026";"MG";"MG";"MINAS GERAIS";"130002540019";"-1";"Fundamentos legais de julgamento";"Desatendimento a requisito formal (Lei 9.504/97)"
"08/10/2026";"08:31:04";2026;2;"Eleição Ordinária";6259;"Eleições Gerais Estaduais 2026";"MG";"MG";"MINAS GERAIS";"130002552449";"-1";"Fundamentos legais de julgamento";"Desatendimento a requisito formal (Lei 9.504/97)"
"08/10/2026";"08:31:04";2026;2;"Eleição Ordinária";6259;"Eleições Gerais Estaduais 2026";"PA";"PA";"PARÁ";"140002551133";"-1";"Fundamentos legais de julgamento";"Desatendimento a requisito formal (Lei 9.504/97)"
"08/10/2026";"08:31:04";2026;2;"Eleição Ordinária";6259;"Eleições Gerais Estaduais 2026";"PA";"PA";"PARÁ";"140002553715";"-1";"Fundamentos legais de julgamento";"Desatendimento a requisito formal (Lei 9.504/97)"
"08/10/2026";"08:31:04";2026;2;"Eleição Ordinária";6259;"Eleições Gerais Estaduais 2026";"PE";"PE";"PERNAMBUCO";"170002544848";"-1";"Fundamentos legais de julgamento";"Desatendimento a requisito formal (Lei 9.504/97)"
"08/10/2026";"08:31:04";2026;2;"Eleição Ordinária";6259;"Eleições Gerais Estaduais 2026";"PE";"PE";"PERNAMBUCO";"170002552543";"-1";"Fundamentos legais de julgamento";"Desatendimento a requisito formal (Lei 9.504/97)"
"08/10/2026";"08:31:04";2026;2;"Eleição Ordinária";6259;"Eleições Gerais Estaduais 2026";"PE";"PE";"PERNAMBUCO";"170002532415";"-1";"Fundamentos legais de julgamento";"Desatendimento a requisito formal (Lei 9.504/97)"
"08/10/2026";"08:31:04";2026;2;"Eleição Ordinária";6259;"Eleições Gerais Estaduais 2026";"PE";"PE";"PERNAMBUCO";"170002544841";"-1";"Fundamentos legais de julgamento";"Desatendimento a requisito formal (Lei 9.504/97)"
"08/10/2026";"08:31:04";2026;2;"Eleição Ordinária";6259;"Eleições Gerais Estaduais 2026";"PE";"PE";"PERNAMBUCO";"170002552978";"-1";"Fundamentos legais de julgamento";"Desatendimento a requisito formal (Lei 9.504/97)"
"08/10/2026";"08:31:04";2026;2;"Eleição Ordinária";6259;"Eleições Gerais Estaduais 2026";"PE";"PE";"PERNAMBUCO";"170002552981";"-1";"Fundamentos legais de julgamento";"Desatendimento a requisito formal (Lei 9.504/97)"
"08/10/2026";"08:31:04";2026;2;"Eleição Ordinária";6259;"Eleições Gerais Estaduais 2026";"PE";"PE";"PERNAMBUCO";"170002552991";"-1";"Fundamentos legais de julgamento";"Desatendimento a requisito formal (Lei 9.504/97)"
"08/10/2026";"08:31:04";2026;2;"Eleição Ordinária";6259;"Eleições Gerais Estaduais 2026";"PE";"PE";"PERNAMBUCO";"170002553002";"-1";"Fundamentos legais de julgamento";"Desatendimento a requisito formal (Lei 9.504/97)"
"08/10/2026";"08:31:04";2026;2;"Eleição Ordinária";6259;"Eleições Gerais Estaduais 2026";"PE";"PE";"PERNAMBUCO";"170002553304";"-1";"Fundamentos legais de julgamento";"Desatendimento a requisito formal (Lei 9.504/97)"
"08/10/2026";"08:31:04";2026;2;"Eleição Ordinária";6259;"Eleições Gerais Estaduais 2026";"PE";"PE";"PERNAMBUCO";"170002553305";"-1";"Fundamentos legais de julgamento";"Desatendimento a requisito formal (Lei 9.504/97)"
"08/10/2026";"08:31:04";2026;2;"Eleição Ordinária";6259;"Eleições Gerais Estaduais 2026";"PR";"PR";"PARANÁ";"160002554125";"-1";"Fundamentos legais de julgamento";"Desatendimento a requisito formal (Lei 9.504/97)"
"08/10/2026";"08:31:04";2026;2;"Eleição Ordinária";6259;"Eleições Gerais Estaduais 2026";"PR";"PR";"PARANÁ";"160002554129";"-1";"Fundamentos legais de julgamento";"Desatendimento a requisito formal (Lei 9.504/97)"
"08/10/2026";"08:31:04";2026;2;"Eleição Ordinária";6259;"Eleições Gerais Estaduais 2026";"PR";"PR";"PARANÁ";"160002547389";"-1";"Fundamentos legais de julgamento";"Desatendimento a requisito formal (Lei 9.504/97)"
"08/10/2026";"08:31:04";2026;2;"Eleição Ordinária";6259;"Eleições Gerais Estaduais 2026";"PR";"PR";"PARANÁ";"160002553671";"-1";"Fundamentos legais de julgamento";"Desatendimento a requisito formal (Lei 9.504/97)"
"08/10/2026";"08:31:04";2026;2;"Eleição Ordinária";6259;"Eleições Gerais Estaduais 2026";"RJ";"RJ";"RIO DE JANEIRO";"190002543071";"-1";"Fundamentos legais de julgamento";"Desatendimento a requisito formal (Lei 9.504/97)"
"08/10/2026";"08:31:04";2026;2;"Eleição Ordinária";6259;"Eleições Gerais Estaduais 2026";"RJ";"RJ";"RIO DE JANEIRO";"190002543253";"-1";"Fundamentos legais de julgamento";"Desatendimento a requisito formal (Lei 9.504/97)"
"08/10/2026";"08:31:04";2026;2;"Eleição Ordinária";6259;"Eleições Gerais Estaduais 2026";"RJ";"RJ";"RIO DE JANEIRO";"190002543527";"-1";"Fundamentos legais de julgamento";"Desatendimento a requisito formal (Lei 9.504/97)"
"08/10/2026";"08:31:04";2026;2;"Eleição Ordinária";6259;"Eleições Gerais Estaduais 2026";"RJ";"RJ";"RIO DE JANEIRO";"190002543886";"-1";"Fundamentos legais de julgamento";"Desatendimento a requisito formal (Lei 9.504/97)"
"08/10/2026";"08:31:04";2026;2;"Eleição Ordinária";6259;"Eleições Gerais Estaduais 2026";"RJ";"RJ";"RIO DE JANEIRO";"190002537754";"-1";"Fundamentos legais de julgamento";"Desatendimento a requisito formal (Lei 9.504/97)"
"08/10/2026";"08:31:04";2026;2;"Eleição Ordinária";6259;"Eleições Gerais Estaduais 2026";"RJ";"RJ";"RIO DE JANEIRO";"190002541840";"-1";"Fundamentos legais de julgamento";"Desatendimento a requisito formal (Lei 9.504/97)"
"08/10/2026";"08:31:04";2026;2;"Eleição Ordinária";6259;"Eleições Gerais Estaduais 2026";"RJ";"RJ";"RIO DE JANEIRO";"190002544916";"-1";"Fundamentos legais de julgamento";"Desatendimento a requisito formal (Lei 9.504/97)"
"08/10/2026";"08:31:04";2026;2;"Eleição Ordinária";6259;"Eleições Gerais Estaduais 2026";"RJ";"RJ";"RIO DE JANEIRO";"190002550030";"-1";"Fundamentos legais de julgamento";"Desatendimento a requisito formal (Lei 9.504/97)"
"08/10/2026";"08:31:04";2026;2;"Eleição Ordinária";6259;"Eleições Gerais Estaduais 2026";"RJ";"RJ";"RIO DE JANEIRO";"190002550037";"-1";"Fundamentos legais de julgamento";"Desatendimento a requisito formal (Lei 9.504/97)"
"08/10/2026";"08:31:04";2026;2;"Eleição Ordinária";6259;"Eleições Gerais Estaduais 2026";"RJ";"RJ";"RIO DE JANEIRO";"190002550264";"-1";"Fundamentos legais de julgamento";"Desatendimento a requisito formal (Lei 9.504/97)"
"08/10/2026";"08:31:04";2026;2;"Eleição Ordinária";6259;"Eleições Gerais Estaduais 2026";"RJ";"RJ";"RIO DE JANEIRO";"190002552268";"-1";"Fundamentos legais de julgamento";"Desatendimento a requisito formal (Lei 9.504/97)"
"08/10/2026";"08:31:04";2026;2;"Eleição Ordinária";6259;"Eleições Gerais Estaduais 2026";"RN";"RN";"RIO GRANDE DO NORTE";"200002550223";"-1";"Fundamentos legais de julgamento";"Desatendimento a requisito formal (Lei 9.504/97)"
"08/10/2026";"08:31:04";2026;2;"Eleição Ordinária";6259;"Eleições Gerais Estaduais 2026";"RN";"RN";"RIO GRANDE DO NORTE";"200002550226";"-1";"Fundamentos legais de julgamento";"Desatendimento a requisito formal (Lei 9.504/97)"
"08/10/2026";"08:31:04";2026;2;"Eleição Ordinária";6259;"Eleições Gerais Estaduais 2026";"RO";"RO";"RONDÔNIA";"220002553277";"-1";"Fundamentos legais de julgamento";"Desatendimento a requisito formal (Lei 9.504/97)"
"08/10/2026";"08:31:04";2026;2;"Eleição Ordinária";6259;"Eleições Gerais Estaduais 2026";"RR";"RR";"RORAIMA";"230002533588";"-1";"Fundamentos legais de julgamento";"Desatendimento a requisito formal (Lei 9.504/97)"
"08/10/2026";"08:31:04";2026;2;"Eleição Ordinária";6259;"Eleições Gerais Estaduais 2026";"RS";"RS";"RIO GRANDE DO SUL";"210002550527";"-1";"Fundamentos legais de julgamento";"Desatendimento a requisito formal (Lei 9.504/97)"
"08/10/2026";"08:31:04";2026;2;"Eleição Ordinária";6259;"Eleições Gerais Estaduais 2026";"RS";"RS";"RIO GRANDE DO SUL";"210002552601";"-1";"Fundamentos legais de julgamento";"Desatendimento a requisito formal (Lei 9.504/97)"
"08/10/2026";"08:31:04";2026;2;"Eleição Ordinária";6259;"Eleições Gerais Estaduais 2026";"RS";"RS";"RIO GRANDE DO SUL";"210002552768";"-1";"Fundamentos legais de julgamento";"Desatendimento a requisito formal (Lei 9.504/97)"
"08/10/2026";"08:31:04";2026;2;"Eleição Ordinária";6259;"Eleições Gerais Estaduais 2026";"SC";"SC";"SANTA CATARINA";"240002544683";"-1";"Fundamentos legais de julgamento";"Desatendimento a requisito formal (Lei 9.504/97)"
"08/10/2026";"08:31:04";2026;2;"Eleição Ordinária";6259;"Eleições Gerais Estaduais 2026";"SC";"SC";"SANTA CATARINA";"240002551491";"-1";"Fundamentos legais de julgamento";"Desatendimento a requisito formal (Lei 9.504/97)"
"08/10/2026";"08:31:04";2026;2;"Eleição Ordinária";6259;"Eleições Gerais Estaduais 2026";"SC";"SC";"SANTA CATARINA";"240002543553";"-1";"Fundamentos legais de julgamento";"Desatendimento a requisito formal (Lei 9.504/97)"
"08/10/2026";"08:31:04";2026;2;"Eleição Ordinária";6259;"Eleições Gerais Estaduais 2026";"SP";"SP";"SÃO PAULO";"250002546624";"-1";"Fundamentos legais de julgamento";"Desatendimento a requisito formal (Lei 9.504/97)"
"08/10/2026";"08:31:04";2026;2;"Eleição Ordinária";6259;"Eleições Gerais Estaduais 2026";"SP";"SP";"SÃO PAULO";"250002551603";"-1";"Fundamentos legais de julgamento";"Desatendimento a requisito formal (Lei 9.504/97)"
"08/10/2026";"08:31:04";2026;2;"Eleição Ordinária";6259;"Eleições Gerais Estaduais 2026";"SP";"SP";"SÃO PAULO";"250002551617";"-1";"Fundamentos legais de julgamento";"Desatendimento a requisito formal (Lei 9.504/97)"
"08/10/2026";"08:31:04";2026;2;"Eleição Ordinária";6259;"Eleições Gerais Estaduais 2026";"SP";"SP";"SÃO PAULO";"250002551618";"-1";"Fundamentos legais de julgamento";"Desatendimento a requisito formal (Lei 9.504/97)"
"08/10/2026";"08:31:04";2026;2;"Eleição Ordinária";6259;"Eleições Gerais Estaduais 2026";"SP";"SP";"SÃO PAULO";"250002551621";"-1";"Fundamentos legais de julgamento";"Desatendimento a requisito formal (Lei 9.504/97)"
"08/10/2026";"08:31:04";2026;2;"Eleição Ordinária";6259;"Eleições Gerais Estaduais 2026";"SP";"SP";"SÃO PAULO";"250002551625";"-1";"Fundamentos legais de julgamento";"Desatendimento a requisito formal (Lei 9.504/97)"
"08/10/2026";"08:31:04";2026;2;"Eleição Ordinária";6259;"Eleições Gerais Estaduais 2026";"SP";"SP";"SÃO PAULO";"250002551628";"-1";"Fundamentos legais de julgamento";"Desatendimento a requisito formal (Lei 9.504/97)"
"08/10/2026";"08:31:04";2026;2;"Eleição Ordinária";6259;"Eleições Gerais Estaduais 2026";"SP";"SP";"SÃO PAULO";"250002551629";"-1";"Fundamentos legais de julgamento";"Desatendimento a requisito formal (Lei 9.504/97)"
"08/10/2026";"08:31:04";2026;2;"Eleição Ordinária";6259;"Eleições Gerais Estaduais 2026";"SP";"SP";"SÃO PAULO";"250002551638";"-1";"Fundamentos legais de julgamento";"Desatendimento a requisito formal (Lei 9.504/97)"
"08/10/2026";"08:31:04";2026;2;"Eleição Ordinária";6259;"Eleições Gerais Estaduais 2026";"SP";"SP";"SÃO PAULO";"250002551646";"-1";"Fundamentos legais de julgamento";"Desatendimento a requisito formal (Lei 9.504/97)"
"08/10/2026";"08:31:04";2026;2;"Eleição Ordinária";6259;"Eleições Gerais Estaduais 2026";"SP";"SP";"SÃO PAULO";"250002551648";"-1";"Fundamentos legais de julgamento";"Desatendimento a requisito formal (Lei 9.504/97)"
"08/10/2026";"08:31:04";2026;2;"Eleição Ordinária";6259;"Eleições Gerais Estaduais 2026";"SP";"SP";"SÃO PAULO";"250002551650";"-1";"Fundamentos legais de julgamento";"Desatendimento a requisito formal (Lei 9.504/97)"
"08/10/2026";"08:31:04";2026;2;"Eleição Ordinária";6259;"Eleições Gerais Estaduais 2026";"SP";"SP";"SÃO PAULO";"250002551657";"-1";"Fundamentos legais de julgamento";"Desatendimento a requisito formal (Lei 9.504/97)"
"08/10/2026";"08:31:04";2026;2;"Eleição Ordinária";6259;"Eleições Gerais Estaduais 2026";"SP";"SP";"SÃO PAULO";"250002551659";"-1";"Fundamentos legais de julgamento";"Desatendimento a requisito formal (Lei 9.504/97)"
"08/10/2026";"08:31:04";2026;2;"Eleição Ordinária";6259;"Eleições Gerais Estaduais 2026";"SP";"SP";"SÃO PAULO";"250002551661";"-1";"Fundamentos legais de julgamento";"Desatendimento a requisito formal (Lei 9.504/97)"
"08/10/2026";"08:31:04";2026;2;"Eleição Ordinária";6259;"Eleições Gerais Estaduais 2026";"SP";"SP";"SÃO PAULO";"250002552611";"-1";"Fundamentos legais de julgamento";"Desatendimento a requisito formal (Lei 9.504/97)"
"08/10/2026";"08:31:04";2026;2;"Eleição Ordinária";6259;"Eleições Gerais Estaduais 2026";"SP";"SP";"SÃO PAULO";"250002552616";"-1";"Fundamentos legais de julgamento";"Desatendimento a requisito formal (Lei 9.504/97)"
"08/10/2026";"08:31:04";2026;2;"Eleição Ordinária";6259;"Eleições Gerais Estaduais 2026";"SP";"SP";"SÃO PAULO";"250002552627";"-1";"Fundamentos legais de julgamento";"Desatendimento a requisito formal (Lei 9.504/97)"
"08/10/2026";"08:31:04";2026;2;"Eleição Ordinária";6259;"Eleições Gerais Estaduais 2026";"SP";"SP";"SÃO PAULO";"250002552636";"-1";"Fundamentos legais de julgamento";"Desatendimento a requisito formal (Lei 9.504/97)"
"08/10/2026";"08:31:04";2026;2;"Eleição Ordinária";6259;"Eleições Gerais Estaduais 2026";"SP";"SP";"SÃO PAULO";"250002552645";"-1";"Fundamentos legais de julgamento";"Desatendimento a requisito formal (Lei 9.504/97)"
"08/10/2026";"08:31:04";2026;2;"Eleição Ordinária";6259;"Eleições Gerais Estaduais 2026";"SP";"SP";"SÃO PAULO";"250002552652";"-1";"Fundamentos legais de julgamento";"Desatendimento a requisito formal (Lei 9.504/97)"
"08/10/2026";"08:31:04";2026;2;"Eleição Ordinária";6259;"Eleições Gerais Estaduais 2026";"SP";"SP";"SÃO PAULO";"250002552670";"-1";"Fundamentos legais de julgamento";"Desatendimento a requisito formal (Lei 9.504/97)"
"08/10/2026";"08:31:04";2026;2;"Eleição Ordinária";6259;"Eleições Gerais Estaduais 2026";"SP";"SP";"SÃO PAULO";"250002552681";"-1";"Fundamentos legais de julgamento";"Desatendimento a requisito formal (Lei 9.504/97)"
"08/10/2026";"08:31:04";2026;2;"Eleição Ordinária";6259;"Eleições Gerais Estaduais 2026";"SP";"SP";"SÃO PAULO";"250002554011";"-1";"Fundamentos legais de julgamento";"Desatendimento a requisito formal (Lei 9.504/97)"
"08/10/2026";"08:31:04";2026;2;"Eleição Ordinária";6259;"Eleições Gerais Estaduais 2026";"SP";"SP";"SÃO PAULO";"250002554016";"-1";"Fundamentos legais de julgamento";"Desatendimento a requisito formal (Lei 9.504/97)"
"08/10/2026";"08:31:04";2026;2;"Eleição Ordinária";6259;"Eleições Gerais Estaduais 2026";"SP";"SP";"SÃO PAULO";"250002554025";"-1";"Fundamentos legais de julgamento";"Desatendimento a requisito formal (Lei 9.504/97)"
"08/10/2026";"08:31:04";2026;2;"Eleição Ordinária";6259;"Eleições Gerais Estaduais 2026";"SP";"SP";"SÃO PAULO";"250002554026";"-1";"Fundamentos legais de julgamento";"Desatendimento a requisito formal (Lei 9.504/97)"
"08/10/2026";"08:31:04";2026;2;"Eleição Ordinária";6259;"Eleições Gerais Estaduais 2026";"SP";"SP";"SÃO PAULO";"250002554029";"-1";"Fundamentos legais de julgamento";"Desatendimento a requisito formal (Lei 9.504/97)"
"08/10/2026";"08:31:04";2026;2;"Eleição Ordinária";6259;"Eleições Gerais Estaduais 2026";"SP";"SP";"SÃO PAULO";"250002554234";"-1";"Fundamentos legais de julgamento";"Desatendimento a requisito formal (Lei 9.504/97)"
"08/10/2026";"08:31:04";2026;2;"Eleição Ordinária";6259;"Eleições Gerais Estaduais 2026";"SP";"SP";"SÃO PAULO";"250002534143";"-1";"Fundamentos legais de julgamento";"Desatendimento a requisito formal (Lei 9.504/97)"
"08/10/2026";"08:31:04";2026;2;"Eleição Ordinária";6259;"Eleições Gerais Estaduais 2026";"SP";"SP";"SÃO PAULO";"250002545040";"-1";"Fundamentos legais de julgamento";"Desatendimento a requisito formal (Lei 9.504/97)"
"08/10/2026";"08:31:04";2026;2;"Eleição Ordinária";6259;"Eleições Gerais Estaduais 2026";"SP";"SP";"SÃO PAULO";"250002547455";"-1";"Fundamentos legais de julgamento";"Desatendimento a requisito formal (Lei 9.504/97)"
"08/10/2026";"08:31:04";2026;2;"Eleição Ordinária";6259;"Eleições Gerais Estaduais 2026";"SP";"SP";"SÃO PAULO";"250002547457";"-1";"Fundamentos legais de julgamento";"Desatendimento a requisito formal (Lei 9.504/97)"
"08/10/2026";"08:31:04";2026;2;"Eleição Ordinária";6259;"Eleições Gerais Estaduais 2026";"SP";"SP";"SÃO PAULO";"250002547836";"-1";"Fundamentos legais de julgamento";"Desatendimento a requisito formal (Lei 9.504/97)"
"08/10/2026";"08:31:04";2026;2;"Eleição Ordinária";6259;"Eleições Gerais Estaduais 2026";"SP";"SP";"SÃO PAULO";"250002548165";"-1";"Fundamentos legais de julgamento";"Desatendimento a requisito formal (Lei 9.504/97)"
"08/10/2026";"08:31:04";2026;2;"Eleição Ordinária";6259;"Eleições Gerais Estaduais 2026";"SP";"SP";"SÃO PAULO";"250002548168";"-1";"Fundamentos legais de julgamento";"Desatendimento a requisito formal (Lei 9.504/97)"
"08/10/2026";"08:31:04";2026;2;"Eleição Ordinária";6259;"Eleições Gerais Estaduais 2026";"SP";"SP";"SÃO PAULO";"250002548177";"-1";"Fundamentos legais de julgamento";"Desatendimento a requisito formal (Lei 9.504/97)"
"08/10/2026";"08:31:04";2026;2;"Eleição Ordinária";6259;"Eleições Gerais Estaduais 2026";"SP";"SP";"SÃO PAULO";"250002552879";"-1";"Fundamentos legais de julgamento";"Desatendimento a requisito formal (Lei 9.504/97)"
"08/10/2026";"08:31:04";2026;2;"Eleição Ordinária";6259;"Eleições Gerais Estaduais 2026";"SP";"SP";"SÃO PAULO";"250002552891";"-1";"Fundamentos legais de julgamento";"Desatendimento a requisito formal (Lei 9.504/97)"
"08/10/2026";"08:31:04";2026;2;"Eleição Ordinária";6259;"Eleições Gerais Estaduais 2026";"SP";"SP";"SÃO PAULO";"250002553771";"-1";"Fundamentos legais de julgamento";"Desatendimento a requisito formal (Lei 9.504/97)"
"08/10/2026";"08:31:04";2026;2;"Eleição Ordinária";6259;"Eleições Gerais Estaduais 2026";"SP";"SP";"SÃO PAULO";"250002553775";"-1";"Fundamentos legais de julgamento";"Desatendimento a requisito formal (Lei 9.504/97)"
"08/10/2026";"08:31:04";2026;2;"Eleição Ordinária";6259;"Eleições Gerais Estaduais 2026";"SP";"SP";"SÃO PAULO";"250002553803";"-1";"Fundamentos legais de julgamento";"Desatendimento a requisito formal (Lei 9.504/97)"
"08/10/2026";"08:31:04";2026;2;"Eleição Ordinária";6259;"Eleições Gerais Estaduais 2026";"SP";"SP";"SÃO PAULO";"250002553805";"-1";"Fundamentos legais de julgamento";"Desatendimento a requisito formal (Lei 9.504/97)"
"08/10/2026";"08:31:04";2026;2;"Eleição Ordinária";6259;"Eleições Gerais Estaduais 2026";"SP";"SP";"SÃO PAULO";"250002553806";"-1";"Fundamentos legais de julgamento";"Desatendimento a requisito formal (Lei 9.504/97)"
"08/10/2026";"08:31:04";2026;2;"Eleição Ordinária";6259;"Eleições Gerais Estaduais 2026";"SP";"SP";"SÃO PAULO";"250002553820";"-1";"Fundamentos legais de julgamento";"Desatendimento a requisito formal (Lei 9.504/97)"
"08/10/2026";"08:31:04";2026;2;"Eleição Ordinária";6259;"Eleições Gerais Estaduais 2026";"SP";"SP";"SÃO PAULO";"250002553842";"-1";"Fundamentos legais de julgamento";"Desatendimento a requisito formal (Lei 9.504/97)"
"08/10/2026";"08:31:04";2026;2;"Eleição Ordinária";6259;"Eleições Gerais Estaduais 2026";"SP";"SP";"SÃO PAULO";"250002553847";"-1";"Fundamentos legais de julgamento";"Desatendimento a requisito formal (Lei 9.504/97)"
"08/10/2026";"08:31:04";2026;2;"Eleição Ordinária";6259;"Eleições Gerais Estaduais 2026";"SP";"SP";"SÃO PAULO";"250002554058";"-1";"Fundamentos legais de julgamento";"Desatendimento a requisito formal (Lei 9.504/97)"
"08/10/2026";"08:31:04";2026;2;"Eleição Ordinária";6259;"Eleições Gerais Estaduais 2026";"AL";"AL";"ALAGOAS";"20002538207";"-1";"Fundamentos legais de julgamento";"Indeferimento do DRAP do partido político/federação/coligação"
"08/10/2026";"08:31:04";2026;2;"Eleição Ordinária";6259;"Eleições Gerais Estaduais 2026";"AL";"AL";"ALAGOAS";"20002538211";"-1";"Fundamentos legais de julgamento";"Indeferimento do DRAP do partido político/federação/coligação"
"08/10/2026";"08:31:04";2026;2;"Eleição Ordinária";6259;"Eleições Gerais Estaduais 2026";"AM";"AM";"AMAZONAS";"40002546978";"-1";"Fundamentos legais de julgamento";"Indeferimento do DRAP do partido político/federação/coligação"
"08/10/2026";"08:31:04";2026;2;"Eleição Ordinária";6259;"Eleições Gerais Estaduais 2026";"BA";"BA";"BAHIA";"50002536579";"-1";"Fundamentos legais de julgamento";"Indeferimento do DRAP do partido político/federação/coligação"
"08/10/2026";"08:31:04";2026;2;"Eleição Ordinária";6259;"Eleições Gerais Estaduais 2026";"BA";"BA";"BAHIA";"50002542551";"-1";"Fundamentos legais de julgamento";"Indeferimento do DRAP do partido político/federação/coligação"
"08/10/2026";"08:31:04";2026;2;"Eleição Ordinária";6259;"Eleições Gerais Estaduais 2026";"BA";"BA";"BAHIA";"50002542553";"-1";"Fundamentos legais de julgamento";"Indeferimento do DRAP do partido político/federação/coligação"
"08/10/2026";"08:31:04";2026;2;"Eleição Ordinária";6259;"Eleições Gerais Estaduais 2026";"BA";"BA";"BAHIA";"50002550348";"-1";"Fundamentos legais de julgamento";"Indeferimento do DRAP do partido político/federação/coligação"
"08/10/2026";"08:31:04";2026;2;"Eleição Ordinária";6259;"Eleições Gerais Estaduais 2026";"DF";"DF";"DISTRITO FEDERAL";"70002551299";"-1";"Fundamentos legais de julgamento";"Indeferimento do DRAP do partido político/federação/coligação"
"08/10/2026";"08:31:04";2026;2;"Eleição Ordinária";6259;"Eleições Gerais Estaduais 2026";"DF";"DF";"DISTRITO FEDERAL";"70002540501";"-1";"Fundamentos legais de julgamento";"Indeferimento do DRAP do partido político/federação/coligação"
"08/10/2026";"08:31:04";2026;2;"Eleição Ordinária";6259;"Eleições Gerais Estaduais 2026";"MG";"MG";"MINAS GERAIS";"130002552308";"-1";"Fundamentos legais de julgamento";"Indeferimento do DRAP do partido político/federação/coligação"
"08/10/2026";"08:31:04";2026;2;"Eleição Ordinária";6259;"Eleições Gerais Estaduais 2026";"MG";"MG";"MINAS GERAIS";"130002552315";"-1";"Fundamentos legais de julgamento";"Indeferimento do DRAP do partido político/federação/coligação"
"08/10/2026";"08:31:04";2026;2;"Eleição Ordinária";6259;"Eleições Gerais Estaduais 2026";"PA";"PA";"PARÁ";"140002553852";"-1";"Fundamentos legais de julgamento";"Indeferimento do DRAP do partido político/federação/coligação"
"08/10/2026";"08:31:04";2026;2;"Eleição Ordinária";6259;"Eleições Gerais Estaduais 2026";"PA";"PA";"PARÁ";"140002553851";"-1";"Fundamentos legais de julgamento";"Indeferimento do DRAP do partido político/federação/coligação"
"08/10/2026";"08:31:04";2026;2;"Eleição Ordinária";6259;"Eleições Gerais Estaduais 2026";"PE";"PE";"PERNAMBUCO";"170002540420";"-1";"Fundamentos legais de julgamento";"Indeferimento do DRAP do partido político/federação/coligação"
"08/10/2026";"08:31:04";2026;2;"Eleição Ordinária";6259;"Eleições Gerais Estaduais 2026";"PE";"PE";"PERNAMBUCO";"170002544849";"-1";"Fundamentos legais de julgamento";"Indeferimento do DRAP do partido político/federação/coligação"
"08/10/2026";"08:31:04";2026;2;"Eleição Ordinária";6259;"Eleições Gerais Estaduais 2026";"PE";"PE";"PERNAMBUCO";"170002544851";"-1";"Fundamentos legais de julgamento";"Indeferimento do DRAP do partido político/federação/coligação"
"08/10/2026";"08:31:04";2026;2;"Eleição Ordinária";6259;"Eleições Gerais Estaduais 2026";"PE";"PE";"PERNAMBUCO";"170002544845";"-1";"Fundamentos legais de julgamento";"Indeferimento do DRAP do partido político/federação/coligação"
"08/10/2026";"08:31:04";2026;2;"Eleição Ordinária";6259;"Eleições Gerais Estaduais 2026";"PE";"PE";"PERNAMBUCO";"170002552973";"-1";"Fundamentos legais de julgamento";"Indeferimento do DRAP do partido político/federação/coligação"
"08/10/2026";"08:31:04";2026;2;"Eleição Ordinária";6259;"Eleições Gerais Estaduais 2026";"PE";"PE";"PERNAMBUCO";"170002552978";"-1";"Fundamentos legais de julgamento";"Indeferimento do DRAP do partido político/federação/coligação"
"08/10/2026";"08:31:04";2026;2;"Eleição Ordinária";6259;"Eleições Gerais Estaduais 2026";"PE";"PE";"PERNAMBUCO";"170002552980";"-1";"Fundamentos legais de julgamento";"Indeferimento do DRAP do partido político/federação/coligação"
"08/10/2026";"08:31:04";2026;2;"Eleição Ordinária";6259;"Eleições Gerais Estaduais 2026";"PE";"PE";"PERNAMBUCO";"170002552985";"-1";"Fundamentos legais de julgamento";"Indeferimento do DRAP do partido político/federação/coligação"
"08/10/2026";"08:31:04";2026;2;"Eleição Ordinária";6259;"Eleições Gerais Estaduais 2026";"PE";"PE";"PERNAMBUCO";"170002552990";"-1";"Fundamentos legais de julgamento";"Indeferimento do DRAP do partido político/federação/coligação"
"08/10/2026";"08:31:04";2026;2;"Eleição Ordinária";6259;"Eleições Gerais Estaduais 2026";"PE";"PE";"PERNAMBUCO";"170002553001";"-1";"Fundamentos legais de julgamento";"Indeferimento do DRAP do partido político/federação/coligação"
"08/10/2026";"08:31:04";2026;2;"Eleição Ordinária";6259;"Eleições Gerais Estaduais 2026";"PE";"PE";"PERNAMBUCO";"170002553002";"-1";"Fundamentos legais de julgamento";"Indeferimento do DRAP do partido político/federação/coligação"
"08/10/2026";"08:31:04";2026;2;"Eleição Ordinária";6259;"Eleições Gerais Estaduais 2026";"PE";"PE";"PERNAMBUCO";"170002553303";"-1";"Fundamentos legais de julgamento";"Indeferimento do DRAP do partido político/federação/coligação"
"08/10/2026";"08:31:04";2026;2;"Eleição Ordinária";6259;"Eleições Gerais Estaduais 2026";"PI";"PI";"PIAUÍ";"180002537422";"-1";"Fundamentos legais de julgamento";"Indeferimento do DRAP do partido político/federação/coligação"
"08/10/2026";"08:31:04";2026;2;"Eleição Ordinária";6259;"Eleições Gerais Estaduais 2026";"PI";"PI";"PIAUÍ";"180002550421";"-1";"Fundamentos legais de julgamento";"Indeferimento do DRAP do partido político/federação/coligação"
"08/10/2026";"08:31:04";2026;2;"Eleição Ordinária";6259;"Eleições Gerais Estaduais 2026";"PI";"PI";"PIAUÍ";"180002553722";"-1";"Fundamentos legais de julgamento";"Indeferimento do DRAP do partido político/federação/coligação"
"08/10/2026";"08:31:04";2026;2;"Eleição Ordinária";6259;"Eleições Gerais Estaduais 2026";"PI";"PI";"PIAUÍ";"180002548566";"-1";"Fundamentos legais de julgamento";"Indeferimento do DRAP do partido político/federação/coligação"
"08/10/2026";"08:31:04";2026;2;"Eleição Ordinária";6259;"Eleições Gerais Estaduais 2026";"PI";"PI";"PIAUÍ";"180002550422";"-1";"Fundamentos legais de julgamento";"Indeferimento do DRAP do partido político/federação/coligação"
"08/10/2026";"08:31:04";2026;2;"Eleição Ordinária";6259;"Eleições Gerais Estaduais 2026";"PI";"PI";"PIAUÍ";"180002547860";"-1";"Fundamentos legais de julgamento";"Indeferimento do DRAP do partido político/federação/coligação"
"08/10/2026";"08:31:04";2026;2;"Eleição Ordinária";6259;"Eleições Gerais Estaduais 2026";"PI";"PI";"PIAUÍ";"180002547863";"-1";"Fundamentos legais de julgamento";"Indeferimento do DRAP do partido político/federação/coligação"
"08/10/2026";"08:31:04";2026;2;"Eleição Ordinária";6259;"Eleições Gerais Estaduais 2026";"PI";"PI";"PIAUÍ";"180002548155";"-1";"Fundamentos legais de julgamento";"Indeferimento do DRAP do partido político/federação/coligação"
"08/10/2026";"08:31:04";2026;2;"Eleição Ordinária";6259;"Eleições Gerais Estaduais 2026";"PI";"PI";"PIAUÍ";"180002548157";"-1";"Fundamentos legais de julgamento";"Indeferimento do DRAP do partido político/federação/coligação"
"08/10/2026";"08:31:04";2026;2;"Eleição Ordinária";6259;"Eleições Gerais Estaduais 2026";"PI";"PI";"PIAUÍ";"180002540681";"-1";"Fundamentos legais de julgamento";"Indeferimento do DRAP do partido político/federação/coligação"
"08/10/2026";"08:31:04";2026;2;"Eleição Ordinária";6259;"Eleições Gerais Estaduais 2026";"PI";"PI";"PIAUÍ";"180002541413";"-1";"Fundamentos legais de julgamento";"Indeferimento do DRAP do partido político/federação/coligação"
"08/10/2026";"08:31:04";2026;2;"Eleição Ordinária";6259;"Eleições Gerais Estaduais 2026";"PI";"PI";"PIAUÍ";"180002541416";"-1";"Fundamentos legais de julgamento";"Indeferimento do DRAP do partido político/federação/coligação"
"08/10/2026";"08:31:04";2026;2;"Eleição Ordinária";6259;"Eleições Gerais Estaduais 2026";"PI";"PI";"PIAUÍ";"180002541419";"-1";"Fundamentos legais de julgamento";"Indeferimento do DRAP do partido político/federação/coligação"
"08/10/2026";"08:31:04";2026;2;"Eleição Ordinária";6259;"Eleições Gerais Estaduais 2026";"PI";"PI";"PIAUÍ";"180002541420";"-1";"Fundamentos legais de julgamento";"Indeferimento do DRAP do partido político/federação/coligação"
"08/10/2026";"08:31:04";2026;2;"Eleição Ordinária";6259;"Eleições Gerais Estaduais 2026";"PI";"PI";"PIAUÍ";"180002541422";"-1";"Fundamentos legais de julgamento";"Indeferimento do DRAP do partido político/federação/coligação"
"08/10/2026";"08:31:04";2026;2;"Eleição Ordinária";6259;"Eleições Gerais Estaduais 2026";"PI";"PI";"PIAUÍ";"180002549589";"-1";"Fundamentos legais de julgamento";"Indeferimento do DRAP do partido político/federação/coligação"
"08/10/2026";"08:31:04";2026;2;"Eleição Ordinária";6259;"Eleições Gerais Estaduais 2026";"PI";"PI";"PIAUÍ";"180002549590";"-1";"Fundamentos legais de julgamento";"Indeferimento do DRAP do partido político/federação/coligação"
"08/10/2026";"08:31:04";2026;2;"Eleição Ordinária";6259;"Eleições Gerais Estaduais 2026";"PI";"PI";"PIAUÍ";"180002553747";"-1";"Fundamentos legais de julgamento";"Indeferimento do DRAP do partido político/federação/coligação"
"08/10/2026";"08:31:04";2026;2;"Eleição Ordinária";6259;"Eleições Gerais Estaduais 2026";"PI";"PI";"PIAUÍ";"180002537341";"-1";"Fundamentos legais de julgamento";"Indeferimento do DRAP do partido político/federação/coligação"
"08/10/2026";"08:31:04";2026;2;"Eleição Ordinária";6259;"Eleições Gerais Estaduais 2026";"PI";"PI";"PIAUÍ";"180002547861";"-1";"Fundamentos legais de julgamento";"Indeferimento do DRAP do partido político/federação/coligação"
"08/10/2026";"08:31:04";2026;2;"Eleição Ordinária";6259;"Eleições Gerais Estaduais 2026";"PI";"PI";"PIAUÍ";"180002548156";"-1";"Fundamentos legais de julgamento";"Indeferimento do DRAP do partido político/federação/coligação"
"08/10/2026";"08:31:04";2026;2;"Eleição Ordinária";6259;"Eleições Gerais Estaduais 2026";"PI";"PI";"PIAUÍ";"180002552960";"-1";"Fundamentos legais de julgamento";"Indeferimento do DRAP do partido político/federação/coligação"
"08/10/2026";"08:31:04";2026;2;"Eleição Ordinária";6259;"Eleições Gerais Estaduais 2026";"PI";"PI";"PIAUÍ";"180002553752";"-1";"Fundamentos legais de julgamento";"Indeferimento do DRAP do partido político/federação/coligação"
"08/10/2026";"08:31:04";2026;2;"Eleição Ordinária";6259;"Eleições Gerais Estaduais 2026";"PI";"PI";"PIAUÍ";"180002537342";"-1";"Fundamentos legais de julgamento";"Indeferimento do DRAP do partido político/federação/coligação"
"08/10/2026";"08:31:04";2026;2;"Eleição Ordinária";6259;"Eleições Gerais Estaduais 2026";"PI";"PI";"PIAUÍ";"180002544455";"-1";"Fundamentos legais de julgamento";"Indeferimento do DRAP do partido político/federação/coligação"
"08/10/2026";"08:31:04";2026;2;"Eleição Ordinária";6259;"Eleições Gerais Estaduais 2026";"PI";"PI";"PIAUÍ";"180002547859";"-1";"Fundamentos legais de julgamento";"Indeferimento do DRAP do partido político/federação/coligação"
"08/10/2026";"08:31:04";2026;2;"Eleição Ordinária";6259;"Eleições Gerais Estaduais 2026";"PI";"PI";"PIAUÍ";"180002548160";"-1";"Fundamentos legais de julgamento";"Indeferimento do DRAP do partido político/federação/coligação"
"08/10/2026";"08:31:04";2026;2;"Eleição Ordinária";6259;"Eleições Gerais Estaduais 2026";"PI";"PI";"PIAUÍ";"180002552963";"-1";"Fundamentos legais de julgamento";"Indeferimento do DRAP do partido político/federação/coligação"
"08/10/2026";"08:31:04";2026;2;"Eleição Ordinária";6259;"Eleições Gerais Estaduais 2026";"PR";"PR";"PARANÁ";"160002552560";"-1";"Fundamentos legais de julgamento";"Indeferimento do DRAP do partido político/federação/coligação"
"08/10/2026";"08:31:04";2026;2;"Eleição Ordinária";6259;"Eleições Gerais Estaduais 2026";"PR";"PR";"PARANÁ";"160002552561";"-1";"Fundamentos legais de julgamento";"Indeferimento do DRAP do partido político/federação/coligação"
"08/10/2026";"08:31:04";2026;2;"Eleição Ordinária";6259;"Eleições Gerais Estaduais 2026";"PR";"PR";"PARANÁ";"160002552563";"-1";"Fundamentos legais de julgamento";"Indeferimento do DRAP do partido político/federação/coligação"
"08/10/2026";"08:31:04";2026;2;"Eleição Ordinária";6259;"Eleições Gerais Estaduais 2026";"PR";"PR";"PARANÁ";"160002552565";"-1";"Fundamentos legais de julgamento";"Indeferimento do DRAP do partido político/federação/coligação"
"08/10/2026";"08:31:04";2026;2;"Eleição Ordinária";6259;"Eleições Gerais Estaduais 2026";"RS";"RS";"RIO GRANDE DO SUL";"210002552592";"-1";"Fundamentos legais de julgamento";"Indeferimento do DRAP do partido político/federação/coligação"
"08/10/2026";"08:31:04";2026;2;"Eleição Ordinária";6259;"Eleições Gerais Estaduais 2026";"RS";"RS";"RIO GRANDE DO SUL";"210002550532";"-1";"Fundamentos legais de julgamento";"Indeferimento do DRAP do partido político/federação/coligação"
"08/10/2026";"08:31:04";2026;2;"Eleição Ordinária";6259;"Eleições Gerais Estaduais 2026";"RS";"RS";"RIO GRANDE DO SUL";"210002550536";"-1";"Fundamentos legais de julgamento";"Indeferimento do DRAP do partido político/federação/coligação"
"08/10/2026";"08:31:04";2026;2;"Eleição Ordinária";6259;"Eleições Gerais Estaduais 2026";"RS";"RS";"RIO GRANDE DO SUL";"210002550539";"-1";"Fundamentos legais de julgamento";"Indeferimento do DRAP do partido político/federação/coligação"
"08/10/2026";"08:31:04";2026;2;"Eleição Ordinária";6259;"Eleições Gerais Estaduais 2026";"RS";"RS";"RIO GRANDE DO SUL";"210002553402";"-1";"Fundamentos legais de julgamento";"Indeferimento do DRAP do partido político/federação/coligação"
"08/10/2026";"08:31:04";2026;2;"Eleição Ordinária";6259;"Eleições Gerais Estaduais 2026";"RS";"RS";"RIO GRANDE DO SUL";"210002553403";"-1";"Fundamentos legais de julgamento";"Indeferimento do DRAP do partido político/federação/coligação"
"08/10/2026";"08:31:04";2026;2;"Eleição Ordinária";6259;"Eleições Gerais Estaduais 2026";"RS";"RS";"RIO GRANDE DO SUL";"210002553406";"-1";"Fundamentos legais de julgamento";"Indeferimento do DRAP do partido político/federação/coligação"
"08/10/2026";"08:31:04";2026;2;"Eleição Ordinária";6259;"Eleições Gerais Estaduais 2026";"RS";"RS";"RIO GRANDE DO SUL";"210002553407";"-1";"Fundamentos legais de julgamento";"Indeferimento do DRAP do partido político/federação/coligação"
"08/10/2026";"08:31:04";2026;2;"Eleição Ordinária";6259;"Eleições Gerais Estaduais 2026";"RS";"RS";"RIO GRANDE DO SUL";"210002553416";"-1";"Fundamentos legais de julgamento";"Indeferimento do DRAP do partido político/federação/coligação"
"08/10/2026";"08:31:04";2026;2;"Eleição Ordinária";6259;"Eleições Gerais Estaduais 2026";"RS";"RS";"RIO GRANDE DO SUL";"210002552770";"-1";"Fundamentos legais de julgamento";"Indeferimento do DRAP do partido político/federação/coligação"
"08/10/2026";"08:31:04";2026;2;"Eleição Ordinária";6259;"Eleições Gerais Estaduais 2026";"RS";"RS";"RIO GRANDE DO SUL";"210002552771";"-1";"Fundamentos legais de julgamento";"Indeferimento do DRAP do partido político/federação/coligação"
"08/10/2026";"08:31:04";2026;2;"Eleição Ordinária";6259;"Eleições Gerais Estaduais 2026";"RS";"RS";"RIO GRANDE DO SUL";"210002552773";"-1";"Fundamentos legais de julgamento";"Indeferimento do DRAP do partido político/federação/coligação"
"08/10/2026";"08:31:04";2026;2;"Eleição Ordinária";6259;"Eleições Gerais Estaduais 2026";"RS";"RS";"RIO GRANDE DO SUL";"210002552597";"-1";"Fundamentos legais de julgamento";"Indeferimento do DRAP do partido político/federação/coligação"
"08/10/2026";"08:31:04";2026;2;"Eleição Ordinária";6259;"Eleições Gerais Estaduais 2026";"SE";"SE";"SERGIPE";"260002547415";"-1";"Fundamentos legais de julgamento";"Indeferimento do DRAP do partido político/federação/coligação"
"08/10/2026";"08:31:04";2026;2;"Eleição Ordinária";6259;"Eleições Gerais Estaduais 2026";"SE";"SE";"SERGIPE";"260002545614";"-1";"Fundamentos legais de julgamento";"Indeferimento do DRAP do partido político/federação/coligação"
"08/10/2026";"08:31:04";2026;2;"Eleição Ordinária";6259;"Eleições Gerais Estaduais 2026";"SE";"SE";"SERGIPE";"260002545620";"-1";"Fundamentos legais de julgamento";"Indeferimento do DRAP do partido político/federação/coligação"
"08/10/2026";"08:31:04";2026;2;"Eleição Ordinária";6259;"Eleições Gerais Estaduais 2026";"SE";"SE";"SERGIPE";"260002545621";"-1";"Fundamentos legais de julgamento";"Indeferimento do DRAP do partido político/federação/coligação"
"08/10/2026";"08:31:04";2026;2;"Eleição Ordinária";6259;"Eleições Gerais Estaduais 2026";"SE";"SE";"SERGIPE";"260002547418";"-1";"Fundamentos legais de julgamento";"Indeferimento do DRAP do partido político/federação/coligação"
"08/10/2026";"08:31:04";2026;2;"Eleição Ordinária";6259;"Eleições Gerais Estaduais 2026";"SE";"SE";"SERGIPE";"260002547421";"-1";"Fundamentos legais de julgamento";"Indeferimento do DRAP do partido político/federação/coligação"
"08/10/2026";"08:31:04";2026;2;"Eleição Ordinária";6259;"Eleições Gerais Estaduais 2026";"SE";"SE";"SERGIPE";"260002547422";"-1";"Fundamentos legais de julgamento";"Indeferimento do DRAP do partido político/federação/coligação"
"08/10/2026";"08:31:04";2026;2;"Eleição Ordinária";6259;"Eleições Gerais Estaduais 2026";"SE";"SE";"SERGIPE";"260002547429";"-1";"Fundamentos legais de julgamento";"Indeferimento do DRAP do partido político/federação/coligação"
"08/10/2026";"08:31:04";2026;2;"Eleição Ordinária";6259;"Eleições Gerais Estaduais 2026";"SE";"SE";"SERGIPE";"260002547430";"-1";"Fundamentos legais de julgamento";"Indeferimento do DRAP do partido político/federação/coligação"
"08/10/2026";"08:31:04";2026;2;"Eleição Ordinária";6259;"Eleições Gerais Estaduais 2026";"SP";"SP";"SÃO PAULO";"250002553062";"-1";"Fundamentos legais de julgamento";"Indeferimento do DRAP do partido político/federação/coligação"
"08/10/2026";"08:31:04";2026;2;"Eleição Ordinária";6259;"Eleições Gerais Estaduais 2026";"SP";"SP";"SÃO PAULO";"250002553328";"-1";"Fundamentos legais de julgamento";"Indeferimento do DRAP do partido político/federação/coligação"
"08/10/2026";"08:31:04";2026;2;"Eleição Ordinária";6259;"Eleições Gerais Estaduais 2026";"SP";"SP";"SÃO PAULO";"250002553329";"-1";"Fundamentos legais de julgamento";"Indeferimento do DRAP do partido político/federação/coligação"
"08/10/2026";"08:31:04";2026;2;"Eleição Ordinária";6259;"Eleições Gerais Estaduais 2026";"SP";"SP";"SÃO PAULO";"250002553330";"-1";"Fundamentos legais de julgamento";"Indeferimento do DRAP do partido político/federação/coligação"
"08/10/2026";"08:31:04";2026;2;"Eleição Ordinária";6259;"Eleições Gerais Estaduais 2026";"SP";"SP";"SÃO PAULO";"250002553331";"-1";"Fundamentos legais de julgamento";"Indeferimento do DRAP do partido político/federação/coligação"
"08/10/2026";"08:31:04";2026;2;"Eleição Ordinária";6259;"Eleições Gerais Estaduais 2026";"SP";"SP";"SÃO PAULO";"250002553334";"-1";"Fundamentos legais de julgamento";"Indeferimento do DRAP do partido político/federação/coligação"
"08/10/2026";"08:31:04";2026;2;"Eleição Ordinária";6259;"Eleições Gerais Estaduais 2026";"SP";"SP";"SÃO PAULO";"250002553866";"-1";"Fundamentos legais de julgamento";"Indeferimento do DRAP do partido político/federação/coligação"
"08/10/2026";"08:31:04";2026;2;"Eleição Ordinária";6259;"Eleições Gerais Estaduais 2026";"SP";"SP";"SÃO PAULO";"250002552954";"-1";"Fundamentos legais de julgamento";"Indeferimento do DRAP do partido político/federação/coligação"
"08/10/2026";"08:31:04";2026;2;"Eleição Ordinária";6259;"Eleições Gerais Estaduais 2026";"AC";"AC";"ACRE";"10002538247";"-1";"Fundamentos legais de julgamento";"Indeferimento do DRAP do partido político/federação/coligação por não cumprimento da cota de gênero"
"08/10/2026";"08:31:04";2026;2;"Eleição Ordinária";6259;"Eleições Gerais Estaduais 2026";"AC";"AC";"ACRE";"10002538251";"-1";"Fundamentos legais de julgamento";"Indeferimento do DRAP do partido político/federação/coligação por não cumprimento da cota de gênero"
"08/10/2026";"08:31:04";2026;2;"Eleição Ordinária";6259;"Eleições Gerais Estaduais 2026";"PB";"PB";"PARAÍBA";"150002553391";"-1";"Fundamentos legais de julgamento";"Indeferimento do DRAP do partido político/federação/coligação por não cumprimento da cota de gênero"
"08/10/2026";"08:31:04";2026;2;"Eleição Ordinária";6259;"Eleições Gerais Estaduais 2026";"PB";"PB";"PARAÍBA";"150002553395";"-1";"Fundamentos legais de julgamento";"Indeferimento do DRAP do partido político/federação/coligação por não cumprimento da cota de gênero"
"08/10/2026";"08:31:04";2026;2;"Eleição Ordinária";6259;"Eleições Gerais Estaduais 2026";"PE";"PE";"PERNAMBUCO";"170002544841";"-1";"Fundamentos legais de julgamento";"Indeferimento do DRAP do partido político/federação/coligação por não cumprimento da cota de gênero"
"08/10/2026";"08:31:04";2026;2;"Eleição Ordinária";6259;"Eleições Gerais Estaduais 2026";"PE";"PE";"PERNAMBUCO";"170002544845";"-1";"Fundamentos legais de julgamento";"Indeferimento do DRAP do partido político/federação/coligação por não cumprimento da cota de gênero"
"08/10/2026";"08:31:04";2026;2;"Eleição Ordinária";6259;"Eleições Gerais Estaduais 2026";"PE";"PE";"PERNAMBUCO";"170002552975";"-1";"Fundamentos legais de julgamento";"Indeferimento do DRAP do partido político/federação/coligação por não cumprimento da cota de gênero"
"08/10/2026";"08:31:04";2026;2;"Eleição Ordinária";6259;"Eleições Gerais Estaduais 2026";"PE";"PE";"PERNAMBUCO";"170002552977";"-1";"Fundamentos legais de julgamento";"Indeferimento do DRAP do partido político/federação/coligação por não cumprimento da cota de gênero"
"08/10/2026";"08:31:04";2026;2;"Eleição Ordinária";6259;"Eleições Gerais Estaduais 2026";"PE";"PE";"PERNAMBUCO";"170002552987";"-1";"Fundamentos legais de julgamento";"Indeferimento do DRAP do partido político/federação/coligação por não cumprimento da cota de gênero"
"08/10/2026";"08:31:04";2026;2;"Eleição Ordinária";6259;"Eleições Gerais Estaduais 2026";"PE";"PE";"PERNAMBUCO";"170002552993";"-1";"Fundamentos legais de julgamento";"Indeferimento do DRAP do partido político/federação/coligação por não cumprimento da cota de gênero"
"08/10/2026";"08:31:04";2026;2;"Eleição Ordinária";6259;"Eleições Gerais Estaduais 2026";"PE";"PE";"PERNAMBUCO";"170002552994";"-1";"Fundamentos legais de julgamento";"Indeferimento do DRAP do partido político/federação/coligação por não cumprimento da cota de gênero"
"08/10/2026";"08:31:04";2026;2;"Eleição Ordinária";6259;"Eleições Gerais Estaduais 2026";"PE";"PE";"PERNAMBUCO";"170002552999";"-1";"Fundamentos legais de julgamento";"Indeferimento do DRAP do partido político/federação/coligação por não cumprimento da cota de gênero"
"08/10/2026";"08:31:04";2026;2;"Eleição Ordinária";6259;"Eleições Gerais Estaduais 2026";"PE";"PE";"PERNAMBUCO";"170002553305";"-1";"Fundamentos legais de julgamento";"Indeferimento do DRAP do partido político/federação/coligação por não cumprimento da cota de gênero"
"08/10/2026";"08:31:04";2026;2;"Eleição Ordinária";6259;"Eleições Gerais Estaduais 2026";"PE";"PE";"PERNAMBUCO";"170002553306";"-1";"Fundamentos legais de julgamento";"Indeferimento do DRAP do partido político/federação/coligação por não cumprimento da cota de gênero"
"08/10/2026";"08:31:04";2026;2;"Eleição Ordinária";6259;"Eleições Gerais Estaduais 2026";"PE";"PE";"PERNAMBUCO";"170002553307";"-1";"Fundamentos legais de julgamento";"Indeferimento do DRAP do partido político/federação/coligação por não cumprimento da cota de gênero"
"08/10/2026";"08:31:04";2026;2;"Eleição Ordinária";6259;"Eleições Gerais Estaduais 2026";"PE";"PE";"PERNAMBUCO";"170002553308";"-1";"Fundamentos legais de julgamento";"Indeferimento do DRAP do partido político/federação/coligação por não cumprimento da cota de gênero"
"08/10/2026";"08:31:04";2026;2;"Eleição Ordinária";6259;"Eleições Gerais Estaduais 2026";"PE";"PE";"PERNAMBUCO";"170002553309";"-1";"Fundamentos legais de julgamento";"Indeferimento do DRAP do partido político/federação/coligação por não cumprimento da cota de gênero"
"08/10/2026";"08:31:04";2026;2;"Eleição Ordinária";6259;"Eleições Gerais Estaduais 2026";"AP";"AP";"AMAPÁ";"30002533099";"-1";"Fundamentos legais de julgamento";"Outros"
"08/10/2026";"08:31:04";2026;2;"Eleição Ordinária";6259;"Eleições Gerais Estaduais 2026";"PA";"PA";"PARÁ";"140002554514";"-1";"Fundamentos legais de julgamento";"Outros"
"08/10/2026";"08:31:04";2026;2;"Eleição Ordinária";6259;"Eleições Gerais Estaduais 2026";"PB";"PB";"PARAÍBA";"150002540226";"-1";"Fundamentos legais de julgamento";"Outros"
"08/10/2026";"08:31:04";2026;2;"Eleição Ordinária";6259;"Eleições Gerais Estaduais 2026";"RJ";"RJ";"RIO DE JANEIRO";"190002550196";"-1";"Fundamentos legais de julgamento";"Outros"
"08/10/2026";"08:31:04";2026;2;"Eleição Ordinária";6259;"Eleições Gerais Estaduais 2026";"RJ";"RJ";"RIO DE JANEIRO";"190002543034";"-1";"Fundamentos legais de julgamento";"Outros"
"08/10/2026";"08:31:04";2026;2;"Eleição Ordinária";6259;"Eleições Gerais Estaduais 2026";"RJ";"RJ";"RIO DE JANEIRO";"190002552520";"-1";"Fundamentos legais de julgamento";"Outros"
"08/10/2026";"08:31:04";2026;2;"Eleição Ordinária";6259;"Eleições Gerais Estaduais 2026";"RJ";"RJ";"RIO DE JANEIRO";"190002554289";"-1";"Fundamentos legais de julgamento";"Outros"
"08/10/2026";"08:31:04";2026;2;"Eleição Ordinária";6259;"Eleições Gerais Estaduais 2026";"RR";"RR";"RORAIMA";"230002553635";"-1";"Fundamentos legais de julgamento";"Outros"
"08/10/2026";"08:31:04";2026;2;"Eleição Ordinária";6259;"Eleições Gerais Estaduais 2026";"SP";"SP";"SÃO PAULO";"250002553928";"-1";"Fundamentos legais de julgamento";"Outros"
"08/10/2026";"08:31:04";2026;2;"Eleição Ordinária";6259;"Eleições Gerais Estaduais 2026";"SP";"SP";"SÃO PAULO";"250002554583";"-1";"Fundamentos legais de julgamento";"Outros"
"08/10/2026";"08:31:04";2026;2;"Eleição Ordinária";6259;"Eleições Gerais Estaduais 2026";"SP";"SP";"SÃO PAULO";"250002553929";"-1";"Fundamentos legais de julgamento";"Outros"
"08/10/2026";"08:31:04";2026;2;"Eleição Ordinária";6259;"Eleições Gerais Estaduais 2026";"AC";"AC";"ACRE";"10002552006";"-1";"Fundamentos legais de julgamento";"Ausência de condição de elegibilidade"
"08/10/2026";"08:31:04";2026;2;"Eleição Ordinária";6259;"Eleições Gerais Estaduais 2026";"AM";"AM";"AMAZONAS";"40002549901";"-1";"Fundamentos legais de julgamento";"Ausência de condição de elegibilidade"
"08/10/2026";"08:31:04";2026;2;"Eleição Ordinária";6259;"Eleições Gerais Estaduais 2026";"BA";"BA";"BAHIA";"50002532518";"-1";"Fundamentos legais de julgamento";"Ausência de condição de elegibilidade"
"08/10/2026";"08:31:04";2026;2;"Eleição Ordinária";6259;"Eleições Gerais Estaduais 2026";"BA";"BA";"BAHIA";"50002532521";"-1";"Fundamentos legais de julgamento";"Ausência de condição de elegibilidade"
"08/10/2026";"08:31:04";2026;2;"Eleição Ordinária";6259;"Eleições Gerais Estaduais 2026";"BA";"BA";"BAHIA";"50002548858";"-1";"Fundamentos legais de julgamento";"Ausência de condição de elegibilidade"
"08/10/2026";"08:31:04";2026;2;"Eleição Ordinária";6259;"Eleições Gerais Estaduais 2026";"BA";"BA";"BAHIA";"50002531372";"-1";"Fundamentos legais de julgamento";"Ausência de condição de elegibilidade"
"08/10/2026";"08:31:04";2026;2;"Eleição Ordinária";6259;"Eleições Gerais Estaduais 2026";"BA";"BA";"BAHIA";"50002535902";"-1";"Fundamentos legais de julgamento";"Ausência de condição de elegibilidade"
"08/10/2026";"08:31:04";2026;2;"Eleição Ordinária";6259;"Eleições Gerais Estaduais 2026";"CE";"CE";"CEARÁ";"60002554365";"-1";"Fundamentos legais de julgamento";"Ausência de condição de elegibilidade"
"08/10/2026";"08:31:04";2026;2;"Eleição Ordinária";6259;"Eleições Gerais Estaduais 2026";"CE";"CE";"CEARÁ";"60002553889";"-1";"Fundamentos legais de julgamento";"Ausência de condição de elegibilidade"
"08/10/2026";"08:31:04";2026;2;"Eleição Ordinária";6259;"Eleições Gerais Estaduais 2026";"DF";"DF";"DISTRITO FEDERAL";"70002546413";"-1";"Fundamentos legais de julgamento";"Ausência de condição de elegibilidade"
"08/10/2026";"08:31:04";2026;2;"Eleição Ordinária";6259;"Eleições Gerais Estaduais 2026";"DF";"DF";"DISTRITO FEDERAL";"70002533407";"-1";"Fundamentos legais de julgamento";"Ausência de condição de elegibilidade"
"08/10/2026";"08:31:04";2026;2;"Eleição Ordinária";6259;"Eleições Gerais Estaduais 2026";"DF";"DF";"DISTRITO FEDERAL";"70002554468";"-1";"Fundamentos legais de julgamento";"Ausência de condição de elegibilidade"
"08/10/2026";"08:31:04";2026;2;"Eleição Ordinária";6259;"Eleições Gerais Estaduais 2026";"ES";"ES";"ESPÍRITO SANTO";"80002531664";"-1";"Fundamentos legais de julgamento";"Ausência de condição de elegibilidade"
"08/10/2026";"08:31:04";2026;2;"Eleição Ordinária";6259;"Eleições Gerais Estaduais 2026";"ES";"ES";"ESPÍRITO SANTO";"80002549060";"-1";"Fundamentos legais de julgamento";"Ausência de condição de elegibilidade"
"08/10/2026";"08:31:04";2026;2;"Eleição Ordinária";6259;"Eleições Gerais Estaduais 2026";"ES";"ES";"ESPÍRITO SANTO";"80002549118";"-1";"Fundamentos legais de julgamento";"Ausência de condição de elegibilidade"
"08/10/2026";"08:31:04";2026;2;"Eleição Ordinária";6259;"Eleições Gerais Estaduais 2026";"ES";"ES";"ESPÍRITO SANTO";"80002549983";"-1";"Fundamentos legais de julgamento";"Ausência de condição de elegibilidade"
"08/10/2026";"08:31:04";2026;2;"Eleição Ordinária";6259;"Eleições Gerais Estaduais 2026";"GO";"GO";"GOIÁS";"90002551411";"-1";"Fundamentos legais de julgamento";"Ausência de condição de elegibilidade"
"08/10/2026";"08:31:04";2026;2;"Eleição Ordinária";6259;"Eleições Gerais Estaduais 2026";"GO";"GO";"GOIÁS";"90002543825";"-1";"Fundamentos legais de julgamento";"Ausência de condição de elegibilidade"
"08/10/2026";"08:31:04";2026;2;"Eleição Ordinária";6259;"Eleições Gerais Estaduais 2026";"GO";"GO";"GOIÁS";"90002543839";"-1";"Fundamentos legais de julgamento";"Ausência de condição de elegibilidade"
"08/10/2026";"08:31:04";2026;2;"Eleição Ordinária";6259;"Eleições Gerais Estaduais 2026";"MA";"MA";"MARANHÃO";"100002551399";"-1";"Fundamentos legais de julgamento";"Ausência de condição de elegibilidade"
"08/10/2026";"08:31:04";2026;2;"Eleição Ordinária";6259;"Eleições Gerais Estaduais 2026";"MA";"MA";"MARANHÃO";"100002542874";"-1";"Fundamentos legais de julgamento";"Ausência de condição de elegibilidade"
"08/10/2026";"08:31:04";2026;2;"Eleição Ordinária";6259;"Eleições Gerais Estaduais 2026";"MA";"MA";"MARANHÃO";"100002554369";"-1";"Fundamentos legais de julgamento";"Ausência de condição de elegibilidade"
"08/10/2026";"08:31:04";2026;2;"Eleição Ordinária";6259;"Eleições Gerais Estaduais 2026";"MA";"MA";"MARANHÃO";"100002545723";"-1";"Fundamentos legais de julgamento";"Ausência de condição de elegibilidade"
"08/10/2026";"08:31:04";2026;2;"Eleição Ordinária";6259;"Eleições Gerais Estaduais 2026";"MA";"MA";"MARANHÃO";"100002549218";"-1";"Fundamentos legais de julgamento";"Ausência de condição de elegibilidade"
"08/10/2026";"08:31:04";2026;2;"Eleição Ordinária";6259;"Eleições Gerais Estaduais 2026";"MA";"MA";"MARANHÃO";"100002550968";"-1";"Fundamentos legais de julgamento";"Ausência de condição de elegibilidade"
"08/10/2026";"08:31:04";2026;2;"Eleição Ordinária";6259;"Eleições Gerais Estaduais 2026";"MG";"MG";"MINAS GERAIS";"130002540055";"-1";"Fundamentos legais de julgamento";"Ausência de condição de elegibilidade"
"08/10/2026";"08:31:04";2026;2;"Eleição Ordinária";6259;"Eleições Gerais Estaduais 2026";"MG";"MG";"MINAS GERAIS";"130002550161";"-1";"Fundamentos legais de julgamento";"Ausência de condição de elegibilidade"
"08/10/2026";"08:31:04";2026;2;"Eleição Ordinária";6259;"Eleições Gerais Estaduais 2026";"MS";"MS";"MATO GROSSO DO SUL";"120002539693";"-1";"Fundamentos legais de julgamento";"Ausência de condição de elegibilidade"
"08/10/2026";"08:31:04";2026;2;"Eleição Ordinária";6259;"Eleições Gerais Estaduais 2026";"MT";"MT";"MATO GROSSO";"110002547787";"-1";"Fundamentos legais de julgamento";"Ausência de condição de elegibilidade"
"08/10/2026";"08:31:04";2026;2;"Eleição Ordinária";6259;"Eleições Gerais Estaduais 2026";"MT";"MT";"MATO GROSSO";"110002553695";"-1";"Fundamentos legais de julgamento";"Ausência de condição de elegibilidade"
"08/10/2026";"08:31:04";2026;2;"Eleição Ordinária";6259;"Eleições Gerais Estaduais 2026";"PA";"PA";"PARÁ";"140002551133";"-1";"Fundamentos legais de julgamento";"Ausência de condição de elegibilidade"
"08/10/2026";"08:31:04";2026;2;"Eleição Ordinária";6259;"Eleições Gerais Estaduais 2026";"PA";"PA";"PARÁ";"140002552072";"-1";"Fundamentos legais de julgamento";"Ausência de condição de elegibilidade"
"08/10/2026";"08:31:04";2026;2;"Eleição Ordinária";6259;"Eleições Gerais Estaduais 2026";"PB";"PB";"PARAÍBA";"150002544610";"-1";"Fundamentos legais de julgamento";"Ausência de condição de elegibilidade"
"08/10/2026";"08:31:04";2026;2;"Eleição Ordinária";6259;"Eleições Gerais Estaduais 2026";"PE";"PE";"PERNAMBUCO";"170002544850";"-1";"Fundamentos legais de julgamento";"Ausência de condição de elegibilidade"
"08/10/2026";"08:31:04";2026;2;"Eleição Ordinária";6259;"Eleições Gerais Estaduais 2026";"PE";"PE";"PERNAMBUCO";"170002532415";"-1";"Fundamentos legais de julgamento";"Ausência de condição de elegibilidade"
"08/10/2026";"08:31:04";2026;2;"Eleição Ordinária";6259;"Eleições Gerais Estaduais 2026";"PE";"PE";"PERNAMBUCO";"170002544841";"-1";"Fundamentos legais de julgamento";"Ausência de condição de elegibilidade"
"08/10/2026";"08:31:04";2026;2;"Eleição Ordinária";6259;"Eleições Gerais Estaduais 2026";"PI";"PI";"PIAUÍ";"180002548571";"-1";"Fundamentos legais de julgamento";"Ausência de condição de elegibilidade"
"08/10/2026";"08:31:04";2026;2;"Eleição Ordinária";6259;"Eleições Gerais Estaduais 2026";"PI";"PI";"PIAUÍ";"180002549594";"-1";"Fundamentos legais de julgamento";"Ausência de condição de elegibilidade"
"08/10/2026";"08:31:04";2026;2;"Eleição Ordinária";6259;"Eleições Gerais Estaduais 2026";"PR";"PR";"PARANÁ";"160002541985";"-1";"Fundamentos legais de julgamento";"Ausência de condição de elegibilidade"
"08/10/2026";"08:31:04";2026;2;"Eleição Ordinária";6259;"Eleições Gerais Estaduais 2026";"PR";"PR";"PARANÁ";"160002553653";"-1";"Fundamentos legais de julgamento";"Ausência de condição de elegibilidade"
"08/10/2026";"08:31:04";2026;2;"Eleição Ordinária";6259;"Eleições Gerais Estaduais 2026";"PR";"PR";"PARANÁ";"160002554123";"-1";"Fundamentos legais de julgamento";"Ausência de condição de elegibilidade"
"08/10/2026";"08:31:04";2026;2;"Eleição Ordinária";6259;"Eleições Gerais Estaduais 2026";"PR";"PR";"PARANÁ";"160002554124";"-1";"Fundamentos legais de julgamento";"Ausência de condição de elegibilidade"
"08/10/2026";"08:31:04";2026;2;"Eleição Ordinária";6259;"Eleições Gerais Estaduais 2026";"PR";"PR";"PARANÁ";"160002554125";"-1";"Fundamentos legais de julgamento";"Ausência de condição de elegibilidade"
"08/10/2026";"08:31:04";2026;2;"Eleição Ordinária";6259;"Eleições Gerais Estaduais 2026";"PR";"PR";"PARANÁ";"160002551182";"-1";"Fundamentos legais de julgamento";"Ausência de condição de elegibilidade"
"08/10/2026";"08:31:04";2026;2;"Eleição Ordinária";6259;"Eleições Gerais Estaduais 2026";"PR";"PR";"PARANÁ";"160002554285";"-1";"Fundamentos legais de julgamento";"Ausência de condição de elegibilidade"
"08/10/2026";"08:31:04";2026;2;"Eleição Ordinária";6259;"Eleições Gerais Estaduais 2026";"RJ";"RJ";"RIO DE JANEIRO";"190002532800";"-1";"Fundamentos legais de julgamento";"Ausência de condição de elegibilidade"
"08/10/2026";"08:31:04";2026;2;"Eleição Ordinária";6259;"Eleições Gerais Estaduais 2026";"RJ";"RJ";"RIO DE JANEIRO";"190002534855";"-1";"Fundamentos legais de julgamento";"Ausência de condição de elegibilidade"
"08/10/2026";"08:31:04";2026;2;"Eleição Ordinária";6259;"Eleições Gerais Estaduais 2026";"RJ";"RJ";"RIO DE JANEIRO";"190002537147";"-1";"Fundamentos legais de julgamento";"Ausência de condição de elegibilidade"
"08/10/2026";"08:31:04";2026;2;"Eleição Ordinária";6259;"Eleições Gerais Estaduais 2026";"RJ";"RJ";"RIO DE JANEIRO";"190002539647";"-1";"Fundamentos legais de julgamento";"Ausência de condição de elegibilidade"
"08/10/2026";"08:31:04";2026;2;"Eleição Ordinária";6259;"Eleições Gerais Estaduais 2026";"RJ";"RJ";"RIO DE JANEIRO";"190002540189";"-1";"Fundamentos legais de julgamento";"Ausência de condição de elegibilidade"
"08/10/2026";"08:31:04";2026;2;"Eleição Ordinária";6259;"Eleições Gerais Estaduais 2026";"RJ";"RJ";"RIO DE JANEIRO";"190002551529";"-1";"Fundamentos legais de julgamento";"Ausência de condição de elegibilidade"
"08/10/2026";"08:31:04";2026;2;"Eleição Ordinária";6259;"Eleições Gerais Estaduais 2026";"RJ";"RJ";"RIO DE JANEIRO";"190002538627";"-1";"Fundamentos legais de julgamento";"Ausência de condição de elegibilidade"
"08/10/2026";"08:31:04";2026;2;"Eleição Ordinária";6259;"Eleições Gerais Estaduais 2026";"RJ";"RJ";"RIO DE JANEIRO";"190002541821";"-1";"Fundamentos legais de julgamento";"Ausência de condição de elegibilidade"
"08/10/2026";"08:31:04";2026;2;"Eleição Ordinária";6259;"Eleições Gerais Estaduais 2026";"RJ";"RJ";"RIO DE JANEIRO";"190002543307";"-1";"Fundamentos legais de julgamento";"Ausência de condição de elegibilidade"
"08/10/2026";"08:31:04";2026;2;"Eleição Ordinária";6259;"Eleições Gerais Estaduais 2026";"RJ";"RJ";"RIO DE JANEIRO";"190002548085";"-1";"Fundamentos legais de julgamento";"Ausência de condição de elegibilidade"
"08/10/2026";"08:31:04";2026;2;"Eleição Ordinária";6259;"Eleições Gerais Estaduais 2026";"RJ";"RJ";"RIO DE JANEIRO";"190002550277";"-1";"Fundamentos legais de julgamento";"Ausência de condição de elegibilidade"
"08/10/2026";"08:31:04";2026;2;"Eleição Ordinária";6259;"Eleições Gerais Estaduais 2026";"RJ";"RJ";"RIO DE JANEIRO";"190002550298";"-1";"Fundamentos legais de julgamento";"Ausência de condição de elegibilidade"
"08/10/2026";"08:31:04";2026;2;"Eleição Ordinária";6259;"Eleições Gerais Estaduais 2026";"RO";"RO";"RONDÔNIA";"220002550928";"-1";"Fundamentos legais de julgamento";"Ausência de condição de elegibilidade"
"08/10/2026";"08:31:04";2026;2;"Eleição Ordinária";6259;"Eleições Gerais Estaduais 2026";"RO";"RO";"RONDÔNIA";"220002547370";"-1";"Fundamentos legais de julgamento";"Ausência de condição de elegibilidade"
"08/10/2026";"08:31:04";2026;2;"Eleição Ordinária";6259;"Eleições Gerais Estaduais 2026";"RR";"RR";"RORAIMA";"230002538177";"-1";"Fundamentos legais de julgamento";"Ausência de condição de elegibilidade"
"08/10/2026";"08:31:04";2026;2;"Eleição Ordinária";6259;"Eleições Gerais Estaduais 2026";"RS";"RS";"RIO GRANDE DO SUL";"210002549649";"-1";"Fundamentos legais de julgamento";"Ausência de condição de elegibilidade"
"08/10/2026";"08:31:04";2026;2;"Eleição Ordinária";6259;"Eleições Gerais Estaduais 2026";"RS";"RS";"RIO GRANDE DO SUL";"210002549651";"-1";"Fundamentos legais de julgamento";"Ausência de condição de elegibilidade"
"08/10/2026";"08:31:04";2026;2;"Eleição Ordinária";6259;"Eleições Gerais Estaduais 2026";"RS";"RS";"RIO GRANDE DO SUL";"210002549652";"-1";"Fundamentos legais de julgamento";"Ausência de condição de elegibilidade"
"08/10/2026";"08:31:04";2026;2;"Eleição Ordinária";6259;"Eleições Gerais Estaduais 2026";"RS";"RS";"RIO GRANDE DO SUL";"210002552924";"-1";"Fundamentos legais de julgamento";"Ausência de condição de elegibilidade"
"08/10/2026";"08:31:04";2026;2;"Eleição Ordinária";6259;"Eleições Gerais Estaduais 2026";"RS";"RS";"RIO GRANDE DO SUL";"210002552769";"-1";"Fundamentos legais de julgamento";"Ausência de condição de elegibilidade"
"08/10/2026";"08:31:04";2026;2;"Eleição Ordinária";6259;"Eleições Gerais Estaduais 2026";"RS";"RS";"RIO GRANDE DO SUL";"210002552772";"-1";"Fundamentos legais de julgamento";"Ausência de condição de elegibilidade"
"08/10/2026";"08:31:04";2026;2;"Eleição Ordinária";6259;"Eleições Gerais Estaduais 2026";"SC";"SC";"SANTA CATARINA";"240002537805";"-1";"Fundamentos legais de julgamento";"Ausência de condição de elegibilidade"
"08/10/2026";"08:31:04";2026;2;"Eleição Ordinária";6259;"Eleições Gerais Estaduais 2026";"SC";"SC";"SANTA CATARINA";"240002552224";"-1";"Fundamentos legais de julgamento";"Ausência de condição de elegibilidade"
"08/10/2026";"08:31:04";2026;2;"Eleição Ordinária";6259;"Eleições Gerais Estaduais 2026";"SC";"SC";"SANTA CATARINA";"240002552226";"-1";"Fundamentos legais de julgamento";"Ausência de condição de elegibilidade"
"08/10/2026";"08:31:04";2026;2;"Eleição Ordinária";6259;"Eleições Gerais Estaduais 2026";"SE";"SE";"SERGIPE";"260002554130";"-1";"Fundamentos legais de julgamento";"Ausência de condição de elegibilidade"
"08/10/2026";"08:31:04";2026;2;"Eleição Ordinária";6259;"Eleições Gerais Estaduais 2026";"SP";"SP";"SÃO PAULO";"250002551628";"-1";"Fundamentos legais de julgamento";"Ausência de condição de elegibilidade"
"08/10/2026";"08:31:04";2026;2;"Eleição Ordinária";6259;"Eleições Gerais Estaduais 2026";"SP";"SP";"SÃO PAULO";"250002551654";"-1";"Fundamentos legais de julgamento";"Ausência de condição de elegibilidade"
"08/10/2026";"08:31:04";2026;2;"Eleição Ordinária";6259;"Eleições Gerais Estaduais 2026";"SP";"SP";"SÃO PAULO";"250002552636";"-1";"Fundamentos legais de julgamento";"Ausência de condição de elegibilidade"
"08/10/2026";"08:31:04";2026;2;"Eleição Ordinária";6259;"Eleições Gerais Estaduais 2026";"SP";"SP";"SÃO PAULO";"250002552640";"-1";"Fundamentos legais de julgamento";"Ausência de condição de elegibilidade"
"08/10/2026";"08:31:04";2026;2;"Eleição Ordinária";6259;"Eleições Gerais Estaduais 2026";"SP";"SP";"SÃO PAULO";"250002554011";"-1";"Fundamentos legais de julgamento";"Ausência de condição de elegibilidade"
"08/10/2026";"08:31:04";2026;2;"Eleição Ordinária";6259;"Eleições Gerais Estaduais 2026";"SP";"SP";"SÃO PAULO";"250002554012";"-1";"Fundamentos legais de julgamento";"Ausência de condição de elegibilidade"
"08/10/2026";"08:31:04";2026;2;"Eleição Ordinária";6259;"Eleições Gerais Estaduais 2026";"SP";"SP";"SÃO PAULO";"250002554015";"-1";"Fundamentos legais de julgamento";"Ausência de condição de elegibilidade"
"08/10/2026";"08:31:04";2026;2;"Eleição Ordinária";6259;"Eleições Gerais Estaduais 2026";"SP";"SP";"SÃO PAULO";"250002554031";"-1";"Fundamentos legais de julgamento";"Ausência de condição de elegibilidade"
"08/10/2026";"08:31:04";2026;2;"Eleição Ordinária";6259;"Eleições Gerais Estaduais 2026";"SP";"SP";"SÃO PAULO";"250002552861";"-1";"Fundamentos legais de julgamento";"Ausência de condição de elegibilidade"
"08/10/2026";"08:31:04";2026;2;"Eleição Ordinária";6259;"Eleições Gerais Estaduais 2026";"SP";"SP";"SÃO PAULO";"250002553768";"-1";"Fundamentos legais de julgamento";"Ausência de condição de elegibilidade"
"08/10/2026";"08:31:04";2026;2;"Eleição Ordinária";6259;"Eleições Gerais Estaduais 2026";"SP";"SP";"SÃO PAULO";"250002553828";"-1";"Fundamentos legais de julgamento";"Ausência de condição de elegibilidade"
"08/10/2026";"08:31:04";2026;2;"Eleição Ordinária";6259;"Eleições Gerais Estaduais 2026";"SP";"SP";"SÃO PAULO";"250002553833";"-1";"Fundamentos legais de julgamento";"Ausência de condição de elegibilidade"
"08/10/2026";"08:31:04";2026;2;"Eleição Ordinária";6259;"Eleições Gerais Estaduais 2026";"SP";"SP";"SÃO PAULO";"250002553844";"-1";"Fundamentos legais de julgamento";"Ausência de condição de elegibilidade"
"08/10/2026";"08:31:04";2026;2;"Eleição Ordinária";6259;"Eleições Gerais Estaduais 2026";"TO";"TO";"TOCANTINS";"270002551271";"-1";"Fundamentos legais de julgamento";"Ausência de condição de elegibilidade"
"08/10/2026";"08:31:04";2026;2;"Eleição Ordinária";6259;"Eleições Gerais Estaduais 2026";"TO";"TO";"TOCANTINS";"270002551272";"-1";"Fundamentos legais de julgamento";"Ausência de condição de elegibilidade"
"08/10/2026";"08:31:04";2026;2;"Eleição Ordinária";6259;"Eleições Gerais Estaduais 2026";"AC";"AC";"ACRE";"10002532419";"-1";"Fundamentos legais de julgamento";"Inelegibilidade constitucional"
"08/10/2026";"08:31:04";2026;2;"Eleição Ordinária";6259;"Eleições Gerais Estaduais 2026";"AL";"AL";"ALAGOAS";"20002552857";"-1";"Fundamentos legais de julgamento";"Inelegibilidade constitucional"
"08/10/2026";"08:31:04";2026;2;"Eleição Ordinária";6259;"Eleições Gerais Estaduais 2026";"DF";"DF";"DISTRITO FEDERAL";"70002551373";"-1";"Fundamentos legais de julgamento";"Inelegibilidade constitucional"
"08/10/2026";"08:31:04";2026;2;"Eleição Ordinária";6259;"Eleições Gerais Estaduais 2026";"PB";"PB";"PARAÍBA";"150002553396";"-1";"Fundamentos legais de julgamento";"Inelegibilidade constitucional"
"08/10/2026";"08:31:04";2026;2;"Eleição Ordinária";6259;"Eleições Gerais Estaduais 2026";"RJ";"RJ";"RIO DE JANEIRO";"190002543885";"-1";"Fundamentos legais de julgamento";"Inelegibilidade constitucional"
"08/10/2026";"08:31:04";2026;2;"Eleição Ordinária";6259;"Eleições Gerais Estaduais 2026";"RJ";"RJ";"RIO DE JANEIRO";"190002534085";"-1";"Fundamentos legais de julgamento";"Inelegibilidade constitucional"
"08/10/2026";"08:31:04";2026;2;"Eleição Ordinária";6259;"Eleições Gerais Estaduais 2026";"RJ";"RJ";"RIO DE JANEIRO";"190002538627";"-1";"Fundamentos legais de julgamento";"Inelegibilidade constitucional"
"08/10/2026";"08:31:04";2026;2;"Eleição Ordinária";6259;"Eleições Gerais Estaduais 2026";"RJ";"RJ";"RIO DE JANEIRO";"190002541636";"-1";"Fundamentos legais de julgamento";"Inelegibilidade constitucional"
"08/10/2026";"08:31:04";2026;2;"Eleição Ordinária";6259;"Eleições Gerais Estaduais 2026";"SP";"SP";"SÃO PAULO";"250002548512";"-1";"Fundamentos legais de julgamento";"Inelegibilidade constitucional"
"08/10/2026";"08:31:04";2026;2;"Eleição Ordinária";6257;"Eleição Geral Federal 2026";"BR";"BR";"BRASIL";"280002553884";"-1";"Fundamentos legais de julgamento";"Inelegibilidade infraconstitucional(LC 64/90)"
"08/10/2026";"08:31:04";2026;2;"Eleição Ordinária";6259;"Eleições Gerais Estaduais 2026";"AC";"AC";"ACRE";"10002550658";"-1";"Fundamentos legais de julgamento";"Inelegibilidade infraconstitucional(LC 64/90)"
"08/10/2026";"08:31:04";2026;2;"Eleição Ordinária";6259;"Eleições Gerais Estaduais 2026";"DF";"DF";"DISTRITO FEDERAL";"70002552586";"-1";"Fundamentos legais de julgamento";"Inelegibilidade infraconstitucional(LC 64/90)"
"08/10/2026";"08:31:04";2026;2;"Eleição Ordinária";6259;"Eleições Gerais Estaduais 2026";"ES";"ES";"ESPÍRITO SANTO";"80002540547";"-1";"Fundamentos legais de julgamento";"Inelegibilidade infraconstitucional(LC 64/90)"
"08/10/2026";"08:31:04";2026;2;"Eleição Ordinária";6259;"Eleições Gerais Estaduais 2026";"GO";"GO";"GOIÁS";"90002543491";"-1";"Fundamentos legais de julgamento";"Inelegibilidade infraconstitucional(LC 64/90)"
"08/10/2026";"08:31:04";2026;2;"Eleição Ordinária";6259;"Eleições Gerais Estaduais 2026";"MG";"MG";"MINAS GERAIS";"130002537224";"-1";"Fundamentos legais de julgamento";"Inelegibilidade infraconstitucional(LC 64/90)"
"08/10/2026";"08:31:04";2026;2;"Eleição Ordinária";6259;"Eleições Gerais Estaduais 2026";"MG";"MG";"MINAS GERAIS";"130002538960";"-1";"Fundamentos legais de julgamento";"Inelegibilidade infraconstitucional(LC 64/90)"
"08/10/2026";"08:31:04";2026;2;"Eleição Ordinária";6259;"Eleições Gerais Estaduais 2026";"MG";"MG";"MINAS GERAIS";"130002545571";"-1";"Fundamentos legais de julgamento";"Inelegibilidade infraconstitucional(LC 64/90)"
"08/10/2026";"08:31:04";2026;2;"Eleição Ordinária";6259;"Eleições Gerais Estaduais 2026";"MG";"MG";"MINAS GERAIS";"130002540595";"-1";"Fundamentos legais de julgamento";"Inelegibilidade infraconstitucional(LC 64/90)"
"08/10/2026";"08:31:04";2026;2;"Eleição Ordinária";6259;"Eleições Gerais Estaduais 2026";"MG";"MG";"MINAS GERAIS";"130002542098";"-1";"Fundamentos legais de julgamento";"Inelegibilidade infraconstitucional(LC 64/90)"
"08/10/2026";"08:31:04";2026;2;"Eleição Ordinária";6259;"Eleições Gerais Estaduais 2026";"MS";"MS";"MATO GROSSO DO SUL";"120002547046";"-1";"Fundamentos legais de julgamento";"Inelegibilidade infraconstitucional(LC 64/90)"
"08/10/2026";"08:31:04";2026;2;"Eleição Ordinária";6259;"Eleições Gerais Estaduais 2026";"PI";"PI";"PIAUÍ";"180002548685";"-1";"Fundamentos legais de julgamento";"Inelegibilidade infraconstitucional(LC 64/90)"
"08/10/2026";"08:31:04";2026;2;"Eleição Ordinária";6259;"Eleições Gerais Estaduais 2026";"PR";"PR";"PARANÁ";"160002532879";"-1";"Fundamentos legais de julgamento";"Inelegibilidade infraconstitucional(LC 64/90)"
"08/10/2026";"08:31:04";2026;2;"Eleição Ordinária";6259;"Eleições Gerais Estaduais 2026";"PR";"PR";"PARANÁ";"160002540786";"-1";"Fundamentos legais de julgamento";"Inelegibilidade infraconstitucional(LC 64/90)"
"08/10/2026";"08:31:04";2026;2;"Eleição Ordinária";6259;"Eleições Gerais Estaduais 2026";"PR";"PR";"PARANÁ";"160002546881";"-1";"Fundamentos legais de julgamento";"Inelegibilidade infraconstitucional(LC 64/90)"
"08/10/2026";"08:31:04";2026;2;"Eleição Ordinária";6259;"Eleições Gerais Estaduais 2026";"PR";"PR";"PARANÁ";"160002547630";"-1";"Fundamentos legais de julgamento";"Inelegibilidade infraconstitucional(LC 64/90)"
"08/10/2026";"08:31:04";2026;2;"Eleição Ordinária";6259;"Eleições Gerais Estaduais 2026";"RJ";"RJ";"RIO DE JANEIRO";"190002539678";"-1";"Fundamentos legais de julgamento";"Inelegibilidade infraconstitucional(LC 64/90)"
"08/10/2026";"08:31:04";2026;2;"Eleição Ordinária";6259;"Eleições Gerais Estaduais 2026";"RJ";"RJ";"RIO DE JANEIRO";"190002538820";"-1";"Fundamentos legais de julgamento";"Inelegibilidade infraconstitucional(LC 64/90)"
"08/10/2026";"08:31:04";2026;2;"Eleição Ordinária";6259;"Eleições Gerais Estaduais 2026";"RS";"RS";"RIO GRANDE DO SUL";"210002550528";"-1";"Fundamentos legais de julgamento";"Inelegibilidade infraconstitucional(LC 64/90)"
"08/10/2026";"08:31:04";2026;2;"Eleição Ordinária";6259;"Eleições Gerais Estaduais 2026";"SC";"SC";"SANTA CATARINA";"240002541405";"-1";"Fundamentos legais de julgamento";"Inelegibilidade infraconstitucional(LC 64/90)"
"08/10/2026";"08:31:04";2026;2;"Eleição Ordinária";6259;"Eleições Gerais Estaduais 2026";"SP";"SP";"SÃO PAULO";"250002554445";"-1";"Fundamentos legais de julgamento";"Inelegibilidade infraconstitucional(LC 64/90)"
"08/10/2026";"08:31:04";2026;2;"Eleição Ordinária";6259;"Eleições Gerais Estaduais 2026";"SP";"SP";"SÃO PAULO";"250002534143";"-1";"Fundamentos legais de julgamento";"Inelegibilidade infraconstitucional(LC 64/90)"
"08/10/2026";"08:31:04";2026;2;"Eleição Ordinária";6259;"Eleições Gerais Estaduais 2026";"SP";"SP";"SÃO PAULO";"250002550236";"-1";"Fundamentos legais de julgamento";"Inelegibilidade infraconstitucional(LC 64/90)"
"08/10/2026";"08:31:04";2026;2;"Eleição Ordinária";6259;"Eleições Gerais Estaduais 2026";"TO";"TO";"TOCANTINS";"270002546902";"-1";"Fundamentos legais de julgamento";"Inelegibilidade infraconstitucional(LC 64/90)"
"08/10/2026";"08:31:04";2026;2;"Eleição Ordinária";6259;"Eleições Gerais Estaduais 2026";"AP";"AP";"AMAPÁ";"30002549893";"-1";"Fundamentos legais de julgamento";"Ausência de desincompatibilização (LC 64/90)"
"08/10/2026";"08:31:04";2026;2;"Eleição Ordinária";6259;"Eleições Gerais Estaduais 2026";"DF";"DF";"DISTRITO FEDERAL";"70002554528";"-1";"Fundamentos legais de julgamento";"Ausência de desincompatibilização (LC 64/90)"
"08/10/2026";"08:31:04";2026;2;"Eleição Ordinária";6259;"Eleições Gerais Estaduais 2026";"MG";"MG";"MINAS GERAIS";"130002543705";"-1";"Fundamentos legais de julgamento";"Ausência de desincompatibilização (LC 64/90)"
"08/10/2026";"08:31:04";2026;2;"Eleição Ordinária";6259;"Eleições Gerais Estaduais 2026";"MS";"MS";"MATO GROSSO DO SUL";"120002532707";"-1";"Fundamentos legais de julgamento";"Ausência de desincompatibilização (LC 64/90)"
"08/10/2026";"08:31:04";2026;2;"Eleição Ordinária";6259;"Eleições Gerais Estaduais 2026";"MT";"MT";"MATO GROSSO";"110002551514";"-1";"Fundamentos legais de julgamento";"Ausência de desincompatibilização (LC 64/90)"
"08/10/2026";"08:31:04";2026;2;"Eleição Ordinária";6259;"Eleições Gerais Estaduais 2026";"PA";"PA";"PARÁ";"140002548661";"-1";"Fundamentos legais de julgamento";"Ausência de desincompatibilização (LC 64/90)"
"08/10/2026";"08:31:04";2026;2;"Eleição Ordinária";6259;"Eleições Gerais Estaduais 2026";"PA";"PA";"PARÁ";"140002549715";"-1";"Fundamentos legais de julgamento";"Ausência de desincompatibilização (LC 64/90)"
"08/10/2026";"08:31:04";2026;2;"Eleição Ordinária";6259;"Eleições Gerais Estaduais 2026";"PA";"PA";"PARÁ";"140002552075";"-1";"Fundamentos legais de julgamento";"Ausência de desincompatibilização (LC 64/90)"
"08/10/2026";"08:31:04";2026;2;"Eleição Ordinária";6259;"Eleições Gerais Estaduais 2026";"PB";"PB";"PARAÍBA";"150002549765";"-1";"Fundamentos legais de julgamento";"Ausência de desincompatibilização (LC 64/90)"
"08/10/2026";"08:31:04";2026;2;"Eleição Ordinária";6259;"Eleições Gerais Estaduais 2026";"PB";"PB";"PARAÍBA";"150002549750";"-1";"Fundamentos legais de julgamento";"Ausência de desincompatibilização (LC 64/90)"
"08/10/2026";"08:31:04";2026;2;"Eleição Ordinária";6259;"Eleições Gerais Estaduais 2026";"RO";"RO";"RONDÔNIA";"220002554529";"-1";"Fundamentos legais de julgamento";"Ausência de desincompatibilização (LC 64/90)"
"08/10/2026";"08:31:04";2026;2;"Eleição Ordinária";6259;"Eleições Gerais Estaduais 2026";"TO";"TO";"TOCANTINS";"270002550623";"-1";"Fundamentos legais de julgamento";"Ausência de desincompatibilização (LC 64/90)"
"08/10/2026";"08:31:04";2026;2;"Eleição Ordinária";6259;"Eleições Gerais Estaduais 2026";"AM";"AM";"AMAZONAS";"40002551280";"-1";"Fundamentos legais de julgamento";"Ausência de quitação eleitoral (Lei 9.504/97)"
"08/10/2026";"08:31:04";2026;2;"Eleição Ordinária";6259;"Eleições Gerais Estaduais 2026";"AP";"AP";"AMAPÁ";"30002530021";"-1";"Fundamentos legais de julgamento";"Ausência de quitação eleitoral (Lei 9.504/97)"
"08/10/2026";"08:31:04";2026;2;"Eleição Ordinária";6259;"Eleições Gerais Estaduais 2026";"BA";"BA";"BAHIA";"50002538747";"-1";"Fundamentos legais de julgamento";"Ausência de quitação eleitoral (Lei 9.504/97)"
"08/10/2026";"08:31:04";2026;2;"Eleição Ordinária";6259;"Eleições Gerais Estaduais 2026";"BA";"BA";"BAHIA";"50002553645";"-1";"Fundamentos legais de julgamento";"Ausência de quitação eleitoral (Lei 9.504/97)"
"08/10/2026";"08:31:04";2026;2;"Eleição Ordinária";6259;"Eleições Gerais Estaduais 2026";"CE";"CE";"CEARÁ";"60002542208";"-1";"Fundamentos legais de julgamento";"Ausência de quitação eleitoral (Lei 9.504/97)"
"08/10/2026";"08:31:04";2026;2;"Eleição Ordinária";6259;"Eleições Gerais Estaduais 2026";"DF";"DF";"DISTRITO FEDERAL";"70002551190";"-1";"Fundamentos legais de julgamento";"Ausência de quitação eleitoral (Lei 9.504/97)"
"08/10/2026";"08:31:04";2026;2;"Eleição Ordinária";6259;"Eleições Gerais Estaduais 2026";"DF";"DF";"DISTRITO FEDERAL";"70002554222";"-1";"Fundamentos legais de julgamento";"Ausência de quitação eleitoral (Lei 9.504/97)"
"08/10/2026";"08:31:04";2026;2;"Eleição Ordinária";6259;"Eleições Gerais Estaduais 2026";"GO";"GO";"GOIÁS";"90002552474";"-1";"Fundamentos legais de julgamento";"Ausência de quitação eleitoral (Lei 9.504/97)"
"08/10/2026";"08:31:04";2026;2;"Eleição Ordinária";6259;"Eleições Gerais Estaduais 2026";"MA";"MA";"MARANHÃO";"100002545279";"-1";"Fundamentos legais de julgamento";"Ausência de quitação eleitoral (Lei 9.504/97)"
"08/10/2026";"08:31:04";2026;2;"Eleição Ordinária";6259;"Eleições Gerais Estaduais 2026";"MG";"MG";"MINAS GERAIS";"130002554146";"-1";"Fundamentos legais de julgamento";"Ausência de quitação eleitoral (Lei 9.504/97)"
"08/10/2026";"08:31:04";2026;2;"Eleição Ordinária";6259;"Eleições Gerais Estaduais 2026";"MG";"MG";"MINAS GERAIS";"130002542807";"-1";"Fundamentos legais de julgamento";"Ausência de quitação eleitoral (Lei 9.504/97)"
"08/10/2026";"08:31:04";2026;2;"Eleição Ordinária";6259;"Eleições Gerais Estaduais 2026";"MG";"MG";"MINAS GERAIS";"130002550161";"-1";"Fundamentos legais de julgamento";"Ausência de quitação eleitoral (Lei 9.504/97)"
"08/10/2026";"08:31:04";2026;2;"Eleição Ordinária";6259;"Eleições Gerais Estaduais 2026";"MS";"MS";"MATO GROSSO DO SUL";"120002534952";"-1";"Fundamentos legais de julgamento";"Ausência de quitação eleitoral (Lei 9.504/97)"
"08/10/2026";"08:31:04";2026;2;"Eleição Ordinária";6259;"Eleições Gerais Estaduais 2026";"PA";"PA";"PARÁ";"140002552323";"-1";"Fundamentos legais de julgamento";"Ausência de quitação eleitoral (Lei 9.504/97)"
"08/10/2026";"08:31:04";2026;2;"Eleição Ordinária";6259;"Eleições Gerais Estaduais 2026";"PA";"PA";"PARÁ";"140002546698";"-1";"Fundamentos legais de julgamento";"Ausência de quitação eleitoral (Lei 9.504/97)"
"08/10/2026";"08:31:04";2026;2;"Eleição Ordinária";6259;"Eleições Gerais Estaduais 2026";"PA";"PA";"PARÁ";"140002552075";"-1";"Fundamentos legais de julgamento";"Ausência de quitação eleitoral (Lei 9.504/97)"
"08/10/2026";"08:31:04";2026;2;"Eleição Ordinária";6259;"Eleições Gerais Estaduais 2026";"PR";"PR";"PARANÁ";"160002540775";"-1";"Fundamentos legais de julgamento";"Ausência de quitação eleitoral (Lei 9.504/97)"
"08/10/2026";"08:31:04";2026;2;"Eleição Ordinária";6259;"Eleições Gerais Estaduais 2026";"PR";"PR";"PARANÁ";"160002546869";"-1";"Fundamentos legais de julgamento";"Ausência de quitação eleitoral (Lei 9.504/97)"
"08/10/2026";"08:31:04";2026;2;"Eleição Ordinária";6259;"Eleições Gerais Estaduais 2026";"PR";"PR";"PARANÁ";"160002552812";"-1";"Fundamentos legais de julgamento";"Ausência de quitação eleitoral (Lei 9.504/97)"
"08/10/2026";"08:31:04";2026;2;"Eleição Ordinária";6259;"Eleições Gerais Estaduais 2026";"RN";"RN";"RIO GRANDE DO NORTE";"200002548549";"-1";"Fundamentos legais de julgamento";"Ausência de quitação eleitoral (Lei 9.504/97)"
"08/10/2026";"08:31:04";2026;2;"Eleição Ordinária";6259;"Eleições Gerais Estaduais 2026";"RS";"RS";"RIO GRANDE DO SUL";"210002552592";"-1";"Fundamentos legais de julgamento";"Ausência de quitação eleitoral (Lei 9.504/97)"
"08/10/2026";"08:31:04";2026;2;"Eleição Ordinária";6259;"Eleições Gerais Estaduais 2026";"RS";"RS";"RIO GRANDE DO SUL";"210002550538";"-1";"Fundamentos legais de julgamento";"Ausência de quitação eleitoral (Lei 9.504/97)"
"08/10/2026";"08:31:04";2026;2;"Eleição Ordinária";6259;"Eleições Gerais Estaduais 2026";"SC";"SC";"SANTA CATARINA";"240002541405";"-1";"Fundamentos legais de julgamento";"Ausência de quitação eleitoral (Lei 9.504/97)"
"08/10/2026";"08:31:04";2026;2;"Eleição Ordinária";6259;"Eleições Gerais Estaduais 2026";"SC";"SC";"SANTA CATARINA";"240002551663";"-1";"Fundamentos legais de julgamento";"Ausência de quitação eleitoral (Lei 9.504/97)"
"08/10/2026";"08:31:04";2026;2;"Eleição Ordinária";6259;"Eleições Gerais Estaduais 2026";"SP";"SP";"SÃO PAULO";"250002551653";"-1";"Fundamentos legais de julgamento";"Ausência de quitação eleitoral (Lei 9.504/97)"
"08/10/2026";"08:31:04";2026;2;"Eleição Ordinária";6259;"Eleições Gerais Estaduais 2026";"SP";"SP";"SÃO PAULO";"250002552653";"-1";"Fundamentos legais de julgamento";"Ausência de quitação eleitoral (Lei 9.504/97)"
"08/10/2026";"08:31:04";2026;2;"Eleição Ordinária";6259;"Eleições Gerais Estaduais 2026";"SP";"SP";"SÃO PAULO";"250002554082";"-1";"Fundamentos legais de julgamento";"Ausência de quitação eleitoral (Lei 9.504/97)"
"08/10/2026";"08:31:04";2026;2;"Eleição Ordinária";6259;"Eleições Gerais Estaduais 2026";"AP";"AP";"AMAPÁ";"30002533119";"-1";"Fundamentos legais de julgamento";"Desatendimento a requisito formal (Lei 9.504/97)"
"08/10/2026";"08:31:04";2026;2;"Eleição Ordinária";6259;"Eleições Gerais Estaduais 2026";"DF";"DF";"DISTRITO FEDERAL";"70002554083";"-1";"Fundamentos legais de julgamento";"Desatendimento a requisito formal (Lei 9.504/97)"
"08/10/2026";"08:31:04";2026;2;"Eleição Ordinária";6259;"Eleições Gerais Estaduais 2026";"ES";"ES";"ESPÍRITO SANTO";"80002551825";"-1";"Fundamentos legais de julgamento";"Desatendimento a requisito formal (Lei 9.504/97)"
"08/10/2026";"08:31:04";2026;2;"Eleição Ordinária";6259;"Eleições Gerais Estaduais 2026";"GO";"GO";"GOIÁS";"90002554513";"-1";"Fundamentos legais de julgamento";"Desatendimento a requisito formal (Lei 9.504/97)"
"08/10/2026";"08:31:04";2026;2;"Eleição Ordinária";6259;"Eleições Gerais Estaduais 2026";"MG";"MG";"MINAS GERAIS";"130002552407";"-1";"Fundamentos legais de julgamento";"Desatendimento a requisito formal (Lei 9.504/97)"
"08/10/2026";"08:31:04";2026;2;"Eleição Ordinária";6259;"Eleições Gerais Estaduais 2026";"MG";"MG";"MINAS GERAIS";"130002553629";"-1";"Fundamentos legais de julgamento";"Desatendimento a requisito formal (Lei 9.504/97)"
"08/10/2026";"08:31:04";2026;2;"Eleição Ordinária";6259;"Eleições Gerais Estaduais 2026";"MT";"MT";"MATO GROSSO";"110002551938";"-1";"Fundamentos legais de julgamento";"Desatendimento a requisito formal (Lei 9.504/97)"
"08/10/2026";"08:31:04";2026;2;"Eleição Ordinária";6259;"Eleições Gerais Estaduais 2026";"PA";"PA";"PARÁ";"140002553862";"-1";"Fundamentos legais de julgamento";"Desatendimento a requisito formal (Lei 9.504/97)"
"08/10/2026";"08:31:04";2026;2;"Eleição Ordinária";6259;"Eleições Gerais Estaduais 2026";"PA";"PA";"PARÁ";"140002552075";"-1";"Fundamentos legais de julgamento";"Desatendimento a requisito formal (Lei 9.504/97)"
"08/10/2026";"08:31:04";2026;2;"Eleição Ordinária";6259;"Eleições Gerais Estaduais 2026";"PA";"PA";"PARÁ";"140002553716";"-1";"Fundamentos legais de julgamento";"Desatendimento a requisito formal (Lei 9.504/97)"
"08/10/2026";"08:31:04";2026;2;"Eleição Ordinária";6259;"Eleições Gerais Estaduais 2026";"PE";"PE";"PERNAMBUCO";"170002541259";"-1";"Fundamentos legais de julgamento";"Desatendimento a requisito formal (Lei 9.504/97)"
"08/10/2026";"08:31:04";2026;2;"Eleição Ordinária";6259;"Eleições Gerais Estaduais 2026";"PE";"PE";"PERNAMBUCO";"170002544853";"-1";"Fundamentos legais de julgamento";"Desatendimento a requisito formal (Lei 9.504/97)"
"08/10/2026";"08:31:04";2026;2;"Eleição Ordinária";6259;"Eleições Gerais Estaduais 2026";"PE";"PE";"PERNAMBUCO";"170002554393";"-1";"Fundamentos legais de julgamento";"Desatendimento a requisito formal (Lei 9.504/97)"
"08/10/2026";"08:31:04";2026;2;"Eleição Ordinária";6259;"Eleições Gerais Estaduais 2026";"PE";"PE";"PERNAMBUCO";"170002544846";"-1";"Fundamentos legais de julgamento";"Desatendimento a requisito formal (Lei 9.504/97)"
"08/10/2026";"08:31:04";2026;2;"Eleição Ordinária";6259;"Eleições Gerais Estaduais 2026";"PE";"PE";"PERNAMBUCO";"170002540421";"-1";"Fundamentos legais de julgamento";"Desatendimento a requisito formal (Lei 9.504/97)"
"08/10/2026";"08:31:04";2026;2;"Eleição Ordinária";6259;"Eleições Gerais Estaduais 2026";"PR";"PR";"PARANÁ";"160002553657";"-1";"Fundamentos legais de julgamento";"Desatendimento a requisito formal (Lei 9.504/97)"
"08/10/2026";"08:31:04";2026;2;"Eleição Ordinária";6259;"Eleições Gerais Estaduais 2026";"PR";"PR";"PARANÁ";"160002552792";"-1";"Fundamentos legais de julgamento";"Desatendimento a requisito formal (Lei 9.504/97)"
"08/10/2026";"08:31:04";2026;2;"Eleição Ordinária";6259;"Eleições Gerais Estaduais 2026";"RJ";"RJ";"RIO DE JANEIRO";"190002539359";"-1";"Fundamentos legais de julgamento";"Desatendimento a requisito formal (Lei 9.504/97)"
"08/10/2026";"08:31:04";2026;2;"Eleição Ordinária";6259;"Eleições Gerais Estaduais 2026";"RJ";"RJ";"RIO DE JANEIRO";"190002543881";"-1";"Fundamentos legais de julgamento";"Desatendimento a requisito formal (Lei 9.504/97)"
"08/10/2026";"08:31:04";2026;2;"Eleição Ordinária";6259;"Eleições Gerais Estaduais 2026";"RJ";"RJ";"RIO DE JANEIRO";"190002543905";"-1";"Fundamentos legais de julgamento";"Desatendimento a requisito formal (Lei 9.504/97)"
"08/10/2026";"08:31:04";2026;2;"Eleição Ordinária";6259;"Eleições Gerais Estaduais 2026";"RJ";"RJ";"RIO DE JANEIRO";"190002534687";"-1";"Fundamentos legais de julgamento";"Desatendimento a requisito formal (Lei 9.504/97)"
"08/10/2026";"08:31:04";2026;2;"Eleição Ordinária";6259;"Eleições Gerais Estaduais 2026";"RJ";"RJ";"RIO DE JANEIRO";"190002536539";"-1";"Fundamentos legais de julgamento";"Desatendimento a requisito formal (Lei 9.504/97)"
"08/10/2026";"08:31:04";2026;2;"Eleição Ordinária";6259;"Eleições Gerais Estaduais 2026";"RJ";"RJ";"RIO DE JANEIRO";"190002538823";"-1";"Fundamentos legais de julgamento";"Desatendimento a requisito formal (Lei 9.504/97)"
"08/10/2026";"08:31:04";2026;2;"Eleição Ordinária";6259;"Eleições Gerais Estaduais 2026";"RJ";"RJ";"RIO DE JANEIRO";"190002538864";"-1";"Fundamentos legais de julgamento";"Desatendimento a requisito formal (Lei 9.504/97)"
"08/10/2026";"08:31:04";2026;2;"Eleição Ordinária";6259;"Eleições Gerais Estaduais 2026";"RJ";"RJ";"RIO DE JANEIRO";"190002543968";"-1";"Fundamentos legais de julgamento";"Desatendimento a requisito formal (Lei 9.504/97)"
"08/10/2026";"08:31:04";2026;2;"Eleição Ordinária";6259;"Eleições Gerais Estaduais 2026";"RJ";"RJ";"RIO DE JANEIRO";"190002548285";"-1";"Fundamentos legais de julgamento";"Desatendimento a requisito formal (Lei 9.504/97)"
"08/10/2026";"08:31:04";2026;2;"Eleição Ordinária";6259;"Eleições Gerais Estaduais 2026";"RJ";"RJ";"RIO DE JANEIRO";"190002552261";"-1";"Fundamentos legais de julgamento";"Desatendimento a requisito formal (Lei 9.504/97)"
"08/10/2026";"08:31:04";2026;2;"Eleição Ordinária";6259;"Eleições Gerais Estaduais 2026";"RJ";"RJ";"RIO DE JANEIRO";"190002552290";"-1";"Fundamentos legais de julgamento";"Desatendimento a requisito formal (Lei 9.504/97)"
"08/10/2026";"08:31:04";2026;2;"Eleição Ordinária";6259;"Eleições Gerais Estaduais 2026";"RN";"RN";"RIO GRANDE DO NORTE";"200002538235";"-1";"Fundamentos legais de julgamento";"Desatendimento a requisito formal (Lei 9.504/97)"
"08/10/2026";"08:31:04";2026;2;"Eleição Ordinária";6259;"Eleições Gerais Estaduais 2026";"RR";"RR";"RORAIMA";"230002554442";"-1";"Fundamentos legais de julgamento";"Desatendimento a requisito formal (Lei 9.504/97)"
"08/10/2026";"08:31:04";2026;2;"Eleição Ordinária";6259;"Eleições Gerais Estaduais 2026";"RS";"RS";"RIO GRANDE DO SUL";"210002550579";"-1";"Fundamentos legais de julgamento";"Desatendimento a requisito formal (Lei 9.504/97)"
"08/10/2026";"08:31:04";2026;2;"Eleição Ordinária";6259;"Eleições Gerais Estaduais 2026";"RS";"RS";"RIO GRANDE DO SUL";"210002552764";"-1";"Fundamentos legais de julgamento";"Desatendimento a requisito formal (Lei 9.504/97)"
"08/10/2026";"08:31:04";2026;2;"Eleição Ordinária";6259;"Eleições Gerais Estaduais 2026";"RS";"RS";"RIO GRANDE DO SUL";"210002552765";"-1";"Fundamentos legais de julgamento";"Desatendimento a requisito formal (Lei 9.504/97)"
"08/10/2026";"08:31:04";2026;2;"Eleição Ordinária";6259;"Eleições Gerais Estaduais 2026";"RS";"RS";"RIO GRANDE DO SUL";"210002552766";"-1";"Fundamentos legais de julgamento";"Desatendimento a requisito formal (Lei 9.504/97)"
"08/10/2026";"08:31:04";2026;2;"Eleição Ordinária";6259;"Eleições Gerais Estaduais 2026";"RS";"RS";"RIO GRANDE DO SUL";"210002552769";"-1";"Fundamentos legais de julgamento";"Desatendimento a requisito formal (Lei 9.504/97)"
"08/10/2026";"08:31:04";2026;2;"Eleição Ordinária";6259;"Eleições Gerais Estaduais 2026";"SC";"SC";"SANTA CATARINA";"240002544686";"-1";"Fundamentos legais de julgamento";"Desatendimento a requisito formal (Lei 9.504/97)"
"08/10/2026";"08:31:04";2026;2;"Eleição Ordinária";6259;"Eleições Gerais Estaduais 2026";"SC";"SC";"SANTA CATARINA";"240002543552";"-1";"Fundamentos legais de julgamento";"Desatendimento a requisito formal (Lei 9.504/97)"
"08/10/2026";"08:31:04";2026;2;"Eleição Ordinária";6259;"Eleições Gerais Estaduais 2026";"SE";"SE";"SERGIPE";"260002545678";"-1";"Fundamentos legais de julgamento";"Desatendimento a requisito formal (Lei 9.504/97)"
"08/10/2026";"08:31:04";2026;2;"Eleição Ordinária";6259;"Eleições Gerais Estaduais 2026";"SP";"SP";"SÃO PAULO";"250002551608";"-1";"Fundamentos legais de julgamento";"Desatendimento a requisito formal (Lei 9.504/97)"
"08/10/2026";"08:31:04";2026;2;"Eleição Ordinária";6259;"Eleições Gerais Estaduais 2026";"SP";"SP";"SÃO PAULO";"250002551610";"-1";"Fundamentos legais de julgamento";"Desatendimento a requisito formal (Lei 9.504/97)"
"08/10/2026";"08:31:04";2026;2;"Eleição Ordinária";6259;"Eleições Gerais Estaduais 2026";"SP";"SP";"SÃO PAULO";"250002551615";"-1";"Fundamentos legais de julgamento";"Desatendimento a requisito formal (Lei 9.504/97)"
"08/10/2026";"08:31:04";2026;2;"Eleição Ordinária";6259;"Eleições Gerais Estaduais 2026";"SP";"SP";"SÃO PAULO";"250002551616";"-1";"Fundamentos legais de julgamento";"Desatendimento a requisito formal (Lei 9.504/97)"
"08/10/2026";"08:31:04";2026;2;"Eleição Ordinária";6259;"Eleições Gerais Estaduais 2026";"SP";"SP";"SÃO PAULO";"250002551620";"-1";"Fundamentos legais de julgamento";"Desatendimento a requisito formal (Lei 9.504/97)"
"08/10/2026";"08:31:04";2026;2;"Eleição Ordinária";6259;"Eleições Gerais Estaduais 2026";"SP";"SP";"SÃO PAULO";"250002551632";"-1";"Fundamentos legais de julgamento";"Desatendimento a requisito formal (Lei 9.504/97)"
"08/10/2026";"08:31:04";2026;2;"Eleição Ordinária";6259;"Eleições Gerais Estaduais 2026";"SP";"SP";"SÃO PAULO";"250002551633";"-1";"Fundamentos legais de julgamento";"Desatendimento a requisito formal (Lei 9.504/97)"
"08/10/2026";"08:31:04";2026;2;"Eleição Ordinária";6259;"Eleições Gerais Estaduais 2026";"SP";"SP";"SÃO PAULO";"250002551635";"-1";"Fundamentos legais de julgamento";"Desatendimento a requisito formal (Lei 9.504/97)"
"08/10/2026";"08:31:04";2026;2;"Eleição Ordinária";6259;"Eleições Gerais Estaduais 2026";"SP";"SP";"SÃO PAULO";"250002551639";"-1";"Fundamentos legais de julgamento";"Desatendimento a requisito formal (Lei 9.504/97)"
"08/10/2026";"08:31:04";2026;2;"Eleição Ordinária";6259;"Eleições Gerais Estaduais 2026";"SP";"SP";"SÃO PAULO";"250002551647";"-1";"Fundamentos legais de julgamento";"Desatendimento a requisito formal (Lei 9.504/97)"
"08/10/2026";"08:31:04";2026;2;"Eleição Ordinária";6259;"Eleições Gerais Estaduais 2026";"SP";"SP";"SÃO PAULO";"250002551649";"-1";"Fundamentos legais de julgamento";"Desatendimento a requisito formal (Lei 9.504/97)"
"08/10/2026";"08:31:04";2026;2;"Eleição Ordinária";6259;"Eleições Gerais Estaduais 2026";"SP";"SP";"SÃO PAULO";"250002551651";"-1";"Fundamentos legais de julgamento";"Desatendimento a requisito formal (Lei 9.504/97)"
"08/10/2026";"08:31:04";2026;2;"Eleição Ordinária";6259;"Eleições Gerais Estaduais 2026";"SP";"SP";"SÃO PAULO";"250002551652";"-1";"Fundamentos legais de julgamento";"Desatendimento a requisito formal (Lei 9.504/97)"
"08/10/2026";"08:31:04";2026;2;"Eleição Ordinária";6259;"Eleições Gerais Estaduais 2026";"SP";"SP";"SÃO PAULO";"250002551654";"-1";"Fundamentos legais de julgamento";"Desatendimento a requisito formal (Lei 9.504/97)"
"08/10/2026";"08:31:04";2026;2;"Eleição Ordinária";6259;"Eleições Gerais Estaduais 2026";"SP";"SP";"SÃO PAULO";"250002551655";"-1";"Fundamentos legais de julgamento";"Desatendimento a requisito formal (Lei 9.504/97)"
"08/10/2026";"08:31:04";2026;2;"Eleição Ordinária";6259;"Eleições Gerais Estaduais 2026";"SP";"SP";"SÃO PAULO";"250002551660";"-1";"Fundamentos legais de julgamento";"Desatendimento a requisito formal (Lei 9.504/97)"
"08/10/2026";"08:31:04";2026;2;"Eleição Ordinária";6259;"Eleições Gerais Estaduais 2026";"SP";"SP";"SÃO PAULO";"250002552630";"-1";"Fundamentos legais de julgamento";"Desatendimento a requisito formal (Lei 9.504/97)"
"08/10/2026";"08:31:04";2026;2;"Eleição Ordinária";6259;"Eleições Gerais Estaduais 2026";"SP";"SP";"SÃO PAULO";"250002552641";"-1";"Fundamentos legais de julgamento";"Desatendimento a requisito formal (Lei 9.504/97)"
"08/10/2026";"08:31:04";2026;2;"Eleição Ordinária";6259;"Eleições Gerais Estaduais 2026";"SP";"SP";"SÃO PAULO";"250002552663";"-1";"Fundamentos legais de julgamento";"Desatendimento a requisito formal (Lei 9.504/97)"
"08/10/2026";"08:31:04";2026;2;"Eleição Ordinária";6259;"Eleições Gerais Estaduais 2026";"SP";"SP";"SÃO PAULO";"250002552667";"-1";"Fundamentos legais de julgamento";"Desatendimento a requisito formal (Lei 9.504/97)"
"08/10/2026";"08:31:04";2026;2;"Eleição Ordinária";6259;"Eleições Gerais Estaduais 2026";"SP";"SP";"SÃO PAULO";"250002552674";"-1";"Fundamentos legais de julgamento";"Desatendimento a requisito formal (Lei 9.504/97)"
"08/10/2026";"08:31:04";2026;2;"Eleição Ordinária";6259;"Eleições Gerais Estaduais 2026";"SP";"SP";"SÃO PAULO";"250002552675";"-1";"Fundamentos legais de julgamento";"Desatendimento a requisito formal (Lei 9.504/97)"
"08/10/2026";"08:31:04";2026;2;"Eleição Ordinária";6259;"Eleições Gerais Estaduais 2026";"SP";"SP";"SÃO PAULO";"250002552939";"-1";"Fundamentos legais de julgamento";"Desatendimento a requisito formal (Lei 9.504/97)"
"08/10/2026";"08:31:04";2026;2;"Eleição Ordinária";6259;"Eleições Gerais Estaduais 2026";"SP";"SP";"SÃO PAULO";"250002554012";"-1";"Fundamentos legais de julgamento";"Desatendimento a requisito formal (Lei 9.504/97)"
"08/10/2026";"08:31:04";2026;2;"Eleição Ordinária";6259;"Eleições Gerais Estaduais 2026";"SP";"SP";"SÃO PAULO";"250002554014";"-1";"Fundamentos legais de julgamento";"Desatendimento a requisito formal (Lei 9.504/97)"
"08/10/2026";"08:31:04";2026;2;"Eleição Ordinária";6259;"Eleições Gerais Estaduais 2026";"SP";"SP";"SÃO PAULO";"250002554015";"-1";"Fundamentos legais de julgamento";"Desatendimento a requisito formal (Lei 9.504/97)"
"08/10/2026";"08:31:04";2026;2;"Eleição Ordinária";6259;"Eleições Gerais Estaduais 2026";"SP";"SP";"SÃO PAULO";"250002554017";"-1";"Fundamentos legais de julgamento";"Desatendimento a requisito formal (Lei 9.504/97)"
"08/10/2026";"08:31:04";2026;2;"Eleição Ordinária";6259;"Eleições Gerais Estaduais 2026";"SP";"SP";"SÃO PAULO";"250002554020";"-1";"Fundamentos legais de julgamento";"Desatendimento a requisito formal (Lei 9.504/97)"
"08/10/2026";"08:31:04";2026;2;"Eleição Ordinária";6259;"Eleições Gerais Estaduais 2026";"SP";"SP";"SÃO PAULO";"250002554022";"-1";"Fundamentos legais de julgamento";"Desatendimento a requisito formal (Lei 9.504/97)"
"08/10/2026";"08:31:04";2026;2;"Eleição Ordinária";6259;"Eleições Gerais Estaduais 2026";"SP";"SP";"SÃO PAULO";"250002554028";"-1";"Fundamentos legais de julgamento";"Desatendimento a requisito formal (Lei 9.504/97)"
"08/10/2026";"08:31:04";2026;2;"Eleição Ordinária";6259;"Eleições Gerais Estaduais 2026";"SP";"SP";"SÃO PAULO";"250002554031";"-1";"Fundamentos legais de julgamento";"Desatendimento a requisito formal (Lei 9.504/97)"
"08/10/2026";"08:31:04";2026;2;"Eleição Ordinária";6259;"Eleições Gerais Estaduais 2026";"SP";"SP";"SÃO PAULO";"250002545042";"-1";"Fundamentos legais de julgamento";"Desatendimento a requisito formal (Lei 9.504/97)"
"08/10/2026";"08:31:04";2026;2;"Eleição Ordinária";6259;"Eleições Gerais Estaduais 2026";"SP";"SP";"SÃO PAULO";"250002547454";"-1";"Fundamentos legais de julgamento";"Desatendimento a requisito formal (Lei 9.504/97)"
"08/10/2026";"08:31:04";2026;2;"Eleição Ordinária";6259;"Eleições Gerais Estaduais 2026";"SP";"SP";"SÃO PAULO";"250002547459";"-1";"Fundamentos legais de julgamento";"Desatendimento a requisito formal (Lei 9.504/97)"
"08/10/2026";"08:31:04";2026;2;"Eleição Ordinária";6259;"Eleições Gerais Estaduais 2026";"SP";"SP";"SÃO PAULO";"250002548163";"-1";"Fundamentos legais de julgamento";"Desatendimento a requisito formal (Lei 9.504/97)"
"08/10/2026";"08:31:04";2026;2;"Eleição Ordinária";6259;"Eleições Gerais Estaduais 2026";"SP";"SP";"SÃO PAULO";"250002548171";"-1";"Fundamentos legais de julgamento";"Desatendimento a requisito formal (Lei 9.504/97)"
"08/10/2026";"08:31:04";2026;2;"Eleição Ordinária";6259;"Eleições Gerais Estaduais 2026";"SP";"SP";"SÃO PAULO";"250002548175";"-1";"Fundamentos legais de julgamento";"Desatendimento a requisito formal (Lei 9.504/97)"
"08/10/2026";"08:31:04";2026;2;"Eleição Ordinária";6259;"Eleições Gerais Estaduais 2026";"SP";"SP";"SÃO PAULO";"250002553325";"-1";"Fundamentos legais de julgamento";"Desatendimento a requisito formal (Lei 9.504/97)"
"08/10/2026";"08:31:04";2026;2;"Eleição Ordinária";6259;"Eleições Gerais Estaduais 2026";"SP";"SP";"SÃO PAULO";"250002553758";"-1";"Fundamentos legais de julgamento";"Desatendimento a requisito formal (Lei 9.504/97)"
"08/10/2026";"08:31:04";2026;2;"Eleição Ordinária";6259;"Eleições Gerais Estaduais 2026";"SP";"SP";"SÃO PAULO";"250002553765";"-1";"Fundamentos legais de julgamento";"Desatendimento a requisito formal (Lei 9.504/97)"
"08/10/2026";"08:31:04";2026;2;"Eleição Ordinária";6259;"Eleições Gerais Estaduais 2026";"SP";"SP";"SÃO PAULO";"250002553770";"-1";"Fundamentos legais de julgamento";"Desatendimento a requisito formal (Lei 9.504/97)"
"08/10/2026";"08:31:04";2026;2;"Eleição Ordinária";6259;"Eleições Gerais Estaduais 2026";"SP";"SP";"SÃO PAULO";"250002553794";"-1";"Fundamentos legais de julgamento";"Desatendimento a requisito formal (Lei 9.504/97)"
"08/10/2026";"08:31:04";2026;2;"Eleição Ordinária";6259;"Eleições Gerais Estaduais 2026";"SP";"SP";"SÃO PAULO";"250002553799";"-1";"Fundamentos legais de julgamento";"Desatendimento a requisito formal (Lei 9.504/97)"
"08/10/2026";"08:31:04";2026;2;"Eleição Ordinária";6259;"Eleições Gerais Estaduais 2026";"SP";"SP";"SÃO PAULO";"250002553800";"-1";"Fundamentos legais de julgamento";"Desatendimento a requisito formal (Lei 9.504/97)"
"08/10/2026";"08:31:04";2026;2;"Eleição Ordinária";6259;"Eleições Gerais Estaduais 2026";"SP";"SP";"SÃO PAULO";"250002553811";"-1";"Fundamentos legais de julgamento";"Desatendimento a requisito formal (Lei 9.504/97)"
"08/10/2026";"08:31:04";2026;2;"Eleição Ordinária";6259;"Eleições Gerais Estaduais 2026";"SP";"SP";"SÃO PAULO";"250002553815";"-1";"Fundamentos legais de julgamento";"Desatendimento a requisito formal (Lei 9.504/97)"
"08/10/2026";"08:31:04";2026;2;"Eleição Ordinária";6259;"Eleições Gerais Estaduais 2026";"SP";"SP";"SÃO PAULO";"250002553827";"-1";"Fundamentos legais de julgamento";"Desatendimento a requisito formal (Lei 9.504/97)"
"08/10/2026";"08:31:04";2026;2;"Eleição Ordinária";6259;"Eleições Gerais Estaduais 2026";"SP";"SP";"SÃO PAULO";"250002553828";"-1";"Fundamentos legais de julgamento";"Desatendimento a requisito formal (Lei 9.504/97)"
"08/10/2026";"08:31:04";2026;2;"Eleição Ordinária";6259;"Eleições Gerais Estaduais 2026";"SP";"SP";"SÃO PAULO";"250002553835";"-1";"Fundamentos legais de julgamento";"Desatendimento a requisito formal (Lei 9.504/97)"
"08/10/2026";"08:31:04";2026;2;"Eleição Ordinária";6259;"Eleições Gerais Estaduais 2026";"SP";"SP";"SÃO PAULO";"250002553848";"-1";"Fundamentos legais de julgamento";"Desatendimento a requisito formal (Lei 9.504/97)"
"08/10/2026";"08:31:04";2026;2;"Eleição Ordinária";6259;"Eleições Gerais Estaduais 2026";"SP";"SP";"SÃO PAULO";"250002553874";"-1";"Fundamentos legais de julgamento";"Desatendimento a requisito formal (Lei 9.504/97)"
"08/10/2026";"08:31:04";2026;2;"Eleição Ordinária";6259;"Eleições Gerais Estaduais 2026";"SP";"SP";"SÃO PAULO";"250002554047";"-1";"Fundamentos legais de julgamento";"Desatendimento a requisito formal (Lei 9.504/97)"
"08/10/2026";"08:31:04";2026;2;"Eleição Ordinária";6259;"Eleições Gerais Estaduais 2026";"SP";"SP";"SÃO PAULO";"250002554050";"-1";"Fundamentos legais de julgamento";"Desatendimento a requisito formal (Lei 9.504/97)"
"08/10/2026";"08:31:04";2026;2;"Eleição Ordinária";6259;"Eleições Gerais Estaduais 2026";"SP";"SP";"SÃO PAULO";"250002554053";"-1";"Fundamentos legais de julgamento";"Desatendimento a requisito formal (Lei 9.504/97)"
"08/10/2026";"08:31:04";2026;2;"Eleição Ordinária";6259;"Eleições Gerais Estaduais 2026";"SP";"SP";"SÃO PAULO";"250002554059";"-1";"Fundamentos legais de julgamento";"Desatendimento a requisito formal (Lei 9.504/97)"
"08/10/2026";"08:31:04";2026;2;"Eleição Ordinária";6259;"Eleições Gerais Estaduais 2026";"TO";"TO";"TOCANTINS";"270002546368";"-1";"Fundamentos legais de julgamento";"Desatendimento a requisito formal (Lei 9.504/97)"
"08/10/2026";"08:31:04";2026;2;"Eleição Ordinária";6259;"Eleições Gerais Estaduais 2026";"AL";"AL";"ALAGOAS";"20002538204";"-1";"Fundamentos legais de julgamento";"Indeferimento do DRAP do partido político/federação/coligação"
"08/10/2026";"08:31:04";2026;2;"Eleição Ordinária";6259;"Eleições Gerais Estaduais 2026";"AL";"AL";"ALAGOAS";"20002538206";"-1";"Fundamentos legais de julgamento";"Indeferimento do DRAP do partido político/federação/coligação"
"08/10/2026";"08:31:04";2026;2;"Eleição Ordinária";6259;"Eleições Gerais Estaduais 2026";"AL";"AL";"ALAGOAS";"20002538210";"-1";"Fundamentos legais de julgamento";"Indeferimento do DRAP do partido político/federação/coligação"
"08/10/2026";"08:31:04";2026;2;"Eleição Ordinária";6259;"Eleições Gerais Estaduais 2026";"BA";"BA";"BAHIA";"50002542552";"-1";"Fundamentos legais de julgamento";"Indeferimento do DRAP do partido político/federação/coligação"
"08/10/2026";"08:31:04";2026;2;"Eleição Ordinária";6259;"Eleições Gerais Estaduais 2026";"DF";"DF";"DISTRITO FEDERAL";"70002551298";"-1";"Fundamentos legais de julgamento";"Indeferimento do DRAP do partido político/federação/coligação"
"08/10/2026";"08:31:04";2026;2;"Eleição Ordinária";6259;"Eleições Gerais Estaduais 2026";"DF";"DF";"DISTRITO FEDERAL";"70002553982";"-1";"Fundamentos legais de julgamento";"Indeferimento do DRAP do partido político/federação/coligação"
"08/10/2026";"08:31:04";2026;2;"Eleição Ordinária";6259;"Eleições Gerais Estaduais 2026";"DF";"DF";"DISTRITO FEDERAL";"70002551323";"-1";"Fundamentos legais de julgamento";"Indeferimento do DRAP do partido político/federação/coligação"
"08/10/2026";"08:31:04";2026;2;"Eleição Ordinária";6259;"Eleições Gerais Estaduais 2026";"DF";"DF";"DISTRITO FEDERAL";"70002553859";"-1";"Fundamentos legais de julgamento";"Indeferimento do DRAP do partido político/federação/coligação"
"08/10/2026";"08:31:04";2026;2;"Eleição Ordinária";6259;"Eleições Gerais Estaduais 2026";"DF";"DF";"DISTRITO FEDERAL";"70002540502";"-1";"Fundamentos legais de julgamento";"Indeferimento do DRAP do partido político/federação/coligação"
"08/10/2026";"08:31:04";2026;2;"Eleição Ordinária";6259;"Eleições Gerais Estaduais 2026";"DF";"DF";"DISTRITO FEDERAL";"70002551324";"-1";"Fundamentos legais de julgamento";"Indeferimento do DRAP do partido político/federação/coligação"
"08/10/2026";"08:31:04";2026;2;"Eleição Ordinária";6259;"Eleições Gerais Estaduais 2026";"DF";"DF";"DISTRITO FEDERAL";"70002553861";"-1";"Fundamentos legais de julgamento";"Indeferimento do DRAP do partido político/federação/coligação"
"08/10/2026";"08:31:04";2026;2;"Eleição Ordinária";6259;"Eleições Gerais Estaduais 2026";"MG";"MG";"MINAS GERAIS";"130002552309";"-1";"Fundamentos legais de julgamento";"Indeferimento do DRAP do partido político/federação/coligação"
"08/10/2026";"08:31:04";2026;2;"Eleição Ordinária";6259;"Eleições Gerais Estaduais 2026";"MG";"MG";"MINAS GERAIS";"130002552311";"-1";"Fundamentos legais de julgamento";"Indeferimento do DRAP do partido político/federação/coligação"
"08/10/2026";"08:31:04";2026;2;"Eleição Ordinária";6259;"Eleições Gerais Estaduais 2026";"MG";"MG";"MINAS GERAIS";"130002552303";"-1";"Fundamentos legais de julgamento";"Indeferimento do DRAP do partido político/federação/coligação"
"08/10/2026";"08:31:04";2026;2;"Eleição Ordinária";6259;"Eleições Gerais Estaduais 2026";"MG";"MG";"MINAS GERAIS";"130002552314";"-1";"Fundamentos legais de julgamento";"Indeferimento do DRAP do partido político/federação/coligação"
"08/10/2026";"08:31:04";2026;2;"Eleição Ordinária";6259;"Eleições Gerais Estaduais 2026";"PA";"PA";"PARÁ";"140002554426";"-1";"Fundamentos legais de julgamento";"Indeferimento do DRAP do partido político/federação/coligação"
"08/10/2026";"08:31:04";2026;2;"Eleição Ordinária";6259;"Eleições Gerais Estaduais 2026";"PA";"PA";"PARÁ";"140002553715";"-1";"Fundamentos legais de julgamento";"Indeferimento do DRAP do partido político/federação/coligação"
"08/10/2026";"08:31:04";2026;2;"Eleição Ordinária";6259;"Eleições Gerais Estaduais 2026";"PA";"PA";"PARÁ";"140002553853";"-1";"Fundamentos legais de julgamento";"Indeferimento do DRAP do partido político/federação/coligação"
"08/10/2026";"08:31:04";2026;2;"Eleição Ordinária";6259;"Eleições Gerais Estaduais 2026";"PE";"PE";"PERNAMBUCO";"170002541259";"-1";"Fundamentos legais de julgamento";"Indeferimento do DRAP do partido político/federação/coligação"
"08/10/2026";"08:31:04";2026;2;"Eleição Ordinária";6259;"Eleições Gerais Estaduais 2026";"PE";"PE";"PERNAMBUCO";"170002544843";"-1";"Fundamentos legais de julgamento";"Indeferimento do DRAP do partido político/federação/coligação"
"08/10/2026";"08:31:04";2026;2;"Eleição Ordinária";6259;"Eleições Gerais Estaduais 2026";"PE";"PE";"PERNAMBUCO";"170002544847";"-1";"Fundamentos legais de julgamento";"Indeferimento do DRAP do partido político/federação/coligação"
"08/10/2026";"08:31:04";2026;2;"Eleição Ordinária";6259;"Eleições Gerais Estaduais 2026";"PE";"PE";"PERNAMBUCO";"170002552971";"-1";"Fundamentos legais de julgamento";"Indeferimento do DRAP do partido político/federação/coligação"
"08/10/2026";"08:31:04";2026;2;"Eleição Ordinária";6259;"Eleições Gerais Estaduais 2026";"PE";"PE";"PERNAMBUCO";"170002552974";"-1";"Fundamentos legais de julgamento";"Indeferimento do DRAP do partido político/federação/coligação"
"08/10/2026";"08:31:04";2026;2;"Eleição Ordinária";6259;"Eleições Gerais Estaduais 2026";"PE";"PE";"PERNAMBUCO";"170002552977";"-1";"Fundamentos legais de julgamento";"Indeferimento do DRAP do partido político/federação/coligação"
"08/10/2026";"08:31:04";2026;2;"Eleição Ordinária";6259;"Eleições Gerais Estaduais 2026";"PE";"PE";"PERNAMBUCO";"170002552982";"-1";"Fundamentos legais de julgamento";"Indeferimento do DRAP do partido político/federação/coligação"
"08/10/2026";"08:31:04";2026;2;"Eleição Ordinária";6259;"Eleições Gerais Estaduais 2026";"PE";"PE";"PERNAMBUCO";"170002552983";"-1";"Fundamentos legais de julgamento";"Indeferimento do DRAP do partido político/federação/coligação"
"08/10/2026";"08:31:04";2026;2;"Eleição Ordinária";6259;"Eleições Gerais Estaduais 2026";"PE";"PE";"PERNAMBUCO";"170002552995";"-1";"Fundamentos legais de julgamento";"Indeferimento do DRAP do partido político/federação/coligação"
"08/10/2026";"08:31:04";2026;2;"Eleição Ordinária";6259;"Eleições Gerais Estaduais 2026";"PE";"PE";"PERNAMBUCO";"170002552996";"-1";"Fundamentos legais de julgamento";"Indeferimento do DRAP do partido político/federação/coligação"
"08/10/2026";"08:31:04";2026;2;"Eleição Ordinária";6259;"Eleições Gerais Estaduais 2026";"PE";"PE";"PERNAMBUCO";"170002552998";"-1";"Fundamentos legais de julgamento";"Indeferimento do DRAP do partido político/federação/coligação"
"08/10/2026";"08:31:04";2026;2;"Eleição Ordinária";6259;"Eleições Gerais Estaduais 2026";"PE";"PE";"PERNAMBUCO";"170002552999";"-1";"Fundamentos legais de julgamento";"Indeferimento do DRAP do partido político/federação/coligação"
"08/10/2026";"08:31:04";2026;2;"Eleição Ordinária";6259;"Eleições Gerais Estaduais 2026";"PE";"PE";"PERNAMBUCO";"170002553304";"-1";"Fundamentos legais de julgamento";"Indeferimento do DRAP do partido político/federação/coligação"
"08/10/2026";"08:31:04";2026;2;"Eleição Ordinária";6259;"Eleições Gerais Estaduais 2026";"PE";"PE";"PERNAMBUCO";"170002553305";"-1";"Fundamentos legais de julgamento";"Indeferimento do DRAP do partido político/federação/coligação"
"08/10/2026";"08:31:04";2026;2;"Eleição Ordinária";6259;"Eleições Gerais Estaduais 2026";"PE";"PE";"PERNAMBUCO";"170002553308";"-1";"Fundamentos legais de julgamento";"Indeferimento do DRAP do partido político/federação/coligação"
"08/10/2026";"08:31:04";2026;2;"Eleição Ordinária";6259;"Eleições Gerais Estaduais 2026";"PI";"PI";"PIAUÍ";"180002540683";"-1";"Fundamentos legais de julgamento";"Indeferimento do DRAP do partido político/federação/coligação"
"08/10/2026";"08:31:04";2026;2;"Eleição Ordinária";6259;"Eleições Gerais Estaduais 2026";"PI";"PI";"PIAUÍ";"180002540684";"-1";"Fundamentos legais de julgamento";"Indeferimento do DRAP do partido político/federação/coligação"
"08/10/2026";"08:31:04";2026;2;"Eleição Ordinária";6259;"Eleições Gerais Estaduais 2026";"PI";"PI";"PIAUÍ";"180002540685";"-1";"Fundamentos legais de julgamento";"Indeferimento do DRAP do partido político/federação/coligação"
"08/10/2026";"08:31:04";2026;2;"Eleição Ordinária";6259;"Eleições Gerais Estaduais 2026";"PI";"PI";"PIAUÍ";"180002540686";"-1";"Fundamentos legais de julgamento";"Indeferimento do DRAP do partido político/federação/coligação"
"08/10/2026";"08:31:04";2026;2;"Eleição Ordinária";6259;"Eleições Gerais Estaduais 2026";"PI";"PI";"PIAUÍ";"180002540689";"-1";"Fundamentos legais de julgamento";"Indeferimento do DRAP do partido político/federação/coligação"
"08/10/2026";"08:31:04";2026;2;"Eleição Ordinária";6259;"Eleições Gerais Estaduais 2026";"PI";"PI";"PIAUÍ";"180002549586";"-1";"Fundamentos legais de julgamento";"Indeferimento do DRAP do partido político/federação/coligação"
"08/10/2026";"08:31:04";2026;2;"Eleição Ordinária";6259;"Eleições Gerais Estaduais 2026";"PI";"PI";"PIAUÍ";"180002549591";"-1";"Fundamentos legais de julgamento";"Indeferimento do DRAP do partido político/federação/coligação"
"08/10/2026";"08:31:04";2026;2;"Eleição Ordinária";6259;"Eleições Gerais Estaduais 2026";"PI";"PI";"PIAUÍ";"180002549593";"-1";"Fundamentos legais de julgamento";"Indeferimento do DRAP do partido político/federação/coligação"
"08/10/2026";"08:31:04";2026;2;"Eleição Ordinária";6259;"Eleições Gerais Estaduais 2026";"PI";"PI";"PIAUÍ";"180002549594";"-1";"Fundamentos legais de julgamento";"Indeferimento do DRAP do partido político/federação/coligação"
"08/10/2026";"08:31:04";2026;2;"Eleição Ordinária";6259;"Eleições Gerais Estaduais 2026";"PI";"PI";"PIAUÍ";"180002554121";"-1";"Fundamentos legais de julgamento";"Indeferimento do DRAP do partido político/federação/coligação"
"08/10/2026";"08:31:04";2026;2;"Eleição Ordinária";6259;"Eleições Gerais Estaduais 2026";"PI";"PI";"PIAUÍ";"180002544456";"-1";"Fundamentos legais de julgamento";"Indeferimento do DRAP do partido político/federação/coligação"
"08/10/2026";"08:31:04";2026;2;"Eleição Ordinária";6259;"Eleições Gerais Estaduais 2026";"PI";"PI";"PIAUÍ";"180002544460";"-1";"Fundamentos legais de julgamento";"Indeferimento do DRAP do partido político/federação/coligação"
"08/10/2026";"08:31:04";2026;2;"Eleição Ordinária";6259;"Eleições Gerais Estaduais 2026";"PI";"PI";"PIAUÍ";"180002552961";"-1";"Fundamentos legais de julgamento";"Indeferimento do DRAP do partido político/federação/coligação"
"08/10/2026";"08:31:04";2026;2;"Eleição Ordinária";6259;"Eleições Gerais Estaduais 2026";"PI";"PI";"PIAUÍ";"180002554378";"-1";"Fundamentos legais de julgamento";"Indeferimento do DRAP do partido político/federação/coligação"
"08/10/2026";"08:31:04";2026;2;"Eleição Ordinária";6259;"Eleições Gerais Estaduais 2026";"PR";"PR";"PARANÁ";"160002552562";"-1";"Fundamentos legais de julgamento";"Indeferimento do DRAP do partido político/federação/coligação"
"08/10/2026";"08:31:04";2026;2;"Eleição Ordinária";6259;"Eleições Gerais Estaduais 2026";"RS";"RS";"RIO GRANDE DO SUL";"210002552599";"-1";"Fundamentos legais de julgamento";"Indeferimento do DRAP do partido político/federação/coligação"
"08/10/2026";"08:31:04";2026;2;"Eleição Ordinária";6259;"Eleições Gerais Estaduais 2026";"RS";"RS";"RIO GRANDE DO SUL";"210002550527";"-1";"Fundamentos legais de julgamento";"Indeferimento do DRAP do partido político/federação/coligação"
"08/10/2026";"08:31:04";2026;2;"Eleição Ordinária";6259;"Eleições Gerais Estaduais 2026";"RS";"RS";"RIO GRANDE DO SUL";"210002550533";"-1";"Fundamentos legais de julgamento";"Indeferimento do DRAP do partido político/federação/coligação"
"08/10/2026";"08:31:04";2026;2;"Eleição Ordinária";6259;"Eleições Gerais Estaduais 2026";"RS";"RS";"RIO GRANDE DO SUL";"210002550538";"-1";"Fundamentos legais de julgamento";"Indeferimento do DRAP do partido político/federação/coligação"
"08/10/2026";"08:31:04";2026;2;"Eleição Ordinária";6259;"Eleições Gerais Estaduais 2026";"RS";"RS";"RIO GRANDE DO SUL";"210002553414";"-1";"Fundamentos legais de julgamento";"Indeferimento do DRAP do partido político/federação/coligação"
"08/10/2026";"08:31:04";2026;2;"Eleição Ordinária";6259;"Eleições Gerais Estaduais 2026";"RS";"RS";"RIO GRANDE DO SUL";"210002552763";"-1";"Fundamentos legais de julgamento";"Indeferimento do DRAP do partido político/federação/coligação"
"08/10/2026";"08:31:04";2026;2;"Eleição Ordinária";6259;"Eleições Gerais Estaduais 2026";"RS";"RS";"RIO GRANDE DO SUL";"210002552764";"-1";"Fundamentos legais de julgamento";"Indeferimento do DRAP do partido político/federação/coligação"
"08/10/2026";"08:31:04";2026;2;"Eleição Ordinária";6259;"Eleições Gerais Estaduais 2026";"RS";"RS";"RIO GRANDE DO SUL";"210002552766";"-1";"Fundamentos legais de julgamento";"Indeferimento do DRAP do partido político/federação/coligação"
"08/10/2026";"08:31:04";2026;2;"Eleição Ordinária";6259;"Eleições Gerais Estaduais 2026";"RS";"RS";"RIO GRANDE DO SUL";"210002552774";"-1";"Fundamentos legais de julgamento";"Indeferimento do DRAP do partido político/federação/coligação"
"08/10/2026";"08:31:04";2026;2;"Eleição Ordinária";6259;"Eleições Gerais Estaduais 2026";"RS";"RS";"RIO GRANDE DO SUL";"210002552598";"-1";"Fundamentos legais de julgamento";"Indeferimento do DRAP do partido político/federação/coligação"
"08/10/2026";"08:31:04";2026;2;"Eleição Ordinária";6259;"Eleições Gerais Estaduais 2026";"SE";"SE";"SERGIPE";"260002547414";"-1";"Fundamentos legais de julgamento";"Indeferimento do DRAP do partido político/federação/coligação"
"08/10/2026";"08:31:04";2026;2;"Eleição Ordinária";6259;"Eleições Gerais Estaduais 2026";"SE";"SE";"SERGIPE";"260002547420";"-1";"Fundamentos legais de julgamento";"Indeferimento do DRAP do partido político/federação/coligação"
"08/10/2026";"08:31:04";2026;2;"Eleição Ordinária";6259;"Eleições Gerais Estaduais 2026";"SE";"SE";"SERGIPE";"260002547425";"-1";"Fundamentos legais de julgamento";"Indeferimento do DRAP do partido político/federação/coligação"
"08/10/2026";"08:31:04";2026;2;"Eleição Ordinária";6259;"Eleições Gerais Estaduais 2026";"SE";"SE";"SERGIPE";"260002547431";"-1";"Fundamentos legais de julgamento";"Indeferimento do DRAP do partido político/federação/coligação"
"08/10/2026";"08:31:04";2026;2;"Eleição Ordinária";6259;"Eleições Gerais Estaduais 2026";"SE";"SE";"SERGIPE";"260002545678";"-1";"Fundamentos legais de julgamento";"Indeferimento do DRAP do partido político/federação/coligação"
"08/10/2026";"08:31:04";2026;2;"Eleição Ordinária";6259;"Eleições Gerais Estaduais 2026";"SP";"SP";"SÃO PAULO";"250002553326";"-1";"Fundamentos legais de julgamento";"Indeferimento do DRAP do partido político/federação/coligação"
"08/10/2026";"08:31:04";2026;2;"Eleição Ordinária";6259;"Eleições Gerais Estaduais 2026";"SP";"SP";"SÃO PAULO";"250002553332";"-1";"Fundamentos legais de julgamento";"Indeferimento do DRAP do partido político/federação/coligação"
"08/10/2026";"08:31:04";2026;2;"Eleição Ordinária";6259;"Eleições Gerais Estaduais 2026";"SP";"SP";"SÃO PAULO";"250002553335";"-1";"Fundamentos legais de julgamento";"Indeferimento do DRAP do partido político/federação/coligação"
"08/10/2026";"08:31:04";2026;2;"Eleição Ordinária";6259;"Eleições Gerais Estaduais 2026";"SP";"SP";"SÃO PAULO";"250002553864";"-1";"Fundamentos legais de julgamento";"Indeferimento do DRAP do partido político/federação/coligação"
"08/10/2026";"08:31:04";2026;2;"Eleição Ordinária";6259;"Eleições Gerais Estaduais 2026";"SP";"SP";"SÃO PAULO";"250002553865";"-1";"Fundamentos legais de julgamento";"Indeferimento do DRAP do partido político/federação/coligação"
"08/10/2026";"08:31:04";2026;2;"Eleição Ordinária";6259;"Eleições Gerais Estaduais 2026";"SP";"SP";"SÃO PAULO";"250002553868";"-1";"Fundamentos legais de julgamento";"Indeferimento do DRAP do partido político/federação/coligação"
"08/10/2026";"08:31:04";2026;2;"Eleição Ordinária";6259;"Eleições Gerais Estaduais 2026";"SP";"SP";"SÃO PAULO";"250002553869";"-1";"Fundamentos legais de julgamento";"Indeferimento do DRAP do partido político/federação/coligação"
"08/10/2026";"08:31:04";2026;2;"Eleição Ordinária";6259;"Eleições Gerais Estaduais 2026";"MS";"MS";"MATO GROSSO DO SUL";"120002552683";"-1";"Fundamentos legais de julgamento";"Candidatura não autorizada pelo(a) candidato(a)"
"08/10/2026";"08:31:04";2026;2;"Eleição Ordinária";6259;"Eleições Gerais Estaduais 2026";"AC";"AC";"ACRE";"10002538248";"-1";"Fundamentos legais de julgamento";"Indeferimento do DRAP do partido político/federação/coligação por não cumprimento da cota de gênero"
"08/10/2026";"08:31:04";2026;2;"Eleição Ordinária";6259;"Eleições Gerais Estaduais 2026";"AC";"AC";"ACRE";"10002538249";"-1";"Fundamentos legais de julgamento";"Indeferimento do DRAP do partido político/federação/coligação por não cumprimento da cota de gênero"
"08/10/2026";"08:31:04";2026;2;"Eleição Ordinária";6259;"Eleições Gerais Estaduais 2026";"AL";"AL";"ALAGOAS";"20002552610";"-1";"Fundamentos legais de julgamento";"Indeferimento do DRAP do partido político/federação/coligação por não cumprimento da cota de gênero"
"08/10/2026";"08:31:04";2026;2;"Eleição Ordinária";6259;"Eleições Gerais Estaduais 2026";"PB";"PB";"PARAÍBA";"150002553390";"-1";"Fundamentos legais de julgamento";"Indeferimento do DRAP do partido político/federação/coligação por não cumprimento da cota de gênero"
"08/10/2026";"08:31:04";2026;2;"Eleição Ordinária";6259;"Eleições Gerais Estaduais 2026";"PE";"PE";"PERNAMBUCO";"170002544840";"-1";"Fundamentos legais de julgamento";"Indeferimento do DRAP do partido político/federação/coligação por não cumprimento da cota de gênero"
"08/10/2026";"08:31:04";2026;2;"Eleição Ordinária";6259;"Eleições Gerais Estaduais 2026";"PE";"PE";"PERNAMBUCO";"170002544843";"-1";"Fundamentos legais de julgamento";"Indeferimento do DRAP do partido político/federação/coligação por não cumprimento da cota de gênero"
"08/10/2026";"08:31:04";2026;2;"Eleição Ordinária";6259;"Eleições Gerais Estaduais 2026";"PE";"PE";"PERNAMBUCO";"170002544847";"-1";"Fundamentos legais de julgamento";"Indeferimento do DRAP do partido político/federação/coligação por não cumprimento da cota de gênero"
"08/10/2026";"08:31:04";2026;2;"Eleição Ordinária";6259;"Eleições Gerais Estaduais 2026";"PE";"PE";"PERNAMBUCO";"170002552976";"-1";"Fundamentos legais de julgamento";"Indeferimento do DRAP do partido político/federação/coligação por não cumprimento da cota de gênero"
"08/10/2026";"08:31:04";2026;2;"Eleição Ordinária";6259;"Eleições Gerais Estaduais 2026";"PE";"PE";"PERNAMBUCO";"170002552979";"-1";"Fundamentos legais de julgamento";"Indeferimento do DRAP do partido político/federação/coligação por não cumprimento da cota de gênero"
"08/10/2026";"08:31:04";2026;2;"Eleição Ordinária";6259;"Eleições Gerais Estaduais 2026";"PE";"PE";"PERNAMBUCO";"170002552980";"-1";"Fundamentos legais de julgamento";"Indeferimento do DRAP do partido político/federação/coligação por não cumprimento da cota de gênero"
"08/10/2026";"08:31:04";2026;2;"Eleição Ordinária";6259;"Eleições Gerais Estaduais 2026";"PE";"PE";"PERNAMBUCO";"170002552995";"-1";"Fundamentos legais de julgamento";"Indeferimento do DRAP do partido político/federação/coligação por não cumprimento da cota de gênero"
"08/10/2026";"08:31:04";2026;2;"Eleição Ordinária";6259;"Eleições Gerais Estaduais 2026";"PE";"PE";"PERNAMBUCO";"170002552996";"-1";"Fundamentos legais de julgamento";"Indeferimento do DRAP do partido político/federação/coligação por não cumprimento da cota de gênero"
"08/10/2026";"08:31:04";2026;2;"Eleição Ordinária";6259;"Eleições Gerais Estaduais 2026";"PE";"PE";"PERNAMBUCO";"170002552997";"-1";"Fundamentos legais de julgamento";"Indeferimento do DRAP do partido político/federação/coligação por não cumprimento da cota de gênero"
"08/10/2026";"08:31:04";2026;2;"Eleição Ordinária";6259;"Eleições Gerais Estaduais 2026";"PE";"PE";"PERNAMBUCO";"170002553001";"-1";"Fundamentos legais de julgamento";"Indeferimento do DRAP do partido político/federação/coligação por não cumprimento da cota de gênero"
"08/10/2026";"08:31:04";2026;2;"Eleição Ordinária";6259;"Eleições Gerais Estaduais 2026";"PE";"PE";"PERNAMBUCO";"170002553304";"-1";"Fundamentos legais de julgamento";"Indeferimento do DRAP do partido político/federação/coligação por não cumprimento da cota de gênero"
"08/10/2026";"08:31:04";2026;2;"Eleição Ordinária";6259;"Eleições Gerais Estaduais 2026";"PE";"PE";"PERNAMBUCO";"170002553310";"-1";"Fundamentos legais de julgamento";"Indeferimento do DRAP do partido político/federação/coligação por não cumprimento da cota de gênero"
"08/10/2026";"08:31:04";2026;2;"Eleição Ordinária";6259;"Eleições Gerais Estaduais 2026";"RO";"RO";"RONDÔNIA";"220002552505";"-1";"Fundamentos legais de julgamento";"Indeferimento do DRAP do partido político/federação/coligação por não cumprimento da cota de gênero"
"08/10/2026";"08:31:04";2026;2;"Eleição Ordinária";6259;"Eleições Gerais Estaduais 2026";"SP";"SP";"SÃO PAULO";"250002552868";"-1";"Fundamentos legais de julgamento";"Indeferimento do DRAP do partido político/federação/coligação por não cumprimento da cota de gênero"
"08/10/2026";"08:31:04";2026;2;"Eleição Ordinária";6259;"Eleições Gerais Estaduais 2026";"SP";"SP";"SÃO PAULO";"250002552869";"-1";"Fundamentos legais de julgamento";"Indeferimento do DRAP do partido político/federação/coligação por não cumprimento da cota de gênero"
"08/10/2026";"08:31:04";2026;2;"Eleição Ordinária";6259;"Eleições Gerais Estaduais 2026";"SP";"SP";"SÃO PAULO";"250002552879";"-1";"Fundamentos legais de julgamento";"Indeferimento do DRAP do partido político/federação/coligação por não cumprimento da cota de gênero"
"08/10/2026";"08:31:04";2026;2;"Eleição Ordinária";6259;"Eleições Gerais Estaduais 2026";"SP";"SP";"SÃO PAULO";"250002552882";"-1";"Fundamentos legais de julgamento";"Indeferimento do DRAP do partido político/federação/coligação por não cumprimento da cota de gênero"
"08/10/2026";"08:31:04";2026;2;"Eleição Ordinária";6259;"Eleições Gerais Estaduais 2026";"SP";"SP";"SÃO PAULO";"250002552898";"-1";"Fundamentos legais de julgamento";"Indeferimento do DRAP do partido político/federação/coligação por não cumprimento da cota de gênero"
"08/10/2026";"08:31:04";2026;2;"Eleição Ordinária";6259;"Eleições Gerais Estaduais 2026";"RJ";"RJ";"RIO DE JANEIRO";"190002534085";"-1";"Fundamentos legais de julgamento";"Outros"
"08/10/2026";"08:31:04";2026;2;"Eleição Ordinária";6259;"Eleições Gerais Estaduais 2026";"RJ";"RJ";"RIO DE JANEIRO";"190002537757";"-1";"Fundamentos legais de julgamento";"Outros"
"08/10/2026";"08:31:04";2026;2;"Eleição Ordinária";6259;"Eleições Gerais Estaduais 2026";"RJ";"RJ";"RIO DE JANEIRO";"190002542996";"-1";"Fundamentos legais de julgamento";"Outros"
"08/10/2026";"08:31:04";2026;2;"Eleição Ordinária";6259;"Eleições Gerais Estaduais 2026";"RR";"RR";"RORAIMA";"230002552728";"-1";"Fundamentos legais de julgamento";"Outros"
"08/10/2026";"08:31:04";2026;2;"Eleição Ordinária";6259;"Eleições Gerais Estaduais 2026";"RR";"RR";"RORAIMA";"230002553634";"-1";"Fundamentos legais de julgamento";"Outros"
"08/10/2026";"08:31:04";2026;2;"Eleição Ordinária";6259;"Eleições Gerais Estaduais 2026";"SE";"SE";"SERGIPE";"260002543592";"-1";"Fundamentos legais de julgamento";"Outros"
"08/10/2026";"08:31:04";2026;2;"Eleição Ordinária";6259;"Eleições Gerais Estaduais 2026";"SE";"SE";"SERGIPE";"260002554205";"-1";"Fundamentos legais de julgamento";"Outros"
"08/10/2026";"08:31:04";2026;2;"Eleição Ordinária";6259;"Eleições Gerais Estaduais 2026";"SP";"SP";"SÃO PAULO";"250002554563";"-1";"Fundamentos legais de julgamento";"Outros"
"08/10/2026";"08:31:04";2026;2;"Eleição Ordinária";6259;"Eleições Gerais Estaduais 2026";"AC";"AC";"ACRE";"10002550796";"-1";"Fundamentos legais de julgamento";"Ausência de condição de elegibilidade"
"08/10/2026";"08:31:04";2026;2;"Eleição Ordinária";6259;"Eleições Gerais Estaduais 2026";"AM";"AM";"AMAZONAS";"40002554392";"-1";"Fundamentos legais de julgamento";"Ausência de condição de elegibilidade"
"08/10/2026";"08:31:04";2026;2;"Eleição Ordinária";6259;"Eleições Gerais Estaduais 2026";"AP";"AP";"AMAPÁ";"30002530021";"-1";"Fundamentos legais de julgamento";"Ausência de condição de elegibilidade"
"08/10/2026";"08:31:04";2026;2;"Eleição Ordinária";6259;"Eleições Gerais Estaduais 2026";"AP";"AP";"AMAPÁ";"30002533119";"-1";"Fundamentos legais de julgamento";"Ausência de condição de elegibilidade"
"08/10/2026";"08:31:04";2026;2;"Eleição Ordinária";6259;"Eleições Gerais Estaduais 2026";"BA";"BA";"BAHIA";"50002548856";"-1";"Fundamentos legais de julgamento";"Ausência de condição de elegibilidade"
"08/10/2026";"08:31:04";2026;2;"Eleição Ordinária";6259;"Eleições Gerais Estaduais 2026";"BA";"BA";"BAHIA";"50002535554";"-1";"Fundamentos legais de julgamento";"Ausência de condição de elegibilidade"
"08/10/2026";"08:31:04";2026;2;"Eleição Ordinária";6259;"Eleições Gerais Estaduais 2026";"DF";"DF";"DISTRITO FEDERAL";"70002542495";"-1";"Fundamentos legais de julgamento";"Ausência de condição de elegibilidade"
"08/10/2026";"08:31:04";2026;2;"Eleição Ordinária";6259;"Eleições Gerais Estaduais 2026";"DF";"DF";"DISTRITO FEDERAL";"70002551325";"-1";"Fundamentos legais de julgamento";"Ausência de condição de elegibilidade"
"08/10/2026";"08:31:04";2026;2;"Eleição Ordinária";6259;"Eleições Gerais Estaduais 2026";"GO";"GO";"GOIÁS";"90002551431";"-1";"Fundamentos legais de julgamento";"Ausência de condição de elegibilidade"
"08/10/2026";"08:31:04";2026;2;"Eleição Ordinária";6259;"Eleições Gerais Estaduais 2026";"GO";"GO";"GOIÁS";"90002551437";"-1";"Fundamentos legais de julgamento";"Ausência de condição de elegibilidade"
"08/10/2026";"08:31:04";2026;2;"Eleição Ordinária";6259;"Eleições Gerais Estaduais 2026";"GO";"GO";"GOIÁS";"90002552463";"-1";"Fundamentos legais de julgamento";"Ausência de condição de elegibilidade"
"08/10/2026";"08:31:04";2026;2;"Eleição Ordinária";6259;"Eleições Gerais Estaduais 2026";"GO";"GO";"GOIÁS";"90002553736";"-1";"Fundamentos legais de julgamento";"Ausência de condição de elegibilidade"
"08/10/2026";"08:31:04";2026;2;"Eleição Ordinária";6259;"Eleições Gerais Estaduais 2026";"MA";"MA";"MARANHÃO";"100002535228";"-1";"Fundamentos legais de julgamento";"Ausência de condição de elegibilidade"
"08/10/2026";"08:31:04";2026;2;"Eleição Ordinária";6259;"Eleições Gerais Estaduais 2026";"MA";"MA";"MARANHÃO";"100002535246";"-1";"Fundamentos legais de julgamento";"Ausência de condição de elegibilidade"
"08/10/2026";"08:31:04";2026;2;"Eleição Ordinária";6259;"Eleições Gerais Estaduais 2026";"MA";"MA";"MARANHÃO";"100002553338";"-1";"Fundamentos legais de julgamento";"Ausência de condição de elegibilidade"
"08/10/2026";"08:31:04";2026;2;"Eleição Ordinária";6259;"Eleições Gerais Estaduais 2026";"MG";"MG";"MINAS GERAIS";"130002536472";"-1";"Fundamentos legais de julgamento";"Ausência de condição de elegibilidade"
"08/10/2026";"08:31:04";2026;2;"Eleição Ordinária";6259;"Eleições Gerais Estaduais 2026";"MT";"MT";"MATO GROSSO";"110002551937";"-1";"Fundamentos legais de julgamento";"Ausência de condição de elegibilidade"
"08/10/2026";"08:31:04";2026;2;"Eleição Ordinária";6259;"Eleições Gerais Estaduais 2026";"MT";"MT";"MATO GROSSO";"110002553690";"-1";"Fundamentos legais de julgamento";"Ausência de condição de elegibilidade"
"08/10/2026";"08:31:04";2026;2;"Eleição Ordinária";6259;"Eleições Gerais Estaduais 2026";"MT";"MT";"MATO GROSSO";"110002553703";"-1";"Fundamentos legais de julgamento";"Ausência de condição de elegibilidade"
"08/10/2026";"08:31:04";2026;2;"Eleição Ordinária";6259;"Eleições Gerais Estaduais 2026";"PA";"PA";"PARÁ";"140002544309";"-1";"Fundamentos legais de julgamento";"Ausência de condição de elegibilidade"
"08/10/2026";"08:31:04";2026;2;"Eleição Ordinária";6259;"Eleições Gerais Estaduais 2026";"PB";"PB";"PARAÍBA";"150002554303";"-1";"Fundamentos legais de julgamento";"Ausência de condição de elegibilidade"
"08/10/2026";"08:31:04";2026;2;"Eleição Ordinária";6259;"Eleições Gerais Estaduais 2026";"PE";"PE";"PERNAMBUCO";"170002552975";"-1";"Fundamentos legais de julgamento";"Ausência de condição de elegibilidade"
"08/10/2026";"08:31:04";2026;2;"Eleição Ordinária";6259;"Eleições Gerais Estaduais 2026";"RJ";"RJ";"RIO DE JANEIRO";"190002540177";"-1";"Fundamentos legais de julgamento";"Ausência de condição de elegibilidade"
"08/10/2026";"08:31:04";2026;2;"Eleição Ordinária";6259;"Eleições Gerais Estaduais 2026";"RJ";"RJ";"RIO DE JANEIRO";"190002543355";"-1";"Fundamentos legais de julgamento";"Ausência de condição de elegibilidade"
"08/10/2026";"08:31:04";2026;2;"Eleição Ordinária";6259;"Eleições Gerais Estaduais 2026";"RJ";"RJ";"RIO DE JANEIRO";"190002547262";"-1";"Fundamentos legais de julgamento";"Ausência de condição de elegibilidade"
"08/10/2026";"08:31:04";2026;2;"Eleição Ordinária";6259;"Eleições Gerais Estaduais 2026";"RJ";"RJ";"RIO DE JANEIRO";"190002537754";"-1";"Fundamentos legais de julgamento";"Ausência de condição de elegibilidade"
"08/10/2026";"08:31:04";2026;2;"Eleição Ordinária";6259;"Eleições Gerais Estaduais 2026";"RJ";"RJ";"RIO DE JANEIRO";"190002537774";"-1";"Fundamentos legais de julgamento";"Ausência de condição de elegibilidade"
"08/10/2026";"08:31:04";2026;2;"Eleição Ordinária";6259;"Eleições Gerais Estaduais 2026";"RJ";"RJ";"RIO DE JANEIRO";"190002538611";"-1";"Fundamentos legais de julgamento";"Ausência de condição de elegibilidade"
"08/10/2026";"08:31:04";2026;2;"Eleição Ordinária";6259;"Eleições Gerais Estaduais 2026";"RJ";"RJ";"RIO DE JANEIRO";"190002538818";"-1";"Fundamentos legais de julgamento";"Ausência de condição de elegibilidade"
"08/10/2026";"08:31:04";2026;2;"Eleição Ordinária";6259;"Eleições Gerais Estaduais 2026";"RJ";"RJ";"RIO DE JANEIRO";"190002543968";"-1";"Fundamentos legais de julgamento";"Ausência de condição de elegibilidade"
"08/10/2026";"08:31:04";2026;2;"Eleição Ordinária";6259;"Eleições Gerais Estaduais 2026";"RJ";"RJ";"RIO DE JANEIRO";"190002548255";"-1";"Fundamentos legais de julgamento";"Ausência de condição de elegibilidade"
"08/10/2026";"08:31:04";2026;2;"Eleição Ordinária";6259;"Eleições Gerais Estaduais 2026";"RJ";"RJ";"RIO DE JANEIRO";"190002554331";"-1";"Fundamentos legais de julgamento";"Ausência de condição de elegibilidade"
"08/10/2026";"08:31:04";2026;2;"Eleição Ordinária";6259;"Eleições Gerais Estaduais 2026";"RJ";"RJ";"RIO DE JANEIRO";"190002552519";"-1";"Fundamentos legais de julgamento";"Ausência de condição de elegibilidade"
"08/10/2026";"08:31:04";2026;2;"Eleição Ordinária";6259;"Eleições Gerais Estaduais 2026";"RJ";"RJ";"RIO DE JANEIRO";"190002554289";"-1";"Fundamentos legais de julgamento";"Ausência de condição de elegibilidade"
"08/10/2026";"08:31:04";2026;2;"Eleição Ordinária";6259;"Eleições Gerais Estaduais 2026";"RN";"RN";"RIO GRANDE DO NORTE";"200002550223";"-1";"Fundamentos legais de julgamento";"Ausência de condição de elegibilidade"
"08/10/2026";"08:31:04";2026;2;"Eleição Ordinária";6259;"Eleições Gerais Estaduais 2026";"RN";"RN";"RIO GRANDE DO NORTE";"200002538218";"-1";"Fundamentos legais de julgamento";"Ausência de condição de elegibilidade"
"08/10/2026";"08:31:04";2026;2;"Eleição Ordinária";6259;"Eleições Gerais Estaduais 2026";"RN";"RN";"RIO GRANDE DO NORTE";"200002552148";"-1";"Fundamentos legais de julgamento";"Ausência de condição de elegibilidade"
"08/10/2026";"08:31:04";2026;2;"Eleição Ordinária";6259;"Eleições Gerais Estaduais 2026";"RN";"RN";"RIO GRANDE DO NORTE";"200002546791";"-1";"Fundamentos legais de julgamento";"Ausência de condição de elegibilidade"
"08/10/2026";"08:31:04";2026;2;"Eleição Ordinária";6259;"Eleições Gerais Estaduais 2026";"RN";"RN";"RIO GRANDE DO NORTE";"200002550226";"-1";"Fundamentos legais de julgamento";"Ausência de condição de elegibilidade"
"08/10/2026";"08:31:04";2026;2;"Eleição Ordinária";6259;"Eleições Gerais Estaduais 2026";"RO";"RO";"RONDÔNIA";"220002554478";"-1";"Fundamentos legais de julgamento";"Ausência de condição de elegibilidade"
"08/10/2026";"08:31:04";2026;2;"Eleição Ordinária";6259;"Eleições Gerais Estaduais 2026";"RR";"RR";"RORAIMA";"230002549331";"-1";"Fundamentos legais de julgamento";"Ausência de condição de elegibilidade"
"08/10/2026";"08:31:04";2026;2;"Eleição Ordinária";6259;"Eleições Gerais Estaduais 2026";"RS";"RS";"RIO GRANDE DO SUL";"210002544222";"-1";"Fundamentos legais de julgamento";"Ausência de condição de elegibilidade"
"08/10/2026";"08:31:04";2026;2;"Eleição Ordinária";6259;"Eleições Gerais Estaduais 2026";"RS";"RS";"RIO GRANDE DO SUL";"210002551507";"-1";"Fundamentos legais de julgamento";"Ausência de condição de elegibilidade"
"08/10/2026";"08:31:04";2026;2;"Eleição Ordinária";6259;"Eleições Gerais Estaduais 2026";"SC";"SC";"SANTA CATARINA";"240002551665";"-1";"Fundamentos legais de julgamento";"Ausência de condição de elegibilidade"
"08/10/2026";"08:31:04";2026;2;"Eleição Ordinária";6259;"Eleições Gerais Estaduais 2026";"SC";"SC";"SANTA CATARINA";"240002551669";"-1";"Fundamentos legais de julgamento";"Ausência de condição de elegibilidade"
"08/10/2026";"08:31:04";2026;2;"Eleição Ordinária";6259;"Eleições Gerais Estaduais 2026";"SC";"SC";"SANTA CATARINA";"240002553004";"-1";"Fundamentos legais de julgamento";"Ausência de condição de elegibilidade"
"08/10/2026";"08:31:04";2026;2;"Eleição Ordinária";6259;"Eleições Gerais Estaduais 2026";"SE";"SE";"SERGIPE";"260002534000";"-1";"Fundamentos legais de julgamento";"Ausência de condição de elegibilidade"
"08/10/2026";"08:31:04";2026;2;"Eleição Ordinária";6259;"Eleições Gerais Estaduais 2026";"SE";"SE";"SERGIPE";"260002550767";"-1";"Fundamentos legais de julgamento";"Ausência de condição de elegibilidade"
"08/10/2026";"08:31:04";2026;2;"Eleição Ordinária";6259;"Eleições Gerais Estaduais 2026";"SP";"SP";"SÃO PAULO";"250002551602";"-1";"Fundamentos legais de julgamento";"Ausência de condição de elegibilidade"
"08/10/2026";"08:31:04";2026;2;"Eleição Ordinária";6259;"Eleições Gerais Estaduais 2026";"SP";"SP";"SÃO PAULO";"250002551634";"-1";"Fundamentos legais de julgamento";"Ausência de condição de elegibilidade"
"08/10/2026";"08:31:04";2026;2;"Eleição Ordinária";6259;"Eleições Gerais Estaduais 2026";"SP";"SP";"SÃO PAULO";"250002551638";"-1";"Fundamentos legais de julgamento";"Ausência de condição de elegibilidade"
"08/10/2026";"08:31:04";2026;2;"Eleição Ordinária";6259;"Eleições Gerais Estaduais 2026";"SP";"SP";"SÃO PAULO";"250002554361";"-1";"Fundamentos legais de julgamento";"Ausência de condição de elegibilidade"
"08/10/2026";"08:31:04";2026;2;"Eleição Ordinária";6259;"Eleições Gerais Estaduais 2026";"SP";"SP";"SÃO PAULO";"250002547837";"-1";"Fundamentos legais de julgamento";"Ausência de condição de elegibilidade"
"08/10/2026";"08:31:04";2026;2;"Eleição Ordinária";6259;"Eleições Gerais Estaduais 2026";"SP";"SP";"SÃO PAULO";"250002548161";"-1";"Fundamentos legais de julgamento";"Ausência de condição de elegibilidade"
"08/10/2026";"08:31:04";2026;2;"Eleição Ordinária";6259;"Eleições Gerais Estaduais 2026";"SP";"SP";"SÃO PAULO";"250002552898";"-1";"Fundamentos legais de julgamento";"Ausência de condição de elegibilidade"
"08/10/2026";"08:31:04";2026;2;"Eleição Ordinária";6259;"Eleições Gerais Estaduais 2026";"SP";"SP";"SÃO PAULO";"250002553774";"-1";"Fundamentos legais de julgamento";"Ausência de condição de elegibilidade"
"08/10/2026";"08:31:04";2026;2;"Eleição Ordinária";6259;"Eleições Gerais Estaduais 2026";"SP";"SP";"SÃO PAULO";"250002553807";"-1";"Fundamentos legais de julgamento";"Ausência de condição de elegibilidade"
"08/10/2026";"08:31:04";2026;2;"Eleição Ordinária";6259;"Eleições Gerais Estaduais 2026";"SP";"SP";"SÃO PAULO";"250002553811";"-1";"Fundamentos legais de julgamento";"Ausência de condição de elegibilidade"
"08/10/2026";"08:31:04";2026;2;"Eleição Ordinária";6259;"Eleições Gerais Estaduais 2026";"SP";"SP";"SÃO PAULO";"250002553841";"-1";"Fundamentos legais de julgamento";"Ausência de condição de elegibilidade"
"08/10/2026";"08:31:04";2026;2;"Eleição Ordinária";6259;"Eleições Gerais Estaduais 2026";"SP";"SP";"SÃO PAULO";"250002553848";"-1";"Fundamentos legais de julgamento";"Ausência de condição de elegibilidade"
"08/10/2026";"08:31:04";2026;2;"Eleição Ordinária";6259;"Eleições Gerais Estaduais 2026";"AC";"AC";"ACRE";"10002548046";"-1";"Fundamentos legais de julgamento";"Inelegibilidade constitucional"
"08/10/2026";"08:31:04";2026;2;"Eleição Ordinária";6259;"Eleições Gerais Estaduais 2026";"AL";"AL";"ALAGOAS";"20002538382";"-1";"Fundamentos legais de julgamento";"Inelegibilidade constitucional"
"08/10/2026";"08:31:04";2026;2;"Eleição Ordinária";6259;"Eleições Gerais Estaduais 2026";"AM";"AM";"AMAZONAS";"40002549901";"-1";"Fundamentos legais de julgamento";"Inelegibilidade constitucional"
"08/10/2026";"08:31:04";2026;2;"Eleição Ordinária";6259;"Eleições Gerais Estaduais 2026";"AP";"AP";"AMAPÁ";"30002549897";"-1";"Fundamentos legais de julgamento";"Inelegibilidade constitucional"
"08/10/2026";"08:31:04";2026;2;"Eleição Ordinária";6259;"Eleições Gerais Estaduais 2026";"BA";"BA";"BAHIA";"50002535554";"-1";"Fundamentos legais de julgamento";"Inelegibilidade constitucional"
"08/10/2026";"08:31:04";2026;2;"Eleição Ordinária";6259;"Eleições Gerais Estaduais 2026";"MA";"MA";"MARANHÃO";"100002542578";"-1";"Fundamentos legais de julgamento";"Inelegibilidade constitucional"
"08/10/2026";"08:31:04";2026;2;"Eleição Ordinária";6259;"Eleições Gerais Estaduais 2026";"PB";"PB";"PARAÍBA";"150002540253";"-1";"Fundamentos legais de julgamento";"Inelegibilidade constitucional"
"08/10/2026";"08:31:04";2026;2;"Eleição Ordinária";6259;"Eleições Gerais Estaduais 2026";"PR";"PR";"PARANÁ";"160002541984";"-1";"Fundamentos legais de julgamento";"Inelegibilidade constitucional"
"08/10/2026";"08:31:04";2026;2;"Eleição Ordinária";6259;"Eleições Gerais Estaduais 2026";"RJ";"RJ";"RIO DE JANEIRO";"190002547265";"-1";"Fundamentos legais de julgamento";"Inelegibilidade constitucional"
"08/10/2026";"08:31:04";2026;2;"Eleição Ordinária";6259;"Eleições Gerais Estaduais 2026";"RJ";"RJ";"RIO DE JANEIRO";"190002550481";"-1";"Fundamentos legais de julgamento";"Inelegibilidade constitucional"
"08/10/2026";"08:31:04";2026;2;"Eleição Ordinária";6259;"Eleições Gerais Estaduais 2026";"RJ";"RJ";"RIO DE JANEIRO";"190002550030";"-1";"Fundamentos legais de julgamento";"Inelegibilidade constitucional"
"08/10/2026";"08:31:04";2026;2;"Eleição Ordinária";6259;"Eleições Gerais Estaduais 2026";"RS";"RS";"RIO GRANDE DO SUL";"210002553408";"-1";"Fundamentos legais de julgamento";"Inelegibilidade constitucional"
"08/10/2026";"08:31:04";2026;2;"Eleição Ordinária";6259;"Eleições Gerais Estaduais 2026";"AC";"AC";"ACRE";"10002550801";"-1";"Fundamentos legais de julgamento";"Inelegibilidade infraconstitucional(LC 64/90)"
"08/10/2026";"08:31:04";2026;2;"Eleição Ordinária";6259;"Eleições Gerais Estaduais 2026";"AC";"AC";"ACRE";"10002551862";"-1";"Fundamentos legais de julgamento";"Inelegibilidade infraconstitucional(LC 64/90)"
"08/10/2026";"08:31:04";2026;2;"Eleição Ordinária";6259;"Eleições Gerais Estaduais 2026";"AC";"AC";"ACRE";"10002533994";"-1";"Fundamentos legais de julgamento";"Inelegibilidade infraconstitucional(LC 64/90)"
"08/10/2026";"08:31:04";2026;2;"Eleição Ordinária";6259;"Eleições Gerais Estaduais 2026";"AC";"AC";"ACRE";"10002544019";"-1";"Fundamentos legais de julgamento";"Inelegibilidade infraconstitucional(LC 64/90)"
"08/10/2026";"08:31:04";2026;2;"Eleição Ordinária";6259;"Eleições Gerais Estaduais 2026";"AC";"AC";"ACRE";"10002552001";"-1";"Fundamentos legais de julgamento";"Inelegibilidade infraconstitucional(LC 64/90)"
"08/10/2026";"08:31:04";2026;2;"Eleição Ordinária";6259;"Eleições Gerais Estaduais 2026";"AC";"AC";"ACRE";"10002552841";"-1";"Fundamentos legais de julgamento";"Inelegibilidade infraconstitucional(LC 64/90)"
"08/10/2026";"08:31:04";2026;2;"Eleição Ordinária";6259;"Eleições Gerais Estaduais 2026";"AC";"AC";"ACRE";"10002553979";"-1";"Fundamentos legais de julgamento";"Inelegibilidade infraconstitucional(LC 64/90)"
"08/10/2026";"08:31:04";2026;2;"Eleição Ordinária";6259;"Eleições Gerais Estaduais 2026";"AM";"AM";"AMAZONAS";"40002549901";"-1";"Fundamentos legais de julgamento";"Inelegibilidade infraconstitucional(LC 64/90)"
"08/10/2026";"08:31:04";2026;2;"Eleição Ordinária";6259;"Eleições Gerais Estaduais 2026";"AP";"AP";"AMAPÁ";"30002532249";"-1";"Fundamentos legais de julgamento";"Inelegibilidade infraconstitucional(LC 64/90)"
"08/10/2026";"08:31:04";2026;2;"Eleição Ordinária";6259;"Eleições Gerais Estaduais 2026";"AP";"AP";"AMAPÁ";"30002532251";"-1";"Fundamentos legais de julgamento";"Inelegibilidade infraconstitucional(LC 64/90)"
"08/10/2026";"08:31:04";2026;2;"Eleição Ordinária";6259;"Eleições Gerais Estaduais 2026";"AP";"AP";"AMAPÁ";"30002538149";"-1";"Fundamentos legais de julgamento";"Inelegibilidade infraconstitucional(LC 64/90)"
"08/10/2026";"08:31:04";2026;2;"Eleição Ordinária";6259;"Eleições Gerais Estaduais 2026";"AP";"AP";"AMAPÁ";"30002539111";"-1";"Fundamentos legais de julgamento";"Inelegibilidade infraconstitucional(LC 64/90)"
"08/10/2026";"08:31:04";2026;2;"Eleição Ordinária";6259;"Eleições Gerais Estaduais 2026";"DF";"DF";"DISTRITO FEDERAL";"70002551187";"-1";"Fundamentos legais de julgamento";"Inelegibilidade infraconstitucional(LC 64/90)"
"08/10/2026";"08:31:04";2026;2;"Eleição Ordinária";6259;"Eleições Gerais Estaduais 2026";"DF";"DF";"DISTRITO FEDERAL";"70002554468";"-1";"Fundamentos legais de julgamento";"Inelegibilidade infraconstitucional(LC 64/90)"
"08/10/2026";"08:31:04";2026;2;"Eleição Ordinária";6259;"Eleições Gerais Estaduais 2026";"ES";"ES";"ESPÍRITO SANTO";"80002549073";"-1";"Fundamentos legais de julgamento";"Inelegibilidade infraconstitucional(LC 64/90)"
"08/10/2026";"08:31:04";2026;2;"Eleição Ordinária";6259;"Eleições Gerais Estaduais 2026";"MG";"MG";"MINAS GERAIS";"130002535306";"-1";"Fundamentos legais de julgamento";"Inelegibilidade infraconstitucional(LC 64/90)"
"08/10/2026";"08:31:04";2026;2;"Eleição Ordinária";6259;"Eleições Gerais Estaduais 2026";"MG";"MG";"MINAS GERAIS";"130002538279";"-1";"Fundamentos legais de julgamento";"Inelegibilidade infraconstitucional(LC 64/90)"
"08/10/2026";"08:31:04";2026;2;"Eleição Ordinária";6259;"Eleições Gerais Estaduais 2026";"MG";"MG";"MINAS GERAIS";"130002552421";"-1";"Fundamentos legais de julgamento";"Inelegibilidade infraconstitucional(LC 64/90)"
"08/10/2026";"08:31:04";2026;2;"Eleição Ordinária";6259;"Eleições Gerais Estaduais 2026";"PR";"PR";"PARANÁ";"160002540775";"-1";"Fundamentos legais de julgamento";"Inelegibilidade infraconstitucional(LC 64/90)"
"08/10/2026";"08:31:04";2026;2;"Eleição Ordinária";6259;"Eleições Gerais Estaduais 2026";"PR";"PR";"PARANÁ";"160002549531";"-1";"Fundamentos legais de julgamento";"Inelegibilidade infraconstitucional(LC 64/90)"
"08/10/2026";"08:31:04";2026;2;"Eleição Ordinária";6259;"Eleições Gerais Estaduais 2026";"PR";"PR";"PARANÁ";"160002553368";"-1";"Fundamentos legais de julgamento";"Inelegibilidade infraconstitucional(LC 64/90)"
"08/10/2026";"08:31:04";2026;2;"Eleição Ordinária";6259;"Eleições Gerais Estaduais 2026";"PR";"PR";"PARANÁ";"160002553375";"-1";"Fundamentos legais de julgamento";"Inelegibilidade infraconstitucional(LC 64/90)"
"08/10/2026";"08:31:04";2026;2;"Eleição Ordinária";6259;"Eleições Gerais Estaduais 2026";"PR";"PR";"PARANÁ";"160002547602";"-1";"Fundamentos legais de julgamento";"Inelegibilidade infraconstitucional(LC 64/90)"
"08/10/2026";"08:31:04";2026;2;"Eleição Ordinária";6259;"Eleições Gerais Estaduais 2026";"RJ";"RJ";"RIO DE JANEIRO";"190002540193";"-1";"Fundamentos legais de julgamento";"Inelegibilidade infraconstitucional(LC 64/90)"
"08/10/2026";"08:31:04";2026;2;"Eleição Ordinária";6259;"Eleições Gerais Estaduais 2026";"RJ";"RJ";"RIO DE JANEIRO";"190002550481";"-1";"Fundamentos legais de julgamento";"Inelegibilidade infraconstitucional(LC 64/90)"
"08/10/2026";"08:31:04";2026;2;"Eleição Ordinária";6259;"Eleições Gerais Estaduais 2026";"RJ";"RJ";"RIO DE JANEIRO";"190002534100";"-1";"Fundamentos legais de julgamento";"Inelegibilidade infraconstitucional(LC 64/90)"
"08/10/2026";"08:31:04";2026;2;"Eleição Ordinária";6259;"Eleições Gerais Estaduais 2026";"RJ";"RJ";"RIO DE JANEIRO";"190002538600";"-1";"Fundamentos legais de julgamento";"Inelegibilidade infraconstitucional(LC 64/90)"
"08/10/2026";"08:31:04";2026;2;"Eleição Ordinária";6259;"Eleições Gerais Estaduais 2026";"RJ";"RJ";"RIO DE JANEIRO";"190002541681";"-1";"Fundamentos legais de julgamento";"Inelegibilidade infraconstitucional(LC 64/90)"
"08/10/2026";"08:31:04";2026;2;"Eleição Ordinária";6259;"Eleições Gerais Estaduais 2026";"RJ";"RJ";"RIO DE JANEIRO";"190002543301";"-1";"Fundamentos legais de julgamento";"Inelegibilidade infraconstitucional(LC 64/90)"
"08/10/2026";"08:31:04";2026;2;"Eleição Ordinária";6259;"Eleições Gerais Estaduais 2026";"RJ";"RJ";"RIO DE JANEIRO";"190002543316";"-1";"Fundamentos legais de julgamento";"Inelegibilidade infraconstitucional(LC 64/90)"
"08/10/2026";"08:31:04";2026;2;"Eleição Ordinária";6259;"Eleições Gerais Estaduais 2026";"RR";"RR";"RORAIMA";"230002553636";"-1";"Fundamentos legais de julgamento";"Inelegibilidade infraconstitucional(LC 64/90)"
"08/10/2026";"08:31:04";2026;2;"Eleição Ordinária";6259;"Eleições Gerais Estaduais 2026";"RR";"RR";"RORAIMA";"230002548826";"-1";"Fundamentos legais de julgamento";"Inelegibilidade infraconstitucional(LC 64/90)"
"08/10/2026";"08:31:04";2026;2;"Eleição Ordinária";6259;"Eleições Gerais Estaduais 2026";"RR";"RR";"RORAIMA";"230002548848";"-1";"Fundamentos legais de julgamento";"Inelegibilidade infraconstitucional(LC 64/90)"
"08/10/2026";"08:31:04";2026;2;"Eleição Ordinária";6259;"Eleições Gerais Estaduais 2026";"SC";"SC";"SANTA CATARINA";"240002537922";"-1";"Fundamentos legais de julgamento";"Inelegibilidade infraconstitucional(LC 64/90)"
"08/10/2026";"08:31:04";2026;2;"Eleição Ordinária";6259;"Eleições Gerais Estaduais 2026";"SE";"SE";"SERGIPE";"260002541268";"-1";"Fundamentos legais de julgamento";"Inelegibilidade infraconstitucional(LC 64/90)"
"08/10/2026";"08:31:04";2026;2;"Eleição Ordinária";6259;"Eleições Gerais Estaduais 2026";"SE";"SE";"SERGIPE";"260002538793";"-1";"Fundamentos legais de julgamento";"Inelegibilidade infraconstitucional(LC 64/90)"
"08/10/2026";"08:31:04";2026;2;"Eleição Ordinária";6259;"Eleições Gerais Estaduais 2026";"SE";"SE";"SERGIPE";"260002545639";"-1";"Fundamentos legais de julgamento";"Inelegibilidade infraconstitucional(LC 64/90)"
"08/10/2026";"08:31:04";2026;2;"Eleição Ordinária";6259;"Eleições Gerais Estaduais 2026";"SP";"SP";"SÃO PAULO";"250002533610";"-1";"Fundamentos legais de julgamento";"Inelegibilidade infraconstitucional(LC 64/90)"
"08/10/2026";"08:31:04";2026;2;"Eleição Ordinária";6259;"Eleições Gerais Estaduais 2026";"SP";"SP";"SÃO PAULO";"250002551063";"-1";"Fundamentos legais de julgamento";"Inelegibilidade infraconstitucional(LC 64/90)"
"08/10/2026";"08:31:04";2026;2;"Eleição Ordinária";6259;"Eleições Gerais Estaduais 2026";"SP";"SP";"SÃO PAULO";"250002534161";"-1";"Fundamentos legais de julgamento";"Inelegibilidade infraconstitucional(LC 64/90)"
"08/10/2026";"08:31:04";2026;2;"Eleição Ordinária";6259;"Eleições Gerais Estaduais 2026";"SP";"SP";"SÃO PAULO";"250002545144";"-1";"Fundamentos legais de julgamento";"Inelegibilidade infraconstitucional(LC 64/90)"
"08/10/2026";"08:31:04";2026;2;"Eleição Ordinária";6259;"Eleições Gerais Estaduais 2026";"SP";"SP";"SÃO PAULO";"250002553801";"-1";"Fundamentos legais de julgamento";"Inelegibilidade infraconstitucional(LC 64/90)"
"08/10/2026";"08:31:04";2026;2;"Eleição Ordinária";6259;"Eleições Gerais Estaduais 2026";"TO";"TO";"TOCANTINS";"270002544496";"-1";"Fundamentos legais de julgamento";"Inelegibilidade infraconstitucional(LC 64/90)"
"08/10/2026";"08:31:04";2026;2;"Eleição Ordinária";6259;"Eleições Gerais Estaduais 2026";"TO";"TO";"TOCANTINS";"270002550602";"-1";"Fundamentos legais de julgamento";"Inelegibilidade infraconstitucional(LC 64/90)"
"08/10/2026";"08:31:04";2026;2;"Eleição Ordinária";6259;"Eleições Gerais Estaduais 2026";"BA";"BA";"BAHIA";"50002532521";"-1";"Fundamentos legais de julgamento";"Ausência de desincompatibilização (LC 64/90)"
"08/10/2026";"08:31:04";2026;2;"Eleição Ordinária";6259;"Eleições Gerais Estaduais 2026";"GO";"GO";"GOIÁS";"90002543832";"-1";"Fundamentos legais de julgamento";"Ausência de desincompatibilização (LC 64/90)"
"08/10/2026";"08:31:04";2026;2;"Eleição Ordinária";6259;"Eleições Gerais Estaduais 2026";"PA";"PA";"PARÁ";"140002546691";"-1";"Fundamentos legais de julgamento";"Ausência de desincompatibilização (LC 64/90)"
"08/10/2026";"08:31:04";2026;2;"Eleição Ordinária";6259;"Eleições Gerais Estaduais 2026";"PB";"PB";"PARAÍBA";"150002541197";"-1";"Fundamentos legais de julgamento";"Ausência de desincompatibilização (LC 64/90)"
"08/10/2026";"08:31:04";2026;2;"Eleição Ordinária";6259;"Eleições Gerais Estaduais 2026";"PI";"PI";"PIAUÍ";"180002552114";"-1";"Fundamentos legais de julgamento";"Ausência de desincompatibilização (LC 64/90)"
"08/10/2026";"08:31:04";2026;2;"Eleição Ordinária";6259;"Eleições Gerais Estaduais 2026";"RJ";"RJ";"RIO DE JANEIRO";"190002543355";"-1";"Fundamentos legais de julgamento";"Ausência de desincompatibilização (LC 64/90)"
"08/10/2026";"08:31:04";2026;2;"Eleição Ordinária";6259;"Eleições Gerais Estaduais 2026";"RR";"RR";"RORAIMA";"230002548828";"-1";"Fundamentos legais de julgamento";"Ausência de desincompatibilização (LC 64/90)"
"08/10/2026";"08:31:04";2026;2;"Eleição Ordinária";6259;"Eleições Gerais Estaduais 2026";"SP";"SP";"SÃO PAULO";"250002537947";"-1";"Fundamentos legais de julgamento";"Ausência de desincompatibilização (LC 64/90)"
"08/10/2026";"08:31:04";2026;2;"Eleição Ordinária";6259;"Eleições Gerais Estaduais 2026";"AL";"AL";"ALAGOAS";"20002553663";"-1";"Fundamentos legais de julgamento";"Ausência de quitação eleitoral (Lei 9.504/97)"
"08/10/2026";"08:31:04";2026;2;"Eleição Ordinária";6259;"Eleições Gerais Estaduais 2026";"BA";"BA";"BAHIA";"50002548856";"-1";"Fundamentos legais de julgamento";"Ausência de quitação eleitoral (Lei 9.504/97)"
"08/10/2026";"08:31:04";2026;2;"Eleição Ordinária";6259;"Eleições Gerais Estaduais 2026";"BA";"BA";"BAHIA";"50002549618";"-1";"Fundamentos legais de julgamento";"Ausência de quitação eleitoral (Lei 9.504/97)"
"08/10/2026";"08:31:04";2026;2;"Eleição Ordinária";6259;"Eleições Gerais Estaduais 2026";"BA";"BA";"BAHIA";"50002549658";"-1";"Fundamentos legais de julgamento";"Ausência de quitação eleitoral (Lei 9.504/97)"
"08/10/2026";"08:31:04";2026;2;"Eleição Ordinária";6259;"Eleições Gerais Estaduais 2026";"MA";"MA";"MARANHÃO";"100002550970";"-1";"Fundamentos legais de julgamento";"Ausência de quitação eleitoral (Lei 9.504/97)"
"08/10/2026";"08:31:04";2026;2;"Eleição Ordinária";6259;"Eleições Gerais Estaduais 2026";"MG";"MG";"MINAS GERAIS";"130002550133";"-1";"Fundamentos legais de julgamento";"Ausência de quitação eleitoral (Lei 9.504/97)"
"08/10/2026";"08:31:04";2026;2;"Eleição Ordinária";6259;"Eleições Gerais Estaduais 2026";"PA";"PA";"PARÁ";"140002548656";"-1";"Fundamentos legais de julgamento";"Ausência de quitação eleitoral (Lei 9.504/97)"
"08/10/2026";"08:31:04";2026;2;"Eleição Ordinária";6259;"Eleições Gerais Estaduais 2026";"PB";"PB";"PARAÍBA";"150002551591";"-1";"Fundamentos legais de julgamento";"Ausência de quitação eleitoral (Lei 9.504/97)"
"08/10/2026";"08:31:04";2026;2;"Eleição Ordinária";6259;"Eleições Gerais Estaduais 2026";"PE";"PE";"PERNAMBUCO";"170002552515";"-1";"Fundamentos legais de julgamento";"Ausência de quitação eleitoral (Lei 9.504/97)"
"08/10/2026";"08:31:04";2026;2;"Eleição Ordinária";6259;"Eleições Gerais Estaduais 2026";"RJ";"RJ";"RIO DE JANEIRO";"190002543881";"-1";"Fundamentos legais de julgamento";"Ausência de quitação eleitoral (Lei 9.504/97)"
"08/10/2026";"08:31:04";2026;2;"Eleição Ordinária";6259;"Eleições Gerais Estaduais 2026";"RJ";"RJ";"RIO DE JANEIRO";"190002541821";"-1";"Fundamentos legais de julgamento";"Ausência de quitação eleitoral (Lei 9.504/97)"
"08/10/2026";"08:31:04";2026;2;"Eleição Ordinária";6259;"Eleições Gerais Estaduais 2026";"RJ";"RJ";"RIO DE JANEIRO";"190002552255";"-1";"Fundamentos legais de julgamento";"Ausência de quitação eleitoral (Lei 9.504/97)"
"08/10/2026";"08:31:04";2026;2;"Eleição Ordinária";6259;"Eleições Gerais Estaduais 2026";"RR";"RR";"RORAIMA";"230002548839";"-1";"Fundamentos legais de julgamento";"Ausência de quitação eleitoral (Lei 9.504/97)"
"08/10/2026";"08:31:04";2026;2;"Eleição Ordinária";6259;"Eleições Gerais Estaduais 2026";"RS";"RS";"RIO GRANDE DO SUL";"210002536918";"-1";"Fundamentos legais de julgamento";"Ausência de quitação eleitoral (Lei 9.504/97)"
"08/10/2026";"08:31:04";2026;2;"Eleição Ordinária";6259;"Eleições Gerais Estaduais 2026";"RS";"RS";"RIO GRANDE DO SUL";"210002553405";"-1";"Fundamentos legais de julgamento";"Ausência de quitação eleitoral (Lei 9.504/97)"
"08/10/2026";"08:31:04";2026;2;"Eleição Ordinária";6259;"Eleições Gerais Estaduais 2026";"RS";"RS";"RIO GRANDE DO SUL";"210002552766";"-1";"Fundamentos legais de julgamento";"Ausência de quitação eleitoral (Lei 9.504/97)"
"08/10/2026";"08:31:04";2026;2;"Eleição Ordinária";6259;"Eleições Gerais Estaduais 2026";"RS";"RS";"RIO GRANDE DO SUL";"210002552769";"-1";"Fundamentos legais de julgamento";"Ausência de quitação eleitoral (Lei 9.504/97)"
"08/10/2026";"08:31:04";2026;2;"Eleição Ordinária";6259;"Eleições Gerais Estaduais 2026";"SE";"SE";"SERGIPE";"260002550429";"-1";"Fundamentos legais de julgamento";"Ausência de quitação eleitoral (Lei 9.504/97)"
"08/10/2026";"08:31:04";2026;2;"Eleição Ordinária";6259;"Eleições Gerais Estaduais 2026";"SP";"SP";"SÃO PAULO";"250002553061";"-1";"Fundamentos legais de julgamento";"Ausência de quitação eleitoral (Lei 9.504/97)"
"08/10/2026";"08:31:04";2026;2;"Eleição Ordinária";6259;"Eleições Gerais Estaduais 2026";"SP";"SP";"SÃO PAULO";"250002539587";"-1";"Fundamentos legais de julgamento";"Ausência de quitação eleitoral (Lei 9.504/97)"
"08/10/2026";"08:31:04";2026;2;"Eleição Ordinária";6259;"Eleições Gerais Estaduais 2026";"SP";"SP";"SÃO PAULO";"250002539245";"-1";"Fundamentos legais de julgamento";"Ausência de quitação eleitoral (Lei 9.504/97)"
"08/10/2026";"08:31:04";2026;2;"Eleição Ordinária";6259;"Eleições Gerais Estaduais 2026";"SP";"SP";"SÃO PAULO";"250002553864";"-1";"Fundamentos legais de julgamento";"Ausência de quitação eleitoral (Lei 9.504/97)"
"08/10/2026";"08:31:04";2026;2;"Eleição Ordinária";6259;"Eleições Gerais Estaduais 2026";"GO";"GO";"GOIÁS";"90002554413";"-1";"Fundamentos legais de julgamento";"Desatendimento a requisito formal (Lei 9.504/97)"
"08/10/2026";"08:31:04";2026;2;"Eleição Ordinária";6259;"Eleições Gerais Estaduais 2026";"MG";"MG";"MINAS GERAIS";"130002552430";"-1";"Fundamentos legais de julgamento";"Desatendimento a requisito formal (Lei 9.504/97)"
"08/10/2026";"08:31:04";2026;2;"Eleição Ordinária";6259;"Eleições Gerais Estaduais 2026";"MS";"MS";"MATO GROSSO DO SUL";"120002534957";"-1";"Fundamentos legais de julgamento";"Desatendimento a requisito formal (Lei 9.504/97)"
"08/10/2026";"08:31:04";2026;2;"Eleição Ordinária";6259;"Eleições Gerais Estaduais 2026";"MS";"MS";"MATO GROSSO DO SUL";"120002553245";"-1";"Fundamentos legais de julgamento";"Desatendimento a requisito formal (Lei 9.504/97)"
"08/10/2026";"08:31:04";2026;2;"Eleição Ordinária";6259;"Eleições Gerais Estaduais 2026";"MT";"MT";"MATO GROSSO";"110002551937";"-1";"Fundamentos legais de julgamento";"Desatendimento a requisito formal (Lei 9.504/97)"
"08/10/2026";"08:31:04";2026;2;"Eleição Ordinária";6259;"Eleições Gerais Estaduais 2026";"MT";"MT";"MATO GROSSO";"110002553695";"-1";"Fundamentos legais de julgamento";"Desatendimento a requisito formal (Lei 9.504/97)"
"08/10/2026";"08:31:04";2026;2;"Eleição Ordinária";6259;"Eleições Gerais Estaduais 2026";"PA";"PA";"PARÁ";"140002552072";"-1";"Fundamentos legais de julgamento";"Desatendimento a requisito formal (Lei 9.504/97)"
"08/10/2026";"08:31:04";2026;2;"Eleição Ordinária";6259;"Eleições Gerais Estaduais 2026";"PB";"PB";"PARAÍBA";"150002552382";"-1";"Fundamentos legais de julgamento";"Desatendimento a requisito formal (Lei 9.504/97)"
"08/10/2026";"08:31:04";2026;2;"Eleição Ordinária";6259;"Eleições Gerais Estaduais 2026";"PB";"PB";"PARAÍBA";"150002553397";"-1";"Fundamentos legais de julgamento";"Desatendimento a requisito formal (Lei 9.504/97)"
"08/10/2026";"08:31:04";2026;2;"Eleição Ordinária";6259;"Eleições Gerais Estaduais 2026";"PE";"PE";"PERNAMBUCO";"170002539186";"-1";"Fundamentos legais de julgamento";"Desatendimento a requisito formal (Lei 9.504/97)"
"08/10/2026";"08:31:04";2026;2;"Eleição Ordinária";6259;"Eleições Gerais Estaduais 2026";"PE";"PE";"PERNAMBUCO";"170002544850";"-1";"Fundamentos legais de julgamento";"Desatendimento a requisito formal (Lei 9.504/97)"
"08/10/2026";"08:31:04";2026;2;"Eleição Ordinária";6259;"Eleições Gerais Estaduais 2026";"PE";"PE";"PERNAMBUCO";"170002544851";"-1";"Fundamentos legais de julgamento";"Desatendimento a requisito formal (Lei 9.504/97)"
"08/10/2026";"08:31:04";2026;2;"Eleição Ordinária";6259;"Eleições Gerais Estaduais 2026";"PE";"PE";"PERNAMBUCO";"170002544852";"-1";"Fundamentos legais de julgamento";"Desatendimento a requisito formal (Lei 9.504/97)"
"08/10/2026";"08:31:04";2026;2;"Eleição Ordinária";6259;"Eleições Gerais Estaduais 2026";"PE";"PE";"PERNAMBUCO";"170002544854";"-1";"Fundamentos legais de julgamento";"Desatendimento a requisito formal (Lei 9.504/97)"
"08/10/2026";"08:31:04";2026;2;"Eleição Ordinária";6259;"Eleições Gerais Estaduais 2026";"PE";"PE";"PERNAMBUCO";"170002544840";"-1";"Fundamentos legais de julgamento";"Desatendimento a requisito formal (Lei 9.504/97)"
"08/10/2026";"08:31:04";2026;2;"Eleição Ordinária";6259;"Eleições Gerais Estaduais 2026";"PE";"PE";"PERNAMBUCO";"170002552974";"-1";"Fundamentos legais de julgamento";"Desatendimento a requisito formal (Lei 9.504/97)"
"08/10/2026";"08:31:04";2026;2;"Eleição Ordinária";6259;"Eleições Gerais Estaduais 2026";"PE";"PE";"PERNAMBUCO";"170002552989";"-1";"Fundamentos legais de julgamento";"Desatendimento a requisito formal (Lei 9.504/97)"
"08/10/2026";"08:31:04";2026;2;"Eleição Ordinária";6259;"Eleições Gerais Estaduais 2026";"PE";"PE";"PERNAMBUCO";"170002552990";"-1";"Fundamentos legais de julgamento";"Desatendimento a requisito formal (Lei 9.504/97)"
"08/10/2026";"08:31:04";2026;2;"Eleição Ordinária";6259;"Eleições Gerais Estaduais 2026";"PE";"PE";"PERNAMBUCO";"170002552997";"-1";"Fundamentos legais de julgamento";"Desatendimento a requisito formal (Lei 9.504/97)"
"08/10/2026";"08:31:04";2026;2;"Eleição Ordinária";6259;"Eleições Gerais Estaduais 2026";"PE";"PE";"PERNAMBUCO";"170002540419";"-1";"Fundamentos legais de julgamento";"Desatendimento a requisito formal (Lei 9.504/97)"
"08/10/2026";"08:31:04";2026;2;"Eleição Ordinária";6259;"Eleições Gerais Estaduais 2026";"PR";"PR";"PARANÁ";"160002542334";"-1";"Fundamentos legais de julgamento";"Desatendimento a requisito formal (Lei 9.504/97)"
"08/10/2026";"08:31:04";2026;2;"Eleição Ordinária";6259;"Eleições Gerais Estaduais 2026";"PR";"PR";"PARANÁ";"160002553388";"-1";"Fundamentos legais de julgamento";"Desatendimento a requisito formal (Lei 9.504/97)"
"08/10/2026";"08:31:04";2026;2;"Eleição Ordinária";6259;"Eleições Gerais Estaduais 2026";"PR";"PR";"PARANÁ";"160002554128";"-1";"Fundamentos legais de julgamento";"Desatendimento a requisito formal (Lei 9.504/97)"
"08/10/2026";"08:31:04";2026;2;"Eleição Ordinária";6259;"Eleições Gerais Estaduais 2026";"RJ";"RJ";"RIO DE JANEIRO";"190002551374";"-1";"Fundamentos legais de julgamento";"Desatendimento a requisito formal (Lei 9.504/97)"
"08/10/2026";"08:31:04";2026;2;"Eleição Ordinária";6259;"Eleições Gerais Estaduais 2026";"RJ";"RJ";"RIO DE JANEIRO";"190002554310";"-1";"Fundamentos legais de julgamento";"Desatendimento a requisito formal (Lei 9.504/97)"
"08/10/2026";"08:31:04";2026;2;"Eleição Ordinária";6259;"Eleições Gerais Estaduais 2026";"RJ";"RJ";"RIO DE JANEIRO";"190002552241";"-1";"Fundamentos legais de julgamento";"Desatendimento a requisito formal (Lei 9.504/97)"
"08/10/2026";"08:31:04";2026;2;"Eleição Ordinária";6259;"Eleições Gerais Estaduais 2026";"RJ";"RJ";"RIO DE JANEIRO";"190002552259";"-1";"Fundamentos legais de julgamento";"Desatendimento a requisito formal (Lei 9.504/97)"
"08/10/2026";"08:31:04";2026;2;"Eleição Ordinária";6259;"Eleições Gerais Estaduais 2026";"RO";"RO";"RONDÔNIA";"220002550692";"-1";"Fundamentos legais de julgamento";"Desatendimento a requisito formal (Lei 9.504/97)"
"08/10/2026";"08:31:04";2026;2;"Eleição Ordinária";6259;"Eleições Gerais Estaduais 2026";"RR";"RR";"RORAIMA";"230002553857";"-1";"Fundamentos legais de julgamento";"Desatendimento a requisito formal (Lei 9.504/97)"
"08/10/2026";"08:31:04";2026;2;"Eleição Ordinária";6259;"Eleições Gerais Estaduais 2026";"RS";"RS";"RIO GRANDE DO SUL";"210002544219";"-1";"Fundamentos legais de julgamento";"Desatendimento a requisito formal (Lei 9.504/97)"
"08/10/2026";"08:31:04";2026;2;"Eleição Ordinária";6259;"Eleições Gerais Estaduais 2026";"RS";"RS";"RIO GRANDE DO SUL";"210002550530";"-1";"Fundamentos legais de julgamento";"Desatendimento a requisito formal (Lei 9.504/97)"
"08/10/2026";"08:31:04";2026;2;"Eleição Ordinária";6259;"Eleições Gerais Estaduais 2026";"RS";"RS";"RIO GRANDE DO SUL";"210002550536";"-1";"Fundamentos legais de julgamento";"Desatendimento a requisito formal (Lei 9.504/97)"
"08/10/2026";"08:31:04";2026;2;"Eleição Ordinária";6259;"Eleições Gerais Estaduais 2026";"RS";"RS";"RIO GRANDE DO SUL";"210002541958";"-1";"Fundamentos legais de julgamento";"Desatendimento a requisito formal (Lei 9.504/97)"
"08/10/2026";"08:31:04";2026;2;"Eleição Ordinária";6259;"Eleições Gerais Estaduais 2026";"RS";"RS";"RIO GRANDE DO SUL";"210002552772";"-1";"Fundamentos legais de julgamento";"Desatendimento a requisito formal (Lei 9.504/97)"
"08/10/2026";"08:31:04";2026;2;"Eleição Ordinária";6259;"Eleições Gerais Estaduais 2026";"SP";"SP";"SÃO PAULO";"250002533610";"-1";"Fundamentos legais de julgamento";"Desatendimento a requisito formal (Lei 9.504/97)"
"08/10/2026";"08:31:04";2026;2;"Eleição Ordinária";6259;"Eleições Gerais Estaduais 2026";"SP";"SP";"SÃO PAULO";"250002551600";"-1";"Fundamentos legais de julgamento";"Desatendimento a requisito formal (Lei 9.504/97)"
"08/10/2026";"08:31:04";2026;2;"Eleição Ordinária";6259;"Eleições Gerais Estaduais 2026";"SP";"SP";"SÃO PAULO";"250002551602";"-1";"Fundamentos legais de julgamento";"Desatendimento a requisito formal (Lei 9.504/97)"
"08/10/2026";"08:31:04";2026;2;"Eleição Ordinária";6259;"Eleições Gerais Estaduais 2026";"SP";"SP";"SÃO PAULO";"250002551606";"-1";"Fundamentos legais de julgamento";"Desatendimento a requisito formal (Lei 9.504/97)"
"08/10/2026";"08:31:04";2026;2;"Eleição Ordinária";6259;"Eleições Gerais Estaduais 2026";"SP";"SP";"SÃO PAULO";"250002551607";"-1";"Fundamentos legais de julgamento";"Desatendimento a requisito formal (Lei 9.504/97)"
"08/10/2026";"08:31:04";2026;2;"Eleição Ordinária";6259;"Eleições Gerais Estaduais 2026";"SP";"SP";"SÃO PAULO";"250002551609";"-1";"Fundamentos legais de julgamento";"Desatendimento a requisito formal (Lei 9.504/97)"
"08/10/2026";"08:31:04";2026;2;"Eleição Ordinária";6259;"Eleições Gerais Estaduais 2026";"SP";"SP";"SÃO PAULO";"250002551630";"-1";"Fundamentos legais de julgamento";"Desatendimento a requisito formal (Lei 9.504/97)"
"08/10/2026";"08:31:04";2026;2;"Eleição Ordinária";6259;"Eleições Gerais Estaduais 2026";"SP";"SP";"SÃO PAULO";"250002551641";"-1";"Fundamentos legais de julgamento";"Desatendimento a requisito formal (Lei 9.504/97)"
"08/10/2026";"08:31:04";2026;2;"Eleição Ordinária";6259;"Eleições Gerais Estaduais 2026";"SP";"SP";"SÃO PAULO";"250002552621";"-1";"Fundamentos legais de julgamento";"Desatendimento a requisito formal (Lei 9.504/97)"
"08/10/2026";"08:31:04";2026;2;"Eleição Ordinária";6259;"Eleições Gerais Estaduais 2026";"SP";"SP";"SÃO PAULO";"250002552640";"-1";"Fundamentos legais de julgamento";"Desatendimento a requisito formal (Lei 9.504/97)"
"08/10/2026";"08:31:04";2026;2;"Eleição Ordinária";6259;"Eleições Gerais Estaduais 2026";"SP";"SP";"SÃO PAULO";"250002552651";"-1";"Fundamentos legais de julgamento";"Desatendimento a requisito formal (Lei 9.504/97)"
"08/10/2026";"08:31:04";2026;2;"Eleição Ordinária";6259;"Eleições Gerais Estaduais 2026";"SP";"SP";"SÃO PAULO";"250002552669";"-1";"Fundamentos legais de julgamento";"Desatendimento a requisito formal (Lei 9.504/97)"
"08/10/2026";"08:31:04";2026;2;"Eleição Ordinária";6259;"Eleições Gerais Estaduais 2026";"SP";"SP";"SÃO PAULO";"250002554019";"-1";"Fundamentos legais de julgamento";"Desatendimento a requisito formal (Lei 9.504/97)"
"08/10/2026";"08:31:04";2026;2;"Eleição Ordinária";6259;"Eleições Gerais Estaduais 2026";"SP";"SP";"SÃO PAULO";"250002554032";"-1";"Fundamentos legais de julgamento";"Desatendimento a requisito formal (Lei 9.504/97)"
"08/10/2026";"08:31:04";2026;2;"Eleição Ordinária";6259;"Eleições Gerais Estaduais 2026";"SP";"SP";"SÃO PAULO";"250002554233";"-1";"Fundamentos legais de julgamento";"Desatendimento a requisito formal (Lei 9.504/97)"
"08/10/2026";"08:31:04";2026;2;"Eleição Ordinária";6259;"Eleições Gerais Estaduais 2026";"SP";"SP";"SÃO PAULO";"250002554361";"-1";"Fundamentos legais de julgamento";"Desatendimento a requisito formal (Lei 9.504/97)"
"08/10/2026";"08:31:04";2026;2;"Eleição Ordinária";6259;"Eleições Gerais Estaduais 2026";"SP";"SP";"SÃO PAULO";"250002533807";"-1";"Fundamentos legais de julgamento";"Desatendimento a requisito formal (Lei 9.504/97)"
"08/10/2026";"08:31:04";2026;2;"Eleição Ordinária";6259;"Eleições Gerais Estaduais 2026";"SP";"SP";"SÃO PAULO";"250002540932";"-1";"Fundamentos legais de julgamento";"Desatendimento a requisito formal (Lei 9.504/97)"
"08/10/2026";"08:31:04";2026;2;"Eleição Ordinária";6259;"Eleições Gerais Estaduais 2026";"SP";"SP";"SÃO PAULO";"250002548180";"-1";"Fundamentos legais de julgamento";"Desatendimento a requisito formal (Lei 9.504/97)"
"08/10/2026";"08:31:04";2026;2;"Eleição Ordinária";6259;"Eleições Gerais Estaduais 2026";"SP";"SP";"SÃO PAULO";"250002552908";"-1";"Fundamentos legais de julgamento";"Desatendimento a requisito formal (Lei 9.504/97)"
"08/10/2026";"08:31:04";2026;2;"Eleição Ordinária";6259;"Eleições Gerais Estaduais 2026";"SP";"SP";"SÃO PAULO";"250002553339";"-1";"Fundamentos legais de julgamento";"Desatendimento a requisito formal (Lei 9.504/97)"
"08/10/2026";"08:31:04";2026;2;"Eleição Ordinária";6259;"Eleições Gerais Estaduais 2026";"SP";"SP";"SÃO PAULO";"250002553823";"-1";"Fundamentos legais de julgamento";"Desatendimento a requisito formal (Lei 9.504/97)"
"08/10/2026";"08:31:04";2026;2;"Eleição Ordinária";6259;"Eleições Gerais Estaduais 2026";"SP";"SP";"SÃO PAULO";"250002553833";"-1";"Fundamentos legais de julgamento";"Desatendimento a requisito formal (Lei 9.504/97)"
"08/10/2026";"08:31:04";2026;2;"Eleição Ordinária";6259;"Eleições Gerais Estaduais 2026";"SP";"SP";"SÃO PAULO";"250002553841";"-1";"Fundamentos legais de julgamento";"Desatendimento a requisito formal (Lei 9.504/97)"
"08/10/2026";"08:31:04";2026;2;"Eleição Ordinária";6259;"Eleições Gerais Estaduais 2026";"SP";"SP";"SÃO PAULO";"250002553845";"-1";"Fundamentos legais de julgamento";"Desatendimento a requisito formal (Lei 9.504/97)"
"08/10/2026";"08:31:04";2026;2;"Eleição Ordinária";6259;"Eleições Gerais Estaduais 2026";"SP";"SP";"SÃO PAULO";"250002554048";"-1";"Fundamentos legais de julgamento";"Desatendimento a requisito formal (Lei 9.504/97)"
"08/10/2026";"08:31:04";2026;2;"Eleição Ordinária";6259;"Eleições Gerais Estaduais 2026";"SP";"SP";"SÃO PAULO";"250002554055";"-1";"Fundamentos legais de julgamento";"Desatendimento a requisito formal (Lei 9.504/97)"
"08/10/2026";"08:31:04";2026;2;"Eleição Ordinária";6259;"Eleições Gerais Estaduais 2026";"TO";"TO";"TOCANTINS";"270002546369";"-1";"Fundamentos legais de julgamento";"Desatendimento a requisito formal (Lei 9.504/97)"
"08/10/2026";"08:31:04";2026;2;"Eleição Ordinária";6259;"Eleições Gerais Estaduais 2026";"AL";"AL";"ALAGOAS";"20002538212";"-1";"Fundamentos legais de julgamento";"Indeferimento do DRAP do partido político/federação/coligação"
"08/10/2026";"08:31:04";2026;2;"Eleição Ordinária";6259;"Eleições Gerais Estaduais 2026";"AL";"AL";"ALAGOAS";"20002552610";"-1";"Fundamentos legais de julgamento";"Indeferimento do DRAP do partido político/federação/coligação"
"08/10/2026";"08:31:04";2026;2;"Eleição Ordinária";6259;"Eleições Gerais Estaduais 2026";"AM";"AM";"AMAZONAS";"40002546977";"-1";"Fundamentos legais de julgamento";"Indeferimento do DRAP do partido político/federação/coligação"
"08/10/2026";"08:31:04";2026;2;"Eleição Ordinária";6259;"Eleições Gerais Estaduais 2026";"BA";"BA";"BAHIA";"50002536580";"-1";"Fundamentos legais de julgamento";"Indeferimento do DRAP do partido político/federação/coligação"
"08/10/2026";"08:31:04";2026;2;"Eleição Ordinária";6259;"Eleições Gerais Estaduais 2026";"DF";"DF";"DISTRITO FEDERAL";"70002554457";"-1";"Fundamentos legais de julgamento";"Indeferimento do DRAP do partido político/federação/coligação"
"08/10/2026";"08:31:04";2026;2;"Eleição Ordinária";6259;"Eleições Gerais Estaduais 2026";"PA";"PA";"PARÁ";"140002548150";"-1";"Fundamentos legais de julgamento";"Indeferimento do DRAP do partido político/federação/coligação"
"08/10/2026";"08:31:04";2026;2;"Eleição Ordinária";6259;"Eleições Gerais Estaduais 2026";"PA";"PA";"PARÁ";"140002553716";"-1";"Fundamentos legais de julgamento";"Indeferimento do DRAP do partido político/federação/coligação"
"08/10/2026";"08:31:04";2026;2;"Eleição Ordinária";6259;"Eleições Gerais Estaduais 2026";"PA";"PA";"PARÁ";"140002554425";"-1";"Fundamentos legais de julgamento";"Indeferimento do DRAP do partido político/federação/coligação"
"08/10/2026";"08:31:04";2026;2;"Eleição Ordinária";6259;"Eleições Gerais Estaduais 2026";"PE";"PE";"PERNAMBUCO";"170002544848";"-1";"Fundamentos legais de julgamento";"Indeferimento do DRAP do partido político/federação/coligação"
"08/10/2026";"08:31:04";2026;2;"Eleição Ordinária";6259;"Eleições Gerais Estaduais 2026";"PE";"PE";"PERNAMBUCO";"170002544850";"-1";"Fundamentos legais de julgamento";"Indeferimento do DRAP do partido político/federação/coligação"
"08/10/2026";"08:31:04";2026;2;"Eleição Ordinária";6259;"Eleições Gerais Estaduais 2026";"PE";"PE";"PERNAMBUCO";"170002544854";"-1";"Fundamentos legais de julgamento";"Indeferimento do DRAP do partido político/federação/coligação"
"08/10/2026";"08:31:04";2026;2;"Eleição Ordinária";6259;"Eleições Gerais Estaduais 2026";"PE";"PE";"PERNAMBUCO";"170002544840";"-1";"Fundamentos legais de julgamento";"Indeferimento do DRAP do partido político/federação/coligação"
"08/10/2026";"08:31:04";2026;2;"Eleição Ordinária";6259;"Eleições Gerais Estaduais 2026";"PE";"PE";"PERNAMBUCO";"170002544841";"-1";"Fundamentos legais de julgamento";"Indeferimento do DRAP do partido político/federação/coligação"
"08/10/2026";"08:31:04";2026;2;"Eleição Ordinária";6259;"Eleições Gerais Estaduais 2026";"PE";"PE";"PERNAMBUCO";"170002544842";"-1";"Fundamentos legais de julgamento";"Indeferimento do DRAP do partido político/federação/coligação"
"08/10/2026";"08:31:04";2026;2;"Eleição Ordinária";6259;"Eleições Gerais Estaduais 2026";"PE";"PE";"PERNAMBUCO";"170002544846";"-1";"Fundamentos legais de julgamento";"Indeferimento do DRAP do partido político/federação/coligação"
"08/10/2026";"08:31:04";2026;2;"Eleição Ordinária";6259;"Eleições Gerais Estaduais 2026";"PE";"PE";"PERNAMBUCO";"170002552975";"-1";"Fundamentos legais de julgamento";"Indeferimento do DRAP do partido político/federação/coligação"
"08/10/2026";"08:31:04";2026;2;"Eleição Ordinária";6259;"Eleições Gerais Estaduais 2026";"PE";"PE";"PERNAMBUCO";"170002552976";"-1";"Fundamentos legais de julgamento";"Indeferimento do DRAP do partido político/federação/coligação"
"08/10/2026";"08:31:04";2026;2;"Eleição Ordinária";6259;"Eleições Gerais Estaduais 2026";"PE";"PE";"PERNAMBUCO";"170002552979";"-1";"Fundamentos legais de julgamento";"Indeferimento do DRAP do partido político/federação/coligação"
"08/10/2026";"08:31:04";2026;2;"Eleição Ordinária";6259;"Eleições Gerais Estaduais 2026";"PE";"PE";"PERNAMBUCO";"170002552981";"-1";"Fundamentos legais de julgamento";"Indeferimento do DRAP do partido político/federação/coligação"
"08/10/2026";"08:31:04";2026;2;"Eleição Ordinária";6259;"Eleições Gerais Estaduais 2026";"PE";"PE";"PERNAMBUCO";"170002552984";"-1";"Fundamentos legais de julgamento";"Indeferimento do DRAP do partido político/federação/coligação"
"08/10/2026";"08:31:04";2026;2;"Eleição Ordinária";6259;"Eleições Gerais Estaduais 2026";"PE";"PE";"PERNAMBUCO";"170002552986";"-1";"Fundamentos legais de julgamento";"Indeferimento do DRAP do partido político/federação/coligação"
"08/10/2026";"08:31:04";2026;2;"Eleição Ordinária";6259;"Eleições Gerais Estaduais 2026";"PE";"PE";"PERNAMBUCO";"170002552987";"-1";"Fundamentos legais de julgamento";"Indeferimento do DRAP do partido político/federação/coligação"
"08/10/2026";"08:31:04";2026;2;"Eleição Ordinária";6259;"Eleições Gerais Estaduais 2026";"PE";"PE";"PERNAMBUCO";"170002552992";"-1";"Fundamentos legais de julgamento";"Indeferimento do DRAP do partido político/federação/coligação"
"08/10/2026";"08:31:04";2026;2;"Eleição Ordinária";6259;"Eleições Gerais Estaduais 2026";"PE";"PE";"PERNAMBUCO";"170002552997";"-1";"Fundamentos legais de julgamento";"Indeferimento do DRAP do partido político/federação/coligação"
"08/10/2026";"08:31:04";2026;2;"Eleição Ordinária";6259;"Eleições Gerais Estaduais 2026";"PE";"PE";"PERNAMBUCO";"170002553000";"-1";"Fundamentos legais de julgamento";"Indeferimento do DRAP do partido político/federação/coligação"
"08/10/2026";"08:31:04";2026;2;"Eleição Ordinária";6259;"Eleições Gerais Estaduais 2026";"PE";"PE";"PERNAMBUCO";"170002553306";"-1";"Fundamentos legais de julgamento";"Indeferimento do DRAP do partido político/federação/coligação"
"08/10/2026";"08:31:04";2026;2;"Eleição Ordinária";6259;"Eleições Gerais Estaduais 2026";"PE";"PE";"PERNAMBUCO";"170002553307";"-1";"Fundamentos legais de julgamento";"Indeferimento do DRAP do partido político/federação/coligação"
"08/10/2026";"08:31:04";2026;2;"Eleição Ordinária";6259;"Eleições Gerais Estaduais 2026";"PE";"PE";"PERNAMBUCO";"170002553309";"-1";"Fundamentos legais de julgamento";"Indeferimento do DRAP do partido político/federação/coligação"
"08/10/2026";"08:31:04";2026;2;"Eleição Ordinária";6259;"Eleições Gerais Estaduais 2026";"PE";"PE";"PERNAMBUCO";"170002553310";"-1";"Fundamentos legais de julgamento";"Indeferimento do DRAP do partido político/federação/coligação"
"08/10/2026";"08:31:04";2026;2;"Eleição Ordinária";6259;"Eleições Gerais Estaduais 2026";"PE";"PE";"PERNAMBUCO";"170002540421";"-1";"Fundamentos legais de julgamento";"Indeferimento do DRAP do partido político/federação/coligação"
"08/10/2026";"08:31:04";2026;2;"Eleição Ordinária";6259;"Eleições Gerais Estaduais 2026";"PI";"PI";"PIAUÍ";"180002537421";"-1";"Fundamentos legais de julgamento";"Indeferimento do DRAP do partido político/federação/coligação"
"08/10/2026";"08:31:04";2026;2;"Eleição Ordinária";6259;"Eleições Gerais Estaduais 2026";"PI";"PI";"PIAUÍ";"180002548389";"-1";"Fundamentos legais de julgamento";"Indeferimento do DRAP do partido político/federação/coligação"
"08/10/2026";"08:31:04";2026;2;"Eleição Ordinária";6259;"Eleições Gerais Estaduais 2026";"PI";"PI";"PIAUÍ";"180002544459";"-1";"Fundamentos legais de julgamento";"Indeferimento do DRAP do partido político/federação/coligação"
"08/10/2026";"08:31:04";2026;2;"Eleição Ordinária";6259;"Eleições Gerais Estaduais 2026";"PI";"PI";"PIAUÍ";"180002552964";"-1";"Fundamentos legais de julgamento";"Indeferimento do DRAP do partido político/federação/coligação"
"08/10/2026";"08:31:04";2026;2;"Eleição Ordinária";6259;"Eleições Gerais Estaduais 2026";"PI";"PI";"PIAUÍ";"180002540679";"-1";"Fundamentos legais de julgamento";"Indeferimento do DRAP do partido político/federação/coligação"
"08/10/2026";"08:31:04";2026;2;"Eleição Ordinária";6259;"Eleições Gerais Estaduais 2026";"PI";"PI";"PIAUÍ";"180002540680";"-1";"Fundamentos legais de julgamento";"Indeferimento do DRAP do partido político/federação/coligação"
"08/10/2026";"08:31:04";2026;2;"Eleição Ordinária";6259;"Eleições Gerais Estaduais 2026";"PI";"PI";"PIAUÍ";"180002541414";"-1";"Fundamentos legais de julgamento";"Indeferimento do DRAP do partido político/federação/coligação"
"08/10/2026";"08:31:04";2026;2;"Eleição Ordinária";6259;"Eleições Gerais Estaduais 2026";"PI";"PI";"PIAUÍ";"180002541415";"-1";"Fundamentos legais de julgamento";"Indeferimento do DRAP do partido político/federação/coligação"
"08/10/2026";"08:31:04";2026;2;"Eleição Ordinária";6259;"Eleições Gerais Estaduais 2026";"PI";"PI";"PIAUÍ";"180002541417";"-1";"Fundamentos legais de julgamento";"Indeferimento do DRAP do partido político/federação/coligação"
"08/10/2026";"08:31:04";2026;2;"Eleição Ordinária";6259;"Eleições Gerais Estaduais 2026";"PI";"PI";"PIAUÍ";"180002541421";"-1";"Fundamentos legais de julgamento";"Indeferimento do DRAP do partido político/federação/coligação"
"08/10/2026";"08:31:04";2026;2;"Eleição Ordinária";6259;"Eleições Gerais Estaduais 2026";"PI";"PI";"PIAUÍ";"180002549587";"-1";"Fundamentos legais de julgamento";"Indeferimento do DRAP do partido político/federação/coligação"
"08/10/2026";"08:31:04";2026;2;"Eleição Ordinária";6259;"Eleições Gerais Estaduais 2026";"PI";"PI";"PIAUÍ";"180002549595";"-1";"Fundamentos legais de julgamento";"Indeferimento do DRAP do partido político/federação/coligação"
"08/10/2026";"08:31:04";2026;2;"Eleição Ordinária";6259;"Eleições Gerais Estaduais 2026";"PI";"PI";"PIAUÍ";"180002552095";"-1";"Fundamentos legais de julgamento";"Indeferimento do DRAP do partido político/federação/coligação"
"08/10/2026";"08:31:04";2026;2;"Eleição Ordinária";6259;"Eleições Gerais Estaduais 2026";"PI";"PI";"PIAUÍ";"180002553897";"-1";"Fundamentos legais de julgamento";"Indeferimento do DRAP do partido político/federação/coligação"
"08/10/2026";"08:31:04";2026;2;"Eleição Ordinária";6259;"Eleições Gerais Estaduais 2026";"PI";"PI";"PIAUÍ";"180002544458";"-1";"Fundamentos legais de julgamento";"Indeferimento do DRAP do partido político/federação/coligação"
"08/10/2026";"08:31:04";2026;2;"Eleição Ordinária";6259;"Eleições Gerais Estaduais 2026";"PI";"PI";"PIAUÍ";"180002547864";"-1";"Fundamentos legais de julgamento";"Indeferimento do DRAP do partido político/federação/coligação"
"08/10/2026";"08:31:04";2026;2;"Eleição Ordinária";6259;"Eleições Gerais Estaduais 2026";"PI";"PI";"PIAUÍ";"180002548159";"-1";"Fundamentos legais de julgamento";"Indeferimento do DRAP do partido político/federação/coligação"
"08/10/2026";"08:31:04";2026;2;"Eleição Ordinária";6259;"Eleições Gerais Estaduais 2026";"PI";"PI";"PIAUÍ";"180002547862";"-1";"Fundamentos legais de julgamento";"Indeferimento do DRAP do partido político/federação/coligação"
"08/10/2026";"08:31:04";2026;2;"Eleição Ordinária";6259;"Eleições Gerais Estaduais 2026";"PI";"PI";"PIAUÍ";"180002548158";"-1";"Fundamentos legais de julgamento";"Indeferimento do DRAP do partido político/federação/coligação"
"08/10/2026";"08:31:04";2026;2;"Eleição Ordinária";6259;"Eleições Gerais Estaduais 2026";"PR";"PR";"PARANÁ";"160002552566";"-1";"Fundamentos legais de julgamento";"Indeferimento do DRAP do partido político/federação/coligação"
"08/10/2026";"08:31:04";2026;2;"Eleição Ordinária";6259;"Eleições Gerais Estaduais 2026";"RS";"RS";"RIO GRANDE DO SUL";"210002550528";"-1";"Fundamentos legais de julgamento";"Indeferimento do DRAP do partido político/federação/coligação"
"08/10/2026";"08:31:04";2026;2;"Eleição Ordinária";6259;"Eleições Gerais Estaduais 2026";"RS";"RS";"RIO GRANDE DO SUL";"210002550529";"-1";"Fundamentos legais de julgamento";"Indeferimento do DRAP do partido político/federação/coligação"
"08/10/2026";"08:31:04";2026;2;"Eleição Ordinária";6259;"Eleições Gerais Estaduais 2026";"RS";"RS";"RIO GRANDE DO SUL";"210002550531";"-1";"Fundamentos legais de julgamento";"Indeferimento do DRAP do partido político/federação/coligação"
"08/10/2026";"08:31:04";2026;2;"Eleição Ordinária";6259;"Eleições Gerais Estaduais 2026";"RS";"RS";"RIO GRANDE DO SUL";"210002550534";"-1";"Fundamentos legais de julgamento";"Indeferimento do DRAP do partido político/federação/coligação"
"08/10/2026";"08:31:04";2026;2;"Eleição Ordinária";6259;"Eleições Gerais Estaduais 2026";"RS";"RS";"RIO GRANDE DO SUL";"210002550535";"-1";"Fundamentos legais de julgamento";"Indeferimento do DRAP do partido político/federação/coligação"
"08/10/2026";"08:31:04";2026;2;"Eleição Ordinária";6259;"Eleições Gerais Estaduais 2026";"RS";"RS";"RIO GRANDE DO SUL";"210002550537";"-1";"Fundamentos legais de julgamento";"Indeferimento do DRAP do partido político/federação/coligação"
"08/10/2026";"08:31:04";2026;2;"Eleição Ordinária";6259;"Eleições Gerais Estaduais 2026";"RS";"RS";"RIO GRANDE DO SUL";"210002553409";"-1";"Fundamentos legais de julgamento";"Indeferimento do DRAP do partido político/federação/coligação"
"08/10/2026";"08:31:04";2026;2;"Eleição Ordinária";6259;"Eleições Gerais Estaduais 2026";"RS";"RS";"RIO GRANDE DO SUL";"210002553411";"-1";"Fundamentos legais de julgamento";"Indeferimento do DRAP do partido político/federação/coligação"
"08/10/2026";"08:31:04";2026;2;"Eleição Ordinária";6259;"Eleições Gerais Estaduais 2026";"RS";"RS";"RIO GRANDE DO SUL";"210002553412";"-1";"Fundamentos legais de julgamento";"Indeferimento do DRAP do partido político/federação/coligação"
"08/10/2026";"08:31:04";2026;2;"Eleição Ordinária";6259;"Eleições Gerais Estaduais 2026";"RS";"RS";"RIO GRANDE DO SUL";"210002552772";"-1";"Fundamentos legais de julgamento";"Indeferimento do DRAP do partido político/federação/coligação"
"08/10/2026";"08:31:04";2026;2;"Eleição Ordinária";6259;"Eleições Gerais Estaduais 2026";"SE";"SE";"SERGIPE";"260002533999";"-1";"Fundamentos legais de julgamento";"Indeferimento do DRAP do partido político/federação/coligação"
"08/10/2026";"08:31:04";2026;2;"Eleição Ordinária";6259;"Eleições Gerais Estaduais 2026";"SE";"SE";"SERGIPE";"260002545615";"-1";"Fundamentos legais de julgamento";"Indeferimento do DRAP do partido político/federação/coligação"
"08/10/2026";"08:31:04";2026;2;"Eleição Ordinária";6259;"Eleições Gerais Estaduais 2026";"SE";"SE";"SERGIPE";"260002545617";"-1";"Fundamentos legais de julgamento";"Indeferimento do DRAP do partido político/federação/coligação"
"08/10/2026";"08:31:04";2026;2;"Eleição Ordinária";6259;"Eleições Gerais Estaduais 2026";"SE";"SE";"SERGIPE";"260002547424";"-1";"Fundamentos legais de julgamento";"Indeferimento do DRAP do partido político/federação/coligação"
"08/10/2026";"08:31:04";2026;2;"Eleição Ordinária";6259;"Eleições Gerais Estaduais 2026";"SE";"SE";"SERGIPE";"260002547428";"-1";"Fundamentos legais de julgamento";"Indeferimento do DRAP do partido político/federação/coligação"
"08/10/2026";"08:31:04";2026;2;"Eleição Ordinária";6259;"Eleições Gerais Estaduais 2026";"SP";"SP";"SÃO PAULO";"250002553061";"-1";"Fundamentos legais de julgamento";"Indeferimento do DRAP do partido político/federação/coligação"
"08/10/2026";"08:31:04";2026;2;"Eleição Ordinária";6259;"Eleições Gerais Estaduais 2026";"SP";"SP";"SÃO PAULO";"250002552955";"-1";"Fundamentos legais de julgamento";"Indeferimento do DRAP do partido político/federação/coligação"
"08/10/2026";"08:31:04";2026;2;"Eleição Ordinária";6259;"Eleições Gerais Estaduais 2026";"SP";"SP";"SÃO PAULO";"250002553327";"-1";"Fundamentos legais de julgamento";"Indeferimento do DRAP do partido político/federação/coligação"
"08/10/2026";"08:31:04";2026;2;"Eleição Ordinária";6259;"Eleições Gerais Estaduais 2026";"SP";"SP";"SÃO PAULO";"250002553333";"-1";"Fundamentos legais de julgamento";"Indeferimento do DRAP do partido político/federação/coligação"
"08/10/2026";"08:31:04";2026;2;"Eleição Ordinária";6259;"Eleições Gerais Estaduais 2026";"SP";"SP";"SÃO PAULO";"250002552861";"-1";"Fundamentos legais de julgamento";"Indeferimento do DRAP do partido político/federação/coligação"
"08/10/2026";"08:31:04";2026;2;"Eleição Ordinária";6259;"Eleições Gerais Estaduais 2026";"SP";"SP";"SÃO PAULO";"250002553870";"-1";"Fundamentos legais de julgamento";"Indeferimento do DRAP do partido político/federação/coligação"
"08/10/2026";"08:31:04";2026;2;"Eleição Ordinária";6259;"Eleições Gerais Estaduais 2026";"SP";"SP";"SÃO PAULO";"250002553871";"-1";"Fundamentos legais de julgamento";"Indeferimento do DRAP do partido político/federação/coligação"
"08/10/2026";"08:31:04";2026;2;"Eleição Ordinária";6259;"Eleições Gerais Estaduais 2026";"SP";"SP";"SÃO PAULO";"250002553872";"-1";"Fundamentos legais de julgamento";"Indeferimento do DRAP do partido político/federação/coligação"
"08/10/2026";"08:31:04";2026;2;"Eleição Ordinária";6259;"Eleições Gerais Estaduais 2026";"SP";"SP";"SÃO PAULO";"250002553873";"-1";"Fundamentos legais de julgamento";"Indeferimento do DRAP do partido político/federação/coligação"
"08/10/2026";"08:31:04";2026;2;"Eleição Ordinária";6259;"Eleições Gerais Estaduais 2026";"SP";"SP";"SÃO PAULO";"250002553874";"-1";"Fundamentos legais de julgamento";"Indeferimento do DRAP do partido político/federação/coligação"
"08/10/2026";"08:31:04";2026;2;"Eleição Ordinária";6259;"Eleições Gerais Estaduais 2026";"SP";"SP";"SÃO PAULO";"250002553876";"-1";"Fundamentos legais de julgamento";"Indeferimento do DRAP do partido político/federação/coligação"
"08/10/2026";"08:31:04";2026;2;"Eleição Ordinária";6259;"Eleições Gerais Estaduais 2026";"SP";"SP";"SÃO PAULO";"250002552956";"-1";"Fundamentos legais de julgamento";"Indeferimento do DRAP do partido político/federação/coligação"
"08/10/2026";"08:31:04";2026;2;"Eleição Ordinária";6259;"Eleições Gerais Estaduais 2026";"DF";"DF";"DISTRITO FEDERAL";"70002546416";"-1";"Fundamentos legais de julgamento";"Candidatura não autorizada pelo(a) candidato(a)"
"08/10/2026";"08:31:04";2026;2;"Eleição Ordinária";6259;"Eleições Gerais Estaduais 2026";"SC";"SC";"SANTA CATARINA";"240002541380";"-1";"Fundamentos legais de julgamento";"Candidatura não autorizada pelo(a) candidato(a)"
"08/10/2026";"08:31:04";2026;2;"Eleição Ordinária";6259;"Eleições Gerais Estaduais 2026";"PB";"PB";"PARAÍBA";"150002553392";"-1";"Fundamentos legais de julgamento";"Indeferimento do DRAP do partido político/federação/coligação por não cumprimento da cota de gênero"
"08/10/2026";"08:31:04";2026;2;"Eleição Ordinária";6259;"Eleições Gerais Estaduais 2026";"PB";"PB";"PARAÍBA";"150002553394";"-1";"Fundamentos legais de julgamento";"Indeferimento do DRAP do partido político/federação/coligação por não cumprimento da cota de gênero"
"08/10/2026";"08:31:04";2026;2;"Eleição Ordinária";6259;"Eleições Gerais Estaduais 2026";"PB";"PB";"PARAÍBA";"150002553396";"-1";"Fundamentos legais de julgamento";"Indeferimento do DRAP do partido político/federação/coligação por não cumprimento da cota de gênero"
"08/10/2026";"08:31:04";2026;2;"Eleição Ordinária";6259;"Eleições Gerais Estaduais 2026";"PE";"PE";"PERNAMBUCO";"170002552971";"-1";"Fundamentos legais de julgamento";"Indeferimento do DRAP do partido político/federação/coligação por não cumprimento da cota de gênero"
"08/10/2026";"08:31:04";2026;2;"Eleição Ordinária";6259;"Eleições Gerais Estaduais 2026";"PE";"PE";"PERNAMBUCO";"170002552973";"-1";"Fundamentos legais de julgamento";"Indeferimento do DRAP do partido político/federação/coligação por não cumprimento da cota de gênero"
"08/10/2026";"08:31:04";2026;2;"Eleição Ordinária";6259;"Eleições Gerais Estaduais 2026";"PE";"PE";"PERNAMBUCO";"170002552974";"-1";"Fundamentos legais de julgamento";"Indeferimento do DRAP do partido político/federação/coligação por não cumprimento da cota de gênero"
"08/10/2026";"08:31:04";2026;2;"Eleição Ordinária";6259;"Eleições Gerais Estaduais 2026";"PE";"PE";"PERNAMBUCO";"170002552978";"-1";"Fundamentos legais de julgamento";"Indeferimento do DRAP do partido político/federação/coligação por não cumprimento da cota de gênero"
"08/10/2026";"08:31:04";2026;2;"Eleição Ordinária";6259;"Eleições Gerais Estaduais 2026";"PE";"PE";"PERNAMBUCO";"170002552982";"-1";"Fundamentos legais de julgamento";"Indeferimento do DRAP do partido político/federação/coligação por não cumprimento da cota de gênero"
"08/10/2026";"08:31:04";2026;2;"Eleição Ordinária";6259;"Eleições Gerais Estaduais 2026";"PE";"PE";"PERNAMBUCO";"170002552986";"-1";"Fundamentos legais de julgamento";"Indeferimento do DRAP do partido político/federação/coligação por não cumprimento da cota de gênero"
"08/10/2026";"08:31:04";2026;2;"Eleição Ordinária";6259;"Eleições Gerais Estaduais 2026";"PE";"PE";"PERNAMBUCO";"170002552988";"-1";"Fundamentos legais de julgamento";"Indeferimento do DRAP do partido político/federação/coligação por não cumprimento da cota de gênero"
"08/10/2026";"08:31:04";2026;2;"Eleição Ordinária";6259;"Eleições Gerais Estaduais 2026";"PE";"PE";"PERNAMBUCO";"170002552989";"-1";"Fundamentos legais de julgamento";"Indeferimento do DRAP do partido político/federação/coligação por não cumprimento da cota de gênero"
"08/10/2026";"08:31:04";2026;2;"Eleição Ordinária";6259;"Eleições Gerais Estaduais 2026";"PE";"PE";"PERNAMBUCO";"170002552991";"-1";"Fundamentos legais de julgamento";"Indeferimento do DRAP do partido político/federação/coligação por não cumprimento da cota de gênero"
"08/10/2026";"08:31:04";2026;2;"Eleição Ordinária";6259;"Eleições Gerais Estaduais 2026";"PE";"PE";"PERNAMBUCO";"170002552992";"-1";"Fundamentos legais de julgamento";"Indeferimento do DRAP do partido político/federação/coligação por não cumprimento da cota de gênero"
"08/10/2026";"08:31:04";2026;2;"Eleição Ordinária";6259;"Eleições Gerais Estaduais 2026";"PE";"PE";"PERNAMBUCO";"170002552998";"-1";"Fundamentos legais de julgamento";"Indeferimento do DRAP do partido político/federação/coligação por não cumprimento da cota de gênero"
"08/10/2026";"08:31:04";2026;2;"Eleição Ordinária";6259;"Eleições Gerais Estaduais 2026";"PE";"PE";"PERNAMBUCO";"170002553002";"-1";"Fundamentos legais de julgamento";"Indeferimento do DRAP do partido político/federação/coligação por não cumprimento da cota de gênero"
"08/10/2026";"08:31:04";2026;2;"Eleição Ordinária";6259;"Eleições Gerais Estaduais 2026";"PE";"PE";"PERNAMBUCO";"170002553303";"-1";"Fundamentos legais de julgamento";"Indeferimento do DRAP do partido político/federação/coligação por não cumprimento da cota de gênero"
"08/10/2026";"08:31:04";2026;2;"Eleição Ordinária";6259;"Eleições Gerais Estaduais 2026";"AL";"AL";"ALAGOAS";"20002552572";"-1";"Fundamentos legais de julgamento";"Outros"
"08/10/2026";"08:31:04";2026;2;"Eleição Ordinária";6259;"Eleições Gerais Estaduais 2026";"MS";"MS";"MATO GROSSO DO SUL";"120002552683";"-1";"Fundamentos legais de julgamento";"Outros"
"08/10/2026";"08:31:04";2026;2;"Eleição Ordinária";6259;"Eleições Gerais Estaduais 2026";"MS";"MS";"MATO GROSSO DO SUL";"120002534954";"-1";"Fundamentos legais de julgamento";"Outros"
"08/10/2026";"08:31:04";2026;2;"Eleição Ordinária";6259;"Eleições Gerais Estaduais 2026";"MT";"MT";"MATO GROSSO";"110002553704";"-1";"Fundamentos legais de julgamento";"Outros"
"08/10/2026";"08:31:04";2026;2;"Eleição Ordinária";6259;"Eleições Gerais Estaduais 2026";"PB";"PB";"PARAÍBA";"150002540255";"-1";"Fundamentos legais de julgamento";"Outros"
"08/10/2026";"08:31:04";2026;2;"Eleição Ordinária";6259;"Eleições Gerais Estaduais 2026";"RJ";"RJ";"RIO DE JANEIRO";"190002554226";"-1";"Fundamentos legais de julgamento";"Outros"
"08/10/2026";"08:31:04";2026;2;"Eleição Ordinária";6259;"Eleições Gerais Estaduais 2026";"RJ";"RJ";"RIO DE JANEIRO";"190002541054";"-1";"Fundamentos legais de julgamento";"Outros"
"08/10/2026";"08:31:04";2026;2;"Eleição Ordinária";6259;"Eleições Gerais Estaduais 2026";"RJ";"RJ";"RIO DE JANEIRO";"190002550483";"-1";"Fundamentos legais de julgamento";"Outros"
"08/10/2026";"08:31:04";2026;2;"Eleição Ordinária";6259;"Eleições Gerais Estaduais 2026";"RJ";"RJ";"RIO DE JANEIRO";"190002534108";"-1";"Fundamentos legais de julgamento";"Outros"
"08/10/2026";"08:31:04";2026;2;"Eleição Ordinária";6259;"Eleições Gerais Estaduais 2026";"RJ";"RJ";"RIO DE JANEIRO";"190002541636";"-1";"Fundamentos legais de julgamento";"Outros"
"08/10/2026";"08:31:04";2026;2;"Eleição Ordinária";6259;"Eleições Gerais Estaduais 2026";"RJ";"RJ";"RIO DE JANEIRO";"190002552246";"-1";"Fundamentos legais de julgamento";"Outros"
"08/10/2026";"08:31:04";2026;2;"Eleição Ordinária";6259;"Eleições Gerais Estaduais 2026";"RJ";"RJ";"RIO DE JANEIRO";"190002552275";"-1";"Fundamentos legais de julgamento";"Outros"
"08/10/2026";"08:31:04";2026;2;"Eleição Ordinária";6259;"Eleições Gerais Estaduais 2026";"RJ";"RJ";"RIO DE JANEIRO";"190002554291";"-1";"Fundamentos legais de julgamento";"Outros"
"08/10/2026";"08:31:04";2026;2;"Eleição Ordinária";6259;"Eleições Gerais Estaduais 2026";"RO";"RO";"RONDÔNIA";"220002547318";"-1";"Fundamentos legais de julgamento";"Outros"
"08/10/2026";"08:31:04";2026;2;"Eleição Ordinária";6259;"Eleições Gerais Estaduais 2026";"RR";"RR";"RORAIMA";"230002554351";"-1";"Fundamentos legais de julgamento";"Outros"
"08/10/2026";"08:31:04";2026;2;"Eleição Ordinária";6259;"Eleições Gerais Estaduais 2026";"SP";"SP";"SÃO PAULO";"250002553930";"-1";"Fundamentos legais de julgamento";"Outros"
"08/10/2026";"08:31:04";2026;2;"Eleição Ordinária";6259;"Eleições Gerais Estaduais 2026";"TO";"TO";"TOCANTINS";"270002554465";"-1";"Fundamentos legais de julgamento";"Outros"
