"DT_GERACAO";"HH_GERACAO";"AA_ELEICAO";"SG_UF";"CD_TIPO_ELEICAO";"NM_TIPO_ELEICAO";"CD_ELEICAO";"DS_ELEICAO";"SQ_CANDIDATO";"NR_ORDEM_REDE_SOCIAL";"DS_URL"
"01/10/2026";"08:31:01";2026;"GO";2;"ELEIÇÃO ORDINÁRIA";6259;"ELEIÇÕES GERAIS ESTADUAIS 2026";90002541699;4;"https://tiktok.com/@ozeias.missao"
"01/10/2026";"08:31:01";2026;"GO";2;"ELEIÇÃO ORDINÁRIA";6259;"ELEIÇÕES GERAIS ESTADUAIS 2026";90002541703;3;"https://youtube.com/@alinelimambl62"
"01/10/2026";"08:31:01";2026;"GO";2;"ELEIÇÃO ORDINÁRIA";6259;"ELEIÇÕES GERAIS ESTADUAIS 2026";90002548058;1;"@DR.FRANKLINCARVALHO"
"01/10/2026";"08:31:01";2026;"GO";2;"ELEIÇÃO ORDINÁRIA";6259;"ELEIÇÕES GERAIS ESTADUAIS 2026";90002541706;4;"https://tiktok.com/@ocorretordocampooficial"
"01/10/2026";"08:31:01";2026;"GO";2;"ELEIÇÃO ORDINÁRIA";6259;"ELEIÇÕES GERAIS ESTADUAIS 2026";90002548069;1;"@AIANEGAMA"
"01/10/2026";"08:31:01";2026;"GO";2;"ELEIÇÃO ORDINÁRIA";6259;"ELEIÇÕES GERAIS ESTADUAIS 2026";90002543849;3;"HTTPS://WWW.INSTAGRAM.COM/GERALDO.MOREIRADEJESUS?UTM_SOURCE=QR&IGSH=NJZLDNDIA2W0"
"01/10/2026";"08:31:01";2026;"GO";2;"ELEIÇÃO ORDINÁRIA";6259;"ELEIÇÕES GERAIS ESTADUAIS 2026";90002540133;4;"FACEBOOK/HILVANYARAUJOPINHEIRO"
"01/10/2026";"08:31:01";2026;"GO";2;"ELEIÇÃO ORDINÁRIA";6259;"ELEIÇÕES GERAIS ESTADUAIS 2026";90002540136;4;"TIKTOK/WELTON.DIVINO"
"01/10/2026";"08:31:01";2026;"GO";2;"ELEIÇÃO ORDINÁRIA";6259;"ELEIÇÕES GERAIS ESTADUAIS 2026";90002540139;2;"@antoniogomidept | facebook.com/antoniogomidept | FACEBOOK/ANTONIOGOMIDEPT"
"01/10/2026";"08:31:01";2026;"GO";2;"ELEIÇÃO ORDINÁRIA";6259;"ELEIÇÕES GERAIS ESTADUAIS 2026";90002540856;1;"INSTAGRAM/TADEURCOSTA"
"01/10/2026";"08:31:01";2026;"GO";2;"ELEIÇÃO ORDINÁRIA";6259;"ELEIÇÕES GERAIS ESTADUAIS 2026";90002551196;2;"HTTPS://WWW.FACEBOOK.COM/CASSIANO.NETO.545"
"01/10/2026";"08:31:01";2026;"GO";2;"ELEIÇÃO ORDINÁRIA";6259;"ELEIÇÕES GERAIS ESTADUAIS 2026";90002548364;2;"@LEDABORGESM"
"01/10/2026";"08:31:01";2026;"GO";2;"ELEIÇÃO ORDINÁRIA";6259;"ELEIÇÕES GERAIS ESTADUAIS 2026";90002546224;2;"LINEUOLIMPIO - INSTAGRAM"
"01/10/2026";"08:31:01";2026;"GO";2;"ELEIÇÃO ORDINÁRIA";6259;"ELEIÇÕES GERAIS ESTADUAIS 2026";90002543185;1;"HTTPS://FB.WATCH/KM1I3MLH5D/?MIBEXTID=NIF5OZ"
"01/10/2026";"08:31:01";2026;"GO";2;"ELEIÇÃO ORDINÁRIA";6259;"ELEIÇÕES GERAIS ESTADUAIS 2026";90002542615;5;"HTTPS://WWW.INSTAGRAM.COM/CAROLMOLINARIBR"
"01/10/2026";"08:31:01";2026;"GO";2;"ELEIÇÃO ORDINÁRIA";6259;"ELEIÇÕES GERAIS ESTADUAIS 2026";90002542612;1;"HTTPS://WWW.INSTAGRAM.COM/ADILIARORIZ/"
"01/10/2026";"08:31:01";2026;"GO";2;"ELEIÇÃO ORDINÁRIA";6259;"ELEIÇÕES GERAIS ESTADUAIS 2026";90002541454;2;"https://www.instagram.com/cintiadiaspsol"
"01/10/2026";"08:31:01";2026;"GO";2;"ELEIÇÃO ORDINÁRIA";6259;"ELEIÇÕES GERAIS ESTADUAIS 2026";90002542622;4;"https://www.facebook.com/share/19J6pLzeUw/?mibextid=wwXIfr"
"01/10/2026";"08:31:01";2026;"GO";2;"ELEIÇÃO ORDINÁRIA";6259;"ELEIÇÕES GERAIS ESTADUAIS 2026";90002548379;3;"https://www.youtube.com/@WilliardPontes"
"01/10/2026";"08:31:01";2026;"GO";2;"ELEIÇÃO ORDINÁRIA";6259;"ELEIÇÕES GERAIS ESTADUAIS 2026";90002537427;4;"FELIPE MABEL - TIKTOK"
"01/10/2026";"08:31:01";2026;"GO";2;"ELEIÇÃO ORDINÁRIA";6259;"ELEIÇÕES GERAIS ESTADUAIS 2026";90002540948;1;"HTTPS://WWW.INSTAGRAM.COM/SHAMAH.DANIEL?IGSH=MWLSDZHQNNM1BM10AW=="
"01/10/2026";"08:31:01";2026;"GO";2;"ELEIÇÃO ORDINÁRIA";6259;"ELEIÇÕES GERAIS ESTADUAIS 2026";90002537444;2;"https://www.instagram.com/vaniadasaude_?stkn=MW96Ymdi"
"01/10/2026";"08:31:01";2026;"GO";2;"ELEIÇÃO ORDINÁRIA";6259;"ELEIÇÕES GERAIS ESTADUAIS 2026";90002537445;1;"FERNANDO CINTRA OFICIAL"
"01/10/2026";"08:31:01";2026;"GO";2;"ELEIÇÃO ORDINÁRIA";6259;"ELEIÇÕES GERAIS ESTADUAIS 2026";90002537451;2;"HTTPS://WWW.FACEBOOK.COM/SHARE/1H6THVFXKU/?MIBEXTID=WWXIFR"
"01/10/2026";"08:31:01";2026;"GO";2;"ELEIÇÃO ORDINÁRIA";6259;"ELEIÇÕES GERAIS ESTADUAIS 2026";90002540996;4;"HTTPS://WWW.TIKTOK.COM/@ALEXANDRE_BALDY"
"01/10/2026";"08:31:01";2026;"GO";2;"ELEIÇÃO ORDINÁRIA";6259;"ELEIÇÕES GERAIS ESTADUAIS 2026";90002540996;5;"HTTPS://WWW.FACEBOOK.COM/SHARE/1BXXETRP7K/?MIBEXTID=WWXIFR"
"01/10/2026";"08:31:01";2026;"GO";2;"ELEIÇÃO ORDINÁRIA";6259;"ELEIÇÕES GERAIS ESTADUAIS 2026";90002552588;2;"https://www.facebook.com/profile.php?id=61564298463122"
"01/10/2026";"08:31:01";2026;"GO";2;"ELEIÇÃO ORDINÁRIA";6259;"ELEIÇÕES GERAIS ESTADUAIS 2026";90002543781;2;"HTTPS://WWW.TIKTOK.COM/@WILLIANVELOSO.GO"
"01/10/2026";"08:31:01";2026;"GO";2;"ELEIÇÃO ORDINÁRIA";6259;"ELEIÇÕES GERAIS ESTADUAIS 2026";90002543784;2;"HTTPS://WWW.INSTAGRAM.COM/NARACOUTRIM/"
"01/10/2026";"08:31:01";2026;"GO";2;"ELEIÇÃO ORDINÁRIA";6259;"ELEIÇÕES GERAIS ESTADUAIS 2026";90002543802;1;"HTTPS://WWW.INSTAGRAM.COM/VERAAGUIARENG?IGSH=MTFLADI1NMPSZHLXCW=="
"01/10/2026";"08:31:01";2026;"GO";2;"ELEIÇÃO ORDINÁRIA";6259;"ELEIÇÕES GERAIS ESTADUAIS 2026";90002543139;2;"HTTPS://WWW.INSTAGRAM.COM/MISSIONARIA_ROSANEMARQUES?IGSH=MWXHBDD5AGE1CHBOBW=="
"01/10/2026";"08:31:01";2026;"GO";2;"ELEIÇÃO ORDINÁRIA";6259;"ELEIÇÕES GERAIS ESTADUAIS 2026";90002546228;1;"FACEBOOK: @CLENYSPINHEIRA"
"01/10/2026";"08:31:01";2026;"GO";2;"ELEIÇÃO ORDINÁRIA";6259;"ELEIÇÕES GERAIS ESTADUAIS 2026";90002542611;1;"HTTPS://WWW.INSTAGRAM.COM/PF.SUENDER/"
"01/10/2026";"08:31:01";2026;"GO";2;"ELEIÇÃO ORDINÁRIA";6259;"ELEIÇÕES GERAIS ESTADUAIS 2026";90002543173;5;"HTTPS://WWW.TIKTOK.COM/@FERNANDOCRUVINELGO?_R=1&_T=ZS-98PVZ42RPNV"
"01/10/2026";"08:31:01";2026;"GO";2;"ELEIÇÃO ORDINÁRIA";6259;"ELEIÇÕES GERAIS ESTADUAIS 2026";90002544877;4;"https://www.facebook.com/fabiofayad/"
"01/10/2026";"08:31:01";2026;"GO";2;"ELEIÇÃO ORDINÁRIA";6259;"ELEIÇÕES GERAIS ESTADUAIS 2026";90002544889;2;"https://www.facebook.com/share/1Hkpru6q1j/?mibextid=wwXIfr"
"01/10/2026";"08:31:01";2026;"GO";2;"ELEIÇÃO ORDINÁRIA";6259;"ELEIÇÕES GERAIS ESTADUAIS 2026";90002544897;1;"HTTPS://WWW.INSTAGRAM.COM/CLEIACHIARINI/"
"01/10/2026";"08:31:01";2026;"GO";2;"ELEIÇÃO ORDINÁRIA";6259;"ELEIÇÕES GERAIS ESTADUAIS 2026";90002547018;5;"HTTPS://WWW.FACEBOOK.COM/VIRMONDESCRUVINEL44/ABOUT/?FB_PROFILE_EDIT_ENTRY_POINT"
"01/10/2026";"08:31:01";2026;"GO";2;"ELEIÇÃO ORDINÁRIA";6259;"ELEIÇÕES GERAIS ESTADUAIS 2026";90002543247;3;"https://salmadapestalozzi.com.br/"
"01/10/2026";"08:31:01";2026;"GO";2;"ELEIÇÃO ORDINÁRIA";6259;"ELEIÇÕES GERAIS ESTADUAIS 2026";90002543769;2;"HTTPS://WWW.FACEBOOK.COM/SHARE/1BGFH15KMC/?MIBEXTID=WWXIFR"
"01/10/2026";"08:31:01";2026;"GO";2;"ELEIÇÃO ORDINÁRIA";6259;"ELEIÇÕES GERAIS ESTADUAIS 2026";90002543776;3;"YOUTUBE.COM/@ALEXCORREIANEPOMOCENO"
"01/10/2026";"08:31:01";2026;"GO";2;"ELEIÇÃO ORDINÁRIA";6259;"ELEIÇÕES GERAIS ESTADUAIS 2026";90002543840;3;"HTTPS://WWW.FACEBOOK.COM/GERSON.LEALMORAIS"
"01/10/2026";"08:31:01";2026;"GO";2;"ELEIÇÃO ORDINÁRIA";6259;"ELEIÇÕES GERAIS ESTADUAIS 2026";90002547006;1;"HTTPS://WWW.INSTAGRAM.COM/BETOCIDENTAL?IGSH=MXRZZNHNZWJ4A3NQNA%3D%3D&UTM_SOURCE="
"01/10/2026";"08:31:01";2026;"GO";2;"ELEIÇÃO ORDINÁRIA";6259;"ELEIÇÕES GERAIS ESTADUAIS 2026";90002547010;7;"@JAMIL.11000"
"01/10/2026";"08:31:01";2026;"GO";2;"ELEIÇÃO ORDINÁRIA";6259;"ELEIÇÕES GERAIS ESTADUAIS 2026";90002547043;1;"HTTPS://WWW.INSTAGRAM.COM/BETANIAMACEDO53?IGSH=MWDSMW1ZDMDOMHM5AA=="
"01/10/2026";"08:31:01";2026;"GO";2;"ELEIÇÃO ORDINÁRIA";6259;"ELEIÇÕES GERAIS ESTADUAIS 2026";90002547070;2;"HTTPS://WWW.INSTAGRAM.COM/FLAVIOCOUTINHOGO/"
"01/10/2026";"08:31:01";2026;"GO";2;"ELEIÇÃO ORDINÁRIA";6259;"ELEIÇÕES GERAIS ESTADUAIS 2026";90002547082;4;"HTTPS://WWW.FACEBOOK.COM/JOAOCOELHO.CUNHA/"
"01/10/2026";"08:31:01";2026;"GO";2;"ELEIÇÃO ORDINÁRIA";6259;"ELEIÇÕES GERAIS ESTADUAIS 2026";90002547087;3;"HTTPS://WWW.INSTAGRAM.COM/PROFESSOR.PAULOCESAR/"
"01/10/2026";"08:31:01";2026;"GO";2;"ELEIÇÃO ORDINÁRIA";6259;"ELEIÇÕES GERAIS ESTADUAIS 2026";90002547116;1;"HTTPS://WWW.INSTAGRAM.COM/APAULARBR"
"01/10/2026";"08:31:01";2026;"GO";2;"ELEIÇÃO ORDINÁRIA";6259;"ELEIÇÕES GERAIS ESTADUAIS 2026";90002547120;1;"HTTPS://WWW.FACEBOOK.COM/SAMUEL90PREFEITO/"
"01/10/2026";"08:31:01";2026;"GO";2;"ELEIÇÃO ORDINÁRIA";6259;"ELEIÇÕES GERAIS ESTADUAIS 2026";90002539146;2;"https://www.instagram.com/claudia_trajano6513/"
"01/10/2026";"08:31:01";2026;"GO";2;"ELEIÇÃO ORDINÁRIA";6259;"ELEIÇÕES GERAIS ESTADUAIS 2026";90002541698;2;"https://instagram.com/fernandaborges_amb"
"01/10/2026";"08:31:01";2026;"GO";2;"ELEIÇÃO ORDINÁRIA";6259;"ELEIÇÕES GERAIS ESTADUAIS 2026";90002541704;1;"RAVENGAAR"
"01/10/2026";"08:31:01";2026;"GO";2;"ELEIÇÃO ORDINÁRIA";6259;"ELEIÇÕES GERAIS ESTADUAIS 2026";90002541708;7;"https://x.com/ravengaar"
"01/10/2026";"08:31:01";2026;"GO";2;"ELEIÇÃO ORDINÁRIA";6259;"ELEIÇÕES GERAIS ESTADUAIS 2026";90002550707;1;"HTTPS://INSTAGRAM.COM/LUCIANA.UP"
"01/10/2026";"08:31:01";2026;"GO";2;"ELEIÇÃO ORDINÁRIA";6259;"ELEIÇÕES GERAIS ESTADUAIS 2026";90002546247;2;"INSTAGRAM @IBIMAELJATAI"
"01/10/2026";"08:31:01";2026;"GO";2;"ELEIÇÃO ORDINÁRIA";6259;"ELEIÇÕES GERAIS ESTADUAIS 2026";90002542626;6;"https://www.youtube.com/@VitorHugoGO"
"01/10/2026";"08:31:01";2026;"GO";2;"ELEIÇÃO ORDINÁRIA";6259;"ELEIÇÕES GERAIS ESTADUAIS 2026";90002542626;7;"https://www.tiktok.com/@vitorhugogoias?_r=1&_t=ZS-98iq5cNhjaH"
"01/10/2026";"08:31:01";2026;"GO";2;"ELEIÇÃO ORDINÁRIA";6259;"ELEIÇÕES GERAIS ESTADUAIS 2026";90002543771;2;"HTTPS://WWW.FACEBOOK.COM/SHARE/1NMDQRG19X/?MIBEXTID=WWXIFR"
"01/10/2026";"08:31:01";2026;"GO";2;"ELEIÇÃO ORDINÁRIA";6259;"ELEIÇÕES GERAIS ESTADUAIS 2026";90002543774;2;"HTTPS://WWW.INSTAGRAM.COM/DROSORIOOFICIAL?IGSH=ODFPM2ZIC2EZAGNR"
"01/10/2026";"08:31:01";2026;"GO";2;"ELEIÇÃO ORDINÁRIA";6259;"ELEIÇÕES GERAIS ESTADUAIS 2026";90002543780;1;"INSTAGRAM: _@ISABEL.CRIST.RIBEIRO , TIKTOK: _@I.CRISSRIBEIRO"
"01/10/2026";"08:31:01";2026;"GO";2;"ELEIÇÃO ORDINÁRIA";6259;"ELEIÇÕES GERAIS ESTADUAIS 2026";90002543852;4;"61 99204 5054"
"01/10/2026";"08:31:01";2026;"GO";2;"ELEIÇÃO ORDINÁRIA";6259;"ELEIÇÕES GERAIS ESTADUAIS 2026";90002548671;1;"https://www.instagram.com/santiagogomes696/"
"01/10/2026";"08:31:01";2026;"GO";2;"ELEIÇÃO ORDINÁRIA";6259;"ELEIÇÕES GERAIS ESTADUAIS 2026";90002543455;2;"HTTPS://WWW.THREADS.COM/@VICTOROVERDE"
"01/10/2026";"08:31:01";2026;"GO";2;"ELEIÇÃO ORDINÁRIA";6259;"ELEIÇÕES GERAIS ESTADUAIS 2026";90002543464;1;"https://www.instagram.com/jaquezaiden45"
"01/10/2026";"08:31:01";2026;"GO";2;"ELEIÇÃO ORDINÁRIA";6259;"ELEIÇÕES GERAIS ESTADUAIS 2026";90002543467;3;"HTTPS://WWW.INSTAGRAM.COM/PEDROHRSALES"
"01/10/2026";"08:31:01";2026;"GO";2;"ELEIÇÃO ORDINÁRIA";6259;"ELEIÇÕES GERAIS ESTADUAIS 2026";90002540153;4;"HTTPS://WWW.YOUTUBE.COM/@DRJOSENILTONCARVALHO"
"01/10/2026";"08:31:01";2026;"GO";2;"ELEIÇÃO ORDINÁRIA";6259;"ELEIÇÕES GERAIS ESTADUAIS 2026";90002551195;1;"HTTPS://WWW.INSTAGRAM.COM/POLLY_ALMEIDAH?UTM_SOURCE=QR&IGSH=MXM4CMFXOHMXEM04DA=="
"01/10/2026";"08:31:01";2026;"GO";2;"ELEIÇÃO ORDINÁRIA";6259;"ELEIÇÕES GERAIS ESTADUAIS 2026";90002551791;8;"https://whatsapp.com/channel/0029Vb6tU1oK0IBakJ0CgV0V"
"01/10/2026";"08:31:01";2026;"GO";2;"ELEIÇÃO ORDINÁRIA";6259;"ELEIÇÕES GERAIS ESTADUAIS 2026";90002542624;1;"HTTPS://FACEBOOK.COM/MAGDAMOFATTO.GOIAS HTTPS://INSTAGRAM.COM/MAGDAMOFATTO.GOIAS"
"01/10/2026";"08:31:01";2026;"GO";2;"ELEIÇÃO ORDINÁRIA";6259;"ELEIÇÕES GERAIS ESTADUAIS 2026";90002543243;4;"https://youtube.com/@silvyealves44?si=H5xVmqTMIA-8t1_c"
"01/10/2026";"08:31:01";2026;"GO";2;"ELEIÇÃO ORDINÁRIA";6259;"ELEIÇÕES GERAIS ESTADUAIS 2026";90002539157;1;"FACEBOOK/ADRIANAACCORSI"
"01/10/2026";"08:31:01";2026;"GO";2;"ELEIÇÃO ORDINÁRIA";6259;"ELEIÇÕES GERAIS ESTADUAIS 2026";90002543783;1;"HTTPS://WWW.FACEBOOK.COM/SHARE/1F9HFONPZW/?MIBEXTID=WWXIFR"
"01/10/2026";"08:31:01";2026;"GO";2;"ELEIÇÃO ORDINÁRIA";6259;"ELEIÇÕES GERAIS ESTADUAIS 2026";90002543170;2;"HTTPS://WWW.TIKTOK.COM/@ROSANGELAREZENDEGO?_R=1&_T=ZS-98C5Y6WQBIO"
"01/10/2026";"08:31:01";2026;"GO";2;"ELEIÇÃO ORDINÁRIA";6259;"ELEIÇÕES GERAIS ESTADUAIS 2026";90002542618;3;"HTTPS://WWW.YOUTUBE.COM/@FREDRC"
"01/10/2026";"08:31:01";2026;"GO";2;"ELEIÇÃO ORDINÁRIA";6259;"ELEIÇÕES GERAIS ESTADUAIS 2026";90002543190;2;"https://www.instagram.com/denicepatroadobrasil?utm_source=qr&stkn=MWNlZ3F3Y3I4ZXRzdQ=="
"01/10/2026";"08:31:01";2026;"GO";2;"ELEIÇÃO ORDINÁRIA";6259;"ELEIÇÕES GERAIS ESTADUAIS 2026";90002543221;2;"https://www.instagram.com/brauliocflores?igsh=MThwNXg2OGV1N2xsZA"
"01/10/2026";"08:31:01";2026;"GO";2;"ELEIÇÃO ORDINÁRIA";6259;"ELEIÇÕES GERAIS ESTADUAIS 2026";90002554413;1;"https://www.instagram.com/cantoraleiafernandes?utm_source=qr&stkn=ZTI5ZjY5M2lpZm"
"01/10/2026";"08:31:01";2026;"GO";2;"ELEIÇÃO ORDINÁRIA";6259;"ELEIÇÕES GERAIS ESTADUAIS 2026";90002550205;3;"https://www.instagram.com/deputadaalessandracarmo?igsi=bWNzcGNzZzhoMmM2"
"01/10/2026";"08:31:01";2026;"GO";2;"ELEIÇÃO ORDINÁRIA";6259;"ELEIÇÕES GERAIS ESTADUAIS 2026";90002537389;2;"HTTPS://WWW.TIKTOK.COM/@GISLAINEMAIA290?_R=1&_T=ZS-98RCINSK8TM"
"01/10/2026";"08:31:01";2026;"GO";2;"ELEIÇÃO ORDINÁRIA";6259;"ELEIÇÕES GERAIS ESTADUAIS 2026";90002537392;1;"HTTPS://WWW.TIKTOK.COM/@JOSYFERRARI97?LANG=PT-BR"
"01/10/2026";"08:31:01";2026;"GO";2;"ELEIÇÃO ORDINÁRIA";6259;"ELEIÇÕES GERAIS ESTADUAIS 2026";90002537638;11;"https://www.tiktok.com/@leomachadoverdade"
"01/10/2026";"08:31:01";2026;"GO";2;"ELEIÇÃO ORDINÁRIA";6259;"ELEIÇÕES GERAIS ESTADUAIS 2026";90002539158;1;"INSTAGRAM.COM/DANIELCACAPAVA"
"01/10/2026";"08:31:01";2026;"GO";2;"ELEIÇÃO ORDINÁRIA";6259;"ELEIÇÕES GERAIS ESTADUAIS 2026";90002540951;1;"HTTPS://WWW.INSTAGRAM.COM/EDNACOSTAOFICIALGO?IGSH=ATLSCXEXZTMZYMTO"
"01/10/2026";"08:31:01";2026;"GO";2;"ELEIÇÃO ORDINÁRIA";6259;"ELEIÇÕES GERAIS ESTADUAIS 2026";90002540954;5;"https://www.tiktok.com/@marceloderze"
"01/10/2026";"08:31:01";2026;"GO";2;"ELEIÇÃO ORDINÁRIA";6259;"ELEIÇÕES GERAIS ESTADUAIS 2026";90002540956;3;"HTTPS://WWW.FACEBOOK.COM/SHARE/1H1GWBSU3M/?MIBEXTID=WWXIFR"
"01/10/2026";"08:31:01";2026;"GO";2;"ELEIÇÃO ORDINÁRIA";6259;"ELEIÇÕES GERAIS ESTADUAIS 2026";90002537435;1;"HTTPS://WWW.TIKTOK.COM/@TENENTECESARSALUSTIANO?_R=1&_T=ZS-98C7RZ35JML"
"01/10/2026";"08:31:01";2026;"GO";2;"ELEIÇÃO ORDINÁRIA";6259;"ELEIÇÕES GERAIS ESTADUAIS 2026";90002537435;6;"https://tenentecesarsalustiano.com.br/"
"01/10/2026";"08:31:01";2026;"GO";2;"ELEIÇÃO ORDINÁRIA";6259;"ELEIÇÕES GERAIS ESTADUAIS 2026";90002540964;1;"HTTPS://WWW.FACEBOOK.COM/HEBERT.CARDOSOBJJ/"
"01/10/2026";"08:31:01";2026;"GO";2;"ELEIÇÃO ORDINÁRIA";6259;"ELEIÇÕES GERAIS ESTADUAIS 2026";90002540964;2;"HTTPS://WWW.INSTAGRAM.COM/HEBERTCARDOSOGYN/"
"01/10/2026";"08:31:01";2026;"GO";2;"ELEIÇÃO ORDINÁRIA";6259;"ELEIÇÕES GERAIS ESTADUAIS 2026";90002537449;5;"https://www.instagram.com/fabianagoncalvesadv/"
"01/10/2026";"08:31:01";2026;"GO";2;"ELEIÇÃO ORDINÁRIA";6259;"ELEIÇÕES GERAIS ESTADUAIS 2026";90002537450;2;"http://www.tiktok.com/@sidpeeao"
"01/10/2026";"08:31:01";2026;"GO";2;"ELEIÇÃO ORDINÁRIA";6259;"ELEIÇÕES GERAIS ESTADUAIS 2026";90002537450;4;"https://www.tiktok.com/@sidpeeao"
"01/10/2026";"08:31:01";2026;"GO";2;"ELEIÇÃO ORDINÁRIA";6259;"ELEIÇÕES GERAIS ESTADUAIS 2026";90002537452;4;"HTTPS://WWW.FACEBOOK.COM/SHARE/1DJKPJISKD/?MIBEXTID=WWXIFR"
"01/10/2026";"08:31:01";2026;"GO";2;"ELEIÇÃO ORDINÁRIA";6259;"ELEIÇÕES GERAIS ESTADUAIS 2026";90002537453;7;"HTTPS://WWW.INSTAGRAM.COM/TCORONELNILSON/"
"01/10/2026";"08:31:01";2026;"GO";2;"ELEIÇÃO ORDINÁRIA";6259;"ELEIÇÕES GERAIS ESTADUAIS 2026";90002540976;4;"HTTPS://WWW.INSTAGRAM.COM/DRWANDERLEY2026"
"01/10/2026";"08:31:01";2026;"GO";2;"ELEIÇÃO ORDINÁRIA";6259;"ELEIÇÕES GERAIS ESTADUAIS 2026";90002537459;2;"HTTPS://WWW.INSTAGRAM.COM/VANILSONBUENO?IGSH=MW9XDTQ1ZHGXNTF6EA=="
"01/10/2026";"08:31:01";2026;"GO";2;"ELEIÇÃO ORDINÁRIA";6259;"ELEIÇÕES GERAIS ESTADUAIS 2026";90002547136;1;"HTTP://INSTAGRAM.COM/SERGIOBRAVOJUNIOR"
"01/10/2026";"08:31:01";2026;"GO";2;"ELEIÇÃO ORDINÁRIA";6259;"ELEIÇÕES GERAIS ESTADUAIS 2026";90002543785;1;"HTTPS://WWW.FACEBOOK.COM/CELIAMARIA.DUARTE.353"
"01/10/2026";"08:31:01";2026;"GO";2;"ELEIÇÃO ORDINÁRIA";6259;"ELEIÇÕES GERAIS ESTADUAIS 2026";90002543788;6;"HTTPS://WWW.TIKTOK.COM/@DEPMAJORARAUJO"
"01/10/2026";"08:31:01";2026;"GO";2;"ELEIÇÃO ORDINÁRIA";6259;"ELEIÇÕES GERAIS ESTADUAIS 2026";90002543797;2;"HTTPS://WWW.INSTAGRAM.COM/GARISALEXDOS/"
"01/10/2026";"08:31:01";2026;"GO";2;"ELEIÇÃO ORDINÁRIA";6259;"ELEIÇÕES GERAIS ESTADUAIS 2026";90002543124;1;"HTTPS://WWW.INSTAGRAM.COM/MAJORELDECIRIO?UTM_SOURCE=QR"
"01/10/2026";"08:31:01";2026;"GO";2;"ELEIÇÃO ORDINÁRIA";6259;"ELEIÇÕES GERAIS ESTADUAIS 2026";90002542609;2;"HTTPS://WWW.THREADS.COM/@JOSEOTAVIOSAD"
"01/10/2026";"08:31:01";2026;"GO";2;"ELEIÇÃO ORDINÁRIA";6259;"ELEIÇÕES GERAIS ESTADUAIS 2026";90002546239;1;"FACEBOOK: FELIX_MOTOCICLISTA"
"01/10/2026";"08:31:01";2026;"GO";2;"ELEIÇÃO ORDINÁRIA";6259;"ELEIÇÕES GERAIS ESTADUAIS 2026";90002553737;1;"TENENTEROSY"
"01/10/2026";"08:31:01";2026;"GO";2;"ELEIÇÃO ORDINÁRIA";6259;"ELEIÇÕES GERAIS ESTADUAIS 2026";90002544864;1;"HTTPS://WWW.INSTAGRAM.COM/DRHELIODESOUSA/"
"01/10/2026";"08:31:01";2026;"GO";2;"ELEIÇÃO ORDINÁRIA";6259;"ELEIÇÕES GERAIS ESTADUAIS 2026";90002544865;2;"HTTPS://WWW.INSTAGRAM.COM/MARCOAURELIO.GO/"
"01/10/2026";"08:31:01";2026;"GO";2;"ELEIÇÃO ORDINÁRIA";6259;"ELEIÇÕES GERAIS ESTADUAIS 2026";90002544893;1;"HTTPS://WWW.INSTAGRAM.COM/PRE_CANDIDATA_KESIA_DEJESUS/"
"01/10/2026";"08:31:01";2026;"GO";2;"ELEIÇÃO ORDINÁRIA";6259;"ELEIÇÕES GERAIS ESTADUAIS 2026";90002544898;1;"HTTPS://WWW.INSTAGRAM.COM/DRWALTER.VOSGRAU/"
"01/10/2026";"08:31:01";2026;"GO";2;"ELEIÇÃO ORDINÁRIA";6259;"ELEIÇÕES GERAIS ESTADUAIS 2026";90002547030;2;"https://tallesbarreto.com.br/site/"
"01/10/2026";"08:31:01";2026;"GO";2;"ELEIÇÃO ORDINÁRIA";6259;"ELEIÇÕES GERAIS ESTADUAIS 2026";90002537390;4;"HTTPS://X.COM/GLAUSTINDAFOKUS?S=11&T=_LVQUCDQ5UTUXGTWL3U3YG"
"01/10/2026";"08:31:01";2026;"GO";2;"ELEIÇÃO ORDINÁRIA";6259;"ELEIÇÕES GERAIS ESTADUAIS 2026";90002543216;1;"HTTPS://WWW.INSTAGRAM.COM/PEDROCHAVESOFICIAL15"
"01/10/2026";"08:31:01";2026;"GO";2;"ELEIÇÃO ORDINÁRIA";6259;"ELEIÇÕES GERAIS ESTADUAIS 2026";90002543807;3;"HTTPS://WWW.INSTAGRAM.COM/SUDOESTECOMLISSAUER?IGSH=YMFXOTJVD2RSBXM2"
"01/10/2026";"08:31:01";2026;"GO";2;"ELEIÇÃO ORDINÁRIA";6259;"ELEIÇÕES GERAIS ESTADUAIS 2026";90002543248;5;"@delegadowaldir"
"01/10/2026";"08:31:01";2026;"GO";2;"ELEIÇÃO ORDINÁRIA";6259;"ELEIÇÕES GERAIS ESTADUAIS 2026";90002543828;4;"+55 61 8664-1887"
"01/10/2026";"08:31:01";2026;"GO";2;"ELEIÇÃO ORDINÁRIA";6259;"ELEIÇÕES GERAIS ESTADUAIS 2026";90002543828;5;"+55 61 9549-1849"
"01/10/2026";"08:31:01";2026;"GO";2;"ELEIÇÃO ORDINÁRIA";6259;"ELEIÇÕES GERAIS ESTADUAIS 2026";90002543839;2;"HTTPS://WWW.TIKTOK.COM/@BATEEVOLTACOMALE?_R=1&_T=ZS-98GRDEE0QUX"
"01/10/2026";"08:31:01";2026;"GO";2;"ELEIÇÃO ORDINÁRIA";6259;"ELEIÇÕES GERAIS ESTADUAIS 2026";90002543846;3;"HTTPS://WWW.TIKTOK.COM/@ENIOBRITO0?IS_FROM_WEBAPP=1&SENDER_DEVICE=PC"
"01/10/2026";"08:31:01";2026;"GO";2;"ELEIÇÃO ORDINÁRIA";6259;"ELEIÇÕES GERAIS ESTADUAIS 2026";90002552719;1;"https://www.facebook.com/share/18xdZfJtAN/?mibextid=wwXIfr"
"01/10/2026";"08:31:01";2026;"GO";2;"ELEIÇÃO ORDINÁRIA";6259;"ELEIÇÕES GERAIS ESTADUAIS 2026";90002552720;1;"https://www.instagram.com/gizelle_teles_go_?utm_source=qr"
"01/10/2026";"08:31:01";2026;"GO";2;"ELEIÇÃO ORDINÁRIA";6259;"ELEIÇÕES GERAIS ESTADUAIS 2026";90002547009;6;"HTTPS://WWW.FACEBOOK.COM/SHARE/1RKGCDXL5S/?MIBEXTID=WWXIFR"
"01/10/2026";"08:31:01";2026;"GO";2;"ELEIÇÃO ORDINÁRIA";6259;"ELEIÇÕES GERAIS ESTADUAIS 2026";90002547028;1;"HTTPS://WWW.INSTAGRAM.COM/WANESSADALEYSERGOIANIRA?IGSH=MWVVDDHZNDVWMHF6MA=="
"01/10/2026";"08:31:01";2026;"GO";2;"ELEIÇÃO ORDINÁRIA";6259;"ELEIÇÕES GERAIS ESTADUAIS 2026";90002547076;1;"TWITTER.COM/WALTERCAMARGO40"
"01/10/2026";"08:31:01";2026;"GO";2;"ELEIÇÃO ORDINÁRIA";6259;"ELEIÇÕES GERAIS ESTADUAIS 2026";90002547102;5;"https://www.facebook.com/arianafidelis.com.br"
"01/10/2026";"08:31:01";2026;"GO";2;"ELEIÇÃO ORDINÁRIA";6259;"ELEIÇÕES GERAIS ESTADUAIS 2026";90002547115;4;"HTTPS://WWW.TIKTOK.COM/@CORONELEDSONRAIADO2026"
"01/10/2026";"08:31:01";2026;"GO";2;"ELEIÇÃO ORDINÁRIA";6259;"ELEIÇÕES GERAIS ESTADUAIS 2026";90002547133;1;"HTTPS://WWW.INSTAGRAM.COM/HANSMULLERSALOME/"
"01/10/2026";"08:31:01";2026;"GO";2;"ELEIÇÃO ORDINÁRIA";6259;"ELEIÇÕES GERAIS ESTADUAIS 2026";90002541700;3;"https://instagram.com/noletombl"
"01/10/2026";"08:31:01";2026;"GO";2;"ELEIÇÃO ORDINÁRIA";6259;"ELEIÇÕES GERAIS ESTADUAIS 2026";90002543478;1;"HTTPS://WWW.INSTAGRAM.COM/FRANLUZDOSOL/"
"01/10/2026";"08:31:01";2026;"GO";2;"ELEIÇÃO ORDINÁRIA";6259;"ELEIÇÕES GERAIS ESTADUAIS 2026";90002551835;1;"HTTPS://WWW.INSTRAGRAM.COM/FAUSTOANDRE.JAV"
"01/10/2026";"08:31:01";2026;"GO";2;"ELEIÇÃO ORDINÁRIA";6259;"ELEIÇÕES GERAIS ESTADUAIS 2026";90002540149;2;"HTTPS://BEACONS.AI/FABRICIOAPT"
"01/10/2026";"08:31:01";2026;"GO";2;"ELEIÇÃO ORDINÁRIA";6259;"ELEIÇÕES GERAIS ESTADUAIS 2026";90002547004;1;"HTTPS://WWW.FACEBOOK.COM/SHARE/1C7ZHDSDHG/?MIBEXTID=WWXIFR"
"01/10/2026";"08:31:01";2026;"GO";2;"ELEIÇÃO ORDINÁRIA";6259;"ELEIÇÕES GERAIS ESTADUAIS 2026";90002543251;7;"https://www.threads.com/@alexmartinsprofessor?igshid=NTc4MTIwNjQ2YQ=="
"01/10/2026";"08:31:01";2026;"GO";2;"ELEIÇÃO ORDINÁRIA";6259;"ELEIÇÕES GERAIS ESTADUAIS 2026";90002543773;2;"HTTPS://WWW.INSTAGRAM.COM/BRENASANTOS.BR/"
"01/10/2026";"08:31:01";2026;"GO";2;"ELEIÇÃO ORDINÁRIA";6259;"ELEIÇÕES GERAIS ESTADUAIS 2026";90002543777;1;"HTTPS://WWW.FACEBOOK.COM/ZEMARIAXERIFE1/?LOCALE=PT_BR"
"01/10/2026";"08:31:01";2026;"GO";2;"ELEIÇÃO ORDINÁRIA";6259;"ELEIÇÕES GERAIS ESTADUAIS 2026";90002543779;2;"HTTPS://WWW.INSTAGRAM.COM/DIOGOYAGI?IGSH=DHPTBWGZCHGZMGD2"
"01/10/2026";"08:31:01";2026;"GO";2;"ELEIÇÃO ORDINÁRIA";6259;"ELEIÇÕES GERAIS ESTADUAIS 2026";90002543850;1;"HTTPS://WWW.FACEBOOK.COM/SHARE/1BE7TBWGYR/"
"01/10/2026";"08:31:01";2026;"GO";2;"ELEIÇÃO ORDINÁRIA";6259;"ELEIÇÕES GERAIS ESTADUAIS 2026";90002543854;1;"HTTPS://WWW.INSTAGRAM.COM/ALEX_ALMEIDA160785"
"01/10/2026";"08:31:01";2026;"GO";2;"ELEIÇÃO ORDINÁRIA";6259;"ELEIÇÕES GERAIS ESTADUAIS 2026";90002543855;3;"HTTP://TIKTOK.COM/@PROFESSORALEX.50"
"01/10/2026";"08:31:01";2026;"GO";2;"ELEIÇÃO ORDINÁRIA";6259;"ELEIÇÕES GERAIS ESTADUAIS 2026";90002543455;6;"HTTPS://K.KWAI.COM/U/@VICTOROVERDE/YQZC8IHR"
"01/10/2026";"08:31:01";2026;"GO";2;"ELEIÇÃO ORDINÁRIA";6259;"ELEIÇÕES GERAIS ESTADUAIS 2026";90002543459;7;"HTTPS://WWW.THREADS.COM/@THAISCASTRO524"
"01/10/2026";"08:31:01";2026;"GO";2;"ELEIÇÃO ORDINÁRIA";6259;"ELEIÇÕES GERAIS ESTADUAIS 2026";90002543462;1;"HTTPS://WWW.THREADS.COM/@CARMEM.O.OFICIAL"
"01/10/2026";"08:31:01";2026;"GO";2;"ELEIÇÃO ORDINÁRIA";6259;"ELEIÇÕES GERAIS ESTADUAIS 2026";90002551268;2;"TIK TOK: @TIANINHA395"
"01/10/2026";"08:31:01";2026;"GO";2;"ELEIÇÃO ORDINÁRIA";6259;"ELEIÇÕES GERAIS ESTADUAIS 2026";90002551791;4;"HTTPS://WWW.TIKTOK.COM/@WILDER.MORAIS"
"01/10/2026";"08:31:01";2026;"GO";2;"ELEIÇÃO ORDINÁRIA";6259;"ELEIÇÕES GERAIS ESTADUAIS 2026";90002551791;6;"HTTPS://WWW.WILDERMORAIS.COM.BR/"
"01/10/2026";"08:31:01";2026;"GO";2;"ELEIÇÃO ORDINÁRIA";6259;"ELEIÇÕES GERAIS ESTADUAIS 2026";90002551791;11;"https://www.threads.com/@wildermorais?igshid=NTc4MTIwNjQ2YQ=="
"01/10/2026";"08:31:01";2026;"GO";2;"ELEIÇÃO ORDINÁRIA";6259;"ELEIÇÕES GERAIS ESTADUAIS 2026";90002543800;6;"HTTPS://WWW.FACEBOOK.COM/DEPUTADOAMAURIRIBEIRO"
"01/10/2026";"08:31:01";2026;"GO";2;"ELEIÇÃO ORDINÁRIA";6259;"ELEIÇÕES GERAIS ESTADUAIS 2026";90002543237;3;"HTTPS://WWW.FACEBOOK.COM/BRUNOPEIXOTOOFICIAL"
"01/10/2026";"08:31:01";2026;"GO";2;"ELEIÇÃO ORDINÁRIA";6259;"ELEIÇÕES GERAIS ESTADUAIS 2026";90002544876;1;"HTTPS://WWW.INSTAGRAM.COM/GUSTAVOSEBBA/"
"01/10/2026";"08:31:01";2026;"GO";2;"ELEIÇÃO ORDINÁRIA";6259;"ELEIÇÕES GERAIS ESTADUAIS 2026";90002542616;2;"WWW.TIKTOK.COM/@SOUFABIOSOUSA?_R=1&_T=ZS-98DOGMC3P3K"
"01/10/2026";"08:31:01";2026;"GO";2;"ELEIÇÃO ORDINÁRIA";6259;"ELEIÇÕES GERAIS ESTADUAIS 2026";90002541454;5;"https://www.tiktok.com/@cintiadiaspsol"
"01/10/2026";"08:31:01";2026;"GO";2;"ELEIÇÃO ORDINÁRIA";6259;"ELEIÇÕES GERAIS ESTADUAIS 2026";90002542621;1;"HTTPS://WWW.INSTAGRAM.COM/DR.WAGNERMIRANDA/"
"01/10/2026";"08:31:01";2026;"GO";2;"ELEIÇÃO ORDINÁRIA";6259;"ELEIÇÕES GERAIS ESTADUAIS 2026";90002543217;1;"HTTPS://WWW.INSTAGRAM.COM/OPAPACAPIM_DINHO/?HL=PT-BR"
"01/10/2026";"08:31:01";2026;"GO";2;"ELEIÇÃO ORDINÁRIA";6259;"ELEIÇÕES GERAIS ESTADUAIS 2026";90002537389;3;"HTTPS://WWW.FACEBOOK.COM/SHARE/1CK3W1QGGG/?MIBEXTID=WWXIFR"
"01/10/2026";"08:31:01";2026;"GO";2;"ELEIÇÃO ORDINÁRIA";6259;"ELEIÇÕES GERAIS ESTADUAIS 2026";90002537426;2;"HTTPS://WWW.INSTAGRAM.COM/LARISSA_LAFAIETE_?IGSH=MWD6Y3V3N3J2EM5UAA=="
"01/10/2026";"08:31:01";2026;"GO";2;"ELEIÇÃO ORDINÁRIA";6259;"ELEIÇÕES GERAIS ESTADUAIS 2026";90002537427;3;"FELIPE MABEL - YOUTUBE"
"01/10/2026";"08:31:01";2026;"GO";2;"ELEIÇÃO ORDINÁRIA";6259;"ELEIÇÕES GERAIS ESTADUAIS 2026";90002537432;3;"HTTPS://WWW.FACEBOOK.COM/SHARE/1C1YQW5TWQ/"
"01/10/2026";"08:31:01";2026;"GO";2;"ELEIÇÃO ORDINÁRIA";6259;"ELEIÇÕES GERAIS ESTADUAIS 2026";90002540963;1;"HTTPS://WWW.INSTAGRAM.COM/MARCKENNEDY.GO/"
"01/10/2026";"08:31:01";2026;"GO";2;"ELEIÇÃO ORDINÁRIA";6259;"ELEIÇÕES GERAIS ESTADUAIS 2026";90002552294;1;"https://www.instagram.com/lidevamlima/"
"01/10/2026";"08:31:01";2026;"GO";2;"ELEIÇÃO ORDINÁRIA";6259;"ELEIÇÕES GERAIS ESTADUAIS 2026";90002537454;4;"HTTPS://WWW.TIKTOK.COM/@BIEIZ.VALERIANO6?_R=1&_T=ZS-98UNHPI1MQ4"
"01/10/2026";"08:31:01";2026;"GO";2;"ELEIÇÃO ORDINÁRIA";6259;"ELEIÇÕES GERAIS ESTADUAIS 2026";90002540982;1;"HTTPS://WWW.INSTAGRAM.COM/PALMEIRA__ROD?UTM_SOURCE=QR"
"01/10/2026";"08:31:01";2026;"GO";2;"ELEIÇÃO ORDINÁRIA";6259;"ELEIÇÕES GERAIS ESTADUAIS 2026";90002540996;2;"HTTPS://WWW.INSTAGRAM.COM/ALEXANDREBALDY"
"01/10/2026";"08:31:01";2026;"GO";2;"ELEIÇÃO ORDINÁRIA";6259;"ELEIÇÕES GERAIS ESTADUAIS 2026";90002540988;1;"HTTPS://WWW.INSTAGRAM.COM/WELTONLEMOSOFICIAL"
"01/10/2026";"08:31:01";2026;"GO";2;"ELEIÇÃO ORDINÁRIA";6259;"ELEIÇÕES GERAIS ESTADUAIS 2026";90002543792;1;"HTTPS://WWW.FACEBOOK.COM/CARLOS.BRIGNONI.14"
"01/10/2026";"08:31:01";2026;"GO";2;"ELEIÇÃO ORDINÁRIA";6259;"ELEIÇÕES GERAIS ESTADUAIS 2026";90002543795;4;"HTTPS://WWW.INSTAGRAM.COM/MARQUINHODOGAYER"
"01/10/2026";"08:31:01";2026;"GO";2;"ELEIÇÃO ORDINÁRIA";6259;"ELEIÇÕES GERAIS ESTADUAIS 2026";90002543124;2;"HTTPS://WWW.FACEBOOK.COM/SHARE/18U8XTNYBL/?MIBEXTID=WWXIFR / HTTPS://WWW.FACEBOO"
"01/10/2026";"08:31:01";2026;"GO";2;"ELEIÇÃO ORDINÁRIA";6259;"ELEIÇÕES GERAIS ESTADUAIS 2026";90002543158;2;"HTTPS://WWW.INSTAGRAM.COM/KATHREINMOURACOMOSPES?IGSH=DJNTOTIXDG4ZOWPY&UTM_SOURCE"
"01/10/2026";"08:31:01";2026;"GO";2;"ELEIÇÃO ORDINÁRIA";6259;"ELEIÇÕES GERAIS ESTADUAIS 2026";90002543164;1;"HTTPS://WWW.INSTAGRAM.COM/MARQUINHODOPOVO?IGSH=MWDUNJDNM2CZZMJHDA=="
"01/10/2026";"08:31:01";2026;"GO";2;"ELEIÇÃO ORDINÁRIA";6259;"ELEIÇÕES GERAIS ESTADUAIS 2026";90002543168;2;"HTTPS://WWW.FACEBOOK.COM/SHARE/1DYJKFMFYQ/?MIBEXTID=WWXIFR"
"01/10/2026";"08:31:01";2026;"GO";2;"ELEIÇÃO ORDINÁRIA";6259;"ELEIÇÕES GERAIS ESTADUAIS 2026";90002544863;4;"https://www.facebook.com/domingosrodrigues"
"01/10/2026";"08:31:01";2026;"GO";2;"ELEIÇÃO ORDINÁRIA";6259;"ELEIÇÕES GERAIS ESTADUAIS 2026";90002544881;2;"https://www.tiktok.com/@florisvaldopereiragyn?_r=1&_t=ZS-99OYuJ3lfGs"
"01/10/2026";"08:31:01";2026;"GO";2;"ELEIÇÃO ORDINÁRIA";6259;"ELEIÇÕES GERAIS ESTADUAIS 2026";90002544884;1;"HTTPS://WWW.INSTAGRAM.COM/PROFZENILTON/"
"01/10/2026";"08:31:01";2026;"GO";2;"ELEIÇÃO ORDINÁRIA";6259;"ELEIÇÕES GERAIS ESTADUAIS 2026";90002544891;4;"https://www.instagram.com/broncadoconsumidor/"
"01/10/2026";"08:31:01";2026;"GO";2;"ELEIÇÃO ORDINÁRIA";6259;"ELEIÇÕES GERAIS ESTADUAIS 2026";90002544894;1;"HTTPS://WWW.INSTAGRAM.COM/ANDREASANTOS.2026/"
"01/10/2026";"08:31:01";2026;"GO";2;"ELEIÇÃO ORDINÁRIA";6259;"ELEIÇÕES GERAIS ESTADUAIS 2026";90002540861;2;"FACEBOOK/BIADELIMAOFICIAL"
"01/10/2026";"08:31:01";2026;"GO";2;"ELEIÇÃO ORDINÁRIA";6259;"ELEIÇÕES GERAIS ESTADUAIS 2026";90002540861;3;"HTTPS://DEPUTADABIADELIMA.COM.BR"
"01/10/2026";"08:31:01";2026;"GO";2;"ELEIÇÃO ORDINÁRIA";6259;"ELEIÇÕES GERAIS ESTADUAIS 2026";90002540861;4;"TIKTOK/@BIADELIMA"
"01/10/2026";"08:31:01";2026;"GO";2;"ELEIÇÃO ORDINÁRIA";6259;"ELEIÇÕES GERAIS ESTADUAIS 2026";90002537390;2;"HTTPS://WWW.TIKTOK.COM/@GLAUSTINDAFOKUS?_R=1&_T=ZS-98FOMRAFIU6"
"01/10/2026";"08:31:01";2026;"GO";2;"ELEIÇÃO ORDINÁRIA";6259;"ELEIÇÕES GERAIS ESTADUAIS 2026";90002543799;1;"HTTPS://WWW.INSTAGRAM.COM/CORONELURZEDA?IGSH=MWDZCGR2D3NXEWS4AW=="
"01/10/2026";"08:31:01";2026;"GO";2;"ELEIÇÃO ORDINÁRIA";6259;"ELEIÇÕES GERAIS ESTADUAIS 2026";90002543801;4;"HTTPS://WWW.KWAI.COM/DIEYMEVASCONCELOS"
"01/10/2026";"08:31:01";2026;"GO";2;"ELEIÇÃO ORDINÁRIA";6259;"ELEIÇÕES GERAIS ESTADUAIS 2026";90002543128;6;"HTTPS://WWW.YOUTUBE.COM/@LUCASKITAO"
"01/10/2026";"08:31:01";2026;"GO";2;"ELEIÇÃO ORDINÁRIA";6259;"ELEIÇÕES GERAIS ESTADUAIS 2026";90002545244;10;"https://www.kwai.com/@iurecastro234"
"01/10/2026";"08:31:01";2026;"GO";2;"ELEIÇÃO ORDINÁRIA";6259;"ELEIÇÕES GERAIS ESTADUAIS 2026";90002543249;2;"HTTPS://WWW.TIKTOK.COM/@FELIZBERTOTAVARES1971"
"01/10/2026";"08:31:01";2026;"GO";2;"ELEIÇÃO ORDINÁRIA";6259;"ELEIÇÕES GERAIS ESTADUAIS 2026";90002543836;4;"6299211-9367"
"01/10/2026";"08:31:01";2026;"GO";2;"ELEIÇÃO ORDINÁRIA";6259;"ELEIÇÕES GERAIS ESTADUAIS 2026";90002543846;2;"HTTPS://X.COM/ENIOBRITODESA?S=20"
"01/10/2026";"08:31:01";2026;"GO";2;"ELEIÇÃO ORDINÁRIA";6259;"ELEIÇÕES GERAIS ESTADUAIS 2026";90002543489;1;"@TAYANNYSTEFANY_"
"01/10/2026";"08:31:01";2026;"GO";2;"ELEIÇÃO ORDINÁRIA";6259;"ELEIÇÕES GERAIS ESTADUAIS 2026";90002543498;1;"HTTPS://WWW.INSTAGRAM.COM/RICARDOFORTUNATOOFC/"
"01/10/2026";"08:31:01";2026;"GO";2;"ELEIÇÃO ORDINÁRIA";6259;"ELEIÇÕES GERAIS ESTADUAIS 2026";90002547076;3;"HTTP://INSTAGRAM.COM/WALTERCAMARGO40992"
"01/10/2026";"08:31:01";2026;"GO";2;"ELEIÇÃO ORDINÁRIA";6259;"ELEIÇÕES GERAIS ESTADUAIS 2026";90002547081;1;"https://www.instagram.com/simoneformiguinhaoficial/"
"01/10/2026";"08:31:01";2026;"GO";2;"ELEIÇÃO ORDINÁRIA";6259;"ELEIÇÕES GERAIS ESTADUAIS 2026";90002547097;3;"https://www.facebook.com/alexandreeduardofelipetocantins"
"01/10/2026";"08:31:01";2026;"GO";2;"ELEIÇÃO ORDINÁRIA";6259;"ELEIÇÕES GERAIS ESTADUAIS 2026";90002547102;6;"https://www.facebook.com/share/19V6wM5TCh/"
"01/10/2026";"08:31:01";2026;"GO";2;"ELEIÇÃO ORDINÁRIA";6259;"ELEIÇÕES GERAIS ESTADUAIS 2026";90002547105;1;"https://www.instagram.com/glauciamelo45?igsi=MTMwcWxwOHNKN2p0ag%3D%&utm_source=qr"
"01/10/2026";"08:31:01";2026;"GO";2;"ELEIÇÃO ORDINÁRIA";6259;"ELEIÇÕES GERAIS ESTADUAIS 2026";90002547107;1;"https://www.instagram.com/cepitaoficial?igsi=NjU2dTBkczFpZHJz"
"01/10/2026";"08:31:01";2026;"GO";2;"ELEIÇÃO ORDINÁRIA";6259;"ELEIÇÕES GERAIS ESTADUAIS 2026";90002547115;5;"HTTPS://WWW.YOUTUBE.COM/@PAPODERAIADO"
"01/10/2026";"08:31:01";2026;"GO";2;"ELEIÇÃO ORDINÁRIA";6259;"ELEIÇÕES GERAIS ESTADUAIS 2026";90002547118;1;"HTTPS://WWW.INSTAGRAM.COM/RALIL.BUZAIM"
"01/10/2026";"08:31:01";2026;"GO";2;"ELEIÇÃO ORDINÁRIA";6259;"ELEIÇÕES GERAIS ESTADUAIS 2026";90002547120;4;"https://www.instagram.com/samuelalmeida55123"
"01/10/2026";"08:31:01";2026;"GO";2;"ELEIÇÃO ORDINÁRIA";6259;"ELEIÇÕES GERAIS ESTADUAIS 2026";90002547120;5;"https://www.samuelalmeida55123.com.br/"
"01/10/2026";"08:31:01";2026;"GO";2;"ELEIÇÃO ORDINÁRIA";6259;"ELEIÇÕES GERAIS ESTADUAIS 2026";90002543560;3;"HTTPS://WWW.INSTAGRAM.COM/OSEIASVARAO"
"01/10/2026";"08:31:01";2026;"GO";2;"ELEIÇÃO ORDINÁRIA";6259;"ELEIÇÕES GERAIS ESTADUAIS 2026";90002541697;4;"https://youtube.com/@meunomeejhonebr"
"01/10/2026";"08:31:01";2026;"GO";2;"ELEIÇÃO ORDINÁRIA";6259;"ELEIÇÕES GERAIS ESTADUAIS 2026";90002541707;1;"WWW.REILLERLOPES.COM.BR"
"01/10/2026";"08:31:01";2026;"GO";2;"ELEIÇÃO ORDINÁRIA";6259;"ELEIÇÕES GERAIS ESTADUAIS 2026";90002541708;5;"https://youtube.com/@ravengaar"
"01/10/2026";"08:31:01";2026;"GO";2;"ELEIÇÃO ORDINÁRIA";6259;"ELEIÇÕES GERAIS ESTADUAIS 2026";90002554472;2;"https://www.instagram.com/aanaflaviaresende?stkn=MWdkYTlvcHU4ejdlYQ%3D%3D&utm_so"
"01/10/2026";"08:31:01";2026;"GO";2;"ELEIÇÃO ORDINÁRIA";6259;"ELEIÇÕES GERAIS ESTADUAIS 2026";90002554472;5;"https://www.tiktok.com/@aanaflaviaresende?_r=1&_t=ZS-99hSvnEKAAW"
"01/10/2026";"08:31:01";2026;"GO";2;"ELEIÇÃO ORDINÁRIA";6259;"ELEIÇÕES GERAIS ESTADUAIS 2026";90002542626;2;"http://www.majorvitorhugo.com.br/"
"01/10/2026";"08:31:01";2026;"GO";2;"ELEIÇÃO ORDINÁRIA";6259;"ELEIÇÕES GERAIS ESTADUAIS 2026";90002545509;1;"INSTAGRAM/PASTORALANMAIN"
"01/10/2026";"08:31:01";2026;"GO";2;"ELEIÇÃO ORDINÁRIA";6259;"ELEIÇÕES GERAIS ESTADUAIS 2026";90002543482;1;"@ANTONIO.CARLOS.CAVALCANTE"
"01/10/2026";"08:31:01";2026;"GO";2;"ELEIÇÃO ORDINÁRIA";6259;"ELEIÇÕES GERAIS ESTADUAIS 2026";90002540149;11;"https://fabriciorosa.com.br/"
"01/10/2026";"08:31:01";2026;"GO";2;"ELEIÇÃO ORDINÁRIA";6259;"ELEIÇÕES GERAIS ESTADUAIS 2026";90002551488;5;"https://www.facebook.com/share/"
"01/10/2026";"08:31:01";2026;"GO";2;"ELEIÇÃO ORDINÁRIA";6259;"ELEIÇÕES GERAIS ESTADUAIS 2026";90002551488;6;"https://x.com/asargentolorena?s=11"
"01/10/2026";"08:31:01";2026;"GO";2;"ELEIÇÃO ORDINÁRIA";6259;"ELEIÇÕES GERAIS ESTADUAIS 2026";90002543448;3;"HTTPS://WWW.THREADS.COM/@XAVIERBERNARDO50"
"01/10/2026";"08:31:01";2026;"GO";2;"ELEIÇÃO ORDINÁRIA";6259;"ELEIÇÕES GERAIS ESTADUAIS 2026";90002543449;4;"HTTPS://WWW.INSTAGRAM.COM/MAGNOCONSTANTINO"
"01/10/2026";"08:31:01";2026;"GO";2;"ELEIÇÃO ORDINÁRIA";6259;"ELEIÇÕES GERAIS ESTADUAIS 2026";90002543450;1;"(062) 98558-1083"
"01/10/2026";"08:31:01";2026;"GO";2;"ELEIÇÃO ORDINÁRIA";6259;"ELEIÇÕES GERAIS ESTADUAIS 2026";90002543456;1;"HTTPS://WWW.INSTAGRAM.COM/ANNA.CLAUDIA_D?UTM_SOURCE=QR"
"01/10/2026";"08:31:01";2026;"GO";2;"ELEIÇÃO ORDINÁRIA";6259;"ELEIÇÕES GERAIS ESTADUAIS 2026";90002540136;2;"YOUTUBE/WELTONDIVINO"
"01/10/2026";"08:31:01";2026;"GO";2;"ELEIÇÃO ORDINÁRIA";6259;"ELEIÇÕES GERAIS ESTADUAIS 2026";90002540854;1;"INSTAGRAM/MARIADEJESUS"
"01/10/2026";"08:31:01";2026;"GO";2;"ELEIÇÃO ORDINÁRIA";6259;"ELEIÇÕES GERAIS ESTADUAIS 2026";90002543556;10;"YOUTUBE.COM/@GUSTAVOGAYER"
"01/10/2026";"08:31:01";2026;"GO";2;"ELEIÇÃO ORDINÁRIA";6259;"ELEIÇÕES GERAIS ESTADUAIS 2026";90002539157;3;"TWITTER@ADRIANAACCORSI"
"01/10/2026";"08:31:01";2026;"GO";2;"ELEIÇÃO ORDINÁRIA";6259;"ELEIÇÕES GERAIS ESTADUAIS 2026";90002546242;2;"https://www.instagram.com/amiltonfilhooficial"
"01/10/2026";"08:31:01";2026;"GO";2;"ELEIÇÃO ORDINÁRIA";6259;"ELEIÇÕES GERAIS ESTADUAIS 2026";90002542618;2;"HTTPS://WWW.FACEBOOK.COM/FREDERICOFREDRODRIGUES/"
"01/10/2026";"08:31:01";2026;"GO";2;"ELEIÇÃO ORDINÁRIA";6259;"ELEIÇÕES GERAIS ESTADUAIS 2026";90002543189;2;"HTTPS://WWW.FACEBOOK.COM/SHARE/1D923GYFFY/?MIBEXTID=WWXIFR"
"01/10/2026";"08:31:01";2026;"GO";2;"ELEIÇÃO ORDINÁRIA";6259;"ELEIÇÕES GERAIS ESTADUAIS 2026";90002542620;1;"HTTPS://WWW.FACEBOOK.COM/MAYCON.TOMBINI"
"01/10/2026";"08:31:01";2026;"GO";2;"ELEIÇÃO ORDINÁRIA";6259;"ELEIÇÕES GERAIS ESTADUAIS 2026";90002537429;8;"HTTPS://ADS.GOOGLE.COM/AW/SIGNUP/ABOUTYOURBUSINESS?AUTHUSER=0&OCID=8433143236&US"
"01/10/2026";"08:31:01";2026;"GO";2;"ELEIÇÃO ORDINÁRIA";6259;"ELEIÇÕES GERAIS ESTADUAIS 2026";90002539150;1;"INSTAGRAM/PREFEITODETROMBAS_CATARINO"
"01/10/2026";"08:31:01";2026;"GO";2;"ELEIÇÃO ORDINÁRIA";6259;"ELEIÇÕES GERAIS ESTADUAIS 2026";90002539155;1;"FACEBOOK.COM/FLAVIANESS.UEG"
"01/10/2026";"08:31:01";2026;"GO";2;"ELEIÇÃO ORDINÁRIA";6259;"ELEIÇÕES GERAIS ESTADUAIS 2026";90002539161;1;"X@FABIOTOKARSKI"
"01/10/2026";"08:31:01";2026;"GO";2;"ELEIÇÃO ORDINÁRIA";6259;"ELEIÇÕES GERAIS ESTADUAIS 2026";90002537454;3;"HTTPS://KWAI-VIDEO.COM/U/@BIEIZ322/IVR6CYZU"
"01/10/2026";"08:31:01";2026;"GO";2;"ELEIÇÃO ORDINÁRIA";6259;"ELEIÇÕES GERAIS ESTADUAIS 2026";90002537455;2;"HTTPS://WWW.INSTAGRAM.COM/MIGUEL_JRO?UTM_SOURCE=QR&IGSH=MTNOD2XUAJDKZMO4BG=="
"01/10/2026";"08:31:01";2026;"GO";2;"ELEIÇÃO ORDINÁRIA";6259;"ELEIÇÕES GERAIS ESTADUAIS 2026";90002537456;4;"HTTPS://WWW.INSTAGRAM.COM/LEIDEALVESJORNALISTA20/"
"01/10/2026";"08:31:01";2026;"GO";2;"ELEIÇÃO ORDINÁRIA";6259;"ELEIÇÕES GERAIS ESTADUAIS 2026";90002537459;1;"HTTPS://WWW.FACEBOOK.COM/SHARE/14HCC1FV9HE/?MIBEXTID=WWXIFR"
"01/10/2026";"08:31:01";2026;"GO";2;"ELEIÇÃO ORDINÁRIA";6259;"ELEIÇÕES GERAIS ESTADUAIS 2026";90002540997;3;"HTTPS://WWW.TIKTOK.COM/@GRACINHACAIADO"
"01/10/2026";"08:31:01";2026;"GO";2;"ELEIÇÃO ORDINÁRIA";6259;"ELEIÇÕES GERAIS ESTADUAIS 2026";90002540997;4;"https://whatsapp.com/channel/0029VbDOUfj9Gv7UL6fuSn3N"
"01/10/2026";"08:31:01";2026;"GO";2;"ELEIÇÃO ORDINÁRIA";6259;"ELEIÇÕES GERAIS ESTADUAIS 2026";90002547031;2;"HTTPS://WWW.INSTAGRAM.COM/CIEDOSACOLAO"
"01/10/2026";"08:31:01";2026;"GO";2;"ELEIÇÃO ORDINÁRIA";6259;"ELEIÇÕES GERAIS ESTADUAIS 2026";90002547134;2;"HTTPS://WWW.FACEBOOK.COM/MUCIOSANTANA.VEREADOR?MIBEXTID=ZBWKWL"
"01/10/2026";"08:31:01";2026;"GO";2;"ELEIÇÃO ORDINÁRIA";6259;"ELEIÇÕES GERAIS ESTADUAIS 2026";90002539153;1;"INSTRAGRAM: @professor.edwardmadureira"
"01/10/2026";"08:31:01";2026;"GO";2;"ELEIÇÃO ORDINÁRIA";6259;"ELEIÇÕES GERAIS ESTADUAIS 2026";90002543123;1;"@ELKEMARQUESDEANDRADE"
"01/10/2026";"08:31:01";2026;"GO";2;"ELEIÇÃO ORDINÁRIA";6259;"ELEIÇÕES GERAIS ESTADUAIS 2026";90002546241;1;"INSTAGRAM: HELIOGALENO44"
"01/10/2026";"08:31:01";2026;"GO";2;"ELEIÇÃO ORDINÁRIA";6259;"ELEIÇÕES GERAIS ESTADUAIS 2026";90002544869;1;"HTTPS://WWW.INSTAGRAM.COM/EVANDROMAGAL/"
"01/10/2026";"08:31:01";2026;"GO";2;"ELEIÇÃO ORDINÁRIA";6259;"ELEIÇÕES GERAIS ESTADUAIS 2026";90002544877;6;"https://www.threads.com/@fabiofayad"
"01/10/2026";"08:31:01";2026;"GO";2;"ELEIÇÃO ORDINÁRIA";6259;"ELEIÇÕES GERAIS ESTADUAIS 2026";90002544878;3;"https:instagran.com/dr.jmachado"
"01/10/2026";"08:31:01";2026;"GO";2;"ELEIÇÃO ORDINÁRIA";6259;"ELEIÇÕES GERAIS ESTADUAIS 2026";90002544881;7;"https://kwai-video.com/u/@qlwiz829/AXPtCVkG"
"01/10/2026";"08:31:01";2026;"GO";2;"ELEIÇÃO ORDINÁRIA";6259;"ELEIÇÕES GERAIS ESTADUAIS 2026";90002551790;2;"HTTPS://WWW.FACEBOOK.COM/SHARE/1B8JN6NH4X/?MIBEXTID=WWXIFR"
"01/10/2026";"08:31:01";2026;"GO";2;"ELEIÇÃO ORDINÁRIA";6259;"ELEIÇÕES GERAIS ESTADUAIS 2026";90002544899;1;"HTTPS://WWW.INSTAGRAM.COM/MEIRANNYREIS/"
"01/10/2026";"08:31:01";2026;"GO";2;"ELEIÇÃO ORDINÁRIA";6259;"ELEIÇÕES GERAIS ESTADUAIS 2026";90002547018;4;"HTTPS://WWW.TIKTOK.COM/@VIRMONDES23?_R=1&_T=ZS-98ZUXETNXAH"
"01/10/2026";"08:31:01";2026;"GO";2;"ELEIÇÃO ORDINÁRIA";6259;"ELEIÇÕES GERAIS ESTADUAIS 2026";90002545244;2;"https://iurecastro.com"
"01/10/2026";"08:31:01";2026;"GO";2;"ELEIÇÃO ORDINÁRIA";6259;"ELEIÇÕES GERAIS ESTADUAIS 2026";90002543235;1;"DRA_DENISEBRASILPSI"
"01/10/2026";"08:31:01";2026;"GO";2;"ELEIÇÃO ORDINÁRIA";6259;"ELEIÇÕES GERAIS ESTADUAIS 2026";90002543248;3;"@DELEGADOWALDIR_"
"01/10/2026";"08:31:01";2026;"GO";2;"ELEIÇÃO ORDINÁRIA";6259;"ELEIÇÕES GERAIS ESTADUAIS 2026";90002543828;1;"HTTPS://WWW.INSTAGRAM.COM/KELLINHA.BENIGNO?UTM_SOURCE=QR&IGSH=MWFLEJU3EXHJDNBQBW"
"01/10/2026";"08:31:01";2026;"GO";2;"ELEIÇÃO ORDINÁRIA";6259;"ELEIÇÕES GERAIS ESTADUAIS 2026";90002543830;1;"HTTPS://WWW.FACEBOOK.COM/TAMIRES.KAREN.967"
"01/10/2026";"08:31:01";2026;"GO";2;"ELEIÇÃO ORDINÁRIA";6259;"ELEIÇÕES GERAIS ESTADUAIS 2026";90002543831;1;"HTTPS://WWW.FACEBOOK.COM/SHARE/19ES4U6UZS/"
"01/10/2026";"08:31:01";2026;"GO";2;"ELEIÇÃO ORDINÁRIA";6259;"ELEIÇÕES GERAIS ESTADUAIS 2026";90002543837;1;"HTTPS://WWW.INSTAGRAM.COM/ROCHABRASIL50?IGSH=MWD1OXP1CNBHBMJUDG=="
"01/10/2026";"08:31:01";2026;"GO";2;"ELEIÇÃO ORDINÁRIA";6259;"ELEIÇÕES GERAIS ESTADUAIS 2026";90002547019;1;"HTTPS://WWW.INSTAGRAM.COM/LUGOMES21.IMOVEIS?UTM_SOURCE=QR"
"01/10/2026";"08:31:01";2026;"GO";2;"ELEIÇÃO ORDINÁRIA";6259;"ELEIÇÕES GERAIS ESTADUAIS 2026";90002547040;1;"HTTPS://WWW.INSTAGRAM.COM/FRANEYCOSTA"
"01/10/2026";"08:31:01";2026;"GO";2;"ELEIÇÃO ORDINÁRIA";6259;"ELEIÇÕES GERAIS ESTADUAIS 2026";90002547071;1;"HTTPS://WWW.INSTAGRAM.COM/PAULINHOPROFESSOR40?IGSH=ODM5AJZLDNFVBNR2"
"01/10/2026";"08:31:01";2026;"GO";2;"ELEIÇÃO ORDINÁRIA";6259;"ELEIÇÕES GERAIS ESTADUAIS 2026";90002547138;1;"HTTPS://WWW.FACEBOOK.COM/DR.EZIZIOBARBOSA/"
"01/10/2026";"08:31:01";2026;"GO";2;"ELEIÇÃO ORDINÁRIA";6259;"ELEIÇÕES GERAIS ESTADUAIS 2026";90002539145;1;"CARLOSMARANHÃO1420@GMAIL.COM"
"01/10/2026";"08:31:01";2026;"GO";2;"ELEIÇÃO ORDINÁRIA";6259;"ELEIÇÕES GERAIS ESTADUAIS 2026";90002537635;4;"HTTPS://AVELY.ME/IGORFRANCO"
"01/10/2026";"08:31:01";2026;"GO";2;"ELEIÇÃO ORDINÁRIA";6259;"ELEIÇÕES GERAIS ESTADUAIS 2026";90002537635;5;"HTTPS://YOUTUBE.COM/@CANALDOIGORFRANCO?SI=_INX7RD11AQIII4H"
"01/10/2026";"08:31:01";2026;"GO";2;"ELEIÇÃO ORDINÁRIA";6259;"ELEIÇÕES GERAIS ESTADUAIS 2026";90002548053;1;"@DRA_PRISCILLAMOREIRA"
"01/10/2026";"08:31:01";2026;"GO";2;"ELEIÇÃO ORDINÁRIA";6259;"ELEIÇÕES GERAIS ESTADUAIS 2026";90002541705;4;"https://youtube.com/@anderalvesofc"
"01/10/2026";"08:31:01";2026;"GO";2;"ELEIÇÃO ORDINÁRIA";6259;"ELEIÇÕES GERAIS ESTADUAIS 2026";90002541705;6;"https://facebook.com/1cr6btr1b6"
"01/10/2026";"08:31:01";2026;"GO";2;"ELEIÇÃO ORDINÁRIA";6259;"ELEIÇÕES GERAIS ESTADUAIS 2026";90002541707;2;"@REILLERLOPES"
"01/10/2026";"08:31:01";2026;"GO";2;"ELEIÇÃO ORDINÁRIA";6259;"ELEIÇÕES GERAIS ESTADUAIS 2026";90002543238;2;"INSTRAGRAM: SANCHESDAFEDERAL"
"01/10/2026";"08:31:01";2026;"GO";2;"ELEIÇÃO ORDINÁRIA";6259;"ELEIÇÕES GERAIS ESTADUAIS 2026";90002543251;5;"https://www.instagram.com/alexmartinsprofessor?igsh=MXhmYzhnM2tucHU4ag=="
"01/10/2026";"08:31:01";2026;"GO";2;"ELEIÇÃO ORDINÁRIA";6259;"ELEIÇÕES GERAIS ESTADUAIS 2026";90002551488;10;"@sargentolorena15555"
"01/10/2026";"08:31:01";2026;"GO";2;"ELEIÇÃO ORDINÁRIA";6259;"ELEIÇÕES GERAIS ESTADUAIS 2026";90002551488;11;"@asargentolorena"
"01/10/2026";"08:31:01";2026;"GO";2;"ELEIÇÃO ORDINÁRIA";6259;"ELEIÇÕES GERAIS ESTADUAIS 2026";90002549181;11;"https://www.threads.com/@tcoronelmaia190"
"01/10/2026";"08:31:01";2026;"GO";2;"ELEIÇÃO ORDINÁRIA";6259;"ELEIÇÕES GERAIS ESTADUAIS 2026";90002543768;1;"HTTPS://WWW.INSTAGRAM.COM/FELIPEGALDINOBR?IGSH=MTRXNNUXZJNSMDJPMQ=="
"01/10/2026";"08:31:01";2026;"GO";2;"ELEIÇÃO ORDINÁRIA";6259;"ELEIÇÕES GERAIS ESTADUAIS 2026";90002543851;6;"HTTPS://WWW.INSTAGRAM.COM/EDMILSON53215?IGSH=MWF6NMS5ODE5MHEYZA=="
"01/10/2026";"08:31:01";2026;"GO";2;"ELEIÇÃO ORDINÁRIA";6259;"ELEIÇÕES GERAIS ESTADUAIS 2026";90002543856;3;"+55 61 9647-1992"
"01/10/2026";"08:31:01";2026;"GO";2;"ELEIÇÃO ORDINÁRIA";6259;"ELEIÇÕES GERAIS ESTADUAIS 2026";90002553967;4;"https://www.facebook.com/share/1DbCd91J9c"
"01/10/2026";"08:31:01";2026;"GO";2;"ELEIÇÃO ORDINÁRIA";6259;"ELEIÇÕES GERAIS ESTADUAIS 2026";90002550540;1;"@LOUIZARCOSTA"
"01/10/2026";"08:31:01";2026;"GO";2;"ELEIÇÃO ORDINÁRIA";6259;"ELEIÇÕES GERAIS ESTADUAIS 2026";90002543449;5;"HTTPS://WWW.FACEBOOK.COM/SHARE/1KDEQNBTFX/"
"01/10/2026";"08:31:01";2026;"GO";2;"ELEIÇÃO ORDINÁRIA";6259;"ELEIÇÕES GERAIS ESTADUAIS 2026";90002543462;9;"HTTPS://WWW.TIKTOK.COM/@CARMEMOLIVEIRA381?_R=1&_D=EG6HB4I62ABI0C&SEC_UID=MS4WLJA"
"01/10/2026";"08:31:01";2026;"GO";2;"ELEIÇÃO ORDINÁRIA";6259;"ELEIÇÕES GERAIS ESTADUAIS 2026";90002543474;1;"HTTPS://WWW.INSTAGRAM.COM/FATIMAGAVIOLI1"
"01/10/2026";"08:31:01";2026;"GO";2;"ELEIÇÃO ORDINÁRIA";6259;"ELEIÇÕES GERAIS ESTADUAIS 2026";90002547003;2;"HTTPS://WWW.INSTAGRAM.COM/TOCOMDONAANA/"
"01/10/2026";"08:31:01";2026;"GO";2;"ELEIÇÃO ORDINÁRIA";6259;"ELEIÇÕES GERAIS ESTADUAIS 2026";90002540993;9;"https://kwai-video.com/u/@danielvilela15/mpCBypU7"
"01/10/2026";"08:31:01";2026;"GO";2;"ELEIÇÃO ORDINÁRIA";6259;"ELEIÇÕES GERAIS ESTADUAIS 2026";90002543226;5;"https://www.tiktok.com/@celiosilveiradeputado"
"01/10/2026";"08:31:01";2026;"GO";2;"ELEIÇÃO ORDINÁRIA";6259;"ELEIÇÕES GERAIS ESTADUAIS 2026";90002543556;4;"WWW.INSTAGRAM.COM/GUSTAVO.GAYER"
"01/10/2026";"08:31:01";2026;"GO";2;"ELEIÇÃO ORDINÁRIA";6259;"ELEIÇÕES GERAIS ESTADUAIS 2026";90002539151;4;"FACEBOOK.COM/RUBENSOTONI"
"01/10/2026";"08:31:01";2026;"GO";2;"ELEIÇÃO ORDINÁRIA";6259;"ELEIÇÕES GERAIS ESTADUAIS 2026";90002543180;2;"HTTPS://WWW.TIKTOK.COM/@KELIDASILVAMARTINS?_R=1&_T=ZS-98FDXMFRR24"
"01/10/2026";"08:31:01";2026;"GO";2;"ELEIÇÃO ORDINÁRIA";6259;"ELEIÇÕES GERAIS ESTADUAIS 2026";90002542613;2;"HTTPS://WWW.FACEBOOK.COM/HENRIQUEVILELAONAVES/"
"01/10/2026";"08:31:01";2026;"GO";2;"ELEIÇÃO ORDINÁRIA";6259;"ELEIÇÕES GERAIS ESTADUAIS 2026";90002541454;1;"EMAIL: CADYGO@GMAIL.COM CINTIADIASPSOL@GMAIL.COM - SITE: CINTIADIASPSOL.COM.BR -"
"01/10/2026";"08:31:01";2026;"GO";2;"ELEIÇÃO ORDINÁRIA";6259;"ELEIÇÕES GERAIS ESTADUAIS 2026";90002541456;2;"LINKEDIN@PATRICKDENORONHA"
"01/10/2026";"08:31:01";2026;"GO";2;"ELEIÇÃO ORDINÁRIA";6259;"ELEIÇÕES GERAIS ESTADUAIS 2026";90002543221;1;"HTTPS://WWW.INSTAGRAM.COM/BRAULIOCFLORES/"
"01/10/2026";"08:31:01";2026;"GO";2;"ELEIÇÃO ORDINÁRIA";6259;"ELEIÇÕES GERAIS ESTADUAIS 2026";90002537392;2;"HTTPS://WWW.TIKTOK.COM/@AJOSYFERRARII?LANG=PT-BR"
"01/10/2026";"08:31:01";2026;"GO";2;"ELEIÇÃO ORDINÁRIA";6259;"ELEIÇÕES GERAIS ESTADUAIS 2026";90002539161;5;"https://www.facebook.com/fabiotokarskigo"
"01/10/2026";"08:31:01";2026;"GO";2;"ELEIÇÃO ORDINÁRIA";6259;"ELEIÇÕES GERAIS ESTADUAIS 2026";90002540952;1;"HTTPS://WWW.INSTAGRAM.COM/BRENDAAGONTIJO?IGSH=BNG3MWFOBXH1CTZ3"
"01/10/2026";"08:31:01";2026;"GO";2;"ELEIÇÃO ORDINÁRIA";6259;"ELEIÇÕES GERAIS ESTADUAIS 2026";90002537434;1;"HTTPS://WWW.FACEBOOK.COM/DEBORADOMINGUES.OFICIAL"
"01/10/2026";"08:31:01";2026;"GO";2;"ELEIÇÃO ORDINÁRIA";6259;"ELEIÇÕES GERAIS ESTADUAIS 2026";90002537442;3;"HTTPS://WWW.FACEBOOK.COM/SHARE/18F9U8UD4F/"
"01/10/2026";"08:31:01";2026;"GO";2;"ELEIÇÃO ORDINÁRIA";6259;"ELEIÇÕES GERAIS ESTADUAIS 2026";90002540964;3;"HTTPS://X.COM/HEBERTCSGYN"
"01/10/2026";"08:31:01";2026;"GO";2;"ELEIÇÃO ORDINÁRIA";6259;"ELEIÇÕES GERAIS ESTADUAIS 2026";90002540974;1;"HTTPS://WWW.INSTAGRAM.COM/NETOBESSAGO?IGSH=DND4ZJI5C3L0ZXNW"
"01/10/2026";"08:31:01";2026;"GO";2;"ELEIÇÃO ORDINÁRIA";6259;"ELEIÇÕES GERAIS ESTADUAIS 2026";90002547404;2;"HTTPS://WWW.INSTAGRAM.COM/TALESDECASTRO40"
"01/10/2026";"08:31:01";2026;"GO";2;"ELEIÇÃO ORDINÁRIA";6259;"ELEIÇÕES GERAIS ESTADUAIS 2026";90002537423;1;"HTTPS://WWW.INSTAGRAM.COM/BAIANODOSCOCOSOFICIAL_?IGSH=MTK2EG8ZCW85MNBKZQ=="
"01/10/2026";"08:31:01";2026;"GO";2;"ELEIÇÃO ORDINÁRIA";6259;"ELEIÇÕES GERAIS ESTADUAIS 2026";90002543795;3;"HTTPS://WWW.TIKTOK.COM/@MARQUINHODOGAYER?_R=1"
"01/10/2026";"08:31:01";2026;"GO";2;"ELEIÇÃO ORDINÁRIA";6259;"ELEIÇÕES GERAIS ESTADUAIS 2026";90002543123;2;"FACEBOOK: ELKE MARQUES, ELKE GYN"
"01/10/2026";"08:31:01";2026;"GO";2;"ELEIÇÃO ORDINÁRIA";6259;"ELEIÇÕES GERAIS ESTADUAIS 2026";90002546222;8;"https://www.linkedin.com/in/adibelias/"
"01/10/2026";"08:31:01";2026;"GO";2;"ELEIÇÃO ORDINÁRIA";6259;"ELEIÇÕES GERAIS ESTADUAIS 2026";90002546230;2;"INSTAGRAM: @FERNANDOSALES.OFICIAL"
"01/10/2026";"08:31:01";2026;"GO";2;"ELEIÇÃO ORDINÁRIA";6259;"ELEIÇÕES GERAIS ESTADUAIS 2026";90002543150;1;"HTTPS://WWW.FACEBOOK.COM/SHARE/18JPMBNA1F/?MIBEXTID=WWXIFR"
"01/10/2026";"08:31:01";2026;"GO";2;"ELEIÇÃO ORDINÁRIA";6259;"ELEIÇÕES GERAIS ESTADUAIS 2026";90002543156;1;"HTTPS://WWW.INSTAGRAM.COM/OFICIALANACLAR/"
"01/10/2026";"08:31:01";2026;"GO";2;"ELEIÇÃO ORDINÁRIA";6259;"ELEIÇÕES GERAIS ESTADUAIS 2026";90002542610;1;"HTTPS://WWW.INSTAGRAM.COM/JORDANASOUSAFERREIRA/"
"01/10/2026";"08:31:01";2026;"GO";2;"ELEIÇÃO ORDINÁRIA";6259;"ELEIÇÕES GERAIS ESTADUAIS 2026";90002542611;5;"TWITER: @SUENDERFED36196"
"01/10/2026";"08:31:01";2026;"GO";2;"ELEIÇÃO ORDINÁRIA";6259;"ELEIÇÕES GERAIS ESTADUAIS 2026";90002543152;1;"@LUIZAALMEIDA568 - INSTAGRAM"
"01/10/2026";"08:31:01";2026;"GO";2;"ELEIÇÃO ORDINÁRIA";6259;"ELEIÇÕES GERAIS ESTADUAIS 2026";90002546234;1;"INSTAGRAM: @LUCIA.QUILOMBOLA"
"01/10/2026";"08:31:01";2026;"GO";2;"ELEIÇÃO ORDINÁRIA";6259;"ELEIÇÕES GERAIS ESTADUAIS 2026";90002546237;1;"HTTPS://WWW.INSTAGRAM.COM/MAJOR_EMANNUELLE/?__D=1%3FUTM_SOURCE%3DIG_EMBED"
"01/10/2026";"08:31:01";2026;"GO";2;"ELEIÇÃO ORDINÁRIA";6259;"ELEIÇÕES GERAIS ESTADUAIS 2026";90002546246;3;"@paulacastro15800"
"01/10/2026";"08:31:01";2026;"GO";2;"ELEIÇÃO ORDINÁRIA";6259;"ELEIÇÕES GERAIS ESTADUAIS 2026";90002553733;1;"https://www.instagram.com/danilopinheiroevangelista/"
"01/10/2026";"08:31:01";2026;"GO";2;"ELEIÇÃO ORDINÁRIA";6259;"ELEIÇÕES GERAIS ESTADUAIS 2026";90002544863;1;"HTTPS://WWW.INSTAGRAM.COM/DOMINGOS_RODRIGUE/"
"01/10/2026";"08:31:01";2026;"GO";2;"ELEIÇÃO ORDINÁRIA";6259;"ELEIÇÕES GERAIS ESTADUAIS 2026";90002544881;1;"HTTPS://WWW.INSTAGRAM.COM/FLORISVALDO45147/"
"01/10/2026";"08:31:01";2026;"GO";2;"ELEIÇÃO ORDINÁRIA";6259;"ELEIÇÕES GERAIS ESTADUAIS 2026";90002544884;2;"https://www.instagram.com/profzenilton?igsi=YmdpMWZ1bTBuYTYw"
"01/10/2026";"08:31:01";2026;"GO";2;"ELEIÇÃO ORDINÁRIA";6259;"ELEIÇÕES GERAIS ESTADUAIS 2026";90002544892;1;"https://instagram.com/gugu_nader/"
"01/10/2026";"08:31:01";2026;"GO";2;"ELEIÇÃO ORDINÁRIA";6259;"ELEIÇÕES GERAIS ESTADUAIS 2026";90002547090;2;"HTTPS://WWW.INSTAGRAM.COM/RUBENSMARQUESVIEIRA/"
"01/10/2026";"08:31:01";2026;"GO";2;"ELEIÇÃO ORDINÁRIA";6259;"ELEIÇÕES GERAIS ESTADUAIS 2026";90002548378;3;"@DEP.QUIRINO10"
"01/10/2026";"08:31:01";2026;"GO";2;"ELEIÇÃO ORDINÁRIA";6259;"ELEIÇÕES GERAIS ESTADUAIS 2026";90002543789;7;"HTTPS://WWW.YOUTUBE.COM/@REGINALDOPACHECO"
"01/10/2026";"08:31:01";2026;"GO";2;"ELEIÇÃO ORDINÁRIA";6259;"ELEIÇÕES GERAIS ESTADUAIS 2026";90002546227;1;"TIKTOK*: @MARQUIM ARAUJO"
"01/10/2026";"08:31:01";2026;"GO";2;"ELEIÇÃO ORDINÁRIA";6259;"ELEIÇÕES GERAIS ESTADUAIS 2026";90002543829;8;"X.COM/DIEGOJEJEES"
"01/10/2026";"08:31:01";2026;"GO";2;"ELEIÇÃO ORDINÁRIA";6259;"ELEIÇÕES GERAIS ESTADUAIS 2026";90002543834;1;"HTTPS://WWW.INSTAGRAM.COM/AMANDAPSOLCATALAO?IGSH=MTR1BWJ5A3R0Z2VSZW=="
"01/10/2026";"08:31:01";2026;"GO";2;"ELEIÇÃO ORDINÁRIA";6259;"ELEIÇÕES GERAIS ESTADUAIS 2026";90002543842;1;"HTTPS://WWW.INSTAGRAM.COM/AFIUNEALE?UTM_SOURCE=QR&IGSH=MWR5NZE3BZRTZM44ZQ=="
"01/10/2026";"08:31:01";2026;"GO";2;"ELEIÇÃO ORDINÁRIA";6259;"ELEIÇÕES GERAIS ESTADUAIS 2026";90002543844;1;"HTTPS://WWW.FACEBOOK.COM/SHARE/1ENZRLFMGI/"
"01/10/2026";"08:31:01";2026;"GO";2;"ELEIÇÃO ORDINÁRIA";6259;"ELEIÇÕES GERAIS ESTADUAIS 2026";90002543563;1;"https://www.instagram.com/almeidinhajp?igsh=MWJlNGNqcWN4ejBpMw==&igsi=MWJlNGNqcWN4ejBpMw=="
"01/10/2026";"08:31:01";2026;"GO";2;"ELEIÇÃO ORDINÁRIA";6259;"ELEIÇÕES GERAIS ESTADUAIS 2026";90002547037;1;"HTTPS://WWW.INSTAGRAM.COM/SHEILISMARRIBEIRO?IGSH=CNV1DMNLZXF0AWV1"
"01/10/2026";"08:31:01";2026;"GO";2;"ELEIÇÃO ORDINÁRIA";6259;"ELEIÇÕES GERAIS ESTADUAIS 2026";90002547038;2;"https://www.marciopassosposse.com.br/"
"01/10/2026";"08:31:01";2026;"GO";2;"ELEIÇÃO ORDINÁRIA";6259;"ELEIÇÕES GERAIS ESTADUAIS 2026";90002547104;1;"HTTPS://WWW.INSTAGRAM.COM/ITAMARLEAO45/"
"01/10/2026";"08:31:01";2026;"GO";2;"ELEIÇÃO ORDINÁRIA";6259;"ELEIÇÕES GERAIS ESTADUAIS 2026";90002539146;1;"https://www.facebook.com/claudia.trajano.983309?locale=pt_BR"
"01/10/2026";"08:31:01";2026;"GO";2;"ELEIÇÃO ORDINÁRIA";6259;"ELEIÇÕES GERAIS ESTADUAIS 2026";90002540937;3;"https://www.tiktok.com/@juizeduardocubas"
"01/10/2026";"08:31:01";2026;"GO";2;"ELEIÇÃO ORDINÁRIA";6259;"ELEIÇÕES GERAIS ESTADUAIS 2026";90002541697;3;"https://facebook.com/1cjyt5z6yn"
"01/10/2026";"08:31:01";2026;"GO";2;"ELEIÇÃO ORDINÁRIA";6259;"ELEIÇÕES GERAIS ESTADUAIS 2026";90002541702;2;"https://instagram.com/gabrielmorsemissao"
"01/10/2026";"08:31:01";2026;"GO";2;"ELEIÇÃO ORDINÁRIA";6259;"ELEIÇÕES GERAIS ESTADUAIS 2026";90002548070;1;"@MARGARETHALVESLOPES"
"01/10/2026";"08:31:01";2026;"GO";2;"ELEIÇÃO ORDINÁRIA";6259;"ELEIÇÕES GERAIS ESTADUAIS 2026";90002543856;2;"ALESSANDRAW567@GMAIL.COM"
"01/10/2026";"08:31:01";2026;"GO";2;"ELEIÇÃO ORDINÁRIA";6259;"ELEIÇÕES GERAIS ESTADUAIS 2026";90002543455;7;"HTTPS://YOUTUBE.COM/@VICTOROVERDE?SI=_DFCR1TMREKZ488X"
"01/10/2026";"08:31:01";2026;"GO";2;"ELEIÇÃO ORDINÁRIA";6259;"ELEIÇÕES GERAIS ESTADUAIS 2026";90002543467;5;"HTTPS://WWW.TIKTOK.COM/@PEDROSALESOFICIAL"
"01/10/2026";"08:31:01";2026;"GO";2;"ELEIÇÃO ORDINÁRIA";6259;"ELEIÇÕES GERAIS ESTADUAIS 2026";90002540133;2;"INSTAGRAMHILVANYPINHEIRO"
"01/10/2026";"08:31:01";2026;"GO";2;"ELEIÇÃO ORDINÁRIA";6259;"ELEIÇÕES GERAIS ESTADUAIS 2026";90002540144;1;"FACEBOOK/CLEITON.SILVAE13"
"01/10/2026";"08:31:01";2026;"GO";2;"ELEIÇÃO ORDINÁRIA";6259;"ELEIÇÕES GERAIS ESTADUAIS 2026";90002551791;10;"https://www.flickr.com/photos/203217749@N02/albums/"
"01/10/2026";"08:31:01";2026;"GO";2;"ELEIÇÃO ORDINÁRIA";6259;"ELEIÇÕES GERAIS ESTADUAIS 2026";90002543239;1;"HTTPS://WWW.INSTAGRAM.COM/ADRIANODOBALDYOFICIAL"
"01/10/2026";"08:31:01";2026;"GO";2;"ELEIÇÃO ORDINÁRIA";6259;"ELEIÇÕES GERAIS ESTADUAIS 2026";90002543246;4;"https://x.com/depjosenelto"
"01/10/2026";"08:31:01";2026;"GO";2;"ELEIÇÃO ORDINÁRIA";6259;"ELEIÇÕES GERAIS ESTADUAIS 2026";90002543783;3;"https://delegadoeduardoprado.com.br"
"01/10/2026";"08:31:01";2026;"GO";2;"ELEIÇÃO ORDINÁRIA";6259;"ELEIÇÕES GERAIS ESTADUAIS 2026";90002546220;1;"@DEPUTADOPAULOCEZARMARTINS"
"01/10/2026";"08:31:01";2026;"GO";2;"ELEIÇÃO ORDINÁRIA";6259;"ELEIÇÕES GERAIS ESTADUAIS 2026";90002546225;2;"INSTAGRAM @CAIROSALIM"
"01/10/2026";"08:31:01";2026;"GO";2;"ELEIÇÃO ORDINÁRIA";6259;"ELEIÇÕES GERAIS ESTADUAIS 2026";90002544867;2;"CLECIO.ALVES@AL.GO.LEG.BR"
"01/10/2026";"08:31:01";2026;"GO";2;"ELEIÇÃO ORDINÁRIA";6259;"ELEIÇÕES GERAIS ESTADUAIS 2026";90002543178;1;"HTTPS://WWW.INSTAGRAM.COM/DELEGADOCRISTIOMARIO?IGSH=MW1TCHBHCHK1BJK3AA== /"
"01/10/2026";"08:31:01";2026;"GO";2;"ELEIÇÃO ORDINÁRIA";6259;"ELEIÇÕES GERAIS ESTADUAIS 2026";90002543187;2;"HTTPS://WWW.FACEBOOK.COM/SHARE/1ZIRRZXBWW/"
"01/10/2026";"08:31:01";2026;"GO";2;"ELEIÇÃO ORDINÁRIA";6259;"ELEIÇÕES GERAIS ESTADUAIS 2026";90002542613;4;"HTTPS://WWW.TIKTOK.COM/@HENRIQUEVILELA.BR"
"01/10/2026";"08:31:01";2026;"GO";2;"ELEIÇÃO ORDINÁRIA";6259;"ELEIÇÕES GERAIS ESTADUAIS 2026";90002542622;1;"HTTPS://WWW.TIKTOK.COM/@CAMILA.MONDARDO"
"01/10/2026";"08:31:01";2026;"GO";2;"ELEIÇÃO ORDINÁRIA";6259;"ELEIÇÕES GERAIS ESTADUAIS 2026";90002548379;1;"WILLIARDPONTES@GMAIL.COM"
"01/10/2026";"08:31:01";2026;"GO";2;"ELEIÇÃO ORDINÁRIA";6259;"ELEIÇÕES GERAIS ESTADUAIS 2026";90002537391;4;"HTTPS://WWW.TIKTOK.COM/@CAMELO2088?_R=1&_T=ZS-98J8YUKQFGI"
"01/10/2026";"08:31:01";2026;"GO";2;"ELEIÇÃO ORDINÁRIA";6259;"ELEIÇÕES GERAIS ESTADUAIS 2026";90002537391;5;"HTTPS://KWAI-VIDEO.COM/U/@EJHNC029/CHLAJMW5"
"01/10/2026";"08:31:01";2026;"GO";2;"ELEIÇÃO ORDINÁRIA";6259;"ELEIÇÕES GERAIS ESTADUAIS 2026";90002537638;8;"https://leomachadoverdade.com/"
"01/10/2026";"08:31:01";2026;"GO";2;"ELEIÇÃO ORDINÁRIA";6259;"ELEIÇÕES GERAIS ESTADUAIS 2026";90002537643;1;"TIKTOK.COM/@CULINARIAEMCASA"
"01/10/2026";"08:31:01";2026;"GO";2;"ELEIÇÃO ORDINÁRIA";6259;"ELEIÇÕES GERAIS ESTADUAIS 2026";90002537436;2;"/FACEBOOK=CLEONE.ALVES452164"
"01/10/2026";"08:31:01";2026;"GO";2;"ELEIÇÃO ORDINÁRIA";6259;"ELEIÇÕES GERAIS ESTADUAIS 2026";90002540958;5;"https://x.com/waltinhogo"
"01/10/2026";"08:31:01";2026;"GO";2;"ELEIÇÃO ORDINÁRIA";6259;"ELEIÇÕES GERAIS ESTADUAIS 2026";90002540964;4;"HTTPS://TIKTOK.COM/@HEBERTCARDOSOGYM"
"01/10/2026";"08:31:01";2026;"GO";2;"ELEIÇÃO ORDINÁRIA";6259;"ELEIÇÕES GERAIS ESTADUAIS 2026";90002540965;4;"https://www.kwai.com/@cristianozoi"
"01/10/2026";"08:31:01";2026;"GO";2;"ELEIÇÃO ORDINÁRIA";6259;"ELEIÇÕES GERAIS ESTADUAIS 2026";90002540977;1;"HTTPS://WWW.INSTAGRAM.COM/MILKAHUMEGYN?IGSH=NZJWYMEZADD3AG1S"
"01/10/2026";"08:31:01";2026;"GO";2;"ELEIÇÃO ORDINÁRIA";6259;"ELEIÇÕES GERAIS ESTADUAIS 2026";90002540996;1;"HTTPS://WWW.FACEBOOK.COM/ALEXANDREBALDYOFICIAL"
"01/10/2026";"08:31:01";2026;"GO";2;"ELEIÇÃO ORDINÁRIA";6259;"ELEIÇÕES GERAIS ESTADUAIS 2026";90002547095;2;"https://kwai-video.com/u/@ofrlv234/XG5yC6WK"
"01/10/2026";"08:31:01";2026;"GO";2;"ELEIÇÃO ORDINÁRIA";6259;"ELEIÇÕES GERAIS ESTADUAIS 2026";90002547129;1;"HTTPS://WWW.FACEBOOK.COM/NIXONDASCASINHAS/"
"01/10/2026";"08:31:01";2026;"GO";2;"ELEIÇÃO ORDINÁRIA";6259;"ELEIÇÕES GERAIS ESTADUAIS 2026";90002546228;2;"INSTAGRAM: @CLENYSPINHEIRA"
"01/10/2026";"08:31:01";2026;"GO";2;"ELEIÇÃO ORDINÁRIA";6259;"ELEIÇÕES GERAIS ESTADUAIS 2026";90002543155;1;"HTTPS://WWW.INSTAGRAM.COM/KENIA.VANUSSE?IGSH=MXJQMHFICMTJATB6BQ%3D%3D&UTM_SOURCE"
"01/10/2026";"08:31:01";2026;"GO";2;"ELEIÇÃO ORDINÁRIA";6259;"ELEIÇÕES GERAIS ESTADUAIS 2026";90002544863;2;"https://www.instagram.com/domingosrodrigues"
"01/10/2026";"08:31:01";2026;"GO";2;"ELEIÇÃO ORDINÁRIA";6259;"ELEIÇÕES GERAIS ESTADUAIS 2026";90002544869;4;"https://www.tiktok.com@evandromagalcn"
"01/10/2026";"08:31:01";2026;"GO";2;"ELEIÇÃO ORDINÁRIA";6259;"ELEIÇÕES GERAIS ESTADUAIS 2026";90002544872;2;"https://www.facebook.com/prof.mariazilma"
"01/10/2026";"08:31:01";2026;"GO";2;"ELEIÇÃO ORDINÁRIA";6259;"ELEIÇÕES GERAIS ESTADUAIS 2026";90002544883;2;"https://facebook.com/genioeuripedesjatai"
"01/10/2026";"08:31:01";2026;"GO";2;"ELEIÇÃO ORDINÁRIA";6259;"ELEIÇÕES GERAIS ESTADUAIS 2026";90002544885;3;"https://www.tiktok.com/@marinamorenanutri"
"01/10/2026";"08:31:01";2026;"GO";2;"ELEIÇÃO ORDINÁRIA";6259;"ELEIÇÕES GERAIS ESTADUAIS 2026";90002543566;2;"https://www.facebook.com/lucascalilgo/?locale=pt_BR"
"01/10/2026";"08:31:01";2026;"GO";2;"ELEIÇÃO ORDINÁRIA";6259;"ELEIÇÕES GERAIS ESTADUAIS 2026";90002540138;2;"THREADS/MAURORUBEM"
"01/10/2026";"08:31:01";2026;"GO";2;"ELEIÇÃO ORDINÁRIA";6259;"ELEIÇÕES GERAIS ESTADUAIS 2026";90002547090;1;"HTTPS://WWW.FACEBOOK.COM/RUBENSMARQUESVIEIRA"
"01/10/2026";"08:31:01";2026;"GO";2;"ELEIÇÃO ORDINÁRIA";6259;"ELEIÇÕES GERAIS ESTADUAIS 2026";90002537428;1;"HTTPS://WWW.INSTAGRAM.COM/PRHENRIQUECESAR/"
"01/10/2026";"08:31:01";2026;"GO";2;"ELEIÇÃO ORDINÁRIA";6259;"ELEIÇÕES GERAIS ESTADUAIS 2026";90002543471;5;"https://youtube.com/@ismaelalexandrino5555?si=ihhz3AXoiM2AAv8A"
"01/10/2026";"08:31:01";2026;"GO";2;"ELEIÇÃO ORDINÁRIA";6259;"ELEIÇÕES GERAIS ESTADUAIS 2026";90002543803;2;"HTTPS://WWW.INSTAGRAM.COM/VEREADOR_ZEQUINHA_/"
"01/10/2026";"08:31:01";2026;"GO";2;"ELEIÇÃO ORDINÁRIA";6259;"ELEIÇÕES GERAIS ESTADUAIS 2026";90002543128;3;"HTTPS://WWW.INSTAGRAM.COM/LUCASKITAO/"
"01/10/2026";"08:31:01";2026;"GO";2;"ELEIÇÃO ORDINÁRIA";6259;"ELEIÇÕES GERAIS ESTADUAIS 2026";90002546227;2;"INSTAGRAM: MARQUIMARAUJOOFICIAL"
"01/10/2026";"08:31:01";2026;"GO";2;"ELEIÇÃO ORDINÁRIA";6259;"ELEIÇÕES GERAIS ESTADUAIS 2026";90002543250;1;"HTTPS://WWW.FACEBOOK.COM/SHARE/1DNQHCQQUC/?MIBEXTID=WWXIFR"
"01/10/2026";"08:31:01";2026;"GO";2;"ELEIÇÃO ORDINÁRIA";6259;"ELEIÇÕES GERAIS ESTADUAIS 2026";90002540998;2;"HTTPS://TWITTER.COM/MENDANHAGUSTAVO"
"01/10/2026";"08:31:01";2026;"GO";2;"ELEIÇÃO ORDINÁRIA";6259;"ELEIÇÕES GERAIS ESTADUAIS 2026";90002543559;5;"HTTPS://WWW.FACEBOOK.COM/TEOGOMES11?MIBEXTID=WWXIFR&MIBEXTID=WWXIFR"
"01/10/2026";"08:31:01";2026;"GO";2;"ELEIÇÃO ORDINÁRIA";6259;"ELEIÇÕES GERAIS ESTADUAIS 2026";90002547096;1;"https://www.facebook.com/profile.php?id=61553845301517"
"01/10/2026";"08:31:01";2026;"GO";2;"ELEIÇÃO ORDINÁRIA";6259;"ELEIÇÕES GERAIS ESTADUAIS 2026";90002547105;3;"https://www.facebook.com/glauciamelo"
"01/10/2026";"08:31:01";2026;"GO";2;"ELEIÇÃO ORDINÁRIA";6259;"ELEIÇÕES GERAIS ESTADUAIS 2026";90002547106;4;"https://www.facebook.com/flaviatelesgo"
"01/10/2026";"08:31:01";2026;"GO";2;"ELEIÇÃO ORDINÁRIA";6259;"ELEIÇÕES GERAIS ESTADUAIS 2026";90002547135;2;"HTTPS://WWW.INSTAGRAM.COM/DEPCLAUDIOMEIRELLES/"
"01/10/2026";"08:31:01";2026;"GO";2;"ELEIÇÃO ORDINÁRIA";6259;"ELEIÇÕES GERAIS ESTADUAIS 2026";90002540936;4;"HTTPS://WWW.TIKTOK.COM/@JOAOBATTISTA.30?_R=1&_T=ZS-98BPALJADG1"
"01/10/2026";"08:31:01";2026;"GO";2;"ELEIÇÃO ORDINÁRIA";6259;"ELEIÇÕES GERAIS ESTADUAIS 2026";90002543505;1;"@SARGENTONOVANDIR"
"01/10/2026";"08:31:01";2026;"GO";2;"ELEIÇÃO ORDINÁRIA";6259;"ELEIÇÕES GERAIS ESTADUAIS 2026";90002548059;1;"@RONIFERREIRA.OFICAL"
"01/10/2026";"08:31:01";2026;"GO";2;"ELEIÇÃO ORDINÁRIA";6259;"ELEIÇÕES GERAIS ESTADUAIS 2026";90002541708;4;"https://tiktok.com/@ravengaar14"
"01/10/2026";"08:31:01";2026;"GO";2;"ELEIÇÃO ORDINÁRIA";6259;"ELEIÇÕES GERAIS ESTADUAIS 2026";90002543778;2;"HTTPS://WWW.THREADS.COM/@SUZE_2906?XMT=AQG0_IDSZ6ZFUQOV66TKWDVZRB6DALBWOAOPO5SJO"
"01/10/2026";"08:31:01";2026;"GO";2;"ELEIÇÃO ORDINÁRIA";6259;"ELEIÇÕES GERAIS ESTADUAIS 2026";90002543851;10;"HTTPS://M.ME/EDMILSON.CARVALHO.73113528"
"01/10/2026";"08:31:01";2026;"GO";2;"ELEIÇÃO ORDINÁRIA";6259;"ELEIÇÕES GERAIS ESTADUAIS 2026";90002543449;1;"HTTPS://WWW.FACEBOOK.COM/SHARE/19C6X2E1G4/"
"01/10/2026";"08:31:01";2026;"GO";2;"ELEIÇÃO ORDINÁRIA";6259;"ELEIÇÕES GERAIS ESTADUAIS 2026";90002543450;5;"HTTPS://X.COM/NANDOVIANAPSOL?S=11"
"01/10/2026";"08:31:01";2026;"GO";2;"ELEIÇÃO ORDINÁRIA";6259;"ELEIÇÕES GERAIS ESTADUAIS 2026";90002543459;1;"HTTPS://WWW.FACEBOOK.COM/SHARE/1CXTXX7QNW/"
"01/10/2026";"08:31:01";2026;"GO";2;"ELEIÇÃO ORDINÁRIA";6259;"ELEIÇÕES GERAIS ESTADUAIS 2026";90002543459;4;"HTTPS://WWW.INSTAGRAM.COM/THAISCASTRO524?UTM_SOURCE=QR&IGSH=BXF1MMHZY3Z2EGTN"
"01/10/2026";"08:31:01";2026;"GO";2;"ELEIÇÃO ORDINÁRIA";6259;"ELEIÇÕES GERAIS ESTADUAIS 2026";90002543462;3;"HTTPS://WWW.INSTAGRAM.COM/CARMEM.O.OFICIAL/"
"01/10/2026";"08:31:01";2026;"GO";2;"ELEIÇÃO ORDINÁRIA";6259;"ELEIÇÕES GERAIS ESTADUAIS 2026";90002543463;10;"https://www.facebook.com/MarconiPerillo"
"01/10/2026";"08:31:01";2026;"GO";2;"ELEIÇÃO ORDINÁRIA";6259;"ELEIÇÕES GERAIS ESTADUAIS 2026";90002543469;1;"HTTPS://WWW.INSTAGRAM.COM/JOELCIOMACEDO"
"01/10/2026";"08:31:01";2026;"GO";2;"ELEIÇÃO ORDINÁRIA";6259;"ELEIÇÕES GERAIS ESTADUAIS 2026";90002540151;1;"FACEBOOK/REGIANEALVES"
"01/10/2026";"08:31:01";2026;"GO";2;"ELEIÇÃO ORDINÁRIA";6259;"ELEIÇÕES GERAIS ESTADUAIS 2026";90002540860;2;"INSTAGRAM/FERNANDESSOUSA1233"
"01/10/2026";"08:31:01";2026;"GO";2;"ELEIÇÃO ORDINÁRIA";6259;"ELEIÇÕES GERAIS ESTADUAIS 2026";90002551735;2;"https://www.emcaldasnovas.com/index_html/"
"01/10/2026";"08:31:01";2026;"GO";2;"ELEIÇÃO ORDINÁRIA";6259;"ELEIÇÕES GERAIS ESTADUAIS 2026";90002538943;1;"HTTPS://WWW.INSTAGRAM.COM/THUMILLA_BARBIE_CARVALHOOFC?IGSH=MWLUNTE1BJQ5ZMV3AQ=="
"01/10/2026";"08:31:01";2026;"GO";2;"ELEIÇÃO ORDINÁRIA";6259;"ELEIÇÕES GERAIS ESTADUAIS 2026";90002543215;2;"HTTPS://WWW.FACEBOOK.COM/VANDERLANCARDOSOOFICIAL"
"01/10/2026";"08:31:01";2026;"GO";2;"ELEIÇÃO ORDINÁRIA";6259;"ELEIÇÕES GERAIS ESTADUAIS 2026";90002546219;1;"@ISSY.QUINAN"
"01/10/2026";"08:31:01";2026;"GO";2;"ELEIÇÃO ORDINÁRIA";6259;"ELEIÇÕES GERAIS ESTADUAIS 2026";90002546220;2;"FACEBOOK: DEPUTADO PAULO CEZAR MARTINS"
"01/10/2026";"08:31:01";2026;"GO";2;"ELEIÇÃO ORDINÁRIA";6259;"ELEIÇÕES GERAIS ESTADUAIS 2026";90002546220;3;"TIK TOK: @DEPPAULOCEZARMARTINS"
"01/10/2026";"08:31:01";2026;"GO";2;"ELEIÇÃO ORDINÁRIA";6259;"ELEIÇÕES GERAIS ESTADUAIS 2026";90002549167;5;"https://www.tiktok.com/@cristovaotormin?_r=1&_t=ZS-98nO0Y6MQkP"
"01/10/2026";"08:31:01";2026;"GO";2;"ELEIÇÃO ORDINÁRIA";6259;"ELEIÇÕES GERAIS ESTADUAIS 2026";90002544867;3;"HTTPS://WWW.FACEBOOK.COM/CLECIOALVES.GO"
"01/10/2026";"08:31:01";2026;"GO";2;"ELEIÇÃO ORDINÁRIA";6259;"ELEIÇÕES GERAIS ESTADUAIS 2026";90002543186;2;"HTTPS://WWW.INSTAGRAM.COM/CLAUDIACOUTO0?IGSH=MWDZCZLWY2QZZHE5CW=="
"01/10/2026";"08:31:01";2026;"GO";2;"ELEIÇÃO ORDINÁRIA";6259;"ELEIÇÕES GERAIS ESTADUAIS 2026";90002543188;2;"HTTPS://WWW.INSTAGRAM.COM/ALVIM.BATISTA?IGSH=D25LCTCYANFMMM1N"
"01/10/2026";"08:31:01";2026;"GO";2;"ELEIÇÃO ORDINÁRIA";6259;"ELEIÇÕES GERAIS ESTADUAIS 2026";90002542623;2;"HTTPS://WWW.INSTAGRAM.COM/MARIAYVELONIA/"
"01/10/2026";"08:31:01";2026;"GO";2;"ELEIÇÃO ORDINÁRIA";6259;"ELEIÇÕES GERAIS ESTADUAIS 2026";90002543227;4;"https://x.com/SubTenSergio"
"01/10/2026";"08:31:01";2026;"GO";2;"ELEIÇÃO ORDINÁRIA";6259;"ELEIÇÕES GERAIS ESTADUAIS 2026";90002543229;3;"https://domingasdasaude.com.br/"
"01/10/2026";"08:31:01";2026;"GO";2;"ELEIÇÃO ORDINÁRIA";6259;"ELEIÇÕES GERAIS ESTADUAIS 2026";90002543229;4;"https://www.instagram.com/domingas.saude?igsi=b3Z1bncwZWkzdjR5"
"01/10/2026";"08:31:01";2026;"GO";2;"ELEIÇÃO ORDINÁRIA";6259;"ELEIÇÕES GERAIS ESTADUAIS 2026";90002548379;4;"https://www.tiktok.com/@williardpontes?is_from_webapp=1&sender_device=pc"
"01/10/2026";"08:31:01";2026;"GO";2;"ELEIÇÃO ORDINÁRIA";6259;"ELEIÇÕES GERAIS ESTADUAIS 2026";90002537427;5;"HTTPS://WWW.INSTAGRAM.COM/FELIPEMABEL?IGSH=MXJQCM1QEDEYB3NTAA=="
"01/10/2026";"08:31:01";2026;"GO";2;"ELEIÇÃO ORDINÁRIA";6259;"ELEIÇÕES GERAIS ESTADUAIS 2026";90002537439;2;"HTTPS://WWW.INSTAGRAM.COM/TOCOMLEO?IGSH=ADK3NMNMYTHYCWTR"
"01/10/2026";"08:31:01";2026;"GO";2;"ELEIÇÃO ORDINÁRIA";6259;"ELEIÇÕES GERAIS ESTADUAIS 2026";90002537446;2;"ENEAS JULIOR AMARAL E SILVA"
"01/10/2026";"08:31:01";2026;"GO";2;"ELEIÇÃO ORDINÁRIA";6259;"ELEIÇÕES GERAIS ESTADUAIS 2026";90002537449;6;"https://drafabianagoncalves20567.com.br"
"01/10/2026";"08:31:01";2026;"GO";2;"ELEIÇÃO ORDINÁRIA";6259;"ELEIÇÕES GERAIS ESTADUAIS 2026";90002537451;4;"HTTPS://WWW.THREADS.COM/@DR.RAMONFERREIRA"
"01/10/2026";"08:31:01";2026;"GO";2;"ELEIÇÃO ORDINÁRIA";6259;"ELEIÇÕES GERAIS ESTADUAIS 2026";90002537451;7;"HTTPS://YOUTUBE.COM/@RAMONFERREIRA7462?SI=FR-XLXABNPAD65XM"
"01/10/2026";"08:31:01";2026;"GO";2;"ELEIÇÃO ORDINÁRIA";6259;"ELEIÇÕES GERAIS ESTADUAIS 2026";90002537455;5;"HTTPS://WWW.INSTAGRAM.COM/MIGUELJRROSA?UTM_SOURCE=QR&IGSH=MTCYNGDIZZLYBNO2ZQ=="
"01/10/2026";"08:31:01";2026;"GO";2;"ELEIÇÃO ORDINÁRIA";6259;"ELEIÇÕES GERAIS ESTADUAIS 2026";90002540976;3;"HTTPS://WWW.WANDERLEYDIAS.COM.BR"
"01/10/2026";"08:31:01";2026;"GO";2;"ELEIÇÃO ORDINÁRIA";6259;"ELEIÇÕES GERAIS ESTADUAIS 2026";90002540992;1;"HTTPS://WWW.INSTAGRAM.COM/ARTHUR_RAZEC?IGSH=YMI0NJVLMNIYB2HR&UTM_SOURCE=QR"
"01/10/2026";"08:31:01";2026;"GO";2;"ELEIÇÃO ORDINÁRIA";6259;"ELEIÇÕES GERAIS ESTADUAIS 2026";90002540988;4;"https://k.kwai.com/u/@weltonlemosoficial/FCpJvxOC?utm_source=chatgpt.com"
"01/10/2026";"08:31:01";2026;"GO";2;"ELEIÇÃO ORDINÁRIA";6259;"ELEIÇÕES GERAIS ESTADUAIS 2026";90002543788;2;"HTTPS://WWW.YOUTUBE.COM/C/DEPUTADOMAJORARA%C3%BAJO"
"01/10/2026";"08:31:01";2026;"GO";2;"ELEIÇÃO ORDINÁRIA";6259;"ELEIÇÕES GERAIS ESTADUAIS 2026";90002544894;2;"https://www.facebook.com/profile.php?id=100070237321299"
"01/10/2026";"08:31:01";2026;"GO";2;"ELEIÇÃO ORDINÁRIA";6259;"ELEIÇÕES GERAIS ESTADUAIS 2026";90002540138;1;"INSTAGRAM/@MAURORUBEMPT"
"01/10/2026";"08:31:01";2026;"GO";2;"ELEIÇÃO ORDINÁRIA";6259;"ELEIÇÕES GERAIS ESTADUAIS 2026";90002540138;4;"YOUTUBE/MAURORUBEM"
"01/10/2026";"08:31:01";2026;"GO";2;"ELEIÇÃO ORDINÁRIA";6259;"ELEIÇÕES GERAIS ESTADUAIS 2026";90002547030;1;"https://www.tiktok.com/@deputadotallesbarreto?_r=1&_t=ZS- 99LePZ52H6w"
"01/10/2026";"08:31:01";2026;"GO";2;"ELEIÇÃO ORDINÁRIA";6259;"ELEIÇÕES GERAIS ESTADUAIS 2026";90002547083;5;"HTTPS://WWW.FACEBOOK.COM/KARLOSCABRALOFICIAL/"
"01/10/2026";"08:31:01";2026;"GO";2;"ELEIÇÃO ORDINÁRIA";6259;"ELEIÇÕES GERAIS ESTADUAIS 2026";90002548376;3;"@MARUSSA.BOLDRIN"
"01/10/2026";"08:31:01";2026;"GO";2;"ELEIÇÃO ORDINÁRIA";6259;"ELEIÇÕES GERAIS ESTADUAIS 2026";90002543247;1;"@SALMABHIA"
"01/10/2026";"08:31:01";2026;"GO";2;"ELEIÇÃO ORDINÁRIA";6259;"ELEIÇÕES GERAIS ESTADUAIS 2026";90002543244;1;"https://www.camilarosa4450.com.br/"
"01/10/2026";"08:31:01";2026;"GO";2;"ELEIÇÃO ORDINÁRIA";6259;"ELEIÇÕES GERAIS ESTADUAIS 2026";90002543250;3;"HTTPS://WWW.TIKTOK.COM/@PROFRODOLFOSOUZA"
"01/10/2026";"08:31:01";2026;"GO";2;"ELEIÇÃO ORDINÁRIA";6259;"ELEIÇÕES GERAIS ESTADUAIS 2026";90002543252;1;"@VALERIAPETTERSEN"
"01/10/2026";"08:31:01";2026;"GO";2;"ELEIÇÃO ORDINÁRIA";6259;"ELEIÇÕES GERAIS ESTADUAIS 2026";90002547009;3;"HTTPS://WWW.NARCIAKELLY.COM.BR/"
"01/10/2026";"08:31:01";2026;"GO";2;"ELEIÇÃO ORDINÁRIA";6259;"ELEIÇÕES GERAIS ESTADUAIS 2026";90002547010;11;"@TOCOMJAMIL11000"
"01/10/2026";"08:31:01";2026;"GO";2;"ELEIÇÃO ORDINÁRIA";6259;"ELEIÇÕES GERAIS ESTADUAIS 2026";90002547076;4;"HTTP://TIKTOK.COM/WALTERCAMARGO40992"
"01/10/2026";"08:31:01";2026;"GO";2;"ELEIÇÃO ORDINÁRIA";6259;"ELEIÇÕES GERAIS ESTADUAIS 2026";90002547085;2;"HTTPS://WWW.INSTAGRAM.COM/JADISONFEITOSA"
"01/10/2026";"08:31:01";2026;"GO";2;"ELEIÇÃO ORDINÁRIA";6259;"ELEIÇÕES GERAIS ESTADUAIS 2026";90002547096;3;"https://www.instagram.com/prefeitoleonardomenezes/"
"01/10/2026";"08:31:01";2026;"GO";2;"ELEIÇÃO ORDINÁRIA";6259;"ELEIÇÕES GERAIS ESTADUAIS 2026";90002547104;4;"https://www.istagram.com/itamarleao45"
"01/10/2026";"08:31:01";2026;"GO";2;"ELEIÇÃO ORDINÁRIA";6259;"ELEIÇÕES GERAIS ESTADUAIS 2026";90002547402;1;"HTTPS://WWW.INSTAGRAM.COM/TATIANALEMOSOFICIAL/"
"01/10/2026";"08:31:01";2026;"GO";2;"ELEIÇÃO ORDINÁRIA";6259;"ELEIÇÕES GERAIS ESTADUAIS 2026";90002539148;3;"TIKTOK@DELUBIOSOARES13"
"01/10/2026";"08:31:01";2026;"GO";2;"ELEIÇÃO ORDINÁRIA";6259;"ELEIÇÕES GERAIS ESTADUAIS 2026";90002543560;6;"http://www.tiktok.com/@oseiasvarao"
"01/10/2026";"08:31:01";2026;"GO";2;"ELEIÇÃO ORDINÁRIA";6259;"ELEIÇÕES GERAIS ESTADUAIS 2026";90002541698;3;"https://tiktok.com/@fernandaborges_amb"
"01/10/2026";"08:31:01";2026;"GO";2;"ELEIÇÃO ORDINÁRIA";6259;"ELEIÇÕES GERAIS ESTADUAIS 2026";90002548065;1;"@GUSTAVODAPOPULAR"
"01/10/2026";"08:31:01";2026;"GO";2;"ELEIÇÃO ORDINÁRIA";6259;"ELEIÇÕES GERAIS ESTADUAIS 2026";90002548073;1;"@SANDESJUNIOR"
"01/10/2026";"08:31:01";2026;"GO";2;"ELEIÇÃO ORDINÁRIA";6259;"ELEIÇÕES GERAIS ESTADUAIS 2026";90002545509;3;"FACEBOOK/PEOPLE/ALANMAIN"
"01/10/2026";"08:31:01";2026;"GO";2;"ELEIÇÃO ORDINÁRIA";6259;"ELEIÇÕES GERAIS ESTADUAIS 2026";90002548077;1;"@JOAOCOSTADOANAPOLISDIARIO"
"01/10/2026";"08:31:01";2026;"GO";2;"ELEIÇÃO ORDINÁRIA";6259;"ELEIÇÕES GERAIS ESTADUAIS 2026";90002549175;1;"https://www.instagram.com/carladafocinho?igsh=ZjFmdHNla3pmYnlz&utm_source=qr"
"01/10/2026";"08:31:01";2026;"GO";2;"ELEIÇÃO ORDINÁRIA";6259;"ELEIÇÕES GERAIS ESTADUAIS 2026";90002543772;3;"HTTPS://WWW.FACEBOOK.COM/DIEGO.MORAIS1"
"01/10/2026";"08:31:01";2026;"GO";2;"ELEIÇÃO ORDINÁRIA";6259;"ELEIÇÕES GERAIS ESTADUAIS 2026";90002543852;3;"61 99204 5054"
"01/10/2026";"08:31:01";2026;"GO";2;"ELEIÇÃO ORDINÁRIA";6259;"ELEIÇÕES GERAIS ESTADUAIS 2026";90002548670;1;"https://www.instagram.com/paulindopovo"
"01/10/2026";"08:31:01";2026;"GO";2;"ELEIÇÃO ORDINÁRIA";6259;"ELEIÇÕES GERAIS ESTADUAIS 2026";90002543450;4;"HTTPS://WWW.INSTAGRAM.COM/FERNANDOVIANAPSOL?IGSH=MXNNA2H0M3RHYWZHZG%3D%3D&UTM_SO"
"01/10/2026";"08:31:01";2026;"GO";2;"ELEIÇÃO ORDINÁRIA";6259;"ELEIÇÕES GERAIS ESTADUAIS 2026";90002551195;2;"https://www.instagram.com/pollycampanha?igsi=MTJ0bG1ybWRsMGVmcA%3D%3D"
"01/10/2026";"08:31:01";2026;"GO";2;"ELEIÇÃO ORDINÁRIA";6259;"ELEIÇÕES GERAIS ESTADUAIS 2026";90002543226;1;"@CELIOSILVEIRADEPUTADO"
"01/10/2026";"08:31:01";2026;"GO";2;"ELEIÇÃO ORDINÁRIA";6259;"ELEIÇÕES GERAIS ESTADUAIS 2026";90002539151;2;"WWW.RUBENSOTONI.COM.BR"
"01/10/2026";"08:31:01";2026;"GO";2;"ELEIÇÃO ORDINÁRIA";6259;"ELEIÇÕES GERAIS ESTADUAIS 2026";90002539151;5;"INSTAGRAM.COM/RUBENSOTONI"
"01/10/2026";"08:31:01";2026;"GO";2;"ELEIÇÃO ORDINÁRIA";6259;"ELEIÇÕES GERAIS ESTADUAIS 2026";90002546224;1;"LINEUOLIMPIO - FACEBOOK"
"01/10/2026";"08:31:01";2026;"GO";2;"ELEIÇÃO ORDINÁRIA";6259;"ELEIÇÕES GERAIS ESTADUAIS 2026";90002546225;4;"https://linktr.ee/cairosalim?utm_source=linktree_profile_share&ltsid=092f30ae-95e0-4509-8e0f-dad764787dc9"
"01/10/2026";"08:31:01";2026;"GO";2;"ELEIÇÃO ORDINÁRIA";6259;"ELEIÇÕES GERAIS ESTADUAIS 2026";90002549167;3;"https://www.facebook.com/people/Crist%C3%B3v%C3%A3o-Tormin/61590288903590/"
"01/10/2026";"08:31:01";2026;"GO";2;"ELEIÇÃO ORDINÁRIA";6259;"ELEIÇÕES GERAIS ESTADUAIS 2026";90002542616;3;"WWW.FACEBOOK.COM/SHARE/1BGRNGGWY7/?MIBEXTID=WWXIFR"
"01/10/2026";"08:31:01";2026;"GO";2;"ELEIÇÃO ORDINÁRIA";6259;"ELEIÇÕES GERAIS ESTADUAIS 2026";90002550209;3;"@VOZESDOGARAVELO"
"01/10/2026";"08:31:01";2026;"GO";2;"ELEIÇÃO ORDINÁRIA";6259;"ELEIÇÕES GERAIS ESTADUAIS 2026";90002550209;5;"@FEIRADOGARAVELO"
"01/10/2026";"08:31:01";2026;"GO";2;"ELEIÇÃO ORDINÁRIA";6259;"ELEIÇÕES GERAIS ESTADUAIS 2026";90002546975;1;"HTTPS://WWW.INSTAGRAM.COM/THALESJAYME/"
"01/10/2026";"08:31:01";2026;"GO";2;"ELEIÇÃO ORDINÁRIA";6259;"ELEIÇÕES GERAIS ESTADUAIS 2026";90002537637;1;"HTTPS://WWW.INSTAGRAM.COM/EUSOUSAMUELSANTOS?IGSH=MWP4BGXQYXHQDHB0ZW=="
"01/10/2026";"08:31:01";2026;"GO";2;"ELEIÇÃO ORDINÁRIA";6259;"ELEIÇÕES GERAIS ESTADUAIS 2026";90002537638;6;"HTTPS://VT.TIKTOK.COM/ZS42OBKGL/"
"01/10/2026";"08:31:01";2026;"GO";2;"ELEIÇÃO ORDINÁRIA";6259;"ELEIÇÕES GERAIS ESTADUAIS 2026";90002537638;7;"https://www.facebook.com/leomachadoverdade"
"01/10/2026";"08:31:01";2026;"GO";2;"ELEIÇÃO ORDINÁRIA";6259;"ELEIÇÕES GERAIS ESTADUAIS 2026";90002537642;2;"HTTPS://WWW.FACEBOOK.COM/ROSANGELA.MUNIZ.534493"
"01/10/2026";"08:31:01";2026;"GO";2;"ELEIÇÃO ORDINÁRIA";6259;"ELEIÇÕES GERAIS ESTADUAIS 2026";90002537426;1;"HTTPS://WWW.INSTAGRAM.COM/LARISSA_LAFAIETE_?IGSH=MWD6Y3V3N3J2EM5UAA=="
"01/10/2026";"08:31:01";2026;"GO";2;"ELEIÇÃO ORDINÁRIA";6259;"ELEIÇÕES GERAIS ESTADUAIS 2026";90002537433;2;"FACEBOOK: JUSCELIOSANTOS"
"01/10/2026";"08:31:01";2026;"GO";2;"ELEIÇÃO ORDINÁRIA";6259;"ELEIÇÕES GERAIS ESTADUAIS 2026";90002540958;2;"HTTPS://WWW.YOUTUBE.COM/@WALTINHOGO,"
"01/10/2026";"08:31:01";2026;"GO";2;"ELEIÇÃO ORDINÁRIA";6259;"ELEIÇÕES GERAIS ESTADUAIS 2026";90002540958;4;"HTTPS://WWW.FACEBOOK.COM/WALTINHO.RQ/"
"01/10/2026";"08:31:01";2026;"GO";2;"ELEIÇÃO ORDINÁRIA";6259;"ELEIÇÕES GERAIS ESTADUAIS 2026";90002537453;3;"@TCORONELNILSON"
"01/10/2026";"08:31:01";2026;"GO";2;"ELEIÇÃO ORDINÁRIA";6259;"ELEIÇÕES GERAIS ESTADUAIS 2026";90002547031;5;"WWW.CIEPORFORMOSA.COM.BR"
"01/10/2026";"08:31:01";2026;"GO";2;"ELEIÇÃO ORDINÁRIA";6259;"ELEIÇÕES GERAIS ESTADUAIS 2026";90002547139;1;"HTTPS://WWW.YOUTUBE.COM/@AAVA.SANTIAGO"
"01/10/2026";"08:31:01";2026;"GO";2;"ELEIÇÃO ORDINÁRIA";6259;"ELEIÇÕES GERAIS ESTADUAIS 2026";90002547139;6;"HTTPS://WWW.AAVASANTIAGO.COM.BR/"
"01/10/2026";"08:31:01";2026;"GO";2;"ELEIÇÃO ORDINÁRIA";6259;"ELEIÇÕES GERAIS ESTADUAIS 2026";90002543786;4;"HTTPS://WWW.FACEBOOK.COM/PEOPLE/RAFAEL-VASCONCELOS-SENADOR-CANEDO/61562413010561"
"01/10/2026";"08:31:01";2026;"GO";2;"ELEIÇÃO ORDINÁRIA";6259;"ELEIÇÕES GERAIS ESTADUAIS 2026";90002543129;1;"@BRAVOSERGIO"
"01/10/2026";"08:31:01";2026;"GO";2;"ELEIÇÃO ORDINÁRIA";6259;"ELEIÇÕES GERAIS ESTADUAIS 2026";90002543134;1;"HTTPS://WWW.INSTAGRAM.COM/SIMEYZON?IGSH=A3DTEDVRCGG3BDLO"
"01/10/2026";"08:31:01";2026;"GO";2;"ELEIÇÃO ORDINÁRIA";6259;"ELEIÇÕES GERAIS ESTADUAIS 2026";90002546228;3;"https://www.tiktok.com/@clenyspinheira?is_from_webapp=1&sen der_device=pc"
"01/10/2026";"08:31:01";2026;"GO";2;"ELEIÇÃO ORDINÁRIA";6259;"ELEIÇÕES GERAIS ESTADUAIS 2026";90002543163;1;"HTTPS://WWW.INSTAGRAM.COM/DR.KASSIOGUIMARAES_?IGSH=MW5KBG95N3M3EHMYAQ%3D%3D&UTM_"
"01/10/2026";"08:31:01";2026;"GO";2;"ELEIÇÃO ORDINÁRIA";6259;"ELEIÇÕES GERAIS ESTADUAIS 2026";90002544884;6;"https://youtube.com/@professorzenilton4620?si=S9CFIgXjQwFEN98"
"01/10/2026";"08:31:01";2026;"GO";2;"ELEIÇÃO ORDINÁRIA";6259;"ELEIÇÕES GERAIS ESTADUAIS 2026";90002548064;2;"https://www.facebook.com/share/17ktJPJDdk/?mibextid=wwXIfr"
"01/10/2026";"08:31:01";2026;"GO";2;"ELEIÇÃO ORDINÁRIA";6259;"ELEIÇÕES GERAIS ESTADUAIS 2026";90002540138;3;"MAURORUBEM.COM.BR"
"01/10/2026";"08:31:01";2026;"GO";2;"ELEIÇÃO ORDINÁRIA";6259;"ELEIÇÕES GERAIS ESTADUAIS 2026";90002547083;2;"HTTPS://WWW.KARLOSCABRAL.COM/"
"01/10/2026";"08:31:01";2026;"GO";2;"ELEIÇÃO ORDINÁRIA";6259;"ELEIÇÕES GERAIS ESTADUAIS 2026";90002543471;1;"HTTPS://WWW.INSTAGRAM.COM/ISMAEL.ALEXANDRINO"
"01/10/2026";"08:31:01";2026;"GO";2;"ELEIÇÃO ORDINÁRIA";6259;"ELEIÇÕES GERAIS ESTADUAIS 2026";90002543776;1;"HTTPS://WWW.FACEBOOK.COM/ALEXCORREIANEPOMOCENO"
"01/10/2026";"08:31:01";2026;"GO";2;"ELEIÇÃO ORDINÁRIA";6259;"ELEIÇÕES GERAIS ESTADUAIS 2026";90002543789;4;"HTTPS://WWW.TIKTOK.COM/@PROF.REGINALDOPACHECO?_T=ZM-8TQQDQGIIVV&_R=1"
"01/10/2026";"08:31:01";2026;"GO";2;"ELEIÇÃO ORDINÁRIA";6259;"ELEIÇÕES GERAIS ESTADUAIS 2026";90002543789;6;"HTTPS://REGINALDOPACHECO.COM/"
"01/10/2026";"08:31:01";2026;"GO";2;"ELEIÇÃO ORDINÁRIA";6259;"ELEIÇÕES GERAIS ESTADUAIS 2026";90002543128;1;"HTTPS://WWW.INSTAGRAM.COM/LUCASKITAO/"
"01/10/2026";"08:31:01";2026;"GO";2;"ELEIÇÃO ORDINÁRIA";6259;"ELEIÇÕES GERAIS ESTADUAIS 2026";90002554387;1;"https://www.instagram.com/magna.mota.14.misao"
"01/10/2026";"08:31:01";2026;"GO";2;"ELEIÇÃO ORDINÁRIA";6259;"ELEIÇÕES GERAIS ESTADUAIS 2026";90002543828;2;"HTTPS://WWW.INSTAGRAM.COM/MANDATA.COLETIVA?IGSH=N2ZPBGTHEG80EMN0"
"01/10/2026";"08:31:01";2026;"GO";2;"ELEIÇÃO ORDINÁRIA";6259;"ELEIÇÕES GERAIS ESTADUAIS 2026";90002543833;4;"HTTPS://WWW.TIKTOK.COM/@ANTONIOZAYEK"
"01/10/2026";"08:31:01";2026;"GO";2;"ELEIÇÃO ORDINÁRIA";6259;"ELEIÇÕES GERAIS ESTADUAIS 2026";90002543846;6;"HTTPS://WWW.FACEBOOK.COM/ENIO.BRITO?LOCALE=PT_BR"
"01/10/2026";"08:31:01";2026;"GO";2;"ELEIÇÃO ORDINÁRIA";6259;"ELEIÇÕES GERAIS ESTADUAIS 2026";90002543557;2;"HTTPS://WEB.FACEBOOK.COM/TELEMACOBRANDAO"
"01/10/2026";"08:31:01";2026;"GO";2;"ELEIÇÃO ORDINÁRIA";6259;"ELEIÇÕES GERAIS ESTADUAIS 2026";90002543506;2;"JEANE.MOREIRA.870943"
"01/10/2026";"08:31:01";2026;"GO";2;"ELEIÇÃO ORDINÁRIA";6259;"ELEIÇÕES GERAIS ESTADUAIS 2026";90002547016;2;"HTTPS://WWW.INSTAGRAM.COM/GAMBOAPRODUCOES?IGSH=MWNRAXNVCHVLNTZWOA=="
"01/10/2026";"08:31:01";2026;"GO";2;"ELEIÇÃO ORDINÁRIA";6259;"ELEIÇÕES GERAIS ESTADUAIS 2026";90002547026;1;"HTTPS://WWW.INSTAGRAM.COM/LUCIULA_RECANTO?UTM_SOURCE=QR"
"01/10/2026";"08:31:01";2026;"GO";2;"ELEIÇÃO ORDINÁRIA";6259;"ELEIÇÕES GERAIS ESTADUAIS 2026";90002547079;1;"HTTPS://WWW.INSTAGRAM.COM/CRISS.I.AM/"
"01/10/2026";"08:31:01";2026;"GO";2;"ELEIÇÃO ORDINÁRIA";6259;"ELEIÇÕES GERAIS ESTADUAIS 2026";90002547112;1;"HTTPS://WWW.INSTAGRAM.COM/FOGUINHOOO/"
"01/10/2026";"08:31:01";2026;"GO";2;"ELEIÇÃO ORDINÁRIA";6259;"ELEIÇÕES GERAIS ESTADUAIS 2026";90002547120;2;"HTTPS://WWW.INSTAGRAM.COM/SAMUEL90PREFEITO"
"01/10/2026";"08:31:01";2026;"GO";2;"ELEIÇÃO ORDINÁRIA";6259;"ELEIÇÕES GERAIS ESTADUAIS 2026";90002541707;4;"https://facebook.com/federal1433"
"01/10/2026";"08:31:01";2026;"GO";2;"ELEIÇÃO ORDINÁRIA";6259;"ELEIÇÕES GERAIS ESTADUAIS 2026";90002541709;6;"https://facebook.com/gui.khalil14"
"01/10/2026";"08:31:01";2026;"GO";2;"ELEIÇÃO ORDINÁRIA";6259;"ELEIÇÕES GERAIS ESTADUAIS 2026";90002540142;1;"TIKTOK/KATIAMARIA"
"01/10/2026";"08:31:01";2026;"GO";2;"ELEIÇÃO ORDINÁRIA";6259;"ELEIÇÕES GERAIS ESTADUAIS 2026";90002546245;1;"INSTAGRAM: @RONESFERREIRA, @RONES.FERREIRA"
"01/10/2026";"08:31:01";2026;"GO";2;"ELEIÇÃO ORDINÁRIA";6259;"ELEIÇÕES GERAIS ESTADUAIS 2026";90002542626;5;"https://www.linkedin.com/in/vitorhugoalmeida?utm_source=share_via&utm_content=profile&utm_medium=mem"
"01/10/2026";"08:31:01";2026;"GO";2;"ELEIÇÃO ORDINÁRIA";6259;"ELEIÇÕES GERAIS ESTADUAIS 2026";90002543236;1;"@WEDERSONLOPES"
"01/10/2026";"08:31:01";2026;"GO";2;"ELEIÇÃO ORDINÁRIA";6259;"ELEIÇÕES GERAIS ESTADUAIS 2026";90002551838;1;"HTTPS://WWW.FACEBOOK.COM/AURILENEFERREIRA.LENA.7?LOCALE=PT_BR"
"01/10/2026";"08:31:01";2026;"GO";2;"ELEIÇÃO ORDINÁRIA";6259;"ELEIÇÕES GERAIS ESTADUAIS 2026";90002540149;5;"https://x.com/Fabriciorosapt"
"01/10/2026";"08:31:01";2026;"GO";2;"ELEIÇÃO ORDINÁRIA";6259;"ELEIÇÕES GERAIS ESTADUAIS 2026";90002549181;5;"TCORONEL MAIA (@TCORONELMAIA190) ¿ FOTOS E VÍDEOS DO INSTAGRAM"
"01/10/2026";"08:31:01";2026;"GO";2;"ELEIÇÃO ORDINÁRIA";6259;"ELEIÇÕES GERAIS ESTADUAIS 2026";90002553967;1;"https://www.facebook.com/christina.rakel/"
"01/10/2026";"08:31:01";2026;"GO";2;"ELEIÇÃO ORDINÁRIA";6259;"ELEIÇÕES GERAIS ESTADUAIS 2026";90002543459;11;"HTTPS://WWW.FACEBOOK.COM/SHARE/19V7TYOCCM/"
"01/10/2026";"08:31:01";2026;"GO";2;"ELEIÇÃO ORDINÁRIA";6259;"ELEIÇÕES GERAIS ESTADUAIS 2026";90002543462;4;"HTTPS://WWW.FACEBOOK.COM/PROFILE.PHP?ID=61592906698700"
"01/10/2026";"08:31:01";2026;"GO";2;"ELEIÇÃO ORDINÁRIA";6259;"ELEIÇÕES GERAIS ESTADUAIS 2026";90002543463;6;"https://www.kwai.com/@marconiperillo45/"
"01/10/2026";"08:31:01";2026;"GO";2;"ELEIÇÃO ORDINÁRIA";6259;"ELEIÇÕES GERAIS ESTADUAIS 2026";90002543463;7;"https://www.youtube.com/@marconiperilloGO"
"01/10/2026";"08:31:01";2026;"GO";2;"ELEIÇÃO ORDINÁRIA";6259;"ELEIÇÕES GERAIS ESTADUAIS 2026";90002543463;11;"https://www.kwai.com/@marconiperillo45"
"01/10/2026";"08:31:01";2026;"GO";2;"ELEIÇÃO ORDINÁRIA";6259;"ELEIÇÕES GERAIS ESTADUAIS 2026";90002543463;12;"https://chat.whatsapp.com/EUEsQ1aWxuzCrnnO2WZxMi"
"01/10/2026";"08:31:01";2026;"GO";2;"ELEIÇÃO ORDINÁRIA";6259;"ELEIÇÕES GERAIS ESTADUAIS 2026";90002540151;2;"INSTAGRAM/@REGIANEALVES"
"01/10/2026";"08:31:01";2026;"GO";2;"ELEIÇÃO ORDINÁRIA";6259;"ELEIÇÕES GERAIS ESTADUAIS 2026";90002540856;2;"FACEBOOK/TADEUPIRICOSTA"
"01/10/2026";"08:31:01";2026;"GO";2;"ELEIÇÃO ORDINÁRIA";6259;"ELEIÇÕES GERAIS ESTADUAIS 2026";90002543215;5;"HTTPS://WWW.YOUTUBE.COM/@VANDERLANCARDOSOOFICIAL"
"01/10/2026";"08:31:01";2026;"GO";2;"ELEIÇÃO ORDINÁRIA";6259;"ELEIÇÕES GERAIS ESTADUAIS 2026";90002551791;1;"HTTPS://WWW.INSTAGRAM.COM/WILDERMORAIS/"
"01/10/2026";"08:31:01";2026;"GO";2;"ELEIÇÃO ORDINÁRIA";6259;"ELEIÇÕES GERAIS ESTADUAIS 2026";90002547100;3;"https://x.com/depjeferson10"
"01/10/2026";"08:31:01";2026;"GO";2;"ELEIÇÃO ORDINÁRIA";6259;"ELEIÇÕES GERAIS ESTADUAIS 2026";90002543170;3;"HTTPS://WWW.YOUTUBE.COM/@ROSANGELAREZENDE6745"
"01/10/2026";"08:31:01";2026;"GO";2;"ELEIÇÃO ORDINÁRIA";6259;"ELEIÇÕES GERAIS ESTADUAIS 2026";90002542615;4;"HTTPS://WWW.TIKTOK.COM/@CAROLMOLINARIBR?_R=1&_T=ZS-98E38F2MVRQ"
"01/10/2026";"08:31:01";2026;"GO";2;"ELEIÇÃO ORDINÁRIA";6259;"ELEIÇÕES GERAIS ESTADUAIS 2026";90002541454;3;"https://x.com/cintiadiaspsol"
"01/10/2026";"08:31:01";2026;"GO";2;"ELEIÇÃO ORDINÁRIA";6259;"ELEIÇÕES GERAIS ESTADUAIS 2026";90002543223;1;"FRANCISCO DE A. MAGALHÃES DE SÁ JÚNIOR - FACEBOOK"
"01/10/2026";"08:31:01";2026;"GO";2;"ELEIÇÃO ORDINÁRIA";6259;"ELEIÇÕES GERAIS ESTADUAIS 2026";90002543115;1;"HTTPS://WWW.INSTAGRAM.COM/ROUZMARI_SANTOS?UTM_SOURCE=QR"
"01/10/2026";"08:31:01";2026;"GO";2;"ELEIÇÃO ORDINÁRIA";6259;"ELEIÇÕES GERAIS ESTADUAIS 2026";90002537637;3;"HTTPS://YOUTUBE.COM/@SAMUELSANTOSSAMA7590?SI=FTKTZ08XY6IIBWGW"
"01/10/2026";"08:31:01";2026;"GO";2;"ELEIÇÃO ORDINÁRIA";6259;"ELEIÇÕES GERAIS ESTADUAIS 2026";90002537638;9;"https://www.youtube.com/@LeoMachadoVerdadeGO"
"01/10/2026";"08:31:01";2026;"GO";2;"ELEIÇÃO ORDINÁRIA";6259;"ELEIÇÕES GERAIS ESTADUAIS 2026";90002540944;1;"HTTPS://WWW.INSTAGRAM.COM/DELEGADOHUMBERTOTEOFILO?IGSH=OTBJCJG3MNJ3NMR4"
"01/10/2026";"08:31:01";2026;"GO";2;"ELEIÇÃO ORDINÁRIA";6259;"ELEIÇÕES GERAIS ESTADUAIS 2026";90002540945;1;"HTTPS://WWW.INSTAGRAM.COM/ROBERTOGOMESGOIAS?IGSH=DTZRENC0D3KYD2S5"
"01/10/2026";"08:31:01";2026;"GO";2;"ELEIÇÃO ORDINÁRIA";6259;"ELEIÇÕES GERAIS ESTADUAIS 2026";90002537443;4;"https://www.facebook.com/61590271748209"
"01/10/2026";"08:31:01";2026;"GO";2;"ELEIÇÃO ORDINÁRIA";6259;"ELEIÇÕES GERAIS ESTADUAIS 2026";90002540957;1;"HTTPS://WWW.INSTAGRAM.COM/PATRICIASANTANNAEVENTOS?IGSH=A3V5EMRWCMTMDWDX"
"01/10/2026";"08:31:01";2026;"GO";2;"ELEIÇÃO ORDINÁRIA";6259;"ELEIÇÕES GERAIS ESTADUAIS 2026";90002540965;2;"https://cristianozoi.com.br"
"01/10/2026";"08:31:01";2026;"GO";2;"ELEIÇÃO ORDINÁRIA";6259;"ELEIÇÕES GERAIS ESTADUAIS 2026";90002537446;3;"HTTPS://WWW.TIKTOK.COM/@ENEAS586?_R=1&_T=ZS-98TCJQ42KIH"
"01/10/2026";"08:31:01";2026;"GO";2;"ELEIÇÃO ORDINÁRIA";6259;"ELEIÇÕES GERAIS ESTADUAIS 2026";90002537448;2;"https://www.tiktok.com/@denisbentobr?_r=1&_t=ZS-98TLNBxU1MQ"
"01/10/2026";"08:31:01";2026;"GO";2;"ELEIÇÃO ORDINÁRIA";6259;"ELEIÇÕES GERAIS ESTADUAIS 2026";90002537449;4;"HTTPS://WWW.FACEBOOK.COM/PROFILE.PHP?ID=61591979220744"
"01/10/2026";"08:31:01";2026;"GO";2;"ELEIÇÃO ORDINÁRIA";6259;"ELEIÇÕES GERAIS ESTADUAIS 2026";90002540976;2;"HTTPS://WWW.FACEBOOK.COM/WANDERLEYDIASCRUZ"
"01/10/2026";"08:31:01";2026;"GO";2;"ELEIÇÃO ORDINÁRIA";6259;"ELEIÇÕES GERAIS ESTADUAIS 2026";90002547095;1;"https://www.instagram.com/joaodaluzvereador/"
"01/10/2026";"08:31:01";2026;"GO";2;"ELEIÇÃO ORDINÁRIA";6259;"ELEIÇÕES GERAIS ESTADUAIS 2026";90002543796;1;"HTTPS://WWW.FACEBOOK.COM/PROFILE.PHP?ID=100072725782607"
"01/10/2026";"08:31:01";2026;"GO";2;"ELEIÇÃO ORDINÁRIA";6259;"ELEIÇÕES GERAIS ESTADUAIS 2026";90002543798;1;"HTTPS://WWW.FACEBOOK.COM/ALEX.FERREIRAVILLASBOAS"
"01/10/2026";"08:31:01";2026;"GO";2;"ELEIÇÃO ORDINÁRIA";6259;"ELEIÇÕES GERAIS ESTADUAIS 2026";90002542611;2;"FACEBOOK.COM/POLICIALFEDERALSUENDER"
"01/10/2026";"08:31:01";2026;"GO";2;"ELEIÇÃO ORDINÁRIA";6259;"ELEIÇÕES GERAIS ESTADUAIS 2026";90002544877;7;"https://www.youtube.com/@fabiofayad"
"01/10/2026";"08:31:01";2026;"GO";2;"ELEIÇÃO ORDINÁRIA";6259;"ELEIÇÕES GERAIS ESTADUAIS 2026";90002544882;2;"https://www.tiktok.com/@wesleysuspencar?_r=1&_t=ZS-98xet3lgPqP"
"01/10/2026";"08:31:01";2026;"GO";2;"ELEIÇÃO ORDINÁRIA";6259;"ELEIÇÕES GERAIS ESTADUAIS 2026";90002544886;4;"https://www.tiktok.com/@drasimoneadadaraujo?_r=1&_t=ZS-99P7OS0jG0v"
"01/10/2026";"08:31:01";2026;"GO";2;"ELEIÇÃO ORDINÁRIA";6259;"ELEIÇÕES GERAIS ESTADUAIS 2026";90002544891;5;"https://www.facebook.com/jadiel.santos.9659"
"01/10/2026";"08:31:01";2026;"GO";2;"ELEIÇÃO ORDINÁRIA";6259;"ELEIÇÕES GERAIS ESTADUAIS 2026";90002547018;3;"HTTPS://WWW.YOUTUBE.COM/@VIRMONDESCRUVINEL"
"01/10/2026";"08:31:01";2026;"GO";2;"ELEIÇÃO ORDINÁRIA";6259;"ELEIÇÕES GERAIS ESTADUAIS 2026";90002546974;3;"HTTPS://DRZACHARIASCALIL.COM.BR/"
"01/10/2026";"08:31:01";2026;"GO";2;"ELEIÇÃO ORDINÁRIA";6259;"ELEIÇÕES GERAIS ESTADUAIS 2026";90002543473;2;"HTTPS://WWW.INSTAGRAM.COM/DANIEL.AGROBOM"
"01/10/2026";"08:31:01";2026;"GO";2;"ELEIÇÃO ORDINÁRIA";6259;"ELEIÇÕES GERAIS ESTADUAIS 2026";90002543470;1;"HTTPS://WWW.INSTAGRAM.COM/LUCASDOVALEGO"
"01/10/2026";"08:31:01";2026;"GO";2;"ELEIÇÃO ORDINÁRIA";6259;"ELEIÇÕES GERAIS ESTADUAIS 2026";90002543470;3;"http://www.lucasdovale5544.com.br/"
"01/10/2026";"08:31:01";2026;"GO";2;"ELEIÇÃO ORDINÁRIA";6259;"ELEIÇÕES GERAIS ESTADUAIS 2026";90002543475;1;"HTTPS://WWW.INSTAGRAM.COM/DEPUTADADRAZELI"
"01/10/2026";"08:31:01";2026;"GO";2;"ELEIÇÃO ORDINÁRIA";6259;"ELEIÇÕES GERAIS ESTADUAIS 2026";90002543807;2;"HTTPS://WWW.INSTAGRAM.COM/LISSAUERVIEIRA?IGSH=MWXZZ2N4YNMWCNFUEA=="
"01/10/2026";"08:31:01";2026;"GO";2;"ELEIÇÃO ORDINÁRIA";6259;"ELEIÇÕES GERAIS ESTADUAIS 2026";90002554305;1;"https://www.instagram.com/drleonardoreisoftalmo/?hl=pt"
"01/10/2026";"08:31:01";2026;"GO";2;"ELEIÇÃO ORDINÁRIA";6259;"ELEIÇÕES GERAIS ESTADUAIS 2026";90002543832;2;"HTTPS://WWW.FACEBOOK.COM/SHARE/18R9LGGPUU/"
"01/10/2026";"08:31:01";2026;"GO";2;"ELEIÇÃO ORDINÁRIA";6259;"ELEIÇÕES GERAIS ESTADUAIS 2026";90002543836;14;"HTTPS://WWW.TIKTOK.COM/@THEFI.GEO?_R=1&_T=ZS-98FMYYNARKQ"
"01/10/2026";"08:31:01";2026;"GO";2;"ELEIÇÃO ORDINÁRIA";6259;"ELEIÇÕES GERAIS ESTADUAIS 2026";90002543844;2;"HTTPS://WWW.INSTAGRAM.COM/MACARRAODOESPORTE?UTM_SOURCE=QR&IGSH=YW80BGD6C3E4ODR5"
"01/10/2026";"08:31:01";2026;"GO";2;"ELEIÇÃO ORDINÁRIA";6259;"ELEIÇÕES GERAIS ESTADUAIS 2026";90002543488;5;"https://www.facebook.com/share/1EhuUnLL5z/"
"01/10/2026";"08:31:01";2026;"GO";2;"ELEIÇÃO ORDINÁRIA";6259;"ELEIÇÕES GERAIS ESTADUAIS 2026";90002543559;6;"HTTPS://WWW.FACEBOOK.COM/TEOGOMESOFICIAL?MIBEXTID=WWXIFR&MIBEXTID=WWXIFR"
"01/10/2026";"08:31:01";2026;"GO";2;"ELEIÇÃO ORDINÁRIA";6259;"ELEIÇÕES GERAIS ESTADUAIS 2026";90002547006;2;"WWW.TIKTOK.COM/@BETONEVES2016"
"01/10/2026";"08:31:01";2026;"GO";2;"ELEIÇÃO ORDINÁRIA";6259;"ELEIÇÕES GERAIS ESTADUAIS 2026";90002547007;1;"HTTPS://WWW-FALLBACK.INSTAGRAM.COM/CAROLINE_CARLOS_MONTEIRO/REELS/"
"01/10/2026";"08:31:01";2026;"GO";2;"ELEIÇÃO ORDINÁRIA";6259;"ELEIÇÕES GERAIS ESTADUAIS 2026";90002547010;10;"@TOFECHADOCOMJAMIL"
"01/10/2026";"08:31:01";2026;"GO";2;"ELEIÇÃO ORDINÁRIA";6259;"ELEIÇÕES GERAIS ESTADUAIS 2026";90002547011;3;"https://kwai-video.com/u/@sargentomartinsfeij/AxokuCyM"
"01/10/2026";"08:31:01";2026;"GO";2;"ELEIÇÃO ORDINÁRIA";6259;"ELEIÇÕES GERAIS ESTADUAIS 2026";90002547028;3;"HTTPS://WWW.INSTAGRAM.COM/WANESSADALEYSERGOIANIRA?STKN=MTY4EWT2ZNC0DZA4BW%3D%3D"
"01/10/2026";"08:31:01";2026;"GO";2;"ELEIÇÃO ORDINÁRIA";6259;"ELEIÇÕES GERAIS ESTADUAIS 2026";90002547091;1;"HTTPS://WWW.INSTAGRAM.COM/ALDENORCARNEIRO"
"01/10/2026";"08:31:01";2026;"GO";2;"ELEIÇÃO ORDINÁRIA";6259;"ELEIÇÕES GERAIS ESTADUAIS 2026";90002547102;8;"https://www.threads.com/@arianafidelisoficial"
"01/10/2026";"08:31:01";2026;"GO";2;"ELEIÇÃO ORDINÁRIA";6259;"ELEIÇÕES GERAIS ESTADUAIS 2026";90002547130;1;"HTTPS://WWW.THREADS.COM/@NATALIARINCOPSB?XMT=AQG0E_Q6QK7EF57BQJXMTEBVBBY7WW3WCH8"
"01/10/2026";"08:31:01";2026;"GO";2;"ELEIÇÃO ORDINÁRIA";6259;"ELEIÇÕES GERAIS ESTADUAIS 2026";90002547135;3;"HTTPS://WWW.FACEBOOK.COM/DEPCLAUDIOMEIRELLES/?LOCALE=PT_BR"
"01/10/2026";"08:31:01";2026;"GO";2;"ELEIÇÃO ORDINÁRIA";6259;"ELEIÇÕES GERAIS ESTADUAIS 2026";90002547137;1;"HTTPS://WWW.FACEBOOK.COM/WEXLEYCOSTA/"
"01/10/2026";"08:31:01";2026;"GO";2;"ELEIÇÃO ORDINÁRIA";6259;"ELEIÇÕES GERAIS ESTADUAIS 2026";90002547137;4;"HTTPS://WWW.THREADS.COM/@WESLEYCOSTA.GO?XMT=AQG0YXNL2WSKSDHRPT4QDPXCBIHB4JORNNYS"
"01/10/2026";"08:31:01";2026;"GO";2;"ELEIÇÃO ORDINÁRIA";6259;"ELEIÇÕES GERAIS ESTADUAIS 2026";90002541698;5;"https://linkedin.com/in/fernanda-borges-5051b029"
"01/10/2026";"08:31:01";2026;"GO";2;"ELEIÇÃO ORDINÁRIA";6259;"ELEIÇÕES GERAIS ESTADUAIS 2026";90002541706;2;"https://instagram.com/maykelcarvalhoo"
"01/10/2026";"08:31:01";2026;"GO";2;"ELEIÇÃO ORDINÁRIA";6259;"ELEIÇÕES GERAIS ESTADUAIS 2026";90002546247;1;"YOUTUBE @CANALDOBEMJTI"
"01/10/2026";"08:31:01";2026;"GO";2;"ELEIÇÃO ORDINÁRIA";6259;"ELEIÇÕES GERAIS ESTADUAIS 2026";90002551840;1;"HTTPS://WWW.INSTAGRAM.COM/PA_LU_E/"
"01/10/2026";"08:31:01";2026;"GO";2;"ELEIÇÃO ORDINÁRIA";6259;"ELEIÇÕES GERAIS ESTADUAIS 2026";90002547004;2;"HTTPS://WWW.INSTAGRAM.COM/ABADYAS_DAMASCENO?IGSH=MWQZCJLTBDZ4OHR0BQ%3D%3D&UTM_SO"
"01/10/2026";"08:31:01";2026;"GO";2;"ELEIÇÃO ORDINÁRIA";6259;"ELEIÇÕES GERAIS ESTADUAIS 2026";90002543251;1;"HTTPS://WWW.INSTAGRAM.COM/ALEXMARTINSVEREADOR?IGSH=MTCZZWJKD213D3A2CA=="
"01/10/2026";"08:31:01";2026;"GO";2;"ELEIÇÃO ORDINÁRIA";6259;"ELEIÇÕES GERAIS ESTADUAIS 2026";90002551488;3;"LORENA JARDIM - FACEBOOK"
"01/10/2026";"08:31:01";2026;"GO";2;"ELEIÇÃO ORDINÁRIA";6259;"ELEIÇÕES GERAIS ESTADUAIS 2026";90002549180;4;"https://www.tiktok.com/@fabricio_44_?_r=1&_t=ZS-98ugvgEbBHJ"
"01/10/2026";"08:31:01";2026;"GO";2;"ELEIÇÃO ORDINÁRIA";6259;"ELEIÇÕES GERAIS ESTADUAIS 2026";90002543766;1;"HTTPS://WWW.FACEBOOK.COM/DRA.JULMARATOLEDO/"
"01/10/2026";"08:31:01";2026;"GO";2;"ELEIÇÃO ORDINÁRIA";6259;"ELEIÇÕES GERAIS ESTADUAIS 2026";90002543768;2;"HTTPS://WWW.FACEBOOK.COM/SHARE/19RH3AMWVU/?MIBEXTID=WWXIFR"
"01/10/2026";"08:31:01";2026;"GO";2;"ELEIÇÃO ORDINÁRIA";6259;"ELEIÇÕES GERAIS ESTADUAIS 2026";90002543773;1;"HTTPS://WWW.INSTAGRAM.COM/BRENASANTOS_GO/"
"01/10/2026";"08:31:01";2026;"GO";2;"ELEIÇÃO ORDINÁRIA";6259;"ELEIÇÕES GERAIS ESTADUAIS 2026";90002543454;1;"HTTPS://WWW.FACEBOOK.COM/SHARE/1BSTKWERQL/?MIBEXTID=WWXIFR"
"01/10/2026";"08:31:01";2026;"GO";2;"ELEIÇÃO ORDINÁRIA";6259;"ELEIÇÕES GERAIS ESTADUAIS 2026";90002543460;1;"HTTPS://WWW.FACEBOOK.COM/SHARE/1DUWY6WBVM/"
"01/10/2026";"08:31:01";2026;"GO";2;"ELEIÇÃO ORDINÁRIA";6259;"ELEIÇÕES GERAIS ESTADUAIS 2026";90002540152;3;"WWW.CASSIANATORMIN.COM.BR"
"01/10/2026";"08:31:01";2026;"GO";2;"ELEIÇÃO ORDINÁRIA";6259;"ELEIÇÕES GERAIS ESTADUAIS 2026";90002540153;2;"HTTPS://WWW.TIKTOK.COM/@DRJOSENILTONCARVALHO?_R=1&_T=ZS-98T0HRPJGW1"
"01/10/2026";"08:31:01";2026;"GO";2;"ELEIÇÃO ORDINÁRIA";6259;"ELEIÇÕES GERAIS ESTADUAIS 2026";90002540868;1;"INSTAGRAM/CICEROGOIAS_"
"01/10/2026";"08:31:01";2026;"GO";2;"ELEIÇÃO ORDINÁRIA";6259;"ELEIÇÕES GERAIS ESTADUAIS 2026";90002543246;3;"https://www.tiktok.com/@josenelto"
"01/10/2026";"08:31:01";2026;"GO";2;"ELEIÇÃO ORDINÁRIA";6259;"ELEIÇÕES GERAIS ESTADUAIS 2026";90002548364;1;"LEDA BORGES"
"01/10/2026";"08:31:01";2026;"GO";2;"ELEIÇÃO ORDINÁRIA";6259;"ELEIÇÕES GERAIS ESTADUAIS 2026";90002543556;5;"WWW.FACEBOOK.COM/SHARE/1NOFUNOTJ9/?MIBEXTID=WWXIFR"
"01/10/2026";"08:31:01";2026;"GO";2;"ELEIÇÃO ORDINÁRIA";6259;"ELEIÇÕES GERAIS ESTADUAIS 2026";90002549167;6;"https://www.facebook.com/share/1ETZVJYcsJ/?mibextid=wwXlfr"
"01/10/2026";"08:31:01";2026;"GO";2;"ELEIÇÃO ORDINÁRIA";6259;"ELEIÇÕES GERAIS ESTADUAIS 2026";90002549168;4;"https://www.tiktok.com/@depcoroneladailton?_t=8YN43tN3NtV8_r=1"
"01/10/2026";"08:31:01";2026;"GO";2;"ELEIÇÃO ORDINÁRIA";6259;"ELEIÇÕES GERAIS ESTADUAIS 2026";90002550216;2;"LUIZACRUZ"
"01/10/2026";"08:31:01";2026;"GO";2;"ELEIÇÃO ORDINÁRIA";6259;"ELEIÇÕES GERAIS ESTADUAIS 2026";90002548370;1;"@CLEUBERGFERREIRA"
"01/10/2026";"08:31:01";2026;"GO";2;"ELEIÇÃO ORDINÁRIA";6259;"ELEIÇÕES GERAIS ESTADUAIS 2026";90002537429;6;"HTTPS://ADSMANAGER.FACEBOOK.COM/ADSMANAGER/MANAGE/CAMPAIGNS?GLOBAL_SCOPE_ID=8629"
"01/10/2026";"08:31:01";2026;"GO";2;"ELEIÇÃO ORDINÁRIA";6259;"ELEIÇÕES GERAIS ESTADUAIS 2026";90002537447;3;"HTTPS://WWW.TIKTOK.COM/@ELISADASAUDE"
"01/10/2026";"08:31:01";2026;"GO";2;"ELEIÇÃO ORDINÁRIA";6259;"ELEIÇÕES GERAIS ESTADUAIS 2026";90002537451;6;"HTTPS://KWAI-VIDEO.COM/U/@DR.RAMONFERREIRA615/HYAHVACG"
"01/10/2026";"08:31:01";2026;"GO";2;"ELEIÇÃO ORDINÁRIA";6259;"ELEIÇÕES GERAIS ESTADUAIS 2026";90002537453;1;"@TCORONELNILSON"
"01/10/2026";"08:31:01";2026;"GO";2;"ELEIÇÃO ORDINÁRIA";6259;"ELEIÇÕES GERAIS ESTADUAIS 2026";90002537453;4;"TENCELNILSON.COM.BR"
"01/10/2026";"08:31:01";2026;"GO";2;"ELEIÇÃO ORDINÁRIA";6259;"ELEIÇÕES GERAIS ESTADUAIS 2026";90002537453;6;"@NILSONJUSTINOPEREIRA"
"01/10/2026";"08:31:01";2026;"GO";2;"ELEIÇÃO ORDINÁRIA";6259;"ELEIÇÕES GERAIS ESTADUAIS 2026";90002537457;1;"HTTPS://WWW.FACEBOOK.COM/SHARE/1HAYWYWGQY/"
"01/10/2026";"08:31:01";2026;"GO";2;"ELEIÇÃO ORDINÁRIA";6259;"ELEIÇÕES GERAIS ESTADUAIS 2026";90002540991;1;"HTTPS://WWW.INSTAGRAM.COM/RAFAELRAFA3097?IGSH=MWNUMDB1B3GXEGC5AG=="
"01/10/2026";"08:31:01";2026;"GO";2;"ELEIÇÃO ORDINÁRIA";6259;"ELEIÇÕES GERAIS ESTADUAIS 2026";90002540997;5;"https://chat.whatsapp.com/F3dJfNJk1izB2hWN7mTRRy"
"01/10/2026";"08:31:01";2026;"GO";2;"ELEIÇÃO ORDINÁRIA";6259;"ELEIÇÕES GERAIS ESTADUAIS 2026";90002547031;3;"HTTPS://WWW.FACEBOOK.COM/VEREADORCIE/"
"01/10/2026";"08:31:01";2026;"GO";2;"ELEIÇÃO ORDINÁRIA";6259;"ELEIÇÕES GERAIS ESTADUAIS 2026";90002547031;4;"HTTPS://WWW.FACEBOOK.COM/CIEVEREADOR"
"01/10/2026";"08:31:01";2026;"GO";2;"ELEIÇÃO ORDINÁRIA";6259;"ELEIÇÕES GERAIS ESTADUAIS 2026";90002543790;1;"HTTPS://WWW.INSTAGRAM.COM/BETINHODOAGRO/"
"01/10/2026";"08:31:01";2026;"GO";2;"ELEIÇÃO ORDINÁRIA";6259;"ELEIÇÕES GERAIS ESTADUAIS 2026";90002543791;2;"HTTPS://WWW.INSTAGRAM.COM/MAGDARIBEIROPL22/"
"01/10/2026";"08:31:01";2026;"GO";2;"ELEIÇÃO ORDINÁRIA";6259;"ELEIÇÕES GERAIS ESTADUAIS 2026";90002543121;1;"@DRPEDROPAULOCAIADOCANEDO"
"01/10/2026";"08:31:01";2026;"GO";2;"ELEIÇÃO ORDINÁRIA";6259;"ELEIÇÕES GERAIS ESTADUAIS 2026";90002543123;3;"@ELKEMARQUES_2"
"01/10/2026";"08:31:01";2026;"GO";2;"ELEIÇÃO ORDINÁRIA";6259;"ELEIÇÕES GERAIS ESTADUAIS 2026";90002543131;1;"@BYNICK.KIDS"
"01/10/2026";"08:31:01";2026;"GO";2;"ELEIÇÃO ORDINÁRIA";6259;"ELEIÇÕES GERAIS ESTADUAIS 2026";90002543143;1;"@PROF.CLEIDOMAR"
"01/10/2026";"08:31:01";2026;"GO";2;"ELEIÇÃO ORDINÁRIA";6259;"ELEIÇÕES GERAIS ESTADUAIS 2026";90002543163;3;"HTTPS://WWW.TIKTOK.COM/@KASSIOGUIMARAES_?_R=1&_T=ZS-98PUJZT3EHJ"
"01/10/2026";"08:31:01";2026;"GO";2;"ELEIÇÃO ORDINÁRIA";6259;"ELEIÇÕES GERAIS ESTADUAIS 2026";90002542609;1;"HTTPS://WWW.INSTAGRAM.COM/JOSEOTAVIOSAD/"
"01/10/2026";"08:31:01";2026;"GO";2;"ELEIÇÃO ORDINÁRIA";6259;"ELEIÇÕES GERAIS ESTADUAIS 2026";90002542611;4;"YOUTUBE.COM/@POLICIALFEDERALSUENDER"
"01/10/2026";"08:31:01";2026;"GO";2;"ELEIÇÃO ORDINÁRIA";6259;"ELEIÇÕES GERAIS ESTADUAIS 2026";90002543174;1;"HTTPS://WWW.INSTAGRAM.COM/OSMAR397?IGSH=Y3HUEHVYMXQXOTN0"
"01/10/2026";"08:31:01";2026;"GO";2;"ELEIÇÃO ORDINÁRIA";6259;"ELEIÇÕES GERAIS ESTADUAIS 2026";90002544877;8;"https://www.tiktok.com/@fabiofayad.go"
"01/10/2026";"08:31:01";2026;"GO";2;"ELEIÇÃO ORDINÁRIA";6259;"ELEIÇÕES GERAIS ESTADUAIS 2026";90002544877;9;"https://whatsapp.com/channel/0029Vb9CqZlISTkJSDw9Os2X"
"01/10/2026";"08:31:01";2026;"GO";2;"ELEIÇÃO ORDINÁRIA";6259;"ELEIÇÕES GERAIS ESTADUAIS 2026";90002547032;6;"https://www.facebook.com/wilde.cambao.77"
"01/10/2026";"08:31:01";2026;"GO";2;"ELEIÇÃO ORDINÁRIA";6259;"ELEIÇÕES GERAIS ESTADUAIS 2026";90002537428;2;"HTTPS://X.COM/HENRIQUECESARR?S=11"
"01/10/2026";"08:31:01";2026;"GO";2;"ELEIÇÃO ORDINÁRIA";6259;"ELEIÇÕES GERAIS ESTADUAIS 2026";90002547124;2;"HTTPS://WWW.INSTAGRAM.COM/BIA_VICEPREFEITA"
"01/10/2026";"08:31:01";2026;"GO";2;"ELEIÇÃO ORDINÁRIA";6259;"ELEIÇÕES GERAIS ESTADUAIS 2026";90002543769;3;"HTTPS://LINKTR.EE/JEANCARLOSVEREADOR"
"01/10/2026";"08:31:01";2026;"GO";2;"ELEIÇÃO ORDINÁRIA";6259;"ELEIÇÕES GERAIS ESTADUAIS 2026";90002543807;1;"HTTPS://WWW.FACEBOOK.COM/SHARE/1JVGPBKFCX/"
"01/10/2026";"08:31:01";2026;"GO";2;"ELEIÇÃO ORDINÁRIA";6259;"ELEIÇÕES GERAIS ESTADUAIS 2026";90002543248;2;"DELEGADO WALDIR"
"01/10/2026";"08:31:01";2026;"GO";2;"ELEIÇÃO ORDINÁRIA";6259;"ELEIÇÕES GERAIS ESTADUAIS 2026";90002543824;2;"HTTPS://WWW.THREADS.COM/@MARIENEFRANCA___"
"01/10/2026";"08:31:01";2026;"GO";2;"ELEIÇÃO ORDINÁRIA";6259;"ELEIÇÕES GERAIS ESTADUAIS 2026";90002543840;1;"HTTPS://WWW.INSTAGRAM.COM/GERSONMORAIS730/"
"01/10/2026";"08:31:01";2026;"GO";2;"ELEIÇÃO ORDINÁRIA";6259;"ELEIÇÕES GERAIS ESTADUAIS 2026";90002543488;4;"https://www.instagram.com/livioluciano/"
"01/10/2026";"08:31:01";2026;"GO";2;"ELEIÇÃO ORDINÁRIA";6259;"ELEIÇÕES GERAIS ESTADUAIS 2026";90002543559;2;"HTTPS://WWW.THREADS.COM/@TEOGOMES_?IGSHID=NTC4MTIWNJQ2YQ=="
"01/10/2026";"08:31:01";2026;"GO";2;"ELEIÇÃO ORDINÁRIA";6259;"ELEIÇÕES GERAIS ESTADUAIS 2026";90002547010;9;"@11000MODORAIZ"
"01/10/2026";"08:31:01";2026;"GO";2;"ELEIÇÃO ORDINÁRIA";6259;"ELEIÇÕES GERAIS ESTADUAIS 2026";90002547017;1;"HTTPS://WWW.INSTAGRAM.COM/VIRGINIIASANTANA/"
"01/10/2026";"08:31:01";2026;"GO";2;"ELEIÇÃO ORDINÁRIA";6259;"ELEIÇÕES GERAIS ESTADUAIS 2026";90002547036;1;"HTTPS://WWW.INSTAGRAM.COM/RADIALISTAMARCELOSILVA2026?IGSH=CTJ3DMH3BM85ZDRO"
"01/10/2026";"08:31:01";2026;"GO";2;"ELEIÇÃO ORDINÁRIA";6259;"ELEIÇÕES GERAIS ESTADUAIS 2026";90002547072;1;"HTTPS://WWW.FACEBOOK.COM/PHOTO.PHP?FBID=2139400686991068&SET=A.125027501761740&T"
"01/10/2026";"08:31:01";2026;"GO";2;"ELEIÇÃO ORDINÁRIA";6259;"ELEIÇÕES GERAIS ESTADUAIS 2026";90002547087;1;"HTTPS://WWW.TIKTOK.COM/@PROFESSOR.PAULOCESAR"
"01/10/2026";"08:31:01";2026;"GO";2;"ELEIÇÃO ORDINÁRIA";6259;"ELEIÇÕES GERAIS ESTADUAIS 2026";90002547101;2;"https://x.com/felipececilio-?s=11"
"01/10/2026";"08:31:01";2026;"GO";2;"ELEIÇÃO ORDINÁRIA";6259;"ELEIÇÕES GERAIS ESTADUAIS 2026";90002547102;3;"https://www.instagram.com/arianafidelis2345"
"01/10/2026";"08:31:01";2026;"GO";2;"ELEIÇÃO ORDINÁRIA";6259;"ELEIÇÕES GERAIS ESTADUAIS 2026";90002547106;3;"https://www.facebook.com/flavia.teles.716"
"01/10/2026";"08:31:01";2026;"GO";2;"ELEIÇÃO ORDINÁRIA";6259;"ELEIÇÕES GERAIS ESTADUAIS 2026";90002547128;2;"https://www.facebook.com/juliocesar13133"
"01/10/2026";"08:31:01";2026;"GO";2;"ELEIÇÃO ORDINÁRIA";6259;"ELEIÇÕES GERAIS ESTADUAIS 2026";90002537635;6;"HTTPS://WWW.FACEBOOK.COM/SHARE/17RTJAE2DC/?MIBEXTID=WWXIFR"
"01/10/2026";"08:31:01";2026;"GO";2;"ELEIÇÃO ORDINÁRIA";6259;"ELEIÇÕES GERAIS ESTADUAIS 2026";90002541697;2;"https://tiktok.com/@meunomeejhonebr"
"01/10/2026";"08:31:01";2026;"GO";2;"ELEIÇÃO ORDINÁRIA";6259;"ELEIÇÕES GERAIS ESTADUAIS 2026";90002541705;1;"ANDERALVES.OFC"
"01/10/2026";"08:31:01";2026;"GO";2;"ELEIÇÃO ORDINÁRIA";6259;"ELEIÇÕES GERAIS ESTADUAIS 2026";90002541708;1;"MONICADEPAULA.GO"
"01/10/2026";"08:31:01";2026;"GO";2;"ELEIÇÃO ORDINÁRIA";6259;"ELEIÇÕES GERAIS ESTADUAIS 2026";90002546245;2;"FACEBOOK: VER.RONESFERREIRA15620@GMAIL.COM"
"01/10/2026";"08:31:01";2026;"GO";2;"ELEIÇÃO ORDINÁRIA";6259;"ELEIÇÕES GERAIS ESTADUAIS 2026";90002543220;4;"http://www.facebook.com/lucasvergiliogo"
"01/10/2026";"08:31:01";2026;"GO";2;"ELEIÇÃO ORDINÁRIA";6259;"ELEIÇÕES GERAIS ESTADUAIS 2026";90002551839;2;"HTTPS://WWW.INSTAGRAM.COM/MARCIENE_DA_COSTA"
"01/10/2026";"08:31:01";2026;"GO";2;"ELEIÇÃO ORDINÁRIA";6259;"ELEIÇÕES GERAIS ESTADUAIS 2026";90002540149;6;"https://www.kwai.com/@fabriciorosa13"
"01/10/2026";"08:31:01";2026;"GO";2;"ELEIÇÃO ORDINÁRIA";6259;"ELEIÇÕES GERAIS ESTADUAIS 2026";90002549172;1;"HTTPS://WWW.INSTAGRAM.COM/JOAOALBERTOVROFICIAL?IGSH=MNFVBXDXM3A3ZNK0"
"01/10/2026";"08:31:01";2026;"GO";2;"ELEIÇÃO ORDINÁRIA";6259;"ELEIÇÕES GERAIS ESTADUAIS 2026";90002543572;3;"https://www.threads.com/deputadoelieljunior"
"01/10/2026";"08:31:01";2026;"GO";2;"ELEIÇÃO ORDINÁRIA";6259;"ELEIÇÕES GERAIS ESTADUAIS 2026";90002543450;2;"HTTPS://WWW.YOUTUBE.COM/@FERNANDOVIANAPSOL"
"01/10/2026";"08:31:01";2026;"GO";2;"ELEIÇÃO ORDINÁRIA";6259;"ELEIÇÕES GERAIS ESTADUAIS 2026";90002543452;2;"HTTPS://WWW.FACEBOOK.COM/SHARE/1LLZM5QXHL/"
"01/10/2026";"08:31:01";2026;"GO";2;"ELEIÇÃO ORDINÁRIA";6259;"ELEIÇÕES GERAIS ESTADUAIS 2026";90002543459;5;"61 99414-2802"
"01/10/2026";"08:31:01";2026;"GO";2;"ELEIÇÃO ORDINÁRIA";6259;"ELEIÇÕES GERAIS ESTADUAIS 2026";90002543463;8;"https://x.com/marconiperillo"
"01/10/2026";"08:31:01";2026;"GO";2;"ELEIÇÃO ORDINÁRIA";6259;"ELEIÇÕES GERAIS ESTADUAIS 2026";90002543467;4;"HTTPS://WWW.FACEBOOK.COM/PEDROHRSALES"
"01/10/2026";"08:31:01";2026;"GO";2;"ELEIÇÃO ORDINÁRIA";6259;"ELEIÇÕES GERAIS ESTADUAIS 2026";90002540136;3;"FACEBOOK/WDDSOUSA"
"01/10/2026";"08:31:01";2026;"GO";2;"ELEIÇÃO ORDINÁRIA";6259;"ELEIÇÕES GERAIS ESTADUAIS 2026";90002540152;2;"@TORMINCASSIANA"
"01/10/2026";"08:31:01";2026;"GO";2;"ELEIÇÃO ORDINÁRIA";6259;"ELEIÇÕES GERAIS ESTADUAIS 2026";90002540860;1;"FACEBOOK/FERNANDESSOUSA"
"01/10/2026";"08:31:01";2026;"GO";2;"ELEIÇÃO ORDINÁRIA";6259;"ELEIÇÕES GERAIS ESTADUAIS 2026";90002538943;2;"HTTPS://WWW.FACEBOOK.COM/SHARE/1CBQCJBXKJ/"
"01/10/2026";"08:31:01";2026;"GO";2;"ELEIÇÃO ORDINÁRIA";6259;"ELEIÇÕES GERAIS ESTADUAIS 2026";90002543215;4;"HTTPS://WWW.INSTAGRAM.COM/VANDERLANCARDOSOOFICIAL/"
"01/10/2026";"08:31:01";2026;"GO";2;"ELEIÇÃO ORDINÁRIA";6259;"ELEIÇÕES GERAIS ESTADUAIS 2026";90002551791;9;"https://whatsapp.com/channel/0029VbBmwVNKAwEhqcfHKy3R"
"01/10/2026";"08:31:01";2026;"GO";2;"ELEIÇÃO ORDINÁRIA";6259;"ELEIÇÕES GERAIS ESTADUAIS 2026";90002543243;3;"https://www.facebook.com/share/1EUfhao2St/?mibextid=wwXIfr"
"01/10/2026";"08:31:01";2026;"GO";2;"ELEIÇÃO ORDINÁRIA";6259;"ELEIÇÕES GERAIS ESTADUAIS 2026";90002546224;3;"LINEUOLIMPIO.COM.BR"
"01/10/2026";"08:31:01";2026;"GO";2;"ELEIÇÃO ORDINÁRIA";6259;"ELEIÇÕES GERAIS ESTADUAIS 2026";90002546225;1;"YOUTUBE CAIROSALIM"
"01/10/2026";"08:31:01";2026;"GO";2;"ELEIÇÃO ORDINÁRIA";6259;"ELEIÇÕES GERAIS ESTADUAIS 2026";90002546225;3;"TIK TOK DEPUTADOCAIROSALIM"
"01/10/2026";"08:31:01";2026;"GO";2;"ELEIÇÃO ORDINÁRIA";6259;"ELEIÇÕES GERAIS ESTADUAIS 2026";90002546242;5;"https://www.facebook.com/share/1HciQudAK8/"
"01/10/2026";"08:31:01";2026;"GO";2;"ELEIÇÃO ORDINÁRIA";6259;"ELEIÇÕES GERAIS ESTADUAIS 2026";90002549168;6;"https://youtube.com/@coroneladailtonoficial?si=wdnpy1SPkKWpYOkY"
"01/10/2026";"08:31:01";2026;"GO";2;"ELEIÇÃO ORDINÁRIA";6259;"ELEIÇÕES GERAIS ESTADUAIS 2026";90002543182;3;"INSTAGRAM.COM/FALAFABIOCORREA"
"01/10/2026";"08:31:01";2026;"GO";2;"ELEIÇÃO ORDINÁRIA";6259;"ELEIÇÕES GERAIS ESTADUAIS 2026";90002541452;1;"@VICTORDUTRAPV"
"01/10/2026";"08:31:01";2026;"GO";2;"ELEIÇÃO ORDINÁRIA";6259;"ELEIÇÕES GERAIS ESTADUAIS 2026";90002541454;6;"https://www.threads.com/@cintiadiaspsol"
"01/10/2026";"08:31:01";2026;"GO";2;"ELEIÇÃO ORDINÁRIA";6259;"ELEIÇÕES GERAIS ESTADUAIS 2026";90002551412;2;"@MSP_NASSERDAHER"
"01/10/2026";"08:31:01";2026;"GO";2;"ELEIÇÃO ORDINÁRIA";6259;"ELEIÇÕES GERAIS ESTADUAIS 2026";90002550209;1;"RGAAOVIVO.COM.BR"
"01/10/2026";"08:31:01";2026;"GO";2;"ELEIÇÃO ORDINÁRIA";6259;"ELEIÇÕES GERAIS ESTADUAIS 2026";90002550210;1;"@SALMOCABRAL1234"
"01/10/2026";"08:31:01";2026;"GO";2;"ELEIÇÃO ORDINÁRIA";6259;"ELEIÇÕES GERAIS ESTADUAIS 2026";90002550212;1;"INSTAGRAM:@DREDSON.CANDIDO"
"01/10/2026";"08:31:01";2026;"GO";2;"ELEIÇÃO ORDINÁRIA";6259;"ELEIÇÕES GERAIS ESTADUAIS 2026";90002537636;4;"HTTPS://WWW.INSTAGRAM.COM/_ANGELITADUARTE?IGSH=MXRICZJHEW5MB2F0BQ=="
"01/10/2026";"08:31:01";2026;"GO";2;"ELEIÇÃO ORDINÁRIA";6259;"ELEIÇÕES GERAIS ESTADUAIS 2026";90002537641;1;"HTTPS://WWW.INSTAGRAM.COM/VANESSAFARIAS.OFICIAL/"
"01/10/2026";"08:31:01";2026;"GO";2;"ELEIÇÃO ORDINÁRIA";6259;"ELEIÇÕES GERAIS ESTADUAIS 2026";90002537641;4;"HTTPS://WWW.FACEBOOK.COM/SHARE/19DD3BAHET/?MIBEXTID=WWXIFR"
"01/10/2026";"08:31:01";2026;"GO";2;"ELEIÇÃO ORDINÁRIA";6259;"ELEIÇÕES GERAIS ESTADUAIS 2026";90002537425;1;"HTTPS://WWW.TIKTOK.COM/@ZILMAFERREIRA03?_R=1&_T=ZS-98T6JGPTRT7"
"01/10/2026";"08:31:01";2026;"GO";2;"ELEIÇÃO ORDINÁRIA";6259;"ELEIÇÕES GERAIS ESTADUAIS 2026";90002537440;1;"HTTPS://WWW.TIKTOK.COM/@DRLOURIVALLOBO"
"01/10/2026";"08:31:01";2026;"GO";2;"ELEIÇÃO ORDINÁRIA";6259;"ELEIÇÕES GERAIS ESTADUAIS 2026";90002537442;1;"HTTPS://WWW.INSTAGRAM.COM/DAIA.NA225?IGSH=OHCXOHF5ZHGWBMT2"
"01/10/2026";"08:31:01";2026;"GO";2;"ELEIÇÃO ORDINÁRIA";6259;"ELEIÇÕES GERAIS ESTADUAIS 2026";90002540969;1;"HTTPS://WWW.INSTAGRAM.COM/DRAFERNANDASARELLI?IGSH=MWFVZ2I2ETRUCGXTBW=="
"01/10/2026";"08:31:01";2026;"GO";2;"ELEIÇÃO ORDINÁRIA";6259;"ELEIÇÕES GERAIS ESTADUAIS 2026";90002540972;1;"HTTPS://WWW.INSTAGRAM.COM/AGENORCURADO02?IGSH=MXUYCMTKDZJJNWXJDG=="
"01/10/2026";"08:31:01";2026;"GO";2;"ELEIÇÃO ORDINÁRIA";6259;"ELEIÇÕES GERAIS ESTADUAIS 2026";90002547095;3;"https://www.youtube.com/@vereadorjoaodaluz3510"
"01/10/2026";"08:31:01";2026;"GO";2;"ELEIÇÃO ORDINÁRIA";6259;"ELEIÇÕES GERAIS ESTADUAIS 2026";90002543781;1;"HTTPS://WWW.FACEBOOK.COM/WILLIANVELOSO.GO/"
"01/10/2026";"08:31:01";2026;"GO";2;"ELEIÇÃO ORDINÁRIA";6259;"ELEIÇÕES GERAIS ESTADUAIS 2026";90002543784;1;"HTTPS://TR.EE/O7CVJPZ1I3"
"01/10/2026";"08:31:01";2026;"GO";2;"ELEIÇÃO ORDINÁRIA";6259;"ELEIÇÕES GERAIS ESTADUAIS 2026";90002543786;3;"HTTPS://WWW.YOUTUBE.COM/@RAFAELVASCONCELOSGOIAS"
"01/10/2026";"08:31:01";2026;"GO";2;"ELEIÇÃO ORDINÁRIA";6259;"ELEIÇÕES GERAIS ESTADUAIS 2026";90002543788;4;"HTTPS://WWW.FACEBOOK.COM/DEPUTADOMAJORARAUJO/#"
"01/10/2026";"08:31:01";2026;"GO";2;"ELEIÇÃO ORDINÁRIA";6259;"ELEIÇÕES GERAIS ESTADUAIS 2026";90002543120;1;"@SILVEIRAMOURA33"
"01/10/2026";"08:31:01";2026;"GO";2;"ELEIÇÃO ORDINÁRIA";6259;"ELEIÇÕES GERAIS ESTADUAIS 2026";90002543161;1;"HTTPS://WWW.INSTAGRAM.COM/CLEITONLAZARO1?IGSH=DGR1DDVZOXK2D29W"
"01/10/2026";"08:31:01";2026;"GO";2;"ELEIÇÃO ORDINÁRIA";6259;"ELEIÇÕES GERAIS ESTADUAIS 2026";90002543168;1;"HTTPS://WWW.TIKTOK.COM/@GISLENE.SANTANA96?_R=1&_T=ZS-98BL0HSVRJP"
"01/10/2026";"08:31:01";2026;"GO";2;"ELEIÇÃO ORDINÁRIA";6259;"ELEIÇÕES GERAIS ESTADUAIS 2026";90002543171;1;"HTTPS://WWW.INSTAGRAM.COM/SOUWESLEYSANTOS?IGSH=MXDYEHPJZMRJMDD4AW=="
"01/10/2026";"08:31:01";2026;"GO";2;"ELEIÇÃO ORDINÁRIA";6259;"ELEIÇÕES GERAIS ESTADUAIS 2026";90002543173;3;"HTTPS://FERNANDOCRUVINELGO.COM.BR/"
"01/10/2026";"08:31:01";2026;"GO";2;"ELEIÇÃO ORDINÁRIA";6259;"ELEIÇÕES GERAIS ESTADUAIS 2026";90002544866;1;"HTTPS://WWW.INSTAGRAM.COM/PATRICIA_MARIAFIRMINO/"
"01/10/2026";"08:31:01";2026;"GO";2;"ELEIÇÃO ORDINÁRIA";6259;"ELEIÇÕES GERAIS ESTADUAIS 2026";90002544871;1;"HTTPS://WWW.INSTAGRAM.COM/DRAFABIANNELEAO/"
"01/10/2026";"08:31:01";2026;"GO";2;"ELEIÇÃO ORDINÁRIA";6259;"ELEIÇÕES GERAIS ESTADUAIS 2026";90002544878;4;"https:w.w.w.youtube.com/@dr.jmachadooficial"
"01/10/2026";"08:31:01";2026;"GO";2;"ELEIÇÃO ORDINÁRIA";6259;"ELEIÇÕES GERAIS ESTADUAIS 2026";90002544881;6;"https://www.facebook.com/share/1JD8aATLHV/"
"01/10/2026";"08:31:01";2026;"GO";2;"ELEIÇÃO ORDINÁRIA";6259;"ELEIÇÕES GERAIS ESTADUAIS 2026";90002544882;1;"https://www.instagram.com/wesley_suspencar/"
"01/10/2026";"08:31:01";2026;"GO";2;"ELEIÇÃO ORDINÁRIA";6259;"ELEIÇÕES GERAIS ESTADUAIS 2026";90002537428;3;"HTTPS://WWW.FACEBOOK.COM/PRHENRIQUECESAR"
"01/10/2026";"08:31:01";2026;"GO";2;"ELEIÇÃO ORDINÁRIA";6259;"ELEIÇÕES GERAIS ESTADUAIS 2026";90002537390;3;"HTTPS://WWW.INSTAGRAM.COM/GLAUSTINDAFOKUS?IGSH=MTRONDM4MMX4AM92ZA%3D%3D&UTM_SOUR"
"01/10/2026";"08:31:01";2026;"GO";2;"ELEIÇÃO ORDINÁRIA";6259;"ELEIÇÕES GERAIS ESTADUAIS 2026";90002543776;2;"TIKTOK.COM/@ALEXNEPOMOCENO2024"
"01/10/2026";"08:31:01";2026;"GO";2;"ELEIÇÃO ORDINÁRIA";6259;"ELEIÇÕES GERAIS ESTADUAIS 2026";90002543789;5;"HTTPS://GETTR.COM/USER/PROF_REGINALDOPACHECO"
"01/10/2026";"08:31:01";2026;"GO";2;"ELEIÇÃO ORDINÁRIA";6259;"ELEIÇÕES GERAIS ESTADUAIS 2026";90002543801;2;"HTTPS://WWW.TIKTOK.COM/DIEYME_VASCONCELOS"
"01/10/2026";"08:31:01";2026;"GO";2;"ELEIÇÃO ORDINÁRIA";6259;"ELEIÇÕES GERAIS ESTADUAIS 2026";90002554683;1;"amiltonfilhooficial"
"01/10/2026";"08:31:01";2026;"GO";2;"ELEIÇÃO ORDINÁRIA";6259;"ELEIÇÕES GERAIS ESTADUAIS 2026";90002543827;1;"HTTPS://M.FACEBOOK.COM/AIRTOMCOELHO.COELHO/"
"01/10/2026";"08:31:01";2026;"GO";2;"ELEIÇÃO ORDINÁRIA";6259;"ELEIÇÕES GERAIS ESTADUAIS 2026";90002543829;2;"YOUTUBE.COM/@DIEGOJEJEES"
"01/10/2026";"08:31:01";2026;"GO";2;"ELEIÇÃO ORDINÁRIA";6259;"ELEIÇÕES GERAIS ESTADUAIS 2026";90002543833;1;"HTTPS://WWW.INSTAGRAM.COM/ANTONIOZAYEK/"
"01/10/2026";"08:31:01";2026;"GO";2;"ELEIÇÃO ORDINÁRIA";6259;"ELEIÇÕES GERAIS ESTADUAIS 2026";90002543836;5;"HTTPS://K.KWAI.COM/U/@STHEFANI21OFICIAL/QXZCGSC5"
"01/10/2026";"08:31:01";2026;"GO";2;"ELEIÇÃO ORDINÁRIA";6259;"ELEIÇÕES GERAIS ESTADUAIS 2026";90002543836;12;"HTTPS://WWW.INSTAGRAM.COM/THEFINASCIMETO?IGSH=D3M0CHJVBNJ2MTL0"
"01/10/2026";"08:31:01";2026;"GO";2;"ELEIÇÃO ORDINÁRIA";6259;"ELEIÇÕES GERAIS ESTADUAIS 2026";90002543839;1;"HTTPS://WWW.INSTAGRAM.COM/062_JOVEM_SOCIALISTA?IGSH=CGU0YTC4ZDV1AZJM&UTM_SOURCE="
"01/10/2026";"08:31:01";2026;"GO";2;"ELEIÇÃO ORDINÁRIA";6259;"ELEIÇÕES GERAIS ESTADUAIS 2026";90002552718;1;"https://www.instagram.com/galegodaferragista?igsh=NmtwZjd1Mm5reXE1"
"01/10/2026";"08:31:01";2026;"GO";2;"ELEIÇÃO ORDINÁRIA";6259;"ELEIÇÕES GERAIS ESTADUAIS 2026";90002543493;2;"FACEBOOK ELIANE NASCIMENTO"
"01/10/2026";"08:31:01";2026;"GO";2;"ELEIÇÃO ORDINÁRIA";6259;"ELEIÇÕES GERAIS ESTADUAIS 2026";90002547080;1;"HTTPS://WWW.INSTAGRAM.COM/MARTAQUINTILIANO/?HL=PT-BR"
"01/10/2026";"08:31:01";2026;"GO";2;"ELEIÇÃO ORDINÁRIA";6259;"ELEIÇÕES GERAIS ESTADUAIS 2026";90002547096;4;"https://www.threads.com/@prefeitoleonardomenezes"
"01/10/2026";"08:31:01";2026;"GO";2;"ELEIÇÃO ORDINÁRIA";6259;"ELEIÇÕES GERAIS ESTADUAIS 2026";90002547099;2;"HTTPS://WWW.INSTAGRAM.COM/OSMARLISBOATV/"
"01/10/2026";"08:31:01";2026;"GO";2;"ELEIÇÃO ORDINÁRIA";6259;"ELEIÇÕES GERAIS ESTADUAIS 2026";90002547107;2;"https://www.tiktok.com/@cepitaoficial?_r=1&_t=ZS-99Oe1UXJ7fI"
"01/10/2026";"08:31:01";2026;"GO";2;"ELEIÇÃO ORDINÁRIA";6259;"ELEIÇÕES GERAIS ESTADUAIS 2026";90002547140;1;"HTTPS://WWW.INSTAGRAM.COM/FELLIPEFFONSECA"
"01/10/2026";"08:31:01";2026;"GO";2;"ELEIÇÃO ORDINÁRIA";6259;"ELEIÇÕES GERAIS ESTADUAIS 2026";90002539146;3;"https://www.tiktok.com/@trajano4?_r=1&_t=ZS-99NI99QI5aP"
"01/10/2026";"08:31:01";2026;"GO";2;"ELEIÇÃO ORDINÁRIA";6259;"ELEIÇÕES GERAIS ESTADUAIS 2026";90002539149;1;"INSTAGRAN/PROFMAURELIO"
"01/10/2026";"08:31:01";2026;"GO";2;"ELEIÇÃO ORDINÁRIA";6259;"ELEIÇÕES GERAIS ESTADUAIS 2026";90002541709;1;"HTTPS://GUILHERMEKHALIL.COM.BR"
"01/10/2026";"08:31:01";2026;"GO";2;"ELEIÇÃO ORDINÁRIA";6259;"ELEIÇÕES GERAIS ESTADUAIS 2026";90002549181;4;"HTTPS://WWW.YOUTUBE.COM/@TCORONELMAIA190"
"01/10/2026";"08:31:01";2026;"GO";2;"ELEIÇÃO ORDINÁRIA";6259;"ELEIÇÕES GERAIS ESTADUAIS 2026";90002543773;3;"HTTPS://WWW.FACEBOOK.COM/BRENASANTOSGO"
"01/10/2026";"08:31:01";2026;"GO";2;"ELEIÇÃO ORDINÁRIA";6259;"ELEIÇÕES GERAIS ESTADUAIS 2026";90002543850;3;"HTTPS://WWW.INSTAGRAM.COM/VALERIAANASTACIO"
"01/10/2026";"08:31:01";2026;"GO";2;"ELEIÇÃO ORDINÁRIA";6259;"ELEIÇÕES GERAIS ESTADUAIS 2026";90002543453;1;"HTTPS://WWW.INSTAGRAM.COM/SEBASTIAO.SILVERIO.731/"
"01/10/2026";"08:31:01";2026;"GO";2;"ELEIÇÃO ORDINÁRIA";6259;"ELEIÇÕES GERAIS ESTADUAIS 2026";90002543455;4;"HTTPS://M.FACEBOOK.COM/VICTOROVERDE/"
"01/10/2026";"08:31:01";2026;"GO";2;"ELEIÇÃO ORDINÁRIA";6259;"ELEIÇÕES GERAIS ESTADUAIS 2026";90002543461;3;"HTTPS://WWW.TIKTOK.COM/@FONTESVIDEOS?_R=1&_T=ZS-98GVEEGVZFU"
"01/10/2026";"08:31:01";2026;"GO";2;"ELEIÇÃO ORDINÁRIA";6259;"ELEIÇÕES GERAIS ESTADUAIS 2026";90002543467;1;"HTTPS://LINKTR.EE/PEDROHRSALES"
"01/10/2026";"08:31:01";2026;"GO";2;"ELEIÇÃO ORDINÁRIA";6259;"ELEIÇÕES GERAIS ESTADUAIS 2026";90002540139;4;"https://gomide13.com.br/"
"01/10/2026";"08:31:01";2026;"GO";2;"ELEIÇÃO ORDINÁRIA";6259;"ELEIÇÕES GERAIS ESTADUAIS 2026";90002540147;1;"INTAGRAM/@ANACAROLDEP"
"01/10/2026";"08:31:01";2026;"GO";2;"ELEIÇÃO ORDINÁRIA";6259;"ELEIÇÕES GERAIS ESTADUAIS 2026";90002538942;1;"HTTPS://WWW.TIKTOK.COM/@GISELECOLLETEFRAN?_R=1&_T=ZS-98AUJVXRJV4"
"01/10/2026";"08:31:01";2026;"GO";2;"ELEIÇÃO ORDINÁRIA";6259;"ELEIÇÕES GERAIS ESTADUAIS 2026";90002543215;3;"HTTPS://X.COM/VANDERLAN_VC"
"01/10/2026";"08:31:01";2026;"GO";2;"ELEIÇÃO ORDINÁRIA";6259;"ELEIÇÕES GERAIS ESTADUAIS 2026";90002543246;2;"https://www.facebook.com/josenelto1123"
"01/10/2026";"08:31:01";2026;"GO";2;"ELEIÇÃO ORDINÁRIA";6259;"ELEIÇÕES GERAIS ESTADUAIS 2026";90002543237;2;"HTTPS://WWW.BRUNOPEIXOTO.COM/"
"01/10/2026";"08:31:01";2026;"GO";2;"ELEIÇÃO ORDINÁRIA";6259;"ELEIÇÕES GERAIS ESTADUAIS 2026";90002543237;4;"HTTPS://WWW.INSTAGRAM.COM/BRUNOPEIXOTOOFICIAL/"
"01/10/2026";"08:31:01";2026;"GO";2;"ELEIÇÃO ORDINÁRIA";6259;"ELEIÇÕES GERAIS ESTADUAIS 2026";90002543178;2;"HTTPS://WWW.TIKTOK.COM/@DELEGADOCRISTIOMARIO?_R=1&_T=ZS-98BM9ORQ1KP /"
"01/10/2026";"08:31:01";2026;"GO";2;"ELEIÇÃO ORDINÁRIA";6259;"ELEIÇÕES GERAIS ESTADUAIS 2026";90002543185;2;"HTTPS://WWW.INSTAGRAM.COM/WESLEYSANDERSANDER?IGSH=ZZBLDZK0DXMWDNPJ&UTM_SOURCE=QR"
"01/10/2026";"08:31:01";2026;"GO";2;"ELEIÇÃO ORDINÁRIA";6259;"ELEIÇÕES GERAIS ESTADUAIS 2026";90002542612;4;"HTTPS://WWW.FACEBOOK.COM/ADILIA.RORIZORNELAS"
"01/10/2026";"08:31:01";2026;"GO";2;"ELEIÇÃO ORDINÁRIA";6259;"ELEIÇÕES GERAIS ESTADUAIS 2026";90002542622;2;"WWW.CAMILAMONDARDO.COM.BR"
"01/10/2026";"08:31:01";2026;"GO";2;"ELEIÇÃO ORDINÁRIA";6259;"ELEIÇÕES GERAIS ESTADUAIS 2026";90002543227;1;"HTTPS://WWW.INSTAGRAM.COM/SUBTENENTESERGIO/"
"01/10/2026";"08:31:01";2026;"GO";2;"ELEIÇÃO ORDINÁRIA";6259;"ELEIÇÕES GERAIS ESTADUAIS 2026";90002543232;2;"HTTPS://WWW.INSTAGRAM.COM/PROFESSORA_NAILDE_LIMA/"
"01/10/2026";"08:31:01";2026;"GO";2;"ELEIÇÃO ORDINÁRIA";6259;"ELEIÇÕES GERAIS ESTADUAIS 2026";90002537392;5;"HTTPS://WWW.YOUTUBE.COM/@BOIADEIRADEJESUS"
"01/10/2026";"08:31:01";2026;"GO";2;"ELEIÇÃO ORDINÁRIA";6259;"ELEIÇÕES GERAIS ESTADUAIS 2026";90002537425;3;"HTTPS://WWW.FACEBOOK.COM/PROFILE.PHP?ID=61591486122222"
"01/10/2026";"08:31:01";2026;"GO";2;"ELEIÇÃO ORDINÁRIA";6259;"ELEIÇÕES GERAIS ESTADUAIS 2026";90002537429;5;"HTTPS://WWW.TIKTOK.COM/@PROFESSORMARCOSJR?_R=1&_D=F2J4C4MF59H4M2&SEC_UID=MS4WLJA"
"01/10/2026";"08:31:01";2026;"GO";2;"ELEIÇÃO ORDINÁRIA";6259;"ELEIÇÕES GERAIS ESTADUAIS 2026";90002539161;6;"https://www.tiktok.com/@fabio.tokarski?_r=1&_t=ZS-99NHxq78DGH"
"01/10/2026";"08:31:01";2026;"GO";2;"ELEIÇÃO ORDINÁRIA";6259;"ELEIÇÕES GERAIS ESTADUAIS 2026";90002537437;1;"HTTPS://WWW.FACEBOOK.COM/SHARE/1JBJ6JSYZI/?MIBEXTID=WWXIFR"
"01/10/2026";"08:31:01";2026;"GO";2;"ELEIÇÃO ORDINÁRIA";6259;"ELEIÇÕES GERAIS ESTADUAIS 2026";90002540959;1;"HTTPS://WWW.INSTAGRAM.COM/CLESIAOLIVEIRA_?IGSH=Z3U5NWOYYTZ5ZTH2"
"01/10/2026";"08:31:01";2026;"GO";2;"ELEIÇÃO ORDINÁRIA";6259;"ELEIÇÕES GERAIS ESTADUAIS 2026";90002537450;9;"https://www.tiktok.com/@siidpeao"
"01/10/2026";"08:31:01";2026;"GO";2;"ELEIÇÃO ORDINÁRIA";6259;"ELEIÇÕES GERAIS ESTADUAIS 2026";90002537455;8;"HTTPS://WWW.FACEBOOK.COM/SHARE/1BWONEDVRY/"
"01/10/2026";"08:31:01";2026;"GO";2;"ELEIÇÃO ORDINÁRIA";6259;"ELEIÇÕES GERAIS ESTADUAIS 2026";90002547404;1;"HTTPS://WWW.FACEBOOK.COM/TALESDECASTROCASSIANO"
"01/10/2026";"08:31:01";2026;"GO";2;"ELEIÇÃO ORDINÁRIA";6259;"ELEIÇÕES GERAIS ESTADUAIS 2026";90002537438;2;"ISAACMARTINS.COM.BR"
"01/10/2026";"08:31:01";2026;"GO";2;"ELEIÇÃO ORDINÁRIA";6259;"ELEIÇÕES GERAIS ESTADUAIS 2026";90002540961;2;"https://www.facebook.com/leandroventuraalves.ventura/"
"01/10/2026";"08:31:01";2026;"GO";2;"ELEIÇÃO ORDINÁRIA";6259;"ELEIÇÕES GERAIS ESTADUAIS 2026";90002543794;1;"HTTPS://WWW.INSTAGRAM.COM/EDINALVA.CIRQUEIRA?IGSH=ZHI2YJVQZXLKMZLW"
"01/10/2026";"08:31:01";2026;"GO";2;"ELEIÇÃO ORDINÁRIA";6259;"ELEIÇÕES GERAIS ESTADUAIS 2026";90002543806;4;"https://www.threads.com/@majorhugochristiani"
"01/10/2026";"08:31:01";2026;"GO";2;"ELEIÇÃO ORDINÁRIA";6259;"ELEIÇÕES GERAIS ESTADUAIS 2026";90002543122;1;"@LEANDRORIBEIROAPS"
"01/10/2026";"08:31:01";2026;"GO";2;"ELEIÇÃO ORDINÁRIA";6259;"ELEIÇÕES GERAIS ESTADUAIS 2026";90002543125;1;"@ZEDINIZ26"
"01/10/2026";"08:31:01";2026;"GO";2;"ELEIÇÃO ORDINÁRIA";6259;"ELEIÇÕES GERAIS ESTADUAIS 2026";90002546229;2;"INSTAGRAM: @JENIFFERMORAISNEURO"
"01/10/2026";"08:31:01";2026;"GO";2;"ELEIÇÃO ORDINÁRIA";6259;"ELEIÇÕES GERAIS ESTADUAIS 2026";90002551790;1;"HTTPS://WWW.INSTAGRAM.COM/ANAPAULAREZENDEPL"
"01/10/2026";"08:31:01";2026;"GO";2;"ELEIÇÃO ORDINÁRIA";6259;"ELEIÇÕES GERAIS ESTADUAIS 2026";90002543247;4;"https://salmabahia.com.br/"
"01/10/2026";"08:31:01";2026;"GO";2;"ELEIÇÃO ORDINÁRIA";6259;"ELEIÇÕES GERAIS ESTADUAIS 2026";90002543248;4;"@DELEGADO_WALDIR"
"01/10/2026";"08:31:01";2026;"GO";2;"ELEIÇÃO ORDINÁRIA";6259;"ELEIÇÕES GERAIS ESTADUAIS 2026";90002543836;10;"THEFINASCIMETO@GMAIL.COM"
"01/10/2026";"08:31:01";2026;"GO";2;"ELEIÇÃO ORDINÁRIA";6259;"ELEIÇÕES GERAIS ESTADUAIS 2026";90002543486;1;"FLORISMAR.JUNIOR"
"01/10/2026";"08:31:01";2026;"GO";2;"ELEIÇÃO ORDINÁRIA";6259;"ELEIÇÕES GERAIS ESTADUAIS 2026";90002543493;1;"@ELIANENASCIMENTO"
"01/10/2026";"08:31:01";2026;"GO";2;"ELEIÇÃO ORDINÁRIA";6259;"ELEIÇÕES GERAIS ESTADUAIS 2026";90002543495;1;"HTTPS://WWW.FACEBOOK.COM/DANIELVAZDOSINDICATO"
"01/10/2026";"08:31:01";2026;"GO";2;"ELEIÇÃO ORDINÁRIA";6259;"ELEIÇÕES GERAIS ESTADUAIS 2026";90002547005;1;"HTTPS://WWW.INSTAGRAM.COM/ROSIGUIMARAESGOIAS"
"01/10/2026";"08:31:01";2026;"GO";2;"ELEIÇÃO ORDINÁRIA";6259;"ELEIÇÕES GERAIS ESTADUAIS 2026";90002547006;3;"https://www.facebook.com/beto.neves.948?locale=pt_BR"
"01/10/2026";"08:31:01";2026;"GO";2;"ELEIÇÃO ORDINÁRIA";6259;"ELEIÇÕES GERAIS ESTADUAIS 2026";90002547010;3;"HTTPS://M.FACEBOOK.COM/CALIFEJAMIL"
"01/10/2026";"08:31:01";2026;"GO";2;"ELEIÇÃO ORDINÁRIA";6259;"ELEIÇÕES GERAIS ESTADUAIS 2026";90002547010;4;"HTTPS://WWW.JAMILCALIFE.COM.BR"
"01/10/2026";"08:31:01";2026;"GO";2;"ELEIÇÃO ORDINÁRIA";6259;"ELEIÇÕES GERAIS ESTADUAIS 2026";90002547023;1;"HTTPS://WWW.INSTAGRAM.COM/PRMARCIEL.DAQUI?IGSH=MTNJNHRMZ3K4M3VOEQ=="
"01/10/2026";"08:31:01";2026;"GO";2;"ELEIÇÃO ORDINÁRIA";6259;"ELEIÇÕES GERAIS ESTADUAIS 2026";90002547074;4;"https://www.waltterlenneenglen.com.br/"
"01/10/2026";"08:31:01";2026;"GO";2;"ELEIÇÃO ORDINÁRIA";6259;"ELEIÇÕES GERAIS ESTADUAIS 2026";90002547094;2;"https://www.youtub.com/@RebecaRomero"
"01/10/2026";"08:31:01";2026;"GO";2;"ELEIÇÃO ORDINÁRIA";6259;"ELEIÇÕES GERAIS ESTADUAIS 2026";90002547098;1;"HTTPS://WWW.INSTAGRAM.COM/ELIETEPAIXAO.CANEDO/"
"01/10/2026";"08:31:01";2026;"GO";2;"ELEIÇÃO ORDINÁRIA";6259;"ELEIÇÕES GERAIS ESTADUAIS 2026";90002547104;3;"https://www.facebook.com/itamarleaosanclerlandia"
"01/10/2026";"08:31:01";2026;"GO";2;"ELEIÇÃO ORDINÁRIA";6259;"ELEIÇÕES GERAIS ESTADUAIS 2026";90002547125;3;"https://www.paulodovale55244.com.br/"
"01/10/2026";"08:31:01";2026;"GO";2;"ELEIÇÃO ORDINÁRIA";6259;"ELEIÇÕES GERAIS ESTADUAIS 2026";90002547138;2;"HTTPS://WWW.INSTAGRAM.COM/DR.EZIZIOBARBOSA/"
"01/10/2026";"08:31:01";2026;"GO";2;"ELEIÇÃO ORDINÁRIA";6259;"ELEIÇÕES GERAIS ESTADUAIS 2026";90002547403;2;"HTTPS://WWW.TIKTOK.COM/@ADEDY.SANTANA?_R=1&_T=ZS-98GKXMBASEQ"
"01/10/2026";"08:31:01";2026;"GO";2;"ELEIÇÃO ORDINÁRIA";6259;"ELEIÇÕES GERAIS ESTADUAIS 2026";90002540937;2;"HTTPS://X.COM/JUIZCUBAS"
"01/10/2026";"08:31:01";2026;"GO";2;"ELEIÇÃO ORDINÁRIA";6259;"ELEIÇÕES GERAIS ESTADUAIS 2026";90002543560;4;"http://x.com/oseiasvarao?s=11&t=f99g5re_9VyXwvZMXsoiNw"
"01/10/2026";"08:31:01";2026;"GO";2;"ELEIÇÃO ORDINÁRIA";6259;"ELEIÇÕES GERAIS ESTADUAIS 2026";90002541699;2;"https://instagram.com/ozeias.missao"
"01/10/2026";"08:31:01";2026;"GO";2;"ELEIÇÃO ORDINÁRIA";6259;"ELEIÇÕES GERAIS ESTADUAIS 2026";90002546247;3;"FACEBOOK @ABIMAELJATAI"
"01/10/2026";"08:31:01";2026;"GO";2;"ELEIÇÃO ORDINÁRIA";6259;"ELEIÇÕES GERAIS ESTADUAIS 2026";90002548067;1;"@VICTORSALATIEL"
"01/10/2026";"08:31:01";2026;"GO";2;"ELEIÇÃO ORDINÁRIA";6259;"ELEIÇÕES GERAIS ESTADUAIS 2026";90002548076;1;"@J_ANDRADE"
"01/10/2026";"08:31:01";2026;"GO";2;"ELEIÇÃO ORDINÁRIA";6259;"ELEIÇÕES GERAIS ESTADUAIS 2026";90002543777;2;"HTTPS://WWW.INSTAGRAM.COM/ZEMARIAXERIFE/"
"01/10/2026";"08:31:01";2026;"GO";2;"ELEIÇÃO ORDINÁRIA";6259;"ELEIÇÕES GERAIS ESTADUAIS 2026";90002543851;7;"HTTPS://WWW.TIKTOK.COM/TIKTOKLITE"
"01/10/2026";"08:31:01";2026;"GO";2;"ELEIÇÃO ORDINÁRIA";6259;"ELEIÇÕES GERAIS ESTADUAIS 2026";90002548665;4;"https://www.tiktok.com/@maurogomes9490?_r=1&_t=ZS-99d6NfyWl40"
"01/10/2026";"08:31:01";2026;"GO";2;"ELEIÇÃO ORDINÁRIA";6259;"ELEIÇÕES GERAIS ESTADUAIS 2026";90002543448;4;"HTTPS://K.KWAI.COM/U/@BERNARDOXAVIER4747"
"01/10/2026";"08:31:01";2026;"GO";2;"ELEIÇÃO ORDINÁRIA";6259;"ELEIÇÕES GERAIS ESTADUAIS 2026";90002543460;2;"HTTPS://WWW.INSTAGRAM.COM/DAMIAODAMORADIA/"
"01/10/2026";"08:31:01";2026;"GO";2;"ELEIÇÃO ORDINÁRIA";6259;"ELEIÇÕES GERAIS ESTADUAIS 2026";90002543462;5;"HTTPS://WWW.YOUTUBE.COM/@CARMEMOLIVEIRAOFC"
"01/10/2026";"08:31:01";2026;"GO";2;"ELEIÇÃO ORDINÁRIA";6259;"ELEIÇÕES GERAIS ESTADUAIS 2026";90002540144;2;"INSTAGRAM/CLEITONESILVA13"
"01/10/2026";"08:31:01";2026;"GO";2;"ELEIÇÃO ORDINÁRIA";6259;"ELEIÇÕES GERAIS ESTADUAIS 2026";90002540151;3;"https://www.instagram.com/regianefreire65180/"
"01/10/2026";"08:31:01";2026;"GO";2;"ELEIÇÃO ORDINÁRIA";6259;"ELEIÇÕES GERAIS ESTADUAIS 2026";90002540151;5;"https://www.tiktok.com/@regianealves243?_r=1&_t=ZS-99NJ9oslAV2"
"01/10/2026";"08:31:01";2026;"GO";2;"ELEIÇÃO ORDINÁRIA";6259;"ELEIÇÕES GERAIS ESTADUAIS 2026";90002551198;1;"HTTPS://WWW.INSTAGRAM.COM/GUILHERMEDARQUES"
"01/10/2026";"08:31:01";2026;"GO";2;"ELEIÇÃO ORDINÁRIA";6259;"ELEIÇÕES GERAIS ESTADUAIS 2026";90002543215;6;"https://vanderlan555.com.br/"
"01/10/2026";"08:31:01";2026;"GO";2;"ELEIÇÃO ORDINÁRIA";6259;"ELEIÇÕES GERAIS ESTADUAIS 2026";90002543556;7;"HTTPS://COS.TV/CHANNEL/27714561543414784/"
"01/10/2026";"08:31:01";2026;"GO";2;"ELEIÇÃO ORDINÁRIA";6259;"ELEIÇÕES GERAIS ESTADUAIS 2026";90002542615;2;"HTTPS://X.COM/CMOLINARIBR?S=11&T=MUDDDTD_QAYLZSQ6MVBEEW"
"01/10/2026";"08:31:01";2026;"GO";2;"ELEIÇÃO ORDINÁRIA";6259;"ELEIÇÕES GERAIS ESTADUAIS 2026";90002542615;7;"https://k.kwai.com/u/@carol889/CAcaLys0"
"01/10/2026";"08:31:01";2026;"GO";2;"ELEIÇÃO ORDINÁRIA";6259;"ELEIÇÕES GERAIS ESTADUAIS 2026";90002542612;2;"HTTPS://WWW.TIKTOK.COM/@ADILIARORIZ?IS_FROM_WEBAPP=1&SENDER_DEVICE=PC"
"01/10/2026";"08:31:01";2026;"GO";2;"ELEIÇÃO ORDINÁRIA";6259;"ELEIÇÕES GERAIS ESTADUAIS 2026";90002543219;1;"HTTPS://WWW.INSTAGRAM.COM/OFICIALREGINACELIA/"
"01/10/2026";"08:31:01";2026;"GO";2;"ELEIÇÃO ORDINÁRIA";6259;"ELEIÇÕES GERAIS ESTADUAIS 2026";90002548373;1;"@MORAES_JATAI"
"01/10/2026";"08:31:01";2026;"GO";2;"ELEIÇÃO ORDINÁRIA";6259;"ELEIÇÕES GERAIS ESTADUAIS 2026";90002537391;1;"HTTPS://WWW.FACEBOOK.COM/SHARE/1C1KTADR9N/?MIBEXTID=WWXIFR"
"01/10/2026";"08:31:01";2026;"GO";2;"ELEIÇÃO ORDINÁRIA";6259;"ELEIÇÕES GERAIS ESTADUAIS 2026";90002537643;2;"INSTAGRAM.COM/CULINARIAEMCASAOFICIAL"
"01/10/2026";"08:31:01";2026;"GO";2;"ELEIÇÃO ORDINÁRIA";6259;"ELEIÇÕES GERAIS ESTADUAIS 2026";90002537427;7;"HTTPS://WWW.FACEBOOK.COM/SHARE/1BC7ITYPOI/?MIBEXTID=WWXIFR"
"01/10/2026";"08:31:01";2026;"GO";2;"ELEIÇÃO ORDINÁRIA";6259;"ELEIÇÕES GERAIS ESTADUAIS 2026";90002540969;2;"https://www.facebook.com/share/1B5S31p88K/?mibextid=wwXIfr"
"01/10/2026";"08:31:01";2026;"GO";2;"ELEIÇÃO ORDINÁRIA";6259;"ELEIÇÕES GERAIS ESTADUAIS 2026";90002537455;3;"HTTPS://WWW.THREADS.COM/@MIGUEL_JRO"
"01/10/2026";"08:31:01";2026;"GO";2;"ELEIÇÃO ORDINÁRIA";6259;"ELEIÇÕES GERAIS ESTADUAIS 2026";90002537457;4;"HTTPS://WWW.FACEBOOK.COM/SHARE/1HAYWYWGQY/"
"01/10/2026";"08:31:01";2026;"GO";2;"ELEIÇÃO ORDINÁRIA";6259;"ELEIÇÕES GERAIS ESTADUAIS 2026";90002547129;3;"HTTPS://WWW.INSTAGRAM.COM/NIXONDASCASINHAS/"
"01/10/2026";"08:31:01";2026;"GO";2;"ELEIÇÃO ORDINÁRIA";6259;"ELEIÇÕES GERAIS ESTADUAIS 2026";90002543786;2;"PS://WWW.INSTAGRAM.COM/RAFAELVASCONCELOSGOIAS"
"01/10/2026";"08:31:01";2026;"GO";2;"ELEIÇÃO ORDINÁRIA";6259;"ELEIÇÕES GERAIS ESTADUAIS 2026";90002543130;1;"NSTAGRAM: HTTPS://WWW.INSTAGRAM.COM/CAMILALVESADV?IGSH=NGZ2A3DVYXHMOGHU&UTM_SOUR"
"01/10/2026";"08:31:01";2026;"GO";2;"ELEIÇÃO ORDINÁRIA";6259;"ELEIÇÕES GERAIS ESTADUAIS 2026";90002542611;3;"TIK TOK: @PF.SUENDER"
"01/10/2026";"08:31:01";2026;"GO";2;"ELEIÇÃO ORDINÁRIA";6259;"ELEIÇÕES GERAIS ESTADUAIS 2026";90002543152;2;"LUIZA ALMEIDA - FACEBOOK"
"01/10/2026";"08:31:01";2026;"GO";2;"ELEIÇÃO ORDINÁRIA";6259;"ELEIÇÕES GERAIS ESTADUAIS 2026";90002546232;1;"INSTRAGRAM: GALDINOMARCELINODEP"
"01/10/2026";"08:31:01";2026;"GO";2;"ELEIÇÃO ORDINÁRIA";6259;"ELEIÇÕES GERAIS ESTADUAIS 2026";90002544872;1;"HTTPS://WWW.INSTAGRAM.COM/PROF.MARIAZILMA/"
"01/10/2026";"08:31:01";2026;"GO";2;"ELEIÇÃO ORDINÁRIA";6259;"ELEIÇÕES GERAIS ESTADUAIS 2026";90002544878;8;"https://josemachado.com.br"
"01/10/2026";"08:31:01";2026;"GO";2;"ELEIÇÃO ORDINÁRIA";6259;"ELEIÇÕES GERAIS ESTADUAIS 2026";90002544884;5;"https://www.threads.com/@profzenilton"
"01/10/2026";"08:31:01";2026;"GO";2;"ELEIÇÃO ORDINÁRIA";6259;"ELEIÇÕES GERAIS ESTADUAIS 2026";90002544888;1;"https://www.instagram.com/jdostjams/"
"01/10/2026";"08:31:01";2026;"GO";2;"ELEIÇÃO ORDINÁRIA";6259;"ELEIÇÕES GERAIS ESTADUAIS 2026";90002551790;5;"https://anapaularezendepl.com.br/"
"01/10/2026";"08:31:01";2026;"GO";2;"ELEIÇÃO ORDINÁRIA";6259;"ELEIÇÕES GERAIS ESTADUAIS 2026";90002544890;1;"HTTPS://WWW.INSTAGRAM.COM/TULLIOAGUASLINDAS/"
"01/10/2026";"08:31:01";2026;"GO";2;"ELEIÇÃO ORDINÁRIA";6259;"ELEIÇÕES GERAIS ESTADUAIS 2026";90002544891;3;"WWW.YOUTUBE.COM/@BRONCADOCONSUMIDOR"
"01/10/2026";"08:31:01";2026;"GO";2;"ELEIÇÃO ORDINÁRIA";6259;"ELEIÇÕES GERAIS ESTADUAIS 2026";90002540138;7;"TIKTOK/@MAURORUBEM"
"01/10/2026";"08:31:01";2026;"GO";2;"ELEIÇÃO ORDINÁRIA";6259;"ELEIÇÕES GERAIS ESTADUAIS 2026";90002548376;4;"https://www.instagram.com/marussa.boldrin/?hl=pt"
"01/10/2026";"08:31:01";2026;"GO";2;"ELEIÇÃO ORDINÁRIA";6259;"ELEIÇÕES GERAIS ESTADUAIS 2026";90002543776;4;"INSTAGRAM.COM/ALEXCORREIANEPOMOCENO"
"01/10/2026";"08:31:01";2026;"GO";2;"ELEIÇÃO ORDINÁRIA";6259;"ELEIÇÕES GERAIS ESTADUAIS 2026";90002545244;3;"https://instagram.com/iurecastro234"
"01/10/2026";"08:31:01";2026;"GO";2;"ELEIÇÃO ORDINÁRIA";6259;"ELEIÇÕES GERAIS ESTADUAIS 2026";90002545244;9;"https://linkedin.com/in/iure-castro-5b9a21168"
"01/10/2026";"08:31:01";2026;"GO";2;"ELEIÇÃO ORDINÁRIA";6259;"ELEIÇÕES GERAIS ESTADUAIS 2026";90002543828;3;"+55 61 8186-4341"
"01/10/2026";"08:31:01";2026;"GO";2;"ELEIÇÃO ORDINÁRIA";6259;"ELEIÇÕES GERAIS ESTADUAIS 2026";90002543829;6;"CAMPANHA.DIEGOJEJEES@GMAIL.COM"
"01/10/2026";"08:31:01";2026;"GO";2;"ELEIÇÃO ORDINÁRIA";6259;"ELEIÇÕES GERAIS ESTADUAIS 2026";90002543836;6;"HTTPS://WWW.INSTAGRAM.COM/EUSOUTHEFI.OICNAMA?UTM_SOURCE=QR&IGSH=MXH2AM81MWZIZJLK"
"01/10/2026";"08:31:01";2026;"GO";2;"ELEIÇÃO ORDINÁRIA";6259;"ELEIÇÕES GERAIS ESTADUAIS 2026";90002547008;1;"HTTPS://WWW.INSTAGRAM.COM/DULCEMARTINSLEE?IGSH=MWX5YJQ4MDNICTUYEG=="
"01/10/2026";"08:31:01";2026;"GO";2;"ELEIÇÃO ORDINÁRIA";6259;"ELEIÇÕES GERAIS ESTADUAIS 2026";90002547042;1;"HTTPS://WWW.INSTAGRAM.COM/NEGANAMODA44?IGSH=EHHXMDLYM24YBXOW"
"01/10/2026";"08:31:01";2026;"GO";2;"ELEIÇÃO ORDINÁRIA";6259;"ELEIÇÕES GERAIS ESTADUAIS 2026";90002547070;1;"HTTPS://WWW.FLAVIOCOUTINHOGO.COM.BR/"
"01/10/2026";"08:31:01";2026;"GO";2;"ELEIÇÃO ORDINÁRIA";6259;"ELEIÇÕES GERAIS ESTADUAIS 2026";90002547072;2;"HTTPS://WWW.INSTAGRAM.COM/SAMUELMENDESGO?IGSH=MWT3AWR1MMH3BWN3BW%3D%3D&UTM_SOURC"
"01/10/2026";"08:31:01";2026;"GO";2;"ELEIÇÃO ORDINÁRIA";6259;"ELEIÇÕES GERAIS ESTADUAIS 2026";90002547094;1;"https://www.instagram.com/rebecaromerobr"
"01/10/2026";"08:31:01";2026;"GO";2;"ELEIÇÃO ORDINÁRIA";6259;"ELEIÇÕES GERAIS ESTADUAIS 2026";90002547102;7;"https://www.tiktok.com/@arianafidelisoficial"
"01/10/2026";"08:31:01";2026;"GO";2;"ELEIÇÃO ORDINÁRIA";6259;"ELEIÇÕES GERAIS ESTADUAIS 2026";90002547107;3;"https://www.facebook.com/marcos.sander.77"
"01/10/2026";"08:31:01";2026;"GO";2;"ELEIÇÃO ORDINÁRIA";6259;"ELEIÇÕES GERAIS ESTADUAIS 2026";90002547111;1;"HTTPS://WWW.INSTAGRAM.COM/TVGYN.GO/"
"01/10/2026";"08:31:01";2026;"GO";2;"ELEIÇÃO ORDINÁRIA";6259;"ELEIÇÕES GERAIS ESTADUAIS 2026";90002547135;1;"HTTPS://WWW.TIKTOK.COM/@CLAUDIO.MEIRELLES5?_R=1&_T=ZS-98MZYGPINYN"
"01/10/2026";"08:31:01";2026;"GO";2;"ELEIÇÃO ORDINÁRIA";6259;"ELEIÇÕES GERAIS ESTADUAIS 2026";90002541697;1;"https://instagram.com/meunomeejhonebr"
"01/10/2026";"08:31:01";2026;"GO";2;"ELEIÇÃO ORDINÁRIA";6259;"ELEIÇÕES GERAIS ESTADUAIS 2026";90002541701;2;"https://instagram.com/vengelkuraggidim"
"01/10/2026";"08:31:01";2026;"GO";2;"ELEIÇÃO ORDINÁRIA";6259;"ELEIÇÕES GERAIS ESTADUAIS 2026";90002548057;1;"@LUSALMEIDA2611"
"01/10/2026";"08:31:01";2026;"GO";2;"ELEIÇÃO ORDINÁRIA";6259;"ELEIÇÕES GERAIS ESTADUAIS 2026";90002545476;2;"https://www.facebook.com/LuisCesarBuenoeFreitas"
"01/10/2026";"08:31:01";2026;"GO";2;"ELEIÇÃO ORDINÁRIA";6259;"ELEIÇÕES GERAIS ESTADUAIS 2026";90002540142;3;"INSTAGRAM/KATIAMARIA"
"01/10/2026";"08:31:01";2026;"GO";2;"ELEIÇÃO ORDINÁRIA";6259;"ELEIÇÕES GERAIS ESTADUAIS 2026";90002540149;1;"INSTRAGRAM/@FABRICIOROSA"
"01/10/2026";"08:31:01";2026;"GO";2;"ELEIÇÃO ORDINÁRIA";6259;"ELEIÇÕES GERAIS ESTADUAIS 2026";90002543767;3;"HTTPS://X.COM/MEIRE_CRUVINEL?S=11"
"01/10/2026";"08:31:01";2026;"GO";2;"ELEIÇÃO ORDINÁRIA";6259;"ELEIÇÕES GERAIS ESTADUAIS 2026";90002543772;1;"HTTPS://WWW.TIKTOK.COM/@DIEGOMMORAIS0?_R=1&_T=ZS-98GRZAP9RD7"
"01/10/2026";"08:31:01";2026;"GO";2;"ELEIÇÃO ORDINÁRIA";6259;"ELEIÇÕES GERAIS ESTADUAIS 2026";90002543852;2;"HTTPS://WWW.INSTAGRAM.COM/ANAMARIASOUZAESILVA?IGSH=MW1XDMJZAZZ5C2TUNA=="
"01/10/2026";"08:31:01";2026;"GO";2;"ELEIÇÃO ORDINÁRIA";6259;"ELEIÇÕES GERAIS ESTADUAIS 2026";90002548665;3;"https://www.tiktok.com/@solutec.eletrnica?_r=1&_t=ZS-99d6HG612Qe"
"01/10/2026";"08:31:01";2026;"GO";2;"ELEIÇÃO ORDINÁRIA";6259;"ELEIÇÕES GERAIS ESTADUAIS 2026";90002543449;2;"HTTPS://WWW.TIKTOK.COM/@MAGNOCONSTANTINO?_R=1&_T=ZS-98IOWAIPPLL"
"01/10/2026";"08:31:01";2026;"GO";2;"ELEIÇÃO ORDINÁRIA";6259;"ELEIÇÕES GERAIS ESTADUAIS 2026";90002543455;8;"HTTPS://WWW.TIKTOK.COM/@VICTOROVERDE?_R=1&_T=ZS-98JRXTHYEG0"
"01/10/2026";"08:31:01";2026;"GO";2;"ELEIÇÃO ORDINÁRIA";6259;"ELEIÇÕES GERAIS ESTADUAIS 2026";90002543459;8;"HTTPS://WWW.FACEBOOK.COM/SHARE/199XUPSQKB/"
"01/10/2026";"08:31:01";2026;"GO";2;"ELEIÇÃO ORDINÁRIA";6259;"ELEIÇÕES GERAIS ESTADUAIS 2026";90002543463;2;"https://youtube.com/@marconiperillogo?si=Vl0MstKh3BFe9uPS"
"01/10/2026";"08:31:01";2026;"GO";2;"ELEIÇÃO ORDINÁRIA";6259;"ELEIÇÕES GERAIS ESTADUAIS 2026";90002540135;1;"FACEBOOK:EDINAN BRAUNA"
"01/10/2026";"08:31:01";2026;"GO";2;"ELEIÇÃO ORDINÁRIA";6259;"ELEIÇÕES GERAIS ESTADUAIS 2026";90002540855;2;"INSTAGRAM/SAVIOPRATIS.ADV"
"01/10/2026";"08:31:01";2026;"GO";2;"ELEIÇÃO ORDINÁRIA";6259;"ELEIÇÕES GERAIS ESTADUAIS 2026";90002540993;6;"HTTPS://X.COM/DANIELVILELA15"
"01/10/2026";"08:31:01";2026;"GO";2;"ELEIÇÃO ORDINÁRIA";6259;"ELEIÇÕES GERAIS ESTADUAIS 2026";90002543556;3;"WWW.TIKTOK.COM/@GUSGAYER"
"01/10/2026";"08:31:01";2026;"GO";2;"ELEIÇÃO ORDINÁRIA";6259;"ELEIÇÕES GERAIS ESTADUAIS 2026";90002539157;2;"INSTAGRAM@ADRIANAACCORSI"
"01/10/2026";"08:31:01";2026;"GO";2;"ELEIÇÃO ORDINÁRIA";6259;"ELEIÇÕES GERAIS ESTADUAIS 2026";90002543783;2;"HTTPS://WWW.INSTAGRAM.COM/DELEGADOEDUARDOPRADO?IGSH=MXZOBMIZNGNONMU2NA=="
"01/10/2026";"08:31:01";2026;"GO";2;"ELEIÇÃO ORDINÁRIA";6259;"ELEIÇÕES GERAIS ESTADUAIS 2026";90002543800;3;"HTTPS://WWW.TIKTOK.COM@DEPUTADOAMAURIRIBEIRO"
"01/10/2026";"08:31:01";2026;"GO";2;"ELEIÇÃO ORDINÁRIA";6259;"ELEIÇÕES GERAIS ESTADUAIS 2026";90002546221;1;"TIKTOK: DEPCHARLESBENTO"
"01/10/2026";"08:31:01";2026;"GO";2;"ELEIÇÃO ORDINÁRIA";6259;"ELEIÇÕES GERAIS ESTADUAIS 2026";90002549167;1;"https://cristovao.app.br/"
"01/10/2026";"08:31:01";2026;"GO";2;"ELEIÇÃO ORDINÁRIA";6259;"ELEIÇÕES GERAIS ESTADUAIS 2026";90002544876;5;"https://www.tiktok.com/@gustavo.sebba"
"01/10/2026";"08:31:01";2026;"GO";2;"ELEIÇÃO ORDINÁRIA";6259;"ELEIÇÕES GERAIS ESTADUAIS 2026";90002542615;6;"https://www.facebook.com/carolmolinaribr"
"01/10/2026";"08:31:01";2026;"GO";2;"ELEIÇÃO ORDINÁRIA";6259;"ELEIÇÕES GERAIS ESTADUAIS 2026";90002542623;1;"HTTPS://WWW.MARIAYVELONIA.COM/"
"01/10/2026";"08:31:01";2026;"GO";2;"ELEIÇÃO ORDINÁRIA";6259;"ELEIÇÕES GERAIS ESTADUAIS 2026";90002542625;3;"HTTPS://WWW.INSTAGRAM.COM/RENATORIBEIRO.R2 , HTTPS://WWW.RENATORIBEIROGO.COM.BR"
"01/10/2026";"08:31:01";2026;"GO";2;"ELEIÇÃO ORDINÁRIA";6259;"ELEIÇÕES GERAIS ESTADUAIS 2026";90002550206;2;"FACEBOOK - ELISEU FRANCISCO"
"01/10/2026";"08:31:01";2026;"GO";2;"ELEIÇÃO ORDINÁRIA";6259;"ELEIÇÕES GERAIS ESTADUAIS 2026";90002548363;1;"@DANIELLENAVAOFICIAL"
"01/10/2026";"08:31:01";2026;"GO";2;"ELEIÇÃO ORDINÁRIA";6259;"ELEIÇÕES GERAIS ESTADUAIS 2026";90002537430;1;"HTTPS://WWW.FACEBOOK.COM/SHARE/17QKJUQMOZ/?MIBEXTID=WWXIFR"
"01/10/2026";"08:31:01";2026;"GO";2;"ELEIÇÃO ORDINÁRIA";6259;"ELEIÇÕES GERAIS ESTADUAIS 2026";90002540949;1;"HTTPS://WWW.INSTAGRAM.COM/LUCIANOGUIMARAESBR?IGSH=MTHHBGDHAHR3NHRXAQ=="
"01/10/2026";"08:31:01";2026;"GO";2;"ELEIÇÃO ORDINÁRIA";6259;"ELEIÇÕES GERAIS ESTADUAIS 2026";90002537433;1;"@JUSCELIOSANTOSCRT"
"01/10/2026";"08:31:01";2026;"GO";2;"ELEIÇÃO ORDINÁRIA";6259;"ELEIÇÕES GERAIS ESTADUAIS 2026";90002537443;3;"https://www.facebook.com/rafael.marra.923/"
"01/10/2026";"08:31:01";2026;"GO";2;"ELEIÇÃO ORDINÁRIA";6259;"ELEIÇÕES GERAIS ESTADUAIS 2026";90002540958;6;"https://www.linkedin.com/in/walter-roriz-2a"
"01/10/2026";"08:31:01";2026;"GO";2;"ELEIÇÃO ORDINÁRIA";6259;"ELEIÇÕES GERAIS ESTADUAIS 2026";90002540965;1;"HTTPS://WWW.INSTAGRAM.COM/CRISTIANO_ZOI/"
"01/10/2026";"08:31:01";2026;"GO";2;"ELEIÇÃO ORDINÁRIA";6259;"ELEIÇÕES GERAIS ESTADUAIS 2026";90002537450;3;"https://www.tiktok.com/@sidpeao"
"01/10/2026";"08:31:01";2026;"GO";2;"ELEIÇÃO ORDINÁRIA";6259;"ELEIÇÕES GERAIS ESTADUAIS 2026";90002540986;1;"HTTPS://WWW.INSTAGRAM.COM/JULIOCESAR30GO/"
"01/10/2026";"08:31:01";2026;"GO";2;"ELEIÇÃO ORDINÁRIA";6259;"ELEIÇÕES GERAIS ESTADUAIS 2026";90002537458;2;"HTTPS://WWW.INSTAGRAM.COM/MAGRAODARADIOVEREADOR?UTM_SOURCE=QR"
"01/10/2026";"08:31:01";2026;"GO";2;"ELEIÇÃO ORDINÁRIA";6259;"ELEIÇÕES GERAIS ESTADUAIS 2026";90002543787;1;"HTTPS://WWW.INSTAGRAM.COM/ANAPAULADOPOVO/"
"01/10/2026";"08:31:01";2026;"GO";2;"ELEIÇÃO ORDINÁRIA";6259;"ELEIÇÕES GERAIS ESTADUAIS 2026";90002543788;7;"HTTPS://WWW.THREADS.COM/@DEPMAJORARAUJO"
"01/10/2026";"08:31:01";2026;"GO";2;"ELEIÇÃO ORDINÁRIA";6259;"ELEIÇÕES GERAIS ESTADUAIS 2026";90002546222;2;"https://@ADIBOFICIAL"
"01/10/2026";"08:31:01";2026;"GO";2;"ELEIÇÃO ORDINÁRIA";6259;"ELEIÇÕES GERAIS ESTADUAIS 2026";90002543150;2;"HTTPS://WWW.INSTAGRAM.COM/MOTORISTADANCARINO?IGSH=ODR3BXA3Z3BZMJJI"
"01/10/2026";"08:31:01";2026;"GO";2;"ELEIÇÃO ORDINÁRIA";6259;"ELEIÇÕES GERAIS ESTADUAIS 2026";90002546243;1;"FACEBOOK CARLAODAFOX"
"01/10/2026";"08:31:01";2026;"GO";2;"ELEIÇÃO ORDINÁRIA";6259;"ELEIÇÕES GERAIS ESTADUAIS 2026";90002544869;2;"https://www.facebook.com/evandromagal"
"01/10/2026";"08:31:01";2026;"GO";2;"ELEIÇÃO ORDINÁRIA";6259;"ELEIÇÕES GERAIS ESTADUAIS 2026";90002544889;1;"HTTPS://WWW.INSTAGRAM.COM/THALLITA_TELES/"
"01/10/2026";"08:31:01";2026;"GO";2;"ELEIÇÃO ORDINÁRIA";6259;"ELEIÇÕES GERAIS ESTADUAIS 2026";90002544892;3;"https://www.tiktok.com/@gugunader3"
"01/10/2026";"08:31:01";2026;"GO";2;"ELEIÇÃO ORDINÁRIA";6259;"ELEIÇÕES GERAIS ESTADUAIS 2026";90002544898;4;"https://www.drwalter45454.com/"
"01/10/2026";"08:31:01";2026;"GO";2;"ELEIÇÃO ORDINÁRIA";6259;"ELEIÇÕES GERAIS ESTADUAIS 2026";90002547013;1;"HTTPS://WWW.INSTAGRAM.COM/LINCOLNTEJOTA?IGSH=B2DIZHKZOTCWBGL1"
"01/10/2026";"08:31:01";2026;"GO";2;"ELEIÇÃO ORDINÁRIA";6259;"ELEIÇÕES GERAIS ESTADUAIS 2026";90002547032;5;"https://www.instagram.com/wilde.cambao"
"01/10/2026";"08:31:01";2026;"GO";2;"ELEIÇÃO ORDINÁRIA";6259;"ELEIÇÕES GERAIS ESTADUAIS 2026";90002548376;1;"MARUSSAGO"
"01/10/2026";"08:31:01";2026;"GO";2;"ELEIÇÃO ORDINÁRIA";6259;"ELEIÇÕES GERAIS ESTADUAIS 2026";90002543475;2;"HTTPS://WWW.FACEBOOK.COM/DEPUTADADRAZELI"
"01/10/2026";"08:31:01";2026;"GO";2;"ELEIÇÃO ORDINÁRIA";6259;"ELEIÇÕES GERAIS ESTADUAIS 2026";90002554320;1;"https://www.instagram.com/carmemlucianiq"
"01/10/2026";"08:31:01";2026;"GO";2;"ELEIÇÃO ORDINÁRIA";6259;"ELEIÇÕES GERAIS ESTADUAIS 2026";90002545245;1;"https://www.facebook.com/share/1DR9AcWYUS/?mibextid=wwXIfr"
"01/10/2026";"08:31:01";2026;"GO";2;"ELEIÇÃO ORDINÁRIA";6259;"ELEIÇÕES GERAIS ESTADUAIS 2026";90002543836;1;"HTTPS://WWW.YOUTUBE.COM/@STHEFANINASCIMENTO36"
"01/10/2026";"08:31:01";2026;"GO";2;"ELEIÇÃO ORDINÁRIA";6259;"ELEIÇÕES GERAIS ESTADUAIS 2026";90002552720;2;"https://www.instagram.com/gizelletelesoficial?igsi=MWhxa2tuYXg3YmtjYw%3D%3D&utm_"
"01/10/2026";"08:31:01";2026;"GO";2;"ELEIÇÃO ORDINÁRIA";6259;"ELEIÇÕES GERAIS ESTADUAIS 2026";90002543565;1;"https://www.instagram.com/loferreira02/"
"01/10/2026";"08:31:01";2026;"GO";2;"ELEIÇÃO ORDINÁRIA";6259;"ELEIÇÕES GERAIS ESTADUAIS 2026";90002547009;8;"HTTPS://WWW.TIKTOK.COM/@NARCIAKELLY?_R=1&_T=ZS-98LGIGLS9YY"
"01/10/2026";"08:31:01";2026;"GO";2;"ELEIÇÃO ORDINÁRIA";6259;"ELEIÇÕES GERAIS ESTADUAIS 2026";90002547021;1;"HTTPS://WWW.INSTAGRAM.COM/PROFESSORA_MEIRE?IGSH=MWI4EJK0DNCYDNNLMW=="
"01/10/2026";"08:31:01";2026;"GO";2;"ELEIÇÃO ORDINÁRIA";6259;"ELEIÇÕES GERAIS ESTADUAIS 2026";90002547074;3;"https://www.facebook.com/profile.php?id=61594038252316"
"01/10/2026";"08:31:01";2026;"GO";2;"ELEIÇÃO ORDINÁRIA";6259;"ELEIÇÕES GERAIS ESTADUAIS 2026";90002547086;1;"HTTPS://WWW.INSTAGRAM.COM/MARIAOCIONIRA.OFICIAL?IGSH=MTJIAZCZBTK2OWF5OA=="
"01/10/2026";"08:31:01";2026;"GO";2;"ELEIÇÃO ORDINÁRIA";6259;"ELEIÇÕES GERAIS ESTADUAIS 2026";90002547113;1;"HTTPS://WWW.INSTAGRAM.COM/LUCIANAGOUVEA85"
"01/10/2026";"08:31:01";2026;"GO";2;"ELEIÇÃO ORDINÁRIA";6259;"ELEIÇÕES GERAIS ESTADUAIS 2026";90002547126;1;"HTTPS://WWW.INSTAGRAM.COM/RAIMUNDO_DA_CASA_SAUDE?IGSH=N2VQYXLRZHZLOXBL"
"01/10/2026";"08:31:01";2026;"GO";2;"ELEIÇÃO ORDINÁRIA";6259;"ELEIÇÕES GERAIS ESTADUAIS 2026";90002540938;1;"HTTPS://WWW.INSTAGRAM.COM/EUMANUPADUA30"
"01/10/2026";"08:31:01";2026;"GO";2;"ELEIÇÃO ORDINÁRIA";6259;"ELEIÇÕES GERAIS ESTADUAIS 2026";90002543238;3;"FACEBOOK: SANCHESDAFEDERAL"
"01/10/2026";"08:31:01";2026;"GO";2;"ELEIÇÃO ORDINÁRIA";6259;"ELEIÇÕES GERAIS ESTADUAIS 2026";90002540149;7;"https://www.tiktok.com/@fabriciorosapt"
"01/10/2026";"08:31:01";2026;"GO";2;"ELEIÇÃO ORDINÁRIA";6259;"ELEIÇÕES GERAIS ESTADUAIS 2026";90002543251;2;"THREADS: HTTPS://WWW.THREADS.COM/@ALEXMARTINSVEREADOR?IGSHID=NTC4MTIWNJQ2YQ=="
"01/10/2026";"08:31:01";2026;"GO";2;"ELEIÇÃO ORDINÁRIA";6259;"ELEIÇÕES GERAIS ESTADUAIS 2026";90002551487;1;"ZENAIDE FREITAS - INSTAGRAM"
"01/10/2026";"08:31:01";2026;"GO";2;"ELEIÇÃO ORDINÁRIA";6259;"ELEIÇÕES GERAIS ESTADUAIS 2026";90002551488;12;"https://www.youtube.com/@sargentolorena15555"
"01/10/2026";"08:31:01";2026;"GO";2;"ELEIÇÃO ORDINÁRIA";6259;"ELEIÇÕES GERAIS ESTADUAIS 2026";90002549181;6;"https://www.instagram.com/tcoronelmaia190?igsh=MWo0N2JsNXViandjbQ=="
"01/10/2026";"08:31:01";2026;"GO";2;"ELEIÇÃO ORDINÁRIA";6259;"ELEIÇÕES GERAIS ESTADUAIS 2026";90002549181;13;"https://tcmaia2000.netlify.app/"
"01/10/2026";"08:31:01";2026;"GO";2;"ELEIÇÃO ORDINÁRIA";6259;"ELEIÇÕES GERAIS ESTADUAIS 2026";90002543849;2;"HTTPS://WWW.FACEBOOK.COM/SHARE/19RPEGRUKV/"
"01/10/2026";"08:31:01";2026;"GO";2;"ELEIÇÃO ORDINÁRIA";6259;"ELEIÇÕES GERAIS ESTADUAIS 2026";90002543851;3;"HTTPS://WWW.INSTAGRAM.COM/EDMILSON_CARVALHO07?IGSH=MTBRDHLNBXJQCXRWAG=="
"01/10/2026";"08:31:01";2026;"GO";2;"ELEIÇÃO ORDINÁRIA";6259;"ELEIÇÕES GERAIS ESTADUAIS 2026";90002543454;3;"HTTPS://WA.ME/5562993048223"
"01/10/2026";"08:31:01";2026;"GO";2;"ELEIÇÃO ORDINÁRIA";6259;"ELEIÇÕES GERAIS ESTADUAIS 2026";90002543456;3;"62 99207-9082"
"01/10/2026";"08:31:01";2026;"GO";2;"ELEIÇÃO ORDINÁRIA";6259;"ELEIÇÕES GERAIS ESTADUAIS 2026";90002543459;10;"HTTPS://KWAI-VIDEO.COM/U/@WEBPU605/XGCDPJ9L"
"01/10/2026";"08:31:01";2026;"GO";2;"ELEIÇÃO ORDINÁRIA";6259;"ELEIÇÕES GERAIS ESTADUAIS 2026";90002543460;4;"HTTPS://WWW.INSTAGRAM.COM/DAMIAO_DA_MORADIAGOIAS/"
"01/10/2026";"08:31:01";2026;"GO";2;"ELEIÇÃO ORDINÁRIA";6259;"ELEIÇÕES GERAIS ESTADUAIS 2026";90002543472;3;"HTTPS://LINKTR.EE/ROSELIDASAUDE"
"01/10/2026";"08:31:01";2026;"GO";2;"ELEIÇÃO ORDINÁRIA";6259;"ELEIÇÕES GERAIS ESTADUAIS 2026";90002540140;1;"@ANDREANDOSOLITARIO"
"01/10/2026";"08:31:01";2026;"GO";2;"ELEIÇÃO ORDINÁRIA";6259;"ELEIÇÕES GERAIS ESTADUAIS 2026";90002540150;1;"INSTAGRAM/JUDAMANDO2026"
"01/10/2026";"08:31:01";2026;"GO";2;"ELEIÇÃO ORDINÁRIA";6259;"ELEIÇÕES GERAIS ESTADUAIS 2026";90002540993;3;"HTTPS://WWW.DANIELVILELA15.COM.BR/"
"01/10/2026";"08:31:01";2026;"GO";2;"ELEIÇÃO ORDINÁRIA";6259;"ELEIÇÕES GERAIS ESTADUAIS 2026";90002543218;1;"HTTPS://WWW.INSTAGRAM.COM/FLAVIAMORAIS1515/"
"01/10/2026";"08:31:01";2026;"GO";2;"ELEIÇÃO ORDINÁRIA";6259;"ELEIÇÕES GERAIS ESTADUAIS 2026";90002543226;3;"https://www.facebook.com/celiosilveiradeputadogo"
"01/10/2026";"08:31:01";2026;"GO";2;"ELEIÇÃO ORDINÁRIA";6259;"ELEIÇÕES GERAIS ESTADUAIS 2026";90002544876;2;"https://gustavosebba.com.br"
"01/10/2026";"08:31:01";2026;"GO";2;"ELEIÇÃO ORDINÁRIA";6259;"ELEIÇÕES GERAIS ESTADUAIS 2026";90002543180;1;"HTTPS://WWW.INSTAGRAM.COM/DOUTORAKELI?IGSH=CWP0YWJSCHHZMM42&UTM_SOURCE=QR"
"01/10/2026";"08:31:01";2026;"GO";2;"ELEIÇÃO ORDINÁRIA";6259;"ELEIÇÕES GERAIS ESTADUAIS 2026";90002542617;1;"HTTPS://WWW.INSTAGRAM.COM/BRFAZENDAS/"
"01/10/2026";"08:31:01";2026;"GO";2;"ELEIÇÃO ORDINÁRIA";6259;"ELEIÇÕES GERAIS ESTADUAIS 2026";90002542618;1;"HTTPS://WWW.INSTAGRAM.COM/FREDRODRIGUESGO"
"01/10/2026";"08:31:01";2026;"GO";2;"ELEIÇÃO ORDINÁRIA";6259;"ELEIÇÕES GERAIS ESTADUAIS 2026";90002543189;1;"HTTPS://WWW.INSTAGRAM.COM/JOSCILENEMANGAO?UTM_SOURCE=QR"
"01/10/2026";"08:31:01";2026;"GO";2;"ELEIÇÃO ORDINÁRIA";6259;"ELEIÇÕES GERAIS ESTADUAIS 2026";90002543225;1;"HTTPS://WWW.INSTAGRAM.COM/MIRIAPIRES_/"
"01/10/2026";"08:31:01";2026;"GO";2;"ELEIÇÃO ORDINÁRIA";6259;"ELEIÇÕES GERAIS ESTADUAIS 2026";90002550205;1;"@ALESSANDRACARMO.ADV"
"01/10/2026";"08:31:01";2026;"GO";2;"ELEIÇÃO ORDINÁRIA";6259;"ELEIÇÕES GERAIS ESTADUAIS 2026";90002537391;3;"HTTPS://YOUTUBE.COM/@JOSECAMELONAVESJUNIOR?SI=0OB7FRRIM8YY58ED"
"01/10/2026";"08:31:01";2026;"GO";2;"ELEIÇÃO ORDINÁRIA";6259;"ELEIÇÕES GERAIS ESTADUAIS 2026";90002537641;2;"HTTPS://WWW.YOUTUBE.COM/@VANESSAFARIAS.OFICIAL"
"01/10/2026";"08:31:01";2026;"GO";2;"ELEIÇÃO ORDINÁRIA";6259;"ELEIÇÕES GERAIS ESTADUAIS 2026";90002540946;1;"HTTPS://WWW.INSTAGRAM.COM/LUCASBRAS.OFICIAL30?IGSH=EGM1AHPXCHP3NG0Y"
"01/10/2026";"08:31:01";2026;"GO";2;"ELEIÇÃO ORDINÁRIA";6259;"ELEIÇÕES GERAIS ESTADUAIS 2026";90002537435;4;"HTTPS://WWW.FACEBOOK.COM/SHARE/1B4E4KELXV/"
"01/10/2026";"08:31:01";2026;"GO";2;"ELEIÇÃO ORDINÁRIA";6259;"ELEIÇÕES GERAIS ESTADUAIS 2026";90002537440;3;"HTTPS://WWW.FACEBOOK.COM/DRLOURIVALLOBO"
"01/10/2026";"08:31:01";2026;"GO";2;"ELEIÇÃO ORDINÁRIA";6259;"ELEIÇÕES GERAIS ESTADUAIS 2026";90002537452;2;"HTTPS://WWW.INSTAGRAM.COM/CLEIAPEDROZO14?UTM_SOURCE=QR"
"01/10/2026";"08:31:01";2026;"GO";2;"ELEIÇÃO ORDINÁRIA";6259;"ELEIÇÕES GERAIS ESTADUAIS 2026";90002540982;2;"HTTPS://WWW.INSTAGRAM.COM/RODRIGOPALMEIRA.OFICIAL/"
"01/10/2026";"08:31:01";2026;"GO";2;"ELEIÇÃO ORDINÁRIA";6259;"ELEIÇÕES GERAIS ESTADUAIS 2026";90002543802;2;"https://www.facebook.com/61593645650594/?http_ref=eyJ0cyI6MTc4ODM3NTI5NDAwMCwiciI6IiJ9"
"01/10/2026";"08:31:01";2026;"GO";2;"ELEIÇÃO ORDINÁRIA";6259;"ELEIÇÕES GERAIS ESTADUAIS 2026";90002546222;1;"@ADIBOFICIAL"
"01/10/2026";"08:31:01";2026;"GO";2;"ELEIÇÃO ORDINÁRIA";6259;"ELEIÇÕES GERAIS ESTADUAIS 2026";90002543150;3;"HTTPS://WWW.TIKTOK.COM/@MOTORISTADANCARINOO?_R=1&_T=ZS-98GRCRPAGD2"
"01/10/2026";"08:31:01";2026;"GO";2;"ELEIÇÃO ORDINÁRIA";6259;"ELEIÇÕES GERAIS ESTADUAIS 2026";90002543159;1;"HTTPS://WWW.FACEBOOK.COM/SHARE/1HFKYPGC6V/"
"01/10/2026";"08:31:01";2026;"GO";2;"ELEIÇÃO ORDINÁRIA";6259;"ELEIÇÕES GERAIS ESTADUAIS 2026";90002543163;2;"HTTPS://WWW.FACEBOOK.COM/SHARE/1DLC9M8DC2/?MIBEXTID=WWXIFR"
"01/10/2026";"08:31:01";2026;"GO";2;"ELEIÇÃO ORDINÁRIA";6259;"ELEIÇÕES GERAIS ESTADUAIS 2026";90002546239;2;"FACEBOOK: FELIX ALVES RESENDE"
"01/10/2026";"08:31:01";2026;"GO";2;"ELEIÇÃO ORDINÁRIA";6259;"ELEIÇÕES GERAIS ESTADUAIS 2026";90002543176;4;"HTTPS://WWW.FACEBOOK.COM/SHARE/17WDP5CD6Z/"
"01/10/2026";"08:31:01";2026;"GO";2;"ELEIÇÃO ORDINÁRIA";6259;"ELEIÇÕES GERAIS ESTADUAIS 2026";90002544861;1;"https://www.instagram.com/walberdarefrigeracao?utm_source=qr"
"01/10/2026";"08:31:01";2026;"GO";2;"ELEIÇÃO ORDINÁRIA";6259;"ELEIÇÕES GERAIS ESTADUAIS 2026";90002544863;3;"https://www.tiktok.com/@rodrigodomingos291"
"01/10/2026";"08:31:01";2026;"GO";2;"ELEIÇÃO ORDINÁRIA";6259;"ELEIÇÕES GERAIS ESTADUAIS 2026";90002544865;1;"MARCOAURELIO@SOFTSYSTEMTELECOM.COM.BR"
"01/10/2026";"08:31:01";2026;"GO";2;"ELEIÇÃO ORDINÁRIA";6259;"ELEIÇÕES GERAIS ESTADUAIS 2026";90002544865;3;"https://www.facebook.com/share/1CZi8QvWcl/?mibextid=wwXIfr"
"01/10/2026";"08:31:01";2026;"GO";2;"ELEIÇÃO ORDINÁRIA";6259;"ELEIÇÕES GERAIS ESTADUAIS 2026";90002544873;3;"https://www.facebook.com/waleska.faria1/"
"01/10/2026";"08:31:01";2026;"GO";2;"ELEIÇÃO ORDINÁRIA";6259;"ELEIÇÕES GERAIS ESTADUAIS 2026";90002544886;1;"https://www.instagram.com/drasimoneadadaraujooficial/"
"01/10/2026";"08:31:01";2026;"GO";2;"ELEIÇÃO ORDINÁRIA";6259;"ELEIÇÕES GERAIS ESTADUAIS 2026";90002543801;5;"HTTPS://WWW.YOUTUBE.COM/DIEYME.VASCONCELOS"
"01/10/2026";"08:31:01";2026;"GO";2;"ELEIÇÃO ORDINÁRIA";6259;"ELEIÇÕES GERAIS ESTADUAIS 2026";90002545244;6;"https://www.youtube.com/@iurecastro234"
"01/10/2026";"08:31:01";2026;"GO";2;"ELEIÇÃO ORDINÁRIA";6259;"ELEIÇÕES GERAIS ESTADUAIS 2026";90002543248;6;"https://www.instagram.com/delegadowaldir_?igsh=MW1iNW91eHF2aGt1dQ%3D%3D&utm_source=qr"
"01/10/2026";"08:31:01";2026;"GO";2;"ELEIÇÃO ORDINÁRIA";6259;"ELEIÇÕES GERAIS ESTADUAIS 2026";90002543248;9;"@delegado_waldir"
"01/10/2026";"08:31:01";2026;"GO";2;"ELEIÇÃO ORDINÁRIA";6259;"ELEIÇÕES GERAIS ESTADUAIS 2026";90002543825;1;"HTTPS://WWW.INSTAGRAM.COM/KETLHYNVITTORIA?UTM_SOURCE=QR&IGSH=MWLNA3DOMG44MHPMEG="
"01/10/2026";"08:31:01";2026;"GO";2;"ELEIÇÃO ORDINÁRIA";6259;"ELEIÇÕES GERAIS ESTADUAIS 2026";90002543829;1;"FACEBOOK.COM/DIEGOJEJEES.GO"
"01/10/2026";"08:31:01";2026;"GO";2;"ELEIÇÃO ORDINÁRIA";6259;"ELEIÇÕES GERAIS ESTADUAIS 2026";90002543832;1;"HTTPS://WWW.INSTAGRAM.COM/PRJULIO78/"
"01/10/2026";"08:31:01";2026;"GO";2;"ELEIÇÃO ORDINÁRIA";6259;"ELEIÇÕES GERAIS ESTADUAIS 2026";90002543836;11;"HTTPS://WWW.INSTAGRAM.COM/APROFTHEFI?IGSH=MXV3MDE5NHKXMHBXNA=="
"01/10/2026";"08:31:01";2026;"GO";2;"ELEIÇÃO ORDINÁRIA";6259;"ELEIÇÕES GERAIS ESTADUAIS 2026";90002543837;4;"HTTPS://WWW.FACEBOOK.COM/SHARE/1CCG8X5L6B/"
"01/10/2026";"08:31:01";2026;"GO";2;"ELEIÇÃO ORDINÁRIA";6259;"ELEIÇÕES GERAIS ESTADUAIS 2026";90002540998;5;"HTTPS://WWW.TIKTOK.COM/@GUSTAVOMMENDANHA"
"01/10/2026";"08:31:01";2026;"GO";2;"ELEIÇÃO ORDINÁRIA";6259;"ELEIÇÕES GERAIS ESTADUAIS 2026";90002543496;2;"@PROF.ANOTONIO.AVILA"
"01/10/2026";"08:31:01";2026;"GO";2;"ELEIÇÃO ORDINÁRIA";6259;"ELEIÇÕES GERAIS ESTADUAIS 2026";90002543559;1;"HTTPS://WWW.TIKTOK.COM/@TEOGOMESSS?_R=1&_T=ZS-98J6FHN7M45"
"01/10/2026";"08:31:01";2026;"GO";2;"ELEIÇÃO ORDINÁRIA";6259;"ELEIÇÕES GERAIS ESTADUAIS 2026";90002547009;2;"HTTPS://WWW.THREADS.COM/@NARCIAKELLY"
"01/10/2026";"08:31:01";2026;"GO";2;"ELEIÇÃO ORDINÁRIA";6259;"ELEIÇÕES GERAIS ESTADUAIS 2026";90002547024;1;"HTTPS://WWW.INSTAGRAM.COM/GILDAANDRE38?IGSH=BDBHBTD5NWSXDJBN"
"01/10/2026";"08:31:01";2026;"GO";2;"ELEIÇÃO ORDINÁRIA";6259;"ELEIÇÕES GERAIS ESTADUAIS 2026";90002547098;2;"https://www.instagram.com/ELIETEPAIXAO.CANEDO/"
"01/10/2026";"08:31:01";2026;"GO";2;"ELEIÇÃO ORDINÁRIA";6259;"ELEIÇÕES GERAIS ESTADUAIS 2026";90002547101;4;"https://www.facebook.com/oficialfelipececilio/?locale=pt_BR"
"01/10/2026";"08:31:01";2026;"GO";2;"ELEIÇÃO ORDINÁRIA";6259;"ELEIÇÕES GERAIS ESTADUAIS 2026";90002547105;5;"https://www.youtube.com/@glauciamelo4546"
"01/10/2026";"08:31:01";2026;"GO";2;"ELEIÇÃO ORDINÁRIA";6259;"ELEIÇÕES GERAIS ESTADUAIS 2026";90002547106;1;"https://www.instagram.com/flaviatelesgo"
"01/10/2026";"08:31:01";2026;"GO";2;"ELEIÇÃO ORDINÁRIA";6259;"ELEIÇÕES GERAIS ESTADUAIS 2026";90002547109;3;"https://www.instagram.com/professoralcidesoficial"
"01/10/2026";"08:31:01";2026;"GO";2;"ELEIÇÃO ORDINÁRIA";6259;"ELEIÇÕES GERAIS ESTADUAIS 2026";90002547115;2;"HTTPS://LINKTR.EE/RAIADOCOMUNICACAO"
"01/10/2026";"08:31:01";2026;"GO";2;"ELEIÇÃO ORDINÁRIA";6259;"ELEIÇÕES GERAIS ESTADUAIS 2026";90002539147;2;"FACEBOOK/SUZANACARVALHO"
"01/10/2026";"08:31:01";2026;"GO";2;"ELEIÇÃO ORDINÁRIA";6259;"ELEIÇÕES GERAIS ESTADUAIS 2026";90002541699;5;"https://facebook.com/ozeias.missao"
"01/10/2026";"08:31:01";2026;"GO";2;"ELEIÇÃO ORDINÁRIA";6259;"ELEIÇÕES GERAIS ESTADUAIS 2026";90002541700;1;"INSTAGRAM.COM/NOLETOMBL"
"01/10/2026";"08:31:01";2026;"GO";2;"ELEIÇÃO ORDINÁRIA";6259;"ELEIÇÕES GERAIS ESTADUAIS 2026";90002541705;5;"https://x.com/anderalvesgo"
"01/10/2026";"08:31:01";2026;"GO";2;"ELEIÇÃO ORDINÁRIA";6259;"ELEIÇÕES GERAIS ESTADUAIS 2026";90002540142;4;"X/KATIAMARIA"
"01/10/2026";"08:31:01";2026;"GO";2;"ELEIÇÃO ORDINÁRIA";6259;"ELEIÇÕES GERAIS ESTADUAIS 2026";90002554472;6;"https://youtube.com/@aanaflaviaresende?si=EFkKMsHx4FDq9uyS"
"01/10/2026";"08:31:01";2026;"GO";2;"ELEIÇÃO ORDINÁRIA";6259;"ELEIÇÕES GERAIS ESTADUAIS 2026";90002544858;1;"HTTPS://WWW.INSTAGRAM.COM/ROMARIOPOLICARPO/"
"01/10/2026";"08:31:01";2026;"GO";2;"ELEIÇÃO ORDINÁRIA";6259;"ELEIÇÕES GERAIS ESTADUAIS 2026";90002543775;1;"X: EUNICEGSANTOS , INSTAGRAM: EUNICEGPDOS , TIKTOK: EUNICE BENTO"
"01/10/2026";"08:31:01";2026;"GO";2;"ELEIÇÃO ORDINÁRIA";6259;"ELEIÇÕES GERAIS ESTADUAIS 2026";90002543849;1;"6292224779"
"01/10/2026";"08:31:01";2026;"GO";2;"ELEIÇÃO ORDINÁRIA";6259;"ELEIÇÕES GERAIS ESTADUAIS 2026";90002543572;1;"https://www.instagram.com/deputadoelieljunior"
"01/10/2026";"08:31:01";2026;"GO";2;"ELEIÇÃO ORDINÁRIA";6259;"ELEIÇÕES GERAIS ESTADUAIS 2026";90002543452;1;"HTTPS://WWW.TIKTOK.COM/@MARIAVERONICAPSOL?_R=1&_T=ZS-98GJITZHPOK"
"01/10/2026";"08:31:01";2026;"GO";2;"ELEIÇÃO ORDINÁRIA";6259;"ELEIÇÕES GERAIS ESTADUAIS 2026";90002543462;2;"HTTPS://WWW.INSTAGRAM.COM/CARMEMOLIVEIRASA?UTM_SOURCE=QR&IGSH=OHE3B3AYYWH2DTE0"
"01/10/2026";"08:31:01";2026;"GO";2;"ELEIÇÃO ORDINÁRIA";6259;"ELEIÇÕES GERAIS ESTADUAIS 2026";90002543468;1;"HTTPS://WWW.INSTAGRAM.COM/ITAMAR_BARRETO/"
"01/10/2026";"08:31:01";2026;"GO";2;"ELEIÇÃO ORDINÁRIA";6259;"ELEIÇÕES GERAIS ESTADUAIS 2026";90002543468;2;"HTTPS://WWW.FACEBOOK.COM/ITAMAR.BARRETO.39"
"01/10/2026";"08:31:01";2026;"GO";2;"ELEIÇÃO ORDINÁRIA";6259;"ELEIÇÕES GERAIS ESTADUAIS 2026";90002551734;1;"https://www.instagram.com/adaoalves5612?igsh=MjRmbjN3bHl5d3My"
"01/10/2026";"08:31:01";2026;"GO";2;"ELEIÇÃO ORDINÁRIA";6259;"ELEIÇÕES GERAIS ESTADUAIS 2026";90002540993;7;"HTTPS://WWW.YOUTUBE.COM/@DANIELVILELA15"
"01/10/2026";"08:31:01";2026;"GO";2;"ELEIÇÃO ORDINÁRIA";6259;"ELEIÇÕES GERAIS ESTADUAIS 2026";90002543246;1;"https://www.instagram.com/joseneltooficial"
"01/10/2026";"08:31:01";2026;"GO";2;"ELEIÇÃO ORDINÁRIA";6259;"ELEIÇÕES GERAIS ESTADUAIS 2026";90002543170;4;"HTTPS://X.COM/ROSAREZENDEGO"
"01/10/2026";"08:31:01";2026;"GO";2;"ELEIÇÃO ORDINÁRIA";6259;"ELEIÇÕES GERAIS ESTADUAIS 2026";90002542616;1;"YOUTUBE.COM/@FABIOSOUSAOFICIAL?SI=9XA0JXD5NAPWFJZO"
"01/10/2026";"08:31:01";2026;"GO";2;"ELEIÇÃO ORDINÁRIA";6259;"ELEIÇÕES GERAIS ESTADUAIS 2026";90002543190;1;"https://www.facebook.com/share/1BpwuzSRvK/"
"01/10/2026";"08:31:01";2026;"GO";2;"ELEIÇÃO ORDINÁRIA";6259;"ELEIÇÕES GERAIS ESTADUAIS 2026";90002541455;1;"FACEBOOK/ISAURALEMOS"
"01/10/2026";"08:31:01";2026;"GO";2;"ELEIÇÃO ORDINÁRIA";6259;"ELEIÇÕES GERAIS ESTADUAIS 2026";90002548371;1;"@VIRGINIADOSOCIAL"
"01/10/2026";"08:31:01";2026;"GO";2;"ELEIÇÃO ORDINÁRIA";6259;"ELEIÇÕES GERAIS ESTADUAIS 2026";90002537392;3;"HTTPS://WWW.FACEBOOK.COM/AJOSYFERRARI"
"01/10/2026";"08:31:01";2026;"GO";2;"ELEIÇÃO ORDINÁRIA";6259;"ELEIÇÕES GERAIS ESTADUAIS 2026";90002537429;1;"HTTPS://WWW.YOUTUBE.COM/@MARCOSJUNIORPROFESSOR"
"01/10/2026";"08:31:01";2026;"GO";2;"ELEIÇÃO ORDINÁRIA";6259;"ELEIÇÕES GERAIS ESTADUAIS 2026";90002537431;2;"FACEBOOK: SAMULE LACERDA"
"01/10/2026";"08:31:01";2026;"GO";2;"ELEIÇÃO ORDINÁRIA";6259;"ELEIÇÕES GERAIS ESTADUAIS 2026";90002539161;2;"INSTAGRAM/@FABIO.TOKARSKI"
"01/10/2026";"08:31:01";2026;"GO";2;"ELEIÇÃO ORDINÁRIA";6259;"ELEIÇÕES GERAIS ESTADUAIS 2026";90002537442;2;"TIKTOK.COM/@DAIANATEACHER1"
"01/10/2026";"08:31:01";2026;"GO";2;"ELEIÇÃO ORDINÁRIA";6259;"ELEIÇÕES GERAIS ESTADUAIS 2026";90002540966;1;"HTTPS://WWW.INSTAGRAM.COM/FABIODEMOURABRASIL?IGSH=MWJHNJVVYMJUBDH5DA=="
"01/10/2026";"08:31:01";2026;"GO";2;"ELEIÇÃO ORDINÁRIA";6259;"ELEIÇÕES GERAIS ESTADUAIS 2026";90002540997;6;"https://gracinhacaiado.com.br"
"01/10/2026";"08:31:01";2026;"GO";2;"ELEIÇÃO ORDINÁRIA";6259;"ELEIÇÕES GERAIS ESTADUAIS 2026";90002547031;1;"HTTPS://WWW.FACEBOOK.COM/EOCIE"
"01/10/2026";"08:31:01";2026;"GO";2;"ELEIÇÃO ORDINÁRIA";6259;"ELEIÇÕES GERAIS ESTADUAIS 2026";90002537438;3;"INSTAGRAM: ISAAC MARTINS"
"01/10/2026";"08:31:01";2026;"GO";2;"ELEIÇÃO ORDINÁRIA";6259;"ELEIÇÕES GERAIS ESTADUAIS 2026";90002543804;1;"HTTPS://WWW.TIKTOK.COM/@PATRICIAVALENTEBARRA"
"01/10/2026";"08:31:01";2026;"GO";2;"ELEIÇÃO ORDINÁRIA";6259;"ELEIÇÕES GERAIS ESTADUAIS 2026";90002546222;5;"flickr.com/photos/202761968@N05/albums"
"01/10/2026";"08:31:01";2026;"GO";2;"ELEIÇÃO ORDINÁRIA";6259;"ELEIÇÕES GERAIS ESTADUAIS 2026";90002543146;5;"https://www.youtube.com/@marcioluisoficial"
"01/10/2026";"08:31:01";2026;"GO";2;"ELEIÇÃO ORDINÁRIA";6259;"ELEIÇÕES GERAIS ESTADUAIS 2026";90002543157;1;"HTTPS://WWW.INSTAGRAM.COM/GRACIELEDAARTETRIGO?IGSH=OTN1EXC1C3VJMWXR"
"01/10/2026";"08:31:01";2026;"GO";2;"ELEIÇÃO ORDINÁRIA";6259;"ELEIÇÕES GERAIS ESTADUAIS 2026";90002543177;1;"HTTPS://WWW.FACEBOOK.COM/SHARE/1TYCUGCYE2/"
"01/10/2026";"08:31:01";2026;"GO";2;"ELEIÇÃO ORDINÁRIA";6259;"ELEIÇÕES GERAIS ESTADUAIS 2026";90002544859;1;"HTTPS://WWW.INSTAGRAM.COM/OFEDERALDEGOIANIA/"
"01/10/2026";"08:31:01";2026;"GO";2;"ELEIÇÃO ORDINÁRIA";6259;"ELEIÇÕES GERAIS ESTADUAIS 2026";90002544878;5;"https://www.facebook.com/dep.josemachado"
"01/10/2026";"08:31:01";2026;"GO";2;"ELEIÇÃO ORDINÁRIA";6259;"ELEIÇÕES GERAIS ESTADUAIS 2026";90002551790;3;"HTTPS://YOUTUBE.COM/@ANAPAULAREZENDEPL"
"01/10/2026";"08:31:01";2026;"GO";2;"ELEIÇÃO ORDINÁRIA";6259;"ELEIÇÕES GERAIS ESTADUAIS 2026";90002548064;1;"https://www.instagram.com/vivianalbernaznaves?stkn=eGJ6amprOTQ5d3Nq"
"01/10/2026";"08:31:01";2026;"GO";2;"ELEIÇÃO ORDINÁRIA";6259;"ELEIÇÕES GERAIS ESTADUAIS 2026";90002543471;3;"https://ismaelalexandrino.com.br/"
"01/10/2026";"08:31:01";2026;"GO";2;"ELEIÇÃO ORDINÁRIA";6259;"ELEIÇÕES GERAIS ESTADUAIS 2026";90002537390;6;"HTTPS://YOUTUBE.COM/@GLAUSTINDAFOKUS20?SI=TT1STDVYEOH9MT0W"
"01/10/2026";"08:31:01";2026;"GO";2;"ELEIÇÃO ORDINÁRIA";6259;"ELEIÇÕES GERAIS ESTADUAIS 2026";90002543801;1;"HTTPS://WWW.INSTAGRAM.COM/DIEYMEDOGAYER"
"01/10/2026";"08:31:01";2026;"GO";2;"ELEIÇÃO ORDINÁRIA";6259;"ELEIÇÕES GERAIS ESTADUAIS 2026";90002551486;1;"INSTAGRAM: @ALESSANDRAISCANDAR"
"01/10/2026";"08:31:01";2026;"GO";2;"ELEIÇÃO ORDINÁRIA";6259;"ELEIÇÕES GERAIS ESTADUAIS 2026";90002543240;1;"VALNASCIMENTOBM"
"01/10/2026";"08:31:01";2026;"GO";2;"ELEIÇÃO ORDINÁRIA";6259;"ELEIÇÕES GERAIS ESTADUAIS 2026";90002543250;2;"HTTPS://WWW.INSTAGRAM.COM/CAPITAORODOLFOSOUZA"
"01/10/2026";"08:31:01";2026;"GO";2;"ELEIÇÃO ORDINÁRIA";6259;"ELEIÇÕES GERAIS ESTADUAIS 2026";90002554305;2;"https://www.facebook.com/leonardo.reis.353/"
"01/10/2026";"08:31:01";2026;"GO";2;"ELEIÇÃO ORDINÁRIA";6259;"ELEIÇÕES GERAIS ESTADUAIS 2026";90002543836;9;"THEFIUP21@GMAIL.COM"
"01/10/2026";"08:31:01";2026;"GO";2;"ELEIÇÃO ORDINÁRIA";6259;"ELEIÇÕES GERAIS ESTADUAIS 2026";90002543841;1;"HTTPS://WWW.INSTAGRAM.COM/TATADASILVA77/"
"01/10/2026";"08:31:01";2026;"GO";2;"ELEIÇÃO ORDINÁRIA";6259;"ELEIÇÕES GERAIS ESTADUAIS 2026";90002541000;1;"HTTPS://WWW.INSTAGRAM.COM/CARLOSCARDOSOFILHO?UTM_SOURCE=QR"
"01/10/2026";"08:31:01";2026;"GO";2;"ELEIÇÃO ORDINÁRIA";6259;"ELEIÇÕES GERAIS ESTADUAIS 2026";90002543500;2;"HTTPS://WWW.INSTAGRAM.COM/HENRIQUEZINI"
"01/10/2026";"08:31:01";2026;"GO";2;"ELEIÇÃO ORDINÁRIA";6259;"ELEIÇÕES GERAIS ESTADUAIS 2026";90002547009;7;"HTTPS://WWW.INSTAGRAM.COM/NARCIAKELLY/"
"01/10/2026";"08:31:01";2026;"GO";2;"ELEIÇÃO ORDINÁRIA";6259;"ELEIÇÕES GERAIS ESTADUAIS 2026";90002547010;6;"@ASSESSORIA.JAMILCALIFE"
"01/10/2026";"08:31:01";2026;"GO";2;"ELEIÇÃO ORDINÁRIA";6259;"ELEIÇÕES GERAIS ESTADUAIS 2026";90002547020;1;"HTTPS://WWW.INSTAGRAM.COM/THAISCORREABM?IGSH=MTVQODLIAJD4BJN0CQ=="
"01/10/2026";"08:31:01";2026;"GO";2;"ELEIÇÃO ORDINÁRIA";6259;"ELEIÇÕES GERAIS ESTADUAIS 2026";90002547020;3;"INSTAGRAN: @sargentothais44193"
"01/10/2026";"08:31:01";2026;"GO";2;"ELEIÇÃO ORDINÁRIA";6259;"ELEIÇÕES GERAIS ESTADUAIS 2026";90002547025;1;"tcoronel_michella_"
"01/10/2026";"08:31:01";2026;"GO";2;"ELEIÇÃO ORDINÁRIA";6259;"ELEIÇÕES GERAIS ESTADUAIS 2026";90002547029;1;"HTTPS://WWW.INSTAGRAM.COM/HIGORCS007?IGSH=M2PNMWI4MHVOEXB3"
"01/10/2026";"08:31:01";2026;"GO";2;"ELEIÇÃO ORDINÁRIA";6259;"ELEIÇÕES GERAIS ESTADUAIS 2026";90002547034;1;"HTTPS://WWW.INSTAGRAM.COM/GILBERTOPATRICIO2026?IGSH=MW5JOWG1MZAXOWG5EA=="
"01/10/2026";"08:31:01";2026;"GO";2;"ELEIÇÃO ORDINÁRIA";6259;"ELEIÇÕES GERAIS ESTADUAIS 2026";90002547070;4;"HTTPS://WWW.FACEBOOK.COM/FLAVIOCOUTINHOGO/"
"01/10/2026";"08:31:01";2026;"GO";2;"ELEIÇÃO ORDINÁRIA";6259;"ELEIÇÕES GERAIS ESTADUAIS 2026";90002547076;2;"HTTP://FACEBOOK.COM/WALTERCAMARGO40992"
"01/10/2026";"08:31:01";2026;"GO";2;"ELEIÇÃO ORDINÁRIA";6259;"ELEIÇÕES GERAIS ESTADUAIS 2026";90002547079;2;"HTTPS://WWW.FACEBOOK.COM/CRISTIELLY.SOUZA.509"
"01/10/2026";"08:31:01";2026;"GO";2;"ELEIÇÃO ORDINÁRIA";6259;"ELEIÇÕES GERAIS ESTADUAIS 2026";90002547401;3;"HTTPS://WWW.TIKTOK.COM/@DRAIVANECAMPOS"
"01/10/2026";"08:31:01";2026;"GO";2;"ELEIÇÃO ORDINÁRIA";6259;"ELEIÇÕES GERAIS ESTADUAIS 2026";90002540942;1;"HTTPS://WWW.INSTAGRAM.COM/EUSANDRAAZEVEDOGO?IGSH=MTN4NHNPCJDPNGDQCQ%3D%3D&UTM_SO"
"01/10/2026";"08:31:01";2026;"GO";2;"ELEIÇÃO ORDINÁRIA";6259;"ELEIÇÕES GERAIS ESTADUAIS 2026";90002541698;4;"https://youtube.com/@fernandaborges_amb"
"01/10/2026";"08:31:01";2026;"GO";2;"ELEIÇÃO ORDINÁRIA";6259;"ELEIÇÕES GERAIS ESTADUAIS 2026";90002541700;2;"JOAONOLETO.COM.BR"
"01/10/2026";"08:31:01";2026;"GO";2;"ELEIÇÃO ORDINÁRIA";6259;"ELEIÇÕES GERAIS ESTADUAIS 2026";90002541703;2;"https://instagram.com/alinelimambl62"
"01/10/2026";"08:31:01";2026;"GO";2;"ELEIÇÃO ORDINÁRIA";6259;"ELEIÇÕES GERAIS ESTADUAIS 2026";90002548052;1;"@ELCIMARCONEXAO"
"01/10/2026";"08:31:01";2026;"GO";2;"ELEIÇÃO ORDINÁRIA";6259;"ELEIÇÕES GERAIS ESTADUAIS 2026";90002548060;1;"@TOQUINHOMOREIRA"
"01/10/2026";"08:31:01";2026;"GO";2;"ELEIÇÃO ORDINÁRIA";6259;"ELEIÇÕES GERAIS ESTADUAIS 2026";90002541706;3;"https://facebook.com/1hhjvsnnrf"
"01/10/2026";"08:31:01";2026;"GO";2;"ELEIÇÃO ORDINÁRIA";6259;"ELEIÇÕES GERAIS ESTADUAIS 2026";90002537640;4;"https://deputadojoaocampos.com.br/"
"01/10/2026";"08:31:01";2026;"GO";2;"ELEIÇÃO ORDINÁRIA";6259;"ELEIÇÕES GERAIS ESTADUAIS 2026";90002543852;1;"ANAMARIA05032019@GMAIL.COM"
"01/10/2026";"08:31:01";2026;"GO";2;"ELEIÇÃO ORDINÁRIA";6259;"ELEIÇÕES GERAIS ESTADUAIS 2026";90002543853;1;"HTTPS://WWW.INSTAGRAM.COM/VALDELES_CUNEGUNDES/"
"01/10/2026";"08:31:01";2026;"GO";2;"ELEIÇÃO ORDINÁRIA";6259;"ELEIÇÕES GERAIS ESTADUAIS 2026";90002554348;1;"-SAMUELALVESFRANÇA"
"01/10/2026";"08:31:01";2026;"GO";2;"ELEIÇÃO ORDINÁRIA";6259;"ELEIÇÕES GERAIS ESTADUAIS 2026";90002543449;3;"6181004378"
"01/10/2026";"08:31:01";2026;"GO";2;"ELEIÇÃO ORDINÁRIA";6259;"ELEIÇÕES GERAIS ESTADUAIS 2026";90002543456;2;"+55 62 9406-3435"
"01/10/2026";"08:31:01";2026;"GO";2;"ELEIÇÃO ORDINÁRIA";6259;"ELEIÇÕES GERAIS ESTADUAIS 2026";90002543462;7;"HTTPS://WA.ME/QR/2NHPLDZ4PXMJF1"
"01/10/2026";"08:31:01";2026;"GO";2;"ELEIÇÃO ORDINÁRIA";6259;"ELEIÇÕES GERAIS ESTADUAIS 2026";90002540139;1;"@antoniogomide | instagram.com/antoniogomide | INTAGRAM/ANTONIOGOMIDE"
"01/10/2026";"08:31:01";2026;"GO";2;"ELEIÇÃO ORDINÁRIA";6259;"ELEIÇÕES GERAIS ESTADUAIS 2026";90002540864;1;"INSTAGRAM/WALCYCALIXTO"
"01/10/2026";"08:31:01";2026;"GO";2;"ELEIÇÃO ORDINÁRIA";6259;"ELEIÇÕES GERAIS ESTADUAIS 2026";90002547003;1;"HTTPS://WWW.FACEBOOK.COM/ANACARLA.VASCONCELOS.3/"
"01/10/2026";"08:31:01";2026;"GO";2;"ELEIÇÃO ORDINÁRIA";6259;"ELEIÇÕES GERAIS ESTADUAIS 2026";90002543243;5;"https://www.tiktok.com/@silvyealves?_r=1&_t=ZS-98dGN6gbNPp"
"01/10/2026";"08:31:01";2026;"GO";2;"ELEIÇÃO ORDINÁRIA";6259;"ELEIÇÕES GERAIS ESTADUAIS 2026";90002541456;1;"INSTAGRAM@PATRICKDENORONHA"
"01/10/2026";"08:31:01";2026;"GO";2;"ELEIÇÃO ORDINÁRIA";6259;"ELEIÇÕES GERAIS ESTADUAIS 2026";90002548365;1;"@KELLYFERAOFICIAL"
"01/10/2026";"08:31:01";2026;"GO";2;"ELEIÇÃO ORDINÁRIA";6259;"ELEIÇÕES GERAIS ESTADUAIS 2026";90002537426;4;"https://www.threads.com/@larissa_lafaiete_?xmt=AQG0jD3nzDtBmjjVKsg13IKTzWeBgx6g6ovV__0ThsZ9cMk"
"01/10/2026";"08:31:01";2026;"GO";2;"ELEIÇÃO ORDINÁRIA";6259;"ELEIÇÕES GERAIS ESTADUAIS 2026";90002540954;1;"HTTPS://WWW.INSTAGRAM.COM/MARCELO.DERZE/"
"01/10/2026";"08:31:01";2026;"GO";2;"ELEIÇÃO ORDINÁRIA";6259;"ELEIÇÕES GERAIS ESTADUAIS 2026";90002540956;2;"HTTPS://WWW.INSTAGRAM.COM/MARCIOSOARES.INSTRUTOR?IGSH=AWHRZGHHEWL0CZFU&UTM_SOURC"
"01/10/2026";"08:31:01";2026;"GO";2;"ELEIÇÃO ORDINÁRIA";6259;"ELEIÇÕES GERAIS ESTADUAIS 2026";90002537434;3;"WWW.DEBORADOMINGUES.COM.BR"
"01/10/2026";"08:31:01";2026;"GO";2;"ELEIÇÃO ORDINÁRIA";6259;"ELEIÇÕES GERAIS ESTADUAIS 2026";90002537437;3;"HTTPS://WWW.TIKTOK.COM/@JANAINA_CANDIDO1?_R=1&_D=F3G2J707H632D5&SEC_UID=MS4WLJAB"
"01/10/2026";"08:31:01";2026;"GO";2;"ELEIÇÃO ORDINÁRIA";6259;"ELEIÇÕES GERAIS ESTADUAIS 2026";90002540962;1;"HTTPS://WWW.INSTAGRAM.COM/WAGNERVASCONCELOSOFICIAL?IGSH=MXNOMXO0BG4YYXY0BQ=="
"01/10/2026";"08:31:01";2026;"GO";2;"ELEIÇÃO ORDINÁRIA";6259;"ELEIÇÕES GERAIS ESTADUAIS 2026";90002540967;1;"HTTPS://WWW.INSTAGRAM.COM/DR.AMARILDOFILHO"
"01/10/2026";"08:31:01";2026;"GO";2;"ELEIÇÃO ORDINÁRIA";6259;"ELEIÇÕES GERAIS ESTADUAIS 2026";90002537449;1;"HTTPS://WWW.INSTAGRAM.COM/DRA.FABIANAGONCALVES?IGSH=MWPTDZQYZ252YZM5CA=="
"01/10/2026";"08:31:01";2026;"GO";2;"ELEIÇÃO ORDINÁRIA";6259;"ELEIÇÕES GERAIS ESTADUAIS 2026";90002537450;6;"https://www.tiktok.com/@sidpeaoo"
"01/10/2026";"08:31:01";2026;"GO";2;"ELEIÇÃO ORDINÁRIA";6259;"ELEIÇÕES GERAIS ESTADUAIS 2026";90002537453;5;"@TEN.CORONEL.NILSON"
"01/10/2026";"08:31:01";2026;"GO";2;"ELEIÇÃO ORDINÁRIA";6259;"ELEIÇÕES GERAIS ESTADUAIS 2026";90002537454;1;"HTTPS://WWW.FACEBOOK.COM/SHARE/1NJ8SRTE4F/?MIBEXTID=WWXIFR"
"01/10/2026";"08:31:01";2026;"GO";2;"ELEIÇÃO ORDINÁRIA";6259;"ELEIÇÕES GERAIS ESTADUAIS 2026";90002537456;5;"HTTPS://WWW.TIKTOK.COM/@LEIDEALVESOFICIAL"
"01/10/2026";"08:31:01";2026;"GO";2;"ELEIÇÃO ORDINÁRIA";6259;"ELEIÇÕES GERAIS ESTADUAIS 2026";90002537457;5;"TIKTOK.COM/@PROFESSORACIIDA"
"01/10/2026";"08:31:01";2026;"GO";2;"ELEIÇÃO ORDINÁRIA";6259;"ELEIÇÕES GERAIS ESTADUAIS 2026";90002537438;1;"FACEBOOK: ISAACMARTINS"
"01/10/2026";"08:31:01";2026;"GO";2;"ELEIÇÃO ORDINÁRIA";6259;"ELEIÇÕES GERAIS ESTADUAIS 2026";90002543797;1;"HTTPS://WWW.FACEBOOK.COM/ALEX.DOS.GARIS.2025"
"01/10/2026";"08:31:01";2026;"GO";2;"ELEIÇÃO ORDINÁRIA";6259;"ELEIÇÕES GERAIS ESTADUAIS 2026";90002543806;3;"https://www.facebook.com/majorhugochristiani/"
"01/10/2026";"08:31:01";2026;"GO";2;"ELEIÇÃO ORDINÁRIA";6259;"ELEIÇÕES GERAIS ESTADUAIS 2026";90002543140;3;"HTTPS://WWW.TIKTOK.COM/@ETHIENNEGAYER?_R=1&_T=ZS-98H5GNROUWA"
"01/10/2026";"08:31:01";2026;"GO";2;"ELEIÇÃO ORDINÁRIA";6259;"ELEIÇÕES GERAIS ESTADUAIS 2026";90002542610;2;"TIKTOK: JORDANA.FERREIRA.22"
"01/10/2026";"08:31:01";2026;"GO";2;"ELEIÇÃO ORDINÁRIA";6259;"ELEIÇÕES GERAIS ESTADUAIS 2026";90002543172;1;"HTTPS://WWW.INSTAGRAM.COM/LUCASLUIZ_ALMEIDA?IGSH=MXIWNZZVCXHVZMRWCQ%3D%3D&UTM_SO"
"01/10/2026";"08:31:01";2026;"GO";2;"ELEIÇÃO ORDINÁRIA";6259;"ELEIÇÕES GERAIS ESTADUAIS 2026";90002546246;1;"INSTAGRAM: @PAULACASTRO1979"
"01/10/2026";"08:31:01";2026;"GO";2;"ELEIÇÃO ORDINÁRIA";6259;"ELEIÇÕES GERAIS ESTADUAIS 2026";90002553732;1;"https://candidatos.pco.org.br"
"01/10/2026";"08:31:01";2026;"GO";2;"ELEIÇÃO ORDINÁRIA";6259;"ELEIÇÕES GERAIS ESTADUAIS 2026";90002544878;6;"https://www.tiktok.com/@dr.jmachado"
"01/10/2026";"08:31:01";2026;"GO";2;"ELEIÇÃO ORDINÁRIA";6259;"ELEIÇÕES GERAIS ESTADUAIS 2026";90002544893;2;"https://www.facebook.com/share/1DjyQvtm1x/?mibextid=wwXIfr"
"01/10/2026";"08:31:01";2026;"GO";2;"ELEIÇÃO ORDINÁRIA";6259;"ELEIÇÕES GERAIS ESTADUAIS 2026";90002544895;2;"https://www.facebook.com/rannieri.Lopes"
"01/10/2026";"08:31:01";2026;"GO";2;"ELEIÇÃO ORDINÁRIA";6259;"ELEIÇÕES GERAIS ESTADUAIS 2026";90002544895;4;"https://www.tiktok.com/@rannieri.lopes"
"01/10/2026";"08:31:01";2026;"GO";2;"ELEIÇÃO ORDINÁRIA";6259;"ELEIÇÕES GERAIS ESTADUAIS 2026";90002544896;1;"HTTPS://WWW.INSTAGRAM.COM/JANDY.MARCOLINO/"
"01/10/2026";"08:31:01";2026;"GO";2;"ELEIÇÃO ORDINÁRIA";6259;"ELEIÇÕES GERAIS ESTADUAIS 2026";90002547018;2;"HTTPS://WWW.INSTAGRAM.COM/DEPVIRMONDES?IGSH=AZRVNJJ5ODJWDGHT"
"01/10/2026";"08:31:01";2026;"GO";2;"ELEIÇÃO ORDINÁRIA";6259;"ELEIÇÕES GERAIS ESTADUAIS 2026";90002547075;1;"HTTPS://WWW.FACEBOOK.COM/VETERMARTINSPERFIL"
"01/10/2026";"08:31:01";2026;"GO";2;"ELEIÇÃO ORDINÁRIA";6259;"ELEIÇÕES GERAIS ESTADUAIS 2026";90002547083;1;"HTTPS://WWW.KWAI.COM/@KARLOS.CABRAL"
"01/10/2026";"08:31:01";2026;"GO";2;"ELEIÇÃO ORDINÁRIA";6259;"ELEIÇÕES GERAIS ESTADUAIS 2026";90002545244;1;"@OIURECASTRO"
"01/10/2026";"08:31:01";2026;"GO";2;"ELEIÇÃO ORDINÁRIA";6259;"ELEIÇÕES GERAIS ESTADUAIS 2026";90002545244;7;"https://x.com/iurecastro234"
"01/10/2026";"08:31:01";2026;"GO";2;"ELEIÇÃO ORDINÁRIA";6259;"ELEIÇÕES GERAIS ESTADUAIS 2026";90002551484;1;"INSTAGRAM: @ANNE.KELLY_ALVES"
"01/10/2026";"08:31:01";2026;"GO";2;"ELEIÇÃO ORDINÁRIA";6259;"ELEIÇÕES GERAIS ESTADUAIS 2026";90002543830;2;"HTTPS://WWW.INSTAGRAM.COM/THAMYRESKAREN_011/"
"01/10/2026";"08:31:01";2026;"GO";2;"ELEIÇÃO ORDINÁRIA";6259;"ELEIÇÕES GERAIS ESTADUAIS 2026";90002543842;2;"HTTPS://WWW.FACEBOOK.COM/SHARE/1BCT1ZH19M/"
"01/10/2026";"08:31:01";2026;"GO";2;"ELEIÇÃO ORDINÁRIA";6259;"ELEIÇÕES GERAIS ESTADUAIS 2026";90002552720;4;"https://www.instagram.com/pragizelletelesoficial?stkn=N2JsMndudmMwN2"
"01/10/2026";"08:31:01";2026;"GO";2;"ELEIÇÃO ORDINÁRIA";6259;"ELEIÇÕES GERAIS ESTADUAIS 2026";90002543488;2;"https://livioluciano.netlify.app/"
"01/10/2026";"08:31:01";2026;"GO";2;"ELEIÇÃO ORDINÁRIA";6259;"ELEIÇÕES GERAIS ESTADUAIS 2026";90002547015;1;"HTTPS://WWW.INSTAGRAM.COM/JULIANAOLIVEIRA2026_?UTM_SOURCE=QR&IGSH=MWPYBXZ4DGDUD2"
"01/10/2026";"08:31:01";2026;"GO";2;"ELEIÇÃO ORDINÁRIA";6259;"ELEIÇÕES GERAIS ESTADUAIS 2026";90002547074;2;"HTTPS://WWW.FACEBOOK.COM/WALTTERLENNEENGLENFREITASDELIMA.LIMA"
"01/10/2026";"08:31:01";2026;"GO";2;"ELEIÇÃO ORDINÁRIA";6259;"ELEIÇÕES GERAIS ESTADUAIS 2026";90002541709;2;"https://instagram.com/khalill_gui"
"01/10/2026";"08:31:01";2026;"GO";2;"ELEIÇÃO ORDINÁRIA";6259;"ELEIÇÕES GERAIS ESTADUAIS 2026";90002542626;1;"https://www.instagram.com/majorvitorhugo"
"01/10/2026";"08:31:01";2026;"GO";2;"ELEIÇÃO ORDINÁRIA";6259;"ELEIÇÕES GERAIS ESTADUAIS 2026";90002543220;3;"http://www.instagram.com/lucasvergiliogo"
"01/10/2026";"08:31:01";2026;"GO";2;"ELEIÇÃO ORDINÁRIA";6259;"ELEIÇÕES GERAIS ESTADUAIS 2026";90002543478;2;"HTTPS://WWW.FACEBOOK.COM/FRANCILENE.SOUSA.33449138"
"01/10/2026";"08:31:01";2026;"GO";2;"ELEIÇÃO ORDINÁRIA";6259;"ELEIÇÕES GERAIS ESTADUAIS 2026";90002543780;2;"FACEBOOK: ISABEL CRISTINA"
"01/10/2026";"08:31:01";2026;"GO";2;"ELEIÇÃO ORDINÁRIA";6259;"ELEIÇÕES GERAIS ESTADUAIS 2026";90002543458;1;"HTTPS://WWW.FACEBOOK.COM/SHARE/1F6UJHROA2/"
"01/10/2026";"08:31:01";2026;"GO";2;"ELEIÇÃO ORDINÁRIA";6259;"ELEIÇÕES GERAIS ESTADUAIS 2026";90002543463;5;"https://www.tiktok.com/@marconiperillo?_r=1&_t=ZS-994d8CN2jfE"
"01/10/2026";"08:31:01";2026;"GO";2;"ELEIÇÃO ORDINÁRIA";6259;"ELEIÇÕES GERAIS ESTADUAIS 2026";90002540141;1;"INSTAGRAN/WESLEY_TOLEDO13"
"01/10/2026";"08:31:01";2026;"GO";2;"ELEIÇÃO ORDINÁRIA";6259;"ELEIÇÕES GERAIS ESTADUAIS 2026";90002540141;2;"FACEBOOK/WESLEYTOLEDO"
"01/10/2026";"08:31:01";2026;"GO";2;"ELEIÇÃO ORDINÁRIA";6259;"ELEIÇÕES GERAIS ESTADUAIS 2026";90002540153;1;"HTTPS://WWW.INSTAGRAM.COM/DRJOSENILTON.BRETAS/"
"01/10/2026";"08:31:01";2026;"GO";2;"ELEIÇÃO ORDINÁRIA";6259;"ELEIÇÕES GERAIS ESTADUAIS 2026";90002540993;2;"HTTPS://WHATSAPP.COM/CHANNEL/0029VBAMDCC77QVXEEAKOD3D"
"01/10/2026";"08:31:01";2026;"GO";2;"ELEIÇÃO ORDINÁRIA";6259;"ELEIÇÕES GERAIS ESTADUAIS 2026";90002551791;2;"HTTPS://WWW.FACEBOOK.COM/WILDERMORAIS"
"01/10/2026";"08:31:01";2026;"GO";2;"ELEIÇÃO ORDINÁRIA";6259;"ELEIÇÕES GERAIS ESTADUAIS 2026";90002543556;11;"http://www.instagram.com/gustavogayerdep/"
"01/10/2026";"08:31:01";2026;"GO";2;"ELEIÇÃO ORDINÁRIA";6259;"ELEIÇÕES GERAIS ESTADUAIS 2026";90002547100;2;"https://www.instagram.com/depjeferson10/reels/"
"01/10/2026";"08:31:01";2026;"GO";2;"ELEIÇÃO ORDINÁRIA";6259;"ELEIÇÕES GERAIS ESTADUAIS 2026";90002546242;4;"https://www.instagram.com/amiltonfilhooficial"
"01/10/2026";"08:31:01";2026;"GO";2;"ELEIÇÃO ORDINÁRIA";6259;"ELEIÇÕES GERAIS ESTADUAIS 2026";90002543182;2;"FACEBOOK.COM/FALAFABIOCORREA"
"01/10/2026";"08:31:01";2026;"GO";2;"ELEIÇÃO ORDINÁRIA";6259;"ELEIÇÕES GERAIS ESTADUAIS 2026";90002543233;1;"@JOAOZINHOGUIMARAESOFICIAL"
"01/10/2026";"08:31:01";2026;"GO";2;"ELEIÇÃO ORDINÁRIA";6259;"ELEIÇÕES GERAIS ESTADUAIS 2026";90002537393;3;"HTTPS://WWW.TIKTOK.COM/@ELAINERODRIGUESSI8?_R=1&_T=ZS-98YY6OM5GUL"
"01/10/2026";"08:31:01";2026;"GO";2;"ELEIÇÃO ORDINÁRIA";6259;"ELEIÇÕES GERAIS ESTADUAIS 2026";90002537638;12;"https://www.instagram.com/leomachadoverdade/"
"01/10/2026";"08:31:01";2026;"GO";2;"ELEIÇÃO ORDINÁRIA";6259;"ELEIÇÕES GERAIS ESTADUAIS 2026";90002537642;5;"HTTPS://WWW.INSTAGRAM.COM/ROSANGELAMUNIZARAUJO/"
"01/10/2026";"08:31:01";2026;"GO";2;"ELEIÇÃO ORDINÁRIA";6259;"ELEIÇÕES GERAIS ESTADUAIS 2026";90002537643;4;"YOUTUBE.COM/@CULINARIAEMCASA"
"01/10/2026";"08:31:01";2026;"GO";2;"ELEIÇÃO ORDINÁRIA";6259;"ELEIÇÕES GERAIS ESTADUAIS 2026";90002537424;4;"HTTPS://WWW.TIKTOK.COM/@GABRIELMANCINIOFICIAL?_R=1&_T=ZS-97HFCTB96HH"
"01/10/2026";"08:31:01";2026;"GO";2;"ELEIÇÃO ORDINÁRIA";6259;"ELEIÇÕES GERAIS ESTADUAIS 2026";90002537427;6;"HTTPS://WWW.INSTAGRAM.COM/FELIPEMABEL?IGSH=BXFLY2Z6M2F3YXJ1"
"01/10/2026";"08:31:01";2026;"GO";2;"ELEIÇÃO ORDINÁRIA";6259;"ELEIÇÕES GERAIS ESTADUAIS 2026";90002537430;2;"HTTPS://WWW.INSTAGRAM.COM/PIMENTINHALOCUTOR?IGSH=MWFVOXEWCGPQD3C4ZA=="
"01/10/2026";"08:31:01";2026;"GO";2;"ELEIÇÃO ORDINÁRIA";6259;"ELEIÇÕES GERAIS ESTADUAIS 2026";90002540947;1;"HTTPS://WWW.INSTAGRAM.COM/LAION.BARBOSA/"
"01/10/2026";"08:31:01";2026;"GO";2;"ELEIÇÃO ORDINÁRIA";6259;"ELEIÇÕES GERAIS ESTADUAIS 2026";90002537434;2;"WWW.TIKTOK.COM/@DEBORADOMINGUES.OFICIAL"
"01/10/2026";"08:31:01";2026;"GO";2;"ELEIÇÃO ORDINÁRIA";6259;"ELEIÇÕES GERAIS ESTADUAIS 2026";90002537439;1;"INSTAGRAM @TOCOMLEO"
"01/10/2026";"08:31:01";2026;"GO";2;"ELEIÇÃO ORDINÁRIA";6259;"ELEIÇÕES GERAIS ESTADUAIS 2026";90002537447;4;"HTTPS://WWW.YOUTUBE.COM/@ELISADASA%C3%BADE2025"
"01/10/2026";"08:31:01";2026;"GO";2;"ELEIÇÃO ORDINÁRIA";6259;"ELEIÇÕES GERAIS ESTADUAIS 2026";90002537456;3;"HTTPS://WWW.FACEBOOK.COM/SHARE/1FBPPYIO5A/"
"01/10/2026";"08:31:01";2026;"GO";2;"ELEIÇÃO ORDINÁRIA";6259;"ELEIÇÕES GERAIS ESTADUAIS 2026";90002540973;1;"HTTPS://WWW.INSTAGRAM.COM/LANAMOREIRAGO?IGSH=M2PXBW9IOGFTOTG5"
"01/10/2026";"08:31:01";2026;"GO";2;"ELEIÇÃO ORDINÁRIA";6259;"ELEIÇÕES GERAIS ESTADUAIS 2026";90002539153;2;"https://professoredward.com.br/"
"01/10/2026";"08:31:01";2026;"GO";2;"ELEIÇÃO ORDINÁRIA";6259;"ELEIÇÕES GERAIS ESTADUAIS 2026";90002554189;2;"https://www.instagram.com/ademiramador/"
"01/10/2026";"08:31:01";2026;"GO";2;"ELEIÇÃO ORDINÁRIA";6259;"ELEIÇÕES GERAIS ESTADUAIS 2026";90002543788;3;"WWW.MAJORARAUJO.COM.BR"
"01/10/2026";"08:31:01";2026;"GO";2;"ELEIÇÃO ORDINÁRIA";6259;"ELEIÇÕES GERAIS ESTADUAIS 2026";90002543788;1;"HTTPS://WWW.INSTAGRAM.COM/DEPMAJORARAUJO/"
"01/10/2026";"08:31:01";2026;"GO";2;"ELEIÇÃO ORDINÁRIA";6259;"ELEIÇÕES GERAIS ESTADUAIS 2026";90002543804;2;"HTTPS://WWW.INSTAGRAM.COM/PATRICIAVALENTEADVOGADA"
"01/10/2026";"08:31:01";2026;"GO";2;"ELEIÇÃO ORDINÁRIA";6259;"ELEIÇÕES GERAIS ESTADUAIS 2026";90002543806;2;"https://www.facebook.com/majorhugochristiani"
"01/10/2026";"08:31:01";2026;"GO";2;"ELEIÇÃO ORDINÁRIA";6259;"ELEIÇÕES GERAIS ESTADUAIS 2026";90002543144;1;"@ARTUR.SARGENTO"
"01/10/2026";"08:31:01";2026;"GO";2;"ELEIÇÃO ORDINÁRIA";6259;"ELEIÇÕES GERAIS ESTADUAIS 2026";90002543149;2;"https://web.facebook.com/profile.php?id=61591317990058"
"01/10/2026";"08:31:01";2026;"GO";2;"ELEIÇÃO ORDINÁRIA";6259;"ELEIÇÕES GERAIS ESTADUAIS 2026";90002543151;1;"DANIEL_MESSAC"
"01/10/2026";"08:31:01";2026;"GO";2;"ELEIÇÃO ORDINÁRIA";6259;"ELEIÇÕES GERAIS ESTADUAIS 2026";90002543158;3;"WWW.TIKTOK.COM/@KATHREINMOURACOMOSPES"
"01/10/2026";"08:31:01";2026;"GO";2;"ELEIÇÃO ORDINÁRIA";6259;"ELEIÇÕES GERAIS ESTADUAIS 2026";90002546240;1;"INSTAGRAM: EDILSONGR0179"
"01/10/2026";"08:31:01";2026;"GO";2;"ELEIÇÃO ORDINÁRIA";6259;"ELEIÇÕES GERAIS ESTADUAIS 2026";90002544884;4;"https://www.facebook.com/share/1ZEwPi8uoB/"
"01/10/2026";"08:31:01";2026;"GO";2;"ELEIÇÃO ORDINÁRIA";6259;"ELEIÇÕES GERAIS ESTADUAIS 2026";90002544895;1;"HTTPS://WWW.INSTAGRAM.COM/ADVOGADORANNIERI/"
"01/10/2026";"08:31:01";2026;"GO";2;"ELEIÇÃO ORDINÁRIA";6259;"ELEIÇÕES GERAIS ESTADUAIS 2026";90002544895;3;"https://www.facebook.com/people/Rannieri-Lopes/"
"01/10/2026";"08:31:01";2026;"GO";2;"ELEIÇÃO ORDINÁRIA";6259;"ELEIÇÕES GERAIS ESTADUAIS 2026";90002540861;1;"INSTAGRAM/BIADELIMAOFICIAL"
"01/10/2026";"08:31:01";2026;"GO";2;"ELEIÇÃO ORDINÁRIA";6259;"ELEIÇÕES GERAIS ESTADUAIS 2026";90002547032;1;"HTTPS://WWW.INSTAGRAM.COM/WILDE.CAMBAO/"
"01/10/2026";"08:31:01";2026;"GO";2;"ELEIÇÃO ORDINÁRIA";6259;"ELEIÇÕES GERAIS ESTADUAIS 2026";90002546974;2;"HTTPS://WWW.INSTAGRAM.COM/DRZACHARIASCALIL/?HL=PT"
"01/10/2026";"08:31:01";2026;"GO";2;"ELEIÇÃO ORDINÁRIA";6259;"ELEIÇÕES GERAIS ESTADUAIS 2026";90002543128;5;"HTTPS://WWW.TIKTOK.COM/@LUCASKITAO"
"01/10/2026";"08:31:01";2026;"GO";2;"ELEIÇÃO ORDINÁRIA";6259;"ELEIÇÕES GERAIS ESTADUAIS 2026";90002546227;4;"KWAI*: @MARQUIMARAUJOG"
"01/10/2026";"08:31:01";2026;"GO";2;"ELEIÇÃO ORDINÁRIA";6259;"ELEIÇÕES GERAIS ESTADUAIS 2026";90002543240;2;"VALPERFUMESZYONE"
"01/10/2026";"08:31:01";2026;"GO";2;"ELEIÇÃO ORDINÁRIA";6259;"ELEIÇÕES GERAIS ESTADUAIS 2026";90002543835;2;"62 99134-1592"
"01/10/2026";"08:31:01";2026;"GO";2;"ELEIÇÃO ORDINÁRIA";6259;"ELEIÇÕES GERAIS ESTADUAIS 2026";90002543844;3;"HTTPS://WWW.INSTAGRAM.COM/LABOMBONERA.FUT7?UTM_SOURCE=QR&IGSH=Y2JPMDHQDGMWEWW0"
"01/10/2026";"08:31:01";2026;"GO";2;"ELEIÇÃO ORDINÁRIA";6259;"ELEIÇÕES GERAIS ESTADUAIS 2026";90002540998;3;"HTTPS://WWW.FACEBOOK.COM/GUSTAVOMENDANHA/"
"01/10/2026";"08:31:01";2026;"GO";2;"ELEIÇÃO ORDINÁRIA";6259;"ELEIÇÕES GERAIS ESTADUAIS 2026";90002543485;1;"SINARADASILVAPINHEIRORAMOS"
"01/10/2026";"08:31:01";2026;"GO";2;"ELEIÇÃO ORDINÁRIA";6259;"ELEIÇÕES GERAIS ESTADUAIS 2026";90002543558;1;"HTTPS://WWW.INSTAGRAM.COM/ LEONARDORIZZOGO"
"01/10/2026";"08:31:01";2026;"GO";2;"ELEIÇÃO ORDINÁRIA";6259;"ELEIÇÕES GERAIS ESTADUAIS 2026";90002543559;4;"HTTPS://X.COM/TOGOMES5?S=11"
"01/10/2026";"08:31:01";2026;"GO";2;"ELEIÇÃO ORDINÁRIA";6259;"ELEIÇÕES GERAIS ESTADUAIS 2026";90002543565;2;"https://www.instagram.com/loferreira02?igsh=bDk5aHF5a3B5N2Nv"
"01/10/2026";"08:31:01";2026;"GO";2;"ELEIÇÃO ORDINÁRIA";6259;"ELEIÇÕES GERAIS ESTADUAIS 2026";90002543502;2;"TC JORGEMARREIROS"
"01/10/2026";"08:31:01";2026;"GO";2;"ELEIÇÃO ORDINÁRIA";6259;"ELEIÇÕES GERAIS ESTADUAIS 2026";90002547009;4;"HTTPS://YOUTUBE.COM/@PREFEITANARCIAKELLY7052?SI=ACXGXHIBNOVM8AVJ"
"01/10/2026";"08:31:01";2026;"GO";2;"ELEIÇÃO ORDINÁRIA";6259;"ELEIÇÕES GERAIS ESTADUAIS 2026";90002547041;1;"HTTPS://WWW.INSTAGRAM.COM/OZIEL_LIRIO"
"01/10/2026";"08:31:01";2026;"GO";2;"ELEIÇÃO ORDINÁRIA";6259;"ELEIÇÕES GERAIS ESTADUAIS 2026";90002547077;1;"HTTPS://WWW.INSTAGRAM.COM/WENNER.PATRICK?IGSH=MTDPNJUWZZVLMGNPBG=="
"01/10/2026";"08:31:01";2026;"GO";2;"ELEIÇÃO ORDINÁRIA";6259;"ELEIÇÕES GERAIS ESTADUAIS 2026";90002547094;4;"https://www.tiktok.com/@rebecaromerobr"
"01/10/2026";"08:31:01";2026;"GO";2;"ELEIÇÃO ORDINÁRIA";6259;"ELEIÇÕES GERAIS ESTADUAIS 2026";90002547112;2;"HTTPS://WWW.TIKTOK.COM/@FOGUINHO7578?_R=1&_T=ZS-98M3BKODWQQ"
"01/10/2026";"08:31:01";2026;"GO";2;"ELEIÇÃO ORDINÁRIA";6259;"ELEIÇÕES GERAIS ESTADUAIS 2026";90002547123;2;"HTTPS://WWW.FACEBOOK.COM/LEODEOLIVEIRACN/"
"01/10/2026";"08:31:01";2026;"GO";2;"ELEIÇÃO ORDINÁRIA";6259;"ELEIÇÕES GERAIS ESTADUAIS 2026";90002547402;2;"HTTPS://WWW.FACEBOOK.COM/TATIANALEMOSOFICIAL/"
"01/10/2026";"08:31:01";2026;"GO";2;"ELEIÇÃO ORDINÁRIA";6259;"ELEIÇÕES GERAIS ESTADUAIS 2026";90002539148;1;"INSTAGRAM@DELUBIOSOARES13"
"01/10/2026";"08:31:01";2026;"GO";2;"ELEIÇÃO ORDINÁRIA";6259;"ELEIÇÕES GERAIS ESTADUAIS 2026";90002540939;2;"https://gabrielapugliesiadv.com.br/"
"01/10/2026";"08:31:01";2026;"GO";2;"ELEIÇÃO ORDINÁRIA";6259;"ELEIÇÕES GERAIS ESTADUAIS 2026";90002540940;1;"HTTPS://WWW.INSTAGRAM.COM/EDNACOSTAOFICIALGO?IGSH=ATLSCXEXZTMZYMTO"
"01/10/2026";"08:31:01";2026;"GO";2;"ELEIÇÃO ORDINÁRIA";6259;"ELEIÇÕES GERAIS ESTADUAIS 2026";90002537635;8;"HTTPS://WWW.TIKTOK.COM/@IGORFRANCOOFICIAL_?_R=1&_T=ZS-97VTQQGOOFD"
"01/10/2026";"08:31:01";2026;"GO";2;"ELEIÇÃO ORDINÁRIA";6259;"ELEIÇÕES GERAIS ESTADUAIS 2026";90002543220;2;"https://www.tiktok.com/@lucasvergiliogo"
"01/10/2026";"08:31:01";2026;"GO";2;"ELEIÇÃO ORDINÁRIA";6259;"ELEIÇÕES GERAIS ESTADUAIS 2026";90002548073;2;"HTTPS://WWW.FACEBOOK.COM.BR/SANDESJUNIOROFICIAL"
"01/10/2026";"08:31:01";2026;"GO";2;"ELEIÇÃO ORDINÁRIA";6259;"ELEIÇÕES GERAIS ESTADUAIS 2026";90002548073;5;"https://www.facebook.com/share/18mFr9h7qo/?mibextid=wwXIfr"
"01/10/2026";"08:31:01";2026;"GO";2;"ELEIÇÃO ORDINÁRIA";6259;"ELEIÇÕES GERAIS ESTADUAIS 2026";90002548075;1;"@ADELSONMOURA4"
"01/10/2026";"08:31:01";2026;"GO";2;"ELEIÇÃO ORDINÁRIA";6259;"ELEIÇÕES GERAIS ESTADUAIS 2026";90002551840;3;"HTTPS://WWW.YOUTUBE.COM/@PALOMALUDMYLAMORAISDEMEDEI4498"
"01/10/2026";"08:31:01";2026;"GO";2;"ELEIÇÃO ORDINÁRIA";6259;"ELEIÇÕES GERAIS ESTADUAIS 2026";90002551842;1;"HTTPS://WWW.INSTAGRAM.COM/PROF_LARISSAUP"
"01/10/2026";"08:31:01";2026;"GO";2;"ELEIÇÃO ORDINÁRIA";6259;"ELEIÇÕES GERAIS ESTADUAIS 2026";90002551488;4;"https://www.instagram.com/sargentolorena"
"01/10/2026";"08:31:01";2026;"GO";2;"ELEIÇÃO ORDINÁRIA";6259;"ELEIÇÕES GERAIS ESTADUAIS 2026";90002549181;12;"https://tcmaia2000.ai.studio/"
"01/10/2026";"08:31:01";2026;"GO";2;"ELEIÇÃO ORDINÁRIA";6259;"ELEIÇÕES GERAIS ESTADUAIS 2026";90002543767;6;"https://meirecruvinel.com.br"
"01/10/2026";"08:31:01";2026;"GO";2;"ELEIÇÃO ORDINÁRIA";6259;"ELEIÇÕES GERAIS ESTADUAIS 2026";90002543770;1;"HTTPS://WWW.INSTAGRAM.COM/JULIOCUNHA.ANAPOLIS?IGSH=NNJKOWSYETRJYWK1&UTM_SOURCE=Q"
"01/10/2026";"08:31:01";2026;"GO";2;"ELEIÇÃO ORDINÁRIA";6259;"ELEIÇÕES GERAIS ESTADUAIS 2026";90002548665;1;"https://www.instagram.com/mauro_ferratech?igsh=bzBld3M2Z240NDRi"
"01/10/2026";"08:31:01";2026;"GO";2;"ELEIÇÃO ORDINÁRIA";6259;"ELEIÇÕES GERAIS ESTADUAIS 2026";90002548670;4;"https://www.facebook.com/share/1ML9dnVapJ/"
"01/10/2026";"08:31:01";2026;"GO";2;"ELEIÇÃO ORDINÁRIA";6259;"ELEIÇÕES GERAIS ESTADUAIS 2026";90002550540;2;"@BOMBEIRALOUIZA"
"01/10/2026";"08:31:01";2026;"GO";2;"ELEIÇÃO ORDINÁRIA";6259;"ELEIÇÕES GERAIS ESTADUAIS 2026";90002543448;5;"HTTPS://WWW.TIKTOK.COM/@BERNARDOXAVIER34340"
"01/10/2026";"08:31:01";2026;"GO";2;"ELEIÇÃO ORDINÁRIA";6259;"ELEIÇÕES GERAIS ESTADUAIS 2026";90002543462;8;"HTTPS://X.COM/CARMEMOLIVEROFC"
"01/10/2026";"08:31:01";2026;"GO";2;"ELEIÇÃO ORDINÁRIA";6259;"ELEIÇÕES GERAIS ESTADUAIS 2026";90002543472;2;"HTTPS://WWW.TIKTOK.COM/@ROSELIDASAUDEEDOSOCIAL"
"01/10/2026";"08:31:01";2026;"GO";2;"ELEIÇÃO ORDINÁRIA";6259;"ELEIÇÕES GERAIS ESTADUAIS 2026";90002540133;3;"TREADS/HILVANYPINHEIRO"
"01/10/2026";"08:31:01";2026;"GO";2;"ELEIÇÃO ORDINÁRIA";6259;"ELEIÇÕES GERAIS ESTADUAIS 2026";90002540145;1;"INSTAGRAM/@PROF_PANTALEAO"
"01/10/2026";"08:31:01";2026;"GO";2;"ELEIÇÃO ORDINÁRIA";6259;"ELEIÇÕES GERAIS ESTADUAIS 2026";90002540153;5;"HTTPS://WWW.FACEBOOK.COM/DRJOSENILTONCARVALHOPROFISSIONAL"
"01/10/2026";"08:31:01";2026;"GO";2;"ELEIÇÃO ORDINÁRIA";6259;"ELEIÇÕES GERAIS ESTADUAIS 2026";90002551267;2;"@BOMBEIRALUNA"
"01/10/2026";"08:31:01";2026;"GO";2;"ELEIÇÃO ORDINÁRIA";6259;"ELEIÇÕES GERAIS ESTADUAIS 2026";90002543237;1;"HTTPS://WWW.TIKTOK.COM/@BRUNOPEIXOTOGO"
"01/10/2026";"08:31:01";2026;"GO";2;"ELEIÇÃO ORDINÁRIA";6259;"ELEIÇÕES GERAIS ESTADUAIS 2026";90002549168;3;"https://www.facebook.com/share/19CoKVLAg8/?mibextid=wwXIfr"
"01/10/2026";"08:31:01";2026;"GO";2;"ELEIÇÃO ORDINÁRIA";6259;"ELEIÇÕES GERAIS ESTADUAIS 2026";90002542612;3;"HTTPS://WWW.FACEBOOK.COM/PROFILE.PHP?ID=61582094034559"
"01/10/2026";"08:31:01";2026;"GO";2;"ELEIÇÃO ORDINÁRIA";6259;"ELEIÇÕES GERAIS ESTADUAIS 2026";90002542625;2;"HTTPS://WWW.TIKTOK.COM/@RENATORIBEIROCATALAO , HTTPS://KWAI-VIDEO.COM/U/@RENATOR"
"01/10/2026";"08:31:01";2026;"GO";2;"ELEIÇÃO ORDINÁRIA";6259;"ELEIÇÕES GERAIS ESTADUAIS 2026";90002543227;3;"https://www.youtube.com/channel/UCKixEfTIcj0DmLyyLvF-glw,"
"01/10/2026";"08:31:01";2026;"GO";2;"ELEIÇÃO ORDINÁRIA";6259;"ELEIÇÕES GERAIS ESTADUAIS 2026";90002543227;5;"https://www.tiktok.com/@subtenente.sergio,"
"01/10/2026";"08:31:01";2026;"GO";2;"ELEIÇÃO ORDINÁRIA";6259;"ELEIÇÕES GERAIS ESTADUAIS 2026";90002546976;1;"HTTPS://WWW.TIKTOK.COM/@ALVESALVES5176?_R=1&_T=ZS-98HGEXHPMDQ"
"01/10/2026";"08:31:01";2026;"GO";2;"ELEIÇÃO ORDINÁRIA";6259;"ELEIÇÕES GERAIS ESTADUAIS 2026";90002548369;1;"@DRA_ALINELIMA"
"01/10/2026";"08:31:01";2026;"GO";2;"ELEIÇÃO ORDINÁRIA";6259;"ELEIÇÕES GERAIS ESTADUAIS 2026";90002537634;5;"https://www.threads.com/@gabrielarodart?invite=0"
"01/10/2026";"08:31:01";2026;"GO";2;"ELEIÇÃO ORDINÁRIA";6259;"ELEIÇÕES GERAIS ESTADUAIS 2026";90002537636;2;"HTTPS://WWW.THREADS.COM/@ANGELITA.DUARTE2024"
"01/10/2026";"08:31:01";2026;"GO";2;"ELEIÇÃO ORDINÁRIA";6259;"ELEIÇÕES GERAIS ESTADUAIS 2026";90002537429;4;"HTTPS://WWW.THREADS.COM/@DRMARCOS.JR?IGSHID=NTC4MTIWNJQ2YQ=="
"01/10/2026";"08:31:01";2026;"GO";2;"ELEIÇÃO ORDINÁRIA";6259;"ELEIÇÕES GERAIS ESTADUAIS 2026";90002537429;7;"HTTPS://WWW.LINKEDIN.COM/IN/MARCOS-J%C3%BANIOR-26A917423/"
"01/10/2026";"08:31:01";2026;"GO";2;"ELEIÇÃO ORDINÁRIA";6259;"ELEIÇÕES GERAIS ESTADUAIS 2026";90002539150;2;"FACEBOOK/PREFEITODETROMBAS_CATARINO"
"01/10/2026";"08:31:01";2026;"GO";2;"ELEIÇÃO ORDINÁRIA";6259;"ELEIÇÕES GERAIS ESTADUAIS 2026";90002540954;4;"https://www.facebook.com/profile.php"
"01/10/2026";"08:31:01";2026;"GO";2;"ELEIÇÃO ORDINÁRIA";6259;"ELEIÇÕES GERAIS ESTADUAIS 2026";90002537446;1;"HTTPS://WWW.FACEBOOK.COM/SHARE/17X8GTFHNM/?MIBEXTID=WWXIFR"
"01/10/2026";"08:31:01";2026;"GO";2;"ELEIÇÃO ORDINÁRIA";6259;"ELEIÇÕES GERAIS ESTADUAIS 2026";90002537450;7;"https://www.facebook.com/share/1C11Bfmd6k/?mibextid=wwXIfr"
"01/10/2026";"08:31:01";2026;"GO";2;"ELEIÇÃO ORDINÁRIA";6259;"ELEIÇÕES GERAIS ESTADUAIS 2026";90002537456;2;"HTTPS://WWW.INSTAGRAM.COM/LEIDE_ALVES_JORNALISTA/"
"01/10/2026";"08:31:01";2026;"GO";2;"ELEIÇÃO ORDINÁRIA";6259;"ELEIÇÕES GERAIS ESTADUAIS 2026";90002540981;1;"HTTPS://WWW.INSTAGRAM.COM/DELCIDESASSISOFICIAL?IGSH=CMZNCTDUYXFLMDZJ"
"01/10/2026";"08:31:01";2026;"GO";2;"ELEIÇÃO ORDINÁRIA";6259;"ELEIÇÕES GERAIS ESTADUAIS 2026";90002547095;4;"https://www.tiktok.com/@joaodaluzvereador?_r=1&_t=ZS-99P5nei4xmL"
"01/10/2026";"08:31:01";2026;"GO";2;"ELEIÇÃO ORDINÁRIA";6259;"ELEIÇÕES GERAIS ESTADUAIS 2026";90002547134;1;"HTTPS://WWW.INSTAGRAM.COM/MUCIOSANTANAOFICIAL/"
"01/10/2026";"08:31:01";2026;"GO";2;"ELEIÇÃO ORDINÁRIA";6259;"ELEIÇÕES GERAIS ESTADUAIS 2026";90002540983;1;"HTTPS://WWW.INSTAGRAM.COM/NAYARABARCELOSGO?IGSH=MWVQZW9HAGM4EMTOEQ=="
"01/10/2026";"08:31:01";2026;"GO";2;"ELEIÇÃO ORDINÁRIA";6259;"ELEIÇÕES GERAIS ESTADUAIS 2026";90002540988;3;"https://weltonlemos.com.br/?utm_source=chatgpt.com"
"01/10/2026";"08:31:01";2026;"GO";2;"ELEIÇÃO ORDINÁRIA";6259;"ELEIÇÕES GERAIS ESTADUAIS 2026";90002546230;1;"FACEBOOK: FERNANDO SALES"
"01/10/2026";"08:31:01";2026;"GO";2;"ELEIÇÃO ORDINÁRIA";6259;"ELEIÇÕES GERAIS ESTADUAIS 2026";90002543146;4;"https://www.tiktok.com/@marcioluis.oficial"
"01/10/2026";"08:31:01";2026;"GO";2;"ELEIÇÃO ORDINÁRIA";6259;"ELEIÇÕES GERAIS ESTADUAIS 2026";90002543149;3;"https://www.instagram.com/malaquias.adv/"
"01/10/2026";"08:31:01";2026;"GO";2;"ELEIÇÃO ORDINÁRIA";6259;"ELEIÇÕES GERAIS ESTADUAIS 2026";90002543149;4;"https://www.instagram.com/malaquias.professor/"
"01/10/2026";"08:31:01";2026;"GO";2;"ELEIÇÃO ORDINÁRIA";6259;"ELEIÇÕES GERAIS ESTADUAIS 2026";90002546243;2;"INSTAGRAM @CARLAODAFOX"
"01/10/2026";"08:31:01";2026;"GO";2;"ELEIÇÃO ORDINÁRIA";6259;"ELEIÇÕES GERAIS ESTADUAIS 2026";90002553738;1;"@capitão_wilson - instagram"
"01/10/2026";"08:31:01";2026;"GO";2;"ELEIÇÃO ORDINÁRIA";6259;"ELEIÇÕES GERAIS ESTADUAIS 2026";90002544873;1;"HTTPS://WWW.INSTAGRAM.COM/CAPITAWALESKA/"
"01/10/2026";"08:31:01";2026;"GO";2;"ELEIÇÃO ORDINÁRIA";6259;"ELEIÇÕES GERAIS ESTADUAIS 2026";90002544873;6;"https://www.facebook.com/capita.waleska"
"01/10/2026";"08:31:01";2026;"GO";2;"ELEIÇÃO ORDINÁRIA";6259;"ELEIÇÕES GERAIS ESTADUAIS 2026";90002544877;2;"https://www.fabiofayad.com.br/"
"01/10/2026";"08:31:01";2026;"GO";2;"ELEIÇÃO ORDINÁRIA";6259;"ELEIÇÕES GERAIS ESTADUAIS 2026";90002544879;1;"HTTPS://WWW.INSTAGRAM.COM/MATHEUSRIBEIROTV/"
"01/10/2026";"08:31:01";2026;"GO";2;"ELEIÇÃO ORDINÁRIA";6259;"ELEIÇÕES GERAIS ESTADUAIS 2026";90002544880;1;"https://www.instagram.com/thiago.psdb/"
"01/10/2026";"08:31:01";2026;"GO";2;"ELEIÇÃO ORDINÁRIA";6259;"ELEIÇÕES GERAIS ESTADUAIS 2026";90002550202;1;"@RUBINHODO POVÃO"
"01/10/2026";"08:31:01";2026;"GO";2;"ELEIÇÃO ORDINÁRIA";6259;"ELEIÇÕES GERAIS ESTADUAIS 2026";90002547075;3;"https://www.vetermartins.com.br"
"01/10/2026";"08:31:01";2026;"GO";2;"ELEIÇÃO ORDINÁRIA";6259;"ELEIÇÕES GERAIS ESTADUAIS 2026";90002537390;1;"HTTPS://WWW.FACEBOOK.COM/SHARE/1ERFNSD4NQ/?MIBEXTID=WWXIFR"
"01/10/2026";"08:31:01";2026;"GO";2;"ELEIÇÃO ORDINÁRIA";6259;"ELEIÇÕES GERAIS ESTADUAIS 2026";90002543147;2;"HTTPS://WWW.FACEBOOK.COM/SHARE/1BIRLHJNYJ/?MIBEXTID=WWXIFR"
"01/10/2026";"08:31:01";2026;"GO";2;"ELEIÇÃO ORDINÁRIA";6259;"ELEIÇÕES GERAIS ESTADUAIS 2026";90002543248;7;"https://www.facebook.com/share/18tH1UYk6m/?mibextid=wwXIf"
"01/10/2026";"08:31:01";2026;"GO";2;"ELEIÇÃO ORDINÁRIA";6259;"ELEIÇÕES GERAIS ESTADUAIS 2026";90002543831;2;"0618619-0709"
"01/10/2026";"08:31:01";2026;"GO";2;"ELEIÇÃO ORDINÁRIA";6259;"ELEIÇÕES GERAIS ESTADUAIS 2026";90002543836;13;"HTTPS://WWW.TIKTOK.COM/@STHEFANI.RAINHA?_R=1&_T=ZS-98FMNEITJGY"
"01/10/2026";"08:31:01";2026;"GO";2;"ELEIÇÃO ORDINÁRIA";6259;"ELEIÇÕES GERAIS ESTADUAIS 2026";90002540998;4;"HTTPS://GUSTAVOMENDANHA.COM.BR/"
"01/10/2026";"08:31:01";2026;"GO";2;"ELEIÇÃO ORDINÁRIA";6259;"ELEIÇÕES GERAIS ESTADUAIS 2026";90002543495;2;"HTTPS://WWW.FACEBOOK.COM/DANIELSABINOVAZ"
"01/10/2026";"08:31:01";2026;"GO";2;"ELEIÇÃO ORDINÁRIA";6259;"ELEIÇÕES GERAIS ESTADUAIS 2026";90002543557;1;"HTTPS://WWW.INSTAGRAM.COM/TELEMACOBRANDAO30/"
"01/10/2026";"08:31:01";2026;"GO";2;"ELEIÇÃO ORDINÁRIA";6259;"ELEIÇÕES GERAIS ESTADUAIS 2026";90002547010;1;"HTTPS://VT.TIKTOK.COM/ZSXTBKUA6/"
"01/10/2026";"08:31:01";2026;"GO";2;"ELEIÇÃO ORDINÁRIA";6259;"ELEIÇÕES GERAIS ESTADUAIS 2026";90002547082;3;"HTTPS://WWW.TIKTOK.COM/@JOAOCOELHOCUNHA"
"01/10/2026";"08:31:01";2026;"GO";2;"ELEIÇÃO ORDINÁRIA";6259;"ELEIÇÕES GERAIS ESTADUAIS 2026";90002547105;4;"https://www.facebook.com/glaucia.melo.355"
"01/10/2026";"08:31:01";2026;"GO";2;"ELEIÇÃO ORDINÁRIA";6259;"ELEIÇÕES GERAIS ESTADUAIS 2026";90002547106;5;"https://www.tiktok.com/@flaviatelesgo"
"01/10/2026";"08:31:01";2026;"GO";2;"ELEIÇÃO ORDINÁRIA";6259;"ELEIÇÕES GERAIS ESTADUAIS 2026";90002547108;2;"https://www.facebook.com/people/Eglai-Hirose/61593404597147/"
"01/10/2026";"08:31:01";2026;"GO";2;"ELEIÇÃO ORDINÁRIA";6259;"ELEIÇÕES GERAIS ESTADUAIS 2026";90002540943;1;"HTTPS://WWW.INSTAGRAM.COM/PHILIPPE_ABNER/REELS/"
"01/10/2026";"08:31:01";2026;"GO";2;"ELEIÇÃO ORDINÁRIA";6259;"ELEIÇÕES GERAIS ESTADUAIS 2026";90002541699;3;"https://youtube.com/@ozeias.missao"
"01/10/2026";"08:31:01";2026;"GO";2;"ELEIÇÃO ORDINÁRIA";6259;"ELEIÇÕES GERAIS ESTADUAIS 2026";90002548056;1;"@ELTINHO_JK"
"01/10/2026";"08:31:01";2026;"GO";2;"ELEIÇÃO ORDINÁRIA";6259;"ELEIÇÕES GERAIS ESTADUAIS 2026";90002546247;4;"TIKTOK @IBIMAELJATAI"
"01/10/2026";"08:31:01";2026;"GO";2;"ELEIÇÃO ORDINÁRIA";6259;"ELEIÇÕES GERAIS ESTADUAIS 2026";90002543113;1;"INSTRAGAM: @KEKEVULKANIC"
"01/10/2026";"08:31:01";2026;"GO";2;"ELEIÇÃO ORDINÁRIA";6259;"ELEIÇÕES GERAIS ESTADUAIS 2026";90002548071;1;"@MARCELA31"
"01/10/2026";"08:31:01";2026;"GO";2;"ELEIÇÃO ORDINÁRIA";6259;"ELEIÇÕES GERAIS ESTADUAIS 2026";90002548073;3;"https://www.tiktok.com/@sandes.junior.ofi?_r=1&_t=ZS-98zqHzBn216"
"01/10/2026";"08:31:01";2026;"GO";2;"ELEIÇÃO ORDINÁRIA";6259;"ELEIÇÕES GERAIS ESTADUAIS 2026";90002548074;1;"@CARDOSO10GO"
"01/10/2026";"08:31:01";2026;"GO";2;"ELEIÇÃO ORDINÁRIA";6259;"ELEIÇÕES GERAIS ESTADUAIS 2026";90002551839;1;"HTTPS://WWW.FACEBOOK.COM/MARCIENE.ANDRADE.7"
"01/10/2026";"08:31:01";2026;"GO";2;"ELEIÇÃO ORDINÁRIA";6259;"ELEIÇÕES GERAIS ESTADUAIS 2026";90002537640;2;"HTTPS://WWW.FACEBOOK.COM/JOAOCAMPOSDEP"
"01/10/2026";"08:31:01";2026;"GO";2;"ELEIÇÃO ORDINÁRIA";6259;"ELEIÇÕES GERAIS ESTADUAIS 2026";90002543251;8;"https://www.tiktok.com/@alexmartinsprofessor?_r=1&_t=ZS-98wVa3V0Ar6"
"01/10/2026";"08:31:01";2026;"GO";2;"ELEIÇÃO ORDINÁRIA";6259;"ELEIÇÕES GERAIS ESTADUAIS 2026";90002549166;2;"HTTPS://WWW.FACEBOOK.COM/SHARE/1LSM5TYFLY/?MIBEXTID=WWXIFR"
"01/10/2026";"08:31:01";2026;"GO";2;"ELEIÇÃO ORDINÁRIA";6259;"ELEIÇÕES GERAIS ESTADUAIS 2026";90002543766;2;"HTTPS://WWW.INSTAGRAM.COM/DRAJULMARATOLEDO/"
"01/10/2026";"08:31:01";2026;"GO";2;"ELEIÇÃO ORDINÁRIA";6259;"ELEIÇÕES GERAIS ESTADUAIS 2026";90002543856;4;"HTTPS://VT.TIKTOK.COM/ZS4FR3SG4/"
"01/10/2026";"08:31:01";2026;"GO";2;"ELEIÇÃO ORDINÁRIA";6259;"ELEIÇÕES GERAIS ESTADUAIS 2026";90002548665;5;"https://www.youtube.com/@soluteceletronica8255"
"01/10/2026";"08:31:01";2026;"GO";2;"ELEIÇÃO ORDINÁRIA";6259;"ELEIÇÕES GERAIS ESTADUAIS 2026";90002543451;1;"HTTPS://WWW.FACEBOOK.COM/SHARE/1EEY7XXVHP/"
"01/10/2026";"08:31:01";2026;"GO";2;"ELEIÇÃO ORDINÁRIA";6259;"ELEIÇÕES GERAIS ESTADUAIS 2026";90002543468;3;"ITAMARBARRETO55.COM.BR"
"01/10/2026";"08:31:01";2026;"GO";2;"ELEIÇÃO ORDINÁRIA";6259;"ELEIÇÕES GERAIS ESTADUAIS 2026";90002540993;8;"HTTPS://WWW.TIKTOK.COM/@DANIELVILELA.15"
"01/10/2026";"08:31:01";2026;"GO";2;"ELEIÇÃO ORDINÁRIA";6259;"ELEIÇÕES GERAIS ESTADUAIS 2026";90002551791;12;"https://open.spotify.com/artist/2IIB0fl5WD5sGhBv4DHRF8"
"01/10/2026";"08:31:01";2026;"GO";2;"ELEIÇÃO ORDINÁRIA";6259;"ELEIÇÕES GERAIS ESTADUAIS 2026";90002543246;5;"https://www.youtube.com/@dep.josenelto"
"01/10/2026";"08:31:01";2026;"GO";2;"ELEIÇÃO ORDINÁRIA";6259;"ELEIÇÕES GERAIS ESTADUAIS 2026";90002543800;5;"HTTPS://THREADS.COM@DEPUTADOAMAURIRIBEIRO"
"01/10/2026";"08:31:01";2026;"GO";2;"ELEIÇÃO ORDINÁRIA";6259;"ELEIÇÕES GERAIS ESTADUAIS 2026";90002546221;3;"DEPUTADOCHARLESBENTO FACEBOOK"
"01/10/2026";"08:31:01";2026;"GO";2;"ELEIÇÃO ORDINÁRIA";6259;"ELEIÇÕES GERAIS ESTADUAIS 2026";90002549167;4;"https://www.whatsapp.com/channel/0029Vb8qB7o8F2pLf3K3Ed23"
"01/10/2026";"08:31:01";2026;"GO";2;"ELEIÇÃO ORDINÁRIA";6259;"ELEIÇÕES GERAIS ESTADUAIS 2026";90002549168;2;"https://www.threads.com/@coroneladailton?igshid=NTc4MTIwNjQ2YQ"
"01/10/2026";"08:31:01";2026;"GO";2;"ELEIÇÃO ORDINÁRIA";6259;"ELEIÇÕES GERAIS ESTADUAIS 2026";90002543184;1;"HTTPS://WWW.INSTAGRAM.COM/ALESSANDRAOLIVEIRADACONCEICAO?UTM_SOURCE=QR&IGSH=OGVTO"
"01/10/2026";"08:31:01";2026;"GO";2;"ELEIÇÃO ORDINÁRIA";6259;"ELEIÇÕES GERAIS ESTADUAIS 2026";90002543187;1;"HTTPS://WWW.INSTAGRAM.COM/NEILACAVALCANTE_?IGSH=MJLHA3J0DW51NWFQ"
"01/10/2026";"08:31:01";2026;"GO";2;"ELEIÇÃO ORDINÁRIA";6259;"ELEIÇÕES GERAIS ESTADUAIS 2026";90002543114;1;"@FABIANALIMA005"
"01/10/2026";"08:31:01";2026;"GO";2;"ELEIÇÃO ORDINÁRIA";6259;"ELEIÇÕES GERAIS ESTADUAIS 2026";90002543231;2;"https://www.youtube.com/channel/UCBIgB77lqY2ZHeiETZaqEmw"
"01/10/2026";"08:31:01";2026;"GO";2;"ELEIÇÃO ORDINÁRIA";6259;"ELEIÇÕES GERAIS ESTADUAIS 2026";90002550209;4;"@ANDREWALKER"
"01/10/2026";"08:31:01";2026;"GO";2;"ELEIÇÃO ORDINÁRIA";6259;"ELEIÇÕES GERAIS ESTADUAIS 2026";90002548367;1;"@MARIANEMSTIVAL"
"01/10/2026";"08:31:01";2026;"GO";2;"ELEIÇÃO ORDINÁRIA";6259;"ELEIÇÕES GERAIS ESTADUAIS 2026";90002537634;6;"http://gabrielarodart.com.br/"
"01/10/2026";"08:31:01";2026;"GO";2;"ELEIÇÃO ORDINÁRIA";6259;"ELEIÇÕES GERAIS ESTADUAIS 2026";90002537634;7;"https://www.facebook.com/gabrielarodart2017"
"01/10/2026";"08:31:01";2026;"GO";2;"ELEIÇÃO ORDINÁRIA";6259;"ELEIÇÕES GERAIS ESTADUAIS 2026";90002537636;3;"HTTPS://WWW.FACEBOOK.COM/SHARE/1RNEQT4LR4/"
"01/10/2026";"08:31:01";2026;"GO";2;"ELEIÇÃO ORDINÁRIA";6259;"ELEIÇÕES GERAIS ESTADUAIS 2026";90002537643;3;"@CULINARIAEMCASAOFICIAL"
"01/10/2026";"08:31:01";2026;"GO";2;"ELEIÇÃO ORDINÁRIA";6259;"ELEIÇÕES GERAIS ESTADUAIS 2026";90002537432;2;"HTTPS://YOUTUBE.COM/@JOSEBARBOSA-R5J?SI=B93NWCEEZQA_3MCP"
"01/10/2026";"08:31:01";2026;"GO";2;"ELEIÇÃO ORDINÁRIA";6259;"ELEIÇÕES GERAIS ESTADUAIS 2026";90002537432;4;"HTTPS://WWW.INSTAGRAM.COM/PRECANDIDATOJOSEBARBOSA?IGSH=MXYWNXNYBMFTAJEXEG=="
"01/10/2026";"08:31:01";2026;"GO";2;"ELEIÇÃO ORDINÁRIA";6259;"ELEIÇÕES GERAIS ESTADUAIS 2026";90002539152;1;"INSTAGRAM/YAMAEISABELDEOXUM"
"01/10/2026";"08:31:01";2026;"GO";2;"ELEIÇÃO ORDINÁRIA";6259;"ELEIÇÕES GERAIS ESTADUAIS 2026";90002539161;3;"https://www.instagram.com/toknalata?igsi=MWluZHhrNTdzMHh4Yg=="
"01/10/2026";"08:31:01";2026;"GO";2;"ELEIÇÃO ORDINÁRIA";6259;"ELEIÇÕES GERAIS ESTADUAIS 2026";90002540954;6;"https://www.youtube.com/@marceloderze"
"01/10/2026";"08:31:01";2026;"GO";2;"ELEIÇÃO ORDINÁRIA";6259;"ELEIÇÕES GERAIS ESTADUAIS 2026";90002540996;3;"HTTPS://X.COM/ALEXANDREBALDY"
"01/10/2026";"08:31:01";2026;"GO";2;"ELEIÇÃO ORDINÁRIA";6259;"ELEIÇÕES GERAIS ESTADUAIS 2026";90002547139;5;"HTTPS://WWW.FACEBOOK.COM/AAVASANTIAGO1/#"
"01/10/2026";"08:31:01";2026;"GO";2;"ELEIÇÃO ORDINÁRIA";6259;"ELEIÇÕES GERAIS ESTADUAIS 2026";90002547139;8;"HTTPS://WWW.INSTAGRAM.COM/AAVAVERSO"
"01/10/2026";"08:31:01";2026;"GO";2;"ELEIÇÃO ORDINÁRIA";6259;"ELEIÇÕES GERAIS ESTADUAIS 2026";90002552588;1;"https://www.instagram.com/sgtsilvanamaria/"
"01/10/2026";"08:31:01";2026;"GO";2;"ELEIÇÃO ORDINÁRIA";6259;"ELEIÇÕES GERAIS ESTADUAIS 2026";90002543782;2;"HTTPS://WWW.INSTAGRAM.COM/ALUCYMEDEIROS/"
"01/10/2026";"08:31:01";2026;"GO";2;"ELEIÇÃO ORDINÁRIA";6259;"ELEIÇÕES GERAIS ESTADUAIS 2026";90002543135;1;"INSTAGRAM: HTTPS://WWW.INSTAGRAM.COM/ANAPAULAAOR?IGSH=NGPLDDL0YWMXN3DS,"
"01/10/2026";"08:31:01";2026;"GO";2;"ELEIÇÃO ORDINÁRIA";6259;"ELEIÇÕES GERAIS ESTADUAIS 2026";90002546222;3;"facebook.com/adibeliasoficial"
"01/10/2026";"08:31:01";2026;"GO";2;"ELEIÇÃO ORDINÁRIA";6259;"ELEIÇÕES GERAIS ESTADUAIS 2026";90002546226;1;"INSTAGRAM: SOUVANESSADOSALAO"
"01/10/2026";"08:31:01";2026;"GO";2;"ELEIÇÃO ORDINÁRIA";6259;"ELEIÇÕES GERAIS ESTADUAIS 2026";90002546228;4;"https://youtube.com/@clenyspinheira?si=KAnc11Ysj4ueL1Vr"
"01/10/2026";"08:31:01";2026;"GO";2;"ELEIÇÃO ORDINÁRIA";6259;"ELEIÇÕES GERAIS ESTADUAIS 2026";90002543161;2;"HTTPS://KWAI-VIDEO.COM/U/@CLEITONLAZARO1/IFPTYCFI"
"01/10/2026";"08:31:01";2026;"GO";2;"ELEIÇÃO ORDINÁRIA";6259;"ELEIÇÕES GERAIS ESTADUAIS 2026";90002543167;1;"HTTPS://WWW.INSTAGRAM.COM/DINOMARIANOEXCURSOES?UTM_SOURCE=QR&IGSH=MTA3YTNWZXC2ZW"
"01/10/2026";"08:31:01";2026;"GO";2;"ELEIÇÃO ORDINÁRIA";6259;"ELEIÇÕES GERAIS ESTADUAIS 2026";90002546235;1;"INSTAGRAM: ELIETY-RODRIGUES"
"01/10/2026";"08:31:01";2026;"GO";2;"ELEIÇÃO ORDINÁRIA";6259;"ELEIÇÕES GERAIS ESTADUAIS 2026";90002544886;3;"https://www.threads.com/@drasimoneadadaraujooficial"
"01/10/2026";"08:31:01";2026;"GO";2;"ELEIÇÃO ORDINÁRIA";6259;"ELEIÇÕES GERAIS ESTADUAIS 2026";90002544897;3;"https://www.facebook.com/share/1HbC8m5jZH/"
"01/10/2026";"08:31:01";2026;"GO";2;"ELEIÇÃO ORDINÁRIA";6259;"ELEIÇÕES GERAIS ESTADUAIS 2026";90002543566;3;"https://x.com/LucasCalilGo"
"01/10/2026";"08:31:01";2026;"GO";2;"ELEIÇÃO ORDINÁRIA";6259;"ELEIÇÕES GERAIS ESTADUAIS 2026";90002548378;2;"RICARDO QUIRINO SANTOS"
"01/10/2026";"08:31:01";2026;"GO";2;"ELEIÇÃO ORDINÁRIA";6259;"ELEIÇÕES GERAIS ESTADUAIS 2026";90002537390;5;"WWW.GLAUSTINDAFOKUS2026.COM.BR"
"01/10/2026";"08:31:01";2026;"GO";2;"ELEIÇÃO ORDINÁRIA";6259;"ELEIÇÕES GERAIS ESTADUAIS 2026";90002543128;2;"HTTP://LUCASKITAO.COM.BR/"
"01/10/2026";"08:31:01";2026;"GO";2;"ELEIÇÃO ORDINÁRIA";6259;"ELEIÇÕES GERAIS ESTADUAIS 2026";90002543142;1;"@CABO_SENNA"
"01/10/2026";"08:31:01";2026;"GO";2;"ELEIÇÃO ORDINÁRIA";6259;"ELEIÇÕES GERAIS ESTADUAIS 2026";90002543829;4;"TIKTOK.COM/DIEGOJEJEES.GO"
"01/10/2026";"08:31:01";2026;"GO";2;"ELEIÇÃO ORDINÁRIA";6259;"ELEIÇÕES GERAIS ESTADUAIS 2026";90002543836;7;"HTTPS://WWW.YOUTUBE.COM/@THEFIAMANCIO"
"01/10/2026";"08:31:01";2026;"GO";2;"ELEIÇÃO ORDINÁRIA";6259;"ELEIÇÕES GERAIS ESTADUAIS 2026";90002552720;3;"https://www.facebook.com/share/19Fi5YncLR/?mibextid=wwXIfr"
"01/10/2026";"08:31:01";2026;"GO";2;"ELEIÇÃO ORDINÁRIA";6259;"ELEIÇÕES GERAIS ESTADUAIS 2026";90002547097;1;"https://www.instagram.com/tocantinsalexandre/"
"01/10/2026";"08:31:01";2026;"GO";2;"ELEIÇÃO ORDINÁRIA";6259;"ELEIÇÕES GERAIS ESTADUAIS 2026";90002547102;1;"WWW.ARIANAFIDELIS.COM"
"01/10/2026";"08:31:01";2026;"GO";2;"ELEIÇÃO ORDINÁRIA";6259;"ELEIÇÕES GERAIS ESTADUAIS 2026";90002547122;1;"HTTPS://WWW.INSTAGRAM.COM/ANATEODOROOLIVER?IGSH=MXC5D2V3BWX2CG1HCG=="
"01/10/2026";"08:31:01";2026;"GO";2;"ELEIÇÃO ORDINÁRIA";6259;"ELEIÇÕES GERAIS ESTADUAIS 2026";90002547128;1;"https://www.instagram.com/juliobarretooficial"
"01/10/2026";"08:31:01";2026;"GO";2;"ELEIÇÃO ORDINÁRIA";6259;"ELEIÇÕES GERAIS ESTADUAIS 2026";90002537635;2;"HTTPS://WHATSAPP.COM/CHANNEL/0029VALKQSYL7UVSMGCMHQ04"
"01/10/2026";"08:31:01";2026;"GO";2;"ELEIÇÃO ORDINÁRIA";6259;"ELEIÇÕES GERAIS ESTADUAIS 2026";90002548062;1;"@MARCILENESILVA"
"01/10/2026";"08:31:01";2026;"GO";2;"ELEIÇÃO ORDINÁRIA";6259;"ELEIÇÕES GERAIS ESTADUAIS 2026";90002541705;2;"https://instagram.com/anderalves.ofc"
"01/10/2026";"08:31:01";2026;"GO";2;"ELEIÇÃO ORDINÁRIA";6259;"ELEIÇÕES GERAIS ESTADUAIS 2026";90002541709;5;"https://x.com/khalill_gui"
"01/10/2026";"08:31:01";2026;"GO";2;"ELEIÇÃO ORDINÁRIA";6259;"ELEIÇÕES GERAIS ESTADUAIS 2026";90002545509;2;"TIKTOK/@PASTORALANMAIN"
"01/10/2026";"08:31:01";2026;"GO";2;"ELEIÇÃO ORDINÁRIA";6259;"ELEIÇÕES GERAIS ESTADUAIS 2026";90002551836;1;"HTTPS://WWW.INSTAGRAM.COM/EMILYELOA.UP"
"01/10/2026";"08:31:01";2026;"GO";2;"ELEIÇÃO ORDINÁRIA";6259;"ELEIÇÕES GERAIS ESTADUAIS 2026";90002543779;1;"HTTPS://WWW.FACEBOOK.COM/DIOGO.ALAYAGI?MIBEXTID=WWXIFR"
"01/10/2026";"08:31:01";2026;"GO";2;"ELEIÇÃO ORDINÁRIA";6259;"ELEIÇÕES GERAIS ESTADUAIS 2026";90002543851;2;"HTTPS://M.ME/EDMILSON.CARVALHO.73113528"
"01/10/2026";"08:31:01";2026;"GO";2;"ELEIÇÃO ORDINÁRIA";6259;"ELEIÇÕES GERAIS ESTADUAIS 2026";90002548671;2;"https://www.facebook.com/santiago.gomes.7792/"
"01/10/2026";"08:31:01";2026;"GO";2;"ELEIÇÃO ORDINÁRIA";6259;"ELEIÇÕES GERAIS ESTADUAIS 2026";90002543452;4;"HTTPS://K.KWAI.COM/U/@MARIAVERONICAPSOL/IIBCAFQD"
"01/10/2026";"08:31:01";2026;"GO";2;"ELEIÇÃO ORDINÁRIA";6259;"ELEIÇÕES GERAIS ESTADUAIS 2026";90002543457;1;"HTTPS://WWW.INSTAGRAM.COM/HUMBERTOCHAVES50?IGSH=MXE1EXJ1ANBKEWV0MW%3D%3D"
"01/10/2026";"08:31:01";2026;"GO";2;"ELEIÇÃO ORDINÁRIA";6259;"ELEIÇÕES GERAIS ESTADUAIS 2026";90002547003;3;"HTTPS://WWW.FACEBOOK.COM/PROFILE.PHP?ID=100064943325088"
"01/10/2026";"08:31:01";2026;"GO";2;"ELEIÇÃO ORDINÁRIA";6259;"ELEIÇÕES GERAIS ESTADUAIS 2026";90002538942;3;"HTTPS://WWW.INSTAGRAM.COM/GISELECOLLETEFRANCES?IGSH=ATZVOTHPA2RPD3N0"
"01/10/2026";"08:31:01";2026;"GO";2;"ELEIÇÃO ORDINÁRIA";6259;"ELEIÇÕES GERAIS ESTADUAIS 2026";90002551791;3;"HTTPS://X.COM/WILDERMORAIS"
"01/10/2026";"08:31:01";2026;"GO";2;"ELEIÇÃO ORDINÁRIA";6259;"ELEIÇÕES GERAIS ESTADUAIS 2026";90002551791;13;"https://k.kwai.com/u/@wildermorais_/"
"01/10/2026";"08:31:01";2026;"GO";2;"ELEIÇÃO ORDINÁRIA";6259;"ELEIÇÕES GERAIS ESTADUAIS 2026";90002543556;2;"X.COM/GAYERGUS"
"01/10/2026";"08:31:01";2026;"GO";2;"ELEIÇÃO ORDINÁRIA";6259;"ELEIÇÕES GERAIS ESTADUAIS 2026";90002554096;1;"@HELLEMCOSTTAS"
"01/10/2026";"08:31:01";2026;"GO";2;"ELEIÇÃO ORDINÁRIA";6259;"ELEIÇÕES GERAIS ESTADUAIS 2026";90002543179;1;"HTTPS://WWW.INSTAGRAM.COM/SALOMAODOPOVO?IGSH=BDVNCWDKMMSYNJU5"
"01/10/2026";"08:31:01";2026;"GO";2;"ELEIÇÃO ORDINÁRIA";6259;"ELEIÇÕES GERAIS ESTADUAIS 2026";90002542613;3;"HTTPS://X.COM/HVILELAPORGOIAS"
"01/10/2026";"08:31:01";2026;"GO";2;"ELEIÇÃO ORDINÁRIA";6259;"ELEIÇÕES GERAIS ESTADUAIS 2026";90002543228;1;"HTTPS://WWW.INSTAGRAM.COM/GLEIMOMARTINS/"
"01/10/2026";"08:31:01";2026;"GO";2;"ELEIÇÃO ORDINÁRIA";6259;"ELEIÇÕES GERAIS ESTADUAIS 2026";90002543229;1;"Facebook: @DOMINGASAUDE"
"01/10/2026";"08:31:01";2026;"GO";2;"ELEIÇÃO ORDINÁRIA";6259;"ELEIÇÕES GERAIS ESTADUAIS 2026";90002537642;3;"HTTPS://WWW.INSTAGRAM.COM/ROSANGELAMUNIZ_DH?IGSH=CNBXEWNTBMOWOXLY"
"01/10/2026";"08:31:01";2026;"GO";2;"ELEIÇÃO ORDINÁRIA";6259;"ELEIÇÕES GERAIS ESTADUAIS 2026";90002539155;2;"INSTAGRAM.COM/FLAVIANESANTOS.9"
"01/10/2026";"08:31:01";2026;"GO";2;"ELEIÇÃO ORDINÁRIA";6259;"ELEIÇÕES GERAIS ESTADUAIS 2026";90002537447;2;"HTTPS://WWW.FACEBOOK.COM/ELISADASAUDE11"
"01/10/2026";"08:31:01";2026;"GO";2;"ELEIÇÃO ORDINÁRIA";6259;"ELEIÇÕES GERAIS ESTADUAIS 2026";90002540975;1;"HTTPS://INSTAGRAM.COM/JOANAREZENDEGO"
"01/10/2026";"08:31:01";2026;"GO";2;"ELEIÇÃO ORDINÁRIA";6259;"ELEIÇÕES GERAIS ESTADUAIS 2026";90002540979;1;"HTTPS://WWW.INSTAGRAM.COM/TULIOBAPTISTELLA"
"01/10/2026";"08:31:01";2026;"GO";2;"ELEIÇÃO ORDINÁRIA";6259;"ELEIÇÕES GERAIS ESTADUAIS 2026";90002540990;2;"https://www.tatianeguimaraes.com.br/"
"01/10/2026";"08:31:01";2026;"GO";2;"ELEIÇÃO ORDINÁRIA";6259;"ELEIÇÕES GERAIS ESTADUAIS 2026";90002540995;1;"HTTPS://WWW.INSTAGRAM.COM/MANOEL.CASTROARANTES"
"01/10/2026";"08:31:01";2026;"GO";2;"ELEIÇÃO ORDINÁRIA";6259;"ELEIÇÕES GERAIS ESTADUAIS 2026";90002540997;2;"HTTPS://WWW.FACEBOOK.COM/GRACINHACARVALHOCAIADO"
"01/10/2026";"08:31:01";2026;"GO";2;"ELEIÇÃO ORDINÁRIA";6259;"ELEIÇÕES GERAIS ESTADUAIS 2026";90002540961;1;"HTTPS://WWW.INSTAGRAM.COM/LEANDROVENTURAA?IGSH=CNBUMXIZCJA4YM5P"
"01/10/2026";"08:31:01";2026;"GO";2;"ELEIÇÃO ORDINÁRIA";6259;"ELEIÇÕES GERAIS ESTADUAIS 2026";90002537458;4;"HTTPS://WWW.FACEBOOK.COM/MAGRAORADIO"
"01/10/2026";"08:31:01";2026;"GO";2;"ELEIÇÃO ORDINÁRIA";6259;"ELEIÇÕES GERAIS ESTADUAIS 2026";90002543795;1;"HTTPS://X.COM/MANASCIMENTOGO?S=11"
"01/10/2026";"08:31:01";2026;"GO";2;"ELEIÇÃO ORDINÁRIA";6259;"ELEIÇÕES GERAIS ESTADUAIS 2026";90002546222;9;"https://x.com/souadibelias"
"01/10/2026";"08:31:01";2026;"GO";2;"ELEIÇÃO ORDINÁRIA";6259;"ELEIÇÕES GERAIS ESTADUAIS 2026";90002546222;10;"https://beacons.ai/adibelias?utm_source=ig&utm_medium=social"
"01/10/2026";"08:31:01";2026;"GO";2;"ELEIÇÃO ORDINÁRIA";6259;"ELEIÇÕES GERAIS ESTADUAIS 2026";90002546233;1;"INSTAGRAM: CELIAVALADAO_OFICIAL"
"01/10/2026";"08:31:01";2026;"GO";2;"ELEIÇÃO ORDINÁRIA";6259;"ELEIÇÕES GERAIS ESTADUAIS 2026";90002544881;3;"https://www.facebook.com/share/1HSHZ9Bm8r/"
"01/10/2026";"08:31:01";2026;"GO";2;"ELEIÇÃO ORDINÁRIA";6259;"ELEIÇÕES GERAIS ESTADUAIS 2026";90002544891;2;"HTTPS://WWW.INSTAGRAM.COM/JADIELSANTOS30/"
"01/10/2026";"08:31:01";2026;"GO";2;"ELEIÇÃO ORDINÁRIA";6259;"ELEIÇÕES GERAIS ESTADUAIS 2026";90002544893;3;"https://www.instagram.com/_kessia_souza?igsi=MWwxYXB3bjBsYWx2dw%3D"
"01/10/2026";"08:31:01";2026;"GO";2;"ELEIÇÃO ORDINÁRIA";6259;"ELEIÇÕES GERAIS ESTADUAIS 2026";90002550201;1;"@BASILIOLETICIA"
"01/10/2026";"08:31:01";2026;"GO";2;"ELEIÇÃO ORDINÁRIA";6259;"ELEIÇÕES GERAIS ESTADUAIS 2026";90002547018;1;"HTTPS://VIRMONDES.COM.BR/?FBCLID=IWY2XJAWTBXFPLEHRUA2FLBQIXMABICMLKETFVUZJQVUX4V"
"01/10/2026";"08:31:01";2026;"GO";2;"ELEIÇÃO ORDINÁRIA";6259;"ELEIÇÕES GERAIS ESTADUAIS 2026";90002547075;2;"HTTPS://WWW.INSTAGRAM.COM/VETERMARTINS/"
"01/10/2026";"08:31:01";2026;"GO";2;"ELEIÇÃO ORDINÁRIA";6259;"ELEIÇÕES GERAIS ESTADUAIS 2026";90002547083;4;"HTTPS://WWW.INSTAGRAM.COM/KARLOSCABRAL"
"01/10/2026";"08:31:01";2026;"GO";2;"ELEIÇÃO ORDINÁRIA";6259;"ELEIÇÕES GERAIS ESTADUAIS 2026";90002543769;1;"HTTPS://WWW.INSTAGRAM.COM/JEANCARLOSROFICIAL?IGSH=YMRMD24XDNA1CMCZ"
"01/10/2026";"08:31:01";2026;"GO";2;"ELEIÇÃO ORDINÁRIA";6259;"ELEIÇÕES GERAIS ESTADUAIS 2026";90002543801;6;"HTTPS://WWW.INSTAGRAM.COM/DIEYMEVASCONCELOS , HTTPS://WWW.DIEYMEVASCONCELOS.COM."
"01/10/2026";"08:31:01";2026;"GO";2;"ELEIÇÃO ORDINÁRIA";6259;"ELEIÇÕES GERAIS ESTADUAIS 2026";90002545245;2;"https://www.instagram.com/darlenearaujo234?igsi=bmpwaTYxa3hiNXZ0"
"01/10/2026";"08:31:01";2026;"GO";2;"ELEIÇÃO ORDINÁRIA";6259;"ELEIÇÕES GERAIS ESTADUAIS 2026";90002543828;6;"HTTPS://WWW.INSTAGRAM.COM/MANDATA.COLETIVA?IGSH=AXO3ZXJJEMUWAW9Q"
"01/10/2026";"08:31:01";2026;"GO";2;"ELEIÇÃO ORDINÁRIA";6259;"ELEIÇÕES GERAIS ESTADUAIS 2026";90002543840;4;"HTTPS://KWAI-VIDEO.COM/U/@GERSONLEAL2022/E0C4WXVZ"
"01/10/2026";"08:31:01";2026;"GO";2;"ELEIÇÃO ORDINÁRIA";6259;"ELEIÇÕES GERAIS ESTADUAIS 2026";90002543845;1;"HTTPS://WWW.FACEBOOK.COM/PEDRODAMIAO.PEREIRA.5"
"01/10/2026";"08:31:01";2026;"GO";2;"ELEIÇÃO ORDINÁRIA";6259;"ELEIÇÕES GERAIS ESTADUAIS 2026";90002543559;3;"HTTPS://WWW.INSTAGRAM.COM/TEOGOMES_?IGSH=MZC4BHO5ENHUNWT1&UTM_SOURCE=QR"
"01/10/2026";"08:31:01";2026;"GO";2;"ELEIÇÃO ORDINÁRIA";6259;"ELEIÇÕES GERAIS ESTADUAIS 2026";90002543502;1;"@CORONELMARREIROS"
"01/10/2026";"08:31:01";2026;"GO";2;"ELEIÇÃO ORDINÁRIA";6259;"ELEIÇÕES GERAIS ESTADUAIS 2026";90002547038;1;"HTTPS://WWW.INSTAGRAM.COM/MARCIOPASSOS.POSSE?IGSH=MTE3DMR2DMTWMZQWMA=="
"01/10/2026";"08:31:01";2026;"GO";2;"ELEIÇÃO ORDINÁRIA";6259;"ELEIÇÕES GERAIS ESTADUAIS 2026";90002547084;1;"HTTPS://WWW.INSTAGRAM.COM/JHONATANXAVIER.OFICIAL"
"01/10/2026";"08:31:01";2026;"GO";2;"ELEIÇÃO ORDINÁRIA";6259;"ELEIÇÕES GERAIS ESTADUAIS 2026";90002547102;4;"https://www.instagram.com/arianafidelisoficial"
"01/10/2026";"08:31:01";2026;"GO";2;"ELEIÇÃO ORDINÁRIA";6259;"ELEIÇÕES GERAIS ESTADUAIS 2026";90002547111;2;"HTTPS://WWW.INSTAGRAM.COM/MARIANA_ARRUDALIMA/"
"01/10/2026";"08:31:01";2026;"GO";2;"ELEIÇÃO ORDINÁRIA";6259;"ELEIÇÕES GERAIS ESTADUAIS 2026";90002543560;1;"HTTPS://WWW.FACEBOOK.COM/OSEIASVARAO"
"01/10/2026";"08:31:01";2026;"GO";2;"ELEIÇÃO ORDINÁRIA";6259;"ELEIÇÕES GERAIS ESTADUAIS 2026";90002541698;1;"FERNANDABORGESR_AMB"
"01/10/2026";"08:31:01";2026;"GO";2;"ELEIÇÃO ORDINÁRIA";6259;"ELEIÇÕES GERAIS ESTADUAIS 2026";90002543166;1;"HTTPS://WWW.INSTAGRAM.COM/VEREADOREDINHOCARVALHO?UTM_SOURCE=QR"
"01/10/2026";"08:31:01";2026;"GO";2;"ELEIÇÃO ORDINÁRIA";6259;"ELEIÇÕES GERAIS ESTADUAIS 2026";90002548073;4;"https://www.instagram.com/sandesjunior?igsi=OWJmajk3cm1teHNt"
"01/10/2026";"08:31:01";2026;"GO";2;"ELEIÇÃO ORDINÁRIA";6259;"ELEIÇÕES GERAIS ESTADUAIS 2026";90002543465;1;"HTTPS://WWW.INSTAGRAM.COM/BETINHADALARANJA/"
"01/10/2026";"08:31:01";2026;"GO";2;"ELEIÇÃO ORDINÁRIA";6259;"ELEIÇÕES GERAIS ESTADUAIS 2026";90002551488;2;"LORENAJARDIM7 - TIK TIK"
"01/10/2026";"08:31:01";2026;"GO";2;"ELEIÇÃO ORDINÁRIA";6259;"ELEIÇÕES GERAIS ESTADUAIS 2026";90002543767;1;"HTTPS://WWW.INSTAGRAM.COM/MEIRE_CRUVINEL/"
"01/10/2026";"08:31:01";2026;"GO";2;"ELEIÇÃO ORDINÁRIA";6259;"ELEIÇÕES GERAIS ESTADUAIS 2026";90002543767;5;"HTTPS://WWW.YOUTUBE.COM/CHANNEL/UCAILG1RLJF--KIDV725R_MQ"
"01/10/2026";"08:31:01";2026;"GO";2;"ELEIÇÃO ORDINÁRIA";6259;"ELEIÇÕES GERAIS ESTADUAIS 2026";90002543775;2;"YOUTUBE: EUNICE GOMES BENTO PEREIRA DOS SANTOS"
"01/10/2026";"08:31:01";2026;"GO";2;"ELEIÇÃO ORDINÁRIA";6259;"ELEIÇÕES GERAIS ESTADUAIS 2026";90002543848;1;"HTTPS://WWW.INSTAGRAM.COM/FERNANDOVIEIRAIMPERADOR25/"
"01/10/2026";"08:31:01";2026;"GO";2;"ELEIÇÃO ORDINÁRIA";6259;"ELEIÇÕES GERAIS ESTADUAIS 2026";90002543853;2;"HTTPS://WWW.FACEBOOK.COM/VALDELES.CUNEGUNDES"
"01/10/2026";"08:31:01";2026;"GO";2;"ELEIÇÃO ORDINÁRIA";6259;"ELEIÇÕES GERAIS ESTADUAIS 2026";90002543856;1;"HTTPS://WWW.FACEBOOK.COM/SHARE/1EVMFSD7RA/"
"01/10/2026";"08:31:01";2026;"GO";2;"ELEIÇÃO ORDINÁRIA";6259;"ELEIÇÕES GERAIS ESTADUAIS 2026";90002543450;3;"HTTPS://WWW.TIKTOK.COM/@FERNANDOVIANAPSOL?_R=1&_T=ZS-98F18PBAQTP"
"01/10/2026";"08:31:01";2026;"GO";2;"ELEIÇÃO ORDINÁRIA";6259;"ELEIÇÕES GERAIS ESTADUAIS 2026";90002543460;3;"INSTAGRAM: DAMIÃO DA MORADIA KWAI: PERFIL NÃO ESPECIFICADO TIKTOK: PERFIL NÃO ES"
"01/10/2026";"08:31:01";2026;"GO";2;"ELEIÇÃO ORDINÁRIA";6259;"ELEIÇÕES GERAIS ESTADUAIS 2026";90002540857;1;"@ALESSANDROCAXOTINHO"
"01/10/2026";"08:31:01";2026;"GO";2;"ELEIÇÃO ORDINÁRIA";6259;"ELEIÇÕES GERAIS ESTADUAIS 2026";90002538943;4;"TIKTOK.COM/@THUMILLACARVALHOBARBIE"
"01/10/2026";"08:31:01";2026;"GO";2;"ELEIÇÃO ORDINÁRIA";6259;"ELEIÇÕES GERAIS ESTADUAIS 2026";90002551791;5;"HTTPS://WWW.YOUTUBE.COM/@WILDERMORAISGOIAS"
"01/10/2026";"08:31:01";2026;"GO";2;"ELEIÇÃO ORDINÁRIA";6259;"ELEIÇÕES GERAIS ESTADUAIS 2026";90002551791;7;"https://www.linkedin.com/in/wildermorais/"
"01/10/2026";"08:31:01";2026;"GO";2;"ELEIÇÃO ORDINÁRIA";6259;"ELEIÇÕES GERAIS ESTADUAIS 2026";90002543243;1;"HTTPS://WWW.INSTAGRAM.COM/SILVYEALVES/"
"01/10/2026";"08:31:01";2026;"GO";2;"ELEIÇÃO ORDINÁRIA";6259;"ELEIÇÕES GERAIS ESTADUAIS 2026";90002543556;9;"HTTPS://WWW.KWAI.COM/@GUSTAVOGAYER"
"01/10/2026";"08:31:01";2026;"GO";2;"ELEIÇÃO ORDINÁRIA";6259;"ELEIÇÕES GERAIS ESTADUAIS 2026";90002543556;12;"http://www.youtube.com/@papoconservador"
"01/10/2026";"08:31:01";2026;"GO";2;"ELEIÇÃO ORDINÁRIA";6259;"ELEIÇÕES GERAIS ESTADUAIS 2026";90002543180;3;"HTTPS://WWW.FACEBOOK.COM/SHARE/1GR5XUH1ZC/?MIBEXTID=WWXIFR"
"01/10/2026";"08:31:01";2026;"GO";2;"ELEIÇÃO ORDINÁRIA";6259;"ELEIÇÕES GERAIS ESTADUAIS 2026";90002543182;1;"WWW.EUTOCOMFABIOCORREA.COM.BR"
"01/10/2026";"08:31:01";2026;"GO";2;"ELEIÇÃO ORDINÁRIA";6259;"ELEIÇÕES GERAIS ESTADUAIS 2026";90002541453;1;"https://www.facebook.com/share/19fMzX2h6A/?mibextid=wwXIfr"
"01/10/2026";"08:31:01";2026;"GO";2;"ELEIÇÃO ORDINÁRIA";6259;"ELEIÇÕES GERAIS ESTADUAIS 2026";90002542620;2;"HTTPS://WWW.INSTAGRAM.COM/MAYCONTOMBINI/"
"01/10/2026";"08:31:01";2026;"GO";2;"ELEIÇÃO ORDINÁRIA";6259;"ELEIÇÕES GERAIS ESTADUAIS 2026";90002542625;1;"HTTPS://WWW.FACEBOOK.COM/RENATORIBEIROCATALAO , HTTPS://WWW.FACEBOOK.COM/SHARE/"
"01/10/2026";"08:31:01";2026;"GO";2;"ELEIÇÃO ORDINÁRIA";6259;"ELEIÇÕES GERAIS ESTADUAIS 2026";90002543221;5;"https://www.tiktok.com/@brauliocflores?_r=1&_t=ZS-98nhKiO7N5w"
"01/10/2026";"08:31:01";2026;"GO";2;"ELEIÇÃO ORDINÁRIA";6259;"ELEIÇÕES GERAIS ESTADUAIS 2026";90002543223;2;"@MESTREFRANCISCOTAEKWONDO"
"01/10/2026";"08:31:01";2026;"GO";2;"ELEIÇÃO ORDINÁRIA";6259;"ELEIÇÕES GERAIS ESTADUAIS 2026";90002543231;3;"https://www.facebook.com/sandro.pedroso1/"
"01/10/2026";"08:31:01";2026;"GO";2;"ELEIÇÃO ORDINÁRIA";6259;"ELEIÇÕES GERAIS ESTADUAIS 2026";90002550205;2;"https://alessandracarmo.voleo.com.br/"
"01/10/2026";"08:31:01";2026;"GO";2;"ELEIÇÃO ORDINÁRIA";6259;"ELEIÇÕES GERAIS ESTADUAIS 2026";90002537638;1;"HTTPS://WWW.INSTAGRAM.COM/REEL/DZQLPDOOQNN/?IGSH=MTN2YNEWC2TPODR6CQ=="
"01/10/2026";"08:31:01";2026;"GO";2;"ELEIÇÃO ORDINÁRIA";6259;"ELEIÇÕES GERAIS ESTADUAIS 2026";90002537638;4;"HTTPS://WWW.YOUTUBE.COM/LIVE/3OMZJDWXMVQ?IS=VGKQCHNODFCADLGF"
"01/10/2026";"08:31:01";2026;"GO";2;"ELEIÇÃO ORDINÁRIA";6259;"ELEIÇÕES GERAIS ESTADUAIS 2026";90002537431;1;"HTTPS://WWW.INSTAGRAM.COM/SAMUEL_LACERDA_10/"
"01/10/2026";"08:31:01";2026;"GO";2;"ELEIÇÃO ORDINÁRIA";6259;"ELEIÇÕES GERAIS ESTADUAIS 2026";90002539154;1;"INSTAGRAM/MAJUFERRARI_"
"01/10/2026";"08:31:01";2026;"GO";2;"ELEIÇÃO ORDINÁRIA";6259;"ELEIÇÕES GERAIS ESTADUAIS 2026";90002540955;1;"HTTPS://WWW.INSTAGRAM.COM/LEANDROSENAGO?IGSH=MW81DTLQYWJVEXFM"
"01/10/2026";"08:31:01";2026;"GO";2;"ELEIÇÃO ORDINÁRIA";6259;"ELEIÇÕES GERAIS ESTADUAIS 2026";90002537437;2;"HTTPS://WWW.INSTAGRAM.COM/JANAINA_CANDIDO1?UTM_SOURCE=QR"
"01/10/2026";"08:31:01";2026;"GO";2;"ELEIÇÃO ORDINÁRIA";6259;"ELEIÇÕES GERAIS ESTADUAIS 2026";90002540968;1;"HTTPS://WWW.INSTAGRAM.COM/PAULOHENRIQUE__PH/"
"01/10/2026";"08:31:01";2026;"GO";2;"ELEIÇÃO ORDINÁRIA";6259;"ELEIÇÕES GERAIS ESTADUAIS 2026";90002537448;1;"https://www.instagram.com/denisbentobr?stkn=MWk2N2E2dnN5cWVmNg=="
"01/10/2026";"08:31:01";2026;"GO";2;"ELEIÇÃO ORDINÁRIA";6259;"ELEIÇÕES GERAIS ESTADUAIS 2026";90002537449;3;"HTTPS://WWW.TIKTOK.COM/@DRA.FABIANAGONCALVES?_R=1&_T=ZS-98EICTP8YSR"
"01/10/2026";"08:31:01";2026;"GO";2;"ELEIÇÃO ORDINÁRIA";6259;"ELEIÇÕES GERAIS ESTADUAIS 2026";90002540989;1;"HTTPS://WWW.INSTAGRAM.COM/PATRICIARIBEIRO_35?IGSH=AHE5NXZLBJH6NJB5&UTM_SOURCE=QR"
"01/10/2026";"08:31:01";2026;"GO";2;"ELEIÇÃO ORDINÁRIA";6259;"ELEIÇÕES GERAIS ESTADUAIS 2026";90002547139;2;"HTTPS://WWW.TIKTOK.COM/@AAVASANTIAGO"
"01/10/2026";"08:31:01";2026;"GO";2;"ELEIÇÃO ORDINÁRIA";6259;"ELEIÇÕES GERAIS ESTADUAIS 2026";90002547139;7;"HTTPS://WWW.INSTAGRAM.COM/AAVASANTIAGO"
"01/10/2026";"08:31:01";2026;"GO";2;"ELEIÇÃO ORDINÁRIA";6259;"ELEIÇÕES GERAIS ESTADUAIS 2026";90002537458;1;"HTTPS://WWW.TIKTOK.COM/@EDERMAGRAO?_R=1&_T=ZS-98TDD5PTNUN"
"01/10/2026";"08:31:01";2026;"GO";2;"ELEIÇÃO ORDINÁRIA";6259;"ELEIÇÕES GERAIS ESTADUAIS 2026";90002554188;1;"https://www.instagram.com/washingtonalveswa?igsi=MWtiYmZ6MnYxN3Jubg=="
"01/10/2026";"08:31:01";2026;"GO";2;"ELEIÇÃO ORDINÁRIA";6259;"ELEIÇÕES GERAIS ESTADUAIS 2026";90002543791;1;"HTTPS://WWW.FACEBOOK.COM/MAGDAORRIBEIRO"
"01/10/2026";"08:31:01";2026;"GO";2;"ELEIÇÃO ORDINÁRIA";6259;"ELEIÇÕES GERAIS ESTADUAIS 2026";90002546222;6;"https://www.whatsapp.com/channel/0029VbAQkoTGzzKLQ43uZ81M"
"01/10/2026";"08:31:01";2026;"GO";2;"ELEIÇÃO ORDINÁRIA";6259;"ELEIÇÕES GERAIS ESTADUAIS 2026";90002543146;1;"@MARCIOLUIS"
"01/10/2026";"08:31:01";2026;"GO";2;"ELEIÇÃO ORDINÁRIA";6259;"ELEIÇÕES GERAIS ESTADUAIS 2026";90002543146;6;"https://chat.whatsapp.com/LOjamMda1KpBoEHtMkpf4E"
"01/10/2026";"08:31:01";2026;"GO";2;"ELEIÇÃO ORDINÁRIA";6259;"ELEIÇÕES GERAIS ESTADUAIS 2026";90002543157;2;"https://www.facebook.com/gracieledaartetrigo"
"01/10/2026";"08:31:01";2026;"GO";2;"ELEIÇÃO ORDINÁRIA";6259;"ELEIÇÕES GERAIS ESTADUAIS 2026";90002543158;1;"HTTP://YOUTUBE.COM/C/KATHREINMOURACOMOSPÉSOFICIAL"
"01/10/2026";"08:31:01";2026;"GO";2;"ELEIÇÃO ORDINÁRIA";6259;"ELEIÇÕES GERAIS ESTADUAIS 2026";90002546236;1;"https://www.facebook.com/share/1BmR8wWFdf/?mibextid=wwXIfr"
"01/10/2026";"08:31:01";2026;"GO";2;"ELEIÇÃO ORDINÁRIA";6259;"ELEIÇÕES GERAIS ESTADUAIS 2026";90002546240;2;"FACEBOOK: EDILSONGALDINOROCHA E EDILSONGALDINO"
"01/10/2026";"08:31:01";2026;"GO";2;"ELEIÇÃO ORDINÁRIA";6259;"ELEIÇÕES GERAIS ESTADUAIS 2026";90002553733;2;"https://www.facebook.com/profile.php?id=61592886041303"
"01/10/2026";"08:31:01";2026;"GO";2;"ELEIÇÃO ORDINÁRIA";6259;"ELEIÇÕES GERAIS ESTADUAIS 2026";90002544878;1;"HTTPS://WWW.INSTAGRAM.COM/DR.JMACHADO/"
"01/10/2026";"08:31:01";2026;"GO";2;"ELEIÇÃO ORDINÁRIA";6259;"ELEIÇÕES GERAIS ESTADUAIS 2026";90002544892;2;"https://facebook.com/gugunaderpolitico"
"01/10/2026";"08:31:01";2026;"GO";2;"ELEIÇÃO ORDINÁRIA";6259;"ELEIÇÕES GERAIS ESTADUAIS 2026";90002540138;6;"X/MAURORUBEMOFICIAL"
"01/10/2026";"08:31:01";2026;"GO";2;"ELEIÇÃO ORDINÁRIA";6259;"ELEIÇÕES GERAIS ESTADUAIS 2026";90002543471;2;"HTTP://FACEBOOK.COM/ISMAEL.ALEXANDRINO"
"01/10/2026";"08:31:01";2026;"GO";2;"ELEIÇÃO ORDINÁRIA";6259;"ELEIÇÕES GERAIS ESTADUAIS 2026";90002543805;2;"HTTPS://WWW.INSTAGRAM.COM/RAMOSSSOMAR/"
"01/10/2026";"08:31:01";2026;"GO";2;"ELEIÇÃO ORDINÁRIA";6259;"ELEIÇÕES GERAIS ESTADUAIS 2026";90002545243;1;"https://www.instagram.com/ernesto_roller?igsi=MXJvZDVoNWIwZptdw%3D%3D&utm_source=qr"
"01/10/2026";"08:31:01";2026;"GO";2;"ELEIÇÃO ORDINÁRIA";6259;"ELEIÇÕES GERAIS ESTADUAIS 2026";90002543488;1;"LIVIOLUCIANO"
"01/10/2026";"08:31:01";2026;"GO";2;"ELEIÇÃO ORDINÁRIA";6259;"ELEIÇÕES GERAIS ESTADUAIS 2026";90002543488;6;"https://www.youtube.com/@L%C3%ADvioLuciano35015"
"01/10/2026";"08:31:01";2026;"GO";2;"ELEIÇÃO ORDINÁRIA";6259;"ELEIÇÕES GERAIS ESTADUAIS 2026";90002543495;3;"HTTPS://WWW.INSTAGRAM.COM/DANIELDOSINDICATO"
"01/10/2026";"08:31:01";2026;"GO";2;"ELEIÇÃO ORDINÁRIA";6259;"ELEIÇÕES GERAIS ESTADUAIS 2026";90002547014;4;"HTTPS://WWW.TIKTOK.COM/@ENGENHEIRODIOGENES?_R=1&_T=ZS-98IGFQS9KYL"
"01/10/2026";"08:31:01";2026;"GO";2;"ELEIÇÃO ORDINÁRIA";6259;"ELEIÇÕES GERAIS ESTADUAIS 2026";90002547016;1;"HTTPS://WWW.INSTAGRAM.COM/DEPODERAOPOVO?IGSH=MW5SCZI2C2NUAJNSDQ=="
"01/10/2026";"08:31:01";2026;"GO";2;"ELEIÇÃO ORDINÁRIA";6259;"ELEIÇÕES GERAIS ESTADUAIS 2026";90002547035;1;"HTTPS://WWW.INSTAGRAM.COM/DJANIRA.SAGITA/"
"01/10/2026";"08:31:01";2026;"GO";2;"ELEIÇÃO ORDINÁRIA";6259;"ELEIÇÕES GERAIS ESTADUAIS 2026";90002547101;1;"HTTPS://WWW.INSTAGRAM.COM/FELIPECECILIO.OFICIAL/"
"01/10/2026";"08:31:01";2026;"GO";2;"ELEIÇÃO ORDINÁRIA";6259;"ELEIÇÕES GERAIS ESTADUAIS 2026";90002547109;2;"https://www.youtube.com/@DeputadoProfessorAlcides"
"01/10/2026";"08:31:01";2026;"GO";2;"ELEIÇÃO ORDINÁRIA";6259;"ELEIÇÕES GERAIS ESTADUAIS 2026";90002547114;1;"HTTPS://WWW.INSTAGRAM.COM/SARAPARAGUASSUVAZ"
"01/10/2026";"08:31:01";2026;"GO";2;"ELEIÇÃO ORDINÁRIA";6259;"ELEIÇÕES GERAIS ESTADUAIS 2026";90002539148;2;"X@DELUBIOSOARES"
"01/10/2026";"08:31:01";2026;"GO";2;"ELEIÇÃO ORDINÁRIA";6259;"ELEIÇÕES GERAIS ESTADUAIS 2026";90002541700;4;"https://tiktok.com/@noletombl"
"01/10/2026";"08:31:01";2026;"GO";2;"ELEIÇÃO ORDINÁRIA";6259;"ELEIÇÕES GERAIS ESTADUAIS 2026";90002541708;6;"https://facebook.com/1eesva7osr"
"01/10/2026";"08:31:01";2026;"GO";2;"ELEIÇÃO ORDINÁRIA";6259;"ELEIÇÕES GERAIS ESTADUAIS 2026";90002548072;1;"@KESLEGO"
"01/10/2026";"08:31:01";2026;"GO";2;"ELEIÇÃO ORDINÁRIA";6259;"ELEIÇÕES GERAIS ESTADUAIS 2026";90002543480;1;"@PRAEDNAABADIA"
"01/10/2026";"08:31:01";2026;"GO";2;"ELEIÇÃO ORDINÁRIA";6259;"ELEIÇÕES GERAIS ESTADUAIS 2026";90002540149;9;"https://www.youtube.com/@fabriciorosanoyt"
"01/10/2026";"08:31:01";2026;"GO";2;"ELEIÇÃO ORDINÁRIA";6259;"ELEIÇÕES GERAIS ESTADUAIS 2026";90002537640;1;"HTTPS://WWW.INSTAGRAM.COM/DEPUTADOJOAOCAMPOS/"
"01/10/2026";"08:31:01";2026;"GO";2;"ELEIÇÃO ORDINÁRIA";6259;"ELEIÇÕES GERAIS ESTADUAIS 2026";90002543251;3;"HTTPS://WWW.TIKTOK.COM/@ALEXMARTINSVEREADOR?_R=1&_T=ZS-98PQDDR26UF"
"01/10/2026";"08:31:01";2026;"GO";2;"ELEIÇÃO ORDINÁRIA";6259;"ELEIÇÕES GERAIS ESTADUAIS 2026";90002543767;4;"HTTPS://WWW.TIKTOK.COM/@MEIRE_CRUVINEL2202?_R=1&_T=ZS-98JY48C076B"
"01/10/2026";"08:31:01";2026;"GO";2;"ELEIÇÃO ORDINÁRIA";6259;"ELEIÇÕES GERAIS ESTADUAIS 2026";90002543848;2;"HTTPS://WWW.FACEBOOK.COM/FERNANDO.VIEIRA.725452"
"01/10/2026";"08:31:01";2026;"GO";2;"ELEIÇÃO ORDINÁRIA";6259;"ELEIÇÕES GERAIS ESTADUAIS 2026";90002543850;2;"HTTPS://WWW.TIKTOK.COM/@VALERIA.ADV"
"01/10/2026";"08:31:01";2026;"GO";2;"ELEIÇÃO ORDINÁRIA";6259;"ELEIÇÕES GERAIS ESTADUAIS 2026";90002543851;1;"HTTPS://WWW.INSTAGRAM.COM/EDMILSON_CAPELAO?UTM_SOURCE=QR&IGSH=CGJTBMS2MHU1DMJX"
"01/10/2026";"08:31:01";2026;"GO";2;"ELEIÇÃO ORDINÁRIA";6259;"ELEIÇÕES GERAIS ESTADUAIS 2026";90002543854;2;"HTTPS://WWW.FACEBOOK.COM/SHARE/19EEZ27Z5K/"
"01/10/2026";"08:31:01";2026;"GO";2;"ELEIÇÃO ORDINÁRIA";6259;"ELEIÇÕES GERAIS ESTADUAIS 2026";90002543572;5;"https://www.facebook.com/deputadoelieljunior/"
"01/10/2026";"08:31:01";2026;"GO";2;"ELEIÇÃO ORDINÁRIA";6259;"ELEIÇÕES GERAIS ESTADUAIS 2026";90002543461;4;"6499294-8585"
"01/10/2026";"08:31:01";2026;"GO";2;"ELEIÇÃO ORDINÁRIA";6259;"ELEIÇÕES GERAIS ESTADUAIS 2026";90002543476;1;"HTTPS://WWW.INSTAGRAM.COM/VEREADORPAULOCARNICER"
"01/10/2026";"08:31:01";2026;"GO";2;"ELEIÇÃO ORDINÁRIA";6259;"ELEIÇÕES GERAIS ESTADUAIS 2026";90002540135;2;"INSTAGRAN: @EDINANBRAUNA"
"01/10/2026";"08:31:01";2026;"GO";2;"ELEIÇÃO ORDINÁRIA";6259;"ELEIÇÕES GERAIS ESTADUAIS 2026";90002540858;1;"INSTAGRAM/GESSIMONE"
"01/10/2026";"08:31:01";2026;"GO";2;"ELEIÇÃO ORDINÁRIA";6259;"ELEIÇÕES GERAIS ESTADUAIS 2026";90002540993;1;"HTTPS://WWW.FACEBOOK.COM/DANIELVILELA15OFICIAL"
"01/10/2026";"08:31:01";2026;"GO";2;"ELEIÇÃO ORDINÁRIA";6259;"ELEIÇÕES GERAIS ESTADUAIS 2026";90002543215;7;"https://www.vanderlan.com.br/"
"01/10/2026";"08:31:01";2026;"GO";2;"ELEIÇÃO ORDINÁRIA";6259;"ELEIÇÕES GERAIS ESTADUAIS 2026";90002542624;2;"HTTPS://SOUMAGDA.COM.BR"
"01/10/2026";"08:31:01";2026;"GO";2;"ELEIÇÃO ORDINÁRIA";6259;"ELEIÇÕES GERAIS ESTADUAIS 2026";90002543226;6;"https://www.threads.com/@celiosilveiradeputado"
"01/10/2026";"08:31:01";2026;"GO";2;"ELEIÇÃO ORDINÁRIA";6259;"ELEIÇÕES GERAIS ESTADUAIS 2026";90002543556;15;"http://gustavogayer.com.br"
"01/10/2026";"08:31:01";2026;"GO";2;"ELEIÇÃO ORDINÁRIA";6259;"ELEIÇÕES GERAIS ESTADUAIS 2026";90002547100;1;"https://www.facebook.com/profile.php?id=100084932005559"
"01/10/2026";"08:31:01";2026;"GO";2;"ELEIÇÃO ORDINÁRIA";6259;"ELEIÇÕES GERAIS ESTADUAIS 2026";90002539151;1;"X.COM/RUBENSOTONI"
"01/10/2026";"08:31:01";2026;"GO";2;"ELEIÇÃO ORDINÁRIA";6259;"ELEIÇÕES GERAIS ESTADUAIS 2026";90002543170;1;"HTTPS://WWW.FACEBOOK.COM/ROSANGELAREZENDEGO"
"01/10/2026";"08:31:01";2026;"GO";2;"ELEIÇÃO ORDINÁRIA";6259;"ELEIÇÕES GERAIS ESTADUAIS 2026";90002543170;6;"HTTPS://WWW.TIKTOK.COM/@ROSANGELAREZENDEGO"
"01/10/2026";"08:31:01";2026;"GO";2;"ELEIÇÃO ORDINÁRIA";6259;"ELEIÇÕES GERAIS ESTADUAIS 2026";90002542615;8;"https://www.threads.com/@carolmolinaribr"
"01/10/2026";"08:31:01";2026;"GO";2;"ELEIÇÃO ORDINÁRIA";6259;"ELEIÇÕES GERAIS ESTADUAIS 2026";90002542619;1;"HTTPS://WWW.FACEBOOK.COM/DRALESSANDRA.JACOB/"
"01/10/2026";"08:31:01";2026;"GO";2;"ELEIÇÃO ORDINÁRIA";6259;"ELEIÇÕES GERAIS ESTADUAIS 2026";90002542619;2;"HTTPS://WWW.INSTAGRAM.COM/DRALESSANDRAJACOB?IGSH=MXY2NNB0D2RQMNBOZG=="
"01/10/2026";"08:31:01";2026;"GO";2;"ELEIÇÃO ORDINÁRIA";6259;"ELEIÇÕES GERAIS ESTADUAIS 2026";90002550206;1;"INSTAGRAM @ELISEUCORRETOR1"
"01/10/2026";"08:31:01";2026;"GO";2;"ELEIÇÃO ORDINÁRIA";6259;"ELEIÇÕES GERAIS ESTADUAIS 2026";90002546976;3;"HTTPS://WWW.INSTAGRAM.COM/CONCEICAOALVESOFC?IGSH=BDJ0YZM1CHVMM2T5"
"01/10/2026";"08:31:01";2026;"GO";2;"ELEIÇÃO ORDINÁRIA";6259;"ELEIÇÕES GERAIS ESTADUAIS 2026";90002537634;3;"HTTPS://WWW.TIKTOK.COM/@GABRIELARODART?_R=1&_T=ZS-98Q07HSBWWW"
"01/10/2026";"08:31:01";2026;"GO";2;"ELEIÇÃO ORDINÁRIA";6259;"ELEIÇÕES GERAIS ESTADUAIS 2026";90002537636;5;"HTTPS://WWW.TIKTOK.COM/@ANGELITADUARTEYDU?_R=1&_T=ZS-98CKWJFZ7IH"
"01/10/2026";"08:31:01";2026;"GO";2;"ELEIÇÃO ORDINÁRIA";6259;"ELEIÇÕES GERAIS ESTADUAIS 2026";90002537638;2;"HTTPS://WWW.FACEBOOK.COM/SHARE/1KCWFMI2NP/"
"01/10/2026";"08:31:01";2026;"GO";2;"ELEIÇÃO ORDINÁRIA";6259;"ELEIÇÕES GERAIS ESTADUAIS 2026";90002537643;5;"https://www.instagram.com/lucianadaculinaria?igsi=YXMyZTIwd3JsYjN0"
"01/10/2026";"08:31:01";2026;"GO";2;"ELEIÇÃO ORDINÁRIA";6259;"ELEIÇÕES GERAIS ESTADUAIS 2026";90002537426;3;"https://larissalafaiete.com"
"01/10/2026";"08:31:01";2026;"GO";2;"ELEIÇÃO ORDINÁRIA";6259;"ELEIÇÕES GERAIS ESTADUAIS 2026";90002537427;8;"HTTPS://WWW.FACEBOOK.COM/SHARE/1CWJ797GRW/?MIBEXTID=WWXIFR"
"01/10/2026";"08:31:01";2026;"GO";2;"ELEIÇÃO ORDINÁRIA";6259;"ELEIÇÕES GERAIS ESTADUAIS 2026";90002537434;4;"HTTPS://WWW.INSTAGRAM.COM/DEBORADOMINGUES.OFICIAL"
"01/10/2026";"08:31:01";2026;"GO";2;"ELEIÇÃO ORDINÁRIA";6259;"ELEIÇÕES GERAIS ESTADUAIS 2026";90002537435;2;"HTTPS://WWW.INSTAGRAM.COM/TENENTECESARSALUSTIANO?IGSH=MWR3B25NBW5UZHEWZW=="
"01/10/2026";"08:31:01";2026;"GO";2;"ELEIÇÃO ORDINÁRIA";6259;"ELEIÇÕES GERAIS ESTADUAIS 2026";90002537451;3;"HTTPS://WWW.TIKTOK.COM/@RAMON.FERREIRA56?LANG=PT-BR"
"01/10/2026";"08:31:01";2026;"GO";2;"ELEIÇÃO ORDINÁRIA";6259;"ELEIÇÕES GERAIS ESTADUAIS 2026";90002537452;3;"HTTPS://KWAI-VIDEO.COM/U/@RE1996232/RXATCVL7"
"01/10/2026";"08:31:01";2026;"GO";2;"ELEIÇÃO ORDINÁRIA";6259;"ELEIÇÕES GERAIS ESTADUAIS 2026";90002537455;1;"HTTPS://WWW.TIKTOK.COM/@MIGUELJRROSA?_R=1&_T=ZS-98TOKSLZLWG"
"01/10/2026";"08:31:01";2026;"GO";2;"ELEIÇÃO ORDINÁRIA";6259;"ELEIÇÕES GERAIS ESTADUAIS 2026";90002537455;6;"@MIGUELJRROSA"
"01/10/2026";"08:31:01";2026;"GO";2;"ELEIÇÃO ORDINÁRIA";6259;"ELEIÇÕES GERAIS ESTADUAIS 2026";90002537456;6;"HTTPS://WWW.TIKTOK.COM/@LEIDEALVESJORNALISTA20"
"01/10/2026";"08:31:01";2026;"GO";2;"ELEIÇÃO ORDINÁRIA";6259;"ELEIÇÕES GERAIS ESTADUAIS 2026";90002540984;1;"HTTPS://WWW.INSTAGRAM.COM/JOSEDELIMAOFICIAL"
"01/10/2026";"08:31:01";2026;"GO";2;"ELEIÇÃO ORDINÁRIA";6259;"ELEIÇÕES GERAIS ESTADUAIS 2026";90002540990;1;"HTTPS://WWW.INSTAGRAM.COM/TATIANEGUIMARAES30GO?IGSH=AXV3NXY3A3H3YMLQ"
"01/10/2026";"08:31:01";2026;"GO";2;"ELEIÇÃO ORDINÁRIA";6259;"ELEIÇÕES GERAIS ESTADUAIS 2026";90002552588;4;"https://chat.whatsapp.com/KQf2o4NzfwSFwHmVKnkbTh"
"01/10/2026";"08:31:01";2026;"GO";2;"ELEIÇÃO ORDINÁRIA";6259;"ELEIÇÕES GERAIS ESTADUAIS 2026";90002543796;2;"HTTPS://WWW.INSTAGRAM.COM/CLAUDIACRUVINELPL/"
"01/10/2026";"08:31:01";2026;"GO";2;"ELEIÇÃO ORDINÁRIA";6259;"ELEIÇÕES GERAIS ESTADUAIS 2026";90002543127;1;"HTTPS://WWW.TIKTOK.COM/@ECOMZEQUEEUVOU"
"01/10/2026";"08:31:01";2026;"GO";2;"ELEIÇÃO ORDINÁRIA";6259;"ELEIÇÕES GERAIS ESTADUAIS 2026";90002543132;1;"CARPEGIANESILVESTRE"
"01/10/2026";"08:31:01";2026;"GO";2;"ELEIÇÃO ORDINÁRIA";6259;"ELEIÇÕES GERAIS ESTADUAIS 2026";90002543146;3;"https://www.facebook.com/share/1Bi1u57eCT/"
"01/10/2026";"08:31:01";2026;"GO";2;"ELEIÇÃO ORDINÁRIA";6259;"ELEIÇÕES GERAIS ESTADUAIS 2026";90002542599;1;"THREADS/@OLEITOR_OFICIAL"
"01/10/2026";"08:31:01";2026;"GO";2;"ELEIÇÃO ORDINÁRIA";6259;"ELEIÇÕES GERAIS ESTADUAIS 2026";90002554396;3;"https://www.instagram.com/edsonveluzjr?igsh=eHAyMjY1M3Zyc3Nm"
"01/10/2026";"08:31:01";2026;"GO";2;"ELEIÇÃO ORDINÁRIA";6259;"ELEIÇÕES GERAIS ESTADUAIS 2026";90002542610;3;"YOUTUBE: JORDANA_SOUSAV5B"
"01/10/2026";"08:31:01";2026;"GO";2;"ELEIÇÃO ORDINÁRIA";6259;"ELEIÇÕES GERAIS ESTADUAIS 2026";90002543169;1;"HTTPS://WWW.INSTAGRAM.COM/ELIANEDASAUDE?UTM_SOURCE=QR&IGSH=MTRKNZDQDGL5MG1KBG=="
"01/10/2026";"08:31:01";2026;"GO";2;"ELEIÇÃO ORDINÁRIA";6259;"ELEIÇÕES GERAIS ESTADUAIS 2026";90002546241;2;"FACEBOOK - HELIOGALENO"
"01/10/2026";"08:31:01";2026;"GO";2;"ELEIÇÃO ORDINÁRIA";6259;"ELEIÇÕES GERAIS ESTADUAIS 2026";90002544870;1;"HTTPS://WWW.INSTAGRAM.COM/HELIODEBREY/"
"01/10/2026";"08:31:01";2026;"GO";2;"ELEIÇÃO ORDINÁRIA";6259;"ELEIÇÕES GERAIS ESTADUAIS 2026";90002544885;1;"HTTPS://WWW.INSTAGRAM.COM/MARINAMORENANUTRI/"
"01/10/2026";"08:31:01";2026;"GO";2;"ELEIÇÃO ORDINÁRIA";6259;"ELEIÇÕES GERAIS ESTADUAIS 2026";90002544898;2;"https://www.instagram.com/drwalter.vosgrau/"
"01/10/2026";"08:31:01";2026;"GO";2;"ELEIÇÃO ORDINÁRIA";6259;"ELEIÇÕES GERAIS ESTADUAIS 2026";90002547032;3;"https://www.youtube.com/@WildeCamb%C3%A3o"
"01/10/2026";"08:31:01";2026;"GO";2;"ELEIÇÃO ORDINÁRIA";6259;"ELEIÇÕES GERAIS ESTADUAIS 2026";90002546974;1;"HTTPS://WWW.TIKTOK.COM/@DEPDRZACHARIASCALIL"
"01/10/2026";"08:31:01";2026;"GO";2;"ELEIÇÃO ORDINÁRIA";6259;"ELEIÇÕES GERAIS ESTADUAIS 2026";90002543801;3;"HTTPS://WWW.FACEBOOK.COM/ DIEYMEVASCONCELOS"
"01/10/2026";"08:31:01";2026;"GO";2;"ELEIÇÃO ORDINÁRIA";6259;"ELEIÇÕES GERAIS ESTADUAIS 2026";90002545243;2;"https://www.facebook.com/profile.php?id=100084465016169&mibextid=wwXIfr&rdid=Bd982j9D1JvMJN7n&share_url=https%3A%2F%2Fwww.facebook.com%2Fshare%2F1BQtf4bbQQ%2F%3Fmibextid%3DaaXIfr#"
"01/10/2026";"08:31:01";2026;"GO";2;"ELEIÇÃO ORDINÁRIA";6259;"ELEIÇÕES GERAIS ESTADUAIS 2026";90002545244;5;"https://www.tiktok.com/@iurecastro234"
"01/10/2026";"08:31:01";2026;"GO";2;"ELEIÇÃO ORDINÁRIA";6259;"ELEIÇÕES GERAIS ESTADUAIS 2026";90002551485;2;"@DELICEBRASILCOELHO - INSTAGRAM"
"01/10/2026";"08:31:01";2026;"GO";2;"ELEIÇÃO ORDINÁRIA";6259;"ELEIÇÕES GERAIS ESTADUAIS 2026";90002543248;8;"https://x.com/delegado_waldir?s=11"
"01/10/2026";"08:31:01";2026;"GO";2;"ELEIÇÃO ORDINÁRIA";6259;"ELEIÇÕES GERAIS ESTADUAIS 2026";90002543250;4;"HTTPS://WWW.INSTAGRAM.COM/PROFRODOLFOSOUZA"
"01/10/2026";"08:31:01";2026;"GO";2;"ELEIÇÃO ORDINÁRIA";6259;"ELEIÇÕES GERAIS ESTADUAIS 2026";90002543836;3;"HTTPS://X.COM/THEFIAMANCIO21"
"01/10/2026";"08:31:01";2026;"GO";2;"ELEIÇÃO ORDINÁRIA";6259;"ELEIÇÕES GERAIS ESTADUAIS 2026";90002543837;2;"(62)999094882"
"01/10/2026";"08:31:01";2026;"GO";2;"ELEIÇÃO ORDINÁRIA";6259;"ELEIÇÕES GERAIS ESTADUAIS 2026";90002543840;2;"HTTPS://WWW.TIKTOK.COM/@LGPOVAO"
"01/10/2026";"08:31:01";2026;"GO";2;"ELEIÇÃO ORDINÁRIA";6259;"ELEIÇÕES GERAIS ESTADUAIS 2026";90002543843;1;"HTTPS://WWW.FACEBOOK.COM/MAURO.DO.ALHO/"
"01/10/2026";"08:31:01";2026;"GO";2;"ELEIÇÃO ORDINÁRIA";6259;"ELEIÇÕES GERAIS ESTADUAIS 2026";90002547011;1;"HTTPS://WWW.INSTAGRAM.COM/MARTINSJUNIOR193/"
"01/10/2026";"08:31:01";2026;"GO";2;"ELEIÇÃO ORDINÁRIA";6259;"ELEIÇÕES GERAIS ESTADUAIS 2026";90002547014;3;"HTTPS://YOUTUBE.COM/@DIOGENESAIRESDEMELO4294?SI=ODEG1ZKBKG5OLMZW"
"01/10/2026";"08:31:01";2026;"GO";2;"ELEIÇÃO ORDINÁRIA";6259;"ELEIÇÕES GERAIS ESTADUAIS 2026";90002547028;2;"HTTPS://WANESSADALEYSER.COM.BR/"
"01/10/2026";"08:31:01";2026;"GO";2;"ELEIÇÃO ORDINÁRIA";6259;"ELEIÇÕES GERAIS ESTADUAIS 2026";90002547073;1;"HTTPS://WWW.INSTAGRAM.COM/YAGO_GONCALVESY?IGSH=DHJ3BJNWY3M3ZXRQ"
"01/10/2026";"08:31:01";2026;"GO";2;"ELEIÇÃO ORDINÁRIA";6259;"ELEIÇÕES GERAIS ESTADUAIS 2026";90002547082;1;"HTTPS://WWW.YOUTUBE.COM/@JORNALCAFIL"
"01/10/2026";"08:31:01";2026;"GO";2;"ELEIÇÃO ORDINÁRIA";6259;"ELEIÇÕES GERAIS ESTADUAIS 2026";90002547094;3;"https://x.com/rebecaromerobr"
"01/10/2026";"08:31:01";2026;"GO";2;"ELEIÇÃO ORDINÁRIA";6259;"ELEIÇÕES GERAIS ESTADUAIS 2026";90002547098;3;"https://www.facebook.com/elieteb.barros"
"01/10/2026";"08:31:01";2026;"GO";2;"ELEIÇÃO ORDINÁRIA";6259;"ELEIÇÕES GERAIS ESTADUAIS 2026";90002547131;1;"HTTPS://WWW.INSTAGRAM.COM/LORENASILVA.GO/"
"01/10/2026";"08:31:01";2026;"GO";2;"ELEIÇÃO ORDINÁRIA";6259;"ELEIÇÕES GERAIS ESTADUAIS 2026";90002547137;3;"HTTPS://WWW.INSTAGRAM.COM/WESLEYCOSTA.GO"
"01/10/2026";"08:31:01";2026;"GO";2;"ELEIÇÃO ORDINÁRIA";6259;"ELEIÇÕES GERAIS ESTADUAIS 2026";90002539147;1;"INSTAGRAM/SUZANACARVALHO10"
"01/10/2026";"08:31:01";2026;"GO";2;"ELEIÇÃO ORDINÁRIA";6259;"ELEIÇÕES GERAIS ESTADUAIS 2026";90002541701;1;"https://www.instagram.com/vengelkuraggidim?igsh=MThhaWJseWI5bmp3cg==&igsi=MTh"
"01/10/2026";"08:31:01";2026;"GO";2;"ELEIÇÃO ORDINÁRIA";6259;"ELEIÇÕES GERAIS ESTADUAIS 2026";90002548061;1;"@ROSINHA"
"01/10/2026";"08:31:01";2026;"GO";2;"ELEIÇÃO ORDINÁRIA";6259;"ELEIÇÕES GERAIS ESTADUAIS 2026";90002541705;3;"https://tiktok.com/@anderalves.go"
"01/10/2026";"08:31:01";2026;"GO";2;"ELEIÇÃO ORDINÁRIA";6259;"ELEIÇÕES GERAIS ESTADUAIS 2026";90002545476;3;"https://www.facebook.com/luiscesarbueno/"
"01/10/2026";"08:31:01";2026;"GO";2;"ELEIÇÃO ORDINÁRIA";6259;"ELEIÇÕES GERAIS ESTADUAIS 2026";90002554472;4;"https://www.facebook.com/share/1BqPcAu2sZ/?mibextid=wwXIfr"
"01/10/2026";"08:31:01";2026;"GO";2;"ELEIÇÃO ORDINÁRIA";6259;"ELEIÇÕES GERAIS ESTADUAIS 2026";90002542626;4;"https://x.com/majorvitorhugo?s=11"
"01/10/2026";"08:31:01";2026;"GO";2;"ELEIÇÃO ORDINÁRIA";6259;"ELEIÇÕES GERAIS ESTADUAIS 2026";90002543113;2;"FACEBOOK: KEKE VULKANIC"
"01/10/2026";"08:31:01";2026;"GO";2;"ELEIÇÃO ORDINÁRIA";6259;"ELEIÇÕES GERAIS ESTADUAIS 2026";90002543230;1;"HTTPS://WWW.INSTAGRAM.COM/NICOLINAMARIAOFICIAL/"
"01/10/2026";"08:31:01";2026;"GO";2;"ELEIÇÃO ORDINÁRIA";6259;"ELEIÇÕES GERAIS ESTADUAIS 2026";90002537640;3;"HTTPS://WWW.TIKTOK.COM/@JOAOCAMPOSDEARAUJO?LANG=PT-BR"
"01/10/2026";"08:31:01";2026;"GO";2;"ELEIÇÃO ORDINÁRIA";6259;"ELEIÇÕES GERAIS ESTADUAIS 2026";90002543771;1;"HTTPS://WWW.INSTAGRAM.COM/GISLEIDE_RIBEIROA?IGSH=MWJ2NW5XM2OXANBZCW=="
"01/10/2026";"08:31:01";2026;"GO";2;"ELEIÇÃO ORDINÁRIA";6259;"ELEIÇÕES GERAIS ESTADUAIS 2026";90002543851;5;"(062) 996615949"
"01/10/2026";"08:31:01";2026;"GO";2;"ELEIÇÃO ORDINÁRIA";6259;"ELEIÇÕES GERAIS ESTADUAIS 2026";90002553967;3;"https://www.tiktok.com/@christinarakel_"
"01/10/2026";"08:31:01";2026;"GO";2;"ELEIÇÃO ORDINÁRIA";6259;"ELEIÇÕES GERAIS ESTADUAIS 2026";90002548670;2;"https://www.instagram.com/paulinvainele/"
"01/10/2026";"08:31:01";2026;"GO";2;"ELEIÇÃO ORDINÁRIA";6259;"ELEIÇÕES GERAIS ESTADUAIS 2026";90002543452;5;"62 9 9945-8970"
"01/10/2026";"08:31:01";2026;"GO";2;"ELEIÇÃO ORDINÁRIA";6259;"ELEIÇÕES GERAIS ESTADUAIS 2026";90002543458;2;"HTTPS://WWW.INSTAGRAM.COM/MONTEIROLILIAOFICIAL/"
"01/10/2026";"08:31:01";2026;"GO";2;"ELEIÇÃO ORDINÁRIA";6259;"ELEIÇÕES GERAIS ESTADUAIS 2026";90002543463;3;"https://www.facebook.com/share/1HYvsVwpmL/?mibextid=wwXIfr"
"01/10/2026";"08:31:01";2026;"GO";2;"ELEIÇÃO ORDINÁRIA";6259;"ELEIÇÕES GERAIS ESTADUAIS 2026";90002540151;4;"https://www.facebook.com/share/1EjN8ocQkV/"
"01/10/2026";"08:31:01";2026;"GO";2;"ELEIÇÃO ORDINÁRIA";6259;"ELEIÇÕES GERAIS ESTADUAIS 2026";90002540152;1;"FACEBOOK/CASSIANATORMIN"
"01/10/2026";"08:31:01";2026;"GO";2;"ELEIÇÃO ORDINÁRIA";6259;"ELEIÇÕES GERAIS ESTADUAIS 2026";90002538942;2;"HTTPS://WWW.FACEBOOK.COM/SHARE/187UHQ8RJH/"
"01/10/2026";"08:31:01";2026;"GO";2;"ELEIÇÃO ORDINÁRIA";6259;"ELEIÇÕES GERAIS ESTADUAIS 2026";90002543226;4;"https://www.facebook.com/DeputadoCelioSilveira"
"01/10/2026";"08:31:01";2026;"GO";2;"ELEIÇÃO ORDINÁRIA";6259;"ELEIÇÕES GERAIS ESTADUAIS 2026";90002543243;2;"https://www.instagram.com/silvyealves?igsh=MWkzbWRyMnVkZG05Ng=="
"01/10/2026";"08:31:01";2026;"GO";2;"ELEIÇÃO ORDINÁRIA";6259;"ELEIÇÕES GERAIS ESTADUAIS 2026";90002546242;1;"@AMILTONFILHOOFICIAL"
"01/10/2026";"08:31:01";2026;"GO";2;"ELEIÇÃO ORDINÁRIA";6259;"ELEIÇÕES GERAIS ESTADUAIS 2026";90002549168;5;"https://coroneladailton.com.br/"
"01/10/2026";"08:31:01";2026;"GO";2;"ELEIÇÃO ORDINÁRIA";6259;"ELEIÇÕES GERAIS ESTADUAIS 2026";90002544867;4;"https://clecioalves.com.br"
"01/10/2026";"08:31:01";2026;"GO";2;"ELEIÇÃO ORDINÁRIA";6259;"ELEIÇÕES GERAIS ESTADUAIS 2026";90002542617;2;"HTTPS://X.COM/RAPHAELBARRABR"
"01/10/2026";"08:31:01";2026;"GO";2;"ELEIÇÃO ORDINÁRIA";6259;"ELEIÇÕES GERAIS ESTADUAIS 2026";90002543221;3;"https://www.facebook.com/share/18xRUUMG7s/?mibextid=wwXIfr"
"01/10/2026";"08:31:01";2026;"GO";2;"ELEIÇÃO ORDINÁRIA";6259;"ELEIÇÕES GERAIS ESTADUAIS 2026";90002543229;2;"HTTPS://WWW.INSTAGRAM.COM/DOMINGAS.SAUDE/"
"01/10/2026";"08:31:01";2026;"GO";2;"ELEIÇÃO ORDINÁRIA";6259;"ELEIÇÕES GERAIS ESTADUAIS 2026";90002537392;4;"HTTPS://WWW.INSTAGRAM.COM/AJOSYFERRARI/"
"01/10/2026";"08:31:01";2026;"GO";2;"ELEIÇÃO ORDINÁRIA";6259;"ELEIÇÕES GERAIS ESTADUAIS 2026";90002539161;4;"https://www.instagram.com/fabio.tokarski?igsi=bmxucDJ5dGVyNGQz&utm_source =qr"
"01/10/2026";"08:31:01";2026;"GO";2;"ELEIÇÃO ORDINÁRIA";6259;"ELEIÇÕES GERAIS ESTADUAIS 2026";90002540954;3;"HTTPS://WWW.TIKTOK.COM/@MARCELODERZE?_R=1&_T=ZS-96R5UUHIR9H"
"01/10/2026";"08:31:01";2026;"GO";2;"ELEIÇÃO ORDINÁRIA";6259;"ELEIÇÕES GERAIS ESTADUAIS 2026";90002537441;1;"HTTPS://WWW.INSTAGRAM.COM/WILLIANPANDA"
"01/10/2026";"08:31:01";2026;"GO";2;"ELEIÇÃO ORDINÁRIA";6259;"ELEIÇÕES GERAIS ESTADUAIS 2026";90002540958;3;"HTTPS://WWW.TIKTOK.COM/@WALTINHOGO?"
"01/10/2026";"08:31:01";2026;"GO";2;"ELEIÇÃO ORDINÁRIA";6259;"ELEIÇÕES GERAIS ESTADUAIS 2026";90002540958;7;"https://waltinhogo.com.br"
"01/10/2026";"08:31:01";2026;"GO";2;"ELEIÇÃO ORDINÁRIA";6259;"ELEIÇÕES GERAIS ESTADUAIS 2026";90002540965;3;"https://www.tiktok.com/@cristianozoi"
"01/10/2026";"08:31:01";2026;"GO";2;"ELEIÇÃO ORDINÁRIA";6259;"ELEIÇÕES GERAIS ESTADUAIS 2026";90002537457;3;"HTTPS://WWW.FACEBOOK.COM/SHARE/1HAYWYWGQY/"
"01/10/2026";"08:31:01";2026;"GO";2;"ELEIÇÃO ORDINÁRIA";6259;"ELEIÇÕES GERAIS ESTADUAIS 2026";90002554347;2;"PATTIPEREIRASANTIAGO@GMAIL.COM"
"01/10/2026";"08:31:01";2026;"GO";2;"ELEIÇÃO ORDINÁRIA";6259;"ELEIÇÕES GERAIS ESTADUAIS 2026";90002552588;3;"https://sgtsilvanamaria.com.br"
"01/10/2026";"08:31:01";2026;"GO";2;"ELEIÇÃO ORDINÁRIA";6259;"ELEIÇÕES GERAIS ESTADUAIS 2026";90002543788;5;"HTTPS://X.COM/DEPMAJORARAUJO"
"01/10/2026";"08:31:01";2026;"GO";2;"ELEIÇÃO ORDINÁRIA";6259;"ELEIÇÕES GERAIS ESTADUAIS 2026";90002543790;2;"HTTPS://WWW.FACEBOOK.COM/BETINHODOAGRO2026"
"01/10/2026";"08:31:01";2026;"GO";2;"ELEIÇÃO ORDINÁRIA";6259;"ELEIÇÕES GERAIS ESTADUAIS 2026";90002543162;1;"HTTPS://WWW.INSTAGRAM.COM/FERNANDO_AMARANTES?IGSH=ZTBKMXZIAXJ1B3NS"
"01/10/2026";"08:31:01";2026;"GO";2;"ELEIÇÃO ORDINÁRIA";6259;"ELEIÇÕES GERAIS ESTADUAIS 2026";90002543168;3;"HTTPS://WWW.INSTAGRAM.COM/GISLENE_SANTANA_MENDES?UTM_SOURCE=QR"
"01/10/2026";"08:31:01";2026;"GO";2;"ELEIÇÃO ORDINÁRIA";6259;"ELEIÇÕES GERAIS ESTADUAIS 2026";90002543175;1;"HTTPS://WWW.INSTAGRAM.COM/LAZARODOLC?IGSH=BTE1Z2FXBHH4CHOY"
"01/10/2026";"08:31:01";2026;"GO";2;"ELEIÇÃO ORDINÁRIA";6259;"ELEIÇÕES GERAIS ESTADUAIS 2026";90002543176;3;"HTTPS://WWW.TIKTOK.COM/@ONGAMORANIMALGOIANIA?_R=1&_T=ZS-98DIGYOTDL7"
"01/10/2026";"08:31:01";2026;"GO";2;"ELEIÇÃO ORDINÁRIA";6259;"ELEIÇÕES GERAIS ESTADUAIS 2026";90002544874;1;"HTTPS://WWW.INSTAGRAM.COM/NELIOFREITASOFICIAL/"
"01/10/2026";"08:31:01";2026;"GO";2;"ELEIÇÃO ORDINÁRIA";6259;"ELEIÇÕES GERAIS ESTADUAIS 2026";90002544883;3;"https://www.youtube.com/@canalgenioeuripedes"
"01/10/2026";"08:31:01";2026;"GO";2;"ELEIÇÃO ORDINÁRIA";6259;"ELEIÇÕES GERAIS ESTADUAIS 2026";90002544886;2;"https://www.youtube.com/@simoneadad5832"
"01/10/2026";"08:31:01";2026;"GO";2;"ELEIÇÃO ORDINÁRIA";6259;"ELEIÇÕES GERAIS ESTADUAIS 2026";90002544891;1;"HTTPS://WWW.INSTAGRAM.COM/BRONCADOCONSUMIDOR/"
"01/10/2026";"08:31:01";2026;"GO";2;"ELEIÇÃO ORDINÁRIA";6259;"ELEIÇÕES GERAIS ESTADUAIS 2026";90002544893;5;"https://www.tiktok.com/@pre_candidata_a_deputada?_r=1&_t=ZS-99OsflaX7Dw"
"01/10/2026";"08:31:01";2026;"GO";2;"ELEIÇÃO ORDINÁRIA";6259;"ELEIÇÕES GERAIS ESTADUAIS 2026";90002550203;1;"MURILOCARNEIRO51"
"01/10/2026";"08:31:01";2026;"GO";2;"ELEIÇÃO ORDINÁRIA";6259;"ELEIÇÕES GERAIS ESTADUAIS 2026";90002547030;3;"https://www.instagram.com/deputadotallesbarreto?igsi=MTNuanN0d29lZ3Rnbg=="
"01/10/2026";"08:31:01";2026;"GO";2;"ELEIÇÃO ORDINÁRIA";6259;"ELEIÇÕES GERAIS ESTADUAIS 2026";90002547032;2;"https://cambao.com.br/"
"01/10/2026";"08:31:01";2026;"GO";2;"ELEIÇÃO ORDINÁRIA";6259;"ELEIÇÕES GERAIS ESTADUAIS 2026";90002548376;6;"https://x.com/marussago"
"01/10/2026";"08:31:01";2026;"GO";2;"ELEIÇÃO ORDINÁRIA";6259;"ELEIÇÕES GERAIS ESTADUAIS 2026";90002543789;3;"HTTPS://T.ME/REGINALDO_PACHECO"
"01/10/2026";"08:31:01";2026;"GO";2;"ELEIÇÃO ORDINÁRIA";6259;"ELEIÇÕES GERAIS ESTADUAIS 2026";90002543248;1;"@DELEGADOWALDIR_"
"01/10/2026";"08:31:01";2026;"GO";2;"ELEIÇÃO ORDINÁRIA";6259;"ELEIÇÕES GERAIS ESTADUAIS 2026";90002543835;1;"HTTPS://WWW.INSTAGRAM.COM/SIMONEDAENFERMAGEM_?IGSH=MTZHN2PNZHDRY3FNBW=="
"01/10/2026";"08:31:01";2026;"GO";2;"ELEIÇÃO ORDINÁRIA";6259;"ELEIÇÕES GERAIS ESTADUAIS 2026";90002543846;1;"062 99137-8088"
"01/10/2026";"08:31:01";2026;"GO";2;"ELEIÇÃO ORDINÁRIA";6259;"ELEIÇÕES GERAIS ESTADUAIS 2026";90002543558;2;"HTTPS://WWW.FACEBOOK.COM/LEONARDORIZZOGO"
"01/10/2026";"08:31:01";2026;"GO";2;"ELEIÇÃO ORDINÁRIA";6259;"ELEIÇÕES GERAIS ESTADUAIS 2026";90002543506;1;"JEANE.M.GOIS"
"01/10/2026";"08:31:01";2026;"GO";2;"ELEIÇÃO ORDINÁRIA";6259;"ELEIÇÕES GERAIS ESTADUAIS 2026";90002547082;2;"HTTPS://WWW.INSTAGRAM.COM/JOAOCOELHO10"
"01/10/2026";"08:31:01";2026;"GO";2;"ELEIÇÃO ORDINÁRIA";6259;"ELEIÇÕES GERAIS ESTADUAIS 2026";90002547093;2;"https://www.facebook.com/rodolfovalentedepfederal"
"01/10/2026";"08:31:01";2026;"GO";2;"ELEIÇÃO ORDINÁRIA";6259;"ELEIÇÕES GERAIS ESTADUAIS 2026";90002547102;2;"https://www.arianafidelis.com/"
"01/10/2026";"08:31:01";2026;"GO";2;"ELEIÇÃO ORDINÁRIA";6259;"ELEIÇÕES GERAIS ESTADUAIS 2026";90002547108;3;"https://tenenteeglai.com.br/"
"01/10/2026";"08:31:01";2026;"GO";2;"ELEIÇÃO ORDINÁRIA";6259;"ELEIÇÕES GERAIS ESTADUAIS 2026";90002547119;1;"HTTPS://WWW.INSTAGRAM.COM/ADRIANOGUIMARAESGO"
"01/10/2026";"08:31:01";2026;"GO";2;"ELEIÇÃO ORDINÁRIA";6259;"ELEIÇÕES GERAIS ESTADUAIS 2026";90002547130;2;"HTTPS://WWW.INSTAGRAM.COM/NATALIARINCOPSB"
"01/10/2026";"08:31:01";2026;"GO";2;"ELEIÇÃO ORDINÁRIA";6259;"ELEIÇÕES GERAIS ESTADUAIS 2026";90002547401;2;"HTTPS://WWW.INSTAGRAM.COM/DRAIVANECAMPOS/"
"01/10/2026";"08:31:01";2026;"GO";2;"ELEIÇÃO ORDINÁRIA";6259;"ELEIÇÕES GERAIS ESTADUAIS 2026";90002539148;4;"https://www.youtube.com/@DelubioSoares13"
"01/10/2026";"08:31:01";2026;"GO";2;"ELEIÇÃO ORDINÁRIA";6259;"ELEIÇÕES GERAIS ESTADUAIS 2026";90002540936;1;"HTTPS://WWW.TIKTOK.COM/@JOAOBATTISTA_30?_R=1&_T=ZS-98BPP1I04VU"
"01/10/2026";"08:31:01";2026;"GO";2;"ELEIÇÃO ORDINÁRIA";6259;"ELEIÇÕES GERAIS ESTADUAIS 2026";90002540933;1;"HTTPS://WWW.INSTAGRAM.COM/GISELDASAUDEGO"
"01/10/2026";"08:31:01";2026;"GO";2;"ELEIÇÃO ORDINÁRIA";6259;"ELEIÇÕES GERAIS ESTADUAIS 2026";90002540939;1;"HTTPS://WWW.INSTAGRAM.COM/GABRIELAPUGLIESIGO?IGSH=OGPSZ2KYNNLNODZI"
"01/10/2026";"08:31:01";2026;"GO";2;"ELEIÇÃO ORDINÁRIA";6259;"ELEIÇÕES GERAIS ESTADUAIS 2026";90002543560;2;"HTTPS://WWW.YOUTUBE.COM/@OSEIASVARAO"
"01/10/2026";"08:31:01";2026;"GO";2;"ELEIÇÃO ORDINÁRIA";6259;"ELEIÇÕES GERAIS ESTADUAIS 2026";90002541700;6;"https://youtube.com/@noletombl"
"01/10/2026";"08:31:01";2026;"GO";2;"ELEIÇÃO ORDINÁRIA";6259;"ELEIÇÕES GERAIS ESTADUAIS 2026";90002541702;1;"GABRIELMORSEMISSAO      HTTPS://WWW.INSTAGRAM.COM/GABRIELMORSEMISSAO/"
"01/10/2026";"08:31:01";2026;"GO";2;"ELEIÇÃO ORDINÁRIA";6259;"ELEIÇÕES GERAIS ESTADUAIS 2026";90002541707;3;"https://instagram.com/federal1433"
"01/10/2026";"08:31:01";2026;"GO";2;"ELEIÇÃO ORDINÁRIA";6259;"ELEIÇÕES GERAIS ESTADUAIS 2026";90002540149;8;"https://www.threads.com/@fabriciorosa?igshid=NTc4MTIwNjQ2YQ"
"01/10/2026";"08:31:01";2026;"GO";2;"ELEIÇÃO ORDINÁRIA";6259;"ELEIÇÕES GERAIS ESTADUAIS 2026";90002549172;2;"HTTPS://WWW.FACEBOOK.COM/SHARE/17VVMFAJ39/?MIBEXTID=WWXIFR"
"01/10/2026";"08:31:01";2026;"GO";2;"ELEIÇÃO ORDINÁRIA";6259;"ELEIÇÕES GERAIS ESTADUAIS 2026";90002543570;1;"WWW.INSTAGRAN.COM\TATIELYSOUSA"
"01/10/2026";"08:31:01";2026;"GO";2;"ELEIÇÃO ORDINÁRIA";6259;"ELEIÇÕES GERAIS ESTADUAIS 2026";90002543451;2;"HTTPS://WWW.INSTAGRAM.COM/SULAMITA_SANTOS_PSOL?UTM_SOURCE=QR&IGSH=NJRPZXZ4ZWFTEN"
"01/10/2026";"08:31:01";2026;"GO";2;"ELEIÇÃO ORDINÁRIA";6259;"ELEIÇÕES GERAIS ESTADUAIS 2026";90002543454;2;"HTTPS://WWW.INSTAGRAM.COM/EUBARBARABOMBOM?IGSH=MWRPAHCWOTZHMGE2ZW=="
"01/10/2026";"08:31:01";2026;"GO";2;"ELEIÇÃO ORDINÁRIA";6259;"ELEIÇÕES GERAIS ESTADUAIS 2026";90002543459;3;"HTTPS://VM.TIKTOK.COM/ZS9RKK6LA2KVQ-5TXQD/"
"01/10/2026";"08:31:01";2026;"GO";2;"ELEIÇÃO ORDINÁRIA";6259;"ELEIÇÕES GERAIS ESTADUAIS 2026";90002543462;6;"HTTPS://WWW.TIKTOK.COM/@CARMEM.OLIVEIRA875?IS_FROM_WEBAPP=1&SENDER_DEVICE=PC"
"01/10/2026";"08:31:01";2026;"GO";2;"ELEIÇÃO ORDINÁRIA";6259;"ELEIÇÕES GERAIS ESTADUAIS 2026";90002540855;1;"TIKTOK/SAVIOPRATES13"
"01/10/2026";"08:31:01";2026;"GO";2;"ELEIÇÃO ORDINÁRIA";6259;"ELEIÇÕES GERAIS ESTADUAIS 2026";90002540993;12;"https://whatsapp.com/channel/0029VbAmDcc77qVXeEakod3D"
"01/10/2026";"08:31:01";2026;"GO";2;"ELEIÇÃO ORDINÁRIA";6259;"ELEIÇÕES GERAIS ESTADUAIS 2026";90002543556;1;"WWW.INSTAGRAM.COM/GUSGAYER"
"01/10/2026";"08:31:01";2026;"GO";2;"ELEIÇÃO ORDINÁRIA";6259;"ELEIÇÕES GERAIS ESTADUAIS 2026";90002544876;4;"https://www.thresds.com/@gustavosebba"
"01/10/2026";"08:31:01";2026;"GO";2;"ELEIÇÃO ORDINÁRIA";6259;"ELEIÇÕES GERAIS ESTADUAIS 2026";90002542614;2;"HTTPS://WWW.INSTAGRAM.COM/LUCELIARODRIGUESOFICIAL"
"01/10/2026";"08:31:01";2026;"GO";2;"ELEIÇÃO ORDINÁRIA";6259;"ELEIÇÕES GERAIS ESTADUAIS 2026";90002541454;4;"https://www.youtube.com/@cintiadiaspsol"
"01/10/2026";"08:31:01";2026;"GO";2;"ELEIÇÃO ORDINÁRIA";6259;"ELEIÇÕES GERAIS ESTADUAIS 2026";90002541454;8;"https://www.facebook.com/cintia.dias.33"
"01/10/2026";"08:31:01";2026;"GO";2;"ELEIÇÃO ORDINÁRIA";6259;"ELEIÇÕES GERAIS ESTADUAIS 2026";90002542622;3;"HTTPS://WWW.INSTAGRAM.COM/CAMILAMONDARDO/"
"01/10/2026";"08:31:01";2026;"GO";2;"ELEIÇÃO ORDINÁRIA";6259;"ELEIÇÕES GERAIS ESTADUAIS 2026";90002537389;1;"HTTPS://WWW.INSTAGRAM.COM/GISLAINEMAIACORRETORA20?UTM_SOURCE=QR"
"01/10/2026";"08:31:01";2026;"GO";2;"ELEIÇÃO ORDINÁRIA";6259;"ELEIÇÕES GERAIS ESTADUAIS 2026";90002537391;6;"HTTPS://WWW.THREADS.COM/@JOSE_CAMELO_NAVES_JUNIOR_?INVITE=0"
"01/10/2026";"08:31:01";2026;"GO";2;"ELEIÇÃO ORDINÁRIA";6259;"ELEIÇÕES GERAIS ESTADUAIS 2026";90002537634;1;"HTTPS://WWW.INSTAGRAM.COM/GABRIELARODART?IGSH=MTFTB3PYNNFVY2XLEQ%3D%3D&UTM_SOURC"
"01/10/2026";"08:31:01";2026;"GO";2;"ELEIÇÃO ORDINÁRIA";6259;"ELEIÇÕES GERAIS ESTADUAIS 2026";90002537424;1;"HTTPS://WWW.FACEBOOK.COM/SHARE/1BJZ8SLCHR/?MIBEXTID=WWXIFR"
"01/10/2026";"08:31:01";2026;"GO";2;"ELEIÇÃO ORDINÁRIA";6259;"ELEIÇÕES GERAIS ESTADUAIS 2026";90002537429;2;"HTTPS://WWW.INSTAGRAM.COM/DRMARCOS.JR?IGSH=DHHIZXFTZZRPZDRX"
"01/10/2026";"08:31:01";2026;"GO";2;"ELEIÇÃO ORDINÁRIA";6259;"ELEIÇÕES GERAIS ESTADUAIS 2026";90002537429;9;"WWW.PROFESSORMARCOSJUNIOR.COM.BR"
"01/10/2026";"08:31:01";2026;"GO";2;"ELEIÇÃO ORDINÁRIA";6259;"ELEIÇÕES GERAIS ESTADUAIS 2026";90002540953;1;"HTTPS://WWW.INSTAGRAM.COM/EDWARDJUNIOROFICIAL?IGSH=M216AGVWETNPAXDV"
"01/10/2026";"08:31:01";2026;"GO";2;"ELEIÇÃO ORDINÁRIA";6259;"ELEIÇÕES GERAIS ESTADUAIS 2026";90002537444;1;"HTTPS://WWW.INSTAGRAM.COM/VANIAJACINTOSOCIAL?IGSH=MWKYN3H3BWM5ZGIYAA=="
"01/10/2026";"08:31:01";2026;"GO";2;"ELEIÇÃO ORDINÁRIA";6259;"ELEIÇÕES GERAIS ESTADUAIS 2026";90002540964;5;"https://www.youtube.com/@HebertCardosogyn"
"01/10/2026";"08:31:01";2026;"GO";2;"ELEIÇÃO ORDINÁRIA";6259;"ELEIÇÕES GERAIS ESTADUAIS 2026";90002540980;1;"HTTPS://WWW.INSTAGRAM.COM/DANILO.RIOS?IGSH=OGVVOGR1M3FJC29Y"
"01/10/2026";"08:31:01";2026;"GO";2;"ELEIÇÃO ORDINÁRIA";6259;"ELEIÇÕES GERAIS ESTADUAIS 2026";90002540985;1;"HTTPS://WWW.INSTAGRAM.COM/CHARLLESJOSEDAFREDCAR?IGSH=NDBRMTDWDDVRMHV1"
"01/10/2026";"08:31:01";2026;"GO";2;"ELEIÇÃO ORDINÁRIA";6259;"ELEIÇÕES GERAIS ESTADUAIS 2026";90002540996;6;"HTTPS://WWW.YOUTUBE.COM/@ALEXANDREBALDY1673"
"01/10/2026";"08:31:01";2026;"GO";2;"ELEIÇÃO ORDINÁRIA";6259;"ELEIÇÕES GERAIS ESTADUAIS 2026";90002547110;1;"HTTPS://WWW.INSTAGRAM.COM/MARCIOGORDOGO"
"01/10/2026";"08:31:01";2026;"GO";2;"ELEIÇÃO ORDINÁRIA";6259;"ELEIÇÕES GERAIS ESTADUAIS 2026";90002547139;3;"HTTPS://X.COM/AAVASANTIAGO"
"01/10/2026";"08:31:01";2026;"GO";2;"ELEIÇÃO ORDINÁRIA";6259;"ELEIÇÕES GERAIS ESTADUAIS 2026";90002543781;3;"HTTPS://WWW.INSTAGRAM.COM/WILLIANVELOSO.GO/"
"01/10/2026";"08:31:01";2026;"GO";2;"ELEIÇÃO ORDINÁRIA";6259;"ELEIÇÕES GERAIS ESTADUAIS 2026";90002546222;4;"https://www.instagram.com/adibeliasoficial/"
"01/10/2026";"08:31:01";2026;"GO";2;"ELEIÇÃO ORDINÁRIA";6259;"ELEIÇÕES GERAIS ESTADUAIS 2026";90002543165;1;"HTTPS://WWW.INSTAGRAM.COM/CLAUDIADIAS_MK?UTM_SOURCE=QR"
"01/10/2026";"08:31:01";2026;"GO";2;"ELEIÇÃO ORDINÁRIA";6259;"ELEIÇÕES GERAIS ESTADUAIS 2026";90002546232;2;"TIK TOK: GALDINOMARCELINO"
"01/10/2026";"08:31:01";2026;"GO";2;"ELEIÇÃO ORDINÁRIA";6259;"ELEIÇÕES GERAIS ESTADUAIS 2026";90002546246;2;"https://www.instagram.com/paulacastro15800/"
"01/10/2026";"08:31:01";2026;"GO";2;"ELEIÇÃO ORDINÁRIA";6259;"ELEIÇÕES GERAIS ESTADUAIS 2026";90002544873;5;"https://capitawaleska.netlify.app/"
"01/10/2026";"08:31:01";2026;"GO";2;"ELEIÇÃO ORDINÁRIA";6259;"ELEIÇÕES GERAIS ESTADUAIS 2026";90002544878;9;"https://whatsapp.com/channel/0029VaPqUlSFHWpzBuqxD62b"
"01/10/2026";"08:31:01";2026;"GO";2;"ELEIÇÃO ORDINÁRIA";6259;"ELEIÇÕES GERAIS ESTADUAIS 2026";90002544885;4;"https://www.instagram.com/marinamorenanutri?igsi=aDhyeDZta2FpYmV2&utmsource=qr"
"01/10/2026";"08:31:01";2026;"GO";2;"ELEIÇÃO ORDINÁRIA";6259;"ELEIÇÕES GERAIS ESTADUAIS 2026";90002544886;5;"https://www.kwai.com/@drasimoneadad?kpn=KWAI&share_device_id=2492D"
"01/10/2026";"08:31:01";2026;"GO";2;"ELEIÇÃO ORDINÁRIA";6259;"ELEIÇÕES GERAIS ESTADUAIS 2026";90002551790;4;"HTTPS://WWW.TIKTOK.COM/@ANAPAULAREZENDEPL"
"01/10/2026";"08:31:01";2026;"GO";2;"ELEIÇÃO ORDINÁRIA";6259;"ELEIÇÕES GERAIS ESTADUAIS 2026";90002544893;6;"https://www.instagram.com/kesiadejesus.ofc?stkn=MW12bGNtdmQxZDcybA="
"01/10/2026";"08:31:01";2026;"GO";2;"ELEIÇÃO ORDINÁRIA";6259;"ELEIÇÕES GERAIS ESTADUAIS 2026";90002547032;4;"https://www.facebook.com/wilde.cambao"
"01/10/2026";"08:31:01";2026;"GO";2;"ELEIÇÃO ORDINÁRIA";6259;"ELEIÇÕES GERAIS ESTADUAIS 2026";90002548376;2;"MARUSSABOLDRINOFICIAL"
"01/10/2026";"08:31:01";2026;"GO";2;"ELEIÇÃO ORDINÁRIA";6259;"ELEIÇÕES GERAIS ESTADUAIS 2026";90002548376;7;"https://www.tiktok.com/@marussago"
"01/10/2026";"08:31:01";2026;"GO";2;"ELEIÇÃO ORDINÁRIA";6259;"ELEIÇÕES GERAIS ESTADUAIS 2026";90002547124;1;"HTTPS://WWW.FACEBOOK.COM/BIAMARTINS"
"01/10/2026";"08:31:01";2026;"GO";2;"ELEIÇÃO ORDINÁRIA";6259;"ELEIÇÕES GERAIS ESTADUAIS 2026";90002543488;3;"https://www.tiktok.com/@livio.luciano35015?lang=pt-BR"
"01/10/2026";"08:31:01";2026;"GO";2;"ELEIÇÃO ORDINÁRIA";6259;"ELEIÇÕES GERAIS ESTADUAIS 2026";90002547009;1;"HTTPS://WWW.FACEBOOK.COM/NARCIA.KELLY/?LOCALE=PT_BR"
"01/10/2026";"08:31:01";2026;"GO";2;"ELEIÇÃO ORDINÁRIA";6259;"ELEIÇÕES GERAIS ESTADUAIS 2026";90002547010;5;"HTTPS://INSTAGRAM.COM/CALIFEJAMIL?IGSHID=YMMYMTA2M2Y"
"01/10/2026";"08:31:01";2026;"GO";2;"ELEIÇÃO ORDINÁRIA";6259;"ELEIÇÕES GERAIS ESTADUAIS 2026";90002547010;8;"@VEMCOMIGO11000"
"01/10/2026";"08:31:01";2026;"GO";2;"ELEIÇÃO ORDINÁRIA";6259;"ELEIÇÕES GERAIS ESTADUAIS 2026";90002547014;2;"HTTPS://WWW.LINKEDIN.COM/IN/DIOGENESRESIDUOZERO?UTM_SOURCE=SHARE_VIA&UTM_CONTENT"
"01/10/2026";"08:31:01";2026;"GO";2;"ELEIÇÃO ORDINÁRIA";6259;"ELEIÇÕES GERAIS ESTADUAIS 2026";90002547044;2;"HTTPS://X.COM/FERNANDOCFAR"
"01/10/2026";"08:31:01";2026;"GO";2;"ELEIÇÃO ORDINÁRIA";6259;"ELEIÇÕES GERAIS ESTADUAIS 2026";90002547072;3;"HTTPS://WWW.TIKTOK.COM/@SAMUELMENDESGO?_R=1&_T=ZS-98M1PYBJVXN"
"01/10/2026";"08:31:01";2026;"GO";2;"ELEIÇÃO ORDINÁRIA";6259;"ELEIÇÕES GERAIS ESTADUAIS 2026";90002547085;1;"HTTPS://WWW.TIKTOK.COM/@JADISON10"
"01/10/2026";"08:31:01";2026;"GO";2;"ELEIÇÃO ORDINÁRIA";6259;"ELEIÇÕES GERAIS ESTADUAIS 2026";90002547101;3;"https://www.tiktok.com/@felipececilio.oficial"
"01/10/2026";"08:31:01";2026;"GO";2;"ELEIÇÃO ORDINÁRIA";6259;"ELEIÇÕES GERAIS ESTADUAIS 2026";90002547102;9;"https://open.spotify.com/show/7eOUR5pXvf1QtKnsbuxPPq?si=fyiZUUrpTPWMpDUdsvDKeg&utm_source=copy-link"
"01/10/2026";"08:31:01";2026;"GO";2;"ELEIÇÃO ORDINÁRIA";6259;"ELEIÇÕES GERAIS ESTADUAIS 2026";90002539148;5;"https://www.facebook.com/delubiosoares"
"01/10/2026";"08:31:01";2026;"GO";2;"ELEIÇÃO ORDINÁRIA";6259;"ELEIÇÕES GERAIS ESTADUAIS 2026";90002537635;3;"WWW.IGORFRANCO.COM"
"01/10/2026";"08:31:01";2026;"GO";2;"ELEIÇÃO ORDINÁRIA";6259;"ELEIÇÕES GERAIS ESTADUAIS 2026";90002541697;5;"https://x.com/meunomeejhonebr"
"01/10/2026";"08:31:01";2026;"GO";2;"ELEIÇÃO ORDINÁRIA";6259;"ELEIÇÕES GERAIS ESTADUAIS 2026";90002548054;1;"@ALVAROGUIMARAESOFICIAL"
"01/10/2026";"08:31:01";2026;"GO";2;"ELEIÇÃO ORDINÁRIA";6259;"ELEIÇÕES GERAIS ESTADUAIS 2026";90002548055;1;"@LUISCOSTA07"
"01/10/2026";"08:31:01";2026;"GO";2;"ELEIÇÃO ORDINÁRIA";6259;"ELEIÇÕES GERAIS ESTADUAIS 2026";90002541708;8;"https://kwai.com/@xvcunxct"
"01/10/2026";"08:31:01";2026;"GO";2;"ELEIÇÃO ORDINÁRIA";6259;"ELEIÇÕES GERAIS ESTADUAIS 2026";90002541709;3;"https://tiktok.com/@khalill_gui"
"01/10/2026";"08:31:01";2026;"GO";2;"ELEIÇÃO ORDINÁRIA";6259;"ELEIÇÕES GERAIS ESTADUAIS 2026";90002554472;1;"https://www.threads.com/@aanaflaviaresende?igshid=NTc4MTIwNjQ2YQ=="
"01/10/2026";"08:31:01";2026;"GO";2;"ELEIÇÃO ORDINÁRIA";6259;"ELEIÇÕES GERAIS ESTADUAIS 2026";90002544868;1;"HTTPS://WWW.INSTAGRAM.COM/PEDROARAUJO.GO/"
"01/10/2026";"08:31:01";2026;"GO";2;"ELEIÇÃO ORDINÁRIA";6259;"ELEIÇÕES GERAIS ESTADUAIS 2026";90002540149;10;"https://www.instagram.com/fabriciorosa/"
"01/10/2026";"08:31:01";2026;"GO";2;"ELEIÇÃO ORDINÁRIA";6259;"ELEIÇÕES GERAIS ESTADUAIS 2026";90002551488;7;"https://www.youtube.com/@sargentolorena15555"
"01/10/2026";"08:31:01";2026;"GO";2;"ELEIÇÃO ORDINÁRIA";6259;"ELEIÇÕES GERAIS ESTADUAIS 2026";90002549166;1;"HTTPS://WWW.INSTAGRAM.COM/DEPWAGNERNETO?IGSH=NDHLAMYYBNYXYMPI"
"01/10/2026";"08:31:01";2026;"GO";2;"ELEIÇÃO ORDINÁRIA";6259;"ELEIÇÕES GERAIS ESTADUAIS 2026";90002549181;8;"https://www.tiktok.com/@tcoronelmaia?_r=1&_t=ZS-98pgGvwEn10"
"01/10/2026";"08:31:01";2026;"GO";2;"ELEIÇÃO ORDINÁRIA";6259;"ELEIÇÕES GERAIS ESTADUAIS 2026";90002543847;1;"HTTPS://WWW.INSTAGRAM.COM/SGT_LIMA.YZ"
"01/10/2026";"08:31:01";2026;"GO";2;"ELEIÇÃO ORDINÁRIA";6259;"ELEIÇÕES GERAIS ESTADUAIS 2026";90002543855;5;"HTTPS://WWW.YOUTUBE.COM/@PROF.ALEXBENICIO"
"01/10/2026";"08:31:01";2026;"GO";2;"ELEIÇÃO ORDINÁRIA";6259;"ELEIÇÕES GERAIS ESTADUAIS 2026";90002548665;2;"https://www.tiktok.com/@maurotc69?_r=1&_t=ZS-99d69tuffvA"
"01/10/2026";"08:31:01";2026;"GO";2;"ELEIÇÃO ORDINÁRIA";6259;"ELEIÇÕES GERAIS ESTADUAIS 2026";90002543455;3;"T.ME/VICTOROVERDE"
"01/10/2026";"08:31:01";2026;"GO";2;"ELEIÇÃO ORDINÁRIA";6259;"ELEIÇÕES GERAIS ESTADUAIS 2026";90002543459;6;"61999811766"
"01/10/2026";"08:31:01";2026;"GO";2;"ELEIÇÃO ORDINÁRIA";6259;"ELEIÇÕES GERAIS ESTADUAIS 2026";90002543463;4;"https://x.com/marconiperillo?s=11"
"01/10/2026";"08:31:01";2026;"GO";2;"ELEIÇÃO ORDINÁRIA";6259;"ELEIÇÕES GERAIS ESTADUAIS 2026";90002543472;4;"HTTPS://WWW.YOUTUBE.COM/CHANNEL/UCI7RLNYELOO2PE5MQXLHXSQ"
"01/10/2026";"08:31:01";2026;"GO";2;"ELEIÇÃO ORDINÁRIA";6259;"ELEIÇÕES GERAIS ESTADUAIS 2026";90002540993;11;"https://www.danielvilela15.com.br/comunidade-virtual-whatsapp-daniel-vilela/"
"01/10/2026";"08:31:01";2026;"GO";2;"ELEIÇÃO ORDINÁRIA";6259;"ELEIÇÕES GERAIS ESTADUAIS 2026";90002543170;5;"HTTPS://WWW.INSTAGRAM.COM/ROSANGELAREZENDEGO/"
"01/10/2026";"08:31:01";2026;"GO";2;"ELEIÇÃO ORDINÁRIA";6259;"ELEIÇÕES GERAIS ESTADUAIS 2026";90002549168;1;"https://www.instagram.com/coroneladailton/"
"01/10/2026";"08:31:01";2026;"GO";2;"ELEIÇÃO ORDINÁRIA";6259;"ELEIÇÕES GERAIS ESTADUAIS 2026";90002543178;3;"HTTPS://YOUTUBE.COM/@DELEGADOCRISTIOMARIO"
"01/10/2026";"08:31:01";2026;"GO";2;"ELEIÇÃO ORDINÁRIA";6259;"ELEIÇÕES GERAIS ESTADUAIS 2026";90002543214;1;"HTTPS://WWW.FACEBOOK.COM/@SAMIRHAJJAR70678"
"01/10/2026";"08:31:01";2026;"GO";2;"ELEIÇÃO ORDINÁRIA";6259;"ELEIÇÕES GERAIS ESTADUAIS 2026";90002543222;1;"@MIZAIRLEMESJR"
"01/10/2026";"08:31:01";2026;"GO";2;"ELEIÇÃO ORDINÁRIA";6259;"ELEIÇÕES GERAIS ESTADUAIS 2026";90002543227;2;"HTTPS://SUBTENENTESERGIO.COM.BR/"
"01/10/2026";"08:31:01";2026;"GO";2;"ELEIÇÃO ORDINÁRIA";6259;"ELEIÇÕES GERAIS ESTADUAIS 2026";90002543229;5;"https://www.facebook.com/share/1PgFm7Kymv/"
"01/10/2026";"08:31:01";2026;"GO";2;"ELEIÇÃO ORDINÁRIA";6259;"ELEIÇÕES GERAIS ESTADUAIS 2026";90002548374;1;"@PAULODAFARMACIAGYN"
"01/10/2026";"08:31:01";2026;"GO";2;"ELEIÇÃO ORDINÁRIA";6259;"ELEIÇÕES GERAIS ESTADUAIS 2026";90002537391;7;"HTTPS://WWW.INSTAGRAM.COM/ZECAMELO_GO?IGSH=MTB2NG80ZZM2ZXU5BA%3D%3D&UTM_SOURCE=Q"
"01/10/2026";"08:31:01";2026;"GO";2;"ELEIÇÃO ORDINÁRIA";6259;"ELEIÇÕES GERAIS ESTADUAIS 2026";90002537641;3;"HTTPS://WWW.TIKTOK.COM/@VANESSAFARIAS.OFICIAL?_R=1&_T=ZS-98AZI3577QR"
"01/10/2026";"08:31:01";2026;"GO";2;"ELEIÇÃO ORDINÁRIA";6259;"ELEIÇÕES GERAIS ESTADUAIS 2026";90002537426;5;"https://www.facebook.com/larissa.lafaiete.9"
"01/10/2026";"08:31:01";2026;"GO";2;"ELEIÇÃO ORDINÁRIA";6259;"ELEIÇÕES GERAIS ESTADUAIS 2026";90002539152;2;"INSTAGRAM/ISABEL.CRISTINE92"
"01/10/2026";"08:31:01";2026;"GO";2;"ELEIÇÃO ORDINÁRIA";6259;"ELEIÇÕES GERAIS ESTADUAIS 2026";90002539156;2;"VALERIOLUIZFILHO@FACEBOOK"
"01/10/2026";"08:31:01";2026;"GO";2;"ELEIÇÃO ORDINÁRIA";6259;"ELEIÇÕES GERAIS ESTADUAIS 2026";90002537440;2;"HTTPS://WWW.INSTAGRAM.COM/DRLOURIVALLOBO/"
"01/10/2026";"08:31:01";2026;"GO";2;"ELEIÇÃO ORDINÁRIA";6259;"ELEIÇÕES GERAIS ESTADUAIS 2026";90002537450;5;"https://www.tiktok.com/@sidpeao"
"01/10/2026";"08:31:01";2026;"GO";2;"ELEIÇÃO ORDINÁRIA";6259;"ELEIÇÕES GERAIS ESTADUAIS 2026";90002547129;4;"https://nixondascasinhas.com.br"
"01/10/2026";"08:31:01";2026;"GO";2;"ELEIÇÃO ORDINÁRIA";6259;"ELEIÇÕES GERAIS ESTADUAIS 2026";90002539153;3;"https://turmadoedward.com"
"01/10/2026";"08:31:01";2026;"GO";2;"ELEIÇÃO ORDINÁRIA";6259;"ELEIÇÕES GERAIS ESTADUAIS 2026";90002543785;2;"HTTPS://WWW.INSTAGRAM.COM/CELIADUARTEPSI/"
"01/10/2026";"08:31:01";2026;"GO";2;"ELEIÇÃO ORDINÁRIA";6259;"ELEIÇÕES GERAIS ESTADUAIS 2026";90002543792;2;"HTTPS://WWW.INSTAGRAM.COM/CARLOSCANZ/"
"01/10/2026";"08:31:01";2026;"GO";2;"ELEIÇÃO ORDINÁRIA";6259;"ELEIÇÕES GERAIS ESTADUAIS 2026";90002543806;1;"https://www.instagram.com/majorhugochristiani"
"01/10/2026";"08:31:01";2026;"GO";2;"ELEIÇÃO ORDINÁRIA";6259;"ELEIÇÕES GERAIS ESTADUAIS 2026";90002543161;3;"HTTPS://WWW.TIKTOK.COM/@CLEITONLAZAROOFICIAL?_R=1&_T=ZS-98UJXCAG5OY"
"01/10/2026";"08:31:01";2026;"GO";2;"ELEIÇÃO ORDINÁRIA";6259;"ELEIÇÕES GERAIS ESTADUAIS 2026";90002553739;1;"https://www.facebook.com/profile.php?id=61591400274254"
"01/10/2026";"08:31:01";2026;"GO";2;"ELEIÇÃO ORDINÁRIA";6259;"ELEIÇÕES GERAIS ESTADUAIS 2026";90002544878;7;"https://www.youtube.com/@dr.jmachadooficial"
"01/10/2026";"08:31:01";2026;"GO";2;"ELEIÇÃO ORDINÁRIA";6259;"ELEIÇÕES GERAIS ESTADUAIS 2026";90002544881;4;"https://www.instagram.com/florisvaldo45147?utm_source=qr&igsi=MWMzbHZqNTJ5OHU3cw=="
"01/10/2026";"08:31:01";2026;"GO";2;"ELEIÇÃO ORDINÁRIA";6259;"ELEIÇÕES GERAIS ESTADUAIS 2026";90002544884;3;"https://www.facebook.com/share/1C4h3zK2DF/"
"01/10/2026";"08:31:01";2026;"GO";2;"ELEIÇÃO ORDINÁRIA";6259;"ELEIÇÕES GERAIS ESTADUAIS 2026";90002544893;4;"https://www.facebook.com/share/18wmL6PQ6u/?mibextid=wwXIfr"
"01/10/2026";"08:31:01";2026;"GO";2;"ELEIÇÃO ORDINÁRIA";6259;"ELEIÇÕES GERAIS ESTADUAIS 2026";90002546974;4;"HTTPS://WWW.FACEBOOK.COM/DRZACHARIASCALIL/?LOCALE=PT_BR"
"01/10/2026";"08:31:01";2026;"GO";2;"ELEIÇÃO ORDINÁRIA";6259;"ELEIÇÕES GERAIS ESTADUAIS 2026";90002548378;4;"@DEPUTADOQUIRINO"
"01/10/2026";"08:31:01";2026;"GO";2;"ELEIÇÃO ORDINÁRIA";6259;"ELEIÇÕES GERAIS ESTADUAIS 2026";90002543247;2;"https://www.instagram.com/salmabahia?igsh=MTR4dmtnODBicmJrNQ=="
"01/10/2026";"08:31:01";2026;"GO";2;"ELEIÇÃO ORDINÁRIA";6259;"ELEIÇÕES GERAIS ESTADUAIS 2026";90002543789;2;"HTTPS://WWW.INSTAGRAM.COM/PROF.REGINALDOPACHECO?IGSH=BTN4ATN2CXBREM16"
"01/10/2026";"08:31:01";2026;"GO";2;"ELEIÇÃO ORDINÁRIA";6259;"ELEIÇÕES GERAIS ESTADUAIS 2026";90002545244;4;"https://facebook.com/iurecastro234"
"01/10/2026";"08:31:01";2026;"GO";2;"ELEIÇÃO ORDINÁRIA";6259;"ELEIÇÕES GERAIS ESTADUAIS 2026";90002551485;3;"DELICE BRASIL COELHO - FACEBOOK"
"01/10/2026";"08:31:01";2026;"GO";2;"ELEIÇÃO ORDINÁRIA";6259;"ELEIÇÕES GERAIS ESTADUAIS 2026";90002543837;3;"HTTPS://WWW.FACEBOOK.COM/SHARE/1F9M7MMHHF/"
"01/10/2026";"08:31:01";2026;"GO";2;"ELEIÇÃO ORDINÁRIA";6259;"ELEIÇÕES GERAIS ESTADUAIS 2026";90002543838;2;"HTTPS://WWW.FACEBOOK.COM/SHARE/1FV5XAEJ3H/"
"01/10/2026";"08:31:01";2026;"GO";2;"ELEIÇÃO ORDINÁRIA";6259;"ELEIÇÕES GERAIS ESTADUAIS 2026";90002543846;5;"HTTPS://WWW.INSTAGRAM.COM/ENIOBRITO.POETA?UTM_SOURCE=IG_WEB_BUTTON_SHARE_SHEET&I"
"01/10/2026";"08:31:01";2026;"GO";2;"ELEIÇÃO ORDINÁRIA";6259;"ELEIÇÕES GERAIS ESTADUAIS 2026";90002543487;1;"@KLEYBEMORAIS"
"01/10/2026";"08:31:01";2026;"GO";2;"ELEIÇÃO ORDINÁRIA";6259;"ELEIÇÕES GERAIS ESTADUAIS 2026";90002547010;2;"HTTPS://BR.LINKEDIN.COM/IN/JAMIL-CALIFE-403253147"
"01/10/2026";"08:31:01";2026;"GO";2;"ELEIÇÃO ORDINÁRIA";6259;"ELEIÇÕES GERAIS ESTADUAIS 2026";90002547011;2;"https://www.tiktok.com/@sargentomartinsfeijao?_r=1&_t=ZS- 98y3W5AOtIS"
"01/10/2026";"08:31:01";2026;"GO";2;"ELEIÇÃO ORDINÁRIA";6259;"ELEIÇÕES GERAIS ESTADUAIS 2026";90002547020;2;" FACEBOOK: @sargentothais44193"
"01/10/2026";"08:31:01";2026;"GO";2;"ELEIÇÃO ORDINÁRIA";6259;"ELEIÇÕES GERAIS ESTADUAIS 2026";90002547027;1;"HTTPS://WWW.INSTAGRAM.COM/SUCENACONTADORA"
"01/10/2026";"08:31:01";2026;"GO";2;"ELEIÇÃO ORDINÁRIA";6259;"ELEIÇÕES GERAIS ESTADUAIS 2026";90002547125;1;"HTTPS://WWW.FACEBOOK.COM/PAULOFARIADOVALE"
"01/10/2026";"08:31:01";2026;"GO";2;"ELEIÇÃO ORDINÁRIA";6259;"ELEIÇÕES GERAIS ESTADUAIS 2026";90002547137;2;"HTTPS://X.COM/WESLEYCOSTA_GO"
"01/10/2026";"08:31:01";2026;"GO";2;"ELEIÇÃO ORDINÁRIA";6259;"ELEIÇÕES GERAIS ESTADUAIS 2026";90002547401;1;"HTTPS://WWW.FACEBOOK.COM/DRAIVANECAMPOS/"
"01/10/2026";"08:31:01";2026;"GO";2;"ELEIÇÃO ORDINÁRIA";6259;"ELEIÇÕES GERAIS ESTADUAIS 2026";90002539144;1;"INSTAGRAM/FACEBOOK/THREADS/TIKTOKPROFESSORARAILDA"
"01/10/2026";"08:31:01";2026;"GO";2;"ELEIÇÃO ORDINÁRIA";6259;"ELEIÇÕES GERAIS ESTADUAIS 2026";90002540936;3;"HTTPS://YOUTUBE.COM/@JBATTISTA_BR?SI=HZ5HWEUY5-LDQH_P"
"01/10/2026";"08:31:01";2026;"GO";2;"ELEIÇÃO ORDINÁRIA";6259;"ELEIÇÕES GERAIS ESTADUAIS 2026";90002541703;1;"ALINE LIMA"
"01/10/2026";"08:31:01";2026;"GO";2;"ELEIÇÃO ORDINÁRIA";6259;"ELEIÇÕES GERAIS ESTADUAIS 2026";90002541706;1;"OCORRETORDOCAMPOOFICIAL"
"01/10/2026";"08:31:01";2026;"GO";2;"ELEIÇÃO ORDINÁRIA";6259;"ELEIÇÕES GERAIS ESTADUAIS 2026";90002543238;1;"TIKTOK: SANCHESDAFEDERAL"
"01/10/2026";"08:31:01";2026;"GO";2;"ELEIÇÃO ORDINÁRIA";6259;"ELEIÇÕES GERAIS ESTADUAIS 2026";90002548074;2;"https://cardoso10go.com.br/"
"01/10/2026";"08:31:01";2026;"GO";2;"ELEIÇÃO ORDINÁRIA";6259;"ELEIÇÕES GERAIS ESTADUAIS 2026";90002551838;2;"HTTPS://WWW.INSTAGRAM.COM/AURILENE_FERREIRA4/"
"01/10/2026";"08:31:01";2026;"GO";2;"ELEIÇÃO ORDINÁRIA";6259;"ELEIÇÕES GERAIS ESTADUAIS 2026";90002543251;9;"https://alexmartinsprofessor.com.br/"
"01/10/2026";"08:31:01";2026;"GO";2;"ELEIÇÃO ORDINÁRIA";6259;"ELEIÇÕES GERAIS ESTADUAIS 2026";90002551489;1;"INSTAGRAM: @JUSTINO.FORTE"
"01/10/2026";"08:31:01";2026;"GO";2;"ELEIÇÃO ORDINÁRIA";6259;"ELEIÇÕES GERAIS ESTADUAIS 2026";90002549181;3;"HTTPS://WWW.TIKTOK.COM/@TCORONELMAIA"
"01/10/2026";"08:31:01";2026;"GO";2;"ELEIÇÃO ORDINÁRIA";6259;"ELEIÇÕES GERAIS ESTADUAIS 2026";90002543774;1;"HTTPS://WWW.FACEBOOK.COM/SHARE/1DPFKECYY9/?MIBEXTID=WWXIFR"
"01/10/2026";"08:31:01";2026;"GO";2;"ELEIÇÃO ORDINÁRIA";6259;"ELEIÇÕES GERAIS ESTADUAIS 2026";90002543850;4;"https://deputadavaleriaanastacio.com.br/"
"01/10/2026";"08:31:01";2026;"GO";2;"ELEIÇÃO ORDINÁRIA";6259;"ELEIÇÕES GERAIS ESTADUAIS 2026";90002543851;9;"EDMILSONDACOSTACARVALHO@GMAIL.COM"
"01/10/2026";"08:31:01";2026;"GO";2;"ELEIÇÃO ORDINÁRIA";6259;"ELEIÇÕES GERAIS ESTADUAIS 2026";90002543855;1;"HTTPS://ALEXBENICIO.COM.BR/"
"01/10/2026";"08:31:01";2026;"GO";2;"ELEIÇÃO ORDINÁRIA";6259;"ELEIÇÕES GERAIS ESTADUAIS 2026";90002543572;2;"https://www.tiktok.com/@deputadoelieljunior"
"01/10/2026";"08:31:01";2026;"GO";2;"ELEIÇÃO ORDINÁRIA";6259;"ELEIÇÕES GERAIS ESTADUAIS 2026";90002543448;1;"HTTPS://WWW.FACEBOOK.COM/BERNARDOXAVIER.37"
"01/10/2026";"08:31:01";2026;"GO";2;"ELEIÇÃO ORDINÁRIA";6259;"ELEIÇÕES GERAIS ESTADUAIS 2026";90002543455;5;"HTTPS://WA.ME/QR/Q3GVSA7J2YMOB1"
"01/10/2026";"08:31:01";2026;"GO";2;"ELEIÇÃO ORDINÁRIA";6259;"ELEIÇÕES GERAIS ESTADUAIS 2026";90002543457;2;"HTTPS://WWW.THREADS.COM/@HUMBERTOCHAVES50"
"01/10/2026";"08:31:01";2026;"GO";2;"ELEIÇÃO ORDINÁRIA";6259;"ELEIÇÕES GERAIS ESTADUAIS 2026";90002543461;2;"HTTPS://WWW.INSTAGRAM.COM/FONTESLUCENA?UTM_SOURCE=QR&IGSH=MZM2NZQ2CTEWDJL2"
"01/10/2026";"08:31:01";2026;"GO";2;"ELEIÇÃO ORDINÁRIA";6259;"ELEIÇÕES GERAIS ESTADUAIS 2026";90002543472;1;"HTTPS://WWW.INSTAGRAM.COM/ROSELIDASAUDEESOCIAL"
"01/10/2026";"08:31:01";2026;"GO";2;"ELEIÇÃO ORDINÁRIA";6259;"ELEIÇÕES GERAIS ESTADUAIS 2026";90002540133;1;"TIKTOK/HILVANYPINHEIRO"
"01/10/2026";"08:31:01";2026;"GO";2;"ELEIÇÃO ORDINÁRIA";6259;"ELEIÇÕES GERAIS ESTADUAIS 2026";90002540139;3;"https://x.com/antoniogomide13"
"01/10/2026";"08:31:01";2026;"GO";2;"ELEIÇÃO ORDINÁRIA";6259;"ELEIÇÕES GERAIS ESTADUAIS 2026";90002551196;1;"HTTPS://WWW.INSTAGRAM.COM/CASSIANOVIEIRAVIEIRA?IGSH=NWF0YMKZDHDYAXC1"
"01/10/2026";"08:31:01";2026;"GO";2;"ELEIÇÃO ORDINÁRIA";6259;"ELEIÇÕES GERAIS ESTADUAIS 2026";90002551735;1;"https://www.facebook.com/share/18EiwjXYDW/"
"01/10/2026";"08:31:01";2026;"GO";2;"ELEIÇÃO ORDINÁRIA";6259;"ELEIÇÕES GERAIS ESTADUAIS 2026";90002543226;2;"http://www.instagram.com/celiosilveiradeputado"
"01/10/2026";"08:31:01";2026;"GO";2;"ELEIÇÃO ORDINÁRIA";6259;"ELEIÇÕES GERAIS ESTADUAIS 2026";90002543243;6;"https://x.com/silvyealves?s=11&t=y3r0_yPCbzfutsbokArAWA"
"01/10/2026";"08:31:01";2026;"GO";2;"ELEIÇÃO ORDINÁRIA";6259;"ELEIÇÕES GERAIS ESTADUAIS 2026";90002543800;4;"HTTPS://X.COM/AMAURIRIBEIROGO"
"01/10/2026";"08:31:01";2026;"GO";2;"ELEIÇÃO ORDINÁRIA";6259;"ELEIÇÕES GERAIS ESTADUAIS 2026";90002544867;1;"HTTPS://WWW.INSTAGRAM.COM/CLECIOALVESGO"
"01/10/2026";"08:31:01";2026;"GO";2;"ELEIÇÃO ORDINÁRIA";6259;"ELEIÇÕES GERAIS ESTADUAIS 2026";90002543178;4;"HTTPS://WWW.FACEBOOK.COM/SHARE/1EKPLJMWK8/?MIBEXTID=WWXIFR"
"01/10/2026";"08:31:01";2026;"GO";2;"ELEIÇÃO ORDINÁRIA";6259;"ELEIÇÕES GERAIS ESTADUAIS 2026";90002542615;3;"WWW.YOUTUBE.COM/@CAROLMOLINARIBR"
"01/10/2026";"08:31:01";2026;"GO";2;"ELEIÇÃO ORDINÁRIA";6259;"ELEIÇÕES GERAIS ESTADUAIS 2026";90002542613;1;"HTTPS://WWW.INSTAGRAM.COM/HENRIQUEVILELA"
"01/10/2026";"08:31:01";2026;"GO";2;"ELEIÇÃO ORDINÁRIA";6259;"ELEIÇÕES GERAIS ESTADUAIS 2026";90002542617;3;"HTTPS://WWW.TIKTOK.COM/@BRFAZENDAS"
"01/10/2026";"08:31:01";2026;"GO";2;"ELEIÇÃO ORDINÁRIA";6259;"ELEIÇÕES GERAIS ESTADUAIS 2026";90002541451;1;"PAULO_ROCHIFILD"
"01/10/2026";"08:31:01";2026;"GO";2;"ELEIÇÃO ORDINÁRIA";6259;"ELEIÇÕES GERAIS ESTADUAIS 2026";90002543231;6;"https://www.tiktok.com/@sandropedroso00?_r=1&_t=ZS-98xtJU0SvZK"
"01/10/2026";"08:31:01";2026;"GO";2;"ELEIÇÃO ORDINÁRIA";6259;"ELEIÇÕES GERAIS ESTADUAIS 2026";90002546976;2;"HTTPS://WWW.FACEBOOK.COM/SHARE/1F2BMR8DSS/?MIBEXTID=WWXIFR"
"01/10/2026";"08:31:01";2026;"GO";2;"ELEIÇÃO ORDINÁRIA";6259;"ELEIÇÕES GERAIS ESTADUAIS 2026";90002537634;4;"https://www.facebook.com/share/1BXBUiYB5v/?mibextid=wwXIfr"
"01/10/2026";"08:31:01";2026;"GO";2;"ELEIÇÃO ORDINÁRIA";6259;"ELEIÇÕES GERAIS ESTADUAIS 2026";90002537636;1;"T.ME/ANGELITADUARTEYDUARTE"
"01/10/2026";"08:31:01";2026;"GO";2;"ELEIÇÃO ORDINÁRIA";6259;"ELEIÇÕES GERAIS ESTADUAIS 2026";90002537642;4;"HTTPS://WWW.FACEBOOK.COM/PROFILE.PHP?ID=100006705495640"
"01/10/2026";"08:31:01";2026;"GO";2;"ELEIÇÃO ORDINÁRIA";6259;"ELEIÇÕES GERAIS ESTADUAIS 2026";90002537424;2;"HTTPS://M.YOUTUBE.COM/@GABRIELMANCINI?RA="
"01/10/2026";"08:31:01";2026;"GO";2;"ELEIÇÃO ORDINÁRIA";6259;"ELEIÇÕES GERAIS ESTADUAIS 2026";90002537424;3;"HTTPS://WWW.INSTAGRAM.COM/GABRIELMANCINIOFICIAL?IGSH=DZIWMDZVDXH4CMVK&UTM_SOURCE"
"01/10/2026";"08:31:01";2026;"GO";2;"ELEIÇÃO ORDINÁRIA";6259;"ELEIÇÕES GERAIS ESTADUAIS 2026";90002540954;2;"HTTPS://WWW.FACEBOOK.COM/PROFILE.PHP?ID=1695086978"
"01/10/2026";"08:31:01";2026;"GO";2;"ELEIÇÃO ORDINÁRIA";6259;"ELEIÇÕES GERAIS ESTADUAIS 2026";90002537439;4;"http://tocomleo.com.br/"
"01/10/2026";"08:31:01";2026;"GO";2;"ELEIÇÃO ORDINÁRIA";6259;"ELEIÇÕES GERAIS ESTADUAIS 2026";90002537446;4;"HTTPS://WWW.FACEBOOK.COM/SHARE/1BEIEQOBFB/?MIBEXTID=WWXIFR"
"01/10/2026";"08:31:01";2026;"GO";2;"ELEIÇÃO ORDINÁRIA";6259;"ELEIÇÕES GERAIS ESTADUAIS 2026";90002537447;1;"HTTPS://WWW.INSTAGRAM.COM/ELISADASAUDE/"
"01/10/2026";"08:31:01";2026;"GO";2;"ELEIÇÃO ORDINÁRIA";6259;"ELEIÇÕES GERAIS ESTADUAIS 2026";90002537450;8;"https://www.facebook.com/profile.php?id=61561344659975"
"01/10/2026";"08:31:01";2026;"GO";2;"ELEIÇÃO ORDINÁRIA";6259;"ELEIÇÕES GERAIS ESTADUAIS 2026";90002537451;5;"HTTPS://WWW.INSTAGRAM.COM/RAMONFERREIRA1637/"
"01/10/2026";"08:31:01";2026;"GO";2;"ELEIÇÃO ORDINÁRIA";6259;"ELEIÇÕES GERAIS ESTADUAIS 2026";90002537452;1;"HTTPS://WWW.TIKTOK.COM/@CLEIAPEDROZO1?_R=1&_T=ZS-985AONJU6Z7"
"01/10/2026";"08:31:01";2026;"GO";2;"ELEIÇÃO ORDINÁRIA";6259;"ELEIÇÕES GERAIS ESTADUAIS 2026";90002537453;2;"@TCORONELNILSON"
"01/10/2026";"08:31:01";2026;"GO";2;"ELEIÇÃO ORDINÁRIA";6259;"ELEIÇÕES GERAIS ESTADUAIS 2026";90002537455;4;"@MIGUELJ18991374"
"01/10/2026";"08:31:01";2026;"GO";2;"ELEIÇÃO ORDINÁRIA";6259;"ELEIÇÕES GERAIS ESTADUAIS 2026";90002543802;3;"https://www.tiktok.com/@vera.aguiar103?_r=1&_t=ZS-99P6o8GXFYa"
"01/10/2026";"08:31:01";2026;"GO";2;"ELEIÇÃO ORDINÁRIA";6259;"ELEIÇÕES GERAIS ESTADUAIS 2026";90002543149;1;"https://web.facebook.com/profile.php?id=61574947485010"
"01/10/2026";"08:31:01";2026;"GO";2;"ELEIÇÃO ORDINÁRIA";6259;"ELEIÇÕES GERAIS ESTADUAIS 2026";90002543173;1;"HTTPS://WWW.INSTAGRAM.COM/FERNANDOCRUVINELGO?IGSH=MTB4EWVNCJLRODZ0DG%3D%3D&UTM_S"
"01/10/2026";"08:31:01";2026;"GO";2;"ELEIÇÃO ORDINÁRIA";6259;"ELEIÇÕES GERAIS ESTADUAIS 2026";90002543173;2;"HTTPS://K.KWAI.COM/U/@FERNANDOCRUVINELGO/B2X4OKCW"
"01/10/2026";"08:31:01";2026;"GO";2;"ELEIÇÃO ORDINÁRIA";6259;"ELEIÇÕES GERAIS ESTADUAIS 2026";90002543176;1;"HTTPS://WWW.INSTAGRAM.COM/ONGAMORANIMALGOIANIA?IGSH=AGNYZM1LOHJJNDBI"
"01/10/2026";"08:31:01";2026;"GO";2;"ELEIÇÃO ORDINÁRIA";6259;"ELEIÇÕES GERAIS ESTADUAIS 2026";90002543176;2;"HTTPS://K.KWAI.COM/U/@TONYPROTETOR/Q8MSOCAN"
"01/10/2026";"08:31:01";2026;"GO";2;"ELEIÇÃO ORDINÁRIA";6259;"ELEIÇÕES GERAIS ESTADUAIS 2026";90002553739;2;"https://www.instagram.com/coronelhemerson?igsh=Ym1qNTVnMDR2MXc="
"01/10/2026";"08:31:01";2026;"GO";2;"ELEIÇÃO ORDINÁRIA";6259;"ELEIÇÕES GERAIS ESTADUAIS 2026";90002544877;3;"https://www.instagram.com/fabiofayad/"
"01/10/2026";"08:31:01";2026;"GO";2;"ELEIÇÃO ORDINÁRIA";6259;"ELEIÇÕES GERAIS ESTADUAIS 2026";90002544881;5;"https://www.tiktok.com/@florisvaldopereiragyn?_r=1&_t=ZS-99OYvaQJZNX"
"01/10/2026";"08:31:01";2026;"GO";2;"ELEIÇÃO ORDINÁRIA";6259;"ELEIÇÕES GERAIS ESTADUAIS 2026";90002544882;3;"https://www.facebook.com/wesley.suspencar/?rdid=Te90MSFD7tCccGBU"
"01/10/2026";"08:31:01";2026;"GO";2;"ELEIÇÃO ORDINÁRIA";6259;"ELEIÇÕES GERAIS ESTADUAIS 2026";90002544889;3;"https://www.instagram.com/thallita_teles?utm_source=qr"
"01/10/2026";"08:31:01";2026;"GO";2;"ELEIÇÃO ORDINÁRIA";6259;"ELEIÇÕES GERAIS ESTADUAIS 2026";90002544892;4;"https://instagram.com/gugu_nader/"
"01/10/2026";"08:31:01";2026;"GO";2;"ELEIÇÃO ORDINÁRIA";6259;"ELEIÇÕES GERAIS ESTADUAIS 2026";90002543803;1;"HTTPS://WWW.FACEBOOK.COM/VERZEQUINHA"
"01/10/2026";"08:31:01";2026;"GO";2;"ELEIÇÃO ORDINÁRIA";6259;"ELEIÇÕES GERAIS ESTADUAIS 2026";90002543147;1;"HTTPS://WWW.INSTAGRAM.COM/WEBESSA?IGSH=MXVRZDBKOXG4AWW1OQ=="
"01/10/2026";"08:31:01";2026;"GO";2;"ELEIÇÃO ORDINÁRIA";6259;"ELEIÇÕES GERAIS ESTADUAIS 2026";90002543249;1;"HTTPS://WWW.INSTAGRAM.COM/FELIZBERTOTAVARES"
"01/10/2026";"08:31:01";2026;"GO";2;"ELEIÇÃO ORDINÁRIA";6259;"ELEIÇÕES GERAIS ESTADUAIS 2026";90002543829;3;"(62)99331-9623"
"01/10/2026";"08:31:01";2026;"GO";2;"ELEIÇÃO ORDINÁRIA";6259;"ELEIÇÕES GERAIS ESTADUAIS 2026";90002543833;2;"HTTPS://WWW.FACEBOOK.COM/ANTONIOZAYEK"
"01/10/2026";"08:31:01";2026;"GO";2;"ELEIÇÃO ORDINÁRIA";6259;"ELEIÇÕES GERAIS ESTADUAIS 2026";90002543833;5;"HTTPS://K.KWAI.COM/U/@ANTONIOZAYEK/PCRYOOSO"
"01/10/2026";"08:31:01";2026;"GO";2;"ELEIÇÃO ORDINÁRIA";6259;"ELEIÇÕES GERAIS ESTADUAIS 2026";90002543838;1;"HTTPS://WWW.INSTAGRAM.COM/BRUNOSOUZAGG_?UTM_SOURCE=QR&IGSH=MTEZDW00CZH2CMDTCW=="
"01/10/2026";"08:31:01";2026;"GO";2;"ELEIÇÃO ORDINÁRIA";6259;"ELEIÇÕES GERAIS ESTADUAIS 2026";90002543496;1;"ANTONIOAVILA.JUNIOR"
"01/10/2026";"08:31:01";2026;"GO";2;"ELEIÇÃO ORDINÁRIA";6259;"ELEIÇÕES GERAIS ESTADUAIS 2026";90002547044;1;"HTTPS://WWW.INSTAGRAM.COM/FERNANDO_CFAR?IGSH=NWI0CHLOAXB6YWG3"
"01/10/2026";"08:31:01";2026;"GO";2;"ELEIÇÃO ORDINÁRIA";6259;"ELEIÇÕES GERAIS ESTADUAIS 2026";90002547069;1;"HTTPS://WWW.FACEBOOK.COM/PEOPLE/MARIA-DOS-SANTOS/100036371491398/"
"01/10/2026";"08:31:01";2026;"GO";2;"ELEIÇÃO ORDINÁRIA";6259;"ELEIÇÕES GERAIS ESTADUAIS 2026";90002547074;1;"HTTPS://WWW.INSTAGRAM.COM/WALTTERLENNE_ENGLEN"
"01/10/2026";"08:31:01";2026;"GO";2;"ELEIÇÃO ORDINÁRIA";6259;"ELEIÇÕES GERAIS ESTADUAIS 2026";90002547085;3;"HTTPS://WWW.FACEBOOK.COM/JADISON.FEITOSADASILVA.98"
"01/10/2026";"08:31:01";2026;"GO";2;"ELEIÇÃO ORDINÁRIA";6259;"ELEIÇÕES GERAIS ESTADUAIS 2026";90002547087;2;"HTTPS://WWW.FACEBOOK.COM/PROFESSOR.PAULOCESAR/"
"01/10/2026";"08:31:01";2026;"GO";2;"ELEIÇÃO ORDINÁRIA";6259;"ELEIÇÕES GERAIS ESTADUAIS 2026";90002547103;1;"https://www.instagram.com/henriquearantesgo/"
"01/10/2026";"08:31:01";2026;"GO";2;"ELEIÇÃO ORDINÁRIA";6259;"ELEIÇÕES GERAIS ESTADUAIS 2026";90002547104;2;"https://www.facebook.com/profile.php?id=6152169496716"
"01/10/2026";"08:31:01";2026;"GO";2;"ELEIÇÃO ORDINÁRIA";6259;"ELEIÇÕES GERAIS ESTADUAIS 2026";90002547105;2;"https://www.tiktok.com/@glauciamelo45?_r=1&_t=ZS-99OdoatYbZQ"
"01/10/2026";"08:31:01";2026;"GO";2;"ELEIÇÃO ORDINÁRIA";6259;"ELEIÇÕES GERAIS ESTADUAIS 2026";90002547106;2;"https://www.instagram.com/flaviateles2026"
"01/10/2026";"08:31:01";2026;"GO";2;"ELEIÇÃO ORDINÁRIA";6259;"ELEIÇÕES GERAIS ESTADUAIS 2026";90002547108;1;"https://www.instagram.com/tenenteeglai/"
"01/10/2026";"08:31:01";2026;"GO";2;"ELEIÇÃO ORDINÁRIA";6259;"ELEIÇÕES GERAIS ESTADUAIS 2026";90002547117;1;"REGINAALICEME INSTAGRAM"
"01/10/2026";"08:31:01";2026;"GO";2;"ELEIÇÃO ORDINÁRIA";6259;"ELEIÇÕES GERAIS ESTADUAIS 2026";90002547127;1;"HTTPS://WWW.INSTAGRAM.COM/ALCILENACARMO/"
"01/10/2026";"08:31:01";2026;"GO";2;"ELEIÇÃO ORDINÁRIA";6259;"ELEIÇÕES GERAIS ESTADUAIS 2026";90002547403;1;"HTTPS://WWW.FACEBOOK.COM/ADEDYFILHO.SANTANA?RDID=7ONONI0XRK9OLIAT&SHARE_URL=HTTP"
"01/10/2026";"08:31:01";2026;"GO";2;"ELEIÇÃO ORDINÁRIA";6259;"ELEIÇÕES GERAIS ESTADUAIS 2026";90002540934;1;"HTTPS://WWW.INSTAGRAM.COM/FAGNER_SKAY_BARRA_PESADAH?IGSH=NZZHAMTUNZLWYZJP"
"01/10/2026";"08:31:01";2026;"GO";2;"ELEIÇÃO ORDINÁRIA";6259;"ELEIÇÕES GERAIS ESTADUAIS 2026";90002537635;7;"HTTPS://WWW.FACEBOOK.COM/IGORFRANCOOFICIAL/"
"01/10/2026";"08:31:01";2026;"GO";2;"ELEIÇÃO ORDINÁRIA";6259;"ELEIÇÕES GERAIS ESTADUAIS 2026";90002541700;5;"https://facebook.com/noletombl"
"01/10/2026";"08:31:01";2026;"GO";2;"ELEIÇÃO ORDINÁRIA";6259;"ELEIÇÕES GERAIS ESTADUAIS 2026";90002541700;7;"https://x.com/noletombl"
"01/10/2026";"08:31:01";2026;"GO";2;"ELEIÇÃO ORDINÁRIA";6259;"ELEIÇÕES GERAIS ESTADUAIS 2026";90002545476;1;"INSTAGRAM/LUISCESARBUENO"
"01/10/2026";"08:31:01";2026;"GO";2;"ELEIÇÃO ORDINÁRIA";6259;"ELEIÇÕES GERAIS ESTADUAIS 2026";90002540142;2;"FACEBOOK/KATIAMARIA"
"01/10/2026";"08:31:01";2026;"GO";2;"ELEIÇÃO ORDINÁRIA";6259;"ELEIÇÕES GERAIS ESTADUAIS 2026";90002543220;1;"@LUCASVERGILIOGO"
"01/10/2026";"08:31:01";2026;"GO";2;"ELEIÇÃO ORDINÁRIA";6259;"ELEIÇÕES GERAIS ESTADUAIS 2026";90002548063;1;"@ANACAROLINA.FARMA"
"01/10/2026";"08:31:01";2026;"GO";2;"ELEIÇÃO ORDINÁRIA";6259;"ELEIÇÕES GERAIS ESTADUAIS 2026";90002548066;1;"@FLASH_BURGUER10"
"01/10/2026";"08:31:01";2026;"GO";2;"ELEIÇÃO ORDINÁRIA";6259;"ELEIÇÕES GERAIS ESTADUAIS 2026";90002551839;3;"HTTPS://WWW.TIKTOK.COM/@MARCIENEANDRADEANDRADE"
"01/10/2026";"08:31:01";2026;"GO";2;"ELEIÇÃO ORDINÁRIA";6259;"ELEIÇÕES GERAIS ESTADUAIS 2026";90002551841;1;"HTTPS://WWW.INSTAGRAM.COM/PROFPEDROAUGUSTOUP"
"01/10/2026";"08:31:01";2026;"GO";2;"ELEIÇÃO ORDINÁRIA";6259;"ELEIÇÕES GERAIS ESTADUAIS 2026";90002543251;4;"HTTPS://WWW.FACEBOOK.COM/ALEXMARTINSPROFESSOR/"
"01/10/2026";"08:31:01";2026;"GO";2;"ELEIÇÃO ORDINÁRIA";6259;"ELEIÇÕES GERAIS ESTADUAIS 2026";90002551488;9;"www.tiktok.com/@sargentolorena"
"01/10/2026";"08:31:01";2026;"GO";2;"ELEIÇÃO ORDINÁRIA";6259;"ELEIÇÕES GERAIS ESTADUAIS 2026";90002549180;1;"https://www.instagram.com/fabricio?igsh=MXMyZW9uZnhkdDNzNA=="
"01/10/2026";"08:31:01";2026;"GO";2;"ELEIÇÃO ORDINÁRIA";6259;"ELEIÇÕES GERAIS ESTADUAIS 2026";90002549181;7;"https://www.facebook.com/share/1DCS2VBWeG/"
"01/10/2026";"08:31:01";2026;"GO";2;"ELEIÇÃO ORDINÁRIA";6259;"ELEIÇÕES GERAIS ESTADUAIS 2026";90002549181;10;"https://x.com/tcoronel_maia"
"01/10/2026";"08:31:01";2026;"GO";2;"ELEIÇÃO ORDINÁRIA";6259;"ELEIÇÕES GERAIS ESTADUAIS 2026";90002553967;2;"https://www.instagram.com/rakelchristina/"
"01/10/2026";"08:31:01";2026;"GO";2;"ELEIÇÃO ORDINÁRIA";6259;"ELEIÇÕES GERAIS ESTADUAIS 2026";90002543572;4;"https://www.youtube.com/@deputadoelieljunior"
"01/10/2026";"08:31:01";2026;"GO";2;"ELEIÇÃO ORDINÁRIA";6259;"ELEIÇÕES GERAIS ESTADUAIS 2026";90002543453;2;"INSTAGRAM: @pastorcaminhoneiro1807 - Endereço Eletrônico - https://www.instagram.com/pastorcaminhoneiro1807/"
"01/10/2026";"08:31:01";2026;"GO";2;"ELEIÇÃO ORDINÁRIA";6259;"ELEIÇÕES GERAIS ESTADUAIS 2026";90002543459;2;"HTTPS://WWW.FACEBOOK.COM/SHARE/1D5DB5JWZU/"
"01/10/2026";"08:31:01";2026;"GO";2;"ELEIÇÃO ORDINÁRIA";6259;"ELEIÇÕES GERAIS ESTADUAIS 2026";90002543461;1;"HTTPS://KWAI-VIDEO.COM/U/@FONTESVIDEOS/8CSBWYLA"
"01/10/2026";"08:31:01";2026;"GO";2;"ELEIÇÃO ORDINÁRIA";6259;"ELEIÇÕES GERAIS ESTADUAIS 2026";90002540137;1;"INSTAGRAM/ISMAELCALOM"
"01/10/2026";"08:31:01";2026;"GO";2;"ELEIÇÃO ORDINÁRIA";6259;"ELEIÇÕES GERAIS ESTADUAIS 2026";90002540150;2;"https://judamando.com.br/"
"01/10/2026";"08:31:01";2026;"GO";2;"ELEIÇÃO ORDINÁRIA";6259;"ELEIÇÕES GERAIS ESTADUAIS 2026";90002540153;3;"HTTPS://WWW.FACEBOOK.COM/PROFILE.PHP?ID=61565258755399&SK=ABOUT"
"01/10/2026";"08:31:01";2026;"GO";2;"ELEIÇÃO ORDINÁRIA";6259;"ELEIÇÕES GERAIS ESTADUAIS 2026";90002551267;1;"INSTAGRAM: @RORIZ.LUNA"
"01/10/2026";"08:31:01";2026;"GO";2;"ELEIÇÃO ORDINÁRIA";6259;"ELEIÇÕES GERAIS ESTADUAIS 2026";90002540993;4;"HTTPS://WWW.INSTAGRAM.COM/DANIELVILELA15"
"01/10/2026";"08:31:01";2026;"GO";2;"ELEIÇÃO ORDINÁRIA";6259;"ELEIÇÕES GERAIS ESTADUAIS 2026";90002543215;1;"HTTPS://WWW.TIKTOK.COM/@VANDERLANCARDOSOOFICIAL"
"01/10/2026";"08:31:01";2026;"GO";2;"ELEIÇÃO ORDINÁRIA";6259;"ELEIÇÕES GERAIS ESTADUAIS 2026";90002543226;7;"https://www.celiosilveira.com.br/"
"01/10/2026";"08:31:01";2026;"GO";2;"ELEIÇÃO ORDINÁRIA";6259;"ELEIÇÕES GERAIS ESTADUAIS 2026";90002546221;4;"@DEPUTADOCHARLESBENTO"
"01/10/2026";"08:31:01";2026;"GO";2;"ELEIÇÃO ORDINÁRIA";6259;"ELEIÇÕES GERAIS ESTADUAIS 2026";90002549167;2;"https://www.instagram.com/cristovao.tormin/"
"01/10/2026";"08:31:01";2026;"GO";2;"ELEIÇÃO ORDINÁRIA";6259;"ELEIÇÕES GERAIS ESTADUAIS 2026";90002543186;1;"HTTPS://WWW.FACEBOOK.COM/SHARE/19C731HJ9K/"
"01/10/2026";"08:31:01";2026;"GO";2;"ELEIÇÃO ORDINÁRIA";6259;"ELEIÇÕES GERAIS ESTADUAIS 2026";90002542614;1;"HTTPS://WWW.FACEBOOK.COM/LUCELIARODRIGUESOFICIAL/"
"01/10/2026";"08:31:01";2026;"GO";2;"ELEIÇÃO ORDINÁRIA";6259;"ELEIÇÕES GERAIS ESTADUAIS 2026";90002542616;4;"WWW.INSTAGRAM.COM/FABIOSOUSAOFICIAL?IGSH=.  WWW.INSTAGRAM.COM/FABIOSOUSAOFICIAL_"
"01/10/2026";"08:31:01";2026;"GO";2;"ELEIÇÃO ORDINÁRIA";6259;"ELEIÇÕES GERAIS ESTADUAIS 2026";90002541453;2;"https://www.instagram.com/suplentesenadorfernandoisaac?stkn=MWVzMDcxcHl0cmpubg%3D%3D"
"01/10/2026";"08:31:01";2026;"GO";2;"ELEIÇÃO ORDINÁRIA";6259;"ELEIÇÕES GERAIS ESTADUAIS 2026";90002543231;1;"HTTPS://WWW.INSTAGRAM.COM/SANDROPEDROSO/"
"01/10/2026";"08:31:01";2026;"GO";2;"ELEIÇÃO ORDINÁRIA";6259;"ELEIÇÕES GERAIS ESTADUAIS 2026";90002550209;2;"@ANDREWALKERAGRO12 (INSTAGRAM E FACEBOOK )"
"01/10/2026";"08:31:01";2026;"GO";2;"ELEIÇÃO ORDINÁRIA";6259;"ELEIÇÕES GERAIS ESTADUAIS 2026";90002548379;5;"https://www.facebook.com/williard.pontes"
"01/10/2026";"08:31:01";2026;"GO";2;"ELEIÇÃO ORDINÁRIA";6259;"ELEIÇÕES GERAIS ESTADUAIS 2026";90002537391;2;"HTTPS://X.COM/JOSECAM01577970?S=11&T=PR6AMWJRC-NR0L3O_ZK1SQ"
"01/10/2026";"08:31:01";2026;"GO";2;"ELEIÇÃO ORDINÁRIA";6259;"ELEIÇÕES GERAIS ESTADUAIS 2026";90002537393;1;"HTTPS://WWW.FACEBOOK.COM/SHARE/18EWCTLNJY/?MIBEXTID=WWXIFR"
"01/10/2026";"08:31:01";2026;"GO";2;"ELEIÇÃO ORDINÁRIA";6259;"ELEIÇÕES GERAIS ESTADUAIS 2026";90002537634;2;"HTTPS://YOUTUBE.COM/@GABRIELARODART4708?SI=ML63NTMF-N42SWGO"
"01/10/2026";"08:31:01";2026;"GO";2;"ELEIÇÃO ORDINÁRIA";6259;"ELEIÇÕES GERAIS ESTADUAIS 2026";90002537637;4;"HTTPS://WWW.TIKTOK.COM/@SAMUELDADUPLA?_R=1&_T=ZS-98J8CDOSTIU"
"01/10/2026";"08:31:01";2026;"GO";2;"ELEIÇÃO ORDINÁRIA";6259;"ELEIÇÕES GERAIS ESTADUAIS 2026";90002537638;5;"HTTPS://WWW.FACEBOOK.COM/SHARE/P/1HNK3Q75YK/"
"01/10/2026";"08:31:01";2026;"GO";2;"ELEIÇÃO ORDINÁRIA";6259;"ELEIÇÕES GERAIS ESTADUAIS 2026";90002537642;1;"HTTPS://WWW.FACEBOOK.COM/ROSANGELA.MUNIZ.534493"
"01/10/2026";"08:31:01";2026;"GO";2;"ELEIÇÃO ORDINÁRIA";6259;"ELEIÇÕES GERAIS ESTADUAIS 2026";90002537435;3;"ESTE VLOGGER COMPARTILHOU MUITOS VÍDEOS LEGAIS! VENHA CONFERIR!     HTTPS://K.KW"
"01/10/2026";"08:31:01";2026;"GO";2;"ELEIÇÃO ORDINÁRIA";6259;"ELEIÇÕES GERAIS ESTADUAIS 2026";90002537436;1;"HTTPS://WWW.INSTAGRAM.COM/CLEONAODOPOVO_/"
"01/10/2026";"08:31:01";2026;"GO";2;"ELEIÇÃO ORDINÁRIA";6259;"ELEIÇÕES GERAIS ESTADUAIS 2026";90002537439;3;"https://www.instagram.com/tocomleo"
"01/10/2026";"08:31:01";2026;"GO";2;"ELEIÇÃO ORDINÁRIA";6259;"ELEIÇÕES GERAIS ESTADUAIS 2026";90002537450;1;"HTTPS://WWW.INSTAGRAM.COM/SIDPEAO/"
"01/10/2026";"08:31:01";2026;"GO";2;"ELEIÇÃO ORDINÁRIA";6259;"ELEIÇÕES GERAIS ESTADUAIS 2026";90002537458;3;"HTTPS://WWW.FACEBOOK.COM/MAGRAOCLUBEFM101.9"
"01/10/2026";"08:31:01";2026;"GO";2;"ELEIÇÃO ORDINÁRIA";6259;"ELEIÇÕES GERAIS ESTADUAIS 2026";90002543782;1;"HTTPS://WWW.FACEBOOK.COM/LUCY.MEDEIROS.9/"
"01/10/2026";"08:31:01";2026;"GO";2;"ELEIÇÃO ORDINÁRIA";6259;"ELEIÇÕES GERAIS ESTADUAIS 2026";90002543795;2;"HTTPS://WWW.FACEBOOK.COM/SHARE/1LAWJ8RFZG/?MIBEXTID=WWXIFR"
"01/10/2026";"08:31:01";2026;"GO";2;"ELEIÇÃO ORDINÁRIA";6259;"ELEIÇÕES GERAIS ESTADUAIS 2026";90002543153;1;"FREDVIDIGAL_"
"01/10/2026";"08:31:01";2026;"GO";2;"ELEIÇÃO ORDINÁRIA";6259;"ELEIÇÕES GERAIS ESTADUAIS 2026";90002544860;1;"HTTPS://WWW.INSTAGRAM.COM/NEDIOLEITE45/"
"01/10/2026";"08:31:01";2026;"GO";2;"ELEIÇÃO ORDINÁRIA";6259;"ELEIÇÕES GERAIS ESTADUAIS 2026";90002544862;1;"HTTPS://WWW.INSTAGRAM.COM/PAULAALESSANDRAOFC/"
"01/10/2026";"08:31:01";2026;"GO";2;"ELEIÇÃO ORDINÁRIA";6259;"ELEIÇÕES GERAIS ESTADUAIS 2026";90002544885;2;"https://www.facebook.com/share/1EzsQMju3h/?mibextid=wwXIfr"
"01/10/2026";"08:31:01";2026;"GO";2;"ELEIÇÃO ORDINÁRIA";6259;"ELEIÇÕES GERAIS ESTADUAIS 2026";90002544887;1;"HTTPS://WWW.INSTAGRAM.COM/LISIEUXJOSEBORGES/"
"01/10/2026";"08:31:01";2026;"GO";2;"ELEIÇÃO ORDINÁRIA";6259;"ELEIÇÕES GERAIS ESTADUAIS 2026";90002540138;5;"FACEBOOK/MAURORUBEM"
"01/10/2026";"08:31:01";2026;"GO";2;"ELEIÇÃO ORDINÁRIA";6259;"ELEIÇÕES GERAIS ESTADUAIS 2026";90002543470;2;"HTTPS://WWW.FACEBOOK.COM/LUCASDOVALEGO/"
"01/10/2026";"08:31:01";2026;"GO";2;"ELEIÇÃO ORDINÁRIA";6259;"ELEIÇÕES GERAIS ESTADUAIS 2026";90002543216;2;"HTTPS://WWW.FACEBOOK.COM/@PEDROCHAVES15"
"01/10/2026";"08:31:01";2026;"GO";2;"ELEIÇÃO ORDINÁRIA";6259;"ELEIÇÕES GERAIS ESTADUAIS 2026";90002543245;1;"LORRAYNEDECASTRO"
"01/10/2026";"08:31:01";2026;"GO";2;"ELEIÇÃO ORDINÁRIA";6259;"ELEIÇÕES GERAIS ESTADUAIS 2026";90002543824;1;"HTTPS://WWW.INSTAGRAM.COM/MARIENEFRANCA___/"
"01/10/2026";"08:31:01";2026;"GO";2;"ELEIÇÃO ORDINÁRIA";6259;"ELEIÇÕES GERAIS ESTADUAIS 2026";90002543843;2;"HTTPS://WWW.INSTAGRAM.COM/MAURODOALHO"
"01/10/2026";"08:31:01";2026;"GO";2;"ELEIÇÃO ORDINÁRIA";6259;"ELEIÇÕES GERAIS ESTADUAIS 2026";90002543845;2;"HTTPS://WWW.INSTAGRAM.COM/PEDROMARLENE123/"
"01/10/2026";"08:31:01";2026;"GO";2;"ELEIÇÃO ORDINÁRIA";6259;"ELEIÇÕES GERAIS ESTADUAIS 2026";90002547099;1;"HTTPS://WWW.INSTAGRAM.COM/ALERTAGOIAS10/"
"01/10/2026";"08:31:01";2026;"GO";2;"ELEIÇÃO ORDINÁRIA";6259;"ELEIÇÕES GERAIS ESTADUAIS 2026";90002539148;6;"https://delubiosoares.com.br/"
"01/10/2026";"08:31:01";2026;"GO";2;"ELEIÇÃO ORDINÁRIA";6259;"ELEIÇÕES GERAIS ESTADUAIS 2026";90002543560;5;"http://kwai.com/@OseiasVarao"
"01/10/2026";"08:31:01";2026;"GO";2;"ELEIÇÃO ORDINÁRIA";6259;"ELEIÇÕES GERAIS ESTADUAIS 2026";90002548051;1;"@TITEDCAPRIO"
"01/10/2026";"08:31:01";2026;"GO";2;"ELEIÇÃO ORDINÁRIA";6259;"ELEIÇÕES GERAIS ESTADUAIS 2026";90002543251;6;"https://www.facebook.com/share/1Fzmt86rEr/?mibextid=wwXIfr"
"01/10/2026";"08:31:01";2026;"GO";2;"ELEIÇÃO ORDINÁRIA";6259;"ELEIÇÕES GERAIS ESTADUAIS 2026";90002549181;2;"@ TCORONELMAIA190 ¿ THREADS"
"01/10/2026";"08:31:01";2026;"GO";2;"ELEIÇÃO ORDINÁRIA";6259;"ELEIÇÕES GERAIS ESTADUAIS 2026";90002549181;9;"https://youtube.com/@tcoronelmaia190?si=FvC1peew6ctMacgH"
"01/10/2026";"08:31:01";2026;"GO";2;"ELEIÇÃO ORDINÁRIA";6259;"ELEIÇÕES GERAIS ESTADUAIS 2026";90002543775;3;"HTTPS://WWW.INSTAGRAM.COM/EUNICEGBPDOS/"
"01/10/2026";"08:31:01";2026;"GO";2;"ELEIÇÃO ORDINÁRIA";6259;"ELEIÇÕES GERAIS ESTADUAIS 2026";90002543855;4;"HTTPS://WWW.FACEBOOK.COM/ALEX.LEANDRO.988"
"01/10/2026";"08:31:01";2026;"GO";2;"ELEIÇÃO ORDINÁRIA";6259;"ELEIÇÕES GERAIS ESTADUAIS 2026";90002548670;3;"https://www.tiktok.com/@paulinvainele"
"01/10/2026";"08:31:01";2026;"GO";2;"ELEIÇÃO ORDINÁRIA";6259;"ELEIÇÕES GERAIS ESTADUAIS 2026";90002543455;1;"HTTPS://WWW.INSTAGRAM.COM/VICTOROVERDE?UTM_SOURCE=IG_WEB_BUTTON_SHARE_SHEET&IGSH"
"01/10/2026";"08:31:01";2026;"GO";2;"ELEIÇÃO ORDINÁRIA";6259;"ELEIÇÕES GERAIS ESTADUAIS 2026";90002540136;1;"INSTAGRAM/WELTONDIVINO"
"01/10/2026";"08:31:01";2026;"GO";2;"ELEIÇÃO ORDINÁRIA";6259;"ELEIÇÕES GERAIS ESTADUAIS 2026";90002543556;13;"http://www.facebook.com/gustavogayerdeputadofederal/"
"01/10/2026";"08:31:01";2026;"GO";2;"ELEIÇÃO ORDINÁRIA";6259;"ELEIÇÕES GERAIS ESTADUAIS 2026";90002544876;3;"https://www.facebook.com/gustavosebba"
"01/10/2026";"08:31:01";2026;"GO";2;"ELEIÇÃO ORDINÁRIA";6259;"ELEIÇÕES GERAIS ESTADUAIS 2026";90002543181;1;"HTTPS://WWW.INSTAGRAM.COM/SARGENTO.WASHINGTON?IGSH=MXA5CTFTB25MZHLIAA=="
"01/10/2026";"08:31:01";2026;"GO";2;"ELEIÇÃO ORDINÁRIA";6259;"ELEIÇÕES GERAIS ESTADUAIS 2026";90002542613;5;"HTTPS://WWW.YOUTUBE.COM/@HENRIQUEVILELAPORGOIAS"
"01/10/2026";"08:31:01";2026;"GO";2;"ELEIÇÃO ORDINÁRIA";6259;"ELEIÇÕES GERAIS ESTADUAIS 2026";90002541455;2;"INSTAGRAM/@ISAURALEMOSOFICIAL"
"01/10/2026";"08:31:01";2026;"GO";2;"ELEIÇÃO ORDINÁRIA";6259;"ELEIÇÕES GERAIS ESTADUAIS 2026";90002550208;1;"@JESSICA.KALORINE.5851"
"01/10/2026";"08:31:01";2026;"GO";2;"ELEIÇÃO ORDINÁRIA";6259;"ELEIÇÕES GERAIS ESTADUAIS 2026";90002537638;13;"https://www.facebook.com/leomachadoverdade?utm_source=ig&utm_medium=social&utm_content=link_in_bio"
"01/10/2026";"08:31:01";2026;"GO";2;"ELEIÇÃO ORDINÁRIA";6259;"ELEIÇÕES GERAIS ESTADUAIS 2026";90002539156;1;"INSTAGRAM/@VALERIOLUIZ"
"01/10/2026";"08:31:01";2026;"GO";2;"ELEIÇÃO ORDINÁRIA";6259;"ELEIÇÕES GERAIS ESTADUAIS 2026";90002540946;2;"https://www.lucasbras3070.com.br"
"01/10/2026";"08:31:01";2026;"GO";2;"ELEIÇÃO ORDINÁRIA";6259;"ELEIÇÕES GERAIS ESTADUAIS 2026";90002540950;1;"HTTPS://WWW.INSTAGRAM.COM/MARCELOPRADOCIRURGIAPLASTICA/"
"01/10/2026";"08:31:01";2026;"GO";2;"ELEIÇÃO ORDINÁRIA";6259;"ELEIÇÕES GERAIS ESTADUAIS 2026";90002537443;2;"HTTPS://WWW.FACEBOOK.COM/SHARE/1BVBMMOA6W/?MIBEXTID=WWXIFR"
"01/10/2026";"08:31:01";2026;"GO";2;"ELEIÇÃO ORDINÁRIA";6259;"ELEIÇÕES GERAIS ESTADUAIS 2026";90002537449;2;"DRA. FABIANA GONÇALVES | PRÉ-CANDIDATA A DEPUTADA ESTADUAL"
"01/10/2026";"08:31:01";2026;"GO";2;"ELEIÇÃO ORDINÁRIA";6259;"ELEIÇÕES GERAIS ESTADUAIS 2026";90002537451;1;"HTTPS://WWW.INSTAGRAM.COM/DR.RAMONFERREIRA/"
"01/10/2026";"08:31:01";2026;"GO";2;"ELEIÇÃO ORDINÁRIA";6259;"ELEIÇÕES GERAIS ESTADUAIS 2026";90002537455;7;"@MIGUELJUNIOR"
"01/10/2026";"08:31:01";2026;"GO";2;"ELEIÇÃO ORDINÁRIA";6259;"ELEIÇÕES GERAIS ESTADUAIS 2026";90002537457;2;"HTTPS://WWW.INSTAGRAM.COM/PROFESSORACIDAA?IGSH=DDNXMXFQCHHWZZDV"
"01/10/2026";"08:31:01";2026;"GO";2;"ELEIÇÃO ORDINÁRIA";6259;"ELEIÇÕES GERAIS ESTADUAIS 2026";90002540970;1;"HTTPS://WWW.INSTAGRAM.COM/SUNAMITARODRIGUESGALLI/"
"01/10/2026";"08:31:01";2026;"GO";2;"ELEIÇÃO ORDINÁRIA";6259;"ELEIÇÕES GERAIS ESTADUAIS 2026";90002540987;1;"HTTPS://WWW.INSTAGRAM.COM/NETOKARFANOFICIAL?IGSH=MWZ2N3PYDZVXMMO1BW=="
"01/10/2026";"08:31:01";2026;"GO";2;"ELEIÇÃO ORDINÁRIA";6259;"ELEIÇÕES GERAIS ESTADUAIS 2026";90002540994;1;"HTTPS://WWW.INSTAGRAM.COM/LUIZDOCARMOSENADOR/"
"01/10/2026";"08:31:01";2026;"GO";2;"ELEIÇÃO ORDINÁRIA";6259;"ELEIÇÕES GERAIS ESTADUAIS 2026";90002546229;1;"INSTAGRAM: @MEDICINASEMCORTES"
"01/10/2026";"08:31:01";2026;"GO";2;"ELEIÇÃO ORDINÁRIA";6259;"ELEIÇÕES GERAIS ESTADUAIS 2026";90002543146;2;"https://www.instagram.com/marcioluis/"
"01/10/2026";"08:31:01";2026;"GO";2;"ELEIÇÃO ORDINÁRIA";6259;"ELEIÇÕES GERAIS ESTADUAIS 2026";90002543159;2;"HTTPS://WWW.INSTAGRAM.COM/RONEIDEBRITOAGIR36?IGSH=MXJ6AXVZOXNSANBZZA==&UTM_SOUR"
"01/10/2026";"08:31:01";2026;"GO";2;"ELEIÇÃO ORDINÁRIA";6259;"ELEIÇÕES GERAIS ESTADUAIS 2026";90002544875;1;"HTTPS://WWW.INSTAGRAM.COM/SILVAADRIAN10/"
"01/10/2026";"08:31:01";2026;"GO";2;"ELEIÇÃO ORDINÁRIA";6259;"ELEIÇÕES GERAIS ESTADUAIS 2026";90002544877;5;"https://x.com/FabioFayad"
"01/10/2026";"08:31:01";2026;"GO";2;"ELEIÇÃO ORDINÁRIA";6259;"ELEIÇÕES GERAIS ESTADUAIS 2026";90002544897;2;"https://www.instagram.com/cleia.neves.chiarini"
"01/10/2026";"08:31:01";2026;"GO";2;"ELEIÇÃO ORDINÁRIA";6259;"ELEIÇÕES GERAIS ESTADUAIS 2026";90002548378;1;"@RICARDOQUIRINO10"
"01/10/2026";"08:31:01";2026;"GO";2;"ELEIÇÃO ORDINÁRIA";6259;"ELEIÇÕES GERAIS ESTADUAIS 2026";90002543128;4;"HTTPS://WWW.FACEBOOK.COM/LUCASKITAO/"
"01/10/2026";"08:31:01";2026;"GO";2;"ELEIÇÃO ORDINÁRIA";6259;"ELEIÇÕES GERAIS ESTADUAIS 2026";90002546227;3;"YOUTUBE: @MARQUIMARAUJOOFICIAL"
"01/10/2026";"08:31:01";2026;"GO";2;"ELEIÇÃO ORDINÁRIA";6259;"ELEIÇÕES GERAIS ESTADUAIS 2026";90002540998;6;"HTTPS://WWW.YOUTUBE.COM/GUSTAVOMENDANHAGO"
"01/10/2026";"08:31:01";2026;"GO";2;"ELEIÇÃO ORDINÁRIA";6259;"ELEIÇÕES GERAIS ESTADUAIS 2026";90002552719;2;"https://www.instagram.com/adelson.pmoraes?igsh=dG1nNDI5enp5cHRw"
"01/10/2026";"08:31:01";2026;"GO";2;"ELEIÇÃO ORDINÁRIA";6259;"ELEIÇÕES GERAIS ESTADUAIS 2026";90002543555;1;"HTTPS://WWW.INSTAGRAM.COM/EMERSONAUTOVIP?IGSH=YZQ3OHP1ZGTLDGOW"
"01/10/2026";"08:31:01";2026;"GO";2;"ELEIÇÃO ORDINÁRIA";6259;"ELEIÇÕES GERAIS ESTADUAIS 2026";90002547009;5;"HTTPS://X.COM/NARCIAKELLY?S=11"
"01/10/2026";"08:31:01";2026;"GO";2;"ELEIÇÃO ORDINÁRIA";6259;"ELEIÇÕES GERAIS ESTADUAIS 2026";90002547009;9;"https://www.instagram.com/voucomnarciakelly?stkn=MXU5OXRqbGl3ZTNkdw%3D%3D"
"01/10/2026";"08:31:01";2026;"GO";2;"ELEIÇÃO ORDINÁRIA";6259;"ELEIÇÕES GERAIS ESTADUAIS 2026";90002547012;1;"HTTPS://WWW.INSTAGRAM.COM/ARIANNECANDIDO/"
"01/10/2026";"08:31:01";2026;"GO";2;"ELEIÇÃO ORDINÁRIA";6259;"ELEIÇÕES GERAIS ESTADUAIS 2026";90002547070;3;"HTTPS://X.COM/FLAVIOCOUTINHO_"
"01/10/2026";"08:31:01";2026;"GO";2;"ELEIÇÃO ORDINÁRIA";6259;"ELEIÇÕES GERAIS ESTADUAIS 2026";90002547093;1;"https://www.instagram.com/rodolfovalentedepfederal/"
"01/10/2026";"08:31:01";2026;"GO";2;"ELEIÇÃO ORDINÁRIA";6259;"ELEIÇÕES GERAIS ESTADUAIS 2026";90002547096;2;"https://www.facebook.com/leonardo.menezes.714"
"01/10/2026";"08:31:01";2026;"GO";2;"ELEIÇÃO ORDINÁRIA";6259;"ELEIÇÕES GERAIS ESTADUAIS 2026";90002547097;2;"https://www.facebook.com/tocantinsalexandre"
"01/10/2026";"08:31:01";2026;"GO";2;"ELEIÇÃO ORDINÁRIA";6259;"ELEIÇÕES GERAIS ESTADUAIS 2026";90002540935;1;"HTTPS://WWW.INSTAGRAM.COM/GABRIELLAMACHADOOFICIAL?IGSH=MXR1MXLUBDCZC3V3NA=="
"01/10/2026";"08:31:01";2026;"GO";2;"ELEIÇÃO ORDINÁRIA";6259;"ELEIÇÕES GERAIS ESTADUAIS 2026";90002541701;4;"https://www.facebook.com/share/19Uq23RuYD/"
"01/10/2026";"08:31:01";2026;"GO";2;"ELEIÇÃO ORDINÁRIA";6259;"ELEIÇÕES GERAIS ESTADUAIS 2026";90002541708;2;"https://instagram.com/monicadepaula.go"
"01/10/2026";"08:31:01";2026;"GO";2;"ELEIÇÃO ORDINÁRIA";6259;"ELEIÇÕES GERAIS ESTADUAIS 2026";90002541708;3;"https://instagram.com/ravengaar"
"01/10/2026";"08:31:01";2026;"GO";2;"ELEIÇÃO ORDINÁRIA";6259;"ELEIÇÕES GERAIS ESTADUAIS 2026";90002540149;3;"https://www.facebook.com/fabriciorosapt"
"01/10/2026";"08:31:01";2026;"GO";2;"ELEIÇÃO ORDINÁRIA";6259;"ELEIÇÕES GERAIS ESTADUAIS 2026";90002549169;1;"https://www.instagram.com/pm190_?igsh=MTB5ZHBpbmdsOXBndw%3D%3D"
"01/10/2026";"08:31:01";2026;"GO";2;"ELEIÇÃO ORDINÁRIA";6259;"ELEIÇÕES GERAIS ESTADUAIS 2026";90002549180;2;"https://x.com/fabriciochaves_?s=11"
"01/10/2026";"08:31:01";2026;"GO";2;"ELEIÇÃO ORDINÁRIA";6259;"ELEIÇÕES GERAIS ESTADUAIS 2026";90002549180;3;"https://www.threads.com/@fabricio?igshid=NTc4MTIwNjQ2YQ=="
"01/10/2026";"08:31:01";2026;"GO";2;"ELEIÇÃO ORDINÁRIA";6259;"ELEIÇÕES GERAIS ESTADUAIS 2026";90002543452;3;"HTTPS://YOUTUBE.COM/@MARIAVERONICAPSOL?SI=WTZWHZSLA3IFEWME"
"01/10/2026";"08:31:01";2026;"GO";2;"ELEIÇÃO ORDINÁRIA";6259;"ELEIÇÕES GERAIS ESTADUAIS 2026";90002543453;3;"youtube: @prcamioneiro - Endereço Eletrônico - https://www.youtube.com/@prcamioneiro"
"01/10/2026";"08:31:01";2026;"GO";2;"ELEIÇÃO ORDINÁRIA";6259;"ELEIÇÕES GERAIS ESTADUAIS 2026";90002543454;4;"HTTPS://WWW.TIKTOK.COM/@BARBARABOOMBOM?_R=1&_T=ZS-98IRKENW1I5"
"01/10/2026";"08:31:01";2026;"GO";2;"ELEIÇÃO ORDINÁRIA";6259;"ELEIÇÕES GERAIS ESTADUAIS 2026";90002543461;5;"HTTPS://WWW.FACEBOOK.COM/SHARE/1HCRKRQ3A7/"
"01/10/2026";"08:31:01";2026;"GO";2;"ELEIÇÃO ORDINÁRIA";6259;"ELEIÇÕES GERAIS ESTADUAIS 2026";90002543463;9;"https://www.tiktok.com/@marconiperillo"
"01/10/2026";"08:31:01";2026;"GO";2;"ELEIÇÃO ORDINÁRIA";6259;"ELEIÇÕES GERAIS ESTADUAIS 2026";90002540153;6;"HTTPS://WWW.INSTAGRAM.COM/DRJOSENILTONCARVALHO/"
"01/10/2026";"08:31:01";2026;"GO";2;"ELEIÇÃO ORDINÁRIA";6259;"ELEIÇÕES GERAIS ESTADUAIS 2026";90002543556;8;"HTTPS://T.ME/GUSGAYER"
"01/10/2026";"08:31:01";2026;"GO";2;"ELEIÇÃO ORDINÁRIA";6259;"ELEIÇÕES GERAIS ESTADUAIS 2026";90002539151;3;"TIKTOK@RUBENSOTONI"
"01/10/2026";"08:31:01";2026;"GO";2;"ELEIÇÃO ORDINÁRIA";6259;"ELEIÇÕES GERAIS ESTADUAIS 2026";90002543800;1;"HTTPS://WWW.YOUTUBE.COM/@DEPUTADOAMAURIRIBEIRO"
"01/10/2026";"08:31:01";2026;"GO";2;"ELEIÇÃO ORDINÁRIA";6259;"ELEIÇÕES GERAIS ESTADUAIS 2026";90002546244;1;"@DRGEORGEMORAIS"
"01/10/2026";"08:31:01";2026;"GO";2;"ELEIÇÃO ORDINÁRIA";6259;"ELEIÇÕES GERAIS ESTADUAIS 2026";90002542612;5;"HTTPS://WWW.FACEBOOK.COM/ADS/LIBRARY/?ACTIVE_STATUS=ALL&AD_TYPE=POLITICAL_AND_IS"
"01/10/2026";"08:31:01";2026;"GO";2;"ELEIÇÃO ORDINÁRIA";6259;"ELEIÇÕES GERAIS ESTADUAIS 2026";90002543188;1;"HTTPS://WWW.FACEBOOK.COM/SHARE/18XZROJSRB/"
"01/10/2026";"08:31:01";2026;"GO";2;"ELEIÇÃO ORDINÁRIA";6259;"ELEIÇÕES GERAIS ESTADUAIS 2026";90002542623;3;"HTTPS://WWW.FACEBOOK.COM/MARIAYVELONIA.COM.BR/"
"01/10/2026";"08:31:01";2026;"GO";2;"ELEIÇÃO ORDINÁRIA";6259;"ELEIÇÕES GERAIS ESTADUAIS 2026";90002551412;1;"MONICANASSERDAHER - FACEBOOK"
"01/10/2026";"08:31:01";2026;"GO";2;"ELEIÇÃO ORDINÁRIA";6259;"ELEIÇÕES GERAIS ESTADUAIS 2026";90002550216;1;"@LUIZACRUZ"
"01/10/2026";"08:31:01";2026;"GO";2;"ELEIÇÃO ORDINÁRIA";6259;"ELEIÇÕES GERAIS ESTADUAIS 2026";90002548366;1;"@DRSAMUELFAYADGEMUS"
"01/10/2026";"08:31:01";2026;"GO";2;"ELEIÇÃO ORDINÁRIA";6259;"ELEIÇÕES GERAIS ESTADUAIS 2026";90002548368;1;"@EWERTONGARCIA"
"01/10/2026";"08:31:01";2026;"GO";2;"ELEIÇÃO ORDINÁRIA";6259;"ELEIÇÕES GERAIS ESTADUAIS 2026";90002548379;2;"http://www.williardpontes.com.br/"
"01/10/2026";"08:31:01";2026;"GO";2;"ELEIÇÃO ORDINÁRIA";6259;"ELEIÇÕES GERAIS ESTADUAIS 2026";90002537393;2;"HTTPS://WWW.INSTAGRAM.COM/ELAINEDAFLAGYN?IGSH=AHP6NZFVDWG5YNJZ"
"01/10/2026";"08:31:01";2026;"GO";2;"ELEIÇÃO ORDINÁRIA";6259;"ELEIÇÕES GERAIS ESTADUAIS 2026";90002537432;1;"HTTPS://WWW.TIKTOK.COM/@JOSEBARBOSA5570?_R=1&_T=ZS-98UXWDVIZM5"
"01/10/2026";"08:31:01";2026;"GO";2;"ELEIÇÃO ORDINÁRIA";6259;"ELEIÇÕES GERAIS ESTADUAIS 2026";90002540956;1;"HTTPS://X.COM/INSTRUTORMARCIO?S=11"
"01/10/2026";"08:31:01";2026;"GO";2;"ELEIÇÃO ORDINÁRIA";6259;"ELEIÇÕES GERAIS ESTADUAIS 2026";90002537441;3;"HTTPS://WWW.TIKTOK.COM/@WILLIAN.PANDA_"
"01/10/2026";"08:31:01";2026;"GO";2;"ELEIÇÃO ORDINÁRIA";6259;"ELEIÇÕES GERAIS ESTADUAIS 2026";90002537443;1;"HTTPS://WWW.INSTAGRAM.COM/RAFAELMARRACN?IGSH=EGG3B3R2Y3RMMMR5"
"01/10/2026";"08:31:01";2026;"GO";2;"ELEIÇÃO ORDINÁRIA";6259;"ELEIÇÕES GERAIS ESTADUAIS 2026";90002537448;3;"https://www.facebook.com/share/1DBDJyvvLw/"
"01/10/2026";"08:31:01";2026;"GO";2;"ELEIÇÃO ORDINÁRIA";6259;"ELEIÇÕES GERAIS ESTADUAIS 2026";90002540978;1;"HTTPS://WWW.INSTAGRAM.COM/PV.MARQUESS/"
"01/10/2026";"08:31:01";2026;"GO";2;"ELEIÇÃO ORDINÁRIA";6259;"ELEIÇÕES GERAIS ESTADUAIS 2026";90002540997;1;"HTTPS://WWW.INSTAGRAM.COM/GRACINHACAIADO"
"01/10/2026";"08:31:01";2026;"GO";2;"ELEIÇÃO ORDINÁRIA";6259;"ELEIÇÕES GERAIS ESTADUAIS 2026";90002554347;1;"@PATRICIASANTIAGOOOO"
"01/10/2026";"08:31:01";2026;"GO";2;"ELEIÇÃO ORDINÁRIA";6259;"ELEIÇÕES GERAIS ESTADUAIS 2026";90002540988;2;"https://www.facebook.com/WeltonLemosOficial/?utm_source=chatgpt.com"
"01/10/2026";"08:31:01";2026;"GO";2;"ELEIÇÃO ORDINÁRIA";6259;"ELEIÇÕES GERAIS ESTADUAIS 2026";90002543793;1;"HTTPS://WWW.INSTAGRAM.COM/GILSON.BRAVOF?IGSH=C3A1EGM1OGJXYNF2"
"01/10/2026";"08:31:01";2026;"GO";2;"ELEIÇÃO ORDINÁRIA";6259;"ELEIÇÕES GERAIS ESTADUAIS 2026";90002543126;1;"@GILTAVARESNEROPOLIS"
"01/10/2026";"08:31:01";2026;"GO";2;"ELEIÇÃO ORDINÁRIA";6259;"ELEIÇÕES GERAIS ESTADUAIS 2026";90002543127;2;"HTTPS://WWW.INSTAGRAM.COM/ZEDAIMPERIALOFICIAL"
"01/10/2026";"08:31:01";2026;"GO";2;"ELEIÇÃO ORDINÁRIA";6259;"ELEIÇÕES GERAIS ESTADUAIS 2026";90002543135;2;"PÁGINA NO FACEBOOK: HTTPS://WWW.FACEBOOK.COM/SHARE/1JNPKYIDKT/?MIBEXTID=WWXIFR"
"01/10/2026";"08:31:01";2026;"GO";2;"ELEIÇÃO ORDINÁRIA";6259;"ELEIÇÕES GERAIS ESTADUAIS 2026";90002543135;3;"https://www.anapaularezendego.com.br"
"01/10/2026";"08:31:01";2026;"GO";2;"ELEIÇÃO ORDINÁRIA";6259;"ELEIÇÕES GERAIS ESTADUAIS 2026";90002543137;1;"@BIANYOFICIAL"
"01/10/2026";"08:31:01";2026;"GO";2;"ELEIÇÃO ORDINÁRIA";6259;"ELEIÇÕES GERAIS ESTADUAIS 2026";90002543140;2;"HTTPS://WWW.FACEBOOK.COM/SHARE/1JUHLNYFGN/?MIBEXTID=WWXIFR"
"01/10/2026";"08:31:01";2026;"GO";2;"ELEIÇÃO ORDINÁRIA";6259;"ELEIÇÕES GERAIS ESTADUAIS 2026";90002544872;3;"https://www.instagram.com/prof.mariazilma/"
"01/10/2026";"08:31:01";2026;"GO";2;"ELEIÇÃO ORDINÁRIA";6259;"ELEIÇÕES GERAIS ESTADUAIS 2026";90002544883;1;"HTTPS://WWW.INSTAGRAM.COM/GENIOEURIPEDESCABRALDEASSIS/"
"01/10/2026";"08:31:01";2026;"GO";2;"ELEIÇÃO ORDINÁRIA";6259;"ELEIÇÕES GERAIS ESTADUAIS 2026";90002544898;3;"https://www.facebook.com/profile.php?id=61588637492422&locale=pt_BR"
"01/10/2026";"08:31:01";2026;"GO";2;"ELEIÇÃO ORDINÁRIA";6259;"ELEIÇÕES GERAIS ESTADUAIS 2026";90002543566;4;"https://www.tiktok.com/@lucascalilgo?_r=1&_t=ZS98gsF1AgDKB"
"01/10/2026";"08:31:01";2026;"GO";2;"ELEIÇÃO ORDINÁRIA";6259;"ELEIÇÕES GERAIS ESTADUAIS 2026";90002543471;4;"https://www.tiktok.com/@ismael.alexandrino?_r=1&_t=ZS-99N6YTPjwjo"
"01/10/2026";"08:31:01";2026;"GO";2;"ELEIÇÃO ORDINÁRIA";6259;"ELEIÇÕES GERAIS ESTADUAIS 2026";90002543473;1;"HTTPS://DANIELAGROBOM.COM.BR/"
"01/10/2026";"08:31:01";2026;"GO";2;"ELEIÇÃO ORDINÁRIA";6259;"ELEIÇÕES GERAIS ESTADUAIS 2026";90002543147;3;"https://www.facebook.com/share/191HGLdypX/?mibextid=wwXIfr"
"01/10/2026";"08:31:01";2026;"GO";2;"ELEIÇÃO ORDINÁRIA";6259;"ELEIÇÕES GERAIS ESTADUAIS 2026";90002543826;1;"HTTPS://WWW.INSTAGRAM.COM/MIRANDAJESUZ?UTM_SOURCE=IG_WEB_BUTTON_SHARE_SHEET&IGSH"
"01/10/2026";"08:31:01";2026;"GO";2;"ELEIÇÃO ORDINÁRIA";6259;"ELEIÇÕES GERAIS ESTADUAIS 2026";90002543831;3;"HTTPS://WWW.INSTAGRAM.COM/MATEUSMOURAGO?IGSH=MWT6NGTIBNVMZMXICQ=="
"01/10/2026";"08:31:01";2026;"GO";2;"ELEIÇÃO ORDINÁRIA";6259;"ELEIÇÕES GERAIS ESTADUAIS 2026";90002543846;4;"HTTPS://WWW.TIKTOK.COM/@POETAENIOBRITO?IS_FROM_WEBAPP=1&SENDER_DEVICE=PC"
"01/10/2026";"08:31:01";2026;"GO";2;"ELEIÇÃO ORDINÁRIA";6259;"ELEIÇÕES GERAIS ESTADUAIS 2026";90002540998;1;"HTTPS://WWW.INSTAGRAM.COM/GUSTAVOMMENDANHA?IGSH=NJIZA2DMZZBNDJV0"
"01/10/2026";"08:31:01";2026;"GO";2;"ELEIÇÃO ORDINÁRIA";6259;"ELEIÇÕES GERAIS ESTADUAIS 2026";90002543500;1;"WWW.HENRIQUEZINI.COM.BR"
"01/10/2026";"08:31:01";2026;"GO";2;"ELEIÇÃO ORDINÁRIA";6259;"ELEIÇÕES GERAIS ESTADUAIS 2026";90002547014;1;"HTTPS://WWW.INSTAGRAM.COM/DIOGENESRESIDUOZERO?IGSH=AMM4YWF4B2S0CNC4&U"
"01/10/2026";"08:31:01";2026;"GO";2;"ELEIÇÃO ORDINÁRIA";6259;"ELEIÇÕES GERAIS ESTADUAIS 2026";90002547022;1;"HTTPS://WWW.INSTAGRAM.COM/CLAUDIASILVA2026OFICIAL?IGSH=D2Y0ATL3CTZ4DXP5&UTM_SOUR"
"01/10/2026";"08:31:01";2026;"GO";2;"ELEIÇÃO ORDINÁRIA";6259;"ELEIÇÕES GERAIS ESTADUAIS 2026";90002547080;2;"HTTPS://WWW.FACEBOOK.COM/MUSQUELATOQUIO?LOCALE=PT_BR"
"01/10/2026";"08:31:01";2026;"GO";2;"ELEIÇÃO ORDINÁRIA";6259;"ELEIÇÕES GERAIS ESTADUAIS 2026";90002547089;1;"HTTPS://WWW.INSTAGRAM.COM/SILVSNA.PIRI?IGSH=BNBXBJVQEM5TANJP"
"01/10/2026";"08:31:01";2026;"GO";2;"ELEIÇÃO ORDINÁRIA";6259;"ELEIÇÕES GERAIS ESTADUAIS 2026";90002547109;1;"https://.facebook.com/ProfessorAlcidesOficial"
"01/10/2026";"08:31:01";2026;"GO";2;"ELEIÇÃO ORDINÁRIA";6259;"ELEIÇÕES GERAIS ESTADUAIS 2026";90002547120;3;"https://www.facebook.com/samuelalmeida55123"
"01/10/2026";"08:31:01";2026;"GO";2;"ELEIÇÃO ORDINÁRIA";6259;"ELEIÇÕES GERAIS ESTADUAIS 2026";90002540937;1;"HTTPS://WWW.INSTAGRAM.COM/JUIZEDUARDOCUBAS/"
"01/10/2026";"08:31:01";2026;"GO";2;"ELEIÇÃO ORDINÁRIA";6259;"ELEIÇÕES GERAIS ESTADUAIS 2026";90002541699;1;"@OZEIAS.MISSAO"
"01/10/2026";"08:31:01";2026;"GO";2;"ELEIÇÃO ORDINÁRIA";6259;"ELEIÇÕES GERAIS ESTADUAIS 2026";90002541701;3;"https://youtube.com/@vengelkuraggidim?si=QXFZ72VYkncyHSKl"
"01/10/2026";"08:31:01";2026;"GO";2;"ELEIÇÃO ORDINÁRIA";6259;"ELEIÇÕES GERAIS ESTADUAIS 2026";90002541709;4;"https://youtube.com/@khalill_gui"
"01/10/2026";"08:31:01";2026;"GO";2;"ELEIÇÃO ORDINÁRIA";6259;"ELEIÇÕES GERAIS ESTADUAIS 2026";90002554472;3;"https://www.facebook.com/share/19DDqHbddp/?mibextid=wwXIfr"
"01/10/2026";"08:31:01";2026;"GO";2;"ELEIÇÃO ORDINÁRIA";6259;"ELEIÇÕES GERAIS ESTADUAIS 2026";90002544868;2;"https://www.facebook.com/share/18LHiLb5NW/?mibextid=wwXIfr"
"01/10/2026";"08:31:01";2026;"GO";2;"ELEIÇÃO ORDINÁRIA";6259;"ELEIÇÕES GERAIS ESTADUAIS 2026";90002548078;1;"@VALDECYDASAUDE_"
"01/10/2026";"08:31:01";2026;"GO";2;"ELEIÇÃO ORDINÁRIA";6259;"ELEIÇÕES GERAIS ESTADUAIS 2026";90002540149;4;"https://www.facebook.com/share/1D8vGTrRHS/"
"01/10/2026";"08:31:01";2026;"GO";2;"ELEIÇÃO ORDINÁRIA";6259;"ELEIÇÕES GERAIS ESTADUAIS 2026";90002551488;8;"https://www.instagram.com/sargentolorena?igsh=MXE1cnlsMWZ1b2U1c Q%3D%3D&utm_source=qr"
"01/10/2026";"08:31:01";2026;"GO";2;"ELEIÇÃO ORDINÁRIA";6259;"ELEIÇÕES GERAIS ESTADUAIS 2026";90002549181;1;"https://www.tcmaia2000.com.br/"
"01/10/2026";"08:31:01";2026;"GO";2;"ELEIÇÃO ORDINÁRIA";6259;"ELEIÇÕES GERAIS ESTADUAIS 2026";90002543772;2;"HTTPS://WWW.INSTAGRAM.COM/DIEGOMMORAIS?IGSH=MXVJZZZ4MXVNMWTO ,"
"01/10/2026";"08:31:01";2026;"GO";2;"ELEIÇÃO ORDINÁRIA";6259;"ELEIÇÕES GERAIS ESTADUAIS 2026";90002543778;1;"HTTPS://WWW.INSTAGRAM.COM/SUZE_2906/"
"01/10/2026";"08:31:01";2026;"GO";2;"ELEIÇÃO ORDINÁRIA";6259;"ELEIÇÕES GERAIS ESTADUAIS 2026";90002543851;8;"GUARDIOESDAFLORESTA@GMAIL.COM"
"01/10/2026";"08:31:01";2026;"GO";2;"ELEIÇÃO ORDINÁRIA";6259;"ELEIÇÕES GERAIS ESTADUAIS 2026";90002543459;9;"HTTPS://WWW.INSTAGRAM.COM/REEL/DBCTNT8MKGW/?IGSH=CGH2DDA4ZZF0BW9W"
"01/10/2026";"08:31:01";2026;"GO";2;"ELEIÇÃO ORDINÁRIA";6259;"ELEIÇÕES GERAIS ESTADUAIS 2026";90002543463;1;"HTTPS://WWW.INSTAGRAM.COM/MARCONIPERILLO/"
"01/10/2026";"08:31:01";2026;"GO";2;"ELEIÇÃO ORDINÁRIA";6259;"ELEIÇÕES GERAIS ESTADUAIS 2026";90002551268;1;"KAWAI: @SEBASTIANAFREITASOFICIAL"
"01/10/2026";"08:31:01";2026;"GO";2;"ELEIÇÃO ORDINÁRIA";6259;"ELEIÇÕES GERAIS ESTADUAIS 2026";90002551197;1;"HTTPS//INSTAGRAM.COM/UNIDADEPOPULARGO"
"01/10/2026";"08:31:01";2026;"GO";2;"ELEIÇÃO ORDINÁRIA";6259;"ELEIÇÕES GERAIS ESTADUAIS 2026";90002540993;10;"https://chamanabota.com.br/"
"01/10/2026";"08:31:01";2026;"GO";2;"ELEIÇÃO ORDINÁRIA";6259;"ELEIÇÕES GERAIS ESTADUAIS 2026";90002543556;6;"HTTPS://GETTR.COM/USER/GUSTAVOGAYER"
"01/10/2026";"08:31:01";2026;"GO";2;"ELEIÇÃO ORDINÁRIA";6259;"ELEIÇÕES GERAIS ESTADUAIS 2026";90002543556;14;"http://t.me.joinchat/Odbt4Rfd5djLjnjH2Uc4Lw"
"01/10/2026";"08:31:01";2026;"GO";2;"ELEIÇÃO ORDINÁRIA";6259;"ELEIÇÕES GERAIS ESTADUAIS 2026";90002546221;2;"HTTPS://WWW.YOUTUBE.COM/@DEPUTADOCHARLESBENTO"
"01/10/2026";"08:31:01";2026;"GO";2;"ELEIÇÃO ORDINÁRIA";6259;"ELEIÇÕES GERAIS ESTADUAIS 2026";90002542615;1;"HTTPS://WWW.FACEBOOK.COM/SHARE/196FDR3YKL/?MIBEXTID=WWXIFR"
"01/10/2026";"08:31:01";2026;"GO";2;"ELEIÇÃO ORDINÁRIA";6259;"ELEIÇÕES GERAIS ESTADUAIS 2026";90002543214;2;"HTTPS://WWW.INSTAGRAM.COM/SAMIRAOHAJJAR"
"01/10/2026";"08:31:01";2026;"GO";2;"ELEIÇÃO ORDINÁRIA";6259;"ELEIÇÕES GERAIS ESTADUAIS 2026";90002543231;4;"https://www.facebook.com/sandropedrosooficial/"
"01/10/2026";"08:31:01";2026;"GO";2;"ELEIÇÃO ORDINÁRIA";6259;"ELEIÇÕES GERAIS ESTADUAIS 2026";90002543231;7;"https://www.sandropedroso.com.br/"
"01/10/2026";"08:31:01";2026;"GO";2;"ELEIÇÃO ORDINÁRIA";6259;"ELEIÇÕES GERAIS ESTADUAIS 2026";90002543232;1;"FACEBOOK. @NAILDETEIXEIRA"
"01/10/2026";"08:31:01";2026;"GO";2;"ELEIÇÃO ORDINÁRIA";6259;"ELEIÇÕES GERAIS ESTADUAIS 2026";90002537638;3;"HTTPS://WWW.FACEBOOK.COM/SHARE/R/1PWHYZKWUA/"
"01/10/2026";"08:31:01";2026;"GO";2;"ELEIÇÃO ORDINÁRIA";6259;"ELEIÇÕES GERAIS ESTADUAIS 2026";90002537638;10;"https://www.youtube.com/@leomachadoverdadeoficial"
"01/10/2026";"08:31:01";2026;"GO";2;"ELEIÇÃO ORDINÁRIA";6259;"ELEIÇÕES GERAIS ESTADUAIS 2026";90002537639;1;"HTTPS://WWW.INSTAGRAM.COM/REEL/DBI8GOBI3JG/?IGSH=MTVLC3DVYTZVMNGYZW=="
"01/10/2026";"08:31:01";2026;"GO";2;"ELEIÇÃO ORDINÁRIA";6259;"ELEIÇÕES GERAIS ESTADUAIS 2026";90002537427;1;"HTTPS://WWW.TIKTOK.COM/@FELIPEMABELOFICIAL?_R=1&_T=ZS-98TDRLOUSE2"
"01/10/2026";"08:31:01";2026;"GO";2;"ELEIÇÃO ORDINÁRIA";6259;"ELEIÇÕES GERAIS ESTADUAIS 2026";90002537427;2;"HTTPS://WWW.THREADS.COM/@FELIPEMABEL"
"01/10/2026";"08:31:01";2026;"GO";2;"ELEIÇÃO ORDINÁRIA";6259;"ELEIÇÕES GERAIS ESTADUAIS 2026";90002537429;3;"HTTPS://WWW.FACEBOOK.COM/SHARE/1D8WAPGEX4/?MIBEXTID=WWXIFR"
"01/10/2026";"08:31:01";2026;"GO";2;"ELEIÇÃO ORDINÁRIA";6259;"ELEIÇÕES GERAIS ESTADUAIS 2026";90002540960;1;"HTTPS://WWW.INSTAGRAM.COM/HENRIQUE.ARAUJO.OFICIAL.AGL"
"01/10/2026";"08:31:01";2026;"GO";2;"ELEIÇÃO ORDINÁRIA";6259;"ELEIÇÕES GERAIS ESTADUAIS 2026";90002537454;2;"HTTPS://WWW.INSTAGRAM.COM/BIEIZ.VALERIANO?UTM_SOURCE=QR"
"01/10/2026";"08:31:01";2026;"GO";2;"ELEIÇÃO ORDINÁRIA";6259;"ELEIÇÕES GERAIS ESTADUAIS 2026";90002537456;1;"HTTPS://WWW.FACEBOOK.COM/SHARE/1RXRRXCLPU/"
"01/10/2026";"08:31:01";2026;"GO";2;"ELEIÇÃO ORDINÁRIA";6259;"ELEIÇÕES GERAIS ESTADUAIS 2026";90002540971;1;"HTTPS://WWW.INSTAGRAM.COM/MISAELOLIVEIRA_30?IGSH=EMPHCW5QNTJ4NXZV"
"01/10/2026";"08:31:01";2026;"GO";2;"ELEIÇÃO ORDINÁRIA";6259;"ELEIÇÕES GERAIS ESTADUAIS 2026";90002540976;1;"HTTPS://WWW.TIKTOK.COM/@WANDERTOP10"
"01/10/2026";"08:31:01";2026;"GO";2;"ELEIÇÃO ORDINÁRIA";6259;"ELEIÇÕES GERAIS ESTADUAIS 2026";90002554189;1;"https://www.facebook.com/ademir.amador"
"01/10/2026";"08:31:01";2026;"GO";2;"ELEIÇÃO ORDINÁRIA";6259;"ELEIÇÕES GERAIS ESTADUAIS 2026";90002543786;1;"HTTPS://WWW.TIKTOK.COM/@RAFAELVASCONCELOSGOIAS"
"01/10/2026";"08:31:01";2026;"GO";2;"ELEIÇÃO ORDINÁRIA";6259;"ELEIÇÕES GERAIS ESTADUAIS 2026";90002543133;1;"INSTAGRAM - @LUCIAVASCONSELOS.PROFESSORA"
"01/10/2026";"08:31:01";2026;"GO";2;"ELEIÇÃO ORDINÁRIA";6259;"ELEIÇÕES GERAIS ESTADUAIS 2026";90002543140;1;"HTTPS://WWW.INSTAGRAM.COM/ETHIENNEGAYER?IGSH=MXYXOXNVBXD0EJBNNQ=="
"01/10/2026";"08:31:01";2026;"GO";2;"ELEIÇÃO ORDINÁRIA";6259;"ELEIÇÕES GERAIS ESTADUAIS 2026";90002546222;7;"https://www.youtube.com/@adibeliasoficial"
"01/10/2026";"08:31:01";2026;"GO";2;"ELEIÇÃO ORDINÁRIA";6259;"ELEIÇÕES GERAIS ESTADUAIS 2026";90002554396;1;"https://www.instagram.com/coletivo.csp?igsh=dWFkeTdsOXBuZXQ4"
"01/10/2026";"08:31:01";2026;"GO";2;"ELEIÇÃO ORDINÁRIA";6259;"ELEIÇÕES GERAIS ESTADUAIS 2026";90002546235;2;"FACEBOOK: ELIETY.RODRIGUES"
"01/10/2026";"08:31:01";2026;"GO";2;"ELEIÇÃO ORDINÁRIA";6259;"ELEIÇÕES GERAIS ESTADUAIS 2026";90002544869;3;"https://evandromagal.com.br"
"01/10/2026";"08:31:01";2026;"GO";2;"ELEIÇÃO ORDINÁRIA";6259;"ELEIÇÕES GERAIS ESTADUAIS 2026";90002544877;1;"HTTPS://WWW.INSTAGRAM.COM/FABIOFAYAD/"
"01/10/2026";"08:31:01";2026;"GO";2;"ELEIÇÃO ORDINÁRIA";6259;"ELEIÇÕES GERAIS ESTADUAIS 2026";90002543566;1;"https://www.instagram.com/lucascalilgo/"
"01/10/2026";"08:31:01";2026;"GO";2;"ELEIÇÃO ORDINÁRIA";6259;"ELEIÇÕES GERAIS ESTADUAIS 2026";90002543805;1;"HTTPS://WWW.FACEBOOK.COM/ PROFILE.PHP?ID=61592006307249"
"01/10/2026";"08:31:01";2026;"GO";2;"ELEIÇÃO ORDINÁRIA";6259;"ELEIÇÕES GERAIS ESTADUAIS 2026";90002545244;8;"https://www.threads.com/@iurecastro234"
"01/10/2026";"08:31:01";2026;"GO";2;"ELEIÇÃO ORDINÁRIA";6259;"ELEIÇÕES GERAIS ESTADUAIS 2026";90002551485;1;"@DELICEBRASILCOELHO - TIK TOK"
"01/10/2026";"08:31:01";2026;"GO";2;"ELEIÇÃO ORDINÁRIA";6259;"ELEIÇÕES GERAIS ESTADUAIS 2026";90002543827;2;"998749615"
"01/10/2026";"08:31:01";2026;"GO";2;"ELEIÇÃO ORDINÁRIA";6259;"ELEIÇÕES GERAIS ESTADUAIS 2026";90002543829;7;"INSTAGRAM.COM/DIEGOJEJEES.GO"
"01/10/2026";"08:31:01";2026;"GO";2;"ELEIÇÃO ORDINÁRIA";6259;"ELEIÇÕES GERAIS ESTADUAIS 2026";90002543836;8;"HTTPS://WWW.FACEBOOK.COM/SHARE/1DPWDSYQVC/"
"01/10/2026";"08:31:01";2026;"GO";2;"ELEIÇÃO ORDINÁRIA";6259;"ELEIÇÕES GERAIS ESTADUAIS 2026";90002543837;5;"HTTPS://WWW.FACEBOOK.COM/SHARE/18AUXRJSRB/"
"01/10/2026";"08:31:01";2026;"GO";2;"ELEIÇÃO ORDINÁRIA";6259;"ELEIÇÕES GERAIS ESTADUAIS 2026";90002543846;7;"HTTPS://WWW.THREADS.COM/@ENIOBRITO.POETA"
"01/10/2026";"08:31:01";2026;"GO";2;"ELEIÇÃO ORDINÁRIA";6259;"ELEIÇÕES GERAIS ESTADUAIS 2026";90002540999;1;"HTTPS://WWW.INSTAGRAM.COM/CORONEL.CARDOSO?IGSH=MWTPEWT3MDNMDJGYEQ=="
"01/10/2026";"08:31:01";2026;"GO";2;"ELEIÇÃO ORDINÁRIA";6259;"ELEIÇÕES GERAIS ESTADUAIS 2026";90002551199;1;"HTTPS://WWW.INSTAGRAM.COM/UNIDADEPOPULARGO"
"01/10/2026";"08:31:01";2026;"GO";2;"ELEIÇÃO ORDINÁRIA";6259;"ELEIÇÕES GERAIS ESTADUAIS 2026";90002547091;2;"HTTPS://WWW.FACEBOOK.COM/ALDENOR.CARNEIRO"
"01/10/2026";"08:31:01";2026;"GO";2;"ELEIÇÃO ORDINÁRIA";6259;"ELEIÇÕES GERAIS ESTADUAIS 2026";90002547104;5;"https://itamarleao4551.com"
"01/10/2026";"08:31:01";2026;"GO";2;"ELEIÇÃO ORDINÁRIA";6259;"ELEIÇÕES GERAIS ESTADUAIS 2026";90002547115;1;"HTTPS://WWW.INSTAGRAM.COM/CORONELEDSONRAIADO"
"01/10/2026";"08:31:01";2026;"GO";2;"ELEIÇÃO ORDINÁRIA";6259;"ELEIÇÕES GERAIS ESTADUAIS 2026";90002547123;1;"HTTPS://WWW.INSTAGRAM.COM/LEODEOLIVEIRACN/"
"01/10/2026";"08:31:01";2026;"GO";2;"ELEIÇÃO ORDINÁRIA";6259;"ELEIÇÕES GERAIS ESTADUAIS 2026";90002547403;3;"HTTPS://WWW.INSTAGRAM.COM/ADEDYSANTANA?IGSH=MXFMAXHONMJUBGRXMW%3D%3D"
"01/10/2026";"08:31:01";2026;"GO";2;"ELEIÇÃO ORDINÁRIA";6259;"ELEIÇÕES GERAIS ESTADUAIS 2026";90002537635;1;"HTTPS://WWW.INSTAGRAM.COM/IGORFRANCOOFICIAL?IGSH=YWCXODA3CHB2N3F1"
"01/10/2026";"08:31:01";2026;"GO";2;"ELEIÇÃO ORDINÁRIA";6259;"ELEIÇÕES GERAIS ESTADUAIS 2026";90002542626;3;"https://www.facebook.com/DeputadoVitorHugo/?locale=pt_BR"
"01/10/2026";"08:31:01";2026;"GO";2;"ELEIÇÃO ORDINÁRIA";6259;"ELEIÇÕES GERAIS ESTADUAIS 2026";90002551840;2;"HTTPS://WWW.INSTAGRAM.COM/PALOMALUDMYLA/"
"01/10/2026";"08:31:01";2026;"GO";2;"ELEIÇÃO ORDINÁRIA";6259;"ELEIÇÕES GERAIS ESTADUAIS 2026";90002547004;3;"HTTPS://WWW.TIKTOK.COM/@ABADYASDAMASCENO2?_R=1&_T=ZS-98IFXWI98B6"
"01/10/2026";"08:31:01";2026;"GO";2;"ELEIÇÃO ORDINÁRIA";6259;"ELEIÇÕES GERAIS ESTADUAIS 2026";90002551488;1;"@ALOREJARDEEN - INSTAGRAMhttps://cand-oficial.tse.jus.br/cand/pages/candidato/editar-candidato.jsf#"
"01/10/2026";"08:31:01";2026;"GO";2;"ELEIÇÃO ORDINÁRIA";6259;"ELEIÇÕES GERAIS ESTADUAIS 2026";90002543767;2;"HTTPS://WWW.FACEBOOK.COM/MEIRE.CRUVINEL"
"01/10/2026";"08:31:01";2026;"GO";2;"ELEIÇÃO ORDINÁRIA";6259;"ELEIÇÕES GERAIS ESTADUAIS 2026";90002543851;4;"HTTPS://VM.TIKTOK.COM/ZS9HGJ2SDD5CW-Q91PE/"
"01/10/2026";"08:31:01";2026;"GO";2;"ELEIÇÃO ORDINÁRIA";6259;"ELEIÇÕES GERAIS ESTADUAIS 2026";90002543855;2;"HTTPS://WWW.INSTAGRAM.COM/PROFESSORALEX50/"
"01/10/2026";"08:31:01";2026;"GO";2;"ELEIÇÃO ORDINÁRIA";6259;"ELEIÇÕES GERAIS ESTADUAIS 2026";90002543448;2;"HTTPS://WWW.INSTAGRAM.COM/XAVIERBERNARDO50"
"01/10/2026";"08:31:01";2026;"GO";2;"ELEIÇÃO ORDINÁRIA";6259;"ELEIÇÕES GERAIS ESTADUAIS 2026";90002543457;3;"HTTPS://WWW.FACEBOOK.COM/HUMBERTOCHAVES5050/"
"01/10/2026";"08:31:01";2026;"GO";2;"ELEIÇÃO ORDINÁRIA";6259;"ELEIÇÕES GERAIS ESTADUAIS 2026";90002543467;2;"HTTPS://WWW.YOUTUBE.COM/@PEDROHRSALES"
"01/10/2026";"08:31:01";2026;"GO";2;"ELEIÇÃO ORDINÁRIA";6259;"ELEIÇÕES GERAIS ESTADUAIS 2026";90002538943;3;"HTTPS://K.KWAI.COM/U/@THUMILLA_BARBIE/6ABC1SUY"
"01/10/2026";"08:31:01";2026;"GO";2;"ELEIÇÃO ORDINÁRIA";6259;"ELEIÇÕES GERAIS ESTADUAIS 2026";90002540993;5;"HTTPS://BR.LINKEDIN.COM/IN/DANIELVILELA15"
"01/10/2026";"08:31:01";2026;"GO";2;"ELEIÇÃO ORDINÁRIA";6259;"ELEIÇÕES GERAIS ESTADUAIS 2026";90002543800;2;"HTTPS://INSTAGRAM.COM/DEPUTADOAMAURIRIBEIRO"
"01/10/2026";"08:31:01";2026;"GO";2;"ELEIÇÃO ORDINÁRIA";6259;"ELEIÇÕES GERAIS ESTADUAIS 2026";90002546220;4;"WWW.DEPUTADOPAULOCEZARMARTINS.COM.BR/"
"01/10/2026";"08:31:01";2026;"GO";2;"ELEIÇÃO ORDINÁRIA";6259;"ELEIÇÕES GERAIS ESTADUAIS 2026";90002546242;3;"https://www.facebook.com/share/1HciQudAK8/"
"01/10/2026";"08:31:01";2026;"GO";2;"ELEIÇÃO ORDINÁRIA";6259;"ELEIÇÕES GERAIS ESTADUAIS 2026";90002541454;7;"https://www.facebook.com/cintiadiaspsolgo/"
"01/10/2026";"08:31:01";2026;"GO";2;"ELEIÇÃO ORDINÁRIA";6259;"ELEIÇÕES GERAIS ESTADUAIS 2026";90002543221;4;"https://www.threads.com/@brauliocflores?igshid=NTc4MTIwNjQ2YQ"
"01/10/2026";"08:31:01";2026;"GO";2;"ELEIÇÃO ORDINÁRIA";6259;"ELEIÇÕES GERAIS ESTADUAIS 2026";90002543117;1;"ULISSESSOUSA7"
"01/10/2026";"08:31:01";2026;"GO";2;"ELEIÇÃO ORDINÁRIA";6259;"ELEIÇÕES GERAIS ESTADUAIS 2026";90002543231;5;"https://www.sandropedroso.com.br/"
"01/10/2026";"08:31:01";2026;"GO";2;"ELEIÇÃO ORDINÁRIA";6259;"ELEIÇÕES GERAIS ESTADUAIS 2026";90002537637;2;"HTTPS://WWW.FACEBOOK.COM/SHARE/1DCYL9MFEB/"
"01/10/2026";"08:31:01";2026;"GO";2;"ELEIÇÃO ORDINÁRIA";6259;"ELEIÇÕES GERAIS ESTADUAIS 2026";90002537425;2;"HTTPS://WWW.INSTAGRAM.COM/ZYLMA.ALMEIDA/"
"01/10/2026";"08:31:01";2026;"GO";2;"ELEIÇÃO ORDINÁRIA";6259;"ELEIÇÕES GERAIS ESTADUAIS 2026";90002540956;4;"HTTPS://WWW.OUTSETCOMUNICACAO.COM.BR/SISTEMAS/MARCIO"
"01/10/2026";"08:31:01";2026;"GO";2;"ELEIÇÃO ORDINÁRIA";6259;"ELEIÇÕES GERAIS ESTADUAIS 2026";90002537435;5;"HTTPS://WWW.YOUTUBE.COM/@TENENTECESARSALUSTIANO"
"01/10/2026";"08:31:01";2026;"GO";2;"ELEIÇÃO ORDINÁRIA";6259;"ELEIÇÕES GERAIS ESTADUAIS 2026";90002537441;2;"HTTPS://WWW.FACEBOOK.COM/WILLIAN.PANDA"
"01/10/2026";"08:31:01";2026;"GO";2;"ELEIÇÃO ORDINÁRIA";6259;"ELEIÇÕES GERAIS ESTADUAIS 2026";90002540958;1;"HTTPS://WWW.INSTAGRAM.COM/WALTINHOGO/"
"01/10/2026";"08:31:01";2026;"GO";2;"ELEIÇÃO ORDINÁRIA";6259;"ELEIÇÕES GERAIS ESTADUAIS 2026";90002547129;2;"HTTPS://WWW.TIKTOK.COM/@NIXONDASCASINHAS_"
"01/10/2026";"08:31:01";2026;"GO";2;"ELEIÇÃO ORDINÁRIA";6259;"ELEIÇÕES GERAIS ESTADUAIS 2026";90002547139;4;"HTTPS://WWW.THREADS.COM/@AAVASANTIAGO"
"01/10/2026";"08:31:01";2026;"GO";2;"ELEIÇÃO ORDINÁRIA";6259;"ELEIÇÕES GERAIS ESTADUAIS 2026";90002543829;5;"THREADS.COM/@DIEGOJEJEES.GO"
"01/10/2026";"08:31:01";2026;"GO";2;"ELEIÇÃO ORDINÁRIA";6259;"ELEIÇÕES GERAIS ESTADUAIS 2026";90002543833;3;"HTTPS://LINKTR.EE/ANTONIOZAYEKINFO"
"01/10/2026";"08:31:01";2026;"GO";2;"ELEIÇÃO ORDINÁRIA";6259;"ELEIÇÕES GERAIS ESTADUAIS 2026";90002543836;2;"HTTPS://WWW.YOUTUBE.COM/@STHEFANIOICNAMA"
"01/10/2026";"08:31:01";2026;"GO";2;"ELEIÇÃO ORDINÁRIA";6259;"ELEIÇÕES GERAIS ESTADUAIS 2026";90002547011;4;"https://www.facebook.com/profile.php?id=61567835192259"
"01/10/2026";"08:31:01";2026;"GO";2;"ELEIÇÃO ORDINÁRIA";6259;"ELEIÇÕES GERAIS ESTADUAIS 2026";90002547033;1;"HTTPS://WWW.INSTAGRAM.COM/ELIENEROSA_13?IGSH=CDA1CJVSMXMXEJZT"
"01/10/2026";"08:31:01";2026;"GO";2;"ELEIÇÃO ORDINÁRIA";6259;"ELEIÇÕES GERAIS ESTADUAIS 2026";90002547115;3;"HTTPS://WWW.INSTAGRAM.COM/CORONEL_CONTA_RESERVA_/"
"01/10/2026";"08:31:01";2026;"GO";2;"ELEIÇÃO ORDINÁRIA";6259;"ELEIÇÕES GERAIS ESTADUAIS 2026";90002547125;2;"HTTPS://WWW.INSTAGRAM.COM/PAULODOVALE"
"01/10/2026";"08:31:01";2026;"GO";2;"ELEIÇÃO ORDINÁRIA";6259;"ELEIÇÕES GERAIS ESTADUAIS 2026";90002540936;2;"HTTPS://WWW.FACEBOOK.COM/SHARE/1EHM9JGTGA/?MIBEXTID=WWXIFR"
"01/10/2026";"08:31:01";2026;"GO";2;"ELEIÇÃO ORDINÁRIA";6259;"ELEIÇÕES GERAIS ESTADUAIS 2026";90002540941;1;"HTTPS://WWW.INSTAGRAM.COM/ESOBREISSO_ROSAGONOLLI/FOLLOWING/"
"01/10/2026";"08:31:01";2026;"GO";2;"ELEIÇÃO ORDINÁRIA";6259;"ELEIÇÕES GERAIS ESTADUAIS 2026";90002539153;4;"https://turmadoedward.com.br"
"01/10/2026";"08:31:01";2026;"GO";2;"ELEIÇÃO ORDINÁRIA";6259;"ELEIÇÕES GERAIS ESTADUAIS 2026";90002543139;1;"HTTPS://WWW.FACEBOOK.COM/SHARE/1MI4WEM6X6/?MIBEXTID=WWXIFR"
"01/10/2026";"08:31:01";2026;"GO";2;"ELEIÇÃO ORDINÁRIA";6259;"ELEIÇÕES GERAIS ESTADUAIS 2026";90002546222;11;"https://www.instagram.com/goiascomadib/"
"01/10/2026";"08:31:01";2026;"GO";2;"ELEIÇÃO ORDINÁRIA";6259;"ELEIÇÕES GERAIS ESTADUAIS 2026";90002543145;1;"JOAQUIMGUILHERME"
"01/10/2026";"08:31:01";2026;"GO";2;"ELEIÇÃO ORDINÁRIA";6259;"ELEIÇÕES GERAIS ESTADUAIS 2026";90002543154;1;"HTTPS://WWW.INSTAGRAM.COM/SILVAMARLENESAMPAIODA?IGSH=MWT6EW5IBDB3Y2VICQ=="
"01/10/2026";"08:31:01";2026;"GO";2;"ELEIÇÃO ORDINÁRIA";6259;"ELEIÇÕES GERAIS ESTADUAIS 2026";90002554396;2;"https://www.tiktok.com/@delegadoedsonveluz?_r=1&_t=ZS-97k0O8GB5gV"
"01/10/2026";"08:31:01";2026;"GO";2;"ELEIÇÃO ORDINÁRIA";6259;"ELEIÇÕES GERAIS ESTADUAIS 2026";90002546236;2;"https://www.instagram.com/terezinhaamaraal?igsi=OTZhMjhwZWg2a2lq."
"01/10/2026";"08:31:01";2026;"GO";2;"ELEIÇÃO ORDINÁRIA";6259;"ELEIÇÕES GERAIS ESTADUAIS 2026";90002543173;4;"HTTPS://FERNANDOCRUVINELGO.COM.BR/"
"01/10/2026";"08:31:01";2026;"GO";2;"ELEIÇÃO ORDINÁRIA";6259;"ELEIÇÕES GERAIS ESTADUAIS 2026";90002544873;2;"https://www.instagram.com/capitawaleska"
"01/10/2026";"08:31:01";2026;"GO";2;"ELEIÇÃO ORDINÁRIA";6259;"ELEIÇÕES GERAIS ESTADUAIS 2026";90002544873;4;"https://www.tiktok.com/@capitawaleska"
"01/10/2026";"08:31:01";2026;"GO";2;"ELEIÇÃO ORDINÁRIA";6259;"ELEIÇÕES GERAIS ESTADUAIS 2026";90002544878;2;"https://w.w.w.facebook.com/profile.php"
"01/10/2026";"08:31:01";2026;"GO";2;"ELEIÇÃO ORDINÁRIA";6259;"ELEIÇÕES GERAIS ESTADUAIS 2026";90002544894;3;"https://www.tiktok.com/@andreasantos.2026?_r=1&_t=ZS-99cPZqRElt7"
"01/10/2026";"08:31:01";2026;"GO";2;"ELEIÇÃO ORDINÁRIA";6259;"ELEIÇÕES GERAIS ESTADUAIS 2026";90002547039;1;"INSTAGRAM:  HTTPS://WWW.INSTAGRAM.COM/ANDREDOPREMIUM?IGSH=AGX5Y213CWJJZ3DH"
"01/10/2026";"08:31:01";2026;"GO";2;"ELEIÇÃO ORDINÁRIA";6259;"ELEIÇÕES GERAIS ESTADUAIS 2026";90002547083;3;"HTTPS://WWW.TIKTOK.COM/@KARLOSCABRALOFICIAL"
"01/10/2026";"08:31:01";2026;"GO";2;"ELEIÇÃO ORDINÁRIA";6259;"ELEIÇÕES GERAIS ESTADUAIS 2026";90002548376;5;"https://www.facebook.com/marussaboldrin.go/"
"01/10/2026";"08:31:01";2026;"GO";2;"ELEIÇÃO ORDINÁRIA";6259;"ELEIÇÕES GERAIS ESTADUAIS 2026";90002548378;5;"DEPUTADO QUIRINO"
"01/10/2026";"08:31:01";2026;"GO";2;"ELEIÇÃO ORDINÁRIA";6259;"ELEIÇÕES GERAIS ESTADUAIS 2026";90002543805;3;"HTTPS://WWW.FACEBOOK.COM/RAMOSSSOMAR"
"01/10/2026";"08:31:01";2026;"GO";2;"ELEIÇÃO ORDINÁRIA";6259;"ELEIÇÕES GERAIS ESTADUAIS 2026";90002543789;1;"HTTPS://WWW.FACEBOOK.COM/VER.PROF.REGINALDOPACHECO?RDID=SAMQ5PAI9FD2WEAW&SHARE_U"
"01/10/2026";"08:31:01";2026;"GO";2;"ELEIÇÃO ORDINÁRIA";6259;"ELEIÇÕES GERAIS ESTADUAIS 2026";90002543119;1;"@FELIPECORTEZB"
