"DT_GERACAO";"HH_GERACAO";"AA_ELEICAO";"SG_UF";"CD_TIPO_ELEICAO";"NM_TIPO_ELEICAO";"CD_ELEICAO";"DS_ELEICAO";"SQ_CANDIDATO";"NR_ORDEM_REDE_SOCIAL";"DS_URL"
"01/10/2026";"08:31:01";2026;"SE";2;"ELEIÇÃO ORDINÁRIA";6259;"ELEIÇÕES GERAIS ESTADUAIS 2026";260002533075;3;"INSTAGRAN @SUSANEVIDAL"
"01/10/2026";"08:31:01";2026;"SE";2;"ELEIÇÃO ORDINÁRIA";6259;"ELEIÇÕES GERAIS ESTADUAIS 2026";260002541265;4;"HTTPS://X.COM/BRENOGARIBALDE?S=11"
"01/10/2026";"08:31:01";2026;"SE";2;"ELEIÇÃO ORDINÁRIA";6259;"ELEIÇÕES GERAIS ESTADUAIS 2026";260002545677;3;"HTTPS://WWW.INSTAGRAM.COM/IRANBARBOSAOFICIAL"
"01/10/2026";"08:31:01";2026;"SE";2;"ELEIÇÃO ORDINÁRIA";6259;"ELEIÇÕES GERAIS ESTADUAIS 2026";260002549711;4;"https://www.facebook.com/profile.php?id=61550870136220&mibextid=rS40aB7S9Ucbxw6v"
"01/10/2026";"08:31:01";2026;"SE";2;"ELEIÇÃO ORDINÁRIA";6259;"ELEIÇÕES GERAIS ESTADUAIS 2026";260002535743;5;"HTTPS://WWW.TIKTOK.COM/@DELDANIELLEGARCIA"
"01/10/2026";"08:31:01";2026;"SE";2;"ELEIÇÃO ORDINÁRIA";6259;"ELEIÇÕES GERAIS ESTADUAIS 2026";260002550449;1;"HTTPS://WWW.INSTAGRAM.COM/PAULOROBERTO_2028/"
"01/10/2026";"08:31:01";2026;"SE";2;"ELEIÇÃO ORDINÁRIA";6259;"ELEIÇÕES GERAIS ESTADUAIS 2026";260002550450;1;"HTTPS://WWW.INSTAGRAM.COM/_INGRIDOLIIVEIRAA/"
"01/10/2026";"08:31:01";2026;"SE";2;"ELEIÇÃO ORDINÁRIA";6259;"ELEIÇÕES GERAIS ESTADUAIS 2026";260002550453;2;"@NINA_IMPORT  -  INSTAGRAM"
"01/10/2026";"08:31:01";2026;"SE";2;"ELEIÇÃO ORDINÁRIA";6259;"ELEIÇÕES GERAIS ESTADUAIS 2026";260002533086;1;"HTTPS://WWW.INSTAGRAM.COM/JOAOZINHODESOLINHA?IGSH=MXFTMWO1NHNIDMW5DA=="
"01/10/2026";"08:31:01";2026;"SE";2;"ELEIÇÃO ORDINÁRIA";6259;"ELEIÇÕES GERAIS ESTADUAIS 2026";260002542470;2;"HTTPS://WWW.TIKTOK.COM/@DELEGADAKATARINA"
"01/10/2026";"08:31:01";2026;"SE";2;"ELEIÇÃO ORDINÁRIA";6259;"ELEIÇÕES GERAIS ESTADUAIS 2026";260002547487;1;"INSTAGRAM - @DEPLUCIANOBISPO"
"01/10/2026";"08:31:01";2026;"SE";2;"ELEIÇÃO ORDINÁRIA";6259;"ELEIÇÕES GERAIS ESTADUAIS 2026";260002554530;2;"https://www.instagram.com/rosanedinah?stkn=NjI4cXN6eXp4OXB5"
"01/10/2026";"08:31:01";2026;"SE";2;"ELEIÇÃO ORDINÁRIA";6259;"ELEIÇÕES GERAIS ESTADUAIS 2026";260002545630;2;"https://www.facebook.com/augustocersa"
"01/10/2026";"08:31:01";2026;"SE";2;"ELEIÇÃO ORDINÁRIA";6259;"ELEIÇÕES GERAIS ESTADUAIS 2026";260002547413;2;"https://www.facebook.com/profile.php?id=61565221479153"
"01/10/2026";"08:31:01";2026;"SE";2;"ELEIÇÃO ORDINÁRIA";6259;"ELEIÇÕES GERAIS ESTADUAIS 2026";260002547440;4;"WWW.INTAGRAM.COM/MARCIOMACEDOPT"
"01/10/2026";"08:31:01";2026;"SE";2;"ELEIÇÃO ORDINÁRIA";6259;"ELEIÇÕES GERAIS ESTADUAIS 2026";260002540224;2;"HTTPS://WWW.INSTAGRAM.COM/DELEGADOCLEVERFARIAS/"
"01/10/2026";"08:31:01";2026;"SE";2;"ELEIÇÃO ORDINÁRIA";6259;"ELEIÇÕES GERAIS ESTADUAIS 2026";260002547480;1;"INSTAGRAM - @GABYGARIBALDE"
"01/10/2026";"08:31:01";2026;"SE";2;"ELEIÇÃO ORDINÁRIA";6259;"ELEIÇÕES GERAIS ESTADUAIS 2026";260002547483;2;"INSTAGRAM - @EU.ALICECAROLINE"
"01/10/2026";"08:31:01";2026;"SE";2;"ELEIÇÃO ORDINÁRIA";6259;"ELEIÇÕES GERAIS ESTADUAIS 2026";260002547485;1;"INSTAGRAM - @ADROALDOALVES"
"01/10/2026";"08:31:01";2026;"SE";2;"ELEIÇÃO ORDINÁRIA";6259;"ELEIÇÕES GERAIS ESTADUAIS 2026";260002551548;1;"HTTPS://WWW.INSTAGRAM.COM/CRISS_TEIXEIRAA_"
"01/10/2026";"08:31:01";2026;"SE";2;"ELEIÇÃO ORDINÁRIA";6259;"ELEIÇÕES GERAIS ESTADUAIS 2026";260002541260;1;"HTTPS://WWW.INSTAGRAM.COM/CLAUDIO_MITIDIERI"
"01/10/2026";"08:31:01";2026;"SE";2;"ELEIÇÃO ORDINÁRIA";6259;"ELEIÇÕES GERAIS ESTADUAIS 2026";260002549713;3;"HTTPS://K.KWAI.COM/U/CTOVNY9J"
"01/10/2026";"08:31:01";2026;"SE";2;"ELEIÇÃO ORDINÁRIA";6259;"ELEIÇÕES GERAIS ESTADUAIS 2026";260002547409;11;"https://www.gedalvaumbauba.com/"
"01/10/2026";"08:31:01";2026;"SE";2;"ELEIÇÃO ORDINÁRIA";6259;"ELEIÇÕES GERAIS ESTADUAIS 2026";260002549389;1;"HTTPS://WWW.INSTAGRAM.COM/FELIPEDUARTENUNES.SE/"
"01/10/2026";"08:31:01";2026;"SE";2;"ELEIÇÃO ORDINÁRIA";6259;"ELEIÇÕES GERAIS ESTADUAIS 2026";260002549395;1;"HTTPS://WWW.INSTAGRAM.COM/CRYSMOURA11555/"
"01/10/2026";"08:31:01";2026;"SE";2;"ELEIÇÃO ORDINÁRIA";6259;"ELEIÇÕES GERAIS ESTADUAIS 2026";260002550774;3;"https://www.facebook.com/share/1GgvwjC2rH/?mibextid=wwXIfr"
"01/10/2026";"08:31:01";2026;"SE";2;"ELEIÇÃO ORDINÁRIA";6259;"ELEIÇÕES GERAIS ESTADUAIS 2026";260002547420;5;"HTTPS://WWW.THREADS.COM/@DELEGADOMARIOLEONY"
"01/10/2026";"08:31:01";2026;"SE";2;"ELEIÇÃO ORDINÁRIA";6259;"ELEIÇÕES GERAIS ESTADUAIS 2026";260002540206;1;"WWW.INSTAGRAM.COM/ACACIA29793"
"01/10/2026";"08:31:01";2026;"SE";2;"ELEIÇÃO ORDINÁRIA";6259;"ELEIÇÕES GERAIS ESTADUAIS 2026";260002535597;2;"HTTPS://WWW.INSTAGRAM.COM/P/DYZ8DZHVQR8/?IGSH=MTL3ZWRZBWT6M29IYW=="
"01/10/2026";"08:31:01";2026;"SE";2;"ELEIÇÃO ORDINÁRIA";6259;"ELEIÇÕES GERAIS ESTADUAIS 2026";260002550426;1;"PR.DANIEL.OFC_PROJETO_SOCIAL (FACEBOOK)"
"01/10/2026";"08:31:01";2026;"SE";2;"ELEIÇÃO ORDINÁRIA";6259;"ELEIÇÕES GERAIS ESTADUAIS 2026";260002550442;1;"HTTPS://WWW.INSTAGRAM.COM/PR.ZECARLOSVIEIRA/"
"01/10/2026";"08:31:01";2026;"SE";2;"ELEIÇÃO ORDINÁRIA";6259;"ELEIÇÕES GERAIS ESTADUAIS 2026";260002550444;3;"https://www.tiktok.com/@joelfernandesoficial"
"01/10/2026";"08:31:01";2026;"SE";2;"ELEIÇÃO ORDINÁRIA";6259;"ELEIÇÕES GERAIS ESTADUAIS 2026";260002547406;5;"@LEVIOLIVEIRASERGIPE"
"01/10/2026";"08:31:01";2026;"SE";2;"ELEIÇÃO ORDINÁRIA";6259;"ELEIÇÕES GERAIS ESTADUAIS 2026";260002547286;3;"https://www.facebook.com/search/top?q=ricardo%20vasconcelos"
"01/10/2026";"08:31:01";2026;"SE";2;"ELEIÇÃO ORDINÁRIA";6259;"ELEIÇÕES GERAIS ESTADUAIS 2026";260002547287;1;"@SELMAFRANCAAJU"
"01/10/2026";"08:31:01";2026;"SE";2;"ELEIÇÃO ORDINÁRIA";6259;"ELEIÇÕES GERAIS ESTADUAIS 2026";260002535743;2;"HTTPS://WWW.YOUTUBE.COM/@DELDANIELLEGARCIA"
"01/10/2026";"08:31:01";2026;"SE";2;"ELEIÇÃO ORDINÁRIA";6259;"ELEIÇÕES GERAIS ESTADUAIS 2026";260002550451;2;"RITA DA SAUDE - FACEBOOK"
"01/10/2026";"08:31:01";2026;"SE";2;"ELEIÇÃO ORDINÁRIA";6259;"ELEIÇÕES GERAIS ESTADUAIS 2026";260002550452;2;"@GILSON.FEDERAL20 - TIKTOK"
"01/10/2026";"08:31:01";2026;"SE";2;"ELEIÇÃO ORDINÁRIA";6259;"ELEIÇÕES GERAIS ESTADUAIS 2026";260002549129;1;"HTTPS://WWW. INSTAGRAM@SEGUEADAILTON"
"01/10/2026";"08:31:01";2026;"SE";2;"ELEIÇÃO ORDINÁRIA";6259;"ELEIÇÕES GERAIS ESTADUAIS 2026";260002542491;8;"SPOTFY - HTTPS://OPEN.SPOTIFY.COM/USER/316WUNZFTDZSKQ4RENNDROVZ4WSA"
"01/10/2026";"08:31:01";2026;"SE";2;"ELEIÇÃO ORDINÁRIA";6259;"ELEIÇÕES GERAIS ESTADUAIS 2026";260002549384;4;"HTTPS://WWW.INSTAGRAM.COM/MARCELOOSOBRAL/"
"01/10/2026";"08:31:01";2026;"SE";2;"ELEIÇÃO ORDINÁRIA";6259;"ELEIÇÕES GERAIS ESTADUAIS 2026";260002550754;4;"https://x.com/pimentelluciano?s=11"
"01/10/2026";"08:31:01";2026;"SE";2;"ELEIÇÃO ORDINÁRIA";6259;"ELEIÇÕES GERAIS ESTADUAIS 2026";260002554530;1;"https://www.facebook.com/danunciacao"
"01/10/2026";"08:31:01";2026;"SE";2;"ELEIÇÃO ORDINÁRIA";6259;"ELEIÇÕES GERAIS ESTADUAIS 2026";260002545627;1;"@BISPAWALTERCYA"
"01/10/2026";"08:31:01";2026;"SE";2;"ELEIÇÃO ORDINÁRIA";6259;"ELEIÇÕES GERAIS ESTADUAIS 2026";260002545635;3;"FACEBOOK: JOSEBISPO"
"01/10/2026";"08:31:01";2026;"SE";2;"ELEIÇÃO ORDINÁRIA";6259;"ELEIÇÕES GERAIS ESTADUAIS 2026";260002547447;1;"@VEREADORAMAFY"
"01/10/2026";"08:31:01";2026;"SE";2;"ELEIÇÃO ORDINÁRIA";6259;"ELEIÇÕES GERAIS ESTADUAIS 2026";260002547484;1;"INSTAGRAM - SEOCHICOBOTECO"
"01/10/2026";"08:31:01";2026;"SE";2;"ELEIÇÃO ORDINÁRIA";6259;"ELEIÇÕES GERAIS ESTADUAIS 2026";260002535754;3;"HTTPS://WWW.INSTAGRAM.COM/ANTONIOBALA.SE?IGSH=MTAXEXNOCDNTZDE3AW=="
"01/10/2026";"08:31:01";2026;"SE";2;"ELEIÇÃO ORDINÁRIA";6259;"ELEIÇÕES GERAIS ESTADUAIS 2026";260002541268;1;"HTTPS://WWW.INSTAGRAM.COM/DRATATIANEDOCARMO/"
"01/10/2026";"08:31:01";2026;"SE";2;"ELEIÇÃO ORDINÁRIA";6259;"ELEIÇÕES GERAIS ESTADUAIS 2026";260002541271;1;"https://tiktok.com/@deysy.lima.costa?_r=1&_t=zs-994jev1dnnw"
"01/10/2026";"08:31:01";2026;"SE";2;"ELEIÇÃO ORDINÁRIA";6259;"ELEIÇÕES GERAIS ESTADUAIS 2026";260002541276;2;"https://youtube.com/@rodrigosantosmissao"
"01/10/2026";"08:31:01";2026;"SE";2;"ELEIÇÃO ORDINÁRIA";6259;"ELEIÇÕES GERAIS ESTADUAIS 2026";260002552344;1;"@MARIARAIMUNDA"
"01/10/2026";"08:31:01";2026;"SE";2;"ELEIÇÃO ORDINÁRIA";6259;"ELEIÇÕES GERAIS ESTADUAIS 2026";260002547408;3;"HTTPS://WWW.YOUTUBE.COM/@YANDRAMOURASE"
"01/10/2026";"08:31:01";2026;"SE";2;"ELEIÇÃO ORDINÁRIA";6259;"ELEIÇÕES GERAIS ESTADUAIS 2026";260002536289;1;"HTTPS://WWW.INSTAGRAM.COM/TATIANECHAVES5/"
"01/10/2026";"08:31:01";2026;"SE";2;"ELEIÇÃO ORDINÁRIA";6259;"ELEIÇÕES GERAIS ESTADUAIS 2026";260002549467;1;"HTTPS://WWW.INSTAGRAM.COM/VEREADORA_PASTORASALETESILVA?IGSH=MTJYNWFVAMGXNNJIYQ=="
"01/10/2026";"08:31:01";2026;"SE";2;"ELEIÇÃO ORDINÁRIA";6259;"ELEIÇÕES GERAIS ESTADUAIS 2026";260002550768;1;"HTTPS://WWW.INSTAGRAM.COM/TARCISIO.DA.NCT/"
"01/10/2026";"08:31:01";2026;"SE";2;"ELEIÇÃO ORDINÁRIA";6259;"ELEIÇÕES GERAIS ESTADUAIS 2026";260002533090;1;"HTTPS://WWW.FACEBOOK.COM/ALLANMARQUES"
"01/10/2026";"08:31:01";2026;"SE";2;"ELEIÇÃO ORDINÁRIA";6259;"ELEIÇÕES GERAIS ESTADUAIS 2026";260002547422;3;"HTTPS://WWW.FACEBOOK.COM/OTAVIO.SALES.16144"
"01/10/2026";"08:31:01";2026;"SE";2;"ELEIÇÃO ORDINÁRIA";6259;"ELEIÇÕES GERAIS ESTADUAIS 2026";260002547431;4;"WWW.SERGIOSAMPAIOOFICIAL.COM.BR"
"01/10/2026";"08:31:01";2026;"SE";2;"ELEIÇÃO ORDINÁRIA";6259;"ELEIÇÕES GERAIS ESTADUAIS 2026";260002535590;3;"HTTPS://WWW.FACEBOOK.COM/SHARE/1JVCROS9MD/"
"01/10/2026";"08:31:01";2026;"SE";2;"ELEIÇÃO ORDINÁRIA";6259;"ELEIÇÕES GERAIS ESTADUAIS 2026";260002554131;2;"https://www.tiktok.com/@pastoralexandre22800?_r=1&_t=ZS-99ZMZgczIJt"
"01/10/2026";"08:31:01";2026;"SE";2;"ELEIÇÃO ORDINÁRIA";6259;"ELEIÇÕES GERAIS ESTADUAIS 2026";260002547290;5;"HTTPS://WWW.FACEBOOK.COM/ ANDREMOURASE"
"01/10/2026";"08:31:01";2026;"SE";2;"ELEIÇÃO ORDINÁRIA";6259;"ELEIÇÕES GERAIS ESTADUAIS 2026";260002550424;7;"https://x.com/marianaservente/"
"01/10/2026";"08:31:01";2026;"SE";2;"ELEIÇÃO ORDINÁRIA";6259;"ELEIÇÕES GERAIS ESTADUAIS 2026";260002550428;5;"https://www.tiktok.com/@eltondaenfermagem?_r=1&_t=ZS-98sxMRQXV1Y"
"01/10/2026";"08:31:01";2026;"SE";2;"ELEIÇÃO ORDINÁRIA";6259;"ELEIÇÕES GERAIS ESTADUAIS 2026";260002549712;7;"https://www.tiktok.com/@moana_valadares?_r=1&_t=ZS-99mrC0LbxYt"
"01/10/2026";"08:31:01";2026;"SE";2;"ELEIÇÃO ORDINÁRIA";6259;"ELEIÇÕES GERAIS ESTADUAIS 2026";260002550452;3;"GILSON ELETRICISTA - FACEBOOK"
"01/10/2026";"08:31:01";2026;"SE";2;"ELEIÇÃO ORDINÁRIA";6259;"ELEIÇÕES GERAIS ESTADUAIS 2026";260002549384;1;"HTTPS://FACEBOOK MARCELO SOBRAL"
"01/10/2026";"08:31:01";2026;"SE";2;"ELEIÇÃO ORDINÁRIA";6259;"ELEIÇÕES GERAIS ESTADUAIS 2026";260002545635;1;"TIKTOK: BISPOPT13"
"01/10/2026";"08:31:01";2026;"SE";2;"ELEIÇÃO ORDINÁRIA";6259;"ELEIÇÕES GERAIS ESTADUAIS 2026";260002547489;1;"INSTAGRAM - @OK_SIDICLEI"
"01/10/2026";"08:31:01";2026;"SE";2;"ELEIÇÃO ORDINÁRIA";6259;"ELEIÇÕES GERAIS ESTADUAIS 2026";260002547442;1;"BSKY: JD1311.BSKY.SOCIAL"
"01/10/2026";"08:31:01";2026;"SE";2;"ELEIÇÃO ORDINÁRIA";6259;"ELEIÇÕES GERAIS ESTADUAIS 2026";260002536296;4;"HTTPS://WWW.FACEBOOK.COM/PROJETOHUMANIZARSOCORROSE?RDID=AYQUKELADGIQUZYM&SHARE_U"
"01/10/2026";"08:31:01";2026;"SE";2;"ELEIÇÃO ORDINÁRIA";6259;"ELEIÇÕES GERAIS ESTADUAIS 2026";260002550933;1;"@BRUNATELLES_OFICIALL/INSTAGRAM"
"01/10/2026";"08:31:01";2026;"SE";2;"ELEIÇÃO ORDINÁRIA";6259;"ELEIÇÕES GERAIS ESTADUAIS 2026";260002550939;1;"@BEATRIZANDRADE.BIA1/INSTAGRAM"
"01/10/2026";"08:31:01";2026;"SE";2;"ELEIÇÃO ORDINÁRIA";6259;"ELEIÇÕES GERAIS ESTADUAIS 2026";260002549396;1;"@BRUNABRUNAUP"
"01/10/2026";"08:31:01";2026;"SE";2;"ELEIÇÃO ORDINÁRIA";6259;"ELEIÇÕES GERAIS ESTADUAIS 2026";260002550774;2;"https://www.tiktok.com/@ceciliamarquesivs?_r=1&_t=ZS-99GePLjDABj"
"01/10/2026";"08:31:01";2026;"SE";2;"ELEIÇÃO ORDINÁRIA";6259;"ELEIÇÕES GERAIS ESTADUAIS 2026";260002547425;1;"HTTPS://WWW.INSTAGRAM.COM/GILDO.__?IGSH=MWVRNDJ5CM04NTZ6DA%3D%3D"
"01/10/2026";"08:31:01";2026;"SE";2;"ELEIÇÃO ORDINÁRIA";6259;"ELEIÇÕES GERAIS ESTADUAIS 2026";260002547432;1;"HTTPS://WWW.FACEBOOK.COM/RICARDODESOUZA.RIBEIRO"
"01/10/2026";"08:31:01";2026;"SE";2;"ELEIÇÃO ORDINÁRIA";6259;"ELEIÇÕES GERAIS ESTADUAIS 2026";260002535598;1;"HTTPS://WWW.TIKTOK.COM/@CATIA.MODESTO?_R=1&_T=ZS-98TNJLCNWKU"
"01/10/2026";"08:31:01";2026;"SE";2;"ELEIÇÃO ORDINÁRIA";6259;"ELEIÇÕES GERAIS ESTADUAIS 2026";260002550428;3;"https://www.facebook.com/share/1NMpbdBLe2/"
"01/10/2026";"08:31:01";2026;"SE";2;"ELEIÇÃO ORDINÁRIA";6259;"ELEIÇÕES GERAIS ESTADUAIS 2026";260002550442;2;"https://www.instagram.com/pr.zecarlosvieira/"
"01/10/2026";"08:31:01";2026;"SE";2;"ELEIÇÃO ORDINÁRIA";6259;"ELEIÇÕES GERAIS ESTADUAIS 2026";260002547286;2;"https://www.instagram.com/ricardovasconcelos.aju"
"01/10/2026";"08:31:01";2026;"SE";2;"ELEIÇÃO ORDINÁRIA";6259;"ELEIÇÕES GERAIS ESTADUAIS 2026";260002541264;1;"HTTPS://WWW.INSTAGRAM.COM/ELBERBATALHA/"
"01/10/2026";"08:31:01";2026;"SE";2;"ELEIÇÃO ORDINÁRIA";6259;"ELEIÇÕES GERAIS ESTADUAIS 2026";260002545677;2;"HTTPS://X.COM/IRAN_BARBOSA"
"01/10/2026";"08:31:01";2026;"SE";2;"ELEIÇÃO ORDINÁRIA";6259;"ELEIÇÕES GERAIS ESTADUAIS 2026";260002550453;4;"https://www.threads.com/@silvioempreendedor_."
"01/10/2026";"08:31:01";2026;"SE";2;"ELEIÇÃO ORDINÁRIA";6259;"ELEIÇÕES GERAIS ESTADUAIS 2026";260002533082;1;"INSTAGRAM: @MISSIONARIAGISELECARVALHO"
"01/10/2026";"08:31:01";2026;"SE";2;"ELEIÇÃO ORDINÁRIA";6259;"ELEIÇÕES GERAIS ESTADUAIS 2026";260002533085;1;"HTTPS://WWW.INSTAGRAM.COM/ADRIANACARVALHOSE/"
"01/10/2026";"08:31:01";2026;"SE";2;"ELEIÇÃO ORDINÁRIA";6259;"ELEIÇÕES GERAIS ESTADUAIS 2026";260002551365;1;"@KRISVANIAGUEDES"
"01/10/2026";"08:31:01";2026;"SE";2;"ELEIÇÃO ORDINÁRIA";6259;"ELEIÇÕES GERAIS ESTADUAIS 2026";260002535752;1;"WWW.GARIBALDEMENDONCA.COM"
"01/10/2026";"08:31:01";2026;"SE";2;"ELEIÇÃO ORDINÁRIA";6259;"ELEIÇÕES GERAIS ESTADUAIS 2026";260002545641;1;"INSTAGRAM: @CHICODOCORREIO13"
"01/10/2026";"08:31:01";2026;"SE";2;"ELEIÇÃO ORDINÁRIA";6259;"ELEIÇÕES GERAIS ESTADUAIS 2026";260002547407;1;"@ANDREACORACAOVALENTE"
"01/10/2026";"08:31:01";2026;"SE";2;"ELEIÇÃO ORDINÁRIA";6259;"ELEIÇÕES GERAIS ESTADUAIS 2026";260002547443;1;"@ZANAAMANDA"
"01/10/2026";"08:31:01";2026;"SE";2;"ELEIÇÃO ORDINÁRIA";6259;"ELEIÇÕES GERAIS ESTADUAIS 2026";260002547490;3;"LINKEDIN - @SAMIRADAUD"
"01/10/2026";"08:31:01";2026;"SE";2;"ELEIÇÃO ORDINÁRIA";6259;"ELEIÇÕES GERAIS ESTADUAIS 2026";260002541272;4;"https://tiktok.com/@jonmhara0"
"01/10/2026";"08:31:01";2026;"SE";2;"ELEIÇÃO ORDINÁRIA";6259;"ELEIÇÕES GERAIS ESTADUAIS 2026";260002541274;3;"https://facebook.com/kelguimaraesoficial"
"01/10/2026";"08:31:01";2026;"SE";2;"ELEIÇÃO ORDINÁRIA";6259;"ELEIÇÕES GERAIS ESTADUAIS 2026";260002547408;1;"HTTPS://WWW.FACEBOOK.COM/YANDRAMOURASE"
"01/10/2026";"08:31:01";2026;"SE";2;"ELEIÇÃO ORDINÁRIA";6259;"ELEIÇÕES GERAIS ESTADUAIS 2026";260002547442;2;"INSTAGRAM: @DEPUTADOJOAODANIEL"
"01/10/2026";"08:31:01";2026;"SE";2;"ELEIÇÃO ORDINÁRIA";6259;"ELEIÇÕES GERAIS ESTADUAIS 2026";260002547442;5;"TIKTOK: DEPUTADOJOAODANIEL"
"01/10/2026";"08:31:01";2026;"SE";2;"ELEIÇÃO ORDINÁRIA";6259;"ELEIÇÕES GERAIS ESTADUAIS 2026";260002536295;3;"HTTPS://WWW.TIKTOK.COM/@QUEMPODE.POD?_R=1&_T=ZS-98UDZNAXNDS"
"01/10/2026";"08:31:01";2026;"SE";2;"ELEIÇÃO ORDINÁRIA";6259;"ELEIÇÕES GERAIS ESTADUAIS 2026";260002550773;1;"HTTPS://WWW.INSTAGRAM.COM/SHEILAMATOS.OFICIAL/"
"01/10/2026";"08:31:01";2026;"SE";2;"ELEIÇÃO ORDINÁRIA";6259;"ELEIÇÕES GERAIS ESTADUAIS 2026";260002533089;1;"HTTPS://WWW.INSTAGRAM.COM/PROFESSORGENILTONGOIS/"
"01/10/2026";"08:31:01";2026;"SE";2;"ELEIÇÃO ORDINÁRIA";6259;"ELEIÇÕES GERAIS ESTADUAIS 2026";260002547422;1;"HTTPS://WWW.TIKTOK.COM/@OTAVIOSALES2907?_R=1&_T=ZS-98K8FTBSAEF"
"01/10/2026";"08:31:01";2026;"SE";2;"ELEIÇÃO ORDINÁRIA";6259;"ELEIÇÕES GERAIS ESTADUAIS 2026";260002535597;5;"HTTPS://WWW.FACEBOOK.COM/SHARE/1F1TUT2PCY/?MIBEXTID=WWXIFR"
"01/10/2026";"08:31:01";2026;"SE";2;"ELEIÇÃO ORDINÁRIA";6259;"ELEIÇÕES GERAIS ESTADUAIS 2026";260002535602;1;"HTTPS://WWW.INSTAGRAM.COM/HALAERIOSANTANA_?IGSH=YME2DWDSDHVTMHJH"
"01/10/2026";"08:31:01";2026;"SE";2;"ELEIÇÃO ORDINÁRIA";6259;"ELEIÇÕES GERAIS ESTADUAIS 2026";260002535608;1;"HTTPS://WWW.INSTAGRAM.COM/GLEITON.MEDEIROS?IGSH=MWXHEWLYDGZZAMO2NW=="
"01/10/2026";"08:31:01";2026;"SE";2;"ELEIÇÃO ORDINÁRIA";6259;"ELEIÇÕES GERAIS ESTADUAIS 2026";260002550424;1;"HTTPS://WWW.INSTAGRAM.COM/MARIANASERVENTE/"
"01/10/2026";"08:31:01";2026;"SE";2;"ELEIÇÃO ORDINÁRIA";6259;"ELEIÇÕES GERAIS ESTADUAIS 2026";260002550428;2;"https://youtube.com/@elton_da_enfermagem?si=TJ0W0bV0coxTdATJ"
"01/10/2026";"08:31:01";2026;"SE";2;"ELEIÇÃO ORDINÁRIA";6259;"ELEIÇÕES GERAIS ESTADUAIS 2026";260002549386;7;"https://x.com/_PastorDiego"
"01/10/2026";"08:31:01";2026;"SE";2;"ELEIÇÃO ORDINÁRIA";6259;"ELEIÇÕES GERAIS ESTADUAIS 2026";260002533076;5;"KAWAI @CLECIA.CARVALHO_"
"01/10/2026";"08:31:01";2026;"SE";2;"ELEIÇÃO ORDINÁRIA";6259;"ELEIÇÕES GERAIS ESTADUAIS 2026";260002535744;1;"HTTPS://WWW.THREADS.COM/@MARIILUSE?IGSHID=NTC4MTIWNJQ2YQ=="
"01/10/2026";"08:31:01";2026;"SE";2;"ELEIÇÃO ORDINÁRIA";6259;"ELEIÇÕES GERAIS ESTADUAIS 2026";260002551704;2;"https://www.facebook.com/acacio.cardoso.330376/"
"01/10/2026";"08:31:01";2026;"SE";2;"ELEIÇÃO ORDINÁRIA";6259;"ELEIÇÕES GERAIS ESTADUAIS 2026";260002551364;1;"HTTPS://WWW.INSTAGRAM.COM/GLORIAHSENA?IGSH=ZZZVM2C2CMUWCDDU"
"01/10/2026";"08:31:01";2026;"SE";2;"ELEIÇÃO ORDINÁRIA";6259;"ELEIÇÕES GERAIS ESTADUAIS 2026";260002542491;2;"FLICKR - HTTPS://WWW.FLICKR.COM/PHOTOS/FABIOGOV55/"
"01/10/2026";"08:31:01";2026;"SE";2;"ELEIÇÃO ORDINÁRIA";6259;"ELEIÇÕES GERAIS ESTADUAIS 2026";260002542491;4;"YOUTUBE - HTTPS://WWW.YOUTUBE.COM/@FABIOGOVERNADOR"
"01/10/2026";"08:31:01";2026;"SE";2;"ELEIÇÃO ORDINÁRIA";6259;"ELEIÇÕES GERAIS ESTADUAIS 2026";260002533084;4;"HTTPS://YOUTUBE.COM/@ALESSANDROVIEIRASE?SI=OYAW4AEP70-V80VC"
"01/10/2026";"08:31:01";2026;"SE";2;"ELEIÇÃO ORDINÁRIA";6259;"ELEIÇÕES GERAIS ESTADUAIS 2026";260002542473;1;"@DEPFABIOREIS"
"01/10/2026";"08:31:01";2026;"SE";2;"ELEIÇÃO ORDINÁRIA";6259;"ELEIÇÕES GERAIS ESTADUAIS 2026";260002533083;1;"HTTPS://WWW.FACEBOOK.COM/SHARE/1CRWRE3UYB/?MIBEXTID=WWXIFR"
"01/10/2026";"08:31:01";2026;"SE";2;"ELEIÇÃO ORDINÁRIA";6259;"ELEIÇÕES GERAIS ESTADUAIS 2026";260002548692;1;"HTTPS://www.instagram.com/kakasantos_se/"
"01/10/2026";"08:31:01";2026;"SE";2;"ELEIÇÃO ORDINÁRIA";6259;"ELEIÇÕES GERAIS ESTADUAIS 2026";260002550754;3;"http://www.facebook.com/LucianoPimentelSE"
"01/10/2026";"08:31:01";2026;"SE";2;"ELEIÇÃO ORDINÁRIA";6259;"ELEIÇÕES GERAIS ESTADUAIS 2026";260002535752;2;"HTTPS://WWW.INSTAGRAM.COM/GARIBALDEMENDONCA?IGSH=YMFLC3JWC3PWBXO1&UTM_SOURCE="
"01/10/2026";"08:31:01";2026;"SE";2;"ELEIÇÃO ORDINÁRIA";6259;"ELEIÇÕES GERAIS ESTADUAIS 2026";260002532011;1;"@PRISCILAFELIZOLAOFICIAL"
"01/10/2026";"08:31:01";2026;"SE";2;"ELEIÇÃO ORDINÁRIA";6259;"ELEIÇÕES GERAIS ESTADUAIS 2026";260002545633;2;"FACEBOOK: @PROFESSORDUDU.ESTANCIA"
"01/10/2026";"08:31:01";2026;"SE";2;"ELEIÇÃO ORDINÁRIA";6259;"ELEIÇÕES GERAIS ESTADUAIS 2026";260002547477;1;"INSTAGRAM - @CIGANINHA_SANDRA"
"01/10/2026";"08:31:01";2026;"SE";2;"ELEIÇÃO ORDINÁRIA";6259;"ELEIÇÕES GERAIS ESTADUAIS 2026";260002535754;2;"HTTPS://WWW.FACEBOOK.COM/SHARE/1DAQ7J1TKX/?MIBEXTID=WWXIFR"
"01/10/2026";"08:31:01";2026;"SE";2;"ELEIÇÃO ORDINÁRIA";6259;"ELEIÇÕES GERAIS ESTADUAIS 2026";260002553734;2;"HTTPS://WWW.FACEBOOK.COM/GLEIDE.NADJA.9"
"01/10/2026";"08:31:01";2026;"SE";2;"ELEIÇÃO ORDINÁRIA";6259;"ELEIÇÕES GERAIS ESTADUAIS 2026";260002541269;3;"https://youtube.com/@joaomarcelomissao"
"01/10/2026";"08:31:01";2026;"SE";2;"ELEIÇÃO ORDINÁRIA";6259;"ELEIÇÕES GERAIS ESTADUAIS 2026";260002550935;3;"BAGADAL/TIKTOK"
"01/10/2026";"08:31:01";2026;"SE";2;"ELEIÇÃO ORDINÁRIA";6259;"ELEIÇÕES GERAIS ESTADUAIS 2026";260002550938;2;"@FMCAJU/FACEBOOK"
"01/10/2026";"08:31:01";2026;"SE";2;"ELEIÇÃO ORDINÁRIA";6259;"ELEIÇÕES GERAIS ESTADUAIS 2026";260002550757;2;"https://www.facebook.com/share/19LA1fRJ6Y/"
"01/10/2026";"08:31:01";2026;"SE";2;"ELEIÇÃO ORDINÁRIA";6259;"ELEIÇÕES GERAIS ESTADUAIS 2026";260002547406;6;"FACEBOOK: LEVI OLIVEIRA FILHO"
"01/10/2026";"08:31:01";2026;"SE";2;"ELEIÇÃO ORDINÁRIA";6259;"ELEIÇÕES GERAIS ESTADUAIS 2026";260002550437;1;"LYLIAN MELO - FACEBOOK"
"01/10/2026";"08:31:01";2026;"SE";2;"ELEIÇÃO ORDINÁRIA";6259;"ELEIÇÕES GERAIS ESTADUAIS 2026";260002541265;1;"HTTPS://WWW.YOUTUBE.COM/C/BRENOGARIBALDE"
"01/10/2026";"08:31:01";2026;"SE";2;"ELEIÇÃO ORDINÁRIA";6259;"ELEIÇÕES GERAIS ESTADUAIS 2026";260002545677;6;"HTTPS://IRANBARBOSA.COM.BR"
"01/10/2026";"08:31:01";2026;"SE";2;"ELEIÇÃO ORDINÁRIA";6259;"ELEIÇÕES GERAIS ESTADUAIS 2026";260002553666;1;"https://www.instagram.com/evandrotadeufontes/"
"01/10/2026";"08:31:01";2026;"SE";2;"ELEIÇÃO ORDINÁRIA";6259;"ELEIÇÕES GERAIS ESTADUAIS 2026";260002549711;5;"https://youtube.com/@vitoriapauline?si=w3ynBG0Wu8a7A7m3"
"01/10/2026";"08:31:01";2026;"SE";2;"ELEIÇÃO ORDINÁRIA";6259;"ELEIÇÕES GERAIS ESTADUAIS 2026";260002549711;7;"https://www.facebook.com/profile.php?id=61593613155127"
"01/10/2026";"08:31:01";2026;"SE";2;"ELEIÇÃO ORDINÁRIA";6259;"ELEIÇÕES GERAIS ESTADUAIS 2026";260002549711;8;"https://www.facebook.com/marcos.vinicius.423908"
"01/10/2026";"08:31:01";2026;"SE";2;"ELEIÇÃO ORDINÁRIA";6259;"ELEIÇÕES GERAIS ESTADUAIS 2026";260002550454;3;"@ANJOSDOSANIMAISAJU"
"01/10/2026";"08:31:01";2026;"SE";2;"ELEIÇÃO ORDINÁRIA";6259;"ELEIÇÕES GERAIS ESTADUAIS 2026";260002533084;3;"HTTPS://WWW.INSTAGRAM.COM/ALESSANDROVIEIRASE?IGSH=MWO4OWZ1MM85A2VPZW%3D%3D&UTM_S"
"01/10/2026";"08:31:01";2026;"SE";2;"ELEIÇÃO ORDINÁRIA";6259;"ELEIÇÕES GERAIS ESTADUAIS 2026";260002545629;1;"TIKTOK: CANDISSECARVALHO"
"01/10/2026";"08:31:01";2026;"SE";2;"ELEIÇÃO ORDINÁRIA";6259;"ELEIÇÕES GERAIS ESTADUAIS 2026";260002547439;1;"HTTPS://WWW.INSTAGRAM.COM/WALDIRRODRIGUESPCDOB/"
"01/10/2026";"08:31:01";2026;"SE";2;"ELEIÇÃO ORDINÁRIA";6259;"ELEIÇÕES GERAIS ESTADUAIS 2026";260002547430;1;"HTTPS://WWW.INSTAGRAM.COM/PROFESSORASONIAMEIRE/"
"01/10/2026";"08:31:01";2026;"SE";2;"ELEIÇÃO ORDINÁRIA";6259;"ELEIÇÕES GERAIS ESTADUAIS 2026";260002547483;1;"FACEBOOK - EU.ALICECAROLINE"
"01/10/2026";"08:31:01";2026;"SE";2;"ELEIÇÃO ORDINÁRIA";6259;"ELEIÇÕES GERAIS ESTADUAIS 2026";260002547490;2;"FABEBOOK - @SAMIRADAUD"
"01/10/2026";"08:31:01";2026;"SE";2;"ELEIÇÃO ORDINÁRIA";6259;"ELEIÇÕES GERAIS ESTADUAIS 2026";260002535750;5;"HTTPS://WWW.FACEBOOK.COM/PLEBISCITOREFERENDOEDIREITOSHUMANOS/"
"01/10/2026";"08:31:01";2026;"SE";2;"ELEIÇÃO ORDINÁRIA";6259;"ELEIÇÕES GERAIS ESTADUAIS 2026";260002541262;2;"HTTPS://WWW.TIKTOK.COM/@ROBSONVIANASE"
"01/10/2026";"08:31:01";2026;"SE";2;"ELEIÇÃO ORDINÁRIA";6259;"ELEIÇÕES GERAIS ESTADUAIS 2026";260002552347;1;"@GELSANTOS5463   (TIKTOK)"
"01/10/2026";"08:31:01";2026;"SE";2;"ELEIÇÃO ORDINÁRIA";6259;"ELEIÇÕES GERAIS ESTADUAIS 2026";260002547426;1;"HTTPS://WWW.INSTAGRAM.COM/LINDABRASILSE/?HL=EN"
"01/10/2026";"08:31:01";2026;"SE";2;"ELEIÇÃO ORDINÁRIA";6259;"ELEIÇÕES GERAIS ESTADUAIS 2026";260002551362;4;"HTTPS://WWW.INSTAGRAM.COM/RODRIGOVALADARES_"
"01/10/2026";"08:31:01";2026;"SE";2;"ELEIÇÃO ORDINÁRIA";6259;"ELEIÇÕES GERAIS ESTADUAIS 2026";260002547409;4;"https://www.instagram.com/gedalvaumbauba/"
"01/10/2026";"08:31:01";2026;"SE";2;"ELEIÇÃO ORDINÁRIA";6259;"ELEIÇÕES GERAIS ESTADUAIS 2026";260002547409;6;"https://www.youtube.com/@GedalvaUmbaub%C3%A1"
"01/10/2026";"08:31:01";2026;"SE";2;"ELEIÇÃO ORDINÁRIA";6259;"ELEIÇÕES GERAIS ESTADUAIS 2026";260002548694;1;"HTTPS://WWW.INSTAGRAM.COM/NIVALDAOFICIAL/"
"01/10/2026";"08:31:01";2026;"SE";2;"ELEIÇÃO ORDINÁRIA";6259;"ELEIÇÕES GERAIS ESTADUAIS 2026";260002549397;1;"@MATEUSHENRIQUESUP"
"01/10/2026";"08:31:01";2026;"SE";2;"ELEIÇÃO ORDINÁRIA";6259;"ELEIÇÕES GERAIS ESTADUAIS 2026";260002545678;1;"HTTPS://WWW.FACEBOOK.COM/SHARE/1JCMGGQEJQ/?MIBEXTID=WWXIFR"
"01/10/2026";"08:31:01";2026;"SE";2;"ELEIÇÃO ORDINÁRIA";6259;"ELEIÇÕES GERAIS ESTADUAIS 2026";260002533091;1;"HTTPS://WWW.INSTAGRAM.COM/EDILEUZASAMELO/"
"01/10/2026";"08:31:01";2026;"SE";2;"ELEIÇÃO ORDINÁRIA";6259;"ELEIÇÕES GERAIS ESTADUAIS 2026";260002547415;1;"HTTPS://DRHELTONMONTEIRO.COM.BR/"
"01/10/2026";"08:31:01";2026;"SE";2;"ELEIÇÃO ORDINÁRIA";6259;"ELEIÇÕES GERAIS ESTADUAIS 2026";260002547418;3;"HTTPS://WWW.FACEBOOK.COM/FALABAIMA"
"01/10/2026";"08:31:01";2026;"SE";2;"ELEIÇÃO ORDINÁRIA";6259;"ELEIÇÕES GERAIS ESTADUAIS 2026";260002547431;5;"HTTPS://WWW.YOUTUBE.COM/@SERGIOSAMPAIO.OFICIAL"
"01/10/2026";"08:31:01";2026;"SE";2;"ELEIÇÃO ORDINÁRIA";6259;"ELEIÇÕES GERAIS ESTADUAIS 2026";260002547432;3;"HTTP://WWW.YOUTUB.COM/@RICARDORIBEIRO5724"
"01/10/2026";"08:31:01";2026;"SE";2;"ELEIÇÃO ORDINÁRIA";6259;"ELEIÇÕES GERAIS ESTADUAIS 2026";260002535589;3;"HTTPS://WWW.FACEBOOK.COM/SHARE/1BZ7DFVPVU/"
"01/10/2026";"08:31:01";2026;"SE";2;"ELEIÇÃO ORDINÁRIA";6259;"ELEIÇÕES GERAIS ESTADUAIS 2026";260002535591;1;"HTTPS://WWW.FACEBOOK.COM/BRENO.MARTINS.3726?MIBEXTID=WWXIFR&MIBEXTID=WWXIFR"
"01/10/2026";"08:31:01";2026;"SE";2;"ELEIÇÃO ORDINÁRIA";6259;"ELEIÇÕES GERAIS ESTADUAIS 2026";260002535591;3;"HTTPS://WWW.THREADS.COM/@BRENOSILVEIRASE"
"01/10/2026";"08:31:01";2026;"SE";2;"ELEIÇÃO ORDINÁRIA";6259;"ELEIÇÕES GERAIS ESTADUAIS 2026";260002535603;1;"HTTPS://WWW.INSTAGRAM.COM/BETH__SILVA_?IGSH=AGR3YXVNNGM4MMP3"
"01/10/2026";"08:31:01";2026;"SE";2;"ELEIÇÃO ORDINÁRIA";6259;"ELEIÇÕES GERAIS ESTADUAIS 2026";260002547406;4;"TIKTOK:@LEVIOLIVEIRASERGIPE"
"01/10/2026";"08:31:01";2026;"SE";2;"ELEIÇÃO ORDINÁRIA";6259;"ELEIÇÕES GERAIS ESTADUAIS 2026";260002550424;4;"https://www.facebook.com/share/1D6wV7XpMF/?mibextid=wwXIfr"
"01/10/2026";"08:31:01";2026;"SE";2;"ELEIÇÃO ORDINÁRIA";6259;"ELEIÇÕES GERAIS ESTADUAIS 2026";260002550436;1;"HTTPS://WWW.INSTAGRAM.COM/SERGIO.SANTANA.3914/"
"01/10/2026";"08:31:01";2026;"SE";2;"ELEIÇÃO ORDINÁRIA";6259;"ELEIÇÕES GERAIS ESTADUAIS 2026";260002549712;3;"https://whatsapp.com/channel/0029VbDZ4PaEFeXp4MGrGb2y"
"01/10/2026";"08:31:01";2026;"SE";2;"ELEIÇÃO ORDINÁRIA";6259;"ELEIÇÕES GERAIS ESTADUAIS 2026";260002547286;1;"@RICARDOVASCONCELOS.AJU"
"01/10/2026";"08:31:01";2026;"SE";2;"ELEIÇÃO ORDINÁRIA";6259;"ELEIÇÕES GERAIS ESTADUAIS 2026";260002541265;2;"HTTPS://WWW.TIKTOK.COM/@BRENO.GARIBALDE?_  R=1&_T=ZS-98GNGNGOTHD"
"01/10/2026";"08:31:01";2026;"SE";2;"ELEIÇÃO ORDINÁRIA";6259;"ELEIÇÕES GERAIS ESTADUAIS 2026";260002535746;1;"HTTPS://WWW.INSTAGRAM.COM/ROSANGELAROSAREIS?IGSH=MTGWY296EWLPMG5SMQ=="
"01/10/2026";"08:31:01";2026;"SE";2;"ELEIÇÃO ORDINÁRIA";6259;"ELEIÇÕES GERAIS ESTADUAIS 2026";260002551708;3;"https://www.instagram.com/andresotero____?utm_source=qr&igsh=MXM2M2lta2hkb3Njbw%3D%3D"
"01/10/2026";"08:31:01";2026;"SE";2;"ELEIÇÃO ORDINÁRIA";6259;"ELEIÇÕES GERAIS ESTADUAIS 2026";260002533083;4;"HTTPS://YOUTUBE.COM/@THIAGODEJOALDO6801?SI=SKHCBCRRPWREVISY"
"01/10/2026";"08:31:01";2026;"SE";2;"ELEIÇÃO ORDINÁRIA";6259;"ELEIÇÕES GERAIS ESTADUAIS 2026";260002545636;1;"@IBRAINDEVALMIR"
"01/10/2026";"08:31:01";2026;"SE";2;"ELEIÇÃO ORDINÁRIA";6259;"ELEIÇÕES GERAIS ESTADUAIS 2026";260002530047;3;"https://youtube.com/@everaldodesocorro?si=K3PABiy2qSmrL-F9"
"01/10/2026";"08:31:01";2026;"SE";2;"ELEIÇÃO ORDINÁRIA";6259;"ELEIÇÕES GERAIS ESTADUAIS 2026";260002545632;1;"FACEBOOK: LARISSA TRINDADE"
"01/10/2026";"08:31:01";2026;"SE";2;"ELEIÇÃO ORDINÁRIA";6259;"ELEIÇÕES GERAIS ESTADUAIS 2026";260002545639;1;"INSTAGRAM: @MAURADEBIBI"
"01/10/2026";"08:31:01";2026;"SE";2;"ELEIÇÃO ORDINÁRIA";6259;"ELEIÇÕES GERAIS ESTADUAIS 2026";260002547430;3;"HTTPS://WWW.KWAI.COM/@PROFESSORASONIAMEIRE?KPN=KWAI&SHARE_DEVICE_ID=AB35CCD4-6DF"
"01/10/2026";"08:31:01";2026;"SE";2;"ELEIÇÃO ORDINÁRIA";6259;"ELEIÇÕES GERAIS ESTADUAIS 2026";260002535754;1;"WWW.TIKTOK.COM/@ANTONIOBALA.SE"
"01/10/2026";"08:31:01";2026;"SE";2;"ELEIÇÃO ORDINÁRIA";6259;"ELEIÇÕES GERAIS ESTADUAIS 2026";260002553735;2;"https://www.facebook.com/share/14v3dSwDSX/"
"01/10/2026";"08:31:01";2026;"SE";2;"ELEIÇÃO ORDINÁRIA";6259;"ELEIÇÕES GERAIS ESTADUAIS 2026";260002541267;1;"HTTPS://WWW.TIKTOK.COM/@ANGELADEMIRANDAPSB"
"01/10/2026";"08:31:01";2026;"SE";2;"ELEIÇÃO ORDINÁRIA";6259;"ELEIÇÕES GERAIS ESTADUAIS 2026";260002541274;1;"https://instagram.com/kelguimaraesoficial"
"01/10/2026";"08:31:01";2026;"SE";2;"ELEIÇÃO ORDINÁRIA";6259;"ELEIÇÕES GERAIS ESTADUAIS 2026";260002533080;1;"HTTPS://WWW.TIKTOK.COM/@GRACINHAGARCEZ.SERGIPE"
"01/10/2026";"08:31:01";2026;"SE";2;"ELEIÇÃO ORDINÁRIA";6259;"ELEIÇÕES GERAIS ESTADUAIS 2026";260002547426;2;"HTTPS://WWW.TIKTOK.COM/@LINDABRASILSE"
"01/10/2026";"08:31:01";2026;"SE";2;"ELEIÇÃO ORDINÁRIA";6259;"ELEIÇÕES GERAIS ESTADUAIS 2026";260002550938;3;"@FMCAJU/INSTAGRAM"
"01/10/2026";"08:31:01";2026;"SE";2;"ELEIÇÃO ORDINÁRIA";6259;"ELEIÇÕES GERAIS ESTADUAIS 2026";260002535598;2;"HTTPS://WWW.INSTAGRAM.COM/CATIAMODESTO?UTM_SOURCE=QR"
"01/10/2026";"08:31:01";2026;"SE";2;"ELEIÇÃO ORDINÁRIA";6259;"ELEIÇÕES GERAIS ESTADUAIS 2026";260002550428;4;"https://www.facebook.com/share/1E89zWjnP7/"
"01/10/2026";"08:31:01";2026;"SE";2;"ELEIÇÃO ORDINÁRIA";6259;"ELEIÇÕES GERAIS ESTADUAIS 2026";260002550445;1;"HTTPS://WWW.INSTAGRAM.COM/DENUNCIE_ABUSO/"
"01/10/2026";"08:31:01";2026;"SE";2;"ELEIÇÃO ORDINÁRIA";6259;"ELEIÇÕES GERAIS ESTADUAIS 2026";260002550447;1;"HTTPS://WWW.INSTAGRAM.COM/ADALTOARAGAOOFICIAL?IGSH=BZH3NHO3BHVPDW55"
"01/10/2026";"08:31:01";2026;"SE";2;"ELEIÇÃO ORDINÁRIA";6259;"ELEIÇÕES GERAIS ESTADUAIS 2026";260002533077;2;"HTTPS://WWW.FACEBOOK.COM/SHARE/1ELCLUC3CN/"
"01/10/2026";"08:31:01";2026;"SE";2;"ELEIÇÃO ORDINÁRIA";6259;"ELEIÇÕES GERAIS ESTADUAIS 2026";260002549712;6;"https://www.threads.com/@moanavaladares"
"01/10/2026";"08:31:01";2026;"SE";2;"ELEIÇÃO ORDINÁRIA";6259;"ELEIÇÕES GERAIS ESTADUAIS 2026";260002549708;3;"http://www.tiktok.com/@del.augustocesar"
"01/10/2026";"08:31:01";2026;"SE";2;"ELEIÇÃO ORDINÁRIA";6259;"ELEIÇÕES GERAIS ESTADUAIS 2026";260002535743;1;"FACEBOOK.COM/DELDANIGARCIA"
"01/10/2026";"08:31:01";2026;"SE";2;"ELEIÇÃO ORDINÁRIA";6259;"ELEIÇÕES GERAIS ESTADUAIS 2026";260002551706;1;"https://www.instagram.com/marquinhosergipe"
"01/10/2026";"08:31:01";2026;"SE";2;"ELEIÇÃO ORDINÁRIA";6259;"ELEIÇÕES GERAIS ESTADUAIS 2026";260002549130;2;"HTTPS://WWW.FACEBOOK.COM/SHARE/1HVYES3T5Q/?MIBEXTID=WWXIFR"
"01/10/2026";"08:31:01";2026;"SE";2;"ELEIÇÃO ORDINÁRIA";6259;"ELEIÇÕES GERAIS ESTADUAIS 2026";260002542491;1;"SOUDCLOUD - HTTPS://SOUNDCLOUD.COM/USER-915910265"
"01/10/2026";"08:31:01";2026;"SE";2;"ELEIÇÃO ORDINÁRIA";6259;"ELEIÇÕES GERAIS ESTADUAIS 2026";260002547482;2;"INTAGRAM - @DEPMAISAMITIDIERI"
"01/10/2026";"08:31:01";2026;"SE";2;"ELEIÇÃO ORDINÁRIA";6259;"ELEIÇÕES GERAIS ESTADUAIS 2026";260002530047;1;"https://www.facebook.com/share/1dAx6sU6kV/?mibextid=wwXIfr"
"01/10/2026";"08:31:01";2026;"SE";2;"ELEIÇÃO ORDINÁRIA";6259;"ELEIÇÕES GERAIS ESTADUAIS 2026";260002543591;1;"THREADS_EITUVIU"
"01/10/2026";"08:31:01";2026;"SE";2;"ELEIÇÃO ORDINÁRIA";6259;"ELEIÇÕES GERAIS ESTADUAIS 2026";260002545625;1;"INSTAGRAM: @PADREINALDO"
"01/10/2026";"08:31:01";2026;"SE";2;"ELEIÇÃO ORDINÁRIA";6259;"ELEIÇÕES GERAIS ESTADUAIS 2026";260002545629;2;"INSTAGRAM: @CANDISSECARVALHO"
"01/10/2026";"08:31:01";2026;"SE";2;"ELEIÇÃO ORDINÁRIA";6259;"ELEIÇÕES GERAIS ESTADUAIS 2026";260002545635;2;"INSTAGRAM: @PROFESSOR.BISPO"
"01/10/2026";"08:31:01";2026;"SE";2;"ELEIÇÃO ORDINÁRIA";6259;"ELEIÇÕES GERAIS ESTADUAIS 2026";260002545635;4;"KWAI: BISPOPROFESSOR757"
"01/10/2026";"08:31:01";2026;"SE";2;"ELEIÇÃO ORDINÁRIA";6259;"ELEIÇÕES GERAIS ESTADUAIS 2026";260002545640;1;"HTTPS://WWW.INSTAGRAM.COM/CLAUDICEIADANTASSANTOS/"
"01/10/2026";"08:31:01";2026;"SE";2;"ELEIÇÃO ORDINÁRIA";6259;"ELEIÇÕES GERAIS ESTADUAIS 2026";260002535750;2;"HTTPS://WWW.INSTAGRAM.COM/FILIPE.C.MENEZES/"
"01/10/2026";"08:31:01";2026;"SE";2;"ELEIÇÃO ORDINÁRIA";6259;"ELEIÇÕES GERAIS ESTADUAIS 2026";260002535750;3;"WWW.YOUTUBE.COM/@FILIPE.C.MENEZES"
"01/10/2026";"08:31:01";2026;"SE";2;"ELEIÇÃO ORDINÁRIA";6259;"ELEIÇÕES GERAIS ESTADUAIS 2026";260002553734;1;"HTTPS://WWW.INSTAGRAM.COM/TIAGLEIDEPORAJU"
"01/10/2026";"08:31:01";2026;"SE";2;"ELEIÇÃO ORDINÁRIA";6259;"ELEIÇÕES GERAIS ESTADUAIS 2026";260002533080;2;"HTTPS://WWW.INSTAGRAM.COM/GRACINHAGARCEZ/"
"01/10/2026";"08:31:01";2026;"SE";2;"ELEIÇÃO ORDINÁRIA";6259;"ELEIÇÕES GERAIS ESTADUAIS 2026";260002547426;3;"HTTPS://WWW.FACEBOOK.COM/LINDABRASILSE/"
"01/10/2026";"08:31:01";2026;"SE";2;"ELEIÇÃO ORDINÁRIA";6259;"ELEIÇÕES GERAIS ESTADUAIS 2026";260002551362;7;"https://www.threads.com/@rodrigovaladares_"
"01/10/2026";"08:31:01";2026;"SE";2;"ELEIÇÃO ORDINÁRIA";6259;"ELEIÇÕES GERAIS ESTADUAIS 2026";260002545615;2;"WWW.YOUTUBE.COM/@LENEHALL1"
"01/10/2026";"08:31:01";2026;"SE";2;"ELEIÇÃO ORDINÁRIA";6259;"ELEIÇÕES GERAIS ESTADUAIS 2026";260002536296;3;"HTTPS://WWW.INSTAGRAM.COM/ELIANAMOREIRA_DA_SOPA?IGSH=MWEYDMLKB2RUEHG2DQ%3D%3D"
"01/10/2026";"08:31:01";2026;"SE";2;"ELEIÇÃO ORDINÁRIA";6259;"ELEIÇÕES GERAIS ESTADUAIS 2026";260002536297;3;"HTTPS://X.COM/PITUXOSERGIPE"
"01/10/2026";"08:31:01";2026;"SE";2;"ELEIÇÃO ORDINÁRIA";6259;"ELEIÇÕES GERAIS ESTADUAIS 2026";260002550756;1;"HTTPS://WWW.INSTAGRAM.COM/CORONELPONTUAL/"
"01/10/2026";"08:31:01";2026;"SE";2;"ELEIÇÃO ORDINÁRIA";6259;"ELEIÇÕES GERAIS ESTADUAIS 2026";260002550757;7;"https://whatsapp.com/channel/0029Vb81jGQJP2177JZV2Z2z"
"01/10/2026";"08:31:01";2026;"SE";2;"ELEIÇÃO ORDINÁRIA";6259;"ELEIÇÕES GERAIS ESTADUAIS 2026";260002550766;3;"https://www.instagram.com/professoraavilete"
"01/10/2026";"08:31:01";2026;"SE";2;"ELEIÇÃO ORDINÁRIA";6259;"ELEIÇÕES GERAIS ESTADUAIS 2026";260002547414;1;"HTTPS://WWW.INSTAGRAM.COM/IZALTINASERGIPE?IGSH=MWYZN29QDWVTEGFSZA=="
"01/10/2026";"08:31:01";2026;"SE";2;"ELEIÇÃO ORDINÁRIA";6259;"ELEIÇÕES GERAIS ESTADUAIS 2026";260002547432;4;"HTTPS://WWW.TIKTOK.COM/@RICARDORIBEIRO1804"
"01/10/2026";"08:31:01";2026;"SE";2;"ELEIÇÃO ORDINÁRIA";6259;"ELEIÇÕES GERAIS ESTADUAIS 2026";260002535591;2;"HTTPS://WWW.INSTAGRAM.COM/BRENOSILVEIRASE?UTM_SOURCE=QR"
"01/10/2026";"08:31:01";2026;"SE";2;"ELEIÇÃO ORDINÁRIA";6259;"ELEIÇÕES GERAIS ESTADUAIS 2026";260002554130;1;"https://www.instagram.com/geyvsonleandro?igsh=ZHdrcXE0MHFvZG0z"
"01/10/2026";"08:31:01";2026;"SE";2;"ELEIÇÃO ORDINÁRIA";6259;"ELEIÇÕES GERAIS ESTADUAIS 2026";260002550438;1;"HTTPS://WWW.INSTAGRAM.COM/DRATERESANEUMA/"
"01/10/2026";"08:31:01";2026;"SE";2;"ELEIÇÃO ORDINÁRIA";6259;"ELEIÇÕES GERAIS ESTADUAIS 2026";260002550444;1;"HTTPS://WWW.INSTAGRAM.COM/JOELLFERNANDESOFICIAL/"
"01/10/2026";"08:31:01";2026;"SE";2;"ELEIÇÃO ORDINÁRIA";6259;"ELEIÇÕES GERAIS ESTADUAIS 2026";260002550444;2;"https://www.facebook.com/joelfernandesjgt"
"01/10/2026";"08:31:01";2026;"SE";2;"ELEIÇÃO ORDINÁRIA";6259;"ELEIÇÕES GERAIS ESTADUAIS 2026";260002550457;3;"https://www.kwai.com/@andresantana621"
"01/10/2026";"08:31:01";2026;"SE";2;"ELEIÇÃO ORDINÁRIA";6259;"ELEIÇÕES GERAIS ESTADUAIS 2026";260002551708;2;"https://www.facebook.com/drandrelsotero/"
"01/10/2026";"08:31:01";2026;"SE";2;"ELEIÇÃO ORDINÁRIA";6259;"ELEIÇÕES GERAIS ESTADUAIS 2026";260002542492;1;"@JEFERSON_ANDRADE"
"01/10/2026";"08:31:01";2026;"SE";2;"ELEIÇÃO ORDINÁRIA";6259;"ELEIÇÕES GERAIS ESTADUAIS 2026";260002554205;1;"@Mario blogueirinho     (Instagram)"
"01/10/2026";"08:31:01";2026;"SE";2;"ELEIÇÃO ORDINÁRIA";6259;"ELEIÇÕES GERAIS ESTADUAIS 2026";260002532010;2;"HTTPS://WWW.INSTAGRAM.COM/VALMIRDESERGIPE"
"01/10/2026";"08:31:01";2026;"SE";2;"ELEIÇÃO ORDINÁRIA";6259;"ELEIÇÕES GERAIS ESTADUAIS 2026";260002545633;1;"INSTAGRAM: @DUDU.PROFESSOR"
"01/10/2026";"08:31:01";2026;"SE";2;"ELEIÇÃO ORDINÁRIA";6259;"ELEIÇÕES GERAIS ESTADUAIS 2026";260002547441;1;"HTTPS://WWW.INSTAGRAM.COM/CATIAJUSTO65/"
"01/10/2026";"08:31:01";2026;"SE";2;"ELEIÇÃO ORDINÁRIA";6259;"ELEIÇÕES GERAIS ESTADUAIS 2026";260002547430;4;"HTTPS://WWW.FACEBOOK.COM/PROFESSORASONIAMEIRE/?LOCALE=PT_BR"
"01/10/2026";"08:31:01";2026;"SE";2;"ELEIÇÃO ORDINÁRIA";6259;"ELEIÇÕES GERAIS ESTADUAIS 2026";260002547479;2;"TIKTOK - @BRUNOVASCONCELOS.55"
"01/10/2026";"08:31:01";2026;"SE";2;"ELEIÇÃO ORDINÁRIA";6259;"ELEIÇÕES GERAIS ESTADUAIS 2026";260002535755;1;"HTTPS://WWW.INSTAGRAM.COM/CLARISSAMFRANCAADVOGADA/"
"01/10/2026";"08:31:01";2026;"SE";2;"ELEIÇÃO ORDINÁRIA";6259;"ELEIÇÕES GERAIS ESTADUAIS 2026";260002541272;2;"https://facebook.com/1hdkwq3nrq"
"01/10/2026";"08:31:01";2026;"SE";2;"ELEIÇÃO ORDINÁRIA";6259;"ELEIÇÕES GERAIS ESTADUAIS 2026";260002541272;5;"https://youtube.com/@jonmhara"
"01/10/2026";"08:31:01";2026;"SE";2;"ELEIÇÃO ORDINÁRIA";6259;"ELEIÇÕES GERAIS ESTADUAIS 2026";260002549466;2;"@RICARDOMARQUES_RM"
"01/10/2026";"08:31:01";2026;"SE";2;"ELEIÇÃO ORDINÁRIA";6259;"ELEIÇÕES GERAIS ESTADUAIS 2026";260002536291;6;"https://www.youtube.com/@irmamabelmelo8372"
"01/10/2026";"08:31:01";2026;"SE";2;"ELEIÇÃO ORDINÁRIA";6259;"ELEIÇÕES GERAIS ESTADUAIS 2026";260002550683;1;"HTTPS://VT.TIKTOK.COM/ZS4QA4SCW/"
"01/10/2026";"08:31:01";2026;"SE";2;"ELEIÇÃO ORDINÁRIA";6259;"ELEIÇÕES GERAIS ESTADUAIS 2026";260002549392;4;"SPOTIFY: HILDAPORSERGIPE"
"01/10/2026";"08:31:01";2026;"SE";2;"ELEIÇÃO ORDINÁRIA";6259;"ELEIÇÕES GERAIS ESTADUAIS 2026";260002550757;6;"https://whatsapp.com/channel/0029VaJorkcGzzKc4H4pof45"
"01/10/2026";"08:31:01";2026;"SE";2;"ELEIÇÃO ORDINÁRIA";6259;"ELEIÇÕES GERAIS ESTADUAIS 2026";260002545676;2;"HTTPS://WWW.FACEBOOK.COM/MAGALDAPASTORAL18333?MIBEXTID=WWXIFR&RDID=LJ72FQVXKZFT4"
"01/10/2026";"08:31:01";2026;"SE";2;"ELEIÇÃO ORDINÁRIA";6259;"ELEIÇÕES GERAIS ESTADUAIS 2026";260002535590;6;"HTTPS://WWW.INSTAGRAM.COM/MENINAVENENOESHOW?IGSH=MTIYN2G2CMZXCJNVCG=="
"01/10/2026";"08:31:01";2026;"SE";2;"ELEIÇÃO ORDINÁRIA";6259;"ELEIÇÕES GERAIS ESTADUAIS 2026";260002550431;1;"HTTPS://WWW.INSTAGRAM.COM/NICINHA.CHAGAS/"
"01/10/2026";"08:31:01";2026;"SE";2;"ELEIÇÃO ORDINÁRIA";6259;"ELEIÇÕES GERAIS ESTADUAIS 2026";260002549386;2;"https://www.youtube.com/@_pastordiego/"
"01/10/2026";"08:31:01";2026;"SE";2;"ELEIÇÃO ORDINÁRIA";6259;"ELEIÇÕES GERAIS ESTADUAIS 2026";260002533075;1;"WWW.SUSANEVIDAL.COM"
"01/10/2026";"08:31:01";2026;"SE";2;"ELEIÇÃO ORDINÁRIA";6259;"ELEIÇÕES GERAIS ESTADUAIS 2026";260002533076;2;"WWW.CLECIACARVALHO.COM.BR"
"01/10/2026";"08:31:01";2026;"SE";2;"ELEIÇÃO ORDINÁRIA";6259;"ELEIÇÕES GERAIS ESTADUAIS 2026";260002533076;8;"YOUTUBE @PODCLECIA"
"01/10/2026";"08:31:01";2026;"SE";2;"ELEIÇÃO ORDINÁRIA";6259;"ELEIÇÕES GERAIS ESTADUAIS 2026";260002550453;1;"@SILVIOEMPREENDEDOR_  - INSTAGRAM"
"01/10/2026";"08:31:01";2026;"SE";2;"ELEIÇÃO ORDINÁRIA";6259;"ELEIÇÕES GERAIS ESTADUAIS 2026";260002551361;1;"WWW.MARINAFERRAZDECASTRO.COM.BR"
"01/10/2026";"08:31:01";2026;"SE";2;"ELEIÇÃO ORDINÁRIA";6259;"ELEIÇÕES GERAIS ESTADUAIS 2026";260002542491;10;"http://www.fabiogov55.com.br/"
"01/10/2026";"08:31:01";2026;"SE";2;"ELEIÇÃO ORDINÁRIA";6259;"ELEIÇÕES GERAIS ESTADUAIS 2026";260002533084;6;"https://www.facebook.com/AlessandroVieiraSE/"
"01/10/2026";"08:31:01";2026;"SE";2;"ELEIÇÃO ORDINÁRIA";6259;"ELEIÇÕES GERAIS ESTADUAIS 2026";260002547444;1;"@EVERTONSOUZARENOVAR"
"01/10/2026";"08:31:01";2026;"SE";2;"ELEIÇÃO ORDINÁRIA";6259;"ELEIÇÕES GERAIS ESTADUAIS 2026";260002540220;3;"HTTPS://WWW.FACEBOOK.COM/SHARE/19PC381CRR/?MIBEXTID=WWXIFR"
"01/10/2026";"08:31:01";2026;"SE";2;"ELEIÇÃO ORDINÁRIA";6259;"ELEIÇÕES GERAIS ESTADUAIS 2026";260002547475;1;"INSTAGRAM - @GIL_DA_SAUDE2020"
"01/10/2026";"08:31:01";2026;"SE";2;"ELEIÇÃO ORDINÁRIA";6259;"ELEIÇÕES GERAIS ESTADUAIS 2026";260002547481;1;"INSTAGRAM - @MARCELLDEMAIM"
"01/10/2026";"08:31:01";2026;"SE";2;"ELEIÇÃO ORDINÁRIA";6259;"ELEIÇÕES GERAIS ESTADUAIS 2026";260002541271;2;"https://instagram.com/deysylc"
"01/10/2026";"08:31:01";2026;"SE";2;"ELEIÇÃO ORDINÁRIA";6259;"ELEIÇÕES GERAIS ESTADUAIS 2026";260002547408;6;"https://yandra4444.com.br/"
"01/10/2026";"08:31:01";2026;"SE";2;"ELEIÇÃO ORDINÁRIA";6259;"ELEIÇÕES GERAIS ESTADUAIS 2026";260002551362;2;"HTTPS://WWW.FACEBOOK.COM/DEPUTADORODRIGO.SE"
"01/10/2026";"08:31:01";2026;"SE";2;"ELEIÇÃO ORDINÁRIA";6259;"ELEIÇÕES GERAIS ESTADUAIS 2026";260002549713;4;"HTTPS://WWW.TIKTOK.COM/@LUIZAODONATRAMPIOF?_R=1&_T=ZS-98PCZTZQH8K"
"01/10/2026";"08:31:01";2026;"SE";2;"ELEIÇÃO ORDINÁRIA";6259;"ELEIÇÕES GERAIS ESTADUAIS 2026";260002547409;8;"https://www.flickr.com/photos/204860617@N05/albums/"
"01/10/2026";"08:31:01";2026;"SE";2;"ELEIÇÃO ORDINÁRIA";6259;"ELEIÇÕES GERAIS ESTADUAIS 2026";260002536297;2;"HTTPS://WWW.FACEBOOK.COM/PROFILE.PHP?ID=100004109088589"
"01/10/2026";"08:31:01";2026;"SE";2;"ELEIÇÃO ORDINÁRIA";6259;"ELEIÇÕES GERAIS ESTADUAIS 2026";260002550764;1;"https://www.instagram.com/coronelfabio_/"
"01/10/2026";"08:31:01";2026;"SE";2;"ELEIÇÃO ORDINÁRIA";6259;"ELEIÇÕES GERAIS ESTADUAIS 2026";260002550766;1;"https://www.facebook.com/avilete.silva"
"01/10/2026";"08:31:01";2026;"SE";2;"ELEIÇÃO ORDINÁRIA";6259;"ELEIÇÕES GERAIS ESTADUAIS 2026";260002550766;6;"https://professoraavilete.blogspot.com/"
"01/10/2026";"08:31:01";2026;"SE";2;"ELEIÇÃO ORDINÁRIA";6259;"ELEIÇÕES GERAIS ESTADUAIS 2026";260002547416;2;"HTTPS://WWW.YOUTUBE.COM/USER/EMERSONAJU"
"01/10/2026";"08:31:01";2026;"SE";2;"ELEIÇÃO ORDINÁRIA";6259;"ELEIÇÕES GERAIS ESTADUAIS 2026";260002547424;1;"HTTPS://WWW.INSTAGRAM.COM/ANDRELUCASSE/?__D=1"
"01/10/2026";"08:31:01";2026;"SE";2;"ELEIÇÃO ORDINÁRIA";6259;"ELEIÇÕES GERAIS ESTADUAIS 2026";260002535607;2;"HTTPS://WWW.FACEBOOK.COM/SHARE/1J9SFFZAHP/"
"01/10/2026";"08:31:01";2026;"SE";2;"ELEIÇÃO ORDINÁRIA";6259;"ELEIÇÕES GERAIS ESTADUAIS 2026";260002550424;5;"https://www.facebook.com/share/r/1Q9rzuNoRE/"
"01/10/2026";"08:31:01";2026;"SE";2;"ELEIÇÃO ORDINÁRIA";6259;"ELEIÇÕES GERAIS ESTADUAIS 2026";260002550428;1;"HTTPS://WWW.INSTAGRAM.COM/ELTON_DA_ENFERMAGEM/"
"01/10/2026";"08:31:01";2026;"SE";2;"ELEIÇÃO ORDINÁRIA";6259;"ELEIÇÕES GERAIS ESTADUAIS 2026";260002550448;2;"ROBERIO BATISTA - FACEBOOK"
"01/10/2026";"08:31:01";2026;"SE";2;"ELEIÇÃO ORDINÁRIA";6259;"ELEIÇÕES GERAIS ESTADUAIS 2026";260002548699;1;"HTTPS://WWW.INSTAGRAM.COM/ANDERSON.DE.TUCA/"
"01/10/2026";"08:31:01";2026;"SE";2;"ELEIÇÃO ORDINÁRIA";6259;"ELEIÇÕES GERAIS ESTADUAIS 2026";260002549386;8;"https://open.spotify.com/intl-pt/artist/1ZYoN4RX80ZHGntQiXmyqK?si=PZ3ZFpVqR6Ku9f53H_TWCQ&utm_source="
"01/10/2026";"08:31:01";2026;"SE";2;"ELEIÇÃO ORDINÁRIA";6259;"ELEIÇÕES GERAIS ESTADUAIS 2026";260002545677;1;"HTTPS://WWW.TIKTOK.COM/@IRANBARBOSA.OFICIAL"
"01/10/2026";"08:31:01";2026;"SE";2;"ELEIÇÃO ORDINÁRIA";6259;"ELEIÇÕES GERAIS ESTADUAIS 2026";260002535748;1;"HTTPS://WWW.INSTAGRAM.COM/VANIA24095?IGSH=MNRYMNPOBWLXNMX5"
"01/10/2026";"08:31:01";2026;"SE";2;"ELEIÇÃO ORDINÁRIA";6259;"ELEIÇÕES GERAIS ESTADUAIS 2026";260002550455;1;"@MARLEIDE60 - INSTAGRAM"
"01/10/2026";"08:31:01";2026;"SE";2;"ELEIÇÃO ORDINÁRIA";6259;"ELEIÇÕES GERAIS ESTADUAIS 2026";260002551710;4;"https://www.tiktok.com/@user2iww53fqry?_r=1&_t=ZS-98smZvRQsRk"
"01/10/2026";"08:31:01";2026;"SE";2;"ELEIÇÃO ORDINÁRIA";6259;"ELEIÇÕES GERAIS ESTADUAIS 2026";260002543592;2;"GEIVISSONVIEIRA       TIKTOK"
"01/10/2026";"08:31:01";2026;"SE";2;"ELEIÇÃO ORDINÁRIA";6259;"ELEIÇÕES GERAIS ESTADUAIS 2026";260002543813;1;"@SELMA_BISPO_04"
"01/10/2026";"08:31:01";2026;"SE";2;"ELEIÇÃO ORDINÁRIA";6259;"ELEIÇÕES GERAIS ESTADUAIS 2026";260002545640;2;"HTTPS://WWW.FACEBOOK.COM/CLAUDICEIA.DANTASSANTOS/"
"01/10/2026";"08:31:01";2026;"SE";2;"ELEIÇÃO ORDINÁRIA";6259;"ELEIÇÕES GERAIS ESTADUAIS 2026";260002540221;1;"HTTPS://WWW.INSTAGRAM.COM/DRA.LEYLAPAIXAO/"
"01/10/2026";"08:31:01";2026;"SE";2;"ELEIÇÃO ORDINÁRIA";6259;"ELEIÇÕES GERAIS ESTADUAIS 2026";260002535759;1;"HTTPS://WWW.INSTAGRAM.COM/DRGILSONANDRADE?IGSH=AJNXA2PHM2LZANQ5"
"01/10/2026";"08:31:01";2026;"SE";2;"ELEIÇÃO ORDINÁRIA";6259;"ELEIÇÕES GERAIS ESTADUAIS 2026";260002541267;3;"HTTPS://WWW.INSTAGRAM.COM/ANGELAMIRANDAPSB"
"01/10/2026";"08:31:01";2026;"SE";2;"ELEIÇÃO ORDINÁRIA";6259;"ELEIÇÕES GERAIS ESTADUAIS 2026";260002541276;1;"https://kwai.com/@rodrigosantosmissao"
"01/10/2026";"08:31:01";2026;"SE";2;"ELEIÇÃO ORDINÁRIA";6259;"ELEIÇÕES GERAIS ESTADUAIS 2026";260002541273;1;"https://instagram.com/luizfernandomissao"
"01/10/2026";"08:31:01";2026;"SE";2;"ELEIÇÃO ORDINÁRIA";6259;"ELEIÇÕES GERAIS ESTADUAIS 2026";260002535596;4;"HTTPS://WWW.TIKTOK.COM/@GEORGEOPASSOS?_R=1&_T=ZS-98PPWIFU8II"
"01/10/2026";"08:31:01";2026;"SE";2;"ELEIÇÃO ORDINÁRIA";6259;"ELEIÇÕES GERAIS ESTADUAIS 2026";260002547411;3;"https://www.instagram.com/gustinho1177/"
"01/10/2026";"08:31:01";2026;"SE";2;"ELEIÇÃO ORDINÁRIA";6259;"ELEIÇÕES GERAIS ESTADUAIS 2026";260002547411;4;"https://api.whatsapp.com/send/?phone=5579998362877&text&type=phone_number&app_absent=0"
"01/10/2026";"08:31:01";2026;"SE";2;"ELEIÇÃO ORDINÁRIA";6259;"ELEIÇÕES GERAIS ESTADUAIS 2026";260002536294;2;"HTTPS://WWW.FACEBOOK.COM/JAILSON.FRANCISCO.944"
"01/10/2026";"08:31:01";2026;"SE";2;"ELEIÇÃO ORDINÁRIA";6259;"ELEIÇÕES GERAIS ESTADUAIS 2026";260002554338;3;"https://www.facebook.com/celinha.sobral.3/"
"01/10/2026";"08:31:01";2026;"SE";2;"ELEIÇÃO ORDINÁRIA";6259;"ELEIÇÕES GERAIS ESTADUAIS 2026";260002549382;1;"HTTPS://WWW.INSTAGRAM.COM/LAYSESANTIAGO/"
"01/10/2026";"08:31:01";2026;"SE";2;"ELEIÇÃO ORDINÁRIA";6259;"ELEIÇÕES GERAIS ESTADUAIS 2026";260002549387;2;"https://www.instagram.com/irailton_matias_candidato?igsi=MThmbjV3bWNkazlzOA%3D%3D"
"01/10/2026";"08:31:01";2026;"SE";2;"ELEIÇÃO ORDINÁRIA";6259;"ELEIÇÕES GERAIS ESTADUAIS 2026";260002533088;1;"HTTPS://WWW.INSTAGRAM.COM/GRACEKELLYSTOS"
"01/10/2026";"08:31:01";2026;"SE";2;"ELEIÇÃO ORDINÁRIA";6259;"ELEIÇÕES GERAIS ESTADUAIS 2026";260002547429;1;"HTTPS://WWW.INSTAGRAM.COM/GILTONESPACO/"
"01/10/2026";"08:31:01";2026;"SE";2;"ELEIÇÃO ORDINÁRIA";6259;"ELEIÇÕES GERAIS ESTADUAIS 2026";260002540217;1;"HTTPS://WWW.INSTAGRAM.COM/VENANCIOFONSECASE"
"01/10/2026";"08:31:01";2026;"SE";2;"ELEIÇÃO ORDINÁRIA";6259;"ELEIÇÕES GERAIS ESTADUAIS 2026";260002535588;2;"HTTPS://WWW.FACEBOOK.COM/PROFILE.PHP?ID=61588773305642"
"01/10/2026";"08:31:01";2026;"SE";2;"ELEIÇÃO ORDINÁRIA";6259;"ELEIÇÕES GERAIS ESTADUAIS 2026";260002554131;6;"https://x.com/PALEXANDRE22800"
"01/10/2026";"08:31:01";2026;"SE";2;"ELEIÇÃO ORDINÁRIA";6259;"ELEIÇÕES GERAIS ESTADUAIS 2026";260002550424;6;"https://www.tiktok.com/@marianaservente/"
"01/10/2026";"08:31:01";2026;"SE";2;"ELEIÇÃO ORDINÁRIA";6259;"ELEIÇÕES GERAIS ESTADUAIS 2026";260002550426;2;"HTTPS://WWW.INSTAGRAM.COM/PR.DANIEL.OFC_PROJETO_SOCIAL/"
"01/10/2026";"08:31:01";2026;"SE";2;"ELEIÇÃO ORDINÁRIA";6259;"ELEIÇÕES GERAIS ESTADUAIS 2026";260002533081;3;"HTTPS://WWW.FACEBOOK.COM/SHARE/18V3ASIKBM/?MIBEXTID=WWXIFR"
"01/10/2026";"08:31:01";2026;"SE";2;"ELEIÇÃO ORDINÁRIA";6259;"ELEIÇÕES GERAIS ESTADUAIS 2026";260002549711;6;"https://www.facebook.com/profile.php?id=61593751694182"
"01/10/2026";"08:31:01";2026;"SE";2;"ELEIÇÃO ORDINÁRIA";6259;"ELEIÇÕES GERAIS ESTADUAIS 2026";260002535749;1;"HTTPS://WWW.INSTAGRAM.COM/PROFESSORLUCIANO.SE/?__D=1%3FUTM_SOURCE%3DIG_EMBED!"
"01/10/2026";"08:31:01";2026;"SE";2;"ELEIÇÃO ORDINÁRIA";6259;"ELEIÇÕES GERAIS ESTADUAIS 2026";260002542472;3;"https://www.facebook.com/share/1L8JskRuS3/?mibextid=wwXIfr"
"01/10/2026";"08:31:01";2026;"SE";2;"ELEIÇÃO ORDINÁRIA";6259;"ELEIÇÕES GERAIS ESTADUAIS 2026";260002551712;1;"https://x.com/emanuelcacho"
"01/10/2026";"08:31:01";2026;"SE";2;"ELEIÇÃO ORDINÁRIA";6259;"ELEIÇÕES GERAIS ESTADUAIS 2026";260002551366;1;"@CORONELROCHASE"
"01/10/2026";"08:31:01";2026;"SE";2;"ELEIÇÃO ORDINÁRIA";6259;"ELEIÇÕES GERAIS ESTADUAIS 2026";260002549384;3;"HTTPS://TIKTOK@MARCELOOSOBRAL"
"01/10/2026";"08:31:01";2026;"SE";2;"ELEIÇÃO ORDINÁRIA";6259;"ELEIÇÕES GERAIS ESTADUAIS 2026";260002547439;2;"HTTPS://WWW.FACEBOOK.COM/WALDIRRODRIGUES.LIMA"
"01/10/2026";"08:31:01";2026;"SE";2;"ELEIÇÃO ORDINÁRIA";6259;"ELEIÇÕES GERAIS ESTADUAIS 2026";260002547486;2;"WWW.CORONELRIBEIRO.COM.BR"
"01/10/2026";"08:31:01";2026;"SE";2;"ELEIÇÃO ORDINÁRIA";6259;"ELEIÇÕES GERAIS ESTADUAIS 2026";260002535759;2;"HTTPS://WWW.FACEBOOK.COM/SHARE/1MAH9DOBJ5/"
"01/10/2026";"08:31:01";2026;"SE";2;"ELEIÇÃO ORDINÁRIA";6259;"ELEIÇÕES GERAIS ESTADUAIS 2026";260002550935;1;"@BAGADALSE/INSTAGRAM"
"01/10/2026";"08:31:01";2026;"SE";2;"ELEIÇÃO ORDINÁRIA";6259;"ELEIÇÕES GERAIS ESTADUAIS 2026";260002550757;4;"https://www.tiktok.com/@petercosta03?_r=1&_t=ZS-98wAPwA9umw"
"01/10/2026";"08:31:01";2026;"SE";2;"ELEIÇÃO ORDINÁRIA";6259;"ELEIÇÕES GERAIS ESTADUAIS 2026";260002548695;1;"HTTPS://WWW.INSTAGRAM.COM/VEREADORVALDSON/"
"01/10/2026";"08:31:01";2026;"SE";2;"ELEIÇÃO ORDINÁRIA";6259;"ELEIÇÕES GERAIS ESTADUAIS 2026";260002533075;2;"WWW.OSERGIPEQUEAGENTEQUER.COM.BR"
"01/10/2026";"08:31:01";2026;"SE";2;"ELEIÇÃO ORDINÁRIA";6259;"ELEIÇÕES GERAIS ESTADUAIS 2026";260002541264;3;"HTTPS://WWW.TIKTOK.COM/@ELBERBATALHA"
"01/10/2026";"08:31:01";2026;"SE";2;"ELEIÇÃO ORDINÁRIA";6259;"ELEIÇÕES GERAIS ESTADUAIS 2026";260002542491;7;"TWITTER/X - HTTPS://X.COM/FABIOGOV55"
"01/10/2026";"08:31:01";2026;"SE";2;"ELEIÇÃO ORDINÁRIA";6259;"ELEIÇÕES GERAIS ESTADUAIS 2026";260002542470;4;"THEADS - HTTPS://WWW.THREADS.COM/@DELEGADAKATARINA"
"01/10/2026";"08:31:01";2026;"SE";2;"ELEIÇÃO ORDINÁRIA";6259;"ELEIÇÕES GERAIS ESTADUAIS 2026";260002542470;5;"INSTAGRAM - @DELEGADAKATARINA"
"01/10/2026";"08:31:01";2026;"SE";2;"ELEIÇÃO ORDINÁRIA";6259;"ELEIÇÕES GERAIS ESTADUAIS 2026";260002547476;1;"TIKTOK - @DEPADAILTONMARTINS"
"01/10/2026";"08:31:01";2026;"SE";2;"ELEIÇÃO ORDINÁRIA";6259;"ELEIÇÕES GERAIS ESTADUAIS 2026";260002550754;5;"https://lucianopimentelse.com.br/"
"01/10/2026";"08:31:01";2026;"SE";2;"ELEIÇÃO ORDINÁRIA";6259;"ELEIÇÕES GERAIS ESTADUAIS 2026";260002542471;2;"HTTPS://FACEBOOK.COM/JOSE.BATALHANETO"
"01/10/2026";"08:31:01";2026;"SE";2;"ELEIÇÃO ORDINÁRIA";6259;"ELEIÇÕES GERAIS ESTADUAIS 2026";260002530054;1;"https://www.instagram.com/andrea.nascimentto?igsh=c3pzbWFkdzg1OGxw"
"01/10/2026";"08:31:01";2026;"SE";2;"ELEIÇÃO ORDINÁRIA";6259;"ELEIÇÕES GERAIS ESTADUAIS 2026";260002543592;1;"@GEIVISSONVIEIRA       INSTAGRAN"
"01/10/2026";"08:31:01";2026;"SE";2;"ELEIÇÃO ORDINÁRIA";6259;"ELEIÇÕES GERAIS ESTADUAIS 2026";260002554205;4;"Mario blogueirinho   Kawaii"
"01/10/2026";"08:31:01";2026;"SE";2;"ELEIÇÃO ORDINÁRIA";6259;"ELEIÇÕES GERAIS ESTADUAIS 2026";260002545629;3;"FACEBOOK: @CANDISSECARVALHOOF"
"01/10/2026";"08:31:01";2026;"SE";2;"ELEIÇÃO ORDINÁRIA";6259;"ELEIÇÕES GERAIS ESTADUAIS 2026";260002540224;1;"HTTP://WWW.DELEGADOCLEVERFARIAS.COM.BR/"
"01/10/2026";"08:31:01";2026;"SE";2;"ELEIÇÃO ORDINÁRIA";6259;"ELEIÇÕES GERAIS ESTADUAIS 2026";260002547479;1;"FACEBOOK - BRUNO VASCONCELOS"
"01/10/2026";"08:31:01";2026;"SE";2;"ELEIÇÃO ORDINÁRIA";6259;"ELEIÇÕES GERAIS ESTADUAIS 2026";260002535596;2;"HTTPS://WWW.FACEBOOK.COM/DEPGEORGEOPASSOS/"
"01/10/2026";"08:31:01";2026;"SE";2;"ELEIÇÃO ORDINÁRIA";6259;"ELEIÇÕES GERAIS ESTADUAIS 2026";260002533080;3;"HTTPS://WWW.YOUTUBE.COM/@GRACINHAGARCEZ.SERGIPE"
"01/10/2026";"08:31:01";2026;"SE";2;"ELEIÇÃO ORDINÁRIA";6259;"ELEIÇÕES GERAIS ESTADUAIS 2026";260002547409;10;"https://www.facebook.com/gedalvaumbaubaoficial"
"01/10/2026";"08:31:01";2026;"SE";2;"ELEIÇÃO ORDINÁRIA";6259;"ELEIÇÕES GERAIS ESTADUAIS 2026";260002538793;1;"HTTPS://WWW.INSTAGRAM.COM/CORONELLINOPMSE?IGSH=DWTNCDLOZ245D2HV"
"01/10/2026";"08:31:01";2026;"SE";2;"ELEIÇÃO ORDINÁRIA";6259;"ELEIÇÕES GERAIS ESTADUAIS 2026";260002545619;1;"@EUSOUFABIANA04"
"01/10/2026";"08:31:01";2026;"SE";2;"ELEIÇÃO ORDINÁRIA";6259;"ELEIÇÕES GERAIS ESTADUAIS 2026";260002536296;2;"HTTPS://WWW.FACEBOOK.COM/ELIANADA.SOPA.56?RDID=VX95ASUE4CF2DNPU&SHARE_URL=HTTPS%"
"01/10/2026";"08:31:01";2026;"SE";2;"ELEIÇÃO ORDINÁRIA";6259;"ELEIÇÕES GERAIS ESTADUAIS 2026";260002554339;1;"https://www.facebook.com/share/1ERwrpfVwL/"
"01/10/2026";"08:31:01";2026;"SE";2;"ELEIÇÃO ORDINÁRIA";6259;"ELEIÇÕES GERAIS ESTADUAIS 2026";260002550683;4;"HTTPS://WWW.INSTAGRAM.COM/TATYCRISTINA.SE?UTM_SOURCE=QR"
"01/10/2026";"08:31:01";2026;"SE";2;"ELEIÇÃO ORDINÁRIA";6259;"ELEIÇÕES GERAIS ESTADUAIS 2026";260002550684;1;"@BARBOSA SIMEAO     INSTAGRAN"
"01/10/2026";"08:31:01";2026;"SE";2;"ELEIÇÃO ORDINÁRIA";6259;"ELEIÇÕES GERAIS ESTADUAIS 2026";260002533087;1;"HTTPS://WWW.INSTAGRAM.COM/EDUARDOPITBULLSE/"
"01/10/2026";"08:31:01";2026;"SE";2;"ELEIÇÃO ORDINÁRIA";6259;"ELEIÇÕES GERAIS ESTADUAIS 2026";260002540210;1;"HTTPS://WWW.INSTAGRAM.COM/ALANDEMUNDINHO/"
"01/10/2026";"08:31:01";2026;"SE";2;"ELEIÇÃO ORDINÁRIA";6259;"ELEIÇÕES GERAIS ESTADUAIS 2026";260002535597;3;"HTTPS://WWW.TIKTOK.COM/@ANALUIZACARVALHO.SE?_R=1&_T=ZS-98RTYOD4FIM"
"01/10/2026";"08:31:01";2026;"SE";2;"ELEIÇÃO ORDINÁRIA";6259;"ELEIÇÕES GERAIS ESTADUAIS 2026";260002535600;1;"HTTPS://WWW.FACEBOOK.COM/SHARE/1JSUI6WZ8J/?MIBEXTID=WWXIFR"
"01/10/2026";"08:31:01";2026;"SE";2;"ELEIÇÃO ORDINÁRIA";6259;"ELEIÇÕES GERAIS ESTADUAIS 2026";260002547290;1;"HTTPS://X.COM/ANDREMOURASE"
"01/10/2026";"08:31:01";2026;"SE";2;"ELEIÇÃO ORDINÁRIA";6259;"ELEIÇÕES GERAIS ESTADUAIS 2026";260002550430;1;"HTTPS://WWW.INSTAGRAM.COM/SIMONELINHARES.OFICIAL/"
"01/10/2026";"08:31:01";2026;"SE";2;"ELEIÇÃO ORDINÁRIA";6259;"ELEIÇÕES GERAIS ESTADUAIS 2026";260002550443;1;"HTTPS://WWW.INSTAGRAM.COM/ANITASILVAAJU/"
"01/10/2026";"08:31:01";2026;"SE";2;"ELEIÇÃO ORDINÁRIA";6259;"ELEIÇÕES GERAIS ESTADUAIS 2026";260002550444;4;"https://www.kwai.com/@joelfernandes936"
"01/10/2026";"08:31:01";2026;"SE";2;"ELEIÇÃO ORDINÁRIA";6259;"ELEIÇÕES GERAIS ESTADUAIS 2026";260002542466;1;"YOUTUBE: @ISABELFERREIRA1"
"01/10/2026";"08:31:01";2026;"SE";2;"ELEIÇÃO ORDINÁRIA";6259;"ELEIÇÕES GERAIS ESTADUAIS 2026";260002549386;4;"https://www.pastordiego.com.br"
"01/10/2026";"08:31:01";2026;"SE";2;"ELEIÇÃO ORDINÁRIA";6259;"ELEIÇÕES GERAIS ESTADUAIS 2026";260002549386;5;"https://www.facebook.com/vereadorpastordiego/"
"01/10/2026";"08:31:01";2026;"SE";2;"ELEIÇÃO ORDINÁRIA";6259;"ELEIÇÕES GERAIS ESTADUAIS 2026";260002541264;2;"HTTPS://WWW.FACEBOOK.COM/ELBERBATALHA.SE/?LOCALE=PT_BR"
"01/10/2026";"08:31:01";2026;"SE";2;"ELEIÇÃO ORDINÁRIA";6259;"ELEIÇÕES GERAIS ESTADUAIS 2026";260002549711;2;"https://www.tiktok.com/@pauline_s079?_r=1&_t=ZS-98sTXRJi7yq"
"01/10/2026";"08:31:01";2026;"SE";2;"ELEIÇÃO ORDINÁRIA";6259;"ELEIÇÕES GERAIS ESTADUAIS 2026";260002542469;1;"INSTAGRAM E TIKTOK @SOUJULIANAVARGAS"
"01/10/2026";"08:31:01";2026;"SE";2;"ELEIÇÃO ORDINÁRIA";6259;"ELEIÇÕES GERAIS ESTADUAIS 2026";260002551709;1;"https://www.instagram.com/zoyacm/"
"01/10/2026";"08:31:01";2026;"SE";2;"ELEIÇÃO ORDINÁRIA";6259;"ELEIÇÕES GERAIS ESTADUAIS 2026";260002550754;2;"https://www.facebook.com/azevedopimentel"
"01/10/2026";"08:31:01";2026;"SE";2;"ELEIÇÃO ORDINÁRIA";6259;"ELEIÇÕES GERAIS ESTADUAIS 2026";260002532010;6;"HTTPS://WWW.TIKTOK.COM/@VALMIRDESERGIPE"
"01/10/2026";"08:31:01";2026;"SE";2;"ELEIÇÃO ORDINÁRIA";6259;"ELEIÇÕES GERAIS ESTADUAIS 2026";260002545623;1;"INSTAGRAM: @APOSTOLAMARILEIDE"
"01/10/2026";"08:31:01";2026;"SE";2;"ELEIÇÃO ORDINÁRIA";6259;"ELEIÇÕES GERAIS ESTADUAIS 2026";260002545630;1;"https://www.instagram.com/augustocesarms2023"
"01/10/2026";"08:31:01";2026;"SE";2;"ELEIÇÃO ORDINÁRIA";6259;"ELEIÇÕES GERAIS ESTADUAIS 2026";260002547440;3;"WWW.TIKTOK.COM/MARCIOMACEDOPT"
"01/10/2026";"08:31:01";2026;"SE";2;"ELEIÇÃO ORDINÁRIA";6259;"ELEIÇÕES GERAIS ESTADUAIS 2026";260002547445;1;"INSTAGRAM: @ANDRESANASCIMENTO"
"01/10/2026";"08:31:01";2026;"SE";2;"ELEIÇÃO ORDINÁRIA";6259;"ELEIÇÕES GERAIS ESTADUAIS 2026";260002553735;1;"https://www.instagram.com/bonfim.santos.14?"
"01/10/2026";"08:31:01";2026;"SE";2;"ELEIÇÃO ORDINÁRIA";6259;"ELEIÇÕES GERAIS ESTADUAIS 2026";260002541274;2;"https://tiktok.com/@kelguimaraesoficial"
"01/10/2026";"08:31:01";2026;"SE";2;"ELEIÇÃO ORDINÁRIA";6259;"ELEIÇÕES GERAIS ESTADUAIS 2026";260002535596;3;"HTTPS://WWW.INSTAGRAM.COM/DEPGEORGEOPASSOS?IGSH=MTKZZWG0AMG5EWJSMG%3D%3D&UTM_SOU"
"01/10/2026";"08:31:01";2026;"SE";2;"ELEIÇÃO ORDINÁRIA";6259;"ELEIÇÕES GERAIS ESTADUAIS 2026";260002549466;1;"HTTPS://WWW.INSTAGRAM.COM/RICARDOMARQUES_RM?IGSH=MXV3D202D3K4BTBNDG=="
"01/10/2026";"08:31:01";2026;"SE";2;"ELEIÇÃO ORDINÁRIA";6259;"ELEIÇÕES GERAIS ESTADUAIS 2026";260002536297;1;"HTTPS://WWW.INSTAGRAM.COM/PITUXO_SERGIPE/"
"01/10/2026";"08:31:01";2026;"SE";2;"ELEIÇÃO ORDINÁRIA";6259;"ELEIÇÕES GERAIS ESTADUAIS 2026";260002549392;1;"TIK TOK: @HILDAPORSERGIPE"
"01/10/2026";"08:31:01";2026;"SE";2;"ELEIÇÃO ORDINÁRIA";6259;"ELEIÇÕES GERAIS ESTADUAIS 2026";260002550755;1;"HTTPS://WWW.INSTAGRAM.COM/RAYZAPRADO/"
"01/10/2026";"08:31:01";2026;"SE";2;"ELEIÇÃO ORDINÁRIA";6259;"ELEIÇÕES GERAIS ESTADUAIS 2026";260002550762;3;"https://www.facebook.com/share/1C4mFy31UD/?mibextid=wwXIfr"
"01/10/2026";"08:31:01";2026;"SE";2;"ELEIÇÃO ORDINÁRIA";6259;"ELEIÇÕES GERAIS ESTADUAIS 2026";260002550766;4;"https://www.youtube.com/@professoraavilete"
"01/10/2026";"08:31:01";2026;"SE";2;"ELEIÇÃO ORDINÁRIA";6259;"ELEIÇÕES GERAIS ESTADUAIS 2026";260002550772;1;"HTTPS://WWW.INSTAGRAM.COM/MARASIQUEIRAPERSONAL/"
"01/10/2026";"08:31:01";2026;"SE";2;"ELEIÇÃO ORDINÁRIA";6259;"ELEIÇÕES GERAIS ESTADUAIS 2026";260002547420;2;"HTTPS://X.COM/MARIOLEONYPSOL"
"01/10/2026";"08:31:01";2026;"SE";2;"ELEIÇÃO ORDINÁRIA";6259;"ELEIÇÕES GERAIS ESTADUAIS 2026";260002540216;1;"HTTPS://WWW.INSTAGRAM.COM/DANIEL_DO_ESPORTE/"
"01/10/2026";"08:31:01";2026;"SE";2;"ELEIÇÃO ORDINÁRIA";6259;"ELEIÇÕES GERAIS ESTADUAIS 2026";260002535588;1;"HTTPS://WWW.INSTAGRAM.COM/PREUQUIASCORREIA?UTM_SOURCE=QR"
"01/10/2026";"08:31:01";2026;"SE";2;"ELEIÇÃO ORDINÁRIA";6259;"ELEIÇÕES GERAIS ESTADUAIS 2026";260002535590;1;"HTTPS://YOUTUBE.COM/@MENINAVENENOESHOW5116?SI=QQAW2ZTNG55TTXTX"
"01/10/2026";"08:31:01";2026;"SE";2;"ELEIÇÃO ORDINÁRIA";6259;"ELEIÇÕES GERAIS ESTADUAIS 2026";260002535590;2;"HTTPS://KWAI-VIDEO.COM/U/@AIYEC558/XMPJNBCM"
"01/10/2026";"08:31:01";2026;"SE";2;"ELEIÇÃO ORDINÁRIA";6259;"ELEIÇÕES GERAIS ESTADUAIS 2026";260002535594;2;"HTTPS://WWW.FACEBOOK.COM/SHARE/19DKFCU4C3/"
"01/10/2026";"08:31:01";2026;"SE";2;"ELEIÇÃO ORDINÁRIA";6259;"ELEIÇÕES GERAIS ESTADUAIS 2026";260002535597;1;"HTTPS://WWW.YOUTUBE.COM/CHANNEL/UCXCJPELNXFN3TYELHB1JWUA"
"01/10/2026";"08:31:01";2026;"SE";2;"ELEIÇÃO ORDINÁRIA";6259;"ELEIÇÕES GERAIS ESTADUAIS 2026";260002535606;1;"HTTPS://WWW.INSTAGRAM.COM/MARCOSROCHA_GUARDIANSSEGURANCA?UTM_SOURCE=QR&IGSH=MXVT"
"01/10/2026";"08:31:01";2026;"SE";2;"ELEIÇÃO ORDINÁRIA";6259;"ELEIÇÕES GERAIS ESTADUAIS 2026";260002554131;8;"https://www.facebook.com/share/1EpfyUNEq2/"
"01/10/2026";"08:31:01";2026;"SE";2;"ELEIÇÃO ORDINÁRIA";6259;"ELEIÇÕES GERAIS ESTADUAIS 2026";260002550425;1;"HTTPS://WWW.INSTAGRAM.COM/FATIMABERNARDOOFC/"
"01/10/2026";"08:31:01";2026;"SE";2;"ELEIÇÃO ORDINÁRIA";6259;"ELEIÇÕES GERAIS ESTADUAIS 2026";260002550429;1;"HTTPS://WWW.INSTAGRAM.COM/ALLYSONOSONHADOR/"
"01/10/2026";"08:31:01";2026;"SE";2;"ELEIÇÃO ORDINÁRIA";6259;"ELEIÇÕES GERAIS ESTADUAIS 2026";260002550442;3;"https://www.tiktok.com/@pr.zecarlosvieira"
"01/10/2026";"08:31:01";2026;"SE";2;"ELEIÇÃO ORDINÁRIA";6259;"ELEIÇÕES GERAIS ESTADUAIS 2026";260002549386;3;"https://www.tiktok.com/@_pastordiego"
"01/10/2026";"08:31:01";2026;"SE";2;"ELEIÇÃO ORDINÁRIA";6259;"ELEIÇÕES GERAIS ESTADUAIS 2026";260002549386;6;"https://www.threads.com/@_pastordiego"
"01/10/2026";"08:31:01";2026;"SE";2;"ELEIÇÃO ORDINÁRIA";6259;"ELEIÇÕES GERAIS ESTADUAIS 2026";260002549712;2;"https://x.com/moanavaladares_?s=11"
"01/10/2026";"08:31:01";2026;"SE";2;"ELEIÇÃO ORDINÁRIA";6259;"ELEIÇÕES GERAIS ESTADUAIS 2026";260002541265;3;"HTTPS://WWW.FACEBOOK.COM/BRENOGARIBALDEE/"
"01/10/2026";"08:31:01";2026;"SE";2;"ELEIÇÃO ORDINÁRIA";6259;"ELEIÇÕES GERAIS ESTADUAIS 2026";260002549708;1;"HTTPS://WWW.INSTAGRAM.COM/DEL.AUGUSTOCESAR/"
"01/10/2026";"08:31:01";2026;"SE";2;"ELEIÇÃO ORDINÁRIA";6259;"ELEIÇÕES GERAIS ESTADUAIS 2026";260002549708;2;"https://web.facebook.com/profile.php?id=61593113056176"
"01/10/2026";"08:31:01";2026;"SE";2;"ELEIÇÃO ORDINÁRIA";6259;"ELEIÇÕES GERAIS ESTADUAIS 2026";260002535744;4;"HTTPS://WWW.TIKTOK.COM/@MARIILUSE?_R=1&_T=ZS-985W2NQAXCQ"
"01/10/2026";"08:31:01";2026;"SE";2;"ELEIÇÃO ORDINÁRIA";6259;"ELEIÇÕES GERAIS ESTADUAIS 2026";260002550457;4;"https://www.tiktok.com/@andresantana529"
"01/10/2026";"08:31:01";2026;"SE";2;"ELEIÇÃO ORDINÁRIA";6259;"ELEIÇÕES GERAIS ESTADUAIS 2026";260002542472;1;"@ANDERSONDEZEDASCANAS ( INSTAGRAM )"
"01/10/2026";"08:31:01";2026;"SE";2;"ELEIÇÃO ORDINÁRIA";6259;"ELEIÇÕES GERAIS ESTADUAIS 2026";260002543814;2;"FACEBOOK      NEIDEALVES"
"01/10/2026";"08:31:01";2026;"SE";2;"ELEIÇÃO ORDINÁRIA";6259;"ELEIÇÕES GERAIS ESTADUAIS 2026";260002545643;1;"INSTAGRAM: @DREMANUELMATIAS"
"01/10/2026";"08:31:01";2026;"SE";2;"ELEIÇÃO ORDINÁRIA";6259;"ELEIÇÕES GERAIS ESTADUAIS 2026";260002540218;4;"HTTPS://WWW.YOUTUBE.COM/@DALUZMEUAMIGODODETRAN"
"01/10/2026";"08:31:01";2026;"SE";2;"ELEIÇÃO ORDINÁRIA";6259;"ELEIÇÕES GERAIS ESTADUAIS 2026";260002540222;1;"HTTPS://WWW.INSTAGRAM.COM/LUIZSANTANASE/"
"01/10/2026";"08:31:01";2026;"SE";2;"ELEIÇÃO ORDINÁRIA";6259;"ELEIÇÕES GERAIS ESTADUAIS 2026";260002547430;2;"HTTPS://WWW.TIKTOK.COM/MUSIC/SOM-ORIGINAL-7566769938401741576"
"01/10/2026";"08:31:01";2026;"SE";2;"ELEIÇÃO ORDINÁRIA";6259;"ELEIÇÕES GERAIS ESTADUAIS 2026";260002541261;2;"HTTPS://WWW.YOUTUBE.COM/USER/MARCOSSANTANAPT"
"01/10/2026";"08:31:01";2026;"SE";2;"ELEIÇÃO ORDINÁRIA";6259;"ELEIÇÕES GERAIS ESTADUAIS 2026";260002541263;1;"HTTPS://WWW.INSTAGRAM.COM/MARCOSFRANCO.SE"
"01/10/2026";"08:31:01";2026;"SE";2;"ELEIÇÃO ORDINÁRIA";6259;"ELEIÇÕES GERAIS ESTADUAIS 2026";260002535596;6;"HTTPS://WWW.INSTAGRAM.COM/GEORGEOPORSERGIPE?IGSH=MWS1ZHI1Y2DXATNMMW%3D%3D&UTM_SO"
"01/10/2026";"08:31:01";2026;"SE";2;"ELEIÇÃO ORDINÁRIA";6259;"ELEIÇÕES GERAIS ESTADUAIS 2026";260002549466;3;"https://www.facebook.com/RicardoMarques.redeRM/?locale=pt_BR"
"01/10/2026";"08:31:01";2026;"SE";2;"ELEIÇÃO ORDINÁRIA";6259;"ELEIÇÕES GERAIS ESTADUAIS 2026";260002549466;4;"https://x.com/RicMarques_RM"
"01/10/2026";"08:31:01";2026;"SE";2;"ELEIÇÃO ORDINÁRIA";6259;"ELEIÇÕES GERAIS ESTADUAIS 2026";260002547409;2;"GEDALVAUMBAUBA.COM"
"01/10/2026";"08:31:01";2026;"SE";2;"ELEIÇÃO ORDINÁRIA";6259;"ELEIÇÕES GERAIS ESTADUAIS 2026";260002550937;2;"@VAGNERGASTAO/FACEBOOK"
"01/10/2026";"08:31:01";2026;"SE";2;"ELEIÇÃO ORDINÁRIA";6259;"ELEIÇÕES GERAIS ESTADUAIS 2026";260002550760;1;"HTTPS://WWW.INSTAGRAM.COM/VANILTONFRANCISCODOS/"
"01/10/2026";"08:31:01";2026;"SE";2;"ELEIÇÃO ORDINÁRIA";6259;"ELEIÇÕES GERAIS ESTADUAIS 2026";260002547418;1;"HTTPS://WWW.INSTAGRAM.COM/IGORBAIMAPSOL/"
"01/10/2026";"08:31:01";2026;"SE";2;"ELEIÇÃO ORDINÁRIA";6259;"ELEIÇÕES GERAIS ESTADUAIS 2026";260002547420;6;"HTTPS://WWW.FACEBOOK.COM/MARIOLEONYPSOL"
"01/10/2026";"08:31:01";2026;"SE";2;"ELEIÇÃO ORDINÁRIA";6259;"ELEIÇÕES GERAIS ESTADUAIS 2026";260002535587;1;"HTTPS://WWW.INSTAGRAM.COM/PROFESSORDAVIDSOARES?IGSH=ETDPDMG0CDV5CHPL"
"01/10/2026";"08:31:01";2026;"SE";2;"ELEIÇÃO ORDINÁRIA";6259;"ELEIÇÕES GERAIS ESTADUAIS 2026";260002535607;1;"HTTPS://WWW.INSTAGRAM.COM/LUCIANADEDA?IGSH=YJVOYWNXEJHLEJJ0"
"01/10/2026";"08:31:01";2026;"SE";2;"ELEIÇÃO ORDINÁRIA";6259;"ELEIÇÕES GERAIS ESTADUAIS 2026";260002550443;2;"MARIA ANITA DA SILVA - FACEBOOK"
"01/10/2026";"08:31:01";2026;"SE";2;"ELEIÇÃO ORDINÁRIA";6259;"ELEIÇÕES GERAIS ESTADUAIS 2026";260002542466;3;"ISABELFERREIRA:///FABEBOOK.COM"
"01/10/2026";"08:31:01";2026;"SE";2;"ELEIÇÃO ORDINÁRIA";6259;"ELEIÇÕES GERAIS ESTADUAIS 2026";260002533078;2;"(FACEBOOK) EMANUELLY HORA"
"01/10/2026";"08:31:01";2026;"SE";2;"ELEIÇÃO ORDINÁRIA";6259;"ELEIÇÕES GERAIS ESTADUAIS 2026";260002549712;5;"https://www.facebook.com/share/17rb4AxiKu/?mibextid=wwXIfr"
"01/10/2026";"08:31:01";2026;"SE";2;"ELEIÇÃO ORDINÁRIA";6259;"ELEIÇÕES GERAIS ESTADUAIS 2026";260002549709;2;"HTTPS://WWW.INSTAGRAM.COM/MENDONCAPRADO/"
"01/10/2026";"08:31:01";2026;"SE";2;"ELEIÇÃO ORDINÁRIA";6259;"ELEIÇÕES GERAIS ESTADUAIS 2026";260002535747;1;"HTTPS://WWW.INSTAGRAM.COM/APOSTOLO_JORGE?IGSH=N2ZNCNZQNXFZZJRJ"
"01/10/2026";"08:31:01";2026;"SE";2;"ELEIÇÃO ORDINÁRIA";6259;"ELEIÇÕES GERAIS ESTADUAIS 2026";260002533084;2;"HTTPS://WWW.FACEBOOK.COM/SHARE/1AWKEW2Q93/?MIBEXTID=WWXIFR"
"01/10/2026";"08:31:01";2026;"SE";2;"ELEIÇÃO ORDINÁRIA";6259;"ELEIÇÕES GERAIS ESTADUAIS 2026";260002533083;2;"HTTPS://WWW.FACEBOOK.COM/SHARE/19ZRUOMWKT/?MIBEXTID=WWXIFR"
"01/10/2026";"08:31:01";2026;"SE";2;"ELEIÇÃO ORDINÁRIA";6259;"ELEIÇÕES GERAIS ESTADUAIS 2026";260002535752;3;"HTTPS://WWW.TIKTOK.COM/@GARIBALDEMENDONCA?_R=1&_T=ZS-98UMYCIQZIX"
"01/10/2026";"08:31:01";2026;"SE";2;"ELEIÇÃO ORDINÁRIA";6259;"ELEIÇÕES GERAIS ESTADUAIS 2026";260002543591;2;"@RENATAEITUVIU"
"01/10/2026";"08:31:01";2026;"SE";2;"ELEIÇÃO ORDINÁRIA";6259;"ELEIÇÕES GERAIS ESTADUAIS 2026";260002545638;1;"INSTAGRAM: @PROF.CHICAOSE"
"01/10/2026";"08:31:01";2026;"SE";2;"ELEIÇÃO ORDINÁRIA";6259;"ELEIÇÕES GERAIS ESTADUAIS 2026";260002545644;1;"INSTAGRAM: EDSONJUNIOR.AJU"
"01/10/2026";"08:31:01";2026;"SE";2;"ELEIÇÃO ORDINÁRIA";6259;"ELEIÇÕES GERAIS ESTADUAIS 2026";260002547413;1;"HTTPS://INSTAGRAN@ALEXPINTADOOFICIAL"
"01/10/2026";"08:31:01";2026;"SE";2;"ELEIÇÃO ORDINÁRIA";6259;"ELEIÇÕES GERAIS ESTADUAIS 2026";260002540223;1;"HTTPS://WWW.INSTAGRAM.COM/NINA_GOMES_/"
"01/10/2026";"08:31:01";2026;"SE";2;"ELEIÇÃO ORDINÁRIA";6259;"ELEIÇÕES GERAIS ESTADUAIS 2026";260002540208;1;"HTTPS://WWW.INSTAGRAM.COM/_CESARPRADO_/"
"01/10/2026";"08:31:01";2026;"SE";2;"ELEIÇÃO ORDINÁRIA";6259;"ELEIÇÕES GERAIS ESTADUAIS 2026";260002547479;3;"INSTAGRAM - @BRUNOVASCONCELOS55"
"01/10/2026";"08:31:01";2026;"SE";2;"ELEIÇÃO ORDINÁRIA";6259;"ELEIÇÕES GERAIS ESTADUAIS 2026";260002535753;1;"HTTPS://WWW.INSTAGRAM.COM/JEJE.PRODUCOES?IGSH=MWDWEJHWB2DMDNU4BW=="
"01/10/2026";"08:31:01";2026;"SE";2;"ELEIÇÃO ORDINÁRIA";6259;"ELEIÇÕES GERAIS ESTADUAIS 2026";260002547426;6;"https://www.threads.com/@lindabrasilse"
"01/10/2026";"08:31:01";2026;"SE";2;"ELEIÇÃO ORDINÁRIA";6259;"ELEIÇÕES GERAIS ESTADUAIS 2026";260002554338;2;"https://www.instagram.com/sobralcelinha"
"01/10/2026";"08:31:01";2026;"SE";2;"ELEIÇÃO ORDINÁRIA";6259;"ELEIÇÕES GERAIS ESTADUAIS 2026";260002548696;1;"https://www.instagram.com/rosacarvalhoo_"
"01/10/2026";"08:31:01";2026;"SE";2;"ELEIÇÃO ORDINÁRIA";6259;"ELEIÇÕES GERAIS ESTADUAIS 2026";260002550938;4;"RADIOWEBFMCAJU/YOUTUBE"
"01/10/2026";"08:31:01";2026;"SE";2;"ELEIÇÃO ORDINÁRIA";6259;"ELEIÇÕES GERAIS ESTADUAIS 2026";260002545678;2;"HTTPS://WWW.INSTAGRAM.COM/NUZIACCOSTA?IGSH=YTNYDXVVA3V6Z3DI"
"01/10/2026";"08:31:01";2026;"SE";2;"ELEIÇÃO ORDINÁRIA";6259;"ELEIÇÕES GERAIS ESTADUAIS 2026";260002547416;4;"https://www.dremersonsergipe.com.br"
"01/10/2026";"08:31:01";2026;"SE";2;"ELEIÇÃO ORDINÁRIA";6259;"ELEIÇÕES GERAIS ESTADUAIS 2026";260002547418;4;"https://www.youtube.com/@igorbaimapsol"
"01/10/2026";"08:31:01";2026;"SE";2;"ELEIÇÃO ORDINÁRIA";6259;"ELEIÇÕES GERAIS ESTADUAIS 2026";260002540217;2;"HTTPS://WWW.FACEBOOK.COM/DEP.VENANCIOFONSECA/"
"01/10/2026";"08:31:01";2026;"SE";2;"ELEIÇÃO ORDINÁRIA";6259;"ELEIÇÕES GERAIS ESTADUAIS 2026";260002535595;2;"HTTPS://YOUTUBE.COM/@MISSIONARIATATYANE1328?SI=ER2PKXBM8JXSE-V8"
"01/10/2026";"08:31:01";2026;"SE";2;"ELEIÇÃO ORDINÁRIA";6259;"ELEIÇÕES GERAIS ESTADUAIS 2026";260002535605;2;"HTTPS://WWW.TIKTOK.COM/@NEGODOMATUTO?_R=1&_T=ZS-98RL5NSQIA9"
"01/10/2026";"08:31:01";2026;"SE";2;"ELEIÇÃO ORDINÁRIA";6259;"ELEIÇÕES GERAIS ESTADUAIS 2026";260002547406;2;"YOUTUBE: @LEVIOLIVEIRASERGPE"
"01/10/2026";"08:31:01";2026;"SE";2;"ELEIÇÃO ORDINÁRIA";6259;"ELEIÇÕES GERAIS ESTADUAIS 2026";260002550442;6;"https://x.com/josecar84649656?s=11"
"01/10/2026";"08:31:01";2026;"SE";2;"ELEIÇÃO ORDINÁRIA";6259;"ELEIÇÕES GERAIS ESTADUAIS 2026";260002549706;1;"HTTPS://WWW.INSTAGRAM.COM/WELINGTONCAMARGO.GOSPEL/"
"01/10/2026";"08:31:01";2026;"SE";2;"ELEIÇÃO ORDINÁRIA";6259;"ELEIÇÕES GERAIS ESTADUAIS 2026";260002549709;5;"https://www.youtube.com/@mendoncapradosergipe"
"01/10/2026";"08:31:01";2026;"SE";2;"ELEIÇÃO ORDINÁRIA";6259;"ELEIÇÕES GERAIS ESTADUAIS 2026";260002551712;2;"https://www.instagram.com/emanuelcacho/"
"01/10/2026";"08:31:01";2026;"SE";2;"ELEIÇÃO ORDINÁRIA";6259;"ELEIÇÕES GERAIS ESTADUAIS 2026";260002549127;1;"HTTPS://WWW.INSTAGRAM.COM/EDUARDOAMORIMSE"
"01/10/2026";"08:31:01";2026;"SE";2;"ELEIÇÃO ORDINÁRIA";6259;"ELEIÇÕES GERAIS ESTADUAIS 2026";260002549130;1;"HTTPS://WWW.INSTAGRAM.ANDREDCRR@GMAIL.COM"
"01/10/2026";"08:31:01";2026;"SE";2;"ELEIÇÃO ORDINÁRIA";6259;"ELEIÇÕES GERAIS ESTADUAIS 2026";260002533084;1;"HTTPS://WWW.TIKTOK.COM/@ALESSANDROVIEIRASE"
"01/10/2026";"08:31:01";2026;"SE";2;"ELEIÇÃO ORDINÁRIA";6259;"ELEIÇÕES GERAIS ESTADUAIS 2026";260002547405;3;"https://web.facebook.com/sheylagalba2018"
"01/10/2026";"08:31:01";2026;"SE";2;"ELEIÇÃO ORDINÁRIA";6259;"ELEIÇÕES GERAIS ESTADUAIS 2026";260002547441;2;"HTTPS://WWW.FACEBOOK.COM/CATIA.JUSTO.1/"
"01/10/2026";"08:31:01";2026;"SE";2;"ELEIÇÃO ORDINÁRIA";6259;"ELEIÇÕES GERAIS ESTADUAIS 2026";260002547489;2;"FACEBOOK - SIDICLEI FONSECA"
"01/10/2026";"08:31:01";2026;"SE";2;"ELEIÇÃO ORDINÁRIA";6259;"ELEIÇÕES GERAIS ESTADUAIS 2026";260002541273;5;"https://kwai.com/@luizfernandomissao"
"01/10/2026";"08:31:01";2026;"SE";2;"ELEIÇÃO ORDINÁRIA";6259;"ELEIÇÕES GERAIS ESTADUAIS 2026";260002547411;1;"@gustinho1177 TREADS"
"01/10/2026";"08:31:01";2026;"SE";2;"ELEIÇÃO ORDINÁRIA";6259;"ELEIÇÕES GERAIS ESTADUAIS 2026";260002551362;3;"HTTPS://WWW.YOUTUBE.COM/@DEPUTADORODRIGOVALADARES1954"
"01/10/2026";"08:31:01";2026;"SE";2;"ELEIÇÃO ORDINÁRIA";6259;"ELEIÇÕES GERAIS ESTADUAIS 2026";260002545616;1;"SERGINHOMENDONCA7755"
"01/10/2026";"08:31:01";2026;"SE";2;"ELEIÇÃO ORDINÁRIA";6259;"ELEIÇÕES GERAIS ESTADUAIS 2026";260002536291;3;"HTTPS://X.COM/IRMAMABELMELO"
"01/10/2026";"08:31:01";2026;"SE";2;"ELEIÇÃO ORDINÁRIA";6259;"ELEIÇÕES GERAIS ESTADUAIS 2026";260002550764;5;"https://www.threads.com/@coronelfabio_?invite=0"
"01/10/2026";"08:31:01";2026;"SE";2;"ELEIÇÃO ORDINÁRIA";6259;"ELEIÇÕES GERAIS ESTADUAIS 2026";260002550766;5;"https://x.com/PROFAVILETE"
"01/10/2026";"08:31:01";2026;"SE";2;"ELEIÇÃO ORDINÁRIA";6259;"ELEIÇÕES GERAIS ESTADUAIS 2026";260002550767;2;"HTTPS://KWAI-VIDEO.COM/U/@GABRIELDEDA/YOOJCCGF"
"01/10/2026";"08:31:01";2026;"SE";2;"ELEIÇÃO ORDINÁRIA";6259;"ELEIÇÕES GERAIS ESTADUAIS 2026";260002550767;3;"HTTPS://WWW.FACEBOOK.COM/SHARE/1EARVIWUFG/?MIBEXTID=WWXIFR"
"01/10/2026";"08:31:01";2026;"SE";2;"ELEIÇÃO ORDINÁRIA";6259;"ELEIÇÕES GERAIS ESTADUAIS 2026";260002550767;4;"HTTPS://WWW.INSTAGRAM.COM/GABRIELDEDAPRADO2?IGSH=YM52BNF0ZJVXBM5U&UTM_SOURCE=QR"
"01/10/2026";"08:31:01";2026;"SE";2;"ELEIÇÃO ORDINÁRIA";6259;"ELEIÇÕES GERAIS ESTADUAIS 2026";260002547415;2;"HTTPS://WWW.INSTAGRAM.COM/DR.HELTONMONTEIRO?IGSH=CDF5ATC0M2TMY2PH"
"01/10/2026";"08:31:01";2026;"SE";2;"ELEIÇÃO ORDINÁRIA";6259;"ELEIÇÕES GERAIS ESTADUAIS 2026";260002547416;3;"HTTPS://WWW.FACEBOOK.COM/DREMERSONSERGIPE/"
"01/10/2026";"08:31:01";2026;"SE";2;"ELEIÇÃO ORDINÁRIA";6259;"ELEIÇÕES GERAIS ESTADUAIS 2026";260002547290;2;"HTTPS://WWW.INSTAGRAM.COM/ANDREMOURASE/"
"01/10/2026";"08:31:01";2026;"SE";2;"ELEIÇÃO ORDINÁRIA";6259;"ELEIÇÕES GERAIS ESTADUAIS 2026";260002550424;3;"https://www.threads.com/@marianaservente/"
"01/10/2026";"08:31:01";2026;"SE";2;"ELEIÇÃO ORDINÁRIA";6259;"ELEIÇÕES GERAIS ESTADUAIS 2026";260002549386;1;"HTTPS://WWW.INSTAGRAM.COM/_PASTORDIEGO/"
"01/10/2026";"08:31:01";2026;"SE";2;"ELEIÇÃO ORDINÁRIA";6259;"ELEIÇÕES GERAIS ESTADUAIS 2026";260002542467;1;"@FLAVIOBRASIL_ ( INSTAGRAM )"
"01/10/2026";"08:31:01";2026;"SE";2;"ELEIÇÃO ORDINÁRIA";6259;"ELEIÇÕES GERAIS ESTADUAIS 2026";260002542468;2;"NITINHO.COM.BR"
"01/10/2026";"08:31:01";2026;"SE";2;"ELEIÇÃO ORDINÁRIA";6259;"ELEIÇÕES GERAIS ESTADUAIS 2026";260002535744;2;"HTTPS://WWW.INSTAGRAM.COM/MARIALULZAS?IGSH=OXIZZ3BNDW45DWRQ&UTM_SOURCE=QR"
"01/10/2026";"08:31:01";2026;"SE";2;"ELEIÇÃO ORDINÁRIA";6259;"ELEIÇÕES GERAIS ESTADUAIS 2026";260002550457;2;"https://www.facebook.com/share/1L7PxdaSxp/?mibextid=wwXIfr"
"01/10/2026";"08:31:01";2026;"SE";2;"ELEIÇÃO ORDINÁRIA";6259;"ELEIÇÕES GERAIS ESTADUAIS 2026";260002551704;1;"https://www.instagram.com/acaciocardosoo?igsi=MTYzanc2ZGhjOHhvdA=="
"01/10/2026";"08:31:01";2026;"SE";2;"ELEIÇÃO ORDINÁRIA";6259;"ELEIÇÕES GERAIS ESTADUAIS 2026";260002551712;3;"https://www.facebook.com/emanuel.cacho.1/"
"01/10/2026";"08:31:01";2026;"SE";2;"ELEIÇÃO ORDINÁRIA";6259;"ELEIÇÕES GERAIS ESTADUAIS 2026";260002549127;5;"HTTPS:WWW.TIKTOK.COM/@EDUARDOAMORIMSE"
"01/10/2026";"08:31:01";2026;"SE";2;"ELEIÇÃO ORDINÁRIA";6259;"ELEIÇÕES GERAIS ESTADUAIS 2026";260002542470;3;"HTTPS://WWW.FACEBOOK.COM/DELEGADAKATARINA/"
"01/10/2026";"08:31:01";2026;"SE";2;"ELEIÇÃO ORDINÁRIA";6259;"ELEIÇÕES GERAIS ESTADUAIS 2026";260002533079;1;"TIKTOK @ICARODEVALMIR"
"01/10/2026";"08:31:01";2026;"SE";2;"ELEIÇÃO ORDINÁRIA";6259;"ELEIÇÕES GERAIS ESTADUAIS 2026";260002545623;2;"INSTAGRAM: @MULHERESGUERREIRAS"
"01/10/2026";"08:31:01";2026;"SE";2;"ELEIÇÃO ORDINÁRIA";6259;"ELEIÇÕES GERAIS ESTADUAIS 2026";260002540218;2;"HTTPS://WWW.TIKTOK.COM/@DALUZMEUAMIGODODETRAN"
"01/10/2026";"08:31:01";2026;"SE";2;"ELEIÇÃO ORDINÁRIA";6259;"ELEIÇÕES GERAIS ESTADUAIS 2026";260002547490;4;"INSTAGRAM - @SAMIRADAUD"
"01/10/2026";"08:31:01";2026;"SE";2;"ELEIÇÃO ORDINÁRIA";6259;"ELEIÇÕES GERAIS ESTADUAIS 2026";260002541267;2;"HTTPS://WWW.FACEBOOK.COM/ANGELAMIRANDA12345"
"01/10/2026";"08:31:01";2026;"SE";2;"ELEIÇÃO ORDINÁRIA";6259;"ELEIÇÕES GERAIS ESTADUAIS 2026";260002535601;2;"HTTPS://WWW.TIKTOK.COM/@DEP.MARCOSOLIVEIRA?_R=1&_T=ZS-98OLR3BGRXV"
"01/10/2026";"08:31:01";2026;"SE";2;"ELEIÇÃO ORDINÁRIA";6259;"ELEIÇÕES GERAIS ESTADUAIS 2026";260002533080;4;"HTTPS://WWW.FACEBOOK.COM/GRACINHAGARCEZ/"
"01/10/2026";"08:31:01";2026;"SE";2;"ELEIÇÃO ORDINÁRIA";6259;"ELEIÇÕES GERAIS ESTADUAIS 2026";260002540205;1;"WWW.KITTYLIMA.COM.BR"
"01/10/2026";"08:31:01";2026;"SE";2;"ELEIÇÃO ORDINÁRIA";6259;"ELEIÇÕES GERAIS ESTADUAIS 2026";260002547408;2;"HTTPS://YANDRAMOURASE.COM.BR/"
"01/10/2026";"08:31:01";2026;"SE";2;"ELEIÇÃO ORDINÁRIA";6259;"ELEIÇÕES GERAIS ESTADUAIS 2026";260002547408;4;"HTTPS://WWW.INSTAGRAN.COM/YANDRAMOURASE/"
"01/10/2026";"08:31:01";2026;"SE";2;"ELEIÇÃO ORDINÁRIA";6259;"ELEIÇÕES GERAIS ESTADUAIS 2026";260002545617;1;"@MOACIRFILHO"
"01/10/2026";"08:31:01";2026;"SE";2;"ELEIÇÃO ORDINÁRIA";6259;"ELEIÇÕES GERAIS ESTADUAIS 2026";260002545618;1;"@VITORIASIMOES__"
"01/10/2026";"08:31:01";2026;"SE";2;"ELEIÇÃO ORDINÁRIA";6259;"ELEIÇÕES GERAIS ESTADUAIS 2026";260002549383;1;"HTTPS://WWW.INSTAGRAM.COM/VIVIDOCINHO.SE?IGSH=Y2FUBXNJZ3MXZG9V"
"01/10/2026";"08:31:01";2026;"SE";2;"ELEIÇÃO ORDINÁRIA";6259;"ELEIÇÕES GERAIS ESTADUAIS 2026";260002550934;1;"@GALO_MOTORISTA _127/INSTAGRAM"
"01/10/2026";"08:31:01";2026;"SE";2;"ELEIÇÃO ORDINÁRIA";6259;"ELEIÇÕES GERAIS ESTADUAIS 2026";260002550935;2;"BAGADALSE/FACEBOOK"
"01/10/2026";"08:31:01";2026;"SE";2;"ELEIÇÃO ORDINÁRIA";6259;"ELEIÇÕES GERAIS ESTADUAIS 2026";260002550765;1;"HTTPS://WWW.INSTAGRAM.COM/FERNANDINHOFRANCO.SE/"
"01/10/2026";"08:31:01";2026;"SE";2;"ELEIÇÃO ORDINÁRIA";6259;"ELEIÇÕES GERAIS ESTADUAIS 2026";260002547416;5;"https://www.instagram.com/@dremersonsergipe"
"01/10/2026";"08:31:01";2026;"SE";2;"ELEIÇÃO ORDINÁRIA";6259;"ELEIÇÕES GERAIS ESTADUAIS 2026";260002547290;3;"WWW.TIKTOK.COM/@ANDREMOURASE"
"01/10/2026";"08:31:01";2026;"SE";2;"ELEIÇÃO ORDINÁRIA";6259;"ELEIÇÕES GERAIS ESTADUAIS 2026";260002533076;4;"THREADS @CLECIA.CARVALHO"
"01/10/2026";"08:31:01";2026;"SE";2;"ELEIÇÃO ORDINÁRIA";6259;"ELEIÇÕES GERAIS ESTADUAIS 2026";260002549709;4;"FACEBOOK.COM/MENDONCAPRADO"
"01/10/2026";"08:31:01";2026;"SE";2;"ELEIÇÃO ORDINÁRIA";6259;"ELEIÇÕES GERAIS ESTADUAIS 2026";260002535747;2;"HTTPS://M.YOUTUBE.COM/%40JORGESANTOSGOMES-FM4QO?FBCLID=PAB21JCATYGCBLEHRUA2FLBQI"
"01/10/2026";"08:31:01";2026;"SE";2;"ELEIÇÃO ORDINÁRIA";6259;"ELEIÇÕES GERAIS ESTADUAIS 2026";260002542472;2;"https://www.tiktok.com/@andersondezedascanas?_r=1&_t=ZS-99GQiFdo3fQ"
"01/10/2026";"08:31:01";2026;"SE";2;"ELEIÇÃO ORDINÁRIA";6259;"ELEIÇÕES GERAIS ESTADUAIS 2026";260002547430;6;"HTTPS://X.COM/PROFSONIAMEIRE"
"01/10/2026";"08:31:01";2026;"SE";2;"ELEIÇÃO ORDINÁRIA";6259;"ELEIÇÕES GERAIS ESTADUAIS 2026";260002547490;1;"TIKTOK - @SAMIRADAUD"
"01/10/2026";"08:31:01";2026;"SE";2;"ELEIÇÃO ORDINÁRIA";6259;"ELEIÇÕES GERAIS ESTADUAIS 2026";260002535750;4;"HTTPS://WWW.TIKTOK.COM/@FILIPE.C.MENEZESDOUTOR"
"01/10/2026";"08:31:01";2026;"SE";2;"ELEIÇÃO ORDINÁRIA";6259;"ELEIÇÕES GERAIS ESTADUAIS 2026";260002541261;3;"HTTPS://WWW.FACEBOOK.COM/MARCOSSANTANASCV/?LOCALE=PT_BR"
"01/10/2026";"08:31:01";2026;"SE";2;"ELEIÇÃO ORDINÁRIA";6259;"ELEIÇÕES GERAIS ESTADUAIS 2026";260002541261;4;"HTTPS://X.COM/MARCOSSANTANASC"
"01/10/2026";"08:31:01";2026;"SE";2;"ELEIÇÃO ORDINÁRIA";6259;"ELEIÇÕES GERAIS ESTADUAIS 2026";260002547426;4;"HTTPS://X.COM/LINDABRASILSE?LANG=EN"
"01/10/2026";"08:31:01";2026;"SE";2;"ELEIÇÃO ORDINÁRIA";6259;"ELEIÇÕES GERAIS ESTADUAIS 2026";260002547411;2;"https://www.gustinho1177.com.br"
"01/10/2026";"08:31:01";2026;"SE";2;"ELEIÇÃO ORDINÁRIA";6259;"ELEIÇÕES GERAIS ESTADUAIS 2026";260002536291;1;"@IRMA.MABELMELO"
"01/10/2026";"08:31:01";2026;"SE";2;"ELEIÇÃO ORDINÁRIA";6259;"ELEIÇÕES GERAIS ESTADUAIS 2026";260002536295;2;"HTTPS://WWW.FACEBOOK.COM/SHARE/1BGYCR8E2Y/"
"01/10/2026";"08:31:01";2026;"SE";2;"ELEIÇÃO ORDINÁRIA";6259;"ELEIÇÕES GERAIS ESTADUAIS 2026";260002549390;1;"HTTPS://WWW.INSTAGRAM.COM/LUCASMENESESLM/"
"01/10/2026";"08:31:01";2026;"SE";2;"ELEIÇÃO ORDINÁRIA";6259;"ELEIÇÕES GERAIS ESTADUAIS 2026";260002549392;2;"THREADS:HILDA.SERGIPE____"
"01/10/2026";"08:31:01";2026;"SE";2;"ELEIÇÃO ORDINÁRIA";6259;"ELEIÇÕES GERAIS ESTADUAIS 2026";260002550764;6;"https://www.tiktok.com/@coronel.fbio?_r=1&_t=ZS-98sn3Q70zqO"
"01/10/2026";"08:31:01";2026;"SE";2;"ELEIÇÃO ORDINÁRIA";6259;"ELEIÇÕES GERAIS ESTADUAIS 2026";260002547416;7;"https://www.tiktok.com/@dremersonsergipe"
"01/10/2026";"08:31:01";2026;"SE";2;"ELEIÇÃO ORDINÁRIA";6259;"ELEIÇÕES GERAIS ESTADUAIS 2026";260002547428;1;"HTTPS://WWW.INSTAGRAM.COM/ATENISON_81/"
"01/10/2026";"08:31:01";2026;"SE";2;"ELEIÇÃO ORDINÁRIA";6259;"ELEIÇÕES GERAIS ESTADUAIS 2026";260002547431;2;"HTTPS://WWW.INSTAGRAM.COM/SERGIOSAMPAIO.OFICIAL/"
"01/10/2026";"08:31:01";2026;"SE";2;"ELEIÇÃO ORDINÁRIA";6259;"ELEIÇÕES GERAIS ESTADUAIS 2026";260002540212;1;"HTTPS://WWW.INSTAGRAM.COM/CLEDSONLIMAPROFISSIONAL"
"01/10/2026";"08:31:01";2026;"SE";2;"ELEIÇÃO ORDINÁRIA";6259;"ELEIÇÕES GERAIS ESTADUAIS 2026";260002535590;4;"HTTPS://WWW.TIKTOK.COM/@MENINAVENENOSHOW?_R=1&_T=ZS-98UYR0SSYEX"
"01/10/2026";"08:31:01";2026;"SE";2;"ELEIÇÃO ORDINÁRIA";6259;"ELEIÇÕES GERAIS ESTADUAIS 2026";260002535590;5;"HTTPS://WWW.INSTAGRAM.COM/BRANDAO2623?IGSH=M3Q3BDHTA25XYW81"
"01/10/2026";"08:31:01";2026;"SE";2;"ELEIÇÃO ORDINÁRIA";6259;"ELEIÇÕES GERAIS ESTADUAIS 2026";260002535590;7;"HTTPS://X.COM/BRANDAVENENO"
"01/10/2026";"08:31:01";2026;"SE";2;"ELEIÇÃO ORDINÁRIA";6259;"ELEIÇÕES GERAIS ESTADUAIS 2026";260002535592;1;"HTTPS://WWW.INSTAGRAM.COM/ROSADETEIU?IGSH=MWSYEDH2C3AZZDNXBQ=="
"01/10/2026";"08:31:01";2026;"SE";2;"ELEIÇÃO ORDINÁRIA";6259;"ELEIÇÕES GERAIS ESTADUAIS 2026";260002554131;4;"https://www.kwai.com/@pastoralexandre22800"
"01/10/2026";"08:31:01";2026;"SE";2;"ELEIÇÃO ORDINÁRIA";6259;"ELEIÇÕES GERAIS ESTADUAIS 2026";260002550433;1;"HTTPS://WWW.INSTAGRAM.COM/JEFERSONSOUZASE/"
"01/10/2026";"08:31:01";2026;"SE";2;"ELEIÇÃO ORDINÁRIA";6259;"ELEIÇÕES GERAIS ESTADUAIS 2026";260002550442;5;"https://www.facebook.com/pr.zecarlosvieira/"
"01/10/2026";"08:31:01";2026;"SE";2;"ELEIÇÃO ORDINÁRIA";6259;"ELEIÇÕES GERAIS ESTADUAIS 2026";260002550448;1;"HTTPS://WWW.INSTAGRAM.COM/ROBERIOSAMU/"
"01/10/2026";"08:31:01";2026;"SE";2;"ELEIÇÃO ORDINÁRIA";6259;"ELEIÇÕES GERAIS ESTADUAIS 2026";260002549711;3;"https://www.kwai.com/@pauline_s079"
"01/10/2026";"08:31:01";2026;"SE";2;"ELEIÇÃO ORDINÁRIA";6259;"ELEIÇÕES GERAIS ESTADUAIS 2026";260002535744;3;"HTTPS://X.COM/MARIILUSE?S=11"
"01/10/2026";"08:31:01";2026;"SE";2;"ELEIÇÃO ORDINÁRIA";6259;"ELEIÇÕES GERAIS ESTADUAIS 2026";260002550452;1;"HTTPS://WWW.INSTAGRAM.COM/GILSONELETRICISTA.11/"
"01/10/2026";"08:31:01";2026;"SE";2;"ELEIÇÃO ORDINÁRIA";6259;"ELEIÇÕES GERAIS ESTADUAIS 2026";260002549128;1;"HTTPS://WWW.INSTAGRAM@DANILODEJOALDO"
"01/10/2026";"08:31:01";2026;"SE";2;"ELEIÇÃO ORDINÁRIA";6259;"ELEIÇÕES GERAIS ESTADUAIS 2026";260002549131;1;"HTTPS://WWW.INSTAGRAM@REBEKADEANDREDAVID"
"01/10/2026";"08:31:01";2026;"SE";2;"ELEIÇÃO ORDINÁRIA";6259;"ELEIÇÕES GERAIS ESTADUAIS 2026";260002540207;2;"HTTPS://WWW.INSTAGRAM.COM/ZEZINHOSOBRALSERGIPE"
"01/10/2026";"08:31:01";2026;"SE";2;"ELEIÇÃO ORDINÁRIA";6259;"ELEIÇÕES GERAIS ESTADUAIS 2026";260002533084;5;"HTTPS://X.COM/_ALESSANDROSE?S=11"
"01/10/2026";"08:31:01";2026;"SE";2;"ELEIÇÃO ORDINÁRIA";6259;"ELEIÇÕES GERAIS ESTADUAIS 2026";260002533083;3;"HTTPS://WWW.INSTAGRAM.COM/THIAGODEJOALDO?IGSH=MXA3CGJKA2ZIOWTLBA=="
"01/10/2026";"08:31:01";2026;"SE";2;"ELEIÇÃO ORDINÁRIA";6259;"ELEIÇÕES GERAIS ESTADUAIS 2026";260002548698;1;"HTTPS://WWW.INSTAGRAM.COM/DRALIDIANELUCENA/"
"01/10/2026";"08:31:01";2026;"SE";2;"ELEIÇÃO ORDINÁRIA";6259;"ELEIÇÕES GERAIS ESTADUAIS 2026";260002530047;2;"https://www.instagram.com/everaldodesocorro?igsh=NHdxb3BheXQ0c3Ey"
"01/10/2026";"08:31:01";2026;"SE";2;"ELEIÇÃO ORDINÁRIA";6259;"ELEIÇÕES GERAIS ESTADUAIS 2026";260002547412;1;"@CAPITAOSAMUELOF"
"01/10/2026";"08:31:01";2026;"SE";2;"ELEIÇÃO ORDINÁRIA";6259;"ELEIÇÕES GERAIS ESTADUAIS 2026";260002540218;3;"HTTPS://WWW.INSTAGRAM.COM/ANTONIODALUZ6/"
"01/10/2026";"08:31:01";2026;"SE";2;"ELEIÇÃO ORDINÁRIA";6259;"ELEIÇÕES GERAIS ESTADUAIS 2026";260002540220;2;"WWW.TIKTOK.COM/@LEASOBRAL"
"01/10/2026";"08:31:01";2026;"SE";2;"ELEIÇÃO ORDINÁRIA";6259;"ELEIÇÕES GERAIS ESTADUAIS 2026";260002547486;1;"INSTAGRAM - @CORONEL.RIBEIRO"
"01/10/2026";"08:31:01";2026;"SE";2;"ELEIÇÃO ORDINÁRIA";6259;"ELEIÇÕES GERAIS ESTADUAIS 2026";260002551549;1;"@JOAQUIMFERREIRA.ESTANCIA/INSTAGRAM"
"01/10/2026";"08:31:01";2026;"SE";2;"ELEIÇÃO ORDINÁRIA";6259;"ELEIÇÕES GERAIS ESTADUAIS 2026";260002535757;1;"HTTPS://WWW.INSTAGRAM.COM/IDALINO_ECONOMISTA?IGSH=CGK2MWW5BXDYMGXN"
"01/10/2026";"08:31:01";2026;"SE";2;"ELEIÇÃO ORDINÁRIA";6259;"ELEIÇÕES GERAIS ESTADUAIS 2026";260002535763;2;"HTTPS://WWW.FACEBOOK.COM/SHARE/1HFUNACCH5/"
"01/10/2026";"08:31:01";2026;"SE";2;"ELEIÇÃO ORDINÁRIA";6259;"ELEIÇÕES GERAIS ESTADUAIS 2026";260002541269;1;"https://instagram.com/joaomarcelomissao"
"01/10/2026";"08:31:01";2026;"SE";2;"ELEIÇÃO ORDINÁRIA";6259;"ELEIÇÕES GERAIS ESTADUAIS 2026";260002541272;1;"https://instagram.com/jonmhara"
"01/10/2026";"08:31:01";2026;"SE";2;"ELEIÇÃO ORDINÁRIA";6259;"ELEIÇÕES GERAIS ESTADUAIS 2026";260002541276;4;"https://instagram.com/rodrigosantosmissao"
"01/10/2026";"08:31:01";2026;"SE";2;"ELEIÇÃO ORDINÁRIA";6259;"ELEIÇÕES GERAIS ESTADUAIS 2026";260002541274;4;"https://kwai.com/@kelguimaraesoficial"
"01/10/2026";"08:31:01";2026;"SE";2;"ELEIÇÃO ORDINÁRIA";6259;"ELEIÇÕES GERAIS ESTADUAIS 2026";260002547426;5;"https://bsky.app/profile/lindabrasilse.bsky.social"
"01/10/2026";"08:31:01";2026;"SE";2;"ELEIÇÃO ORDINÁRIA";6259;"ELEIÇÕES GERAIS ESTADUAIS 2026";260002547408;5;"HTTPS://WWW.TIKTOK.COM/YANDRAMOURASE"
"01/10/2026";"08:31:01";2026;"SE";2;"ELEIÇÃO ORDINÁRIA";6259;"ELEIÇÕES GERAIS ESTADUAIS 2026";260002547442;3;"THREADS: @DEPUTADOJOAODANIEL"
"01/10/2026";"08:31:01";2026;"SE";2;"ELEIÇÃO ORDINÁRIA";6259;"ELEIÇÕES GERAIS ESTADUAIS 2026";260002549713;2;"HTTPS://WWW.INSTAGRAM.COM/LUIZAODONATRAMPIOF"
"01/10/2026";"08:31:01";2026;"SE";2;"ELEIÇÃO ORDINÁRIA";6259;"ELEIÇÕES GERAIS ESTADUAIS 2026";260002536295;1;"HTTPS://WWW.INSTAGRAM.COM/PRISCILACRUZ_S?IGSH=BHL5DWX4DNFXZXI0"
"01/10/2026";"08:31:01";2026;"SE";2;"ELEIÇÃO ORDINÁRIA";6259;"ELEIÇÕES GERAIS ESTADUAIS 2026";260002534000;1;"HTTPS://WWW.INSTAGRAM.COM/IZAMEL069?IGSH=EHQ1YMS3BTV2DHJ0"
"01/10/2026";"08:31:01";2026;"SE";2;"ELEIÇÃO ORDINÁRIA";6259;"ELEIÇÕES GERAIS ESTADUAIS 2026";260002550762;1;"HTTPS://WWW.INSTAGRAM.COM/EIPRIH/"
"01/10/2026";"08:31:01";2026;"SE";2;"ELEIÇÃO ORDINÁRIA";6259;"ELEIÇÕES GERAIS ESTADUAIS 2026";260002550762;4;"https://www.tiktok.com/@pripridopovo?_r=1&_t=ZS-98zH6J4Fp7l"
"01/10/2026";"08:31:01";2026;"SE";2;"ELEIÇÃO ORDINÁRIA";6259;"ELEIÇÕES GERAIS ESTADUAIS 2026";260002550764;3;"https://www.facebook.com/share/1D1JJMi5ep/?mibextid=wwXIfr"
"01/10/2026";"08:31:01";2026;"SE";2;"ELEIÇÃO ORDINÁRIA";6259;"ELEIÇÕES GERAIS ESTADUAIS 2026";260002550773;2;"FACEBOOK: SHEILA MATOS"
"01/10/2026";"08:31:01";2026;"SE";2;"ELEIÇÃO ORDINÁRIA";6259;"ELEIÇÕES GERAIS ESTADUAIS 2026";260002540215;1;"HTTPS://WWW.INSTAGRAM.COM/DRSARMENTO"
"01/10/2026";"08:31:01";2026;"SE";2;"ELEIÇÃO ORDINÁRIA";6259;"ELEIÇÕES GERAIS ESTADUAIS 2026";260002535599;3;"HTTPS://WWW.TIKTOK.COM/@SARGENTO.M.FILHO?_R=1&_T=ZS-98RQA3QOL2B"
"01/10/2026";"08:31:01";2026;"SE";2;"ELEIÇÃO ORDINÁRIA";6259;"ELEIÇÕES GERAIS ESTADUAIS 2026";260002550432;1;"HTTPS://WWW.INSTAGRAM.COM/TIAGORANGELSERGIPE/"
"01/10/2026";"08:31:01";2026;"SE";2;"ELEIÇÃO ORDINÁRIA";6259;"ELEIÇÕES GERAIS ESTADUAIS 2026";260002542466;2;"INSTAGRAM: @EUISABELFERREIRA"
"01/10/2026";"08:31:01";2026;"SE";2;"ELEIÇÃO ORDINÁRIA";6259;"ELEIÇÕES GERAIS ESTADUAIS 2026";260002554525;1;"https://www.instagram.com/vereadorfabricio.adv"
"01/10/2026";"08:31:01";2026;"SE";2;"ELEIÇÃO ORDINÁRIA";6259;"ELEIÇÕES GERAIS ESTADUAIS 2026";260002545624;1;"INSTAGRAM: @CAMILOPORSERGIPE"
"01/10/2026";"08:31:01";2026;"SE";2;"ELEIÇÃO ORDINÁRIA";6259;"ELEIÇÕES GERAIS ESTADUAIS 2026";260002535745;2;"https://www.gabrieltelesdeputadose.com.br/"
"01/10/2026";"08:31:01";2026;"SE";2;"ELEIÇÃO ORDINÁRIA";6259;"ELEIÇÕES GERAIS ESTADUAIS 2026";260002551703;1;"https://www.instagram.com/cantoradeboracristiane.se?igsh=ZGJiOWxhZzAxYmth"
"01/10/2026";"08:31:01";2026;"SE";2;"ELEIÇÃO ORDINÁRIA";6259;"ELEIÇÕES GERAIS ESTADUAIS 2026";260002541276;3;"https://tiktok.com/@rodrigosantosmissao"
"01/10/2026";"08:31:01";2026;"SE";2;"ELEIÇÃO ORDINÁRIA";6259;"ELEIÇÕES GERAIS ESTADUAIS 2026";260002552342;1;"irmamichelisilvadep  (instagram)"
"01/10/2026";"08:31:01";2026;"SE";2;"ELEIÇÃO ORDINÁRIA";6259;"ELEIÇÕES GERAIS ESTADUAIS 2026";260002549713;1;"HTTPS://WWW.FACEBOOK.COM/SHARE/1C3XQX1SFC/?MIBEXTID=WWXIFR"
"01/10/2026";"08:31:01";2026;"SE";2;"ELEIÇÃO ORDINÁRIA";6259;"ELEIÇÕES GERAIS ESTADUAIS 2026";260002547409;7;"https://www.threads.com/@gedalvaumbauba?xmt=AQG0m46qHWQqmZZVosD0RbrvLPOaF95CKIo-PTdIXGU7Pi0"
"01/10/2026";"08:31:01";2026;"SE";2;"ELEIÇÃO ORDINÁRIA";6259;"ELEIÇÕES GERAIS ESTADUAIS 2026";260002545615;1;"HTTPS://WWW.INSTAGRAM.COM/LENEHALL1?UTM_SOURCE=IG_WEB_BUTTON_SHARE_SHEET&IGSH=ZD"
"01/10/2026";"08:31:01";2026;"SE";2;"ELEIÇÃO ORDINÁRIA";6259;"ELEIÇÕES GERAIS ESTADUAIS 2026";260002536291;2;"HTTPS://WWW.INSTAGRAM.COM/IRMA.MABELMELO/"
"01/10/2026";"08:31:01";2026;"SE";2;"ELEIÇÃO ORDINÁRIA";6259;"ELEIÇÕES GERAIS ESTADUAIS 2026";260002550764;2;"https://www.facebook.com/share/1QbRGYCETZ/?mibextid=wwXIfr"
"01/10/2026";"08:31:01";2026;"SE";2;"ELEIÇÃO ORDINÁRIA";6259;"ELEIÇÕES GERAIS ESTADUAIS 2026";260002547420;3;"HTTPS://WWW.TIKTOK.COM/@DELEGADOMARIOLEONY"
"01/10/2026";"08:31:01";2026;"SE";2;"ELEIÇÃO ORDINÁRIA";6259;"ELEIÇÕES GERAIS ESTADUAIS 2026";260002547420;4;"HTTPS://WWW.YOUTUBE.COM/CHANNEL/UCYNPENHFHL5R3DLI3-YYQKQ"
"01/10/2026";"08:31:01";2026;"SE";2;"ELEIÇÃO ORDINÁRIA";6259;"ELEIÇÕES GERAIS ESTADUAIS 2026";260002535586;1;"HTTPS://WWW.INSTAGRAM.COM/DRA.CICERARENOVATTO1079?IGSH=ZM9SATD3ZJCWOWDN&UTM_SOUR"
"01/10/2026";"08:31:01";2026;"SE";2;"ELEIÇÃO ORDINÁRIA";6259;"ELEIÇÕES GERAIS ESTADUAIS 2026";260002535599;4;"HTTPS://WWW.FACEBOOK.COM/SHARE/1EACOINKBA/?MIBEXTID=WWXIFR"
"01/10/2026";"08:31:01";2026;"SE";2;"ELEIÇÃO ORDINÁRIA";6259;"ELEIÇÕES GERAIS ESTADUAIS 2026";260002550437;3;"https://www.tiktok.com/@lylianmelo?_r=1&_t=ZS-98sN8uaKGZs"
"01/10/2026";"08:31:01";2026;"SE";2;"ELEIÇÃO ORDINÁRIA";6259;"ELEIÇÕES GERAIS ESTADUAIS 2026";260002549712;1;"HTTPS://WWW.INSTAGRAM.COM/MOANAVALADARES/"
"01/10/2026";"08:31:01";2026;"SE";2;"ELEIÇÃO ORDINÁRIA";6259;"ELEIÇÕES GERAIS ESTADUAIS 2026";260002533081;1;"HTTPS://WWW.INSTAGRAM.COM/PRHELENO10?IGSH=BJC2MWLMYXI0N2HW"
"01/10/2026";"08:31:01";2026;"SE";2;"ELEIÇÃO ORDINÁRIA";6259;"ELEIÇÕES GERAIS ESTADUAIS 2026";260002550456;1;"@SERGIODAGRACAS - INSTAGRAM"
"01/10/2026";"08:31:01";2026;"SE";2;"ELEIÇÃO ORDINÁRIA";6259;"ELEIÇÕES GERAIS ESTADUAIS 2026";260002547482;4;"THREADS - DEPMAISAMITIDIERI"
"01/10/2026";"08:31:01";2026;"SE";2;"ELEIÇÃO ORDINÁRIA";6259;"ELEIÇÕES GERAIS ESTADUAIS 2026";260002550754;1;"HTTPS://WWW.INSTAGRAM.COM/DEP_LUCIANOPIMENTELSE/"
"01/10/2026";"08:31:01";2026;"SE";2;"ELEIÇÃO ORDINÁRIA";6259;"ELEIÇÕES GERAIS ESTADUAIS 2026";260002542471;1;"@NETOBATALHAOFICIAL  ( INSTAGRAM )"
"01/10/2026";"08:31:01";2026;"SE";2;"ELEIÇÃO ORDINÁRIA";6259;"ELEIÇÕES GERAIS ESTADUAIS 2026";260002554530;3;"https://www.instagram.com/rosanedinah?stkn=cmJ1d2h6NWZib2Ft"
"01/10/2026";"08:31:01";2026;"SE";2;"ELEIÇÃO ORDINÁRIA";6259;"ELEIÇÕES GERAIS ESTADUAIS 2026";260002545632;2;"INSTAGRAM: @LARI_TRINDADE13"
"01/10/2026";"08:31:01";2026;"SE";2;"ELEIÇÃO ORDINÁRIA";6259;"ELEIÇÕES GERAIS ESTADUAIS 2026";260002545632;3;"X: @LARI_TRINDADE13"
"01/10/2026";"08:31:01";2026;"SE";2;"ELEIÇÃO ORDINÁRIA";6259;"ELEIÇÕES GERAIS ESTADUAIS 2026";260002547405;4;"https://x.com/GalbaSheyla"
"01/10/2026";"08:31:01";2026;"SE";2;"ELEIÇÃO ORDINÁRIA";6259;"ELEIÇÕES GERAIS ESTADUAIS 2026";260002547430;5;"HTTPS://WWW.YOUTUBE.COM/C/PROFESSORASONIAMEIRE/VIDEOS"
"01/10/2026";"08:31:01";2026;"SE";2;"ELEIÇÃO ORDINÁRIA";6259;"ELEIÇÕES GERAIS ESTADUAIS 2026";260002547480;2;"FACEBOOK - GABRYELLAGARIBALDE"
"01/10/2026";"08:31:01";2026;"SE";2;"ELEIÇÃO ORDINÁRIA";6259;"ELEIÇÕES GERAIS ESTADUAIS 2026";260002535750;7;"https://www.facebook.com/share/18DAuYE4fM/?mibextid=wwXIfr"
"01/10/2026";"08:31:01";2026;"SE";2;"ELEIÇÃO ORDINÁRIA";6259;"ELEIÇÕES GERAIS ESTADUAIS 2026";260002541272;3;"https://linkedin.com/in/bcx4vjeo"
"01/10/2026";"08:31:01";2026;"SE";2;"ELEIÇÃO ORDINÁRIA";6259;"ELEIÇÕES GERAIS ESTADUAIS 2026";260002547408;7;"https://olhaoqueelafez.com.br/"
"01/10/2026";"08:31:01";2026;"SE";2;"ELEIÇÃO ORDINÁRIA";6259;"ELEIÇÕES GERAIS ESTADUAIS 2026";260002536290;1;"HTTPS://WWW.INSTAGRAM.COM/CHINADABORRACHARIA?IGSH=DXHWZHP0CHO3OTNY"
"01/10/2026";"08:31:01";2026;"SE";2;"ELEIÇÃO ORDINÁRIA";6259;"ELEIÇÕES GERAIS ESTADUAIS 2026";260002548700;1;"HTTPS://WWW.INSTAGRAM.COM/MARCEL.AZEVEDO.ENF/"
"01/10/2026";"08:31:01";2026;"SE";2;"ELEIÇÃO ORDINÁRIA";6259;"ELEIÇÕES GERAIS ESTADUAIS 2026";260002549394;1;"https://www.instagram.com/valserra_?igsi=MXh3NzZ5MzYyNWlpNg%3D%3D&utm_source=qr"
"01/10/2026";"08:31:01";2026;"SE";2;"ELEIÇÃO ORDINÁRIA";6259;"ELEIÇÕES GERAIS ESTADUAIS 2026";260002547423;1;"HTTPS://WWW.YOUTUBE.COM/@EDERMATOS_50"
"01/10/2026";"08:31:01";2026;"SE";2;"ELEIÇÃO ORDINÁRIA";6259;"ELEIÇÕES GERAIS ESTADUAIS 2026";260002547427;1;"HTTPS://WWW.INSTAGRAM.COM/VANESSA_ARAUJO50121/"
"01/10/2026";"08:31:01";2026;"SE";2;"ELEIÇÃO ORDINÁRIA";6259;"ELEIÇÕES GERAIS ESTADUAIS 2026";260002540211;1;"HTTPS://WWW.INSTAGRAM.COM/FRANCISCOGUALBERTODAROCHA"
"01/10/2026";"08:31:01";2026;"SE";2;"ELEIÇÃO ORDINÁRIA";6259;"ELEIÇÕES GERAIS ESTADUAIS 2026";260002535597;4;"HTTPS://WWW.THREADS.COM/@ANALUIZACARVALHO.SE?INVITE=0"
"01/10/2026";"08:31:01";2026;"SE";2;"ELEIÇÃO ORDINÁRIA";6259;"ELEIÇÕES GERAIS ESTADUAIS 2026";260002550442;4;"https://www.threads.com/@pr.zecarlosvieira"
"01/10/2026";"08:31:01";2026;"SE";2;"ELEIÇÃO ORDINÁRIA";6259;"ELEIÇÕES GERAIS ESTADUAIS 2026";260002533081;2;"HTTPS://WWW.TIKTOK.COM/@PRHELENO10?_R=1&_T=ZS-98PUYTDWPET"
"01/10/2026";"08:31:01";2026;"SE";2;"ELEIÇÃO ORDINÁRIA";6259;"ELEIÇÕES GERAIS ESTADUAIS 2026";260002545677;4;"HTTPS://WWW.FACEBOOK.COM/IRANBARBOSAOFICIAL"
"01/10/2026";"08:31:01";2026;"SE";2;"ELEIÇÃO ORDINÁRIA";6259;"ELEIÇÕES GERAIS ESTADUAIS 2026";260002535745;1;"HTTPS://WWW.INSTAGRAM.COM/GAB.GLOBAL?IGSH=MXBLNZLKZG44OXHZNG=="
"01/10/2026";"08:31:01";2026;"SE";2;"ELEIÇÃO ORDINÁRIA";6259;"ELEIÇÕES GERAIS ESTADUAIS 2026";260002533079;2;"INSTAGRAN ICARODEVALMIR"
"01/10/2026";"08:31:01";2026;"SE";2;"ELEIÇÃO ORDINÁRIA";6259;"ELEIÇÕES GERAIS ESTADUAIS 2026";260002532010;5;"HTTPS://X.COM/VALMIRDESERGIPE"
"01/10/2026";"08:31:01";2026;"SE";2;"ELEIÇÃO ORDINÁRIA";6259;"ELEIÇÕES GERAIS ESTADUAIS 2026";260002545637;1;"@SOUZADAENFERMAGEM"
"01/10/2026";"08:31:01";2026;"SE";2;"ELEIÇÃO ORDINÁRIA";6259;"ELEIÇÕES GERAIS ESTADUAIS 2026";260002540219;1;"HTTPS://WWW.INSTAGRAM.COM/VALERIADACABANA/"
"01/10/2026";"08:31:01";2026;"SE";2;"ELEIÇÃO ORDINÁRIA";6259;"ELEIÇÕES GERAIS ESTADUAIS 2026";260002535751;1;"HTTPS://WWW.INSTAGRAM.COM/MARIANADANTAS.SE/"
"01/10/2026";"08:31:01";2026;"SE";2;"ELEIÇÃO ORDINÁRIA";6259;"ELEIÇÕES GERAIS ESTADUAIS 2026";260002541261;1;"HTTPS://WWW.INSTAGRAM.COM/MARCOSSANTANASC/"
"01/10/2026";"08:31:01";2026;"SE";2;"ELEIÇÃO ORDINÁRIA";6259;"ELEIÇÕES GERAIS ESTADUAIS 2026";260002552347;3;"@GEL7670   (INSTAGRAN)"
"01/10/2026";"08:31:01";2026;"SE";2;"ELEIÇÃO ORDINÁRIA";6259;"ELEIÇÕES GERAIS ESTADUAIS 2026";260002551362;6;"https://whatsapp.com/channel/0029VbDZ4PaEFeXp4MGrGb2y"
"01/10/2026";"08:31:01";2026;"SE";2;"ELEIÇÃO ORDINÁRIA";6259;"ELEIÇÕES GERAIS ESTADUAIS 2026";260002547409;3;"https://whatsapp.com/channel/0029VbD7fhs4NVikRm8ZRx2t"
"01/10/2026";"08:31:01";2026;"SE";2;"ELEIÇÃO ORDINÁRIA";6259;"ELEIÇÕES GERAIS ESTADUAIS 2026";260002554338;1;"https://www.instagram.com/sobralcelinha"
"01/10/2026";"08:31:01";2026;"SE";2;"ELEIÇÃO ORDINÁRIA";6259;"ELEIÇÕES GERAIS ESTADUAIS 2026";260002548697;2;"https://www.facebook.com/share/1FaRQtx6Vp/"
"01/10/2026";"08:31:01";2026;"SE";2;"ELEIÇÃO ORDINÁRIA";6259;"ELEIÇÕES GERAIS ESTADUAIS 2026";260002549387;1;"HTTPS://WWW.FACEBOOK.COM/SHARE/1BW1G47FAZ/"
"01/10/2026";"08:31:01";2026;"SE";2;"ELEIÇÃO ORDINÁRIA";6259;"ELEIÇÕES GERAIS ESTADUAIS 2026";260002549391;1;"HTTPS://WWW.INSTAGRAM.COM/SGTNALDINHO/"
"01/10/2026";"08:31:01";2026;"SE";2;"ELEIÇÃO ORDINÁRIA";6259;"ELEIÇÕES GERAIS ESTADUAIS 2026";260002547419;1;"HTTPS://WWW.INSTAGRAM.COM/DAIA2026OFICIAL/"
"01/10/2026";"08:31:01";2026;"SE";2;"ELEIÇÃO ORDINÁRIA";6259;"ELEIÇÕES GERAIS ESTADUAIS 2026";260002547428;2;"HTTPS://WWW.FACEBOOK.COM/ATENILSONJOSEDEOLIVEIRA"
"01/10/2026";"08:31:01";2026;"SE";2;"ELEIÇÃO ORDINÁRIA";6259;"ELEIÇÕES GERAIS ESTADUAIS 2026";260002535589;1;"HTTPS://WWW.INSTAGRAM.COM/PINHAMOTOS?IGSH=YTBVYWFVNJLRMMZL"
"01/10/2026";"08:31:01";2026;"SE";2;"ELEIÇÃO ORDINÁRIA";6259;"ELEIÇÕES GERAIS ESTADUAIS 2026";260002535595;1;"HTTPS://WWW.INSTAGRAM.COM/LEVITA_TATYANE?IGSH=ZNJSYXK3M2NRDDG4"
"01/10/2026";"08:31:01";2026;"SE";2;"ELEIÇÃO ORDINÁRIA";6259;"ELEIÇÕES GERAIS ESTADUAIS 2026";260002550424;2;"@MARIANASERVENTE - TWITTER"
"01/10/2026";"08:31:01";2026;"SE";2;"ELEIÇÃO ORDINÁRIA";6259;"ELEIÇÕES GERAIS ESTADUAIS 2026";260002550435;1;"HTTPS://WWW.INSTAGRAM.COM/JOSELITASANTANA_SANTANA/"
"01/10/2026";"08:31:01";2026;"SE";2;"ELEIÇÃO ORDINÁRIA";6259;"ELEIÇÕES GERAIS ESTADUAIS 2026";260002533076;7;"X @CLECIACARVALHO1"
"01/10/2026";"08:31:01";2026;"SE";2;"ELEIÇÃO ORDINÁRIA";6259;"ELEIÇÕES GERAIS ESTADUAIS 2026";260002550451;1;"HTTPS://WWW.INSTAGRAM.COM/RITADASAUDE/"
"01/10/2026";"08:31:01";2026;"SE";2;"ELEIÇÃO ORDINÁRIA";6259;"ELEIÇÕES GERAIS ESTADUAIS 2026";260002550453;3;"https://www.facebook.com/SilvioSantos0"
"01/10/2026";"08:31:01";2026;"SE";2;"ELEIÇÃO ORDINÁRIA";6259;"ELEIÇÕES GERAIS ESTADUAIS 2026";260002551705;1;"https://www.instagram.com/jeanne_lima01/"
"01/10/2026";"08:31:01";2026;"SE";2;"ELEIÇÃO ORDINÁRIA";6259;"ELEIÇÕES GERAIS ESTADUAIS 2026";260002551710;1;"https://www.instagram.com/tony.ambulante?igsh=Mjl0c2VkdGdsdnRi"
"01/10/2026";"08:31:01";2026;"SE";2;"ELEIÇÃO ORDINÁRIA";6259;"ELEIÇÕES GERAIS ESTADUAIS 2026";260002551361;2;"HTTPS://WWW.INSTAGRAM.COM/MARINAFERRAZDECASTRO?IGSH=Z2FIYXE0EMEXMHPM"
"01/10/2026";"08:31:01";2026;"SE";2;"ELEIÇÃO ORDINÁRIA";6259;"ELEIÇÕES GERAIS ESTADUAIS 2026";260002548691;1;"HTTPS://WWW.INSTAGRAM.COM/CRISTIANORCAVALCANTE/"
"01/10/2026";"08:31:01";2026;"SE";2;"ELEIÇÃO ORDINÁRIA";6259;"ELEIÇÕES GERAIS ESTADUAIS 2026";260002543590;1;"@MARCIOVIEIRADO MOEMAMEIRE"
"01/10/2026";"08:31:01";2026;"SE";2;"ELEIÇÃO ORDINÁRIA";6259;"ELEIÇÕES GERAIS ESTADUAIS 2026";260002543814;1;"@NEIDEALVES       INSTAGRAN"
"01/10/2026";"08:31:01";2026;"SE";2;"ELEIÇÃO ORDINÁRIA";6259;"ELEIÇÕES GERAIS ESTADUAIS 2026";260002532010;4;"HTTPS://YOUTUBE.COM/@VALMIRDESERGIPE?SI=YFLVVMUJQIFKWEEN"
"01/10/2026";"08:31:01";2026;"SE";2;"ELEIÇÃO ORDINÁRIA";6259;"ELEIÇÕES GERAIS ESTADUAIS 2026";260002541272;6;"https://x.com/ricardo_mhara"
"01/10/2026";"08:31:01";2026;"SE";2;"ELEIÇÃO ORDINÁRIA";6259;"ELEIÇÕES GERAIS ESTADUAIS 2026";260002541273;4;"https://facebook.com/19jgy9e17w"
"01/10/2026";"08:31:01";2026;"SE";2;"ELEIÇÃO ORDINÁRIA";6259;"ELEIÇÕES GERAIS ESTADUAIS 2026";260002552346;1;"@MARQUINHOARAUJOOFICIAL      INSTAGRAM"
"01/10/2026";"08:31:01";2026;"SE";2;"ELEIÇÃO ORDINÁRIA";6259;"ELEIÇÕES GERAIS ESTADUAIS 2026";260002535596;5;"HTTPS://WWW.THREADS.COM/@DEPGEORGEOPASSOS?IGSHID=NTC4MTIWNJQ2YQ=="
"01/10/2026";"08:31:01";2026;"SE";2;"ELEIÇÃO ORDINÁRIA";6259;"ELEIÇÕES GERAIS ESTADUAIS 2026";260002536291;7;"https://www.youtube.com/@irmamabellunamelo2781"
"01/10/2026";"08:31:01";2026;"SE";2;"ELEIÇÃO ORDINÁRIA";6259;"ELEIÇÕES GERAIS ESTADUAIS 2026";260002533999;1;"HTTPS://WWW.INSTAGRAM.COM/FELIPEDE_ROCHA_?UTM_SOURCE=QR"
"01/10/2026";"08:31:01";2026;"SE";2;"ELEIÇÃO ORDINÁRIA";6259;"ELEIÇÕES GERAIS ESTADUAIS 2026";260002548696;2;"https://www.facebook.com/share/14n3evnBrH5/?mibextid=wwXIfr"
"01/10/2026";"08:31:01";2026;"SE";2;"ELEIÇÃO ORDINÁRIA";6259;"ELEIÇÕES GERAIS ESTADUAIS 2026";260002548697;1;"HTTPS://WWW.INSTAGRAM.COM/GILSONDOSANJOSOFC/"
"01/10/2026";"08:31:01";2026;"SE";2;"ELEIÇÃO ORDINÁRIA";6259;"ELEIÇÕES GERAIS ESTADUAIS 2026";260002550757;3;"https://www.youtube.com/@ofederaldomito"
"01/10/2026";"08:31:01";2026;"SE";2;"ELEIÇÃO ORDINÁRIA";6259;"ELEIÇÕES GERAIS ESTADUAIS 2026";260002550767;1;"HTTPS://WWW.TIKTOK.COM/@GABRIELDEDAPRADO?_R=1&_T=ZS-98PIMBOJNXV"
"01/10/2026";"08:31:01";2026;"SE";2;"ELEIÇÃO ORDINÁRIA";6259;"ELEIÇÕES GERAIS ESTADUAIS 2026";260002533095;1;"HTTPS://WWW.INSTAGRAM.COM/DSJ.OFICIAL/"
"01/10/2026";"08:31:01";2026;"SE";2;"ELEIÇÃO ORDINÁRIA";6259;"ELEIÇÕES GERAIS ESTADUAIS 2026";260002547417;1;"HTTPS://WWW.FACEBOOK.COM/SHARE/1DUNYS4KKU/?MIBEXTID=WWXIFR"
"01/10/2026";"08:31:01";2026;"SE";2;"ELEIÇÃO ORDINÁRIA";6259;"ELEIÇÕES GERAIS ESTADUAIS 2026";260002547422;2;"HTTPS://WWW.INSTAGRAM.COM/OTAVIOSALES/"
"01/10/2026";"08:31:01";2026;"SE";2;"ELEIÇÃO ORDINÁRIA";6259;"ELEIÇÕES GERAIS ESTADUAIS 2026";260002547423;2;"HTTPS://WWW.INSTAGRAM.COM/EDERMATOS_50/"
"01/10/2026";"08:31:01";2026;"SE";2;"ELEIÇÃO ORDINÁRIA";6259;"ELEIÇÕES GERAIS ESTADUAIS 2026";260002535586;2;"HTTPS://WWW.INSTAGRAM.COM/MARIACICERA.PSICO?IGSH=CTEYATJYNWF5EGFU&UTM_SOURCE=QR"
"01/10/2026";"08:31:01";2026;"SE";2;"ELEIÇÃO ORDINÁRIA";6259;"ELEIÇÕES GERAIS ESTADUAIS 2026";260002547406;3;"WWW.LEVIOLIVEIRA.COM.BR"
"01/10/2026";"08:31:01";2026;"SE";2;"ELEIÇÃO ORDINÁRIA";6259;"ELEIÇÕES GERAIS ESTADUAIS 2026";260002554131;3;"https://youtube.com/@pastoralexandre22800?si=j834s3Qoiv-vFoP3"
"01/10/2026";"08:31:01";2026;"SE";2;"ELEIÇÃO ORDINÁRIA";6259;"ELEIÇÕES GERAIS ESTADUAIS 2026";260002549712;4;"https://www.tiktok.com/@moanavaladares_?_r=1&_t=ZS-98szYHkrAFc"
"01/10/2026";"08:31:01";2026;"SE";2;"ELEIÇÃO ORDINÁRIA";6259;"ELEIÇÕES GERAIS ESTADUAIS 2026";260002542468;1;"INSTAGRAM: @NITINHOVITALE"
"01/10/2026";"08:31:01";2026;"SE";2;"ELEIÇÃO ORDINÁRIA";6259;"ELEIÇÕES GERAIS ESTADUAIS 2026";260002533075;4;"WWW.SUSANEVIDAL.COM.BR"
"01/10/2026";"08:31:01";2026;"SE";2;"ELEIÇÃO ORDINÁRIA";6259;"ELEIÇÕES GERAIS ESTADUAIS 2026";260002549709;1;"TIKTOK.COM/@MENDONCAPRADO"
"01/10/2026";"08:31:01";2026;"SE";2;"ELEIÇÃO ORDINÁRIA";6259;"ELEIÇÕES GERAIS ESTADUAIS 2026";260002551711;1;"https://www.instagram.com/suelybarreto/"
"01/10/2026";"08:31:01";2026;"SE";2;"ELEIÇÃO ORDINÁRIA";6259;"ELEIÇÕES GERAIS ESTADUAIS 2026";260002542491;3;"INSTAGRAM - HTTPS://WWW.INSTAGRAM.COM/FABIOGOV55/"
"01/10/2026";"08:31:01";2026;"SE";2;"ELEIÇÃO ORDINÁRIA";6259;"ELEIÇÕES GERAIS ESTADUAIS 2026";260002533079;3;"X ICARODEVALMIR"
"01/10/2026";"08:31:01";2026;"SE";2;"ELEIÇÃO ORDINÁRIA";6259;"ELEIÇÕES GERAIS ESTADUAIS 2026";260002549381;1;"HTTPS://WWW.INSTAGRAM.COM/PATOMARAVILHA/"
"01/10/2026";"08:31:01";2026;"SE";2;"ELEIÇÃO ORDINÁRIA";6259;"ELEIÇÕES GERAIS ESTADUAIS 2026";260002542492;2;"@JEFERSONANDRADESERGIPE"
"01/10/2026";"08:31:01";2026;"SE";2;"ELEIÇÃO ORDINÁRIA";6259;"ELEIÇÕES GERAIS ESTADUAIS 2026";260002545642;1;"@MARIAPEDRITA"
"01/10/2026";"08:31:01";2026;"SE";2;"ELEIÇÃO ORDINÁRIA";6259;"ELEIÇÕES GERAIS ESTADUAIS 2026";260002547446;1;"INTAGRAM: @BENIZARIO_JUNIOR, FACEBOOK: BENIZARIO C. DE SOUZA JUNIOR"
"01/10/2026";"08:31:01";2026;"SE";2;"ELEIÇÃO ORDINÁRIA";6259;"ELEIÇÕES GERAIS ESTADUAIS 2026";260002547430;7;"http://www.soniameire.com/"
"01/10/2026";"08:31:01";2026;"SE";2;"ELEIÇÃO ORDINÁRIA";6259;"ELEIÇÕES GERAIS ESTADUAIS 2026";260002551550;1;"@EDVALDONOGUEIRA/INSTAGRAM"
"01/10/2026";"08:31:01";2026;"SE";2;"ELEIÇÃO ORDINÁRIA";6259;"ELEIÇÕES GERAIS ESTADUAIS 2026";260002535750;1;"HTTPS://X.COM/DRFILIPECM"
"01/10/2026";"08:31:01";2026;"SE";2;"ELEIÇÃO ORDINÁRIA";6259;"ELEIÇÕES GERAIS ESTADUAIS 2026";260002535762;1;"HTTPS://WWW.INSTAGRAM.COM/FABIOHENRIQUE.SE/"
"01/10/2026";"08:31:01";2026;"SE";2;"ELEIÇÃO ORDINÁRIA";6259;"ELEIÇÕES GERAIS ESTADUAIS 2026";260002535763;1;"HTTPS://WWW.INSTAGRAM.COM/CLEONICEDE207?IGSH=N3VKZNC1NMN1OW5Y"
"01/10/2026";"08:31:01";2026;"SE";2;"ELEIÇÃO ORDINÁRIA";6259;"ELEIÇÕES GERAIS ESTADUAIS 2026";260002540205;2;"WWW.INSTAGRAM.COM/DEPKITTYLIMA"
"01/10/2026";"08:31:01";2026;"SE";2;"ELEIÇÃO ORDINÁRIA";6259;"ELEIÇÕES GERAIS ESTADUAIS 2026";260002551362;5;"https://x.com/rodrivaladares"
"01/10/2026";"08:31:01";2026;"SE";2;"ELEIÇÃO ORDINÁRIA";6259;"ELEIÇÕES GERAIS ESTADUAIS 2026";260002550762;2;"https://www.instagram.com/pripridopovo_?igsh=dXNpcjY2djg5M3o2&utm_source=qr"
"01/10/2026";"08:31:01";2026;"SE";2;"ELEIÇÃO ORDINÁRIA";6259;"ELEIÇÕES GERAIS ESTADUAIS 2026";260002533090;2;"HTTPS://WWW.INSTAGRAM.COM/ALLANMARQUES1978"
"01/10/2026";"08:31:01";2026;"SE";2;"ELEIÇÃO ORDINÁRIA";6259;"ELEIÇÕES GERAIS ESTADUAIS 2026";260002547417;2;"HTTPS://WWW.INSTAGRAM.COM/LUCIABARROSO50/"
"01/10/2026";"08:31:01";2026;"SE";2;"ELEIÇÃO ORDINÁRIA";6259;"ELEIÇÕES GERAIS ESTADUAIS 2026";260002535599;1;"HTTPS://WWW.INSTAGRAM.COM/SGTMFILHO?IGSH=MWTJZWVZCWQWDGRLEA%3D%3D&UTM_SOURCE=QR"
"01/10/2026";"08:31:01";2026;"SE";2;"ELEIÇÃO ORDINÁRIA";6259;"ELEIÇÕES GERAIS ESTADUAIS 2026";260002535600;2;"HTTPS://WWW.TIKTOK.COM/@MATHEUSCORREASE?_R=1&_T=ZS-98YOXV2G2KQ"
"01/10/2026";"08:31:01";2026;"SE";2;"ELEIÇÃO ORDINÁRIA";6259;"ELEIÇÕES GERAIS ESTADUAIS 2026";260002535600;3;"HTTPS://YOUTU.BE/EOFQP-MPQ1Q?IS=9W7J2BAPQREEK0YK"
"01/10/2026";"08:31:01";2026;"SE";2;"ELEIÇÃO ORDINÁRIA";6259;"ELEIÇÕES GERAIS ESTADUAIS 2026";260002535600;4;"HTTPS://WWW.INSTAGRAM.COM/MATHEUSFRCORREA?IGSH=ZGZWAXBHAWLSM3PQ&UTM_SOURCE=Q"
"01/10/2026";"08:31:01";2026;"SE";2;"ELEIÇÃO ORDINÁRIA";6259;"ELEIÇÕES GERAIS ESTADUAIS 2026";260002550436;2;"SERGIO SANTANA - FACEBOOK"
"01/10/2026";"08:31:01";2026;"SE";2;"ELEIÇÃO ORDINÁRIA";6259;"ELEIÇÕES GERAIS ESTADUAIS 2026";260002550437;2;"HTTPS://WWW.INSTAGRAM.COM/LYLIANMELO.ADV/"
"01/10/2026";"08:31:01";2026;"SE";2;"ELEIÇÃO ORDINÁRIA";6259;"ELEIÇÕES GERAIS ESTADUAIS 2026";260002533076;6;"TIKTOK @CLECIA.CARVALHO_"
"01/10/2026";"08:31:01";2026;"SE";2;"ELEIÇÃO ORDINÁRIA";6259;"ELEIÇÕES GERAIS ESTADUAIS 2026";260002533077;1;"HTTPS://WWW.INSTAGRAM.COM/ALBERTOMACEDODABARRA?IGSH=MXMYNMDMBXH6Y2HVOQ=="
"01/10/2026";"08:31:01";2026;"SE";2;"ELEIÇÃO ORDINÁRIA";6259;"ELEIÇÕES GERAIS ESTADUAIS 2026";260002549709;3;"YOUTUBE.COM/@MENDONCAPRADO"
"01/10/2026";"08:31:01";2026;"SE";2;"ELEIÇÃO ORDINÁRIA";6259;"ELEIÇÕES GERAIS ESTADUAIS 2026";260002549711;1;"HTTPS://WWW.INSTAGRAM.COM/PAULINE_S079/"
"01/10/2026";"08:31:01";2026;"SE";2;"ELEIÇÃO ORDINÁRIA";6259;"ELEIÇÕES GERAIS ESTADUAIS 2026";260002550457;1;"HTTPS://WWW.INSTAGRAM.COM/ANDRESANTANA721/"
"01/10/2026";"08:31:01";2026;"SE";2;"ELEIÇÃO ORDINÁRIA";6259;"ELEIÇÕES GERAIS ESTADUAIS 2026";260002533082;2;"FACEBOOK: GISELE.CARVALHO.52459615"
"01/10/2026";"08:31:01";2026;"SE";2;"ELEIÇÃO ORDINÁRIA";6259;"ELEIÇÕES GERAIS ESTADUAIS 2026";260002549127;4;"HTTPS://EDUARDOAMORIMSERGIPE.COM.BR"
"01/10/2026";"08:31:01";2026;"SE";2;"ELEIÇÃO ORDINÁRIA";6259;"ELEIÇÕES GERAIS ESTADUAIS 2026";260002535752;4;"HTTPS://WWW.FACEBOOK.COM/SHARE/1DFII9IZ4W/?MIBEXTID=WWXIFR"
"01/10/2026";"08:31:01";2026;"SE";2;"ELEIÇÃO ORDINÁRIA";6259;"ELEIÇÕES GERAIS ESTADUAIS 2026";260002554205;2;"Mario de Jesus  (facebook)"
"01/10/2026";"08:31:01";2026;"SE";2;"ELEIÇÃO ORDINÁRIA";6259;"ELEIÇÕES GERAIS ESTADUAIS 2026";260002547413;3;"https://www.tiktok.com/@alexpintadofederal?_r=1&_t=ZS-99GXSGMD2Em"
"01/10/2026";"08:31:01";2026;"SE";2;"ELEIÇÃO ORDINÁRIA";6259;"ELEIÇÕES GERAIS ESTADUAIS 2026";260002541273;6;"https://threads.net/@luizfernandomissao"
"01/10/2026";"08:31:01";2026;"SE";2;"ELEIÇÃO ORDINÁRIA";6259;"ELEIÇÕES GERAIS ESTADUAIS 2026";260002545620;1;"@GIVALDOSILVA3103"
"01/10/2026";"08:31:01";2026;"SE";2;"ELEIÇÃO ORDINÁRIA";6259;"ELEIÇÕES GERAIS ESTADUAIS 2026";260002536295;4;"HTTPS://WWW.THREADS.COM/@PRISCILACRUZ_S"
"01/10/2026";"08:31:01";2026;"SE";2;"ELEIÇÃO ORDINÁRIA";6259;"ELEIÇÕES GERAIS ESTADUAIS 2026";260002550936;1;"@PR.TANIACARVALHO/INSTAGRAM"
"01/10/2026";"08:31:01";2026;"SE";2;"ELEIÇÃO ORDINÁRIA";6259;"ELEIÇÕES GERAIS ESTADUAIS 2026";260002550766;2;"https://www.instagram.com/silvaavilete"
"01/10/2026";"08:31:01";2026;"SE";2;"ELEIÇÃO ORDINÁRIA";6259;"ELEIÇÕES GERAIS ESTADUAIS 2026";260002554436;1;"https://www.instagram.com/rosangelasantos.oficial_/"
"01/10/2026";"08:31:01";2026;"SE";2;"ELEIÇÃO ORDINÁRIA";6259;"ELEIÇÕES GERAIS ESTADUAIS 2026";260002547418;2;"HTTPS://X.COM/IGORBAIMAPSOL"
"01/10/2026";"08:31:01";2026;"SE";2;"ELEIÇÃO ORDINÁRIA";6259;"ELEIÇÕES GERAIS ESTADUAIS 2026";260002547432;2;"HTTPS://WWW.INSTAGRAM.COM/RIBEIRORICARDODESOUZA?IGSH=YWNREM9QAW9ZD215"
"01/10/2026";"08:31:01";2026;"SE";2;"ELEIÇÃO ORDINÁRIA";6259;"ELEIÇÕES GERAIS ESTADUAIS 2026";260002535593;1;"HTTPS://WWW.INSTAGRAM.COM/WENDELLOLIVEIRA.WOS?IGSH=AHPIBHZHZZZNDWZY"
"01/10/2026";"08:31:01";2026;"SE";2;"ELEIÇÃO ORDINÁRIA";6259;"ELEIÇÕES GERAIS ESTADUAIS 2026";260002535598;3;"HTTPS://WWW.FACEBOOK.COM/SHARE/18CLKVGOQR/?MIBEXTID=WWXIFR"
"01/10/2026";"08:31:01";2026;"SE";2;"ELEIÇÃO ORDINÁRIA";6259;"ELEIÇÕES GERAIS ESTADUAIS 2026";260002535599;2;"HTTPS://WWW.THREADS.COM/@SGTMFILHO?IGSHID=NTC4MTIWNJQ2YQ=="
"01/10/2026";"08:31:01";2026;"SE";2;"ELEIÇÃO ORDINÁRIA";6259;"ELEIÇÕES GERAIS ESTADUAIS 2026";260002535605;1;"HTTPS://WWW.INSTAGRAM.COM/NEGODOMATUTO_?IGSH=MWTLZZVUD2ZZZ3V6EQ=="
"01/10/2026";"08:31:01";2026;"SE";2;"ELEIÇÃO ORDINÁRIA";6259;"ELEIÇÕES GERAIS ESTADUAIS 2026";260002554131;7;"https://www.threads.com/@pastoralexandre22800"
"01/10/2026";"08:31:01";2026;"SE";2;"ELEIÇÃO ORDINÁRIA";6259;"ELEIÇÕES GERAIS ESTADUAIS 2026";260002547290;4;"HTTPS://WWW.YOUTUBE.COM/ANDREMOURASE"
"01/10/2026";"08:31:01";2026;"SE";2;"ELEIÇÃO ORDINÁRIA";6259;"ELEIÇÕES GERAIS ESTADUAIS 2026";260002533081;4;"HTTPS://WWW.YOUTUBE.COM/@HELENOSILVA1520"
"01/10/2026";"08:31:01";2026;"SE";2;"ELEIÇÃO ORDINÁRIA";6259;"ELEIÇÕES GERAIS ESTADUAIS 2026";260002549710;1;"HTTPS://WWW.INSTAGRAM.COM/SARGENTOVIEIRA/"
"01/10/2026";"08:31:01";2026;"SE";2;"ELEIÇÃO ORDINÁRIA";6259;"ELEIÇÕES GERAIS ESTADUAIS 2026";260002549714;2;"HTTPS://WWW.INSTAGRAM.COM/DINAALMEIDASE/"
"01/10/2026";"08:31:01";2026;"SE";2;"ELEIÇÃO ORDINÁRIA";6259;"ELEIÇÕES GERAIS ESTADUAIS 2026";260002549126;1;"HTTPS://WWW.INSTAGRAM@IRISLESSY"
"01/10/2026";"08:31:01";2026;"SE";2;"ELEIÇÃO ORDINÁRIA";6259;"ELEIÇÕES GERAIS ESTADUAIS 2026";260002540207;3;"HTTPS://WWW.THREADS.COM/@ZEZINHOSOBRALSERGIPE"
"01/10/2026";"08:31:01";2026;"SE";2;"ELEIÇÃO ORDINÁRIA";6259;"ELEIÇÕES GERAIS ESTADUAIS 2026";260002540207;5;"HTTPS://WWW.TIKTOK.COM/@ZEZINHOSOBRALSERGIPE"
"01/10/2026";"08:31:01";2026;"SE";2;"ELEIÇÃO ORDINÁRIA";6259;"ELEIÇÕES GERAIS ESTADUAIS 2026";260002547405;1;"@SHEYLA_GALBA"
"01/10/2026";"08:31:01";2026;"SE";2;"ELEIÇÃO ORDINÁRIA";6259;"ELEIÇÕES GERAIS ESTADUAIS 2026";260002547484;2;"TIKTOK - SEOCHICOBOTECO"
"01/10/2026";"08:31:01";2026;"SE";2;"ELEIÇÃO ORDINÁRIA";6259;"ELEIÇÕES GERAIS ESTADUAIS 2026";260002550683;3;"HTTPS://WWW.YOUTUBE.COM/LIVE/UQBJUZBUI0I?IS=KANFQFZCCDG_CWZN"
"01/10/2026";"08:31:01";2026;"SE";2;"ELEIÇÃO ORDINÁRIA";6259;"ELEIÇÕES GERAIS ESTADUAIS 2026";260002550937;3;"@VAGGNERGASTTAO/INSTAGRAM"
"01/10/2026";"08:31:01";2026;"SE";2;"ELEIÇÃO ORDINÁRIA";6259;"ELEIÇÕES GERAIS ESTADUAIS 2026";260002550763;1;"HTTPS://WWW.INSTAGRAM.COM/BENARIADEBOCAO/"
"01/10/2026";"08:31:01";2026;"SE";2;"ELEIÇÃO ORDINÁRIA";6259;"ELEIÇÕES GERAIS ESTADUAIS 2026";260002550774;1;"https://www.instagram.com/ceciliamarquesivs?igsi=MTl0ZzZyY2l2Zm1hag=="
"01/10/2026";"08:31:01";2026;"SE";2;"ELEIÇÃO ORDINÁRIA";6259;"ELEIÇÕES GERAIS ESTADUAIS 2026";260002533093;1;"HTTPS://WWW.INSTAGRAM.COM/MARIA_CS0/"
"01/10/2026";"08:31:01";2026;"SE";2;"ELEIÇÃO ORDINÁRIA";6259;"ELEIÇÕES GERAIS ESTADUAIS 2026";260002533094;1;"HTTPS://WWW.INSTAGRAM.COM/RONADSONALVES/"
"01/10/2026";"08:31:01";2026;"SE";2;"ELEIÇÃO ORDINÁRIA";6259;"ELEIÇÕES GERAIS ESTADUAIS 2026";260002547431;1;"HTTPS://WWW.FACEBOOK.COM/SERGIOSAMPAIO.OFICIAL"
"01/10/2026";"08:31:01";2026;"SE";2;"ELEIÇÃO ORDINÁRIA";6259;"ELEIÇÕES GERAIS ESTADUAIS 2026";260002535594;1;"HTTPS://WWW.INSTAGRAM.COM/NIVALDODABALAA?IGSH=NZKXAG04MHO3NG0Y"
"01/10/2026";"08:31:01";2026;"SE";2;"ELEIÇÃO ORDINÁRIA";6259;"ELEIÇÕES GERAIS ESTADUAIS 2026";260002550427;1;"HTTPS://WWW.INSTAGRAM.COM/CACIOJEORGE/"
"01/10/2026";"08:31:01";2026;"SE";2;"ELEIÇÃO ORDINÁRIA";6259;"ELEIÇÕES GERAIS ESTADUAIS 2026";260002533076;3;"FACEBOOK CLÉCIA CARVALHO"
"01/10/2026";"08:31:01";2026;"SE";2;"ELEIÇÃO ORDINÁRIA";6259;"ELEIÇÕES GERAIS ESTADUAIS 2026";260002549714;1;"DINA ALMEIDA (FACEBOOK)"
"01/10/2026";"08:31:01";2026;"SE";2;"ELEIÇÃO ORDINÁRIA";6259;"ELEIÇÕES GERAIS ESTADUAIS 2026";260002542474;1;"@DRMANUELMARCOS"
"01/10/2026";"08:31:01";2026;"SE";2;"ELEIÇÃO ORDINÁRIA";6259;"ELEIÇÕES GERAIS ESTADUAIS 2026";260002551710;3;"https://www.facebook.com/share/18ygD58DHe/?mibextid=wwXIfr"
"01/10/2026";"08:31:01";2026;"SE";2;"ELEIÇÃO ORDINÁRIA";6259;"ELEIÇÕES GERAIS ESTADUAIS 2026";260002547285;2;"@ROGERIORESENHA"
"01/10/2026";"08:31:01";2026;"SE";2;"ELEIÇÃO ORDINÁRIA";6259;"ELEIÇÕES GERAIS ESTADUAIS 2026";260002547478;1;"HTTPS://WWW.INSTAGRAM.COM/JORGINHOARAUJO55/"
"01/10/2026";"08:31:01";2026;"SE";2;"ELEIÇÃO ORDINÁRIA";6259;"ELEIÇÕES GERAIS ESTADUAIS 2026";260002549385;1;"HTTPS://WWW.INSTAGRAM.COM/NETINHOGUIMARAES.SE/"
"01/10/2026";"08:31:01";2026;"SE";2;"ELEIÇÃO ORDINÁRIA";6259;"ELEIÇÕES GERAIS ESTADUAIS 2026";260002554205;5;"Mario blogueirinho                Tik Tok"
"01/10/2026";"08:31:01";2026;"SE";2;"ELEIÇÃO ORDINÁRIA";6259;"ELEIÇÕES GERAIS ESTADUAIS 2026";260002545631;1;"INSTAGRAM: @ANINHA.AJU"
"01/10/2026";"08:31:01";2026;"SE";2;"ELEIÇÃO ORDINÁRIA";6259;"ELEIÇÕES GERAIS ESTADUAIS 2026";260002547410;1;"HTTPS://WWW.INSTAGRAM.COM/FIOTECASTANHAS/"
"01/10/2026";"08:31:01";2026;"SE";2;"ELEIÇÃO ORDINÁRIA";6259;"ELEIÇÕES GERAIS ESTADUAIS 2026";260002540218;1;"FACEBOOK DALUZMEUAMIGODODETRAN"
"01/10/2026";"08:31:01";2026;"SE";2;"ELEIÇÃO ORDINÁRIA";6259;"ELEIÇÕES GERAIS ESTADUAIS 2026";260002535761;1;"HTTPS://WWW.INSTAGRAM.COM/FABIA_VALADARESS?IGSH=ANJ4MMVPBGDNYXR1&UTM_SOURCE=QR"
"01/10/2026";"08:31:01";2026;"SE";2;"ELEIÇÃO ORDINÁRIA";6259;"ELEIÇÕES GERAIS ESTADUAIS 2026";260002541273;3;"https://youtube.com/@luizfernandomissao"
"01/10/2026";"08:31:01";2026;"SE";2;"ELEIÇÃO ORDINÁRIA";6259;"ELEIÇÕES GERAIS ESTADUAIS 2026";260002533080;5;"HTTPS://WWW.THREADS.COM/@GRACINHAGARCEZ"
"01/10/2026";"08:31:01";2026;"SE";2;"ELEIÇÃO ORDINÁRIA";6259;"ELEIÇÕES GERAIS ESTADUAIS 2026";260002548693;1;"HTTPS://WWW.INSTAGRAM.COM/GIBRANBOAVENTURA?IGSH=MXHKYTDUYJGYDMDWMA=="
"01/10/2026";"08:31:01";2026;"SE";2;"ELEIÇÃO ORDINÁRIA";6259;"ELEIÇÕES GERAIS ESTADUAIS 2026";260002548693;2;"HTTPS://WWW.GIBRANBOAVENTURA.COM.BR"
"01/10/2026";"08:31:01";2026;"SE";2;"ELEIÇÃO ORDINÁRIA";6259;"ELEIÇÕES GERAIS ESTADUAIS 2026";260002547418;5;"http://tiktok.com/@igorbaimapsol"
"01/10/2026";"08:31:01";2026;"SE";2;"ELEIÇÃO ORDINÁRIA";6259;"ELEIÇÕES GERAIS ESTADUAIS 2026";260002547420;1;"HTTPS://WWW.INSTAGRAM.COM/DELEGADOMARIOLEONY"
"01/10/2026";"08:31:01";2026;"SE";2;"ELEIÇÃO ORDINÁRIA";6259;"ELEIÇÕES GERAIS ESTADUAIS 2026";260002547421;1;"HTTPS://WWW.INSTAGRAM.COM/MARIAJOSESALVADOR_/P/DBMWQ5CORNM/"
"01/10/2026";"08:31:01";2026;"SE";2;"ELEIÇÃO ORDINÁRIA";6259;"ELEIÇÕES GERAIS ESTADUAIS 2026";260002540209;1;"HTTPS://WWW.INSTAGRAM.COM/MAGNAMOURA.OFICIAL/"
"01/10/2026";"08:31:01";2026;"SE";2;"ELEIÇÃO ORDINÁRIA";6259;"ELEIÇÕES GERAIS ESTADUAIS 2026";260002540213;1;"HTTPS://WWW.INSTAGRAM.COM/NUBIALOPESAJU"
"01/10/2026";"08:31:01";2026;"SE";2;"ELEIÇÃO ORDINÁRIA";6259;"ELEIÇÕES GERAIS ESTADUAIS 2026";260002554132;1;"https://www.instagram.com/ericomenezes?igsh=ZmdodzA2YXNnMmpi"
"01/10/2026";"08:31:01";2026;"SE";2;"ELEIÇÃO ORDINÁRIA";6259;"ELEIÇÕES GERAIS ESTADUAIS 2026";260002547289;1;"@FABIANOOLIVEIRAOFICIAL_"
"01/10/2026";"08:31:01";2026;"SE";2;"ELEIÇÃO ORDINÁRIA";6259;"ELEIÇÕES GERAIS ESTADUAIS 2026";260002545677;5;"HTTPS://YOUTUBE.COM/@CANALIRANBARBOSA"
"01/10/2026";"08:31:01";2026;"SE";2;"ELEIÇÃO ORDINÁRIA";6259;"ELEIÇÕES GERAIS ESTADUAIS 2026";260002535743;3;"WWW.DELEGADADANIELLEGARCIA.COM.BR"
"01/10/2026";"08:31:01";2026;"SE";2;"ELEIÇÃO ORDINÁRIA";6259;"ELEIÇÕES GERAIS ESTADUAIS 2026";260002550454;2;"HTTPS://WWW.INSTAGRAM.COM/GENIVALDOCAMPOS/"
"01/10/2026";"08:31:01";2026;"SE";2;"ELEIÇÃO ORDINÁRIA";6259;"ELEIÇÕES GERAIS ESTADUAIS 2026";260002551708;1;"https://www.instagram.com/andresotero____/"
"01/10/2026";"08:31:01";2026;"SE";2;"ELEIÇÃO ORDINÁRIA";6259;"ELEIÇÕES GERAIS ESTADUAIS 2026";260002549127;3;"HTTPS://WWW.YOUTUBE.COM/EDUARDOAMORIMSERGIPE"
"01/10/2026";"08:31:01";2026;"SE";2;"ELEIÇÃO ORDINÁRIA";6259;"ELEIÇÕES GERAIS ESTADUAIS 2026";260002542491;5;"TIKTOK - HTTPS://WWW.TIKTOK.COM/@FABIO_GOVERNADOR"
"01/10/2026";"08:31:01";2026;"SE";2;"ELEIÇÃO ORDINÁRIA";6259;"ELEIÇÕES GERAIS ESTADUAIS 2026";260002542491;6;"THREADS - HTTPS://WWW.THREADS.COM/@FABIOGOV55"
"01/10/2026";"08:31:01";2026;"SE";2;"ELEIÇÃO ORDINÁRIA";6259;"ELEIÇÕES GERAIS ESTADUAIS 2026";260002549384;2;"HTTPS://X:@MARCELOOSOBRAL"
"01/10/2026";"08:31:01";2026;"SE";2;"ELEIÇÃO ORDINÁRIA";6259;"ELEIÇÕES GERAIS ESTADUAIS 2026";260002532010;1;"WWW.VALMIRDEFRANCISQUINHO.COM.BR"
"01/10/2026";"08:31:01";2026;"SE";2;"ELEIÇÃO ORDINÁRIA";6259;"ELEIÇÕES GERAIS ESTADUAIS 2026";260002545626;1;"HTTPS://WWW.INSTAGRAM.COM/FIRMO_ROBALO/"
"01/10/2026";"08:31:01";2026;"SE";2;"ELEIÇÃO ORDINÁRIA";6259;"ELEIÇÕES GERAIS ESTADUAIS 2026";260002540220;1;"HTTPS://WWW.INSTAGRAM.COM/LEASOBRAL?IGSH=Y3I2MNZ6NDC0ETVU"
"01/10/2026";"08:31:01";2026;"SE";2;"ELEIÇÃO ORDINÁRIA";6259;"ELEIÇÕES GERAIS ESTADUAIS 2026";260002547484;3;"INSTAGRAM - @DIEGO-SEOCHICO"
"01/10/2026";"08:31:01";2026;"SE";2;"ELEIÇÃO ORDINÁRIA";6259;"ELEIÇÕES GERAIS ESTADUAIS 2026";260002552345;1;"tamaragardenia2772    instagran"
"01/10/2026";"08:31:01";2026;"SE";2;"ELEIÇÃO ORDINÁRIA";6259;"ELEIÇÕES GERAIS ESTADUAIS 2026";260002535596;1;"WWW.GEORGEO.COM.BR"
"01/10/2026";"08:31:01";2026;"SE";2;"ELEIÇÃO ORDINÁRIA";6259;"ELEIÇÕES GERAIS ESTADUAIS 2026";260002547442;6;"FACEBOOK: DEPUTADOJOAODANIEL"
"01/10/2026";"08:31:01";2026;"SE";2;"ELEIÇÃO ORDINÁRIA";6259;"ELEIÇÕES GERAIS ESTADUAIS 2026";260002551362;1;"HTTPS://WWW.TIKTOK.COM/@DEPUTADORODRIGO"
"01/10/2026";"08:31:01";2026;"SE";2;"ELEIÇÃO ORDINÁRIA";6259;"ELEIÇÕES GERAIS ESTADUAIS 2026";260002547409;9;"https://x.com/gedalvaumbauba"
"01/10/2026";"08:31:01";2026;"SE";2;"ELEIÇÃO ORDINÁRIA";6259;"ELEIÇÕES GERAIS ESTADUAIS 2026";260002536291;4;"HTTPS://WWW.THREADS.COM/@IRMA.MABELMELO/POST/DBHFNKUFH9V/JUNTOS-SOMOS-MAIS-FORTE"
"01/10/2026";"08:31:01";2026;"SE";2;"ELEIÇÃO ORDINÁRIA";6259;"ELEIÇÕES GERAIS ESTADUAIS 2026";260002536291;5;"HTTPS://WWW.FACEBOOK.COM/PROFILE.PHP?ID=100048679281880"
"01/10/2026";"08:31:01";2026;"SE";2;"ELEIÇÃO ORDINÁRIA";6259;"ELEIÇÕES GERAIS ESTADUAIS 2026";260002549388;1;"HTTPS://WWW.INSTAGRAM.COM/ELI.ACIOLE/"
"01/10/2026";"08:31:01";2026;"SE";2;"ELEIÇÃO ORDINÁRIA";6259;"ELEIÇÕES GERAIS ESTADUAIS 2026";260002550758;1;"FACEBOOK MARCELO.PAES40540"
"01/10/2026";"08:31:01";2026;"SE";2;"ELEIÇÃO ORDINÁRIA";6259;"ELEIÇÕES GERAIS ESTADUAIS 2026";260002550764;4;"https://www.facebook.com/share/18LXgXW6PN/?mibextid=wwXIfr"
"01/10/2026";"08:31:01";2026;"SE";2;"ELEIÇÃO ORDINÁRIA";6259;"ELEIÇÕES GERAIS ESTADUAIS 2026";260002545676;1;"HTTPS://WWW.INSTAGRAM.COM/MAGALDAPASTORAL?IGSH=MWRTDWLWEWVZAXNXAQ=="
"01/10/2026";"08:31:01";2026;"SE";2;"ELEIÇÃO ORDINÁRIA";6259;"ELEIÇÕES GERAIS ESTADUAIS 2026";260002540206;2;"WWW.FACEBOOK.COM/ACÁCIABATISTA"
"01/10/2026";"08:31:01";2026;"SE";2;"ELEIÇÃO ORDINÁRIA";6259;"ELEIÇÕES GERAIS ESTADUAIS 2026";260002535604;1;"HTTPS://WWW.INSTAGRAM.COM/EDUARDODOTENIS?IGSH=C2LUCNUWANNWADRT&UTM_SOURCE=QR"
"01/10/2026";"08:31:01";2026;"SE";2;"ELEIÇÃO ORDINÁRIA";6259;"ELEIÇÕES GERAIS ESTADUAIS 2026";260002547406;1;"@BORACOMLEVI"
"01/10/2026";"08:31:01";2026;"SE";2;"ELEIÇÃO ORDINÁRIA";6259;"ELEIÇÕES GERAIS ESTADUAIS 2026";260002550441;1;"HTTPS://WWW.INSTAGRAM.COM/JUNIOR_LIMA._/"
"01/10/2026";"08:31:01";2026;"SE";2;"ELEIÇÃO ORDINÁRIA";6259;"ELEIÇÕES GERAIS ESTADUAIS 2026";260002550446;1;"@MARCINHADASAUDE - INSTAGRAM"
"01/10/2026";"08:31:01";2026;"SE";2;"ELEIÇÃO ORDINÁRIA";6259;"ELEIÇÕES GERAIS ESTADUAIS 2026";260002533078;1;"HTTPS://WWW.INSTAGRAM.COM/EMANUELLYHORA?IGSH=MWVRB3ZLAGXPNZF2EG=="
"01/10/2026";"08:31:01";2026;"SE";2;"ELEIÇÃO ORDINÁRIA";6259;"ELEIÇÕES GERAIS ESTADUAIS 2026";260002541265;5;"HTTPS://WWW.INSTAGRAM.COM/BRENOGARIBALDE/"
"01/10/2026";"08:31:01";2026;"SE";2;"ELEIÇÃO ORDINÁRIA";6259;"ELEIÇÕES GERAIS ESTADUAIS 2026";260002535743;4;"INSTAGRAM.COM/DELDANIGARCIA"
"01/10/2026";"08:31:01";2026;"SE";2;"ELEIÇÃO ORDINÁRIA";6259;"ELEIÇÕES GERAIS ESTADUAIS 2026";260002551707;1;"https://www.instagram.com/natalidasaude?utm_source=qr"
"01/10/2026";"08:31:01";2026;"SE";2;"ELEIÇÃO ORDINÁRIA";6259;"ELEIÇÕES GERAIS ESTADUAIS 2026";260002551710;2;"https://www.threads.com/@tony.ambulante?igshid=NTc4MTIwNjQ2YQ=="
"01/10/2026";"08:31:01";2026;"SE";2;"ELEIÇÃO ORDINÁRIA";6259;"ELEIÇÕES GERAIS ESTADUAIS 2026";260002540207;4;"HTTPS://WWW.FACEBOOK.COM/ZEZINHOSOBRALSERGIPE"
"01/10/2026";"08:31:01";2026;"SE";2;"ELEIÇÃO ORDINÁRIA";6259;"ELEIÇÕES GERAIS ESTADUAIS 2026";260002547285;1;"@SENADORROGERIO"
"01/10/2026";"08:31:01";2026;"SE";2;"ELEIÇÃO ORDINÁRIA";6259;"ELEIÇÕES GERAIS ESTADUAIS 2026";260002545628;1;"@PAULOJUNIOR.SC"
"01/10/2026";"08:31:01";2026;"SE";2;"ELEIÇÃO ORDINÁRIA";6259;"ELEIÇÕES GERAIS ESTADUAIS 2026";260002554205;3;"Mario blogueirinho    (YouTube)"
"01/10/2026";"08:31:01";2026;"SE";2;"ELEIÇÃO ORDINÁRIA";6259;"ELEIÇÕES GERAIS ESTADUAIS 2026";260002532010;3;"HTTPS://WWW.FACEBOOK.COM/VALMIRDESERGIPE"
"01/10/2026";"08:31:01";2026;"SE";2;"ELEIÇÃO ORDINÁRIA";6259;"ELEIÇÕES GERAIS ESTADUAIS 2026";260002540220;4;"HTTPS://WWW.THREADS.COM/@LEASOBRAL?IGSHID=NTC4MTIWNJQ2YQ=="
"01/10/2026";"08:31:01";2026;"SE";2;"ELEIÇÃO ORDINÁRIA";6259;"ELEIÇÕES GERAIS ESTADUAIS 2026";260002547488;1;"INSTAGRAM - @CARLINHOSFERREIRABG"
"01/10/2026";"08:31:01";2026;"SE";2;"ELEIÇÃO ORDINÁRIA";6259;"ELEIÇÕES GERAIS ESTADUAIS 2026";260002535750;6;"https://www.instagram.com/filipecortesofc?igsi=MTU0dHE3bXdtM3ZzZA%3D%3D&utm_source=qr"
"01/10/2026";"08:31:01";2026;"SE";2;"ELEIÇÃO ORDINÁRIA";6259;"ELEIÇÕES GERAIS ESTADUAIS 2026";260002535756;1;"HTTPS://WWW.INSTAGRAM.COM/DONAANNADOAMBULATORIO?IGSH=MXE5YJLUYTDTNDB0BW=="
"01/10/2026";"08:31:01";2026;"SE";2;"ELEIÇÃO ORDINÁRIA";6259;"ELEIÇÕES GERAIS ESTADUAIS 2026";260002547409;1;"@GEDALVAUMBAUBA"
"01/10/2026";"08:31:01";2026;"SE";2;"ELEIÇÃO ORDINÁRIA";6259;"ELEIÇÕES GERAIS ESTADUAIS 2026";260002536292;1;"HTTPS://WWW.INSTAGRAM.COM/AYSLANJORGE/#"
"01/10/2026";"08:31:01";2026;"SE";2;"ELEIÇÃO ORDINÁRIA";6259;"ELEIÇÕES GERAIS ESTADUAIS 2026";260002550683;2;"TATY CRISTINA     FACEBOOK"
"01/10/2026";"08:31:01";2026;"SE";2;"ELEIÇÃO ORDINÁRIA";6259;"ELEIÇÕES GERAIS ESTADUAIS 2026";260002550938;1;"FMCAJU.COM.BR"
"01/10/2026";"08:31:01";2026;"SE";2;"ELEIÇÃO ORDINÁRIA";6259;"ELEIÇÕES GERAIS ESTADUAIS 2026";260002550757;1;"HTTPS://WWW.INSTAGRAM.COM/OFEDERALDOMITO/"
"01/10/2026";"08:31:01";2026;"SE";2;"ELEIÇÃO ORDINÁRIA";6259;"ELEIÇÕES GERAIS ESTADUAIS 2026";260002550758;2;"HTTPS://WWW.INSTAGRAM.COM/MARCELOPAESDS/"
"01/10/2026";"08:31:01";2026;"SE";2;"ELEIÇÃO ORDINÁRIA";6259;"ELEIÇÕES GERAIS ESTADUAIS 2026";260002550771;1;"HTTPS://WWW.INSTAGRAM.COM/JOSIVALDO_DA_EQUOTERAPIA/"
"01/10/2026";"08:31:01";2026;"SE";2;"ELEIÇÃO ORDINÁRIA";6259;"ELEIÇÕES GERAIS ESTADUAIS 2026";260002547423;3;"HTTPS://WWW.TIKTOK.COM/@EDERMATOS_50"
"01/10/2026";"08:31:01";2026;"SE";2;"ELEIÇÃO ORDINÁRIA";6259;"ELEIÇÕES GERAIS ESTADUAIS 2026";260002547431;3;"HTTPS://WWW.TIKTOK.COM/@SERGIOSAMPAIO.OFICIAL"
"01/10/2026";"08:31:01";2026;"SE";2;"ELEIÇÃO ORDINÁRIA";6259;"ELEIÇÕES GERAIS ESTADUAIS 2026";260002535589;2;"HTTPS://WWW.FACEBOOK.COM/SHARE/1CKOCVSMYF/"
"01/10/2026";"08:31:01";2026;"SE";2;"ELEIÇÃO ORDINÁRIA";6259;"ELEIÇÕES GERAIS ESTADUAIS 2026";260002535606;2;"HTTPS://WWW.FACEBOOK.COM/SHARE/1C8TQ5JBJF/"
"01/10/2026";"08:31:01";2026;"SE";2;"ELEIÇÃO ORDINÁRIA";6259;"ELEIÇÕES GERAIS ESTADUAIS 2026";260002554131;1;"https://www.instagram.com/pastoralexandre22800?stkn=aGpkZmhnZnp0ZG44"
"01/10/2026";"08:31:01";2026;"SE";2;"ELEIÇÃO ORDINÁRIA";6259;"ELEIÇÕES GERAIS ESTADUAIS 2026";260002550439;1;"HTTPS://WWW.INSTAGRAM.COM/SANDRO_MAOSQUECURAM/"
"01/10/2026";"08:31:01";2026;"SE";2;"ELEIÇÃO ORDINÁRIA";6259;"ELEIÇÕES GERAIS ESTADUAIS 2026";260002550445;2;"ALBERNEI MARQUES - FACEBOOK"
"01/10/2026";"08:31:01";2026;"SE";2;"ELEIÇÃO ORDINÁRIA";6259;"ELEIÇÕES GERAIS ESTADUAIS 2026";260002533076;1;"INSTAGRAM @CLECIA.CARVALHO"
"01/10/2026";"08:31:01";2026;"SE";2;"ELEIÇÃO ORDINÁRIA";6259;"ELEIÇÕES GERAIS ESTADUAIS 2026";260002549707;1;"HTTPS://WWW.INSTAGRAM.COM/MANOELSOBRAL/"
"01/10/2026";"08:31:01";2026;"SE";2;"ELEIÇÃO ORDINÁRIA";6259;"ELEIÇÕES GERAIS ESTADUAIS 2026";260002550454;1;"GENIVALDO.CAMPOS.31"
"01/10/2026";"08:31:01";2026;"SE";2;"ELEIÇÃO ORDINÁRIA";6259;"ELEIÇÕES GERAIS ESTADUAIS 2026";260002551363;1;"HTTPS://WWW.INSTAGRAM.COM/JOSE_OLIVIO_ECONOMIA?IGSH=MXJ3N21PYXHIEWDMYW=="
"01/10/2026";"08:31:01";2026;"SE";2;"ELEIÇÃO ORDINÁRIA";6259;"ELEIÇÕES GERAIS ESTADUAIS 2026";260002549127;2;"HTTPS://WWW.FACEBOOK.COM/EDUARDOAMORIMSE"
"01/10/2026";"08:31:01";2026;"SE";2;"ELEIÇÃO ORDINÁRIA";6259;"ELEIÇÕES GERAIS ESTADUAIS 2026";260002542491;9;"FACEBOOK - HTTPS://WWW.FACEBOOK.COM/FABIOGOV55"
"01/10/2026";"08:31:01";2026;"SE";2;"ELEIÇÃO ORDINÁRIA";6259;"ELEIÇÕES GERAIS ESTADUAIS 2026";260002540207;1;"HTTPS://WWW.ZEZINHOSOBRAL.COM/"
"01/10/2026";"08:31:01";2026;"SE";2;"ELEIÇÃO ORDINÁRIA";6259;"ELEIÇÕES GERAIS ESTADUAIS 2026";260002547476;2;"INSTAGRAM - @DEPADAILTONMARTINS"
"01/10/2026";"08:31:01";2026;"SE";2;"ELEIÇÃO ORDINÁRIA";6259;"ELEIÇÕES GERAIS ESTADUAIS 2026";260002547482;3;"TWITTER - @MAISAMITIDIERI"
"01/10/2026";"08:31:01";2026;"SE";2;"ELEIÇÃO ORDINÁRIA";6259;"ELEIÇÕES GERAIS ESTADUAIS 2026";260002535758;1;"HTTPS://WWW.INSTAGRAM.COM/GIVALDOGARCAO_OFICIAL/"
"01/10/2026";"08:31:01";2026;"SE";2;"ELEIÇÃO ORDINÁRIA";6259;"ELEIÇÕES GERAIS ESTADUAIS 2026";260002535760;1;"https://www.facebook.com/profile.php?id=61556629235898&checkpoint_src=any"
"01/10/2026";"08:31:01";2026;"SE";2;"ELEIÇÃO ORDINÁRIA";6259;"ELEIÇÕES GERAIS ESTADUAIS 2026";260002541262;1;"HTTPS://WWW.INSTAGRAM.COM/ROBSONVIANASE"
"01/10/2026";"08:31:01";2026;"SE";2;"ELEIÇÃO ORDINÁRIA";6259;"ELEIÇÕES GERAIS ESTADUAIS 2026";260002541270;1;"HTTPS://WWW.INSTAGRAM.COM/ENG.ISAACMISSAO/"
"01/10/2026";"08:31:01";2026;"SE";2;"ELEIÇÃO ORDINÁRIA";6259;"ELEIÇÕES GERAIS ESTADUAIS 2026";260002552347;2;"GELSANTOS    (FACEBOOK)"
"01/10/2026";"08:31:01";2026;"SE";2;"ELEIÇÃO ORDINÁRIA";6259;"ELEIÇÕES GERAIS ESTADUAIS 2026";260002535601;1;"HTTPS://WWW.INSTAGRAM.COM/MARCOSOLIVEIRA.SE?IGSH=BJY5A3L0Y2FJA2V2"
"01/10/2026";"08:31:01";2026;"SE";2;"ELEIÇÃO ORDINÁRIA";6259;"ELEIÇÕES GERAIS ESTADUAIS 2026";260002533080;6;"HTTPS://WWW.FACEBOOK.COM/DEPUTADAGRACINHA/"
"01/10/2026";"08:31:01";2026;"SE";2;"ELEIÇÃO ORDINÁRIA";6259;"ELEIÇÕES GERAIS ESTADUAIS 2026";260002547442;4;"X: DEPJOAODANIELPT"
"01/10/2026";"08:31:01";2026;"SE";2;"ELEIÇÃO ORDINÁRIA";6259;"ELEIÇÕES GERAIS ESTADUAIS 2026";260002536293;1;"HTTPS://WWW.INSTAGRAM.COM/SILRIBEIRO.AJU?IGSH=MXNZZJZXCNHZYXB0AG=="
"01/10/2026";"08:31:01";2026;"SE";2;"ELEIÇÃO ORDINÁRIA";6259;"ELEIÇÕES GERAIS ESTADUAIS 2026";260002536296;1;"HTTPS://WWW.INSTAGRAM.COM/ELIANA_DA_SOPA?IGSH=NDZKAJNTY2LPAWFU"
"01/10/2026";"08:31:01";2026;"SE";2;"ELEIÇÃO ORDINÁRIA";6259;"ELEIÇÕES GERAIS ESTADUAIS 2026";260002550937;1;"@VAGNERGASTAO/TIKTOK"
"01/10/2026";"08:31:01";2026;"SE";2;"ELEIÇÃO ORDINÁRIA";6259;"ELEIÇÕES GERAIS ESTADUAIS 2026";260002549392;3;"HTTPS://WWW.INSTAGRAM.COM/HILDAPORSERGIPE/"
"01/10/2026";"08:31:01";2026;"SE";2;"ELEIÇÃO ORDINÁRIA";6259;"ELEIÇÕES GERAIS ESTADUAIS 2026";260002547416;1;"HTTPS://WWW.INSTAGRAM.COM/DREMERSONSERGIPE/"
"01/10/2026";"08:31:01";2026;"SE";2;"ELEIÇÃO ORDINÁRIA";6259;"ELEIÇÕES GERAIS ESTADUAIS 2026";260002547416;6;"https://www.youtube.com/@dremersonsergipe"
"01/10/2026";"08:31:01";2026;"SE";2;"ELEIÇÃO ORDINÁRIA";6259;"ELEIÇÕES GERAIS ESTADUAIS 2026";260002535593;2;"HTTPS://WWW.FACEBOOK.COM/SHARE/1K92KC9YUW/"
"01/10/2026";"08:31:01";2026;"SE";2;"ELEIÇÃO ORDINÁRIA";6259;"ELEIÇÕES GERAIS ESTADUAIS 2026";260002554131;5;"https://whatsapp.com/channel/0029Vb95Qlh6xCSNN8DWiW3R"
"01/10/2026";"08:31:01";2026;"SE";2;"ELEIÇÃO ORDINÁRIA";6259;"ELEIÇÕES GERAIS ESTADUAIS 2026";260002550440;1;"HTTPS://WWW.INSTAGRAM.COM/GILMARCIO_MONTEIRO/"
"01/10/2026";"08:31:01";2026;"SE";2;"ELEIÇÃO ORDINÁRIA";6259;"ELEIÇÕES GERAIS ESTADUAIS 2026";260002542470;1;"HTTPS://X.COM/DELEGADKATARINA"
"01/10/2026";"08:31:01";2026;"SE";2;"ELEIÇÃO ORDINÁRIA";6259;"ELEIÇÕES GERAIS ESTADUAIS 2026";260002547482;1;"FACEBOOK - MAISA MITIDIERI"
"01/10/2026";"08:31:01";2026;"SE";2;"ELEIÇÃO ORDINÁRIA";6259;"ELEIÇÕES GERAIS ESTADUAIS 2026";260002547405;2;"https://www.instagram.com/sheyla_galba/"
"01/10/2026";"08:31:01";2026;"SE";2;"ELEIÇÃO ORDINÁRIA";6259;"ELEIÇÕES GERAIS ESTADUAIS 2026";260002547440;1;"WWW.FACEBOOK.COM/MARCIOMACEDOPT"
"01/10/2026";"08:31:01";2026;"SE";2;"ELEIÇÃO ORDINÁRIA";6259;"ELEIÇÕES GERAIS ESTADUAIS 2026";260002547440;2;"WWW.X.COM/MARCIOMACEDOPT"
"01/10/2026";"08:31:01";2026;"SE";2;"ELEIÇÃO ORDINÁRIA";6259;"ELEIÇÕES GERAIS ESTADUAIS 2026";260002536294;1;"HTTPS://WWW.INSTAGRAM.COM/JAILSONFRANCISCO73?IGSH=DHU3C2DXAXU2BXBN"
"01/10/2026";"08:31:01";2026;"SE";2;"ELEIÇÃO ORDINÁRIA";6259;"ELEIÇÕES GERAIS ESTADUAIS 2026";260002554339;2;"https://www.instagram.com/gislane._.figueiredo?igsi=MW15Mjg4MmI0Z2pmYQ=="
"01/10/2026";"08:31:01";2026;"SE";2;"ELEIÇÃO ORDINÁRIA";6259;"ELEIÇÕES GERAIS ESTADUAIS 2026";260002550757;5;"https://x.com/Peter_Costa"
"01/10/2026";"08:31:01";2026;"SE";2;"ELEIÇÃO ORDINÁRIA";6259;"ELEIÇÕES GERAIS ESTADUAIS 2026";260002533092;1;"HTTPS://WWW.INSTAGRAM.COM/TITODEESTANCIA/"
"01/10/2026";"08:31:01";2026;"SE";2;"ELEIÇÃO ORDINÁRIA";6259;"ELEIÇÕES GERAIS ESTADUAIS 2026";260002541269;2;"https://tiktok.com/@joaomarcelomissao"
"01/10/2026";"08:31:01";2026;"SE";2;"ELEIÇÃO ORDINÁRIA";6259;"ELEIÇÕES GERAIS ESTADUAIS 2026";260002541273;2;"https://tiktok.com/@luizfernandomissao"
"01/10/2026";"08:31:01";2026;"SE";2;"ELEIÇÃO ORDINÁRIA";6259;"ELEIÇÕES GERAIS ESTADUAIS 2026";260002541275;1;"https://instagram.com/davivalencambl"
"01/10/2026";"08:31:01";2026;"SE";2;"ELEIÇÃO ORDINÁRIA";6259;"ELEIÇÕES GERAIS ESTADUAIS 2026";260002535601;3;"HTTPS://WWW.FACEBOOK.COM/SHARE/17YSAZC5XT/?MIBEXTID=WWXIFR"
"01/10/2026";"08:31:01";2026;"SE";2;"ELEIÇÃO ORDINÁRIA";6259;"ELEIÇÕES GERAIS ESTADUAIS 2026";260002547409;5;"https://www.tiktok.com/@gedalvaumbauba?_t=8V8fgv5O526&_r=1"
